"Time_Iter","Outer_Iter","Inner_Iter",    "rms[Rho]"    ,    "rms[RhoU]"   ,    "rms[RhoV]"   ,    "rms[RhoE]"   ,     "rms[nu]"    ,     "Min DT"     ,     "Max DT"     ,     "Min CFL"    ,     "Max CFL"    ,     "Avg CFL"    ,    "RefForce"    ,       "CD"       ,       "CL"       ,       "CSF"      ,       "CMx"      ,       "CMy"      ,       "CMz"      ,       "CFx"      ,       "CFy"      ,       "CFz"      ,      "CEff"      ,     "Buffet"     
          0,           0,           0,      -8.572183538,      -6.470462986,      -7.834825265,      -4.729486903,      -10.46317646,   1.229998036e-08,   0.0009893968564,                10,                10,                10,       6409.460359,      0.0028661592,     -0.1882817093,                 0,                 0,                 0,     -0.1407301875,      0.0028661592,     -0.1882817093,                 0,      -65.69129492,              -nan
          0,           0,           1,      -8.572249543,      -6.470832006,      -7.835138011,      -4.729805794,      -10.46603011,   1.229998939e-09,   9.893968563e-05,                20,                20,                20,       6409.460359,    0.002866159085,     -0.1882817096,                 0,                 0,                 0,     -0.1407301877,    0.002866159085,     -0.1882817096,                 0,      -65.69129766,              -nan
          0,           0,           2,      -8.572272067,      -6.470879261,      -7.890310536,      -4.769486234,      -10.46575637,   2.459998058e-09,   0.0001978793713,                40,                40,                40,       6409.460359,    0.002866158855,     -0.1882817102,                 0,                 0,                 0,     -0.1407301882,    0.002866158855,     -0.1882817102,                 0,      -65.69130315,              -nan
          0,           0,           3,      -8.572290018,      -6.470946991,      -7.909079075,      -4.795851689,      -10.46524703,   4.919996839e-09,   0.0003957587425,                80,                80,                80,       6409.460359,    0.002866158395,     -0.1882817114,                 0,                 0,                 0,     -0.1407301891,    0.002866158395,     -0.1882817114,                 0,      -65.69131411,              -nan
          0,           0,           4,      -8.572310289,      -6.471090857,      -7.910432676,      -4.810139874,      -10.46427304,   9.839996573e-09,    0.000791517485,               160,               160,               160,       6409.460359,    0.002866157476,     -0.1882817139,                 0,                 0,                 0,     -0.1407301911,    0.002866157476,     -0.1882817139,                 0,      -65.69133603,              -nan
          0,           0,           5,      -8.572337752,      -6.471409179,      -7.868716181,      -4.779509077,      -10.46234194,   1.968000475e-08,     0.00158303497,                16,                16,                16,       6409.460359,     0.00286615564,     -0.1882817186,                 0,                 0,                 0,     -0.1407301947,     0.00286615564,     -0.1882817186,                 0,      -65.69137975,              -nan
          0,           0,           6,      -8.572409277,       -6.47194245,      -7.738634067,      -4.656422397,      -10.46684323,   1.968002809e-09,    0.000158303497,                32,                32,                32,       6409.460359,    0.002866155457,     -0.1882817191,                 0,                 0,                 0,     -0.1407301951,    0.002866155457,     -0.1882817191,                 0,      -65.69138413,              -nan
          0,           0,           7,      -8.572469547,      -6.472049694,      -7.864692285,      -4.741783139,      -10.46641624,   3.936006085e-09,    0.000316606994,                64,                64,                64,       6409.460359,     0.00286615509,     -0.1882817201,                 0,                 0,                 0,     -0.1407301959,     0.00286615509,     -0.1882817201,                 0,       -65.6913929,              -nan
          0,           0,           8,      -8.572504785,      -6.472162541,      -7.904818864,      -4.784524104,      -10.46562347,    7.87201404e-09,   0.0006332139879,               128,               128,               128,       6409.460359,    0.002866154356,     -0.1882817221,                 0,                 0,                 0,     -0.1407301975,    0.002866154356,     -0.1882817221,                 0,      -65.69141041,              -nan
          0,           0,           9,      -8.572541325,      -6.472395254,      -7.897733287,      -4.792049444,      -10.46408021,   1.574403558e-08,    0.001266427976,              12.8,              12.8,              12.8,       6409.460359,     0.00286615289,     -0.1882817258,                 0,                 0,                 0,     -0.1407302002,     0.00286615289,     -0.1882817258,                 0,      -65.69144529,              -nan
          0,           0,          10,      -8.572596297,      -6.472857552,      -7.798014109,      -4.709802161,       -10.4677058,   1.574405063e-09,   0.0001266427976,              25.6,              25.6,              25.6,       6409.460359,    0.002866152743,     -0.1882817262,                 0,                 0,                 0,     -0.1407302004,    0.002866152743,     -0.1882817262,                 0,      -65.69144879,              -nan
          0,           0,          11,      -8.572631304,       -6.47292551,      -7.884149081,      -4.769011546,      -10.46736397,   3.148810427e-09,   0.0002532855951,              51.2,              51.2,              51.2,       6409.460359,     0.00286615245,     -0.1882817269,                 0,                 0,                 0,      -0.140730201,     0.00286615245,     -0.1882817269,                 0,      -65.69145577,              -nan
          0,           0,          12,       -8.57265438,      -6.473013251,      -7.912256182,      -4.800641602,      -10.46672565,   6.297622059e-09,   0.0005065711902,             102.4,             102.4,             102.4,       6409.460359,    0.002866151864,     -0.1882817285,                 0,                 0,                 0,     -0.1407302022,    0.002866151864,     -0.1882817285,                 0,      -65.69146974,              -nan
          0,           0,          13,      -8.572679112,       -6.47320154,      -7.910031524,       -4.80929453,        -10.465488,   1.259524895e-08,     0.00101314238,             10.24,             10.24,             10.24,       6409.460359,    0.002866150693,     -0.1882817316,                 0,                 0,                 0,     -0.1407302046,    0.002866150693,     -0.1882817316,                 0,      -65.69149767,              -nan
          0,           0,          14,      -8.572716945,      -6.473593135,      -7.839913416,      -4.750879333,      -10.46840499,   1.259525864e-09,    0.000101314238,             20.48,             20.48,             20.48,       6409.460359,    0.002866150576,     -0.1882817319,                 0,                 0,                 0,     -0.1407302049,    0.002866150576,     -0.1882817319,                 0,      -65.69150046,              -nan
          0,           0,          15,      -8.572737625,      -6.473641356,      -7.897270116,       -4.79146264,      -10.46813125,   2.519051923e-09,   0.0002026284761,             40.96,             40.96,             40.96,       6409.460359,    0.002866150342,     -0.1882817326,                 0,                 0,                 0,     -0.1407302054,    0.002866150342,     -0.1882817326,                 0,      -65.69150606,              -nan
          0,           0,          16,      -8.572752789,      -6.473712116,      -7.917951916,      -4.814521329,      -10.46761627,   5.038104621e-09,   0.0004052569521,             81.92,             81.92,             81.92,       6409.460359,    0.002866149874,     -0.1882817339,                 0,                 0,                 0,     -0.1407302066,    0.002866149874,     -0.1882817339,                 0,      -65.69151726,              -nan
          0,           0,          17,      -8.572770589,       -6.47386331,       -7.91887406,      -4.822090822,      -10.46662149,   1.007621235e-08,   0.0008105139042,            163.84,            163.84,            163.84,       6409.460359,    0.002866148938,     -0.1882817367,                 0,                 0,                 0,      -0.140730209,    0.002866148938,     -0.1882817367,                 0,      -65.69153968,              -nan
          0,           0,          18,      -8.572800611,      -6.474185829,      -7.872317926,      -4.782166935,      -10.46464061,   2.015243717e-08,    0.001621027808,            16.384,            16.384,            16.384,       6409.460359,    0.002866147069,     -0.1882817419,                 0,                 0,                 0,     -0.1407302135,    0.002866147069,     -0.1882817419,                 0,      -65.69158433,              -nan
          0,           0,          19,      -8.572889965,      -6.474711796,      -7.736147848,      -4.652796538,      -10.46924711,   2.015246223e-09,   0.0001621027808,            32.768,            32.768,            32.768,       6409.460359,    0.002866146882,     -0.1882817424,                 0,                 0,                 0,     -0.1407302139,    0.002866146882,     -0.1882817424,                 0,       -65.6915888,              -nan
          0,           0,          20,      -8.572954971,      -6.474825068,      -7.865570434,      -4.740892452,      -10.46880996,   4.030492948e-09,   0.0003242055616,            65.536,            65.536,            65.536,       6409.460359,    0.002866146509,     -0.1882817435,                 0,                 0,                 0,     -0.1407302149,    0.002866146509,     -0.1882817435,                 0,      -65.69159775,              -nan
          0,           0,          21,      -8.572995153,      -6.474937857,      -7.907604414,       -4.78479512,      -10.46799762,   8.060987905e-09,   0.0006484111232,           131.072,           131.072,           131.072,       6409.460359,    0.002866145762,     -0.1882817456,                 0,                 0,                 0,     -0.1407302165,    0.002866145762,     -0.1882817456,                 0,      -65.69161558,              -nan
          0,           0,          22,      -8.573039922,      -6.475171507,      -7.901031491,       -4.79257399,      -10.46641565,   1.612198386e-08,    0.001296822246,           13.1072,           13.1072,           13.1072,       6409.460359,    0.002866144269,     -0.1882817491,                 0,                 0,                 0,     -0.1407302189,    0.002866144269,     -0.1882817491,                 0,        -65.691651,              -nan
          0,           0,          23,       -8.57310664,      -6.475637131,      -7.797683964,      -4.708672992,      -10.47012524,   1.612200003e-09,   0.0001296822246,           26.2144,           26.2144,           26.2144,       6409.460359,     0.00286614412,     -0.1882817494,                 0,                 0,                 0,     -0.1407302191,     0.00286614412,     -0.1882817494,                 0,      -65.69165455,              -nan
          0,           0,          24,      -8.573144051,      -6.475707148,      -7.886613449,      -4.769810765,      -10.46977555,   3.224400329e-09,   0.0002593644492,           52.4288,           52.4288,           52.4288,       6409.460359,    0.002866143822,     -0.1882817501,                 0,                 0,                 0,     -0.1407302196,    0.002866143822,     -0.1882817501,                 0,      -65.69166163,              -nan
          0,           0,          25,      -8.573169552,      -6.475795588,       -7.91555145,      -4.802312291,      -10.46912231,   6.448801953e-09,   0.0005187288985,          104.8576,          104.8576,          104.8576,       6409.460359,    0.002866143225,     -0.1882817515,                 0,                 0,                 0,     -0.1407302205,    0.002866143225,     -0.1882817515,                 0,       -65.6916758,              -nan
          0,           0,          26,      -8.573197561,      -6.475986694,       -7.91292503,      -4.811299354,      -10.46785451,   1.289760909e-08,    0.001037457797,          10.48576,          10.48576,          10.48576,       6409.460359,    0.002866142033,     -0.1882817544,                 0,                 0,                 0,     -0.1407302225,    0.002866142033,     -0.1882817544,                 0,      -65.69170411,              -nan
          0,           0,          27,       -8.57323878,      -6.476384991,      -7.839885465,      -4.750875537,      -10.47083916,    1.28976195e-09,   0.0001037457797,          20.97152,          20.97152,          20.97152,       6409.460359,    0.002866141914,     -0.1882817546,                 0,                 0,                 0,     -0.1407302227,    0.002866141914,     -0.1882817546,                 0,      -65.69170694,              -nan
          0,           0,          28,      -8.573260464,      -6.476434759,      -7.899309316,      -4.793001398,      -10.47055888,   2.579524109e-09,   0.0002074915594,          41.94304,          41.94304,          41.94304,       6409.460359,    0.002866141675,     -0.1882817552,                 0,                 0,                 0,     -0.1407302231,    0.002866141675,     -0.1882817552,                 0,      -65.69171261,              -nan
          0,           0,          29,      -8.573276356,      -6.476506884,      -7.920363255,      -4.816771488,      -10.47003166,   5.159049052e-09,   0.0004149831187,          83.88608,          83.88608,          83.88608,       6409.460359,    0.002866141199,     -0.1882817565,                 0,                 0,                 0,     -0.1407302241,    0.002866141199,     -0.1882817565,                 0,      -65.69172397,              -nan
          0,           0,          30,      -8.573294789,      -6.476661518,       -7.92085583,      -4.824397897,      -10.46901268,   1.031810144e-08,   0.0008299662374,         167.77216,         167.77216,         167.77216,       6409.460359,    0.002866140246,     -0.1882817591,                 0,                 0,                 0,     -0.1407302263,    0.002866140246,     -0.1882817591,                 0,      -65.69174673,              -nan
          0,           0,          31,      -8.573324744,      -6.476991758,      -7.872400983,      -4.782316259,      -10.46698345,   2.063621628e-08,    0.001659932475,         16.777216,         16.777216,         16.777216,       6409.460359,    0.002866138344,     -0.1882817642,                 0,                 0,                 0,     -0.1407302304,    0.002866138344,     -0.1882817642,                 0,       -65.6917921,              -nan
          0,           0,          32,      -8.573412737,      -6.477525695,      -7.733561327,      -4.648932886,       -10.4716946,   2.063624319e-09,   0.0001659932475,         33.554432,         33.554432,         33.554432,       6409.460359,    0.002866138153,     -0.1882817647,                 0,                 0,                 0,     -0.1407302308,    0.002866138153,     -0.1882817647,                 0,      -65.69179665,              -nan
          0,           0,          33,      -8.573479798,      -6.477646574,      -7.866682662,      -4.739153875,      -10.47124672,   4.127249177e-09,   0.0003319864949,         67.108864,         67.108864,         67.108864,       6409.460359,    0.002866137773,     -0.1882817658,                 0,                 0,                 0,     -0.1407302317,    0.002866137773,     -0.1882817658,                 0,      -65.69180574,              -nan
          0,           0,          34,      -8.573520172,      -6.477764672,      -7.909097243,      -4.784170994,      -10.47041521,   8.254500511e-09,   0.0006639729898,        134.217728,        134.217728,        134.217728,       6409.460359,    0.002866137013,     -0.1882817678,                 0,                 0,                 0,     -0.1407302333,    0.002866137013,     -0.1882817678,                 0,      -65.69182388,              -nan
          0,           0,          35,      -8.573563655,      -6.478007011,      -7.901359688,      -4.791870982,       -10.4687951,   1.650900967e-08,     0.00132794598,        13.4217728,        13.4217728,        13.4217728,       6409.460359,    0.002866135494,     -0.1882817713,                 0,                 0,                 0,     -0.1407302354,    0.002866135494,     -0.1882817713,                 0,      -65.69185991,              -nan
          0,           0,          36,      -8.573627284,      -6.478483983,      -7.795421708,      -4.705277811,      -10.47258908,   1.650902703e-09,   0.0001327945979,        26.8435456,        26.8435456,        26.8435456,       6409.460359,    0.002866135342,     -0.1882817717,                 0,                 0,                 0,     -0.1407302357,    0.002866135342,     -0.1882817717,                 0,      -65.69186351,              -nan
          0,           0,          37,      -8.573665805,      -6.478558446,      -7.887612755,      -4.768324739,      -10.47223051,   3.301805753e-09,   0.0002655891959,        53.6870912,        53.6870912,        53.6870912,       6409.460359,    0.002866135038,     -0.1882817724,                 0,                 0,                 0,     -0.1407302361,    0.002866135038,     -0.1882817724,                 0,      -65.69187072,              -nan
          0,           0,          38,      -8.573691171,      -6.478650979,      -7.916997425,      -4.801822443,      -10.47156168,   6.603612898e-09,   0.0005311783917,       107.3741824,       107.3741824,       107.3741824,       6409.460359,    0.002866134431,     -0.1882817738,                 0,                 0,                 0,      -0.140730237,    0.002866134431,     -0.1882817738,                 0,      -65.69188514,              -nan
          0,           0,          39,      -8.573718042,      -6.478848927,      -7.913611585,      -4.810994606,      -10.47026343,   1.320723137e-08,    0.001062356783,       10.73741824,       10.73741824,       10.73741824,       6409.460359,    0.002866133217,     -0.1882817767,                 0,                 0,                 0,      -0.140730239,    0.002866133217,     -0.1882817767,                 0,      -65.69191396,              -nan
          0,           0,          40,       -8.57375732,      -6.479257162,      -7.838313373,       -4.74843425,      -10.47331648,   1.320724255e-09,   0.0001062356783,       21.47483648,       21.47483648,       21.47483648,       6409.460359,    0.002866133096,      -0.188281777,                 0,                 0,                 0,     -0.1407302392,    0.002866133096,      -0.188281777,                 0,      -65.69191685,              -nan
          0,           0,          41,      -8.573779672,        -6.4793095,      -7.900382161,       -4.79216909,      -10.47302909,   2.641448733e-09,   0.0002124713567,       42.94967296,       42.94967296,       42.94967296,       6409.460359,    0.002866132853,     -0.1882817776,                 0,                 0,                 0,     -0.1407302396,    0.002866132853,     -0.1882817776,                 0,      -65.69192262,              -nan
          0,           0,          42,      -8.573795504,      -6.479384284,      -7.922005935,      -4.816722313,      -10.47248929,   5.282898362e-09,   0.0004249427133,       85.89934592,       85.89934592,       85.89934592,       6409.460359,    0.002866132368,     -0.1882817789,                 0,                 0,                 0,     -0.1407302406,    0.002866132368,     -0.1882817789,                 0,      -65.69193419,              -nan
          0,           0,          43,      -8.573813371,      -6.479543822,      -7.922160756,      -4.824506461,      -10.47144612,   1.056580031e-08,   0.0008498854266,       171.7986918,       171.7986918,       171.7986918,       6409.460359,    0.002866131399,     -0.1882817817,                 0,                 0,                 0,     -0.1407302429,    0.002866131399,     -0.1882817817,                 0,      -65.69195737,              -nan
          0,           0,          44,       -8.57384251,      -6.479882298,      -7.871708106,      -4.780775095,      -10.46936806,     2.1131615e-08,    0.001699770853,       17.17986918,       17.17986918,       17.17986918,       6409.460359,    0.002866129462,     -0.1882817869,                 0,                 0,                 0,      -0.140730247,    0.002866129462,     -0.1882817869,                 0,      -65.69200357,              -nan
          0,           0,          45,      -8.573931697,      -6.480422083,      -7.729894332,      -4.644902069,      -10.47418691,   2.113164391e-09,   0.0001699770853,       34.35973837,       34.35973837,       34.35973837,       6409.460359,    0.002866129268,     -0.1882817874,                 0,                 0,                 0,     -0.1407302475,    0.002866129268,     -0.1882817874,                 0,       -65.6920082,              -nan
          0,           0,          46,      -8.574001401,      -6.480549317,      -7.867208802,      -4.737768509,      -10.47372858,    4.22632936e-09,   0.0003399541706,       68.71947674,       68.71947674,       68.71947674,       6409.460359,    0.002866128881,     -0.1882817885,                 0,                 0,                 0,     -0.1407302484,    0.002866128881,     -0.1882817885,                 0,      -65.69201746,              -nan
          0,           0,          47,      -8.574042525,      -6.480671082,      -7.910549611,      -4.784154852,      -10.47287818,   8.452661037e-09,   0.0006799083411,       137.4389535,       137.4389535,       137.4389535,       6409.460359,    0.002866128107,     -0.1882817906,                 0,                 0,                 0,     -0.1407302499,    0.002866128107,     -0.1882817906,                 0,      -65.69203591,              -nan
          0,           0,          48,      -8.574085939,      -6.480919937,      -7.901645231,      -4.791791988,      -10.47122008,   1.690533136e-08,    0.001359816682,       13.74389535,       13.74389535,       13.74389535,       6409.460359,    0.002866126561,     -0.1882817941,                 0,                 0,                 0,     -0.1407302521,    0.002866126561,     -0.1882817941,                 0,      -65.69207257,              -nan
          0,           0,          49,       -8.57414935,      -6.481405939,      -7.792276161,      -4.702665196,      -10.47510142,      1.690535e-09,   0.0001359816682,       27.48779069,       27.48779069,       27.48779069,       6409.460359,    0.002866126407,     -0.1882817944,                 0,                 0,                 0,     -0.1407302523,    0.002866126407,     -0.1882817944,                 0,      -65.69207624,              -nan
          0,           0,          50,      -8.574189462,      -6.481483294,      -7.888218864,      -4.768198325,      -10.47473454,   3.381070374e-09,   0.0002719633364,       54.97558139,       54.97558139,       54.97558139,       6409.460359,    0.002866126097,     -0.1882817952,                 0,                 0,                 0,     -0.1407302528,    0.002866126097,     -0.1882817952,                 0,      -65.69208358,              -nan
          0,           0,          51,      -8.574215245,      -6.481577956,      -7.918577631,      -4.802829027,      -10.47405055,   6.762142242e-09,   0.0005439266728,       109.9511628,       109.9511628,       109.9511628,       6409.460359,    0.002866125479,     -0.1882817966,                 0,                 0,                 0,     -0.1407302537,    0.002866125479,     -0.1882817966,                 0,      -65.69209826,              -nan
          0,           0,          52,      -8.574241998,      -6.481780732,      -7.914600542,      -4.811917997,      -10.47272197,   1.352429047e-08,    0.001087853346,       10.99511628,       10.99511628,       10.99511628,       6409.460359,    0.002866124244,     -0.1882817996,                 0,                 0,                 0,     -0.1407302557,    0.002866124244,     -0.1882817996,                 0,       -65.6921276,              -nan
          0,           0,          53,      -8.574281436,      -6.482197542,      -7.836110075,      -4.746822226,      -10.47584573,   1.352430247e-09,   0.0001087853345,       21.99023256,       21.99023256,       21.99023256,       6409.460359,    0.002866124121,     -0.1882817999,                 0,                 0,                 0,     -0.1407302559,    0.002866124121,     -0.1882817999,                 0,      -65.69213054,              -nan
          0,           0,          54,      -8.574304802,      -6.482251628,      -7.901215715,      -4.792555074,      -10.47555161,   2.704860735e-09,   0.0002175706691,       43.98046511,       43.98046511,       43.98046511,       6409.460359,    0.002866123874,     -0.1882818005,                 0,                 0,                 0,     -0.1407302563,    0.002866123874,     -0.1882818005,                 0,      -65.69213642,              -nan
          0,           0,          55,       -8.57432103,      -6.482328015,      -7.923748229,      -4.818003903,      -10.47499952,   5.409722432e-09,   0.0004351413382,       87.96093022,       87.96093022,       87.96093022,       6409.460359,     0.00286612338,     -0.1882818019,                 0,                 0,                 0,     -0.1407302574,     0.00286612338,     -0.1882818019,                 0,       -65.6921482,              -nan
          0,           0,          56,      -8.574339162,      -6.482491391,      -7.923731332,       -4.82579614,      -10.47393206,   1.081944872e-08,   0.0008702826763,       175.9218604,       175.9218604,       175.9218604,       6409.460359,    0.002866122394,     -0.1882818047,                 0,                 0,                 0,     -0.1407302597,    0.002866122394,     -0.1882818047,                 0,      -65.69217181,              -nan
          0,           0,          57,      -8.574369159,      -6.482837627,      -7.870622445,       -4.78005378,      -10.47180477,   2.163891287e-08,    0.001740565353,       17.59218604,       17.59218604,       17.59218604,       6409.460359,    0.002866120423,       -0.18828181,                 0,                 0,                 0,     -0.1407302639,    0.002866120423,       -0.18828181,                 0,      -65.69221881,              -nan
          0,           0,          58,      -8.574462564,      -6.483385532,      -7.725681267,      -4.641490648,      -10.47673488,   2.163894391e-09,   0.0001740565352,       35.18437209,       35.18437209,       35.18437209,       6409.460359,    0.002866120226,     -0.1882818105,                 0,                 0,                 0,     -0.1407302643,    0.002866120226,     -0.1882818105,                 0,      -65.69222352,              -nan
          0,           0,          59,      -8.574535258,      -6.483517921,      -7.867190677,      -4.737333865,      -10.47626635,   4.327789404e-09,   0.0003481130705,       70.36874418,       70.36874418,       70.36874418,       6409.460359,    0.002866119832,     -0.1882818116,                 0,                 0,                 0,     -0.1407302652,    0.002866119832,     -0.1882818116,                 0,      -65.69223294,              -nan
          0,           0,          60,      -8.574577595,      -6.483642552,      -7.911615341,      -4.785183262,      -10.47539691,   8.655581297e-09,   0.0006962261409,       140.7374884,       140.7374884,       140.7374884,       6409.460359,    0.002866119044,     -0.1882818137,                 0,                 0,                 0,     -0.1407302667,    0.002866119044,     -0.1882818137,                 0,      -65.69225171,              -nan
          0,           0,          61,      -8.574621804,      -6.483898081,      -7.901692718,      -4.792526828,      -10.47369992,   1.731117257e-08,    0.001392452282,       14.07374884,       14.07374884,       14.07374884,       6409.460359,    0.002866117471,     -0.1882818171,                 0,                 0,                 0,     -0.1407302688,    0.002866117471,     -0.1882818171,                 0,      -65.69228898,              -nan
          0,           0,          62,      -8.574686413,      -6.484394398,      -7.789044811,      -4.700380838,      -10.47767127,   1.731119259e-09,   0.0001392452282,       28.14749767,       28.14749767,       28.14749767,       6409.460359,    0.002866117314,     -0.1882818175,                 0,                 0,                 0,      -0.140730269,    0.002866117314,     -0.1882818175,                 0,      -65.69229271,              -nan
          0,           0,          63,      -8.574728291,      -6.484474956,      -7.888729756,      -4.768519879,      -10.47729587,   3.462238919e-09,   0.0002784904563,       56.29499534,       56.29499534,       56.29499534,       6409.460359,    0.002866116999,     -0.1882818182,                 0,                 0,                 0,     -0.1407302695,    0.002866116999,     -0.1882818182,                 0,      -65.69230018,              -nan
          0,           0,          64,      -8.574754762,      -6.484572121,      -7.919970609,      -4.804355154,      -10.47659627,   6.924479442e-09,   0.0005569809126,       112.5899907,       112.5899907,       112.5899907,       6409.460359,     0.00286611637,     -0.1882818197,                 0,                 0,                 0,     -0.1407302703,     0.00286611637,     -0.1882818197,                 0,       -65.6923151,              -nan
          0,           0,          65,      -8.574781829,      -6.484780348,      -7.915377879,      -4.813300823,      -10.47523641,   1.384896531e-08,    0.001113961825,       11.25899907,       11.25899907,       11.25899907,       6409.460359,    0.002866115113,     -0.1882818227,                 0,                 0,                 0,     -0.1407302724,    0.002866115113,     -0.1882818227,                 0,      -65.69234495,              -nan
          0,           0,          66,      -8.574821842,      -6.485206684,      -7.834009711,      -4.745332672,      -10.47843304,    1.38489782e-09,   0.0001113961825,       22.51799814,       22.51799814,       22.51799814,       6409.460359,    0.002866114988,      -0.188281823,                 0,                 0,                 0,     -0.1407302726,    0.002866114988,      -0.188281823,                 0,      -65.69234794,              -nan
          0,           0,          67,      -8.574846276,      -6.485263078,      -7.902121704,      -4.793123986,      -10.47813184,   2.769795899e-09,    0.000222792365,       45.03599627,       45.03599627,       45.03599627,       6409.460359,    0.002866114736,     -0.1882818236,                 0,                 0,                 0,     -0.1407302731,    0.002866114736,     -0.1882818236,                 0,      -65.69235392,              -nan
          0,           0,          68,      -8.574862972,      -6.485341665,      -7.925409691,      -4.819526705,      -10.47756697,    5.53959283e-09,     0.00044558473,       90.07199255,       90.07199255,       90.07199255,       6409.460359,    0.002866114234,      -0.188281825,                 0,                 0,                 0,     -0.1407302741,    0.002866114234,      -0.188281825,                 0,      -65.69236591,              -nan
          0,           0,          69,      -8.574881428,      -6.485509608,      -7.925121269,      -4.827350728,      -10.47647444,    1.10791898e-08,     0.00089116946,       90.07199255,       90.07199255,       90.07199255,       6409.460359,     0.00286611323,     -0.1882818279,                 0,                 0,                 0,     -0.1407302766,     0.00286611323,     -0.1882818279,                 0,      -65.69238994,              -nan
          0,           0,          70,      -8.574912063,      -6.485864385,      -7.869674653,      -4.779400611,      -10.47676924,   1.107919809e-08,     0.00089116946,       90.07199255,       90.07199255,       90.07199255,       6409.460359,    0.002866112226,      -0.188281831,                 0,                 0,                 0,     -0.1407302794,    0.002866112226,      -0.188281831,                 0,      -65.69241401,              -nan
          0,           0,          71,      -8.574961447,      -6.486209023,      -7.861802449,      -4.764425721,      -10.47705946,    1.10792064e-08,   0.0008911694599,       90.07199255,       90.07199255,       90.07199255,       6409.460359,    0.002866111224,     -0.1882818341,                 0,                 0,                 0,     -0.1407302823,    0.002866111224,     -0.1882818341,                 0,      -65.69243809,              -nan
          0,           0,          72,      -8.575022354,      -6.486546319,      -7.865012914,      -4.760810831,      -10.47734767,   1.107921474e-08,   0.0008911694598,       90.07199255,       90.07199255,       90.07199255,       6409.460359,    0.002866110222,     -0.1882818372,                 0,                 0,                 0,     -0.1407302852,    0.002866110222,     -0.1882818372,                 0,      -65.69246213,              -nan
          0,           0,          73,       -8.57508919,      -6.486879076,      -7.866830554,         -4.760087,      -10.47763534,   1.107922309e-08,   0.0008911694598,       90.07199255,       90.07199255,       90.07199255,       6409.460359,    0.002866109221,     -0.1882818401,                 0,                 0,                 0,     -0.1407302878,    0.002866109221,     -0.1882818401,                 0,      -65.69248609,              -nan
          0,           0,          74,       -8.57515881,      -6.487209404,       -7.86741856,      -4.760609621,      -10.47792332,   1.107923147e-08,   0.0008911694597,       90.07199255,       90.07199255,       90.07199255,       6409.460359,     0.00286610822,     -0.1882818428,                 0,                 0,                 0,       -0.14073029,     0.00286610822,     -0.1882818428,                 0,      -65.69250995,              -nan
          0,           0,          75,      -8.575228774,      -6.487538638,      -7.867811691,      -4.761755129,      -10.47821196,   1.107923987e-08,   0.0008911694597,       90.07199255,       90.07199255,       90.07199255,       6409.460359,     0.00286610722,     -0.1882818452,                 0,                 0,                 0,      -0.140730292,     0.00286610722,     -0.1882818452,                 0,      -65.69253373,              -nan
          0,           0,          76,      -8.575297338,      -6.487867487,      -7.868172258,      -4.762973658,      -10.47850123,   1.107924829e-08,   0.0008911694596,       90.07199255,       90.07199255,       90.07199255,       6409.460359,    0.002866106221,     -0.1882818476,                 0,                 0,                 0,     -0.1407302938,    0.002866106221,     -0.1882818476,                 0,      -65.69255745,              -nan
          0,           0,          77,      -8.575363587,      -6.488196428,      -7.868428993,      -4.763883547,      -10.47879093,   1.107925673e-08,   0.0008911694595,       90.07199255,       90.07199255,       90.07199255,       6409.460359,    0.002866105222,     -0.1882818499,                 0,                 0,                 0,     -0.1407302955,    0.002866105222,     -0.1882818499,                 0,      -65.69258114,              -nan
          0,           0,          78,      -8.575427311,      -6.488525928,      -7.868596603,      -4.764333227,      -10.47908079,    1.10792652e-08,   0.0008911694595,       90.07199255,       90.07199255,       90.07199255,       6409.460359,    0.002866104224,     -0.1882818522,                 0,                 0,                 0,     -0.1407302972,    0.002866104224,     -0.1882818522,                 0,      -65.69260482,              -nan
          0,           0,          79,      -8.575488773,      -6.488856433,      -7.868746016,      -4.764358293,      -10.47937058,   1.107927368e-08,   0.0008911694594,       90.07199255,       90.07199255,       90.07199255,       6409.460359,    0.002866103227,     -0.1882818545,                 0,                 0,                 0,     -0.1407302989,    0.002866103227,     -0.1882818545,                 0,       -65.6926285,              -nan
          0,           0,          80,      -8.575548489,      -6.489188239,       -7.86893912,       -4.76410617,      -10.47966013,   1.107928219e-08,   0.0008911694593,       90.07199255,       90.07199255,       90.07199255,       6409.460359,    0.002866102231,      -0.188281857,                 0,                 0,                 0,     -0.1407303008,    0.002866102231,      -0.188281857,                 0,      -65.69265219,              -nan
          0,           0,          81,      -8.575607056,      -6.489521402,      -7.869210042,      -4.763759451,      -10.47994933,   1.107929071e-08,   0.0008911694593,       90.07199255,       90.07199255,       90.07199255,       6409.460359,    0.002866101235,     -0.1882818595,                 0,                 0,                 0,     -0.1407303027,    0.002866101235,     -0.1882818595,                 0,      -65.69267588,              -nan
          0,           0,          82,      -8.575665028,      -6.489855752,      -7.869568333,      -4.763472834,      -10.48023815,   1.107929926e-08,   0.0008911694592,       90.07199255,       90.07199255,       90.07199255,       6409.460359,     0.00286610024,      -0.188281862,                 0,                 0,                 0,     -0.1407303046,     0.00286610024,      -0.188281862,                 0,      -65.69269956,              -nan
          0,           0,          83,       -8.57572282,      -6.490190972,      -7.870002306,      -4.763336793,      -10.48052662,   1.107930783e-08,   0.0008911694592,       90.07199255,       90.07199255,       90.07199255,       6409.460359,    0.002866099245,     -0.1882818645,                 0,                 0,                 0,     -0.1407303065,    0.002866099245,     -0.1882818645,                 0,      -65.69272324,              -nan
          0,           0,          84,      -8.575780669,      -6.490526705,      -7.870483346,       -4.76337264,      -10.48081482,   1.107931642e-08,   0.0008911694591,       90.07199255,       90.07199255,       90.07199255,       6409.460359,    0.002866098252,      -0.188281867,                 0,                 0,                 0,     -0.1407303085,    0.002866098252,      -0.188281867,                 0,       -65.6927469,              -nan
          0,           0,          85,      -8.575838648,      -6.490862639,      -7.870972766,      -4.763551003,      -10.48110283,   1.107932504e-08,    0.000891169459,       90.07199255,       90.07199255,       90.07199255,       6409.460359,    0.002866097259,     -0.1882818696,                 0,                 0,                 0,     -0.1407303104,    0.002866097259,     -0.1882818696,                 0,      -65.69277055,              -nan
          0,           0,          86,      -8.575896713,      -6.491198548,      -7.871430334,      -4.763819505,      -10.48139072,   1.107933367e-08,    0.000891169459,       90.07199255,       90.07199255,       90.07199255,       6409.460359,    0.002866096266,     -0.1882818721,                 0,                 0,                 0,     -0.1407303123,    0.002866096266,     -0.1882818721,                 0,      -65.69279419,              -nan
          0,           0,          87,      -8.575954765,      -6.491534302,      -7.871823823,      -4.764127736,      -10.48167855,   1.107934233e-08,   0.0008911694589,       90.07199255,       90.07199255,       90.07199255,       6409.460359,    0.002866095275,     -0.1882818747,                 0,                 0,                 0,     -0.1407303143,    0.002866095275,     -0.1882818747,                 0,      -65.69281781,              -nan
          0,           0,          88,      -8.576012714,       -6.49186984,      -7.872135555,      -4.764441958,      -10.48196635,     1.1079351e-08,   0.0008911694589,       90.07199255,       90.07199255,       90.07199255,       6409.460359,    0.002866094284,     -0.1882818773,                 0,                 0,                 0,     -0.1407303162,    0.002866094284,     -0.1882818773,                 0,      -65.69284143,              -nan
          0,           0,          89,      -8.576070517,      -6.492205147,       -7.87236462,      -4.764748722,      -10.48225413,    1.10793597e-08,   0.0008911694588,       90.07199255,       90.07199255,       90.07199255,       6409.460359,    0.002866093293,     -0.1882818799,                 0,                 0,                 0,     -0.1407303182,    0.002866093293,     -0.1882818799,                 0,      -65.69286503,              -nan
          0,           0,          90,      -8.576128193,      -6.492540222,      -7.872524651,      -4.765050575,      -10.48254188,   1.107936842e-08,   0.0008911694587,       90.07199255,       90.07199255,       90.07199255,       6409.460359,    0.002866092304,     -0.1882818825,                 0,                 0,                 0,     -0.1407303202,    0.002866092304,     -0.1882818825,                 0,      -65.69288862,              -nan
          0,           0,          91,       -8.57618582,      -6.492875068,      -7.872638309,       -4.76535773,       -10.4828296,   1.107937716e-08,   0.0008911694587,       90.07199255,       90.07199255,       90.07199255,       6409.460359,    0.002866091315,     -0.1882818851,                 0,                 0,                 0,     -0.1407303222,    0.002866091315,     -0.1882818851,                 0,      -65.69291221,              -nan
          0,           0,          92,      -8.576243517,      -6.493209682,      -7.872730331,      -4.765680228,      -10.48311728,   1.107938593e-08,   0.0008911694586,       90.07199255,       90.07199255,       90.07199255,       6409.460359,    0.002866090327,     -0.1882818878,                 0,                 0,                 0,     -0.1407303242,    0.002866090327,     -0.1882818878,                 0,      -65.69293578,              -nan
          0,           0,          93,      -8.576301421,      -6.493544059,      -7.872822133,      -4.766023059,      -10.48340489,   1.107939471e-08,   0.0008911694586,       90.07199255,       90.07199255,       90.07199255,       6409.460359,    0.002866089339,     -0.1882818904,                 0,                 0,                 0,     -0.1407303263,    0.002866089339,     -0.1882818904,                 0,      -65.69295934,              -nan
          0,           0,          94,      -8.576359664,      -6.493878196,      -7.872928235,      -4.766384327,      -10.48369244,   1.107940352e-08,   0.0008911694585,       90.07199255,       90.07199255,       90.07199255,       6409.460359,    0.002866088352,     -0.1882818931,                 0,                 0,                 0,     -0.1407303283,    0.002866088352,     -0.1882818931,                 0,      -65.69298289,              -nan
          0,           0,          95,      -8.576418354,      -6.494212099,      -7.873054911,      -4.766756449,      -10.48397992,   1.107941234e-08,   0.0008911694585,       90.07199255,       90.07199255,       90.07199255,       6409.460359,    0.002866087366,     -0.1882818957,                 0,                 0,                 0,     -0.1407303303,    0.002866087366,     -0.1882818957,                 0,      -65.69300642,              -nan
          0,           0,          96,      -8.576477563,      -6.494545782,      -7.873201911,      -4.767128768,      -10.48426733,   1.107942119e-08,   0.0008911694584,       90.07199255,       90.07199255,       90.07199255,       6409.460359,    0.002866086381,     -0.1882818984,                 0,                 0,                 0,     -0.1407303324,    0.002866086381,     -0.1882818984,                 0,      -65.69302994,              -nan
          0,           0,          97,      -8.576537323,      -6.494879276,      -7.873364963,      -4.767490424,      -10.48455467,   1.107943006e-08,   0.0008911694583,       90.07199255,       90.07199255,       90.07199255,       6409.460359,    0.002866085396,     -0.1882819011,                 0,                 0,                 0,     -0.1407303344,    0.002866085396,     -0.1882819011,                 0,      -65.69305344,              -nan
          0,           0,          98,      -8.576597625,      -6.495212616,      -7.873538068,      -4.767832316,      -10.48484194,   1.107943895e-08,   0.0008911694583,       90.07199255,       90.07199255,       90.07199255,       6409.460359,    0.002866084412,     -0.1882819037,                 0,                 0,                 0,     -0.1407303364,    0.002866084412,     -0.1882819037,                 0,      -65.69307692,              -nan
          0,           0,          99,      -8.576658427,      -6.495545849,      -7.873716552,       -4.76814885,      -10.48512916,   1.107944786e-08,   0.0008911694582,       90.07199255,       90.07199255,       90.07199255,       6409.460359,    0.002866083428,     -0.1882819064,                 0,                 0,                 0,     -0.1407303384,    0.002866083428,     -0.1882819064,                 0,      -65.69310039,              -nan
          0,           0,         100,      -8.576719655,      -6.495879023,      -7.873897921,      -4.768437751,      -10.48541632,   1.107945679e-08,   0.0008911694582,       9.007199255,       9.007199255,       9.007199255,       6409.460359,    0.002866082445,      -0.188281909,                 0,                 0,                 0,     -0.1407303404,    0.002866082445,      -0.188281909,                 0,      -65.69312383,              -nan
          0,           0,         101,       -8.57678122,      -6.496212184,      -7.874082397,      -4.768700069,      -10.48798886,   1.107946575e-09,   8.911694581e-05,                 1,                 1,                 1,       6409.460359,    0.002866082347,     -0.1882819093,                 0,                 0,                 0,     -0.1407303406,    0.002866082347,     -0.1882819093,                 0,      -65.69312618,              -nan
          0,           0,         102,      -8.576798593,      -6.496251934,      -7.919631303,       -4.80157947,      -10.48824996,   1.230067897e-10,   9.893968512e-06,                 1,                 1,                 1,       6409.460359,    0.002866082336,     -0.1882819093,                 0,                 0,                 0,     -0.1407303406,    0.002866082336,     -0.1882819093,                 0,      -65.69312644,              -nan
          0,           0,         103,      -8.576800036,      -6.496255442,      -7.922424036,      -4.804384373,       -10.4882513,   1.230067908e-10,   9.893968512e-06,                 1,                 1,                 1,       6409.460359,    0.002866082325,     -0.1882819093,                 0,                 0,                 0,     -0.1407303406,    0.002866082325,     -0.1882819093,                 0,       -65.6931267,              -nan
          0,           0,         104,      -8.576801284,      -6.496258714,      -7.924325038,      -4.806736772,      -10.48825267,   1.230067919e-10,   9.893968512e-06,                 1,                 1,                 1,       6409.460359,    0.002866082314,     -0.1882819094,                 0,                 0,                 0,     -0.1407303406,    0.002866082314,     -0.1882819094,                 0,      -65.69312696,              -nan
          0,           0,         105,      -8.576802382,      -6.496261807,      -7.925536978,      -4.808728827,      -10.48825408,    1.23006793e-10,   9.893968512e-06,                 1,                 1,                 1,       6409.460359,    0.002866082304,     -0.1882819094,                 0,                 0,                 0,     -0.1407303406,    0.002866082304,     -0.1882819094,                 0,      -65.69312722,              -nan
          0,           0,         106,      -8.576803362,      -6.496264765,      -7.926223751,      -4.810433914,      -10.48825553,   1.230067941e-10,   9.893968512e-06,                 1,                 1,                 1,       6409.460359,    0.002866082293,     -0.1882819094,                 0,                 0,                 0,     -0.1407303407,    0.002866082293,     -0.1882819094,                 0,      -65.69312748,              -nan
          0,           0,         107,      -8.576804252,      -6.496267617,      -7.926517894,      -4.811911062,      -10.48825702,   1.230067952e-10,   9.893968512e-06,                 1,                 1,                 1,       6409.460359,    0.002866082282,     -0.1882819095,                 0,                 0,                 0,     -0.1407303407,    0.002866082282,     -0.1882819095,                 0,      -65.69312774,              -nan
          0,           0,         108,       -8.57680507,      -6.496270385,      -7.926525854,      -4.813207904,      -10.48825855,   1.230067963e-10,   9.893968512e-06,                 1,                 1,                 1,       6409.460359,    0.002866082271,     -0.1882819095,                 0,                 0,                 0,     -0.1407303407,    0.002866082271,     -0.1882819095,                 0,        -65.693128,              -nan
          0,           0,         109,      -8.576805833,      -6.496273087,      -7.926332751,      -4.814362832,      -10.48826012,   1.230067974e-10,   9.893968512e-06,                 1,                 1,                 1,       6409.460359,     0.00286608226,     -0.1882819095,                 0,                 0,                 0,     -0.1407303407,     0.00286608226,     -0.1882819095,                 0,      -65.69312826,              -nan
          0,           0,         110,      -8.576806552,      -6.496275732,      -7.926005776,      -4.815406726,      -10.48826172,   1.230067985e-10,   9.893968512e-06,                 1,                 1,                 1,       6409.460359,    0.002866082249,     -0.1882819095,                 0,                 0,                 0,     -0.1407303408,    0.002866082249,     -0.1882819095,                 0,      -65.69312853,              -nan
          0,           0,         111,      -8.576807239,      -6.496278331,      -7.925597552,      -4.816364293,      -10.48826336,   1.230067996e-10,   9.893968512e-06,                 1,                 1,                 1,       6409.460359,    0.002866082238,     -0.1882819096,                 0,                 0,                 0,     -0.1407303408,    0.002866082238,     -0.1882819096,                 0,      -65.69312879,              -nan
          0,           0,         112,      -8.576807899,       -6.49628089,      -7.925148219,      -4.817255126,      -10.48826504,   1.230068007e-10,   9.893968512e-06,                 1,                 1,                 1,       6409.460359,    0.002866082227,     -0.1882819096,                 0,                 0,                 0,     -0.1407303408,    0.002866082227,     -0.1882819096,                 0,      -65.69312905,              -nan
          0,           0,         113,      -8.576808538,      -6.496283415,      -7.924687885,      -4.818094602,      -10.48826676,   1.230068018e-10,   9.893968512e-06,                 1,                 1,                 1,       6409.460359,    0.002866082216,     -0.1882819096,                 0,                 0,                 0,     -0.1407303408,    0.002866082216,     -0.1882819096,                 0,      -65.69312931,              -nan
          0,           0,         114,      -8.576809161,       -6.49628591,      -7.924238212,      -4.818894634,      -10.48826851,   1.230068029e-10,   9.893968512e-06,                 1,                 1,                 1,       6409.460359,    0.002866082205,     -0.1882819097,                 0,                 0,                 0,     -0.1407303409,    0.002866082205,     -0.1882819097,                 0,      -65.69312957,              -nan
          0,           0,         115,      -8.576809771,       -6.49628838,      -7.923814107,      -4.819664238,       -10.4882703,    1.23006804e-10,   9.893968512e-06,                 1,                 1,                 1,       6409.460359,    0.002866082194,     -0.1882819097,                 0,                 0,                 0,     -0.1407303409,    0.002866082194,     -0.1882819097,                 0,      -65.69312983,              -nan
          0,           0,         116,       -8.57681037,      -6.496290828,      -7.923424971,      -4.820410102,      -10.48827213,   1.230068052e-10,   9.893968512e-06,                 1,                 1,                 1,       6409.460359,    0.002866082184,     -0.1882819097,                 0,                 0,                 0,     -0.1407303409,    0.002866082184,     -0.1882819097,                 0,      -65.69313009,              -nan
          0,           0,         117,      -8.576810961,      -6.496293258,      -7.923075971,      -4.821136995,      -10.48827399,   1.230068063e-10,   9.893968512e-06,                 1,                 1,                 1,       6409.460359,    0.002866082173,     -0.1882819098,                 0,                 0,                 0,     -0.1407303409,    0.002866082173,     -0.1882819098,                 0,      -65.69313035,              -nan
          0,           0,         118,      -8.576811543,      -6.496295673,      -7.922768889,      -4.821848171,      -10.48827589,   1.230068074e-10,   9.893968512e-06,                 1,                 1,                 1,       6409.460359,    0.002866082162,     -0.1882819098,                 0,                 0,                 0,     -0.1407303409,    0.002866082162,     -0.1882819098,                 0,      -65.69313061,              -nan
          0,           0,         119,      -8.576812118,      -6.496298076,      -7.922503058,      -4.822545695,      -10.48827782,   1.230068085e-10,   9.893968512e-06,                 2,                 2,                 2,       6409.460359,    0.002866082151,     -0.1882819098,                 0,                 0,                 0,      -0.140730341,    0.002866082151,     -0.1882819098,                 0,      -65.69313087,              -nan
          0,           0,         120,      -8.576812686,      -6.496300469,      -7.922276048,       -4.82323074,      -10.48824948,   2.460136191e-10,   1.978793702e-05,                 4,                 4,                 4,       6409.460359,    0.002866082129,     -0.1882819099,                 0,                 0,                 0,      -0.140730341,    0.002866082129,     -0.1882819099,                 0,      -65.69313139,              -nan
          0,           0,         121,      -8.576813843,      -6.496305376,       -7.92215414,      -4.824652139,      -10.48819375,   4.920272471e-10,   3.957587405e-05,                 8,                 8,                 8,       6409.460359,    0.002866082085,       -0.18828191,                 0,                 0,                 0,     -0.1407303411,    0.002866082085,       -0.18828191,                 0,      -65.69313243,              -nan
          0,           0,         122,      -8.576816189,      -6.496315661,      -7.922765439,      -4.827562568,      -10.48808543,   9.840545296e-10,   7.915174809e-05,                16,                16,                16,       6409.460359,    0.002866081998,     -0.1882819102,                 0,                 0,                 0,     -0.1407303413,    0.002866081998,     -0.1882819102,                 0,      -65.69313452,              -nan
          0,           0,         123,      -8.576820744,        -6.4963381,      -7.925102663,      -4.832937419,      -10.48787763,   1.968109201e-09,   0.0001583034962,                32,                32,                32,       6409.460359,    0.002866081824,     -0.1882819107,                 0,                 0,                 0,     -0.1407303417,    0.002866081824,     -0.1882819107,                 0,      -65.69313869,              -nan
          0,           0,         124,       -8.57682877,      -6.496390159,      -7.928490969,      -4.840377658,      -10.48748037,   3.936218968e-09,   0.0003166069924,                64,                64,                64,       6409.460359,    0.002866081475,     -0.1882819117,                 0,                 0,                 0,     -0.1407303424,    0.002866081475,     -0.1882819117,                 0,      -65.69314703,              -nan
          0,           0,         125,      -8.576841779,      -6.496515441,      -7.927814101,      -4.844255651,      -10.48670753,   7.872440201e-09,   0.0006332139847,               128,               128,               128,       6409.460359,    0.002866080777,     -0.1882819136,                 0,                 0,                 0,     -0.1407303439,    0.002866080777,     -0.1882819136,                 0,      -65.69316368,              -nan
          0,           0,         126,      -8.576864691,      -6.496791986,      -7.905451678,      -4.823874667,      -10.48516487,   1.574488948e-08,    0.001266427969,              12.8,              12.8,              12.8,       6409.460359,    0.002866079384,     -0.1882819175,                 0,                 0,                 0,     -0.1407303472,    0.002866079384,     -0.1882819175,                 0,      -65.69319699,              -nan
          0,           0,         127,      -8.576925636,      -6.497267069,      -7.812775036,      -4.730413812,       -10.4887849,   1.574490769e-09,   0.0001266427969,              25.6,              25.6,              25.6,       6409.460359,    0.002866079244,      -0.188281918,                 0,                 0,                 0,     -0.1407303475,    0.002866079244,      -0.188281918,                 0,      -65.69320033,              -nan
          0,           0,         128,      -8.576960917,      -6.497341962,      -7.903878429,      -4.792785836,      -10.48844264,   3.148981903e-09,   0.0002532855939,              51.2,              51.2,              51.2,       6409.460359,    0.002866078966,     -0.1882819188,                 0,                 0,                 0,     -0.1407303482,    0.002866078966,     -0.1882819188,                 0,        -65.693207,              -nan
          0,           0,         129,      -8.576985689,      -6.497432585,       -7.93695469,      -4.824190655,      -10.48780194,   6.297965266e-09,   0.0005065711877,             102.4,             102.4,             102.4,       6409.460359,    0.002866078409,     -0.1882819205,                 0,                 0,                 0,     -0.1407303497,    0.002866078409,     -0.1882819205,                 0,      -65.69322037,              -nan
          0,           0,         130,      -8.577017204,      -6.497617103,      -7.937726846,      -4.831042558,      -10.48656027,   1.259593638e-08,    0.001013142375,             10.24,             10.24,             10.24,       6409.460359,    0.002866077296,     -0.1882819238,                 0,                 0,                 0,     -0.1407303526,    0.002866077296,     -0.1882819238,                 0,      -65.69324704,              -nan
          0,           0,         131,       -8.57707349,      -6.497995312,      -7.864218815,      -4.771385709,       -10.4894752,   1.259594809e-09,   0.0001013142375,             20.48,             20.48,             20.48,       6409.460359,    0.002866077184,     -0.1882819242,                 0,                 0,                 0,     -0.1407303529,    0.002866077184,     -0.1882819242,                 0,      -65.69324971,              -nan
          0,           0,         132,      -8.577094639,      -6.498042609,      -7.921931612,      -4.811105969,      -10.48920138,   2.519189853e-09,   0.0002026284751,             40.96,             40.96,             40.96,       6409.460359,    0.002866076962,     -0.1882819248,                 0,                 0,                 0,     -0.1407303535,    0.002866076962,     -0.1882819248,                 0,      -65.69325505,              -nan
          0,           0,         133,      -8.577112987,      -6.498110707,      -7.943448799,      -4.833529639,      -10.48868573,   5.038380644e-09,   0.0004052569501,             81.92,             81.92,             81.92,       6409.460359,    0.002866076517,     -0.1882819262,                 0,                 0,                 0,     -0.1407303547,    0.002866076517,     -0.1882819262,                 0,      -65.69326572,              -nan
          0,           0,         134,      -8.577138156,       -6.49825698,       -7.94503557,      -4.841234148,      -10.48768958,   1.007676505e-08,   0.0008105139002,            163.84,            163.84,            163.84,       6409.460359,    0.002866075627,     -0.1882819287,                 0,                 0,                 0,     -0.1407303568,    0.002866075627,     -0.1882819287,                 0,        -65.693287,              -nan
          0,           0,         135,      -8.577181293,       -6.49857274,      -7.897219303,      -4.803155338,      -10.48570675,   2.015354515e-08,      0.0016210278,            16.384,            16.384,            16.384,       6409.460359,    0.002866073851,     -0.1882819331,                 0,                 0,                 0,       -0.14073036,    0.002866073851,     -0.1882819331,                 0,      -65.69332924,              -nan
          0,           0,         136,       -8.57728507,      -6.499090716,      -7.759345765,      -4.675454282,      -10.49030781,   2.015357539e-09,     0.00016210278,            32.768,            32.768,            32.768,       6409.460359,    0.002866073673,     -0.1882819336,                 0,                 0,                 0,     -0.1407303603,    0.002866073673,     -0.1882819336,                 0,      -65.69333347,              -nan
          0,           0,         137,      -8.577346497,      -6.499203973,       -7.88789776,      -4.762847281,      -10.48987128,   4.030715683e-09,     0.00032420556,            65.536,            65.536,            65.536,       6409.460359,    0.002866073318,     -0.1882819345,                 0,                 0,                 0,      -0.140730361,    0.002866073318,     -0.1882819345,                 0,      -65.69334193,              -nan
          0,           0,         138,      -8.577386478,       -6.49931485,      -7.930038534,      -4.806182971,       -10.4890587,    8.06143379e-09,     0.00064841112,           131.072,           131.072,           131.072,       6409.460359,    0.002866072608,     -0.1882819361,                 0,                 0,                 0,      -0.140730362,    0.002866072608,     -0.1882819361,                 0,      -65.69335879,              -nan
          0,           0,         139,      -8.577432522,      -6.499545464,      -7.923662138,      -4.813856117,      -10.48747539,   1.612287729e-08,     0.00129682224,           13.1072,           13.1072,           13.1072,       6409.460359,    0.002866071189,      -0.188281939,                 0,                 0,                 0,     -0.1407303635,    0.002866071189,      -0.188281939,                 0,      -65.69339232,              -nan
          0,           0,         140,      -8.577500888,      -6.500008343,      -7.820411244,      -4.730111852,      -10.49117896,   1.612289677e-09,    0.000129682224,           26.2144,           26.2144,           26.2144,       6409.460359,    0.002866071047,     -0.1882819393,                 0,                 0,                 0,     -0.1407303637,    0.002866071047,     -0.1882819393,                 0,      -65.69339568,              -nan
          0,           0,         141,      -8.577535672,      -6.500078541,      -7.908765772,      -4.790487528,      -10.49082931,   3.224579743e-09,    0.000259364448,           52.4288,           52.4288,           52.4288,       6409.460359,    0.002866070763,     -0.1882819399,                 0,                 0,                 0,      -0.140730364,    0.002866070763,     -0.1882819399,                 0,       -65.6934024,              -nan
          0,           0,         142,      -8.577559965,      -6.500166725,      -7.937496322,      -4.822385861,      -10.49017557,   6.449161047e-09,   0.0005187288959,          104.8576,          104.8576,          104.8576,       6409.460359,    0.002866070196,     -0.1882819412,                 0,                 0,                 0,     -0.1407303646,    0.002866070196,     -0.1882819412,                 0,      -65.69341583,              -nan
          0,           0,         143,      -8.577587136,      -6.500357918,      -7.934843564,      -4.830985301,      -10.48890661,   1.289832834e-08,    0.001037457792,          10.48576,          10.48576,          10.48576,       6409.460359,    0.002866069063,     -0.1882819438,                 0,                 0,                 0,     -0.1407303662,    0.002866069063,     -0.1882819438,                 0,       -65.6934427,              -nan
          0,           0,         144,      -8.577627697,      -6.500758039,      -7.862321172,      -4.770733455,      -10.49188529,   1.289834087e-09,   0.0001037457792,          20.97152,          20.97152,          20.97152,       6409.460359,     0.00286606895,      -0.188281944,                 0,                 0,                 0,     -0.1407303663,     0.00286606895,      -0.188281944,                 0,       -65.6934454,              -nan
          0,           0,         145,      -8.577647715,      -6.500808558,      -7.921421854,      -4.812146557,      -10.49160476,   2.579668426e-09,   0.0002074915583,          41.94304,          41.94304,          41.94304,       6409.460359,    0.002866068723,     -0.1882819446,                 0,                 0,                 0,     -0.1407303667,    0.002866068723,     -0.1882819446,                 0,      -65.69345078,              -nan
          0,           0,         146,      -8.577662597,      -6.500881653,      -7.942346317,      -4.835467631,      -10.49107702,   5.159337855e-09,   0.0004149831167,          83.88608,          83.88608,          83.88608,       6409.460359,     0.00286606827,     -0.1882819458,                 0,                 0,                 0,     -0.1407303675,     0.00286606827,     -0.1882819458,                 0,      -65.69346158,              -nan
          0,           0,         147,       -8.57768012,      -6.501038076,       -7.94290542,      -4.842950136,      -10.49005707,   1.031867973e-08,   0.0008299662333,         167.77216,         167.77216,         167.77216,       6409.460359,    0.002866067364,     -0.1882819483,                 0,                 0,                 0,     -0.1407303695,    0.002866067364,     -0.1882819483,                 0,      -65.69348321,              -nan
          0,           0,         148,      -8.577709339,      -6.501371707,      -7.894980009,      -4.801447986,      -10.48802531,   2.063737556e-08,    0.001659932467,         16.777216,         16.777216,         16.777216,       6409.460359,    0.002866065556,     -0.1882819531,                 0,                 0,                 0,      -0.140730373,    0.002866065556,     -0.1882819531,                 0,      -65.69352634,              -nan
          0,           0,         149,      -8.577797377,      -6.501907936,      -7.756443526,      -4.669248295,      -10.49272626,    2.06374079e-09,   0.0001659932466,         33.554432,         33.554432,         33.554432,       6409.460359,    0.002866065375,     -0.1882819536,                 0,                 0,                 0,     -0.1407303734,    0.002866065375,     -0.1882819536,                 0,      -65.69353066,              -nan
          0,           0,         150,      -8.577859515,      -6.502032465,      -7.889454172,      -4.758449946,      -10.49227773,   4.127482227e-09,   0.0003319864933,         67.108864,         67.108864,         67.108864,       6409.460359,    0.002866065013,     -0.1882819546,                 0,                 0,                 0,     -0.1407303742,    0.002866065013,     -0.1882819546,                 0,       -65.6935393,              -nan
          0,           0,         151,      -8.577897599,       -6.50215355,      -7.931768546,      -4.803111557,      -10.49144531,   8.254967045e-09,   0.0006639729865,        134.217728,        134.217728,        134.217728,       6409.460359,     0.00286606429,     -0.1882819565,                 0,                 0,                 0,     -0.1407303756,     0.00286606429,     -0.1882819565,                 0,      -65.69355653,              -nan
          0,           0,         152,      -8.577939502,       -6.50239885,      -7.923968829,      -4.811182604,      -10.48982354,   1.650994447e-08,    0.001327945973,        13.4217728,        13.4217728,        13.4217728,       6409.460359,    0.002866062846,     -0.1882819597,                 0,                 0,                 0,     -0.1407303775,    0.002866062846,     -0.1882819597,                 0,      -65.69359077,              -nan
          0,           0,         153,      -8.578002878,       -6.50287831,      -7.818105542,      -4.725799814,      -10.49360972,    1.65099653e-09,   0.0001327945973,        26.8435456,        26.8435456,        26.8435456,       6409.460359,    0.002866062702,     -0.1882819601,                 0,                 0,                 0,     -0.1407303777,    0.002866062702,     -0.1882819601,                 0,       -65.6935942,              -nan
          0,           0,         154,      -8.578038633,      -6.502954213,      -7.910271122,      -4.788301849,      -10.49325085,   3.301993478e-09,   0.0002655891946,        53.6870912,        53.6870912,        53.6870912,       6409.460359,    0.002866062413,     -0.1882819607,                 0,                 0,                 0,     -0.1407303781,    0.002866062413,     -0.1882819607,                 0,      -65.69360105,              -nan
          0,           0,         155,       -8.57806255,      -6.503047931,      -7.939680266,      -4.821538829,       -10.4925815,   6.603988624e-09,   0.0005311783891,       107.3741824,       107.3741824,       107.3741824,       6409.460359,    0.002866061836,     -0.1882819621,                 0,                 0,                 0,     -0.1407303789,    0.002866061836,     -0.1882819621,                 0,      -65.69361475,              -nan
          0,           0,         156,      -8.578088391,      -6.503247394,      -7.936234169,      -4.830790498,      -10.49128227,   1.320798393e-08,    0.001062356778,       10.73741824,       10.73741824,       10.73741824,       6409.460359,    0.002866060682,     -0.1882819648,                 0,                 0,                 0,     -0.1407303806,    0.002866060682,     -0.1882819648,                 0,      -65.69364214,              -nan
          0,           0,         157,      -8.578127532,      -6.503657492,      -7.860733208,      -4.769008482,      -10.49432938,   1.320799733e-09,   0.0001062356778,       21.47483648,       21.47483648,       21.47483648,       6409.460359,    0.002866060567,     -0.1882819651,                 0,                 0,                 0,     -0.1407303808,    0.002866060567,     -0.1882819651,                 0,      -65.69364489,              -nan
          0,           0,         158,      -8.578148286,      -6.503710439,      -7.922864087,      -4.812434579,      -10.49404191,   2.641599734e-09,   0.0002124713556,       42.94967296,       42.94967296,       42.94967296,       6409.460359,    0.002866060336,     -0.1882819657,                 0,                 0,                 0,     -0.1407303812,    0.002866060336,     -0.1882819657,                 0,      -65.69365037,              -nan
          0,           0,         159,      -8.578163199,      -6.503785693,      -7.944603343,      -4.836801359,      -10.49350188,   5.283200542e-09,   0.0004249427113,       85.89934592,       85.89934592,       85.89934592,       6409.460359,    0.002866059875,     -0.1882819669,                 0,                 0,                 0,     -0.1407303821,    0.002866059875,     -0.1882819669,                 0,      -65.69366137,              -nan
          0,           0,         160,      -8.578180392,      -6.503946014,      -7.944794566,      -4.844557168,      -10.49245807,   1.056640538e-08,   0.0008498854225,       171.7986918,       171.7986918,       171.7986918,       6409.460359,    0.002866058953,     -0.1882819695,                 0,                 0,                 0,     -0.1407303843,    0.002866058953,     -0.1882819695,                 0,      -65.69368341,              -nan
          0,           0,         161,      -8.578209519,      -6.504285766,      -7.894030416,      -4.801310745,      -10.49037812,   2.113282798e-08,    0.001699770845,       17.17986918,       17.17986918,       17.17986918,       6409.460359,    0.002866057113,     -0.1882819744,                 0,                 0,                 0,     -0.1407303882,    0.002866057113,     -0.1882819744,                 0,      -65.69372732,              -nan
          0,           0,         162,      -8.578300972,       -6.50482652,      -7.751952962,      -4.666546032,        -10.495189,   2.113286257e-09,   0.0001699770845,       34.35973837,       34.35973837,       34.35973837,       6409.460359,    0.002866056929,      -0.188281975,                 0,                 0,                 0,     -0.1407303886,    0.002866056929,      -0.188281975,                 0,      -65.69373172,              -nan
          0,           0,         163,      -8.578365752,        -6.5049545,      -7.889266022,      -4.759127638,      -10.49473079,   4.226573206e-09,   0.0003399541689,       68.71947674,       68.71947674,       68.71947674,       6409.460359,     0.00286605656,      -0.188281976,                 0,                 0,                 0,     -0.1407303895,     0.00286605656,      -0.188281976,                 0,      -65.69374052,              -nan
          0,           0,         164,      -8.578404842,      -6.505076339,      -7.932897894,      -4.805330765,      -10.49388004,   8.453149184e-09,   0.0006799083378,       137.4389535,       137.4389535,       137.4389535,       6409.460359,    0.002866055825,     -0.1882819779,                 0,                 0,                 0,     -0.1407303909,    0.002866055825,     -0.1882819779,                 0,      -65.69375806,              -nan
          0,           0,         165,      -8.578447615,      -6.505325475,      -7.924078796,      -4.812915606,      -10.49222063,   1.690630947e-08,    0.001359816676,       13.74389535,       13.74389535,       13.74389535,       6409.460359,    0.002866054355,     -0.1882819812,                 0,                 0,                 0,      -0.140730393,    0.002866054355,     -0.1882819812,                 0,       -65.6937929,              -nan
          0,           0,         166,      -8.578513854,      -6.505812101,      -7.814344849,      -4.724335256,      -10.49609629,   1.690633175e-09,   0.0001359816676,       27.48779069,       27.48779069,       27.48779069,       6409.460359,    0.002866054208,     -0.1882819816,                 0,                 0,                 0,     -0.1407303932,    0.002866054208,     -0.1882819816,                 0,      -65.69379639,              -nan
          0,           0,         167,      -8.578551412,      -6.505889561,      -7.910405517,      -4.789692869,       -10.4957295,   3.381266796e-09,   0.0002719633351,       54.97558139,       54.97558139,       54.97558139,       6409.460359,    0.002866053914,     -0.1882819823,                 0,                 0,                 0,     -0.1407303936,    0.002866053914,     -0.1882819823,                 0,      -65.69380336,              -nan
          0,           0,         168,      -8.578576373,      -6.505983957,      -7.941058399,      -4.824185869,      -10.49504522,   6.762535377e-09,   0.0005439266702,       109.9511628,       109.9511628,       109.9511628,       6409.460359,    0.002866053327,     -0.1882819836,                 0,                 0,                 0,     -0.1407303945,    0.002866053327,     -0.1882819836,                 0,       -65.6938173,              -nan
          0,           0,         169,      -8.578603564,      -6.506186621,      -7.937269818,      -4.833173374,       -10.4937156,    1.35250779e-08,     0.00108785334,       10.99511628,       10.99511628,       10.99511628,       6409.460359,    0.002866052152,     -0.1882819864,                 0,                 0,                 0,     -0.1407303963,    0.002866052152,     -0.1882819864,                 0,      -65.69384518,              -nan
          0,           0,         170,      -8.578646144,      -6.506603873,      -7.858461992,      -4.768412577,      -10.49683519,   1.352509223e-09,    0.000108785334,       21.99023256,       21.99023256,       21.99023256,       6409.460359,    0.002866052035,     -0.1882819867,                 0,                 0,                 0,     -0.1407303965,    0.002866052035,     -0.1882819867,                 0,      -65.69384797,              -nan
          0,           0,         171,      -8.578668155,      -6.506658077,       -7.92367076,      -4.813982115,      -10.49654111,   2.705018733e-09,    0.000217570668,       43.98046511,       43.98046511,       43.98046511,       6409.460359,      0.0028660518,     -0.1882819872,                 0,                 0,                 0,      -0.140730397,      0.0028660518,     -0.1882819872,                 0,      -65.69385355,              -nan
          0,           0,         172,      -8.578684105,      -6.506734355,      -7.946370982,      -4.839323805,      -10.49598879,   5.410038614e-09,   0.0004351413361,       87.96093022,       87.96093022,       87.96093022,       6409.460359,    0.002866051331,     -0.1882819885,                 0,                 0,                 0,     -0.1407303979,    0.002866051331,     -0.1882819885,                 0,      -65.69386474,              -nan
          0,           0,         173,      -8.578702894,      -6.506897711,      -7.946478116,      -4.847049381,      -10.49492055,   1.082008182e-08,   0.0008702826721,       175.9218604,       175.9218604,       175.9218604,       6409.460359,    0.002866050393,     -0.1882819911,                 0,                 0,                 0,     -0.1407304002,    0.002866050393,     -0.1882819911,                 0,      -65.69388716,              -nan
          0,           0,         174,      -8.578735354,      -6.507244429,      -7.893163416,      -4.801524319,      -10.49279151,   2.164018207e-08,    0.001740565344,       17.59218604,       17.59218604,       17.59218604,       6409.460359,     0.00286604852,      -0.188281996,                 0,                 0,                 0,      -0.140730404,     0.00286604852,      -0.188281996,                 0,      -65.69393179,              -nan
          0,           0,         175,      -8.578833989,      -6.507792871,      -7.748288529,      -4.663504319,      -10.49771601,   2.164021906e-09,   0.0001740565344,       35.18437209,       35.18437209,       35.18437209,       6409.460359,    0.002866048332,     -0.1882819965,                 0,                 0,                 0,     -0.1407304044,    0.002866048332,     -0.1882819965,                 0,      -65.69393626,              -nan
          0,           0,         176,      -8.578901631,      -6.507926294,      -7.889581938,       -4.75891195,      -10.49724746,   4.328044552e-09,   0.0003481130688,       70.36874418,       70.36874418,       70.36874418,       6409.460359,    0.002866047958,     -0.1882819975,                 0,                 0,                 0,     -0.1407304053,    0.002866047958,     -0.1882819975,                 0,       -65.6939452,              -nan
          0,           0,         177,      -8.578942281,      -6.508051253,      -7.934002048,      -4.806551495,      -10.49637756,   8.656092068e-09,   0.0006962261376,       140.7374884,       140.7374884,       140.7374884,       6409.460359,    0.002866047209,     -0.1882819994,                 0,                 0,                 0,     -0.1407304066,    0.002866047209,     -0.1882819994,                 0,      -65.69396302,              -nan
          0,           0,         178,      -8.578986376,      -6.508307289,      -7.924144405,      -4.813807259,      -10.49467935,   1.731219601e-08,    0.001392452275,       14.07374884,       14.07374884,       14.07374884,       6409.460359,    0.002866045713,     -0.1882820025,                 0,                 0,                 0,     -0.1407304085,    0.002866045713,     -0.1882820025,                 0,      -65.69399841,              -nan
          0,           0,         179,      -8.579053604,      -6.508804307,      -7.811605245,      -4.721916758,      -10.49864648,   1.731221984e-09,   0.0001392452275,       1.407374884,       1.407374884,       1.407374884,       6409.460359,    0.002866045564,     -0.1882820028,                 0,                 0,                 0,     -0.1407304087,    0.002866045564,     -0.1882820028,                 0,      -65.69400195,              -nan
          0,           0,         180,      -8.579092694,      -6.508885859,      -7.911205555,      -4.789741232,      -10.49905972,   1.731222222e-10,   1.392452275e-05,                 1,                 1,                 1,       6409.460359,    0.002866045549,     -0.1882820029,                 0,                 0,                 0,     -0.1407304088,    0.002866045549,     -0.1882820029,                 0,       -65.6940023,              -nan
          0,           0,         181,      -8.579095286,      -6.508891468,      -7.916996403,      -4.794746786,      -10.49907416,   1.230107391e-10,   9.893968488e-06,                 1,                 1,                 1,       6409.460359,    0.002866045538,     -0.1882820029,                 0,                 0,                 0,     -0.1407304088,    0.002866045538,     -0.1882820029,                 0,      -65.69400255,              -nan
          0,           0,         182,      -8.579096808,      -6.508895034,      -7.919693433,      -4.797630504,      -10.49907535,   1.230107403e-10,   9.893968488e-06,                 1,                 1,                 1,       6409.460359,    0.002866045527,     -0.1882820029,                 0,                 0,                 0,     -0.1407304088,    0.002866045527,     -0.1882820029,                 0,      -65.69400281,              -nan
          0,           0,         183,      -8.579098123,      -6.508898342,      -7.921490202,      -4.800060835,      -10.49907658,   1.230107415e-10,   9.893968488e-06,                 1,                 1,                 1,       6409.460359,    0.002866045517,     -0.1882820029,                 0,                 0,                 0,     -0.1407304088,    0.002866045517,     -0.1882820029,                 0,      -65.69400306,              -nan
          0,           0,         184,      -8.579099276,      -6.508901451,      -7.922596577,      -4.802130743,      -10.49907786,   1.230107427e-10,   9.893968488e-06,                 1,                 1,                 1,       6409.460359,    0.002866045506,      -0.188282003,                 0,                 0,                 0,     -0.1407304088,    0.002866045506,      -0.188282003,                 0,      -65.69400331,              -nan
          0,           0,         185,      -8.579100307,      -6.508904405,      -7.923183869,      -4.803915501,      -10.49907918,   1.230107439e-10,   9.893968488e-06,                 1,                 1,                 1,       6409.460359,    0.002866045496,      -0.188282003,                 0,                 0,                 0,     -0.1407304088,    0.002866045496,      -0.188282003,                 0,      -65.69400356,              -nan
          0,           0,         186,      -8.579101243,      -6.508907235,      -7.923391103,      -4.805476227,      -10.49908055,   1.230107451e-10,   9.893968488e-06,                 1,                 1,                 1,       6409.460359,    0.002866045485,      -0.188282003,                 0,                 0,                 0,     -0.1407304089,    0.002866045485,      -0.188282003,                 0,      -65.69400381,              -nan
          0,           0,         187,      -8.579102107,      -6.508909963,       -7.92332973,      -4.806862322,      -10.49908196,   1.230107463e-10,   9.893968488e-06,                 1,                 1,                 1,       6409.460359,    0.002866045474,      -0.188282003,                 0,                 0,                 0,     -0.1407304089,    0.002866045474,      -0.188282003,                 0,      -65.69400406,              -nan
          0,           0,         188,      -8.579102915,      -6.508912605,      -7.923088161,      -4.808113543,      -10.49908341,   1.230107475e-10,   9.893968488e-06,                 1,                 1,                 1,       6409.460359,    0.002866045464,     -0.1882820031,                 0,                 0,                 0,     -0.1407304089,    0.002866045464,     -0.1882820031,                 0,      -65.69400432,              -nan
          0,           0,         189,      -8.579103681,      -6.508915173,      -7.922735304,      -4.809261617,      -10.49908491,   1.230107487e-10,   9.893968488e-06,                 1,                 1,                 1,       6409.460359,    0.002866045453,     -0.1882820031,                 0,                 0,                 0,     -0.1407304089,    0.002866045453,     -0.1882820031,                 0,      -65.69400457,              -nan
          0,           0,         190,      -8.579104415,      -6.508917676,      -7.922323939,      -4.810331635,      -10.49908645,   1.230107499e-10,   9.893968488e-06,                 1,                 1,                 1,       6409.460359,    0.002866045442,     -0.1882820031,                 0,                 0,                 0,     -0.1407304089,    0.002866045442,     -0.1882820031,                 0,      -65.69400482,              -nan
          0,           0,         191,      -8.579105124,      -6.508920123,      -7.921893286,      -4.811343162,      -10.49908804,   1.230107512e-10,   9.893968488e-06,                 1,                 1,                 1,       6409.460359,    0.002866045432,     -0.1882820031,                 0,                 0,                 0,     -0.1407304089,    0.002866045432,     -0.1882820031,                 0,      -65.69400507,              -nan
          0,           0,         192,      -8.579105813,       -6.50892252,      -7.921471575,      -4.812311214,      -10.49908966,   1.230107524e-10,   9.893968488e-06,                 1,                 1,                 1,       6409.460359,    0.002866045421,     -0.1882820032,                 0,                 0,                 0,     -0.1407304089,    0.002866045421,     -0.1882820032,                 0,      -65.69400532,              -nan
          0,           0,         193,      -8.579106487,      -6.508924873,      -7.921078008,      -4.813247037,      -10.49909133,   1.230107536e-10,   9.893968488e-06,                 1,                 1,                 1,       6409.460359,    0.002866045411,     -0.1882820032,                 0,                 0,                 0,      -0.140730409,    0.002866045411,     -0.1882820032,                 0,      -65.69400558,              -nan
          0,           0,         194,      -8.579107148,      -6.508927187,       -7.92072461,      -4.814158812,      -10.49909303,   1.230107548e-10,   9.893968488e-06,                 1,                 1,                 1,       6409.460359,      0.0028660454,     -0.1882820032,                 0,                 0,                 0,      -0.140730409,      0.0028660454,     -0.1882820032,                 0,      -65.69400583,              -nan
          0,           0,         195,      -8.579107798,      -6.508929468,      -7.920417811,      -4.815052266,      -10.49909478,    1.23010756e-10,   9.893968488e-06,                 1,                 1,                 1,       6409.460359,    0.002866045389,     -0.1882820032,                 0,                 0,                 0,      -0.140730409,    0.002866045389,     -0.1882820032,                 0,      -65.69400608,              -nan
          0,           0,         196,       -8.57910844,      -6.508931719,       -7.92015974,      -4.815931127,      -10.49909657,   1.230107572e-10,   9.893968488e-06,                 1,                 1,                 1,       6409.460359,    0.002866045379,     -0.1882820033,                 0,                 0,                 0,      -0.140730409,    0.002866045379,     -0.1882820033,                 0,      -65.69400633,              -nan
          0,           0,         197,      -8.579109072,      -6.508933946,      -7.919949378,      -4.816797614,       -10.4990984,   1.230107584e-10,   9.893968488e-06,                 1,                 1,                 1,       6409.460359,    0.002866045368,     -0.1882820033,                 0,                 0,                 0,      -0.140730409,    0.002866045368,     -0.1882820033,                 0,      -65.69400658,              -nan
          0,           0,         198,      -8.579109697,      -6.508936151,      -7.919783404,      -4.817652797,      -10.49910026,   1.230107596e-10,   9.893968488e-06,                 1,                 1,                 1,       6409.460359,    0.002866045357,     -0.1882820033,                 0,                 0,                 0,      -0.140730409,    0.002866045357,     -0.1882820033,                 0,      -65.69400683,              -nan
          0,           0,         199,      -8.579110313,       -6.50893834,      -7.919657081,      -4.818496936,      -10.49910217,   1.230107608e-10,   9.893968488e-06,                 1,                 1,                 1,       6409.460359,    0.002866045347,     -0.1882820033,                 0,                 0,                 0,      -0.140730409,    0.002866045347,     -0.1882820033,                 0,      -65.69400709,              -nan
          0,           0,         200,      -8.579110922,      -6.508940514,      -7.919564734,      -4.819329713,      -10.49910411,    1.23010762e-10,   9.893968488e-06,                 1,                 1,                 1,       6409.460359,    0.002866045336,     -0.1882820033,                 0,                 0,                 0,     -0.1407304091,    0.002866045336,     -0.1882820033,                 0,      -65.69400734,              -nan
          0,           0,         201,      -8.579111522,      -6.508942677,      -7.919500374,      -4.820150502,      -10.49910609,   1.230107632e-10,   9.893968488e-06,                 1,                 1,                 1,       6409.460359,    0.002866045326,     -0.1882820034,                 0,                 0,                 0,     -0.1407304091,    0.002866045326,     -0.1882820034,                 0,      -65.69400759,              -nan
          0,           0,         202,      -8.579112113,      -6.508944832,      -7.919457945,        -4.8209585,      -10.49910811,   1.230107644e-10,   9.893968488e-06,                 1,                 1,                 1,       6409.460359,    0.002866045315,     -0.1882820034,                 0,                 0,                 0,     -0.1407304091,    0.002866045315,     -0.1882820034,                 0,      -65.69400784,              -nan
          0,           0,         203,      -8.579112696,      -6.508946981,      -7.919431645,      -4.821752883,      -10.49911017,   1.230107656e-10,   9.893968488e-06,                 1,                 1,                 1,       6409.460359,    0.002866045304,     -0.1882820034,                 0,                 0,                 0,     -0.1407304091,    0.002866045304,     -0.1882820034,                 0,      -65.69400809,              -nan
          0,           0,         204,      -8.579113269,      -6.508949128,      -7.919416158,      -4.822532889,      -10.49911226,   1.230107668e-10,   9.893968488e-06,                 1,                 1,                 1,       6409.460359,    0.002866045294,     -0.1882820034,                 0,                 0,                 0,     -0.1407304091,    0.002866045294,     -0.1882820034,                 0,      -65.69400834,              -nan
          0,           0,         205,      -8.579113833,      -6.508951275,      -7.919406669,      -4.823297889,      -10.49911439,    1.23010768e-10,   9.893968488e-06,                 1,                 1,                 1,       6409.460359,    0.002866045283,     -0.1882820035,                 0,                 0,                 0,     -0.1407304091,    0.002866045283,     -0.1882820035,                 0,       -65.6940086,              -nan
          0,           0,         206,      -8.579114388,      -6.508953424,      -7.919399024,      -4.824047418,      -10.49911656,   1.230107692e-10,   9.893968488e-06,                 1,                 1,                 1,       6409.460359,    0.002866045272,     -0.1882820035,                 0,                 0,                 0,     -0.1407304091,    0.002866045272,     -0.1882820035,                 0,      -65.69400885,              -nan
          0,           0,         207,      -8.579114933,      -6.508955576,      -7.919389695,       -4.82478119,      -10.49911876,   1.230107704e-10,   9.893968488e-06,                 1,                 1,                 1,       6409.460359,    0.002866045262,     -0.1882820035,                 0,                 0,                 0,     -0.1407304092,    0.002866045262,     -0.1882820035,                 0,       -65.6940091,              -nan
          0,           0,         208,      -8.579115469,      -6.508957735,       -7.91937579,      -4.825499104,      -10.49912099,   1.230107716e-10,   9.893968488e-06,                 1,                 1,                 1,       6409.460359,    0.002866045251,     -0.1882820035,                 0,                 0,                 0,     -0.1407304092,    0.002866045251,     -0.1882820035,                 0,      -65.69400935,              -nan
          0,           0,         209,      -8.579115996,      -6.508959902,      -7.919354973,      -4.826201222,      -10.49912326,   1.230107728e-10,   9.893968488e-06,                 1,                 1,                 1,       6409.460359,    0.002866045241,     -0.1882820036,                 0,                 0,                 0,     -0.1407304092,    0.002866045241,     -0.1882820036,                 0,       -65.6940096,              -nan
          0,           0,         210,      -8.579116513,       -6.50896208,      -7.919325501,      -4.826887761,      -10.49912556,    1.23010774e-10,   9.893968488e-06,                 1,                 1,                 1,       6409.460359,     0.00286604523,     -0.1882820036,                 0,                 0,                 0,     -0.1407304092,     0.00286604523,     -0.1882820036,                 0,      -65.69400986,              -nan
          0,           0,         211,      -8.579117021,      -6.508964269,      -7.919286092,      -4.827559057,       -10.4991279,   1.230107752e-10,   9.893968488e-06,                 1,                 1,                 1,       6409.460359,    0.002866045219,     -0.1882820036,                 0,                 0,                 0,     -0.1407304092,    0.002866045219,     -0.1882820036,                 0,      -65.69401011,              -nan
          0,           0,         212,       -8.57911752,      -6.508966471,      -7.919235826,      -4.828215539,      -10.49913027,   1.230107765e-10,   9.893968488e-06,                 1,                 1,                 1,       6409.460359,    0.002866045209,     -0.1882820036,                 0,                 0,                 0,     -0.1407304092,    0.002866045209,     -0.1882820036,                 0,      -65.69401036,              -nan
          0,           0,         213,       -8.57911801,      -6.508968688,      -7.919174205,      -4.828857714,      -10.49913267,   1.230107777e-10,   9.893968488e-06,                 1,                 1,                 1,       6409.460359,    0.002866045198,     -0.1882820037,                 0,                 0,                 0,     -0.1407304092,    0.002866045198,     -0.1882820037,                 0,      -65.69401061,              -nan
          0,           0,         214,      -8.579118492,      -6.508970922,       -7.91910094,      -4.829486129,       -10.4991351,   1.230107789e-10,   9.893968488e-06,                 1,                 1,                 1,       6409.460359,    0.002866045187,     -0.1882820037,                 0,                 0,                 0,     -0.1407304093,    0.002866045187,     -0.1882820037,                 0,      -65.69401086,              -nan
          0,           0,         215,      -8.579118965,      -6.508973174,      -7.919016036,      -4.830101358,      -10.49913757,   1.230107801e-10,   9.893968488e-06,                 1,                 1,                 1,       6409.460359,    0.002866045177,     -0.1882820037,                 0,                 0,                 0,     -0.1407304093,    0.002866045177,     -0.1882820037,                 0,      -65.69401111,              -nan
          0,           0,         216,      -8.579119431,      -6.508975445,       -7.91891962,       -4.83070397,      -10.49914006,   1.230107813e-10,   9.893968488e-06,                 1,                 1,                 1,       6409.460359,    0.002866045166,     -0.1882820037,                 0,                 0,                 0,     -0.1407304093,    0.002866045166,     -0.1882820037,                 0,      -65.69401137,              -nan
          0,           0,         217,      -8.579119888,      -6.508977736,       -7.91881197,      -4.831294528,      -10.49914259,   1.230107825e-10,   9.893968488e-06,                 1,                 1,                 1,       6409.460359,    0.002866045156,     -0.1882820038,                 0,                 0,                 0,     -0.1407304093,    0.002866045156,     -0.1882820038,                 0,      -65.69401162,              -nan
          0,           0,         218,      -8.579120337,      -6.508980048,      -7.918693498,      -4.831873572,      -10.49914515,   1.230107837e-10,   9.893968488e-06,                 1,                 1,                 1,       6409.460359,    0.002866045145,     -0.1882820038,                 0,                 0,                 0,     -0.1407304093,    0.002866045145,     -0.1882820038,                 0,      -65.69401187,              -nan
          0,           0,         219,      -8.579120779,      -6.508982383,      -7.918564652,      -4.832441611,      -10.49914773,   1.230107849e-10,   9.893968488e-06,                 1,                 1,                 1,       6409.460359,    0.002866045134,     -0.1882820038,                 0,                 0,                 0,     -0.1407304093,    0.002866045134,     -0.1882820038,                 0,      -65.69401212,              -nan
          0,           0,         220,      -8.579121214,      -6.508984741,      -7.918425895,      -4.832999117,      -10.49915035,   1.230107861e-10,   9.893968488e-06,                 1,                 1,                 1,       6409.460359,    0.002866045124,     -0.1882820038,                 0,                 0,                 0,     -0.1407304094,    0.002866045124,     -0.1882820038,                 0,      -65.69401237,              -nan
          0,           0,         221,      -8.579121641,      -6.508987123,      -7.918277803,      -4.833546515,      -10.49915299,   1.230107873e-10,   9.893968488e-06,                 1,                 1,                 1,       6409.460359,    0.002866045113,     -0.1882820038,                 0,                 0,                 0,     -0.1407304094,    0.002866045113,     -0.1882820038,                 0,      -65.69401263,              -nan
          0,           0,         222,      -8.579122061,      -6.508989531,      -7.918120898,      -4.834084201,      -10.49915566,   1.230107885e-10,   9.893968488e-06,                 1,                 1,                 1,       6409.460359,    0.002866045102,     -0.1882820039,                 0,                 0,                 0,     -0.1407304094,    0.002866045102,     -0.1882820039,                 0,      -65.69401288,              -nan
          0,           0,         223,      -8.579122474,      -6.508991964,      -7.917955747,      -4.834612523,      -10.49915836,   1.230107897e-10,   9.893968488e-06,                 1,                 1,                 1,       6409.460359,    0.002866045092,     -0.1882820039,                 0,                 0,                 0,     -0.1407304094,    0.002866045092,     -0.1882820039,                 0,      -65.69401313,              -nan
          0,           0,         224,      -8.579122881,      -6.508994423,      -7.917782909,      -4.835131796,      -10.49916109,   1.230107909e-10,   9.893968488e-06,                 1,                 1,                 1,       6409.460359,    0.002866045081,     -0.1882820039,                 0,                 0,                 0,     -0.1407304094,    0.002866045081,     -0.1882820039,                 0,      -65.69401338,              -nan
          0,           0,         225,       -8.57912328,       -6.50899691,      -7.917602919,      -4.835642303,      -10.49916384,   1.230107921e-10,   9.893968488e-06,                 1,                 1,                 1,       6409.460359,    0.002866045071,     -0.1882820039,                 0,                 0,                 0,     -0.1407304094,    0.002866045071,     -0.1882820039,                 0,      -65.69401363,              -nan
          0,           0,         226,      -8.579123673,      -6.508999424,      -7.917416335,      -4.836144291,      -10.49916662,   1.230107933e-10,   9.893968488e-06,                 1,                 1,                 1,       6409.460359,     0.00286604506,      -0.188282004,                 0,                 0,                 0,     -0.1407304094,     0.00286604506,      -0.188282004,                 0,      -65.69401389,              -nan
          0,           0,         227,      -8.579124059,      -6.509001966,      -7.917223671,      -4.836637986,      -10.49916942,   1.230107945e-10,   9.893968488e-06,                 2,                 2,                 2,       6409.460359,    0.002866045049,      -0.188282004,                 0,                 0,                 0,     -0.1407304095,    0.002866045049,      -0.188282004,                 0,      -65.69401414,              -nan
          0,           0,         228,      -8.579124439,      -6.509004537,      -7.917025498,      -4.837123597,       -10.4991429,   2.460215915e-10,   1.978793698e-05,                 4,                 4,                 4,       6409.460359,    0.002866045028,      -0.188282004,                 0,                 0,                 0,     -0.1407304095,    0.002866045028,      -0.188282004,                 0,      -65.69401464,              -nan
          0,           0,         229,      -8.579125208,        -6.5090099,      -7.916769073,      -4.838129765,      -10.49909056,   4.920431926e-10,   3.957587395e-05,                 8,                 8,                 8,       6409.460359,    0.002866044986,     -0.1882820041,                 0,                 0,                 0,     -0.1407304096,    0.002866044986,     -0.1882820041,                 0,      -65.69401565,              -nan
          0,           0,         230,       -8.57912676,      -6.509021457,      -7.916697445,      -4.840221717,      -10.49898814,   9.840864237e-10,    7.91517479e-05,                16,                16,                16,       6409.460359,    0.002866044901,     -0.1882820043,                 0,                 0,                 0,     -0.1407304097,    0.002866044901,     -0.1882820043,                 0,      -65.69401767,              -nan
          0,           0,         231,      -8.579129797,      -6.509047467,       -7.91760163,      -4.844364818,      -10.49878937,   1.968173002e-09,   0.0001583034958,                32,                32,                32,       6409.460359,    0.002866044731,     -0.1882820047,                 0,                 0,                 0,       -0.14073041,    0.002866044731,     -0.1882820047,                 0,       -65.6940217,              -nan
          0,           0,         232,      -8.579135229,      -6.509108497,      -7.920677419,      -4.851136307,      -10.49840279,   3.936346621e-09,   0.0003166069916,                64,                64,                64,       6409.460359,    0.002866044391,     -0.1882820055,                 0,                 0,                 0,     -0.1407304104,    0.002866044391,     -0.1882820055,                 0,      -65.69402976,              -nan
          0,           0,         233,      -8.579143589,      -6.509251389,      -7.924384105,       -4.85638612,       -10.4976377,   7.872695714e-09,   0.0006332139832,               128,               128,               128,       6409.460359,    0.002866043712,     -0.1882820071,                 0,                 0,                 0,     -0.1407304115,    0.002866043712,     -0.1882820071,                 0,      -65.69404587,              -nan
          0,           0,         234,      -8.579156783,      -6.509550404,      -7.910228722,      -4.837466494,      -10.49609626,   1.574540133e-08,    0.001266427966,              12.8,              12.8,              12.8,       6409.460359,    0.002866042355,     -0.1882820108,                 0,                 0,                 0,     -0.1407304147,    0.002866042355,     -0.1882820108,                 0,      -65.69407828,              -nan
          0,           0,         235,      -8.579202765,      -6.510039758,      -7.824469145,      -4.741424108,      -10.49971415,   1.574542119e-09,   0.0001266427966,              25.6,              25.6,              25.6,       6409.460359,    0.002866042219,     -0.1882820112,                 0,                 0,                 0,     -0.1407304151,    0.002866042219,     -0.1882820112,                 0,      -65.69408153,              -nan
          0,           0,         236,      -8.579235255,      -6.510119489,      -7.914537563,      -4.803772183,      -10.49937089,   3.149084635e-09,   0.0002532855932,              51.2,              51.2,              51.2,       6409.460359,    0.002866041948,      -0.188282012,                 0,                 0,                 0,     -0.1407304158,    0.002866041948,      -0.188282012,                 0,      -65.69408804,              -nan
          0,           0,         237,      -8.579256802,      -6.510214065,      -7.947749894,      -4.835229978,       -10.4987286,   6.298170861e-09,   0.0005065711865,             102.4,             102.4,             102.4,       6409.460359,    0.002866041405,     -0.1882820138,                 0,                 0,                 0,     -0.1407304176,    0.002866041405,     -0.1882820138,                 0,       -65.6941011,              -nan
          0,           0,         238,      -8.579283958,      -6.510402103,      -7.949673822,      -4.841601751,      -10.49748503,   1.259634809e-08,    0.001013142373,             10.24,             10.24,             10.24,       6409.460359,    0.002866040321,     -0.1882820174,                 0,                 0,                 0,     -0.1407304212,    0.002866040321,     -0.1882820174,                 0,       -65.6941272,              -nan
          0,           0,         239,       -8.57933736,      -6.510782883,      -7.876774412,      -4.781235677,      -10.50039909,   1.259636086e-09,   0.0001013142373,             20.48,             20.48,             20.48,       6409.460359,    0.002866040213,     -0.1882820178,                 0,                 0,                 0,     -0.1407304215,    0.002866040213,     -0.1882820178,                 0,      -65.69412982,              -nan
          0,           0,         240,      -8.579357468,       -6.51083161,      -7.934391286,      -4.820566271,       -10.5001246,   2.519272428e-09,   0.0002026284746,             40.96,             40.96,             40.96,       6409.460359,    0.002866039996,     -0.1882820185,                 0,                 0,                 0,     -0.1407304223,    0.002866039996,     -0.1882820185,                 0,      -65.69413504,              -nan
          0,           0,         241,      -8.579375126,      -6.510900916,      -7.955930835,      -4.842868633,      -10.49960819,   5.038545878e-09,   0.0004052569491,             81.92,             81.92,             81.92,       6409.460359,    0.002866039563,       -0.18828202,                 0,                 0,                 0,     -0.1407304237,    0.002866039563,       -0.18828202,                 0,      -65.69414548,              -nan
          0,           0,         242,      -8.579400144,      -6.511048714,      -7.957748863,      -4.850805063,      -10.49861127,   1.007709585e-08,   0.0008105138982,            163.84,            163.84,            163.84,       6409.460359,    0.002866038696,     -0.1882820227,                 0,                 0,                 0,     -0.1407304264,    0.002866038696,     -0.1882820227,                 0,      -65.69416628,              -nan
          0,           0,         243,      -8.579445069,      -6.511367046,      -7.909960837,      -4.813594985,      -10.49662695,    2.01542081e-08,    0.001621027796,            16.384,            16.384,            16.384,       6409.460359,    0.002866036966,     -0.1882820269,                 0,                 0,                 0,     -0.1407304298,    0.002866036966,     -0.1882820269,                 0,      -65.69420742,              -nan
          0,           0,         244,      -8.579554415,      -6.511886864,      -7.771905201,      -4.687540706,      -10.50122991,   2.015424103e-09,   0.0001621027796,            32.768,            32.768,            32.768,       6409.460359,    0.002866036793,     -0.1882820274,                 0,                 0,                 0,     -0.1407304301,    0.002866036793,     -0.1882820274,                 0,      -65.69421153,              -nan
          0,           0,         245,      -8.579613905,      -6.512000211,      -7.900513616,      -4.774810901,      -10.50079321,   4.030848866e-09,   0.0003242055592,            65.536,            65.536,            65.536,       6409.460359,    0.002866036447,     -0.1882820282,                 0,                 0,                 0,     -0.1407304308,    0.002866036447,     -0.1882820282,                 0,      -65.69421976,              -nan
          0,           0,         246,      -8.579653742,      -6.512110916,      -7.942956857,      -4.818549134,      -10.49998037,    8.06170037e-09,   0.0006484111184,           131.072,           131.072,           131.072,       6409.460359,    0.002866035756,     -0.1882820298,                 0,                 0,                 0,     -0.1407304319,    0.002866035756,     -0.1882820298,                 0,      -65.69423615,              -nan
          0,           0,         247,      -8.579700693,      -6.512341182,      -7.936519624,      -4.826785279,      -10.49839675,   1.612341131e-08,    0.001296822237,           13.1072,           13.1072,           13.1072,       6409.460359,    0.002866034374,     -0.1882820324,                 0,                 0,                 0,     -0.1407304334,    0.002866034374,     -0.1882820324,                 0,      -65.69426875,              -nan
          0,           0,         248,      -8.579771322,      -6.512803903,      -7.833036312,      -4.743343978,       -10.5021031,   1.612343251e-09,   0.0001296822237,           26.2144,           26.2144,           26.2144,       6409.460359,    0.002866034236,     -0.1882820327,                 0,                 0,                 0,     -0.1407304335,    0.002866034236,     -0.1882820327,                 0,      -65.69427201,              -nan
          0,           0,         249,      -8.579804799,      -6.512873154,      -7.921350817,       -4.80373749,      -10.50175355,   3.224686926e-09,   0.0002593644473,           52.4288,           52.4288,           52.4288,       6409.460359,     0.00286603396,     -0.1882820332,                 0,                 0,                 0,     -0.1407304339,     0.00286603396,     -0.1882820332,                 0,      -65.69427854,              -nan
          0,           0,         250,      -8.579828668,      -6.512960376,      -7.950030787,      -4.835757724,      -10.50109979,   6.449375551e-09,   0.0005187288947,          104.8576,          104.8576,          104.8576,       6409.460359,    0.002866033407,     -0.1882820344,                 0,                 0,                 0,     -0.1407304345,    0.002866033407,     -0.1882820344,                 0,       -65.6942916,              -nan
          0,           0,         251,      -8.579855794,      -6.513150734,      -7.947099329,      -4.844261672,      -10.49983082,    1.28987579e-08,    0.001037457789,          10.48576,          10.48576,          10.48576,       6409.460359,    0.002866032304,     -0.1882820368,                 0,                 0,                 0,     -0.1407304361,    0.002866032304,     -0.1882820368,                 0,      -65.69431775,              -nan
          0,           0,         252,      -8.579896877,      -6.513550833,      -7.874462303,      -4.783521393,      -10.50281171,   1.289877153e-09,   0.0001037457789,          20.97152,          20.97152,          20.97152,       6409.460359,    0.002866032193,     -0.1882820371,                 0,                 0,                 0,     -0.1407304363,    0.002866032193,     -0.1882820371,                 0,      -65.69432037,              -nan
          0,           0,         253,      -8.579916066,      -6.513600917,      -7.933484935,      -4.824889475,      -10.50253117,    2.57975458e-09,   0.0002074915578,          41.94304,          41.94304,          41.94304,       6409.460359,    0.002866031973,     -0.1882820376,                 0,                 0,                 0,     -0.1407304367,    0.002866031973,     -0.1882820376,                 0,      -65.69432561,              -nan
          0,           0,         254,      -8.579930549,       -6.51367366,      -7.954309253,      -4.848220683,      -10.50200339,   5.159510251e-09,   0.0004149831157,          83.88608,          83.88608,          83.88608,       6409.460359,    0.002866031532,     -0.1882820388,                 0,                 0,                 0,     -0.1407304375,    0.002866031532,     -0.1882820388,                 0,      -65.69433612,              -nan
          0,           0,         255,      -8.579947848,       -6.51382991,      -7.954724912,      -4.855569034,      -10.50098339,   1.031902487e-08,   0.0008299662313,         167.77216,         167.77216,         167.77216,       6409.460359,     0.00286603065,     -0.1882820412,                 0,                 0,                 0,     -0.1407304396,     0.00286603065,     -0.1882820412,                 0,      -65.69435719,              -nan
          0,           0,         256,      -8.579977328,      -6.514164094,      -7.906869768,      -4.813711674,      -10.49895172,   2.063806726e-08,    0.001659932463,         16.777216,         16.777216,         16.777216,       6409.460359,    0.002866028888,     -0.1882820459,                 0,                 0,                 0,     -0.1407304433,    0.002866028888,     -0.1882820459,                 0,       -65.6943992,              -nan
          0,           0,         257,      -8.580067556,      -6.514701209,      -7.768754135,      -4.681177488,      -10.50365525,   2.063810241e-09,   0.0001659932462,         33.554432,         33.554432,         33.554432,       6409.460359,    0.002866028712,     -0.1882820464,                 0,                 0,                 0,     -0.1407304437,    0.002866028712,     -0.1882820464,                 0,      -65.69440341,              -nan
          0,           0,         258,      -8.580127239,      -6.514825302,      -7.901550593,       -4.77004547,      -10.50320655,   4.127621186e-09,   0.0003319864925,         67.108864,         67.108864,         67.108864,       6409.460359,     0.00286602836,     -0.1882820474,                 0,                 0,                 0,     -0.1407304445,     0.00286602836,     -0.1882820474,                 0,      -65.69441183,              -nan
          0,           0,         259,      -8.580164534,      -6.514946504,      -7.943573628,      -4.814719159,      -10.50237395,   8.255245189e-09,   0.0006639729849,        134.217728,        134.217728,        134.217728,       6409.460359,    0.002866027656,     -0.1882820493,                 0,                 0,                 0,     -0.1407304459,    0.002866027656,     -0.1882820493,                 0,      -65.69442862,              -nan
          0,           0,         260,      -8.580206569,      -6.515192442,      -7.935634957,      -4.822883406,        -10.500752,   1.651050166e-08,     0.00132794597,        13.4217728,        13.4217728,        13.4217728,       6409.460359,     0.00286602625,     -0.1882820525,                 0,                 0,                 0,     -0.1407304479,     0.00286602625,     -0.1882820525,                 0,      -65.69446197,              -nan
          0,           0,         261,      -8.580272135,      -6.515672827,      -7.830171087,      -4.737478936,       -10.5045397,    1.65105243e-09,    0.000132794597,        26.8435456,        26.8435456,        26.8435456,       6409.460359,    0.002866026109,     -0.1882820528,                 0,                 0,                 0,     -0.1407304481,    0.002866026109,     -0.1882820528,                 0,      -65.69446531,              -nan
          0,           0,         262,       -8.58030665,      -6.515748744,      -7.922078925,      -4.799761303,      -10.50418059,   3.302105312e-09,   0.0002655891939,        53.6870912,        53.6870912,        53.6870912,       6409.460359,    0.002866025828,     -0.1882820535,                 0,                 0,                 0,     -0.1407304485,    0.002866025828,     -0.1882820535,                 0,      -65.69447199,              -nan
          0,           0,         263,      -8.580330279,       -6.51584274,      -7.951156146,      -4.832988219,      -10.50351098,   6.604212438e-09,   0.0005311783879,       107.3741824,       107.3741824,       107.3741824,       6409.460359,    0.002866025266,     -0.1882820548,                 0,                 0,                 0,     -0.1407304493,    0.002866025266,     -0.1882820548,                 0,      -65.69448534,              -nan
          0,           0,         264,      -8.580356529,      -6.516042751,       -7.94749067,      -4.842305598,      -10.50221157,   1.320843214e-08,    0.001062356776,       10.73741824,       10.73741824,       10.73741824,       6409.460359,    0.002866024142,     -0.1882820575,                 0,                 0,                 0,     -0.1407304511,    0.002866024142,     -0.1882820575,                 0,      -65.69451204,              -nan
          0,           0,         265,      -8.580397329,      -6.516453712,       -7.87233556,       -4.78047209,      -10.50525952,   1.320844669e-09,   0.0001062356776,       21.47483648,       21.47483648,       21.47483648,       6409.460359,     0.00286602403,     -0.1882820578,                 0,                 0,                 0,     -0.1407304513,     0.00286602403,     -0.1882820578,                 0,      -65.69451472,              -nan
          0,           0,         266,      -8.580417414,      -6.516506805,      -7.934200969,      -4.823776128,      -10.50497185,   2.641689629e-09,   0.0002124713551,       42.94967296,       42.94967296,       42.94967296,       6409.460359,    0.002866023805,     -0.1882820584,                 0,                 0,                 0,     -0.1407304517,    0.002866023805,     -0.1882820584,                 0,      -65.69452007,              -nan
          0,           0,         267,      -8.580432177,      -6.516582342,      -7.955651808,      -4.848119524,      -10.50443161,   5.283380423e-09,   0.0004249427102,       85.89934592,       85.89934592,       85.89934592,       6409.460359,    0.002866023356,     -0.1882820596,                 0,                 0,                 0,     -0.1407304526,    0.002866023356,     -0.1882820596,                 0,      -65.69453079,              -nan
          0,           0,         268,      -8.580449639,      -6.516743179,      -7.955628561,      -4.855896145,      -10.50338768,   1.056676551e-08,   0.0008498854204,       171.7986918,       171.7986918,       171.7986918,       6409.460359,    0.002866022459,     -0.1882820623,                 0,                 0,                 0,     -0.1407304548,    0.002866022459,     -0.1882820623,                 0,      -65.69455228,              -nan
          0,           0,         269,      -8.580479727,      -6.517083837,       -7.90508992,      -4.812566701,      -10.50130776,   2.113354972e-08,    0.001699770841,       17.17986918,       17.17986918,       17.17986918,       6409.460359,    0.002866020666,     -0.1882820673,                 0,                 0,                 0,     -0.1407304588,    0.002866020666,     -0.1882820673,                 0,      -65.69459512,              -nan
          0,           0,         270,      -8.580573477,      -6.517624152,      -7.763135367,      -4.677389669,      -10.50611869,   2.113358726e-09,   0.0001699770841,       34.35973837,       34.35973837,       34.35973837,       6409.460359,    0.002866020487,     -0.1882820678,                 0,                 0,                 0,     -0.1407304592,    0.002866020487,     -0.1882820678,                 0,      -65.69459941,              -nan
          0,           0,         271,        -8.5806361,      -6.517753179,      -7.900208505,      -4.769879913,      -10.50566025,   4.226718203e-09,   0.0003399541681,       68.71947674,       68.71947674,       68.71947674,       6409.460359,    0.002866020128,     -0.1882820689,                 0,                 0,                 0,       -0.14073046,    0.002866020128,     -0.1882820689,                 0,        -65.694608,              -nan
          0,           0,         272,      -8.580674469,      -6.517875801,      -7.943460576,      -4.816118742,      -10.50480939,   8.453439413e-09,   0.0006799083362,       137.4389535,       137.4389535,       137.4389535,       6409.460359,    0.002866019412,     -0.1882820708,                 0,                 0,                 0,     -0.1407304615,    0.002866019412,     -0.1882820708,                 0,      -65.69462511,              -nan
          0,           0,         273,      -8.580717294,       -6.51812583,      -7.934353702,       -4.82378597,      -10.50315001,   1.690689087e-08,    0.001359816672,       13.74389535,       13.74389535,       13.74389535,       6409.460359,    0.002866017981,     -0.1882820743,                 0,                 0,                 0,     -0.1407304636,    0.002866017981,     -0.1882820743,                 0,      -65.69465912,              -nan
          0,           0,         274,      -8.580785382,      -6.518613001,      -7.824600891,      -4.734988549,      -10.50702531,   1.690691504e-09,   0.0001359816672,       27.48779069,       27.48779069,       27.48779069,       6409.460359,    0.002866017837,     -0.1882820746,                 0,                 0,                 0,     -0.1407304638,    0.002866017837,     -0.1882820746,                 0,      -65.69466252,              -nan
          0,           0,         275,       -8.58082189,      -6.518690776,      -7.920500175,      -4.800423108,      -10.50665837,   3.381383492e-09,   0.0002719633344,       54.97558139,       54.97558139,       54.97558139,       6409.460359,    0.002866017551,     -0.1882820753,                 0,                 0,                 0,     -0.1407304643,    0.002866017551,     -0.1882820753,                 0,      -65.69466933,              -nan
          0,           0,         276,      -8.580846608,      -6.518785508,      -7.950951164,      -4.834977901,      -10.50597397,   6.762768919e-09,   0.0005439266689,       109.9511628,       109.9511628,       109.9511628,       6409.460359,    0.002866016979,     -0.1882820767,                 0,                 0,                 0,     -0.1407304652,    0.002866016979,     -0.1882820767,                 0,      -65.69468293,              -nan
          0,           0,         277,      -8.580874275,      -6.518988716,      -7.947005978,      -4.844013817,      -10.50464432,   1.352554559e-08,    0.001087853338,       10.99511628,       10.99511628,       10.99511628,       6409.460359,    0.002866015836,     -0.1882820796,                 0,                 0,                 0,     -0.1407304671,    0.002866015836,     -0.1882820796,                 0,      -65.69471014,              -nan
          0,           0,         278,       -8.58091901,      -6.519406632,      -7.868219192,      -4.779083158,      -10.50776342,   1.352556113e-09,   0.0001087853338,       21.99023256,       21.99023256,       21.99023256,       6409.460359,    0.002866015721,     -0.1882820799,                 0,                 0,                 0,     -0.1407304673,    0.002866015721,     -0.1882820799,                 0,      -65.69471287,              -nan
          0,           0,         279,      -8.580940535,      -6.519460868,      -7.933307813,      -4.824744335,      -10.50746925,   2.705112537e-09,   0.0002175706675,       43.98046511,       43.98046511,       43.98046511,       6409.460359,    0.002866015493,     -0.1882820805,                 0,                 0,                 0,     -0.1407304677,    0.002866015493,     -0.1882820805,                 0,      -65.69471832,              -nan
          0,           0,         280,      -8.580956533,      -6.519537265,      -7.955908739,       -4.85013754,      -10.50691686,   5.410226318e-09,    0.000435141335,       87.96093022,       87.96093022,       87.96093022,       6409.460359,    0.002866015036,     -0.1882820818,                 0,                 0,                 0,     -0.1407304686,    0.002866015036,     -0.1882820818,                 0,      -65.69472924,              -nan
          0,           0,         281,      -8.580976008,      -6.519700939,       -7.95594479,      -4.857883974,      -10.50584857,   1.082045762e-08,     0.00087028267,       175.9218604,       175.9218604,       175.9218604,       6409.460359,    0.002866014122,     -0.1882820845,                 0,                 0,                 0,     -0.1407304709,    0.002866014122,     -0.1882820845,                 0,      -65.69475113,              -nan
          0,           0,         282,      -8.581010563,      -6.520048281,      -7.902633364,      -4.812225512,      -10.50371943,    2.16409352e-08,     0.00174056534,       17.59218604,       17.59218604,       17.59218604,       6409.460359,    0.002866012298,     -0.1882820895,                 0,                 0,                 0,     -0.1407304747,    0.002866012298,     -0.1882820895,                 0,      -65.69479468,              -nan
          0,           0,         283,      -8.581114296,      -6.520596553,      -7.757707195,      -4.673890388,      -10.50864271,   2.164097528e-09,    0.000174056534,       35.18437209,       35.18437209,       35.18437209,       6409.460359,    0.002866012116,       -0.18828209,                 0,                 0,                 0,     -0.1407304751,    0.002866012116,       -0.18828209,                 0,      -65.69479904,              -nan
          0,           0,         284,      -8.581180312,      -6.520730255,      -7.898885348,      -4.769588995,      -10.50817417,   4.328195857e-09,    0.000348113068,       70.36874418,       70.36874418,       70.36874418,       6409.460359,    0.002866011751,      -0.188282091,                 0,                 0,                 0,     -0.1407304759,    0.002866011751,      -0.188282091,                 0,      -65.69480777,              -nan
          0,           0,         285,      -8.581220899,       -6.52085539,      -7.943226916,      -4.817355418,      -10.50730427,   8.656394926e-09,   0.0006962261359,       140.7374884,       140.7374884,       140.7374884,       6409.460359,    0.002866011022,     -0.1882820929,                 0,                 0,                 0,     -0.1407304773,    0.002866011022,     -0.1882820929,                 0,      -65.69482515,              -nan
          0,           0,         286,      -8.581266316,      -6.521111875,      -7.933293028,      -4.824585132,      -10.50560613,   1.731280272e-08,    0.001392452272,       14.07374884,       14.07374884,       14.07374884,       6409.460359,    0.002866009565,     -0.1882820962,                 0,                 0,                 0,     -0.1407304791,    0.002866009565,     -0.1882820962,                 0,      -65.69485966,              -nan
          0,           0,         287,      -8.581337468,      -6.521609375,      -7.820569844,      -4.732272835,      -10.50957221,   1.731282852e-09,   0.0001392452272,       1.407374884,       1.407374884,       1.407374884,       6409.460359,    0.002866009419,     -0.1882820965,                 0,                 0,                 0,     -0.1407304793,    0.002866009419,     -0.1882820965,                 0,      -65.69486312,              -nan
          0,           0,         288,       -8.58137583,      -6.521691031,      -7.920136032,      -4.800410772,      -10.50998535,    1.73128311e-10,   1.392452272e-05,                 1,                 1,                 1,       6409.460359,    0.002866009405,     -0.1882820965,                 0,                 0,                 0,     -0.1407304794,    0.002866009405,     -0.1882820965,                 0,      -65.69486346,              -nan
          0,           0,         289,      -8.581378389,       -6.52169664,      -7.925922717,      -4.805438252,      -10.50999979,   1.230150656e-10,   9.893968464e-06,                 1,                 1,                 1,       6409.460359,    0.002866009394,     -0.1882820966,                 0,                 0,                 0,     -0.1407304794,    0.002866009394,     -0.1882820966,                 0,      -65.69486371,              -nan
          0,           0,         290,      -8.581379898,      -6.521700206,      -7.928618193,       -4.80833409,      -10.51000097,   1.230150669e-10,   9.893968464e-06,                 1,                 1,                 1,       6409.460359,    0.002866009384,     -0.1882820966,                 0,                 0,                 0,     -0.1407304794,    0.002866009384,     -0.1882820966,                 0,      -65.69486396,              -nan
          0,           0,         291,      -8.581381204,      -6.521703514,      -7.930414552,      -4.810774067,       -10.5100022,   1.230150682e-10,   9.893968464e-06,                 1,                 1,                 1,       6409.460359,    0.002866009374,     -0.1882820966,                 0,                 0,                 0,     -0.1407304794,    0.002866009374,     -0.1882820966,                 0,       -65.6948642,              -nan
          0,           0,         292,      -8.581382355,      -6.521706623,      -7.931521375,      -4.812851486,      -10.51000348,   1.230150695e-10,   9.893968464e-06,                 1,                 1,                 1,       6409.460359,    0.002866009363,     -0.1882820966,                 0,                 0,                 0,     -0.1407304794,    0.002866009363,     -0.1882820966,                 0,      -65.69486445,              -nan
          0,           0,         293,      -8.581383387,      -6.521709576,       -7.93210994,      -4.814642001,       -10.5100048,   1.230150708e-10,   9.893968464e-06,                 1,                 1,                 1,       6409.460359,    0.002866009353,     -0.1882820967,                 0,                 0,                 0,     -0.1407304794,    0.002866009353,     -0.1882820967,                 0,      -65.69486469,              -nan
          0,           0,         294,      -8.581384327,      -6.521712403,      -7.932319011,      -4.816207015,      -10.51000616,   1.230150721e-10,   9.893968464e-06,                 1,                 1,                 1,       6409.460359,    0.002866009343,     -0.1882820967,                 0,                 0,                 0,     -0.1407304794,    0.002866009343,     -0.1882820967,                 0,      -65.69486494,              -nan
          0,           0,         295,      -8.581385197,      -6.521715128,      -7.932259949,      -4.817596233,      -10.51000757,   1.230150734e-10,   9.893968464e-06,                 1,                 1,                 1,       6409.460359,    0.002866009332,     -0.1882820967,                 0,                 0,                 0,     -0.1407304795,    0.002866009332,     -0.1882820967,                 0,      -65.69486518,              -nan
          0,           0,         296,      -8.581386013,      -6.521717766,       -7.93202105,      -4.818849685,      -10.51000902,   1.230150747e-10,   9.893968464e-06,                 1,                 1,                 1,       6409.460359,    0.002866009322,     -0.1882820967,                 0,                 0,                 0,     -0.1407304795,    0.002866009322,     -0.1882820967,                 0,      -65.69486543,              -nan
          0,           0,         297,      -8.581386788,      -6.521720329,      -7.931671172,      -4.819999307,      -10.51001052,    1.23015076e-10,   9.893968464e-06,                 1,                 1,                 1,       6409.460359,    0.002866009312,     -0.1882820968,                 0,                 0,                 0,     -0.1407304795,    0.002866009312,     -0.1882820968,                 0,      -65.69486567,              -nan
          0,           0,         298,      -8.581387532,      -6.521722827,      -7.931262931,      -4.821070395,      -10.51001206,   1.230150773e-10,   9.893968464e-06,                 1,                 1,                 1,       6409.460359,    0.002866009301,     -0.1882820968,                 0,                 0,                 0,     -0.1407304795,    0.002866009301,     -0.1882820968,                 0,      -65.69486592,              -nan
          0,           0,         299,      -8.581388252,      -6.521725268,      -7.930835566,      -4.822082653,      -10.51001364,   1.230150786e-10,   9.893968464e-06,                 1,                 1,                 1,       6409.460359,    0.002866009291,     -0.1882820968,                 0,                 0,                 0,     -0.1407304795,    0.002866009291,     -0.1882820968,                 0,      -65.69486616,              -nan
          0,           0,         300,      -8.581388953,      -6.521727659,      -7.930417199,      -4.823051213,      -10.51001526,   1.230150799e-10,   9.893968464e-06,                 1,                 1,                 1,       6409.460359,    0.002866009281,     -0.1882820968,                 0,                 0,                 0,     -0.1407304795,    0.002866009281,     -0.1882820968,                 0,      -65.69486641,              -nan
          0,           0,         301,      -8.581389639,      -6.521730005,      -7.930027049,      -4.823987428,      -10.51001692,   1.230150812e-10,   9.893968464e-06,                 1,                 1,                 1,       6409.460359,     0.00286600927,     -0.1882820968,                 0,                 0,                 0,     -0.1407304795,     0.00286600927,     -0.1882820968,                 0,      -65.69486666,              -nan
          0,           0,         302,      -8.581390313,      -6.521732312,      -7.929677142,       -4.82489954,      -10.51001863,   1.230150825e-10,   9.893968464e-06,                 1,                 1,                 1,       6409.460359,     0.00286600926,     -0.1882820969,                 0,                 0,                 0,     -0.1407304796,     0.00286600926,     -0.1882820969,                 0,       -65.6948669,              -nan
          0,           0,         303,      -8.581390977,      -6.521734585,      -7.929373865,      -4.825793295,      -10.51002037,   1.230150839e-10,   9.893968464e-06,                 1,                 1,                 1,       6409.460359,     0.00286600925,     -0.1882820969,                 0,                 0,                 0,     -0.1407304796,     0.00286600925,     -0.1882820969,                 0,      -65.69486715,              -nan
          0,           0,         304,      -8.581391632,      -6.521736829,      -7.929119361,      -4.826672463,      -10.51002215,   1.230150852e-10,   9.893968464e-06,                 1,                 1,                 1,       6409.460359,    0.002866009239,     -0.1882820969,                 0,                 0,                 0,     -0.1407304796,    0.002866009239,     -0.1882820969,                 0,      -65.69486739,              -nan
          0,           0,         305,      -8.581392279,      -6.521739048,      -7.928912617,      -4.827539285,      -10.51002398,   1.230150865e-10,   9.893968464e-06,                 1,                 1,                 1,       6409.460359,    0.002866009229,     -0.1882820969,                 0,                 0,                 0,     -0.1407304796,    0.002866009229,     -0.1882820969,                 0,      -65.69486764,              -nan
          0,           0,         306,      -8.581392917,      -6.521741246,      -7.928750314,      -4.828394822,      -10.51002584,   1.230150878e-10,   9.893968464e-06,                 1,                 1,                 1,       6409.460359,    0.002866009219,      -0.188282097,                 0,                 0,                 0,     -0.1407304796,    0.002866009219,      -0.188282097,                 0,      -65.69486788,              -nan
          0,           0,         307,      -8.581393548,      -6.521743427,      -7.928627733,      -4.829239323,      -10.51002774,   1.230150891e-10,   9.893968464e-06,                 1,                 1,                 1,       6409.460359,    0.002866009208,      -0.188282097,                 0,                 0,                 0,     -0.1407304796,    0.002866009208,      -0.188282097,                 0,      -65.69486813,              -nan
          0,           0,         308,      -8.581394171,      -6.521745594,      -7.928539189,      -4.830072481,      -10.51002968,   1.230150904e-10,   9.893968464e-06,                 1,                 1,                 1,       6409.460359,    0.002866009198,      -0.188282097,                 0,                 0,                 0,     -0.1407304796,    0.002866009198,      -0.188282097,                 0,      -65.69486837,              -nan
          0,           0,         309,      -8.581394786,      -6.521747749,      -7.928478714,      -4.830893649,      -10.51003166,   1.230150917e-10,   9.893968464e-06,                 1,                 1,                 1,       6409.460359,    0.002866009188,      -0.188282097,                 0,                 0,                 0,     -0.1407304797,    0.002866009188,      -0.188282097,                 0,      -65.69486862,              -nan
          0,           0,         310,      -8.581395393,      -6.521749897,       -7.92844025,      -4.831702016,      -10.51003368,    1.23015093e-10,   9.893968464e-06,                 1,                 1,                 1,       6409.460359,    0.002866009177,     -0.1882820971,                 0,                 0,                 0,     -0.1407304797,    0.002866009177,     -0.1882820971,                 0,      -65.69486887,              -nan
          0,           0,         311,      -8.581395991,      -6.521752039,      -7.928418024,      -4.832496755,      -10.51003573,   1.230150943e-10,   9.893968464e-06,                 1,                 1,                 1,       6409.460359,    0.002866009167,     -0.1882820971,                 0,                 0,                 0,     -0.1407304797,    0.002866009167,     -0.1882820971,                 0,      -65.69486911,              -nan
          0,           0,         312,       -8.58139658,      -6.521754179,      -7.928406658,      -4.833277092,      -10.51003782,   1.230150956e-10,   9.893968464e-06,                 1,                 1,                 1,       6409.460359,    0.002866009156,     -0.1882820971,                 0,                 0,                 0,     -0.1407304797,    0.002866009156,     -0.1882820971,                 0,      -65.69486936,              -nan
          0,           0,         313,       -8.58139716,      -6.521756319,      -7.928401402,      -4.834042386,      -10.51003995,   1.230150969e-10,   9.893968464e-06,                 1,                 1,                 1,       6409.460359,    0.002866009146,     -0.1882820971,                 0,                 0,                 0,     -0.1407304797,    0.002866009146,     -0.1882820971,                 0,       -65.6948696,              -nan
          0,           0,         314,      -8.581397732,       -6.52175846,      -7.928398092,       -4.83479217,      -10.51004211,   1.230150982e-10,   9.893968464e-06,                 1,                 1,                 1,       6409.460359,    0.002866009136,     -0.1882820972,                 0,                 0,                 0,     -0.1407304797,    0.002866009136,     -0.1882820972,                 0,      -65.69486985,              -nan
          0,           0,         315,      -8.581398294,      -6.521760606,      -7.928393165,      -4.835526159,       -10.5100443,   1.230150995e-10,   9.893968464e-06,                 1,                 1,                 1,       6409.460359,    0.002866009125,     -0.1882820972,                 0,                 0,                 0,     -0.1407304797,    0.002866009125,     -0.1882820972,                 0,      -65.69487009,              -nan
          0,           0,         316,      -8.581398846,      -6.521762759,      -7.928383743,      -4.836244241,      -10.51004653,   1.230151008e-10,   9.893968464e-06,                 1,                 1,                 1,       6409.460359,    0.002866009115,     -0.1882820972,                 0,                 0,                 0,     -0.1407304798,    0.002866009115,     -0.1882820972,                 0,      -65.69487034,              -nan
          0,           0,         317,       -8.58139939,      -6.521764919,      -7.928367512,      -4.836946488,       -10.5100488,   1.230151021e-10,   9.893968464e-06,                 1,                 1,                 1,       6409.460359,    0.002866009105,     -0.1882820972,                 0,                 0,                 0,     -0.1407304798,    0.002866009105,     -0.1882820972,                 0,      -65.69487058,              -nan
          0,           0,         318,      -8.581399925,       -6.52176709,      -7.928342705,       -4.83763311,       -10.5100511,   1.230151034e-10,   9.893968464e-06,                 1,                 1,                 1,       6409.460359,    0.002866009094,     -0.1882820973,                 0,                 0,                 0,     -0.1407304798,    0.002866009094,     -0.1882820973,                 0,      -65.69487083,              -nan
          0,           0,         319,      -8.581400451,      -6.521769273,      -7.928307995,      -4.838304443,      -10.51005343,   1.230151047e-10,   9.893968464e-06,                 1,                 1,                 1,       6409.460359,    0.002866009084,     -0.1882820973,                 0,                 0,                 0,     -0.1407304798,    0.002866009084,     -0.1882820973,                 0,      -65.69487108,              -nan
          0,           0,         320,      -8.581400968,      -6.521771469,      -7.928262537,      -4.838960927,       -10.5100558,    1.23015106e-10,   9.893968464e-06,                 1,                 1,                 1,       6409.460359,    0.002866009074,     -0.1882820973,                 0,                 0,                 0,     -0.1407304798,    0.002866009074,     -0.1882820973,                 0,      -65.69487132,              -nan
          0,           0,         321,      -8.581401476,      -6.521773681,      -7.928205753,      -4.839603062,      -10.51005819,   1.230151073e-10,   9.893968464e-06,                 1,                 1,                 1,       6409.460359,    0.002866009063,     -0.1882820973,                 0,                 0,                 0,     -0.1407304798,    0.002866009063,     -0.1882820973,                 0,      -65.69487157,              -nan
          0,           0,         322,      -8.581401977,      -6.521775909,      -7.928137389,      -4.840231406,      -10.51006062,   1.230151086e-10,   9.893968464e-06,                 1,                 1,                 1,       6409.460359,    0.002866009053,     -0.1882820974,                 0,                 0,                 0,     -0.1407304798,    0.002866009053,     -0.1882820974,                 0,      -65.69487181,              -nan
          0,           0,         323,      -8.581402469,      -6.521778155,      -7.928057417,      -4.840846528,      -10.51006308,   1.230151099e-10,   9.893968464e-06,                 1,                 1,                 1,       6409.460359,    0.002866009043,     -0.1882820974,                 0,                 0,                 0,     -0.1407304799,    0.002866009043,     -0.1882820974,                 0,      -65.69487206,              -nan
          0,           0,         324,      -8.581402953,      -6.521780421,      -7.927965982,      -4.841449012,      -10.51006558,   1.230151112e-10,   9.893968464e-06,                 1,                 1,                 1,       6409.460359,    0.002866009032,     -0.1882820974,                 0,                 0,                 0,     -0.1407304799,    0.002866009032,     -0.1882820974,                 0,       -65.6948723,              -nan
          0,           0,         325,       -8.58140343,      -6.521782706,      -7.927863349,      -4.842039417,       -10.5100681,   1.230151126e-10,   9.893968464e-06,                 1,                 1,                 1,       6409.460359,    0.002866009022,     -0.1882820974,                 0,                 0,                 0,     -0.1407304799,    0.002866009022,     -0.1882820974,                 0,      -65.69487255,              -nan
          0,           0,         326,      -8.581403899,      -6.521785014,      -7.927749928,      -4.842618289,      -10.51007065,   1.230151139e-10,   9.893968464e-06,                 1,                 1,                 1,       6409.460359,    0.002866009012,     -0.1882820974,                 0,                 0,                 0,     -0.1407304799,    0.002866009012,     -0.1882820974,                 0,      -65.69487279,              -nan
          0,           0,         327,       -8.58140436,      -6.521787344,      -7.927626134,       -4.84318614,      -10.51007323,   1.230151152e-10,   9.893968464e-06,                 1,                 1,                 1,       6409.460359,    0.002866009001,     -0.1882820975,                 0,                 0,                 0,     -0.1407304799,    0.002866009001,     -0.1882820975,                 0,      -65.69487304,              -nan
          0,           0,         328,      -8.581404815,      -6.521789698,      -7.927492484,       -4.84374344,      -10.51007584,   1.230151165e-10,   9.893968464e-06,                 1,                 1,                 1,       6409.460359,    0.002866008991,     -0.1882820975,                 0,                 0,                 0,     -0.1407304799,    0.002866008991,     -0.1882820975,                 0,      -65.69487329,              -nan
          0,           0,         329,      -8.581405262,      -6.521792076,       -7.92734949,      -4.844290631,      -10.51007848,   1.230151178e-10,   9.893968464e-06,                 1,                 1,                 1,       6409.460359,    0.002866008981,     -0.1882820975,                 0,                 0,                 0,     -0.1407304799,    0.002866008981,     -0.1882820975,                 0,      -65.69487353,              -nan
          0,           0,         330,      -8.581405703,      -6.521794479,      -7.927197714,       -4.84482809,      -10.51008115,   1.230151191e-10,   9.893968464e-06,                 1,                 1,                 1,       6409.460359,     0.00286600897,     -0.1882820975,                 0,                 0,                 0,       -0.14073048,     0.00286600897,     -0.1882820975,                 0,      -65.69487378,              -nan
          0,           0,         331,      -8.581406137,      -6.521796908,      -7.927037689,      -4.845356183,      -10.51008384,   1.230151204e-10,   9.893968464e-06,                 1,                 1,                 1,       6409.460359,     0.00286600896,     -0.1882820976,                 0,                 0,                 0,       -0.14073048,     0.00286600896,     -0.1882820976,                 0,      -65.69487402,              -nan
          0,           0,         332,      -8.581406564,      -6.521799364,      -7.926869965,      -4.845875221,      -10.51008657,   1.230151217e-10,   9.893968464e-06,                 1,                 1,                 1,       6409.460359,     0.00286600895,     -0.1882820976,                 0,                 0,                 0,       -0.14073048,     0.00286600895,     -0.1882820976,                 0,      -65.69487427,              -nan
          0,           0,         333,      -8.581406984,      -6.521801847,      -7.926695094,      -4.846385485,      -10.51008931,    1.23015123e-10,   9.893968464e-06,                 1,                 1,                 1,       6409.460359,    0.002866008939,     -0.1882820976,                 0,                 0,                 0,       -0.14073048,    0.002866008939,     -0.1882820976,                 0,      -65.69487451,              -nan
          0,           0,         334,      -8.581407398,      -6.521804358,      -7.926513652,      -4.846887234,      -10.51009209,   1.230151243e-10,   9.893968464e-06,                 1,                 1,                 1,       6409.460359,    0.002866008929,     -0.1882820976,                 0,                 0,                 0,       -0.14073048,    0.002866008929,     -0.1882820976,                 0,      -65.69487476,              -nan
          0,           0,         335,      -8.581407806,      -6.521806897,      -7.926326116,      -4.847380692,      -10.51009489,   1.230151256e-10,   9.893968464e-06,                 2,                 2,                 2,       6409.460359,    0.002866008919,     -0.1882820977,                 0,                 0,                 0,       -0.14073048,    0.002866008919,     -0.1882820977,                 0,      -65.69487501,              -nan
          0,           0,         336,      -8.581408207,      -6.521809465,      -7.926133045,      -4.847866059,      -10.51006837,   2.460302538e-10,   1.978793693e-05,                 4,                 4,                 4,       6409.460359,    0.002866008898,     -0.1882820977,                 0,                 0,                 0,     -0.1407304801,    0.002866008898,     -0.1882820977,                 0,       -65.6948755,              -nan
          0,           0,         337,      -8.581409019,      -6.521814824,      -7.925886358,      -4.848872079,      -10.51001602,   4.920605181e-10,   3.957587386e-05,                 8,                 8,                 8,       6409.460359,    0.002866008856,     -0.1882820978,                 0,                 0,                 0,     -0.1407304801,    0.002866008856,     -0.1882820978,                 0,      -65.69487648,              -nan
          0,           0,         338,      -8.581410656,      -6.521826379,      -7.925832397,      -4.850964804,      -10.50991361,   9.841210779e-10,   7.915174771e-05,                16,                16,                16,       6409.460359,    0.002866008774,      -0.188282098,                 0,                 0,                 0,     -0.1407304803,    0.002866008774,      -0.188282098,                 0,      -65.69487845,              -nan
          0,           0,         339,      -8.581413865,      -6.521852405,       -7.92676485,      -4.855111947,      -10.50971483,   1.968242323e-09,   0.0001583034954,                32,                32,                32,       6409.460359,    0.002866008608,     -0.1882820984,                 0,                 0,                 0,     -0.1407304805,    0.002866008608,     -0.1882820984,                 0,      -65.69488238,              -nan
          0,           0,         340,      -8.581419661,      -6.521913537,      -7.929870841,      -4.861891481,      -10.50932825,   3.936485315e-09,   0.0003166069908,                64,                64,                64,       6409.460359,    0.002866008277,     -0.1882820992,                 0,                 0,                 0,      -0.140730481,    0.002866008277,     -0.1882820992,                 0,      -65.69489024,              -nan
          0,           0,         341,      -8.581428833,       -6.52205678,      -7.933565179,      -4.867126026,      -10.50856318,   7.872973305e-09,   0.0006332139817,               128,               128,               128,       6409.460359,    0.002866007616,     -0.1882821008,                 0,                 0,                 0,      -0.140730482,    0.002866007616,     -0.1882821008,                 0,      -65.69490595,              -nan
          0,           0,         342,      -8.581443809,      -6.522356594,      -7.919261635,      -4.848049228,      -10.50702187,   1.574595733e-08,    0.001266427963,              12.8,              12.8,              12.8,       6409.460359,    0.002866006294,     -0.1882821045,                 0,                 0,                 0,     -0.1407304851,    0.002866006294,     -0.1882821045,                 0,      -65.69493754,              -nan
          0,           0,         343,      -8.581493118,      -6.522846694,      -7.833199722,      -4.751597974,      -10.51063878,   1.574597882e-09,   0.0001266427963,              25.6,              25.6,              25.6,       6409.460359,    0.002866006162,     -0.1882821049,                 0,                 0,                 0,     -0.1407304854,    0.002866006162,     -0.1882821049,                 0,       -65.6949407,              -nan
          0,           0,         344,      -8.581525027,      -6.522926917,      -7.923287334,      -4.814330998,      -10.51029555,   3.149196194e-09,   0.0002532855926,              51.2,              51.2,              51.2,       6409.460359,    0.002866005898,     -0.1882821057,                 0,                 0,                 0,     -0.1407304862,    0.002866005898,     -0.1882821057,                 0,      -65.69494705,              -nan
          0,           0,         345,        -8.5815467,      -6.523021736,      -7.956518283,      -4.845954173,      -10.50965332,    6.29839411e-09,   0.0005065711852,             102.4,             102.4,             102.4,       6409.460359,     0.00286600537,     -0.1882821075,                 0,                 0,                 0,     -0.1407304879,     0.00286600537,     -0.1882821075,                 0,      -65.69495978,              -nan
          0,           0,         346,      -8.581574632,      -6.523210187,       -7.95847703,      -4.852322725,      -10.50840989,   1.259679511e-08,     0.00101314237,             10.24,             10.24,             10.24,       6409.460359,    0.002866004314,      -0.188282111,                 0,                 0,                 0,     -0.1407304913,    0.002866004314,      -0.188282111,                 0,      -65.69498521,              -nan
          0,           0,         347,      -8.581629774,      -6.523591643,       -7.88551178,      -4.791574236,      -10.51132316,   1.259680893e-09,    0.000101314237,             20.48,             20.48,             20.48,       6409.460359,    0.002866004208,     -0.1882821114,                 0,                 0,                 0,     -0.1407304917,    0.002866004208,     -0.1882821114,                 0,      -65.69498776,              -nan
          0,           0,         348,      -8.581649575,       -6.52364073,      -7.943152168,      -4.831187757,      -10.51104869,   2.519362062e-09,   0.0002026284741,             40.96,             40.96,             40.96,       6409.460359,    0.002866003997,     -0.1882821121,                 0,                 0,                 0,     -0.1407304924,    0.002866003997,     -0.1882821121,                 0,      -65.69499285,              -nan
          0,           0,         349,      -8.581667269,      -6.523710256,      -7.964724471,      -4.853618613,      -10.51053233,   5.038725229e-09,   0.0004052569481,             81.92,             81.92,             81.92,       6409.460359,    0.002866003575,     -0.1882821135,                 0,                 0,                 0,     -0.1407304938,    0.002866003575,     -0.1882821135,                 0,      -65.69500302,              -nan
          0,           0,         350,       -8.58169268,      -6.523858438,      -7.966598229,      -4.861565107,      -10.50953553,   1.007745489e-08,   0.0008105138962,            163.84,            163.84,            163.84,       6409.460359,    0.002866002732,     -0.1882821162,                 0,                 0,                 0,     -0.1407304963,    0.002866002732,     -0.1882821162,                 0,      -65.69502328,              -nan
          0,           0,         351,      -8.581738575,      -6.524177517,      -7.918806421,      -4.824068622,      -10.50755152,   2.015492751e-08,    0.001621027792,            16.384,            16.384,            16.384,       6409.460359,    0.002866001047,     -0.1882821203,                 0,                 0,                 0,     -0.1407304996,    0.002866001047,     -0.1882821203,                 0,      -65.69506334,              -nan
          0,           0,         352,      -8.581849461,       -6.52469739,      -7.780745112,      -4.697504668,      -10.51215314,   2.015496312e-09,   0.0001621027792,            32.768,            32.768,            32.768,       6409.460359,    0.002866000878,     -0.1882821207,                 0,                 0,                 0,     -0.1407304999,    0.002866000878,     -0.1882821207,                 0,      -65.69506735,              -nan
          0,           0,         353,      -8.581907522,      -6.524812389,        -7.9094114,      -4.785307438,      -10.51171649,   4.030993336e-09,   0.0003242055584,            65.536,            65.536,            65.536,       6409.460359,    0.002866000541,     -0.1882821216,                 0,                 0,                 0,     -0.1407305006,    0.002866000541,     -0.1882821216,                 0,      -65.69507536,              -nan
          0,           0,         354,      -8.581946791,      -6.524923696,      -7.951928347,      -4.829257537,      -10.51090378,   8.061989525e-09,   0.0006484111169,           131.072,           131.072,           131.072,       6409.460359,    0.002865999868,     -0.1882821231,                 0,                 0,                 0,     -0.1407305016,    0.002865999868,     -0.1882821231,                 0,      -65.69509132,              -nan
          0,           0,         355,       -8.58199361,      -6.525154632,      -7.945605721,      -4.837465192,      -10.50932043,   1.612399048e-08,    0.001296822234,           13.1072,           13.1072,           13.1072,       6409.460359,    0.002865998522,     -0.1882821256,                 0,                 0,                 0,      -0.140730503,    0.002865998522,     -0.1882821256,                 0,      -65.69512306,              -nan
          0,           0,         356,       -8.58206481,      -6.525617889,      -7.842174463,      -4.753564545,      -10.51302569,   1.612401339e-09,   0.0001296822234,           26.2144,           26.2144,           26.2144,       6409.460359,    0.002865998388,     -0.1882821259,                 0,                 0,                 0,     -0.1407305031,    0.002865998388,     -0.1882821259,                 0,      -65.69512624,              -nan
          0,           0,         357,      -8.582097471,      -6.525688167,      -7.930559994,      -4.814360569,      -10.51267614,   3.224803136e-09,   0.0002593644467,           52.4288,           52.4288,           52.4288,       6409.460359,    0.002865998119,     -0.1882821264,                 0,                 0,                 0,     -0.1407305034,    0.002865998119,     -0.1882821264,                 0,      -65.69513259,              -nan
          0,           0,         358,      -8.582120975,      -6.525775846,      -7.959318764,      -4.846551424,      -10.51202245,   6.449608107e-09,   0.0005187288934,          104.8576,          104.8576,          104.8576,       6409.460359,    0.002865997581,     -0.1882821275,                 0,                 0,                 0,     -0.1407305041,    0.002865997581,     -0.1882821275,                 0,      -65.69514531,              -nan
          0,           0,         359,       -8.58214801,      -6.525966786,      -7.956498476,      -4.855064455,      -10.51075365,   1.289922356e-08,    0.001037457787,          10.48576,          10.48576,          10.48576,       6409.460359,    0.002865996506,     -0.1882821299,                 0,                 0,                 0,     -0.1407305056,    0.002865996506,     -0.1882821299,                 0,      -65.69517077,              -nan
          0,           0,         360,      -8.582189505,      -6.526367626,      -7.883939382,      -4.794000502,      -10.51373366,   1.289923829e-09,   0.0001037457787,          20.97152,          20.97152,          20.97152,       6409.460359,    0.002865996399,     -0.1882821301,                 0,                 0,                 0,     -0.1407305058,    0.002865996399,     -0.1882821301,                 0,      -65.69517332,              -nan
          0,           0,         361,       -8.58220821,      -6.526418357,      -7.943025565,      -4.835646756,      -10.51345313,   2.579847952e-09,   0.0002074915573,          41.94304,          41.94304,          41.94304,       6409.460359,    0.002865996184,     -0.1882821307,                 0,                 0,                 0,     -0.1407305061,    0.002865996184,     -0.1882821307,                 0,      -65.69517842,              -nan
          0,           0,         362,      -8.582222459,      -6.526491461,      -7.963913858,      -4.859107515,      -10.51292538,   5.159697084e-09,   0.0004149831147,          83.88608,          83.88608,          83.88608,       6409.460359,    0.002865995754,     -0.1882821317,                 0,                 0,                 0,      -0.140730507,    0.002865995754,     -0.1882821317,                 0,      -65.69518865,              -nan
          0,           0,         363,      -8.582239693,      -6.526648222,      -7.964415334,      -4.866481774,       -10.5119055,   1.031939889e-08,   0.0008299662293,         167.77216,         167.77216,         167.77216,       6409.460359,    0.002865994895,     -0.1882821341,                 0,                 0,                 0,     -0.1407305089,    0.002865994895,     -0.1882821341,                 0,      -65.69520916,              -nan
          0,           0,         364,      -8.582269414,      -6.526983196,      -7.916640073,      -4.824415269,      -10.50987404,   2.063881669e-08,    0.001659932459,         16.777216,         16.777216,         16.777216,       6409.460359,     0.00286599318,     -0.1882821386,                 0,                 0,                 0,     -0.1407305125,     0.00286599318,     -0.1882821386,                 0,      -65.69525005,              -nan
          0,           0,         365,      -8.582360355,      -6.527520018,      -7.778748832,      -4.691611296,      -10.51457601,   2.063885464e-09,   0.0001659932458,         33.554432,         33.554432,         33.554432,       6409.460359,    0.002865993009,     -0.1882821391,                 0,                 0,                 0,     -0.1407305129,    0.002865993009,     -0.1882821391,                 0,      -65.69525415,              -nan
          0,           0,         366,      -8.582418219,      -6.527646012,      -7.911605011,      -4.780821263,      -10.51412732,   4.127771689e-09,   0.0003319864917,         67.108864,         67.108864,         67.108864,       6409.460359,    0.002865992666,       -0.18828214,                 0,                 0,                 0,     -0.1407305137,    0.002865992666,       -0.18828214,                 0,      -65.69526234,              -nan
          0,           0,         367,      -8.582454653,      -6.527767905,      -7.953703625,       -4.82564288,      -10.51329479,   8.255546418e-09,   0.0006639729833,        134.217728,        134.217728,        134.217728,       6409.460359,     0.00286599198,     -0.1882821418,                 0,                 0,                 0,     -0.1407305151,     0.00286599198,     -0.1882821418,                 0,      -65.69527868,              -nan
          0,           0,         368,      -8.582496201,      -6.528014523,      -7.945841862,      -4.833810513,        -10.511673,   1.651110502e-08,    0.001327945967,        13.4217728,        13.4217728,        13.4217728,       6409.460359,    0.002865990611,     -0.1882821449,                 0,                 0,                 0,      -0.140730517,    0.002865990611,     -0.1882821449,                 0,      -65.69531114,              -nan
          0,           0,         369,      -8.582562079,      -6.528495264,      -7.840486001,      -4.748175296,       -10.5154594,   1.651112944e-09,   0.0001327945967,        26.8435456,        26.8435456,        26.8435456,       6409.460359,    0.002865990474,     -0.1882821452,                 0,                 0,                 0,     -0.1407305172,    0.002865990474,     -0.1882821452,                 0,      -65.69531439,              -nan
          0,           0,         370,      -8.582595552,      -6.528572146,      -7.932450844,      -4.810690386,      -10.51510029,   3.302226377e-09,   0.0002655891933,        53.6870912,        53.6870912,        53.6870912,       6409.460359,      0.0028659902,     -0.1882821458,                 0,                 0,                 0,     -0.1407305176,      0.0028659902,     -0.1882821458,                 0,      -65.69532088,              -nan
          0,           0,         371,      -8.582618675,      -6.528666531,      -7.961583702,       -4.84401598,       -10.5144307,   6.604454711e-09,   0.0005311783866,       107.3741824,       107.3741824,       107.3741824,       6409.460359,    0.002865989652,     -0.1882821471,                 0,                 0,                 0,     -0.1407305184,    0.002865989652,     -0.1882821471,                 0,      -65.69533387,              -nan
          0,           0,         372,        -8.5826447,      -6.528867033,       -7.95796231,      -4.853334211,      -10.51313136,   1.320891726e-08,    0.001062356773,       10.73741824,       10.73741824,       10.73741824,       6409.460359,    0.002865988558,     -0.1882821497,                 0,                 0,                 0,     -0.1407305201,    0.002865988558,     -0.1882821497,                 0,      -65.69535986,              -nan
          0,           0,         373,      -8.582685883,      -6.529278563,      -7.882857694,      -4.791337142,      -10.51617825,   1.320893296e-09,   0.0001062356773,       21.47483648,       21.47483648,       21.47483648,       6409.460359,    0.002865988449,     -0.1882821499,                 0,                 0,                 0,     -0.1407305203,    0.002865988449,     -0.1882821499,                 0,      -65.69536246,              -nan
          0,           0,         374,      -8.582705367,      -6.529332178,      -7.944774813,      -4.834793071,      -10.51589058,   2.641786905e-09,   0.0002124713546,       42.94967296,       42.94967296,       42.94967296,       6409.460359,     0.00286598823,     -0.1882821505,                 0,                 0,                 0,     -0.1407305207,     0.00286598823,     -0.1882821505,                 0,      -65.69536766,              -nan
          0,           0,         375,      -8.582719838,      -6.529407966,       -7.96626946,      -4.859203954,      -10.51535035,   5.283575068e-09,   0.0004249427092,       85.89934592,       85.89934592,       85.89934592,       6409.460359,    0.002865987793,     -0.1882821517,                 0,                 0,                 0,     -0.1407305216,    0.002865987793,     -0.1882821517,                 0,       -65.6953781,              -nan
          0,           0,         376,      -8.582737201,       -6.52956918,      -7.966277714,       -4.86698436,      -10.51430646,   1.056715517e-08,   0.0008498854184,       171.7986918,       171.7986918,       171.7986918,       6409.460359,    0.002865986919,     -0.1882821542,                 0,                 0,                 0,     -0.1407305238,    0.002865986919,     -0.1882821542,                 0,      -65.69539901,              -nan
          0,           0,         377,      -8.582767593,      -6.529910449,      -7.915756891,      -4.823545278,      -10.51222655,    2.11343305e-08,    0.001699770837,       17.17986918,       17.17986918,       17.17986918,       6409.460359,    0.002865985173,     -0.1882821589,                 0,                 0,                 0,     -0.1407305277,    0.002865985173,     -0.1882821589,                 0,      -65.69544069,              -nan
          0,           0,         378,      -8.582862519,      -6.530450264,      -7.774014453,      -4.688274855,      -10.51703564,   2.113437097e-09,   0.0001699770837,       34.35973837,       34.35973837,       34.35973837,       6409.460359,    0.002865984998,     -0.1882821594,                 0,                 0,                 0,     -0.1407305281,    0.002865984998,     -0.1882821594,                 0,      -65.69544487,              -nan
          0,           0,         379,       -8.58292305,       -6.53058072,      -7.911095138,      -4.780891117,      -10.51657723,   4.226875004e-09,   0.0003399541673,       68.71947674,       68.71947674,       68.71947674,       6409.460359,    0.002865984649,     -0.1882821605,                 0,                 0,                 0,     -0.1407305289,    0.002865984649,     -0.1882821605,                 0,      -65.69545322,              -nan
          0,           0,         380,      -8.582960534,      -6.530703784,      -7.954363647,      -4.827184903,       -10.5157264,    8.45375325e-09,   0.0006799083346,       137.4389535,       137.4389535,       137.4389535,       6409.460359,    0.002865983951,     -0.1882821624,                 0,                 0,                 0,     -0.1407305304,    0.002865983951,     -0.1882821624,                 0,      -65.69546988,              -nan
          0,           0,         381,      -8.583003001,      -6.530954303,      -7.945231101,      -4.834840605,      -10.51406707,   1.690751949e-08,    0.001359816669,       13.74389535,       13.74389535,       13.74389535,       6409.460359,    0.002865982557,     -0.1882821656,                 0,                 0,                 0,     -0.1407305324,    0.002865982557,     -0.1882821656,                 0,      -65.69550296,              -nan
          0,           0,         382,      -8.583071883,      -6.531441707,      -7.835507573,      -4.745938673,      -10.51794084,   1.690754553e-09,   0.0001359816669,       27.48779069,       27.48779069,       27.48779069,       6409.460359,    0.002865982418,     -0.1882821659,                 0,                 0,                 0,     -0.1407305327,    0.002865982418,     -0.1882821659,                 0,      -65.69550627,              -nan
          0,           0,         383,       -8.58310724,      -6.531520124,      -7.931439959,      -4.811459166,       -10.5175739,   3.381509627e-09,   0.0002719633338,       54.97558139,       54.97558139,       54.97558139,       6409.460359,    0.002865982139,     -0.1882821666,                 0,                 0,                 0,     -0.1407305331,    0.002865982139,     -0.1882821666,                 0,       -65.6955129,              -nan
          0,           0,         384,       -8.58313149,      -6.531615086,      -7.961909288,      -4.846046921,      -10.51688949,    6.76302134e-09,   0.0005439266676,       109.9511628,       109.9511628,       109.9511628,       6409.460359,    0.002865981582,     -0.1882821679,                 0,                 0,                 0,      -0.140730534,    0.002865981582,     -0.1882821679,                 0,      -65.69552614,              -nan
          0,           0,         385,      -8.583159106,      -6.531818641,      -7.957944648,      -4.855066797,      -10.51555985,   1.352605103e-08,    0.001087853335,       10.99511628,       10.99511628,       10.99511628,       6409.460359,    0.002865980469,     -0.1882821707,                 0,                 0,                 0,     -0.1407305358,    0.002865980469,     -0.1882821707,                 0,      -65.69555262,              -nan
          0,           0,         386,       -8.58320468,      -6.532237036,      -7.879157024,      -4.790066564,      -10.51867772,   1.352606777e-09,   0.0001087853335,       21.99023256,       21.99023256,       21.99023256,       6409.460359,    0.002865980357,      -0.188282171,                 0,                 0,                 0,      -0.140730536,    0.002865980357,      -0.188282171,                 0,      -65.69555527,              -nan
          0,           0,         387,      -8.583225563,      -6.532291588,      -7.944282296,      -4.835774128,      -10.51838354,   2.705213889e-09,    0.000217570667,       43.98046511,       43.98046511,       43.98046511,       6409.460359,    0.002865980135,     -0.1882821716,                 0,                 0,                 0,     -0.1407305365,    0.002865980135,     -0.1882821716,                 0,      -65.69556058,              -nan
          0,           0,         388,      -8.583241326,      -6.532368141,      -7.966902729,      -4.861185995,      -10.51783113,   5.410429119e-09,    0.000435141334,       87.96093022,       87.96093022,       87.96093022,       6409.460359,     0.00286597969,     -0.1882821728,                 0,                 0,                 0,     -0.1407305374,     0.00286597969,     -0.1882821728,                 0,      -65.69557121,              -nan
          0,           0,         389,      -8.583260872,        -6.5325321,      -7.966933785,      -4.868924419,      -10.51676284,    1.08208636e-08,    0.000870282668,       175.9218604,       175.9218604,       175.9218604,       6409.460359,      0.0028659788,     -0.1882821754,                 0,                 0,                 0,     -0.1407305396,      0.0028659788,     -0.1882821754,                 0,      -65.69559251,              -nan
          0,           0,         390,      -8.583296134,          -6.53288,      -7.913617826,      -4.823229576,      -10.51463362,   2.164174871e-08,    0.001740565336,       17.59218604,       17.59218604,       17.59218604,       6409.460359,    0.002865977023,     -0.1882821802,                 0,                 0,                 0,     -0.1407305434,    0.002865977023,     -0.1882821802,                 0,      -65.69563492,              -nan
          0,           0,         391,      -8.583402023,         -6.533428,      -7.768916261,      -4.684937829,      -10.51955483,   2.164179186e-09,   0.0001740565336,       35.18437209,       35.18437209,       35.18437209,       6409.460359,    0.002865976846,     -0.1882821807,                 0,                 0,                 0,     -0.1407305438,    0.002865976846,     -0.1882821807,                 0,      -65.69563917,              -nan
          0,           0,         392,       -8.58346582,      -6.533562569,      -7.910071216,      -4.780573759,      -10.51908631,   4.328359236e-09,   0.0003481130671,       70.36874418,       70.36874418,       70.36874418,       6409.460359,     0.00286597649,     -0.1882821817,                 0,                 0,                 0,     -0.1407305446,     0.00286597649,     -0.1882821817,                 0,      -65.69564766,              -nan
          0,           0,         393,      -8.583505647,       -6.53368807,      -7.954379153,      -4.828325356,      -10.51821644,   8.656721929e-09,   0.0006962261342,       140.7374884,       140.7374884,       140.7374884,       6409.460359,     0.00286597578,     -0.1882821836,                 0,                 0,                 0,      -0.140730546,     0.00286597578,     -0.1882821836,                 0,      -65.69566458,              -nan
          0,           0,         394,       -8.58355108,       -6.53394506,      -7.944382674,      -4.835558762,      -10.51651833,   1.731345771e-08,    0.001392452268,       14.07374884,       14.07374884,       14.07374884,       6409.460359,    0.002865974362,     -0.1882821867,                 0,                 0,                 0,     -0.1407305478,    0.002865974362,     -0.1882821867,                 0,      -65.69569819,              -nan
          0,           0,         395,      -8.583623868,      -6.534443087,      -7.831707543,      -4.743283501,      -10.52048273,   1.731348548e-09,   0.0001392452268,       1.407374884,       1.407374884,       1.407374884,       6409.460359,     0.00286597422,      -0.188282187,                 0,                 0,                 0,      -0.140730548,     0.00286597422,      -0.188282187,                 0,      -65.69570156,              -nan
          0,           0,         396,      -8.583661034,      -6.534525008,      -7.931287494,      -4.811356329,      -10.52089571,   1.731348826e-10,   1.392452268e-05,                 1,                 1,                 1,       6409.460359,    0.002865974206,     -0.1882821871,                 0,                 0,                 0,      -0.140730548,    0.002865974206,     -0.1882821871,                 0,      -65.69570189,              -nan
          0,           0,         397,      -8.583663524,      -6.534530634,      -7.937075564,       -4.81638044,      -10.52091014,   1.230197351e-10,   9.893968441e-06,                 1,                 1,                 1,       6409.460359,    0.002865974196,     -0.1882821871,                 0,                 0,                 0,      -0.140730548,    0.002865974196,     -0.1882821871,                 0,      -65.69570213,              -nan
          0,           0,         398,      -8.583664996,      -6.534534211,      -7.939771491,       -4.81927474,      -10.52091132,   1.230197365e-10,   9.893968441e-06,                 1,                 1,                 1,       6409.460359,    0.002865974186,     -0.1882821871,                 0,                 0,                 0,     -0.1407305481,    0.002865974186,     -0.1882821871,                 0,      -65.69570237,              -nan
          0,           0,         399,      -8.583666274,      -6.534537529,      -7.941568014,      -4.821713708,      -10.52091254,   1.230197379e-10,   9.893968441e-06,                 1,                 1,                 1,       6409.460359,    0.002865974176,     -0.1882821871,                 0,                 0,                 0,     -0.1407305481,    0.002865974176,     -0.1882821871,                 0,      -65.69570261,              -nan
          0,           0,         400,      -8.583667401,      -6.534540646,      -7.942674734,      -4.823790501,      -10.52091381,   1.230197393e-10,   9.893968441e-06,                 1,                 1,                 1,       6409.460359,    0.002865974166,     -0.1882821872,                 0,                 0,                 0,     -0.1407305481,    0.002865974166,     -0.1882821872,                 0,      -65.69570285,              -nan
          0,           0,         401,      -8.583668414,      -6.534543605,      -7.943263099,      -4.825580689,      -10.52091512,   1.230197407e-10,   9.893968441e-06,                 1,                 1,                 1,       6409.460359,    0.002865974155,     -0.1882821872,                 0,                 0,                 0,     -0.1407305481,    0.002865974155,     -0.1882821872,                 0,      -65.69570309,              -nan
          0,           0,         402,      -8.583669338,      -6.534546439,      -7.943471897,      -4.827145577,      -10.52091648,   1.230197421e-10,   9.893968441e-06,                 1,                 1,                 1,       6409.460359,    0.002865974145,     -0.1882821872,                 0,                 0,                 0,     -0.1407305481,    0.002865974145,     -0.1882821872,                 0,      -65.69570333,              -nan
          0,           0,         403,      -8.583670196,      -6.534549169,      -7.943412552,      -4.828534832,      -10.52091788,   1.230197435e-10,   9.893968441e-06,                 1,                 1,                 1,       6409.460359,    0.002865974135,     -0.1882821872,                 0,                 0,                 0,     -0.1407305481,    0.002865974135,     -0.1882821872,                 0,      -65.69570357,              -nan
          0,           0,         404,      -8.583671001,      -6.534551811,      -7.943173339,      -4.829788418,      -10.52091932,   1.230197449e-10,   9.893968441e-06,                 1,                 1,                 1,       6409.460359,    0.002865974125,     -0.1882821872,                 0,                 0,                 0,     -0.1407305481,    0.002865974125,     -0.1882821872,                 0,      -65.69570381,              -nan
          0,           0,         405,      -8.583671768,      -6.534554378,      -7.942823178,      -4.830938285,      -10.52092081,   1.230197463e-10,   9.893968441e-06,                 1,                 1,                 1,       6409.460359,    0.002865974115,     -0.1882821873,                 0,                 0,                 0,     -0.1407305481,    0.002865974115,     -0.1882821873,                 0,      -65.69570405,              -nan
          0,           0,         406,      -8.583672505,      -6.534556879,      -7.942414693,      -4.832009666,      -10.52092234,   1.230197477e-10,   9.893968441e-06,                 1,                 1,                 1,       6409.460359,    0.002865974105,     -0.1882821873,                 0,                 0,                 0,     -0.1407305482,    0.002865974105,     -0.1882821873,                 0,      -65.69570428,              -nan
          0,           0,         407,      -8.583673218,      -6.534559322,       -7.94198713,       -4.83302227,      -10.52092392,   1.230197491e-10,   9.893968441e-06,                 1,                 1,                 1,       6409.460359,    0.002865974095,     -0.1882821873,                 0,                 0,                 0,     -0.1407305482,    0.002865974095,     -0.1882821873,                 0,      -65.69570452,              -nan
          0,           0,         408,      -8.583673913,      -6.534561715,      -7.941568623,      -4.833991213,      -10.52092553,   1.230197505e-10,   9.893968441e-06,                 1,                 1,                 1,       6409.460359,    0.002865974085,     -0.1882821873,                 0,                 0,                 0,     -0.1407305482,    0.002865974085,     -0.1882821873,                 0,      -65.69570476,              -nan
          0,           0,         409,      -8.583674594,      -6.534564062,      -7.941178392,      -4.834927832,      -10.52092719,   1.230197519e-10,   9.893968441e-06,                 1,                 1,                 1,       6409.460359,    0.002865974075,     -0.1882821874,                 0,                 0,                 0,     -0.1407305482,    0.002865974075,     -0.1882821874,                 0,        -65.695705,              -nan
          0,           0,         410,      -8.583675264,       -6.53456637,      -7.940828402,      -4.835840356,      -10.52092888,   1.230197533e-10,   9.893968441e-06,                 1,                 1,                 1,       6409.460359,    0.002865974065,     -0.1882821874,                 0,                 0,                 0,     -0.1407305482,    0.002865974065,     -0.1882821874,                 0,      -65.69570524,              -nan
          0,           0,         411,      -8.583675923,      -6.534568643,      -7.940525108,      -4.836734535,      -10.52093062,   1.230197547e-10,   9.893968441e-06,                 1,                 1,                 1,       6409.460359,    0.002865974055,     -0.1882821874,                 0,                 0,                 0,     -0.1407305482,    0.002865974055,     -0.1882821874,                 0,      -65.69570548,              -nan
          0,           0,         412,      -8.583676574,      -6.534570887,      -7.940270579,      -4.837614127,       -10.5209324,   1.230197561e-10,   9.893968441e-06,                 1,                 1,                 1,       6409.460359,    0.002865974045,     -0.1882821874,                 0,                 0,                 0,     -0.1407305482,    0.002865974045,     -0.1882821874,                 0,      -65.69570572,              -nan
          0,           0,         413,      -8.583677217,      -6.534573106,      -7.940063812,      -4.838481359,      -10.52093422,   1.230197575e-10,   9.893968441e-06,                 1,                 1,                 1,       6409.460359,    0.002865974035,     -0.1882821875,                 0,                 0,                 0,     -0.1407305483,    0.002865974035,     -0.1882821875,                 0,      -65.69570596,              -nan
          0,           0,         414,      -8.583677853,      -6.534575304,       -7.93990149,      -4.839337289,      -10.52093607,   1.230197589e-10,   9.893968441e-06,                 1,                 1,                 1,       6409.460359,    0.002865974024,     -0.1882821875,                 0,                 0,                 0,     -0.1407305483,    0.002865974024,     -0.1882821875,                 0,       -65.6957062,              -nan
          0,           0,         415,       -8.58367848,      -6.534577483,       -7.93977885,      -4.840182173,      -10.52093797,   1.230197603e-10,   9.893968441e-06,                 1,                 1,                 1,       6409.460359,    0.002865974014,     -0.1882821875,                 0,                 0,                 0,     -0.1407305483,    0.002865974014,     -0.1882821875,                 0,      -65.69570644,              -nan
          0,           0,         416,      -8.583679101,      -6.534579649,      -7.939690255,      -4.841015685,       -10.5209399,   1.230197618e-10,   9.893968441e-06,                 1,                 1,                 1,       6409.460359,    0.002865974004,     -0.1882821875,                 0,                 0,                 0,     -0.1407305483,    0.002865974004,     -0.1882821875,                 0,      -65.69570668,              -nan
          0,           0,         417,      -8.583679713,      -6.534581803,      -7.939629674,      -4.841837191,      -10.52094187,   1.230197632e-10,   9.893968441e-06,                 1,                 1,                 1,       6409.460359,    0.002865973994,     -0.1882821875,                 0,                 0,                 0,     -0.1407305483,    0.002865973994,     -0.1882821875,                 0,      -65.69570691,              -nan
          0,           0,         418,      -8.583680317,      -6.534583949,      -7.939591063,      -4.842645873,      -10.52094388,   1.230197646e-10,   9.893968441e-06,                 1,                 1,                 1,       6409.460359,    0.002865973984,     -0.1882821876,                 0,                 0,                 0,     -0.1407305483,    0.002865973984,     -0.1882821876,                 0,      -65.69570715,              -nan
          0,           0,         419,      -8.583680913,       -6.53458609,      -7.939568624,      -4.843440894,      -10.52094593,    1.23019766e-10,   9.893968441e-06,                 1,                 1,                 1,       6409.460359,    0.002865973974,     -0.1882821876,                 0,                 0,                 0,     -0.1407305483,    0.002865973974,     -0.1882821876,                 0,      -65.69570739,              -nan
          0,           0,         420,      -8.583681501,      -6.534588228,      -7.939557028,      -4.844221496,      -10.52094801,   1.230197674e-10,   9.893968441e-06,                 1,                 1,                 1,       6409.460359,    0.002865973964,     -0.1882821876,                 0,                 0,                 0,     -0.1407305484,    0.002865973964,     -0.1882821876,                 0,      -65.69570763,              -nan
          0,           0,         421,       -8.58368208,      -6.534590366,      -7.939551472,      -4.844987026,      -10.52095013,   1.230197688e-10,   9.893968441e-06,                 1,                 1,                 1,       6409.460359,    0.002865973954,     -0.1882821876,                 0,                 0,                 0,     -0.1407305484,    0.002865973954,     -0.1882821876,                 0,      -65.69570787,              -nan
          0,           0,         422,       -8.58368265,      -6.534592506,      -7.939547786,      -4.845737031,      -10.52095228,   1.230197702e-10,   9.893968441e-06,                 1,                 1,                 1,       6409.460359,    0.002865973944,     -0.1882821877,                 0,                 0,                 0,     -0.1407305484,    0.002865973944,     -0.1882821877,                 0,      -65.69570811,              -nan
          0,           0,         423,      -8.583683211,       -6.53459465,      -7.939542442,      -4.846471211,      -10.52095447,   1.230197716e-10,   9.893968441e-06,                 1,                 1,                 1,       6409.460359,    0.002865973934,     -0.1882821877,                 0,                 0,                 0,     -0.1407305484,    0.002865973934,     -0.1882821877,                 0,      -65.69570835,              -nan
          0,           0,         424,      -8.583683764,        -6.5345968,      -7.939532534,      -4.847189474,       -10.5209567,    1.23019773e-10,   9.893968441e-06,                 1,                 1,                 1,       6409.460359,    0.002865973924,     -0.1882821877,                 0,                 0,                 0,     -0.1407305484,    0.002865973924,     -0.1882821877,                 0,      -65.69570859,              -nan
          0,           0,         425,      -8.583684307,      -6.534598959,      -7.939515741,      -4.847891878,      -10.52095896,   1.230197744e-10,   9.893968441e-06,                 1,                 1,                 1,       6409.460359,    0.002865973914,     -0.1882821877,                 0,                 0,                 0,     -0.1407305484,    0.002865973914,     -0.1882821877,                 0,      -65.69570883,              -nan
          0,           0,         426,      -8.583684842,      -6.534601127,      -7.939490314,      -4.848578634,      -10.52096125,   1.230197758e-10,   9.893968441e-06,                 1,                 1,                 1,       6409.460359,    0.002865973904,     -0.1882821878,                 0,                 0,                 0,     -0.1407305484,    0.002865973904,     -0.1882821878,                 0,      -65.69570907,              -nan
          0,           0,         427,      -8.583685368,      -6.534603308,      -7.939454952,      -4.849250092,      -10.52096357,   1.230197772e-10,   9.893968441e-06,                 1,                 1,                 1,       6409.460359,    0.002865973893,     -0.1882821878,                 0,                 0,                 0,     -0.1407305485,    0.002865973893,     -0.1882821878,                 0,      -65.69570931,              -nan
          0,           0,         428,      -8.583685886,      -6.534605502,      -7.939408754,       -4.84990668,      -10.52096593,   1.230197786e-10,   9.893968441e-06,                 1,                 1,                 1,       6409.460359,    0.002865973883,     -0.1882821878,                 0,                 0,                 0,     -0.1407305485,    0.002865973883,     -0.1882821878,                 0,      -65.69570954,              -nan
          0,           0,         429,      -8.583686396,      -6.534607712,      -7.939351191,      -4.850548918,      -10.52096832,     1.2301978e-10,   9.893968441e-06,                 1,                 1,                 1,       6409.460359,    0.002865973873,     -0.1882821878,                 0,                 0,                 0,     -0.1407305485,    0.002865973873,     -0.1882821878,                 0,      -65.69570978,              -nan
          0,           0,         430,      -8.583686897,      -6.534609938,         -7.939282,       -4.85117734,      -10.52097075,   1.230197814e-10,   9.893968441e-06,                 1,                 1,                 1,       6409.460359,    0.002865973863,     -0.1882821879,                 0,                 0,                 0,     -0.1407305485,    0.002865973863,     -0.1882821879,                 0,      -65.69571002,              -nan
          0,           0,         431,      -8.583687391,      -6.534612182,      -7.939201143,      -4.851792534,       -10.5209732,   1.230197828e-10,   9.893968441e-06,                 1,                 1,                 1,       6409.460359,    0.002865973853,     -0.1882821879,                 0,                 0,                 0,     -0.1407305485,    0.002865973853,     -0.1882821879,                 0,      -65.69571026,              -nan
          0,           0,         432,      -8.583687877,      -6.534614446,      -7.939108786,      -4.852395076,      -10.52097568,   1.230197842e-10,   9.893968441e-06,                 1,                 1,                 1,       6409.460359,    0.002865973843,     -0.1882821879,                 0,                 0,                 0,     -0.1407305485,    0.002865973843,     -0.1882821879,                 0,       -65.6957105,              -nan
          0,           0,         433,      -8.583688356,       -6.53461673,      -7.939005208,      -4.852985532,       -10.5209782,   1.230197856e-10,   9.893968441e-06,                 1,                 1,                 1,       6409.460359,    0.002865973833,     -0.1882821879,                 0,                 0,                 0,     -0.1407305485,    0.002865973833,     -0.1882821879,                 0,      -65.69571074,              -nan
          0,           0,         434,      -8.583688827,      -6.534619036,      -7.938890771,      -4.853564447,      -10.52098075,    1.23019787e-10,   9.893968441e-06,                 1,                 1,                 1,       6409.460359,    0.002865973823,     -0.1882821879,                 0,                 0,                 0,     -0.1407305486,    0.002865973823,     -0.1882821879,                 0,      -65.69571098,              -nan
          0,           0,         435,      -8.583689292,      -6.534621364,      -7.938765945,       -4.85413233,      -10.52098332,   1.230197884e-10,   9.893968441e-06,                 1,                 1,                 1,       6409.460359,    0.002865973813,      -0.188282188,                 0,                 0,                 0,     -0.1407305486,    0.002865973813,      -0.188282188,                 0,      -65.69571122,              -nan
          0,           0,         436,      -8.583689749,      -6.534623717,      -7.938631223,      -4.854689659,      -10.52098592,   1.230197898e-10,   9.893968441e-06,                 1,                 1,                 1,       6409.460359,    0.002865973803,      -0.188282188,                 0,                 0,                 0,     -0.1407305486,    0.002865973803,      -0.188282188,                 0,      -65.69571146,              -nan
          0,           0,         437,      -8.583690199,      -6.534626093,      -7.938487136,      -4.855236859,      -10.52098856,   1.230197912e-10,   9.893968441e-06,                 1,                 1,                 1,       6409.460359,    0.002865973793,      -0.188282188,                 0,                 0,                 0,     -0.1407305486,    0.002865973793,      -0.188282188,                 0,       -65.6957117,              -nan
          0,           0,         438,      -8.583690643,      -6.534628495,      -7.938334215,      -4.855774331,      -10.52099122,   1.230197926e-10,   9.893968441e-06,                 1,                 1,                 1,       6409.460359,    0.002865973783,      -0.188282188,                 0,                 0,                 0,     -0.1407305486,    0.002865973783,      -0.188282188,                 0,      -65.69571194,              -nan
          0,           0,         439,       -8.58369108,      -6.534630924,      -7.938173035,      -4.856302427,      -10.52099391,    1.23019794e-10,   9.893968441e-06,                 1,                 1,                 1,       6409.460359,    0.002865973773,     -0.1882821881,                 0,                 0,                 0,     -0.1407305486,    0.002865973773,     -0.1882821881,                 0,      -65.69571218,              -nan
          0,           0,         440,      -8.583691511,      -6.534633379,      -7.938004149,      -4.856821464,      -10.52099662,   1.230197954e-10,   9.893968441e-06,                 1,                 1,                 1,       6409.460359,    0.002865973762,     -0.1882821881,                 0,                 0,                 0,     -0.1407305486,    0.002865973762,     -0.1882821881,                 0,      -65.69571242,              -nan
          0,           0,         441,      -8.583691936,      -6.534635861,      -7.937828097,      -4.857331718,      -10.52099936,   1.230197969e-10,   9.893968441e-06,                 1,                 1,                 1,       6409.460359,    0.002865973752,     -0.1882821881,                 0,                 0,                 0,     -0.1407305487,    0.002865973752,     -0.1882821881,                 0,      -65.69571265,              -nan
          0,           0,         442,      -8.583692354,      -6.534638371,      -7.937645392,      -4.857833449,      -10.52100213,   1.230197983e-10,   9.893968441e-06,                 1,                 1,                 1,       6409.460359,    0.002865973742,     -0.1882821881,                 0,                 0,                 0,     -0.1407305487,    0.002865973742,     -0.1882821881,                 0,      -65.69571289,              -nan
          0,           0,         443,      -8.583692765,       -6.53464091,      -7.937456638,      -4.858326882,      -10.52100492,   1.230197997e-10,   9.893968441e-06,                 2,                 2,                 2,       6409.460359,    0.002865973732,     -0.1882821882,                 0,                 0,                 0,     -0.1407305487,    0.002865973732,     -0.1882821882,                 0,      -65.69571313,              -nan
          0,           0,         444,      -8.583693171,      -6.534643478,      -7.937262307,      -4.858812219,       -10.5209784,   2.460396021e-10,   1.978793688e-05,                 4,                 4,                 4,       6409.460359,    0.002865973712,     -0.1882821882,                 0,                 0,                 0,     -0.1407305487,    0.002865973712,     -0.1882821882,                 0,      -65.69571361,              -nan
          0,           0,         445,      -8.583693991,      -6.534648838,      -7.937013171,      -4.859818083,      -10.52092605,   4.920792155e-10,   3.957587376e-05,                 8,                 8,                 8,       6409.460359,    0.002865973672,     -0.1882821883,                 0,                 0,                 0,     -0.1407305488,    0.002865973672,     -0.1882821883,                 0,      -65.69571457,              -nan
          0,           0,         446,      -8.583695644,      -6.534660401,      -7.936954393,       -4.86191018,      -10.52082363,    9.84158476e-10,   7.915174752e-05,                16,                16,                16,       6409.460359,    0.002865973591,     -0.1882821885,                 0,                 0,                 0,     -0.1407305489,    0.002865973591,     -0.1882821885,                 0,      -65.69571649,              -nan
          0,           0,         447,      -8.583698887,      -6.534686462,      -7.937877283,      -4.866055156,      -10.52062484,   1.968317132e-09,    0.000158303495,                32,                32,                32,       6409.460359,     0.00286597343,     -0.1882821889,                 0,                 0,                 0,     -0.1407305492,     0.00286597343,     -0.1882821889,                 0,      -65.69572032,              -nan
          0,           0,         448,      -8.583704773,      -6.534747723,      -7.940965242,       -4.87282927,      -10.52023826,   3.936634983e-09,   0.0003166069901,                64,                64,                64,       6409.460359,    0.002865973108,     -0.1882821897,                 0,                 0,                 0,     -0.1407305496,    0.002865973108,     -0.1882821897,                 0,      -65.69572797,              -nan
          0,           0,         449,      -8.583714229,      -6.534891362,      -7.944633617,      -4.878058521,       -10.5194732,   7.873272845e-09,   0.0006332139802,               128,               128,               128,       6409.460359,    0.002865972464,     -0.1882821912,                 0,                 0,                 0,     -0.1407305506,    0.002865972464,     -0.1882821912,                 0,      -65.69574327,              -nan
          0,           0,         450,      -8.583730035,      -6.535192023,       -7.93032963,      -4.859000633,      -10.51793194,   1.574655722e-08,     0.00126642796,              12.8,              12.8,              12.8,       6409.460359,    0.002865971177,     -0.1882821948,                 0,                 0,                 0,     -0.1407305537,    0.002865971177,     -0.1882821948,                 0,      -65.69577404,              -nan
          0,           0,         451,      -8.583781276,      -6.535682981,      -7.844388298,      -4.762636709,      -10.52154731,   1.574658034e-09,    0.000126642796,              25.6,              25.6,              25.6,       6409.460359,    0.002865971048,     -0.1882821952,                 0,                 0,                 0,      -0.140730554,    0.002865971048,     -0.1882821952,                 0,      -65.69577713,              -nan
          0,           0,         452,      -8.583812182,      -6.535763362,      -7.934475387,      -4.825262372,      -10.52120407,    3.14931653e-09,    0.000253285592,              51.2,              51.2,              51.2,       6409.460359,    0.002865970791,      -0.188282196,                 0,                 0,                 0,     -0.1407305548,    0.002865970791,      -0.188282196,                 0,      -65.69578331,              -nan
          0,           0,         453,      -8.583833601,      -6.535858409,      -7.967695923,      -4.856848113,      -10.52056184,   6.298634913e-09,   0.0005065711841,             102.4,             102.4,             102.4,       6409.460359,    0.002865970276,     -0.1882821978,                 0,                 0,                 0,     -0.1407305564,    0.002865970276,     -0.1882821978,                 0,      -65.69579571,              -nan
          0,           0,         454,      -8.583861753,      -6.536047277,      -7.969632941,      -4.863224312,      -10.51931847,   1.259727724e-08,    0.001013142368,             10.24,             10.24,             10.24,       6409.460359,    0.002865969248,     -0.1882822012,                 0,                 0,                 0,     -0.1407305598,    0.002865969248,     -0.1882822012,                 0,      -65.69582049,              -nan
          0,           0,         455,      -8.583917925,      -6.536429577,      -7.896681637,      -4.802566925,       -10.5222305,   1.259729209e-09,   0.0001013142368,             20.48,             20.48,             20.48,       6409.460359,    0.002865969145,     -0.1882822016,                 0,                 0,                 0,     -0.1407305602,    0.002865969145,     -0.1882822016,                 0,      -65.69582297,              -nan
          0,           0,         456,      -8.583937179,      -6.536478668,      -7.954324852,      -4.842095821,      -10.52195603,   2.519458716e-09,   0.0002026284736,             40.96,             40.96,             40.96,       6409.460359,     0.00286596894,     -0.1882822023,                 0,                 0,                 0,     -0.1407305609,     0.00286596894,     -0.1882822023,                 0,      -65.69582793,              -nan
          0,           0,         457,      -8.583954698,      -6.536548322,      -7.975890435,      -4.864499783,      -10.52143968,    5.03891862e-09,   0.0004052569472,             81.92,             81.92,             81.92,       6409.460359,    0.002865968529,     -0.1882822037,                 0,                 0,                 0,     -0.1407305622,    0.002865968529,     -0.1882822037,                 0,      -65.69583784,              -nan
          0,           0,         458,      -8.583980212,      -6.536696837,      -7.977742179,       -4.87245252,      -10.52044292,     1.0077842e-08,   0.0008105138944,            163.84,            163.84,            163.84,       6409.460359,    0.002865967707,     -0.1882822063,                 0,                 0,                 0,     -0.1407305647,    0.002865967707,     -0.1882822063,                 0,      -65.69585758,              -nan
          0,           0,         459,      -8.584026773,      -6.537016735,      -7.929940351,      -4.835026431,      -10.51845901,   2.015570308e-08,    0.001621027789,            16.384,            16.384,            16.384,       6409.460359,    0.002865966066,     -0.1882822104,                 0,                 0,                 0,     -0.1407305679,    0.002865966066,     -0.1882822104,                 0,      -65.69589662,              -nan
          0,           0,         460,      -8.584139512,       -6.53753742,      -7.791987924,      -4.708613851,      -10.52305859,   2.015574134e-09,   0.0001621027788,            32.768,            32.768,            32.768,       6409.460359,    0.002865965902,     -0.1882822108,                 0,                 0,                 0,     -0.1407305682,    0.002865965902,     -0.1882822108,                 0,      -65.69590053,              -nan
          0,           0,         461,      -8.584195661,      -6.537652485,      -7.920624689,      -4.796235063,      -10.52262197,   4.031149034e-09,   0.0003242055577,            65.536,            65.536,            65.536,       6409.460359,    0.002865965574,     -0.1882822117,                 0,                 0,                 0,     -0.1407305689,    0.002865965574,     -0.1882822117,                 0,      -65.69590834,              -nan
          0,           0,         462,      -8.584234276,      -6.537764078,      -7.963099185,      -4.840142868,      -10.52180932,   8.062301134e-09,   0.0006484111154,           131.072,           131.072,           131.072,       6409.460359,    0.002865964918,     -0.1882822131,                 0,                 0,                 0,     -0.1407305699,    0.002865964918,     -0.1882822131,                 0,      -65.69592389,              -nan
          0,           0,         463,      -8.584281076,      -6.537995619,      -7.956709852,      -4.848385208,      -10.52022611,   1.612461455e-08,    0.001296822231,           13.1072,           13.1072,           13.1072,       6409.460359,    0.002865963608,     -0.1882822157,                 0,                 0,                 0,     -0.1407305712,    0.002865963608,     -0.1882822157,                 0,      -65.69595482,              -nan
          0,           0,         464,      -8.584353538,      -6.538459955,       -7.85325872,      -4.764585962,      -10.52392973,   1.612463916e-09,   0.0001296822231,           26.2144,           26.2144,           26.2144,       6409.460359,    0.002865963477,      -0.188282216,                 0,                 0,                 0,     -0.1407305714,    0.002865963477,      -0.188282216,                 0,      -65.69595792,              -nan
          0,           0,         465,      -8.584385193,      -6.538530206,      -7.941638815,      -4.825278314,       -10.5235802,   3.224928325e-09,   0.0002593644461,           52.4288,           52.4288,           52.4288,       6409.460359,    0.002865963215,     -0.1882822165,                 0,                 0,                 0,     -0.1407305717,    0.002865963215,     -0.1882822165,                 0,      -65.69596411,              -nan
          0,           0,         466,      -8.584408381,      -6.538618062,      -7.970376891,      -4.857447169,      -10.52292653,   6.449858621e-09,   0.0005187288922,          104.8576,          104.8576,          104.8576,       6409.460359,    0.002865962691,     -0.1882822176,                 0,                 0,                 0,     -0.1407305723,    0.002865962691,     -0.1882822176,                 0,       -65.6959765,              -nan
          0,           0,         467,      -8.584435578,      -6.538809481,      -7.967514808,      -4.865980026,      -10.52165784,   1.289972513e-08,    0.001037457784,          10.48576,          10.48576,          10.48576,       6409.460359,    0.002865961644,       -0.18828222,                 0,                 0,                 0,     -0.1407305738,    0.002865961644,       -0.18828222,                 0,      -65.69600132,              -nan
          0,           0,         468,       -8.58447817,      -6.539211358,      -7.894931263,      -4.804982225,      -10.52463653,   1.289974095e-09,   0.0001037457784,          20.97152,          20.97152,          20.97152,       6409.460359,     0.00286596154,     -0.1882822202,                 0,                 0,                 0,      -0.140730574,     0.00286596154,     -0.1882822202,                 0,      -65.69600381,              -nan
          0,           0,         469,      -8.584496329,      -6.539262111,      -7.954011984,      -4.846571266,        -10.524356,   2.579948506e-09,   0.0002074915569,          41.94304,          41.94304,          41.94304,       6409.460359,     0.00286596133,     -0.1882822207,                 0,                 0,                 0,     -0.1407305743,     0.00286596133,     -0.1882822207,                 0,      -65.69600878,              -nan
          0,           0,         470,       -8.58451043,      -6.539335375,      -7.974888313,      -4.870021672,      -10.52382828,   5.159898279e-09,   0.0004149831137,          83.88608,          83.88608,          83.88608,       6409.460359,    0.002865960912,     -0.1882822218,                 0,                 0,                 0,     -0.1407305751,    0.002865960912,     -0.1882822218,                 0,      -65.69601875,              -nan
          0,           0,         471,      -8.584527841,      -6.539492546,      -7.975365271,      -4.877411394,      -10.52280848,   1.031980163e-08,   0.0008299662274,         167.77216,         167.77216,         167.77216,       6409.460359,    0.002865960076,     -0.1882822242,                 0,                 0,                 0,     -0.1407305771,    0.002865960076,     -0.1882822242,                 0,      -65.69603875,              -nan
          0,           0,         472,      -8.584558356,      -6.539828456,      -7.927571536,      -4.835388619,      -10.52077714,   2.063962356e-08,    0.001659932455,         16.777216,         16.777216,         16.777216,       6409.460359,    0.002865958405,     -0.1882822287,                 0,                 0,                 0,     -0.1407305806,    0.002865958405,     -0.1882822287,                 0,      -65.69607861,              -nan
          0,           0,         473,      -8.584651138,      -6.540365943,       -7.78970525,       -4.70260476,      -10.52547693,   2.063966431e-09,   0.0001659932455,         33.554432,         33.554432,         33.554432,       6409.460359,    0.002865958238,     -0.1882822292,                 0,                 0,                 0,      -0.140730581,    0.002865958238,     -0.1882822292,                 0,       -65.6960826,              -nan
          0,           0,         474,      -8.584707078,      -6.540492464,      -7.922499629,      -4.791762775,      -10.52502829,   4.127933677e-09,   0.0003319864909,         67.108864,         67.108864,         67.108864,       6409.460359,    0.002865957904,     -0.1882822301,                 0,                 0,                 0,     -0.1407305817,    0.002865957904,     -0.1882822301,                 0,      -65.69609059,              -nan
          0,           0,         475,      -8.584742819,      -6.540614789,      -7.964544008,      -4.836595145,      -10.52419584,   8.255870618e-09,   0.0006639729818,        134.217728,        134.217728,        134.217728,       6409.460359,    0.002865957237,     -0.1882822319,                 0,                 0,                 0,      -0.140730583,    0.002865957237,     -0.1882822319,                 0,      -65.69610652,              -nan
          0,           0,         476,      -8.584784276,      -6.540862101,      -7.956625906,      -4.844790393,      -10.52257419,   1.651175431e-08,    0.001327945964,        13.4217728,        13.4217728,        13.4217728,       6409.460359,    0.002865955903,     -0.1882822349,                 0,                 0,                 0,     -0.1407305849,    0.002865955903,     -0.1882822349,                 0,      -65.69613816,              -nan
          0,           0,         477,      -8.584851239,      -6.541343667,        -7.8512236,      -4.759097208,      -10.52635883,   1.651178052e-09,   0.0001327945963,        26.8435456,        26.8435456,        26.8435456,       6409.460359,    0.002865955769,     -0.1882822353,                 0,                 0,                 0,     -0.1407305851,    0.002865955769,     -0.1882822353,                 0,      -65.69614133,              -nan
          0,           0,         478,      -8.584883695,      -6.541420914,      -7.943148578,      -4.821640371,      -10.52599973,   3.302356628e-09,   0.0002655891927,        53.6870912,        53.6870912,        53.6870912,       6409.460359,    0.002865955503,     -0.1882822359,                 0,                 0,                 0,     -0.1407305855,    0.002865955503,     -0.1882822359,                 0,      -65.69614766,              -nan
          0,           0,         479,      -8.584906464,      -6.541515576,      -7.972249164,      -4.854991507,      -10.52533017,   6.604715355e-09,   0.0005311783854,       107.3741824,       107.3741824,       107.3741824,       6409.460359,     0.00286595497,     -0.1882822372,                 0,                 0,                 0,     -0.1407305863,     0.00286595497,     -0.1882822372,                 0,      -65.69616032,              -nan
          0,           0,         480,      -8.584932583,       -6.54171657,      -7.968599687,      -4.864322949,      -10.52403091,   1.320943912e-08,    0.001062356771,       10.73741824,       10.73741824,       10.73741824,       6409.460359,    0.002865953904,     -0.1882822398,                 0,                 0,                 0,      -0.140730588,    0.002865953904,     -0.1882822398,                 0,      -65.69618565,              -nan
          0,           0,         481,      -8.584974751,      -6.542128861,      -7.893477785,      -4.802253731,      -10.52707637,   1.320945596e-09,   0.0001062356771,       21.47483648,       21.47483648,       21.47483648,       6409.460359,    0.002865953798,       -0.18828224,                 0,                 0,                 0,     -0.1407305882,    0.002865953798,       -0.18828224,                 0,      -65.69618819,              -nan
          0,           0,         482,      -8.584993686,      -6.542182757,      -7.955359307,      -4.845758138,      -10.52678871,   2.641891528e-09,   0.0002124713541,       42.94967296,       42.94967296,       42.94967296,       6409.460359,    0.002865953585,     -0.1882822406,                 0,                 0,                 0,     -0.1407305886,    0.002865953585,     -0.1882822406,                 0,      -65.69619326,              -nan
          0,           0,         483,      -8.585007993,      -6.542258756,      -7.976829881,      -4.870197744,      -10.52624849,   5.283784405e-09,   0.0004249427082,       85.89934592,       85.89934592,       85.89934592,       6409.460359,    0.002865953159,     -0.1882822417,                 0,                 0,                 0,     -0.1407305895,    0.002865953159,     -0.1882822417,                 0,      -65.69620343,              -nan
          0,           0,         484,      -8.585025511,      -6.542420356,      -7.976823101,      -4.877992152,      -10.52520465,   1.056757421e-08,   0.0008498854164,       171.7986918,       171.7986918,       171.7986918,       6409.460359,    0.002865952307,     -0.1882822442,                 0,                 0,                 0,     -0.1407305916,    0.002865952307,     -0.1882822442,                 0,      -65.69622381,              -nan
          0,           0,         485,      -8.585056682,      -6.542762315,      -7.926305123,       -4.83449192,      -10.52312475,   2.113517004e-08,    0.001699770833,       17.17986918,       17.17986918,       17.17986918,       6409.460359,    0.002865950607,      -0.188282249,                 0,                 0,                 0,     -0.1407305954,    0.002865950607,      -0.188282249,                 0,      -65.69626444,              -nan
          0,           0,         486,       -8.58515351,      -6.543301787,      -7.784572015,      -4.699041915,       -10.5279315,   2.113521343e-09,   0.0001699770833,       34.35973837,       34.35973837,       34.35973837,       6409.460359,    0.002865950437,     -0.1882822495,                 0,                 0,                 0,     -0.1407305958,    0.002865950437,     -0.1882822495,                 0,      -65.69626851,              -nan
          0,           0,         487,      -8.585212159,      -6.543433578,      -7.921548041,      -4.791800428,      -10.52747313,   4.227043555e-09,   0.0003399541665,       68.71947674,       68.71947674,       68.71947674,       6409.460359,    0.002865950097,     -0.1882822505,                 0,                 0,                 0,     -0.1407305966,    0.002865950097,     -0.1882822505,                 0,      -65.69627665,              -nan
          0,           0,         488,      -8.585248974,      -6.543557132,      -7.964751572,      -4.838163254,      -10.52662235,   8.454090585e-09,    0.000679908333,       137.4389535,       137.4389535,       137.4389535,       6409.460359,    0.002865949418,     -0.1882822523,                 0,                 0,                 0,      -0.140730598,    0.002865949418,     -0.1882822523,                 0,      -65.69629288,              -nan
          0,           0,         489,      -8.585291444,      -6.543808167,      -7.955598398,      -4.845819478,      -10.52496307,   1.690819509e-08,    0.001359816666,       13.74389535,       13.74389535,       13.74389535,       6409.460359,     0.00286594806,     -0.1882822555,                 0,                 0,                 0,     -0.1407306001,     0.00286594806,     -0.1882822555,                 0,      -65.69632512,              -nan
          0,           0,         490,      -8.585361665,      -6.544295641,      -7.845875169,      -4.756687795,      -10.52883494,     1.6908223e-09,   0.0001359816666,       27.48779069,       27.48779069,       27.48779069,       6409.460359,    0.002865947924,     -0.1882822559,                 0,                 0,                 0,     -0.1407306003,    0.002865947924,     -0.1882822559,                 0,      -65.69632835,              -nan
          0,           0,         491,      -8.585396041,      -6.544374869,      -7.941729337,      -4.822373751,        -10.528468,   3.381645159e-09,   0.0002719633332,       54.97558139,       54.97558139,       54.97558139,       6409.460359,    0.002865947653,     -0.1882822565,                 0,                 0,                 0,     -0.1407306007,    0.002865947653,     -0.1882822565,                 0,       -65.6963348,              -nan
          0,           0,         492,      -8.585419994,      -6.544470126,      -7.972156918,      -4.857026071,      -10.52778358,   6.763292555e-09,   0.0005439266663,       109.9511628,       109.9511628,       109.9511628,       6409.460359,     0.00286594711,     -0.1882822579,                 0,                 0,                 0,     -0.1407306015,     0.00286594711,     -0.1882822579,                 0,       -65.6963477,              -nan
          0,           0,         493,      -8.585447836,      -6.544674027,      -7.968191378,       -4.86604003,      -10.52645394,   1.352659406e-08,    0.001087853333,       10.99511628,       10.99511628,       10.99511628,       6409.460359,    0.002865946026,     -0.1882822606,                 0,                 0,                 0,     -0.1407306034,    0.002865946026,     -0.1882822606,                 0,       -65.6963735,              -nan
          0,           0,         494,      -8.585494664,      -6.545092669,       -7.88944213,      -4.800846493,      -10.52957028,     1.3526612e-09,   0.0001087853333,       21.99023256,       21.99023256,       21.99023256,       6409.460359,    0.002865945918,     -0.1882822608,                 0,                 0,                 0,     -0.1407306036,    0.002865945918,     -0.1882822608,                 0,      -65.69637608,              -nan
          0,           0,         495,      -8.585515027,      -6.545147735,      -7.954507422,        -4.8466898,      -10.52927609,   2.705322758e-09,   0.0002175706665,       43.98046511,       43.98046511,       43.98046511,       6409.460359,    0.002865945701,     -0.1882822614,                 0,                 0,                 0,      -0.140730604,    0.002865945701,     -0.1882822614,                 0,      -65.69638125,              -nan
          0,           0,         496,      -8.585530682,      -6.545224503,      -7.977099617,      -4.872155549,      -10.52872367,   5.410646952e-09,    0.000435141333,       87.96093022,       87.96093022,       87.96093022,       6409.460359,    0.002865945267,     -0.1882822626,                 0,                 0,                 0,     -0.1407306049,    0.002865945267,     -0.1882822626,                 0,      -65.69639161,              -nan
          0,           0,         497,        -8.5855505,      -6.545388745,       -7.97713664,      -4.879896629,      -10.52765538,   1.082129965e-08,    0.000870282666,       175.9218604,       175.9218604,       175.9218604,       6409.460359,    0.002865944401,     -0.1882822652,                 0,                 0,                 0,     -0.1407306071,    0.002865944401,     -0.1882822652,                 0,      -65.69641236,              -nan
          0,           0,         498,      -8.585586772,      -6.545736999,      -7.923872565,       -4.83406306,      -10.52552607,   2.164262234e-08,    0.001740565332,       17.59218604,       17.59218604,       17.59218604,       6409.460359,    0.002865942671,     -0.1882822698,                 0,                 0,                 0,     -0.1407306108,    0.002865942671,     -0.1882822698,                 0,      -65.69645365,              -nan
          0,           0,         499,      -8.585694991,      -6.546283803,      -7.779257397,       -4.69552429,      -10.53044476,   2.164266855e-09,   0.0001740565332,       35.18437209,       35.18437209,       35.18437209,       6409.460359,    0.002865942498,     -0.1882822703,                 0,                 0,                 0,     -0.1407306112,    0.002865942498,     -0.1882822703,                 0,      -65.69645779,              -nan
          0,           0,         500,      -8.585756933,      -6.546420244,       -7.92029483,      -4.791392252,      -10.52997627,   4.328534635e-09,   0.0003481130663,       70.36874418,       70.36874418,       70.36874418,       6409.460359,    0.002865942152,     -0.1882822713,                 0,                 0,                 0,     -0.1407306119,    0.002865942152,     -0.1882822713,                 0,      -65.69646606,              -nan
          0,           0,         501,      -8.585796163,      -6.546546263,      -7.964548512,      -4.839227768,      -10.52910644,   8.657072972e-09,   0.0006962261326,       140.7374884,       140.7374884,       140.7374884,       6409.460359,     0.00286594146,     -0.1882822731,                 0,                 0,                 0,     -0.1407306133,     0.00286594146,     -0.1882822731,                 0,      -65.69648254,              -nan
          0,           0,         502,      -8.585841768,      -6.546803639,       -7.95457366,       -4.84643907,      -10.52740835,   1.731416077e-08,    0.001392452265,       14.07374884,       14.07374884,       14.07374884,       6409.460359,    0.002865940079,     -0.1882822761,                 0,                 0,                 0,      -0.140730615,    0.002865940079,     -0.1882822761,                 0,      -65.69651526,              -nan
          0,           0,         503,      -8.585916239,      -6.547301329,      -7.841974336,      -4.753907394,      -10.53137071,    1.73141905e-09,   0.0001392452265,       28.14749767,       28.14749767,       28.14749767,       6409.460359,    0.002865939941,     -0.1882822764,                 0,                 0,                 0,     -0.1407306152,    0.002865939941,     -0.1882822764,                 0,      -65.69651853,              -nan
          0,           0,         504,      -8.585952426,       -6.54738427,      -7.941479491,      -4.822173259,      -10.53099511,   3.462838695e-09,    0.000278490453,       56.29499534,       56.29499534,       56.29499534,       6409.460359,    0.002865939664,      -0.188282277,                 0,                 0,                 0,     -0.1407306156,    0.002865939664,      -0.188282277,                 0,      -65.69652508,              -nan
          0,           0,         505,      -8.585977503,      -6.547482554,      -7.972649062,      -4.858032722,      -10.53029501,   6.925679771e-09,    0.000556980906,       112.5899907,       112.5899907,       112.5899907,       6409.460359,    0.002865939112,     -0.1882822783,                 0,                 0,                 0,     -0.1407306164,    0.002865939112,     -0.1882822783,                 0,      -65.69653818,              -nan
          0,           0,         506,      -8.586006378,      -6.547692461,      -7.968084188,      -4.866895879,      -10.52893427,   1.385136908e-08,    0.001113961812,       11.25899907,       11.25899907,       11.25899907,       6409.460359,    0.002865938009,     -0.1882822809,                 0,                 0,                 0,     -0.1407306181,    0.002865938009,     -0.1882822809,                 0,      -65.69656438,              -nan
          0,           0,         507,      -8.586054114,      -6.548121338,      -7.886885272,      -4.798698062,       -10.5321238,   1.385138818e-09,   0.0001113961812,       1.125899907,       1.125899907,       1.125899907,       6409.460359,    0.002865937898,     -0.1882822812,                 0,                 0,                 0,     -0.1407306183,    0.002865937898,     -0.1882822812,                 0,      -65.69656701,              -nan
          0,           0,         508,      -8.586075412,      -6.548179271,      -7.954924193,      -4.846572926,      -10.53245361,   1.385139009e-10,   1.113961812e-05,                 1,                 1,                 1,       6409.460359,    0.002865937887,     -0.1882822812,                 0,                 0,                 0,     -0.1407306184,    0.002865937887,     -0.1882822812,                 0,      -65.69656727,              -nan
          0,           0,         509,      -8.586076908,       -6.54818364,      -7.958959308,      -4.850187131,      -10.53245912,   1.230250593e-10,   9.893968417e-06,                 1,                 1,                 1,       6409.460359,    0.002865937878,     -0.1882822812,                 0,                 0,                 0,     -0.1407306184,    0.002865937878,     -0.1882822812,                 0,       -65.6965675,              -nan
          0,           0,         510,      -8.586078028,      -6.548187207,      -7.961427812,      -4.852825862,      -10.53246058,   1.230250608e-10,   9.893968417e-06,                 1,                 1,                 1,       6409.460359,    0.002865937868,     -0.1882822813,                 0,                 0,                 0,     -0.1407306184,    0.002865937868,     -0.1882822813,                 0,      -65.69656774,              -nan
          0,           0,         511,      -8.586078995,      -6.548190556,      -7.963082806,      -4.855033002,      -10.53246208,   1.230250623e-10,   9.893968417e-06,                 1,                 1,                 1,       6409.460359,    0.002865937858,     -0.1882822813,                 0,                 0,                 0,     -0.1407306184,    0.002865937858,     -0.1882822813,                 0,      -65.69656797,              -nan
          0,           0,         512,      -8.586079844,      -6.548193738,      -7.964111692,      -4.856896353,      -10.53246361,   1.230250638e-10,   9.893968417e-06,                 1,                 1,                 1,       6409.460359,    0.002865937848,     -0.1882822813,                 0,                 0,                 0,     -0.1407306184,    0.002865937848,     -0.1882822813,                 0,       -65.6965682,              -nan
          0,           0,         513,      -8.586080601,      -6.548196793,      -7.964667435,      -4.858486891,      -10.53246519,   1.230250653e-10,   9.893968417e-06,                 1,                 1,                 1,       6409.460359,    0.002865937838,     -0.1882822813,                 0,                 0,                 0,     -0.1407306184,    0.002865937838,     -0.1882822813,                 0,      -65.69656844,              -nan
          0,           0,         514,      -8.586081287,      -6.548199747,      -7.964873982,      -4.859862119,       -10.5324668,   1.230250669e-10,   9.893968417e-06,                 1,                 1,                 1,       6409.460359,    0.002865937829,     -0.1882822814,                 0,                 0,                 0,     -0.1407306185,    0.002865937829,     -0.1882822814,                 0,      -65.69656867,              -nan
          0,           0,         515,      -8.586081919,      -6.548202623,      -7.964831222,      -4.861068653,      -10.53246844,   1.230250684e-10,   9.893968417e-06,                 1,                 1,                 1,       6409.460359,    0.002865937819,     -0.1882822814,                 0,                 0,                 0,     -0.1407306185,    0.002865937819,     -0.1882822814,                 0,       -65.6965689,              -nan
          0,           0,         516,      -8.586082509,      -6.548205433,      -7.964618691,      -4.862144087,      -10.53247013,   1.230250699e-10,   9.893968417e-06,                 1,                 1,                 1,       6409.460359,    0.002865937809,     -0.1882822814,                 0,                 0,                 0,     -0.1407306185,    0.002865937809,     -0.1882822814,                 0,      -65.69656914,              -nan
          0,           0,         517,      -8.586083067,      -6.548208188,      -7.964298979,      -4.863118576,      -10.53247185,   1.230250714e-10,   9.893968417e-06,                 1,                 1,                 1,       6409.460359,    0.002865937799,     -0.1882822814,                 0,                 0,                 0,     -0.1407306185,    0.002865937799,     -0.1882822814,                 0,      -65.69656937,              -nan
          0,           0,         518,        -8.5860836,      -6.548210896,      -7.963920367,      -4.864016114,      -10.53247361,   1.230250729e-10,   9.893968417e-06,                 1,                 1,                 1,       6409.460359,    0.002865937789,     -0.1882822814,                 0,                 0,                 0,     -0.1407306185,    0.002865937789,     -0.1882822814,                 0,       -65.6965696,              -nan
          0,           0,         519,      -8.586084114,      -6.548213565,      -7.963519268,      -4.864855519,       -10.5324754,   1.230250744e-10,   9.893968417e-06,                 1,                 1,                 1,       6409.460359,     0.00286593778,     -0.1882822815,                 0,                 0,                 0,     -0.1407306185,     0.00286593778,     -0.1882822815,                 0,      -65.69656983,              -nan
          0,           0,         520,      -8.586084613,      -6.548216198,      -7.963122318,      -4.865651403,      -10.53247723,   1.230250759e-10,   9.893968417e-06,                 1,                 1,                 1,       6409.460359,     0.00286593777,     -0.1882822815,                 0,                 0,                 0,     -0.1407306186,     0.00286593777,     -0.1882822815,                 0,      -65.69657007,              -nan
          0,           0,         521,      -8.586085102,      -6.548218802,      -7.962747949,      -4.866414832,       -10.5324791,   1.230250774e-10,   9.893968417e-06,                 1,                 1,                 1,       6409.460359,     0.00286593776,     -0.1882822815,                 0,                 0,                 0,     -0.1407306186,     0.00286593776,     -0.1882822815,                 0,       -65.6965703,              -nan
          0,           0,         522,      -8.586085582,      -6.548221379,      -7.962408208,      -4.867153979,        -10.532481,   1.230250789e-10,   9.893968417e-06,                 1,                 1,                 1,       6409.460359,     0.00286593775,     -0.1882822815,                 0,                 0,                 0,     -0.1407306186,     0.00286593775,     -0.1882822815,                 0,      -65.69657053,              -nan
          0,           0,         523,      -8.586086054,      -6.548223934,      -7.962109973,      -4.867874666,      -10.53248294,   1.230250804e-10,   9.893968417e-06,                 1,                 1,                 1,       6409.460359,     0.00286593774,     -0.1882822816,                 0,                 0,                 0,     -0.1407306186,     0.00286593774,     -0.1882822816,                 0,      -65.69657077,              -nan
          0,           0,         524,       -8.58608652,      -6.548226471,      -7.961856066,      -4.868580838,       -10.5324849,   1.230250819e-10,   9.893968417e-06,                 1,                 1,                 1,       6409.460359,    0.002865937731,     -0.1882822816,                 0,                 0,                 0,     -0.1407306186,    0.002865937731,     -0.1882822816,                 0,        -65.696571,              -nan
          0,           0,         525,      -8.586086981,      -6.548228993,      -7.961646393,      -4.869274952,      -10.53248691,   1.230250834e-10,   9.893968417e-06,                 1,                 1,                 1,       6409.460359,    0.002865937721,     -0.1882822816,                 0,                 0,                 0,     -0.1407306186,    0.002865937721,     -0.1882822816,                 0,      -65.69657123,              -nan
          0,           0,         526,      -8.586087437,      -6.548231501,      -7.961478631,      -4.869958355,      -10.53248894,    1.23025085e-10,   9.893968417e-06,                 1,                 1,                 1,       6409.460359,    0.002865937711,     -0.1882822816,                 0,                 0,                 0,     -0.1407306187,    0.002865937711,     -0.1882822816,                 0,      -65.69657147,              -nan
          0,           0,         527,      -8.586087887,      -6.548234001,      -7.961348997,      -4.870631562,      -10.53249101,   1.230250865e-10,   9.893968417e-06,                 1,                 1,                 1,       6409.460359,    0.002865937701,     -0.1882822817,                 0,                 0,                 0,     -0.1407306187,    0.002865937701,     -0.1882822817,                 0,       -65.6965717,              -nan
          0,           0,         528,      -8.586088333,      -6.548236492,      -7.961252776,      -4.871294525,      -10.53249312,    1.23025088e-10,   9.893968417e-06,                 1,                 1,                 1,       6409.460359,    0.002865937691,     -0.1882822817,                 0,                 0,                 0,     -0.1407306187,    0.002865937691,     -0.1882822817,                 0,      -65.69657193,              -nan
          0,           0,         529,      -8.586088774,      -6.548238979,      -7.961184782,      -4.871946854,      -10.53249525,   1.230250895e-10,   9.893968417e-06,                 1,                 1,                 1,       6409.460359,    0.002865937682,     -0.1882822817,                 0,                 0,                 0,     -0.1407306187,    0.002865937682,     -0.1882822817,                 0,      -65.69657217,              -nan
          0,           0,         530,      -8.586089209,      -6.548241463,      -7.961139723,      -4.872587947,      -10.53249742,    1.23025091e-10,   9.893968417e-06,                 1,                 1,                 1,       6409.460359,    0.002865937672,     -0.1882822817,                 0,                 0,                 0,     -0.1407306187,    0.002865937672,     -0.1882822817,                 0,       -65.6965724,              -nan
          0,           0,         531,      -8.586089639,      -6.548243946,      -7.961112405,      -4.873217152,      -10.53249962,   1.230250925e-10,   9.893968417e-06,                 1,                 1,                 1,       6409.460359,    0.002865937662,     -0.1882822818,                 0,                 0,                 0,     -0.1407306188,    0.002865937662,     -0.1882822818,                 0,      -65.69657263,              -nan
          0,           0,         532,      -8.586090063,      -6.548246429,      -7.961098004,       -4.87383385,      -10.53250185,    1.23025094e-10,   9.893968417e-06,                 1,                 1,                 1,       6409.460359,    0.002865937652,     -0.1882822818,                 0,                 0,                 0,     -0.1407306188,    0.002865937652,     -0.1882822818,                 0,      -65.69657287,              -nan
          0,           0,         533,      -8.586090481,      -6.548248915,      -7.961092085,      -4.874437518,      -10.53250411,   1.230250955e-10,   9.893968417e-06,                 1,                 1,                 1,       6409.460359,    0.002865937642,     -0.1882822818,                 0,                 0,                 0,     -0.1407306188,    0.002865937642,     -0.1882822818,                 0,       -65.6965731,              -nan
          0,           0,         534,      -8.586090894,      -6.548251405,      -7.961090777,      -4.875027763,       -10.5325064,    1.23025097e-10,   9.893968417e-06,                 1,                 1,                 1,       6409.460359,    0.002865937633,     -0.1882822818,                 0,                 0,                 0,     -0.1407306188,    0.002865937633,     -0.1882822818,                 0,      -65.69657333,              -nan
          0,           0,         535,        -8.5860913,      -6.548253901,      -7.961090716,      -4.875604348,      -10.53250873,   1.230250985e-10,   9.893968417e-06,                 1,                 1,                 1,       6409.460359,    0.002865937623,     -0.1882822819,                 0,                 0,                 0,     -0.1407306188,    0.002865937623,     -0.1882822819,                 0,      -65.69657357,              -nan
          0,           0,         536,      -8.586091701,      -6.548256403,      -7.961089136,      -4.876167201,      -10.53251108,      1.230251e-10,   9.893968417e-06,                 1,                 1,                 1,       6409.460359,    0.002865937613,     -0.1882822819,                 0,                 0,                 0,     -0.1407306188,    0.002865937613,     -0.1882822819,                 0,       -65.6965738,              -nan
          0,           0,         537,      -8.586092095,      -6.548258915,       -7.96108373,        -4.8767164,      -10.53251346,   1.230251015e-10,   9.893968417e-06,                 1,                 1,                 1,       6409.460359,    0.002865937603,     -0.1882822819,                 0,                 0,                 0,     -0.1407306189,    0.002865937603,     -0.1882822819,                 0,      -65.69657403,              -nan
          0,           0,         538,      -8.586092484,      -6.548261435,       -7.96107272,      -4.877252138,      -10.53251587,   1.230251031e-10,   9.893968417e-06,                 1,                 1,                 1,       6409.460359,    0.002865937593,     -0.1882822819,                 0,                 0,                 0,     -0.1407306189,    0.002865937593,     -0.1882822819,                 0,      -65.69657427,              -nan
          0,           0,         539,      -8.586092867,      -6.548263967,      -7.961054757,      -4.877774739,      -10.53251831,   1.230251046e-10,   9.893968417e-06,                 1,                 1,                 1,       6409.460359,    0.002865937584,      -0.188282282,                 0,                 0,                 0,     -0.1407306189,    0.002865937584,      -0.188282282,                 0,       -65.6965745,              -nan
          0,           0,         540,      -8.586093244,      -6.548266511,      -7.961028854,      -4.878284603,      -10.53252078,   1.230251061e-10,   9.893968417e-06,                 1,                 1,                 1,       6409.460359,    0.002865937574,      -0.188282282,                 0,                 0,                 0,     -0.1407306189,    0.002865937574,      -0.188282282,                 0,      -65.69657473,              -nan
          0,           0,         541,      -8.586093616,      -6.548269068,      -7.960994356,      -4.878782213,      -10.53252327,   1.230251076e-10,   9.893968417e-06,                 1,                 1,                 1,       6409.460359,    0.002865937564,      -0.188282282,                 0,                 0,                 0,     -0.1407306189,    0.002865937564,      -0.188282282,                 0,      -65.69657497,              -nan
          0,           0,         542,      -8.586093982,       -6.54827164,      -7.960950885,      -4.879268066,       -10.5325258,   1.230251091e-10,   9.893968417e-06,                 1,                 1,                 1,       6409.460359,    0.002865937554,      -0.188282282,                 0,                 0,                 0,      -0.140730619,    0.002865937554,      -0.188282282,                 0,       -65.6965752,              -nan
          0,           0,         543,      -8.586094343,      -6.548274227,      -7.960898269,      -4.879742704,      -10.53252835,   1.230251106e-10,   9.893968417e-06,                 1,                 1,                 1,       6409.460359,    0.002865937544,     -0.1882822821,                 0,                 0,                 0,      -0.140730619,    0.002865937544,     -0.1882822821,                 0,      -65.69657543,              -nan
          0,           0,         544,      -8.586094698,       -6.54827683,      -7.960836521,      -4.880206661,      -10.53253092,   1.230251121e-10,   9.893968417e-06,                 1,                 1,                 1,       6409.460359,    0.002865937535,     -0.1882822821,                 0,                 0,                 0,      -0.140730619,    0.002865937535,     -0.1882822821,                 0,      -65.69657567,              -nan
          0,           0,         545,      -8.586095049,       -6.54827945,      -7.960765784,       -4.88066046,      -10.53253353,   1.230251136e-10,   9.893968417e-06,                 1,                 1,                 1,       6409.460359,    0.002865937525,     -0.1882822821,                 0,                 0,                 0,      -0.140730619,    0.002865937525,     -0.1882822821,                 0,       -65.6965759,              -nan
          0,           0,         546,      -8.586095395,      -6.548282088,      -7.960686303,      -4.881104605,      -10.53253615,   1.230251151e-10,   9.893968417e-06,                 1,                 1,                 1,       6409.460359,    0.002865937515,     -0.1882822822,                 0,                 0,                 0,      -0.140730619,    0.002865937515,     -0.1882822822,                 0,      -65.69657613,              -nan
          0,           0,         547,      -8.586095736,      -6.548284744,      -7.960598418,      -4.881539578,      -10.53253881,   1.230251166e-10,   9.893968417e-06,                 1,                 1,                 1,       6409.460359,    0.002865937505,     -0.1882822822,                 0,                 0,                 0,     -0.1407306191,    0.002865937505,     -0.1882822822,                 0,      -65.69657637,              -nan
          0,           0,         548,      -8.586096072,       -6.54828742,      -7.960502497,      -4.881965808,      -10.53254149,   1.230251181e-10,   9.893968417e-06,                 1,                 1,                 1,       6409.460359,    0.002865937495,     -0.1882822822,                 0,                 0,                 0,     -0.1407306191,    0.002865937495,     -0.1882822822,                 0,       -65.6965766,              -nan
          0,           0,         549,      -8.586096404,      -6.548290116,      -7.960398959,      -4.882383698,      -10.53254419,   1.230251197e-10,   9.893968417e-06,                 1,                 1,                 1,       6409.460359,    0.002865937486,     -0.1882822822,                 0,                 0,                 0,     -0.1407306191,    0.002865937486,     -0.1882822822,                 0,      -65.69657683,              -nan
          0,           0,         550,      -8.586096732,      -6.548292832,      -7.960288241,      -4.882793609,      -10.53254692,   1.230251212e-10,   9.893968417e-06,                 1,                 1,                 1,       6409.460359,    0.002865937476,     -0.1882822823,                 0,                 0,                 0,     -0.1407306191,    0.002865937476,     -0.1882822823,                 0,      -65.69657707,              -nan
          0,           0,         551,      -8.586097055,      -6.548295569,      -7.960170805,      -4.883195866,      -10.53254967,   1.230251227e-10,   9.893968417e-06,                 2,                 2,                 2,       6409.460359,    0.002865937466,     -0.1882822823,                 0,                 0,                 0,     -0.1407306191,    0.002865937466,     -0.1882822823,                 0,       -65.6965773,              -nan
          0,           0,         552,      -8.586097373,      -6.548298328,       -7.96004709,      -4.883590754,      -10.53252308,   2.460502484e-10,   1.978793683e-05,                 4,                 4,                 4,       6409.460359,    0.002865937446,     -0.1882822823,                 0,                 0,                 0,     -0.1407306192,    0.002865937446,     -0.1882822823,                 0,      -65.69657777,              -nan
          0,           0,         553,      -8.586098022,      -6.548304039,      -7.959915828,      -4.884405425,      -10.53247058,   4.921005088e-10,   3.957587367e-05,                 8,                 8,                 8,       6409.460359,    0.002865937407,     -0.1882822824,                 0,                 0,                 0,     -0.1407306193,    0.002865937407,     -0.1882822824,                 0,       -65.6965787,              -nan
          0,           0,         554,      -8.586099341,      -6.548316187,      -7.960014141,      -4.886082827,      -10.53236779,   9.842010659e-10,   7.915174733e-05,                16,                16,                16,       6409.460359,    0.002865937329,     -0.1882822827,                 0,                 0,                 0,     -0.1407306194,    0.002865937329,     -0.1882822827,                 0,      -65.69658058,              -nan
          0,           0,         555,      -8.586101971,      -6.548343041,      -7.961010175,       -4.88931472,      -10.53216815,   1.968402325e-09,   0.0001583034947,                32,                32,                32,       6409.460359,    0.002865937172,     -0.1882822831,                 0,                 0,                 0,     -0.1407306198,    0.002865937172,     -0.1882822831,                 0,      -65.69658432,              -nan
          0,           0,         556,      -8.586106911,      -6.548404833,      -7.963652833,      -4.894129909,      -10.53177982,   3.936805423e-09,   0.0003166069893,                64,                64,                64,       6409.460359,    0.002865936859,      -0.188282284,                 0,                 0,                 0,     -0.1407306205,    0.002865936859,      -0.188282284,                 0,      -65.69659182,              -nan
          0,           0,         557,      -8.586115666,       -6.54854746,      -7.965520079,      -4.895498169,      -10.53101214,    7.87361394e-09,   0.0006332139786,               128,               128,               128,       6409.460359,    0.002865936233,     -0.1882822858,                 0,                 0,                 0,     -0.1407306221,    0.002865936233,     -0.1882822858,                 0,      -65.69660682,              -nan
          0,           0,         558,      -8.586133893,      -6.548843902,      -7.947175071,      -4.870671663,      -10.52946819,   1.574724027e-08,    0.001266427957,              12.8,              12.8,              12.8,       6409.460359,    0.002865934981,     -0.1882822898,                 0,                 0,                 0,      -0.140730626,    0.002865934981,     -0.1882822898,                 0,       -65.6966369,              -nan
          0,           0,         559,      -8.586196618,      -6.549326175,      -7.855619379,      -4.772010526,      -10.53308311,    1.57472651e-09,   0.0001266427957,              25.6,              25.6,              25.6,       6409.460359,    0.002865934856,     -0.1882822903,                 0,                 0,                 0,     -0.1407306264,    0.002865934856,     -0.1882822903,                 0,      -65.69663992,              -nan
          0,           0,         560,      -8.586228028,       -6.54940757,      -7.946789823,       -4.83469673,      -10.53273952,   3.149453517e-09,   0.0002532855914,              51.2,              51.2,              51.2,       6409.460359,    0.002865934606,     -0.1882822911,                 0,                 0,                 0,     -0.1407306273,    0.002865934606,     -0.1882822911,                 0,      -65.69664595,              -nan
          0,           0,         561,      -8.586251705,      -6.549502072,      -7.980699569,      -4.866373844,      -10.53209692,   6.298909023e-09,   0.0005065711828,             102.4,             102.4,             102.4,       6409.460359,    0.002865934106,     -0.1882822929,                 0,                 0,                 0,     -0.1407306291,    0.002865934106,     -0.1882822929,                 0,      -65.69665803,              -nan
          0,           0,         562,      -8.586284918,      -6.549689189,      -7.982618985,      -4.873571957,      -10.53085329,   1.259782601e-08,    0.001013142366,             10.24,             10.24,             10.24,       6409.460359,    0.002865933106,     -0.1882822961,                 0,                 0,                 0,     -0.1407306323,    0.002865933106,     -0.1882822961,                 0,      -65.69668207,              -nan
          0,           0,         563,      -8.586349613,      -6.550067893,      -7.908676174,      -4.814790072,      -10.53376531,   1.259784196e-09,   0.0001013142366,             20.48,             20.48,             20.48,       6409.460359,    0.002865933006,     -0.1882822964,                 0,                 0,                 0,     -0.1407306326,    0.002865933006,     -0.1882822964,                 0,      -65.69668448,              -nan
          0,           0,         564,      -8.586369164,      -6.550116491,      -7.966347838,       -4.85446232,      -10.53349114,   2.519568711e-09,   0.0002026284731,             40.96,             40.96,             40.96,       6409.460359,    0.002865932806,     -0.1882822971,                 0,                 0,                 0,     -0.1407306332,    0.002865932806,     -0.1882822971,                 0,      -65.69668929,              -nan
          0,           0,         565,       -8.58638788,      -6.550184991,      -7.988135576,      -4.877092323,      -10.53297509,   5.039138699e-09,   0.0004052569462,             81.92,             81.92,             81.92,       6409.460359,    0.002865932406,     -0.1882822983,                 0,                 0,                 0,     -0.1407306345,    0.002865932406,     -0.1882822983,                 0,      -65.69669888,              -nan
          0,           0,         566,      -8.586415714,      -6.550331529,      -7.990104081,       -4.88551258,      -10.53197852,   1.007828251e-08,   0.0008105138924,            163.84,            163.84,            163.84,       6409.460359,    0.002865931608,     -0.1882823006,                 0,                 0,                 0,     -0.1407306365,    0.002865931608,     -0.1882823006,                 0,      -65.69671797,              -nan
          0,           0,         567,      -8.586465557,      -6.550647849,      -7.942102544,      -4.848702053,      -10.52999528,    2.01565855e-08,    0.001621027785,            16.384,            16.384,            16.384,       6409.460359,    0.002865930012,     -0.1882823041,                 0,                 0,                 0,     -0.1407306391,    0.002865930012,     -0.1882823041,                 0,      -65.69675579,              -nan
          0,           0,         568,      -8.586580143,      -6.551164813,      -7.804701157,      -4.721884048,      -10.53459406,   2.015662657e-09,   0.0001621027785,            32.768,            32.768,            32.768,       6409.460359,    0.002865929852,     -0.1882823045,                 0,                 0,                 0,     -0.1407306394,    0.002865929852,     -0.1882823045,                 0,      -65.69675958,              -nan
          0,           0,         569,      -8.586634091,      -6.551278931,      -7.932850436,      -4.809522924,        -10.534158,   4.031326136e-09,   0.0003242055569,            65.536,            65.536,            65.536,       6409.460359,    0.002865929533,     -0.1882823052,                 0,                 0,                 0,     -0.1407306399,    0.002865929533,     -0.1882823052,                 0,      -65.69676714,              -nan
          0,           0,         570,      -8.586671618,      -6.551388839,       -7.97509323,       -4.85311727,      -10.53334568,   8.062655563e-09,   0.0006484111138,           131.072,           131.072,           131.072,       6409.460359,    0.002865928896,     -0.1882823066,                 0,                 0,                 0,     -0.1407306408,    0.002865928896,     -0.1882823066,                 0,      -65.69678223,              -nan
          0,           0,         571,       -8.58671735,      -6.551619139,      -7.968677561,      -4.860740177,      -10.53176286,    1.61253243e-08,    0.001296822228,           13.1072,           13.1072,           13.1072,       6409.460359,    0.002865927622,      -0.188282309,                 0,                 0,                 0,     -0.1407306421,    0.002865927622,      -0.188282309,                 0,      -65.69681228,              -nan
          0,           0,         572,      -8.586788694,      -6.552083648,      -7.865626389,      -4.776235095,      -10.53546416,   1.612535071e-09,   0.0001296822227,           26.2144,           26.2144,           26.2144,       6409.460359,    0.002865927494,     -0.1882823092,                 0,                 0,                 0,     -0.1407306422,    0.002865927494,     -0.1882823092,                 0,      -65.69681529,              -nan
          0,           0,         573,      -8.586819011,      -6.552154407,      -7.953670819,      -4.836595215,      -10.53511462,   3.225070671e-09,   0.0002593644455,           52.4288,           52.4288,           52.4288,       6409.460359,    0.002865927239,     -0.1882823097,                 0,                 0,                 0,     -0.1407306425,    0.002865927239,     -0.1882823097,                 0,      -65.69682131,              -nan
          0,           0,         574,      -8.586841395,      -6.552242737,      -7.982202003,      -4.868518083,      -10.53446091,   6.450143457e-09,    0.000518728891,          104.8576,          104.8576,          104.8576,       6409.460359,     0.00286592673,     -0.1882823108,                 0,                 0,                 0,     -0.1407306431,     0.00286592673,     -0.1882823108,                 0,      -65.69683335,              -nan
          0,           0,         575,      -8.586867902,      -6.552435178,      -7.979415055,      -4.876902916,       -10.5331921,   1.290029538e-08,    0.001037457782,          10.48576,          10.48576,          10.48576,       6409.460359,    0.002865925712,     -0.1882823131,                 0,                 0,                 0,     -0.1407306446,    0.002865925712,     -0.1882823131,                 0,      -65.69685748,              -nan
          0,           0,         576,      -8.586910387,      -6.552838999,      -7.907333601,      -4.816048883,      -10.53616842,   1.290031235e-09,   0.0001037457782,          20.97152,          20.97152,          20.97152,       6409.460359,    0.002865925611,     -0.1882823133,                 0,                 0,                 0,     -0.1407306447,    0.002865925611,     -0.1882823133,                 0,       -65.6968599,              -nan
          0,           0,         577,      -8.586927841,      -6.552890278,      -7.966245778,      -4.857343868,      -10.53588773,   2.580062809e-09,   0.0002074915564,          41.94304,          41.94304,          41.94304,       6409.460359,    0.002865925407,     -0.1882823138,                 0,                 0,                 0,     -0.1407306451,    0.002865925407,     -0.1882823138,                 0,      -65.69686473,              -nan
          0,           0,         578,      -8.586941574,      -6.552964279,      -7.987013315,      -4.880678676,      -10.53535981,   5.160126977e-09,   0.0004149831127,          83.88608,          83.88608,          83.88608,       6409.460359,       0.002865925,     -0.1882823149,                 0,                 0,                 0,     -0.1407306459,       0.002865925,     -0.1882823149,                 0,      -65.69687443,              -nan
          0,           0,         579,      -8.586958838,      -6.553122644,      -7.987518626,      -4.888160504,      -10.53433978,   1.032025939e-08,   0.0008299662254,         167.77216,         167.77216,         167.77216,       6409.460359,    0.002865924187,     -0.1882823171,                 0,                 0,                 0,     -0.1407306477,    0.002865924187,     -0.1882823171,                 0,      -65.69689386,              -nan
          0,           0,         580,      -8.586989746,      -6.553460422,      -7.940090659,      -4.846558531,      -10.53230789,   2.064054056e-08,    0.001659932451,         16.777216,         16.777216,         16.777216,       6409.460359,    0.002865922563,     -0.1882823215,                 0,                 0,                 0,     -0.1407306511,    0.002865922563,     -0.1882823215,                 0,      -65.69693261,              -nan
          0,           0,         581,       -8.58708379,      -6.553998319,      -7.802597474,      -4.714240486,      -10.53700347,   2.064058425e-09,   0.0001659932451,         33.554432,         33.554432,         33.554432,       6409.460359,      0.0028659224,     -0.1882823219,                 0,                 0,                 0,     -0.1407306515,      0.0028659224,     -0.1882823219,                 0,      -65.69693649,              -nan
          0,           0,         582,      -8.587137524,       -6.55412653,      -7.935191878,      -4.802901198,      -10.53655462,   4.128117724e-09,   0.0003319864901,         67.108864,         67.108864,         67.108864,       6409.460359,    0.002865922076,     -0.1882823228,                 0,                 0,                 0,     -0.1407306522,    0.002865922076,     -0.1882823228,                 0,      -65.69694426,              -nan
          0,           0,         583,      -8.587172371,      -6.554250184,      -7.977002814,      -4.847585924,      -10.53572204,   8.256238948e-09,   0.0006639729802,        134.217728,        134.217728,        134.217728,       6409.460359,    0.002865921426,     -0.1882823246,                 0,                 0,                 0,     -0.1407306534,    0.002865921426,     -0.1882823246,                 0,      -65.69695974,              -nan
          0,           0,         584,       -8.58721334,      -6.554498764,      -7.968916922,      -4.855928318,      -10.53410041,   1.651249191e-08,     0.00132794596,        13.4217728,        13.4217728,        13.4217728,       6409.460359,    0.002865920129,     -0.1882823275,                 0,                 0,                 0,     -0.1407306553,    0.002865920129,     -0.1882823275,                 0,      -65.69699051,              -nan
          0,           0,         585,      -8.587280298,      -6.554981267,      -7.863537315,      -4.770555411,      -10.53788168,      1.651252e-09,    0.000132794596,        26.8435456,        26.8435456,        26.8435456,       6409.460359,        0.00286592,     -0.1882823279,                 0,                 0,                 0,     -0.1407306555,        0.00286592,     -0.1882823279,                 0,      -65.69699359,              -nan
          0,           0,         586,      -8.587311498,       -6.55505917,      -7.955335969,      -4.832842045,      -10.53752252,   3.302504563e-09,    0.000265589192,        53.6870912,        53.6870912,        53.6870912,       6409.460359,     0.00286591974,     -0.1882823285,                 0,                 0,                 0,     -0.1407306558,     0.00286591974,     -0.1882823285,                 0,      -65.69699975,              -nan
          0,           0,         587,       -8.58733362,      -6.555154414,       -7.98429802,      -4.866084167,      -10.53685298,   6.605011376e-09,   0.0005311783841,       107.3741824,       107.3741824,       107.3741824,       6409.460359,    0.002865919222,     -0.1882823297,                 0,                 0,                 0,     -0.1407306566,    0.002865919222,     -0.1882823297,                 0,      -65.69701207,              -nan
          0,           0,         588,      -8.587359266,       -6.55535617,      -7.980486254,      -4.875427188,      -10.53555388,   1.321003176e-08,    0.001062356768,       10.73741824,       10.73741824,       10.73741824,       6409.460359,    0.002865918186,     -0.1882823323,                 0,                 0,                 0,     -0.1407306583,    0.002865918186,     -0.1882823323,                 0,      -65.69703671,              -nan
          0,           0,         589,      -8.587401331,      -6.555769424,      -7.905231003,      -4.813534241,      -10.53859667,   1.321004981e-09,   0.0001062356768,       21.47483648,       21.47483648,       21.47483648,       6409.460359,    0.002865918082,     -0.1882823326,                 0,                 0,                 0,     -0.1407306585,    0.002865918082,     -0.1882823326,                 0,      -65.69703918,              -nan
          0,           0,         590,      -8.587419559,      -6.555823548,      -7.967110751,      -4.856926536,      -10.53830903,   2.642010322e-09,   0.0002124713536,       42.94967296,       42.94967296,       42.94967296,       6409.460359,    0.002865917875,     -0.1882823331,                 0,                 0,                 0,     -0.1407306589,    0.002865917875,     -0.1882823331,                 0,      -65.69704412,              -nan
          0,           0,         591,      -8.587433467,      -6.555899802,      -7.988575265,      -4.881311857,      -10.53776888,   5.284022089e-09,   0.0004249427072,       85.89934592,       85.89934592,       85.89934592,       6409.460359,    0.002865917461,     -0.1882823343,                 0,                 0,                 0,     -0.1407306598,    0.002865917461,     -0.1882823343,                 0,      -65.69705402,              -nan
          0,           0,         592,      -8.587450715,      -6.556061856,      -7.988516661,      -4.889103644,       -10.5367252,   1.056804996e-08,   0.0008498854144,       171.7986918,       171.7986918,       171.7986918,       6409.460359,    0.002865916633,     -0.1882823367,                 0,                 0,                 0,     -0.1407306618,    0.002865916633,     -0.1882823367,                 0,      -65.69707386,              -nan
          0,           0,         593,      -8.587482016,      -6.556404609,      -7.937837045,      -4.845736978,       -10.5346453,   2.113612309e-08,    0.001699770829,       17.17986918,       17.17986918,       17.17986918,       6409.460359,     0.00286591498,     -0.1882823415,                 0,                 0,                 0,     -0.1407306656,     0.00286591498,     -0.1882823415,                 0,      -65.69711341,              -nan
          0,           0,         594,      -8.587580583,      -6.556944372,      -7.796020871,      -4.710631751,       -10.5394481,   2.113616957e-09,   0.0001699770829,       34.35973837,       34.35973837,       34.35973837,       6409.460359,    0.002865914815,      -0.188282342,                 0,                 0,                 0,      -0.140730666,    0.002865914815,      -0.188282342,                 0,      -65.69711737,              -nan
          0,           0,         595,      -8.587637165,      -6.557076254,      -7.933010867,       -4.80330693,      -10.53898988,   4.227234843e-09,   0.0003399541657,       68.71947674,       68.71947674,       68.71947674,       6409.460359,    0.002865914484,      -0.188282343,                 0,                 0,                 0,     -0.1407306668,    0.002865914484,      -0.188282343,                 0,       -65.6971253,              -nan
          0,           0,         596,      -8.587673271,      -6.557199902,      -7.976296608,      -4.849639319,      -10.53813924,    8.45447341e-09,   0.0006799083314,       137.4389535,       137.4389535,       137.4389535,       6409.460359,    0.002865913824,     -0.1882823448,                 0,                 0,                 0,     -0.1407306682,    0.002865913824,     -0.1882823448,                 0,      -65.69714109,              -nan
          0,           0,         597,      -8.587715892,      -6.557451242,      -7.967106128,      -4.857299318,      -10.53648004,   1.690896173e-08,    0.001359816663,       13.74389535,       13.74389535,       13.74389535,       6409.460359,    0.002865912504,      -0.188282348,                 0,                 0,                 0,     -0.1407306702,    0.002865912504,      -0.188282348,                 0,      -65.69717247,              -nan
          0,           0,         598,      -8.587788342,      -6.557939286,      -7.857186007,      -4.768309127,      -10.54034892,   1.690899161e-09,   0.0001359816663,       27.48779069,       27.48779069,       27.48779069,       6409.460359,    0.002865912372,     -0.1882823484,                 0,                 0,                 0,     -0.1407306704,    0.002865912372,     -0.1882823484,                 0,      -65.69717561,              -nan
          0,           0,         599,      -8.587821713,      -6.558018277,      -7.953094833,      -4.833959368,      -10.53998209,   3.381798921e-09,   0.0002719633325,       54.97558139,       54.97558139,       54.97558139,       6409.460359,    0.002865912108,      -0.188282349,                 0,                 0,                 0,     -0.1407306709,    0.002865912108,      -0.188282349,                 0,      -65.69718189,              -nan
          0,           0,         600,      -8.587845531,      -6.558113402,      -7.983621041,       -4.86858716,      -10.53929776,   6.763600235e-09,    0.000543926665,       109.9511628,       109.9511628,       109.9511628,       6409.460359,     0.00286591158,     -0.1882823504,                 0,                 0,                 0,     -0.1407306717,     0.00286591158,     -0.1882823504,                 0,      -65.69719445,              -nan
          0,           0,         601,      -8.587874021,      -6.558317382,      -7.979674761,      -4.877559522,      -10.53796817,   1.352721005e-08,     0.00108785333,       10.99511628,       10.99511628,       10.99511628,       6409.460359,    0.002865910526,      -0.188282353,                 0,                 0,                 0,     -0.1407306735,    0.002865910526,      -0.188282353,                 0,      -65.69721956,              -nan
          0,           0,         602,      -8.587923091,      -6.558736594,      -7.900710362,      -4.812403506,      -10.54108222,   1.352722925e-09,    0.000108785333,       21.99023256,       21.99023256,       21.99023256,       6409.460359,     0.00286591042,     -0.1882823533,                 0,                 0,                 0,     -0.1407306737,     0.00286591042,     -0.1882823533,                 0,      -65.69722207,              -nan
          0,           0,         603,      -8.587942973,      -6.558791544,      -7.965835344,      -4.858231992,      -10.54078811,   2.705446234e-09,    0.000217570666,       43.98046511,       43.98046511,       43.98046511,       6409.460359,    0.002865910209,     -0.1882823539,                 0,                 0,                 0,     -0.1407306741,    0.002865910209,     -0.1882823539,                 0,       -65.6972271,              -nan
          0,           0,         604,      -8.587958698,      -6.558868259,         -7.988494,      -4.883688199,      -10.54023577,   5.410894006e-09,    0.000435141332,       87.96093022,       87.96093022,       87.96093022,       6409.460359,    0.002865909788,     -0.1882823551,                 0,                 0,                 0,      -0.140730675,    0.002865909788,     -0.1882823551,                 0,      -65.69723718,              -nan
          0,           0,         605,      -8.587979172,      -6.559032615,      -7.988551134,      -4.891402774,      -10.53916755,   1.082179417e-08,   0.0008702826639,       175.9218604,       175.9218604,       175.9218604,       6409.460359,    0.002865908946,     -0.1882823576,                 0,                 0,                 0,     -0.1407306771,    0.002865908946,     -0.1882823576,                 0,      -65.69725737,              -nan
          0,           0,         606,      -8.588017181,      -6.559381467,      -7.935115122,      -4.845563771,      -10.53703831,   2.164361298e-08,    0.001740565328,       17.59218604,       17.59218604,       17.59218604,       6409.460359,    0.002865907263,     -0.1882823622,                 0,                 0,                 0,     -0.1407306806,    0.002865907263,     -0.1882823622,                 0,      -65.69729755,              -nan
          0,           0,         607,      -8.588128697,      -6.559928827,      -7.790397914,      -4.707053602,      -10.54195361,   2.164366242e-09,   0.0001740565328,       35.18437209,       35.18437209,       35.18437209,       6409.460359,    0.002865907095,     -0.1882823627,                 0,                 0,                 0,      -0.140730681,    0.002865907095,     -0.1882823627,                 0,      -65.69730157,              -nan
          0,           0,         608,      -8.588188668,      -6.560065672,      -7.931407847,      -4.802922145,      -10.54148528,   4.328733474e-09,   0.0003481130655,       70.36874418,       70.36874418,       70.36874418,       6409.460359,    0.002865906758,     -0.1882823636,                 0,                 0,                 0,     -0.1407306818,    0.002865906758,     -0.1882823636,                 0,      -65.69730962,              -nan
          0,           0,         609,        -8.5882274,       -6.56019196,      -7.975677873,      -4.850757131,      -10.54061559,   8.657470909e-09,    0.000696226131,       140.7374884,       140.7374884,       140.7374884,       6409.460359,    0.002865906086,     -0.1882823654,                 0,                 0,                 0,      -0.140730683,    0.002865906086,     -0.1882823654,                 0,      -65.69732564,              -nan
          0,           0,         610,      -8.588273354,      -6.560449883,      -7.965677663,      -4.857908635,      -10.53891771,   1.731495768e-08,    0.001392452262,       14.07374884,       14.07374884,       14.07374884,       6409.460359,    0.002865904743,     -0.1882823684,                 0,                 0,                 0,     -0.1407306847,    0.002865904743,     -0.1882823684,                 0,      -65.69735747,              -nan
          0,           0,         611,      -8.588349548,      -6.560948332,      -7.852947612,      -4.765232309,      -10.54287742,   1.731498948e-09,   0.0001392452262,       1.407374884,       1.407374884,       1.407374884,       6409.460359,    0.002865904608,     -0.1882823687,                 0,                 0,                 0,     -0.1407306849,    0.002865904608,     -0.1882823687,                 0,      -65.69736066,              -nan
          0,           0,         612,      -8.588384685,      -6.561031811,      -7.952489559,      -4.833572391,      -10.54328994,   1.731499266e-10,   1.392452262e-05,                 1,                 1,                 1,       6409.460359,    0.002865904595,     -0.1882823687,                 0,                 0,                 0,     -0.1407306849,    0.002865904595,     -0.1882823687,                 0,      -65.69736098,              -nan
          0,           0,         613,       -8.58838706,      -6.561037517,      -7.958274982,      -4.838615318,      -10.54330433,   1.230304248e-10,   9.893968395e-06,                 1,                 1,                 1,       6409.460359,    0.002865904585,     -0.1882823687,                 0,                 0,                 0,      -0.140730685,    0.002865904585,     -0.1882823687,                 0,       -65.6973612,              -nan
          0,           0,         614,       -8.58838847,      -6.561041137,       -7.96096968,      -4.841519245,      -10.54330549,   1.230304264e-10,   9.893968395e-06,                 1,                 1,                 1,       6409.460359,    0.002865904576,     -0.1882823687,                 0,                 0,                 0,      -0.140730685,    0.002865904576,     -0.1882823687,                 0,      -65.69736143,              -nan
          0,           0,         615,      -8.588389698,      -6.561044489,      -7.962765383,      -4.843965385,       -10.5433067,    1.23030428e-10,   9.893968395e-06,                 1,                 1,                 1,       6409.460359,    0.002865904566,     -0.1882823688,                 0,                 0,                 0,      -0.140730685,    0.002865904566,     -0.1882823688,                 0,      -65.69736166,              -nan
          0,           0,         616,      -8.588390787,      -6.561047635,       -7.96387168,      -4.846047499,      -10.54330795,   1.230304296e-10,   9.893968395e-06,                 1,                 1,                 1,       6409.460359,    0.002865904557,     -0.1882823688,                 0,                 0,                 0,      -0.140730685,    0.002865904557,     -0.1882823688,                 0,      -65.69736188,              -nan
          0,           0,         617,      -8.588391769,      -6.561050618,      -7.964459856,      -4.847841604,      -10.54330925,   1.230304312e-10,   9.893968395e-06,                 1,                 1,                 1,       6409.460359,    0.002865904547,     -0.1882823688,                 0,                 0,                 0,      -0.140730685,    0.002865904547,     -0.1882823688,                 0,      -65.69736211,              -nan
          0,           0,         618,       -8.58839267,      -6.561053473,      -7.964668652,      -4.849409403,      -10.54331059,   1.230304328e-10,   9.893968395e-06,                 1,                 1,                 1,       6409.460359,    0.002865904538,     -0.1882823688,                 0,                 0,                 0,      -0.140730685,    0.002865904538,     -0.1882823688,                 0,      -65.69736233,              -nan
          0,           0,         619,      -8.588393508,       -6.56105622,      -7.964609453,      -4.850800801,      -10.54331198,   1.230304344e-10,   9.893968395e-06,                 1,                 1,                 1,       6409.460359,    0.002865904528,     -0.1882823688,                 0,                 0,                 0,      -0.140730685,    0.002865904528,     -0.1882823688,                 0,      -65.69736256,              -nan
          0,           0,         620,      -8.588394299,      -6.561058878,      -7.964370444,      -4.852055996,      -10.54331341,    1.23030436e-10,   9.893968395e-06,                 1,                 1,                 1,       6409.460359,    0.002865904519,     -0.1882823689,                 0,                 0,                 0,     -0.1407306851,    0.002865904519,     -0.1882823689,                 0,      -65.69736279,              -nan
          0,           0,         621,      -8.588395053,      -6.561061459,      -7.964020525,      -4.853207094,      -10.54331488,   1.230304376e-10,   9.893968395e-06,                 1,                 1,                 1,       6409.460359,    0.002865904509,     -0.1882823689,                 0,                 0,                 0,     -0.1407306851,    0.002865904509,     -0.1882823689,                 0,      -65.69736301,              -nan
          0,           0,         622,       -8.58839578,      -6.561063973,      -7.963612327,      -4.854279458,      -10.54331639,   1.230304393e-10,   9.893968395e-06,                 1,                 1,                 1,       6409.460359,      0.0028659045,     -0.1882823689,                 0,                 0,                 0,     -0.1407306851,      0.0028659045,     -0.1882823689,                 0,      -65.69736324,              -nan
          0,           0,         623,      -8.588396485,      -6.561066428,      -7.963185046,      -4.855292888,      -10.54331795,   1.230304409e-10,   9.893968395e-06,                 1,                 1,                 1,       6409.460359,     0.00286590449,     -0.1882823689,                 0,                 0,                 0,     -0.1407306851,     0.00286590449,     -0.1882823689,                 0,      -65.69736347,              -nan
          0,           0,         624,      -8.588397173,       -6.56106883,      -7.962766817,      -4.856262573,      -10.54331955,   1.230304425e-10,   9.893968395e-06,                 1,                 1,                 1,       6409.460359,     0.00286590448,      -0.188282369,                 0,                 0,                 0,     -0.1407306851,     0.00286590448,      -0.188282369,                 0,      -65.69736369,              -nan
          0,           0,         625,      -8.588397848,      -6.561071186,      -7.962376842,      -4.857199885,      -10.54332119,   1.230304441e-10,   9.893968395e-06,                 1,                 1,                 1,       6409.460359,    0.002865904471,      -0.188282369,                 0,                 0,                 0,     -0.1407306851,    0.002865904471,      -0.188282369,                 0,      -65.69736392,              -nan
          0,           0,         626,      -8.588398513,      -6.561073502,      -7.962027123,       -4.85811311,      -10.54332287,   1.230304457e-10,   9.893968395e-06,                 1,                 1,                 1,       6409.460359,    0.002865904461,      -0.188282369,                 0,                 0,                 0,     -0.1407306851,    0.002865904461,      -0.188282369,                 0,      -65.69736415,              -nan
          0,           0,         627,      -8.588399168,      -6.561075783,      -7.961724077,      -4.859008018,      -10.54332459,   1.230304473e-10,   9.893968395e-06,                 1,                 1,                 1,       6409.460359,    0.002865904452,      -0.188282369,                 0,                 0,                 0,     -0.1407306851,    0.002865904452,      -0.188282369,                 0,      -65.69736437,              -nan
          0,           0,         628,      -8.588399815,      -6.561078033,      -7.961469806,      -4.859888377,      -10.54332635,   1.230304489e-10,   9.893968395e-06,                 1,                 1,                 1,       6409.460359,    0.002865904442,      -0.188282369,                 0,                 0,                 0,     -0.1407306852,    0.002865904442,      -0.188282369,                 0,       -65.6973646,              -nan
          0,           0,         629,      -8.588400455,      -6.561080257,      -7.961263334,      -4.860756421,      -10.54332815,   1.230304505e-10,   9.893968395e-06,                 1,                 1,                 1,       6409.460359,    0.002865904433,     -0.1882823691,                 0,                 0,                 0,     -0.1407306852,    0.002865904433,     -0.1882823691,                 0,      -65.69736482,              -nan
          0,           0,         630,      -8.588401088,       -6.56108246,      -7.961101325,      -4.861613229,      -10.54332999,   1.230304521e-10,   9.893968395e-06,                 1,                 1,                 1,       6409.460359,    0.002865904423,     -0.1882823691,                 0,                 0,                 0,     -0.1407306852,    0.002865904423,     -0.1882823691,                 0,      -65.69736505,              -nan
          0,           0,         631,      -8.588401714,      -6.561084643,       -7.96097903,      -4.862459041,      -10.54333187,   1.230304537e-10,   9.893968395e-06,                 1,                 1,                 1,       6409.460359,    0.002865904414,     -0.1882823691,                 0,                 0,                 0,     -0.1407306852,    0.002865904414,     -0.1882823691,                 0,      -65.69736528,              -nan
          0,           0,         632,      -8.588402333,      -6.561086812,      -7.960890798,      -4.863293541,      -10.54333379,   1.230304553e-10,   9.893968395e-06,                 1,                 1,                 1,       6409.460359,    0.002865904404,     -0.1882823691,                 0,                 0,                 0,     -0.1407306852,    0.002865904404,     -0.1882823691,                 0,       -65.6973655,              -nan
          0,           0,         633,      -8.588402944,       -6.56108897,      -7.960830643,      -4.864116073,      -10.54333575,   1.230304569e-10,   9.893968395e-06,                 1,                 1,                 1,       6409.460359,    0.002865904395,     -0.1882823692,                 0,                 0,                 0,     -0.1407306852,    0.002865904395,     -0.1882823692,                 0,      -65.69736573,              -nan
          0,           0,         634,      -8.588403548,      -6.561091119,      -7.960792523,      -4.864925827,      -10.54333774,   1.230304585e-10,   9.893968395e-06,                 1,                 1,                 1,       6409.460359,    0.002865904385,     -0.1882823692,                 0,                 0,                 0,     -0.1407306852,    0.002865904385,     -0.1882823692,                 0,      -65.69736596,              -nan
          0,           0,         635,      -8.588404144,      -6.561093262,      -7.960770633,      -4.865721949,      -10.54333977,   1.230304601e-10,   9.893968395e-06,                 1,                 1,                 1,       6409.460359,    0.002865904375,     -0.1882823692,                 0,                 0,                 0,     -0.1407306852,    0.002865904375,     -0.1882823692,                 0,      -65.69736618,              -nan
          0,           0,         636,      -8.588404732,      -6.561095402,      -7.960759664,      -4.866503676,      -10.54334183,   1.230304618e-10,   9.893968395e-06,                 1,                 1,                 1,       6409.460359,    0.002865904366,     -0.1882823692,                 0,                 0,                 0,     -0.1407306853,    0.002865904366,     -0.1882823692,                 0,      -65.69736641,              -nan
          0,           0,         637,      -8.588405313,      -6.561097541,        -7.9607548,      -4.867270356,      -10.54334394,   1.230304634e-10,   9.893968395e-06,                 1,                 1,                 1,       6409.460359,    0.002865904356,     -0.1882823692,                 0,                 0,                 0,     -0.1407306853,    0.002865904356,     -0.1882823692,                 0,      -65.69736664,              -nan
          0,           0,         638,      -8.588405885,      -6.561099682,      -7.960751883,      -4.868021514,      -10.54334607,    1.23030465e-10,   9.893968395e-06,                 1,                 1,                 1,       6409.460359,    0.002865904347,     -0.1882823693,                 0,                 0,                 0,     -0.1407306853,    0.002865904347,     -0.1882823693,                 0,      -65.69736686,              -nan
          0,           0,         639,      -8.588406448,      -6.561101827,      -7.960747368,      -4.868756858,      -10.54334825,   1.230304666e-10,   9.893968395e-06,                 1,                 1,                 1,       6409.460359,    0.002865904337,     -0.1882823693,                 0,                 0,                 0,     -0.1407306853,    0.002865904337,     -0.1882823693,                 0,      -65.69736709,              -nan
          0,           0,         640,      -8.588407004,      -6.561103978,      -7.960738376,      -4.869476279,      -10.54335046,   1.230304682e-10,   9.893968395e-06,                 1,                 1,                 1,       6409.460359,    0.002865904328,     -0.1882823693,                 0,                 0,                 0,     -0.1407306853,    0.002865904328,     -0.1882823693,                 0,      -65.69736732,              -nan
          0,           0,         641,      -8.588407551,      -6.561106137,      -7.960722582,      -4.870179838,       -10.5433527,   1.230304698e-10,   9.893968395e-06,                 1,                 1,                 1,       6409.460359,    0.002865904318,     -0.1882823693,                 0,                 0,                 0,     -0.1407306853,    0.002865904318,     -0.1882823693,                 0,      -65.69736754,              -nan
          0,           0,         642,       -8.58840809,      -6.561108307,      -7.960698215,      -4.870867747,      -10.54335497,   1.230304714e-10,   9.893968395e-06,                 1,                 1,                 1,       6409.460359,    0.002865904309,     -0.1882823694,                 0,                 0,                 0,     -0.1407306853,    0.002865904309,     -0.1882823694,                 0,      -65.69736777,              -nan
          0,           0,         643,      -8.588408621,      -6.561110488,      -7.960663975,      -4.871540344,      -10.54335728,    1.23030473e-10,   9.893968395e-06,                 1,                 1,                 1,       6409.460359,    0.002865904299,     -0.1882823694,                 0,                 0,                 0,     -0.1407306854,    0.002865904299,     -0.1882823694,                 0,      -65.69736799,              -nan
          0,           0,         644,      -8.588409144,      -6.561112683,      -7.960618991,      -4.872198069,      -10.54335963,   1.230304746e-10,   9.893968395e-06,                 1,                 1,                 1,       6409.460359,     0.00286590429,     -0.1882823694,                 0,                 0,                 0,     -0.1407306854,     0.00286590429,     -0.1882823694,                 0,      -65.69736822,              -nan
          0,           0,         645,       -8.58840966,      -6.561114893,      -7.960562688,      -4.872841413,        -10.543362,   1.230304762e-10,   9.893968395e-06,                 1,                 1,                 1,       6409.460359,     0.00286590428,     -0.1882823694,                 0,                 0,                 0,     -0.1407306854,     0.00286590428,     -0.1882823694,                 0,      -65.69736845,              -nan
          0,           0,         646,      -8.588410168,       -6.56111712,      -7.960494815,      -4.873470942,      -10.54336441,   1.230304778e-10,   9.893968395e-06,                 1,                 1,                 1,       6409.460359,    0.002865904271,     -0.1882823694,                 0,                 0,                 0,     -0.1407306854,    0.002865904271,     -0.1882823694,                 0,      -65.69736867,              -nan
          0,           0,         647,      -8.588410669,      -6.561119365,      -7.960415374,      -4.874087224,      -10.54336684,   1.230304794e-10,   9.893968395e-06,                 1,                 1,                 1,       6409.460359,    0.002865904261,     -0.1882823695,                 0,                 0,                 0,     -0.1407306854,    0.002865904261,     -0.1882823695,                 0,       -65.6973689,              -nan
          0,           0,         648,      -8.588411162,      -6.561121629,      -7.960324457,      -4.874690836,      -10.54336931,    1.23030481e-10,   9.893968395e-06,                 1,                 1,                 1,       6409.460359,    0.002865904251,     -0.1882823695,                 0,                 0,                 0,     -0.1407306854,    0.002865904251,     -0.1882823695,                 0,      -65.69736913,              -nan
          0,           0,         649,      -8.588411648,      -6.561123914,      -7.960222383,      -4.875282349,      -10.54337181,   1.230304827e-10,   9.893968395e-06,                 1,                 1,                 1,       6409.460359,    0.002865904242,     -0.1882823695,                 0,                 0,                 0,     -0.1407306854,    0.002865904242,     -0.1882823695,                 0,      -65.69736935,              -nan
          0,           0,         650,      -8.588412128,      -6.561126221,      -7.960109513,      -4.875862305,      -10.54337434,   1.230304843e-10,   9.893968395e-06,                 1,                 1,                 1,       6409.460359,    0.002865904232,     -0.1882823695,                 0,                 0,                 0,     -0.1407306854,    0.002865904232,     -0.1882823695,                 0,      -65.69736958,              -nan
          0,           0,         651,      -8.588412601,      -6.561128551,      -7.959986285,       -4.87643121,       -10.5433769,   1.230304859e-10,   9.893968395e-06,                 1,                 1,                 1,       6409.460359,    0.002865904223,     -0.1882823696,                 0,                 0,                 0,     -0.1407306855,    0.002865904223,     -0.1882823696,                 0,      -65.69736981,              -nan
          0,           0,         652,      -8.588413067,      -6.561130905,       -7.95985322,      -4.876989553,      -10.54337949,   1.230304875e-10,   9.893968395e-06,                 1,                 1,                 1,       6409.460359,    0.002865904213,     -0.1882823696,                 0,                 0,                 0,     -0.1407306855,    0.002865904213,     -0.1882823696,                 0,      -65.69737003,              -nan
          0,           0,         653,      -8.588413527,      -6.561133283,       -7.95971083,      -4.877537745,       -10.5433821,   1.230304891e-10,   9.893968395e-06,                 1,                 1,                 1,       6409.460359,    0.002865904204,     -0.1882823696,                 0,                 0,                 0,     -0.1407306855,    0.002865904204,     -0.1882823696,                 0,      -65.69737026,              -nan
          0,           0,         654,      -8.588413981,      -6.561135687,      -7.959559667,      -4.878076197,      -10.54338475,   1.230304907e-10,   9.893968395e-06,                 1,                 1,                 1,       6409.460359,    0.002865904194,     -0.1882823696,                 0,                 0,                 0,     -0.1407306855,    0.002865904194,     -0.1882823696,                 0,      -65.69737049,              -nan
          0,           0,         655,      -8.588414428,      -6.561138118,      -7.959400274,      -4.878605256,      -10.54338742,   1.230304923e-10,   9.893968395e-06,                 1,                 1,                 1,       6409.460359,    0.002865904185,     -0.1882823696,                 0,                 0,                 0,     -0.1407306855,    0.002865904185,     -0.1882823696,                 0,      -65.69737071,              -nan
          0,           0,         656,       -8.58841487,      -6.561140575,      -7.959233196,      -4.879125236,      -10.54339012,   1.230304939e-10,   9.893968395e-06,                 1,                 1,                 1,       6409.460359,    0.002865904175,     -0.1882823697,                 0,                 0,                 0,     -0.1407306855,    0.002865904175,     -0.1882823697,                 0,      -65.69737094,              -nan
          0,           0,         657,      -8.588415305,       -6.56114306,      -7.959059011,      -4.879636423,      -10.54339284,   1.230304955e-10,   9.893968395e-06,                 1,                 1,                 1,       6409.460359,    0.002865904166,     -0.1882823697,                 0,                 0,                 0,     -0.1407306855,    0.002865904166,     -0.1882823697,                 0,      -65.69737117,              -nan
          0,           0,         658,      -8.588415734,      -6.561145574,      -7.958878234,      -4.880139069,      -10.54339559,   1.230304971e-10,   9.893968395e-06,                 1,                 1,                 1,       6409.460359,    0.002865904156,     -0.1882823697,                 0,                 0,                 0,     -0.1407306856,    0.002865904156,     -0.1882823697,                 0,      -65.69737139,              -nan
          0,           0,         659,      -8.588416158,      -6.561148116,      -7.958691391,      -4.880633398,      -10.54339837,   1.230304987e-10,   9.893968395e-06,                 2,                 2,                 2,       6409.460359,    0.002865904146,     -0.1882823697,                 0,                 0,                 0,     -0.1407306856,    0.002865904146,     -0.1882823697,                 0,      -65.69737162,              -nan
          0,           0,         660,      -8.588416576,      -6.561150687,      -7.958499039,      -4.881119617,      -10.54337185,   2.460610007e-10,   1.978793679e-05,                 4,                 4,                 4,       6409.460359,    0.002865904127,     -0.1882823698,                 0,                 0,                 0,     -0.1407306856,    0.002865904127,     -0.1882823698,                 0,      -65.69737207,              -nan
          0,           0,         661,      -8.588417419,      -6.561156057,      -7.958253787,      -4.882127455,       -10.5433195,   4.921220142e-10,   3.957587358e-05,                 8,                 8,                 8,       6409.460359,    0.002865904089,     -0.1882823699,                 0,                 0,                 0,     -0.1407306857,    0.002865904089,     -0.1882823699,                 0,      -65.69737298,              -nan
          0,           0,         662,      -8.588419117,      -6.561167652,      -7.958202664,      -4.884223998,      -10.54321709,   9.842440799e-10,   7.915174716e-05,                16,                16,                16,       6409.460359,    0.002865904013,     -0.1882823701,                 0,                 0,                 0,     -0.1407306858,    0.002865904013,     -0.1882823701,                 0,      -65.69737479,              -nan
          0,           0,         663,      -8.588422452,      -6.561193813,      -7.959140703,      -4.888377841,       -10.5430183,   1.968488366e-09,   0.0001583034943,                32,                32,                32,       6409.460359,     0.00286590386,     -0.1882823704,                 0,                 0,                 0,      -0.140730686,     0.00286590386,     -0.1882823704,                 0,      -65.69737842,              -nan
          0,           0,         664,      -8.588428563,      -6.561255374,      -7.962256459,      -4.895162188,      -10.54263173,   3.936977555e-09,   0.0003166069886,                64,                64,                64,       6409.460359,    0.002865903555,     -0.1882823711,                 0,                 0,                 0,     -0.1407306864,    0.002865903555,     -0.1882823711,                 0,      -65.69738567,              -nan
          0,           0,         665,      -8.588438628,      -6.561399808,      -7.965961799,      -4.900372959,      -10.54186674,   7.873958405e-09,   0.0006332139772,               128,               128,               128,       6409.460359,    0.002865902945,     -0.1882823726,                 0,                 0,                 0,     -0.1407306874,    0.002865902945,     -0.1882823726,                 0,      -65.69740015,              -nan
          0,           0,         666,      -8.588456037,       -6.56170199,      -7.951676559,      -4.881180252,      -10.54032566,   1.574793001e-08,    0.001266427954,              12.8,              12.8,              12.8,       6409.460359,    0.002865901726,      -0.188282376,                 0,                 0,                 0,     -0.1407306903,    0.002865901726,      -0.188282376,                 0,      -65.69742929,              -nan
          0,           0,         667,      -8.588510556,      -6.562193779,      -7.865775187,      -4.784553874,      -10.54393678,   1.574795645e-09,   0.0001266427954,              25.6,              25.6,              25.6,       6409.460359,    0.002865901605,     -0.1882823764,                 0,                 0,                 0,     -0.1407306906,    0.002865901605,     -0.1882823764,                 0,      -65.69743221,              -nan
          0,           0,         668,      -8.588539736,      -6.562275802,       -7.95586181,      -4.847419499,      -10.54359356,    3.14959182e-09,   0.0002532855909,              51.2,              51.2,              51.2,       6409.460359,    0.002865901361,     -0.1882823771,                 0,                 0,                 0,     -0.1407306913,    0.002865901361,     -0.1882823771,                 0,      -65.69743806,              -nan
          0,           0,         669,       -8.58856068,      -6.562371642,      -7.989096408,      -4.879107419,      -10.54295139,   6.299185758e-09,   0.0005065711817,             102.4,             102.4,             102.4,       6409.460359,    0.002865900874,     -0.1882823788,                 0,                 0,                 0,     -0.1407306928,    0.002865900874,     -0.1882823788,                 0,       -65.6974498,              -nan
          0,           0,         670,      -8.588589129,        -6.5625614,      -7.991076933,      -4.885492753,      -10.54170818,      1.259838e-08,    0.001013142363,             10.24,             10.24,             10.24,       6409.460359,      0.0028658999,      -0.188282382,                 0,                 0,                 0,      -0.140730696,      0.0028658999,      -0.188282382,                 0,      -65.69747325,              -nan
          0,           0,         671,      -8.588646799,      -6.562944668,      -7.918225874,      -4.824635298,      -10.54461683,   1.259839698e-09,   0.0001013142363,             20.48,             20.48,             20.48,       6409.460359,    0.002865899803,     -0.1882823824,                 0,                 0,                 0,     -0.1407306964,    0.002865899803,     -0.1882823824,                 0,       -65.6974756,              -nan
          0,           0,         672,      -8.588665095,      -6.562994648,      -7.975863129,      -4.864323901,      -10.54434235,   2.519679736e-09,   0.0002026284727,             40.96,             40.96,             40.96,       6409.460359,    0.002865899608,      -0.188282383,                 0,                 0,                 0,      -0.140730697,    0.002865899608,      -0.188282383,                 0,       -65.6974803,              -nan
          0,           0,         673,      -8.588682248,      -6.563064794,      -7.997437078,      -4.886799028,      -10.54382603,   5.039360832e-09,   0.0004052569453,             81.92,             81.92,             81.92,       6409.460359,    0.002865899219,     -0.1882823844,                 0,                 0,                 0,     -0.1407306983,    0.002865899219,     -0.1882823844,                 0,      -65.69748968,              -nan
          0,           0,         674,       -8.58870782,      -6.563214002,      -7.999322931,      -4.894763744,      -10.54282941,   1.007872711e-08,   0.0008105138906,            163.84,            163.84,            163.84,       6409.460359,    0.002865898441,     -0.1882823868,                 0,                 0,                 0,     -0.1407307006,    0.002865898441,     -0.1882823868,                 0,      -65.69750836,              -nan
          0,           0,         675,      -8.588755251,      -6.563535024,      -7.951616339,      -4.857206786,      -10.54084573,   2.015747601e-08,    0.001621027781,            16.384,            16.384,            16.384,       6409.460359,    0.002865896887,     -0.1882823906,                 0,                 0,                 0,     -0.1407307037,    0.002865896887,     -0.1882823906,                 0,      -65.69754531,              -nan
          0,           0,         676,      -8.588870436,      -6.564055079,      -7.813935886,      -4.730670657,      -10.54543978,   2.015751973e-09,   0.0001621027781,            32.768,            32.768,            32.768,       6409.460359,    0.002865896732,      -0.188282391,                 0,                 0,                 0,      -0.140730704,    0.002865896732,      -0.188282391,                 0,      -65.69754901,              -nan
          0,           0,         677,      -8.588923139,      -6.564172699,      -7.942521798,      -4.818452278,      -10.54500324,   4.031504821e-09,   0.0003242055562,            65.536,            65.536,            65.536,       6409.460359,    0.002865896421,     -0.1882823917,                 0,                 0,                 0,     -0.1407307046,    0.002865896421,     -0.1882823917,                 0,       -65.6975564,              -nan
          0,           0,         678,      -8.588960383,      -6.564285239,      -7.984992633,      -4.862436311,      -10.54419075,   8.063013145e-09,   0.0006484111124,           131.072,           131.072,           131.072,       6409.460359,      0.0028658958,     -0.1882823931,                 0,                 0,                 0,     -0.1407307055,      0.0028658958,     -0.1882823931,                 0,      -65.69757112,              -nan
          0,           0,         679,      -8.589006809,      -6.564517753,      -7.978645215,      -4.870694144,      -10.54260786,   1.612604031e-08,    0.001296822225,           13.1072,           13.1072,           13.1072,       6409.460359,    0.002865894559,     -0.1882823955,                 0,                 0,                 0,     -0.1407307068,    0.002865894559,     -0.1882823955,                 0,      -65.69760038,              -nan
          0,           0,         680,      -8.589081007,       -6.56498273,      -7.875365349,      -4.786801798,      -10.54630702,   1.612606842e-09,   0.0001296822225,           26.2144,           26.2144,           26.2144,       6409.460359,    0.002865894435,     -0.1882823957,                 0,                 0,                 0,     -0.1407307069,    0.002865894435,     -0.1882823957,                 0,      -65.69760331,              -nan
          0,           0,         681,      -8.589110806,      -6.565054184,      -7.963725016,      -4.847599086,      -10.54595752,   3.225214246e-09,   0.0002593644449,           52.4288,           52.4288,           52.4288,       6409.460359,    0.002865894187,     -0.1882823962,                 0,                 0,                 0,     -0.1407307072,    0.002865894187,     -0.1882823962,                 0,      -65.69760917,              -nan
          0,           0,         682,       -8.58913331,      -6.565142558,      -7.992477614,      -4.879809766,      -10.54530394,   6.450430742e-09,   0.0005187288898,          104.8576,          104.8576,          104.8576,       6409.460359,    0.002865893691,     -0.1882823972,                 0,                 0,                 0,     -0.1407307078,    0.002865893691,     -0.1882823972,                 0,       -65.6976209,              -nan
          0,           0,         683,      -8.589160618,      -6.565334729,      -7.989659292,      -4.888344054,      -10.54403546,   1.290087049e-08,     0.00103745778,          10.48576,          10.48576,          10.48576,       6409.460359,      0.0028658927,     -0.1882823994,                 0,                 0,                 0,     -0.1407307092,      0.0028658927,     -0.1882823994,                 0,      -65.69764438,              -nan
          0,           0,         684,      -8.589204959,      -6.565737705,       -7.91721153,      -4.827313574,      -10.54701056,   1.290088854e-09,    0.000103745778,          20.97152,          20.97152,          20.97152,       6409.460359,    0.002865892601,     -0.1882823996,                 0,                 0,                 0,     -0.1407307094,    0.002865892601,     -0.1882823996,                 0,      -65.69764673,              -nan
          0,           0,         685,      -8.589222096,       -6.56578911,      -7.976288532,      -4.868949613,      -10.54673007,    2.58017807e-09,   0.0002074915559,          41.94304,          41.94304,          41.94304,       6409.460359,    0.002865892402,     -0.1882824001,                 0,                 0,                 0,     -0.1407307097,    0.002865892402,     -0.1882824001,                 0,      -65.69765144,              -nan
          0,           0,         686,       -8.58923587,       -6.56586275,      -7.997185247,      -4.892417544,      -10.54620242,   5.160357584e-09,   0.0004149831118,          83.88608,          83.88608,          83.88608,       6409.460359,    0.002865892006,     -0.1882824011,                 0,                 0,                 0,     -0.1407307105,    0.002865892006,     -0.1882824011,                 0,      -65.69766088,              -nan
          0,           0,         687,      -8.589253526,      -6.566020572,      -7.997704003,      -4.899809592,      -10.54518281,   1.032072095e-08,   0.0008299662236,         167.77216,         167.77216,         167.77216,       6409.460359,    0.002865891214,     -0.1882824033,                 0,                 0,                 0,     -0.1407307123,    0.002865891214,     -0.1882824033,                 0,      -65.69767979,              -nan
          0,           0,         688,      -8.589285396,      -6.566357725,      -7.950011892,      -4.857794884,      -10.54315171,   2.064146507e-08,    0.001659932447,         16.777216,         16.777216,         16.777216,       6409.460359,    0.002865889632,     -0.1882824075,                 0,                 0,                 0,     -0.1407307157,    0.002865889632,     -0.1882824075,                 0,      -65.69771752,              -nan
          0,           0,         689,      -8.589381526,      -6.566894999,      -7.812504571,      -4.725153505,      -10.54784566,   2.064151153e-09,   0.0001659932447,         33.554432,         33.554432,         33.554432,       6409.460359,    0.002865889474,     -0.1882824079,                 0,                 0,                 0,      -0.140730716,    0.002865889474,     -0.1882824079,                 0,       -65.6977213,              -nan
          0,           0,         690,      -8.589433733,      -6.567023494,      -7.945190355,      -4.814229759,      -10.54739717,   4.128303236e-09,   0.0003319864894,         67.108864,         67.108864,         67.108864,       6409.460359,    0.002865889158,     -0.1882824088,                 0,                 0,                 0,     -0.1407307168,    0.002865889158,     -0.1882824088,                 0,      -65.69772886,              -nan
          0,           0,         691,      -8.589468079,      -6.567146672,       -7.98720319,      -4.859045085,      -10.54656493,   8.256610193e-09,   0.0006639729787,        134.217728,        134.217728,        134.217728,       6409.460359,    0.002865888526,     -0.1882824105,                 0,                 0,                 0,      -0.140730718,    0.002865888526,     -0.1882824105,                 0,      -65.69774392,              -nan
          0,           0,         692,      -8.589509275,      -6.567395066,      -7.979289777,      -4.867256978,      -10.54494363,   1.651323529e-08,    0.001327945957,        13.4217728,        13.4217728,        13.4217728,       6409.460359,    0.002865887262,     -0.1882824133,                 0,                 0,                 0,     -0.1407307198,    0.002865887262,     -0.1882824133,                 0,      -65.69777387,              -nan
          0,           0,         693,      -8.589578223,      -6.567877653,      -7.874015345,      -4.781635643,      -10.54872356,   1.651326516e-09,   0.0001327945957,        26.8435456,        26.8435456,        26.8435456,       6409.460359,    0.002865887136,     -0.1882824136,                 0,                 0,                 0,       -0.14073072,    0.002865887136,     -0.1882824136,                 0,      -65.69777687,              -nan
          0,           0,         694,      -8.589608636,      -6.567955788,      -7.965899283,      -4.844111162,      -10.54836453,   3.302653629e-09,   0.0002655891915,        53.6870912,        53.6870912,        53.6870912,       6409.460359,    0.002865886884,     -0.1882824142,                 0,                 0,                 0,     -0.1407307204,    0.002865886884,     -0.1882824142,                 0,      -65.69778286,              -nan
          0,           0,         695,      -8.589630665,      -6.568050937,      -7.994986792,      -4.877434719,      -10.54769508,   6.605309649e-09,   0.0005311783829,       107.3741824,       107.3741824,       107.3741824,       6409.460359,    0.002865886379,     -0.1882824154,                 0,                 0,                 0,     -0.1407307211,    0.002865886379,     -0.1882824154,                 0,      -65.69779484,              -nan
          0,           0,         696,      -8.589656879,      -6.568252749,      -7.991336678,      -4.886757092,      -10.54639609,   1.321062887e-08,    0.001062356766,       10.73741824,       10.73741824,       10.73741824,       6409.460359,     0.00286588537,     -0.1882824178,                 0,                 0,                 0,     -0.1407307228,     0.00286588537,     -0.1882824178,                 0,      -65.69781882,              -nan
          0,           0,         697,      -8.589700781,      -6.568666404,      -7.916289609,      -4.824769533,      -10.54943777,   1.321064806e-09,   0.0001062356766,       21.47483648,       21.47483648,       21.47483648,       6409.460359,    0.002865885269,      -0.188282418,                 0,                 0,                 0,     -0.1407307229,    0.002865885269,      -0.188282418,                 0,      -65.69782122,              -nan
          0,           0,         698,      -8.589718576,      -6.568720765,      -7.978160742,      -4.868206011,      -10.54915016,   2.642129995e-09,   0.0002124713531,       42.94967296,       42.94967296,       42.94967296,       6409.460359,    0.002865885067,     -0.1882824185,                 0,                 0,                 0,     -0.1407307233,    0.002865885067,     -0.1882824185,                 0,      -65.69782602,              -nan
          0,           0,         699,      -8.589732502,      -6.568797119,      -7.999628994,       -4.89261735,      -10.54861005,   5.284261526e-09,   0.0004249427063,       85.89934592,       85.89934592,       85.89934592,       6409.460359,    0.002865884664,     -0.1882824196,                 0,                 0,                 0,     -0.1407307242,    0.002865884664,     -0.1882824196,                 0,      -65.69783565,              -nan
          0,           0,         700,      -8.589750213,      -6.568959405,      -7.999625792,      -4.900409987,      -10.54756644,    1.05685292e-08,   0.0008498854125,       171.7986918,       171.7986918,       171.7986918,       6409.460359,    0.002865883858,      -0.188282422,                 0,                 0,                 0,     -0.1407307262,    0.002865883858,      -0.188282422,                 0,      -65.69785495,              -nan
          0,           0,         701,      -8.589782674,      -6.569302782,      -7.949157993,      -4.856995267,      -10.54548685,   2.113708302e-08,    0.001699770825,       17.17986918,       17.17986918,       17.17986918,       6409.460359,    0.002865882248,     -0.1882824265,                 0,                 0,                 0,     -0.1407307298,    0.002865882248,     -0.1882824265,                 0,      -65.69789342,              -nan
          0,           0,         702,      -8.589882855,      -6.569842486,      -7.807712754,      -4.721784555,      -10.55028749,    2.11371324e-09,   0.0001699770825,       34.35973837,       34.35973837,       34.35973837,       6409.460359,    0.002865882087,     -0.1882824269,                 0,                 0,                 0,     -0.1407307302,    0.002865882087,     -0.1882824269,                 0,      -65.69789728,              -nan
          0,           0,         703,       -8.58993745,       -6.56997577,      -7.944564906,       -4.81428964,      -10.54982929,   4.227427467e-09,    0.000339954165,       68.71947674,       68.71947674,       68.71947674,       6409.460359,    0.002865881765,     -0.1882824279,                 0,                 0,                 0,      -0.140730731,    0.002865881765,     -0.1882824279,                 0,      -65.69790499,              -nan
          0,           0,         704,      -8.589972768,      -6.570100167,      -7.987686145,      -4.860587696,      -10.54897877,   8.454858891e-09,   0.0006799083299,       137.4389535,       137.4389535,       137.4389535,       6409.460359,    0.002865881121,     -0.1882824296,                 0,                 0,                 0,     -0.1407307323,    0.002865881121,     -0.1882824296,                 0,      -65.69792035,              -nan
          0,           0,         705,      -8.590014944,      -6.570352372,      -7.978469145,      -4.868277907,      -10.54731992,   1.690973362e-08,     0.00135981666,       13.74389535,       13.74389535,       13.74389535,       6409.460359,    0.002865879836,     -0.1882824327,                 0,                 0,                 0,     -0.1407307343,    0.002865879836,     -0.1882824327,                 0,      -65.69795089,              -nan
          0,           0,         706,      -8.590087247,      -6.570841131,      -7.868799297,      -4.779277564,      -10.55118689,   1.690976536e-09,    0.000135981666,       27.48779069,       27.48779069,       27.48779069,       6409.460359,    0.002865879707,      -0.188282433,                 0,                 0,                 0,     -0.1407307345,    0.002865879707,      -0.188282433,                 0,      -65.69795395,              -nan
          0,           0,         707,      -8.590119423,      -6.570921015,      -7.964610276,      -4.844808021,         -10.55082,   3.381953708e-09,   0.0002719633319,       54.97558139,       54.97558139,       54.97558139,       6409.460359,     0.00286587945,     -0.1882824336,                 0,                 0,                 0,     -0.1407307349,     0.00286587945,     -0.1882824336,                 0,      -65.69796006,              -nan
          0,           0,         708,      -8.590142602,       -6.57101676,      -7.994991558,      -4.879411716,      -10.55013573,   6.763909959e-09,   0.0005439266638,       109.9511628,       109.9511628,       109.9511628,       6409.460359,    0.002865878936,     -0.1882824349,                 0,                 0,                 0,     -0.1407307357,    0.002865878936,     -0.1882824349,                 0,      -65.69797228,              -nan
          0,           0,         709,      -8.590170563,      -6.571221534,      -7.990973997,      -4.888428008,       -10.5488064,   1.352783009e-08,    0.001087853328,       10.99511628,       10.99511628,       10.99511628,       6409.460359,    0.002865877909,     -0.1882824375,                 0,                 0,                 0,     -0.1407307375,    0.002865877909,     -0.1882824375,                 0,      -65.69799672,              -nan
          0,           0,         710,      -8.590219236,      -6.571641719,      -7.912248766,      -4.823350622,      -10.55191882,   1.352785048e-09,   0.0001087853328,       21.99023256,       21.99023256,       21.99023256,       6409.460359,    0.002865877807,     -0.1882824378,                 0,                 0,                 0,     -0.1407307377,    0.002865877807,     -0.1882824378,                 0,      -65.69799917,              -nan
          0,           0,         711,      -8.590238383,      -6.571697142,      -7.977304184,      -4.869086871,      -10.55162468,   2.705570505e-09,   0.0002175706655,       43.98046511,       43.98046511,       43.98046511,       6409.460359,    0.002865877601,     -0.1882824383,                 0,                 0,                 0,     -0.1407307381,    0.002865877601,     -0.1882824383,                 0,      -65.69800407,              -nan
          0,           0,         712,      -8.590253643,      -6.571774272,      -7.999876281,      -4.894517778,      -10.55107237,   5.411142642e-09,    0.000435141331,       87.96093022,       87.96093022,       87.96093022,       6409.460359,    0.002865877191,     -0.1882824395,                 0,                 0,                 0,      -0.140730739,    0.002865877191,     -0.1882824395,                 0,      -65.69801388,              -nan
          0,           0,         713,      -8.590273682,      -6.571939254,      -7.999883041,      -4.902266831,      -10.55000435,   1.082229182e-08,    0.000870282662,       175.9218604,       175.9218604,       175.9218604,       6409.460359,    0.002865876371,     -0.1882824419,                 0,                 0,                 0,      -0.140730741,    0.002865876371,     -0.1882824419,                 0,      -65.69803355,              -nan
          0,           0,         714,      -8.590311341,      -6.572289064,      -7.946627167,       -4.85653348,      -10.54787538,    2.16446098e-08,    0.001740565324,       17.59218604,       17.59218604,       17.59218604,       6409.460359,    0.002865874732,     -0.1882824464,                 0,                 0,                 0,     -0.1407307446,    0.002865874732,     -0.1882824464,                 0,      -65.69807269,              -nan
          0,           0,         715,      -8.590423205,      -6.572836288,      -7.802198377,       -4.71820297,      -10.55278773,   2.164466229e-09,   0.0001740565324,       35.18437209,       35.18437209,       35.18437209,       6409.460359,    0.002865874568,     -0.1882824469,                 0,                 0,                 0,      -0.140730745,    0.002865874568,     -0.1882824469,                 0,      -65.69807661,              -nan
          0,           0,         716,      -8.590480942,      -6.572974097,      -7.943119954,       -4.81382128,      -10.55231942,   4.328933509e-09,   0.0003481130647,       70.36874418,       70.36874418,       70.36874418,       6409.460359,     0.00286587424,     -0.1882824479,                 0,                 0,                 0,     -0.1407307457,     0.00286587424,     -0.1882824479,                 0,      -65.69808445,              -nan
          0,           0,         717,      -8.590518675,       -6.57310102,      -7.987266656,      -4.861611077,      -10.55144987,   8.657871223e-09,   0.0006962261295,       140.7374884,       140.7374884,       140.7374884,       6409.460359,    0.002865873586,     -0.1882824496,                 0,                 0,                 0,      -0.140730747,    0.002865873586,     -0.1882824496,                 0,      -65.69810006,              -nan
          0,           0,         718,      -8.590564122,      -6.573359669,      -7.977167586,      -4.868859418,      -10.54975227,   1.731575928e-08,    0.001392452259,       14.07374884,       14.07374884,       14.07374884,       6409.460359,    0.002865872277,     -0.1882824525,                 0,                 0,                 0,     -0.1407307487,    0.002865872277,     -0.1882824525,                 0,      -65.69813108,              -nan
          0,           0,         719,        -8.5906411,      -6.573858704,      -7.864489973,      -4.776369508,      -10.55370953,   1.731579303e-09,   0.0001392452259,       1.407374884,       1.407374884,       1.407374884,       6409.460359,    0.002865872146,     -0.1882824528,                 0,                 0,                 0,     -0.1407307489,    0.002865872146,     -0.1882824528,                 0,      -65.69813418,              -nan
          0,           0,         720,      -8.590675058,      -6.573942334,      -7.963965842,      -4.844550348,       -10.5541218,    1.73157964e-10,   1.392452259e-05,                 1,                 1,                 1,       6409.460359,    0.002865872133,     -0.1882824529,                 0,                 0,                 0,     -0.1407307489,    0.002865872133,     -0.1882824529,                 0,      -65.69813449,              -nan
          0,           0,         721,      -8.590677362,      -6.573948051,      -7.969744713,      -4.849582774,      -10.55413618,   1.230361359e-10,   9.893968373e-06,                 1,                 1,                 1,       6409.460359,    0.002865872124,     -0.1882824529,                 0,                 0,                 0,     -0.1407307489,    0.002865872124,     -0.1882824529,                 0,      -65.69813471,              -nan
          0,           0,         722,      -8.590678733,      -6.573951678,      -7.972435756,      -4.852481686,      -10.55413733,   1.230361376e-10,   9.893968373e-06,                 1,                 1,                 1,       6409.460359,    0.002865872115,     -0.1882824529,                 0,                 0,                 0,     -0.1407307489,    0.002865872115,     -0.1882824529,                 0,      -65.69813493,              -nan
          0,           0,         723,      -8.590679929,      -6.573955036,      -7.974228472,      -4.854924339,      -10.55413853,   1.230361393e-10,   9.893968373e-06,                 1,                 1,                 1,       6409.460359,    0.002865872106,     -0.1882824529,                 0,                 0,                 0,     -0.1407307489,    0.002865872106,     -0.1882824529,                 0,      -65.69813515,              -nan
          0,           0,         724,      -8.590680992,      -6.573958187,      -7.975332467,      -4.857004129,      -10.55413978,    1.23036141e-10,   9.893968373e-06,                 1,                 1,                 1,       6409.460359,    0.002865872096,     -0.1882824529,                 0,                 0,                 0,     -0.1407307489,    0.002865872096,     -0.1882824529,                 0,      -65.69813537,              -nan
          0,           0,         725,      -8.590681952,      -6.573961176,      -7.975918789,      -4.858796724,      -10.55414107,   1.230361427e-10,   9.893968373e-06,                 1,                 1,                 1,       6409.460359,    0.002865872087,      -0.188282453,                 0,                 0,                 0,      -0.140730749,    0.002865872087,      -0.188282453,                 0,      -65.69813559,              -nan
          0,           0,         726,      -8.590682834,      -6.573964034,       -7.97612614,      -4.860363605,       -10.5541424,   1.230361444e-10,   9.893968373e-06,                 1,                 1,                 1,       6409.460359,    0.002865872078,      -0.188282453,                 0,                 0,                 0,      -0.140730749,    0.002865872078,      -0.188282453,                 0,      -65.69813582,              -nan
          0,           0,         727,      -8.590683656,      -6.573966784,      -7.976065787,      -4.861754522,      -10.55414377,   1.230361461e-10,   9.893968373e-06,                 1,                 1,                 1,       6409.460359,    0.002865872068,      -0.188282453,                 0,                 0,                 0,      -0.140730749,    0.002865872068,      -0.188282453,                 0,      -65.69813604,              -nan
          0,           0,         728,      -8.590684432,      -6.573969444,      -7.975825895,      -4.863009529,      -10.55414519,   1.230361478e-10,   9.893968373e-06,                 1,                 1,                 1,       6409.460359,    0.002865872059,      -0.188282453,                 0,                 0,                 0,      -0.140730749,    0.002865872059,      -0.188282453,                 0,      -65.69813626,              -nan
          0,           0,         729,      -8.590685174,      -6.573972026,      -7.975475253,      -4.864160622,      -10.55414666,   1.230361495e-10,   9.893968373e-06,                 1,                 1,                 1,       6409.460359,     0.00286587205,     -0.1882824531,                 0,                 0,                 0,      -0.140730749,     0.00286587205,     -0.1882824531,                 0,      -65.69813648,              -nan
          0,           0,         730,      -8.590685889,       -6.57397454,      -7.975066406,      -4.865233109,      -10.55414816,   1.230361512e-10,   9.893968373e-06,                 1,                 1,                 1,       6409.460359,     0.00286587204,     -0.1882824531,                 0,                 0,                 0,      -0.140730749,     0.00286587204,     -0.1882824531,                 0,       -65.6981367,              -nan
          0,           0,         731,      -8.590686584,      -6.573976994,      -7.974638544,      -4.866246711,      -10.55414971,   1.230361529e-10,   9.893968373e-06,                 1,                 1,                 1,       6409.460359,    0.002865872031,     -0.1882824531,                 0,                 0,                 0,      -0.140730749,    0.002865872031,     -0.1882824531,                 0,      -65.69813692,              -nan
          0,           0,         732,      -8.590687262,      -6.573979396,       -7.97421977,      -4.867216578,       -10.5541513,   1.230361546e-10,   9.893968373e-06,                 1,                 1,                 1,       6409.460359,    0.002865872022,     -0.1882824531,                 0,                 0,                 0,     -0.1407307491,    0.002865872022,     -0.1882824531,                 0,      -65.69813714,              -nan
          0,           0,         733,      -8.590687928,      -6.573981751,      -7.973829194,      -4.868154068,      -10.55415293,   1.230361563e-10,   9.893968373e-06,                 1,                 1,                 1,       6409.460359,    0.002865872013,     -0.1882824531,                 0,                 0,                 0,     -0.1407307491,    0.002865872013,     -0.1882824531,                 0,      -65.69813736,              -nan
          0,           0,         734,      -8.590688584,      -6.573984065,      -7.973478836,      -4.869067432,       -10.5541546,   1.230361581e-10,   9.893968373e-06,                 1,                 1,                 1,       6409.460359,    0.002865872003,     -0.1882824532,                 0,                 0,                 0,     -0.1407307491,    0.002865872003,     -0.1882824532,                 0,      -65.69813758,              -nan
          0,           0,         735,      -8.590689231,      -6.573986343,       -7.97317509,      -4.869962419,      -10.55415632,   1.230361598e-10,   9.893968373e-06,                 1,                 1,                 1,       6409.460359,    0.002865871994,     -0.1882824532,                 0,                 0,                 0,     -0.1407307491,    0.002865871994,     -0.1882824532,                 0,       -65.6981378,              -nan
          0,           0,         736,       -8.59068987,      -6.573988591,       -7.97292008,      -4.870842803,      -10.55415807,   1.230361615e-10,   9.893968373e-06,                 1,                 1,                 1,       6409.460359,    0.002865871985,     -0.1882824532,                 0,                 0,                 0,     -0.1407307491,    0.002865871985,     -0.1882824532,                 0,      -65.69813802,              -nan
          0,           0,         737,      -8.590690501,      -6.573990812,      -7.972712733,      -4.871710802,      -10.55415986,   1.230361632e-10,   9.893968373e-06,                 1,                 1,                 1,       6409.460359,    0.002865871975,     -0.1882824532,                 0,                 0,                 0,     -0.1407307491,    0.002865871975,     -0.1882824532,                 0,      -65.69813824,              -nan
          0,           0,         738,      -8.590691127,      -6.573993011,      -7.972549792,      -4.872567493,      -10.55416169,   1.230361649e-10,   9.893968373e-06,                 1,                 1,                 1,       6409.460359,    0.002865871966,     -0.1882824532,                 0,                 0,                 0,     -0.1407307491,    0.002865871966,     -0.1882824532,                 0,      -65.69813846,              -nan
          0,           0,         739,      -8.590691745,      -6.573995192,      -7.972426459,      -4.873413115,      -10.55416356,   1.230361666e-10,   9.893968373e-06,                 1,                 1,                 1,       6409.460359,    0.002865871957,     -0.1882824533,                 0,                 0,                 0,     -0.1407307491,    0.002865871957,     -0.1882824533,                 0,      -65.69813868,              -nan
          0,           0,         740,      -8.590692356,      -6.573997357,      -7.972337133,      -4.874247357,      -10.55416547,   1.230361683e-10,   9.893968373e-06,                 1,                 1,                 1,       6409.460359,    0.002865871948,     -0.1882824533,                 0,                 0,                 0,     -0.1407307492,    0.002865871948,     -0.1882824533,                 0,       -65.6981389,              -nan
          0,           0,         741,      -8.590692961,      -6.573999511,       -7.97227577,      -4.875069574,      -10.55416742,     1.2303617e-10,   9.893968373e-06,                 1,                 1,                 1,       6409.460359,    0.002865871938,     -0.1882824533,                 0,                 0,                 0,     -0.1407307492,    0.002865871938,     -0.1882824533,                 0,      -65.69813912,              -nan
          0,           0,         742,      -8.590693558,      -6.574001656,       -7.97223635,      -4.875878951,       -10.5541694,   1.230361717e-10,   9.893968373e-06,                 1,                 1,                 1,       6409.460359,    0.002865871929,     -0.1882824533,                 0,                 0,                 0,     -0.1407307492,    0.002865871929,     -0.1882824533,                 0,      -65.69813935,              -nan
          0,           0,         743,      -8.590694147,      -6.574003795,      -7.972213083,       -4.87667466,      -10.55417142,   1.230361734e-10,   9.893968373e-06,                 1,                 1,                 1,       6409.460359,     0.00286587192,     -0.1882824534,                 0,                 0,                 0,     -0.1407307492,     0.00286587192,     -0.1882824534,                 0,      -65.69813957,              -nan
          0,           0,         744,      -8.590694729,      -6.574005931,      -7.972200641,      -4.877455922,      -10.55417348,   1.230361751e-10,   9.893968373e-06,                 1,                 1,                 1,       6409.460359,     0.00286587191,     -0.1882824534,                 0,                 0,                 0,     -0.1407307492,     0.00286587191,     -0.1882824534,                 0,      -65.69813979,              -nan
          0,           0,         745,      -8.590695304,      -6.574008066,      -7.972194211,      -4.878222101,      -10.55417558,   1.230361768e-10,   9.893968373e-06,                 1,                 1,                 1,       6409.460359,    0.002865871901,     -0.1882824534,                 0,                 0,                 0,     -0.1407307492,    0.002865871901,     -0.1882824534,                 0,      -65.69814001,              -nan
          0,           0,         746,       -8.59069587,      -6.574010203,      -7.972189652,      -4.878972729,      -10.55417771,   1.230361785e-10,   9.893968373e-06,                 1,                 1,                 1,       6409.460359,    0.002865871892,     -0.1882824534,                 0,                 0,                 0,     -0.1407307492,    0.002865871892,     -0.1882824534,                 0,      -65.69814023,              -nan
          0,           0,         747,      -8.590696428,      -6.574012344,      -7.972183458,      -4.879707516,      -10.55417987,   1.230361802e-10,   9.893968373e-06,                 1,                 1,                 1,       6409.460359,    0.002865871882,     -0.1882824534,                 0,                 0,                 0,     -0.1407307492,    0.002865871882,     -0.1882824534,                 0,      -65.69814045,              -nan
          0,           0,         748,      -8.590696979,      -6.574014491,      -7.972172702,      -4.880426356,      -10.55418207,   1.230361819e-10,   9.893968373e-06,                 1,                 1,                 1,       6409.460359,    0.002865871873,     -0.1882824535,                 0,                 0,                 0,     -0.1407307493,    0.002865871873,     -0.1882824535,                 0,      -65.69814067,              -nan
          0,           0,         749,      -8.590697521,      -6.574016646,      -7.972155081,      -4.881129318,       -10.5541843,   1.230361836e-10,   9.893968373e-06,                 1,                 1,                 1,       6409.460359,    0.002865871864,     -0.1882824535,                 0,                 0,                 0,     -0.1407307493,    0.002865871864,     -0.1882824535,                 0,      -65.69814089,              -nan
          0,           0,         750,      -8.590698056,      -6.574018812,      -7.972128857,       -4.88181662,      -10.55418657,   1.230361853e-10,   9.893968373e-06,                 1,                 1,                 1,       6409.460359,    0.002865871855,     -0.1882824535,                 0,                 0,                 0,     -0.1407307493,    0.002865871855,     -0.1882824535,                 0,      -65.69814111,              -nan
          0,           0,         751,      -8.590698583,      -6.574020989,      -7.972092667,        -4.8824886,      -10.55418887,    1.23036187e-10,   9.893968373e-06,                 1,                 1,                 1,       6409.460359,    0.002865871845,     -0.1882824535,                 0,                 0,                 0,     -0.1407307493,    0.002865871845,     -0.1882824535,                 0,      -65.69814133,              -nan
          0,           0,         752,      -8.590699102,       -6.57402318,      -7.972045674,      -4.883145694,       -10.5541912,   1.230361888e-10,   9.893968373e-06,                 1,                 1,                 1,       6409.460359,    0.002865871836,     -0.1882824536,                 0,                 0,                 0,     -0.1407307493,    0.002865871836,     -0.1882824536,                 0,      -65.69814155,              -nan
          0,           0,         753,      -8.590699614,      -6.574025386,       -7.97198735,       -4.88378841,      -10.55419357,   1.230361905e-10,   9.893968373e-06,                 1,                 1,                 1,       6409.460359,    0.002865871827,     -0.1882824536,                 0,                 0,                 0,     -0.1407307493,    0.002865871827,     -0.1882824536,                 0,      -65.69814177,              -nan
          0,           0,         754,      -8.590700119,      -6.574027609,      -7.971917413,      -4.884417298,      -10.55419597,   1.230361922e-10,   9.893968373e-06,                 1,                 1,                 1,       6409.460359,    0.002865871817,     -0.1882824536,                 0,                 0,                 0,     -0.1407307493,    0.002865871817,     -0.1882824536,                 0,      -65.69814199,              -nan
          0,           0,         755,      -8.590700616,      -6.574029851,      -7.971835823,      -4.885032941,       -10.5541984,   1.230361939e-10,   9.893968373e-06,                 1,                 1,                 1,       6409.460359,    0.002865871808,     -0.1882824536,                 0,                 0,                 0,     -0.1407307494,    0.002865871808,     -0.1882824536,                 0,      -65.69814221,              -nan
          0,           0,         756,      -8.590701107,      -6.574032112,       -7.97174275,      -4.885635917,      -10.55420086,   1.230361956e-10,   9.893968373e-06,                 1,                 1,                 1,       6409.460359,    0.002865871799,     -0.1882824536,                 0,                 0,                 0,     -0.1407307494,    0.002865871799,     -0.1882824536,                 0,      -65.69814243,              -nan
          0,           0,         757,       -8.59070159,      -6.574034394,      -7.971638459,       -4.88622679,      -10.55420335,   1.230361973e-10,   9.893968373e-06,                 1,                 1,                 1,       6409.460359,     0.00286587179,     -0.1882824537,                 0,                 0,                 0,     -0.1407307494,     0.00286587179,     -0.1882824537,                 0,      -65.69814266,              -nan
          0,           0,         758,      -8.590702068,      -6.574036697,      -7.971523344,      -4.886806111,      -10.55420587,    1.23036199e-10,   9.893968373e-06,                 1,                 1,                 1,       6409.460359,     0.00286587178,     -0.1882824537,                 0,                 0,                 0,     -0.1407307494,     0.00286587178,     -0.1882824537,                 0,      -65.69814288,              -nan
          0,           0,         759,      -8.590702538,      -6.574039024,      -7.971397841,      -4.887374382,      -10.55420842,   1.230362007e-10,   9.893968373e-06,                 1,                 1,                 1,       6409.460359,    0.002865871771,     -0.1882824537,                 0,                 0,                 0,     -0.1407307494,    0.002865871771,     -0.1882824537,                 0,       -65.6981431,              -nan
          0,           0,         760,      -8.590703003,      -6.574041375,      -7.971262451,       -4.88793209,        -10.554211,   1.230362024e-10,   9.893968373e-06,                 1,                 1,                 1,       6409.460359,    0.002865871762,     -0.1882824537,                 0,                 0,                 0,     -0.1407307494,    0.002865871762,     -0.1882824537,                 0,      -65.69814332,              -nan
          0,           0,         761,      -8.590703461,      -6.574043751,      -7.971117729,      -4.888479656,      -10.55421361,   1.230362041e-10,   9.893968373e-06,                 1,                 1,                 1,       6409.460359,    0.002865871752,     -0.1882824538,                 0,                 0,                 0,     -0.1407307494,    0.002865871752,     -0.1882824538,                 0,      -65.69814354,              -nan
          0,           0,         762,      -8.590703913,      -6.574046152,      -7.970964185,      -4.889017484,      -10.55421624,   1.230362058e-10,   9.893968373e-06,                 1,                 1,                 1,       6409.460359,    0.002865871743,     -0.1882824538,                 0,                 0,                 0,     -0.1407307495,    0.002865871743,     -0.1882824538,                 0,      -65.69814376,              -nan
          0,           0,         763,      -8.590704359,       -6.57404858,      -7.970802369,      -4.889545915,      -10.55421891,   1.230362075e-10,   9.893968373e-06,                 1,                 1,                 1,       6409.460359,    0.002865871734,     -0.1882824538,                 0,                 0,                 0,     -0.1407307495,    0.002865871734,     -0.1882824538,                 0,      -65.69814398,              -nan
          0,           0,         764,        -8.5907048,      -6.574051035,      -7.970632864,      -4.890065283,       -10.5542216,   1.230362092e-10,   9.893968373e-06,                 1,                 1,                 1,       6409.460359,    0.002865871725,     -0.1882824538,                 0,                 0,                 0,     -0.1407307495,    0.002865871725,     -0.1882824538,                 0,       -65.6981442,              -nan
          0,           0,         765,      -8.590705234,      -6.574053518,      -7.970456195,      -4.890575857,      -10.55422431,   1.230362109e-10,   9.893968373e-06,                 1,                 1,                 1,       6409.460359,    0.002865871715,     -0.1882824538,                 0,                 0,                 0,     -0.1407307495,    0.002865871715,     -0.1882824538,                 0,      -65.69814442,              -nan
          0,           0,         766,      -8.590705663,       -6.57405603,      -7.970272911,      -4.891077894,      -10.55422705,   1.230362126e-10,   9.893968373e-06,                 1,                 1,                 1,       6409.460359,    0.002865871706,     -0.1882824539,                 0,                 0,                 0,     -0.1407307495,    0.002865871706,     -0.1882824539,                 0,      -65.69814464,              -nan
          0,           0,         767,      -8.590706086,       -6.57405857,       -7.97008355,      -4.891571624,      -10.55422982,   1.230362143e-10,   9.893968373e-06,                 2,                 2,                 2,       6409.460359,    0.002865871697,     -0.1882824539,                 0,                 0,                 0,     -0.1407307495,    0.002865871697,     -0.1882824539,                 0,      -65.69814486,              -nan
          0,           0,         768,      -8.590706503,       -6.57406114,      -7.969888667,      -4.892057247,       -10.5542033,   2.460724321e-10,   1.978793675e-05,                 4,                 4,                 4,       6409.460359,    0.002865871678,     -0.1882824539,                 0,                 0,                 0,     -0.1407307495,    0.002865871678,     -0.1882824539,                 0,       -65.6981453,              -nan
          0,           0,         769,      -8.590707346,      -6.574066509,      -7.969638169,       -4.89306379,      -10.55415096,   4.921448778e-10,   3.957587349e-05,                 8,                 8,                 8,       6409.460359,    0.002865871641,      -0.188282454,                 0,                 0,                 0,     -0.1407307496,    0.002865871641,      -0.188282454,                 0,      -65.69814619,              -nan
          0,           0,         770,      -8.590709042,      -6.574078107,       -7.96957614,       -4.89515753,      -10.55404856,   9.842898103e-10,   7.915174698e-05,                16,                16,                16,       6409.460359,    0.002865871567,     -0.1882824542,                 0,                 0,                 0,     -0.1407307497,    0.002865871567,     -0.1882824542,                 0,      -65.69814796,              -nan
          0,           0,         771,      -8.590712376,      -6.574104298,      -7.970491287,      -4.899306015,       -10.5538498,   1.968579839e-09,    0.000158303494,                32,                32,                32,       6409.460359,    0.002865871418,     -0.1882824546,                 0,                 0,                 0,       -0.14073075,    0.002865871418,     -0.1882824546,                 0,      -65.69815149,              -nan
          0,           0,         772,      -8.590718511,      -6.574165989,      -7.973563071,      -4.906083959,      -10.55346329,   3.937160552e-09,   0.0003166069879,                64,                64,                64,       6409.460359,    0.002865871121,     -0.1882824553,                 0,                 0,                 0,     -0.1407307504,    0.002865871121,     -0.1882824553,                 0,      -65.69815855,              -nan
          0,           0,         773,       -8.59072874,      -6.574310838,      -7.977205786,      -4.911300243,      -10.55269844,   7.874324601e-09,   0.0006332139758,               128,               128,               128,       6409.460359,    0.002865870527,     -0.1882824567,                 0,                 0,                 0,     -0.1407307513,    0.002865870527,     -0.1882824567,                 0,      -65.69817267,              -nan
          0,           0,         774,      -8.590746778,      -6.574613879,      -7.962881275,      -4.892163076,      -10.55115762,    1.57486632e-08,    0.001266427952,              12.8,              12.8,              12.8,       6409.460359,     0.00286586934,     -0.1882824601,                 0,                 0,                 0,     -0.1407307542,     0.00286586934,     -0.1882824601,                 0,      -65.69820107,              -nan
          0,           0,         775,       -8.59080298,      -6.575106406,       -7.87699869,      -4.795655158,      -10.55476644,   1.574869126e-09,   0.0001266427952,              25.6,              25.6,              25.6,       6409.460359,    0.002865869221,     -0.1882824605,                 0,                 0,                 0,     -0.1407307545,    0.002865869221,     -0.1882824605,                 0,      -65.69820392,              -nan
          0,           0,         776,      -8.590831262,      -6.575188472,      -7.967008571,      -4.858400771,      -10.55442328,   3.149738814e-09,   0.0002532855903,              51.2,              51.2,              51.2,       6409.460359,    0.002865868984,     -0.1882824612,                 0,                 0,                 0,     -0.1407307552,    0.002865868984,     -0.1882824612,                 0,      -65.69820962,              -nan
          0,           0,         777,      -8.590851987,      -6.575284415,       -8.00018971,      -4.890045708,      -10.55378122,   6.299479875e-09,   0.0005065711806,             102.4,             102.4,             102.4,       6409.460359,    0.002865868509,     -0.1882824629,                 0,                 0,                 0,     -0.1407307568,    0.002865868509,     -0.1882824629,                 0,      -65.69822106,              -nan
          0,           0,         778,       -8.59088067,      -6.575474457,      -8.002111879,      -4.896430468,      -10.55253824,   1.259896874e-08,    0.001013142361,             10.24,             10.24,             10.24,       6409.460359,    0.002865867561,     -0.1882824661,                 0,                 0,                 0,     -0.1407307599,    0.002865867561,     -0.1882824661,                 0,      -65.69824393,              -nan
          0,           0,         779,      -8.590939417,       -6.57585835,      -7.929184611,      -4.835637039,      -10.55544502,   1.259898676e-09,   0.0001013142361,             20.48,             20.48,             20.48,       6409.460359,    0.002865867466,     -0.1882824664,                 0,                 0,                 0,     -0.1407307602,    0.002865867466,     -0.1882824664,                 0,      -65.69824621,              -nan
          0,           0,         780,      -8.590957259,        -6.5759083,      -7.986775068,      -4.875266292,      -10.55517061,   2.519797713e-09,   0.0002026284722,             40.96,             40.96,             40.96,       6409.460359,    0.002865867277,     -0.1882824671,                 0,                 0,                 0,     -0.1407307609,    0.002865867277,     -0.1882824671,                 0,      -65.69825079,              -nan
          0,           0,         781,      -8.590974305,      -6.575978481,      -8.008315884,      -4.897718543,       -10.5546544,   5.039596868e-09,   0.0004052569444,             81.92,             81.92,             81.92,       6409.460359,    0.002865866898,     -0.1882824684,                 0,                 0,                 0,     -0.1407307621,    0.002865866898,     -0.1882824684,                 0,      -65.69825994,              -nan
          0,           0,         782,      -8.591000074,      -6.576127889,      -8.010157859,       -4.90567504,      -10.55365797,   1.007919951e-08,   0.0008105138888,            163.84,            163.84,            163.84,       6409.460359,     0.00286586614,     -0.1882824708,                 0,                 0,                 0,     -0.1407307644,     0.00286586614,     -0.1882824708,                 0,      -65.69827815,              -nan
          0,           0,         783,      -8.591048342,      -6.576449496,      -7.962363742,      -4.868128433,      -10.55167462,   2.015842213e-08,    0.001621027778,            16.384,            16.384,            16.384,       6409.460359,    0.002865864627,     -0.1882824746,                 0,                 0,                 0,     -0.1407307674,    0.002865864627,     -0.1882824746,                 0,      -65.69831416,              -nan
          0,           0,         784,      -8.591165702,      -6.576969722,      -7.824601563,      -4.741563389,      -10.55626564,   2.015846849e-09,   0.0001621027777,            32.768,            32.768,            32.768,       6409.460359,    0.002865864475,      -0.188282475,                 0,                 0,                 0,     -0.1407307677,    0.002865864475,      -0.188282475,                 0,      -65.69831777,              -nan
          0,           0,         785,       -8.59121688,      -6.577087666,      -7.953103112,      -4.829327462,      -10.55582924,   4.031694626e-09,   0.0003242055555,            65.536,            65.536,            65.536,       6409.460359,    0.002865864173,     -0.1882824758,                 0,                 0,                 0,     -0.1407307683,    0.002865864173,     -0.1882824758,                 0,      -65.69832497,              -nan
          0,           0,         786,      -8.591253705,      -6.577200376,      -7.995517125,      -4.873309726,      -10.55501694,   8.063392966e-09,    0.000648411111,           131.072,           131.072,           131.072,       6409.460359,    0.002865863568,     -0.1882824771,                 0,                 0,                 0,     -0.1407307692,    0.002865863568,     -0.1882824771,                 0,      -65.69833932,              -nan
          0,           0,         787,      -8.591300411,      -6.577433258,      -7.989105452,      -4.881541987,      -10.55343439,    1.61268008e-08,    0.001296822222,           13.1072,           13.1072,           13.1072,       6409.460359,    0.002865862359,     -0.1882824795,                 0,                 0,                 0,     -0.1407307705,    0.002865862359,     -0.1882824795,                 0,      -65.69836784,              -nan
          0,           0,         788,      -8.591376287,      -6.577898734,      -7.885703157,      -4.797528617,      -10.55713112,   1.612683059e-09,   0.0001296822222,           26.2144,           26.2144,           26.2144,       6409.460359,    0.002865862239,     -0.1882824797,                 0,                 0,                 0,     -0.1407307706,    0.002865862239,     -0.1882824797,                 0,       -65.6983707,              -nan
          0,           0,         789,      -8.591405347,      -6.577970439,      -7.974041303,       -4.85837611,      -10.55678169,   3.225366714e-09,   0.0002593644444,           52.4288,           52.4288,           52.4288,       6409.460359,    0.002865861997,     -0.1882824802,                 0,                 0,                 0,     -0.1407307709,    0.002865861997,     -0.1882824802,                 0,      -65.69837641,              -nan
          0,           0,         790,      -8.591427738,      -6.578058971,      -8.002776753,      -4.890609589,      -10.55612824,   6.450735815e-09,   0.0005187288887,          104.8576,          104.8576,          104.8576,       6409.460359,    0.002865861514,     -0.1882824812,                 0,                 0,                 0,     -0.1407307715,    0.002865861514,     -0.1882824812,                 0,      -65.69838784,              -nan
          0,           0,         791,      -8.591455481,      -6.578251465,      -7.999933118,      -4.899126735,      -10.55486002,   1.290148118e-08,    0.001037457777,          10.48576,          10.48576,          10.48576,       6409.460359,    0.002865860549,     -0.1882824834,                 0,                 0,                 0,     -0.1407307729,    0.002865860549,     -0.1882824834,                 0,      -65.69841073,              -nan
          0,           0,         792,      -8.591501314,      -6.578655048,      -7.927397481,      -4.837975227,      -10.55783318,   1.290150031e-09,   0.0001037457777,          20.97152,          20.97152,          20.97152,       6409.460359,    0.002865860452,     -0.1882824836,                 0,                 0,                 0,      -0.140730773,    0.002865860452,     -0.1882824836,                 0,      -65.69841302,              -nan
          0,           0,         793,      -8.591518086,      -6.578706674,      -7.986475452,      -4.879674732,      -10.55755273,   2.580300444e-09,   0.0002074915555,          41.94304,          41.94304,          41.94304,       6409.460359,    0.002865860259,     -0.1882824841,                 0,                 0,                 0,     -0.1407307734,    0.002865860259,     -0.1882824841,                 0,      -65.69841761,              -nan
          0,           0,         794,      -8.591531873,      -6.578780489,      -8.007369199,      -4.903175112,      -10.55702518,    5.16060242e-09,   0.0004149831109,          83.88608,          83.88608,          83.88608,       6409.460359,    0.002865859873,     -0.1882824851,                 0,                 0,                 0,     -0.1407307741,    0.002865859873,     -0.1882824851,                 0,      -65.69842681,              -nan
          0,           0,         795,      -8.591549938,      -6.578938634,      -8.007879131,       -4.91056777,      -10.55600578,   1.032121097e-08,   0.0008299662218,         167.77216,         167.77216,         167.77216,       6409.460359,    0.002865859102,     -0.1882824873,                 0,                 0,                 0,     -0.1407307759,    0.002865859102,     -0.1882824873,                 0,      -65.69844525,              -nan
          0,           0,         796,      -8.591582957,      -6.579276434,      -7.960138969,      -4.868461811,      -10.55397508,   2.064244649e-08,    0.001659932443,         16.777216,         16.777216,         16.777216,       6409.460359,    0.002865857561,     -0.1882824914,                 0,                 0,                 0,     -0.1407307792,    0.002865857561,     -0.1882824914,                 0,      -65.69848201,              -nan
          0,           0,         797,      -8.591681411,       -6.57981354,      -7.822584422,      -4.735650968,      -10.55866589,   2.064249571e-09,   0.0001659932443,         33.554432,         33.554432,         33.554432,       6409.460359,    0.002865857407,     -0.1882824919,                 0,                 0,                 0,     -0.1407307795,    0.002865857407,     -0.1882824919,                 0,       -65.6984857,              -nan
          0,           0,         798,      -8.591732166,      -6.579943145,      -7.955250905,      -4.824863001,       -10.5582175,   4.128500128e-09,   0.0003319864887,         67.108864,         67.108864,         67.108864,       6409.460359,    0.002865857099,     -0.1882824927,                 0,                 0,                 0,     -0.1407307802,    0.002865857099,     -0.1882824927,                 0,      -65.69849306,              -nan
          0,           0,         799,       -8.59176611,      -6.580066861,      -7.997246638,        -4.8697444,      -10.55738546,   8.257004199e-09,   0.0006639729773,        134.217728,        134.217728,        134.217728,       6409.460359,    0.002865856484,     -0.1882824944,                 0,                 0,                 0,     -0.1407307815,    0.002865856484,     -0.1882824944,                 0,      -65.69850775,              -nan
          0,           0,         800,      -8.591807563,      -6.580315844,      -7.989315657,      -4.877946312,      -10.55576455,   1.651402418e-08,    0.001327945955,        13.4217728,        13.4217728,        13.4217728,       6409.460359,    0.002865855253,     -0.1882824972,                 0,                 0,                 0,     -0.1407307832,    0.002865855253,     -0.1882824972,                 0,      -65.69853693,              -nan
          0,           0,         801,       -8.59187799,      -6.580798821,      -7.884005437,      -4.792132775,      -10.55954196,   1.651405582e-09,   0.0001327945954,        26.8435456,        26.8435456,        26.8435456,       6409.460359,     0.00286585513,     -0.1882824975,                 0,                 0,                 0,     -0.1407307834,     0.00286585513,     -0.1882824975,                 0,      -65.69853985,              -nan
          0,           0,         802,      -8.591907646,      -6.580877596,      -7.975897968,      -4.854749653,      -10.55918298,   3.302811797e-09,   0.0002655891909,        53.6870912,        53.6870912,        53.6870912,       6409.460359,    0.002865854884,     -0.1882824981,                 0,                 0,                 0,     -0.1407307837,    0.002865854884,     -0.1882824981,                 0,      -65.69854569,              -nan
          0,           0,         803,      -8.591929511,      -6.580973089,      -8.004995522,       -4.88813528,      -10.55851366,   6.605626128e-09,   0.0005311783818,       107.3741824,       107.3741824,       107.3741824,       6409.460359,    0.002865854393,     -0.1882824992,                 0,                 0,                 0,     -0.1407307845,    0.002865854393,     -0.1882824992,                 0,      -65.69855736,              -nan
          0,           0,         804,      -8.591956046,      -6.581175357,      -8.001357342,      -4.897453309,      -10.55721496,    1.32112624e-08,    0.001062356763,       10.73741824,       10.73741824,       10.73741824,       6409.460359,     0.00286585341,     -0.1882825016,                 0,                 0,                 0,     -0.1407307861,     0.00286585341,     -0.1882825016,                 0,      -65.69858072,              -nan
          0,           0,         805,      -8.592001177,      -6.581589582,      -7.926312603,      -4.835320924,      -10.56025462,   1.321128271e-09,   0.0001062356763,       21.47483648,       21.47483648,       21.47483648,       6409.460359,    0.002865853312,     -0.1882825019,                 0,                 0,                 0,     -0.1407307862,    0.002865853312,     -0.1882825019,                 0,      -65.69858306,              -nan
          0,           0,         806,       -8.59201857,       -6.58164434,      -7.988199472,      -4.878868476,      -10.55996705,   2.642256949e-09,   0.0002124713527,       42.94967296,       42.94967296,       42.94967296,       6409.460359,    0.002865853115,     -0.1882825024,                 0,                 0,                 0,     -0.1407307866,    0.002865853115,     -0.1882825024,                 0,      -65.69858774,              -nan
          0,           0,         807,      -8.592032448,      -6.581720939,       -8.00968637,      -4.903331429,      -10.55942704,   5.284515524e-09,   0.0004249427054,       85.89934592,       85.89934592,       85.89934592,       6409.460359,    0.002865852723,     -0.1882825034,                 0,                 0,                 0,     -0.1407307874,    0.002865852723,     -0.1882825034,                 0,      -65.69859712,              -nan
          0,           0,         808,      -8.592050452,      -6.581883605,      -8.009705477,      -4.911130733,      -10.55838367,   1.056903756e-08,   0.0008498854107,       171.7986918,       171.7986918,       171.7986918,       6409.460359,    0.002865851937,     -0.1882825057,                 0,                 0,                 0,     -0.1407307894,    0.002865851937,     -0.1882825057,                 0,      -65.69861592,              -nan
          0,           0,         809,      -8.592083828,      -6.582227609,      -7.959256316,      -4.867621725,      -10.55630448,   2.113810118e-08,    0.001699770821,       17.17986918,       17.17986918,       17.17986918,       6409.460359,    0.002865850369,     -0.1882825101,                 0,                 0,                 0,     -0.1407307929,    0.002865850369,     -0.1882825101,                 0,       -65.6986534,              -nan
          0,           0,         810,      -8.592185879,      -6.582766849,      -7.817889515,       -4.73228597,      -10.56110181,   2.113815346e-09,   0.0001699770821,       34.35973837,       34.35973837,       34.35973837,       6409.460359,    0.002865850212,     -0.1882825106,                 0,                 0,                 0,     -0.1407307933,    0.002865850212,     -0.1882825106,                 0,      -65.69865716,              -nan
          0,           0,         811,      -8.592238892,      -6.582901544,      -7.954732066,      -4.824958545,      -10.56064373,   4.227631738e-09,   0.0003399541642,       68.71947674,       68.71947674,       68.71947674,       6409.460359,    0.002865849899,     -0.1882825115,                 0,                 0,                 0,      -0.140730794,    0.002865849899,     -0.1882825115,                 0,      -65.69866466,              -nan
          0,           0,         812,      -8.592273672,      -6.583026485,      -7.997867057,      -4.871330153,      -10.55979344,   8.455267664e-09,   0.0006799083284,       137.4389535,       137.4389535,       137.4389535,       6409.460359,    0.002865849272,     -0.1882825132,                 0,                 0,                 0,     -0.1407307953,    0.002865849272,     -0.1882825132,                 0,      -65.69867963,              -nan
          0,           0,         813,      -8.592315882,      -6.583279258,      -7.988667682,      -4.879014553,        -10.558135,   1.691055209e-08,    0.001359816657,       13.74389535,       13.74389535,       13.74389535,       6409.460359,     0.00286584802,     -0.1882825162,                 0,                 0,                 0,     -0.1407307972,     0.00286584802,     -0.1882825162,                 0,      -65.69870937,              -nan
          0,           0,         814,      -8.592389251,      -6.583768247,      -7.879010523,      -4.789851533,      -10.56199928,   1.691058569e-09,   0.0001359816657,       27.48779069,       27.48779069,       27.48779069,       6409.460359,    0.002865847895,     -0.1882825165,                 0,                 0,                 0,     -0.1407307974,    0.002865847895,     -0.1882825165,                 0,      -65.69871234,              -nan
          0,           0,         815,      -8.592420564,      -6.583848891,      -7.974829024,      -4.855531129,      -10.56163247,   3.382117811e-09,   0.0002719633313,       54.97558139,       54.97558139,       54.97558139,       6409.460359,    0.002865847645,     -0.1882825171,                 0,                 0,                 0,     -0.1407307978,    0.002865847645,     -0.1882825171,                 0,       -65.6987183,              -nan
          0,           0,         816,      -8.592443461,      -6.583944939,      -8.005234191,      -4.890191574,      -10.56094835,   6.764238313e-09,   0.0005439266627,       109.9511628,       109.9511628,       109.9511628,       6409.460359,    0.002865847144,     -0.1882825183,                 0,                 0,                 0,     -0.1407307986,    0.002865847144,     -0.1882825183,                 0,       -65.6987302,              -nan
          0,           0,         817,       -8.59247154,      -6.584150122,      -8.001242962,      -4.899195871,      -10.55961934,    1.35284874e-08,    0.001087853325,       10.99511628,       10.99511628,       10.99511628,       6409.460359,    0.002865846144,     -0.1882825208,                 0,                 0,                 0,     -0.1407308003,    0.002865846144,     -0.1882825208,                 0,        -65.698754,              -nan
          0,           0,         818,      -8.592521052,      -6.584570782,      -7.922534831,      -4.833995334,      -10.56272959,   1.352850897e-09,   0.0001087853325,       21.99023256,       21.99023256,       21.99023256,       6409.460359,    0.002865846044,     -0.1882825211,                 0,                 0,                 0,     -0.1407308005,    0.002865846044,     -0.1882825211,                 0,      -65.69875638,              -nan
          0,           0,         819,      -8.592539715,      -6.584626659,      -7.987604861,      -4.879840272,      -10.56243551,   2.705702226e-09,    0.000217570665,       43.98046511,       43.98046511,       43.98046511,       6409.460359,    0.002865845844,     -0.1882825216,                 0,                 0,                 0,     -0.1407308009,    0.002865845844,     -0.1882825216,                 0,      -65.69876115,              -nan
          0,           0,         820,      -8.592554825,      -6.584704006,      -8.010201914,      -4.905314856,      -10.56188333,   5.411406179e-09,   0.0004351413301,       87.96093022,       87.96093022,       87.96093022,       6409.460359,    0.002865845445,     -0.1882825227,                 0,                 0,                 0,     -0.1407308018,    0.002865845445,     -0.1882825227,                 0,      -65.69877071,              -nan
          0,           0,         821,      -8.592574977,      -6.584869328,      -8.010239618,      -4.913063319,      -10.56081556,   1.082281927e-08,   0.0008702826601,       175.9218604,       175.9218604,       175.9218604,       6409.460359,    0.002865844646,     -0.1882825251,                 0,                 0,                 0,     -0.1407308038,    0.002865844646,     -0.1882825251,                 0,      -65.69878985,              -nan
          0,           0,         822,      -8.592613213,      -6.585219706,      -7.957007566,       -4.86725111,      -10.55868699,   2.164566623e-08,     0.00174056532,       17.59218604,       17.59218604,       17.59218604,       6409.460359,     0.00286584305,     -0.1882825295,                 0,                 0,                 0,     -0.1407308072,     0.00286584305,     -0.1882825295,                 0,      -65.69882796,              -nan
          0,           0,         823,      -8.592726409,      -6.585766268,      -7.812711615,      -4.728847175,      -10.56359581,   2.164572176e-09,    0.000174056532,       35.18437209,       35.18437209,       35.18437209,       6409.460359,     0.00286584289,     -0.1882825299,                 0,                 0,                 0,     -0.1407308076,     0.00286584289,     -0.1882825299,                 0,      -65.69883178,              -nan
          0,           0,         824,      -8.592782373,      -6.585905641,       -7.95360056,      -4.824593037,      -10.56312766,   4.329145463e-09,    0.000348113064,       70.36874418,       70.36874418,       70.36874418,       6409.460359,    0.002865842571,     -0.1882825308,                 0,                 0,                 0,     -0.1407308083,    0.002865842571,     -0.1882825308,                 0,      -65.69883941,              -nan
          0,           0,         825,      -8.592819407,      -6.586033071,         -7.997757,      -4.872432419,      -10.56225836,   8.658295373e-09,    0.000696226128,       140.7374884,       140.7374884,       140.7374884,       6409.460359,    0.002865841933,     -0.1882825325,                 0,                 0,                 0,     -0.1407308096,    0.002865841933,     -0.1882825325,                 0,      -65.69885461,              -nan
          0,           0,         826,      -8.592864668,      -6.586292239,      -7.987687953,       -4.87967168,      -10.56056119,   1.731660855e-08,    0.001392452256,       14.07374884,       14.07374884,       14.07374884,       6409.460359,    0.002865840659,     -0.1882825353,                 0,                 0,                 0,     -0.1407308112,    0.002865840659,     -0.1882825353,                 0,       -65.6988848,              -nan
          0,           0,         827,      -8.592942471,      -6.586791364,      -7.875071416,       -4.78706892,      -10.56451559,   1.731664424e-09,   0.0001392452256,       28.14749767,       28.14749767,       28.14749767,       6409.460359,    0.002865840532,     -0.1882825356,                 0,                 0,                 0,     -0.1407308114,    0.002865840532,     -0.1882825356,                 0,      -65.69888782,              -nan
          0,           0,         828,       -8.59297545,      -6.586875827,      -7.974534574,      -4.855344767,      -10.56414014,   3.463329563e-09,   0.0002784904512,       56.29499534,       56.29499534,       56.29499534,       6409.460359,    0.002865840277,     -0.1882825362,                 0,                 0,                 0,     -0.1407308118,    0.002865840277,     -0.1882825362,                 0,      -65.69889387,              -nan
          0,           0,         829,      -8.592999452,      -6.586974941,      -8.005666366,      -4.891220023,      -10.56344036,   6.926661984e-09,   0.0005569809023,       112.5899907,       112.5899907,       112.5899907,       6409.460359,    0.002865839768,     -0.1882825374,                 0,                 0,                 0,     -0.1407308125,    0.002865839768,     -0.1882825374,                 0,      -65.69890595,              -nan
          0,           0,         830,      -8.593028666,       -6.58718616,      -8.001046394,      -4.900067238,       -10.5620803,   1.385333541e-08,    0.001113961805,       11.25899907,       11.25899907,       11.25899907,       6409.460359,     0.00286583875,     -0.1882825398,                 0,                 0,                 0,     -0.1407308141,     0.00286583875,     -0.1882825398,                 0,      -65.69893014,              -nan
          0,           0,         831,      -8.593079478,      -6.587616995,      -7.919834246,      -4.831814752,      -10.56526344,   1.385335833e-09,   0.0001113961804,       1.125899907,       1.125899907,       1.125899907,       6409.460359,    0.002865838648,     -0.1882825401,                 0,                 0,                 0,     -0.1407308143,    0.002865838648,     -0.1882825401,                 0,      -65.69893256,              -nan
          0,           0,         832,      -8.593099022,      -6.587675844,      -7.987874902,      -4.879721739,      -10.56559261,   1.385336062e-10,   1.113961804e-05,                 1,                 1,                 1,       6409.460359,    0.002865838638,     -0.1882825401,                 0,                 0,                 0,     -0.1407308143,    0.002865838638,     -0.1882825401,                 0,       -65.6989328,              -nan
          0,           0,         833,      -8.593100412,      -6.587680267,      -7.991910542,      -4.883339119,      -10.56559809,   1.230425615e-10,   9.893968351e-06,                 1,                 1,                 1,       6409.460359,    0.002865838629,     -0.1882825401,                 0,                 0,                 0,     -0.1407308144,    0.002865838629,     -0.1882825401,                 0,      -65.69893302,              -nan
          0,           0,         834,       -8.59310146,      -6.587683874,      -7.994379253,      -4.885980187,      -10.56559952,   1.230425633e-10,   9.893968351e-06,                 1,                 1,                 1,       6409.460359,     0.00286583862,     -0.1882825402,                 0,                 0,                 0,     -0.1407308144,     0.00286583862,     -0.1882825402,                 0,      -65.69893323,              -nan
          0,           0,         835,      -8.593102372,      -6.587687256,      -7.996034388,      -4.888189324,        -10.565601,   1.230425651e-10,   9.893968351e-06,                 1,                 1,                 1,       6409.460359,    0.002865838611,     -0.1882825402,                 0,                 0,                 0,     -0.1407308144,    0.002865838611,     -0.1882825402,                 0,      -65.69893345,              -nan
          0,           0,         836,      -8.593103178,      -6.587690466,       -7.99706334,      -4.890054358,      -10.56560251,   1.230425669e-10,   9.893968351e-06,                 1,                 1,                 1,       6409.460359,    0.002865838602,     -0.1882825402,                 0,                 0,                 0,     -0.1407308144,    0.002865838602,     -0.1882825402,                 0,      -65.69893366,              -nan
          0,           0,         837,      -8.593103903,      -6.587693544,      -7.997619103,      -4.891646316,      -10.56560406,   1.230425687e-10,   9.893968351e-06,                 1,                 1,                 1,       6409.460359,    0.002865838593,     -0.1882825402,                 0,                 0,                 0,     -0.1407308144,    0.002865838593,     -0.1882825402,                 0,      -65.69893388,              -nan
          0,           0,         838,      -8.593104565,       -6.58769652,      -7.997825632,      -4.893022761,      -10.56560564,   1.230425705e-10,   9.893968351e-06,                 1,                 1,                 1,       6409.460359,    0.002865838584,     -0.1882825402,                 0,                 0,                 0,     -0.1407308144,    0.002865838584,     -0.1882825402,                 0,      -65.69893409,              -nan
          0,           0,         839,      -8.593105178,      -6.587699413,      -7.997782823,      -4.894230336,      -10.56560726,   1.230425723e-10,   9.893968351e-06,                 1,                 1,                 1,       6409.460359,    0.002865838575,     -0.1882825403,                 0,                 0,                 0,     -0.1407308145,    0.002865838575,     -0.1882825403,                 0,      -65.69893431,              -nan
          0,           0,         840,      -8.593105754,      -6.587702239,      -7.997570268,      -4.895306679,      -10.56560892,   1.230425741e-10,   9.893968351e-06,                 1,                 1,                 1,       6409.460359,    0.002865838566,     -0.1882825403,                 0,                 0,                 0,     -0.1407308145,    0.002865838566,     -0.1882825403,                 0,      -65.69893452,              -nan
          0,           0,         841,      -8.593106302,      -6.587705008,      -7.997250518,      -4.896281964,      -10.56561062,   1.230425759e-10,   9.893968351e-06,                 1,                 1,                 1,       6409.460359,    0.002865838557,     -0.1882825403,                 0,                 0,                 0,     -0.1407308145,    0.002865838557,     -0.1882825403,                 0,      -65.69893474,              -nan
          0,           0,         842,      -8.593106827,      -6.587707729,      -7.996871908,      -4.897180208,      -10.56561235,   1.230425777e-10,   9.893968351e-06,                 1,                 1,                 1,       6409.460359,    0.002865838548,     -0.1882825403,                 0,                 0,                 0,     -0.1407308145,    0.002865838548,     -0.1882825403,                 0,      -65.69893495,              -nan
          0,           0,         843,      -8.593107336,      -6.587710408,      -7.996470841,      -4.898020268,      -10.56561412,   1.230425795e-10,   9.893968351e-06,                 1,                 1,                 1,       6409.460359,    0.002865838539,     -0.1882825404,                 0,                 0,                 0,     -0.1407308145,    0.002865838539,     -0.1882825404,                 0,      -65.69893517,              -nan
          0,           0,         844,      -8.593107833,      -6.587713051,      -7.996073908,      -4.898816757,      -10.56561593,   1.230425814e-10,   9.893968351e-06,                 1,                 1,                 1,       6409.460359,     0.00286583853,     -0.1882825404,                 0,                 0,                 0,     -0.1407308145,     0.00286583853,     -0.1882825404,                 0,      -65.69893538,              -nan
          0,           0,         845,      -8.593108319,      -6.587715663,       -7.99569961,      -4.899580751,      -10.56561777,   1.230425832e-10,   9.893968351e-06,                 1,                 1,                 1,       6409.460359,    0.002865838521,     -0.1882825404,                 0,                 0,                 0,     -0.1407308146,    0.002865838521,     -0.1882825404,                 0,       -65.6989356,              -nan
          0,           0,         846,      -8.593108798,      -6.587718248,      -7.995359959,      -4.900320438,      -10.56561965,    1.23042585e-10,   9.893968351e-06,                 1,                 1,                 1,       6409.460359,    0.002865838512,     -0.1882825404,                 0,                 0,                 0,     -0.1407308146,    0.002865838512,     -0.1882825404,                 0,      -65.69893581,              -nan
          0,           0,         847,       -8.59310927,       -6.58772081,      -7.995061828,      -4.901041649,      -10.56562156,   1.230425868e-10,   9.893968351e-06,                 1,                 1,                 1,       6409.460359,    0.002865838503,     -0.1882825404,                 0,                 0,                 0,     -0.1407308146,    0.002865838503,     -0.1882825404,                 0,      -65.69893603,              -nan
          0,           0,         848,      -8.593109736,      -6.587723353,      -7.994808044,      -4.901748327,       -10.5656235,   1.230425886e-10,   9.893968351e-06,                 1,                 1,                 1,       6409.460359,    0.002865838494,     -0.1882825405,                 0,                 0,                 0,     -0.1407308146,    0.002865838494,     -0.1882825405,                 0,      -65.69893624,              -nan
          0,           0,         849,      -8.593110198,       -6.58772588,      -7.994598512,      -4.902442932,      -10.56562548,   1.230425904e-10,   9.893968351e-06,                 1,                 1,                 1,       6409.460359,    0.002865838485,     -0.1882825405,                 0,                 0,                 0,     -0.1407308146,    0.002865838485,     -0.1882825405,                 0,      -65.69893646,              -nan
          0,           0,         850,      -8.593110655,      -6.587728394,       -7.99443089,      -4.903126819,      -10.56562749,   1.230425922e-10,   9.893968351e-06,                 1,                 1,                 1,       6409.460359,    0.002865838475,     -0.1882825405,                 0,                 0,                 0,     -0.1407308146,    0.002865838475,     -0.1882825405,                 0,      -65.69893667,              -nan
          0,           0,         851,      -8.593111108,      -6.587730897,      -7.994301409,      -4.903800492,      -10.56562954,    1.23042594e-10,   9.893968351e-06,                 1,                 1,                 1,       6409.460359,    0.002865838466,     -0.1882825405,                 0,                 0,                 0,     -0.1407308147,    0.002865838466,     -0.1882825405,                 0,      -65.69893689,              -nan
          0,           0,         852,      -8.593111556,      -6.587733393,      -7.994205347,      -4.904463912,      -10.56563161,   1.230425958e-10,   9.893968351e-06,                 1,                 1,                 1,       6409.460359,    0.002865838457,     -0.1882825406,                 0,                 0,                 0,     -0.1407308147,    0.002865838457,     -0.1882825406,                 0,      -65.69893711,              -nan
          0,           0,         853,         -8.593112,      -6.587735883,      -7.994137526,      -4.905116681,      -10.56563373,   1.230425976e-10,   9.893968351e-06,                 1,                 1,                 1,       6409.460359,    0.002865838448,     -0.1882825406,                 0,                 0,                 0,     -0.1407308147,    0.002865838448,     -0.1882825406,                 0,      -65.69893732,              -nan
          0,           0,         854,      -8.593112438,       -6.58773837,      -7.994092634,      -4.905758199,      -10.56563587,   1.230425995e-10,   9.893968351e-06,                 1,                 1,                 1,       6409.460359,    0.002865838439,     -0.1882825406,                 0,                 0,                 0,     -0.1407308147,    0.002865838439,     -0.1882825406,                 0,      -65.69893754,              -nan
          0,           0,         855,      -8.593112872,      -6.587740855,      -7.994065494,      -4.906387812,      -10.56563804,   1.230426013e-10,   9.893968351e-06,                 1,                 1,                 1,       6409.460359,     0.00286583843,     -0.1882825406,                 0,                 0,                 0,     -0.1407308147,     0.00286583843,     -0.1882825406,                 0,      -65.69893775,              -nan
          0,           0,         856,      -8.593113301,      -6.587743341,       -7.99405123,      -4.907004908,      -10.56564025,   1.230426031e-10,   9.893968351e-06,                 1,                 1,                 1,       6409.460359,    0.002865838421,     -0.1882825407,                 0,                 0,                 0,     -0.1407308147,    0.002865838421,     -0.1882825407,                 0,      -65.69893797,              -nan
          0,           0,         857,      -8.593113725,      -6.587745829,      -7.994045482,      -4.907608949,      -10.56564248,   1.230426049e-10,   9.893968351e-06,                 1,                 1,                 1,       6409.460359,    0.002865838412,     -0.1882825407,                 0,                 0,                 0,     -0.1407308148,    0.002865838412,     -0.1882825407,                 0,      -65.69893818,              -nan
          0,           0,         858,      -8.593114143,      -6.587748322,      -7.994044318,      -4.908199553,      -10.56564475,   1.230426067e-10,   9.893968351e-06,                 1,                 1,                 1,       6409.460359,    0.002865838403,     -0.1882825407,                 0,                 0,                 0,     -0.1407308148,    0.002865838403,     -0.1882825407,                 0,       -65.6989384,              -nan
          0,           0,         859,      -8.593114556,       -6.58775082,      -7.994044397,       -4.90877648,      -10.56564705,   1.230426085e-10,   9.893968351e-06,                 1,                 1,                 1,       6409.460359,    0.002865838394,     -0.1882825407,                 0,                 0,                 0,     -0.1407308148,    0.002865838394,     -0.1882825407,                 0,      -65.69893861,              -nan
          0,           0,         860,      -8.593114964,      -6.587753325,      -7.994042946,      -4.909339661,      -10.56564938,   1.230426103e-10,   9.893968351e-06,                 1,                 1,                 1,       6409.460359,    0.002865838385,     -0.1882825408,                 0,                 0,                 0,     -0.1407308148,    0.002865838385,     -0.1882825408,                 0,      -65.69893883,              -nan
          0,           0,         861,      -8.593115366,      -6.587755838,      -7.994037662,      -4.909889165,      -10.56565173,   1.230426121e-10,   9.893968351e-06,                 1,                 1,                 1,       6409.460359,    0.002865838376,     -0.1882825408,                 0,                 0,                 0,     -0.1407308148,    0.002865838376,     -0.1882825408,                 0,      -65.69893904,              -nan
          0,           0,         862,      -8.593115763,      -6.587758361,      -7.994026781,        -4.9104252,      -10.56565412,   1.230426139e-10,   9.893968351e-06,                 1,                 1,                 1,       6409.460359,    0.002865838367,     -0.1882825408,                 0,                 0,                 0,     -0.1407308148,    0.002865838367,     -0.1882825408,                 0,      -65.69893926,              -nan
          0,           0,         863,      -8.593116155,      -6.587760895,      -7.994008894,      -4.910948078,      -10.56565653,   1.230426157e-10,   9.893968351e-06,                 1,                 1,                 1,       6409.460359,    0.002865838358,     -0.1882825408,                 0,                 0,                 0,     -0.1407308149,    0.002865838358,     -0.1882825408,                 0,      -65.69893947,              -nan
          0,           0,         864,      -8.593116541,      -6.587763442,       -7.99398308,      -4.911458216,      -10.56565898,   1.230426175e-10,   9.893968351e-06,                 1,                 1,                 1,       6409.460359,    0.002865838349,     -0.1882825408,                 0,                 0,                 0,     -0.1407308149,    0.002865838349,     -0.1882825408,                 0,      -65.69893969,              -nan
          0,           0,         865,      -8.593116923,      -6.587766002,       -7.99394865,      -4.911956072,      -10.56566145,   1.230426194e-10,   9.893968351e-06,                 1,                 1,                 1,       6409.460359,     0.00286583834,     -0.1882825409,                 0,                 0,                 0,     -0.1407308149,     0.00286583834,     -0.1882825409,                 0,       -65.6989399,              -nan
          0,           0,         866,      -8.593117299,      -6.587768576,      -7.993905242,      -4.912442169,      -10.56566394,   1.230426212e-10,   9.893968351e-06,                 1,                 1,                 1,       6409.460359,    0.002865838331,     -0.1882825409,                 0,                 0,                 0,     -0.1407308149,    0.002865838331,     -0.1882825409,                 0,      -65.69894012,              -nan
          0,           0,         867,      -8.593117671,      -6.587771166,      -7.993852682,      -4.912917038,      -10.56566647,    1.23042623e-10,   9.893968351e-06,                 1,                 1,                 1,       6409.460359,    0.002865838322,     -0.1882825409,                 0,                 0,                 0,     -0.1407308149,    0.002865838322,     -0.1882825409,                 0,      -65.69894034,              -nan
          0,           0,         868,      -8.593118038,      -6.587773772,      -7.993790978,      -4.913381218,      -10.56566902,   1.230426248e-10,   9.893968351e-06,                 1,                 1,                 1,       6409.460359,    0.002865838313,     -0.1882825409,                 0,                 0,                 0,     -0.1407308149,    0.002865838313,     -0.1882825409,                 0,      -65.69894055,              -nan
          0,           0,         869,      -8.593118401,      -6.587776396,      -7.993720227,       -4.91383523,       -10.5656716,   1.230426266e-10,   9.893968351e-06,                 1,                 1,                 1,       6409.460359,    0.002865838304,      -0.188282541,                 0,                 0,                 0,      -0.140730815,    0.002865838304,      -0.188282541,                 0,      -65.69894077,              -nan
          0,           0,         870,      -8.593118759,      -6.587779037,      -7.993640782,      -4.914279586,       -10.5656742,   1.230426284e-10,   9.893968351e-06,                 1,                 1,                 1,       6409.460359,    0.002865838295,      -0.188282541,                 0,                 0,                 0,      -0.140730815,    0.002865838295,      -0.188282541,                 0,      -65.69894098,              -nan
          0,           0,         871,      -8.593119113,      -6.587781698,      -7.993552895,      -4.914714757,      -10.56567683,   1.230426302e-10,   9.893968351e-06,                 1,                 1,                 1,       6409.460359,    0.002865838286,      -0.188282541,                 0,                 0,                 0,      -0.140730815,    0.002865838286,      -0.188282541,                 0,       -65.6989412,              -nan
          0,           0,         872,      -8.593119463,      -6.587784378,      -7.993456952,      -4.915141178,      -10.56567949,    1.23042632e-10,   9.893968351e-06,                 1,                 1,                 1,       6409.460359,    0.002865838277,      -0.188282541,                 0,                 0,                 0,      -0.140730815,    0.002865838277,      -0.188282541,                 0,      -65.69894141,              -nan
          0,           0,         873,      -8.593119808,      -6.587787079,      -7.993353393,      -4.915559256,      -10.56568217,   1.230426338e-10,   9.893968351e-06,                 1,                 1,                 1,       6409.460359,    0.002865838268,     -0.1882825411,                 0,                 0,                 0,      -0.140730815,    0.002865838268,     -0.1882825411,                 0,      -65.69894163,              -nan
          0,           0,         874,       -8.59312015,        -6.5877898,      -7.993242638,       -4.91596935,      -10.56568487,   1.230426356e-10,   9.893968351e-06,                 1,                 1,                 1,       6409.460359,    0.002865838259,     -0.1882825411,                 0,                 0,                 0,     -0.1407308151,    0.002865838259,     -0.1882825411,                 0,      -65.69894184,              -nan
          0,           0,         875,      -8.593120487,      -6.587792543,      -7.993125153,      -4.916371783,       -10.5656876,   1.230426375e-10,   9.893968351e-06,                 2,                 2,                 2,       6409.460359,     0.00286583825,     -0.1882825411,                 0,                 0,                 0,     -0.1407308151,     0.00286583825,     -0.1882825411,                 0,      -65.69894206,              -nan
          0,           0,         876,      -8.593120821,      -6.587795307,      -7.993001362,      -4.916766849,      -10.56566101,   2.460852785e-10,    1.97879367e-05,                 4,                 4,                 4,       6409.460359,    0.002865838232,     -0.1882825412,                 0,                 0,                 0,     -0.1407308151,    0.002865838232,     -0.1882825412,                 0,      -65.69894249,              -nan
          0,           0,         877,      -8.593121498,      -6.587801034,      -7.992869955,      -4.917581914,      -10.56560854,   4.921705716e-10,    3.95758734e-05,                 8,                 8,                 8,       6409.460359,    0.002865838195,     -0.1882825413,                 0,                 0,                 0,     -0.1407308152,    0.002865838195,     -0.1882825413,                 0,      -65.69894335,              -nan
          0,           0,         878,      -8.593122872,       -6.58781323,      -7.992967765,      -4.919260221,      -10.56550579,    9.84341201e-10,   7.915174681e-05,                16,                16,                16,       6409.460359,    0.002865838123,     -0.1882825415,                 0,                 0,                 0,     -0.1407308153,    0.002865838123,     -0.1882825415,                 0,      -65.69894508,              -nan
          0,           0,         879,      -8.593125616,      -6.587840231,      -7.993961895,      -4.922494056,      -10.56530623,   1.968682634e-09,   0.0001583034936,                32,                32,                32,       6409.460359,    0.002865837979,     -0.1882825419,                 0,                 0,                 0,     -0.1407308157,    0.002865837979,     -0.1882825419,                 0,      -65.69894854,              -nan
          0,           0,         880,      -8.593130827,      -6.587902477,      -7.996597922,        -4.9273124,      -10.56491808,   3.937366195e-09,   0.0003166069872,                64,                64,                64,       6409.460359,     0.00286583769,     -0.1882825427,                 0,                 0,                 0,     -0.1407308164,     0.00286583769,     -0.1882825427,                 0,      -65.69895546,              -nan
          0,           0,         881,      -8.593140311,       -6.58804636,      -7.998450116,      -4.928683167,      -10.56415082,   7.874736099e-09,   0.0006332139744,               128,               128,               128,       6409.460359,    0.002865837112,     -0.1882825444,                 0,                 0,                 0,     -0.1407308179,    0.002865837112,     -0.1882825444,                 0,       -65.6989693,              -nan
          0,           0,         882,      -8.593160414,      -6.588345307,      -7.980096505,      -4.903851478,       -10.5626077,   1.574948705e-08,    0.001266427949,              12.8,              12.8,              12.8,       6409.460359,    0.002865835958,     -0.1882825482,                 0,                 0,                 0,     -0.1407308215,    0.002865835958,     -0.1882825482,                 0,      -65.69899707,              -nan
          0,           0,         883,      -8.593226918,      -6.588829332,      -7.888587411,      -4.805148704,      -10.56621531,   1.574951681e-09,   0.0001266427949,              25.6,              25.6,              25.6,       6409.460359,    0.002865835842,     -0.1882825486,                 0,                 0,                 0,     -0.1407308219,    0.002865835842,     -0.1882825486,                 0,      -65.69899985,              -nan
          0,           0,         884,      -8.593255627,      -6.588912311,      -7.979693313,       -4.86786401,      -10.56587188,   3.149903958e-09,   0.0002532855897,              51.2,              51.2,              51.2,       6409.460359,    0.002865835612,     -0.1882825494,                 0,                 0,                 0,     -0.1407308227,    0.002865835612,     -0.1882825494,                 0,      -65.69900543,              -nan
          0,           0,         885,      -8.593278385,      -6.589007712,      -8.013558505,      -4.899566998,      -10.56522961,   6.299810298e-09,   0.0005065711795,             102.4,             102.4,             102.4,       6409.460359,     0.00286583515,      -0.188282551,                 0,                 0,                 0,     -0.1407308244,     0.00286583515,      -0.188282551,                 0,      -65.69901657,              -nan
          0,           0,         886,      -8.593311635,      -6.589196021,      -8.015431614,       -4.90676935,      -10.56398666,   1.259963014e-08,    0.001013142359,             10.24,             10.24,             10.24,       6409.460359,    0.002865834228,     -0.1882825541,                 0,                 0,                 0,     -0.1407308274,    0.002865834228,     -0.1882825541,                 0,      -65.69903876,              -nan
          0,           0,         887,      -8.593377993,      -6.589576385,      -7.941460806,      -4.847901586,       -10.5668928,   1.259964924e-09,   0.0001013142359,             20.48,             20.48,             20.48,       6409.460359,    0.002865834136,     -0.1882825544,                 0,                 0,                 0,     -0.1407308277,    0.002865834136,     -0.1882825544,                 0,      -65.69904098,              -nan
          0,           0,         888,      -8.593396094,       -6.58962575,      -7.999103205,      -4.887625196,      -10.56661876,    2.51993023e-09,   0.0002026284718,             40.96,             40.96,             40.96,       6409.460359,    0.002865833952,      -0.188282555,                 0,                 0,                 0,     -0.1407308283,    0.002865833952,      -0.188282555,                 0,      -65.69904542,              -nan
          0,           0,         889,      -8.593414208,      -6.589694736,      -8.020868671,      -4.910282305,      -10.56610297,    5.03986199e-09,   0.0004052569435,             81.92,             81.92,             81.92,       6409.460359,    0.002865833583,     -0.1882825561,                 0,                 0,                 0,     -0.1407308294,    0.002865833583,     -0.1882825561,                 0,      -65.69905428,              -nan
          0,           0,         890,      -8.593442026,      -6.589842129,      -8.022810839,      -4.918701265,      -10.56510694,    1.00797301e-08,    0.000810513887,            163.84,            163.84,            163.84,       6409.460359,    0.002865832847,     -0.1882825582,                 0,                 0,                 0,     -0.1407308313,    0.002865832847,     -0.1882825582,                 0,       -65.6990719,              -nan
          0,           0,         891,      -8.593493101,      -6.590160146,      -7.974786232,      -4.881812784,      -10.56312466,   2.015948471e-08,    0.001621027774,            16.384,            16.384,            16.384,       6409.460359,    0.002865831375,     -0.1882825616,                 0,                 0,                 0,     -0.1407308338,    0.002865831375,     -0.1882825616,                 0,       -65.6991068,              -nan
          0,           0,         892,       -8.59361174,      -6.590676642,      -7.837543245,      -4.754913112,       -10.5677139,   2.015953386e-09,   0.0001621027774,            32.768,            32.768,            32.768,       6409.460359,    0.002865831228,     -0.1882825619,                 0,                 0,                 0,      -0.140730834,    0.002865831228,     -0.1882825619,                 0,      -65.69911029,              -nan
          0,           0,         893,      -8.593660883,      -6.590793422,      -7.965566839,       -4.84261068,      -10.56727815,   4.031907755e-09,   0.0003242055548,            65.536,            65.536,            65.536,       6409.460359,    0.002865830933,     -0.1882825626,                 0,                 0,                 0,     -0.1407308345,    0.002865830933,     -0.1882825626,                 0,      -65.69911728,              -nan
          0,           0,         894,      -8.593696658,      -6.590904375,      -8.007732107,      -4.886252247,      -10.56646635,   8.063819447e-09,   0.0006484111095,           131.072,           131.072,           131.072,       6409.460359,    0.002865830345,     -0.1882825639,                 0,                 0,                 0,     -0.1407308353,    0.002865830345,     -0.1882825639,                 0,       -65.6991312,              -nan
          0,           0,         895,      -8.593742277,      -6.591135963,       -8.00125253,      -4.893875747,      -10.56488447,   1.612765465e-08,    0.001296822219,           13.1072,           13.1072,           13.1072,       6409.460359,     0.00286582917,     -0.1882825661,                 0,                 0,                 0,     -0.1407308365,     0.00286582917,     -0.1882825661,                 0,      -65.69915893,              -nan
          0,           0,         896,      -8.593816962,      -6.591601514,       -7.89819434,      -4.809192307,      -10.56857809,   1.612768623e-09,   0.0001296822219,           26.2144,           26.2144,           26.2144,       6409.460359,    0.002865829053,     -0.1882825663,                 0,                 0,                 0,     -0.1407308367,    0.002865829053,     -0.1882825663,                 0,       -65.6991617,              -nan
          0,           0,         897,      -8.593844803,       -6.59167367,       -7.98619495,      -4.869668564,      -10.56822872,   3.225537877e-09,   0.0002593644438,           52.4288,           52.4288,           52.4288,       6409.460359,    0.002865828818,     -0.1882825668,                 0,                 0,                 0,     -0.1407308369,    0.002865828818,     -0.1882825668,                 0,      -65.69916726,              -nan
          0,           0,         898,      -8.593866451,      -6.591762657,      -8.014701816,      -4.901641473,      -10.56757533,   6.451078283e-09,   0.0005187288875,          104.8576,          104.8576,          104.8576,       6409.460359,    0.002865828348,     -0.1882825678,                 0,                 0,                 0,     -0.1407308375,    0.002865828348,     -0.1882825678,                 0,      -65.69917837,              -nan
          0,           0,         899,      -8.593893551,      -6.591956142,      -8.011893349,       -4.91000955,      -10.56630721,   1.290216669e-08,    0.001037457775,          10.48576,          10.48576,          10.48576,       6409.460359,    0.002865827409,       -0.18828257,                 0,                 0,                 0,     -0.1407308389,    0.002865827409,       -0.18828257,                 0,      -65.69920064,              -nan
          0,           0,         900,      -8.593939288,      -6.592361569,      -7.939809055,      -4.849006624,      -10.56927737,   1.290218696e-09,   0.0001037457775,          20.97152,          20.97152,          20.97152,       6409.460359,    0.002865827315,     -0.1882825702,                 0,                 0,                 0,      -0.140730839,    0.002865827315,     -0.1882825702,                 0,      -65.69920287,              -nan
          0,           0,         901,      -8.593955437,      -6.592413713,      -7.998713132,      -4.890399231,       -10.5689968,   2.580437797e-09,    0.000207491555,          41.94304,          41.94304,          41.94304,       6409.460359,    0.002865827128,     -0.1882825706,                 0,                 0,                 0,     -0.1407308393,    0.002865827128,     -0.1882825706,                 0,      -65.69920733,              -nan
          0,           0,         902,      -8.593968908,      -6.592488258,      -8.019482056,      -4.913776916,      -10.56846915,   5.160877217e-09,     0.00041498311,          83.88608,          83.88608,          83.88608,       6409.460359,    0.002865826753,     -0.1882825716,                 0,                 0,                 0,     -0.1407308401,    0.002865826753,     -0.1882825716,                 0,      -65.69921627,              -nan
          0,           0,         903,      -8.593986875,      -6.592647576,      -8.019992052,      -4.921258119,      -10.56744969,   1.032176093e-08,   0.0008299662199,         167.77216,         167.77216,         167.77216,       6409.460359,    0.002865826003,     -0.1882825737,                 0,                 0,                 0,     -0.1407308418,    0.002865826003,     -0.1882825737,                 0,       -65.6992342,              -nan
          0,           0,         904,      -8.594020329,      -6.592987163,      -7.972577609,      -4.879565616,      -10.56541877,   2.064354787e-08,     0.00165993244,         16.777216,         16.777216,         16.777216,       6409.460359,    0.002865824504,     -0.1882825778,                 0,                 0,                 0,     -0.1407308449,    0.002865824504,     -0.1882825778,                 0,      -65.69926996,              -nan
          0,           0,         905,      -8.594120109,      -6.593524233,      -7.835295087,      -4.747157415,      -10.57010434,   2.064360001e-09,    0.000165993244,         33.554432,         33.554432,         33.554432,       6409.460359,    0.002865824355,     -0.1882825782,                 0,                 0,                 0,     -0.1407308453,    0.002865824355,     -0.1882825782,                 0,      -65.69927354,              -nan
          0,           0,         906,       -8.59416897,      -6.593655701,      -7.967756616,      -4.835909872,      -10.56965582,   4.128721046e-09,   0.0003319864879,         67.108864,         67.108864,         67.108864,       6409.460359,    0.002865824055,      -0.188282579,                 0,                 0,                 0,      -0.140730846,    0.002865824055,      -0.188282579,                 0,       -65.6992807,              -nan
          0,           0,         907,      -8.594202184,      -6.593780775,       -8.00949941,      -4.880650629,       -10.5688238,   8.257446269e-09,   0.0006639729758,        134.217728,        134.217728,        134.217728,       6409.460359,    0.002865823456,     -0.1882825806,                 0,                 0,                 0,     -0.1407308471,    0.002865823456,     -0.1882825806,                 0,      -65.69929499,              -nan
          0,           0,         908,      -8.594243326,      -6.594030973,      -8.001372441,      -4.888988423,       -10.5672032,   1.651490926e-08,    0.001327945952,        13.4217728,        13.4217728,        13.4217728,       6409.460359,     0.00286582226,     -0.1882825834,                 0,                 0,                 0,     -0.1407308488,     0.00286582226,     -0.1882825834,                 0,      -65.69932337,              -nan
          0,           0,         909,      -8.594313989,      -6.594514548,      -7.896021187,      -4.803421423,      -10.57097639,   1.651494276e-09,   0.0001327945952,        26.8435456,        26.8435456,        26.8435456,       6409.460359,    0.002865822141,     -0.1882825837,                 0,                 0,                 0,      -0.140730849,    0.002865822141,     -0.1882825837,                 0,      -65.69932622,              -nan
          0,           0,         910,      -8.594342598,      -6.594594118,      -7.987778405,      -4.865832318,      -10.57061742,   3.302989223e-09,   0.0002655891903,        53.6870912,        53.6870912,        53.6870912,       6409.460359,    0.002865821901,     -0.1882825843,                 0,                 0,                 0,     -0.1407308493,    0.002865821901,     -0.1882825843,                 0,       -65.6993319,              -nan
          0,           0,         911,      -8.594363967,      -6.594690195,      -8.016727441,      -4.899120103,      -10.56994824,    6.60598113e-09,   0.0005311783806,       107.3741824,       107.3741824,       107.3741824,       6409.460359,    0.002865821423,     -0.1882825854,                 0,                 0,                 0,     -0.1407308501,    0.002865821423,     -0.1882825854,                 0,      -65.69934326,              -nan
          0,           0,         912,      -8.594390226,      -6.594893159,      -8.012916618,      -4.908437609,      -10.56864991,     1.3211973e-08,    0.001062356761,       10.73741824,       10.73741824,       10.73741824,       6409.460359,    0.002865820468,     -0.1882825878,                 0,                 0,                 0,     -0.1407308516,    0.002865820468,     -0.1882825878,                 0,        -65.699366,              -nan
          0,           0,         913,      -8.594435541,      -6.595308082,      -7.937705075,      -4.846413502,      -10.57168623,   1.321199451e-09,   0.0001062356761,       21.47483648,       21.47483648,       21.47483648,       6409.460359,    0.002865820372,      -0.188282588,                 0,                 0,                 0,     -0.1407308518,    0.002865820372,      -0.188282588,                 0,      -65.69936827,              -nan
          0,           0,         914,      -8.594452367,      -6.595363164,       -7.99958182,      -4.889894037,      -10.57139873,   2.642399332e-09,   0.0002124713522,       42.94967296,       42.94967296,       42.94967296,       6409.460359,    0.002865820181,     -0.1882825885,                 0,                 0,                 0,     -0.1407308522,    0.002865820181,     -0.1882825885,                 0,      -65.69937283,              -nan
          0,           0,         915,      -8.594465969,      -6.595440013,      -8.021058288,      -4.914314288,      -10.57085888,   5.284800387e-09,   0.0004249427044,       85.89934592,       85.89934592,       85.89934592,       6409.460359,    0.002865819799,     -0.1882825896,                 0,                 0,                 0,      -0.140730853,    0.002865819799,     -0.1882825896,                 0,      -65.69938196,              -nan
          0,           0,         916,      -8.594483878,      -6.595603078,      -8.021025102,      -4.922103768,      -10.56981584,   1.056960767e-08,   0.0008498854088,       171.7986918,       171.7986918,       171.7986918,       6409.460359,    0.002865819036,     -0.1882825919,                 0,                 0,                 0,     -0.1407308549,    0.002865819036,     -0.1882825919,                 0,      -65.69940026,              -nan
          0,           0,         917,      -8.594517648,      -6.595947684,      -7.970401733,      -4.878677788,      -10.56773697,   2.113924293e-08,    0.001699770818,       17.17986918,       17.17986918,       17.17986918,       6409.460359,    0.002865817511,     -0.1882825963,                 0,                 0,                 0,     -0.1407308584,    0.002865817511,     -0.1882825963,                 0,      -65.69943675,              -nan
          0,           0,         918,      -8.594621743,      -6.596486554,      -7.828896807,      -4.743586659,      -10.57252927,   2.113929827e-09,   0.0001699770817,       34.35973837,       34.35973837,       34.35973837,       6409.460359,    0.002865817359,     -0.1882825967,                 0,                 0,                 0,     -0.1407308588,    0.002865817359,     -0.1882825967,                 0,       -65.6994404,              -nan
          0,           0,         919,      -8.594673086,      -6.596621757,      -7.965754669,      -4.836289664,      -10.57207144,   4.227860761e-09,   0.0003399541635,       68.71947674,       68.71947674,       68.71947674,       6409.460359,    0.002865817054,     -0.1882825977,                 0,                 0,                 0,     -0.1407308595,    0.002865817054,     -0.1882825977,                 0,      -65.69944771,              -nan
          0,           0,         920,      -8.594707382,      -6.596746819,      -8.008979705,      -4.882656712,      -10.57122144,   8.455725955e-09,   0.0006799083269,       137.4389535,       137.4389535,       137.4389535,       6409.460359,    0.002865816444,     -0.1882825994,                 0,                 0,                 0,     -0.1407308608,    0.002865816444,     -0.1882825994,                 0,      -65.69946228,              -nan
          0,           0,         921,      -8.594749984,      -6.596999807,       -7.99976971,      -4.890327492,      -10.56956338,   1.691146965e-08,    0.001359816654,       13.74389535,       13.74389535,       13.74389535,       6409.460359,    0.002865815227,     -0.1882826023,                 0,                 0,                 0,     -0.1407308627,    0.002865815227,     -0.1882826023,                 0,      -65.69949122,              -nan
          0,           0,         922,      -8.594825774,      -6.597488977,      -7.889924282,      -4.801222508,      -10.57342379,   1.691150521e-09,   0.0001359816654,       27.48779069,       27.48779069,       27.48779069,       6409.460359,    0.002865815105,     -0.1882826027,                 0,                 0,                 0,     -0.1407308629,    0.002865815105,     -0.1882826027,                 0,      -65.69949412,              -nan
          0,           0,         923,      -8.594856303,      -6.597569606,      -7.985788848,      -4.866937339,      -10.57305717,   3.382301754e-09,   0.0002719633307,       54.97558139,       54.97558139,       54.97558139,       6409.460359,    0.002865814862,     -0.1882826033,                 0,                 0,                 0,     -0.1407308633,    0.002865814862,     -0.1882826033,                 0,      -65.69949991,              -nan
          0,           0,         924,      -8.594879202,      -6.597665532,      -8.016298783,      -4.901587623,      -10.57237326,   6.764606355e-09,   0.0005439266615,       109.9511628,       109.9511628,       109.9511628,       6409.460359,    0.002865814375,     -0.1882826045,                 0,                 0,                 0,      -0.140730864,    0.002865814375,     -0.1882826045,                 0,      -65.69951149,              -nan
          0,           0,         925,      -8.594908072,      -6.597870732,      -8.012354256,      -4.910538437,      -10.57104455,   1.352922411e-08,    0.001087853323,       10.99511628,       10.99511628,       10.99511628,       6409.460359,    0.002865813403,      -0.188282607,                 0,                 0,                 0,     -0.1407308657,    0.002865813403,      -0.188282607,                 0,      -65.69953466,              -nan
          0,           0,         926,      -8.594959925,      -6.598291727,      -7.933464157,      -4.845326764,      -10.57415181,   1.352924694e-09,   0.0001087853323,       21.99023256,       21.99023256,       21.99023256,       6409.460359,    0.002865813305,     -0.1882826072,                 0,                 0,                 0,     -0.1407308659,    0.002865813305,     -0.1882826072,                 0,      -65.69953698,              -nan
          0,           0,         927,       -8.59497823,      -6.598347607,       -7.99858702,      -4.891195307,      -10.57385787,   2.705849844e-09,   0.0002175706646,       43.98046511,       43.98046511,       43.98046511,       6409.460359,    0.002865813111,     -0.1882826078,                 0,                 0,                 0,     -0.1407308663,    0.002865813111,     -0.1882826078,                 0,      -65.69954162,              -nan
          0,           0,         928,      -8.594993494,       -6.59842491,      -8.021256111,       -4.91666733,      -10.57330587,   5.411701516e-09,   0.0004351413291,       87.96093022,       87.96093022,       87.96093022,       6409.460359,    0.002865812722,     -0.1882826089,                 0,                 0,                 0,     -0.1407308671,    0.002865812722,     -0.1882826089,                 0,      -65.69955091,              -nan
          0,           0,         929,      -8.595014385,      -6.598590311,      -8.021338251,      -4.924383812,      -10.57223838,   1.082341035e-08,   0.0008702826582,       175.9218604,       175.9218604,       175.9218604,       6409.460359,    0.002865811945,     -0.1882826112,                 0,                 0,                 0,     -0.1407308691,    0.002865811945,     -0.1882826112,                 0,      -65.69956954,              -nan
          0,           0,         930,      -8.595054414,      -6.598941156,      -7.967976381,      -4.878546175,      -10.57011028,   2.164684999e-08,    0.001740565316,       17.59218604,       17.59218604,       17.59218604,       6409.460359,    0.002865810393,     -0.1882826154,                 0,                 0,                 0,     -0.1407308724,    0.002865810393,     -0.1882826154,                 0,       -65.6996066,              -nan
          0,           0,         931,      -8.595170792,      -6.599487839,      -7.823628085,       -4.74016547,       -10.5750146,   2.164690872e-09,   0.0001740565316,       35.18437209,       35.18437209,       35.18437209,       6409.460359,    0.002865810238,     -0.1882826159,                 0,                 0,                 0,     -0.1407308727,    0.002865810238,     -0.1882826159,                 0,      -65.69961031,              -nan
          0,           0,         932,      -8.595225102,      -6.599627958,      -7.964493717,      -4.835954612,      -10.57454671,   4.329382919e-09,   0.0003481130632,       70.36874418,       70.36874418,       70.36874418,       6409.460359,    0.002865809928,     -0.1882826168,                 0,                 0,                 0,     -0.1407308734,    0.002865809928,     -0.1882826168,                 0,      -65.69961773,              -nan
          0,           0,         933,      -8.595261763,      -6.599755713,      -8.008686045,      -4.883794617,      -10.57367776,   8.658770542e-09,   0.0006962261265,       140.7374884,       140.7374884,       140.7374884,       6409.460359,    0.002865809308,     -0.1882826184,                 0,                 0,                 0,     -0.1407308746,    0.002865809308,     -0.1882826184,                 0,      -65.69963252,              -nan
          0,           0,         934,      -8.595307422,      -6.600015412,      -7.998649537,      -4.890975801,      -10.57198116,   1.731755992e-08,    0.001392452253,       14.07374884,       14.07374884,       14.07374884,       6409.460359,    0.002865808069,     -0.1882826211,                 0,                 0,                 0,     -0.1407308762,    0.002865808069,     -0.1882826211,                 0,      -65.69966187,              -nan
          0,           0,         935,      -8.595386782,      -6.600515114,      -7.885983804,      -4.798252213,      -10.57593202,   1.731759766e-09,   0.0001392452253,       28.14749767,       28.14749767,       28.14749767,       6409.460359,    0.002865807945,     -0.1882826214,                 0,                 0,                 0,     -0.1407308763,    0.002865807945,     -0.1882826214,                 0,      -65.69966481,              -nan
          0,           0,         936,      -8.595418853,      -6.600600263,      -7.985474205,      -4.866593611,       -10.5755567,   3.463520287e-09,   0.0002784904505,       56.29499534,       56.29499534,       56.29499534,       6409.460359,    0.002865807697,      -0.188282622,                 0,                 0,                 0,     -0.1407308767,    0.002865807697,      -0.188282622,                 0,      -65.69967069,              -nan
          0,           0,         937,      -8.595442628,      -6.600699756,      -8.016639068,       -4.90248834,      -10.57485714,   6.927043597e-09,   0.0005569809011,       112.5899907,       112.5899907,       112.5899907,       6409.460359,    0.002865807202,     -0.1882826231,                 0,                 0,                 0,     -0.1407308774,    0.002865807202,     -0.1882826231,                 0,      -65.69968244,              -nan
          0,           0,         938,       -8.59547208,      -6.600911513,      -8.012058328,      -4.911310704,      -10.57349752,   1.385409929e-08,    0.001113961802,       11.25899907,       11.25899907,       11.25899907,       6409.460359,    0.002865806212,     -0.1882826255,                 0,                 0,                 0,     -0.1407308789,    0.002865806212,     -0.1882826255,                 0,      -65.69970595,              -nan
          0,           0,         939,      -8.595523833,      -6.601343135,      -7.930865929,      -4.842988042,      -10.57667787,   1.385412352e-09,   0.0001113961802,       1.125899907,       1.125899907,       1.125899907,       6409.460359,    0.002865806113,     -0.1882826257,                 0,                 0,                 0,     -0.1407308791,    0.002865806113,     -0.1882826257,                 0,      -65.69970831,              -nan
          0,           0,         940,      -8.595542849,      -6.601402516,      -7.998941246,      -4.890948842,      -10.57700676,   1.385412595e-10,   1.113961802e-05,                 1,                 1,                 1,       6409.460359,    0.002865806104,     -0.1882826257,                 0,                 0,                 0,     -0.1407308791,    0.002865806104,     -0.1882826257,                 0,      -65.69970854,              -nan
          0,           0,         941,      -8.595544207,      -6.601406974,      -8.002980009,        -4.8945701,      -10.57701223,   1.230493591e-10,   9.893968329e-06,                 1,                 1,                 1,       6409.460359,    0.002865806095,     -0.1882826258,                 0,                 0,                 0,     -0.1407308792,    0.002865806095,     -0.1882826258,                 0,      -65.69970875,              -nan
          0,           0,         942,      -8.595545234,      -6.601410607,      -8.005450734,      -4.897213624,      -10.57701365,    1.23049361e-10,   9.893968329e-06,                 1,                 1,                 1,       6409.460359,    0.002865806086,     -0.1882826258,                 0,                 0,                 0,     -0.1407308792,    0.002865806086,     -0.1882826258,                 0,      -65.69970896,              -nan
          0,           0,         943,      -8.595546129,       -6.60141401,      -8.007107299,      -4.899424526,      -10.57701511,   1.230493629e-10,   9.893968329e-06,                 1,                 1,                 1,       6409.460359,    0.002865806077,     -0.1882826258,                 0,                 0,                 0,     -0.1407308792,    0.002865806077,     -0.1882826258,                 0,      -65.69970917,              -nan
          0,           0,         944,      -8.595546922,      -6.601417239,      -8.008137212,      -4.901290834,      -10.57701661,   1.230493648e-10,   9.893968329e-06,                 1,                 1,                 1,       6409.460359,    0.002865806068,     -0.1882826258,                 0,                 0,                 0,     -0.1407308792,    0.002865806068,     -0.1882826258,                 0,      -65.69970938,              -nan
          0,           0,         945,      -8.595547637,      -6.601420334,      -8.008693463,      -4.902883681,      -10.57701815,   1.230493667e-10,   9.893968329e-06,                 1,                 1,                 1,       6409.460359,     0.00286580606,     -0.1882826259,                 0,                 0,                 0,     -0.1407308792,     0.00286580606,     -0.1882826259,                 0,      -65.69970959,              -nan
          0,           0,         946,      -8.595548291,      -6.601423325,      -8.008900156,      -4.904260745,      -10.57701973,   1.230493686e-10,   9.893968329e-06,                 1,                 1,                 1,       6409.460359,    0.002865806051,     -0.1882826259,                 0,                 0,                 0,     -0.1407308792,    0.002865806051,     -0.1882826259,                 0,       -65.6997098,              -nan
          0,           0,         947,      -8.595548899,      -6.601426232,      -8.008857247,      -4.905468767,      -10.57702134,   1.230493705e-10,   9.893968329e-06,                 1,                 1,                 1,       6409.460359,    0.002865806042,     -0.1882826259,                 0,                 0,                 0,     -0.1407308792,    0.002865806042,     -0.1882826259,                 0,      -65.69971001,              -nan
          0,           0,         948,      -8.595549471,      -6.601429071,      -8.008644364,       -4.90654542,      -10.57702299,   1.230493724e-10,   9.893968329e-06,                 1,                 1,                 1,       6409.460359,    0.002865806033,     -0.1882826259,                 0,                 0,                 0,     -0.1407308793,    0.002865806033,     -0.1882826259,                 0,      -65.69971022,              -nan
          0,           0,         949,      -8.595550016,      -6.601431852,      -8.008324154,       -4.90752095,      -10.57702468,   1.230493744e-10,   9.893968329e-06,                 1,                 1,                 1,       6409.460359,    0.002865806025,     -0.1882826259,                 0,                 0,                 0,     -0.1407308793,    0.002865806025,     -0.1882826259,                 0,      -65.69971043,              -nan
          0,           0,         950,      -8.595550539,      -6.601434585,      -8.007944962,      -4.908419369,       -10.5770264,   1.230493763e-10,   9.893968329e-06,                 1,                 1,                 1,       6409.460359,    0.002865806016,      -0.188282626,                 0,                 0,                 0,     -0.1407308793,    0.002865806016,      -0.188282626,                 0,      -65.69971064,              -nan
          0,           0,         951,      -8.595551047,      -6.601437275,      -8.007543283,      -4.909259588,      -10.57702816,   1.230493782e-10,   9.893968329e-06,                 1,                 1,                 1,       6409.460359,    0.002865806007,      -0.188282626,                 0,                 0,                 0,     -0.1407308793,    0.002865806007,      -0.188282626,                 0,      -65.69971084,              -nan
          0,           0,         952,      -8.595551542,      -6.601439928,      -8.007145677,      -4.910056225,      -10.57702996,   1.230493801e-10,   9.893968329e-06,                 1,                 1,                 1,       6409.460359,    0.002865805998,      -0.188282626,                 0,                 0,                 0,     -0.1407308793,    0.002865805998,      -0.188282626,                 0,      -65.69971105,              -nan
          0,           0,         953,      -8.595552028,       -6.60144255,      -8.006770705,      -4.910820363,      -10.57703179,    1.23049382e-10,   9.893968329e-06,                 1,                 1,                 1,       6409.460359,    0.002865805989,      -0.188282626,                 0,                 0,                 0,     -0.1407308793,    0.002865805989,      -0.188282626,                 0,      -65.69971126,              -nan
          0,           0,         954,      -8.595552506,      -6.601445145,      -8.006430397,      -4.911560215,      -10.57703365,   1.230493839e-10,   9.893968329e-06,                 1,                 1,                 1,       6409.460359,    0.002865805981,     -0.1882826261,                 0,                 0,                 0,     -0.1407308794,    0.002865805981,     -0.1882826261,                 0,      -65.69971147,              -nan
          0,           0,         955,      -8.595552978,      -6.601447715,      -8.006131615,       -4.91228161,      -10.57703555,   1.230493858e-10,   9.893968329e-06,                 1,                 1,                 1,       6409.460359,    0.002865805972,     -0.1882826261,                 0,                 0,                 0,     -0.1407308794,    0.002865805972,     -0.1882826261,                 0,      -65.69971168,              -nan
          0,           0,         956,      -8.595553445,      -6.601450267,      -8.005877231,      -4.912988498,      -10.57703749,   1.230493877e-10,   9.893968329e-06,                 1,                 1,                 1,       6409.460359,    0.002865805963,     -0.1882826261,                 0,                 0,                 0,     -0.1407308794,    0.002865805963,     -0.1882826261,                 0,      -65.69971189,              -nan
          0,           0,         957,      -8.595553907,      -6.601452801,      -8.005667139,      -4.913683355,      -10.57703946,   1.230493897e-10,   9.893968329e-06,                 1,                 1,                 1,       6409.460359,    0.002865805954,     -0.1882826261,                 0,                 0,                 0,     -0.1407308794,    0.002865805954,     -0.1882826261,                 0,       -65.6997121,              -nan
          0,           0,         958,      -8.595554364,      -6.601455323,      -8.005499005,       -4.91436752,      -10.57704146,   1.230493916e-10,   9.893968329e-06,                 1,                 1,                 1,       6409.460359,    0.002865805945,     -0.1882826262,                 0,                 0,                 0,     -0.1407308794,    0.002865805945,     -0.1882826262,                 0,      -65.69971231,              -nan
          0,           0,         959,      -8.595554818,      -6.601457833,      -8.005369067,      -4.915041515,      -10.57704349,   1.230493935e-10,   9.893968329e-06,                 1,                 1,                 1,       6409.460359,    0.002865805937,     -0.1882826262,                 0,                 0,                 0,     -0.1407308794,    0.002865805937,     -0.1882826262,                 0,      -65.69971252,              -nan
          0,           0,         960,      -8.595555267,      -6.601460336,      -8.005272572,      -4.915705293,      -10.57704556,   1.230493954e-10,   9.893968329e-06,                 1,                 1,                 1,       6409.460359,    0.002865805928,     -0.1882826262,                 0,                 0,                 0,     -0.1407308794,    0.002865805928,     -0.1882826262,                 0,      -65.69971273,              -nan
          0,           0,         961,      -8.595555711,      -6.601462833,      -8.005204363,      -4.916358451,      -10.57704766,   1.230493973e-10,   9.893968329e-06,                 1,                 1,                 1,       6409.460359,    0.002865805919,     -0.1882826262,                 0,                 0,                 0,     -0.1407308795,    0.002865805919,     -0.1882826262,                 0,      -65.69971294,              -nan
          0,           0,         962,      -8.595556151,      -6.601465326,      -8.005159135,      -4.917000402,      -10.57704979,   1.230493992e-10,   9.893968329e-06,                 1,                 1,                 1,       6409.460359,     0.00286580591,     -0.1882826262,                 0,                 0,                 0,     -0.1407308795,     0.00286580591,     -0.1882826262,                 0,      -65.69971315,              -nan
          0,           0,         963,      -8.595556586,      -6.601467818,      -8.005131676,      -4.917630476,      -10.57705196,   1.230494011e-10,   9.893968329e-06,                 1,                 1,                 1,       6409.460359,    0.002865805902,     -0.1882826263,                 0,                 0,                 0,     -0.1407308795,    0.002865805902,     -0.1882826263,                 0,      -65.69971336,              -nan
          0,           0,         964,      -8.595557017,      -6.601470311,      -8.005117154,      -4.918248061,      -10.57705416,   1.230494031e-10,   9.893968329e-06,                 1,                 1,                 1,       6409.460359,    0.002865805893,     -0.1882826263,                 0,                 0,                 0,     -0.1407308795,    0.002865805893,     -0.1882826263,                 0,      -65.69971357,              -nan
          0,           0,         965,      -8.595557442,      -6.601472805,      -8.005111163,      -4.918852623,      -10.57705638,    1.23049405e-10,   9.893968329e-06,                 1,                 1,                 1,       6409.460359,    0.002865805884,     -0.1882826263,                 0,                 0,                 0,     -0.1407308795,    0.002865805884,     -0.1882826263,                 0,      -65.69971377,              -nan
          0,           0,         966,      -8.595557862,      -6.601475303,      -8.005109776,      -4.919443771,      -10.57705864,   1.230494069e-10,   9.893968329e-06,                 1,                 1,                 1,       6409.460359,    0.002865805875,     -0.1882826263,                 0,                 0,                 0,     -0.1407308795,    0.002865805875,     -0.1882826263,                 0,      -65.69971398,              -nan
          0,           0,         967,      -8.595558277,      -6.601477807,       -8.00510968,      -4.920021267,      -10.57706093,   1.230494088e-10,   9.893968329e-06,                 1,                 1,                 1,       6409.460359,    0.002865805866,     -0.1882826264,                 0,                 0,                 0,     -0.1407308796,    0.002865805866,     -0.1882826264,                 0,      -65.69971419,              -nan
          0,           0,         968,      -8.595558687,      -6.601480318,      -8.005108041,      -4.920585036,      -10.57706325,   1.230494107e-10,   9.893968329e-06,                 1,                 1,                 1,       6409.460359,    0.002865805858,     -0.1882826264,                 0,                 0,                 0,     -0.1407308796,    0.002865805858,     -0.1882826264,                 0,       -65.6997144,              -nan
          0,           0,         969,      -8.595559092,      -6.601482837,      -8.005102612,      -4.921135148,      -10.57706559,   1.230494126e-10,   9.893968329e-06,                 1,                 1,                 1,       6409.460359,    0.002865805849,     -0.1882826264,                 0,                 0,                 0,     -0.1407308796,    0.002865805849,     -0.1882826264,                 0,      -65.69971461,              -nan
          0,           0,         970,      -8.595559491,      -6.601485366,      -8.005091571,      -4.921671802,      -10.57706797,   1.230494145e-10,   9.893968329e-06,                 1,                 1,                 1,       6409.460359,     0.00286580584,     -0.1882826264,                 0,                 0,                 0,     -0.1407308796,     0.00286580584,     -0.1882826264,                 0,      -65.69971482,              -nan
          0,           0,         971,      -8.595559885,      -6.601487905,      -8.005073601,      -4.922195319,      -10.57707037,   1.230494164e-10,   9.893968329e-06,                 1,                 1,                 1,       6409.460359,    0.002865805831,     -0.1882826264,                 0,                 0,                 0,     -0.1407308796,    0.002865805831,     -0.1882826264,                 0,      -65.69971503,              -nan
          0,           0,         972,      -8.595560275,      -6.601490457,       -8.00504767,      -4.922706107,      -10.57707281,   1.230494184e-10,   9.893968329e-06,                 1,                 1,                 1,       6409.460359,    0.002865805822,     -0.1882826265,                 0,                 0,                 0,     -0.1407308796,    0.002865805822,     -0.1882826265,                 0,      -65.69971524,              -nan
          0,           0,         973,      -8.595560659,      -6.601493023,      -8.005013157,      -4.923204627,      -10.57707527,   1.230494203e-10,   9.893968329e-06,                 1,                 1,                 1,       6409.460359,    0.002865805814,     -0.1882826265,                 0,                 0,                 0,     -0.1407308797,    0.002865805814,     -0.1882826265,                 0,      -65.69971545,              -nan
          0,           0,         974,      -8.595561039,      -6.601495603,      -8.004969665,      -4.923691398,      -10.57707776,   1.230494222e-10,   9.893968329e-06,                 1,                 1,                 1,       6409.460359,    0.002865805805,     -0.1882826265,                 0,                 0,                 0,     -0.1407308797,    0.002865805805,     -0.1882826265,                 0,      -65.69971566,              -nan
          0,           0,         975,      -8.595561414,      -6.601498198,      -8.004917037,       -4.92416695,      -10.57708027,   1.230494241e-10,   9.893968329e-06,                 1,                 1,                 1,       6409.460359,    0.002865805796,     -0.1882826265,                 0,                 0,                 0,     -0.1407308797,    0.002865805796,     -0.1882826265,                 0,      -65.69971587,              -nan
          0,           0,         976,      -8.595561785,       -6.60150081,      -8.004855279,       -4.92463182,      -10.57708281,    1.23049426e-10,   9.893968329e-06,                 1,                 1,                 1,       6409.460359,    0.002865805787,     -0.1882826266,                 0,                 0,                 0,     -0.1407308797,    0.002865805787,     -0.1882826266,                 0,      -65.69971608,              -nan
          0,           0,         977,      -8.595562151,      -6.601503439,      -8.004784506,      -4.925086535,      -10.57708538,   1.230494279e-10,   9.893968329e-06,                 1,                 1,                 1,       6409.460359,    0.002865805779,     -0.1882826266,                 0,                 0,                 0,     -0.1407308797,    0.002865805779,     -0.1882826266,                 0,      -65.69971629,              -nan
          0,           0,         978,      -8.595562513,      -6.601506087,      -8.004705028,      -4.925531596,      -10.57708798,   1.230494298e-10,   9.893968329e-06,                 1,                 1,                 1,       6409.460359,     0.00286580577,     -0.1882826266,                 0,                 0,                 0,     -0.1407308798,     0.00286580577,     -0.1882826266,                 0,       -65.6997165,              -nan
          0,           0,         979,      -8.595562871,      -6.601508753,      -8.004617104,      -4.925967478,       -10.5770906,   1.230494318e-10,   9.893968329e-06,                 1,                 1,                 1,       6409.460359,    0.002865805761,     -0.1882826266,                 0,                 0,                 0,     -0.1407308798,    0.002865805761,     -0.1882826266,                 0,      -65.69971671,              -nan
          0,           0,         980,      -8.595563224,      -6.601511439,      -8.004521163,       -4.92639462,      -10.57709324,   1.230494337e-10,   9.893968329e-06,                 1,                 1,                 1,       6409.460359,    0.002865805752,     -0.1882826267,                 0,                 0,                 0,     -0.1407308798,    0.002865805752,     -0.1882826267,                 0,      -65.69971692,              -nan
          0,           0,         981,      -8.595563574,      -6.601514145,      -8.004417609,      -4.926813422,      -10.57709591,   1.230494356e-10,   9.893968329e-06,                 1,                 1,                 1,       6409.460359,    0.002865805743,     -0.1882826267,                 0,                 0,                 0,     -0.1407308798,    0.002865805743,     -0.1882826267,                 0,      -65.69971713,              -nan
          0,           0,         982,       -8.59556392,      -6.601516873,      -8.004306868,      -4.927224244,       -10.5770986,   1.230494375e-10,   9.893968329e-06,                 1,                 1,                 1,       6409.460359,    0.002865805735,     -0.1882826267,                 0,                 0,                 0,     -0.1407308798,    0.002865805735,     -0.1882826267,                 0,      -65.69971734,              -nan
          0,           0,         983,      -8.595564262,      -6.601519621,      -8.004189386,      -4.927627413,      -10.57710132,   1.230494394e-10,   9.893968329e-06,                 2,                 2,                 2,       6409.460359,    0.002865805726,     -0.1882826267,                 0,                 0,                 0,     -0.1407308798,    0.002865805726,     -0.1882826267,                 0,      -65.69971755,              -nan
          0,           0,         984,        -8.5955646,      -6.601522392,      -8.004065661,      -4.928023212,      -10.57707475,   2.460988826e-10,   1.978793666e-05,                 4,                 4,                 4,       6409.460359,    0.002865805708,     -0.1882826268,                 0,                 0,                 0,     -0.1407308799,    0.002865805708,     -0.1882826268,                 0,      -65.69971797,              -nan
          0,           0,         985,      -8.595565285,      -6.601528133,      -8.003934433,      -4.928839826,      -10.57702228,   4.921977806e-10,   3.957587332e-05,                 8,                 8,                 8,       6409.460359,    0.002865805673,     -0.1882826269,                 0,                 0,                 0,     -0.1407308799,    0.002865805673,     -0.1882826269,                 0,       -65.6997188,              -nan
          0,           0,         986,      -8.595566675,      -6.601540362,      -8.004033257,      -4.930521426,      -10.57691957,   9.843956225e-10,   7.915174663e-05,                16,                16,                16,       6409.460359,    0.002865805603,     -0.1882826271,                 0,                 0,                 0,     -0.1407308801,    0.002865805603,     -0.1882826271,                 0,      -65.69972048,              -nan
          0,           0,         987,       -8.59556945,      -6.601567445,      -8.005031373,      -4.933761767,      -10.57672007,    1.96879149e-09,   0.0001583034933,                32,                32,                32,       6409.460359,    0.002865805462,     -0.1882826275,                 0,                 0,                 0,     -0.1407308804,    0.002865805462,     -0.1882826275,                 0,      -65.69972385,              -nan
          0,           0,         988,      -8.595574733,      -6.601629904,      -8.007681322,       -4.93859003,      -10.57633204,    3.93758396e-09,   0.0003166069865,                64,                64,                64,       6409.460359,    0.002865805181,     -0.1882826283,                 0,                 0,                 0,     -0.1407308811,    0.002865805181,     -0.1882826283,                 0,      -65.69973057,              -nan
          0,           0,         989,      -8.595584399,      -6.601774311,      -8.009571903,      -4.939967568,      -10.57556503,   7.875171842e-09,    0.000633213973,               128,               128,               128,       6409.460359,     0.00286580462,       -0.18828263,                 0,                 0,                 0,     -0.1407308826,     0.00286580462,       -0.18828263,                 0,      -65.69974403,              -nan
          0,           0,         990,       -8.59560492,      -6.602074247,      -7.991290319,      -4.915127806,      -10.57402245,   1.575035939e-08,    0.001266427946,              12.8,              12.8,              12.8,       6409.460359,    0.002865803497,     -0.1882826336,                 0,                 0,                 0,     -0.1407308861,    0.002865803497,     -0.1882826336,                 0,      -65.69977104,              -nan
          0,           0,         991,      -8.595672035,       -6.60255896,      -7.899876944,      -4.816412458,       -10.5776269,   1.575039084e-09,   0.0001266427946,              25.6,              25.6,              25.6,       6409.460359,    0.002865803385,      -0.188282634,                 0,                 0,                 0,     -0.1407308864,    0.002865803385,      -0.188282634,                 0,      -65.69977374,              -nan
          0,           0,         992,       -8.59569985,      -6.602642819,      -7.991013042,      -4.879164444,      -10.57728355,   3.150078798e-09,   0.0002532855892,              51.2,              51.2,              51.2,       6409.460359,    0.002865803161,     -0.1882826348,                 0,                 0,                 0,     -0.1407308872,    0.002865803161,     -0.1882826348,                 0,      -65.69977916,              -nan
          0,           0,         993,      -8.595722204,      -6.602738733,      -8.024902672,      -4.910892107,      -10.57664149,   6.300160114e-09,   0.0005065711784,             102.4,             102.4,             102.4,       6409.460359,    0.002865802712,     -0.1882826364,                 0,                 0,                 0,     -0.1407308888,    0.002865802712,     -0.1882826364,                 0,         -65.69979,              -nan
          0,           0,         994,      -8.595755203,       -6.60292764,      -8.026803149,      -4.918113761,      -10.57539896,   1.260033031e-08,    0.001013142357,             10.24,             10.24,             10.24,       6409.460359,    0.002865801816,     -0.1882826393,                 0,                 0,                 0,     -0.1407308917,    0.002865801816,     -0.1882826393,                 0,      -65.69981157,              -nan
          0,           0,         995,      -8.595821479,       -6.60330869,      -7.952894826,      -4.859239888,      -10.57830257,    1.26003505e-09,   0.0001013142357,             20.48,             20.48,             20.48,       6409.460359,    0.002865801726,     -0.1882826396,                 0,                 0,                 0,      -0.140730892,    0.002865801726,     -0.1882826396,                 0,      -65.69981373,              -nan
          0,           0,         996,      -8.595839063,      -6.603358511,      -8.010552764,      -4.898988422,       -10.5780286,   2.520070504e-09,   0.0002026284713,             40.96,             40.96,             40.96,       6409.460359,    0.002865801547,     -0.1882826402,                 0,                 0,                 0,     -0.1407308926,    0.002865801547,     -0.1882826402,                 0,      -65.69981805,              -nan
          0,           0,         997,      -8.595856865,      -6.603427783,      -8.032328782,      -4.921660543,      -10.57751296,   5.040142625e-09,   0.0004052569426,             81.92,             81.92,             81.92,       6409.460359,    0.002865801188,     -0.1882826413,                 0,                 0,                 0,     -0.1407308937,    0.002865801188,     -0.1882826413,                 0,      -65.69982666,              -nan
          0,           0,         998,      -8.595884426,      -6.603575594,      -8.034284959,      -4.930092653,      -10.57651726,   1.008029172e-08,   0.0008105138852,            163.84,            163.84,            163.84,       6409.460359,    0.002865800472,     -0.1882826433,                 0,                 0,                 0,     -0.1407308955,    0.002865800472,     -0.1882826433,                 0,      -65.69984379,              -nan
          0,           0,         999,       -8.59593536,      -6.603894292,      -7.986311542,      -4.893212358,      -10.57453556,   2.016060934e-08,     0.00162102777,            16.384,            16.384,            16.384,       6409.460359,    0.002865799041,     -0.1882826466,                 0,                 0,                 0,     -0.1407308979,    0.002865799041,     -0.1882826466,                 0,      -65.69987772,              -nan
          0,           0,        1000,      -8.596054235,      -6.604410491,      -7.849201389,      -4.766370581,      -10.57912072,   2.016066126e-09,    0.000162102777,            32.768,            32.768,            32.768,       6409.460359,    0.002865798898,     -0.1882826469,                 0,                 0,                 0,     -0.1407308982,    0.002865798898,     -0.1882826469,                 0,      -65.69988112,              -nan
          0,           0,        1001,      -8.596101713,      -6.604528541,      -7.977201938,      -4.854057006,      -10.57868511,   4.032133291e-09,   0.0003242055541,            65.536,            65.536,            65.536,       6409.460359,    0.002865798612,     -0.1882826476,                 0,                 0,                 0,     -0.1407308987,    0.002865798612,     -0.1882826476,                 0,      -65.69988791,              -nan
          0,           0,        1002,      -8.596136707,      -6.604639977,      -8.019363898,       -4.89770869,      -10.57787361,   8.064270741e-09,   0.0006484111081,           131.072,           131.072,           131.072,       6409.460359,     0.00286579804,     -0.1882826488,                 0,                 0,                 0,     -0.1407308995,     0.00286579804,     -0.1882826488,                 0,      -65.69990145,              -nan
          0,           0,        1003,      -8.596181869,      -6.604872075,      -8.012891231,      -4.905362017,      -10.57629224,   1.612855813e-08,    0.001296822216,           13.1072,           13.1072,           13.1072,       6409.460359,    0.002865796897,     -0.1882826509,                 0,                 0,                 0,     -0.1407309006,    0.002865796897,     -0.1882826509,                 0,       -65.6999284,              -nan
          0,           0,        1004,      -8.596256885,       -6.60533787,      -7.909901356,      -4.820714531,      -10.57998254,   1.612859148e-09,   0.0001296822216,           26.2144,           26.2144,           26.2144,       6409.460359,    0.002865796783,     -0.1882826512,                 0,                 0,                 0,     -0.1407309008,    0.002865796783,     -0.1882826512,                 0,       -65.6999311,              -nan
          0,           0,        1005,      -8.596283834,      -6.605410652,      -7.997872269,      -4.881189347,      -10.57963327,   3.225718964e-09,   0.0002593644432,           52.4288,           52.4288,           52.4288,       6409.460359,    0.002865796554,     -0.1882826516,                 0,                 0,                 0,      -0.140730901,    0.002865796554,     -0.1882826516,                 0,       -65.6999365,              -nan
          0,           0,        1006,      -8.596305092,      -6.605499878,      -8.026368419,      -4.913159613,      -10.57898008,     6.4514406e-09,   0.0005187288864,          104.8576,          104.8576,          104.8576,       6409.460359,    0.002865796097,     -0.1882826526,                 0,                 0,                 0,     -0.1407309016,    0.002865796097,     -0.1882826526,                 0,      -65.69994731,              -nan
          0,           0,        1007,      -8.596332101,      -6.605693709,      -8.023558001,      -4.921527849,      -10.57771234,   1.290289189e-08,    0.001037457773,          10.48576,          10.48576,          10.48576,       6409.460359,    0.002865795185,     -0.1882826547,                 0,                 0,                 0,     -0.1407309029,    0.002865795185,     -0.1882826547,                 0,      -65.69996895,              -nan
          0,           0,        1008,        -8.5963784,      -6.606099566,      -7.951517657,      -4.860547966,      -10.58067982,    1.29029133e-09,   0.0001037457773,          20.97152,          20.97152,          20.97152,       6409.460359,    0.002865795093,     -0.1882826549,                 0,                 0,                 0,     -0.1407309031,    0.002865795093,     -0.1882826549,                 0,      -65.69997112,              -nan
          0,           0,        1009,      -8.596394066,      -6.606152068,      -8.010398645,      -4.901935823,      -10.58039934,   2.580583088e-09,   0.0002074915545,          41.94304,          41.94304,          41.94304,       6409.460359,    0.002865794911,     -0.1882826553,                 0,                 0,                 0,     -0.1407309034,    0.002865794911,     -0.1882826553,                 0,      -65.69997546,              -nan
          0,           0,        1010,      -8.596407352,      -6.606226781,      -8.031159766,      -4.925305176,      -10.57987184,   5.161167889e-09,   0.0004149831091,          83.88608,          83.88608,          83.88608,       6409.460359,    0.002865794546,     -0.1882826563,                 0,                 0,                 0,     -0.1407309041,    0.002865794546,     -0.1882826563,                 0,      -65.69998415,              -nan
          0,           0,        1011,      -8.596425364,       -6.60638638,      -8.031670357,      -4.932780975,      -10.57885268,   1.032234264e-08,   0.0008299662181,         167.77216,         167.77216,         167.77216,       6409.460359,    0.002865793817,     -0.1882826583,                 0,                 0,                 0,     -0.1407309058,    0.002865793817,     -0.1882826583,                 0,      -65.70000159,              -nan
          0,           0,        1012,      -8.596459325,      -6.606726467,      -7.984282557,      -4.891107672,      -10.57682223,   2.064471274e-08,    0.001659932436,         16.777216,         16.777216,         16.777216,       6409.460359,     0.00286579236,     -0.1882826622,                 0,                 0,                 0,     -0.1407309089,     0.00286579236,     -0.1882826622,                 0,      -65.70003635,              -nan
          0,           0,        1013,      -8.596560517,      -6.607262839,      -7.847102485,      -4.758746632,      -10.58150349,    2.06447678e-09,   0.0001659932436,         33.554432,         33.554432,         33.554432,       6409.460359,    0.002865792214,     -0.1882826626,                 0,                 0,                 0,     -0.1407309092,    0.002865792214,     -0.1882826626,                 0,      -65.70003983,              -nan
          0,           0,        1014,      -8.596607716,      -6.607395557,      -7.979468833,      -4.847458819,      -10.58105516,   4.128954662e-09,   0.0003319864872,         67.108864,         67.108864,         67.108864,       6409.460359,    0.002865791923,     -0.1882826634,                 0,                 0,                 0,     -0.1407309099,    0.002865791923,     -0.1882826634,                 0,      -65.70004679,              -nan
          0,           0,        1015,      -8.596640303,      -6.607521042,      -8.021165927,      -4.892179305,      -10.58022342,   8.257913733e-09,   0.0006639729744,        134.217728,        134.217728,        134.217728,       6409.460359,    0.002865791341,      -0.188282665,                 0,                 0,                 0,      -0.140730911,    0.002865791341,      -0.188282665,                 0,      -65.70006068,              -nan
          0,           0,        1016,      -8.596681355,      -6.607771658,      -8.013020221,      -4.900511114,       -10.5786033,   1.651584512e-08,    0.001327945949,        13.4217728,        13.4217728,        13.4217728,       6409.460359,    0.002865790178,     -0.1882826677,                 0,                 0,                 0,     -0.1407309127,    0.002865790178,     -0.1882826677,                 0,      -65.70008828,              -nan
          0,           0,        1017,      -8.596753051,      -6.608255258,      -7.907690794,      -4.814937188,        -10.582373,   1.651588049e-09,   0.0001327945949,        26.8435456,        26.8435456,        26.8435456,       6409.460359,    0.002865790061,     -0.1882826679,                 0,                 0,                 0,     -0.1407309129,    0.002865790061,     -0.1882826679,                 0,      -65.70009104,              -nan
          0,           0,        1018,      -8.596780787,      -6.608335457,      -7.999389945,      -4.877329312,      -10.58201414,   3.303176806e-09,   0.0002655891897,        53.6870912,        53.6870912,        53.6870912,       6409.460359,    0.002865789829,     -0.1882826685,                 0,                 0,                 0,     -0.1407309132,    0.002865789829,     -0.1882826685,                 0,      -65.70009656,              -nan
          0,           0,        1019,      -8.596801879,      -6.608431761,      -8.028305532,      -4.910596646,      -10.58134515,   6.606356443e-09,   0.0005311783794,       107.3741824,       107.3741824,       107.3741824,       6409.460359,    0.002865789364,     -0.1882826696,                 0,                 0,                 0,     -0.1407309139,    0.002865789364,     -0.1882826696,                 0,      -65.70010761,              -nan
          0,           0,        1020,      -8.596828302,      -6.608635014,      -8.024478699,      -4.919892586,      -10.58004719,   1.321272422e-08,    0.001062356759,       10.73741824,       10.73741824,       10.73741824,       6409.460359,    0.002865788435,     -0.1882826719,                 0,                 0,                 0,     -0.1407309155,    0.002865788435,     -0.1882826719,                 0,      -65.70012971,              -nan
          0,           0,        1021,      -8.596874662,      -6.609050237,      -7.949288682,      -4.857867469,      -10.58308071,   1.321274692e-09,   0.0001062356759,       21.47483648,       21.47483648,       21.47483648,       6409.460359,    0.002865788342,     -0.1882826721,                 0,                 0,                 0,     -0.1407309156,    0.002865788342,     -0.1882826721,                 0,      -65.70013193,              -nan
          0,           0,        1022,      -8.596891027,      -6.609105665,      -8.011133564,      -4.901329695,       -10.5827933,   2.642549839e-09,   0.0002124713518,       42.94967296,       42.94967296,       42.94967296,       6409.460359,    0.002865788156,     -0.1882826726,                 0,                 0,                 0,      -0.140730916,    0.002865788156,     -0.1882826726,                 0,      -65.70013636,              -nan
          0,           0,        1023,      -8.596904531,      -6.609182678,      -8.032590502,      -4.925732161,       -10.5822536,   5.285101496e-09,   0.0004249427035,       85.89934592,       85.89934592,       85.89934592,       6409.460359,    0.002865787785,     -0.1882826737,                 0,                 0,                 0,     -0.1407309168,    0.002865787785,     -0.1882826737,                 0,      -65.70014523,              -nan
          0,           0,        1024,      -8.596922674,      -6.609345993,      -8.032550663,      -4.933508892,      -10.58121087,   1.057021027e-08,    0.000849885407,       171.7986918,       171.7986918,       171.7986918,       6409.460359,    0.002865787042,     -0.1882826759,                 0,                 0,                 0,     -0.1407309187,    0.002865787042,     -0.1882826759,                 0,      -65.70016303,              -nan
          0,           0,        1025,      -8.596957315,      -6.609691033,      -7.981953757,      -4.890096191,       -10.5791325,   2.114044966e-08,    0.001699770814,       17.17986918,       17.17986918,       17.17986918,       6409.460359,    0.002865785559,     -0.1882826801,                 0,                 0,                 0,     -0.1407309221,    0.002865785559,     -0.1882826801,                 0,      -65.70019851,              -nan
          0,           0,        1026,       -8.59706346,      -6.610229161,      -7.840558164,      -4.755066043,      -10.58392033,   2.114050805e-09,   0.0001699770814,       34.35973837,       34.35973837,       34.35973837,       6409.460359,    0.002865785411,     -0.1882826806,                 0,                 0,                 0,     -0.1407309225,    0.002865785411,     -0.1882826806,                 0,      -65.70020206,              -nan
          0,           0,        1027,      -8.597113114,      -6.610365527,      -7.977332127,      -4.847686442,      -10.58346268,   4.228102778e-09,   0.0003399541627,       68.71947674,       68.71947674,       68.71947674,       6409.460359,    0.002865785115,     -0.1882826815,                 0,                 0,                 0,     -0.1407309232,    0.002865785115,     -0.1882826815,                 0,      -65.70020917,              -nan
          0,           0,        1028,      -8.597146882,      -6.610491041,      -8.020502133,      -4.894018764,      -10.58261299,   8.456210233e-09,   0.0006799083255,       137.4389535,       137.4389535,       137.4389535,       6409.460359,    0.002865784522,     -0.1882826831,                 0,                 0,                 0,     -0.1407309245,    0.002865784522,     -0.1882826831,                 0,      -65.70022334,              -nan
          0,           0,        1029,       -8.59718962,      -6.610744482,      -8.011274629,       -4.90169025,      -10.58095547,   1.691243919e-08,    0.001359816651,       13.74389535,       13.74389535,       13.74389535,       6409.460359,    0.002865783338,      -0.188282686,                 0,                 0,                 0,     -0.1407309263,    0.002865783338,      -0.188282686,                 0,      -65.70025148,              -nan
          0,           0,        1030,       -8.59726682,      -6.611233814,      -7.901476872,      -4.812618555,      -10.58481229,    1.69124767e-09,   0.0001359816651,       27.48779069,       27.48779069,       27.48779069,       6409.460359,     0.00286578322,     -0.1882826863,                 0,                 0,                 0,     -0.1407309265,     0.00286578322,     -0.1882826863,                 0,       -65.7002543,              -nan
          0,           0,        1031,      -8.597296453,      -6.611314959,      -7.997300298,       -4.87827139,      -10.58444577,    3.38249609e-09,   0.0002719633302,       54.97558139,       54.97558139,       54.97558139,       6409.460359,    0.002865782983,     -0.1882826869,                 0,                 0,                 0,     -0.1407309269,    0.002865782983,     -0.1882826869,                 0,      -65.70025993,              -nan
          0,           0,        1032,      -8.597319127,      -6.611411141,      -8.027779129,      -4.912889094,      -10.58376207,   6.764995184e-09,   0.0005439266603,       109.9511628,       109.9511628,       109.9511628,       6409.460359,     0.00286578251,     -0.1882826881,                 0,                 0,                 0,     -0.1407309276,     0.00286578251,     -0.1882826881,                 0,      -65.70027119,              -nan
          0,           0,        1033,      -8.597348274,      -6.611616698,      -8.023821365,      -4.921827507,       -10.5824338,   1.353000239e-08,    0.001087853321,       10.99511628,       10.99511628,       10.99511628,       6409.460359,    0.002865781564,     -0.1882826905,                 0,                 0,                 0,     -0.1407309292,    0.002865781564,     -0.1882826905,                 0,      -65.70029371,              -nan
          0,           0,        1034,      -8.597401336,      -6.612038209,      -7.944976406,      -4.856669817,      -10.58553819,   1.353002647e-09,   0.0001087853321,       21.99023256,       21.99023256,       21.99023256,       6409.460359,     0.00286578147,     -0.1882826907,                 0,                 0,                 0,     -0.1407309294,     0.00286578147,     -0.1882826907,                 0,      -65.70029597,              -nan
          0,           0,        1035,      -8.597419156,      -6.612094348,      -8.010085439,      -4.902483494,      -10.58524433,   2.706005776e-09,   0.0002175706641,       43.98046511,       43.98046511,       43.98046511,       6409.460359,    0.002865781281,     -0.1882826913,                 0,                 0,                 0,     -0.1407309298,    0.002865781281,     -0.1882826913,                 0,      -65.70030048,              -nan
          0,           0,        1036,      -8.597434336,      -6.612171835,      -8.032744437,      -4.927927937,      -10.58469251,   5.412013479e-09,   0.0004351413282,       87.96093022,       87.96093022,       87.96093022,       6409.460359,    0.002865780903,     -0.1882826923,                 0,                 0,                 0,     -0.1407309306,    0.002865780903,     -0.1882826923,                 0,      -65.70030952,              -nan
          0,           0,        1037,      -8.597455493,      -6.612337566,      -8.032825202,      -4.935640179,       -10.5836254,   1.082403467e-08,   0.0008702826564,       175.9218604,       175.9218604,       175.9218604,       6409.460359,    0.002865780147,     -0.1882826946,                 0,                 0,                 0,     -0.1407309325,    0.002865780147,     -0.1882826946,                 0,      -65.70032764,              -nan
          0,           0,        1038,      -8.597496425,      -6.612689071,      -7.979499993,      -4.889865656,      -10.58149793,   2.164810024e-08,    0.001740565313,       17.59218604,       17.59218604,       17.59218604,       6409.460359,    0.002865778638,     -0.1882826988,                 0,                 0,                 0,     -0.1407309357,    0.002865778638,     -0.1882826988,                 0,      -65.70036368,              -nan
          0,           0,        1039,      -8.597614795,      -6.613235651,      -7.835276991,      -4.751646262,      -10.58639764,   2.164816216e-09,   0.0001740565313,       35.18437209,       35.18437209,       35.18437209,       6409.460359,    0.002865778487,     -0.1882826992,                 0,                 0,                 0,     -0.1407309361,    0.002865778487,     -0.1882826992,                 0,      -65.70036729,              -nan
          0,           0,        1040,        -8.5976673,       -6.61337661,      -7.976097863,      -4.847289444,      -10.58592997,   4.329633673e-09,   0.0003481130625,       70.36874418,       70.36874418,       70.36874418,       6409.460359,    0.002865778185,     -0.1882827001,                 0,                 0,                 0,     -0.1407309367,    0.002865778185,     -0.1882827001,                 0,      -65.70037451,              -nan
          0,           0,        1041,      -8.597703374,      -6.613504871,      -8.020255108,      -4.895086264,      -10.58506139,   8.659272306e-09,    0.000696226125,       140.7374884,       140.7374884,       140.7374884,       6409.460359,    0.002865777582,     -0.1882827016,                 0,                 0,                 0,     -0.1407309379,    0.002865777582,     -0.1882827016,                 0,      -65.70038889,              -nan
          0,           0,        1042,      -8.597749092,       -6.61376523,      -8.010192513,      -4.902288806,      -10.58336547,   1.731856447e-08,     0.00139245225,       14.07374884,       14.07374884,       14.07374884,       6409.460359,    0.002865776378,     -0.1882827043,                 0,                 0,                 0,     -0.1407309394,    0.002865776378,     -0.1882827043,                 0,      -65.70041744,              -nan
          0,           0,        1043,      -8.597829705,      -6.614265589,      -7.897526229,      -4.809655828,      -10.58731262,   1.731860426e-09,    0.000139245225,       1.407374884,       1.407374884,       1.407374884,       6409.460359,    0.002865776257,     -0.1882827046,                 0,                 0,                 0,     -0.1407309396,    0.002865776257,     -0.1882827046,                 0,       -65.7004203,              -nan
          0,           0,        1044,      -8.597860799,      -6.614351103,      -7.997011461,      -4.877908493,      -10.58772389,   1.731860824e-10,    1.39245225e-05,                 1,                 1,                 1,       6409.460359,    0.002865776245,     -0.1882827046,                 0,                 0,                 0,     -0.1407309396,    0.002865776245,     -0.1882827046,                 0,      -65.70042058,              -nan
          0,           0,        1045,      -8.597862938,      -6.614356925,      -8.002792548,      -4.882946744,      -10.58773821,   1.230561156e-10,    9.89396831e-06,                 1,                 1,                 1,       6409.460359,    0.002865776237,     -0.1882827046,                 0,                 0,                 0,     -0.1407309396,    0.002865776237,     -0.1882827046,                 0,      -65.70042079,              -nan
          0,           0,        1046,      -8.597864219,      -6.614360611,      -8.005484816,      -4.885848481,      -10.58773934,   1.230561176e-10,    9.89396831e-06,                 1,                 1,                 1,       6409.460359,    0.002865776228,     -0.1882827046,                 0,                 0,                 0,     -0.1407309396,    0.002865776228,     -0.1882827046,                 0,      -65.70042099,              -nan
          0,           0,        1047,      -8.597865344,      -6.614364018,      -8.007278443,      -4.888293067,      -10.58774051,   1.230561196e-10,    9.89396831e-06,                 1,                 1,                 1,       6409.460359,    0.002865776219,     -0.1882827047,                 0,                 0,                 0,     -0.1407309396,    0.002865776219,     -0.1882827047,                 0,      -65.70042119,              -nan
          0,           0,        1048,      -8.597866349,      -6.614367211,       -8.00838309,       -4.89037412,      -10.58774173,   1.230561216e-10,    9.89396831e-06,                 1,                 1,                 1,       6409.460359,    0.002865776211,     -0.1882827047,                 0,                 0,                 0,     -0.1407309397,    0.002865776211,     -0.1882827047,                 0,       -65.7004214,              -nan
          0,           0,        1049,      -8.597867262,      -6.614370235,       -8.00896995,      -4.892167484,        -10.587743,   1.230561236e-10,    9.89396831e-06,                 1,                 1,                 1,       6409.460359,    0.002865776202,     -0.1882827047,                 0,                 0,                 0,     -0.1407309397,    0.002865776202,     -0.1882827047,                 0,       -65.7004216,              -nan
          0,           0,        1050,      -8.597868106,      -6.614373124,      -8.009177718,      -4.893734773,       -10.5877443,   1.230561257e-10,    9.89396831e-06,                 1,                 1,                 1,       6409.460359,    0.002865776194,     -0.1882827047,                 0,                 0,                 0,     -0.1407309397,    0.002865776194,     -0.1882827047,                 0,       -65.7004218,              -nan
          0,           0,        1051,      -8.597868897,      -6.614375901,      -8.009117674,      -4.895125817,      -10.58774565,   1.230561277e-10,    9.89396831e-06,                 1,                 1,                 1,       6409.460359,    0.002865776185,     -0.1882827047,                 0,                 0,                 0,     -0.1407309397,    0.002865776185,     -0.1882827047,                 0,      -65.70042201,              -nan
          0,           0,        1052,      -8.597869647,      -6.614378585,      -8.008878035,      -4.896380768,      -10.58774705,   1.230561297e-10,    9.89396831e-06,                 1,                 1,                 1,       6409.460359,    0.002865776177,     -0.1882827048,                 0,                 0,                 0,     -0.1407309397,    0.002865776177,     -0.1882827048,                 0,      -65.70042221,              -nan
          0,           0,        1053,      -8.597870367,      -6.614381188,      -8.008527579,      -4.897531671,      -10.58774849,   1.230561317e-10,    9.89396831e-06,                 1,                 1,                 1,       6409.460359,    0.002865776168,     -0.1882827048,                 0,                 0,                 0,     -0.1407309397,    0.002865776168,     -0.1882827048,                 0,      -65.70042241,              -nan
          0,           0,        1054,      -8.597871063,       -6.61438372,      -8.008118926,      -4.898603891,      -10.58774997,   1.230561337e-10,    9.89396831e-06,                 1,                 1,                 1,       6409.460359,     0.00286577616,     -0.1882827048,                 0,                 0,                 0,     -0.1407309397,     0.00286577616,     -0.1882827048,                 0,      -65.70042261,              -nan
          0,           0,        1055,      -8.597871741,       -6.61438619,      -8.007691209,       -4.89961719,      -10.58775149,   1.230561357e-10,   9.893968309e-06,                 1,                 1,                 1,       6409.460359,    0.002865776151,     -0.1882827048,                 0,                 0,                 0,     -0.1407309397,    0.002865776151,     -0.1882827048,                 0,      -65.70042282,              -nan
          0,           0,        1056,      -8.597872405,      -6.614388606,      -8.007272641,      -4.900586746,      -10.58775306,   1.230561377e-10,   9.893968309e-06,                 1,                 1,                 1,       6409.460359,    0.002865776142,     -0.1882827048,                 0,                 0,                 0,     -0.1407309397,    0.002865776142,     -0.1882827048,                 0,      -65.70042302,              -nan
          0,           0,        1057,      -8.597873057,      -6.614390973,      -8.006882298,      -4.901523924,      -10.58775466,   1.230561397e-10,   9.893968309e-06,                 1,                 1,                 1,       6409.460359,    0.002865776134,     -0.1882827049,                 0,                 0,                 0,     -0.1407309398,    0.002865776134,     -0.1882827049,                 0,      -65.70042322,              -nan
          0,           0,        1058,        -8.5978737,      -6.614393297,      -8.006532217,      -4.902436997,      -10.58775631,   1.230561417e-10,   9.893968309e-06,                 1,                 1,                 1,       6409.460359,    0.002865776125,     -0.1882827049,                 0,                 0,                 0,     -0.1407309398,    0.002865776125,     -0.1882827049,                 0,      -65.70042343,              -nan
          0,           0,        1059,      -8.597874335,      -6.614395585,      -8.006228799,       -4.90333173,        -10.587758,   1.230561437e-10,   9.893968309e-06,                 1,                 1,                 1,       6409.460359,    0.002865776117,     -0.1882827049,                 0,                 0,                 0,     -0.1407309398,    0.002865776117,     -0.1882827049,                 0,      -65.70042363,              -nan
          0,           0,        1060,      -8.597874964,       -6.61439784,      -8.005974185,      -4.904211878,      -10.58775972,   1.230561458e-10,   9.893968309e-06,                 1,                 1,                 1,       6409.460359,    0.002865776108,     -0.1882827049,                 0,                 0,                 0,     -0.1407309398,    0.002865776108,     -0.1882827049,                 0,      -65.70042383,              -nan
          0,           0,        1061,      -8.597875586,      -6.614400068,      -8.005767289,        -4.9050797,      -10.58776149,   1.230561478e-10,   9.893968309e-06,                 1,                 1,                 1,       6409.460359,      0.0028657761,     -0.1882827049,                 0,                 0,                 0,     -0.1407309398,      0.0028657761,     -0.1882827049,                 0,      -65.70042404,              -nan
          0,           0,        1062,      -8.597876202,      -6.614402272,      -8.005604864,       -4.90593625,       -10.5877633,   1.230561498e-10,   9.893968309e-06,                 1,                 1,                 1,       6409.460359,    0.002865776091,      -0.188282705,                 0,                 0,                 0,     -0.1407309398,    0.002865776091,      -0.188282705,                 0,      -65.70042424,              -nan
          0,           0,        1063,      -8.597876811,      -6.614404457,       -8.00548212,      -4.906781773,      -10.58776514,   1.230561518e-10,   9.893968309e-06,                 1,                 1,                 1,       6409.460359,    0.002865776083,      -0.188282705,                 0,                 0,                 0,     -0.1407309398,    0.002865776083,      -0.188282705,                 0,      -65.70042444,              -nan
          0,           0,        1064,      -8.597877415,      -6.614406626,      -8.005393441,      -4.907615953,      -10.58776703,   1.230561538e-10,   9.893968309e-06,                 1,                 1,                 1,       6409.460359,    0.002865776074,      -0.188282705,                 0,                 0,                 0,     -0.1407309398,    0.002865776074,      -0.188282705,                 0,      -65.70042465,              -nan
          0,           0,        1065,      -8.597878012,      -6.614408782,        -8.0053328,      -4.908438137,      -10.58776895,   1.230561558e-10,   9.893968309e-06,                 1,                 1,                 1,       6409.460359,    0.002865776065,      -0.188282705,                 0,                 0,                 0,     -0.1407309399,    0.002865776065,      -0.188282705,                 0,      -65.70042485,              -nan
          0,           0,        1066,      -8.597878603,      -6.614410929,      -8.005294162,      -4.909247516,      -10.58777091,   1.230561578e-10,   9.893968309e-06,                 1,                 1,                 1,       6409.460359,    0.002865776057,      -0.188282705,                 0,                 0,                 0,     -0.1407309399,    0.002865776057,      -0.188282705,                 0,      -65.70042505,              -nan
          0,           0,        1067,      -8.597879187,       -6.61441307,      -8.005271729,      -4.910043251,       -10.5877729,   1.230561598e-10,   9.893968309e-06,                 1,                 1,                 1,       6409.460359,    0.002865776048,     -0.1882827051,                 0,                 0,                 0,     -0.1407309399,    0.002865776048,     -0.1882827051,                 0,      -65.70042525,              -nan
          0,           0,        1068,      -8.597879764,      -6.614415207,      -8.005260175,      -4.910824559,      -10.58777493,   1.230561618e-10,   9.893968309e-06,                 1,                 1,                 1,       6409.460359,     0.00286577604,     -0.1882827051,                 0,                 0,                 0,     -0.1407309399,     0.00286577604,     -0.1882827051,                 0,      -65.70042546,              -nan
          0,           0,        1069,      -8.597880334,      -6.614417342,      -8.005254729,      -4.911590808,        -10.587777,   1.230561639e-10,   9.893968309e-06,                 1,                 1,                 1,       6409.460359,    0.002865776031,     -0.1882827051,                 0,                 0,                 0,     -0.1407309399,    0.002865776031,     -0.1882827051,                 0,      -65.70042566,              -nan
          0,           0,        1070,      -8.597880897,       -6.61441948,      -8.005251195,      -4.912341519,       -10.5877791,   1.230561659e-10,   9.893968309e-06,                 1,                 1,                 1,       6409.460359,    0.002865776023,     -0.1882827051,                 0,                 0,                 0,     -0.1407309399,    0.002865776023,     -0.1882827051,                 0,      -65.70042586,              -nan
          0,           0,        1071,      -8.597881452,      -6.614421621,      -8.005246052,      -4.913076397,      -10.58778124,   1.230561679e-10,   9.893968309e-06,                 1,                 1,                 1,       6409.460359,    0.002865776014,     -0.1882827051,                 0,                 0,                 0,     -0.1407309399,    0.002865776014,     -0.1882827051,                 0,      -65.70042607,              -nan
          0,           0,        1072,      -8.597882001,      -6.614423767,      -8.005236413,      -4.913795341,      -10.58778342,   1.230561699e-10,   9.893968309e-06,                 1,                 1,                 1,       6409.460359,    0.002865776006,     -0.1882827052,                 0,                 0,                 0,     -0.1407309399,    0.002865776006,     -0.1882827052,                 0,      -65.70042627,              -nan
          0,           0,        1073,      -8.597882542,      -6.614425922,      -8.005219959,       -4.91449841,      -10.58778562,   1.230561719e-10,   9.893968309e-06,                 1,                 1,                 1,       6409.460359,    0.002865775997,     -0.1882827052,                 0,                 0,                 0,     -0.1407309399,    0.002865775997,     -0.1882827052,                 0,      -65.70042647,              -nan
          0,           0,        1074,      -8.597883076,      -6.614428087,      -8.005194917,      -4.915185822,      -10.58778786,   1.230561739e-10,   9.893968309e-06,                 1,                 1,                 1,       6409.460359,    0.002865775988,     -0.1882827052,                 0,                 0,                 0,       -0.14073094,    0.002865775988,     -0.1882827052,                 0,      -65.70042668,              -nan
          0,           0,        1075,      -8.597883603,      -6.614430264,      -8.005159993,      -4.915857911,      -10.58779014,   1.230561759e-10,   9.893968309e-06,                 1,                 1,                 1,       6409.460359,     0.00286577598,     -0.1882827052,                 0,                 0,                 0,       -0.14073094,     0.00286577598,     -0.1882827052,                 0,      -65.70042688,              -nan
          0,           0,        1076,      -8.597884124,      -6.614432455,      -8.005114297,      -4.916515118,      -10.58779245,   1.230561779e-10,   9.893968309e-06,                 1,                 1,                 1,       6409.460359,    0.002865775971,     -0.1882827052,                 0,                 0,                 0,       -0.14073094,    0.002865775971,     -0.1882827052,                 0,      -65.70042708,              -nan
          0,           0,        1077,      -8.597884638,      -6.614434661,      -8.005057281,      -4.917157944,      -10.58779479,   1.230561799e-10,   9.893968309e-06,                 1,                 1,                 1,       6409.460359,    0.002865775963,     -0.1882827053,                 0,                 0,                 0,       -0.14073094,    0.002865775963,     -0.1882827053,                 0,      -65.70042729,              -nan
          0,           0,        1078,      -8.597885145,      -6.614436884,      -8.004988702,      -4.917786947,      -10.58779716,    1.23056182e-10,   9.893968309e-06,                 1,                 1,                 1,       6409.460359,    0.002865775954,     -0.1882827053,                 0,                 0,                 0,       -0.14073094,    0.002865775954,     -0.1882827053,                 0,      -65.70042749,              -nan
          0,           0,        1079,      -8.597885645,      -6.614439125,      -8.004908503,      -4.918402696,      -10.58779956,    1.23056184e-10,   9.893968309e-06,                 1,                 1,                 1,       6409.460359,    0.002865775946,     -0.1882827053,                 0,                 0,                 0,       -0.14073094,    0.002865775946,     -0.1882827053,                 0,      -65.70042769,              -nan
          0,           0,        1080,      -8.597886139,      -6.614441386,      -8.004816833,      -4.919005772,        -10.587802,    1.23056186e-10,   9.893968309e-06,                 1,                 1,                 1,       6409.460359,    0.002865775937,     -0.1882827053,                 0,                 0,                 0,       -0.14073094,    0.002865775937,     -0.1882827053,                 0,       -65.7004279,              -nan
          0,           0,        1081,      -8.597886628,      -6.614443668,      -8.004714005,      -4.919596744,      -10.58780446,    1.23056188e-10,   9.893968309e-06,                 1,                 1,                 1,       6409.460359,    0.002865775929,     -0.1882827053,                 0,                 0,                 0,       -0.14073094,    0.002865775929,     -0.1882827053,                 0,       -65.7004281,              -nan
          0,           0,        1082,       -8.59788711,      -6.614445973,       -8.00460036,      -4.920176153,      -10.58780695,     1.2305619e-10,   9.893968309e-06,                 1,                 1,                 1,       6409.460359,     0.00286577592,     -0.1882827054,                 0,                 0,                 0,     -0.1407309401,     0.00286577592,     -0.1882827054,                 0,       -65.7004283,              -nan
          0,           0,        1083,      -8.597887586,      -6.614448301,      -8.004476373,      -4.920744515,      -10.58780948,    1.23056192e-10,   9.893968309e-06,                 1,                 1,                 1,       6409.460359,    0.002865775911,     -0.1882827054,                 0,                 0,                 0,     -0.1407309401,    0.002865775911,     -0.1882827054,                 0,       -65.7004285,              -nan
          0,           0,        1084,      -8.597888056,      -6.614450653,       -8.00434252,      -4.921302299,      -10.58781203,    1.23056194e-10,   9.893968309e-06,                 1,                 1,                 1,       6409.460359,    0.002865775903,     -0.1882827054,                 0,                 0,                 0,     -0.1407309401,    0.002865775903,     -0.1882827054,                 0,      -65.70042871,              -nan
          0,           0,        1085,      -8.597888521,       -6.61445303,      -8.004199349,      -4.921849944,      -10.58781461,    1.23056196e-10,   9.893968309e-06,                 1,                 1,                 1,       6409.460359,    0.002865775894,     -0.1882827054,                 0,                 0,                 0,     -0.1407309401,    0.002865775894,     -0.1882827054,                 0,      -65.70042891,              -nan
          0,           0,        1086,       -8.59788898,      -6.614455434,      -8.004047372,      -4.922387838,      -10.58781722,    1.23056198e-10,   9.893968309e-06,                 1,                 1,                 1,       6409.460359,    0.002865775886,     -0.1882827054,                 0,                 0,                 0,     -0.1407309401,    0.002865775886,     -0.1882827054,                 0,      -65.70042911,              -nan
          0,           0,        1087,      -8.597889434,      -6.614457865,      -8.003887188,      -4.922916335,      -10.58781986,   1.230562001e-10,   9.893968309e-06,                 1,                 1,                 1,       6409.460359,    0.002865775877,     -0.1882827055,                 0,                 0,                 0,     -0.1407309401,    0.002865775877,     -0.1882827055,                 0,      -65.70042932,              -nan
          0,           0,        1088,      -8.597889883,      -6.614460323,      -8.003719305,      -4.923435755,      -10.58782252,   1.230562021e-10,   9.893968309e-06,                 1,                 1,                 1,       6409.460359,    0.002865775869,     -0.1882827055,                 0,                 0,                 0,     -0.1407309401,    0.002865775869,     -0.1882827055,                 0,      -65.70042952,              -nan
          0,           0,        1089,      -8.597890326,       -6.61446281,      -8.003544303,      -4.923946375,      -10.58782521,   1.230562041e-10,   9.893968309e-06,                 1,                 1,                 1,       6409.460359,     0.00286577586,     -0.1882827055,                 0,                 0,                 0,     -0.1407309401,     0.00286577586,     -0.1882827055,                 0,      -65.70042972,              -nan
          0,           0,        1090,      -8.597890763,      -6.614465326,      -8.003362685,      -4.924448452,      -10.58782793,   1.230562061e-10,   9.893968309e-06,                 1,                 1,                 1,       6409.460359,    0.002865775852,     -0.1882827055,                 0,                 0,                 0,     -0.1407309402,    0.002865775852,     -0.1882827055,                 0,      -65.70042993,              -nan
          0,           0,        1091,      -8.597891196,      -6.614467871,      -8.003175037,      -4.924942219,      -10.58783067,   1.230562081e-10,   9.893968309e-06,                 2,                 2,                 2,       6409.460359,    0.002865775843,     -0.1882827055,                 0,                 0,                 0,     -0.1407309402,    0.002865775843,     -0.1882827055,                 0,      -65.70043013,              -nan
          0,           0,        1092,      -8.597891624,      -6.614470446,      -8.002981859,      -4.925427869,      -10.58780417,   2.461124202e-10,   1.978793662e-05,                 4,                 4,                 4,       6409.460359,    0.002865775826,     -0.1882827056,                 0,                 0,                 0,     -0.1407309402,    0.002865775826,     -0.1882827056,                 0,      -65.70043054,              -nan
          0,           0,        1093,      -8.597892485,      -6.614475831,      -8.002734907,      -4.926434497,      -10.58775188,   4.922248565e-10,   3.957587324e-05,                 8,                 8,                 8,       6409.460359,    0.002865775792,     -0.1882827057,                 0,                 0,                 0,     -0.1407309402,    0.002865775792,     -0.1882827057,                 0,      -65.70043135,              -nan
          0,           0,        1094,      -8.597894217,      -6.614487479,      -8.002680283,      -4.928528419,      -10.58764956,   9.844497775e-10,   7.915174647e-05,                16,                16,                16,       6409.460359,    0.002865775723,     -0.1882827058,                 0,                 0,                 0,     -0.1407309403,    0.002865775723,     -0.1882827058,                 0,      -65.70043298,              -nan
          0,           0,        1095,      -8.597897626,       -6.61451383,      -8.003610988,      -4.932676603,      -10.58745098,   1.968899812e-09,   0.0001583034929,                32,                32,                32,       6409.460359,    0.002865775586,     -0.1882827062,                 0,                 0,                 0,     -0.1407309406,    0.002865775586,     -0.1882827062,                 0,      -65.70043623,              -nan
          0,           0,        1096,      -8.597903961,       -6.61457602,      -8.006712987,      -4.939449295,      -10.58706481,   3.937800655e-09,   0.0003166069859,                64,                64,                64,       6409.460359,    0.002865775313,     -0.1882827068,                 0,                 0,                 0,      -0.140730941,    0.002865775313,     -0.1882827068,                 0,      -65.70044273,              -nan
          0,           0,        1097,      -8.597914806,      -6.614722228,      -8.010400039,      -4.944640987,      -10.58630067,   7.875605432e-09,   0.0006332139718,               128,               128,               128,       6409.460359,    0.002865774766,     -0.1882827081,                 0,                 0,                 0,     -0.1407309418,    0.002865774766,     -0.1882827081,                 0,      -65.70045573,              -nan
          0,           0,        1098,      -8.597934569,      -6.615027955,      -7.996118346,      -4.925459378,      -10.58476137,   1.575122736e-08,    0.001266427943,              12.8,              12.8,              12.8,       6409.460359,    0.002865773672,     -0.1882827113,                 0,                 0,                 0,     -0.1407309444,    0.002865773672,     -0.1882827113,                 0,      -65.70048188,              -nan
          0,           0,        1099,      -8.597994212,       -6.61552252,      -7.910391915,      -4.829013598,      -10.58836104,   1.575126042e-09,   0.0001266427943,              25.6,              25.6,              25.6,       6409.460359,    0.002865773563,     -0.1882827116,                 0,                 0,                 0,     -0.1407309447,    0.002865773563,     -0.1882827116,                 0,       -65.7004845,              -nan
          0,           0,        1100,       -8.59802002,      -6.615606526,      -8.000436961,      -4.891773535,      -10.58801818,   3.150252745e-09,   0.0002532855887,              51.2,              51.2,              51.2,       6409.460359,    0.002865773345,     -0.1882827123,                 0,                 0,                 0,     -0.1407309453,    0.002865773345,     -0.1882827123,                 0,      -65.70048976,              -nan
          0,           0,        1101,      -8.598039911,      -6.615703614,      -8.033657191,      -4.923435791,      -10.58737675,   6.300508138e-09,   0.0005065711773,             102.4,             102.4,             102.4,       6409.460359,    0.002865772908,     -0.1882827138,                 0,                 0,                 0,     -0.1407309468,    0.002865772908,     -0.1882827138,                 0,       -65.7005003,              -nan
          0,           0,        1102,      -8.598068605,       -6.61589514,      -8.035633974,      -4.929849593,      -10.58613505,   1.260102687e-08,    0.001013142355,             10.24,             10.24,             10.24,       6409.460359,    0.002865772035,     -0.1882827167,                 0,                 0,                 0,     -0.1407309497,    0.002865772035,     -0.1882827167,                 0,      -65.70052135,              -nan
          0,           0,        1103,      -8.598128547,      -6.616281079,       -7.96282707,       -4.86910328,       -10.5890345,   1.260104808e-09,   0.0001013142355,             20.48,             20.48,             20.48,       6409.460359,    0.002865771947,      -0.188282717,                 0,                 0,                 0,       -0.14073095,    0.002865771947,      -0.188282717,                 0,      -65.70052346,              -nan
          0,           0,        1104,      -8.598144987,      -6.616332041,      -8.020425684,      -4.908734056,      -10.58876032,   2.520210041e-09,   0.0002026284709,             40.96,             40.96,             40.96,       6409.460359,    0.002865771773,     -0.1882827176,                 0,                 0,                 0,     -0.1407309506,    0.002865771773,     -0.1882827176,                 0,      -65.70052767,              -nan
          0,           0,        1105,       -8.59816138,      -6.616402922,      -8.041976699,      -4.931194882,      -10.58824459,    5.04042178e-09,   0.0004052569418,             81.92,             81.92,             81.92,       6409.460359,    0.002865771424,     -0.1882827188,                 0,                 0,                 0,     -0.1407309517,    0.002865771424,     -0.1882827188,                 0,      -65.70053609,              -nan
          0,           0,        1106,      -8.598186913,      -6.616553465,       -8.04384152,      -4.939168052,      -10.58724918,   1.008085036e-08,   0.0008105138836,            163.84,            163.84,            163.84,       6409.460359,    0.002865770726,     -0.1882827211,                 0,                 0,                 0,     -0.1407309538,    0.002865770726,     -0.1882827211,                 0,      -65.70055286,              -nan
          0,           0,        1107,      -8.598235726,      -6.616877164,        -7.9961315,      -4.901652948,      -10.58526766,   2.016172792e-08,    0.001621027767,            16.384,            16.384,            16.384,       6409.460359,    0.002865769332,     -0.1882827245,                 0,                 0,                 0,     -0.1407309566,    0.002865769332,     -0.1882827245,                 0,      -65.70058603,              -nan
          0,           0,        1108,      -8.598355243,      -6.617397181,      -7.858677742,      -4.775260425,      -10.58984686,   2.016178246e-09,   0.0001621027767,            32.768,            32.768,            32.768,       6409.460359,    0.002865769193,     -0.1882827249,                 0,                 0,                 0,     -0.1407309569,    0.002865769193,     -0.1882827249,                 0,      -65.70058935,              -nan
          0,           0,        1109,      -8.598401603,      -6.617518196,       -7.98710389,      -4.862902479,      -10.58941095,   4.032357584e-09,   0.0003242055534,            65.536,            65.536,            65.536,       6409.460359,    0.002865768914,     -0.1882827256,                 0,                 0,                 0,     -0.1407309574,    0.002865768914,     -0.1882827256,                 0,      -65.70059598,              -nan
          0,           0,        1110,      -8.598436369,      -6.617632273,      -8.029481156,      -4.906872082,      -10.58859955,   8.064719536e-09,   0.0006484111068,           131.072,           131.072,           131.072,       6409.460359,    0.002865768357,     -0.1882827269,                 0,                 0,                 0,     -0.1407309583,    0.002865768357,     -0.1882827269,                 0,      -65.70060919,              -nan
          0,           0,        1111,      -8.598482185,      -6.617866764,      -8.023056539,      -4.915158807,      -10.58701867,   1.612945656e-08,    0.001296822214,           13.1072,           13.1072,           13.1072,       6409.460359,    0.002865767244,      -0.188282729,                 0,                 0,                 0,     -0.1407309595,    0.002865767244,      -0.188282729,                 0,      -65.70063547,              -nan
          0,           0,        1112,      -8.598559707,      -6.618333581,      -7.919776293,      -4.831247292,      -10.59070587,   1.612949158e-09,   0.0001296822213,           26.2144,           26.2144,           26.2144,       6409.460359,    0.002865767133,     -0.1882827293,                 0,                 0,                 0,     -0.1407309596,    0.002865767133,     -0.1882827293,                 0,       -65.7006381,              -nan
          0,           0,        1113,      -8.598586198,      -6.618406763,      -8.008070209,      -4.892032703,      -10.59035676,   3.225899018e-09,   0.0002593644427,           52.4288,           52.4288,           52.4288,       6409.460359,     0.00286576691,     -0.1882827297,                 0,                 0,                 0,     -0.1407309598,     0.00286576691,     -0.1882827297,                 0,      -65.70064336,              -nan
          0,           0,        1114,      -8.598607572,      -6.618496038,       -8.03677721,      -4.924247575,      -10.58970392,   6.451800841e-09,   0.0005187288854,          104.8576,          104.8576,          104.8576,       6409.460359,    0.002865766466,     -0.1882827307,                 0,                 0,                 0,     -0.1407309604,    0.002865766466,     -0.1882827307,                 0,      -65.70065388,              -nan
          0,           0,        1115,      -8.598635284,      -6.618689709,      -8.033912279,      -4.932770095,      -10.58843696,   1.290361291e-08,    0.001037457771,          10.48576,          10.48576,          10.48576,       6409.460359,    0.002865765577,     -0.1882827327,                 0,                 0,                 0,     -0.1407309617,    0.002865765577,     -0.1882827327,                 0,      -65.70067497,              -nan
          0,           0,        1116,       -8.59868312,      -6.619095086,      -7.961455011,      -4.871702297,      -10.59140247,   1.290363539e-09,   0.0001037457771,          20.97152,          20.97152,          20.97152,       6409.460359,    0.002865765488,     -0.1882827329,                 0,                 0,                 0,     -0.1407309618,    0.002865765488,     -0.1882827329,                 0,      -65.70067708,              -nan
          0,           0,        1117,      -8.598698503,      -6.619147572,      -8.020513348,       -4.91335881,      -10.59112228,   2.580727527e-09,   0.0002074915541,          41.94304,          41.94304,          41.94304,       6409.460359,     0.00286576531,     -0.1882827333,                 0,                 0,                 0,     -0.1407309622,     0.00286576531,     -0.1882827333,                 0,       -65.7006813,              -nan
          0,           0,        1118,      -8.598711818,      -6.619221941,      -8.041397302,       -4.93684006,      -10.59059522,   5.161456854e-09,   0.0004149831082,          83.88608,          83.88608,          83.88608,       6409.460359,    0.002865764955,     -0.1882827342,                 0,                 0,                 0,     -0.1407309629,    0.002865764955,     -0.1882827342,                 0,      -65.70068977,              -nan
          0,           0,        1119,      -8.598730142,      -6.619381084,      -8.041901906,      -4.944235358,      -10.58957683,   1.032292091e-08,   0.0008299662165,         167.77216,         167.77216,         167.77216,       6409.460359,    0.002865764244,     -0.1882827363,                 0,                 0,                 0,     -0.1407309645,    0.002865764244,     -0.1882827363,                 0,      -65.70070676,              -nan
          0,           0,        1120,      -8.598764842,      -6.619720793,      -7.994213842,      -4.902206268,      -10.58754784,   2.064587066e-08,    0.001659932433,         16.777216,         16.777216,         16.777216,       6409.460359,    0.002865762825,     -0.1882827401,                 0,                 0,                 0,     -0.1407309676,    0.002865762825,     -0.1882827401,                 0,      -65.70074063,              -nan
          0,           0,        1121,      -8.598867581,      -6.620256991,       -7.85692303,      -4.769573367,      -10.59222629,   2.064592845e-09,   0.0001659932433,         33.554432,         33.554432,         33.554432,       6409.460359,    0.002865762683,     -0.1882827405,                 0,                 0,                 0,     -0.1407309679,    0.002865762683,     -0.1882827405,                 0,      -65.70074402,              -nan
          0,           0,        1122,      -8.598913454,      -6.620389737,      -7.989411189,      -4.858627184,      -10.59177844,   4.129186847e-09,   0.0003319864865,         67.108864,         67.108864,         67.108864,       6409.460359,      0.0028657624,     -0.1882827413,                 0,                 0,                 0,     -0.1407309686,      0.0028657624,     -0.1882827413,                 0,      -65.70075081,              -nan
          0,           0,        1123,      -8.598945587,      -6.620514818,      -8.031302735,      -4.903469957,      -10.59094732,   8.258378324e-09,   0.0006639729731,        134.217728,        134.217728,        134.217728,       6409.460359,    0.002865761833,     -0.1882827428,                 0,                 0,                 0,     -0.1407309697,    0.002865761833,     -0.1882827428,                 0,      -65.70076434,              -nan
          0,           0,        1124,      -8.598986788,      -6.620765386,      -8.023292886,      -4.911690342,      -10.58932803,   1.651677518e-08,    0.001327945946,        13.4217728,        13.4217728,        13.4217728,       6409.460359,      0.0028657607,     -0.1882827454,                 0,                 0,                 0,     -0.1407309714,      0.0028657607,     -0.1882827454,                 0,      -65.70079121,              -nan
          0,           0,        1125,      -8.599060112,      -6.621249295,      -7.917985788,      -4.825884004,      -10.59309545,    1.65168123e-09,   0.0001327945946,        26.8435456,        26.8435456,        26.8435456,       6409.460359,    0.002865760587,     -0.1882827457,                 0,                 0,                 0,     -0.1407309716,    0.002865760587,     -0.1882827457,                 0,      -65.70079391,              -nan
          0,           0,        1126,      -8.599087187,      -6.621329667,      -8.009785611,      -4.888451233,      -10.59273681,   3.303363203e-09,   0.0002655891892,        53.6870912,        53.6870912,        53.6870912,       6409.460359,     0.00286576036,     -0.1882827462,                 0,                 0,                 0,     -0.1407309719,     0.00286576036,     -0.1882827462,                 0,      -65.70079928,              -nan
          0,           0,        1127,      -8.599108212,      -6.621425922,      -8.038819283,      -4.921806624,      -10.59206811,   6.606729379e-09,   0.0005311783784,       107.3741824,       107.3741824,       107.3741824,       6409.460359,    0.002865759907,     -0.1882827473,                 0,                 0,                 0,     -0.1407309726,    0.002865759907,     -0.1882827473,                 0,      -65.70081004,              -nan
          0,           0,        1128,      -8.599135137,      -6.621629307,      -8.035121584,       -4.93109049,      -10.59077065,   1.321347066e-08,    0.001062356757,       10.73741824,       10.73741824,       10.73741824,       6409.460359,    0.002865759002,     -0.1882827495,                 0,                 0,                 0,     -0.1407309741,    0.002865759002,     -0.1882827495,                 0,      -65.70083156,              -nan
          0,           0,        1129,       -8.59918309,      -6.622045025,      -7.960068813,      -4.868954105,       -10.5938023,   1.321349448e-09,   0.0001062356757,       21.47483648,       21.47483648,       21.47483648,       6409.460359,    0.002865758912,     -0.1882827497,                 0,                 0,                 0,     -0.1407309743,    0.002865758912,     -0.1882827497,                 0,      -65.70083372,              -nan
          0,           0,        1130,      -8.599199107,      -6.622100705,      -8.021915556,      -4.912479197,      -10.59351499,   2.642699373e-09,   0.0002124713513,       42.94967296,       42.94967296,       42.94967296,       6409.460359,    0.002865758731,     -0.1882827502,                 0,                 0,                 0,     -0.1407309746,    0.002865758731,     -0.1882827502,                 0,      -65.70083803,              -nan
          0,           0,        1131,       -8.59921265,      -6.622177844,      -8.043374931,      -4.936922479,      -10.59297547,   5.285400653e-09,   0.0004249427027,       85.89934592,       85.89934592,       85.89934592,       6409.460359,    0.002865758369,     -0.1882827512,                 0,                 0,                 0,     -0.1407309754,    0.002865758369,     -0.1882827512,                 0,      -65.70084667,              -nan
          0,           0,        1132,      -8.599231223,      -6.622341432,      -8.043370103,      -4.944705506,      -10.59193312,   1.057080894e-08,   0.0008498854053,       171.7986918,       171.7986918,       171.7986918,       6409.460359,    0.002865757646,     -0.1882827534,                 0,                 0,                 0,     -0.1407309772,    0.002865757646,     -0.1882827534,                 0,      -65.70086399,              -nan
          0,           0,        1133,      -8.599266895,      -6.622687127,      -7.992925781,      -4.901212836,       -10.5898556,   2.114164844e-08,    0.001699770811,       17.17986918,       17.17986918,       17.17986918,       6409.460359,    0.002865756202,     -0.1882827574,                 0,                 0,                 0,     -0.1407309805,    0.002865756202,     -0.1882827574,                 0,      -65.70089853,              -nan
          0,           0,        1134,      -8.599374366,      -6.623224783,      -7.851746883,       -4.76595283,      -10.59464001,    2.11417097e-09,    0.000169977081,       34.35973837,       34.35973837,       34.35973837,       6409.460359,    0.002865756058,     -0.1882827579,                 0,                 0,                 0,     -0.1407309809,    0.002865756058,     -0.1882827579,                 0,      -65.70090199,              -nan
          0,           0,        1135,      -8.599422422,      -6.623362885,      -7.988406077,      -4.858526923,      -10.59418252,   4.228343166e-09,   0.0003399541621,       68.71947674,       68.71947674,       68.71947674,       6409.460359,    0.002865755769,     -0.1882827587,                 0,                 0,                 0,     -0.1407309816,    0.002865755769,     -0.1882827587,                 0,       -65.7009089,              -nan
          0,           0,        1136,      -8.599455549,      -6.623489209,      -8.031423328,      -4.904873475,      -10.59333317,   8.456691239e-09,   0.0006799083241,       137.4389535,       137.4389535,       137.4389535,       6409.460359,    0.002865755192,     -0.1882827603,                 0,                 0,                 0,     -0.1407309828,    0.002865755192,     -0.1882827603,                 0,      -65.70092269,              -nan
          0,           0,        1137,       -8.59949793,      -6.623743484,      -8.022144973,      -4.912557294,      -10.59167642,   1.691340212e-08,    0.001359816648,       13.74389535,       13.74389535,       13.74389535,       6409.460359,    0.002865754039,     -0.1882827631,                 0,                 0,                 0,     -0.1407309846,    0.002865754039,     -0.1882827631,                 0,      -65.70095009,              -nan
          0,           0,        1138,      -8.599574993,      -6.624233089,      -7.912479628,      -4.823315106,       -10.5955303,   1.691344147e-09,   0.0001359816648,       27.48779069,       27.48779069,       27.48779069,       6409.460359,    0.002865753923,     -0.1882827633,                 0,                 0,                 0,     -0.1407309848,    0.002865753923,     -0.1882827633,                 0,      -65.70095283,              -nan
          0,           0,        1139,      -8.599603686,      -6.624315436,      -8.008214119,      -4.888986499,      -10.59516383,   3.382689081e-09,   0.0002719633296,       54.97558139,       54.97558139,       54.97558139,       6409.460359,    0.002865753693,     -0.1882827639,                 0,                 0,                 0,     -0.1407309851,    0.002865753693,     -0.1882827639,                 0,      -65.70095831,              -nan
          0,           0,        1140,      -8.599625855,      -6.624412263,      -8.038559925,       -4.92362856,      -10.59448034,   6.765381313e-09,   0.0005439266592,       109.9511628,       109.9511628,       109.9511628,       6409.460359,    0.002865753232,     -0.1882827651,                 0,                 0,                 0,     -0.1407309859,    0.002865753232,     -0.1882827651,                 0,      -65.70096928,              -nan
          0,           0,        1141,        -8.5996546,      -6.624618537,      -8.034524209,      -4.932591134,      -10.59315265,   1.353077524e-08,    0.001087853318,       10.99511628,       10.99511628,       10.99511628,       6409.460359,    0.002865752311,     -0.1882827674,                 0,                 0,                 0,     -0.1407309875,    0.002865752311,     -0.1882827674,                 0,      -65.70099121,              -nan
          0,           0,        1142,      -8.599707384,      -6.625040618,      -7.955839701,      -4.867355003,      -10.59625455,   1.353080049e-09,   0.0001087853318,       21.99023256,       21.99023256,       21.99023256,       6409.460359,    0.002865752219,     -0.1882827676,                 0,                 0,                 0,     -0.1407309877,    0.002865752219,     -0.1882827676,                 0,      -65.70099341,              -nan
          0,           0,        1143,      -8.599724641,      -6.625097457,      -8.020885368,      -4.913197641,      -10.59596074,   2.706160603e-09,   0.0002175706637,       43.98046511,       43.98046511,       43.98046511,       6409.460359,    0.002865752035,     -0.1882827681,                 0,                 0,                 0,      -0.140730988,    0.002865752035,     -0.1882827681,                 0,       -65.7009978,              -nan
          0,           0,        1144,      -8.599739471,      -6.625175369,      -8.043469359,      -4.938660721,      -10.59540908,   5.412323229e-09,   0.0004351413273,       87.96093022,       87.96093022,       87.96093022,       6409.460359,    0.002865751667,     -0.1882827692,                 0,                 0,                 0,     -0.1407309888,    0.002865751667,     -0.1882827692,                 0,       -65.7010066,              -nan
          0,           0,        1145,      -8.599760327,      -6.625341644,      -8.043504946,      -4.946395701,      -10.59434241,   1.082465455e-08,   0.0008702826546,       175.9218604,       175.9218604,       175.9218604,       6409.460359,    0.002865750931,     -0.1882827714,                 0,                 0,                 0,     -0.1407309907,    0.002865750931,     -0.1882827714,                 0,      -65.70102425,              -nan
          0,           0,        1146,      -8.599801071,       -6.62569378,      -7.990316366,      -4.900599481,      -10.59221563,   2.164934149e-08,    0.001740565309,       17.59218604,       17.59218604,       17.59218604,       6409.460359,    0.002865749461,     -0.1882827754,                 0,                 0,                 0,     -0.1407309939,    0.002865749461,     -0.1882827754,                 0,      -65.70105936,              -nan
          0,           0,        1147,      -8.599919906,      -6.626238914,      -7.846290356,      -4.762334282,      -10.59711102,   2.164940643e-09,   0.0001740565309,       35.18437209,       35.18437209,       35.18437209,       6409.460359,    0.002865749314,     -0.1882827759,                 0,                 0,                 0,     -0.1407309942,    0.002865749314,     -0.1882827759,                 0,      -65.70106288,              -nan
          0,           0,        1148,      -8.599970711,       -6.62638174,      -7.987036834,      -4.857974685,       -10.5966435,   4.329882586e-09,   0.0003481130618,       70.36874418,       70.36874418,       70.36874418,       6409.460359,     0.00286574902,     -0.1882827767,                 0,                 0,                 0,     -0.1407309949,     0.00286574902,     -0.1882827767,                 0,      -65.70106991,              -nan
          0,           0,        1149,      -8.600006041,       -6.62651068,      -8.031104578,      -4.905793706,      -10.59577526,   8.659770374e-09,   0.0006962261236,       140.7374884,       140.7374884,       140.7374884,       6409.460359,    0.002865748433,     -0.1882827783,                 0,                 0,                 0,      -0.140730996,    0.002865748433,     -0.1882827783,                 0,      -65.70108391,              -nan
          0,           0,        1150,      -8.600051481,      -6.626771549,      -8.020984737,      -4.913048831,      -10.59407999,   1.731956157e-08,    0.001392452247,       14.07374884,       14.07374884,       14.07374884,       6409.460359,    0.002865747259,     -0.1882827809,                 0,                 0,                 0,     -0.1407309976,    0.002865747259,     -0.1882827809,                 0,      -65.70111173,              -nan
          0,           0,        1151,      -8.600133034,      -6.627271591,      -7.908375014,      -4.820406687,      -10.59802357,   1.731960328e-09,   0.0001392452247,       28.14749767,       28.14749767,       28.14749767,       6409.460359,    0.002865747142,     -0.1882827812,                 0,                 0,                 0,     -0.1407309978,    0.002865747142,     -0.1882827812,                 0,      -65.70111451,              -nan
          0,           0,        1152,      -8.600163254,      -6.627357772,      -8.007791878,      -4.888665308,       -10.5976485,   3.463921491e-09,   0.0002784904494,       56.29499534,       56.29499534,       56.29499534,       6409.460359,    0.002865746908,     -0.1882827817,                 0,                 0,                 0,     -0.1407309981,    0.002865746908,     -0.1882827817,                 0,      -65.70112008,              -nan
          0,           0,        1153,      -8.600186473,      -6.627457759,      -8.038894527,       -4.92452345,      -10.59694945,   6.927846323e-09,   0.0005569808988,       112.5899907,       112.5899907,       112.5899907,       6409.460359,    0.002865746439,     -0.1882827828,                 0,                 0,                 0,     -0.1407309988,    0.002865746439,     -0.1882827828,                 0,      -65.70113121,              -nan
          0,           0,        1154,      -8.600216315,      -6.627670258,      -8.034251617,      -4.933338039,       -10.5955909,   1.385570601e-08,    0.001113961798,       11.25899907,       11.25899907,       11.25899907,       6409.460359,    0.002865745501,     -0.1882827851,                 0,                 0,                 0,     -0.1407310003,    0.002865745501,     -0.1882827851,                 0,       -65.7011535,              -nan
          0,           0,        1155,      -8.600270339,      -6.628102865,      -7.953070141,      -4.865096199,      -10.59876537,   1.385573279e-09,   0.0001113961797,       1.125899907,       1.125899907,       1.125899907,       6409.460359,    0.002865745408,     -0.1882827853,                 0,                 0,                 0,     -0.1407310005,    0.002865745408,     -0.1882827853,                 0,      -65.70115573,              -nan
          0,           0,        1156,      -8.600288379,      -6.628162704,       -8.02111945,      -4.912993031,      -10.59909367,   1.385573547e-10,   1.113961797e-05,                 1,                 1,                 1,       6409.460359,    0.002865745398,     -0.1882827853,                 0,                 0,                 0,     -0.1407310005,    0.002865745398,     -0.1882827853,                 0,      -65.70115595,              -nan
          0,           0,        1157,       -8.60028968,      -6.628167186,      -8.025156418,      -4.916609535,      -10.59909912,   1.230636547e-10,   9.893968289e-06,                 1,                 1,                 1,       6409.460359,     0.00286574539,     -0.1882827853,                 0,                 0,                 0,     -0.1407310005,     0.00286574539,     -0.1882827853,                 0,      -65.70115615,              -nan
          0,           0,        1158,       -8.60029067,      -6.628170836,      -8.027626207,      -4.919249915,      -10.59910052,   1.230636568e-10,   9.893968289e-06,                 1,                 1,                 1,       6409.460359,    0.002865745382,     -0.1882827854,                 0,                 0,                 0,     -0.1407310005,    0.002865745382,     -0.1882827854,                 0,      -65.70115635,              -nan
          0,           0,        1159,      -8.600291538,      -6.628174252,      -8.029282278,      -4.921458355,      -10.59910197,   1.230636589e-10,   9.893968289e-06,                 1,                 1,                 1,       6409.460359,    0.002865745373,     -0.1882827854,                 0,                 0,                 0,     -0.1407310005,    0.002865745373,     -0.1882827854,                 0,      -65.70115655,              -nan
          0,           0,        1160,      -8.600292311,      -6.628177492,      -8.030312083,      -4.923322705,      -10.59910345,    1.23063661e-10,   9.893968289e-06,                 1,                 1,                 1,       6409.460359,    0.002865745365,     -0.1882827854,                 0,                 0,                 0,     -0.1407310005,    0.002865745365,     -0.1882827854,                 0,      -65.70115674,              -nan
          0,           0,        1161,      -8.600293012,      -6.628180595,      -8.030868565,      -4.924913953,      -10.59910497,   1.230636631e-10,   9.893968289e-06,                 1,                 1,                 1,       6409.460359,    0.002865745357,     -0.1882827854,                 0,                 0,                 0,     -0.1407310006,    0.002865745357,     -0.1882827854,                 0,      -65.70115694,              -nan
          0,           0,        1162,      -8.600293657,      -6.628183592,      -8.031075799,      -4.926289668,      -10.59910653,   1.230636652e-10,   9.893968289e-06,                 1,                 1,                 1,       6409.460359,    0.002865745348,     -0.1882827855,                 0,                 0,                 0,     -0.1407310006,    0.002865745348,     -0.1882827855,                 0,      -65.70115714,              -nan
          0,           0,        1163,      -8.600294259,      -6.628186504,      -8.031033596,      -4.927496468,      -10.59910813,   1.230636674e-10,   9.893968289e-06,                 1,                 1,                 1,       6409.460359,     0.00286574534,     -0.1882827855,                 0,                 0,                 0,     -0.1407310006,     0.00286574534,     -0.1882827855,                 0,      -65.70115734,              -nan
          0,           0,        1164,      -8.600294828,      -6.628189345,      -8.030821642,      -4.928572014,      -10.59910976,   1.230636695e-10,   9.893968289e-06,                 1,                 1,                 1,       6409.460359,    0.002865745332,     -0.1882827855,                 0,                 0,                 0,     -0.1407310006,    0.002865745332,     -0.1882827855,                 0,      -65.70115754,              -nan
          0,           0,        1165,      -8.600295372,      -6.628192128,      -8.030502462,      -4.929546493,      -10.59911143,   1.230636716e-10,   9.893968289e-06,                 1,                 1,                 1,       6409.460359,    0.002865745323,     -0.1882827855,                 0,                 0,                 0,     -0.1407310006,    0.002865745323,     -0.1882827855,                 0,      -65.70115774,              -nan
          0,           0,        1166,      -8.600295897,      -6.628194861,      -8.030124409,      -4.930443906,      -10.59911313,   1.230636737e-10,   9.893968289e-06,                 1,                 1,                 1,       6409.460359,    0.002865745315,     -0.1882827855,                 0,                 0,                 0,     -0.1407310006,    0.002865745315,     -0.1882827855,                 0,      -65.70115793,              -nan
          0,           0,        1167,      -8.600296406,      -6.628197551,      -8.029723928,      -4.931283136,      -10.59911487,   1.230636758e-10,   9.893968289e-06,                 1,                 1,                 1,       6409.460359,    0.002865745307,     -0.1882827856,                 0,                 0,                 0,     -0.1407310006,    0.002865745307,     -0.1882827856,                 0,      -65.70115813,              -nan
          0,           0,        1168,      -8.600296905,      -6.628200203,      -8.029327601,      -4.932078772,      -10.59911665,   1.230636779e-10,   9.893968289e-06,                 1,                 1,                 1,       6409.460359,    0.002865745298,     -0.1882827856,                 0,                 0,                 0,     -0.1407310007,    0.002865745298,     -0.1882827856,                 0,      -65.70115833,              -nan
          0,           0,        1169,      -8.600297394,      -6.628202823,      -8.028953898,      -4.932841927,      -10.59911847,     1.2306368e-10,   9.893968289e-06,                 1,                 1,                 1,       6409.460359,     0.00286574529,     -0.1882827856,                 0,                 0,                 0,     -0.1407310007,     0.00286574529,     -0.1882827856,                 0,      -65.70115853,              -nan
          0,           0,        1170,      -8.600297877,      -6.628205415,      -8.028614891,      -4.933580773,      -10.59912031,   1.230636822e-10,   9.893968289e-06,                 1,                 1,                 1,       6409.460359,    0.002865745282,     -0.1882827856,                 0,                 0,                 0,     -0.1407310007,    0.002865745282,     -0.1882827856,                 0,      -65.70115873,              -nan
          0,           0,        1171,      -8.600298354,      -6.628207983,      -8.028317404,      -4.934301147,       -10.5991222,   1.230636843e-10,   9.893968289e-06,                 1,                 1,                 1,       6409.460359,    0.002865745273,     -0.1882827856,                 0,                 0,                 0,     -0.1407310007,    0.002865745273,     -0.1882827856,                 0,      -65.70115892,              -nan
          0,           0,        1172,      -8.600298826,       -6.62821053,      -8.028064326,       -4.93500699,      -10.59912411,   1.230636864e-10,   9.893968289e-06,                 1,                 1,                 1,       6409.460359,    0.002865745265,     -0.1882827857,                 0,                 0,                 0,     -0.1407310007,    0.002865745265,     -0.1882827857,                 0,      -65.70115912,              -nan
          0,           0,        1173,      -8.600299294,      -6.628213061,      -8.027855501,      -4.935700769,      -10.59912606,   1.230636885e-10,   9.893968289e-06,                 1,                 1,                 1,       6409.460359,    0.002865745257,     -0.1882827857,                 0,                 0,                 0,     -0.1407310007,    0.002865745257,     -0.1882827857,                 0,      -65.70115932,              -nan
          0,           0,        1174,      -8.600299757,      -6.628215578,      -8.027688655,      -4.936383827,      -10.59912805,   1.230636906e-10,   9.893968289e-06,                 1,                 1,                 1,       6409.460359,    0.002865745248,     -0.1882827857,                 0,                 0,                 0,     -0.1407310008,    0.002865745248,     -0.1882827857,                 0,      -65.70115952,              -nan
          0,           0,        1175,      -8.600300217,      -6.628218084,      -8.027559971,      -4.937056682,      -10.59913006,   1.230636927e-10,   9.893968289e-06,                 1,                 1,                 1,       6409.460359,     0.00286574524,     -0.1882827857,                 0,                 0,                 0,     -0.1407310008,     0.00286574524,     -0.1882827857,                 0,      -65.70115972,              -nan
          0,           0,        1176,      -8.600300672,      -6.628220582,      -8.027464722,      -4.937719294,      -10.59913211,   1.230636948e-10,   9.893968289e-06,                 1,                 1,                 1,       6409.460359,    0.002865745232,     -0.1882827858,                 0,                 0,                 0,     -0.1407310008,    0.002865745232,     -0.1882827858,                 0,      -65.70115992,              -nan
          0,           0,        1177,      -8.600301124,      -6.628223074,       -8.02739774,      -4.938371255,       -10.5991342,   1.230636969e-10,   9.893968289e-06,                 1,                 1,                 1,       6409.460359,    0.002865745223,     -0.1882827858,                 0,                 0,                 0,     -0.1407310008,    0.002865745223,     -0.1882827858,                 0,      -65.70116011,              -nan
          0,           0,        1178,      -8.600301571,      -6.628225563,      -8.027353678,      -4.939011975,      -10.59913631,   1.230636991e-10,   9.893968289e-06,                 1,                 1,                 1,       6409.460359,    0.002865745215,     -0.1882827858,                 0,                 0,                 0,     -0.1407310008,    0.002865745215,     -0.1882827858,                 0,      -65.70116031,              -nan
          0,           0,        1179,      -8.600302014,       -6.62822805,      -8.027327395,        -4.9396408,      -10.59913846,   1.230637012e-10,   9.893968289e-06,                 1,                 1,                 1,       6409.460359,    0.002865745207,     -0.1882827858,                 0,                 0,                 0,     -0.1407310008,    0.002865745207,     -0.1882827858,                 0,      -65.70116051,              -nan
          0,           0,        1180,      -8.600302452,      -6.628230537,      -8.027314024,      -4.940257104,      -10.59914064,   1.230637033e-10,   9.893968289e-06,                 1,                 1,                 1,       6409.460359,    0.002865745198,     -0.1882827858,                 0,                 0,                 0,     -0.1407310009,    0.002865745198,     -0.1882827858,                 0,      -65.70116071,              -nan
          0,           0,        1181,      -8.600302886,      -6.628233026,      -8.027309142,      -4.940860366,      -10.59914285,   1.230637054e-10,   9.893968289e-06,                 1,                 1,                 1,       6409.460359,     0.00286574519,     -0.1882827859,                 0,                 0,                 0,     -0.1407310009,     0.00286574519,     -0.1882827859,                 0,      -65.70116091,              -nan
          0,           0,        1182,      -8.600303314,      -6.628235519,      -8.027308862,      -4.941450194,      -10.59914508,   1.230637075e-10,   9.893968289e-06,                 1,                 1,                 1,       6409.460359,    0.002865745182,     -0.1882827859,                 0,                 0,                 0,     -0.1407310009,    0.002865745182,     -0.1882827859,                 0,      -65.70116111,              -nan
          0,           0,        1183,      -8.600303738,      -6.628238018,      -8.027309824,      -4.942026359,      -10.59914735,   1.230637096e-10,   9.893968289e-06,                 1,                 1,                 1,       6409.460359,    0.002865745174,     -0.1882827859,                 0,                 0,                 0,     -0.1407310009,    0.002865745174,     -0.1882827859,                 0,      -65.70116131,              -nan
          0,           0,        1184,      -8.600304157,      -6.628240523,      -8.027309272,       -4.94258878,      -10.59914965,   1.230637117e-10,   9.893968289e-06,                 1,                 1,                 1,       6409.460359,    0.002865745165,     -0.1882827859,                 0,                 0,                 0,     -0.1407310009,    0.002865745165,     -0.1882827859,                 0,       -65.7011615,              -nan
          0,           0,        1185,      -8.600304571,      -6.628243037,      -8.027304871,      -4.943137531,      -10.59915198,   1.230637139e-10,   9.893968289e-06,                 1,                 1,                 1,       6409.460359,    0.002865745157,     -0.1882827859,                 0,                 0,                 0,     -0.1407310009,    0.002865745157,     -0.1882827859,                 0,       -65.7011617,              -nan
          0,           0,        1186,      -8.600304981,      -6.628245561,      -8.027294852,      -4.943672816,      -10.59915434,    1.23063716e-10,   9.893968289e-06,                 1,                 1,                 1,       6409.460359,    0.002865745149,      -0.188282786,                 0,                 0,                 0,     -0.1407310009,    0.002865745149,      -0.188282786,                 0,       -65.7011619,              -nan
          0,           0,        1187,      -8.600305385,      -6.628248096,      -8.027277861,      -4.944194961,      -10.59915673,   1.230637181e-10,   9.893968289e-06,                 1,                 1,                 1,       6409.460359,     0.00286574514,      -0.188282786,                 0,                 0,                 0,      -0.140731001,     0.00286574514,      -0.188282786,                 0,       -65.7011621,              -nan
          0,           0,        1188,      -8.600305785,      -6.628250643,      -8.027252902,      -4.944704361,      -10.59915914,   1.230637202e-10,   9.893968289e-06,                 1,                 1,                 1,       6409.460359,    0.002865745132,      -0.188282786,                 0,                 0,                 0,      -0.140731001,    0.002865745132,      -0.188282786,                 0,       -65.7011623,              -nan
          0,           0,        1189,      -8.600306181,      -6.628253204,      -8.027219323,      -4.945201499,      -10.59916158,   1.230637223e-10,   9.893968289e-06,                 1,                 1,                 1,       6409.460359,    0.002865745124,      -0.188282786,                 0,                 0,                 0,      -0.140731001,    0.002865745124,      -0.188282786,                 0,       -65.7011625,              -nan
          0,           0,        1190,      -8.600306572,       -6.62825578,      -8.027176769,      -4.945686882,      -10.59916405,   1.230637244e-10,   9.893968289e-06,                 1,                 1,                 1,       6409.460359,    0.002865745115,     -0.1882827861,                 0,                 0,                 0,      -0.140731001,    0.002865745115,     -0.1882827861,                 0,      -65.70116269,              -nan
          0,           0,        1191,      -8.600306959,      -6.628258371,       -8.02712503,      -4.946161046,      -10.59916655,   1.230637265e-10,   9.893968289e-06,                 1,                 1,                 1,       6409.460359,    0.002865745107,     -0.1882827861,                 0,                 0,                 0,      -0.140731001,    0.002865745107,     -0.1882827861,                 0,      -65.70116289,              -nan
          0,           0,        1192,      -8.600307341,      -6.628260979,      -8.027064163,      -4.946624525,      -10.59916908,   1.230637287e-10,   9.893968289e-06,                 1,                 1,                 1,       6409.460359,    0.002865745099,     -0.1882827861,                 0,                 0,                 0,      -0.140731001,    0.002865745099,     -0.1882827861,                 0,      -65.70116309,              -nan
          0,           0,        1193,       -8.60030772,      -6.628263605,      -8.026994264,      -4.947077856,      -10.59917163,   1.230637308e-10,   9.893968289e-06,                 1,                 1,                 1,       6409.460359,     0.00286574509,     -0.1882827861,                 0,                 0,                 0,     -0.1407310011,     0.00286574509,     -0.1882827861,                 0,      -65.70116329,              -nan
          0,           0,        1194,      -8.600308094,      -6.628266249,        -8.0269156,      -4.947521535,       -10.5991742,   1.230637329e-10,   9.893968289e-06,                 1,                 1,                 1,       6409.460359,    0.002865745082,     -0.1882827861,                 0,                 0,                 0,     -0.1407310011,    0.002865745082,     -0.1882827861,                 0,      -65.70116349,              -nan
          0,           0,        1195,      -8.600308464,      -6.628268912,      -8.026828498,      -4.947956039,       -10.5991768,    1.23063735e-10,   9.893968289e-06,                 1,                 1,                 1,       6409.460359,    0.002865745074,     -0.1882827862,                 0,                 0,                 0,     -0.1407310011,    0.002865745074,     -0.1882827862,                 0,      -65.70116369,              -nan
          0,           0,        1196,      -8.600308831,      -6.628271595,      -8.026733354,      -4.948381809,      -10.59917943,   1.230637371e-10,   9.893968289e-06,                 1,                 1,                 1,       6409.460359,    0.002865745065,     -0.1882827862,                 0,                 0,                 0,     -0.1407310011,    0.002865745065,     -0.1882827862,                 0,      -65.70116389,              -nan
          0,           0,        1197,      -8.600309194,      -6.628274299,      -8.026630532,      -4.948799243,      -10.59918208,   1.230637392e-10,   9.893968289e-06,                 1,                 1,                 1,       6409.460359,    0.002865745057,     -0.1882827862,                 0,                 0,                 0,     -0.1407310011,    0.002865745057,     -0.1882827862,                 0,      -65.70116408,              -nan
          0,           0,        1198,      -8.600309553,      -6.628277024,      -8.026520535,      -4.949208706,      -10.59918475,   1.230637413e-10,   9.893968289e-06,                 1,                 1,                 1,       6409.460359,    0.002865745049,     -0.1882827862,                 0,                 0,                 0,     -0.1407310011,    0.002865745049,     -0.1882827862,                 0,      -65.70116428,              -nan
          0,           0,        1199,      -8.600309909,      -6.628279771,      -8.026403773,      -4.949610519,      -10.59918745,   1.230637435e-10,   9.893968289e-06,                 1,                 1,                 1,       6409.460359,     0.00286574504,     -0.1882827863,                 0,                 0,                 0,     -0.1407310012,     0.00286574504,     -0.1882827863,                 0,      -65.70116448,              -nan
