"Time_Iter","Outer_Iter","Inner_Iter",    "rms[Rho]"    ,    "rms[RhoU]"   ,    "rms[RhoV]"   ,    "rms[RhoE]"   ,     "rms[nu]"    ,     "Min DT"     ,     "Max DT"     ,     "Min CFL"    ,     "Max CFL"    ,     "Avg CFL"    ,    "RefForce"    ,       "CD"       ,       "CL"       ,       "CSF"      ,       "CMx"      ,       "CMy"      ,       "CMz"      ,       "CFx"      ,       "CFy"      ,       "CFz"      ,      "CEff"      ,     "Buffet"     
          0,           0,           0,      -8.572183538,      -6.470462986,      -7.834825265,      -4.729486903,      -10.46317646,   1.229998036e-08,   0.0009893968564,                10,                10,                10,       6409.460359,      0.0028661592,     -0.1882817093,                 0,                 0,                 0,     -0.1407301875,      0.0028661592,     -0.1882817093,                 0,      -65.69129492,              -nan
          0,           0,           1,      -8.572249543,      -6.470832006,      -7.835138011,      -4.729805794,      -10.46603011,   1.229998939e-09,   9.893968563e-05,                20,                20,                20,       6409.460359,    0.002866159085,     -0.1882817096,                 0,                 0,                 0,     -0.1407301877,    0.002866159085,     -0.1882817096,                 0,      -65.69129766,              -nan
          0,           0,           2,      -8.572272067,      -6.470879261,      -7.890310536,      -4.769486234,      -10.46575637,   2.459998058e-09,   0.0001978793713,                40,                40,                40,       6409.460359,    0.002866158855,     -0.1882817102,                 0,                 0,                 0,     -0.1407301882,    0.002866158855,     -0.1882817102,                 0,      -65.69130315,              -nan
          0,           0,           3,      -8.572290018,      -6.470946991,      -7.909079075,      -4.795851689,      -10.46524703,   4.919996839e-09,   0.0003957587425,                80,                80,                80,       6409.460359,    0.002866158395,     -0.1882817114,                 0,                 0,                 0,     -0.1407301891,    0.002866158395,     -0.1882817114,                 0,      -65.69131411,              -nan
          0,           0,           4,      -8.572310289,      -6.471090857,      -7.910432676,      -4.810139874,      -10.46427304,   9.839996573e-09,    0.000791517485,               160,               160,               160,       6409.460359,    0.002866157476,     -0.1882817139,                 0,                 0,                 0,     -0.1407301911,    0.002866157476,     -0.1882817139,                 0,      -65.69133603,              -nan
          0,           0,           5,      -8.572337752,      -6.471409179,      -7.868716181,      -4.779509077,      -10.46234194,   1.968000475e-08,     0.00158303497,                16,                16,                16,       6409.460359,     0.00286615564,     -0.1882817186,                 0,                 0,                 0,     -0.1407301947,     0.00286615564,     -0.1882817186,                 0,      -65.69137975,              -nan
          0,           0,           6,      -8.572409277,       -6.47194245,      -7.738634067,      -4.656422397,      -10.46684323,   1.968002809e-09,    0.000158303497,                32,                32,                32,       6409.460359,    0.002866155457,     -0.1882817191,                 0,                 0,                 0,     -0.1407301951,    0.002866155457,     -0.1882817191,                 0,      -65.69138413,              -nan
          0,           0,           7,      -8.572469547,      -6.472049694,      -7.864692285,      -4.741783139,      -10.46641624,   3.936006085e-09,    0.000316606994,                64,                64,                64,       6409.460359,     0.00286615509,     -0.1882817201,                 0,                 0,                 0,     -0.1407301959,     0.00286615509,     -0.1882817201,                 0,       -65.6913929,              -nan
          0,           0,           8,      -8.572504785,      -6.472162541,      -7.904818864,      -4.784524104,      -10.46562347,    7.87201404e-09,   0.0006332139879,               128,               128,               128,       6409.460359,    0.002866154356,     -0.1882817221,                 0,                 0,                 0,     -0.1407301975,    0.002866154356,     -0.1882817221,                 0,      -65.69141041,              -nan
          0,           0,           9,      -8.572541325,      -6.472395254,      -7.897733287,      -4.792049444,      -10.46408021,   1.574403558e-08,    0.001266427976,              12.8,              12.8,              12.8,       6409.460359,     0.00286615289,     -0.1882817258,                 0,                 0,                 0,     -0.1407302002,     0.00286615289,     -0.1882817258,                 0,      -65.69144529,              -nan
          0,           0,          10,      -8.572596297,      -6.472857552,      -7.798014109,      -4.709802161,       -10.4677058,   1.574405063e-09,   0.0001266427976,              25.6,              25.6,              25.6,       6409.460359,    0.002866152743,     -0.1882817262,                 0,                 0,                 0,     -0.1407302004,    0.002866152743,     -0.1882817262,                 0,      -65.69144879,              -nan
          0,           0,          11,      -8.572631304,       -6.47292551,      -7.884149081,      -4.769011546,      -10.46736397,   3.148810427e-09,   0.0002532855951,              51.2,              51.2,              51.2,       6409.460359,     0.00286615245,     -0.1882817269,                 0,                 0,                 0,      -0.140730201,     0.00286615245,     -0.1882817269,                 0,      -65.69145577,              -nan
          0,           0,          12,       -8.57265438,      -6.473013251,      -7.912256182,      -4.800641602,      -10.46672565,   6.297622059e-09,   0.0005065711902,             102.4,             102.4,             102.4,       6409.460359,    0.002866151864,     -0.1882817285,                 0,                 0,                 0,     -0.1407302022,    0.002866151864,     -0.1882817285,                 0,      -65.69146974,              -nan
          0,           0,          13,      -8.572679112,       -6.47320154,      -7.910031524,       -4.80929453,        -10.465488,   1.259524895e-08,     0.00101314238,             10.24,             10.24,             10.24,       6409.460359,    0.002866150693,     -0.1882817316,                 0,                 0,                 0,     -0.1407302046,    0.002866150693,     -0.1882817316,                 0,      -65.69149767,              -nan
          0,           0,          14,      -8.572716945,      -6.473593135,      -7.839913416,      -4.750879333,      -10.46840499,   1.259525864e-09,    0.000101314238,             20.48,             20.48,             20.48,       6409.460359,    0.002866150576,     -0.1882817319,                 0,                 0,                 0,     -0.1407302049,    0.002866150576,     -0.1882817319,                 0,      -65.69150046,              -nan
          0,           0,          15,      -8.572737625,      -6.473641356,      -7.897270116,       -4.79146264,      -10.46813125,   2.519051923e-09,   0.0002026284761,             40.96,             40.96,             40.96,       6409.460359,    0.002866150342,     -0.1882817326,                 0,                 0,                 0,     -0.1407302054,    0.002866150342,     -0.1882817326,                 0,      -65.69150606,              -nan
          0,           0,          16,      -8.572752789,      -6.473712116,      -7.917951916,      -4.814521329,      -10.46761627,   5.038104621e-09,   0.0004052569521,             81.92,             81.92,             81.92,       6409.460359,    0.002866149874,     -0.1882817339,                 0,                 0,                 0,     -0.1407302066,    0.002866149874,     -0.1882817339,                 0,      -65.69151726,              -nan
          0,           0,          17,      -8.572770589,       -6.47386331,       -7.91887406,      -4.822090822,      -10.46662149,   1.007621235e-08,   0.0008105139042,            163.84,            163.84,            163.84,       6409.460359,    0.002866148938,     -0.1882817367,                 0,                 0,                 0,      -0.140730209,    0.002866148938,     -0.1882817367,                 0,      -65.69153968,              -nan
          0,           0,          18,      -8.572800611,      -6.474185829,      -7.872317926,      -4.782166935,      -10.46464061,   2.015243717e-08,    0.001621027808,            16.384,            16.384,            16.384,       6409.460359,    0.002866147069,     -0.1882817419,                 0,                 0,                 0,     -0.1407302135,    0.002866147069,     -0.1882817419,                 0,      -65.69158433,              -nan
          0,           0,          19,      -8.572889965,      -6.474711796,      -7.736147848,      -4.652796538,      -10.46924711,   2.015246223e-09,   0.0001621027808,            32.768,            32.768,            32.768,       6409.460359,    0.002866146882,     -0.1882817424,                 0,                 0,                 0,     -0.1407302139,    0.002866146882,     -0.1882817424,                 0,       -65.6915888,              -nan
          0,           0,          20,      -8.572954971,      -6.474825068,      -7.865570434,      -4.740892452,      -10.46880996,   4.030492948e-09,   0.0003242055616,            65.536,            65.536,            65.536,       6409.460359,    0.002866146509,     -0.1882817435,                 0,                 0,                 0,     -0.1407302149,    0.002866146509,     -0.1882817435,                 0,      -65.69159775,              -nan
          0,           0,          21,      -8.572995153,      -6.474937857,      -7.907604414,       -4.78479512,      -10.46799762,   8.060987905e-09,   0.0006484111232,           131.072,           131.072,           131.072,       6409.460359,    0.002866145762,     -0.1882817456,                 0,                 0,                 0,     -0.1407302165,    0.002866145762,     -0.1882817456,                 0,      -65.69161558,              -nan
          0,           0,          22,      -8.573039922,      -6.475171507,      -7.901031491,       -4.79257399,      -10.46641565,   1.612198386e-08,    0.001296822246,           13.1072,           13.1072,           13.1072,       6409.460359,    0.002866144269,     -0.1882817491,                 0,                 0,                 0,     -0.1407302189,    0.002866144269,     -0.1882817491,                 0,        -65.691651,              -nan
          0,           0,          23,       -8.57310664,      -6.475637131,      -7.797683964,      -4.708672992,      -10.47012524,   1.612200003e-09,   0.0001296822246,           26.2144,           26.2144,           26.2144,       6409.460359,     0.00286614412,     -0.1882817494,                 0,                 0,                 0,     -0.1407302191,     0.00286614412,     -0.1882817494,                 0,      -65.69165455,              -nan
          0,           0,          24,      -8.573144051,      -6.475707148,      -7.886613449,      -4.769810765,      -10.46977555,   3.224400329e-09,   0.0002593644492,           52.4288,           52.4288,           52.4288,       6409.460359,    0.002866143822,     -0.1882817501,                 0,                 0,                 0,     -0.1407302196,    0.002866143822,     -0.1882817501,                 0,      -65.69166163,              -nan
          0,           0,          25,      -8.573169552,      -6.475795588,       -7.91555145,      -4.802312291,      -10.46912231,   6.448801953e-09,   0.0005187288985,          104.8576,          104.8576,          104.8576,       6409.460359,    0.002866143225,     -0.1882817515,                 0,                 0,                 0,     -0.1407302205,    0.002866143225,     -0.1882817515,                 0,       -65.6916758,              -nan
          0,           0,          26,      -8.573197561,      -6.475986694,       -7.91292503,      -4.811299354,      -10.46785451,   1.289760909e-08,    0.001037457797,          10.48576,          10.48576,          10.48576,       6409.460359,    0.002866142033,     -0.1882817544,                 0,                 0,                 0,     -0.1407302225,    0.002866142033,     -0.1882817544,                 0,      -65.69170411,              -nan
          0,           0,          27,       -8.57323878,      -6.476384991,      -7.839885465,      -4.750875537,      -10.47083916,    1.28976195e-09,   0.0001037457797,          20.97152,          20.97152,          20.97152,       6409.460359,    0.002866141914,     -0.1882817546,                 0,                 0,                 0,     -0.1407302227,    0.002866141914,     -0.1882817546,                 0,      -65.69170694,              -nan
          0,           0,          28,      -8.573260464,      -6.476434759,      -7.899309316,      -4.793001398,      -10.47055888,   2.579524109e-09,   0.0002074915594,          41.94304,          41.94304,          41.94304,       6409.460359,    0.002866141675,     -0.1882817552,                 0,                 0,                 0,     -0.1407302231,    0.002866141675,     -0.1882817552,                 0,      -65.69171261,              -nan
          0,           0,          29,      -8.573276356,      -6.476506884,      -7.920363255,      -4.816771488,      -10.47003166,   5.159049052e-09,   0.0004149831187,          83.88608,          83.88608,          83.88608,       6409.460359,    0.002866141199,     -0.1882817565,                 0,                 0,                 0,     -0.1407302241,    0.002866141199,     -0.1882817565,                 0,      -65.69172397,              -nan
          0,           0,          30,      -8.573294789,      -6.476661518,       -7.92085583,      -4.824397897,      -10.46901268,   1.031810144e-08,   0.0008299662374,         167.77216,         167.77216,         167.77216,       6409.460359,    0.002866140246,     -0.1882817591,                 0,                 0,                 0,     -0.1407302263,    0.002866140246,     -0.1882817591,                 0,      -65.69174673,              -nan
          0,           0,          31,      -8.573324744,      -6.476991758,      -7.872400983,      -4.782316259,      -10.46698345,   2.063621628e-08,    0.001659932475,         16.777216,         16.777216,         16.777216,       6409.460359,    0.002866138344,     -0.1882817642,                 0,                 0,                 0,     -0.1407302304,    0.002866138344,     -0.1882817642,                 0,       -65.6917921,              -nan
          0,           0,          32,      -8.573412737,      -6.477525695,      -7.733561327,      -4.648932886,       -10.4716946,   2.063624319e-09,   0.0001659932475,         33.554432,         33.554432,         33.554432,       6409.460359,    0.002866138153,     -0.1882817647,                 0,                 0,                 0,     -0.1407302308,    0.002866138153,     -0.1882817647,                 0,      -65.69179665,              -nan
          0,           0,          33,      -8.573479798,      -6.477646574,      -7.866682662,      -4.739153875,      -10.47124672,   4.127249177e-09,   0.0003319864949,         67.108864,         67.108864,         67.108864,       6409.460359,    0.002866137773,     -0.1882817658,                 0,                 0,                 0,     -0.1407302317,    0.002866137773,     -0.1882817658,                 0,      -65.69180574,              -nan
          0,           0,          34,      -8.573520172,      -6.477764672,      -7.909097243,      -4.784170994,      -10.47041521,   8.254500511e-09,   0.0006639729898,        134.217728,        134.217728,        134.217728,       6409.460359,    0.002866137013,     -0.1882817678,                 0,                 0,                 0,     -0.1407302333,    0.002866137013,     -0.1882817678,                 0,      -65.69182388,              -nan
          0,           0,          35,      -8.573563655,      -6.478007011,      -7.901359688,      -4.791870982,       -10.4687951,   1.650900967e-08,     0.00132794598,        13.4217728,        13.4217728,        13.4217728,       6409.460359,    0.002866135494,     -0.1882817713,                 0,                 0,                 0,     -0.1407302354,    0.002866135494,     -0.1882817713,                 0,      -65.69185991,              -nan
          0,           0,          36,      -8.573627284,      -6.478483983,      -7.795421708,      -4.705277811,      -10.47258908,   1.650902703e-09,   0.0001327945979,        26.8435456,        26.8435456,        26.8435456,       6409.460359,    0.002866135342,     -0.1882817717,                 0,                 0,                 0,     -0.1407302357,    0.002866135342,     -0.1882817717,                 0,      -65.69186351,              -nan
          0,           0,          37,      -8.573665805,      -6.478558446,      -7.887612755,      -4.768324739,      -10.47223051,   3.301805753e-09,   0.0002655891959,        53.6870912,        53.6870912,        53.6870912,       6409.460359,    0.002866135038,     -0.1882817724,                 0,                 0,                 0,     -0.1407302361,    0.002866135038,     -0.1882817724,                 0,      -65.69187072,              -nan
          0,           0,          38,      -8.573691171,      -6.478650979,      -7.916997425,      -4.801822443,      -10.47156168,   6.603612898e-09,   0.0005311783917,       107.3741824,       107.3741824,       107.3741824,       6409.460359,    0.002866134431,     -0.1882817738,                 0,                 0,                 0,      -0.140730237,    0.002866134431,     -0.1882817738,                 0,      -65.69188514,              -nan
          0,           0,          39,      -8.573718042,      -6.478848927,      -7.913611585,      -4.810994606,      -10.47026343,   1.320723137e-08,    0.001062356783,       10.73741824,       10.73741824,       10.73741824,       6409.460359,    0.002866133217,     -0.1882817767,                 0,                 0,                 0,      -0.140730239,    0.002866133217,     -0.1882817767,                 0,      -65.69191396,              -nan
          0,           0,          40,       -8.57375732,      -6.479257162,      -7.838313373,       -4.74843425,      -10.47331648,   1.320724255e-09,   0.0001062356783,       21.47483648,       21.47483648,       21.47483648,       6409.460359,    0.002866133096,      -0.188281777,                 0,                 0,                 0,     -0.1407302392,    0.002866133096,      -0.188281777,                 0,      -65.69191685,              -nan
          0,           0,          41,      -8.573779672,        -6.4793095,      -7.900382161,       -4.79216909,      -10.47302909,   2.641448733e-09,   0.0002124713567,       42.94967296,       42.94967296,       42.94967296,       6409.460359,    0.002866132853,     -0.1882817776,                 0,                 0,                 0,     -0.1407302396,    0.002866132853,     -0.1882817776,                 0,      -65.69192262,              -nan
          0,           0,          42,      -8.573795504,      -6.479384284,      -7.922005935,      -4.816722313,      -10.47248929,   5.282898362e-09,   0.0004249427133,       85.89934592,       85.89934592,       85.89934592,       6409.460359,    0.002866132368,     -0.1882817789,                 0,                 0,                 0,     -0.1407302406,    0.002866132368,     -0.1882817789,                 0,      -65.69193419,              -nan
          0,           0,          43,      -8.573813371,      -6.479543822,      -7.922160756,      -4.824506461,      -10.47144612,   1.056580031e-08,   0.0008498854266,       171.7986918,       171.7986918,       171.7986918,       6409.460359,    0.002866131399,     -0.1882817817,                 0,                 0,                 0,     -0.1407302429,    0.002866131399,     -0.1882817817,                 0,      -65.69195737,              -nan
          0,           0,          44,       -8.57384251,      -6.479882298,      -7.871708106,      -4.780775095,      -10.46936806,     2.1131615e-08,    0.001699770853,       17.17986918,       17.17986918,       17.17986918,       6409.460359,    0.002866129462,     -0.1882817869,                 0,                 0,                 0,      -0.140730247,    0.002866129462,     -0.1882817869,                 0,      -65.69200357,              -nan
          0,           0,          45,      -8.573931697,      -6.480422083,      -7.729894332,      -4.644902069,      -10.47418691,   2.113164391e-09,   0.0001699770853,       34.35973837,       34.35973837,       34.35973837,       6409.460359,    0.002866129268,     -0.1882817874,                 0,                 0,                 0,     -0.1407302475,    0.002866129268,     -0.1882817874,                 0,       -65.6920082,              -nan
          0,           0,          46,      -8.574001401,      -6.480549317,      -7.867208802,      -4.737768509,      -10.47372858,    4.22632936e-09,   0.0003399541706,       68.71947674,       68.71947674,       68.71947674,       6409.460359,    0.002866128881,     -0.1882817885,                 0,                 0,                 0,     -0.1407302484,    0.002866128881,     -0.1882817885,                 0,      -65.69201746,              -nan
          0,           0,          47,      -8.574042525,      -6.480671082,      -7.910549611,      -4.784154852,      -10.47287818,   8.452661037e-09,   0.0006799083411,       137.4389535,       137.4389535,       137.4389535,       6409.460359,    0.002866128107,     -0.1882817906,                 0,                 0,                 0,     -0.1407302499,    0.002866128107,     -0.1882817906,                 0,      -65.69203591,              -nan
          0,           0,          48,      -8.574085939,      -6.480919937,      -7.901645231,      -4.791791988,      -10.47122008,   1.690533136e-08,    0.001359816682,       13.74389535,       13.74389535,       13.74389535,       6409.460359,    0.002866126561,     -0.1882817941,                 0,                 0,                 0,     -0.1407302521,    0.002866126561,     -0.1882817941,                 0,      -65.69207257,              -nan
          0,           0,          49,       -8.57414935,      -6.481405939,      -7.792276161,      -4.702665196,      -10.47510142,      1.690535e-09,   0.0001359816682,       27.48779069,       27.48779069,       27.48779069,       6409.460359,    0.002866126407,     -0.1882817944,                 0,                 0,                 0,     -0.1407302523,    0.002866126407,     -0.1882817944,                 0,      -65.69207624,              -nan
          0,           0,          50,      -8.574189462,      -6.481483294,      -7.888218864,      -4.768198325,      -10.47473454,   3.381070374e-09,   0.0002719633364,       54.97558139,       54.97558139,       54.97558139,       6409.460359,    0.002866126097,     -0.1882817952,                 0,                 0,                 0,     -0.1407302528,    0.002866126097,     -0.1882817952,                 0,      -65.69208358,              -nan
          0,           0,          51,      -8.574215245,      -6.481577956,      -7.918577631,      -4.802829027,      -10.47405055,   6.762142242e-09,   0.0005439266728,       109.9511628,       109.9511628,       109.9511628,       6409.460359,    0.002866125479,     -0.1882817966,                 0,                 0,                 0,     -0.1407302537,    0.002866125479,     -0.1882817966,                 0,      -65.69209826,              -nan
          0,           0,          52,      -8.574241998,      -6.481780732,      -7.914600542,      -4.811917997,      -10.47272197,   1.352429047e-08,    0.001087853346,       10.99511628,       10.99511628,       10.99511628,       6409.460359,    0.002866124244,     -0.1882817996,                 0,                 0,                 0,     -0.1407302557,    0.002866124244,     -0.1882817996,                 0,       -65.6921276,              -nan
          0,           0,          53,      -8.574281436,      -6.482197542,      -7.836110075,      -4.746822226,      -10.47584573,   1.352430247e-09,   0.0001087853345,       21.99023256,       21.99023256,       21.99023256,       6409.460359,    0.002866124121,     -0.1882817999,                 0,                 0,                 0,     -0.1407302559,    0.002866124121,     -0.1882817999,                 0,      -65.69213054,              -nan
          0,           0,          54,      -8.574304802,      -6.482251628,      -7.901215715,      -4.792555074,      -10.47555161,   2.704860735e-09,   0.0002175706691,       43.98046511,       43.98046511,       43.98046511,       6409.460359,    0.002866123874,     -0.1882818005,                 0,                 0,                 0,     -0.1407302563,    0.002866123874,     -0.1882818005,                 0,      -65.69213642,              -nan
          0,           0,          55,       -8.57432103,      -6.482328015,      -7.923748229,      -4.818003903,      -10.47499952,   5.409722432e-09,   0.0004351413382,       87.96093022,       87.96093022,       87.96093022,       6409.460359,     0.00286612338,     -0.1882818019,                 0,                 0,                 0,     -0.1407302574,     0.00286612338,     -0.1882818019,                 0,       -65.6921482,              -nan
          0,           0,          56,      -8.574339162,      -6.482491391,      -7.923731332,       -4.82579614,      -10.47393206,   1.081944872e-08,   0.0008702826763,       175.9218604,       175.9218604,       175.9218604,       6409.460359,    0.002866122394,     -0.1882818047,                 0,                 0,                 0,     -0.1407302597,    0.002866122394,     -0.1882818047,                 0,      -65.69217181,              -nan
          0,           0,          57,      -8.574369159,      -6.482837627,      -7.870622445,       -4.78005378,      -10.47180477,   2.163891287e-08,    0.001740565353,       17.59218604,       17.59218604,       17.59218604,       6409.460359,    0.002866120423,       -0.18828181,                 0,                 0,                 0,     -0.1407302639,    0.002866120423,       -0.18828181,                 0,      -65.69221881,              -nan
          0,           0,          58,      -8.574462564,      -6.483385532,      -7.725681267,      -4.641490648,      -10.47673488,   2.163894391e-09,   0.0001740565352,       35.18437209,       35.18437209,       35.18437209,       6409.460359,    0.002866120226,     -0.1882818105,                 0,                 0,                 0,     -0.1407302643,    0.002866120226,     -0.1882818105,                 0,      -65.69222352,              -nan
          0,           0,          59,      -8.574535258,      -6.483517921,      -7.867190677,      -4.737333865,      -10.47626635,   4.327789404e-09,   0.0003481130705,       70.36874418,       70.36874418,       70.36874418,       6409.460359,    0.002866119832,     -0.1882818116,                 0,                 0,                 0,     -0.1407302652,    0.002866119832,     -0.1882818116,                 0,      -65.69223294,              -nan
          0,           0,          60,      -8.574577595,      -6.483642552,      -7.911615341,      -4.785183262,      -10.47539691,   8.655581297e-09,   0.0006962261409,       140.7374884,       140.7374884,       140.7374884,       6409.460359,    0.002866119044,     -0.1882818137,                 0,                 0,                 0,     -0.1407302667,    0.002866119044,     -0.1882818137,                 0,      -65.69225171,              -nan
          0,           0,          61,      -8.574621804,      -6.483898081,      -7.901692718,      -4.792526828,      -10.47369992,   1.731117257e-08,    0.001392452282,       14.07374884,       14.07374884,       14.07374884,       6409.460359,    0.002866117471,     -0.1882818171,                 0,                 0,                 0,     -0.1407302688,    0.002866117471,     -0.1882818171,                 0,      -65.69228898,              -nan
          0,           0,          62,      -8.574686413,      -6.484394398,      -7.789044811,      -4.700380838,      -10.47767127,   1.731119259e-09,   0.0001392452282,       28.14749767,       28.14749767,       28.14749767,       6409.460359,    0.002866117314,     -0.1882818175,                 0,                 0,                 0,      -0.140730269,    0.002866117314,     -0.1882818175,                 0,      -65.69229271,              -nan
          0,           0,          63,      -8.574728291,      -6.484474956,      -7.888729756,      -4.768519879,      -10.47729587,   3.462238919e-09,   0.0002784904563,       56.29499534,       56.29499534,       56.29499534,       6409.460359,    0.002866116999,     -0.1882818182,                 0,                 0,                 0,     -0.1407302695,    0.002866116999,     -0.1882818182,                 0,      -65.69230018,              -nan
          0,           0,          64,      -8.574754762,      -6.484572121,      -7.919970609,      -4.804355154,      -10.47659627,   6.924479442e-09,   0.0005569809126,       112.5899907,       112.5899907,       112.5899907,       6409.460359,     0.00286611637,     -0.1882818197,                 0,                 0,                 0,     -0.1407302703,     0.00286611637,     -0.1882818197,                 0,       -65.6923151,              -nan
          0,           0,          65,      -8.574781829,      -6.484780348,      -7.915377879,      -4.813300823,      -10.47523641,   1.384896531e-08,    0.001113961825,       11.25899907,       11.25899907,       11.25899907,       6409.460359,    0.002866115113,     -0.1882818227,                 0,                 0,                 0,     -0.1407302724,    0.002866115113,     -0.1882818227,                 0,      -65.69234495,              -nan
          0,           0,          66,      -8.574821842,      -6.485206684,      -7.834009711,      -4.745332672,      -10.47843304,    1.38489782e-09,   0.0001113961825,       22.51799814,       22.51799814,       22.51799814,       6409.460359,    0.002866114988,      -0.188281823,                 0,                 0,                 0,     -0.1407302726,    0.002866114988,      -0.188281823,                 0,      -65.69234794,              -nan
          0,           0,          67,      -8.574846276,      -6.485263078,      -7.902121704,      -4.793123986,      -10.47813184,   2.769795899e-09,    0.000222792365,       45.03599627,       45.03599627,       45.03599627,       6409.460359,    0.002866114736,     -0.1882818236,                 0,                 0,                 0,     -0.1407302731,    0.002866114736,     -0.1882818236,                 0,      -65.69235392,              -nan
          0,           0,          68,      -8.574862972,      -6.485341665,      -7.925409691,      -4.819526705,      -10.47756697,    5.53959283e-09,     0.00044558473,       90.07199255,       90.07199255,       90.07199255,       6409.460359,    0.002866114234,      -0.188281825,                 0,                 0,                 0,     -0.1407302741,    0.002866114234,      -0.188281825,                 0,      -65.69236591,              -nan
          0,           0,          69,      -8.574881428,      -6.485509608,      -7.925121269,      -4.827350728,      -10.47647444,    1.10791898e-08,     0.00089116946,       90.07199255,       90.07199255,       90.07199255,       6409.460359,     0.00286611323,     -0.1882818279,                 0,                 0,                 0,     -0.1407302766,     0.00286611323,     -0.1882818279,                 0,      -65.69238994,              -nan
          0,           0,          70,      -8.574912063,      -6.485864385,      -7.869674653,      -4.779400611,      -10.47676924,   1.107919809e-08,     0.00089116946,       90.07199255,       90.07199255,       90.07199255,       6409.460359,    0.002866112226,      -0.188281831,                 0,                 0,                 0,     -0.1407302794,    0.002866112226,      -0.188281831,                 0,      -65.69241401,              -nan
          0,           0,          71,      -8.574961447,      -6.486209023,      -7.861802449,      -4.764425721,      -10.47705946,    1.10792064e-08,   0.0008911694599,       90.07199255,       90.07199255,       90.07199255,       6409.460359,    0.002866111224,     -0.1882818341,                 0,                 0,                 0,     -0.1407302823,    0.002866111224,     -0.1882818341,                 0,      -65.69243809,              -nan
          0,           0,          72,      -8.575022354,      -6.486546319,      -7.865012914,      -4.760810831,      -10.47734767,   1.107921474e-08,   0.0008911694598,       90.07199255,       90.07199255,       90.07199255,       6409.460359,    0.002866110222,     -0.1882818372,                 0,                 0,                 0,     -0.1407302852,    0.002866110222,     -0.1882818372,                 0,      -65.69246213,              -nan
          0,           0,          73,       -8.57508919,      -6.486879076,      -7.866830554,         -4.760087,      -10.47763534,   1.107922309e-08,   0.0008911694598,       90.07199255,       90.07199255,       90.07199255,       6409.460359,    0.002866109221,     -0.1882818401,                 0,                 0,                 0,     -0.1407302878,    0.002866109221,     -0.1882818401,                 0,      -65.69248609,              -nan
          0,           0,          74,       -8.57515881,      -6.487209404,       -7.86741856,      -4.760609621,      -10.47792332,   1.107923147e-08,   0.0008911694597,       90.07199255,       90.07199255,       90.07199255,       6409.460359,     0.00286610822,     -0.1882818428,                 0,                 0,                 0,       -0.14073029,     0.00286610822,     -0.1882818428,                 0,      -65.69250995,              -nan
          0,           0,          75,      -8.575228774,      -6.487538638,      -7.867811691,      -4.761755129,      -10.47821196,   1.107923987e-08,   0.0008911694597,       90.07199255,       90.07199255,       90.07199255,       6409.460359,     0.00286610722,     -0.1882818452,                 0,                 0,                 0,      -0.140730292,     0.00286610722,     -0.1882818452,                 0,      -65.69253373,              -nan
          0,           0,          76,      -8.575297338,      -6.487867487,      -7.868172258,      -4.762973658,      -10.47850123,   1.107924829e-08,   0.0008911694596,       90.07199255,       90.07199255,       90.07199255,       6409.460359,    0.002866106221,     -0.1882818476,                 0,                 0,                 0,     -0.1407302938,    0.002866106221,     -0.1882818476,                 0,      -65.69255745,              -nan
          0,           0,          77,      -8.575363587,      -6.488196428,      -7.868428993,      -4.763883547,      -10.47879093,   1.107925673e-08,   0.0008911694595,       90.07199255,       90.07199255,       90.07199255,       6409.460359,    0.002866105222,     -0.1882818499,                 0,                 0,                 0,     -0.1407302955,    0.002866105222,     -0.1882818499,                 0,      -65.69258114,              -nan
          0,           0,          78,      -8.575427311,      -6.488525928,      -7.868596603,      -4.764333227,      -10.47908079,    1.10792652e-08,   0.0008911694595,       90.07199255,       90.07199255,       90.07199255,       6409.460359,    0.002866104224,     -0.1882818522,                 0,                 0,                 0,     -0.1407302972,    0.002866104224,     -0.1882818522,                 0,      -65.69260482,              -nan
          0,           0,          79,      -8.575488773,      -6.488856433,      -7.868746016,      -4.764358293,      -10.47937058,   1.107927368e-08,   0.0008911694594,       90.07199255,       90.07199255,       90.07199255,       6409.460359,    0.002866103227,     -0.1882818545,                 0,                 0,                 0,     -0.1407302989,    0.002866103227,     -0.1882818545,                 0,       -65.6926285,              -nan
          0,           0,          80,      -8.575548489,      -6.489188239,       -7.86893912,       -4.76410617,      -10.47966013,   1.107928219e-08,   0.0008911694593,       90.07199255,       90.07199255,       90.07199255,       6409.460359,    0.002866102231,      -0.188281857,                 0,                 0,                 0,     -0.1407303008,    0.002866102231,      -0.188281857,                 0,      -65.69265219,              -nan
          0,           0,          81,      -8.575607056,      -6.489521402,      -7.869210042,      -4.763759451,      -10.47994933,   1.107929071e-08,   0.0008911694593,       90.07199255,       90.07199255,       90.07199255,       6409.460359,    0.002866101235,     -0.1882818595,                 0,                 0,                 0,     -0.1407303027,    0.002866101235,     -0.1882818595,                 0,      -65.69267588,              -nan
          0,           0,          82,      -8.575665028,      -6.489855752,      -7.869568333,      -4.763472834,      -10.48023815,   1.107929926e-08,   0.0008911694592,       90.07199255,       90.07199255,       90.07199255,       6409.460359,     0.00286610024,      -0.188281862,                 0,                 0,                 0,     -0.1407303046,     0.00286610024,      -0.188281862,                 0,      -65.69269956,              -nan
          0,           0,          83,       -8.57572282,      -6.490190972,      -7.870002306,      -4.763336793,      -10.48052662,   1.107930783e-08,   0.0008911694592,       90.07199255,       90.07199255,       90.07199255,       6409.460359,    0.002866099245,     -0.1882818645,                 0,                 0,                 0,     -0.1407303065,    0.002866099245,     -0.1882818645,                 0,      -65.69272324,              -nan
          0,           0,          84,      -8.575780669,      -6.490526705,      -7.870483346,       -4.76337264,      -10.48081482,   1.107931642e-08,   0.0008911694591,       90.07199255,       90.07199255,       90.07199255,       6409.460359,    0.002866098252,      -0.188281867,                 0,                 0,                 0,     -0.1407303085,    0.002866098252,      -0.188281867,                 0,       -65.6927469,              -nan
          0,           0,          85,      -8.575838648,      -6.490862639,      -7.870972766,      -4.763551003,      -10.48110283,   1.107932504e-08,    0.000891169459,       90.07199255,       90.07199255,       90.07199255,       6409.460359,    0.002866097259,     -0.1882818696,                 0,                 0,                 0,     -0.1407303104,    0.002866097259,     -0.1882818696,                 0,      -65.69277055,              -nan
          0,           0,          86,      -8.575896713,      -6.491198548,      -7.871430334,      -4.763819505,      -10.48139072,   1.107933367e-08,    0.000891169459,       90.07199255,       90.07199255,       90.07199255,       6409.460359,    0.002866096266,     -0.1882818721,                 0,                 0,                 0,     -0.1407303123,    0.002866096266,     -0.1882818721,                 0,      -65.69279419,              -nan
          0,           0,          87,      -8.575954765,      -6.491534302,      -7.871823823,      -4.764127736,      -10.48167855,   1.107934233e-08,   0.0008911694589,       90.07199255,       90.07199255,       90.07199255,       6409.460359,    0.002866095275,     -0.1882818747,                 0,                 0,                 0,     -0.1407303143,    0.002866095275,     -0.1882818747,                 0,      -65.69281781,              -nan
          0,           0,          88,      -8.576012714,       -6.49186984,      -7.872135555,      -4.764441958,      -10.48196635,     1.1079351e-08,   0.0008911694589,       90.07199255,       90.07199255,       90.07199255,       6409.460359,    0.002866094284,     -0.1882818773,                 0,                 0,                 0,     -0.1407303162,    0.002866094284,     -0.1882818773,                 0,      -65.69284143,              -nan
          0,           0,          89,      -8.576070517,      -6.492205147,       -7.87236462,      -4.764748722,      -10.48225413,    1.10793597e-08,   0.0008911694588,       90.07199255,       90.07199255,       90.07199255,       6409.460359,    0.002866093293,     -0.1882818799,                 0,                 0,                 0,     -0.1407303182,    0.002866093293,     -0.1882818799,                 0,      -65.69286503,              -nan
          0,           0,          90,      -8.576128193,      -6.492540222,      -7.872524651,      -4.765050575,      -10.48254188,   1.107936842e-08,   0.0008911694587,       90.07199255,       90.07199255,       90.07199255,       6409.460359,    0.002866092304,     -0.1882818825,                 0,                 0,                 0,     -0.1407303202,    0.002866092304,     -0.1882818825,                 0,      -65.69288862,              -nan
          0,           0,          91,       -8.57618582,      -6.492875068,      -7.872638309,       -4.76535773,       -10.4828296,   1.107937716e-08,   0.0008911694587,       90.07199255,       90.07199255,       90.07199255,       6409.460359,    0.002866091315,     -0.1882818851,                 0,                 0,                 0,     -0.1407303222,    0.002866091315,     -0.1882818851,                 0,      -65.69291221,              -nan
          0,           0,          92,      -8.576243517,      -6.493209682,      -7.872730331,      -4.765680228,      -10.48311728,   1.107938593e-08,   0.0008911694586,       90.07199255,       90.07199255,       90.07199255,       6409.460359,    0.002866090327,     -0.1882818878,                 0,                 0,                 0,     -0.1407303242,    0.002866090327,     -0.1882818878,                 0,      -65.69293578,              -nan
          0,           0,          93,      -8.576301421,      -6.493544059,      -7.872822133,      -4.766023059,      -10.48340489,   1.107939471e-08,   0.0008911694586,       90.07199255,       90.07199255,       90.07199255,       6409.460359,    0.002866089339,     -0.1882818904,                 0,                 0,                 0,     -0.1407303263,    0.002866089339,     -0.1882818904,                 0,      -65.69295934,              -nan
          0,           0,          94,      -8.576359664,      -6.493878196,      -7.872928235,      -4.766384327,      -10.48369244,   1.107940352e-08,   0.0008911694585,       90.07199255,       90.07199255,       90.07199255,       6409.460359,    0.002866088352,     -0.1882818931,                 0,                 0,                 0,     -0.1407303283,    0.002866088352,     -0.1882818931,                 0,      -65.69298289,              -nan
          0,           0,          95,      -8.576418354,      -6.494212099,      -7.873054911,      -4.766756449,      -10.48397992,   1.107941234e-08,   0.0008911694585,       90.07199255,       90.07199255,       90.07199255,       6409.460359,    0.002866087366,     -0.1882818957,                 0,                 0,                 0,     -0.1407303303,    0.002866087366,     -0.1882818957,                 0,      -65.69300642,              -nan
          0,           0,          96,      -8.576477563,      -6.494545782,      -7.873201911,      -4.767128768,      -10.48426733,   1.107942119e-08,   0.0008911694584,       90.07199255,       90.07199255,       90.07199255,       6409.460359,    0.002866086381,     -0.1882818984,                 0,                 0,                 0,     -0.1407303324,    0.002866086381,     -0.1882818984,                 0,      -65.69302994,              -nan
          0,           0,          97,      -8.576537323,      -6.494879276,      -7.873364963,      -4.767490424,      -10.48455467,   1.107943006e-08,   0.0008911694583,       90.07199255,       90.07199255,       90.07199255,       6409.460359,    0.002866085396,     -0.1882819011,                 0,                 0,                 0,     -0.1407303344,    0.002866085396,     -0.1882819011,                 0,      -65.69305344,              -nan
          0,           0,          98,      -8.576597625,      -6.495212616,      -7.873538068,      -4.767832316,      -10.48484194,   1.107943895e-08,   0.0008911694583,       90.07199255,       90.07199255,       90.07199255,       6409.460359,    0.002866084412,     -0.1882819037,                 0,                 0,                 0,     -0.1407303364,    0.002866084412,     -0.1882819037,                 0,      -65.69307692,              -nan
          0,           0,          99,      -8.576658427,      -6.495545849,      -7.873716552,       -4.76814885,      -10.48512916,   1.107944786e-08,   0.0008911694582,       90.07199255,       90.07199255,       90.07199255,       6409.460359,    0.002866083428,     -0.1882819064,                 0,                 0,                 0,     -0.1407303384,    0.002866083428,     -0.1882819064,                 0,      -65.69310039,              -nan
          0,           0,         100,      -8.576719655,      -6.495879023,      -7.873897921,      -4.768437751,      -10.48541632,   1.107945679e-08,   0.0008911694582,                10,                10,                10,       6409.460359,    0.002866082445,      -0.188281909,                 0,                 0,                 0,     -0.1407303404,    0.002866082445,      -0.188281909,                 0,      -65.69312383,              -nan
          0,           0,         101,       -8.57678122,      -6.496212184,      -7.874082397,      -4.768700069,      -10.48795913,   1.230067797e-09,   9.893968512e-05,                10,                10,                10,       6409.460359,    0.002866082336,     -0.1882819093,                 0,                 0,                 0,     -0.1407303406,    0.002866082336,     -0.1882819093,                 0,      -65.69312644,              -nan
          0,           0,         102,      -8.576799647,      -6.496255472,      -7.921346461,      -4.803182424,       -10.4879797,   1.230067908e-09,   9.893968512e-05,                10,                10,                10,       6409.460359,    0.002866082227,     -0.1882819096,                 0,                 0,                 0,     -0.1407303408,    0.002866082227,     -0.1882819096,                 0,      -65.69312904,              -nan
          0,           0,         103,      -8.576809446,      -6.496287741,      -7.933482085,      -4.819107447,      -10.48800267,   1.230068018e-09,   9.893968512e-05,                10,                10,                10,       6409.460359,    0.002866082118,     -0.1882819099,                 0,                 0,                 0,      -0.140730341,    0.002866082118,     -0.1882819099,                 0,      -65.69313165,              -nan
          0,           0,         104,      -8.576816338,      -6.496317009,      -7.934914215,      -4.828159923,       -10.4880278,   1.230068129e-09,   9.893968512e-05,                10,                10,                10,       6409.460359,    0.002866082009,     -0.1882819102,                 0,                 0,                 0,     -0.1407303413,    0.002866082009,     -0.1882819102,                 0,      -65.69313426,              -nan
          0,           0,         105,      -8.576822088,      -6.496345796,       -7.93463214,      -4.834704022,      -10.48805481,   1.230068239e-09,   9.893968512e-05,                10,                10,                10,       6409.460359,      0.0028660819,     -0.1882819105,                 0,                 0,                 0,     -0.1407303415,      0.0028660819,     -0.1882819105,                 0,      -65.69313686,              -nan
          0,           0,         106,      -8.576827108,      -6.496375186,      -7.934010088,       -4.83980522,      -10.48808345,    1.23006835e-09,   9.893968512e-05,                10,                10,                10,       6409.460359,    0.002866081791,     -0.1882819108,                 0,                 0,                 0,     -0.1407303418,    0.002866081791,     -0.1882819108,                 0,      -65.69313947,              -nan
          0,           0,         107,      -8.576831541,       -6.49640578,       -7.93305543,      -4.843826768,      -10.48811347,    1.23006846e-09,   9.893968512e-05,                10,                10,                10,       6409.460359,    0.002866081682,     -0.1882819111,                 0,                 0,                 0,      -0.140730342,    0.002866081682,     -0.1882819111,                 0,      -65.69314208,              -nan
          0,           0,         108,      -8.576835512,      -6.496437906,      -7.931935616,      -4.847099784,      -10.48814467,   1.230068571e-09,   9.893968511e-05,                10,                10,                10,       6409.460359,    0.002866081573,     -0.1882819115,                 0,                 0,                 0,     -0.1407303422,    0.002866081573,     -0.1882819115,                 0,      -65.69314469,              -nan
          0,           0,         109,      -8.576839124,      -6.496471692,      -7.930866474,      -4.849884898,      -10.48817682,   1.230068682e-09,   9.893968511e-05,                10,                10,                10,       6409.460359,    0.002866081464,     -0.1882819118,                 0,                 0,                 0,     -0.1407303425,    0.002866081464,     -0.1882819118,                 0,      -65.69314729,              -nan
          0,           0,         110,      -8.576842437,      -6.496507125,      -7.929957982,       -4.85232288,      -10.48820974,   1.230068792e-09,   9.893968511e-05,                10,                10,                10,       6409.460359,    0.002866081355,     -0.1882819121,                 0,                 0,                 0,     -0.1407303427,    0.002866081355,     -0.1882819121,                 0,       -65.6931499,              -nan
          0,           0,         111,      -8.576845486,      -6.496544104,      -7.929233345,      -4.854473004,      -10.48824327,   1.230068903e-09,   9.893968511e-05,                10,                10,                10,       6409.460359,    0.002866081246,     -0.1882819124,                 0,                 0,                 0,      -0.140730343,    0.002866081246,     -0.1882819124,                 0,      -65.69315251,              -nan
          0,           0,         112,      -8.576848291,       -6.49658248,      -7.928684665,      -4.856364538,      -10.48827726,   1.230069014e-09,   9.893968511e-05,                10,                10,                10,       6409.460359,    0.002866081137,     -0.1882819127,                 0,                 0,                 0,     -0.1407303432,    0.002866081137,     -0.1882819127,                 0,      -65.69315511,              -nan
          0,           0,         113,      -8.576850871,      -6.496622081,      -7.928300444,      -4.858023383,       -10.4883116,   1.230069124e-09,   9.893968511e-05,                10,                10,                10,       6409.460359,    0.002866081028,      -0.188281913,                 0,                 0,                 0,     -0.1407303434,    0.002866081028,      -0.188281913,                 0,      -65.69315772,              -nan
          0,           0,         114,      -8.576853241,      -6.496662733,      -7.928070912,      -4.859478241,      -10.48834616,   1.230069235e-09,   9.893968511e-05,                10,                10,                10,       6409.460359,    0.002866080919,     -0.1882819133,                 0,                 0,                 0,     -0.1407303437,    0.002866080919,     -0.1882819133,                 0,      -65.69316032,              -nan
          0,           0,         115,      -8.576855416,      -6.496704271,      -7.927986908,      -4.860758774,      -10.48838089,   1.230069346e-09,   9.893968511e-05,                10,                10,                10,       6409.460359,     0.00286608081,     -0.1882819136,                 0,                 0,                 0,     -0.1407303439,     0.00286608081,     -0.1882819136,                 0,      -65.69316292,              -nan
          0,           0,         116,      -8.576857412,      -6.496746539,       -7.92803889,      -4.861892512,      -10.48841571,   1.230069457e-09,   9.893968511e-05,                10,                10,                10,       6409.460359,    0.002866080701,     -0.1882819139,                 0,                 0,                 0,     -0.1407303441,    0.002866080701,     -0.1882819139,                 0,      -65.69316552,              -nan
          0,           0,         117,      -8.576859243,      -6.496789399,      -7.928216653,      -4.862902804,      -10.48845057,   1.230069568e-09,   9.893968511e-05,                10,                10,                10,       6409.460359,    0.002866080592,     -0.1882819142,                 0,                 0,                 0,     -0.1407303443,    0.002866080592,     -0.1882819142,                 0,      -65.69316812,              -nan
          0,           0,         118,      -8.576860926,      -6.496832728,      -7.928509116,      -4.863808014,      -10.48848545,   1.230069679e-09,   9.893968511e-05,                10,                10,                10,       6409.460359,    0.002866080483,     -0.1882819145,                 0,                 0,                 0,     -0.1407303446,    0.002866080483,     -0.1882819145,                 0,      -65.69317072,              -nan
          0,           0,         119,      -8.576862478,      -6.496876415,      -7.928904808,      -4.864621856,       -10.4885203,    1.23006979e-09,    9.89396851e-05,                20,                20,                20,       6409.460359,    0.002866080374,     -0.1882819148,                 0,                 0,                 0,     -0.1407303448,    0.002866080374,     -0.1882819148,                 0,      -65.69317332,              -nan
          0,           0,         120,      -8.576863917,      -6.496920368,      -7.929392372,      -4.865354163,      -10.48827427,   2.460139801e-09,   0.0001978793702,                40,                40,                40,       6409.460359,    0.002866080156,     -0.1882819154,                 0,                 0,                 0,     -0.1407303453,    0.002866080156,     -0.1882819154,                 0,      -65.69317852,              -nan
          0,           0,         121,      -8.576866892,      -6.497012603,      -7.930423694,      -4.864388223,      -10.48778943,    4.92028049e-09,   0.0003957587404,                80,                80,                80,       6409.460359,    0.002866079721,     -0.1882819166,                 0,                 0,                 0,     -0.1407303463,    0.002866079721,     -0.1882819166,                 0,      -65.69318895,              -nan
          0,           0,         122,      -8.576873953,      -6.497201438,      -7.925384517,      -4.853153961,      -10.48682316,   9.840564535e-09,   0.0007915174808,               160,               160,               160,       6409.460359,     0.00286607885,     -0.1882819196,                 0,                 0,                 0,     -0.1407303493,     0.00286607885,     -0.1882819196,                 0,      -65.69320993,              -nan
          0,           0,         123,      -8.576900345,      -6.497543325,      -7.884554633,      -4.802838802,      -10.48488084,   1.968114332e-08,    0.001583034962,                16,                16,                16,       6409.460359,    0.002866077111,     -0.1882819256,                 0,                 0,                 0,     -0.1407303554,    0.002866077111,     -0.1882819256,                 0,      -65.69325191,              -nan
          0,           0,         124,       -8.57701504,      -6.498038442,      -7.760093157,      -4.676073462,      -10.48938297,   1.968117193e-09,   0.0001583034961,                32,                32,                32,       6409.460359,    0.002866076937,     -0.1882819263,                 0,                 0,                 0,      -0.140730356,    0.002866076937,     -0.1882819263,                 0,      -65.69325612,              -nan
          0,           0,         125,      -8.577076803,      -6.498157441,      -7.883652377,       -4.76099232,       -10.4889547,   3.936234958e-09,   0.0003166069923,                64,                64,                64,       6409.460359,    0.002866076589,     -0.1882819275,                 0,                 0,                 0,     -0.1407303573,    0.002866076589,     -0.1882819275,                 0,      -65.69326453,              -nan
          0,           0,         126,      -8.577121213,      -6.498266483,      -7.926670522,      -4.803016436,      -10.48815802,    7.87247221e-09,   0.0006332139845,               128,               128,               128,       6409.460359,    0.002866075894,     -0.1882819299,                 0,                 0,                 0,     -0.1407303596,    0.002866075894,     -0.1882819299,                 0,      -65.69328127,              -nan
          0,           0,         127,       -8.57718054,      -6.498482737,      -7.925049095,      -4.812273447,       -10.4866098,    1.57449536e-08,    0.001266427969,              12.8,              12.8,              12.8,       6409.460359,    0.002866074506,     -0.1882819332,                 0,                 0,                 0,     -0.1407303619,    0.002866074506,     -0.1882819332,                 0,      -65.69331426,              -nan
          0,           0,         128,      -8.577275456,      -6.498919221,      -7.826425934,      -4.734928068,      -10.49023227,   1.574497203e-09,   0.0001266427969,              25.6,              25.6,              25.6,       6409.460359,    0.002866074367,     -0.1882819335,                 0,                 0,                 0,     -0.1407303622,    0.002866074367,     -0.1882819335,                 0,      -65.69331756,              -nan
          0,           0,         129,      -8.577311261,       -6.49898475,      -7.910289408,      -4.792199578,      -10.48989175,   3.148994776e-09,   0.0002532855938,              51.2,              51.2,              51.2,       6409.460359,    0.002866074089,     -0.1882819342,                 0,                 0,                 0,     -0.1407303626,    0.002866074089,     -0.1882819342,                 0,      -65.69332415,              -nan
          0,           0,         130,       -8.57734016,      -6.499066475,      -7.939095211,      -4.822645105,      -10.48925372,   6.297991028e-09,   0.0005065711875,             102.4,             102.4,             102.4,       6409.460359,    0.002866073534,     -0.1882819353,                 0,                 0,                 0,     -0.1407303631,    0.002866073534,     -0.1882819353,                 0,      -65.69333727,              -nan
          0,           0,         131,        -8.5773767,      -6.499245105,      -7.938541656,      -4.832204889,       -10.4880145,   1.259598797e-08,    0.001013142375,             10.24,             10.24,             10.24,       6409.460359,    0.002866072425,     -0.1882819374,                 0,                 0,                 0,      -0.140730364,    0.002866072425,     -0.1882819374,                 0,      -65.69336342,              -nan
          0,           0,         132,      -8.577431114,      -6.499623905,       -7.86804334,      -4.776922243,      -10.49092755,   1.259599982e-09,   0.0001013142375,             20.48,             20.48,             20.48,       6409.460359,    0.002866072314,     -0.1882819376,                 0,                 0,                 0,     -0.1407303641,    0.002866072314,     -0.1882819376,                 0,      -65.69336603,              -nan
          0,           0,         133,      -8.577451443,      -6.499670012,      -7.923826901,      -4.816331089,       -10.4906549,   2.519200202e-09,    0.000202628475,             40.96,             40.96,             40.96,       6409.460359,    0.002866072092,      -0.188281938,                 0,                 0,                 0,     -0.1407303643,    0.002866072092,      -0.188281938,                 0,      -65.69337127,              -nan
          0,           0,         134,      -8.577468337,       -6.49973719,      -7.944141167,      -4.838716737,      -10.49014007,   5.038401353e-09,     0.00040525695,             81.92,             81.92,             81.92,       6409.460359,    0.002866071648,     -0.1882819389,                 0,                 0,                 0,     -0.1407303647,    0.002866071648,     -0.1882819389,                 0,      -65.69338174,              -nan
          0,           0,         135,      -8.577489736,       -6.49988309,      -7.944867553,      -4.846252048,      -10.48914359,   1.007680651e-08,   0.0008105138999,            163.84,            163.84,            163.84,       6409.460359,    0.002866070762,     -0.1882819409,                 0,                 0,                 0,      -0.140730366,    0.002866070762,     -0.1882819409,                 0,      -65.69340275,              -nan
          0,           0,         136,        -8.5775239,      -6.500199982,      -7.898271718,      -4.806748611,       -10.4871602,   2.015362825e-08,      0.0016210278,            16.384,            16.384,            16.384,       6409.460359,    0.002866068991,     -0.1882819451,                 0,                 0,                 0,     -0.1407303687,    0.002866068991,     -0.1882819451,                 0,       -65.6934448,              -nan
          0,           0,         137,      -8.577611156,      -6.500725232,      -7.762699743,      -4.675996992,      -10.49175591,   2.015365884e-09,     0.00016210278,            32.768,            32.768,            32.768,       6409.460359,    0.002866068814,     -0.1882819455,                 0,                 0,                 0,     -0.1407303691,    0.002866068814,     -0.1882819455,                 0,      -65.69344901,              -nan
          0,           0,         138,      -8.577670108,      -6.500841692,      -7.890780583,      -4.762047605,      -10.49131835,    4.03073238e-09,   0.0003242055599,            65.536,            65.536,            65.536,       6409.460359,     0.00286606846,     -0.1882819464,                 0,                 0,                 0,     -0.1407303697,     0.00286606846,     -0.1882819464,                 0,      -65.69345745,              -nan
          0,           0,         139,      -8.577706862,      -6.500957167,      -7.931909337,      -4.804617587,      -10.49050483,   8.061467211e-09,   0.0006484111198,           131.072,           131.072,           131.072,       6409.460359,    0.002866067753,     -0.1882819482,                 0,                 0,                 0,     -0.1407303709,    0.002866067753,     -0.1882819482,                 0,      -65.69347429,              -nan
          0,           0,         140,      -8.577747433,      -6.501195397,      -7.925229219,       -4.81191975,      -10.48892044,   1.612294424e-08,     0.00129682224,           13.1072,           13.1072,           13.1072,       6409.460359,    0.002866066339,     -0.1882819514,                 0,                 0,                 0,     -0.1407303726,    0.002866066339,     -0.1882819514,                 0,      -65.69350781,              -nan
          0,           0,         141,      -8.577807916,      -6.501667905,      -7.822984778,      -4.728627813,      -10.49261909,   1.612296395e-09,   0.0001296822239,           26.2144,           26.2144,           26.2144,       6409.460359,    0.002866066197,     -0.1882819517,                 0,                 0,                 0,     -0.1407303728,    0.002866066197,     -0.1882819517,                 0,      -65.69351117,              -nan
          0,           0,         142,      -8.577841683,      -6.501741475,      -7.911123123,      -4.787991297,      -10.49226822,   3.224593184e-09,   0.0002593644479,           52.4288,           52.4288,           52.4288,       6409.460359,    0.002866065915,     -0.1882819524,                 0,                 0,                 0,     -0.1407303732,    0.002866065915,     -0.1882819524,                 0,      -65.69351788,              -nan
          0,           0,         143,      -8.577864595,      -6.501834276,      -7.939432521,       -4.81978539,      -10.49161347,   6.449187946e-09,   0.0005187288958,          104.8576,          104.8576,          104.8576,       6409.460359,    0.002866065349,     -0.1882819537,                 0,                 0,                 0,     -0.1407303739,    0.002866065349,     -0.1882819537,                 0,      -65.69353129,              -nan
          0,           0,         144,       -8.57788949,      -6.502031101,      -7.936585133,      -4.829138011,      -10.49034343,   1.289838221e-08,    0.001037457791,          10.48576,          10.48576,          10.48576,       6409.460359,     0.00286606422,     -0.1882819564,                 0,                 0,                 0,     -0.1407303755,     0.00286606422,     -0.1882819564,                 0,       -65.6935581,              -nan
          0,           0,         145,      -8.577926865,      -6.502435992,      -7.864651622,      -4.770480009,      -10.49331916,   1.289839489e-09,   0.0001037457791,          20.97152,          20.97152,          20.97152,       6409.460359,    0.002866064107,     -0.1882819566,                 0,                 0,                 0,     -0.1407303756,    0.002866064107,     -0.1882819566,                 0,      -65.69356078,              -nan
          0,           0,         146,       -8.57794643,      -6.502487823,      -7.923661904,      -4.811522914,      -10.49303798,   2.579679231e-09,   0.0002074915583,          41.94304,          41.94304,          41.94304,       6409.460359,    0.002866063881,     -0.1882819572,                 0,                 0,                 0,      -0.140730376,    0.002866063881,     -0.1882819572,                 0,      -65.69356616,              -nan
          0,           0,         147,      -8.577960652,      -6.502562612,       -7.94442095,      -4.834880969,      -10.49250961,   5.159359477e-09,   0.0004149831165,          83.88608,          83.88608,          83.88608,       6409.460359,     0.00286606343,     -0.1882819584,                 0,                 0,                 0,     -0.1407303768,     0.00286606343,     -0.1882819584,                 0,      -65.69357691,              -nan
          0,           0,         148,      -8.577977061,      -6.502720948,      -7.944711368,      -4.842808853,      -10.49148906,   1.031872302e-08,   0.0008299662331,         167.77216,         167.77216,         167.77216,       6409.460359,    0.002866062527,     -0.1882819609,                 0,                 0,                 0,     -0.1407303787,    0.002866062527,     -0.1882819609,                 0,      -65.69359847,              -nan
          0,           0,         149,      -8.578004403,      -6.503055615,      -7.896841961,      -4.802179061,      -10.48945632,   2.063746232e-08,    0.001659932466,         16.777216,         16.777216,         16.777216,       6409.460359,    0.002866060725,     -0.1882819657,                 0,                 0,                 0,     -0.1407303824,    0.002866060725,     -0.1882819657,                 0,      -65.69364147,              -nan
          0,           0,         150,      -8.578089512,      -6.503589717,      -7.758209696,      -4.670741436,      -10.49415442,   2.063749503e-09,   0.0001659932466,         33.554432,         33.554432,         33.554432,       6409.460359,    0.002866060545,     -0.1882819662,                 0,                 0,                 0,     -0.1407303828,    0.002866060545,     -0.1882819662,                 0,      -65.69364578,              -nan
          0,           0,         151,      -8.578150966,      -6.503714601,      -7.891353244,      -4.759914544,      -10.49370585,    4.12749966e-09,   0.0003319864932,         67.108864,         67.108864,         67.108864,       6409.460359,    0.002866060184,     -0.1882819673,                 0,                 0,                 0,     -0.1407303836,    0.002866060184,     -0.1882819673,                 0,       -65.6936544,              -nan
          0,           0,         152,      -8.578188261,      -6.503835382,      -7.933769756,      -4.804514151,      -10.49287345,   8.255001941e-09,   0.0006639729863,        134.217728,        134.217728,        134.217728,       6409.460359,    0.002866059464,     -0.1882819692,                 0,                 0,                 0,      -0.140730385,    0.002866059464,     -0.1882819692,                 0,      -65.69367159,              -nan
          0,           0,         153,      -8.578228971,      -6.504079643,      -7.925621356,      -4.812474937,      -10.49125174,   1.651001438e-08,    0.001327945973,        13.4217728,        13.4217728,        13.4217728,       6409.460359,    0.002866058025,     -0.1882819726,                 0,                 0,                 0,     -0.1407303871,    0.002866058025,     -0.1882819726,                 0,      -65.69370575,              -nan
          0,           0,         154,      -8.578291478,      -6.504557196,      -7.818908696,      -4.727265335,      -10.49503641,   1.651003545e-09,   0.0001327945972,        26.8435456,        26.8435456,        26.8435456,       6409.460359,    0.002866057881,     -0.1882819729,                 0,                 0,                 0,     -0.1407303873,    0.002866057881,     -0.1882819729,                 0,      -65.69370917,              -nan
          0,           0,         155,      -8.578327061,      -6.504632163,      -7.911396294,      -4.789926729,      -10.49467788,   3.302007511e-09,   0.0002655891945,        53.6870912,        53.6870912,        53.6870912,       6409.460359,    0.002866057593,     -0.1882819736,                 0,                 0,                 0,     -0.1407303877,    0.002866057593,     -0.1882819736,                 0,      -65.69371601,              -nan
          0,           0,         156,      -8.578350816,      -6.504724699,      -7.941204953,      -4.823153151,      -10.49400882,    6.60401671e-09,    0.000531178389,       107.3741824,       107.3741824,       107.3741824,       6409.460359,    0.002866057018,      -0.188281975,                 0,                 0,                 0,     -0.1407303886,    0.002866057018,      -0.188281975,                 0,      -65.69372967,              -nan
          0,           0,         157,      -8.578376679,      -6.504922668,      -7.937876305,       -4.83224996,      -10.49270968,   1.320804018e-08,    0.001062356778,       10.73741824,       10.73741824,       10.73741824,       6409.460359,    0.002866055868,     -0.1882819778,                 0,                 0,                 0,     -0.1407303905,    0.002866055868,     -0.1882819778,                 0,        -65.693757,              -nan
          0,           0,         158,      -8.578417157,      -6.505330902,      -7.861563543,      -4.770550205,      -10.49575595,   1.320805373e-09,   0.0001062356778,       21.47483648,       21.47483648,       21.47483648,       6409.460359,    0.002866055753,      -0.188281978,                 0,                 0,                 0,     -0.1407303907,    0.002866055753,      -0.188281978,                 0,      -65.69375973,              -nan
          0,           0,         159,      -8.578438029,      -6.505382945,      -7.924034362,      -4.814098592,      -10.49546882,   2.641611017e-09,   0.0002124713556,       42.94967296,       42.94967296,       42.94967296,       6409.460359,    0.002866055524,     -0.1882819786,                 0,                 0,                 0,     -0.1407303911,    0.002866055524,     -0.1882819786,                 0,      -65.69376521,              -nan
          0,           0,         160,      -8.578453256,      -6.505457121,      -7.946150325,      -4.838478732,      -10.49492907,   5.283223119e-09,   0.0004249427111,       85.89934592,       85.89934592,       85.89934592,       6409.460359,    0.002866055064,     -0.1882819799,                 0,                 0,                 0,      -0.140730392,    0.002866055064,     -0.1882819799,                 0,      -65.69377617,              -nan
          0,           0,         161,       -8.57847127,      -6.505616037,      -7.946559744,      -4.846151878,      -10.49388533,   1.056645058e-08,   0.0008498854222,       171.7986918,       171.7986918,       171.7986918,       6409.460359,    0.002866054146,     -0.1882819825,                 0,                 0,                 0,     -0.1407303942,    0.002866054146,     -0.1882819825,                 0,      -65.69379814,              -nan
          0,           0,         162,      -8.578502669,      -6.505954125,      -7.895198528,      -4.802979838,      -10.49180548,   2.113291858e-08,    0.001699770844,       17.17986918,       17.17986918,       17.17986918,       6409.460359,    0.002866052311,     -0.1882819874,                 0,                 0,                 0,     -0.1407303981,    0.002866052311,     -0.1882819874,                 0,      -65.69384189,              -nan
          0,           0,         163,      -8.578599258,       -6.50649508,      -7.752821697,      -4.668620329,      -10.49661604,   2.113295355e-09,   0.0001699770844,       34.35973837,       34.35973837,       34.35973837,       6409.460359,    0.002866052128,     -0.1882819879,                 0,                 0,                 0,     -0.1407303985,    0.002866052128,     -0.1882819879,                 0,      -65.69384627,              -nan
          0,           0,         164,      -8.578664175,      -6.506620773,      -7.890130704,      -4.761353908,      -10.49615837,    4.22659141e-09,   0.0003399541688,       68.71947674,       68.71947674,       68.71947674,       6409.460359,    0.002866051761,     -0.1882819889,                 0,                 0,                 0,     -0.1407303993,    0.002866051761,     -0.1882819889,                 0,      -65.69385504,              -nan
          0,           0,         165,      -8.578704054,      -6.506740826,      -7.934104931,      -4.807482307,      -10.49530794,   8.453185622e-09,   0.0006799083376,       137.4389535,       137.4389535,       137.4389535,       6409.460359,    0.002866051028,     -0.1882819908,                 0,                 0,                 0,     -0.1407304007,    0.002866051028,     -0.1882819908,                 0,       -65.6938725,              -nan
          0,           0,         166,      -8.578748611,       -6.50698872,      -7.925554945,      -4.814797329,      -10.49364875,   1.690638247e-08,    0.001359816675,       13.74389535,       13.74389535,       13.74389535,       6409.460359,    0.002866049563,      -0.188281994,                 0,                 0,                 0,     -0.1407304027,    0.002866049563,      -0.188281994,                 0,      -65.69390719,              -nan
          0,           0,         167,      -8.578817925,      -6.507475522,       -7.81564084,      -4.726066971,      -10.49752415,     1.6906405e-09,   0.0001359816675,       27.48779069,       27.48779069,       27.48779069,       6409.460359,    0.002866049416,     -0.1882819943,                 0,                 0,                 0,     -0.1407304029,    0.002866049416,     -0.1882819943,                 0,      -65.69391066,              -nan
          0,           0,         168,      -8.578855596,      -6.507552534,       -7.91175107,      -4.791426817,       -10.4971576,    3.38128145e-09,    0.000271963335,       54.97558139,       54.97558139,       54.97558139,       6409.460359,    0.002866049124,      -0.188281995,                 0,                 0,                 0,     -0.1407304033,    0.002866049124,      -0.188281995,                 0,      -65.69391761,              -nan
          0,           0,         169,      -8.578881041,      -6.507646559,      -7.942531069,      -4.825865491,       -10.4964735,   6.762564705e-09,     0.00054392667,       109.9511628,       109.9511628,       109.9511628,       6409.460359,    0.002866048538,     -0.1882819963,                 0,                 0,                 0,     -0.1407304041,    0.002866048538,     -0.1882819963,                 0,      -65.69393148,              -nan
          0,           0,         170,      -8.578909163,      -6.507849024,      -7.938864081,      -4.834715981,      -10.49514404,   1.352513664e-08,     0.00108785334,       10.99511628,       10.99511628,       10.99511628,       6409.460359,    0.002866047368,     -0.1882819989,                 0,                 0,                 0,     -0.1407304059,    0.002866047368,     -0.1882819989,                 0,      -65.69395923,              -nan
          0,           0,         171,      -8.578952964,      -6.508266842,      -7.859956132,      -4.769810109,      -10.49826341,   1.352515112e-09,    0.000108785334,       21.99023256,       21.99023256,       21.99023256,       6409.460359,    0.002866047251,     -0.1882819992,                 0,                 0,                 0,     -0.1407304061,    0.002866047251,     -0.1882819992,                 0,      -65.69396201,              -nan
          0,           0,         172,         -8.578975,      -6.508321217,      -7.925228757,      -4.815370472,      -10.49796938,   2.705030515e-09,    0.000217570668,       43.98046511,       43.98046511,       43.98046511,       6409.460359,    0.002866047017,     -0.1882819998,                 0,                 0,                 0,     -0.1407304065,    0.002866047017,     -0.1882819998,                 0,      -65.69396757,              -nan
          0,           0,         173,      -8.578991117,      -6.508397704,      -7.947951198,      -4.840702331,      -10.49741713,    5.41006219e-09,   0.0004351413359,       87.96093022,       87.96093022,       87.96093022,       6409.460359,    0.002866046549,      -0.188282001,                 0,                 0,                 0,     -0.1407304074,    0.002866046549,      -0.188282001,                 0,      -65.69397871,              -nan
          0,           0,         174,      -8.579010185,      -6.508561383,      -7.948088619,      -4.848403535,      -10.49634899,   1.082012903e-08,   0.0008702826718,       175.9218604,       175.9218604,       175.9218604,       6409.460359,    0.002866045615,     -0.1882820035,                 0,                 0,                 0,     -0.1407304095,    0.002866045615,     -0.1882820035,                 0,      -65.69400103,              -nan
          0,           0,         175,      -8.579042781,      -6.508908856,      -7.894817248,      -4.802811612,       -10.4942202,   2.164027667e-08,    0.001740565344,       17.59218604,       17.59218604,       17.59218604,       6409.460359,    0.002866043748,     -0.1882820083,                 0,                 0,                 0,     -0.1407304133,    0.002866043748,     -0.1882820083,                 0,      -65.69404546,              -nan
          0,           0,         176,       -8.57914041,      -6.509458479,      -7.750087201,      -4.664777528,      -10.49914427,   2.164031407e-09,   0.0001740565343,                10,                10,                10,       6409.460359,    0.002866043561,     -0.1882820088,                 0,                 0,                 0,     -0.1407304137,    0.002866043561,     -0.1882820088,                 0,      -65.69404992,              -nan
          0,           0,         177,      -8.579207524,      -6.509592962,      -7.891445856,      -4.759968045,      -10.49940735,   1.230109649e-09,   9.893968487e-05,                10,                10,                10,       6409.460359,    0.002866043455,      -0.188282009,                 0,                 0,                 0,     -0.1407304139,    0.002866043455,      -0.188282009,                 0,      -65.69405245,              -nan
          0,           0,         178,      -8.579224219,       -6.50963152,      -7.917481538,      -4.785536037,      -10.49942684,    1.23010977e-09,   9.893968487e-05,                10,                10,                10,       6409.460359,    0.002866043349,     -0.1882820093,                 0,                 0,                 0,     -0.1407304141,    0.002866043349,     -0.1882820093,                 0,      -65.69405498,              -nan
          0,           0,         179,      -8.579234995,      -6.509659945,      -7.922641948,      -4.799859832,      -10.49944925,   1.230109891e-09,   9.893968487e-05,                10,                10,                10,       6409.460359,    0.002866043243,     -0.1882820096,                 0,                 0,                 0,     -0.1407304144,    0.002866043243,     -0.1882820096,                 0,      -65.69405751,              -nan
          0,           0,         180,      -8.579243779,      -6.509684788,      -7.924455506,      -4.810672186,      -10.49947422,   1.230110012e-09,   9.893968487e-05,                10,                10,                10,       6409.460359,    0.002866043137,     -0.1882820099,                 0,                 0,                 0,     -0.1407304146,    0.002866043137,     -0.1882820099,                 0,      -65.69406005,              -nan
          0,           0,         181,       -8.57925133,      -6.509709013,      -7.925464361,      -4.819486827,      -10.49950141,   1.230110134e-09,   9.893968486e-05,                10,                10,                10,       6409.460359,     0.00286604303,     -0.1882820102,                 0,                 0,                 0,     -0.1407304149,     0.00286604303,     -0.1882820102,                 0,      -65.69406258,              -nan
          0,           0,         182,      -8.579257838,      -6.509734357,      -7.925478102,      -4.826582779,      -10.49953048,   1.230110255e-09,   9.893968486e-05,                10,                10,                10,       6409.460359,    0.002866042924,     -0.1882820105,                 0,                 0,                 0,     -0.1407304151,    0.002866042924,     -0.1882820105,                 0,      -65.69406511,              -nan
          0,           0,         183,      -8.579263514,      -6.509761762,       -7.92475952,      -4.832371526,      -10.49956112,   1.230110376e-09,   9.893968486e-05,                10,                10,                10,       6409.460359,    0.002866042818,     -0.1882820108,                 0,                 0,                 0,     -0.1407304153,    0.002866042818,     -0.1882820108,                 0,      -65.69406765,              -nan
          0,           0,         184,      -8.579268554,      -6.509791611,      -7.923763521,      -4.837282011,      -10.49959305,   1.230110497e-09,   9.893968486e-05,                10,                10,                10,       6409.460359,    0.002866042712,     -0.1882820111,                 0,                 0,                 0,     -0.1407304156,    0.002866042712,     -0.1882820111,                 0,      -65.69407018,              -nan
          0,           0,         185,      -8.579273085,      -6.509823937,      -7.922767596,      -4.841584084,        -10.499626,   1.230110618e-09,   9.893968486e-05,                10,                10,                10,       6409.460359,    0.002866042606,     -0.1882820114,                 0,                 0,                 0,     -0.1407304158,    0.002866042606,     -0.1882820114,                 0,      -65.69407271,              -nan
          0,           0,         186,      -8.579277173,      -6.509858593,      -7.921878793,      -4.845406369,      -10.49965974,   1.230110739e-09,   9.893968486e-05,                10,                10,                10,       6409.460359,      0.0028660425,     -0.1882820117,                 0,                 0,                 0,      -0.140730416,      0.0028660425,     -0.1882820117,                 0,      -65.69407524,              -nan
          0,           0,         187,      -8.579280859,      -6.509895349,      -7.921135378,      -4.848812464,      -10.49969408,    1.23011086e-09,   9.893968486e-05,                10,                10,                10,       6409.460359,    0.002866042394,     -0.1882820119,                 0,                 0,                 0,     -0.1407304162,    0.002866042394,     -0.1882820119,                 0,      -65.69407776,              -nan
          0,           0,         188,      -8.579284169,      -6.509933953,      -7.920559309,      -4.851848413,      -10.49972883,   1.230110982e-09,   9.893968486e-05,                10,                10,                10,       6409.460359,    0.002866042288,     -0.1882820122,                 0,                 0,                 0,     -0.1407304164,    0.002866042288,     -0.1882820122,                 0,      -65.69408028,              -nan
          0,           0,         189,      -8.579287125,      -6.509974152,      -7.920166532,      -4.854558801,      -10.49976387,   1.230111103e-09,   9.893968486e-05,                10,                10,                10,       6409.460359,    0.002866042182,     -0.1882820124,                 0,                 0,                 0,     -0.1407304166,    0.002866042182,     -0.1882820124,                 0,       -65.6940828,              -nan
          0,           0,         190,      -8.579289748,      -6.510015708,      -7.919965083,      -4.856988813,      -10.49979907,   1.230111224e-09,   9.893968486e-05,                10,                10,                10,       6409.460359,    0.002866042076,     -0.1882820127,                 0,                 0,                 0,     -0.1407304167,    0.002866042076,     -0.1882820127,                 0,      -65.69408531,              -nan
          0,           0,         191,      -8.579292057,        -6.5100584,      -7.919953456,      -4.859182254,      -10.49983435,   1.230111346e-09,   9.893968486e-05,                10,                10,                10,       6409.460359,     0.00286604197,     -0.1882820129,                 0,                 0,                 0,     -0.1407304169,     0.00286604197,     -0.1882820129,                 0,      -65.69408783,              -nan
          0,           0,         192,      -8.579294074,       -6.51010203,      -7.920121293,      -4.861179044,      -10.49986964,   1.230111467e-09,   9.893968485e-05,                10,                10,                10,       6409.460359,    0.002866041864,     -0.1882820131,                 0,                 0,                 0,      -0.140730417,    0.002866041864,     -0.1882820131,                 0,      -65.69409033,              -nan
          0,           0,         193,       -8.57929582,      -6.510146421,       -7.92045155,      -4.863013284,       -10.4999049,   1.230111588e-09,   9.893968485e-05,                10,                10,                10,       6409.460359,    0.002866041758,     -0.1882820133,                 0,                 0,                 0,     -0.1407304172,    0.002866041758,     -0.1882820133,                 0,      -65.69409284,              -nan
          0,           0,         194,      -8.579297318,      -6.510191422,      -7.920923326,      -4.864712311,      -10.49994008,    1.23011171e-09,   9.893968485e-05,                10,                10,                10,       6409.460359,    0.002866041652,     -0.1882820136,                 0,                 0,                 0,     -0.1407304173,    0.002866041652,     -0.1882820136,                 0,      -65.69409534,              -nan
          0,           0,         195,       -8.57929859,      -6.510236901,      -7.921514725,      -4.866296857,      -10.49997517,   1.230111831e-09,   9.893968485e-05,                10,                10,                10,       6409.460359,    0.002866041546,     -0.1882820138,                 0,                 0,                 0,     -0.1407304174,    0.002866041546,     -0.1882820138,                 0,      -65.69409785,              -nan
          0,           0,         196,      -8.579299655,      -6.510282745,      -7.922204589,      -4.867781886,      -10.50001016,   1.230111953e-09,   9.893968485e-05,                10,                10,                10,       6409.460359,     0.00286604144,      -0.188282014,                 0,                 0,                 0,     -0.1407304175,     0.00286604144,      -0.188282014,                 0,      -65.69410035,              -nan
          0,           0,         197,      -8.579300532,      -6.510328856,      -7.922973501,      -4.869177786,      -10.50004505,   1.230112074e-09,   9.893968485e-05,                10,                10,                10,       6409.460359,    0.002866041334,     -0.1882820142,                 0,                 0,                 0,     -0.1407304176,    0.002866041334,     -0.1882820142,                 0,      -65.69410285,              -nan
          0,           0,         198,      -8.579301234,      -6.510375151,      -7.923803953,      -4.870491549,      -10.50007986,   1.230112196e-09,   9.893968485e-05,                10,                10,                10,       6409.460359,    0.002866041228,     -0.1882820144,                 0,                 0,                 0,     -0.1407304178,    0.002866041228,     -0.1882820144,                 0,      -65.69410535,              -nan
          0,           0,         199,      -8.579301771,      -6.510421558,      -7.924680141,      -4.871727622,      -10.50011459,   1.230112317e-09,   9.893968485e-05,                10,                10,                10,       6409.460359,    0.002866041123,     -0.1882820146,                 0,                 0,                 0,     -0.1407304179,    0.002866041123,     -0.1882820146,                 0,      -65.69410785,              -nan
          0,           0,         200,      -8.579302151,      -6.510468015,      -7.925588299,      -4.872888422,      -10.50014925,   1.230112439e-09,   9.893968485e-05,                10,                10,                10,       6409.460359,    0.002866041017,     -0.1882820148,                 0,                 0,                 0,      -0.140730418,    0.002866041017,     -0.1882820148,                 0,      -65.69411035,              -nan
          0,           0,         201,      -8.579302378,      -6.510514468,      -7.926517037,      -4.873974336,      -10.50018387,   1.230112561e-09,   9.893968485e-05,                10,                10,                10,       6409.460359,    0.002866040911,      -0.188282015,                 0,                 0,                 0,     -0.1407304181,    0.002866040911,      -0.188282015,                 0,      -65.69411285,              -nan
          0,           0,         202,      -8.579302454,       -6.51056087,      -7.927458292,      -4.874983472,      -10.50021845,   1.230112682e-09,   9.893968484e-05,                10,                10,                10,       6409.460359,    0.002866040805,     -0.1882820152,                 0,                 0,                 0,     -0.1407304182,    0.002866040805,     -0.1882820152,                 0,      -65.69411535,              -nan
          0,           0,         203,       -8.57930238,      -6.510607178,      -7.928408042,      -4.875911317,      -10.50025303,   1.230112804e-09,   9.893968484e-05,                10,                10,                10,       6409.460359,    0.002866040699,     -0.1882820155,                 0,                 0,                 0,     -0.1407304183,    0.002866040699,     -0.1882820155,                 0,      -65.69411786,              -nan
          0,           0,         204,      -8.579302158,      -6.510653355,      -7.929366871,      -4.876750571,       -10.5002876,   1.230112926e-09,   9.893968484e-05,                10,                10,                10,       6409.460359,    0.002866040593,     -0.1882820157,                 0,                 0,                 0,     -0.1407304185,    0.002866040593,     -0.1882820157,                 0,      -65.69412036,              -nan
          0,           0,         205,       -8.57930179,      -6.510699364,      -7.930339748,      -4.877491392,      -10.50032219,   1.230113047e-09,   9.893968484e-05,                10,                10,                10,       6409.460359,    0.002866040487,     -0.1882820159,                 0,                 0,                 0,     -0.1407304186,    0.002866040487,     -0.1882820159,                 0,      -65.69412287,              -nan
          0,           0,         206,      -8.579301282,      -6.510745171,      -7.931335115,      -4.878122027,      -10.50035681,   1.230113169e-09,   9.893968484e-05,                10,                10,                10,       6409.460359,    0.002866040381,     -0.1882820161,                 0,                 0,                 0,     -0.1407304188,    0.002866040381,     -0.1882820161,                 0,      -65.69412538,              -nan
          0,           0,         207,      -8.579300641,      -6.510790741,      -7.932363717,      -4.878629782,      -10.50039147,   1.230113291e-09,   9.893968484e-05,                10,                10,                10,       6409.460359,    0.002866040275,     -0.1882820164,                 0,                 0,                 0,      -0.140730419,    0.002866040275,     -0.1882820164,                 0,      -65.69412789,              -nan
          0,           0,         208,       -8.57929988,      -6.510836039,      -7.933437048,      -4.879002102,      -10.50042618,   1.230113413e-09,   9.893968484e-05,                10,                10,                10,       6409.460359,     0.00286604017,     -0.1882820166,                 0,                 0,                 0,     -0.1407304192,     0.00286604017,     -0.1882820166,                 0,      -65.69413041,              -nan
          0,           0,         209,      -8.579299018,      -6.510881029,      -7.934566069,      -4.879227549,      -10.50046095,   1.230113534e-09,   9.893968484e-05,                10,                10,                10,       6409.460359,    0.002866040064,     -0.1882820169,                 0,                 0,                 0,     -0.1407304194,    0.002866040064,     -0.1882820169,                 0,      -65.69413293,              -nan
          0,           0,         210,      -8.579298077,      -6.510925674,      -7.935760181,      -4.879296727,      -10.50049578,   1.230113656e-09,   9.893968484e-05,                10,                10,                10,       6409.460359,    0.002866039958,     -0.1882820172,                 0,                 0,                 0,     -0.1407304196,    0.002866039958,     -0.1882820172,                 0,      -65.69413545,              -nan
          0,           0,         211,      -8.579297089,      -6.510969937,      -7.937026548,      -4.879202921,      -10.50053067,   1.230113778e-09,   9.893968484e-05,                10,                10,                10,       6409.460359,    0.002866039852,     -0.1882820175,                 0,                 0,                 0,     -0.1407304199,    0.002866039852,     -0.1882820175,                 0,      -65.69413798,              -nan
          0,           0,         212,       -8.57929609,      -6.511013779,      -7.938369602,      -4.878942606,      -10.50056561,     1.2301139e-09,   9.893968484e-05,                10,                10,                10,       6409.460359,    0.002866039746,     -0.1882820178,                 0,                 0,                 0,     -0.1407304202,    0.002866039746,     -0.1882820178,                 0,      -65.69414052,              -nan
          0,           0,         213,      -8.579295124,      -6.511057167,      -7.939790883,      -4.878515758,      -10.50060059,   1.230114022e-09,   9.893968484e-05,                10,                10,                10,       6409.460359,     0.00286603964,     -0.1882820182,                 0,                 0,                 0,     -0.1407304205,     0.00286603964,     -0.1882820182,                 0,      -65.69414306,              -nan
          0,           0,         214,       -8.57929424,      -6.511100068,      -7.941289048,      -4.877926005,      -10.50063559,   1.230114144e-09,   9.893968483e-05,                10,                10,                10,       6409.460359,    0.002866039535,     -0.1882820185,                 0,                 0,                 0,     -0.1407304209,    0.002866039535,     -0.1882820185,                 0,      -65.69414562,              -nan
          0,           0,         215,      -8.579293493,      -6.511142457,      -7.942859973,      -4.877180665,       -10.5006706,   1.230114266e-09,   9.893968483e-05,                10,                10,                10,       6409.460359,    0.002866039429,     -0.1882820189,                 0,                 0,                 0,     -0.1407304213,    0.002866039429,     -0.1882820189,                 0,      -65.69414818,              -nan
          0,           0,         216,      -8.579292939,      -6.511184316,      -7.944496976,      -4.876290574,      -10.50070558,   1.230114388e-09,   9.893968483e-05,                10,                10,                10,       6409.460359,    0.002866039323,     -0.1882820193,                 0,                 0,                 0,     -0.1407304218,    0.002866039323,     -0.1882820193,                 0,      -65.69415074,              -nan
          0,           0,         217,      -8.579292638,      -6.511225637,      -7.946191176,      -4.875269888,      -10.50074051,    1.23011451e-09,   9.893968483e-05,                10,                10,                10,       6409.460359,    0.002866039217,     -0.1882820198,                 0,                 0,                 0,     -0.1407304223,    0.002866039217,     -0.1882820198,                 0,      -65.69415332,              -nan
          0,           0,         218,      -8.579292646,      -6.511266423,      -7.947931611,      -4.874135799,      -10.50077534,   1.230114632e-09,   9.893968483e-05,                10,                10,                10,       6409.460359,    0.002866039112,     -0.1882820202,                 0,                 0,                 0,     -0.1407304228,    0.002866039112,     -0.1882820202,                 0,       -65.6941559,              -nan
          0,           0,         219,      -8.579293019,      -6.511306693,      -7.949705383,      -4.872908248,      -10.50081005,   1.230114754e-09,   9.893968483e-05,                10,                10,                10,       6409.460359,    0.002866039006,     -0.1882820207,                 0,                 0,                 0,     -0.1407304234,    0.002866039006,     -0.1882820207,                 0,      -65.69415849,              -nan
          0,           0,         220,      -8.579293808,      -6.511346475,      -7.951497596,      -4.871609626,      -10.50084459,   1.230114876e-09,   9.893968483e-05,                10,                10,                10,       6409.460359,      0.0028660389,     -0.1882820212,                 0,                 0,                 0,      -0.140730424,      0.0028660389,     -0.1882820212,                 0,      -65.69416109,              -nan
          0,           0,         221,      -8.579295054,      -6.511385816,      -7.953291159,      -4.870264401,      -10.50087893,   1.230114998e-09,   9.893968483e-05,                10,                10,                10,       6409.460359,    0.002866038794,     -0.1882820217,                 0,                 0,                 0,     -0.1407304246,    0.002866038794,     -0.1882820217,                 0,      -65.69416369,              -nan
          0,           0,         222,      -8.579296791,      -6.511424769,      -7.955066687,      -4.868898752,      -10.50091305,   1.230115121e-09,   9.893968483e-05,                10,                10,                10,       6409.460359,    0.002866038689,     -0.1882820223,                 0,                 0,                 0,     -0.1407304253,    0.002866038689,     -0.1882820223,                 0,      -65.69416631,              -nan
          0,           0,         223,      -8.579299045,      -6.511463402,      -7.956802618,      -4.867539974,      -10.50094694,   1.230115243e-09,   9.893968483e-05,                10,                10,                10,       6409.460359,    0.002866038583,     -0.1882820228,                 0,                 0,                 0,      -0.140730426,    0.002866038583,     -0.1882820228,                 0,      -65.69416892,              -nan
          0,           0,         224,      -8.579301827,      -6.511501787,      -7.958475543,      -4.866215741,      -10.50098057,   1.230115365e-09,   9.893968483e-05,                20,                20,                20,       6409.460359,    0.002866038477,     -0.1882820234,                 0,                 0,                 0,     -0.1407304268,    0.002866038477,     -0.1882820234,                 0,      -65.69417155,              -nan
          0,           0,         225,      -8.579305141,      -6.511540003,      -7.960061056,       -4.86495319,      -10.50073052,   2.460230975e-09,   0.0001978793696,                40,                40,                40,       6409.460359,    0.002866038266,     -0.1882820246,                 0,                 0,                 0,     -0.1407304284,    0.002866038266,     -0.1882820246,                 0,      -65.69417682,              -nan
          0,           0,         226,      -8.579314178,      -6.511620309,      -7.961895606,      -4.860882558,      -10.50023736,   4.920462928e-09,   0.0003957587393,                10,                10,                10,       6409.460359,    0.002866037843,     -0.1882820271,                 0,                 0,                 0,     -0.1407304317,    0.002866037843,     -0.1882820271,                 0,      -65.69418737,              -nan
          0,           0,         227,      -8.579339578,      -6.511788145,      -7.954113382,      -4.847431346,       -10.5012206,   1.230116222e-09,   9.893968482e-05,                20,                20,                20,       6409.460359,    0.002866037738,     -0.1882820277,                 0,                 0,                 0,     -0.1407304325,    0.002866037738,     -0.1882820277,                 0,      -65.69419001,              -nan
          0,           0,         228,      -8.579347882,      -6.511826874,      -7.963482516,      -4.853545265,      -10.50096487,   2.460232688e-09,   0.0001978793696,                40,                40,                40,       6409.460359,    0.002866037526,      -0.188282029,                 0,                 0,                 0,     -0.1407304342,    0.002866037526,      -0.188282029,                 0,      -65.69419529,              -nan
          0,           0,         229,      -8.579363297,      -6.511904361,      -7.966350552,       -4.85507372,      -10.50046863,   4.920466357e-09,   0.0003957587393,                80,                80,                80,       6409.460359,    0.002866037104,     -0.1882820314,                 0,                 0,                 0,     -0.1407304375,    0.002866037104,     -0.1882820314,                 0,      -65.69420583,              -nan
          0,           0,         230,      -8.579396793,      -6.512067431,      -7.957246029,      -4.847767147,       -10.4994953,   9.840936638e-09,   0.0007915174785,                10,                10,                10,       6409.460359,     0.00286603626,     -0.1882820358,                 0,                 0,                 0,     -0.1407304431,     0.00286603626,     -0.1882820358,                 0,      -65.69422671,              -nan
          0,           0,         231,      -8.579474871,      -6.512377006,      -7.901474669,      -4.807921184,      -10.50172764,   1.230118062e-09,   9.893968481e-05,                20,                20,                20,       6409.460359,    0.002866036154,     -0.1882820363,                 0,                 0,                 0,     -0.1407304438,    0.002866036154,     -0.1882820363,                 0,      -65.69422932,              -nan
          0,           0,         232,      -8.579494283,       -6.51242115,      -7.939099926,      -4.835029457,       -10.5014648,   2.460236371e-09,   0.0001978793696,                40,                40,                40,       6409.460359,    0.002866035943,     -0.1882820374,                 0,                 0,                 0,     -0.1407304451,    0.002866035943,     -0.1882820374,                 0,      -65.69423452,              -nan
          0,           0,         233,      -8.579519071,      -6.512489883,      -7.953673982,      -4.849835493,      -10.50096344,   4.920473725e-09,   0.0003957587392,                80,                80,                80,       6409.460359,    0.002866035521,     -0.1882820393,                 0,                 0,                 0,     -0.1407304475,    0.002866035521,     -0.1882820393,                 0,      -65.69424487,              -nan
          0,           0,         234,      -8.579563492,        -6.5126304,       -7.95330851,      -4.853836057,       -10.4999862,   9.840951388e-09,   0.0007915174784,               160,               160,               160,       6409.460359,    0.002866034678,     -0.1882820423,                 0,                 0,                 0,     -0.1407304507,    0.002866034678,     -0.1882820423,                 0,      -65.69426522,              -nan
          0,           0,         235,      -8.579653172,      -6.512909662,       -7.90683035,      -4.820159523,      -10.49803798,   1.968191856e-08,    0.001583034957,                16,                16,                16,       6409.460359,    0.002866032993,     -0.1882820448,                 0,                 0,                 0,     -0.1407304522,    0.002866032993,     -0.1882820448,                 0,      -65.69430473,              -nan
          0,           0,         236,      -8.579832483,       -6.51336351,      -7.781309502,      -4.702974635,      -10.50255107,   1.968195023e-09,   0.0001583034957,                32,                32,                32,       6409.460359,    0.002866032824,     -0.1882820451,                 0,                 0,                 0,     -0.1407304523,    0.002866032824,     -0.1882820451,                 0,      -65.69430868,              -nan
          0,           0,         237,      -8.579895252,      -6.513462154,      -7.899514882,      -4.786693011,      -10.50212741,   3.936390681e-09,   0.0003166069913,                64,                64,                64,       6409.460359,    0.002866032488,     -0.1882820455,                 0,                 0,                 0,     -0.1407304524,    0.002866032488,     -0.1882820455,                 0,      -65.69431655,              -nan
          0,           0,         238,      -8.579946209,       -6.51355039,      -7.942361008,      -4.827028587,      -10.50133249,   7.872783899e-09,   0.0006332139826,               128,               128,               128,       6409.460359,    0.002866031814,      -0.188282046,                 0,                 0,                 0,     -0.1407304522,    0.002866031814,      -0.188282046,                 0,      -65.69433217,              -nan
          0,           0,         239,      -8.580012511,       -6.51374776,      -7.942309725,      -4.834399741,      -10.49978475,   1.574557796e-08,    0.001266427965,              12.8,              12.8,              12.8,       6409.460359,    0.002866030469,     -0.1882820469,                 0,                 0,                 0,     -0.1407304512,    0.002866030469,     -0.1882820469,                 0,      -65.69436332,              -nan
          0,           0,         240,       -8.58010007,      -6.514178047,      -7.847448459,      -4.754761579,      -10.50340989,   1.574559835e-09,   0.0001266427965,              25.6,              25.6,              25.6,       6409.460359,    0.002866030334,      -0.188282047,                 0,                 0,                 0,     -0.1407304511,    0.002866030334,      -0.188282047,                 0,      -65.69436643,              -nan
          0,           0,         241,       -8.58013186,      -6.514238751,      -7.928012942,      -4.809557032,      -10.50307068,   3.149120079e-09,    0.000253285593,              51.2,              51.2,              51.2,       6409.460359,    0.002866030065,     -0.1882820472,                 0,                 0,                 0,      -0.140730451,    0.002866030065,     -0.1882820472,                 0,      -65.69437268,              -nan
          0,           0,         242,      -8.580156606,      -6.514316915,       -7.95449586,      -4.837684489,      -10.50243254,   6.298241791e-09,    0.000506571186,             102.4,             102.4,             102.4,       6409.460359,    0.002866029527,     -0.1882820478,                 0,                 0,                 0,     -0.1407304508,    0.002866029527,     -0.1882820478,                 0,      -65.69438521,              -nan
          0,           0,         243,      -8.580184718,      -6.514495605,      -7.952419454,      -4.844285315,      -10.50119235,   1.259649012e-08,    0.001013142372,             10.24,             10.24,             10.24,       6409.460359,    0.002866028452,     -0.1882820494,                 0,                 0,                 0,     -0.1407304512,    0.002866028452,     -0.1882820494,                 0,      -65.69441042,              -nan
          0,           0,         244,      -8.580220941,      -6.514884912,      -7.885596667,       -4.78643474,      -10.50410156,   1.259650323e-09,   0.0001013142372,             20.48,             20.48,             20.48,       6409.460359,    0.002866028345,     -0.1882820496,                 0,                 0,                 0,     -0.1407304512,    0.002866028345,     -0.1882820496,                 0,      -65.69441294,              -nan
          0,           0,         245,      -8.580237762,      -6.514932855,      -7.938770903,      -4.823005568,      -10.50382766,   2.519300909e-09,   0.0002026284744,             40.96,             40.96,             40.96,       6409.460359,     0.00286602813,       -0.18828205,                 0,                 0,                 0,     -0.1407304514,     0.00286602813,       -0.18828205,                 0,        -65.694418,              -nan
          0,           0,         246,      -8.580250278,      -6.515004419,      -7.957168263,       -4.84364458,      -10.50331116,   5.038602867e-09,   0.0004052569488,             81.92,             81.92,             81.92,       6409.460359,      0.0028660277,     -0.1882820509,                 0,                 0,                 0,     -0.1407304518,      0.0028660277,     -0.1882820509,                 0,      -65.69442816,              -nan
          0,           0,         247,      -8.580264105,      -6.515158772,      -7.957393785,      -4.850256261,      -10.50231275,   1.007720994e-08,   0.0008105138975,            163.84,            163.84,            163.84,       6409.460359,    0.002866026841,      -0.188282053,                 0,                 0,                 0,     -0.1407304531,    0.002866026841,      -0.188282053,                 0,      -65.69444858,              -nan
          0,           0,         248,      -8.580285537,       -6.51549113,      -7.914583305,      -4.811956969,      -10.50032402,   2.015443671e-08,    0.001621027795,            16.384,            16.384,            16.384,       6409.460359,    0.002866025126,     -0.1882820573,                 0,                 0,                 0,     -0.1407304557,    0.002866025126,     -0.1882820573,                 0,      -65.69448942,              -nan
          0,           0,         249,      -8.580358086,      -6.516024933,      -7.781866538,      -4.684458687,      -10.50490652,   2.015447051e-09,   0.0001621027795,            32.768,            32.768,            32.768,       6409.460359,    0.002866024955,     -0.1882820578,                 0,                 0,                 0,      -0.140730456,    0.002866024955,     -0.1882820578,                 0,      -65.69449351,              -nan
          0,           0,         250,       -8.58041231,      -6.516154125,      -7.907842079,      -4.766551274,      -10.50446527,   4.030894779e-09,    0.000324205559,            65.536,            65.536,            65.536,       6409.460359,    0.002866024612,     -0.1882820587,                 0,                 0,                 0,     -0.1407304566,    0.002866024612,     -0.1882820587,                 0,       -65.6945017,              -nan
          0,           0,         251,      -8.580445644,       -6.51628267,      -7.946302025,      -4.808471279,      -10.50364839,   8.061792266e-09,   0.0006484111179,           131.072,           131.072,           131.072,       6409.460359,    0.002866023926,     -0.1882820605,                 0,                 0,                 0,     -0.1407304577,    0.002866023926,     -0.1882820605,                 0,      -65.69451805,              -nan
          0,           0,         252,      -8.580482003,      -6.516532065,      -7.938747252,      -4.818261694,      -10.50206022,   1.612359538e-08,    0.001296822236,           13.1072,           13.1072,           13.1072,       6409.460359,    0.002866022556,     -0.1882820638,                 0,                 0,                 0,     -0.1407304592,    0.002866022556,     -0.1882820638,                 0,      -65.69455057,              -nan
          0,           0,         253,      -8.580537178,      -6.517009074,      -7.839815682,      -4.739326179,      -10.50574896,   1.612361714e-09,   0.0001296822236,           26.2144,           26.2144,           26.2144,       6409.460359,    0.002866022419,     -0.1882820641,                 0,                 0,                 0,     -0.1407304593,    0.002866022419,     -0.1882820641,                 0,      -65.69455383,              -nan
          0,           0,         254,      -8.580568382,      -6.517087136,      -7.925918681,      -4.796762737,      -10.50539641,   3.224723863e-09,   0.0002593644471,           52.4288,           52.4288,           52.4288,       6409.460359,    0.002866022146,     -0.1882820648,                 0,                 0,                 0,     -0.1407304597,    0.002866022146,     -0.1882820648,                 0,      -65.69456034,              -nan
          0,           0,         255,      -8.580589235,      -6.517184436,      -7.952495641,       -4.82791383,      -10.50474014,   6.449449469e-09,   0.0005187288942,          104.8576,          104.8576,          104.8576,       6409.460359,    0.002866021598,     -0.1882820661,                 0,                 0,                 0,     -0.1407304603,    0.002866021598,     -0.1882820661,                 0,      -65.69457336,              -nan
          0,           0,         256,      -8.580611309,      -6.517385092,      -7.948697137,       -4.83790195,      -10.50346894,   1.289890592e-08,    0.001037457788,          10.48576,          10.48576,          10.48576,       6409.460359,    0.002866020504,     -0.1882820689,                 0,                 0,                 0,     -0.1407304618,    0.002866020504,     -0.1882820689,                 0,      -65.69459942,              -nan
          0,           0,         257,      -8.580644027,      -6.517790817,      -7.878335606,      -4.781154909,      -10.50643702,    1.28989199e-09,   0.0001037457788,          20.97152,          20.97152,          20.97152,       6409.460359,    0.002866020395,     -0.1882820692,                 0,                 0,                 0,      -0.140730462,    0.002866020395,     -0.1882820692,                 0,      -65.69460203,              -nan
          0,           0,         258,      -8.580662044,      -6.517844012,      -7.936182719,      -4.821219323,      -10.50615539,   2.579784261e-09,   0.0002074915577,          41.94304,          41.94304,          41.94304,       6409.460359,    0.002866020176,     -0.1882820698,                 0,                 0,                 0,     -0.1407304624,    0.002866020176,     -0.1882820698,                 0,      -65.69460726,              -nan
          0,           0,         259,       -8.58067468,      -6.517919904,      -7.956245855,      -4.843982677,      -10.50562668,   5.159569642e-09,   0.0004149831153,          83.88608,          83.88608,          83.88608,       6409.460359,    0.002866019738,     -0.1882820711,                 0,                 0,                 0,     -0.1407304632,    0.002866019738,     -0.1882820711,                 0,      -65.69461772,              -nan
          0,           0,         260,      -8.580688696,      -6.518079069,      -7.956136797,      -4.851724045,      -10.50460605,   1.031914377e-08,   0.0008299662306,         167.77216,         167.77216,         167.77216,       6409.460359,    0.002866018864,     -0.1882820738,                 0,                 0,                 0,     -0.1407304653,    0.002866018864,     -0.1882820738,                 0,      -65.69463872,              -nan
          0,           0,         261,      -8.580712468,      -6.518413003,      -7.908343068,      -4.811822726,      -10.50257234,    2.06383055e-08,    0.001659932461,         16.777216,         16.777216,         16.777216,       6409.460359,    0.002866017118,     -0.1882820793,                 0,                 0,                 0,     -0.1407304693,    0.002866017118,     -0.1882820793,                 0,      -65.69468063,              -nan
          0,           0,         262,       -8.58079655,      -6.518942509,      -7.768651942,      -4.682182588,      -10.50726026,   2.063834157e-09,   0.0001659932461,         33.554432,         33.554432,         33.554432,       6409.460359,    0.002866016944,     -0.1882820798,                 0,                 0,                 0,     -0.1407304697,    0.002866016944,     -0.1882820798,                 0,      -65.69468483,              -nan
          0,           0,         263,      -8.580855753,      -6.519066554,      -7.901674214,      -4.771442911,      -10.50681226,   4.127669037e-09,   0.0003319864922,         67.108864,         67.108864,         67.108864,       6409.460359,    0.002866016594,      -0.188282081,                 0,                 0,                 0,     -0.1407304706,    0.002866016594,      -0.188282081,                 0,      -65.69469323,              -nan
          0,           0,         264,      -8.580891985,      -6.519185537,      -7.944599869,      -4.815825595,      -10.50598021,   8.255340963e-09,   0.0006639729844,        134.217728,        134.217728,        134.217728,       6409.460359,    0.002866015897,     -0.1882820831,                 0,                 0,                 0,     -0.1407304722,    0.002866015897,     -0.1882820831,                 0,      -65.69470998,              -nan
          0,           0,         265,      -8.580933239,      -6.519427203,      -7.936348438,      -4.823648341,      -10.50435823,    1.65106935e-08,    0.001327945969,        13.4217728,        13.4217728,        13.4217728,       6409.460359,    0.002866014502,     -0.1882820869,                 0,                 0,                 0,     -0.1407304745,    0.002866014502,     -0.1882820869,                 0,      -65.69474325,              -nan
          0,           0,         266,      -8.581003069,      -6.519901652,      -7.827968415,       -4.73945917,      -10.50813615,   1.651071672e-09,   0.0001327945969,        26.8435456,        26.8435456,        26.8435456,       6409.460359,    0.002866014363,     -0.1882820873,                 0,                 0,                 0,     -0.1407304747,    0.002866014363,     -0.1882820873,                 0,      -65.69474658,              -nan
          0,           0,         267,      -8.581038337,      -6.519973682,      -7.920904176,      -4.802491209,       -10.5077786,   3.302143809e-09,   0.0002655891937,        53.6870912,        53.6870912,        53.6870912,       6409.460359,    0.002866014084,      -0.188282088,                 0,                 0,                 0,     -0.1407304752,    0.002866014084,      -0.188282088,                 0,      -65.69475323,              -nan
          0,           0,         268,      -8.581063207,      -6.520063195,      -7.951721488,      -4.835639606,      -10.50711017,   6.604289477e-09,   0.0005311783874,       107.3741824,       107.3741824,       107.3741824,       6409.460359,    0.002866013527,     -0.1882820895,                 0,                 0,                 0,     -0.1407304761,    0.002866013527,     -0.1882820895,                 0,      -65.69476653,              -nan
          0,           0,         269,      -8.581092828,      -6.520257878,      -7.948956876,      -4.844428779,      -10.50581095,    1.32085864e-08,    0.001062356775,       10.73741824,       10.73741824,       10.73741824,       6409.460359,    0.002866012413,     -0.1882820925,                 0,                 0,                 0,     -0.1407304779,    0.002866012413,     -0.1882820925,                 0,      -65.69479309,              -nan
          0,           0,         270,      -8.581143752,      -6.520663402,      -7.871060607,      -4.783082532,      -10.50885247,   1.320860133e-09,   0.0001062356775,       21.47483648,       21.47483648,       21.47483648,       6409.460359,    0.002866012302,     -0.1882820928,                 0,                 0,                 0,     -0.1407304781,    0.002866012302,     -0.1882820928,                 0,      -65.69479575,              -nan
          0,           0,         271,      -8.581165058,      -6.520713395,      -7.933945962,      -4.826834969,      -10.50856616,   2.641720564e-09,   0.0002124713549,       42.94967296,       42.94967296,       42.94967296,       6409.460359,    0.002866012079,     -0.1882820934,                 0,                 0,                 0,     -0.1407304785,    0.002866012079,     -0.1882820934,                 0,      -65.69480107,              -nan
          0,           0,         272,      -8.581182126,      -6.520785426,      -7.956756814,      -4.851169994,      -10.50802701,   5.283442323e-09,   0.0004249427099,       85.89934592,       85.89934592,       85.89934592,       6409.460359,    0.002866011634,     -0.1882820947,                 0,                 0,                 0,     -0.1407304794,    0.002866011634,     -0.1882820947,                 0,      -65.69481172,              -nan
          0,           0,         273,      -8.581204502,      -6.520941855,      -7.957647935,      -4.858584301,      -10.50698328,   1.056688943e-08,   0.0008498854197,       171.7986918,       171.7986918,       171.7986918,       6409.460359,    0.002866010744,     -0.1882820973,                 0,                 0,                 0,     -0.1407304814,    0.002866010744,     -0.1882820973,                 0,      -65.69483303,              -nan
          0,           0,         274,      -8.581245465,      -6.521278024,       -7.90511724,      -4.815393645,      -10.50490341,   2.113379804e-08,    0.001699770839,       17.17986918,       17.17986918,       17.17986918,       6409.460359,    0.002866008967,      -0.188282102,                 0,                 0,                 0,     -0.1407304848,    0.002866008967,      -0.188282102,                 0,       -65.6948754,              -nan
          0,           0,         275,        -8.5813589,      -6.521822111,      -7.762033554,      -4.681505962,      -10.50970858,   2.113383653e-09,   0.0001699770839,       34.35973837,       34.35973837,       34.35973837,       6409.460359,    0.002866008789,     -0.1882821025,                 0,                 0,                 0,     -0.1407304851,    0.002866008789,     -0.1882821025,                 0,      -65.69487965,              -nan
          0,           0,         276,       -8.58142304,      -6.521944386,      -7.899231229,      -4.774621499,      -10.50925193,   4.226768076e-09,   0.0003399541678,       68.71947674,       68.71947674,       68.71947674,       6409.460359,    0.002866008434,     -0.1882821035,                 0,                 0,                 0,     -0.1407304859,    0.002866008434,     -0.1882821035,                 0,      -65.69488813,              -nan
          0,           0,         277,      -8.581464829,      -6.522062312,      -7.943765832,      -4.820592972,      -10.50840202,   8.453539237e-09,   0.0006799083356,       137.4389535,       137.4389535,       137.4389535,       6409.460359,    0.002866007724,     -0.1882821052,                 0,                 0,                 0,      -0.140730487,    0.002866007724,     -0.1882821052,                 0,      -65.69490503,              -nan
          0,           0,         278,      -8.581514219,      -6.522309464,      -7.935711343,      -4.827248975,      -10.50674309,   1.690709083e-08,    0.001359816671,       13.74389535,       13.74389535,       13.74389535,       6409.460359,    0.002866006304,     -0.1882821081,                 0,                 0,                 0,     -0.1407304885,    0.002866006304,     -0.1882821081,                 0,      -65.69493856,              -nan
          0,           0,         279,      -8.581591536,      -6.522798645,      -7.825444719,      -4.737910482,      -10.51061466,   1.690711561e-09,   0.0001359816671,                10,                10,                10,       6409.460359,    0.002866006163,     -0.1882821084,                 0,                 0,                 0,     -0.1407304887,    0.002866006163,     -0.1882821084,                 0,      -65.69494192,              -nan
          0,           0,         280,      -8.581628798,       -6.52287592,      -7.921793853,      -4.803508238,      -10.51075524,   1.230154746e-09,   9.893968462e-05,                10,                10,                10,       6409.460359,    0.002866006059,     -0.1882821086,                 0,                 0,                 0,     -0.1407304888,    0.002866006059,     -0.1882821086,                 0,      -65.69494436,              -nan
          0,           0,         281,      -8.581641624,       -6.52290996,       -7.94310574,      -4.825154431,      -10.51077745,   1.230154877e-09,   9.893968462e-05,                10,                10,                10,       6409.460359,    0.002866005956,     -0.1882821088,                 0,                 0,                 0,     -0.1407304889,    0.002866005956,     -0.1882821088,                 0,       -65.6949468,              -nan
          0,           0,         282,      -8.581650059,      -6.522938561,      -7.946828661,      -4.836734173,      -10.51080208,   1.230155008e-09,   9.893968462e-05,                10,                10,                10,       6409.460359,    0.002866005853,      -0.188282109,                 0,                 0,                 0,      -0.140730489,    0.002866005853,      -0.188282109,                 0,      -65.69494924,              -nan
          0,           0,         283,       -8.58165698,      -6.522965762,      -7.947656684,      -4.845135178,      -10.51082883,    1.23015514e-09,   9.893968462e-05,                10,                10,                10,       6409.460359,     0.00286600575,     -0.1882821093,                 0,                 0,                 0,     -0.1407304891,     0.00286600575,     -0.1882821093,                 0,      -65.69495168,              -nan
          0,           0,         284,      -8.581662978,      -6.522993161,      -7.947899287,      -4.851863341,      -10.51085739,   1.230155271e-09,   9.893968461e-05,                10,                10,                10,       6409.460359,    0.002866005647,     -0.1882821095,                 0,                 0,                 0,     -0.1407304893,    0.002866005647,     -0.1882821095,                 0,      -65.69495413,              -nan
          0,           0,         285,      -8.581668192,      -6.523021693,       -7.94745389,      -4.857248975,      -10.51088749,   1.230155403e-09,   9.893968461e-05,                10,                10,                10,       6409.460359,    0.002866005543,     -0.1882821097,                 0,                 0,                 0,     -0.1407304894,    0.002866005543,     -0.1882821097,                 0,      -65.69495657,              -nan
          0,           0,         286,      -8.581672764,      -6.523051925,      -7.946520906,      -4.861649025,      -10.51091886,   1.230155534e-09,   9.893968461e-05,                10,                10,                10,       6409.460359,     0.00286600544,     -0.1882821099,                 0,                 0,                 0,     -0.1407304895,     0.00286600544,     -0.1882821099,                 0,      -65.69495901,              -nan
          0,           0,         287,      -8.581676823,      -6.523084127,      -7.945452955,      -4.865397963,      -10.51095126,   1.230155665e-09,   9.893968461e-05,                10,                10,                10,       6409.460359,    0.002866005337,     -0.1882821101,                 0,                 0,                 0,     -0.1407304896,    0.002866005337,     -0.1882821101,                 0,      -65.69496146,              -nan
          0,           0,         288,      -8.581680456,      -6.523118353,      -7.944460307,      -4.868689058,      -10.51098447,   1.230155797e-09,   9.893968461e-05,                10,                10,                10,       6409.460359,    0.002866005234,     -0.1882821104,                 0,                 0,                 0,     -0.1407304897,    0.002866005234,     -0.1882821104,                 0,       -65.6949639,              -nan
          0,           0,         289,      -8.581683707,      -6.523154516,       -7.94361228,      -4.871603546,      -10.51101829,   1.230155928e-09,   9.893968461e-05,                10,                10,                10,       6409.460359,    0.002866005131,     -0.1882821106,                 0,                 0,                 0,     -0.1407304899,    0.002866005131,     -0.1882821106,                 0,      -65.69496634,              -nan
          0,           0,         290,      -8.581686607,       -6.52319245,      -7.942920518,      -4.874178595,      -10.51105256,    1.23015606e-09,   9.893968461e-05,                10,                10,                10,       6409.460359,    0.002866005027,     -0.1882821108,                 0,                 0,                 0,       -0.14073049,    0.002866005027,     -0.1882821108,                 0,      -65.69496878,              -nan
          0,           0,         291,      -8.581689179,      -6.523231956,      -7.942384723,      -4.876445488,      -10.51108714,   1.230156192e-09,   9.893968461e-05,                10,                10,                10,       6409.460359,    0.002866004924,      -0.188282111,                 0,                 0,                 0,     -0.1407304901,    0.002866004924,      -0.188282111,                 0,      -65.69497122,              -nan
          0,           0,         292,      -8.581691445,       -6.52327282,      -7.942003678,      -4.878439181,      -10.51112191,   1.230156323e-09,   9.893968461e-05,                10,                10,                10,       6409.460359,    0.002866004821,     -0.1882821112,                 0,                 0,                 0,     -0.1407304902,    0.002866004821,     -0.1882821112,                 0,      -65.69497365,              -nan
          0,           0,         293,      -8.581693424,      -6.523314838,      -7.941775387,      -4.880196413,      -10.51115679,   1.230156455e-09,   9.893968461e-05,                10,                10,                10,       6409.460359,    0.002866004718,     -0.1882821114,                 0,                 0,                 0,     -0.1407304903,    0.002866004718,     -0.1882821114,                 0,      -65.69497609,              -nan
          0,           0,         294,      -8.581695138,      -6.523357815,       -7.94169593,      -4.881751931,       -10.5111917,   1.230156586e-09,   9.893968461e-05,                10,                10,                10,       6409.460359,    0.002866004615,     -0.1882821116,                 0,                 0,                 0,     -0.1407304904,    0.002866004615,     -0.1882821116,                 0,      -65.69497852,              -nan
          0,           0,         295,      -8.581696608,      -6.523401572,       -7.94175925,      -4.883135854,       -10.5112266,   1.230156718e-09,    9.89396846e-05,                10,                10,                10,       6409.460359,    0.002866004512,     -0.1882821118,                 0,                 0,                 0,     -0.1407304905,    0.002866004512,     -0.1882821118,                 0,      -65.69498096,              -nan
          0,           0,         296,      -8.581697855,       -6.52344595,      -7.941957012,      -4.884372357,      -10.51126144,    1.23015685e-09,    9.89396846e-05,                10,                10,                10,       6409.460359,    0.002866004409,      -0.188282112,                 0,                 0,                 0,     -0.1407304906,    0.002866004409,      -0.188282112,                 0,      -65.69498339,              -nan
          0,           0,         297,      -8.581698906,       -6.52349081,      -7.942279471,      -4.885479728,      -10.51129621,   1.230156982e-09,    9.89396846e-05,                10,                10,                10,       6409.460359,    0.002866004306,     -0.1882821122,                 0,                 0,                 0,     -0.1407304907,    0.002866004306,     -0.1882821122,                 0,      -65.69498583,              -nan
          0,           0,         298,      -8.581699785,      -6.523536028,      -7.942716324,      -4.886471017,       -10.5113309,   1.230157113e-09,    9.89396846e-05,                10,                10,                10,       6409.460359,    0.002866004203,     -0.1882821124,                 0,                 0,                 0,     -0.1407304909,    0.002866004203,     -0.1882821124,                 0,      -65.69498826,              -nan
          0,           0,         299,      -8.581700517,        -6.5235815,      -7.943257909,      -4.887354973,      -10.51136549,   1.230157245e-09,    9.89396846e-05,                10,                10,                10,       6409.460359,    0.002866004099,     -0.1882821127,                 0,                 0,                 0,      -0.140730491,    0.002866004099,     -0.1882821127,                 0,       -65.6949907,              -nan
          0,           0,         300,      -8.581701128,      -6.523627138,      -7.943895625,      -4.888136963,      -10.51139999,   1.230157377e-09,    9.89396846e-05,                10,                10,                10,       6409.460359,    0.002866003996,     -0.1882821129,                 0,                 0,                 0,     -0.1407304911,    0.002866003996,     -0.1882821129,                 0,      -65.69499314,              -nan
          0,           0,         301,      -8.581701639,      -6.523672865,      -7.944622464,      -4.888819873,      -10.51143442,   1.230157509e-09,    9.89396846e-05,                10,                10,                10,       6409.460359,    0.002866003893,     -0.1882821131,                 0,                 0,                 0,     -0.1407304912,    0.002866003893,     -0.1882821131,                 0,      -65.69499558,              -nan
          0,           0,         302,       -8.58170207,      -6.523718619,      -7.945432623,      -4.889404889,      -10.51146877,   1.230157641e-09,    9.89396846e-05,                10,                10,                10,       6409.460359,     0.00286600379,     -0.1882821133,                 0,                 0,                 0,     -0.1407304914,     0.00286600379,     -0.1882821133,                 0,      -65.69499802,              -nan
          0,           0,         303,      -8.581702435,      -6.523764347,      -7.946321078,      -4.889892185,      -10.51150305,   1.230157773e-09,    9.89396846e-05,                10,                10,                10,       6409.460359,    0.002866003687,     -0.1882821136,                 0,                 0,                 0,     -0.1407304916,    0.002866003687,     -0.1882821136,                 0,      -65.69500046,              -nan
          0,           0,         304,      -8.581702749,      -6.523810008,      -7.947283385,      -4.890281551,      -10.51153728,   1.230157905e-09,    9.89396846e-05,                10,                10,                10,       6409.460359,    0.002866003584,     -0.1882821138,                 0,                 0,                 0,     -0.1407304917,    0.002866003584,     -0.1882821138,                 0,      -65.69500291,              -nan
          0,           0,         305,      -8.581703022,      -6.523855565,      -7.948315251,      -4.890572677,      -10.51157148,   1.230158037e-09,    9.89396846e-05,                10,                10,                10,       6409.460359,    0.002866003481,     -0.1882821141,                 0,                 0,                 0,     -0.1407304919,    0.002866003481,     -0.1882821141,                 0,      -65.69500536,              -nan
          0,           0,         306,      -8.581703263,      -6.523900991,      -7.949412671,      -4.890765397,      -10.51160564,   1.230158168e-09,   9.893968459e-05,                10,                10,                10,       6409.460359,    0.002866003378,     -0.1882821143,                 0,                 0,                 0,     -0.1407304921,    0.002866003378,     -0.1882821143,                 0,      -65.69500781,              -nan
          0,           0,         307,      -8.581703479,      -6.523946264,      -7.950571942,      -4.890859677,      -10.51163978,   1.230158301e-09,   9.893968459e-05,                10,                10,                10,       6409.460359,    0.002866003275,     -0.1882821146,                 0,                 0,                 0,     -0.1407304923,    0.002866003275,     -0.1882821146,                 0,      -65.69501026,              -nan
          0,           0,         308,      -8.581703677,      -6.523991364,      -7.951789729,       -4.89085567,      -10.51167391,   1.230158433e-09,   9.893968459e-05,                10,                10,                10,       6409.460359,    0.002866003172,     -0.1882821148,                 0,                 0,                 0,     -0.1407304926,    0.002866003172,     -0.1882821148,                 0,      -65.69501272,              -nan
          0,           0,         309,      -8.581703863,      -6.524036276,      -7.953063116,      -4.890753796,      -10.51170803,   1.230158565e-09,   9.893968459e-05,                10,                10,                10,       6409.460359,    0.002866003069,     -0.1882821151,                 0,                 0,                 0,     -0.1407304928,    0.002866003069,     -0.1882821151,                 0,      -65.69501518,              -nan
          0,           0,         310,      -8.581704044,      -6.524080987,      -7.954389337,      -4.890554851,      -10.51174217,   1.230158697e-09,   9.893968459e-05,                10,                10,                10,       6409.460359,    0.002866002966,     -0.1882821154,                 0,                 0,                 0,     -0.1407304931,    0.002866002966,     -0.1882821154,                 0,      -65.69501764,              -nan
          0,           0,         311,      -8.581704228,      -6.524125483,      -7.955765581,      -4.890260217,      -10.51177631,   1.230158829e-09,   9.893968459e-05,                10,                10,                10,       6409.460359,    0.002866002863,     -0.1882821157,                 0,                 0,                 0,     -0.1407304934,    0.002866002863,     -0.1882821157,                 0,      -65.69502011,              -nan
          0,           0,         312,      -8.581704427,      -6.524169751,      -7.957188738,      -4.889872008,      -10.51181048,   1.230158961e-09,   9.893968459e-05,                10,                10,                10,       6409.460359,     0.00286600276,      -0.188282116,                 0,                 0,                 0,     -0.1407304937,     0.00286600276,      -0.188282116,                 0,      -65.69502258,              -nan
          0,           0,         313,      -8.581704653,      -6.524213776,       -7.95865512,      -4.889393275,      -10.51184468,   1.230159093e-09,   9.893968459e-05,                10,                10,                10,       6409.460359,    0.002866002657,     -0.1882821164,                 0,                 0,                 0,      -0.140730494,    0.002866002657,     -0.1882821164,                 0,      -65.69502506,              -nan
          0,           0,         314,      -8.581704923,      -6.524257544,      -7.960160272,       -4.88882809,      -10.51187891,   1.230159225e-09,   9.893968459e-05,                10,                10,                10,       6409.460359,    0.002866002554,     -0.1882821167,                 0,                 0,                 0,     -0.1407304944,    0.002866002554,     -0.1882821167,                 0,      -65.69502754,              -nan
          0,           0,         315,      -8.581705256,      -6.524301038,      -7.961698887,      -4.888181684,      -10.51191317,   1.230159358e-09,   9.893968459e-05,                10,                10,                10,       6409.460359,    0.002866002451,     -0.1882821171,                 0,                 0,                 0,     -0.1407304948,    0.002866002451,     -0.1882821171,                 0,      -65.69503002,              -nan
          0,           0,         316,      -8.581705678,      -6.524344242,      -7.963264799,      -4.887460458,      -10.51194747,    1.23015949e-09,   9.893968459e-05,                10,                10,                10,       6409.460359,    0.002866002348,     -0.1882821175,                 0,                 0,                 0,     -0.1407304952,    0.002866002348,     -0.1882821175,                 0,      -65.69503251,              -nan
          0,           0,         317,      -8.581706215,      -6.524387141,       -7.96485095,      -4.886672028,      -10.51198179,   1.230159622e-09,   9.893968458e-05,                10,                10,                10,       6409.460359,    0.002866002245,     -0.1882821179,                 0,                 0,                 0,     -0.1407304956,    0.002866002245,     -0.1882821179,                 0,      -65.69503501,              -nan
          0,           0,         318,        -8.5817069,      -6.524429719,      -7.966449486,      -4.885825189,      -10.51201613,   1.230159754e-09,   9.893968458e-05,                10,                10,                10,       6409.460359,    0.002866002143,     -0.1882821183,                 0,                 0,                 0,     -0.1407304961,    0.002866002143,     -0.1882821183,                 0,      -65.69503751,              -nan
          0,           0,         319,      -8.581707765,      -6.524471968,      -7.968052007,      -4.884929861,      -10.51205048,   1.230159887e-09,   9.893968458e-05,                10,                10,                10,       6409.460359,     0.00286600204,     -0.1882821187,                 0,                 0,                 0,     -0.1407304966,     0.00286600204,     -0.1882821187,                 0,      -65.69504002,              -nan
          0,           0,         320,      -8.581708848,      -6.524513881,      -7.969649625,      -4.883997016,      -10.51208482,   1.230160019e-09,   9.893968458e-05,                10,                10,                10,       6409.460359,    0.002866001937,     -0.1882821191,                 0,                 0,                 0,     -0.1407304972,    0.002866001937,     -0.1882821191,                 0,      -65.69504254,              -nan
          0,           0,         321,      -8.581710184,      -6.524555459,      -7.971233115,      -4.883038651,      -10.51211913,   1.230160152e-09,   9.893968458e-05,                10,                10,                10,       6409.460359,    0.002866001834,     -0.1882821196,                 0,                 0,                 0,     -0.1407304977,    0.002866001834,     -0.1882821196,                 0,      -65.69504506,              -nan
          0,           0,         322,      -8.581711809,      -6.524596711,      -7.972792918,      -4.882067704,      -10.51215339,   1.230160284e-09,   9.893968458e-05,                10,                10,                10,       6409.460359,    0.002866001731,     -0.1882821201,                 0,                 0,                 0,     -0.1407304983,    0.002866001731,     -0.1882821201,                 0,      -65.69504759,              -nan
          0,           0,         323,      -8.581713755,      -6.524637653,       -7.97431911,      -4.881098078,      -10.51218758,   1.230160416e-09,   9.893968458e-05,                10,                10,                10,       6409.460359,    0.002866001628,     -0.1882821206,                 0,                 0,                 0,      -0.140730499,    0.002866001628,     -0.1882821206,                 0,      -65.69505012,              -nan
          0,           0,         324,      -8.581716052,      -6.524678311,       -7.97580111,      -4.880144539,      -10.51222167,   1.230160549e-09,   9.893968458e-05,                10,                10,                10,       6409.460359,    0.002866001525,     -0.1882821211,                 0,                 0,                 0,     -0.1407304996,    0.002866001525,     -0.1882821211,                 0,      -65.69505266,              -nan
          0,           0,         325,      -8.581718724,      -6.524718717,      -7.977227546,      -4.879222663,      -10.51225565,   1.230160681e-09,   9.893968458e-05,                10,                10,                10,       6409.460359,    0.002866001422,     -0.1882821216,                 0,                 0,                 0,     -0.1407305003,    0.002866001422,     -0.1882821216,                 0,       -65.6950552,              -nan
          0,           0,         326,      -8.581721788,      -6.524758911,      -7.978586374,      -4.878348554,      -10.51228951,   1.230160814e-09,   9.893968458e-05,                10,                10,                10,       6409.460359,     0.00286600132,     -0.1882821222,                 0,                 0,                 0,      -0.140730501,     0.00286600132,     -0.1882821222,                 0,      -65.69505775,              -nan
          0,           0,         327,      -8.581725256,       -6.52479894,      -7.979864883,      -4.877538511,      -10.51232322,   1.230160946e-09,   9.893968458e-05,                20,                20,                20,       6409.460359,    0.002866001217,     -0.1882821228,                 0,                 0,                 0,     -0.1407305017,    0.002866001217,     -0.1882821228,                 0,       -65.6950603,              -nan
          0,           0,         328,       -8.58172913,       -6.52483885,      -7.981050293,      -4.876808457,      -10.51207409,   2.460322158e-09,   0.0001978793692,                40,                40,                40,       6409.460359,    0.002866001011,     -0.1882821239,                 0,                 0,                 0,     -0.1407305033,    0.002866001011,     -0.1882821239,                 0,      -65.69506542,              -nan
          0,           0,         329,      -8.581738787,      -6.524922434,      -7.981843713,      -4.873624672,      -10.51158328,   4.920645377e-09,   0.0003957587383,                80,                80,                80,       6409.460359,      0.0028660006,     -0.1882821263,                 0,                 0,                 0,     -0.1407305064,      0.0028660006,     -0.1882821263,                 0,      -65.69507567,              -nan
          0,           0,         330,      -8.581764233,      -6.525095299,      -7.971406238,      -4.861139762,      -10.51060998,   9.841295003e-09,   0.0007915174766,               160,               160,               160,       6409.460359,    0.002865999778,     -0.1882821306,                 0,                 0,                 0,      -0.140730512,    0.002865999778,     -0.1882821306,                 0,        -65.695096,              -nan
          0,           0,         331,      -8.581833669,      -6.525414772,      -7.914536948,      -4.817346783,      -10.50866152,   1.968260702e-08,    0.001583034953,                16,                16,                16,       6409.460359,    0.002865998136,     -0.1882821358,                 0,                 0,                 0,     -0.1407305178,    0.002865998136,     -0.1882821358,                 0,      -65.69513547,              -nan
          0,           0,         332,      -8.582010986,      -6.525883269,      -7.784608848,       -4.70313247,       -10.5131671,   1.968264118e-09,   0.0001583034953,                32,                32,                32,       6409.460359,    0.002865997972,     -0.1882821363,                 0,                 0,                 0,     -0.1407305184,    0.002865997972,     -0.1882821363,                 0,      -65.69513941,              -nan
          0,           0,         333,      -8.582074049,      -6.526003619,      -7.902440905,      -4.787004861,      -10.51274071,   3.936528919e-09,   0.0003166069906,                64,                64,                64,       6409.460359,    0.002865997644,     -0.1882821372,                 0,                 0,                 0,     -0.1407305193,    0.002865997644,     -0.1882821372,                 0,      -65.69514725,              -nan
          0,           0,         334,      -8.582126668,      -6.526106097,      -7.946120464,      -4.829137946,      -10.51194437,   7.873060574e-09,   0.0006332139811,               128,               128,               128,       6409.460359,    0.002865996988,     -0.1882821385,                 0,                 0,                 0,     -0.1407305202,    0.002865996988,     -0.1882821385,                 0,      -65.69516273,              -nan
          0,           0,         335,      -8.582199805,      -6.526308054,      -7.950235312,      -4.840507222,       -10.5103941,   1.574613211e-08,    0.001266427962,              12.8,              12.8,              12.8,       6409.460359,    0.002865995676,     -0.1882821395,                 0,                 0,                 0,     -0.1407305198,    0.002865995676,     -0.1882821395,                 0,      -65.69519316,              -nan
          0,           0,         336,      -8.582306797,      -6.526724138,      -7.858706594,      -4.766932921,      -10.51402039,   1.574615408e-09,   0.0001266427962,              25.6,              25.6,              25.6,       6409.460359,    0.002865995545,     -0.1882821396,                 0,                 0,                 0,     -0.1407305197,    0.002865995545,     -0.1882821396,                 0,       -65.6951962,              -nan
          0,           0,         337,       -8.58234004,      -6.526784699,      -7.940075182,      -4.822729467,      -10.51368163,   3.149231256e-09,   0.0002532855924,              51.2,              51.2,              51.2,       6409.460359,    0.002865995283,     -0.1882821398,                 0,                 0,                 0,     -0.1407305196,    0.002865995283,     -0.1882821398,                 0,      -65.69520227,              -nan
          0,           0,         338,      -8.582368373,      -6.526858885,      -7.968495418,      -4.851963498,      -10.51304381,   6.298464273e-09,   0.0005065711848,             102.4,             102.4,             102.4,       6409.460359,    0.002865994759,     -0.1882821401,                 0,                 0,                 0,     -0.1407305193,    0.002865994759,     -0.1882821401,                 0,       -65.6952144,              -nan
          0,           0,         339,      -8.582403814,      -6.527028422,      -7.967836356,      -4.860487877,      -10.51180382,   1.259693559e-08,     0.00101314237,             10.24,             10.24,             10.24,       6409.460359,    0.002865993711,     -0.1882821411,                 0,                 0,                 0,     -0.1407305189,    0.002865993711,     -0.1882821411,                 0,      -65.69523873,              -nan
          0,           0,         340,      -8.582450963,      -6.527402722,      -7.899966535,       -4.80462421,      -10.51471598,   1.259694972e-09,    0.000101314237,             20.48,             20.48,             20.48,       6409.460359,    0.002865993606,     -0.1882821412,                 0,                 0,                 0,     -0.1407305189,    0.002865993606,     -0.1882821412,                 0,      -65.69524117,              -nan
          0,           0,         341,      -8.582468097,      -6.527447756,      -7.953384697,      -4.841934226,      -10.51444366,   2.519390226e-09,   0.0002026284739,             40.96,             40.96,             40.96,       6409.460359,    0.002865993397,     -0.1882821414,                 0,                 0,                 0,     -0.1407305189,    0.002865993397,     -0.1882821414,                 0,      -65.69524605,              -nan
          0,           0,         342,      -8.582481891,      -6.527513998,      -7.972328899,       -4.86272535,      -10.51392862,   5.038781582e-09,   0.0004052569478,             81.92,             81.92,             81.92,       6409.460359,    0.002865992978,      -0.188282142,                 0,                 0,                 0,     -0.1407305191,    0.002865992978,      -0.188282142,                 0,      -65.69525585,              -nan
          0,           0,         343,      -8.582497936,       -6.52766055,      -7.972694005,      -4.868828572,      -10.51293155,   1.007756769e-08,   0.0008105138956,            163.84,            163.84,            163.84,       6409.460359,    0.002865992141,     -0.1882821436,                 0,                 0,                 0,     -0.1407305201,    0.002865992141,     -0.1882821436,                 0,       -65.6952756,              -nan
          0,           0,         344,      -8.582521312,      -6.527983764,      -7.929119129,      -4.829025556,      -10.51094616,   2.015515352e-08,    0.001621027791,            16.384,            16.384,            16.384,       6409.460359,    0.002865990469,     -0.1882821474,                 0,                 0,                 0,     -0.1407305226,    0.002865990469,     -0.1882821474,                 0,      -65.69531523,              -nan
          0,           0,         345,       -8.58259185,      -6.528516948,      -7.796458958,       -4.69952301,      -10.51553155,   2.015518992e-09,   0.0001621027791,            32.768,            32.768,            32.768,       6409.460359,    0.002865990302,     -0.1882821478,                 0,                 0,                 0,     -0.1407305229,    0.002865990302,     -0.1882821478,                 0,      -65.69531921,              -nan
          0,           0,         346,      -8.582642847,      -6.528640928,      -7.922316321,      -4.781501299,      -10.51509195,   4.031038712e-09,   0.0003242055582,            65.536,            65.536,            65.536,       6409.460359,    0.002865989968,     -0.1882821486,                 0,                 0,                 0,     -0.1407305235,    0.002865989968,     -0.1882821486,                 0,      -65.69532716,              -nan
          0,           0,         347,       -8.58267399,      -6.528764912,      -7.961284711,      -4.822910481,      -10.51427619,    8.06208034e-09,   0.0006484111164,           131.072,           131.072,           131.072,       6409.460359,      0.0028659893,     -0.1882821502,                 0,                 0,                 0,     -0.1407305246,      0.0028659893,     -0.1882821502,                 0,      -65.69534305,              -nan
          0,           0,         348,      -8.582707791,      -6.529012528,      -7.954225202,      -4.831725256,      -10.51268808,   1.612417236e-08,    0.001296822233,           13.1072,           13.1072,           13.1072,       6409.460359,    0.002865987965,     -0.1882821531,                 0,                 0,                 0,     -0.1407305262,    0.002865987965,     -0.1882821531,                 0,      -65.69537466,              -nan
          0,           0,         349,      -8.582761497,       -6.52949173,      -7.855133689,      -4.752328646,      -10.51637719,   1.612419578e-09,   0.0001296822233,           26.2144,           26.2144,           26.2144,       6409.460359,    0.002865987832,     -0.1882821534,                 0,                 0,                 0,     -0.1407305264,    0.002865987832,     -0.1882821534,                 0,      -65.69537782,              -nan
          0,           0,         350,      -8.582791028,      -6.529569154,      -7.941210555,      -4.809215558,      -10.51602472,   3.224839624e-09,   0.0002593644465,           52.4288,           52.4288,           52.4288,       6409.460359,    0.002865987565,      -0.188282154,                 0,                 0,                 0,     -0.1407305267,    0.002865987565,      -0.188282154,                 0,      -65.69538415,              -nan
          0,           0,         351,      -8.582810988,       -6.52966637,      -7.967823194,      -4.840226742,      -10.51536811,   6.449681124e-09,    0.000518728893,          104.8576,          104.8576,          104.8576,       6409.460359,    0.002865987031,     -0.1882821552,                 0,                 0,                 0,     -0.1407305274,    0.002865987031,     -0.1882821552,                 0,       -65.6953968,              -nan
          0,           0,         352,      -8.582832627,      -6.529867983,      -7.964148668,      -4.850371029,      -10.51409571,   1.289936976e-08,    0.001037457786,          10.48576,          10.48576,          10.48576,       6409.460359,    0.002865985965,     -0.1882821577,                 0,                 0,                 0,     -0.1407305289,    0.002865985965,     -0.1882821577,                 0,      -65.69542211,              -nan
          0,           0,         353,      -8.582866395,      -6.530276325,      -7.894324823,      -4.794268489,      -10.51706348,   1.289938481e-09,   0.0001037457786,          20.97152,          20.97152,          20.97152,       6409.460359,    0.002865985858,      -0.188282158,                 0,                 0,                 0,      -0.140730529,    0.002865985858,      -0.188282158,                 0,      -65.69542465,              -nan
          0,           0,         354,       -8.58288353,      -6.530329857,      -7.951787175,      -4.833829475,      -10.51678153,   2.579877263e-09,   0.0002074915572,          41.94304,          41.94304,          41.94304,       6409.460359,    0.002865985645,     -0.1882821585,                 0,                 0,                 0,     -0.1407305294,    0.002865985645,     -0.1882821585,                 0,      -65.69542972,              -nan
          0,           0,         355,      -8.582895869,      -6.530406388,      -7.971473273,      -4.856477727,      -10.51625218,   5.159755731e-09,   0.0004149831144,          83.88608,          83.88608,          83.88608,       6409.460359,    0.002865985219,     -0.1882821596,                 0,                 0,                 0,     -0.1407305302,    0.002865985219,     -0.1882821596,                 0,      -65.69543988,              -nan
          0,           0,         356,      -8.582910009,      -6.530566765,      -7.971112271,      -4.864412454,      -10.51523042,   1.031951629e-08,   0.0008299662287,         167.77216,         167.77216,         167.77216,       6409.460359,    0.002865984367,     -0.1882821621,                 0,                 0,                 0,     -0.1407305321,    0.002865984367,     -0.1882821621,                 0,      -65.69546027,              -nan
          0,           0,         357,      -8.582934391,      -6.530902916,      -7.924033518,      -4.824968234,      -10.51319492,    2.06390519e-08,    0.001659932457,         16.777216,         16.777216,         16.777216,       6409.460359,    0.002865982665,      -0.188282167,                 0,                 0,                 0,      -0.140730536,    0.002865982665,      -0.188282167,                 0,      -65.69550099,              -nan
          0,           0,         358,      -8.583017796,      -6.531431949,      -7.785123145,      -4.694867547,      -10.51788052,   2.063909069e-09,   0.0001659932457,         33.554432,         33.554432,         33.554432,       6409.460359,    0.002865982495,     -0.1882821675,                 0,                 0,                 0,     -0.1407305365,    0.002865982495,     -0.1882821675,                 0,      -65.69550507,              -nan
          0,           0,         359,      -8.583073749,      -6.531559729,      -7.917348945,       -4.78296374,      -10.51743169,   4.127818914e-09,   0.0003319864914,         67.108864,         67.108864,         67.108864,       6409.460359,    0.002865982155,     -0.1882821686,                 0,                 0,                 0,     -0.1407305373,    0.002865982155,     -0.1882821686,                 0,      -65.69551324,              -nan
          0,           0,         360,      -8.583108285,      -6.531681185,      -7.959213677,      -4.827003788,      -10.51659872,   8.255640936e-09,   0.0006639729829,        134.217728,        134.217728,        134.217728,       6409.460359,    0.002865981475,     -0.1882821706,                 0,                 0,                 0,     -0.1407305389,    0.002865981475,     -0.1882821706,                 0,      -65.69552953,              -nan
          0,           0,         361,      -8.583147426,       -6.53192485,      -7.950285012,      -4.834951659,      -10.51497566,   1.651129432e-08,    0.001327945966,        13.4217728,        13.4217728,        13.4217728,       6409.460359,    0.002865980116,     -0.1882821742,                 0,                 0,                 0,     -0.1407305412,    0.002865980116,     -0.1882821742,                 0,      -65.69556191,              -nan
          0,           0,         362,      -8.583213516,      -6.532399177,      -7.842182042,      -4.750697153,      -10.51875119,   1.651131928e-09,   0.0001327945966,        26.8435456,        26.8435456,        26.8435456,       6409.460359,     0.00286597998,     -0.1882821745,                 0,                 0,                 0,     -0.1407305414,     0.00286597998,     -0.1882821745,                 0,      -65.69556516,              -nan
          0,           0,         363,      -8.583246866,      -6.532473444,      -7.934574471,       -4.81314599,      -10.51839295,   3.302264355e-09,   0.0002655891931,        53.6870912,        53.6870912,        53.6870912,       6409.460359,    0.002865979708,     -0.1882821753,                 0,                 0,                 0,     -0.1407305419,    0.002865979708,     -0.1882821753,                 0,      -65.69557164,              -nan
          0,           0,         364,      -8.583270213,      -6.532564511,      -7.964644472,      -4.846101071,      -10.51772382,   6.604530709e-09,   0.0005311783862,       107.3741824,       107.3741824,       107.3741824,       6409.460359,    0.002865979165,     -0.1882821767,                 0,                 0,                 0,     -0.1407305429,    0.002865979165,     -0.1882821767,                 0,       -65.6955846,              -nan
          0,           0,         365,      -8.583297761,       -6.53276041,       -7.96128498,        -4.8549873,      -10.51642383,   1.320906942e-08,    0.001062356772,       10.73741824,       10.73741824,       10.73741824,       6409.460359,     0.00286597808,     -0.1882821796,                 0,                 0,                 0,     -0.1407305449,     0.00286597808,     -0.1882821796,                 0,       -65.6956105,              -nan
          0,           0,         366,       -8.58334585,      -6.533165674,      -7.883670367,      -4.793787572,      -10.51946332,   1.320908546e-09,   0.0001062356772,       21.47483648,       21.47483648,       21.47483648,       6409.460359,    0.002865977971,     -0.1882821799,                 0,                 0,                 0,     -0.1407305451,    0.002865977971,     -0.1882821799,                 0,      -65.69561309,              -nan
          0,           0,         367,      -8.583366046,      -6.533216535,      -7.946255249,      -4.837244449,      -10.51917658,   2.641817413e-09,   0.0002124713545,       42.94967296,       42.94967296,       42.94967296,       6409.460359,    0.002865977754,     -0.1882821806,                 0,                 0,                 0,     -0.1407305455,    0.002865977754,     -0.1882821806,                 0,      -65.69561828,              -nan
          0,           0,         368,      -8.583382122,      -6.533289156,       -7.96870847,      -4.861450821,      -10.51863695,   5.283636111e-09,   0.0004249427089,       85.89934592,       85.89934592,       85.89934592,       6409.460359,    0.002865977321,     -0.1882821818,                 0,                 0,                 0,     -0.1407305465,    0.002865977321,     -0.1882821818,                 0,      -65.69562867,              -nan
          0,           0,         369,      -8.583403257,      -6.533445979,      -7.969286023,      -4.868909573,      -10.51759264,   1.056727736e-08,   0.0008498854178,       171.7986918,       171.7986918,       171.7986918,       6409.460359,    0.002865976453,     -0.1882821845,                 0,                 0,                 0,     -0.1407305486,    0.002865976453,     -0.1882821845,                 0,      -65.69564948,              -nan
          0,           0,         370,      -8.583443077,      -6.533781596,       -7.91695092,      -4.825958501,       -10.5155114,   2.113457533e-08,    0.001699770835,       17.17986918,       17.17986918,       17.17986918,       6409.460359,    0.002865974721,     -0.1882821894,                 0,                 0,                 0,     -0.1407305522,    0.002865974721,     -0.1882821894,                 0,      -65.69569088,              -nan
          0,           0,         371,      -8.583558842,      -6.534321406,      -7.774084959,      -4.692476961,      -10.52031326,   2.113461667e-09,   0.0001699770835,       34.35973837,       34.35973837,       34.35973837,       6409.460359,    0.002865974548,     -0.1882821899,                 0,                 0,                 0,     -0.1407305526,    0.002865974548,     -0.1882821899,                 0,      -65.69569503,              -nan
          0,           0,         372,        -8.5836208,      -6.534444134,      -7.911038044,      -4.785202879,      -10.51985628,   4.226924162e-09,   0.0003399541671,       68.71947674,       68.71947674,       68.71947674,       6409.460359,    0.002865974202,     -0.1882821909,                 0,                 0,                 0,     -0.1407305534,    0.002865974202,     -0.1882821909,                 0,      -65.69570332,              -nan
          0,           0,         373,      -8.583662093,      -6.534561906,       -7.95530836,      -4.831019792,      -10.51900593,   8.453851636e-09,   0.0006799083341,       137.4389535,       137.4389535,       137.4389535,       6409.460359,     0.00286597351,     -0.1882821928,                 0,                 0,                 0,     -0.1407305546,     0.00286597351,     -0.1882821928,                 0,      -65.69571984,              -nan
          0,           0,         374,      -8.583712622,      -6.534808145,      -7.946998079,      -4.837797576,      -10.51734629,   1.690771654e-08,    0.001359816668,       13.74389535,       13.74389535,       13.74389535,       6409.460359,    0.002865972127,     -0.1882821958,                 0,                 0,                 0,     -0.1407305562,    0.002865972127,     -0.1882821958,                 0,      -65.69575261,              -nan
          0,           0,         375,      -8.583795728,      -6.535295372,      -7.836698359,      -4.748962464,      -10.52121538,   1.690774314e-09,   0.0001359816668,       27.48779069,       27.48779069,       27.48779069,       6409.460359,    0.002865971988,     -0.1882821961,                 0,                 0,                 0,     -0.1407305564,    0.002865971988,     -0.1882821961,                 0,      -65.69575588,              -nan
          0,           0,         376,      -8.583832203,      -6.535371399,      -7.932867547,      -4.814225571,      -10.52084911,    3.38154916e-09,   0.0002719633336,       54.97558139,       54.97558139,       54.97558139,       6409.460359,    0.002865971712,     -0.1882821968,                 0,                 0,                 0,     -0.1407305568,    0.002865971712,     -0.1882821968,                 0,      -65.69576244,              -nan
          0,           0,         377,      -8.583859081,      -6.535464936,      -7.963908973,      -4.848477657,      -10.52016505,   6.763100451e-09,   0.0005439266672,       109.9511628,       109.9511628,       109.9511628,       6409.460359,    0.002865971159,      -0.188282198,                 0,                 0,                 0,     -0.1407305574,    0.002865971159,      -0.188282198,                 0,      -65.69577554,              -nan
          0,           0,         378,      -8.583891622,      -6.535667297,      -7.960509961,      -4.857028908,      -10.51883546,   1.352620943e-08,    0.001087853334,       10.99511628,       10.99511628,       10.99511628,       6409.460359,    0.002865970054,     -0.1882822005,                 0,                 0,                 0,     -0.1407305588,    0.002865970054,     -0.1882822005,                 0,      -65.69580173,              -nan
          0,           0,         379,      -8.583944474,      -6.536086755,      -7.881409758,      -4.792076812,      -10.52195023,   1.352622653e-09,   0.0001087853334,       21.99023256,       21.99023256,       21.99023256,       6409.460359,    0.002865969944,     -0.1882822007,                 0,                 0,                 0,      -0.140730559,    0.002865969944,     -0.1882822007,                 0,      -65.69580435,              -nan
          0,           0,         380,      -8.583965934,      -6.536141131,       -7.94686548,      -4.837533666,      -10.52165629,   2.705245648e-09,   0.0002175706668,       43.98046511,       43.98046511,       43.98046511,       6409.460359,    0.002865969723,     -0.1882822012,                 0,                 0,                 0,     -0.1407305593,    0.002865969723,     -0.1882822012,                 0,       -65.6958096,              -nan
          0,           0,         381,      -8.583982991,      -6.536217998,      -7.969754094,      -4.862784599,      -10.52110409,   5.410492666e-09,   0.0004351413337,       87.96093022,       87.96093022,       87.96093022,       6409.460359,    0.002865969282,     -0.1882822023,                 0,                 0,                 0,     -0.1407305601,    0.002865969282,     -0.1882822023,                 0,       -65.6958201,              -nan
          0,           0,         382,      -8.584004757,      -6.536382491,      -7.970073128,      -4.870406262,      -10.52003603,   1.082099081e-08,   0.0008702826673,       175.9218604,       175.9218604,       175.9218604,       6409.460359,    0.002865968399,     -0.1882822047,                 0,                 0,                 0,     -0.1407305619,    0.002865968399,     -0.1882822047,                 0,      -65.69584115,              -nan
          0,           0,         383,       -8.58404258,      -6.536732228,      -7.916860093,      -4.824892084,      -10.51790766,   2.164200358e-08,    0.001740565335,       17.59218604,       17.59218604,       17.59218604,       6409.460359,    0.002865966636,      -0.188282209,                 0,                 0,                 0,      -0.140730565,    0.002865966636,      -0.188282209,                 0,      -65.69588306,              -nan
          0,           0,         384,        -8.5841469,      -6.537286018,      -7.772618359,      -4.687507064,      -10.52282533,   2.164204765e-09,   0.0001740565334,                10,                10,                10,       6409.460359,     0.00286596646,     -0.1882822094,                 0,                 0,                 0,     -0.1407305653,     0.00286596646,     -0.1882822094,                 0,      -65.69588726,              -nan
          0,           0,         385,      -8.584209517,      -6.537422148,      -7.914089938,      -4.782236983,       -10.5230879,    1.23020823e-09,   9.893968436e-05,                10,                10,                10,       6409.460359,     0.00286596636,     -0.1882822097,                 0,                 0,                 0,     -0.1407305655,     0.00286596636,     -0.1882822097,                 0,      -65.69588964,              -nan
          0,           0,         386,      -8.584225396,      -6.537461644,       -7.94015136,      -4.807695515,       -10.5231072,   1.230208373e-09,   9.893968436e-05,                10,                10,                10,       6409.460359,     0.00286596626,       -0.18828221,                 0,                 0,                 0,     -0.1407305657,     0.00286596626,       -0.18828221,                 0,      -65.69589203,              -nan
          0,           0,         387,      -8.584235813,      -6.537490787,      -7.945244314,      -4.821964724,      -10.52312944,   1.230208516e-09,   9.893968435e-05,                10,                10,                10,       6409.460359,     0.00286596616,     -0.1882822102,                 0,                 0,                 0,     -0.1407305659,     0.00286596616,     -0.1882822102,                 0,      -65.69589442,              -nan
          0,           0,         388,      -8.584244387,       -6.53751618,      -7.946969859,      -4.832753763,      -10.52315425,   1.230208658e-09,   9.893968435e-05,                10,                10,                10,       6409.460359,    0.002865966059,     -0.1882822105,                 0,                 0,                 0,     -0.1407305661,    0.002865966059,     -0.1882822105,                 0,      -65.69589681,              -nan
          0,           0,         389,      -8.584251813,      -6.537540854,      -7.947897167,      -4.841569819,      -10.52318129,   1.230208801e-09,   9.893968435e-05,                10,                10,                10,       6409.460359,    0.002865965959,     -0.1882822108,                 0,                 0,                 0,     -0.1407305663,    0.002865965959,     -0.1882822108,                 0,       -65.6958992,              -nan
          0,           0,         390,       -8.58425826,      -6.537566599,      -7.947841346,      -4.848683237,      -10.52321022,   1.230208943e-09,   9.893968435e-05,                10,                10,                10,       6409.460359,    0.002865965859,      -0.188282211,                 0,                 0,                 0,     -0.1407305665,    0.002865965859,      -0.188282211,                 0,      -65.69590159,              -nan
          0,           0,         391,      -8.584263921,      -6.537594393,      -7.947067496,      -4.854496888,      -10.52324071,   1.230209086e-09,   9.893968435e-05,                10,                10,                10,       6409.460359,    0.002865965759,     -0.1882822113,                 0,                 0,                 0,     -0.1407305667,    0.002865965759,     -0.1882822113,                 0,      -65.69590398,              -nan
          0,           0,         392,      -8.584268975,      -6.537624639,      -7.946032624,      -4.859434222,       -10.5232725,   1.230209229e-09,   9.893968435e-05,                10,                10,                10,       6409.460359,    0.002865965659,     -0.1882822116,                 0,                 0,                 0,     -0.1407305669,    0.002865965659,     -0.1882822116,                 0,      -65.69590637,              -nan
          0,           0,         393,      -8.584273538,      -6.537657379,      -7.945015168,      -4.863762606,       -10.5233053,   1.230209372e-09,   9.893968435e-05,                10,                10,                10,       6409.460359,    0.002865965559,     -0.1882822118,                 0,                 0,                 0,     -0.1407305671,    0.002865965559,     -0.1882822118,                 0,      -65.69590875,              -nan
          0,           0,         394,      -8.584277675,      -6.537692463,      -7.944121733,      -4.867609851,      -10.52333889,   1.230209514e-09,   9.893968435e-05,                10,                10,                10,       6409.460359,    0.002865965459,     -0.1882822121,                 0,                 0,                 0,     -0.1407305673,    0.002865965459,     -0.1882822121,                 0,      -65.69591114,              -nan
          0,           0,         395,      -8.584281421,       -6.53772966,      -7.943389423,       -4.87103936,      -10.52337307,   1.230209657e-09,   9.893968435e-05,                10,                10,                10,       6409.460359,    0.002865965359,     -0.1882822123,                 0,                 0,                 0,     -0.1407305674,    0.002865965359,     -0.1882822123,                 0,      -65.69591352,              -nan
          0,           0,         396,      -8.584284801,      -6.537768715,      -7.942838857,      -4.874097136,      -10.52340767,     1.2302098e-09,   9.893968435e-05,                10,                10,                10,       6409.460359,    0.002865965258,     -0.1882822126,                 0,                 0,                 0,     -0.1407305676,    0.002865965258,     -0.1882822126,                 0,      -65.69591589,              -nan
          0,           0,         397,      -8.584287838,      -6.537809372,      -7.942484212,      -4.876827884,      -10.52344255,   1.230209943e-09,   9.893968434e-05,                10,                10,                10,       6409.460359,    0.002865965158,     -0.1882822128,                 0,                 0,                 0,     -0.1407305677,    0.002865965158,     -0.1882822128,                 0,      -65.69591827,              -nan
          0,           0,         398,      -8.584290551,      -6.537851391,      -7.942331335,      -4.879277032,      -10.52347759,   1.230210086e-09,   9.893968434e-05,                10,                10,                10,       6409.460359,    0.002865965058,      -0.188282213,                 0,                 0,                 0,     -0.1407305679,    0.002865965058,      -0.188282213,                 0,      -65.69592064,              -nan
          0,           0,         399,      -8.584292957,      -6.537894549,      -7.942376482,      -4.881488854,       -10.5235127,   1.230210229e-09,   9.893968434e-05,                10,                10,                10,       6409.460359,    0.002865964958,     -0.1882822132,                 0,                 0,                 0,      -0.140730568,    0.002865964958,     -0.1882822132,                 0,      -65.69592301,              -nan
          0,           0,         400,      -8.584295077,      -6.537938647,      -7.942606959,       -4.88350369,      -10.52354783,   1.230210371e-09,   9.893968434e-05,                10,                10,                10,       6409.460359,    0.002865964858,     -0.1882822134,                 0,                 0,                 0,     -0.1407305681,    0.002865964858,     -0.1882822134,                 0,      -65.69592537,              -nan
          0,           0,         401,      -8.584296932,       -6.53798351,      -7.943003765,      -4.885355986,      -10.52358291,   1.230210514e-09,   9.893968434e-05,                10,                10,                10,       6409.460359,    0.002865964758,     -0.1882822136,                 0,                 0,                 0,     -0.1407305682,    0.002865964758,     -0.1882822136,                 0,      -65.69592773,              -nan
          0,           0,         402,      -8.584298542,      -6.538028985,      -7.943544647,      -4.887073244,      -10.52361792,   1.230210657e-09,   9.893968434e-05,                10,                10,                10,       6409.460359,    0.002865964658,     -0.1882822138,                 0,                 0,                 0,     -0.1407305683,    0.002865964658,     -0.1882822138,                 0,      -65.69593009,              -nan
          0,           0,         403,      -8.584299929,      -6.538074941,      -7.944206665,      -4.888676147,      -10.52365285,     1.2302108e-09,   9.893968434e-05,                10,                10,                10,       6409.460359,    0.002865964558,      -0.188282214,                 0,                 0,                 0,     -0.1407305684,    0.002865964558,      -0.188282214,                 0,      -65.69593246,              -nan
          0,           0,         404,      -8.584301111,      -6.538121265,      -7.944968224,      -4.890179542,      -10.52368767,   1.230210943e-09,   9.893968434e-05,                10,                10,                10,       6409.460359,    0.002865964458,     -0.1882822142,                 0,                 0,                 0,     -0.1407305685,    0.002865964458,     -0.1882822142,                 0,      -65.69593481,              -nan
          0,           0,         405,      -8.584302104,      -6.538167859,      -7.945809519,      -4.891593659,       -10.5237224,   1.230211087e-09,   9.893968434e-05,                10,                10,                10,       6409.460359,    0.002865964358,     -0.1882822144,                 0,                 0,                 0,     -0.1407305686,    0.002865964358,     -0.1882822144,                 0,      -65.69593717,              -nan
          0,           0,         406,      -8.584302922,       -6.53821464,      -7.946712753,      -4.892925354,      -10.52375704,    1.23021123e-09,   9.893968434e-05,                10,                10,                10,       6409.460359,    0.002865964258,     -0.1882822146,                 0,                 0,                 0,     -0.1407305686,    0.002865964258,     -0.1882822146,                 0,      -65.69593953,              -nan
          0,           0,         407,      -8.584303574,      -6.538261537,      -7.947661955,      -4.894179031,       -10.5237916,   1.230211373e-09,   9.893968434e-05,                10,                10,                10,       6409.460359,    0.002865964158,     -0.1882822148,                 0,                 0,                 0,     -0.1407305687,    0.002865964158,     -0.1882822148,                 0,      -65.69594189,              -nan
          0,           0,         408,      -8.584304066,      -6.538308487,      -7.948643047,      -4.895357116,       -10.5238261,   1.230211516e-09,   9.893968433e-05,                10,                10,                10,       6409.460359,    0.002865964058,      -0.188282215,                 0,                 0,                 0,     -0.1407305688,    0.002865964058,      -0.188282215,                 0,      -65.69594425,              -nan
          0,           0,         409,      -8.584304402,      -6.538355436,       -7.94964437,      -4.896460096,      -10.52386056,   1.230211659e-09,   9.893968433e-05,                10,                10,                10,       6409.460359,    0.002865963958,     -0.1882822152,                 0,                 0,                 0,     -0.1407305689,    0.002865963958,     -0.1882822152,                 0,      -65.69594661,              -nan
          0,           0,         410,      -8.584304583,      -6.538402337,      -7.950657553,       -4.89748617,      -10.52389498,   1.230211802e-09,   9.893968433e-05,                10,                10,                10,       6409.460359,    0.002865963858,     -0.1882822154,                 0,                 0,                 0,      -0.140730569,    0.002865963858,     -0.1882822154,                 0,      -65.69594897,              -nan
          0,           0,         411,      -8.584304612,      -6.538449148,      -7.951678434,      -4.898430947,       -10.5239294,   1.230211946e-09,   9.893968433e-05,                10,                10,                10,       6409.460359,    0.002865963758,     -0.1882822156,                 0,                 0,                 0,     -0.1407305691,    0.002865963758,     -0.1882822156,                 0,      -65.69595133,              -nan
          0,           0,         412,      -8.584304488,       -6.53849583,      -7.952707423,       -4.89928718,      -10.52396382,   1.230212089e-09,   9.893968433e-05,                10,                10,                10,       6409.460359,    0.002865963658,     -0.1882822158,                 0,                 0,                 0,     -0.1407305692,    0.002865963658,     -0.1882822158,                 0,      -65.69595369,              -nan
          0,           0,         413,      -8.584304215,      -6.538542347,       -7.95374956,      -4.900045057,      -10.52399826,   1.230212232e-09,   9.893968433e-05,                10,                10,                10,       6409.460359,    0.002865963558,      -0.188282216,                 0,                 0,                 0,     -0.1407305693,    0.002865963558,      -0.188282216,                 0,      -65.69595606,              -nan
          0,           0,         414,      -8.584303796,      -6.538588665,      -7.954813454,      -4.900692803,      -10.52403273,   1.230212375e-09,   9.893968433e-05,                10,                10,                10,       6409.460359,    0.002865963458,     -0.1882822162,                 0,                 0,                 0,     -0.1407305695,    0.002865963458,     -0.1882822162,                 0,      -65.69595842,              -nan
          0,           0,         415,      -8.584303238,      -6.538634747,      -7.955910048,      -4.901217681,      -10.52406724,   1.230212519e-09,   9.893968433e-05,                10,                10,                10,       6409.460359,    0.002865963358,     -0.1882822164,                 0,                 0,                 0,     -0.1407305696,    0.002865963358,     -0.1882822164,                 0,      -65.69596079,              -nan
          0,           0,         416,      -8.584302555,      -6.538680559,      -7.957051135,      -4.901607099,      -10.52410181,   1.230212662e-09,   9.893968433e-05,                10,                10,                10,       6409.460359,    0.002865963258,     -0.1882822166,                 0,                 0,                 0,     -0.1407305698,    0.002865963258,     -0.1882822166,                 0,      -65.69596317,              -nan
          0,           0,         417,      -8.584301763,      -6.538726065,      -7.958247885,      -4.901849608,      -10.52413643,   1.230212805e-09,   9.893968433e-05,                10,                10,                10,       6409.460359,    0.002865963158,     -0.1882822169,                 0,                 0,                 0,       -0.14073057,    0.002865963158,     -0.1882822169,                 0,      -65.69596554,              -nan
          0,           0,         418,      -8.584300885,      -6.538771226,      -7.959509917,      -4.901935856,      -10.52417112,   1.230212949e-09,   9.893968433e-05,                10,                10,                10,       6409.460359,    0.002865963058,     -0.1882822172,                 0,                 0,                 0,     -0.1407305702,    0.002865963058,     -0.1882822172,                 0,      -65.69596793,              -nan
          0,           0,         419,       -8.58429995,      -6.538816004,      -7.960844526,      -4.901859196,      -10.52420587,   1.230213092e-09,   9.893968433e-05,                10,                10,                10,       6409.460359,    0.002865962958,     -0.1882822174,                 0,                 0,                 0,     -0.1407305704,    0.002865962958,     -0.1882822174,                 0,      -65.69597032,              -nan
          0,           0,         420,      -8.584298994,      -6.538860362,      -7.962256258,      -4.901616206,      -10.52424067,   1.230213236e-09,   9.893968432e-05,                10,                10,                10,       6409.460359,    0.002865962858,     -0.1882822177,                 0,                 0,                 0,     -0.1407305707,    0.002865962858,     -0.1882822177,                 0,      -65.69597271,              -nan
          0,           0,         421,      -8.584298059,      -6.538904265,      -7.963746692,       -4.90120699,      -10.52427552,   1.230213379e-09,   9.893968432e-05,                10,                10,                10,       6409.460359,    0.002865962759,     -0.1882822181,                 0,                 0,                 0,      -0.140730571,    0.002865962759,     -0.1882822181,                 0,      -65.69597511,              -nan
          0,           0,         422,      -8.584297191,      -6.538947678,      -7.965314523,      -4.900635277,       -10.5243104,   1.230213523e-09,   9.893968432e-05,                10,                10,                10,       6409.460359,    0.002865962659,     -0.1882822184,                 0,                 0,                 0,     -0.1407305713,    0.002865962659,     -0.1882822184,                 0,      -65.69597752,              -nan
          0,           0,         423,      -8.584296444,      -6.538990578,      -7.966955566,      -4.899908499,      -10.52434528,   1.230213666e-09,   9.893968432e-05,                10,                10,                10,       6409.460359,    0.002865962559,     -0.1882822188,                 0,                 0,                 0,     -0.1407305717,    0.002865962559,     -0.1882822188,                 0,      -65.69597994,              -nan
          0,           0,         424,      -8.584295873,      -6.539032944,      -7.968663238,      -4.899037587,      -10.52438014,    1.23021381e-09,   9.893968432e-05,                10,                10,                10,       6409.460359,    0.002865962459,     -0.1882822191,                 0,                 0,                 0,     -0.1407305721,    0.002865962459,     -0.1882822191,                 0,      -65.69598236,              -nan
          0,           0,         425,      -8.584295534,      -6.539074769,      -7.970428552,      -4.898036747,      -10.52441494,   1.230213953e-09,   9.893968432e-05,                10,                10,                10,       6409.460359,    0.002865962359,     -0.1882822195,                 0,                 0,                 0,     -0.1407305726,    0.002865962359,     -0.1882822195,                 0,      -65.69598479,              -nan
          0,           0,         426,      -8.584295483,      -6.539116057,      -7.972240541,      -4.896923237,      -10.52444964,   1.230214097e-09,   9.893968432e-05,                10,                10,                10,       6409.460359,    0.002865962259,       -0.18828222,                 0,                 0,                 0,     -0.1407305731,    0.002865962259,       -0.18828222,                 0,      -65.69598723,              -nan
          0,           0,         427,      -8.584295773,      -6.539156824,      -7.974086191,      -4.895717059,      -10.52448422,   1.230214241e-09,   9.893968432e-05,                10,                10,                10,       6409.460359,    0.002865962159,     -0.1882822204,                 0,                 0,                 0,     -0.1407305736,    0.002865962159,     -0.1882822204,                 0,      -65.69598967,              -nan
          0,           0,         428,      -8.584296453,      -6.539197101,        -7.9759504,      -4.894440628,      -10.52451864,   1.230214384e-09,   9.893968432e-05,                10,                10,                10,       6409.460359,     0.00286596206,     -0.1882822209,                 0,                 0,                 0,     -0.1407305741,     0.00286596206,     -0.1882822209,                 0,      -65.69599213,              -nan
          0,           0,         429,      -8.584297565,      -6.539236934,      -7.977815888,      -4.893118493,      -10.52455286,   1.230214528e-09,   9.893968432e-05,                10,                10,                10,       6409.460359,     0.00286596196,     -0.1882822214,                 0,                 0,                 0,     -0.1407305747,     0.00286596196,     -0.1882822214,                 0,      -65.69599459,              -nan
          0,           0,         430,      -8.584299142,      -6.539276377,      -7.979662975,      -4.891776884,      -10.52458686,   1.230214672e-09,   9.893968432e-05,                10,                10,                10,       6409.460359,     0.00286596186,     -0.1882822219,                 0,                 0,                 0,     -0.1407305754,     0.00286596186,     -0.1882822219,                 0,      -65.69599705,              -nan
          0,           0,         431,      -8.584301206,      -6.539315497,      -7.981469685,      -4.890443171,      -10.52462062,   1.230214816e-09,   9.893968432e-05,                10,                10,                10,       6409.460359,     0.00286596176,     -0.1882822224,                 0,                 0,                 0,      -0.140730576,     0.00286596176,     -0.1882822224,                 0,      -65.69599953,              -nan
          0,           0,         432,      -8.584303772,      -6.539354369,      -7.983212216,      -4.889145069,      -10.52465414,   1.230214959e-09,   9.893968431e-05,                20,                20,                20,       6409.460359,     0.00286596166,      -0.188282223,                 0,                 0,                 0,     -0.1407305767,     0.00286596166,      -0.188282223,                 0,        -65.696002,              -nan
          0,           0,         433,      -8.584306843,      -6.539393071,      -7.984865716,      -4.887909769,      -10.52440419,   2.460430206e-09,   0.0001978793686,                40,                40,                40,       6409.460359,    0.002865961461,     -0.1882822241,                 0,                 0,                 0,     -0.1407305782,    0.002865961461,     -0.1882822241,                 0,      -65.69600698,              -nan
          0,           0,         434,      -8.584315301,      -6.539474384,      -7.986843004,      -4.883908135,      -10.52391126,   4.920861564e-09,   0.0003957587372,                10,                10,                10,       6409.460359,    0.002865961062,     -0.1882822265,                 0,                 0,                 0,     -0.1407305813,    0.002865961062,     -0.1882822265,                 0,      -65.69601695,              -nan
          0,           0,         435,      -8.584339286,      -6.539644234,       -7.97934162,      -4.870644395,      -10.52489333,   1.230215967e-09,   9.893968431e-05,                20,                20,                20,       6409.460359,    0.002865960962,     -0.1882822271,                 0,                 0,                 0,     -0.1407305821,    0.002865960962,     -0.1882822271,                 0,      -65.69601944,              -nan
          0,           0,         436,       -8.58434702,      -6.539683467,      -7.988780719,      -4.876745904,      -10.52463767,   2.460432222e-09,   0.0001978793686,                40,                40,                40,       6409.460359,    0.002865960763,     -0.1882822283,                 0,                 0,                 0,     -0.1407305837,    0.002865960763,     -0.1882822283,                 0,      -65.69602443,              -nan
          0,           0,         437,      -8.584361489,      -6.539761911,      -7.991758155,      -4.878328321,      -10.52414162,   4.920865596e-09,   0.0003957587372,                80,                80,                80,       6409.460359,    0.002865960364,     -0.1882822306,                 0,                 0,                 0,     -0.1407305868,    0.002865960364,     -0.1882822306,                 0,      -65.69603438,              -nan
          0,           0,         438,      -8.584393103,      -6.539926851,      -7.982845171,      -4.871196349,      -10.52316867,   9.841735805e-09,   0.0007915174744,                10,                10,                10,       6409.460359,    0.002865959567,     -0.1882822347,                 0,                 0,                 0,      -0.140730592,    0.002865959567,     -0.1882822347,                 0,      -65.69605409,              -nan
          0,           0,         439,      -8.584467343,      -6.540239393,      -7.927304604,      -4.831811329,      -10.52539841,   1.230218131e-09,    9.89396843e-05,                20,                20,                20,       6409.460359,    0.002865959467,     -0.1882822352,                 0,                 0,                 0,     -0.1407305927,    0.002865959467,     -0.1882822352,                 0,      -65.69605656,              -nan
          0,           0,         440,      -8.584485323,      -6.540284077,      -7.965018514,      -4.858766361,      -10.52513562,    2.46043655e-09,   0.0001978793686,                40,                40,                40,       6409.460359,    0.002865959268,     -0.1882822362,                 0,                 0,                 0,     -0.1407305939,    0.002865959268,     -0.1882822362,                 0,      -65.69606147,              -nan
          0,           0,         441,       -8.58450853,       -6.54035356,       -7.97969142,      -4.873563802,      -10.52463439,   4.920874257e-09,   0.0003957587372,                80,                80,                80,       6409.460359,     0.00286595887,     -0.1882822381,                 0,                 0,                 0,     -0.1407305961,     0.00286595887,     -0.1882822381,                 0,      -65.69607124,              -nan
          0,           0,         442,      -8.584550387,      -6.540495422,      -7.979440254,      -4.877705414,      -10.52365745,    9.84175314e-09,   0.0007915174743,               160,               160,               160,       6409.460359,    0.002865958073,     -0.1882822408,                 0,                 0,                 0,     -0.1407305991,    0.002865958073,     -0.1882822408,                 0,      -65.69609046,              -nan
          0,           0,         443,      -8.584635571,      -6.540776817,      -7.933106699,       -4.84451472,       -10.5217095,   1.968352482e-08,    0.001583034949,                16,                16,                16,       6409.460359,    0.002865956482,     -0.1882822433,                 0,                 0,                 0,     -0.1407306005,    0.002865956482,     -0.1882822433,                 0,      -65.69612777,              -nan
          0,           0,         444,      -8.584808018,       -6.54123247,      -7.807869037,      -4.728173255,      -10.52621721,     1.9683562e-09,   0.0001583034949,                32,                32,                32,       6409.460359,    0.002865956323,     -0.1882822435,                 0,                 0,                 0,     -0.1407306006,    0.002865956323,     -0.1882822435,                 0,       -65.6961315,              -nan
          0,           0,         445,      -8.584865662,      -6.541332283,      -7.925937976,      -4.811514943,      -10.52579376,   3.936713145e-09,   0.0003166069897,                64,                64,                64,       6409.460359,    0.002865956005,     -0.1882822439,                 0,                 0,                 0,     -0.1407306007,    0.002865956005,     -0.1882822439,                 0,      -65.69613893,              -nan
          0,           0,         446,      -8.584913176,      -6.541421017,      -7.968867444,      -4.851813776,      -10.52499906,   7.873429269e-09,   0.0006332139794,               128,               128,               128,       6409.460359,    0.002865955369,     -0.1882822444,                 0,                 0,                 0,     -0.1407306005,    0.002865955369,     -0.1882822444,                 0,      -65.69615368,              -nan
          0,           0,         447,      -8.584975601,      -6.541619445,       -7.96892743,      -4.859387369,      -10.52345139,   1.574687047e-08,    0.001266427959,              12.8,              12.8,              12.8,       6409.460359,    0.002865954099,     -0.1882822452,                 0,                 0,                 0,     -0.1407305997,    0.002865954099,     -0.1882822452,                 0,       -65.6961831,              -nan
          0,           0,         448,      -8.585059833,      -6.542051318,      -7.874169918,      -4.780209472,        -10.527072,   1.574689438e-09,   0.0001266427959,              25.6,              25.6,              25.6,       6409.460359,    0.002865953972,     -0.1882822453,                 0,                 0,                 0,     -0.1407305996,    0.002865953972,     -0.1882822453,                 0,      -65.69618604,              -nan
          0,           0,         449,      -8.585088939,      -6.542112696,      -7.954514192,      -4.834810502,      -10.52673293,   3.149379355e-09,   0.0002532855917,              51.2,              51.2,              51.2,       6409.460359,    0.002865953718,     -0.1882822455,                 0,                 0,                 0,     -0.1407305995,    0.002865953718,     -0.1882822455,                 0,      -65.69619194,              -nan
          0,           0,         450,      -8.585111895,      -6.542191062,      -7.980927801,      -4.862878102,      -10.52609484,   6.298760626e-09,   0.0005065711834,             102.4,             102.4,             102.4,       6409.460359,     0.00286595321,     -0.1882822461,                 0,                 0,                 0,     -0.1407305994,     0.00286595321,     -0.1882822461,                 0,      -65.69620377,              -nan
          0,           0,         451,      -8.585138323,      -6.542370398,      -7.978824342,      -4.869510329,      -10.52485444,   1.259752892e-08,    0.001013142367,             10.24,             10.24,             10.24,       6409.460359,    0.002865952195,     -0.1882822476,                 0,                 0,                 0,     -0.1407305998,    0.002865952195,     -0.1882822476,                 0,      -65.69622757,              -nan
          0,           0,         452,      -8.585173771,      -6.542760879,      -7.912005204,      -4.811820759,      -10.52775987,   1.259754429e-09,   0.0001013142367,             20.48,             20.48,             20.48,       6409.460359,    0.002865952094,     -0.1882822478,                 0,                 0,                 0,     -0.1407305999,    0.002865952094,     -0.1882822478,                 0,      -65.69622996,              -nan
          0,           0,         453,      -8.585189141,      -6.542809352,      -7.964966178,      -4.848284465,      -10.52748604,   2.519509165e-09,   0.0002026284734,             40.96,             40.96,             40.96,       6409.460359,    0.002865951891,     -0.1882822482,                 0,                 0,                 0,        -0.1407306,    0.002865951891,     -0.1882822482,                 0,      -65.69623474,              -nan
          0,           0,         454,      -8.585200738,      -6.542881119,      -7.983252855,      -4.868866561,       -10.5269695,    5.03901956e-09,   0.0004052569467,             81.92,             81.92,             81.92,       6409.460359,    0.002865951485,      -0.188282249,                 0,                 0,                 0,     -0.1407306004,    0.002865951485,      -0.188282249,                 0,      -65.69624433,              -nan
          0,           0,         455,      -8.585213863,      -6.543035907,      -7.983421936,      -4.875457781,      -10.52597079,   1.007804404e-08,   0.0008105138934,            163.84,            163.84,            163.84,       6409.460359,    0.002865950674,      -0.188282251,                 0,                 0,                 0,     -0.1407306017,    0.002865950674,      -0.188282251,                 0,      -65.69626361,              -nan
          0,           0,         456,      -8.585235313,      -6.543369089,       -7.94057949,      -4.837192931,      -10.52398109,   2.015610781e-08,    0.001621027787,            16.384,            16.384,            16.384,       6409.460359,    0.002865949055,     -0.1882822551,                 0,                 0,                 0,     -0.1407306044,    0.002865949055,     -0.1882822551,                 0,      -65.69630218,              -nan
          0,           0,         457,      -8.585309996,      -6.543901037,      -7.807727287,      -4.709500535,       -10.5285575,   2.015614739e-09,   0.0001621027787,            32.768,            32.768,            32.768,       6409.460359,    0.002865948893,     -0.1882822556,                 0,                 0,                 0,     -0.1407306047,    0.002865948893,     -0.1882822556,                 0,      -65.69630604,              -nan
          0,           0,         458,      -8.585359878,      -6.544032771,       -7.93320218,       -4.79150301,      -10.52811628,    4.03123027e-09,   0.0003242055573,            65.536,            65.536,            65.536,       6409.460359,    0.002865948569,     -0.1882822565,                 0,                 0,                 0,     -0.1407306053,    0.002865948569,     -0.1882822565,                 0,      -65.69631378,              -nan
          0,           0,         459,      -8.585391325,      -6.544161838,      -7.971393464,      -4.833369367,      -10.52729913,    8.06246371e-09,   0.0006484111146,           131.072,           131.072,           131.072,       6409.460359,    0.002865947922,     -0.1882822582,                 0,                 0,                 0,     -0.1407306064,    0.002865947922,     -0.1882822582,                 0,      -65.69632921,              -nan
          0,           0,         460,      -8.585426991,       -6.54441142,      -7.963701299,      -4.843090994,      -10.52571014,   1.612494012e-08,    0.001296822229,           13.1072,           13.1072,           13.1072,       6409.460359,    0.002865946629,     -0.1882822612,                 0,                 0,                 0,     -0.1407306079,    0.002865946629,     -0.1882822612,                 0,      -65.69635992,              -nan
          0,           0,         461,      -8.585484502,      -6.544886932,      -7.864622049,      -4.763846777,      -10.52939399,   1.612496557e-09,   0.0001296822229,           26.2144,           26.2144,           26.2144,       6409.460359,    0.002865946499,     -0.1882822615,                 0,                 0,                 0,     -0.1407306081,    0.002865946499,     -0.1882822615,                 0,      -65.69636299,              -nan
          0,           0,         462,       -8.58551355,      -6.544966571,      -7.950385084,      -4.821333579,      -10.52904134,   3.224993623e-09,   0.0002593644458,           52.4288,           52.4288,           52.4288,       6409.460359,    0.002865946241,     -0.1882822622,                 0,                 0,                 0,     -0.1407306084,    0.002865946241,     -0.1882822622,                 0,      -65.69636914,              -nan
          0,           0,         463,      -8.585533674,      -6.545064188,      -7.976739468,      -4.852463918,      -10.52838474,   6.449989285e-09,   0.0005187288916,          104.8576,          104.8576,          104.8576,       6409.460359,    0.002865945724,     -0.1882822635,                 0,                 0,                 0,     -0.1407306091,    0.002865945724,     -0.1882822635,                 0,      -65.69638143,              -nan
          0,           0,         464,      -8.585556169,      -6.545264787,      -7.972804889,      -4.862364742,      -10.52711284,   1.289998673e-08,    0.001037457783,          10.48576,          10.48576,          10.48576,       6409.460359,    0.002865944691,     -0.1882822661,                 0,                 0,                 0,     -0.1407306106,    0.002865944691,     -0.1882822661,                 0,      -65.69640604,              -nan
          0,           0,         465,      -8.585591988,      -6.545669425,      -7.902366559,       -4.80530831,      -10.53007705,   1.290000308e-09,   0.0001037457783,          20.97152,          20.97152,          20.97152,       6409.460359,    0.002865944588,     -0.1882822664,                 0,                 0,                 0,     -0.1407306108,    0.002865944588,     -0.1882822664,                 0,      -65.69640851,              -nan
          0,           0,         466,      -8.585608961,      -6.545723558,      -7.960004023,       -4.84545106,       -10.5297953,   2.580000944e-09,   0.0002074915566,          41.94304,          41.94304,          41.94304,       6409.460359,    0.002865944381,      -0.188282267,                 0,                 0,                 0,     -0.1407306111,    0.002865944381,      -0.188282267,                 0,      -65.69641344,              -nan
          0,           0,         467,      -8.585621481,      -6.545799652,      -7.979914664,      -4.868209934,      -10.52926631,   5.160003197e-09,   0.0004149831132,          83.88608,          83.88608,          83.88608,       6409.460359,    0.002865943968,     -0.1882822681,                 0,                 0,                 0,     -0.1407306119,    0.002865943968,     -0.1882822681,                 0,      -65.69642332,              -nan
          0,           0,         468,      -8.585636377,      -6.545958753,      -7.979699515,      -4.875886536,      -10.52824516,   1.032001164e-08,   0.0008299662264,         167.77216,         167.77216,         167.77216,       6409.460359,    0.002865943143,     -0.1882822707,                 0,                 0,                 0,      -0.140730614,    0.002865943143,     -0.1882822707,                 0,      -65.69644314,              -nan
          0,           0,         469,      -8.585663173,      -6.546292055,      -7.931880518,      -4.835746208,      -10.52621043,   2.064004427e-08,    0.001659932453,         16.777216,         16.777216,         16.777216,       6409.460359,    0.002865941494,     -0.1882822758,                 0,                 0,                 0,     -0.1407306179,    0.002865941494,     -0.1882822758,                 0,       -65.6964827,              -nan
          0,           0,         470,      -8.585754695,      -6.546817015,      -7.792180712,      -4.705668887,      -10.53089233,   2.064008638e-09,   0.0001659932453,         33.554432,         33.554432,         33.554432,       6409.460359,    0.002865941329,     -0.1882822763,                 0,                 0,                 0,     -0.1407306183,    0.002865941329,     -0.1882822763,                 0,      -65.69648666,              -nan
          0,           0,         471,      -8.585810183,      -6.546944235,      -7.924893212,      -4.795052696,      -10.53044421,    4.12801812e-09,   0.0003319864905,         67.108864,         67.108864,         67.108864,       6409.460359,       0.002865941,     -0.1882822774,                 0,                 0,                 0,     -0.1407306191,       0.002865941,     -0.1882822774,                 0,      -65.69649459,              -nan
          0,           0,         472,      -8.585845676,      -6.547063883,      -7.967578885,      -4.839416909,      -10.52961189,   8.256039614e-09,    0.000663972981,        134.217728,        134.217728,        134.217728,       6409.460359,    0.002865940341,     -0.1882822794,                 0,                 0,                 0,     -0.1407306206,    0.002865940341,     -0.1882822794,                 0,       -65.6965104,              -nan
          0,           0,         473,      -8.585888377,      -6.547305451,      -7.959183702,      -4.847125908,      -10.52798944,   1.651209274e-08,    0.001327945962,        13.4217728,        13.4217728,        13.4217728,       6409.460359,    0.002865939025,     -0.1882822829,                 0,                 0,                 0,     -0.1407306228,    0.002865939025,     -0.1882822829,                 0,      -65.69654179,              -nan
          0,           0,         474,      -8.585963971,      -6.547778111,      -7.850861029,      -4.762616408,      -10.53176264,   1.651211983e-09,   0.0001327945962,        26.8435456,        26.8435456,        26.8435456,       6409.460359,    0.002865938893,     -0.1882822832,                 0,                 0,                 0,      -0.140730623,    0.002865938893,     -0.1882822832,                 0,      -65.69654493,              -nan
          0,           0,         475,      -8.585997415,      -6.547851535,      -7.943669622,      -4.825759135,      -10.53140495,   3.302424508e-09,   0.0002655891924,        53.6870912,        53.6870912,        53.6870912,       6409.460359,     0.00286593863,      -0.188282284,                 0,                 0,                 0,     -0.1407306235,     0.00286593863,      -0.188282284,                 0,      -65.69655121,              -nan
          0,           0,         476,      -8.586022232,      -6.547941359,      -7.974391381,      -4.858897328,      -10.53073632,   6.604851186e-09,   0.0005311783847,       107.3741824,       107.3741824,       107.3741824,       6409.460359,    0.002865938104,     -0.1882822853,                 0,                 0,                 0,     -0.1407306244,    0.002865938104,     -0.1882822853,                 0,      -65.69656376,              -nan
          0,           0,         477,      -8.586053488,      -6.548136115,      -7.971570434,       -4.86759852,      -10.52943686,   1.320971106e-08,    0.001062356769,       10.73741824,       10.73741824,       10.73741824,       6409.460359,    0.002865937052,     -0.1882822881,                 0,                 0,                 0,     -0.1407306261,    0.002865937052,     -0.1882822881,                 0,      -65.69658881,              -nan
          0,           0,         478,      -8.586109301,      -6.548541294,      -7.893763865,      -4.806089353,      -10.53247465,   1.320972846e-09,   0.0001062356769,       21.47483648,       21.47483648,       21.47483648,       6409.460359,    0.002865936947,     -0.1882822884,                 0,                 0,                 0,     -0.1407306263,    0.002865936947,     -0.1882822884,                 0,      -65.69659132,              -nan
          0,           0,         479,      -8.586129704,      -6.548591923,      -7.956625641,      -4.849892048,      -10.53218827,   2.641946041e-09,   0.0002124713539,       42.94967296,       42.94967296,       42.94967296,       6409.460359,    0.002865936737,     -0.1882822889,                 0,                 0,                 0,     -0.1407306267,    0.002865936737,     -0.1882822889,                 0,      -65.69659634,              -nan
          0,           0,         480,      -8.586146972,       -6.54866416,      -7.979430832,      -4.874214511,      -10.53164903,   5.283893475e-09,   0.0004249427077,       85.89934592,       85.89934592,       85.89934592,       6409.460359,    0.002865936316,     -0.1882822901,                 0,                 0,                 0,     -0.1407306275,    0.002865936316,     -0.1882822901,                 0,      -65.69660639,              -nan
          0,           0,         481,      -8.586170779,      -6.548820831,      -7.980326683,      -4.881581202,      -10.53060523,   1.056779253e-08,   0.0008498854154,       171.7986918,       171.7986918,       171.7986918,       6409.460359,    0.002865935476,     -0.1882822925,                 0,                 0,                 0,     -0.1407306294,    0.002865935476,     -0.1882822925,                 0,      -65.69662649,              -nan
          0,           0,         482,      -8.586215508,      -6.549157451,      -7.927873065,      -4.838344781,      -10.52852531,    2.11356074e-08,    0.001699770831,       17.17986918,       17.17986918,       17.17986918,       6409.460359,    0.002865933798,     -0.1882822968,                 0,                 0,                 0,     -0.1407306325,    0.002865933798,     -0.1882822968,                 0,      -65.69666646,              -nan
          0,           0,         483,      -8.586336791,      -6.549700851,      -7.785155358,      -4.704701128,      -10.53332453,   2.113565223e-09,   0.0001699770831,       34.35973837,       34.35973837,       34.35973837,       6409.460359,     0.00286593363,     -0.1882822973,                 0,                 0,                 0,     -0.1407306329,     0.00286593363,     -0.1882822973,                 0,      -65.69667046,              -nan
          0,           0,         484,      -8.586397055,      -6.549824749,      -7.922353704,      -4.797727446,      -10.53286798,   4.227131344e-09,   0.0003399541661,       68.71947674,       68.71947674,       68.71947674,       6409.460359,    0.002865933295,     -0.1882822982,                 0,                 0,                 0,     -0.1407306335,    0.002865933295,     -0.1882822982,                 0,      -65.69667847,              -nan
          0,           0,         485,      -8.586438067,      -6.549943459,      -7.966896564,      -4.843636411,      -10.53201826,    8.45426628e-09,   0.0006799083322,       137.4389535,       137.4389535,       137.4389535,       6409.460359,    0.002865932624,     -0.1882822998,                 0,                 0,                 0,     -0.1407306346,    0.002865932624,     -0.1882822998,                 0,       -65.6966944,              -nan
          0,           0,         486,      -8.586488727,      -6.550191686,      -7.958821069,      -4.850261083,      -10.53035972,   1.690854694e-08,    0.001359816664,       13.74389535,       13.74389535,       13.74389535,       6409.460359,    0.002865931284,     -0.1882823024,                 0,                 0,                 0,     -0.1407306359,    0.002865931284,     -0.1882823024,                 0,      -65.69672602,              -nan
          0,           0,         487,      -8.586571057,      -6.550682484,      -7.848636803,      -4.761108964,       -10.5342265,   1.690857578e-09,   0.0001359816664,                10,                10,                10,       6409.460359,     0.00286593115,     -0.1882823027,                 0,                 0,                 0,     -0.1407306361,     0.00286593115,     -0.1882823027,                 0,      -65.69672919,              -nan
          0,           0,         488,      -8.586606219,      -6.550760263,       -7.94512236,      -4.826604102,      -10.53436679,   1.230261017e-09,   9.893968412e-05,                10,                10,                10,       6409.460359,    0.002865931053,     -0.1882823029,                 0,                 0,                 0,     -0.1407306362,    0.002865931053,     -0.1882823029,                 0,      -65.69673149,              -nan
          0,           0,         489,      -8.586618657,        -6.5507945,      -7.966507559,      -4.848220584,      -10.53438885,    1.23026117e-09,   9.893968412e-05,                10,                10,                10,       6409.460359,    0.002865930955,      -0.188282303,                 0,                 0,                 0,     -0.1407306363,    0.002865930955,      -0.188282303,                 0,      -65.69673379,              -nan
          0,           0,         490,      -8.586627042,      -6.550823213,       -7.97027218,      -4.859775716,      -10.53441333,   1.230261322e-09,   9.893968412e-05,                10,                10,                10,       6409.460359,    0.002865930858,     -0.1882823032,                 0,                 0,                 0,     -0.1407306364,    0.002865930858,     -0.1882823032,                 0,       -65.6967361,              -nan
          0,           0,         491,      -8.586634023,      -6.550850497,      -7.971136757,      -4.868154109,      -10.53443991,   1.230261475e-09,   9.893968412e-05,                10,                10,                10,       6409.460359,     0.00286593076,     -0.1882823034,                 0,                 0,                 0,     -0.1407306365,     0.00286593076,     -0.1882823034,                 0,       -65.6967384,              -nan
          0,           0,         492,      -8.586640143,      -6.550877975,      -7.971414922,      -4.874861444,      -10.53446832,   1.230261628e-09,   9.893968412e-05,                10,                10,                10,       6409.460359,    0.002865930663,     -0.1882823036,                 0,                 0,                 0,     -0.1407306366,    0.002865930663,     -0.1882823036,                 0,       -65.6967407,              -nan
          0,           0,         493,       -8.58664553,      -6.550906597,      -7.971001611,      -4.880227775,      -10.53449826,   1.230261781e-09,   9.893968412e-05,                10,                10,                10,       6409.460359,    0.002865930566,     -0.1882823038,                 0,                 0,                 0,     -0.1407306367,    0.002865930566,     -0.1882823038,                 0,      -65.69674301,              -nan
          0,           0,         494,      -8.586650312,      -6.550936937,      -7.970096733,      -4.884610252,      -10.53452948,   1.230261934e-09,   9.893968412e-05,                10,                10,                10,       6409.460359,    0.002865930468,      -0.188282304,                 0,                 0,                 0,     -0.1407306368,    0.002865930468,      -0.188282304,                 0,      -65.69674531,              -nan
          0,           0,         495,       -8.58665461,      -6.550969272,      -7.969053994,      -4.888343609,      -10.53456172,   1.230262087e-09,   9.893968412e-05,                10,                10,                10,       6409.460359,    0.002865930371,     -0.1882823043,                 0,                 0,                 0,     -0.1407306369,    0.002865930371,     -0.1882823043,                 0,      -65.69674761,              -nan
          0,           0,         496,      -8.586658502,      -6.551003656,      -7.968084642,      -4.891621174,      -10.53459477,    1.23026224e-09,   9.893968411e-05,                10,                10,                10,       6409.460359,    0.002865930273,     -0.1882823045,                 0,                 0,                 0,     -0.1407306371,    0.002865930273,     -0.1882823045,                 0,      -65.69674992,              -nan
          0,           0,         497,      -8.586662031,      -6.551040002,      -7.967258264,      -4.894524043,      -10.53462844,   1.230262393e-09,   9.893968411e-05,                10,                10,                10,       6409.460359,    0.002865930176,     -0.1882823047,                 0,                 0,                 0,     -0.1407306372,    0.002865930176,     -0.1882823047,                 0,      -65.69675222,              -nan
          0,           0,         498,      -8.586665225,      -6.551078142,      -7.966586573,      -4.897089112,      -10.53466256,   1.230262546e-09,   9.893968411e-05,                10,                10,                10,       6409.460359,    0.002865930079,     -0.1882823048,                 0,                 0,                 0,     -0.1407306373,    0.002865930079,     -0.1882823048,                 0,      -65.69675452,              -nan
          0,           0,         499,      -8.586668105,      -6.551117873,      -7.966069423,      -4.899347341,      -10.53469699,   1.230262699e-09,   9.893968411e-05,                10,                10,                10,       6409.460359,    0.002865929981,      -0.188282305,                 0,                 0,                 0,     -0.1407306374,    0.002865929981,      -0.188282305,                 0,      -65.69675682,              -nan
          0,           0,         500,      -8.586670693,      -6.551158981,      -7.965705947,      -4.901333433,      -10.53473161,   1.230262852e-09,   9.893968411e-05,                10,                10,                10,       6409.460359,    0.002865929884,     -0.1882823052,                 0,                 0,                 0,     -0.1407306375,    0.002865929884,     -0.1882823052,                 0,      -65.69675912,              -nan
          0,           0,         501,      -8.586673005,      -6.551201258,      -7.965494484,      -4.903083904,      -10.53476634,   1.230263005e-09,   9.893968411e-05,                10,                10,                10,       6409.460359,    0.002865929786,     -0.1882823054,                 0,                 0,                 0,     -0.1407306376,    0.002865929786,     -0.1882823054,                 0,      -65.69676142,              -nan
          0,           0,         502,      -8.586675063,      -6.551244507,      -7.965431493,      -4.904633434,       -10.5348011,   1.230263158e-09,   9.893968411e-05,                10,                10,                10,       6409.460359,    0.002865929689,     -0.1882823056,                 0,                 0,                 0,     -0.1407306377,    0.002865929689,     -0.1882823056,                 0,      -65.69676371,              -nan
          0,           0,         503,      -8.586676884,      -6.551288546,      -7.965511146,      -4.906012112,      -10.53483585,   1.230263311e-09,   9.893968411e-05,                10,                10,                10,       6409.460359,    0.002865929592,     -0.1882823058,                 0,                 0,                 0,     -0.1407306377,    0.002865929592,     -0.1882823058,                 0,      -65.69676601,              -nan
          0,           0,         504,      -8.586678492,      -6.551333215,      -7.965725284,      -4.907244194,      -10.53487055,   1.230263465e-09,   9.893968411e-05,                10,                10,                10,       6409.460359,    0.002865929494,      -0.188282306,                 0,                 0,                 0,     -0.1407306378,    0.002865929494,      -0.188282306,                 0,       -65.6967683,              -nan
          0,           0,         505,      -8.586679908,      -6.551378373,      -7.966064207,      -4.908348012,      -10.53490517,   1.230263618e-09,   9.893968411e-05,                10,                10,                10,       6409.460359,    0.002865929397,     -0.1882823062,                 0,                 0,                 0,     -0.1407306379,    0.002865929397,     -0.1882823062,                 0,       -65.6967706,              -nan
          0,           0,         506,      -8.586681158,      -6.551423894,      -7.966517601,      -4.909336694,       -10.5349397,   1.230263771e-09,   9.893968411e-05,                10,                10,                10,       6409.460359,      0.0028659293,     -0.1882823063,                 0,                 0,                 0,     -0.1407306381,      0.0028659293,     -0.1882823063,                 0,       -65.6967729,              -nan
          0,           0,         507,      -8.586682265,      -6.551469675,      -7.967075775,      -4.910219025,      -10.53497415,   1.230263924e-09,   9.893968411e-05,                10,                10,                10,       6409.460359,    0.002865929202,     -0.1882823065,                 0,                 0,                 0,     -0.1407306382,    0.002865929202,     -0.1882823065,                 0,       -65.6967752,              -nan
          0,           0,         508,      -8.586683252,      -6.551515624,      -7.967730213,      -4.911000397,       -10.5350085,   1.230264078e-09,    9.89396841e-05,                10,                10,                10,       6409.460359,    0.002865929105,     -0.1882823067,                 0,                 0,                 0,     -0.1407306383,    0.002865929105,     -0.1882823067,                 0,       -65.6967775,              -nan
          0,           0,         509,       -8.58668414,      -6.551561665,      -7.968473839,      -4.911683649,      -10.53504278,   1.230264231e-09,    9.89396841e-05,                10,                10,                10,       6409.460359,    0.002865929008,     -0.1882823069,                 0,                 0,                 0,     -0.1407306384,    0.002865929008,     -0.1882823069,                 0,       -65.6967798,              -nan
          0,           0,         510,      -8.586684948,      -6.551607735,      -7.969300865,      -4.912269936,      -10.53507698,   1.230264384e-09,    9.89396841e-05,                10,                10,                10,       6409.460359,     0.00286592891,     -0.1882823072,                 0,                 0,                 0,     -0.1407306386,     0.00286592891,     -0.1882823072,                 0,       -65.6967821,              -nan
          0,           0,         511,       -8.58668569,      -6.551653781,      -7.970206325,       -4.91275944,      -10.53511112,   1.230264538e-09,    9.89396841e-05,                10,                10,                10,       6409.460359,    0.002865928813,     -0.1882823074,                 0,                 0,                 0,     -0.1407306387,    0.002865928813,     -0.1882823074,                 0,      -65.69678441,              -nan
          0,           0,         512,       -8.58668638,       -6.55169976,      -7.971185719,      -4.913151866,       -10.5351452,   1.230264691e-09,    9.89396841e-05,                10,                10,                10,       6409.460359,    0.002865928716,     -0.1882823076,                 0,                 0,                 0,     -0.1407306389,    0.002865928716,     -0.1882823076,                 0,      -65.69678672,              -nan
          0,           0,         513,      -8.586687027,      -6.551745635,      -7.972234791,      -4.913446918,      -10.53517925,   1.230264845e-09,    9.89396841e-05,                10,                10,                10,       6409.460359,    0.002865928619,     -0.1882823078,                 0,                 0,                 0,      -0.140730639,    0.002865928619,     -0.1882823078,                 0,      -65.69678903,              -nan
          0,           0,         514,      -8.586687639,       -6.55179138,      -7.973349474,      -4.913644383,      -10.53521327,   1.230264998e-09,    9.89396841e-05,                10,                10,                10,       6409.460359,    0.002865928521,     -0.1882823081,                 0,                 0,                 0,     -0.1407306392,    0.002865928521,     -0.1882823081,                 0,      -65.69679134,              -nan
          0,           0,         515,      -8.586688225,       -6.55183697,      -7.974526063,      -4.913744206,      -10.53524727,   1.230265152e-09,    9.89396841e-05,                10,                10,                10,       6409.460359,    0.002865928424,     -0.1882823083,                 0,                 0,                 0,     -0.1407306394,    0.002865928424,     -0.1882823083,                 0,      -65.69679365,              -nan
          0,           0,         516,      -8.586688789,      -6.551882387,      -7.975761242,      -4.913746527,      -10.53528125,   1.230265305e-09,    9.89396841e-05,                10,                10,                10,       6409.460359,    0.002865928327,     -0.1882823086,                 0,                 0,                 0,     -0.1407306396,    0.002865928327,     -0.1882823086,                 0,      -65.69679597,              -nan
          0,           0,         517,      -8.586689339,      -6.551927616,      -7.977052062,      -4.913651745,      -10.53531524,   1.230265459e-09,    9.89396841e-05,                10,                10,                10,       6409.460359,     0.00286592823,     -0.1882823088,                 0,                 0,                 0,     -0.1407306399,     0.00286592823,     -0.1882823088,                 0,      -65.69679829,              -nan
          0,           0,         518,      -8.586689881,      -6.551972642,      -7.978395744,      -4.913460638,      -10.53534924,   1.230265612e-09,    9.89396841e-05,                10,                10,                10,       6409.460359,    0.002865928132,     -0.1882823091,                 0,                 0,                 0,     -0.1407306401,    0.002865928132,     -0.1882823091,                 0,      -65.69680061,              -nan
          0,           0,         519,      -8.586690423,      -6.552017453,      -7.979789488,      -4.913174558,      -10.53538325,   1.230265766e-09,    9.89396841e-05,                10,                10,                10,       6409.460359,    0.002865928035,     -0.1882823094,                 0,                 0,                 0,     -0.1407306404,    0.002865928035,     -0.1882823094,                 0,      -65.69680294,              -nan
          0,           0,         520,      -8.586690976,      -6.552062033,      -7.981230143,      -4.912795609,      -10.53541728,   1.230265919e-09,   9.893968409e-05,                10,                10,                10,       6409.460359,    0.002865927938,     -0.1882823097,                 0,                 0,                 0,     -0.1407306407,    0.002865927938,     -0.1882823097,                 0,      -65.69680527,              -nan
          0,           0,         521,      -8.586691551,      -6.552106369,       -7.98271401,      -4.912326801,      -10.53545134,   1.230266073e-09,   9.893968409e-05,                10,                10,                10,       6409.460359,    0.002865927841,       -0.18828231,                 0,                 0,                 0,      -0.140730641,    0.002865927841,       -0.18828231,                 0,      -65.69680761,              -nan
          0,           0,         522,      -8.586692164,      -6.552150446,      -7.984236602,      -4.911772189,      -10.53548544,   1.230266227e-09,   9.893968409e-05,                10,                10,                10,       6409.460359,    0.002865927743,     -0.1882823103,                 0,                 0,                 0,     -0.1407306413,    0.002865927743,     -0.1882823103,                 0,      -65.69680995,              -nan
          0,           0,         523,      -8.586692836,      -6.552194247,      -7.985792631,      -4.911136958,      -10.53551956,    1.23026638e-09,   9.893968409e-05,                10,                10,                10,       6409.460359,    0.002865927646,     -0.1882823106,                 0,                 0,                 0,     -0.1407306417,    0.002865927646,     -0.1882823106,                 0,       -65.6968123,              -nan
          0,           0,         524,      -8.586693588,      -6.552237756,      -7.987375897,      -4.910427464,      -10.53555373,   1.230266534e-09,   9.893968409e-05,                10,                10,                10,       6409.460359,    0.002865927549,      -0.188282311,                 0,                 0,                 0,     -0.1407306421,    0.002865927549,      -0.188282311,                 0,      -65.69681465,              -nan
          0,           0,         525,      -8.586694448,      -6.552280956,      -7.988979337,      -4.909651262,      -10.53558792,   1.230266688e-09,   9.893968409e-05,                10,                10,                10,       6409.460359,    0.002865927452,     -0.1882823114,                 0,                 0,                 0,     -0.1407306425,    0.002865927452,     -0.1882823114,                 0,        -65.696817,              -nan
          0,           0,         526,      -8.586695445,      -6.552323833,       -7.99059507,      -4.908817085,      -10.53562212,   1.230266842e-09,   9.893968409e-05,                10,                10,                10,       6409.460359,    0.002865927355,     -0.1882823117,                 0,                 0,                 0,     -0.1407306429,    0.002865927355,     -0.1882823117,                 0,      -65.69681936,              -nan
          0,           0,         527,      -8.586696612,      -6.552366377,      -7.992214729,      -4.907934779,      -10.53565634,   1.230266996e-09,   9.893968409e-05,                10,                10,                10,       6409.460359,    0.002865927258,     -0.1882823121,                 0,                 0,                 0,     -0.1407306434,    0.002865927258,     -0.1882823121,                 0,      -65.69682173,              -nan
          0,           0,         528,      -8.586697983,      -6.552408583,      -7.993829423,      -4.907015253,      -10.53569055,   1.230267149e-09,   9.893968409e-05,                10,                10,                10,       6409.460359,     0.00286592716,     -0.1882823126,                 0,                 0,                 0,     -0.1407306439,     0.00286592716,     -0.1882823126,                 0,       -65.6968241,              -nan
          0,           0,         529,      -8.586699594,       -6.55245045,      -7.995429899,      -4.906070387,      -10.53572472,   1.230267303e-09,   9.893968409e-05,                10,                10,                10,       6409.460359,    0.002865927063,      -0.188282313,                 0,                 0,                 0,     -0.1407306444,    0.002865927063,      -0.188282313,                 0,      -65.69682648,              -nan
          0,           0,         530,      -8.586701478,      -6.552491989,      -7.997006687,      -4.905113062,      -10.53575885,   1.230267457e-09,   9.893968409e-05,                10,                10,                10,       6409.460359,    0.002865926966,     -0.1882823134,                 0,                 0,                 0,      -0.140730645,    0.002865926966,     -0.1882823134,                 0,      -65.69682887,              -nan
          0,           0,         531,      -8.586703667,      -6.552533215,      -7.998549779,      -4.904157085,       -10.5357929,   1.230267611e-09,   9.893968409e-05,                10,                10,                10,       6409.460359,    0.002865926869,     -0.1882823139,                 0,                 0,                 0,     -0.1407306456,    0.002865926869,     -0.1882823139,                 0,      -65.69683126,              -nan
          0,           0,         532,      -8.586706188,      -6.552574154,      -8.000048621,      -4.903217135,      -10.53582686,   1.230267765e-09,   9.893968408e-05,                10,                10,                10,       6409.460359,    0.002865926772,     -0.1882823144,                 0,                 0,                 0,     -0.1407306462,    0.002865926772,     -0.1882823144,                 0,      -65.69683365,              -nan
          0,           0,         533,      -8.586709064,       -6.55261484,      -8.001491999,      -4.902308721,      -10.53586071,   1.230267919e-09,   9.893968408e-05,                10,                10,                10,       6409.460359,    0.002865926675,     -0.1882823149,                 0,                 0,                 0,     -0.1407306469,    0.002865926675,     -0.1882823149,                 0,      -65.69683605,              -nan
          0,           0,         534,      -8.586712313,      -6.552655313,      -8.002867725,       -4.90144786,      -10.53589442,   1.230268073e-09,   9.893968408e-05,                10,                10,                10,       6409.460359,    0.002865926578,     -0.1882823154,                 0,                 0,                 0,     -0.1407306475,    0.002865926578,     -0.1882823154,                 0,      -65.69683846,              -nan
          0,           0,         535,      -8.586715944,       -6.55269562,      -8.004163134,      -4.900650777,        -10.535928,   1.230268227e-09,   9.893968408e-05,                20,                20,                20,       6409.460359,    0.002865926481,     -0.1882823159,                 0,                 0,                 0,     -0.1407306482,    0.002865926481,     -0.1882823159,                 0,      -65.69684087,              -nan
          0,           0,         536,      -8.586719962,      -6.552735809,      -8.005365374,      -4.899933326,      -10.53567897,   2.460536762e-09,   0.0001978793682,                40,                40,                40,       6409.460359,    0.002865926286,      -0.188282317,                 0,                 0,                 0,     -0.1407306497,    0.002865926286,      -0.188282317,                 0,       -65.6968457,              -nan
          0,           0,         537,      -8.586729833,      -6.552820016,      -8.006181963,      -4.896784455,      -10.53518834,   4.921074757e-09,   0.0003957587363,                80,                80,                80,       6409.460359,    0.002865925898,     -0.1882823192,                 0,                 0,                 0,     -0.1407306526,    0.002865925898,     -0.1882823192,                 0,      -65.69685537,              -nan
          0,           0,         538,      -8.586755489,      -6.552994244,      -7.995742974,      -4.884403227,      -10.53421546,   9.842154449e-09,   0.0007915174726,               160,               160,               160,       6409.460359,    0.002865925122,     -0.1882823233,                 0,                 0,                 0,     -0.1407306579,    0.002865925122,     -0.1882823233,                 0,      -65.69687456,              -nan
          0,           0,         539,      -8.586824717,      -6.553316186,      -7.938848156,      -4.840916301,      -10.53226778,   1.968432866e-08,    0.001583034945,                16,                16,                16,       6409.460359,    0.002865923572,     -0.1882823282,                 0,                 0,                 0,     -0.1407306633,    0.002865923572,     -0.1882823282,                 0,      -65.69691182,              -nan
          0,           0,         540,      -8.587000669,      -6.553787626,      -7.809295485,      -4.727387748,      -10.53676783,   1.968436831e-09,   0.0001583034945,                32,                32,                32,       6409.460359,    0.002865923417,     -0.1882823287,                 0,                 0,                 0,     -0.1407306638,    0.002865923417,     -0.1882823287,                 0,      -65.69691555,              -nan
          0,           0,         541,      -8.587059273,      -6.553908223,      -7.927120977,      -4.810749572,      -10.53634171,   3.936874455e-09,    0.000316606989,                64,                64,                64,       6409.460359,    0.002865923107,     -0.1882823296,                 0,                 0,                 0,     -0.1407306647,    0.002865923107,     -0.1882823296,                 0,      -65.69692295,              -nan
          0,           0,         542,      -8.587109465,      -6.554011409,      -7.970883225,      -4.852746697,      -10.53554581,   7.873752087e-09,    0.000633213978,               128,               128,               128,       6409.460359,    0.002865922488,     -0.1882823307,                 0,                 0,                 0,     -0.1407306655,    0.002865922488,     -0.1882823307,                 0,      -65.69693757,              -nan
          0,           0,         543,       -8.58718031,      -6.554214735,       -7.97512387,      -4.864209066,       -10.5339963,   1.574751689e-08,    0.001266427956,              12.8,              12.8,              12.8,       6409.460359,    0.002865921249,     -0.1882823318,                 0,                 0,                 0,     -0.1407306651,    0.002865921249,     -0.1882823318,                 0,      -65.69696631,              -nan
          0,           0,         544,      -8.587285745,      -6.554633587,      -7.883809575,      -4.791180054,       -10.5376182,   1.574754238e-09,   0.0001266427956,              25.6,              25.6,              25.6,       6409.460359,    0.002865921126,     -0.1882823319,                 0,                 0,                 0,      -0.140730665,    0.002865921126,     -0.1882823319,                 0,      -65.69696918,              -nan
          0,           0,         545,      -8.587316617,      -6.554693994,      -7.965189935,      -4.846577051,       -10.5372796,   3.149508986e-09,   0.0002532855912,              51.2,              51.2,              51.2,       6409.460359,    0.002865920878,      -0.188282332,                 0,                 0,                 0,     -0.1407306649,    0.002865920878,      -0.188282332,                 0,      -65.69697492,              -nan
          0,           0,         546,      -8.587343574,      -6.554768494,      -7.993645133,      -4.875698264,      -10.53664207,   6.299020014e-09,   0.0005065711823,             102.4,             102.4,             102.4,       6409.460359,    0.002865920383,     -0.1882823324,                 0,                 0,                 0,     -0.1407306646,    0.002865920383,     -0.1882823324,                 0,      -65.69698637,              -nan
          0,           0,         547,      -8.587377887,      -6.554938991,      -7.993025087,      -4.884282013,       -10.5354026,    1.25980482e-08,    0.001013142365,             10.24,             10.24,             10.24,       6409.460359,    0.002865919394,     -0.1882823333,                 0,                 0,                 0,     -0.1407306643,    0.002865919394,     -0.1882823333,                 0,      -65.69700937,              -nan
          0,           0,         548,      -8.587424714,      -6.555315681,      -7.925266104,      -4.828841067,      -10.53831127,   1.259806457e-09,   0.0001013142365,             20.48,             20.48,             20.48,       6409.460359,    0.002865919295,     -0.1882823334,                 0,                 0,                 0,     -0.1407306642,    0.002865919295,     -0.1882823334,                 0,      -65.69701167,              -nan
          0,           0,         549,      -8.587440534,      -6.555360695,      -7.978680514,      -4.865872324,      -10.53803905,   2.519613242e-09,   0.0002026284729,             40.96,             40.96,             40.96,       6409.460359,    0.002865919097,     -0.1882823336,                 0,                 0,                 0,     -0.1407306642,    0.002865919097,     -0.1882823336,                 0,      -65.69701628,              -nan
          0,           0,         550,      -8.587453568,      -6.555427252,      -7.997615929,      -4.886578011,      -10.53752421,   5.039227795e-09,   0.0004052569458,             81.92,             81.92,             81.92,       6409.460359,    0.002865918702,     -0.1882823342,                 0,                 0,                 0,     -0.1407306644,    0.002865918702,     -0.1882823342,                 0,      -65.69702555,              -nan
          0,           0,         551,      -8.587469078,      -6.555574654,      -7.997972239,      -4.892722211,      -10.53652751,   1.007846084e-08,   0.0008105138916,            163.84,            163.84,            163.84,       6409.460359,    0.002865917912,     -0.1882823358,                 0,                 0,                 0,     -0.1407306653,    0.002865917912,     -0.1882823358,                 0,      -65.69704422,              -nan
          0,           0,         552,       -8.58749244,      -6.555899946,      -7.954474029,      -4.853222951,      -10.53454268,   2.015694269e-08,    0.001621027783,            16.384,            16.384,            16.384,       6409.460359,    0.002865916333,     -0.1882823395,                 0,                 0,                 0,     -0.1407306678,    0.002865916333,     -0.1882823395,                 0,      -65.69708171,              -nan
          0,           0,         553,      -8.587564071,      -6.556435131,       -7.82208222,      -4.724206733,       -10.5391225,   2.015698484e-09,   0.0001621027783,            32.768,            32.768,            32.768,       6409.460359,    0.002865916176,     -0.1882823399,                 0,                 0,                 0,     -0.1407306681,    0.002865916176,     -0.1882823399,                 0,      -65.69708546,              -nan
          0,           0,         554,      -8.587610766,      -6.556559768,      -7.947727693,      -4.805650185,      -10.53868306,   4.031397812e-09,   0.0003242055566,            65.536,            65.536,            65.536,       6409.460359,     0.00286591586,     -0.1882823408,                 0,                 0,                 0,     -0.1407306687,     0.00286591586,     -0.1882823408,                 0,      -65.69709299,              -nan
          0,           0,         555,      -8.587639897,      -6.556684706,      -7.986531259,      -4.846935492,      -10.53786756,      8.062799e-09,   0.0006484111132,           131.072,           131.072,           131.072,       6409.460359,    0.002865915229,     -0.1882823424,                 0,                 0,                 0,     -0.1407306697,    0.002865915229,     -0.1882823424,                 0,      -65.69710802,              -nan
          0,           0,         556,      -8.587672409,      -6.556933828,      -7.979352059,      -4.855855095,      -10.53627985,   1.612561152e-08,    0.001296822226,           13.1072,           13.1072,           13.1072,       6409.460359,    0.002865913969,     -0.1882823453,                 0,                 0,                 0,     -0.1407306713,    0.002865913969,     -0.1882823453,                 0,      -65.69713792,              -nan
          0,           0,         557,      -8.587726454,      -6.557414968,      -7.880316381,      -4.776750044,      -10.53996448,   1.612563862e-09,   0.0001296822226,           26.2144,           26.2144,           26.2144,       6409.460359,    0.002865913843,     -0.1882823456,                 0,                 0,                 0,     -0.1407306714,    0.002865913843,     -0.1882823456,                 0,      -65.69714091,              -nan
          0,           0,         558,       -8.58775364,      -6.557492867,      -7.966214346,      -4.833356204,      -10.53961206,   3.225128267e-09,   0.0002593644452,           52.4288,           52.4288,           52.4288,       6409.460359,    0.002865913591,     -0.1882823462,                 0,                 0,                 0,     -0.1407306717,    0.002865913591,     -0.1882823462,                 0,       -65.6971469,              -nan
          0,           0,         559,      -8.587772456,      -6.557590679,      -7.992664917,      -4.864293986,      -10.53895556,   6.450258704e-09,   0.0005187288905,          104.8576,          104.8576,          104.8576,       6409.460359,    0.002865913087,     -0.1882823474,                 0,                 0,                 0,     -0.1407306724,    0.002865913087,     -0.1882823474,                 0,      -65.69715887,              -nan
          0,           0,         560,      -8.587793528,      -6.557793323,      -7.988845174,      -4.874474845,      -10.53768335,    1.29005261e-08,    0.001037457781,          10.48576,          10.48576,          10.48576,       6409.460359,     0.00286591208,     -0.1882823499,                 0,                 0,                 0,     -0.1407306739,     0.00286591208,     -0.1882823499,                 0,      -65.69718282,              -nan
          0,           0,         561,       -8.58782807,      -6.558203265,      -7.919035107,      -4.818523929,      -10.54064752,    1.29005435e-09,   0.0001037457781,          20.97152,          20.97152,          20.97152,       6409.460359,     0.00286591198,     -0.1882823501,                 0,                 0,                 0,      -0.140730674,     0.00286591198,     -0.1882823501,                 0,      -65.69718522,              -nan
          0,           0,         562,      -8.587843926,      -6.558257168,      -7.976359644,       -4.85795054,      -10.54036559,   2.580109049e-09,   0.0002074915562,          41.94304,          41.94304,          41.94304,       6409.460359,    0.002865911778,     -0.1882823507,                 0,                 0,                 0,     -0.1407306744,    0.002865911778,     -0.1882823507,                 0,      -65.69719001,              -nan
          0,           0,         563,      -8.587855672,      -6.558334094,      -7.995924892,      -4.880558964,      -10.53983629,   5.160219492e-09,   0.0004149831123,          83.88608,          83.88608,          83.88608,       6409.460359,    0.002865911376,     -0.1882823518,                 0,                 0,                 0,     -0.1407306751,    0.002865911376,     -0.1882823518,                 0,      -65.69719963,              -nan
          0,           0,         564,      -8.587869673,      -6.558495207,      -7.995445413,      -4.888510314,      -10.53881464,   1.032044456e-08,   0.0008299662246,         167.77216,         167.77216,         167.77216,       6409.460359,    0.002865910572,     -0.1882823542,                 0,                 0,                 0,      -0.140730677,    0.002865910572,     -0.1882823542,                 0,      -65.69721892,              -nan
          0,           0,         565,      -8.587894928,      -6.558832669,      -7.948346652,      -4.849129641,      -10.53677918,   2.064091147e-08,    0.001659932449,         16.777216,         16.777216,         16.777216,       6409.460359,    0.002865908965,     -0.1882823591,                 0,                 0,                 0,     -0.1407306808,    0.002865908965,     -0.1882823591,                 0,      -65.69725745,              -nan
          0,           0,         566,      -8.587981511,       -6.55936082,      -7.809349279,      -4.718901886,      -10.54145892,   2.064095629e-09,   0.0001659932449,         33.554432,         33.554432,         33.554432,       6409.460359,    0.002865908804,     -0.1882823596,                 0,                 0,                 0,     -0.1407306812,    0.002865908804,     -0.1882823596,                 0,      -65.69726132,              -nan
          0,           0,         567,      -8.588033383,      -6.559490662,      -7.941275156,       -4.80694863,      -10.54101018,   4.128192155e-09,   0.0003319864898,         67.108864,         67.108864,         67.108864,       6409.460359,    0.002865908483,     -0.1882823606,                 0,                 0,                 0,     -0.1407306821,    0.002865908483,     -0.1882823606,                 0,      -65.69726904,              -nan
          0,           0,         568,      -8.588066369,      -6.559612952,        -7.9829007,      -4.850999378,      -10.54017733,     8.2563879e-09,   0.0006639729796,        134.217728,        134.217728,        134.217728,       6409.460359,    0.002865907841,     -0.1882823626,                 0,                 0,                 0,     -0.1407306836,    0.002865907841,     -0.1882823626,                 0,      -65.69728445,              -nan
          0,           0,         569,      -8.588105297,      -6.559857444,      -7.973757019,      -4.858942097,      -10.53855435,   1.651279018e-08,    0.001327945959,        13.4217728,        13.4217728,        13.4217728,       6409.460359,    0.002865906558,     -0.1882823661,                 0,                 0,                 0,     -0.1407306859,    0.002865906558,     -0.1882823661,                 0,      -65.69731508,              -nan
          0,           0,         570,      -8.588174087,      -6.560331588,      -7.865451292,      -4.774372171,      -10.54232513,   1.651281899e-09,   0.0001327945959,        26.8435456,        26.8435456,        26.8435456,       6409.460359,     0.00286590643,     -0.1882823665,                 0,                 0,                 0,     -0.1407306861,     0.00286590643,     -0.1882823665,                 0,      -65.69731815,              -nan
          0,           0,         571,      -8.588205388,      -6.560407175,      -7.957649994,      -4.836995603,       -10.5419669,   3.302564375e-09,   0.0002655891918,        53.6870912,        53.6870912,        53.6870912,       6409.460359,    0.002865906173,     -0.1882823672,                 0,                 0,                 0,     -0.1407306866,    0.002865906173,     -0.1882823672,                 0,      -65.69732428,              -nan
          0,           0,         572,       -8.58822813,      -6.560498657,      -7.987569365,      -4.870010974,      -10.54129776,   6.605131058e-09,   0.0005311783836,       107.3741824,       107.3741824,       107.3741824,       6409.460359,     0.00286590566,     -0.1882823686,                 0,                 0,                 0,     -0.1407306875,     0.00286590566,     -0.1882823686,                 0,      -65.69733653,              -nan
          0,           0,         573,       -8.58825621,      -6.560695008,      -7.984070869,      -4.878856191,      -10.53999777,   1.321027136e-08,    0.001062356767,       10.73741824,       10.73741824,       10.73741824,       6409.460359,    0.002865904636,     -0.1882823715,                 0,                 0,                 0,     -0.1407306894,    0.002865904636,     -0.1882823715,                 0,      -65.69736103,              -nan
          0,           0,         574,      -8.588307199,      -6.561100397,      -7.906323321,      -4.817309356,      -10.54303343,   1.321028987e-09,   0.0001062356767,       21.47483648,       21.47483648,       21.47483648,       6409.460359,    0.002865904533,     -0.1882823718,                 0,                 0,                 0,     -0.1407306896,    0.002865904533,     -0.1882823718,                 0,      -65.69736348,              -nan
          0,           0,         575,      -8.588326375,      -6.561152124,      -7.968779192,      -4.860978343,       -10.5427467,   2.642058343e-09,   0.0002124713534,       42.94967296,       42.94967296,       42.94967296,       6409.460359,    0.002865904328,     -0.1882823724,                 0,                 0,                 0,       -0.14073069,    0.002865904328,     -0.1882823724,                 0,      -65.69736838,              -nan
          0,           0,         576,      -8.588342314,      -6.561225031,      -7.991142662,      -4.885259615,      -10.54220706,   5.284118169e-09,   0.0004249427068,       85.89934592,       85.89934592,       85.89934592,       6409.460359,    0.002865903919,     -0.1882823737,                 0,                 0,                 0,      -0.140730691,    0.002865903919,     -0.1882823737,                 0,      -65.69737821,              -nan
          0,           0,         577,      -8.588364205,      -6.561382201,      -7.991643585,      -4.892696478,      -10.54116275,   1.056824227e-08,   0.0008498854136,       171.7986918,       171.7986918,       171.7986918,       6409.460359,      0.0028659031,     -0.1882823762,                 0,                 0,                 0,      -0.140730693,      0.0028659031,     -0.1882823762,                 0,      -65.69739788,              -nan
          0,           0,         578,      -8.588406585,      -6.561718188,      -7.939235373,      -4.849457625,      -10.53908136,    2.11365083e-08,    0.001699770827,       17.17986918,       17.17986918,       17.17986918,       6409.460359,    0.002865901464,     -0.1882823809,                 0,                 0,                 0,     -0.1407306965,    0.002865901464,     -0.1882823809,                 0,        -65.697437,              -nan
          0,           0,         579,      -8.588528394,      -6.562255118,      -7.796228508,      -4.715379866,      -10.54387702,   2.113655596e-09,   0.0001699770827,       34.35973837,       34.35973837,       34.35973837,       6409.460359,    0.002865901301,     -0.1882823814,                 0,                 0,                 0,     -0.1407306969,    0.002865901301,     -0.1882823814,                 0,      -65.69744092,              -nan
          0,           0,         580,      -8.588586825,      -6.562381367,      -7.932968049,      -4.808629498,      -10.54342016,   4.227312146e-09,   0.0003399541654,       68.71947674,       68.71947674,       68.71947674,       6409.460359,    0.002865900974,     -0.1882823824,                 0,                 0,                 0,     -0.1407306976,    0.002865900974,     -0.1882823824,                 0,      -65.69744875,              -nan
          0,           0,         581,      -8.588627251,      -6.562499966,      -7.977104699,      -4.854614699,      -10.54256993,    8.45462811e-09,   0.0006799083308,       137.4389535,       137.4389535,       137.4389535,       6409.460359,     0.00286590032,     -0.1882823841,                 0,                 0,                 0,     -0.1407306988,     0.00286590032,     -0.1882823841,                 0,      -65.69746435,              -nan
          0,           0,         582,      -8.588678806,      -6.562746695,      -7.968716451,      -4.861281748,      -10.54091042,   1.690927151e-08,    0.001359816661,       13.74389535,       13.74389535,       13.74389535,       6409.460359,    0.002865899015,      -0.188282387,                 0,                 0,                 0,     -0.1407307004,    0.002865899015,      -0.188282387,                 0,      -65.69749529,              -nan
          0,           0,         583,      -8.588766781,      -6.563232861,      -7.858320113,      -4.771779848,       -10.5447745,   1.690930216e-09,   0.0001359816661,       27.48779069,       27.48779069,       27.48779069,       6409.460359,    0.002865898884,     -0.1882823873,                 0,                 0,                 0,     -0.1407307005,    0.002865898884,     -0.1882823873,                 0,      -65.69749838,              -nan
          0,           0,         584,      -8.588801534,       -6.56331089,      -7.954396192,      -4.837533952,      -10.54440826,   3.381861044e-09,   0.0002719633323,       54.97558139,       54.97558139,       54.97558139,       6409.460359,    0.002865898623,     -0.1882823879,                 0,                 0,                 0,     -0.1407307008,    0.002865898623,     -0.1882823879,                 0,      -65.69750457,              -nan
          0,           0,         585,      -8.588828276,      -6.563404945,      -7.985419988,      -4.871936503,      -10.54372422,   6.763724543e-09,   0.0005439266645,       109.9511628,       109.9511628,       109.9511628,       6409.460359,    0.002865898101,      -0.188282389,                 0,                 0,                 0,     -0.1407307015,    0.002865898101,      -0.188282389,                 0,      -65.69751694,              -nan
          0,           0,         586,      -8.588862215,      -6.563607705,      -7.982058318,      -4.880405356,      -10.54239474,   1.352745891e-08,    0.001087853329,       10.99511628,       10.99511628,       10.99511628,       6409.460359,    0.002865897058,     -0.1882823913,                 0,                 0,                 0,     -0.1407307028,    0.002865897058,     -0.1882823913,                 0,      -65.69754165,              -nan
          0,           0,         587,      -8.588919505,      -6.564027053,       -7.90297074,       -4.81494878,      -10.54550548,    1.35274786e-09,   0.0001087853329,       21.99023256,       21.99023256,       21.99023256,       6409.460359,    0.002865896954,     -0.1882823916,                 0,                 0,                 0,      -0.140730703,    0.002865896954,     -0.1882823916,                 0,      -65.69754412,              -nan
          0,           0,         588,      -8.588940123,      -6.564082617,      -7.968395038,      -4.860756023,      -10.54521156,   2.705496114e-09,   0.0002175706658,       43.98046511,       43.98046511,       43.98046511,       6409.460359,    0.002865896745,      -0.188282392,                 0,                 0,                 0,     -0.1407307033,    0.002865896745,      -0.188282392,                 0,      -65.69754907,              -nan
          0,           0,         589,       -8.58895735,      -6.564159894,      -7.991309155,      -4.886123615,       -10.5446594,   5.410993803e-09,   0.0004351413316,       87.96093022,       87.96093022,       87.96093022,       6409.460359,    0.002865896328,     -0.1882823931,                 0,                 0,                 0,      -0.140730704,    0.002865896328,     -0.1882823931,                 0,      -65.69755898,              -nan
          0,           0,         590,      -8.588980444,      -6.564324823,      -7.991703922,      -4.893711625,      -10.54359146,   1.082199392e-08,   0.0008702826631,       175.9218604,       175.9218604,       175.9218604,       6409.460359,    0.002865895495,     -0.1882823952,                 0,                 0,                 0,     -0.1407307057,    0.002865895495,     -0.1882823952,                 0,      -65.69757884,              -nan
          0,           0,         591,      -8.589021828,      -6.564675026,      -7.938562152,      -4.847875714,      -10.54146326,    2.16440131e-08,    0.001740565326,       17.59218604,       17.59218604,       17.59218604,       6409.460359,     0.00286589383,     -0.1882823991,                 0,                 0,                 0,     -0.1407307086,     0.00286589383,     -0.1882823991,                 0,      -65.69761835,              -nan
          0,           0,         592,      -8.589133465,      -6.565226399,      -7.794619154,       -4.71018701,      -10.54637438,   2.164406379e-09,   0.0001740565326,                10,                10,                10,       6409.460359,    0.002865893664,     -0.1882823995,                 0,                 0,                 0,     -0.1407307089,    0.002865893664,     -0.1882823995,                 0,      -65.69762231,              -nan
          0,           0,         593,      -8.589192505,      -6.565366302,       -7.93602711,      -4.805355753,      -10.54663652,   1.230322872e-09,   9.893968387e-05,                10,                10,                10,       6409.460359,    0.002865893569,     -0.1882823998,                 0,                 0,                 0,      -0.140730709,    0.002865893569,     -0.1882823998,                 0,      -65.69762456,              -nan
          0,           0,         594,      -8.589207782,      -6.565406373,      -7.962097534,      -4.830893916,      -10.54665568,   1.230323036e-09,   9.893968387e-05,                10,                10,                10,       6409.460359,    0.002865893475,        -0.1882824,                 0,                 0,                 0,     -0.1407307092,    0.002865893475,        -0.1882824,                 0,      -65.69762681,              -nan
          0,           0,         595,      -8.589217996,       -6.56543575,      -7.967212187,      -4.845180328,      -10.54667777,     1.2303232e-09,   9.893968387e-05,                10,                10,                10,       6409.460359,     0.00286589338,     -0.1882824002,                 0,                 0,                 0,     -0.1407307094,     0.00286589338,     -0.1882824002,                 0,      -65.69762906,              -nan
          0,           0,         596,      -8.589226502,      -6.565461262,        -7.9689648,       -4.85597723,      -10.54670244,   1.230323364e-09,   9.893968387e-05,                10,                10,                10,       6409.460359,    0.002865893286,     -0.1882824005,                 0,                 0,                 0,     -0.1407307096,    0.002865893286,     -0.1882824005,                 0,      -65.69763132,              -nan
          0,           0,         597,      -8.589233943,       -6.56548601,       -7.96992511,       -4.86480045,      -10.54672933,   1.230323528e-09,   9.893968387e-05,                10,                10,                10,       6409.460359,    0.002865893191,     -0.1882824007,                 0,                 0,                 0,     -0.1407307098,    0.002865893191,     -0.1882824007,                 0,      -65.69763357,              -nan
          0,           0,         598,      -8.589240474,      -6.565511821,      -7.969905728,      -4.871919926,       -10.5467581,   1.230323693e-09,   9.893968387e-05,                10,                10,                10,       6409.460359,    0.002865893097,      -0.188282401,                 0,                 0,                 0,       -0.14073071,    0.002865893097,      -0.188282401,                 0,      -65.69763582,              -nan
          0,           0,         599,      -8.589246269,      -6.565539696,      -7.969168673,      -4.877738354,      -10.54678844,   1.230323857e-09,   9.893968387e-05,                10,                10,                10,       6409.460359,    0.002865893002,     -0.1882824012,                 0,                 0,                 0,     -0.1407307102,    0.002865893002,     -0.1882824012,                 0,      -65.69763807,              -nan
          0,           0,         600,      -8.589251497,      -6.565570046,      -7.968169381,      -4.882679614,      -10.54682006,   1.230324021e-09,   9.893968387e-05,                10,                10,                10,       6409.460359,    0.002865892908,     -0.1882824015,                 0,                 0,                 0,     -0.1407307103,    0.002865892908,     -0.1882824015,                 0,      -65.69764033,              -nan
          0,           0,         601,      -8.589256263,      -6.565602917,      -7.967185883,      -4.887011311,       -10.5468527,   1.230324185e-09,   9.893968387e-05,                10,                10,                10,       6409.460359,    0.002865892813,     -0.1882824017,                 0,                 0,                 0,     -0.1407307105,    0.002865892813,     -0.1882824017,                 0,      -65.69764257,              -nan
          0,           0,         602,      -8.589260626,      -6.565638157,      -7.966324882,      -4.890861088,      -10.54688613,   1.230324349e-09,   9.893968387e-05,                10,                10,                10,       6409.460359,    0.002865892719,     -0.1882824019,                 0,                 0,                 0,     -0.1407307107,    0.002865892719,     -0.1882824019,                 0,      -65.69764482,              -nan
          0,           0,         603,      -8.589264621,      -6.565675531,      -7.965623898,      -4.894291979,      -10.54692014,   1.230324513e-09,   9.893968386e-05,                10,                10,                10,       6409.460359,    0.002865892624,     -0.1882824021,                 0,                 0,                 0,     -0.1407307108,    0.002865892624,     -0.1882824021,                 0,      -65.69764707,              -nan
          0,           0,         604,      -8.589268272,      -6.565714781,      -7.965103822,      -4.897349685,      -10.54695457,   1.230324678e-09,   9.893968386e-05,                10,                10,                10,       6409.460359,    0.002865892529,     -0.1882824023,                 0,                 0,                 0,      -0.140730711,    0.002865892529,     -0.1882824023,                 0,      -65.69764931,              -nan
          0,           0,         605,      -8.589271598,      -6.565755648,      -7.964779045,      -4.900078732,      -10.54698928,   1.230324842e-09,   9.893968386e-05,                10,                10,                10,       6409.460359,    0.002865892435,     -0.1882824026,                 0,                 0,                 0,     -0.1407307111,    0.002865892435,     -0.1882824026,                 0,      -65.69765154,              -nan
          0,           0,         606,      -8.589274617,      -6.565797887,      -7.964655556,      -4.902524574,      -10.54702416,   1.230325006e-09,   9.893968386e-05,                10,                10,                10,       6409.460359,     0.00286589234,     -0.1882824027,                 0,                 0,                 0,     -0.1407307112,     0.00286589234,     -0.1882824027,                 0,      -65.69765378,              -nan
          0,           0,         607,      -8.589277346,      -6.565841274,      -7.964729429,      -4.904731596,       -10.5470591,    1.23032517e-09,   9.893968386e-05,                10,                10,                10,       6409.460359,    0.002865892246,     -0.1882824029,                 0,                 0,                 0,     -0.1407307113,    0.002865892246,     -0.1882824029,                 0,      -65.69765601,              -nan
          0,           0,         608,      -8.589279804,      -6.565885607,      -7.964987976,      -4.906740412,      -10.54709406,   1.230325335e-09,   9.893968386e-05,                10,                10,                10,       6409.460359,    0.002865892152,     -0.1882824031,                 0,                 0,                 0,     -0.1407307114,    0.002865892152,     -0.1882824031,                 0,      -65.69765824,              -nan
          0,           0,         609,      -8.589282011,      -6.565930711,      -7.965412051,      -4.908585691,      -10.54712897,   1.230325499e-09,   9.893968386e-05,                10,                10,                10,       6409.460359,    0.002865892057,     -0.1882824033,                 0,                 0,                 0,     -0.1407307115,    0.002865892057,     -0.1882824033,                 0,      -65.69766046,              -nan
          0,           0,         610,      -8.589283985,      -6.565976429,      -7.965979279,      -4.910295164,      -10.54716381,   1.230325663e-09,   9.893968386e-05,                10,                10,                10,       6409.460359,    0.002865891963,     -0.1882824035,                 0,                 0,                 0,     -0.1407307116,    0.002865891963,     -0.1882824035,                 0,      -65.69766269,              -nan
          0,           0,         611,      -8.589285747,       -6.56602263,       -7.96666679,        -4.9118897,      -10.54719856,   1.230325828e-09,   9.893968386e-05,                10,                10,                10,       6409.460359,    0.002865891868,     -0.1882824036,                 0,                 0,                 0,     -0.1407307117,    0.002865891868,     -0.1882824036,                 0,      -65.69766491,              -nan
          0,           0,         612,      -8.589287314,        -6.5660692,      -7.967453041,      -4.913384253,      -10.54723321,   1.230325992e-09,   9.893968386e-05,                10,                10,                10,       6409.460359,    0.002865891774,     -0.1882824038,                 0,                 0,                 0,     -0.1407307118,    0.002865891774,     -0.1882824038,                 0,      -65.69766714,              -nan
          0,           0,         613,        -8.5892887,       -6.56611604,       -7.96831839,      -4.914789114,      -10.54726777,   1.230326157e-09,   9.893968386e-05,                10,                10,                10,       6409.460359,    0.002865891679,      -0.188282404,                 0,                 0,                 0,     -0.1407307118,    0.002865891679,      -0.188282404,                 0,      -65.69766936,              -nan
          0,           0,         614,      -8.589289918,      -6.566163067,      -7.969245197,      -4.916111197,      -10.54730224,   1.230326321e-09,   9.893968385e-05,                10,                10,                10,       6409.460359,    0.002865891585,     -0.1882824041,                 0,                 0,                 0,     -0.1407307119,    0.002865891585,     -0.1882824041,                 0,      -65.69767158,              -nan
          0,           0,         615,      -8.589290976,      -6.566210209,      -7.970217571,      -4.917354987,      -10.54733663,   1.230326486e-09,   9.893968385e-05,                10,                10,                10,       6409.460359,     0.00286589149,     -0.1882824043,                 0,                 0,                 0,      -0.140730712,     0.00286589149,     -0.1882824043,                 0,      -65.69767381,              -nan
          0,           0,         616,       -8.58929188,      -6.566257403,       -7.97122142,      -4.918523047,      -10.54737095,    1.23032665e-09,   9.893968385e-05,                10,                10,                10,       6409.460359,    0.002865891396,     -0.1882824045,                 0,                 0,                 0,     -0.1407307121,    0.002865891396,     -0.1882824045,                 0,      -65.69767603,              -nan
          0,           0,         617,      -8.589292633,      -6.566304596,      -7.972245019,      -4.919616028,      -10.54740524,   1.230326815e-09,   9.893968385e-05,                10,                10,                10,       6409.460359,    0.002865891301,     -0.1882824046,                 0,                 0,                 0,     -0.1407307121,    0.002865891301,     -0.1882824046,                 0,      -65.69767825,              -nan
          0,           0,         618,      -8.589293237,      -6.566351738,      -7.973279849,       -4.92063233,      -10.54743949,    1.23032698e-09,   9.893968385e-05,                10,                10,                10,       6409.460359,    0.002865891207,     -0.1882824048,                 0,                 0,                 0,     -0.1407307122,    0.002865891207,     -0.1882824048,                 0,      -65.69768047,              -nan
          0,           0,         619,      -8.589293691,      -6.566398789,       -7.97432162,      -4.921567717,      -10.54747373,   1.230327144e-09,   9.893968385e-05,                10,                10,                10,       6409.460359,    0.002865891113,      -0.188282405,                 0,                 0,                 0,     -0.1407307123,    0.002865891113,      -0.188282405,                 0,       -65.6976827,              -nan
          0,           0,         620,      -8.589293997,      -6.566445709,      -7.975370769,       -4.92241507,      -10.54750798,   1.230327309e-09,   9.893968385e-05,                10,                10,                10,       6409.460359,    0.002865891018,     -0.1882824051,                 0,                 0,                 0,     -0.1407307124,    0.002865891018,     -0.1882824051,                 0,      -65.69768492,              -nan
          0,           0,         621,      -8.589294156,      -6.566492463,      -7.976432363,       -4.92316461,      -10.54754224,   1.230327474e-09,   9.893968385e-05,                10,                10,                10,       6409.460359,    0.002865890924,     -0.1882824053,                 0,                 0,                 0,     -0.1407307125,    0.002865890924,     -0.1882824053,                 0,      -65.69768715,              -nan
          0,           0,         622,      -8.589294171,      -6.566539013,       -7.97751517,      -4.923804574,      -10.54757654,   1.230327638e-09,   9.893968385e-05,                10,                10,                10,       6409.460359,     0.00286589083,     -0.1882824055,                 0,                 0,                 0,     -0.1407307126,     0.00286589083,     -0.1882824055,                 0,      -65.69768938,              -nan
          0,           0,         623,      -8.589294051,      -6.566585327,      -7.978630348,       -4.92432217,      -10.54761088,   1.230327803e-09,   9.893968385e-05,                10,                10,                10,       6409.460359,    0.002865890735,     -0.1882824057,                 0,                 0,                 0,     -0.1407307128,    0.002865890735,     -0.1882824057,                 0,      -65.69769162,              -nan
          0,           0,         624,      -8.589293806,      -6.566631367,      -7.979789876,      -4.924704753,      -10.54764528,   1.230327968e-09,   9.893968385e-05,                10,                10,                10,       6409.460359,    0.002865890641,     -0.1882824059,                 0,                 0,                 0,     -0.1407307129,    0.002865890641,     -0.1882824059,                 0,      -65.69769385,              -nan
          0,           0,         625,      -8.589293452,      -6.566677097,      -7.981005114,      -4.924940884,      -10.54767974,   1.230328133e-09,   9.893968385e-05,                10,                10,                10,       6409.460359,    0.002865890546,     -0.1882824062,                 0,                 0,                 0,     -0.1407307131,    0.002865890546,     -0.1882824062,                 0,      -65.69769609,              -nan
          0,           0,         626,      -8.589293012,      -6.566722478,      -7.982285875,      -4.925021206,      -10.54771426,   1.230328297e-09,   9.893968384e-05,                10,                10,                10,       6409.460359,    0.002865890452,     -0.1882824064,                 0,                 0,                 0,     -0.1407307133,    0.002865890452,     -0.1882824064,                 0,      -65.69769834,              -nan
          0,           0,         627,      -8.589292512,      -6.566767473,        -7.9836394,      -4.924939112,      -10.54774884,   1.230328462e-09,   9.893968384e-05,                10,                10,                10,       6409.460359,    0.002865890358,     -0.1882824066,                 0,                 0,                 0,     -0.1407307135,    0.002865890358,     -0.1882824066,                 0,      -65.69770059,              -nan
          0,           0,         628,      -8.589291989,      -6.566812043,      -7.985070281,      -4.924691247,      -10.54778348,   1.230328627e-09,   9.893968384e-05,                10,                10,                10,       6409.460359,    0.002865890263,     -0.1882824069,                 0,                 0,                 0,     -0.1407307138,    0.002865890263,     -0.1882824069,                 0,      -65.69770285,              -nan
          0,           0,         629,      -8.589291481,      -6.566856152,      -7.986580068,      -4.924277775,      -10.54781816,   1.230328792e-09,   9.893968384e-05,                10,                10,                10,       6409.460359,    0.002865890169,     -0.1882824072,                 0,                 0,                 0,     -0.1407307141,    0.002865890169,     -0.1882824072,                 0,      -65.69770511,              -nan
          0,           0,         630,      -8.589291034,      -6.566899766,      -7.988167386,      -4.923702523,      -10.54785288,   1.230328957e-09,   9.893968384e-05,                10,                10,                10,       6409.460359,    0.002865890075,     -0.1882824075,                 0,                 0,                 0,     -0.1407307144,    0.002865890075,     -0.1882824075,                 0,      -65.69770738,              -nan
          0,           0,         631,      -8.589290699,       -6.56694286,      -7.989828124,       -4.92297295,      -10.54788759,   1.230329122e-09,   9.893968384e-05,                10,                10,                10,       6409.460359,     0.00286588998,     -0.1882824078,                 0,                 0,                 0,     -0.1407307147,     0.00286588998,     -0.1882824078,                 0,      -65.69770965,              -nan
          0,           0,         632,      -8.589290529,      -6.566985415,      -7.991555559,      -4.922099989,      -10.54792229,   1.230329287e-09,   9.893968384e-05,                10,                10,                10,       6409.460359,    0.002865889886,     -0.1882824082,                 0,                 0,                 0,     -0.1407307151,    0.002865889886,     -0.1882824082,                 0,      -65.69771194,              -nan
          0,           0,         633,      -8.589290579,      -6.567027423,      -7.993340835,      -4.921097882,      -10.54795693,   1.230329452e-09,   9.893968384e-05,                10,                10,                10,       6409.460359,    0.002865889792,     -0.1882824086,                 0,                 0,                 0,     -0.1407307155,    0.002865889792,     -0.1882824086,                 0,      -65.69771423,              -nan
          0,           0,         634,      -8.589290902,      -6.567068887,      -7.995172935,      -4.919983853,      -10.54799148,   1.230329617e-09,   9.893968384e-05,                10,                10,                10,       6409.460359,    0.002865889698,      -0.188282409,                 0,                 0,                 0,      -0.140730716,    0.002865889698,      -0.188282409,                 0,      -65.69771653,              -nan
          0,           0,         635,      -8.589291551,      -6.567109827,      -7.997038873,      -4.918777857,       -10.5480259,   1.230329782e-09,   9.893968384e-05,                10,                10,                10,       6409.460359,    0.002865889603,     -0.1882824094,                 0,                 0,                 0,     -0.1407307165,    0.002865889603,     -0.1882824094,                 0,      -65.69771883,              -nan
          0,           0,         636,      -8.589292571,      -6.567150272,       -7.99892363,      -4.917502291,      -10.54806015,   1.230329947e-09,   9.893968384e-05,                10,                10,                10,       6409.460359,    0.002865889509,     -0.1882824098,                 0,                 0,                 0,      -0.140730717,    0.002865889509,     -0.1882824098,                 0,      -65.69772115,              -nan
          0,           0,         637,      -8.589294004,      -6.567190268,      -8.000809911,      -4.916181658,      -10.54809421,   1.230330112e-09,   9.893968384e-05,                10,                10,                10,       6409.460359,    0.002865889415,     -0.1882824103,                 0,                 0,                 0,     -0.1407307176,    0.002865889415,     -0.1882824103,                 0,      -65.69772346,              -nan
          0,           0,         638,       -8.58929588,      -6.567229873,      -8.002678062,      -4.914842138,      -10.54812805,   1.230330277e-09,   9.893968384e-05,                10,                10,                10,       6409.460359,    0.002865889321,     -0.1882824107,                 0,                 0,                 0,     -0.1407307182,    0.002865889321,     -0.1882824107,                 0,      -65.69772579,              -nan
          0,           0,         639,      -8.589298223,      -6.567269154,      -8.004506144,      -4.913511051,      -10.54816165,   1.230330442e-09,   9.893968383e-05,                10,                10,                10,       6409.460359,    0.002865889226,     -0.1882824112,                 0,                 0,                 0,     -0.1407307188,    0.002865889226,     -0.1882824112,                 0,      -65.69772812,              -nan
          0,           0,         640,      -8.589301045,      -6.567308187,      -8.006270344,      -4.912216075,        -10.548195,   1.230330608e-09,   9.893968383e-05,                20,                20,                20,       6409.460359,    0.002865889132,     -0.1882824117,                 0,                 0,                 0,     -0.1407307195,    0.002865889132,     -0.1882824117,                 0,      -65.69773046,              -nan
          0,           0,         641,       -8.58930435,      -6.567347051,      -8.007945805,      -4.910984361,      -10.54794512,   2.460661546e-09,   0.0001978793677,                40,                40,                40,       6409.460359,    0.002865888944,     -0.1882824128,                 0,                 0,                 0,     -0.1407307209,    0.002865888944,     -0.1882824128,                 0,      -65.69773515,              -nan
          0,           0,         642,      -8.589313194,       -6.56742875,      -8.009962346,      -4.906990115,      -10.54745234,   4.921324413e-09,   0.0003957587353,                10,                10,                10,       6409.460359,    0.002865888567,      -0.188282415,                 0,                 0,                 0,     -0.1407307238,    0.002865888567,      -0.188282415,                 0,      -65.69774454,              -nan
          0,           0,         643,      -8.589337704,      -6.567599478,      -8.002523803,       -4.89374566,      -10.54843307,   1.230331765e-09,   9.893968383e-05,                20,                20,                20,       6409.460359,    0.002865888473,     -0.1882824155,                 0,                 0,                 0,     -0.1407307245,    0.002865888473,     -0.1882824155,                 0,       -65.6977469,              -nan
          0,           0,         644,      -8.589345397,      -6.567638937,      -8.012002547,      -4.899856317,      -10.54817749,    2.46066386e-09,   0.0001978793677,                40,                40,                40,       6409.460359,    0.002865888285,     -0.1882824166,                 0,                 0,                 0,      -0.140730726,    0.002865888285,     -0.1882824166,                 0,       -65.6977516,              -nan
          0,           0,         645,      -8.589359926,      -6.567717787,      -8.015034136,      -4.901450253,      -10.54768163,   4.921329044e-09,   0.0003957587353,                80,                80,                80,       6409.460359,    0.002865887908,     -0.1882824188,                 0,                 0,                 0,     -0.1407307289,    0.002865887908,     -0.1882824188,                 0,      -65.69776098,              -nan
          0,           0,         646,      -8.589391624,      -6.567883617,      -8.006199949,      -4.894339563,      -10.54670912,   9.842663387e-09,   0.0007915174706,                10,                10,                10,       6409.460359,    0.002865887155,     -0.1882824226,                 0,                 0,                 0,     -0.1407307338,    0.002865887155,     -0.1882824226,                 0,      -65.69777955,              -nan
          0,           0,         647,      -8.589465721,      -6.568197561,      -7.950779496,      -4.855033291,      -10.54893593,    1.23033425e-09,   9.893968382e-05,                20,                20,                20,       6409.460359,    0.002865887061,      -0.188282423,                 0,                 0,                 0,     -0.1407307344,    0.002865887061,      -0.188282423,                 0,      -65.69778188,              -nan
          0,           0,         648,      -8.589482902,      -6.568242651,      -7.988573027,      -4.881968752,      -10.54867325,   2.460668831e-09,   0.0001978793676,                40,                40,                40,       6409.460359,    0.002865886873,      -0.188282424,                 0,                 0,                 0,     -0.1407307356,    0.002865886873,      -0.188282424,                 0,      -65.69778651,              -nan
          0,           0,         649,      -8.589505547,      -6.568312514,      -8.003325362,      -4.896759434,      -10.54817225,   4.921338989e-09,   0.0003957587353,                80,                80,                80,       6409.460359,    0.002865886497,     -0.1882824256,                 0,                 0,                 0,     -0.1407307377,    0.002865886497,     -0.1882824256,                 0,      -65.69779572,              -nan
          0,           0,         650,      -8.589546709,      -6.568455054,      -8.003175323,      -4.900909522,      -10.54719581,   9.842683289e-09,   0.0007915174705,               160,               160,               160,       6409.460359,    0.002865885745,     -0.1882824281,                 0,                 0,                 0,     -0.1407307404,    0.002865885745,     -0.1882824281,                 0,      -65.69781383,              -nan
          0,           0,         651,      -8.589630714,      -6.568737629,      -7.957006355,      -4.867845522,      -10.54524881,   1.968538785e-08,    0.001583034941,                16,                16,                16,       6409.460359,    0.002865884243,     -0.1882824302,                 0,                 0,                 0,     -0.1407307417,    0.002865884243,     -0.1882824302,                 0,        -65.697849,              -nan
          0,           0,         652,      -8.589801479,      -6.569193993,      -7.832405073,      -4.752073445,      -10.54975054,   1.968543051e-09,   0.0001583034941,                32,                32,                32,       6409.460359,    0.002865884093,     -0.1882824305,                 0,                 0,                 0,     -0.1407307418,    0.002865884093,     -0.1882824305,                 0,      -65.69785251,              -nan
          0,           0,         653,      -8.589855168,       -6.56929467,      -7.950453123,      -4.835028068,      -10.54932736,   3.937086956e-09,   0.0003166069882,                64,                64,                64,       6409.460359,    0.002865883793,     -0.1882824308,                 0,                 0,                 0,     -0.1407307419,    0.002865883793,     -0.1882824308,                 0,      -65.69785951,              -nan
          0,           0,         654,      -8.589900513,      -6.569383832,      -7.993456667,      -4.875199312,      -10.54853316,    7.87417733e-09,   0.0006332139763,               128,               128,               128,       6409.460359,    0.002865883192,     -0.1882824312,                 0,                 0,                 0,     -0.1407307417,    0.002865883192,     -0.1882824312,                 0,      -65.69787342,              -nan
          0,           0,         655,      -8.589961031,      -6.569583126,      -7.993660111,      -4.882853122,      -10.54698643,   1.574836834e-08,    0.001266427953,              12.8,              12.8,              12.8,       6409.460359,    0.002865881993,     -0.1882824319,                 0,                 0,                 0,     -0.1407307409,    0.002865881993,     -0.1882824319,                 0,      -65.69790116,              -nan
          0,           0,         656,      -8.590044519,      -6.570016877,      -7.899279634,      -4.804208943,      -10.55060226,   1.574839576e-09,   0.0001266427953,              25.6,              25.6,              25.6,       6409.460359,    0.002865881873,      -0.188282432,                 0,                 0,                 0,     -0.1407307408,    0.002865881873,      -0.188282432,                 0,      -65.69790394,              -nan
          0,           0,         657,      -8.590071508,       -6.57007841,      -7.979616486,      -4.858439596,      -10.55026337,   3.149679701e-09,   0.0002532855905,              51.2,              51.2,              51.2,       6409.460359,    0.002865881633,     -0.1882824321,                 0,                 0,                 0,     -0.1407307407,    0.002865881633,     -0.1882824321,                 0,       -65.6979095,              -nan
          0,           0,         658,      -8.590093325,      -6.570157084,      -8.006044245,      -4.886381417,      -10.54962564,   6.299361598e-09,    0.000506571181,             102.4,             102.4,             102.4,       6409.460359,    0.002865881153,     -0.1882824326,                 0,                 0,                 0,     -0.1407307406,    0.002865881153,     -0.1882824326,                 0,      -65.69792066,              -nan
          0,           0,         659,      -8.590119001,       -6.57033731,      -8.003978391,      -4.893054334,      -10.54838598,   1.259873198e-08,    0.001013142362,             10.24,             10.24,             10.24,       6409.460359,    0.002865880195,     -0.1882824341,                 0,                 0,                 0,     -0.1407307409,    0.002865880195,     -0.1882824341,                 0,      -65.69794312,              -nan
          0,           0,         660,      -8.590154683,       -6.57072996,      -7.937382753,      -4.835807821,      -10.55128759,   1.259874959e-09,   0.0001013142362,             20.48,             20.48,             20.48,       6409.460359,    0.002865880099,     -0.1882824342,                 0,                 0,                 0,      -0.140730741,    0.002865880099,     -0.1882824342,                 0,      -65.69794537,              -nan
          0,           0,         661,      -8.590168853,      -6.570778533,      -7.990344741,      -4.871981483,      -10.55101391,   2.519750271e-09,   0.0002026284724,             40.96,             40.96,             40.96,       6409.460359,    0.002865879908,     -0.1882824346,                 0,                 0,                 0,     -0.1407307411,    0.002865879908,     -0.1882824346,                 0,      -65.69794988,              -nan
          0,           0,         662,      -8.590179807,       -6.57085066,       -8.00862783,      -4.892457092,      -10.55049765,   5.039501951e-09,   0.0004052569447,             81.92,             81.92,             81.92,       6409.460359,    0.002865879525,     -0.1882824353,                 0,                 0,                 0,     -0.1407307415,    0.002865879525,     -0.1882824353,                 0,      -65.69795894,              -nan
          0,           0,         663,      -8.590192565,      -6.571006346,      -8.008803396,      -4.899071518,      -10.54949953,   1.007900954e-08,   0.0008105138895,            163.84,            163.84,            163.84,       6409.460359,    0.002865878759,     -0.1882824372,                 0,                 0,                 0,     -0.1407307428,    0.002865878759,     -0.1882824372,                 0,      -65.69797714,              -nan
          0,           0,         664,      -8.590214206,      -6.571341661,      -7.966106248,      -4.861149738,      -10.54751087,   2.015804168e-08,    0.001621027779,            16.384,            16.384,            16.384,       6409.460359,     0.00286587723,     -0.1882824412,                 0,                 0,                 0,     -0.1407307453,     0.00286587723,     -0.1882824412,                 0,      -65.69801358,              -nan
          0,           0,         665,       -8.59029022,      -6.571875772,      -7.833727867,      -4.734165957,      -10.55208115,     2.0158087e-09,   0.0001621027779,            32.768,            32.768,            32.768,       6409.460359,    0.002865877077,     -0.1882824416,                 0,                 0,                 0,     -0.1407307456,    0.002865877077,     -0.1882824416,                 0,      -65.69801723,              -nan
          0,           0,         666,       -8.59033591,      -6.572008088,      -7.959041392,        -4.8154873,      -10.55164022,   4.031618306e-09,   0.0003242055557,            65.536,            65.536,            65.536,       6409.460359,    0.002865876771,     -0.1882824424,                 0,                 0,                 0,     -0.1407307462,    0.002865876771,     -0.1882824424,                 0,      -65.69802454,              -nan
          0,           0,         667,      -8.590365421,      -6.572138198,      -7.997089694,      -4.857163491,      -10.55082356,   8.063240242e-09,   0.0006484111115,           131.072,           131.072,           131.072,       6409.460359,     0.00286587616,     -0.1882824441,                 0,                 0,                 0,     -0.1407307472,     0.00286587616,     -0.1882824441,                 0,      -65.69803912,              -nan
          0,           0,         668,      -8.590399868,      -6.572389512,      -7.989288948,         -4.866997,      -10.54923545,   1.612649502e-08,    0.001296822223,           13.1072,           13.1072,           13.1072,       6409.460359,    0.002865874939,     -0.1882824471,                 0,                 0,                 0,     -0.1407307487,    0.002865874939,     -0.1882824471,                 0,      -65.69806815,              -nan
          0,           0,         669,       -8.59045784,      -6.572867624,      -7.890341384,      -4.788281036,      -10.55291437,   1.612652414e-09,   0.0001296822223,           26.2144,           26.2144,           26.2144,       6409.460359,    0.002865874817,     -0.1882824474,                 0,                 0,                 0,     -0.1407307489,    0.002865874817,     -0.1882824474,                 0,      -65.69807105,              -nan
          0,           0,         670,      -8.590484579,      -6.572947453,      -7.975994078,      -4.845317378,      -10.55256188,   3.225305411e-09,   0.0002593644446,           52.4288,           52.4288,           52.4288,       6409.460359,    0.002865874573,      -0.188282448,                 0,                 0,                 0,     -0.1407307492,    0.002865874573,      -0.188282448,                 0,      -65.69807687,              -nan
          0,           0,         671,      -8.590503616,      -6.573045676,      -8.002217929,      -4.876306483,       -10.5519056,   6.450613154e-09,   0.0005187288891,          104.8576,          104.8576,          104.8576,       6409.460359,    0.002865874085,     -0.1882824492,                 0,                 0,                 0,     -0.1407307498,    0.002865874085,     -0.1882824492,                 0,      -65.69808849,              -nan
          0,           0,         672,      -8.590525621,      -6.573247497,      -7.998148896,       -4.88625132,      -10.55063431,   1.290123564e-08,    0.001037457778,          10.48576,          10.48576,          10.48576,       6409.460359,    0.002865873109,     -0.1882824518,                 0,                 0,                 0,     -0.1407307513,    0.002865873109,     -0.1882824518,                 0,      -65.69811176,              -nan
          0,           0,         673,      -8.590562329,      -6.573654409,      -7.927742272,      -4.829565876,      -10.55359456,   1.290125435e-09,   0.0001037457778,          20.97152,          20.97152,          20.97152,       6409.460359,    0.002865873012,     -0.1882824521,                 0,                 0,                 0,     -0.1407307515,    0.002865873012,     -0.1882824521,                 0,      -65.69811409,              -nan
          0,           0,         674,      -8.590578022,      -6.573708659,      -7.985300277,      -4.869421194,      -10.55331293,   2.580251243e-09,   0.0002074915556,          41.94304,          41.94304,          41.94304,       6409.460359,    0.002865872817,     -0.1882824527,                 0,                 0,                 0,     -0.1407307519,    0.002865872817,     -0.1882824527,                 0,      -65.69811876,              -nan
          0,           0,         675,      -8.590589975,      -6.573785152,      -8.005116993,      -4.892079342,      -10.55278417,   5.160503984e-09,   0.0004149831112,          83.88608,          83.88608,          83.88608,       6409.460359,    0.002865872427,     -0.1882824539,                 0,                 0,                 0,     -0.1407307527,    0.002865872427,     -0.1882824539,                 0,      -65.69812811,              -nan
          0,           0,         676,      -8.590604771,      -6.573945155,      -8.004793026,      -4.899778635,      -10.55176347,   1.032101396e-08,   0.0008299662225,         167.77216,         167.77216,         167.77216,       6409.460359,    0.002865871648,     -0.1882824564,                 0,                 0,                 0,     -0.1407307546,    0.002865871648,     -0.1882824564,                 0,      -65.69814686,              -nan
          0,           0,         677,      -8.590632469,       -6.57428035,      -7.956953118,       -4.85988456,      -10.54972939,   2.064205192e-08,    0.001659932445,         16.777216,         16.777216,         16.777216,       6409.460359,    0.002865870091,     -0.1882824614,                 0,                 0,                 0,     -0.1407307584,    0.002865870091,     -0.1882824614,                 0,       -65.6981843,              -nan
          0,           0,         678,      -8.590727102,      -6.574806237,      -7.817245528,      -4.730078205,      -10.55440487,   2.064210005e-09,   0.0001659932445,         33.554432,         33.554432,         33.554432,       6409.460359,    0.002865869935,     -0.1882824619,                 0,                 0,                 0,     -0.1407307588,    0.002865869935,     -0.1882824619,                 0,      -65.69818805,              -nan
          0,           0,         679,      -8.590778405,      -6.574934388,      -7.949738593,       -4.81905689,      -10.55395698,   4.128420974e-09,   0.0003319864889,         67.108864,         67.108864,         67.108864,       6409.460359,    0.002865869624,      -0.188282463,                 0,                 0,                 0,     -0.1407307596,    0.002865869624,      -0.188282463,                 0,      -65.69819555,              -nan
          0,           0,         680,      -8.590812335,      -6.575054842,      -7.992204875,      -4.863327648,      -10.55312501,   8.256845803e-09,   0.0006639729779,        134.217728,        134.217728,        134.217728,       6409.460359,    0.002865869002,      -0.188282465,                 0,                 0,                 0,     -0.1407307611,    0.002865869002,      -0.188282465,                 0,      -65.69821052,              -nan
          0,           0,         681,      -8.590854732,      -6.575297617,      -7.983573705,      -4.871090933,      -10.55150312,   1.651370704e-08,    0.001327945956,        13.4217728,        13.4217728,        13.4217728,       6409.460359,    0.002865867759,     -0.1882824685,                 0,                 0,                 0,     -0.1407307633,    0.002865867759,     -0.1882824685,                 0,      -65.69824022,              -nan
          0,           0,         682,      -8.590932651,      -6.575771474,       -7.87502269,      -4.786610132,      -10.55527113,   1.651373798e-09,   0.0001327945956,        26.8435456,        26.8435456,        26.8435456,       6409.460359,    0.002865867635,     -0.1882824688,                 0,                 0,                 0,     -0.1407307635,    0.002865867635,     -0.1882824688,                 0,      -65.69824319,              -nan
          0,           0,         683,      -8.590963946,      -6.575845486,      -7.967695319,      -4.849645605,      -10.55491353,   3.302748215e-09,   0.0002655891911,        53.6870912,        53.6870912,        53.6870912,       6409.460359,    0.002865867386,     -0.1882824695,                 0,                 0,                 0,     -0.1407307639,    0.002865867386,     -0.1882824695,                 0,      -65.69824914,              -nan
          0,           0,         684,      -8.590988072,      -6.575935708,      -7.998270664,      -4.882761267,      -10.55424506,   6.605498907e-09,   0.0005311783822,       107.3741824,       107.3741824,       107.3741824,       6409.460359,     0.00286586689,     -0.1882824709,                 0,                 0,                 0,     -0.1407307648,     0.00286586689,     -0.1882824709,                 0,      -65.69826101,              -nan
          0,           0,         685,      -8.591019656,      -6.576131188,       -7.99527628,      -4.891460793,      -10.55294594,   1.321100773e-08,    0.001062356764,       10.73741824,       10.73741824,       10.73741824,       6409.460359,    0.002865865897,     -0.1882824737,                 0,                 0,                 0,     -0.1407307665,    0.002865865897,     -0.1882824737,                 0,      -65.69828472,              -nan
          0,           0,         686,      -8.591077853,      -6.576537472,      -7.917280214,      -4.829867173,      -10.55597954,    1.32110276e-09,   0.0001062356764,       21.47483648,       21.47483648,       21.47483648,       6409.460359,    0.002865865797,     -0.1882824739,                 0,                 0,                 0,     -0.1407307667,    0.002865865797,     -0.1882824739,                 0,       -65.6982871,              -nan
          0,           0,         687,       -8.59109715,      -6.576588544,      -7.980047922,      -4.873684829,      -10.55569322,   2.642205917e-09,   0.0002124713529,       42.94967296,       42.94967296,       42.94967296,       6409.460359,    0.002865865599,     -0.1882824745,                 0,                 0,                 0,     -0.1407307671,    0.002865865599,     -0.1882824745,                 0,      -65.69829185,              -nan
          0,           0,         688,      -8.591114168,      -6.576661067,      -8.002759303,       -4.89802147,      -10.55515409,   5.284413424e-09,   0.0004249427057,       85.89934592,       85.89934592,       85.89934592,       6409.460359,    0.002865865202,     -0.1882824757,                 0,                 0,                 0,     -0.1407307679,    0.002865865202,     -0.1882824757,                 0,      -65.69830135,              -nan
          0,           0,         689,      -8.591138493,      -6.576818289,      -8.003542432,      -4.905388978,      -10.55411054,   1.056883322e-08,   0.0008498854114,       171.7986918,       171.7986918,       171.7986918,       6409.460359,    0.002865864409,     -0.1882824781,                 0,                 0,                 0,     -0.1407307697,    0.002865864409,     -0.1882824781,                 0,      -65.69832038,              -nan
          0,           0,         690,      -8.591185257,      -6.577155959,      -7.950951113,      -4.862043524,      -10.55203091,   2.113769193e-08,    0.001699770823,       17.17986918,       17.17986918,       17.17986918,       6409.460359,    0.002865862824,     -0.1882824824,                 0,                 0,                 0,     -0.1407307728,    0.002865862824,     -0.1882824824,                 0,      -65.69835819,              -nan
          0,           0,         691,      -8.591311521,       -6.57769812,      -7.807979312,      -4.728020443,      -10.55682332,   2.113774306e-09,   0.0001699770823,       34.35973837,       34.35973837,       34.35973837,       6409.460359,    0.002865862666,     -0.1882824828,                 0,                 0,                 0,     -0.1407307731,    0.002865862666,     -0.1882824828,                 0,      -65.69836198,              -nan
          0,           0,         692,       -8.59136812,      -6.577824428,      -7.944991986,      -4.821282291,      -10.55636696,   4.227549635e-09,   0.0003399541645,       68.71947674,       68.71947674,       68.71947674,       6409.460359,    0.002865862349,     -0.1882824837,                 0,                 0,                 0,     -0.1407307737,    0.002865862349,     -0.1882824837,                 0,      -65.69836955,              -nan
          0,           0,         693,      -8.591408085,      -6.577943955,      -7.989374608,      -4.867298633,       -10.5555175,   8.455103366e-09,    0.000679908329,       137.4389535,       137.4389535,       137.4389535,       6409.460359,    0.002865861716,     -0.1882824853,                 0,                 0,                 0,     -0.1407307748,    0.002865861716,     -0.1882824853,                 0,      -65.69838462,              -nan
          0,           0,         694,      -8.591459369,      -6.578192972,      -7.981134272,      -4.873867714,       -10.5538594,   1.691022313e-08,    0.001359816658,       13.74389535,       13.74389535,       13.74389535,       6409.460359,    0.002865860451,     -0.1882824878,                 0,                 0,                 0,     -0.1407307761,    0.002865860451,     -0.1882824878,                 0,      -65.69841452,              -nan
          0,           0,         695,       -8.59154573,      -6.578683557,      -7.870692878,      -4.784187044,      -10.55772067,     1.6910256e-09,   0.0001359816658,                10,                10,                10,       6409.460359,    0.002865860324,     -0.1882824881,                 0,                 0,                 0,     -0.1407307762,    0.002865860324,     -0.1882824881,                 0,      -65.69841751,              -nan
          0,           0,         696,      -8.591579093,      -6.578762877,      -7.967086757,      -4.850031776,      -10.55786062,   1.230383298e-09,   9.893968365e-05,                10,                10,                10,       6409.460359,    0.002865860232,     -0.1882824883,                 0,                 0,                 0,     -0.1407307763,    0.002865860232,     -0.1882824883,                 0,      -65.69841969,              -nan
          0,           0,         697,      -8.591591186,      -6.578797402,      -7.988443189,      -4.871739889,      -10.55788249,   1.230383472e-09,   9.893968365e-05,                10,                10,                10,       6409.460359,     0.00286586014,     -0.1882824885,                 0,                 0,                 0,     -0.1407307764,     0.00286586014,     -0.1882824885,                 0,      -65.69842187,              -nan
          0,           0,         698,      -8.591599523,      -6.578826217,      -7.992201731,      -4.883324481,      -10.55790678,   1.230383647e-09,   9.893968365e-05,                10,                10,                10,       6409.460359,    0.002865860048,     -0.1882824887,                 0,                 0,                 0,     -0.1407307765,    0.002865860048,     -0.1882824887,                 0,      -65.69842404,              -nan
          0,           0,         699,       -8.59160656,      -6.578853542,      -7.993067015,      -4.891717274,      -10.55793318,   1.230383821e-09,   9.893968365e-05,                10,                10,                10,       6409.460359,    0.002865859956,     -0.1882824889,                 0,                 0,                 0,     -0.1407307766,    0.002865859956,     -0.1882824889,                 0,      -65.69842622,              -nan
          0,           0,         700,      -8.591612797,       -6.57888104,      -7.993349892,      -4.898433404,       -10.5579614,   1.230383995e-09,   9.893968365e-05,                10,                10,                10,       6409.460359,    0.002865859864,     -0.1882824891,                 0,                 0,                 0,     -0.1407307767,    0.002865859864,     -0.1882824891,                 0,       -65.6984284,              -nan
          0,           0,         701,       -8.59161835,      -6.578909683,      -7.992944215,      -4.903804063,      -10.55799115,   1.230384169e-09,   9.893968365e-05,                10,                10,                10,       6409.460359,    0.002865859772,     -0.1882824893,                 0,                 0,                 0,     -0.1407307768,    0.002865859772,     -0.1882824893,                 0,      -65.69843058,              -nan
          0,           0,         702,      -8.591623337,      -6.578940058,      -7.992048367,      -4.908187661,      -10.55802217,   1.230384344e-09,   9.893968365e-05,                10,                10,                10,       6409.460359,     0.00286585968,     -0.1882824895,                 0,                 0,                 0,     -0.1407307769,     0.00286585968,     -0.1882824895,                 0,      -65.69843275,              -nan
          0,           0,         703,       -8.59162787,       -6.57897245,      -7.991014781,      -4.911920287,      -10.55805423,   1.230384518e-09,   9.893968365e-05,                10,                10,                10,       6409.460359,    0.002865859588,     -0.1882824897,                 0,                 0,                 0,      -0.140730777,    0.002865859588,     -0.1882824897,                 0,      -65.69843493,              -nan
          0,           0,         704,      -8.591632019,      -6.579006916,      -7.990054027,      -4.915196116,      -10.55808709,   1.230384692e-09,   9.893968364e-05,                10,                10,                10,       6409.460359,    0.002865859496,     -0.1882824899,                 0,                 0,                 0,     -0.1407307771,    0.002865859496,     -0.1882824899,                 0,      -65.69843711,              -nan
          0,           0,         705,      -8.591635827,      -6.579043367,      -7.989235423,      -4.918096471,      -10.55812057,   1.230384867e-09,   9.893968364e-05,                10,                10,                10,       6409.460359,    0.002865859404,     -0.1882824901,                 0,                 0,                 0,     -0.1407307772,    0.002865859404,     -0.1882824901,                 0,      -65.69843929,              -nan
          0,           0,         706,      -8.591639318,      -6.579081634,      -7.988570474,      -4.920658309,       -10.5581545,   1.230385041e-09,   9.893968364e-05,                10,                10,                10,       6409.460359,    0.002865859312,     -0.1882824903,                 0,                 0,                 0,     -0.1407307773,    0.002865859312,     -0.1882824903,                 0,      -65.69844146,              -nan
          0,           0,         707,      -8.591642513,      -6.579121513,        -7.9880589,      -4.922912642,      -10.55818874,   1.230385215e-09,   9.893968364e-05,                10,                10,                10,       6409.460359,     0.00286585922,     -0.1882824904,                 0,                 0,                 0,     -0.1407307774,     0.00286585922,     -0.1882824904,                 0,      -65.69844363,              -nan
          0,           0,         708,       -8.59164543,      -6.579162786,      -7.987699808,       -4.92489424,      -10.55822317,    1.23038539e-09,   9.893968364e-05,                10,                10,                10,       6409.460359,    0.002865859128,     -0.1882824906,                 0,                 0,                 0,     -0.1407307775,    0.002865859128,     -0.1882824906,                 0,      -65.69844581,              -nan
          0,           0,         709,      -8.591648088,      -6.579205242,      -7.987491487,      -4.926639723,      -10.55825771,   1.230385564e-09,   9.893968364e-05,                10,                10,                10,       6409.460359,    0.002865859036,     -0.1882824908,                 0,                 0,                 0,     -0.1407307776,    0.002865859036,     -0.1882824908,                 0,      -65.69844798,              -nan
          0,           0,         710,      -8.591650505,      -6.579248681,      -7.987430531,      -4.928183875,      -10.55829228,   1.230385739e-09,   9.893968364e-05,                10,                10,                10,       6409.460359,    0.002865858944,      -0.188282491,                 0,                 0,                 0,     -0.1407307777,    0.002865858944,      -0.188282491,                 0,      -65.69845015,              -nan
          0,           0,         711,      -8.591652697,      -6.579292921,      -7.987511067,      -4.929556858,      -10.55832684,   1.230385913e-09,   9.893968364e-05,                10,                10,                10,       6409.460359,    0.002865858853,     -0.1882824912,                 0,                 0,                 0,     -0.1407307778,    0.002865858853,     -0.1882824912,                 0,      -65.69845232,              -nan
          0,           0,         712,      -8.591654687,      -6.579337799,      -7.987725024,      -4.930783032,      -10.55836135,   1.230386088e-09,   9.893968364e-05,                10,                10,                10,       6409.460359,    0.002865858761,     -0.1882824914,                 0,                 0,                 0,     -0.1407307779,    0.002865858761,     -0.1882824914,                 0,      -65.69845449,              -nan
          0,           0,         713,      -8.591656496,      -6.579383171,      -7.988062663,       -4.93188086,      -10.55839578,   1.230386262e-09,   9.893968364e-05,                10,                10,                10,       6409.460359,    0.002865858669,     -0.1882824915,                 0,                 0,                 0,      -0.140730778,    0.002865858669,     -0.1882824915,                 0,      -65.69845666,              -nan
          0,           0,         714,      -8.591658146,      -6.579428912,      -7.988513682,      -4.932863554,      -10.55843012,   1.230386437e-09,   9.893968364e-05,                10,                10,                10,       6409.460359,    0.002865858577,     -0.1882824917,                 0,                 0,                 0,     -0.1407307781,    0.002865858577,     -0.1882824917,                 0,      -65.69845883,              -nan
          0,           0,         715,      -8.591659661,      -6.579474915,      -7.989068413,      -4.933739977,      -10.55846438,   1.230386612e-09,   9.893968364e-05,                10,                10,                10,       6409.460359,    0.002865858485,     -0.1882824919,                 0,                 0,                 0,     -0.1407307782,    0.002865858485,     -0.1882824919,                 0,        -65.698461,              -nan
          0,           0,         716,      -8.591661062,      -6.579521089,      -7.989718314,       -4.93451556,      -10.55849855,   1.230386786e-09,   9.893968363e-05,                10,                10,                10,       6409.460359,    0.002865858393,     -0.1882824921,                 0,                 0,                 0,     -0.1407307783,    0.002865858393,     -0.1882824921,                 0,      -65.69846318,              -nan
          0,           0,         717,      -8.591662369,      -6.579567357,      -7.990456424,      -4.935193179,      -10.55853264,   1.230386961e-09,   9.893968363e-05,                10,                10,                10,       6409.460359,    0.002865858301,     -0.1882824923,                 0,                 0,                 0,     -0.1407307784,    0.002865858301,     -0.1882824923,                 0,      -65.69846535,              -nan
          0,           0,         718,        -8.5916636,      -6.579613653,      -7.991277013,      -4.935773995,      -10.55856665,   1.230387136e-09,   9.893968363e-05,                10,                10,                10,       6409.460359,    0.002865858209,     -0.1882824925,                 0,                 0,                 0,     -0.1407307786,    0.002865858209,     -0.1882824925,                 0,      -65.69846753,              -nan
          0,           0,         719,       -8.59166477,      -6.579659925,      -7.992175187,       -4.93625815,       -10.5586006,    1.23038731e-09,   9.893968363e-05,                10,                10,                10,       6409.460359,    0.002865858117,     -0.1882824927,                 0,                 0,                 0,     -0.1407307787,    0.002865858117,     -0.1882824927,                 0,      -65.69846971,              -nan
          0,           0,         720,      -8.591665889,      -6.579706129,      -7.993146595,      -4.936645372,      -10.55863451,   1.230387485e-09,   9.893968363e-05,                10,                10,                10,       6409.460359,    0.002865858026,     -0.1882824929,                 0,                 0,                 0,     -0.1407307789,    0.002865858026,     -0.1882824929,                 0,      -65.69847189,              -nan
          0,           0,         721,      -8.591666969,      -6.579752229,         -7.994187,      -4.936935356,      -10.55866837,    1.23038766e-09,   9.893968363e-05,                10,                10,                10,       6409.460359,    0.002865857934,     -0.1882824932,                 0,                 0,                 0,      -0.140730779,    0.002865857934,     -0.1882824932,                 0,      -65.69847407,              -nan
          0,           0,         722,      -8.591668017,      -6.579798195,      -7.995292478,      -4.937127884,       -10.5587022,   1.230387835e-09,   9.893968363e-05,                10,                10,                10,       6409.460359,    0.002865857842,     -0.1882824934,                 0,                 0,                 0,     -0.1407307792,    0.002865857842,     -0.1882824934,                 0,      -65.69847626,              -nan
          0,           0,         723,      -8.591669039,      -6.579844005,      -7.996459338,      -4.937222909,      -10.55873601,   1.230388009e-09,   9.893968363e-05,                10,                10,                10,       6409.460359,     0.00286585775,     -0.1882824936,                 0,                 0,                 0,     -0.1407307794,     0.00286585775,     -0.1882824936,                 0,      -65.69847844,              -nan
          0,           0,         724,      -8.591670042,       -6.57988964,      -7.997684315,      -4.937220581,      -10.55876982,   1.230388184e-09,   9.893968363e-05,                10,                10,                10,       6409.460359,    0.002865857658,     -0.1882824939,                 0,                 0,                 0,     -0.1407307796,    0.002865857658,     -0.1882824939,                 0,      -65.69848063,              -nan
          0,           0,         725,      -8.591671031,      -6.579935083,      -7.998964545,      -4.937121286,      -10.55880362,   1.230388359e-09,   9.893968363e-05,                10,                10,                10,       6409.460359,    0.002865857566,     -0.1882824941,                 0,                 0,                 0,     -0.1407307798,    0.002865857566,     -0.1882824941,                 0,      -65.69848283,              -nan
          0,           0,         726,      -8.591672013,       -6.57998032,      -8.000297298,      -4.936925815,      -10.55883743,   1.230388534e-09,   9.893968363e-05,                10,                10,                10,       6409.460359,    0.002865857475,     -0.1882824944,                 0,                 0,                 0,     -0.1407307801,    0.002865857475,     -0.1882824944,                 0,      -65.69848502,              -nan
          0,           0,         727,      -8.591672996,      -6.580025338,      -8.001679749,      -4.936635534,      -10.55887126,   1.230388709e-09,   9.893968363e-05,                10,                10,                10,       6409.460359,    0.002865857383,     -0.1882824946,                 0,                 0,                 0,     -0.1407307803,    0.002865857383,     -0.1882824946,                 0,      -65.69848722,              -nan
          0,           0,         728,       -8.59167399,      -6.580070123,      -8.003108771,      -4.936252539,      -10.55890511,   1.230388884e-09,   9.893968363e-05,                10,                10,                10,       6409.460359,    0.002865857291,     -0.1882824949,                 0,                 0,                 0,     -0.1407307806,    0.002865857291,     -0.1882824949,                 0,      -65.69848943,              -nan
          0,           0,         729,      -8.591675005,       -6.58011466,      -8.004580684,      -4.935779868,      -10.55893899,   1.230389059e-09,   9.893968362e-05,                10,                10,                10,       6409.460359,    0.002865857199,     -0.1882824952,                 0,                 0,                 0,     -0.1407307809,    0.002865857199,     -0.1882824952,                 0,      -65.69849163,              -nan
          0,           0,         730,      -8.591676058,      -6.580158933,      -8.006091021,      -4.935221595,      -10.55897291,   1.230389234e-09,   9.893968362e-05,                10,                10,                10,       6409.460359,    0.002865857107,     -0.1882824955,                 0,                 0,                 0,     -0.1407307812,    0.002865857107,     -0.1882824955,                 0,      -65.69849385,              -nan
          0,           0,         731,      -8.591677166,      -6.580202926,      -8.007634415,      -4.934582884,      -10.55900685,   1.230389409e-09,   9.893968362e-05,                10,                10,                10,       6409.460359,    0.002865857016,     -0.1882824959,                 0,                 0,                 0,     -0.1407307816,    0.002865857016,     -0.1882824959,                 0,      -65.69849606,              -nan
          0,           0,         732,      -8.591678353,      -6.580246622,      -8.009204743,      -4.933870125,      -10.55904083,   1.230389584e-09,   9.893968362e-05,                10,                10,                10,       6409.460359,    0.002865856924,     -0.1882824962,                 0,                 0,                 0,     -0.1407307819,    0.002865856924,     -0.1882824962,                 0,      -65.69849828,              -nan
          0,           0,         733,      -8.591679642,      -6.580290005,      -8.010794931,      -4.933090855,      -10.55907484,   1.230389759e-09,   9.893968362e-05,                10,                10,                10,       6409.460359,    0.002865856832,     -0.1882824965,                 0,                 0,                 0,     -0.1407307823,    0.002865856832,     -0.1882824965,                 0,      -65.69850051,              -nan
          0,           0,         734,      -8.591681064,       -6.58033306,      -8.012397136,      -4.932253787,      -10.55910887,   1.230389934e-09,   9.893968362e-05,                10,                10,                10,       6409.460359,     0.00286585674,     -0.1882824969,                 0,                 0,                 0,     -0.1407307827,     0.00286585674,     -0.1882824969,                 0,      -65.69850274,              -nan
          0,           0,         735,       -8.59168265,      -6.580375777,      -8.014003047,      -4.931368764,       -10.5591429,    1.23039011e-09,   9.893968362e-05,                10,                10,                10,       6409.460359,    0.002865856649,     -0.1882824973,                 0,                 0,                 0,     -0.1407307832,    0.002865856649,     -0.1882824973,                 0,      -65.69850498,              -nan
          0,           0,         736,      -8.591684431,       -6.58041815,      -8.015603802,      -4.930446647,      -10.55917693,   1.230390285e-09,   9.893968362e-05,                10,                10,                10,       6409.460359,    0.002865856557,     -0.1882824977,                 0,                 0,                 0,     -0.1407307837,    0.002865856557,     -0.1882824977,                 0,      -65.69850722,              -nan
          0,           0,         737,      -8.591686443,       -6.58046018,      -8.017190267,      -4.929499308,      -10.55921092,    1.23039046e-09,   9.893968362e-05,                10,                10,                10,       6409.460359,    0.002865856465,     -0.1882824981,                 0,                 0,                 0,     -0.1407307842,    0.002865856465,     -0.1882824981,                 0,      -65.69850946,              -nan
          0,           0,         738,      -8.591688717,      -6.580501876,      -8.018753077,      -4.928539589,      -10.55924486,   1.230390635e-09,   9.893968362e-05,                10,                10,                10,       6409.460359,    0.002865856373,     -0.1882824985,                 0,                 0,                 0,     -0.1407307847,    0.002865856373,     -0.1882824985,                 0,      -65.69851172,              -nan
          0,           0,         739,      -8.591691284,      -6.580543255,      -8.020282303,       -4.92758125,      -10.55927873,    1.23039081e-09,   9.893968362e-05,                10,                10,                10,       6409.460359,    0.002865856282,      -0.188282499,                 0,                 0,                 0,     -0.1407307853,    0.002865856282,      -0.188282499,                 0,      -65.69851397,              -nan
          0,           0,         740,      -8.591694171,      -6.580584344,       -8.02176761,      -4.926638974,      -10.55931251,   1.230390986e-09,   9.893968362e-05,                10,                10,                10,       6409.460359,     0.00286585619,     -0.1882824994,                 0,                 0,                 0,     -0.1407307858,     0.00286585619,     -0.1882824994,                 0,      -65.69851624,              -nan
          0,           0,         741,      -8.591697398,      -6.580625176,      -8.023197717,       -4.92572819,      -10.55934616,   1.230391161e-09,   9.893968361e-05,                10,                10,                10,       6409.460359,    0.002865856098,     -0.1882824999,                 0,                 0,                 0,     -0.1407307865,    0.002865856098,     -0.1882824999,                 0,       -65.6985185,              -nan
          0,           0,         742,      -8.591700984,      -6.580665794,      -8.024560739,      -4.924864897,      -10.55937969,   1.230391336e-09,   9.893968361e-05,                10,                10,                10,       6409.460359,    0.002865856007,     -0.1882825004,                 0,                 0,                 0,     -0.1407307871,    0.002865856007,     -0.1882825004,                 0,      -65.69852078,              -nan
          0,           0,         743,      -8.591704936,      -6.580706243,      -8.025844131,      -4.924065299,      -10.55941309,   1.230391512e-09,   9.893968361e-05,                20,                20,                20,       6409.460359,    0.002865855915,     -0.1882825009,                 0,                 0,                 0,     -0.1407307877,    0.002865855915,     -0.1882825009,                 0,      -65.69852305,              -nan
          0,           0,         744,      -8.591709259,      -6.580746574,       -8.02703517,      -4.923345223,       -10.5591641,   2.460783374e-09,   0.0001978793672,                40,                40,                40,       6409.460359,    0.002865855732,     -0.1882825019,                 0,                 0,                 0,     -0.1407307891,    0.002865855732,     -0.1882825019,                 0,      -65.69852761,              -nan
          0,           0,         745,      -8.591719684,      -6.580831101,      -8.027828009,      -4.920173979,      -10.55867359,   4.921568152e-09,   0.0003957587344,                80,                80,                80,       6409.460359,    0.002865855365,      -0.188282504,                 0,                 0,                 0,     -0.1407307919,    0.002865855365,      -0.188282504,                 0,      -65.69853675,              -nan
          0,           0,         746,      -8.591746275,      -6.581005969,      -8.017340647,      -4.907688071,        -10.557701,   9.843141921e-09,   0.0007915174689,               160,               160,               160,       6409.460359,    0.002865854632,     -0.1882825078,                 0,                 0,                 0,     -0.1407307969,    0.002865854632,     -0.1882825078,                 0,      -65.69855487,              -nan
          0,           0,         747,      -8.591816862,      -6.581328461,      -7.960375083,      -4.863873085,      -10.55575402,   1.968630634e-08,    0.001583034938,                16,                16,                16,       6409.460359,    0.002865853169,     -0.1882825124,                 0,                 0,                 0,     -0.1407308019,    0.002865853169,     -0.1882825124,                 0,      -65.69859003,              -nan
          0,           0,         748,      -8.591994584,      -6.581797507,      -7.830864172,       -4.74989183,      -10.56024749,   1.968635144e-09,   0.0001583034938,                32,                32,                32,       6409.460359,    0.002865853022,     -0.1882825129,                 0,                 0,                 0,     -0.1407308024,    0.002865853022,     -0.1882825129,                 0,      -65.69859355,              -nan
          0,           0,         749,      -8.592050144,      -6.581921419,      -7.948752968,      -4.833780677,       -10.5598216,   3.937271192e-09,   0.0003166069875,                64,                64,                64,       6409.460359,     0.00286585273,     -0.1882825137,                 0,                 0,                 0,     -0.1407308032,     0.00286585273,     -0.1882825137,                 0,      -65.69860053,              -nan
          0,           0,         750,      -8.592098992,      -6.582025401,      -7.992558255,      -4.875945096,      -10.55902613,   7.874545996e-09,    0.000633213975,               128,               128,               128,       6409.460359,    0.002865852144,     -0.1882825147,                 0,                 0,                 0,      -0.140730804,    0.002865852144,     -0.1882825147,                 0,      -65.69861432,              -nan
          0,           0,         751,      -8.592169236,      -6.582229131,      -7.996830932,      -4.887347352,      -10.55747747,   1.574910646e-08,     0.00126642795,              12.8,              12.8,              12.8,       6409.460359,    0.002865850975,     -0.1882825156,                 0,                 0,                 0,     -0.1407308035,    0.002865850975,     -0.1882825156,                 0,      -65.69864142,              -nan
          0,           0,         752,       -8.59227592,      -6.582647599,      -7.905604493,      -4.813931712,      -10.56109407,   1.574913544e-09,    0.000126642795,              25.6,              25.6,              25.6,       6409.460359,    0.002865850858,     -0.1882825157,                 0,                 0,                 0,     -0.1407308035,    0.002865850858,     -0.1882825157,                 0,      -65.69864413,              -nan
          0,           0,         753,      -8.592305294,      -6.582709367,       -7.98702546,      -4.869665073,      -10.56075564,   3.149827668e-09,     0.00025328559,              51.2,              51.2,              51.2,       6409.460359,    0.002865850625,     -0.1882825158,                 0,                 0,                 0,     -0.1407308034,    0.002865850625,     -0.1882825158,                 0,      -65.69864954,              -nan
          0,           0,         754,      -8.592331707,      -6.582784184,      -8.015551414,      -4.898893756,      -10.56011844,   6.299657658e-09,   0.0005065711799,             102.4,             102.4,             102.4,       6409.460359,    0.002865850157,     -0.1882825161,                 0,                 0,                 0,      -0.140730803,    0.002865850157,     -0.1882825161,                 0,      -65.69866034,              -nan
          0,           0,         755,      -8.592366225,      -6.582955048,      -8.015047469,      -4.907446212,      -10.55887965,   1.259932461e-08,     0.00101314236,             10.24,             10.24,             10.24,       6409.460359,    0.002865849224,     -0.1882825169,                 0,                 0,                 0,     -0.1407308027,    0.002865849224,     -0.1882825169,                 0,      -65.69868202,              -nan
          0,           0,         756,      -8.592415007,      -6.583332238,      -7.947445168,      -4.851789735,      -10.56178407,   1.259934321e-09,    0.000101314236,             20.48,             20.48,             20.48,       6409.460359,     0.00286584913,     -0.1882825169,                 0,                 0,                 0,     -0.1407308027,     0.00286584913,     -0.1882825169,                 0,      -65.69868419,              -nan
          0,           0,         757,      -8.592430081,      -6.583377985,      -8.000911576,      -4.889006282,      -10.56151199,   2.519869015e-09,    0.000202628472,             40.96,             40.96,             40.96,       6409.460359,    0.002865848943,     -0.1882825171,                 0,                 0,                 0,     -0.1407308026,    0.002865848943,     -0.1882825171,                 0,      -65.69868854,              -nan
          0,           0,         758,      -8.592442985,      -6.583444837,      -8.019924181,      -4.909777891,      -10.56099742,    5.03973952e-09,   0.0004052569439,             81.92,             81.92,             81.92,       6409.460359,     0.00286584857,     -0.1882825177,                 0,                 0,                 0,     -0.1407308028,     0.00286584857,     -0.1882825177,                 0,      -65.69869728,              -nan
          0,           0,         759,      -8.592459012,      -6.583592709,      -8.020395251,      -4.915918125,       -10.5600013,     1.0079485e-08,   0.0008105138878,            163.84,            163.84,            163.84,       6409.460359,    0.002865847824,     -0.1882825191,                 0,                 0,                 0,     -0.1407308036,    0.002865847824,     -0.1882825191,                 0,      -65.69871488,              -nan
          0,           0,         760,      -8.592484206,      -6.583918955,      -7.977049898,      -4.876326734,      -10.55801753,   2.015899388e-08,    0.001621027775,            16.384,            16.384,            16.384,       6409.460359,    0.002865846333,     -0.1882825224,                 0,                 0,                 0,     -0.1407308059,    0.002865846333,     -0.1882825224,                 0,      -65.69875023,              -nan
          0,           0,         761,      -8.592559879,      -6.584453375,      -7.845133262,      -4.747366555,      -10.56259048,   2.015904176e-09,   0.0001621027775,            32.768,            32.768,            32.768,       6409.460359,    0.002865846184,     -0.1882825228,                 0,                 0,                 0,     -0.1407308062,    0.002865846184,     -0.1882825228,                 0,      -65.69875377,              -nan
          0,           0,         762,      -8.592603493,      -6.584580525,      -7.970751862,      -4.828900076,      -10.56215135,    4.03180931e-09,   0.0003242055551,            65.536,            65.536,            65.536,       6409.460359,    0.002865845886,     -0.1882825236,                 0,                 0,                 0,     -0.1407308067,    0.002865845886,     -0.1882825236,                 0,      -65.69876086,              -nan
          0,           0,         763,      -8.592631566,      -6.584706538,      -8.009614743,      -4.870208946,       -10.5613364,   8.063622455e-09,   0.0006484111101,           131.072,           131.072,           131.072,       6409.460359,    0.002865845291,      -0.188282525,                 0,                 0,                 0,     -0.1407308077,    0.002865845291,      -0.188282525,                 0,      -65.69877503,              -nan
          0,           0,         764,      -8.592664137,      -6.584956881,       -8.00257502,      -4.879139733,      -10.55974972,   1.612726026e-08,     0.00129682222,           13.1072,           13.1072,           13.1072,       6409.460359,    0.002865844101,     -0.1882825276,                 0,                 0,                 0,     -0.1407308091,    0.002865844101,     -0.1882825276,                 0,      -65.69880323,              -nan
          0,           0,         765,      -8.592720269,      -6.585439065,       -7.90388024,      -4.800106625,      -10.56342884,   1.612729103e-09,    0.000129682222,           26.2144,           26.2144,           26.2144,       6409.460359,    0.002865843982,     -0.1882825279,                 0,                 0,                 0,     -0.1407308092,    0.002865843982,     -0.1882825279,                 0,      -65.69880605,              -nan
          0,           0,         766,      -8.592745703,      -6.585518141,      -7.989774259,      -4.856687362,      -10.56307662,   3.225458821e-09,    0.000259364444,           52.4288,           52.4288,           52.4288,       6409.460359,    0.002865843744,     -0.1882825285,                 0,                 0,                 0,     -0.1407308095,    0.002865843744,     -0.1882825285,                 0,      -65.69881169,              -nan
          0,           0,         767,      -8.592763897,      -6.585616652,      -8.016260465,      -4.887602091,      -10.56242051,   6.450920105e-09,    0.000518728888,          104.8576,          104.8576,          104.8576,       6409.460359,    0.002865843268,     -0.1882825296,                 0,                 0,                 0,     -0.1407308101,    0.002865843268,     -0.1882825296,                 0,      -65.69882298,              -nan
          0,           0,         768,      -8.592785095,      -6.585820336,      -8.012537298,      -4.897781114,      -10.56114914,   1.290185007e-08,    0.001037457776,          10.48576,          10.48576,          10.48576,       6409.460359,    0.002865842317,     -0.1882825318,                 0,                 0,                 0,     -0.1407308115,    0.002865842317,     -0.1882825318,                 0,      -65.69884556,              -nan
          0,           0,         769,      -8.592821151,      -6.586231871,      -7.943013235,      -4.841981191,      -10.56410888,   1.290186982e-09,   0.0001037457776,          20.97152,          20.97152,          20.97152,       6409.460359,    0.002865842222,     -0.1882825321,                 0,                 0,                 0,     -0.1407308116,    0.002865842222,     -0.1882825321,                 0,      -65.69884782,              -nan
          0,           0,         770,      -8.592835989,      -6.586286369,       -8.00033928,       -4.88132142,      -10.56382712,    2.58037436e-09,   0.0002074915552,          41.94304,          41.94304,          41.94304,       6409.460359,    0.002865842032,     -0.1882825325,                 0,                 0,                 0,      -0.140730812,    0.002865842032,     -0.1882825325,                 0,      -65.69885235,              -nan
          0,           0,         771,      -8.592847372,      -6.586363776,       -8.01992699,      -4.903886364,      -10.56329815,   5.160750301e-09,   0.0004149831104,          83.88608,          83.88608,          83.88608,       6409.460359,    0.002865841652,     -0.1882825336,                 0,                 0,                 0,     -0.1407308127,    0.002865841652,     -0.1882825336,                 0,      -65.69886142,              -nan
          0,           0,         772,      -8.592861496,      -6.586525755,      -8.019515728,      -4.911842957,      -10.56227719,   1.032150693e-08,   0.0008299662207,         167.77216,         167.77216,         167.77216,       6409.460359,    0.002865840893,     -0.1882825358,                 0,                 0,                 0,     -0.1407308145,    0.002865840893,     -0.1882825358,                 0,      -65.69887961,              -nan
          0,           0,         773,      -8.592887756,      -6.586864883,      -7.972644104,      -4.872641325,       -10.5602429,   2.064303921e-08,    0.001659932441,         16.777216,         16.777216,         16.777216,       6409.460359,    0.002865839376,     -0.1882825403,                 0,                 0,                 0,      -0.140730818,    0.002865839376,     -0.1882825403,                 0,      -65.69891597,              -nan
          0,           0,         774,      -8.592976845,      -6.587393648,      -7.834228491,      -4.742919947,      -10.56491553,   2.064309002e-09,   0.0001659932441,         33.554432,         33.554432,         33.554432,       6409.460359,    0.002865839224,     -0.1882825408,                 0,                 0,                 0,     -0.1407308184,    0.002865839224,     -0.1882825408,                 0,      -65.69891961,              -nan
          0,           0,         775,      -8.593024798,      -6.587525056,      -7.966034734,      -4.830561469,      -10.56446715,   4.128619022e-09,   0.0003319864882,         67.108864,         67.108864,         67.108864,       6409.460359,    0.002865838921,     -0.1882825418,                 0,                 0,                 0,     -0.1407308192,    0.002865838921,     -0.1882825418,                 0,       -65.6989269,              -nan
          0,           0,         776,      -8.593056175,      -6.587648347,      -8.007601975,      -4.874484918,      -10.56363491,   8.257242114e-09,   0.0006639729765,        134.217728,        134.217728,        134.217728,       6409.460359,    0.002865838314,     -0.1882825436,                 0,                 0,                 0,     -0.1407308206,    0.002865838314,     -0.1882825436,                 0,      -65.69894145,              -nan
          0,           0,         777,      -8.593094419,      -6.587894249,      -7.998490238,      -4.882512282,      -10.56201304,   1.651450052e-08,    0.001327945953,        13.4217728,        13.4217728,        13.4217728,       6409.460359,    0.002865837103,     -0.1882825469,                 0,                 0,                 0,     -0.1407308228,    0.002865837103,     -0.1882825469,                 0,      -65.69897036,              -nan
          0,           0,         778,      -8.593164249,      -6.588370159,      -7.890456387,      -4.798357047,       -10.5657781,   1.651453318e-09,   0.0001327945953,        26.8435456,        26.8435456,        26.8435456,       6409.460359,    0.002865836982,     -0.1882825472,                 0,                 0,                 0,      -0.140730823,    0.002865836982,     -0.1882825472,                 0,      -65.69897325,              -nan
          0,           0,         779,      -8.593193303,      -6.588446306,         -7.982589,      -4.860646335,      -10.56542008,   3.302907289e-09,   0.0002655891906,        53.6870912,        53.6870912,        53.6870912,       6409.460359,     0.00286583674,     -0.1882825479,                 0,                 0,                 0,     -0.1407308235,     0.00286583674,     -0.1882825479,                 0,      -65.69897904,              -nan
          0,           0,         780,      -8.593215077,      -6.588538308,      -8.012453824,      -4.893539287,      -10.56475136,   6.605817194e-09,   0.0005311783811,       107.3741824,       107.3741824,       107.3741824,       6409.460359,    0.002865836255,     -0.1882825492,                 0,                 0,                 0,     -0.1407308243,    0.002865836255,     -0.1882825492,                 0,      -65.69899061,              -nan
          0,           0,         781,      -8.593242817,      -6.588735676,      -8.008938285,      -4.902413947,      -10.56345221,   1.321164486e-08,    0.001062356762,       10.73741824,       10.73741824,       10.73741824,       6409.460359,    0.002865835288,     -0.1882825519,                 0,                 0,                 0,     -0.1407308262,    0.002865835288,     -0.1882825519,                 0,      -65.69901374,              -nan
          0,           0,         782,      -8.593294592,      -6.589142992,      -7.931354267,       -4.84122976,      -10.56648329,   1.321166582e-09,   0.0001062356762,       21.47483648,       21.47483648,       21.47483648,       6409.460359,    0.002865835191,     -0.1882825522,                 0,                 0,                 0,     -0.1407308264,    0.002865835191,     -0.1882825522,                 0,      -65.69901605,              -nan
          0,           0,         783,      -8.593312459,      -6.589194981,      -7.993772346,      -4.884638765,      -10.56619672,   2.642333584e-09,   0.0002124713524,       42.94967296,       42.94967296,       42.94967296,       6409.460359,    0.002865834998,     -0.1882825528,                 0,                 0,                 0,     -0.1407308268,    0.002865834998,     -0.1882825528,                 0,      -65.69902069,              -nan
          0,           0,         784,      -8.593327794,      -6.589268248,      -8.016098536,      -4.908817093,      -10.56565741,   5.284668846e-09,   0.0004249427048,       85.89934592,       85.89934592,       85.89934592,       6409.460359,    0.002865834611,      -0.188282554,                 0,                 0,                 0,     -0.1407308277,    0.002865834611,      -0.188282554,                 0,      -65.69902996,              -nan
          0,           0,         785,      -8.593349458,      -6.589426242,      -8.016577815,      -4.916272385,      -10.56461378,   1.056934441e-08,   0.0008498854096,       171.7986918,       171.7986918,       171.7986918,       6409.460359,    0.002865833838,     -0.1882825564,                 0,                 0,                 0,     -0.1407308296,    0.002865833838,     -0.1882825564,                 0,      -65.69904855,              -nan
          0,           0,         786,      -8.593392264,      -6.589764062,      -7.964262108,      -4.873323522,      -10.56253348,   2.113871573e-08,    0.001699770819,       17.17986918,       17.17986918,       17.17986918,       6409.460359,    0.002865832293,     -0.1882825609,                 0,                 0,                 0,      -0.140730833,    0.002865832293,     -0.1882825609,                 0,      -65.69908551,              -nan
          0,           0,         787,      -8.593515803,      -6.590302138,      -7.821515073,      -4.739740022,      -10.56732175,   2.113876967e-09,   0.0001699770819,       34.35973837,       34.35973837,       34.35973837,       6409.460359,    0.002865832139,     -0.1882825614,                 0,                 0,                 0,     -0.1407308333,    0.002865832139,     -0.1882825614,                 0,      -65.69908922,              -nan
          0,           0,         788,      -8.593569859,      -6.590429382,      -7.958095032,      -4.832465247,      -10.56686524,   4.227755014e-09,   0.0003399541638,       68.71947674,       68.71947674,       68.71947674,       6409.460359,     0.00286583183,     -0.1882825623,                 0,                 0,                 0,      -0.140730834,     0.00286583183,     -0.1882825623,                 0,      -65.69909662,              -nan
          0,           0,         789,      -8.593608437,       -6.59054883,      -8.002090793,      -4.878306849,       -10.5660156,   8.455514349e-09,   0.0006799083276,       137.4389535,       137.4389535,       137.4389535,       6409.460359,    0.002865831213,      -0.188282564,                 0,                 0,                 0,     -0.1407308352,    0.002865831213,      -0.188282564,                 0,      -65.69911136,              -nan
          0,           0,         790,      -8.593659087,      -6.590796934,      -7.993578867,       -4.88505999,      -10.56435714,     1.6911046e-08,    0.001359816655,       13.74389535,       13.74389535,       13.74389535,       6409.460359,     0.00286582998,     -0.1882825668,                 0,                 0,                 0,     -0.1407308367,     0.00286582998,     -0.1882825668,                 0,       -65.6991406,              -nan
          0,           0,         791,      -8.593748163,      -6.591284849,      -7.883128254,      -4.795840138,      -10.56821526,   1.691108067e-09,   0.0001359816655,       27.48779069,       27.48779069,       27.48779069,       6409.460359,    0.002865829857,     -0.1882825671,                 0,                 0,                 0,     -0.1407308369,    0.002865829857,     -0.1882825671,                 0,      -65.69914353,              -nan
          0,           0,         792,      -8.593780553,       -6.59136341,      -7.979124886,      -4.861309712,      -10.56784922,   3.382216827e-09,    0.000271963331,       54.97558139,       54.97558139,       54.97558139,       6409.460359,     0.00286582961,     -0.1882825676,                 0,                 0,                 0,     -0.1407308372,     0.00286582961,     -0.1882825676,                 0,      -65.69914938,              -nan
          0,           0,         793,       -8.59380632,      -6.591457978,       -8.01004861,      -4.895624011,      -10.56716556,   6.764436431e-09,    0.000543926662,       109.9511628,       109.9511628,       109.9511628,       6409.460359,    0.002865829117,     -0.1882825688,                 0,                 0,                 0,     -0.1407308378,    0.002865829117,     -0.1882825688,                 0,      -65.69916107,              -nan
          0,           0,         794,      -8.593840053,      -6.591661724,      -8.006564642,      -4.904111039,      -10.56583686,   1.352888398e-08,    0.001087853324,       10.99511628,       10.99511628,       10.99511628,       6409.460359,    0.002865828133,      -0.188282571,                 0,                 0,                 0,     -0.1407308391,    0.002865828133,      -0.188282571,                 0,      -65.69918443,              -nan
          0,           0,         795,      -8.593898736,      -6.592082839,      -7.927382863,      -4.838823981,      -10.56894281,   1.352890624e-09,   0.0001087853324,       21.99023256,       21.99023256,       21.99023256,       6409.460359,    0.002865828034,     -0.1882825713,                 0,                 0,                 0,     -0.1407308393,    0.002865828034,     -0.1882825713,                 0,      -65.69918677,              -nan
          0,           0,         796,       -8.59391807,      -6.592138786,      -7.992768739,       -4.88448254,      -10.56864905,   2.705781692e-09,   0.0002175706648,       43.98046511,       43.98046511,       43.98046511,       6409.460359,    0.002865827837,     -0.1882825717,                 0,                 0,                 0,     -0.1407308396,    0.002865827837,     -0.1882825717,                 0,      -65.69919145,              -nan
          0,           0,         797,      -8.593934816,       -6.59221647,      -8.015624124,      -4.909802851,      -10.56809719,   5.411565167e-09,   0.0004351413295,       87.96093022,       87.96093022,       87.96093022,       6409.460359,    0.002865827443,     -0.1882825727,                 0,                 0,                 0,     -0.1407308403,    0.002865827443,     -0.1882825727,                 0,      -65.69920082,              -nan
          0,           0,         798,      -8.593958003,      -6.592382218,      -8.015932628,      -4.917404045,      -10.56702988,   1.082313747e-08,   0.0008702826591,       175.9218604,       175.9218604,       175.9218604,       6409.460359,    0.002865826657,     -0.1882825749,                 0,                 0,                 0,     -0.1407308419,    0.002865826657,     -0.1882825749,                 0,       -65.6992196,              -nan
          0,           0,         799,      -8.594000649,      -6.592734087,      -7.962691909,      -4.871665852,      -10.56490264,    2.16463035e-08,    0.001740565318,       17.59218604,       17.59218604,       17.59218604,       6409.460359,    0.002865825085,     -0.1882825787,                 0,                 0,                 0,     -0.1407308447,    0.002865825085,     -0.1882825787,                 0,      -65.69925698,              -nan
          0,           0,         800,      -8.594116047,      -6.593285432,      -7.818650291,      -4.734019632,      -10.56980603,   2.164636078e-09,   0.0001740565318,                10,                10,                10,       6409.460359,    0.002865824928,     -0.1882825791,                 0,                 0,                 0,      -0.140730845,    0.002865824928,     -0.1882825791,                 0,      -65.69926072,              -nan
          0,           0,         801,      -8.594170999,      -6.593427249,      -7.959918801,      -4.829034918,      -10.57006768,   1.230453478e-09,   9.893968342e-05,                10,                10,                10,       6409.460359,    0.002865824838,     -0.1882825793,                 0,                 0,                 0,     -0.1407308452,    0.002865824838,     -0.1882825793,                 0,      -65.69926285,              -nan
          0,           0,         802,      -8.594185479,      -6.593467771,      -7.985935017,      -4.854557322,       -10.5700867,   1.230453664e-09,   9.893968342e-05,                10,                10,                10,       6409.460359,    0.002865824749,     -0.1882825796,                 0,                 0,                 0,     -0.1407308454,    0.002865824749,     -0.1882825796,                 0,      -65.69926497,              -nan
          0,           0,         803,      -8.594195311,       -6.59349737,       -7.99101241,      -4.868850592,      -10.57010867,   1.230453849e-09,   9.893968342e-05,                10,                10,                10,       6409.460359,     0.00286582466,     -0.1882825798,                 0,                 0,                 0,     -0.1407308456,     0.00286582466,     -0.1882825798,                 0,       -65.6992671,              -nan
          0,           0,         804,      -8.594203572,         -6.593523,      -7.992729383,      -4.879657496,       -10.5701332,   1.230454034e-09,   9.893968341e-05,                10,                10,                10,       6409.460359,     0.00286582457,       -0.18828258,                 0,                 0,                 0,     -0.1407308457,     0.00286582457,       -0.18828258,                 0,      -65.69926923,              -nan
          0,           0,         805,      -8.594210848,      -6.593547824,      -7.993654687,      -4.888490892,      -10.57015994,    1.23045422e-09,   9.893968341e-05,                10,                10,                10,       6409.460359,    0.002865824481,     -0.1882825803,                 0,                 0,                 0,     -0.1407308459,    0.002865824481,     -0.1882825803,                 0,      -65.69927136,              -nan
          0,           0,         806,      -8.594217282,      -6.593573711,      -7.993601637,      -4.895620553,      -10.57018856,   1.230454405e-09,   9.893968341e-05,                10,                10,                10,       6409.460359,    0.002865824392,     -0.1882825805,                 0,                 0,                 0,     -0.1407308461,    0.002865824392,     -0.1882825805,                 0,      -65.69927349,              -nan
          0,           0,         807,      -8.594223035,      -6.593601683,      -7.992831936,      -4.901448891,      -10.57021874,    1.23045459e-09,   9.893968341e-05,                10,                10,                10,       6409.460359,    0.002865824303,     -0.1882825807,                 0,                 0,                 0,     -0.1407308463,    0.002865824303,     -0.1882825807,                 0,      -65.69927562,              -nan
          0,           0,         808,      -8.594228258,       -6.59363216,      -7.991800309,      -4.906399463,      -10.57025021,   1.230454776e-09,   9.893968341e-05,                10,                10,                10,       6409.460359,    0.002865824213,      -0.188282581,                 0,                 0,                 0,     -0.1407308465,    0.002865824213,      -0.188282581,                 0,      -65.69927775,              -nan
          0,           0,         809,      -8.594233051,      -6.593665188,      -7.990784688,      -4.910739623,      -10.57028269,   1.230454961e-09,   9.893968341e-05,                10,                10,                10,       6409.460359,    0.002865824124,     -0.1882825812,                 0,                 0,                 0,     -0.1407308466,    0.002865824124,     -0.1882825812,                 0,      -65.69927988,              -nan
          0,           0,         810,      -8.594237469,      -6.593700615,      -7.989892216,      -4.914596795,      -10.57031596,   1.230455147e-09,   9.893968341e-05,                10,                10,                10,       6409.460359,    0.002865824035,     -0.1882825814,                 0,                 0,                 0,     -0.1407308468,    0.002865824035,     -0.1882825814,                 0,        -65.699282,              -nan
          0,           0,         811,      -8.594241543,      -6.593738202,      -7.989160954,      -4.918033706,      -10.57034981,   1.230455332e-09,   9.893968341e-05,                10,                10,                10,       6409.460359,    0.002865823946,     -0.1882825817,                 0,                 0,                 0,      -0.140730847,    0.002865823946,     -0.1882825817,                 0,      -65.69928413,              -nan
          0,           0,         812,      -8.594245295,      -6.593777684,      -7.988612164,      -4.921095799,      -10.57038408,   1.230455518e-09,   9.893968341e-05,                10,                10,                10,       6409.460359,    0.002865823856,     -0.1882825819,                 0,                 0,                 0,     -0.1407308471,    0.002865823856,     -0.1882825819,                 0,      -65.69928625,              -nan
          0,           0,         813,      -8.594248744,        -6.5938188,      -7.988260552,      -4.923827446,      -10.57041862,   1.230455703e-09,   9.893968341e-05,                10,                10,                10,       6409.460359,    0.002865823767,     -0.1882825821,                 0,                 0,                 0,     -0.1407308472,    0.002865823767,     -0.1882825821,                 0,      -65.69928836,              -nan
          0,           0,         814,      -8.594251906,      -6.593861301,       -7.98811206,      -4.926274082,      -10.57045332,   1.230455889e-09,   9.893968341e-05,                10,                10,                10,       6409.460359,    0.002865823678,     -0.1882825823,                 0,                 0,                 0,     -0.1407308473,    0.002865823678,     -0.1882825823,                 0,      -65.69929047,              -nan
          0,           0,         815,      -8.594254798,      -6.593904961,      -7.988162635,       -4.92848018,       -10.5704881,   1.230456074e-09,    9.89396834e-05,                10,                10,                10,       6409.460359,    0.002865823589,     -0.1882825824,                 0,                 0,                 0,     -0.1407308474,    0.002865823589,     -0.1882825824,                 0,      -65.69929258,              -nan
          0,           0,         816,      -8.594257437,      -6.593949573,       -7.98839927,      -4.930486594,      -10.57052289,    1.23045626e-09,    9.89396834e-05,                10,                10,                10,       6409.460359,    0.002865823499,     -0.1882825826,                 0,                 0,                 0,     -0.1407308475,    0.002865823499,     -0.1882825826,                 0,      -65.69929469,              -nan
          0,           0,         817,      -8.594259841,       -6.59399496,      -7.988802525,      -4.932328259,      -10.57055763,   1.230456446e-09,    9.89396834e-05,                10,                10,                10,       6409.460359,     0.00286582341,     -0.1882825828,                 0,                 0,                 0,     -0.1407308476,     0.00286582341,     -0.1882825828,                 0,       -65.6992968,              -nan
          0,           0,         818,      -8.594262028,      -6.594040964,      -7.989349756,      -4.934033161,       -10.5705923,   1.230456631e-09,    9.89396834e-05,                10,                10,                10,       6409.460359,    0.002865823321,      -0.188282583,                 0,                 0,                 0,     -0.1407308477,    0.002865823321,      -0.188282583,                 0,       -65.6992989,              -nan
          0,           0,         819,      -8.594264017,      -6.594087452,      -7.990017936,      -4.935622357,      -10.57062687,   1.230456817e-09,    9.89396834e-05,                10,                10,                10,       6409.460359,    0.002865823232,     -0.1882825831,                 0,                 0,                 0,     -0.1407308478,    0.002865823232,     -0.1882825831,                 0,      -65.69930101,              -nan
          0,           0,         820,      -8.594265824,      -6.594134306,      -7.990785429,      -4.937110916,      -10.57066135,   1.230457003e-09,    9.89396834e-05,                10,                10,                10,       6409.460359,    0.002865823143,     -0.1882825833,                 0,                 0,                 0,     -0.1407308479,    0.002865823143,     -0.1882825833,                 0,      -65.69930311,              -nan
          0,           0,         821,      -8.594267463,       -6.59418143,      -7.991632648,      -4.938509168,      -10.57069573,   1.230457189e-09,    9.89396834e-05,                10,                10,                10,       6409.460359,    0.002865823054,     -0.1882825835,                 0,                 0,                 0,     -0.1407308479,    0.002865823054,     -0.1882825835,                 0,      -65.69930521,              -nan
          0,           0,         822,      -8.594268945,      -6.594228737,      -7.992542002,      -4.939824039,      -10.57073002,   1.230457374e-09,    9.89396834e-05,                10,                10,                10,       6409.460359,    0.002865822964,     -0.1882825836,                 0,                 0,                 0,      -0.140730848,    0.002865822964,     -0.1882825836,                 0,      -65.69930731,              -nan
          0,           0,         823,      -8.594270278,      -6.594276155,      -7.993497583,      -4.941060083,      -10.57076424,    1.23045756e-09,    9.89396834e-05,                10,                10,                10,       6409.460359,    0.002865822875,     -0.1882825838,                 0,                 0,                 0,     -0.1407308481,    0.002865822875,     -0.1882825838,                 0,      -65.69930941,              -nan
          0,           0,         824,      -8.594271466,       -6.59432362,      -7.994485223,      -4.942219943,      -10.57079839,   1.230457746e-09,    9.89396834e-05,                10,                10,                10,       6409.460359,    0.002865822786,      -0.188282584,                 0,                 0,                 0,     -0.1407308482,    0.002865822786,      -0.188282584,                 0,      -65.69931152,              -nan
          0,           0,         825,      -8.594272514,      -6.594371079,      -7.995492974,      -4.943304404,      -10.57083249,   1.230457932e-09,    9.89396834e-05,                10,                10,                10,       6409.460359,    0.002865822697,     -0.1882825841,                 0,                 0,                 0,     -0.1407308483,    0.002865822697,     -0.1882825841,                 0,      -65.69931362,              -nan
          0,           0,         826,      -8.594273421,      -6.594418482,      -7.996512173,      -4.944312054,      -10.57086657,   1.230458118e-09,    9.89396834e-05,                10,                10,                10,       6409.460359,    0.002865822608,     -0.1882825843,                 0,                 0,                 0,     -0.1407308483,    0.002865822608,     -0.1882825843,                 0,      -65.69931572,              -nan
          0,           0,         827,      -8.594274187,      -6.594465788,      -7.997538368,      -4.945238766,      -10.57090063,   1.230458304e-09,    9.89396834e-05,                10,                10,                10,       6409.460359,    0.002865822519,     -0.1882825845,                 0,                 0,                 0,     -0.1407308484,    0.002865822519,     -0.1882825845,                 0,      -65.69931782,              -nan
          0,           0,         828,      -8.594274814,      -6.594512957,      -7.998571862,      -4.946077507,       -10.5709347,    1.23045849e-09,   9.893968339e-05,                10,                10,                10,       6409.460359,    0.002865822429,     -0.1882825847,                 0,                 0,                 0,     -0.1407308485,    0.002865822429,     -0.1882825847,                 0,      -65.69931993,              -nan
          0,           0,         829,      -8.594275301,      -6.594559954,      -7.999617685,      -4.946818526,      -10.57096878,   1.230458676e-09,   9.893968339e-05,                10,                10,                10,       6409.460359,     0.00286582234,     -0.1882825848,                 0,                 0,                 0,     -0.1407308486,     0.00286582234,     -0.1882825848,                 0,      -65.69932204,              -nan
          0,           0,         830,      -8.594275654,      -6.594606743,      -8.000684739,      -4.947450019,       -10.5710029,   1.230458862e-09,   9.893968339e-05,                10,                10,                10,       6409.460359,    0.002865822251,      -0.188282585,                 0,                 0,                 0,     -0.1407308487,    0.002865822251,      -0.188282585,                 0,      -65.69932414,              -nan
          0,           0,         831,      -8.594275877,      -6.594653288,        -8.0017843,      -4.947959171,      -10.57103706,   1.230459048e-09,   9.893968339e-05,                10,                10,                10,       6409.460359,    0.002865822162,     -0.1882825852,                 0,                 0,                 0,     -0.1407308489,    0.002865822162,     -0.1882825852,                 0,      -65.69932626,              -nan
          0,           0,         832,      -8.594275981,      -6.594699555,      -8.002928415,      -4.948333306,      -10.57107128,   1.230459234e-09,   9.893968339e-05,                10,                10,                10,       6409.460359,    0.002865822073,     -0.1882825854,                 0,                 0,                 0,      -0.140730849,    0.002865822073,     -0.1882825854,                 0,      -65.69932837,              -nan
          0,           0,         833,      -8.594275982,      -6.594745507,      -8.004128547,      -4.948560962,      -10.57110555,    1.23045942e-09,   9.893968339e-05,                10,                10,                10,       6409.460359,    0.002865821984,     -0.1882825856,                 0,                 0,                 0,     -0.1407308492,    0.002865821984,     -0.1882825856,                 0,      -65.69933049,              -nan
          0,           0,         834,      -8.594275901,      -6.594791105,      -8.005394427,      -4.948632855,       -10.5711399,   1.230459606e-09,   9.893968339e-05,                10,                10,                10,       6409.460359,    0.002865821895,     -0.1882825859,                 0,                 0,                 0,     -0.1407308494,    0.002865821895,     -0.1882825859,                 0,      -65.69933261,              -nan
          0,           0,         835,      -8.594275764,      -6.594836311,      -8.006733276,      -4.948542481,       -10.5711743,   1.230459792e-09,   9.893968339e-05,                10,                10,                10,       6409.460359,    0.002865821806,     -0.1882825861,                 0,                 0,                 0,     -0.1407308496,    0.002865821806,     -0.1882825861,                 0,      -65.69933474,              -nan
          0,           0,         836,      -8.594275604,      -6.594881086,      -8.008149554,      -4.948286603,      -10.57120876,   1.230459978e-09,   9.893968339e-05,                10,                10,                10,       6409.460359,    0.002865821717,     -0.1882825864,                 0,                 0,                 0,     -0.1407308498,    0.002865821717,     -0.1882825864,                 0,      -65.69933688,              -nan
          0,           0,         837,      -8.594275459,      -6.594925395,      -8.009644694,      -4.947865543,      -10.57124326,   1.230460164e-09,   9.893968339e-05,                10,                10,                10,       6409.460359,    0.002865821628,     -0.1882825867,                 0,                 0,                 0,     -0.1407308501,    0.002865821628,     -0.1882825867,                 0,      -65.69933902,              -nan
          0,           0,         838,      -8.594275374,      -6.594969205,       -8.01121717,      -4.947283238,      -10.57127779,   1.230460351e-09,   9.893968339e-05,                10,                10,                10,       6409.460359,    0.002865821539,      -0.188282587,                 0,                 0,                 0,     -0.1407308504,    0.002865821539,      -0.188282587,                 0,      -65.69934116,              -nan
          0,           0,         839,      -8.594275395,      -6.595012489,       -8.01286275,      -4.946547256,      -10.57131233,   1.230460537e-09,   9.893968339e-05,                10,                10,                10,       6409.460359,     0.00286582145,     -0.1882825873,                 0,                 0,                 0,     -0.1407308507,     0.00286582145,     -0.1882825873,                 0,      -65.69934332,              -nan
          0,           0,         840,      -8.594275576,      -6.595055229,      -8.014574655,      -4.945668651,      -10.57134684,   1.230460723e-09,   9.893968339e-05,                10,                10,                10,       6409.460359,     0.00286582136,     -0.1882825876,                 0,                 0,                 0,     -0.1407308511,     0.00286582136,     -0.1882825876,                 0,      -65.69934548,              -nan
          0,           0,         841,      -8.594275967,      -6.595097418,      -8.016343937,      -4.944661702,       -10.5713813,   1.230460909e-09,   9.893968338e-05,                10,                10,                10,       6409.460359,    0.002865821271,      -0.188282588,                 0,                 0,                 0,     -0.1407308515,    0.002865821271,      -0.188282588,                 0,      -65.69934764,              -nan
          0,           0,         842,      -8.594276621,      -6.595139059,      -8.018159553,      -4.943543681,      -10.57141567,   1.230461096e-09,   9.893968338e-05,                10,                10,                10,       6409.460359,    0.002865821182,     -0.1882825884,                 0,                 0,                 0,      -0.140730852,    0.002865821182,     -0.1882825884,                 0,      -65.69934982,              -nan
          0,           0,         843,      -8.594277586,      -6.595180172,      -8.020008549,      -4.942334563,      -10.57144991,   1.230461282e-09,   9.893968338e-05,                10,                10,                10,       6409.460359,    0.002865821093,     -0.1882825888,                 0,                 0,                 0,     -0.1407308524,    0.002865821093,     -0.1882825888,                 0,        -65.699352,              -nan
          0,           0,         844,      -8.594278909,      -6.595220787,      -8.021875859,      -4.941056749,      -10.57148398,   1.230461468e-09,   9.893968338e-05,                10,                10,                10,       6409.460359,    0.002865821004,     -0.1882825892,                 0,                 0,                 0,     -0.1407308529,    0.002865821004,     -0.1882825892,                 0,      -65.69935419,              -nan
          0,           0,         845,      -8.594280627,      -6.595260953,      -8.023744177,       -4.93973471,      -10.57151786,   1.230461655e-09,   9.893968338e-05,                10,                10,                10,       6409.460359,    0.002865820915,     -0.1882825896,                 0,                 0,                 0,     -0.1407308535,    0.002865820915,     -0.1882825896,                 0,      -65.69935638,              -nan
          0,           0,         846,      -8.594282771,      -6.595300725,      -8.025593936,      -4.938394631,      -10.57155152,   1.230461841e-09,   9.893968338e-05,                10,                10,                10,       6409.460359,    0.002865820826,     -0.1882825901,                 0,                 0,                 0,     -0.1407308541,    0.002865820826,     -0.1882825901,                 0,      -65.69935858,              -nan
          0,           0,         847,      -8.594285363,      -6.595340175,      -8.027403148,      -4.937063766,      -10.57158494,   1.230462027e-09,   9.893968338e-05,                10,                10,                10,       6409.460359,    0.002865820737,     -0.1882825906,                 0,                 0,                 0,     -0.1407308547,    0.002865820737,     -0.1882825906,                 0,      -65.69936079,              -nan
          0,           0,         848,      -8.594288415,      -6.595379378,      -8.029148044,      -4.935769778,      -10.57161811,   1.230462214e-09,   9.893968338e-05,                20,                20,                20,       6409.460359,    0.002865820648,     -0.1882825911,                 0,                 0,                 0,     -0.1407308553,    0.002865820648,     -0.1882825911,                 0,        -65.699363,              -nan
          0,           0,         849,      -8.594291931,      -6.595418414,      -8.030803841,      -4.934539743,      -10.57136835,   2.460924801e-09,   0.0001978793668,                40,                40,                40,       6409.460359,    0.002865820471,     -0.1882825921,                 0,                 0,                 0,     -0.1407308566,    0.002865820471,     -0.1882825921,                 0,      -65.69936743,              -nan
          0,           0,         850,      -8.594301124,      -6.595500519,      -8.032778972,      -4.930546623,      -10.57087584,   4.921851094e-09,   0.0003957587335,                10,                10,                10,       6409.460359,    0.002865820115,     -0.1882825942,                 0,                 0,                 0,     -0.1407308594,    0.002865820115,     -0.1882825942,                 0,      -65.69937632,              -nan
          0,           0,         851,      -8.594326146,      -6.595672138,      -8.025260586,      -4.917287649,      -10.57185498,    1.23046352e-09,   9.893968337e-05,                20,                20,                20,       6409.460359,    0.002865820026,     -0.1882825947,                 0,                 0,                 0,     -0.1407308601,    0.002865820026,     -0.1882825947,                 0,      -65.69937854,              -nan
          0,           0,         852,      -8.594333814,      -6.595711826,      -8.034713217,      -4.923421298,      -10.57159954,   2.460927414e-09,   0.0001978793667,                40,                40,                40,       6409.460359,    0.002865819848,     -0.1882825958,                 0,                 0,                 0,     -0.1407308616,    0.002865819848,     -0.1882825958,                 0,      -65.69938299,              -nan
          0,           0,         853,       -8.59434844,       -6.59579107,      -8.037704052,      -4.925028422,      -10.57110395,   4.921856321e-09,   0.0003957587335,                80,                80,                80,       6409.460359,    0.002865819493,     -0.1882825978,                 0,                 0,                 0,     -0.1407308643,    0.002865819493,     -0.1882825978,                 0,      -65.69939186,              -nan
          0,           0,         854,      -8.594380366,      -6.595957708,        -8.0287949,      -4.917899178,      -10.57013201,   9.843718621e-09,    0.000791517467,                10,                10,                10,       6409.460359,    0.002865818782,     -0.1882826015,                 0,                 0,                 0,      -0.140730869,    0.002865818782,     -0.1882826015,                 0,      -65.69940943,              -nan
          0,           0,         855,      -8.594454932,       -6.59627259,      -7.973232472,       -4.87841631,       -10.5723553,   1.230466324e-09,   9.893968337e-05,                20,                20,                20,       6409.460359,    0.002865818693,      -0.188282602,                 0,                 0,                 0,     -0.1407308696,    0.002865818693,      -0.188282602,                 0,      -65.69941162,              -nan
          0,           0,         856,      -8.594471504,      -6.596318168,      -8.011015341,      -4.905471289,      -10.57209276,   2.460933022e-09,   0.0001978793667,                40,                40,                40,       6409.460359,    0.002865818515,     -0.1882826028,                 0,                 0,                 0,     -0.1407308707,    0.002865818515,     -0.1882826028,                 0,        -65.699416,              -nan
          0,           0,         857,      -8.594493845,      -6.596388334,      -8.025740181,      -4.920311695,      -10.57159203,   4.921867542e-09,   0.0003957587335,                80,                80,                80,       6409.460359,     0.00286581816,     -0.1882826045,                 0,                 0,                 0,     -0.1407308726,     0.00286581816,     -0.1882826045,                 0,      -65.69942471,              -nan
          0,           0,         858,      -8.594534852,      -6.596531286,      -8.025530005,      -4.924433784,      -10.57061611,   9.843741076e-09,   0.0007915174669,               160,               160,               160,       6409.460359,     0.00286581745,     -0.1882826069,                 0,                 0,                 0,     -0.1407308753,     0.00286581745,     -0.1882826069,                 0,      -65.69944183,              -nan
          0,           0,         859,      -8.594618971,       -6.59681422,      -7.979232459,       -4.89113071,      -10.56867009,   1.968750615e-08,    0.001583034934,                16,                16,                16,       6409.460359,    0.002865816032,     -0.1882826089,                 0,                 0,                 0,     -0.1407308765,    0.002865816032,     -0.1882826089,                 0,      -65.69947507,              -nan
          0,           0,         860,      -8.594791092,       -6.59726853,      -7.854496009,      -4.774944298,      -10.57316454,   1.968755425e-09,   0.0001583034934,                32,                32,                32,       6409.460359,     0.00286581589,     -0.1882826091,                 0,                 0,                 0,     -0.1407308766,     0.00286581589,     -0.1882826091,                 0,      -65.69947839,              -nan
          0,           0,         861,       -8.59484191,      -6.597371326,      -7.972515883,      -4.858240716,      -10.57274163,   3.937511813e-09,   0.0003166069867,                64,                64,                64,       6409.460359,    0.002865815606,     -0.1882826095,                 0,                 0,                 0,     -0.1407308767,    0.002865815606,     -0.1882826095,                 0,        -65.699485,              -nan
          0,           0,         862,      -8.594886088,      -6.597460821,      -8.015479329,      -4.898533106,      -10.57194794,   7.875027479e-09,   0.0006332139734,               128,               128,               128,       6409.460359,     0.00286581504,     -0.1882826099,                 0,                 0,                 0,     -0.1407308765,     0.00286581504,     -0.1882826099,                 0,      -65.69949814,              -nan
          0,           0,         863,      -8.594946423,      -6.597660291,      -8.015617892,      -4.906137356,      -10.57040214,   1.575007038e-08,    0.001266427947,              12.8,              12.8,              12.8,       6409.460359,    0.002865813907,     -0.1882826105,                 0,                 0,                 0,     -0.1407308757,    0.002865813907,     -0.1882826105,                 0,      -65.69952434,              -nan
          0,           0,         864,      -8.595032367,      -6.598093667,      -7.921151646,      -4.827113998,      -10.57401209,   1.575010129e-09,   0.0001266427947,              25.6,              25.6,              25.6,       6409.460359,    0.002865813794,     -0.1882826106,                 0,                 0,                 0,     -0.1407308756,    0.002865813794,     -0.1882826106,                 0,      -65.69952697,              -nan
          0,           0,         865,      -8.595058072,      -6.598156247,      -8.001496265,      -4.881631313,      -10.57367338,   3.150020876e-09,   0.0002532855893,              51.2,              51.2,              51.2,       6409.460359,    0.002865813567,     -0.1882826108,                 0,                 0,                 0,     -0.1407308755,    0.002865813567,     -0.1882826108,                 0,      -65.69953222,              -nan
          0,           0,         866,      -8.595079657,      -6.598235162,      -8.027948286,       -4.90967414,        -10.573036,   6.300044226e-09,   0.0005065711787,             102.4,             102.4,             102.4,       6409.460359,    0.002865813114,     -0.1882826112,                 0,                 0,                 0,     -0.1407308754,    0.002865813114,     -0.1882826112,                 0,      -65.69954276,              -nan
          0,           0,         867,       -8.59510614,      -6.598415723,      -8.025909674,      -4.916315459,      -10.57179703,   1.260009836e-08,    0.001013142357,             10.24,             10.24,             10.24,       6409.460359,     0.00286581221,     -0.1882826126,                 0,                 0,                 0,     -0.1407308757,     0.00286581221,     -0.1882826126,                 0,      -65.69956397,              -nan
          0,           0,         868,      -8.595144879,      -6.598808775,      -7.959299115,      -4.858792217,      -10.57469392,   1.260011819e-09,   0.0001013142357,             20.48,             20.48,             20.48,       6409.460359,    0.002865812119,     -0.1882826127,                 0,                 0,                 0,     -0.1407308758,    0.002865812119,     -0.1882826127,                 0,       -65.6995661,              -nan
          0,           0,         869,      -8.595158457,      -6.598858021,      -8.012287663,      -4.895158893,      -10.57442037,   2.520024036e-09,   0.0002026284714,             40.96,             40.96,             40.96,       6409.460359,    0.002865811938,     -0.1882826131,                 0,                 0,                 0,     -0.1407308759,    0.002865811938,     -0.1882826131,                 0,      -65.69957036,              -nan
          0,           0,         870,      -8.595169517,      -6.598930453,       -8.03061263,      -4.915707393,      -10.57390439,   5.040049659e-09,   0.0004052569429,             81.92,             81.92,             81.92,       6409.460359,    0.002865811576,     -0.1882826138,                 0,                 0,                 0,     -0.1407308763,    0.002865811576,     -0.1882826138,                 0,      -65.69957891,              -nan
          0,           0,         871,      -8.595183208,      -6.599086603,      -8.030838852,      -4.922309809,      -10.57290683,   1.008010567e-08,   0.0008105138858,            163.84,            163.84,            163.84,       6409.460359,    0.002865810854,     -0.1882826156,                 0,                 0,                 0,     -0.1407308775,    0.002865810854,     -0.1882826156,                 0,       -65.6995961,              -nan
          0,           0,         872,      -8.595207401,      -6.599422738,      -7.988167904,      -4.884214968,       -10.5709192,    2.01602368e-08,    0.001621027771,            16.384,            16.384,            16.384,       6409.460359,    0.002865809409,     -0.1882826193,                 0,                 0,                 0,     -0.1407308798,    0.002865809409,     -0.1882826193,                 0,       -65.6996305,              -nan
          0,           0,         873,      -8.595288581,      -6.599955238,      -7.855982514,      -4.757029067,      -10.57548183,   2.016028782e-09,   0.0001621027771,            32.768,            32.768,            32.768,       6409.460359,    0.002865809265,     -0.1882826197,                 0,                 0,                 0,     -0.1407308801,    0.002865809265,     -0.1882826197,                 0,      -65.69963394,              -nan
          0,           0,         874,      -8.595331547,      -6.600090354,      -7.981248701,      -4.838603299,      -10.57504121,   4.032058584e-09,   0.0003242055543,            65.536,            65.536,            65.536,       6409.460359,    0.002865808976,     -0.1882826205,                 0,                 0,                 0,     -0.1407308807,    0.002865808976,     -0.1882826205,                 0,      -65.69964084,              -nan
          0,           0,         875,       -8.59536033,      -6.600221584,      -8.019327856,      -4.880357438,       -10.5742251,   8.064121255e-09,   0.0006484111085,           131.072,           131.072,           131.072,       6409.460359,    0.002865808399,      -0.188282622,                 0,                 0,                 0,     -0.1407308816,    0.002865808399,      -0.188282622,                 0,       -65.6996546,              -nan
          0,           0,         876,      -8.595395371,      -6.600473955,      -8.011607724,       -4.89016125,      -10.57263802,   1.612825887e-08,    0.001296822217,           13.1072,           13.1072,           13.1072,       6409.460359,    0.002865807246,     -0.1882826247,                 0,                 0,                 0,      -0.140730883,    0.002865807246,     -0.1882826247,                 0,        -65.699682,              -nan
          0,           0,         877,      -8.595456398,      -6.600952405,      -7.912813561,      -4.811255949,      -10.57631077,   1.612829164e-09,   0.0001296822217,           26.2144,           26.2144,           26.2144,       6409.460359,    0.002865807131,      -0.188282625,                 0,                 0,                 0,     -0.1407308831,    0.002865807131,      -0.188282625,                 0,      -65.69968474,              -nan
          0,           0,         878,      -8.595481661,      -6.601033645,      -7.998459095,      -4.868446815,      -10.57595848,   3.225658985e-09,   0.0002593644434,           52.4288,           52.4288,           52.4288,       6409.460359,    0.002865806901,     -0.1882826256,                 0,                 0,                 0,     -0.1407308834,    0.002865806901,     -0.1882826256,                 0,      -65.69969022,              -nan
          0,           0,         879,      -8.595500373,      -6.601132542,      -8.024724081,       -4.89947468,      -10.57530259,   6.451320594e-09,   0.0005187288867,          104.8576,          104.8576,          104.8576,       6409.460359,     0.00286580644,     -0.1882826268,                 0,                 0,                 0,      -0.140730884,     0.00286580644,     -0.1882826268,                 0,      -65.69970119,              -nan
          0,           0,         880,      -8.595523001,      -6.601335215,      -8.020744849,      -4.909391364,      -10.57403213,   1.290265169e-08,    0.001037457773,          10.48576,          10.48576,          10.48576,       6409.460359,    0.002865805519,     -0.1882826292,                 0,                 0,                 0,     -0.1407308854,    0.002865805519,     -0.1882826292,                 0,      -65.69972315,              -nan
          0,           0,         881,      -8.595562092,       -6.60174314,      -7.950507916,      -4.852626022,      -10.57698743,   1.290267273e-09,   0.0001037457773,          20.97152,          20.97152,          20.97152,       6409.460359,    0.002865805427,     -0.1882826294,                 0,                 0,                 0,     -0.1407308856,    0.002865805427,     -0.1882826294,                 0,      -65.69972535,              -nan
          0,           0,         882,      -8.595576964,      -6.601798161,      -8.008073999,      -4.892550313,      -10.57670596,   2.580534967e-09,   0.0002074915547,          41.94304,          41.94304,          41.94304,       6409.460359,    0.002865805242,       -0.18828263,                 0,                 0,                 0,     -0.1407308859,    0.002865805242,       -0.18828263,                 0,      -65.69972975,              -nan
          0,           0,         883,      -8.595588792,      -6.601875111,      -8.027928124,      -4.915223994,      -10.57617754,   5.161071619e-09,   0.0004149831094,          83.88608,          83.88608,          83.88608,       6409.460359,    0.002865804874,      -0.188282631,                 0,                 0,                 0,     -0.1407308866,    0.002865804874,      -0.188282631,                 0,      -65.69973857,              -nan
          0,           0,         884,       -8.59560411,      -6.602035832,      -8.027685757,      -4.922917071,      -10.57515754,   1.032214998e-08,   0.0008299662187,         167.77216,         167.77216,         167.77216,       6409.460359,    0.002865804138,     -0.1882826334,                 0,                 0,                 0,     -0.1407308885,    0.002865804138,     -0.1882826334,                 0,      -65.69975627,              -nan
          0,           0,         885,      -8.595633477,      -6.602372278,       -7.98001331,       -4.88302598,      -10.57312471,   2.064432695e-08,    0.001659932437,         16.777216,         16.777216,         16.777216,       6409.460359,    0.002865802668,     -0.1882826381,                 0,                 0,                 0,      -0.140730892,    0.002865802668,     -0.1882826381,                 0,       -65.6997916,              -nan
          0,           0,         886,      -8.595731402,      -6.602897609,      -7.840736543,      -4.753394491,      -10.57779221,   2.064438106e-09,   0.0001659932437,         33.554432,         33.554432,         33.554432,       6409.460359,    0.002865802521,     -0.1882826386,                 0,                 0,                 0,     -0.1407308924,    0.002865802521,     -0.1882826386,                 0,      -65.69979514,              -nan
          0,           0,         887,      -8.595779261,      -6.603028135,      -7.973157004,      -4.842319076,      -10.57734471,   4.128877294e-09,   0.0003319864874,         67.108864,         67.108864,         67.108864,       6409.460359,    0.002865802227,     -0.1882826395,                 0,                 0,                 0,     -0.1407308932,    0.002865802227,     -0.1882826395,                 0,      -65.69980222,              -nan
          0,           0,         888,      -8.595811904,      -6.603149619,      -8.015625127,      -4.886570063,      -10.57651342,   8.257758923e-09,   0.0006639729748,        134.217728,        134.217728,        134.217728,       6409.460359,     0.00286580164,     -0.1882826414,                 0,                 0,                 0,     -0.1407308945,     0.00286580164,     -0.1882826414,                 0,      -65.69981633,              -nan
          0,           0,         889,      -8.595853991,      -6.603393613,      -8.007092517,      -4.894368401,      -10.57489278,    1.65155352e-08,     0.00132794595,        13.4217728,        13.4217728,        13.4217728,       6409.460359,    0.002865800466,     -0.1882826446,                 0,                 0,                 0,     -0.1407308965,    0.002865800466,     -0.1882826446,                 0,      -65.69984436,              -nan
          0,           0,         890,      -8.595933228,      -6.603868562,      -7.898800555,      -4.810016634,      -10.57865437,   1.651556996e-09,    0.000132794595,        26.8435456,        26.8435456,        26.8435456,       6409.460359,    0.002865800349,     -0.1882826449,                 0,                 0,                 0,     -0.1407308967,    0.002865800349,     -0.1882826449,                 0,      -65.69984717,              -nan
          0,           0,         891,      -8.595962542,      -6.603943648,      -7.991438054,      -4.872970213,      -10.57829702,   3.303114687e-09,   0.0002655891899,        53.6870912,        53.6870912,        53.6870912,       6409.460359,    0.002865800114,     -0.1882826456,                 0,                 0,                 0,     -0.1407308972,    0.002865800114,     -0.1882826456,                 0,      -65.69985277,              -nan
          0,           0,         892,      -8.595985858,      -6.604034435,      -8.022012007,      -4.906044595,      -10.57762904,   6.606232159e-09,   0.0005311783798,       107.3741824,       107.3741824,       107.3741824,       6409.460359,    0.002865799645,     -0.1882826469,                 0,                 0,                 0,     -0.1407308979,    0.002865799645,     -0.1882826469,                 0,      -65.69986398,              -nan
          0,           0,         893,      -8.596017253,      -6.604230847,       -8.01907297,      -4.914748373,      -10.57633093,   1.321247546e-08,     0.00106235676,       10.73741824,       10.73741824,       10.73741824,       6409.460359,    0.002865798708,     -0.1882826494,                 0,                 0,                 0,     -0.1407308996,    0.002865798708,     -0.1882826494,                 0,      -65.69988636,              -nan
          0,           0,         894,      -8.596076274,      -6.604638694,      -7.941271582,      -4.853314259,      -10.57935939,   1.321249777e-09,    0.000106235676,       21.47483648,       21.47483648,       21.47483648,       6409.460359,    0.002865798614,     -0.1882826497,                 0,                 0,                 0,     -0.1407308997,    0.002865798614,     -0.1882826497,                 0,       -65.6998886,              -nan
          0,           0,         895,      -8.596094405,      -6.604690349,      -8.004031591,      -4.897041544,      -10.57907327,   2.642500001e-09,   0.0002124713519,       42.94967296,       42.94967296,       42.94967296,       6409.460359,    0.002865798426,     -0.1882826502,                 0,                 0,                 0,     -0.1407309001,    0.002865798426,     -0.1882826502,                 0,      -65.69989308,              -nan
          0,           0,         896,      -8.596110896,      -6.604763287,      -8.026749577,      -4.921335557,      -10.57853455,   5.285001789e-09,   0.0004249427038,       85.89934592,       85.89934592,       85.89934592,       6409.460359,    0.002865798052,     -0.1882826513,                 0,                 0,                 0,     -0.1407309009,    0.002865798052,     -0.1882826513,                 0,      -65.69990205,              -nan
          0,           0,         897,      -8.596135049,      -6.604921313,      -8.027574467,       -4.92871408,      -10.57749184,   1.057001073e-08,   0.0008498854076,       171.7986918,       171.7986918,       171.7986918,       6409.460359,    0.002865797303,     -0.1882826536,                 0,                 0,                 0,     -0.1407309026,    0.002865797303,     -0.1882826536,                 0,      -65.69992001,              -nan
          0,           0,         898,      -8.596182212,      -6.605260643,      -7.975126386,      -4.885531127,      -10.57541364,   2.114005009e-08,    0.001699770815,       17.17986918,       17.17986918,       17.17986918,       6409.460359,    0.002865795806,     -0.1882826575,                 0,                 0,                 0,     -0.1407309055,    0.002865795806,     -0.1882826575,                 0,      -65.69995571,              -nan
          0,           0,         899,       -8.59630989,      -6.605803279,      -7.832513749,      -4.751873482,       -10.5801978,   2.114010748e-09,   0.0001699770815,       34.35973837,       34.35973837,       34.35973837,       6409.460359,    0.002865795657,      -0.188282658,                 0,                 0,                 0,     -0.1407309058,    0.002865795657,      -0.188282658,                 0,      -65.69995929,              -nan
          0,           0,         900,      -8.596362468,      -6.605931499,      -7.969424246,      -4.844840724,      -10.57974187,   4.228022646e-09,    0.000339954163,       68.71947674,       68.71947674,       68.71947674,       6409.460359,    0.002865795358,     -0.1882826588,                 0,                 0,                 0,     -0.1407309064,    0.002865795358,     -0.1882826588,                 0,      -65.69996643,              -nan
          0,           0,         901,      -8.596400678,      -6.606052032,      -8.013746065,      -4.890775704,      -10.57889319,   8.456049888e-09,   0.0006799083259,       137.4389535,       137.4389535,       137.4389535,       6409.460359,     0.00286579476,     -0.1882826603,                 0,                 0,                 0,     -0.1407309074,     0.00286579476,     -0.1882826603,                 0,      -65.69998066,              -nan
          0,           0,         902,      -8.596451037,      -6.606302448,      -8.005496526,      -4.897413955,      -10.57723648,   1.691211818e-08,    0.001359816652,       13.74389535,       13.74389535,       13.74389535,       6409.460359,    0.002865793565,     -0.1882826627,                 0,                 0,                 0,     -0.1407309086,    0.002865793565,     -0.1882826627,                 0,      -65.70000889,              -nan
          0,           0,         903,      -8.596538208,      -6.606794519,      -7.895143707,      -4.807948692,      -10.58109111,   1.691215506e-09,   0.0001359816652,       27.48779069,       27.48779069,       27.48779069,       6409.460359,    0.002865793445,     -0.1882826629,                 0,                 0,                 0,     -0.1407309088,    0.002865793445,     -0.1882826629,                 0,      -65.70001172,              -nan
          0,           0,         904,      -8.596569351,      -6.606874843,      -7.991488211,      -4.873609626,      -10.58072531,    3.38243175e-09,   0.0002719633303,       54.97558139,       54.97558139,       54.97558139,       6409.460359,    0.002865793207,     -0.1882826634,                 0,                 0,                 0,      -0.140730909,    0.002865793207,     -0.1882826634,                 0,      -65.70001737,              -nan
          0,           0,         905,      -8.596594096,      -6.606970934,       -8.02260889,      -4.908053185,      -10.58004224,   6.764866453e-09,   0.0005439266607,       109.9511628,       109.9511628,       109.9511628,       6409.460359,    0.002865792729,     -0.1882826644,                 0,                 0,                 0,     -0.1407309095,    0.002865792729,     -0.1882826644,                 0,      -65.70002865,              -nan
          0,           0,         906,      -8.596626186,      -6.607176965,      -8.019284787,      -4.916598468,      -10.57871475,   1.352974473e-08,    0.001087853321,       10.99511628,       10.99511628,       10.99511628,       6409.460359,    0.002865791775,     -0.1882826664,                 0,                 0,                 0,     -0.1407309107,    0.002865791775,     -0.1882826664,                 0,      -65.70005123,              -nan
          0,           0,         907,      -8.596681334,      -6.607601563,       -7.94036831,      -4.851277717,      -10.58181785,    1.35297684e-09,   0.0001087853321,                10,                10,                10,       6409.460359,    0.002865791679,     -0.1882826666,                 0,                 0,                 0,     -0.1407309108,    0.002865791679,     -0.1882826666,                 0,      -65.70005349,              -nan
          0,           0,         908,       -8.59669966,      -6.607658952,      -8.005990228,      -4.897067318,      -10.58187089,   1.230525483e-09,   9.893968319e-05,                10,                10,                10,       6409.460359,    0.002865791593,     -0.1882826668,                 0,                 0,                 0,      -0.140730911,    0.002865791593,     -0.1882826668,                 0,      -65.70005554,              -nan
          0,           0,         909,      -8.596708226,      -6.607694424,      -8.023420381,      -4.915235959,      -10.58189424,   1.230525679e-09,   9.893968319e-05,                10,                10,                10,       6409.460359,    0.002865791506,      -0.188282667,                 0,                 0,                 0,     -0.1407309111,    0.002865791506,      -0.188282667,                 0,       -65.7000576,              -nan
          0,           0,         910,      -8.596714197,      -6.607725766,      -8.026317414,      -4.924625562,      -10.58191963,   1.230525875e-09,   9.893968319e-05,                10,                10,                10,       6409.460359,    0.002865791419,     -0.1882826672,                 0,                 0,                 0,     -0.1407309112,    0.002865791419,     -0.1882826672,                 0,      -65.70005966,              -nan
          0,           0,         911,      -8.596719263,      -6.607756236,      -8.026719423,      -4.931162469,      -10.58194679,   1.230526071e-09,   9.893968319e-05,                10,                10,                10,       6409.460359,    0.002865791332,     -0.1882826674,                 0,                 0,                 0,     -0.1407309114,    0.002865791332,     -0.1882826674,                 0,      -65.70006172,              -nan
          0,           0,         912,      -8.596723789,      -6.607787027,      -8.026665981,      -4.936232837,      -10.58197548,   1.230526267e-09,   9.893968319e-05,                10,                10,                10,       6409.460359,    0.002865791246,     -0.1882826676,                 0,                 0,                 0,     -0.1407309115,    0.002865791246,     -0.1882826676,                 0,      -65.70006378,              -nan
          0,           0,         913,      -8.596727865,      -6.607818805,      -8.026137747,      -4.940190259,      -10.58200546,   1.230526463e-09,   9.893968319e-05,                10,                10,                10,       6409.460359,    0.002865791159,     -0.1882826678,                 0,                 0,                 0,     -0.1407309117,    0.002865791159,     -0.1882826678,                 0,      -65.70006584,              -nan
          0,           0,         914,      -8.596731578,      -6.607851972,      -8.025299089,      -4.943364656,      -10.58203652,   1.230526659e-09,   9.893968319e-05,                10,                10,                10,       6409.460359,    0.002865791072,      -0.188282668,                 0,                 0,                 0,     -0.1407309118,    0.002865791072,      -0.188282668,                 0,       -65.7000679,              -nan
          0,           0,         915,      -8.596735004,       -6.60788673,      -8.024424661,      -4.946039817,      -10.58206845,   1.230526855e-09,   9.893968319e-05,                10,                10,                10,       6409.460359,    0.002865790986,     -0.1882826683,                 0,                 0,                 0,      -0.140730912,    0.002865790986,     -0.1882826683,                 0,      -65.70006996,              -nan
          0,           0,         916,      -8.596738194,      -6.607923133,      -8.023674273,      -4.948369379,      -10.58210105,   1.230527051e-09,   9.893968319e-05,                10,                10,                10,       6409.460359,    0.002865790899,     -0.1882826685,                 0,                 0,                 0,     -0.1407309121,    0.002865790899,     -0.1882826685,                 0,      -65.70007203,              -nan
          0,           0,         917,      -8.596741174,      -6.607961126,      -8.023094405,      -4.950409907,      -10.58213419,   1.230527248e-09,   9.893968319e-05,                10,                10,                10,       6409.460359,    0.002865790812,     -0.1882826687,                 0,                 0,                 0,     -0.1407309123,    0.002865790812,     -0.1882826687,                 0,      -65.70007409,              -nan
          0,           0,         918,      -8.596743964,      -6.608000589,      -8.022686166,      -4.952182479,       -10.5821677,   1.230527444e-09,   9.893968319e-05,                10,                10,                10,       6409.460359,    0.002865790725,     -0.1882826689,                 0,                 0,                 0,     -0.1407309125,    0.002865790725,     -0.1882826689,                 0,      -65.70007616,              -nan
          0,           0,         919,      -8.596746578,      -6.608041369,      -8.022442906,      -4.953706476,      -10.58220148,    1.23052764e-09,   9.893968319e-05,                10,                10,                10,       6409.460359,    0.002865790639,     -0.1882826691,                 0,                 0,                 0,     -0.1407309127,    0.002865790639,     -0.1882826691,                 0,      -65.70007822,              -nan
          0,           0,         920,      -8.596749029,      -6.608083297,       -8.02235897,      -4.955007647,      -10.58223543,   1.230527836e-09,   9.893968318e-05,                10,                10,                10,       6409.460359,    0.002865790552,     -0.1882826694,                 0,                 0,                 0,     -0.1407309128,    0.002865790552,     -0.1882826694,                 0,      -65.70008029,              -nan
          0,           0,         921,      -8.596751331,      -6.608126203,      -8.022429171,      -4.956115548,      -10.58226946,   1.230528032e-09,   9.893968318e-05,                10,                10,                10,       6409.460359,    0.002865790465,     -0.1882826696,                 0,                 0,                 0,      -0.140730913,    0.002865790465,     -0.1882826696,                 0,      -65.70008235,              -nan
          0,           0,         922,      -8.596753498,      -6.608169926,      -8.022647786,      -4.957059357,      -10.58230354,   1.230528229e-09,   9.893968318e-05,                10,                10,                10,       6409.460359,    0.002865790379,     -0.1882826698,                 0,                 0,                 0,     -0.1407309132,    0.002865790379,     -0.1882826698,                 0,      -65.70008442,              -nan
          0,           0,         923,      -8.596755543,      -6.608214315,      -8.023007772,      -4.957864925,       -10.5823376,   1.230528425e-09,   9.893968318e-05,                10,                10,                10,       6409.460359,    0.002865790292,       -0.18828267,                 0,                 0,                 0,     -0.1407309134,    0.002865790292,       -0.18828267,                 0,      -65.70008649,              -nan
          0,           0,         924,      -8.596757481,      -6.608259233,      -8.023500662,      -4.958553422,      -10.58237163,   1.230528621e-09,   9.893968318e-05,                10,                10,                10,       6409.460359,    0.002865790205,     -0.1882826703,                 0,                 0,                 0,     -0.1407309136,    0.002865790205,     -0.1882826703,                 0,      -65.70008855,              -nan
          0,           0,         925,      -8.596759328,      -6.608304561,      -8.024116507,      -4.959141323,      -10.58240561,   1.230528818e-09,   9.893968318e-05,                10,                10,                10,       6409.460359,    0.002865790119,     -0.1882826705,                 0,                 0,                 0,     -0.1407309138,    0.002865790119,     -0.1882826705,                 0,      -65.70009062,              -nan
          0,           0,         926,      -8.596761102,      -6.608350193,      -8.024844492,      -4.959641141,      -10.58243952,   1.230529014e-09,   9.893968318e-05,                10,                10,                10,       6409.460359,    0.002865790032,     -0.1882826707,                 0,                 0,                 0,      -0.140730914,    0.002865790032,     -0.1882826707,                 0,      -65.70009269,              -nan
          0,           0,         927,      -8.596762819,      -6.608396038,       -8.02567345,      -4.960062306,      -10.58247336,   1.230529211e-09,   9.893968318e-05,                10,                10,                10,       6409.460359,    0.002865789945,      -0.188282671,                 0,                 0,                 0,     -0.1407309142,    0.002865789945,      -0.188282671,                 0,      -65.70009476,              -nan
          0,           0,         928,      -8.596764497,      -6.608442019,      -8.026592446,      -4.960411846,      -10.58250714,   1.230529407e-09,   9.893968318e-05,                10,                10,                10,       6409.460359,    0.002865789859,     -0.1882826712,                 0,                 0,                 0,     -0.1407309144,    0.002865789859,     -0.1882826712,                 0,      -65.70009683,              -nan
          0,           0,         929,      -8.596766151,      -6.608488069,      -8.027591041,      -4.960695128,      -10.58254087,   1.230529603e-09,   9.893968318e-05,                10,                10,                10,       6409.460359,    0.002865789772,     -0.1882826715,                 0,                 0,                 0,     -0.1407309146,    0.002865789772,     -0.1882826715,                 0,       -65.7000989,              -nan
          0,           0,         930,      -8.596767795,      -6.608534134,      -8.028659339,      -4.960916238,      -10.58257455,     1.2305298e-09,   9.893968318e-05,                10,                10,                10,       6409.460359,    0.002865789686,     -0.1882826717,                 0,                 0,                 0,     -0.1407309149,    0.002865789686,     -0.1882826717,                 0,      -65.70010097,              -nan
          0,           0,         931,      -8.596769439,      -6.608580168,      -8.029787993,      -4.961078482,      -10.58260818,   1.230529996e-09,   9.893968318e-05,                10,                10,                10,       6409.460359,    0.002865789599,      -0.188282672,                 0,                 0,                 0,     -0.1407309151,    0.002865789599,      -0.188282672,                 0,      -65.70010305,              -nan
          0,           0,         932,      -8.596771094,      -6.608626133,      -8.030967915,      -4.961184648,      -10.58264179,   1.230530193e-09,   9.893968317e-05,                10,                10,                10,       6409.460359,    0.002865789512,     -0.1882826722,                 0,                 0,                 0,     -0.1407309154,    0.002865789512,     -0.1882826722,                 0,      -65.70010513,              -nan
          0,           0,         933,      -8.596772766,      -6.608671997,      -8.032190442,      -4.961237292,      -10.58267538,    1.23053039e-09,   9.893968317e-05,                10,                10,                10,       6409.460359,    0.002865789426,     -0.1882826725,                 0,                 0,                 0,     -0.1407309156,    0.002865789426,     -0.1882826725,                 0,      -65.70010721,              -nan
          0,           0,         934,      -8.596774462,      -6.608717737,      -8.033447224,      -4.961238773,      -10.58270896,   1.230530586e-09,   9.893968317e-05,                10,                10,                10,       6409.460359,    0.002865789339,     -0.1882826728,                 0,                 0,                 0,     -0.1407309159,    0.002865789339,     -0.1882826728,                 0,      -65.70010929,              -nan
          0,           0,         935,      -8.596776186,       -6.60876333,      -8.034730534,      -4.961191277,      -10.58274254,   1.230530783e-09,   9.893968317e-05,                10,                10,                10,       6409.460359,    0.002865789253,     -0.1882826731,                 0,                 0,                 0,     -0.1407309162,    0.002865789253,     -0.1882826731,                 0,      -65.70011137,              -nan
          0,           0,         936,      -8.596777942,      -6.608808759,      -8.036033426,      -4.961096779,      -10.58277613,   1.230530979e-09,   9.893968317e-05,                10,                10,                10,       6409.460359,    0.002865789166,     -0.1882826733,                 0,                 0,                 0,     -0.1407309165,    0.002865789166,     -0.1882826733,                 0,      -65.70011345,              -nan
          0,           0,         937,      -8.596779734,      -6.608854011,      -8.037349668,      -4.960957045,      -10.58280973,   1.230531176e-09,   9.893968317e-05,                10,                10,                10,       6409.460359,    0.002865789079,     -0.1882826736,                 0,                 0,                 0,     -0.1407309168,    0.002865789079,     -0.1882826736,                 0,      -65.70011554,              -nan
          0,           0,         938,      -8.596781566,      -6.608899072,      -8.038673901,      -4.960773689,      -10.58284335,   1.230531373e-09,   9.893968317e-05,                10,                10,                10,       6409.460359,    0.002865788993,     -0.1882826739,                 0,                 0,                 0,     -0.1407309171,    0.002865788993,     -0.1882826739,                 0,      -65.70011763,              -nan
          0,           0,         939,      -8.596783442,       -6.60894393,      -8.040001491,      -4.960548261,      -10.58287699,    1.23053157e-09,   9.893968317e-05,                10,                10,                10,       6409.460359,    0.002865788906,     -0.1882826742,                 0,                 0,                 0,     -0.1407309174,    0.002865788906,     -0.1882826742,                 0,      -65.70011972,              -nan
          0,           0,         940,      -8.596785369,      -6.608988571,      -8.041328243,       -4.96028231,      -10.58291066,   1.230531766e-09,   9.893968317e-05,                10,                10,                10,       6409.460359,     0.00286578882,     -0.1882826746,                 0,                 0,                 0,     -0.1407309178,     0.00286578882,     -0.1882826746,                 0,      -65.70012181,              -nan
          0,           0,         941,      -8.596787354,      -6.609032983,      -8.042650423,      -4.959977537,      -10.58294437,   1.230531963e-09,   9.893968317e-05,                10,                10,                10,       6409.460359,    0.002865788733,     -0.1882826749,                 0,                 0,                 0,     -0.1407309181,    0.002865788733,     -0.1882826749,                 0,      -65.70012391,              -nan
          0,           0,         942,      -8.596789407,      -6.609077152,       -8.04396445,      -4.959635886,      -10.58297811,    1.23053216e-09,   9.893968317e-05,                10,                10,                10,       6409.460359,    0.002865788647,     -0.1882826752,                 0,                 0,                 0,     -0.1407309185,    0.002865788647,     -0.1882826752,                 0,      -65.70012601,              -nan
          0,           0,         943,       -8.59679154,      -6.609121064,      -8.045267013,       -4.95925963,       -10.5830119,   1.230532357e-09,   9.893968317e-05,                10,                10,                10,       6409.460359,     0.00286578856,     -0.1882826755,                 0,                 0,                 0,     -0.1407309189,     0.00286578856,     -0.1882826755,                 0,      -65.70012811,              -nan
          0,           0,         944,      -8.596793768,      -6.609164702,      -8.046554628,      -4.958851494,      -10.58304571,   1.230532554e-09,   9.893968317e-05,                10,                10,                10,       6409.460359,    0.002865788474,     -0.1882826759,                 0,                 0,                 0,     -0.1407309193,    0.002865788474,     -0.1882826759,                 0,      -65.70013022,              -nan
          0,           0,         945,      -8.596796108,      -6.609208052,      -8.047823858,      -4.958414726,      -10.58307956,   1.230532751e-09,   9.893968317e-05,                10,                10,                10,       6409.460359,    0.002865788387,     -0.1882826763,                 0,                 0,                 0,     -0.1407309197,    0.002865788387,     -0.1882826763,                 0,      -65.70013233,              -nan
          0,           0,         946,      -8.596798581,        -6.6092511,      -8.049071124,      -4.957953227,      -10.58311344,   1.230532947e-09,   9.893968316e-05,                10,                10,                10,       6409.460359,    0.002865788301,     -0.1882826766,                 0,                 0,                 0,     -0.1407309202,    0.002865788301,     -0.1882826766,                 0,      -65.70013444,              -nan
          0,           0,         947,      -8.596801209,      -6.609293835,      -8.050292656,      -4.957471593,      -10.58314733,   1.230533144e-09,   9.893968316e-05,                10,                10,                10,       6409.460359,    0.002865788214,      -0.188282677,                 0,                 0,                 0,     -0.1407309206,    0.002865788214,      -0.188282677,                 0,      -65.70013655,              -nan
          0,           0,         948,      -8.596804014,      -6.609336249,       -8.05148445,      -4.956975177,      -10.58318122,   1.230533341e-09,   9.893968316e-05,                10,                10,                10,       6409.460359,    0.002865788128,     -0.1882826774,                 0,                 0,                 0,     -0.1407309211,    0.002865788128,     -0.1882826774,                 0,      -65.70013867,              -nan
          0,           0,         949,      -8.596807021,       -6.60937834,      -8.052642343,      -4.956470169,       -10.5832151,   1.230533538e-09,   9.893968316e-05,                10,                10,                10,       6409.460359,    0.002865788041,     -0.1882826778,                 0,                 0,                 0,     -0.1407309216,    0.002865788041,     -0.1882826778,                 0,       -65.7001408,              -nan
          0,           0,         950,      -8.596810253,       -6.60942011,      -8.053761915,      -4.955963628,      -10.58324895,   1.230533735e-09,   9.893968316e-05,                10,                10,                10,       6409.460359,    0.002865787955,     -0.1882826782,                 0,                 0,                 0,     -0.1407309221,    0.002865787955,     -0.1882826782,                 0,      -65.70014292,              -nan
          0,           0,         951,      -8.596813732,       -6.60946157,      -8.054838363,      -4.955463491,      -10.58328275,   1.230533932e-09,   9.893968316e-05,                20,                20,                20,       6409.460359,    0.002865787868,     -0.1882826786,                 0,                 0,                 0,     -0.1407309226,    0.002865787868,     -0.1882826786,                 0,      -65.70014505,              -nan
          0,           0,         952,      -8.596817479,      -6.609502737,      -8.055866364,      -4.954978572,      -10.58303515,   2.461068259e-09,   0.0001978793663,                40,                40,                40,       6409.460359,    0.002865787695,     -0.1882826795,                 0,                 0,                 0,     -0.1407309238,    0.002865787695,     -0.1882826795,                 0,      -65.70014932,              -nan
          0,           0,         953,      -8.596826497,      -6.609588179,      -8.056357391,      -4.951916897,      -10.58254667,   4.922138095e-09,   0.0003957587326,                80,                80,                80,       6409.460359,     0.00286578735,     -0.1882826813,                 0,                 0,                 0,     -0.1407309261,     0.00286578735,     -0.1882826813,                 0,      -65.70015788,              -nan
          0,           0,         954,       -8.59685033,      -6.609762147,      -8.045505314,      -4.938576499,      -10.58157441,   9.844282501e-09,   0.0007915174652,               160,               160,               160,       6409.460359,    0.002865786659,     -0.1882826847,                 0,                 0,                 0,     -0.1407309306,    0.002865786659,     -0.1882826847,                 0,      -65.70017491,              -nan
          0,           0,         955,      -8.596917124,      -6.610079717,      -7.988356543,      -4.892361923,      -10.57962788,   1.968859027e-08,     0.00158303493,                16,                16,                16,       6409.460359,    0.002865785278,     -0.1882826891,                 0,                 0,                 0,     -0.1407309355,    0.002865785278,     -0.1882826891,                 0,       -65.7002081,              -nan
          0,           0,         956,      -8.597089829,      -6.610544295,       -7.85807353,       -4.77638509,      -10.58411467,   1.968864093e-09,    0.000158303493,                32,                32,                32,       6409.460359,     0.00286578514,     -0.1882826896,                 0,                 0,                 0,      -0.140730936,     0.00286578514,     -0.1882826896,                 0,      -65.70021141,              -nan
          0,           0,         957,      -8.597140916,      -6.610667368,      -7.975997286,      -4.860037367,      -10.58368918,   3.937729199e-09,   0.0003166069861,                64,                64,                64,       6409.460359,    0.002865784864,     -0.1882826903,                 0,                 0,                 0,     -0.1407309368,    0.002865784864,     -0.1882826903,                 0,      -65.70021801,              -nan
          0,           0,         958,      -8.597186862,      -6.610770209,      -8.019358532,      -4.901747446,      -10.58289455,   7.875462455e-09,   0.0006332139721,               128,               128,               128,       6409.460359,    0.002865784312,     -0.1882826915,                 0,                 0,                 0,     -0.1407309377,    0.002865784312,     -0.1882826915,                 0,      -65.70023106,              -nan
          0,           0,         959,      -8.597253891,      -6.610974459,      -8.022741655,      -4.912362805,      -10.58134773,   1.575094115e-08,    0.001266427944,              12.8,              12.8,              12.8,       6409.460359,     0.00286578321,     -0.1882826926,                 0,                 0,                 0,     -0.1407309376,     0.00286578321,     -0.1882826926,                 0,      -65.70025671,              -nan
          0,           0,         960,      -8.597358686,       -6.61139478,      -7.930824458,      -4.838195602,      -10.58495745,   1.575097369e-09,   0.0001266427944,              25.6,              25.6,              25.6,       6409.460359,    0.002865783099,     -0.1882826927,                 0,                 0,                 0,     -0.1407309376,    0.002865783099,     -0.1882826927,                 0,      -65.70025928,              -nan
          0,           0,         961,       -8.59738608,      -6.611457299,      -8.012058518,      -4.893653308,      -10.58461921,   3.150195388e-09,   0.0002532855888,              51.2,              51.2,              51.2,       6409.460359,    0.002865782879,     -0.1882826929,                 0,                 0,                 0,     -0.1407309375,    0.002865782879,     -0.1882826929,                 0,       -65.7002644,              -nan
          0,           0,         962,      -8.597411417,      -6.611532782,      -8.040461171,      -4.922782491,      -10.58398244,   6.300393382e-09,   0.0005065711776,             102.4,             102.4,             102.4,       6409.460359,    0.002865782438,     -0.1882826932,                 0,                 0,                 0,     -0.1407309373,    0.002865782438,     -0.1882826932,                 0,      -65.70027462,              -nan
          0,           0,         963,      -8.597445588,      -6.611704728,      -8.039926574,      -4.931356119,       -10.5827441,   1.260079719e-08,    0.001013142355,             10.24,             10.24,             10.24,       6409.460359,    0.002865781557,     -0.1882826941,                 0,                 0,                 0,     -0.1407309372,    0.002865781557,     -0.1882826941,                 0,      -65.70029512,              -nan
          0,           0,         964,      -8.597496962,       -6.61208275,      -7.972025868,      -4.875961655,      -10.58564312,   1.260081807e-09,   0.0001013142355,             20.48,             20.48,             20.48,       6409.460359,    0.002865781469,     -0.1882826942,                 0,                 0,                 0,     -0.1407309372,    0.002865781469,     -0.1882826942,                 0,      -65.70029717,              -nan
          0,           0,         965,      -8.597511359,      -6.612128714,      -8.025512792,      -4.913163457,      -10.58537112,   2.520164032e-09,    0.000202628471,             40.96,             40.96,             40.96,       6409.460359,    0.002865781293,     -0.1882826944,                 0,                 0,                 0,     -0.1407309372,    0.002865781293,     -0.1882826944,                 0,      -65.70030128,              -nan
          0,           0,         966,      -8.597524367,      -6.612195616,      -8.044539477,       -4.93400665,      -10.58485668,   5.040329735e-09,   0.0004052569421,             81.92,             81.92,             81.92,       6409.460359,    0.002865780941,     -0.1882826949,                 0,                 0,                 0,     -0.1407309374,    0.002865780941,     -0.1882826949,                 0,      -65.70030954,              -nan
          0,           0,         967,      -8.597541585,      -6.612343598,      -8.044951759,      -4.940322767,      -10.58386075,   1.008066616e-08,   0.0008105138841,            163.84,            163.84,            163.84,       6409.460359,    0.002865780238,     -0.1882826963,                 0,                 0,                 0,     -0.1407309382,    0.002865780238,     -0.1882826963,                 0,      -65.70032615,              -nan
          0,           0,         968,       -8.59757047,       -6.61267009,      -8.001298124,      -4.900963681,      -10.58187758,   2.016135911e-08,    0.001621027768,            16.384,            16.384,            16.384,       6409.460359,    0.002865778832,     -0.1882826995,                 0,                 0,                 0,     -0.1407309404,    0.002865778832,     -0.1882826995,                 0,      -65.70035952,              -nan
          0,           0,         969,      -8.597654041,      -6.613202303,      -7.869132146,      -4.771827421,      -10.58644206,    2.01614128e-09,   0.0001621027768,            32.768,            32.768,            32.768,       6409.460359,    0.002865778691,     -0.1882826999,                 0,                 0,                 0,     -0.1407309406,    0.002865778691,     -0.1882826999,                 0,      -65.70036286,              -nan
          0,           0,         970,       -8.59769507,      -6.613330904,      -7.994512759,      -4.853448974,      -10.58600336,   4.032283634e-09,   0.0003242055536,            65.536,            65.536,            65.536,       6409.460359,     0.00286577841,     -0.1882827006,                 0,                 0,                 0,     -0.1407309411,     0.00286577841,     -0.1882827006,                 0,      -65.70036956,              -nan
          0,           0,         971,      -8.597722907,      -6.613457056,      -8.033220029,      -4.894718944,      -10.58518899,   8.064571568e-09,   0.0006484111072,           131.072,           131.072,           131.072,       6409.460359,    0.002865777848,      -0.188282702,                 0,                 0,                 0,     -0.1407309421,    0.002865777848,      -0.188282702,                 0,      -65.70038293,              -nan
          0,           0,         972,      -8.597757028,      -6.613707573,      -8.025945376,      -4.903428772,      -10.58360343,   1.612916035e-08,    0.001296822214,           13.1072,           13.1072,           13.1072,       6409.460359,    0.002865776726,     -0.1882827046,                 0,                 0,                 0,     -0.1407309435,    0.002865776726,     -0.1882827046,                 0,      -65.70040955,              -nan
          0,           0,         973,      -8.597817739,      -6.614189249,      -7.926711906,      -4.823777168,      -10.58727556,   1.612919483e-09,   0.0001296822214,           26.2144,           26.2144,           26.2144,       6409.460359,    0.002865776614,     -0.1882827048,                 0,                 0,                 0,     -0.1407309436,    0.002865776614,     -0.1882827048,                 0,      -65.70041221,              -nan
          0,           0,         974,      -8.597841907,      -6.614269463,      -8.012519414,       -4.88053265,       -10.5869236,   3.225839657e-09,   0.0002593644428,           52.4288,           52.4288,           52.4288,       6409.460359,    0.002865776389,     -0.1882827054,                 0,                 0,                 0,     -0.1407309439,    0.002865776389,     -0.1882827054,                 0,      -65.70041754,              -nan
          0,           0,         975,      -8.597860115,       -6.61436839,       -8.03892348,      -4.911470114,      -10.58626792,   6.451682075e-09,   0.0005187288857,          104.8576,          104.8576,          104.8576,       6409.460359,    0.002865775941,     -0.1882827064,                 0,                 0,                 0,     -0.1407309445,    0.002865775941,     -0.1882827064,                 0,       -65.7004282,              -nan
          0,           0,         976,      -8.597882558,      -6.614572545,        -8.0350622,      -4.921510471,      -10.58499741,    1.29033752e-08,    0.001037457771,          10.48576,          10.48576,          10.48576,       6409.460359,    0.002865775044,     -0.1882827087,                 0,                 0,                 0,     -0.1407309458,    0.002865775044,     -0.1882827087,                 0,      -65.70044953,              -nan
          0,           0,         977,      -8.597922197,       -6.61498448,      -7.965105712,      -4.865227304,      -10.58795156,   1.290339734e-09,   0.0001037457771,          20.97152,          20.97152,          20.97152,       6409.460359,    0.002865774955,     -0.1882827089,                 0,                 0,                 0,     -0.1407309459,    0.002865774955,     -0.1882827089,                 0,      -65.70045166,              -nan
          0,           0,         978,      -8.597936448,      -6.615039726,      -8.022491092,      -4.904779155,      -10.58766996,    2.58067991e-09,   0.0002074915543,          41.94304,          41.94304,          41.94304,       6409.460359,    0.002865774775,     -0.1882827094,                 0,                 0,                 0,     -0.1407309462,    0.002865774775,     -0.1882827094,                 0,      -65.70045594,              -nan
          0,           0,         979,      -8.597948031,       -6.61511754,      -8.042096331,      -4.927423354,      -10.58714133,   5.161361592e-09,   0.0004149831085,          83.88608,          83.88608,          83.88608,       6409.460359,    0.002865774417,     -0.1882827104,                 0,                 0,                 0,     -0.1407309469,    0.002865774417,     -0.1882827104,                 0,       -65.7004645,              -nan
          0,           0,         980,       -8.59796329,      -6.615280051,       -8.04166017,      -4.935354634,      -10.58612106,   1.032273027e-08,    0.000829966217,         167.77216,         167.77216,         167.77216,       6409.460359,    0.002865773701,     -0.1882827125,                 0,                 0,                 0,     -0.1407309486,    0.002865773701,     -0.1882827125,                 0,      -65.70048169,              -nan
          0,           0,         981,      -8.597992536,      -6.615619982,      -7.994582805,      -4.895878827,      -10.58408801,   2.064548894e-08,    0.001659932434,         16.777216,         16.777216,         16.777216,       6409.460359,     0.00286577227,     -0.1882827169,                 0,                 0,                 0,      -0.140730952,     0.00286577227,     -0.1882827169,                 0,      -65.70051602,              -nan
          0,           0,         982,       -8.59808805,      -6.616146857,      -7.856102043,      -4.765818211,      -10.58875172,   2.064554585e-09,   0.0001659932434,         33.554432,         33.554432,         33.554432,       6409.460359,    0.002865772127,     -0.1882827173,                 0,                 0,                 0,     -0.1407309523,    0.002865772127,     -0.1882827173,                 0,      -65.70051945,              -nan
          0,           0,         983,      -8.598133363,      -6.616280972,      -7.987971835,      -4.853807716,       -10.5883037,   4.129110309e-09,   0.0003319864868,         67.108864,         67.108864,         67.108864,       6409.460359,     0.00286577184,     -0.1882827183,                 0,                 0,                 0,     -0.1407309531,     0.00286577184,     -0.1882827183,                 0,      -65.70052634,              -nan
          0,           0,         984,      -8.598164338,      -6.616405354,      -8.029585703,      -4.897854415,      -10.58747211,   8.258225177e-09,   0.0006639729735,        134.217728,        134.217728,        134.217728,       6409.460359,    0.002865771269,     -0.1882827201,                 0,                 0,                 0,     -0.1407309544,    0.002865771269,     -0.1882827201,                 0,      -65.70054006,              -nan
          0,           0,         985,      -8.598203931,      -6.616652182,      -8.020537372,      -4.905846876,       -10.5858515,    1.65164686e-08,    0.001327945947,        13.4217728,        13.4217728,        13.4217728,       6409.460359,    0.002865770126,     -0.1882827232,                 0,                 0,                 0,     -0.1407309564,    0.002865770126,     -0.1882827232,                 0,      -65.70056735,              -nan
          0,           0,         986,      -8.598278338,      -6.617128278,      -7.912604809,       -4.82139149,      -10.58960948,   1.651650515e-09,   0.0001327945947,        26.8435456,        26.8435456,        26.8435456,       6409.460359,    0.002865770012,     -0.1882827235,                 0,                 0,                 0,     -0.1407309566,    0.002865770012,     -0.1882827235,                 0,      -65.70057008,              -nan
          0,           0,         987,      -8.598306011,      -6.617205658,      -8.004792886,      -4.883888231,      -10.58925167,   3.303301762e-09,   0.0002655891894,        53.6870912,        53.6870912,        53.6870912,       6409.460359,    0.002865769784,     -0.1882827241,                 0,                 0,                 0,      -0.140730957,    0.002865769784,     -0.1882827241,                 0,      -65.70057554,              -nan
          0,           0,         988,      -8.598327775,       -6.61729825,       -8.03471185,      -4.916849882,      -10.58858341,   6.606606452e-09,   0.0005311783787,       107.3741824,       107.3741824,       107.3741824,       6409.460359,    0.002865769327,     -0.1882827254,                 0,                 0,                 0,     -0.1407309578,    0.002865769327,     -0.1882827254,                 0,      -65.70058646,              -nan
          0,           0,         989,      -8.598356782,      -6.617496366,      -8.031274637,      -4.925691497,       -10.5872853,   1.321322462e-08,    0.001062356757,       10.73741824,       10.73741824,       10.73741824,       6409.460359,    0.002865768414,      -0.188282728,                 0,                 0,                 0,     -0.1407309595,    0.002865768414,      -0.188282728,                 0,      -65.70060828,              -nan
          0,           0,         990,      -8.598412011,      -6.617904706,      -7.953817909,      -4.864349262,      -10.59031075,   1.321324808e-09,   0.0001062356757,       21.47483648,       21.47483648,       21.47483648,       6409.460359,    0.002865768323,     -0.1882827283,                 0,                 0,                 0,     -0.1407309597,    0.002865768323,     -0.1882827283,                 0,      -65.70061046,              -nan
          0,           0,         991,      -8.598429136,      -6.617957367,      -8.016304032,      -4.907874799,      -10.59002436,   2.642650086e-09,   0.0002124713515,       42.94967296,       42.94967296,       42.94967296,       6409.460359,    0.002865768141,     -0.1882827288,                 0,                 0,                 0,     -0.1407309601,    0.002865768141,     -0.1882827288,                 0,      -65.70061483,              -nan
          0,           0,         992,      -8.598444551,      -6.618031058,      -8.038693624,      -4.932098486,      -10.58948545,    5.28530205e-09,   0.0004249427029,       85.89934592,       85.89934592,       85.89934592,       6409.460359,    0.002865767776,     -0.1882827299,                 0,                 0,                 0,     -0.1407309609,    0.002865767776,     -0.1882827299,                 0,      -65.70062359,              -nan
          0,           0,         993,      -8.598467125,      -6.618189776,       -8.03925181,      -4.939554658,      -10.58844274,   1.057061162e-08,   0.0008498854058,       171.7986918,       171.7986918,       171.7986918,       6409.460359,    0.002865767047,     -0.1882827323,                 0,                 0,                 0,     -0.1407309627,    0.002865767047,     -0.1882827323,                 0,      -65.70064112,              -nan
          0,           0,         994,      -8.598512185,      -6.618529021,      -7.987046997,      -4.896558622,      -10.58636416,   2.114125333e-08,    0.001699770812,       17.17986918,       17.17986918,       17.17986918,       6409.460359,     0.00286576559,     -0.1882827364,                 0,                 0,                 0,     -0.1407309658,     0.00286576559,     -0.1882827364,                 0,      -65.70067597,              -nan
          0,           0,         995,      -8.598639489,      -6.619067134,      -7.844596302,      -4.763085428,      -10.59114339,   2.114131366e-09,   0.0001699770811,       34.35973837,       34.35973837,       34.35973837,       6409.460359,    0.002865765444,     -0.1882827369,                 0,                 0,                 0,     -0.1407309661,    0.002865765444,     -0.1882827369,                 0,      -65.70067946,              -nan
          0,           0,         996,      -8.598690208,      -6.619196704,      -7.981244273,      -4.855895388,      -10.59068738,   4.228263939e-09,   0.0003399541623,       68.71947674,       68.71947674,       68.71947674,       6409.460359,    0.002865765153,     -0.1882827377,                 0,                 0,                 0,     -0.1407309668,    0.002865765153,     -0.1882827377,                 0,      -65.70068644,              -nan
          0,           0,         997,      -8.598727617,      -6.619317308,      -8.025311463,       -4.90178832,      -10.58983866,   8.456532711e-09,   0.0006799083245,       137.4389535,       137.4389535,       137.4389535,       6409.460359,    0.002865764571,     -0.1882827393,                 0,                 0,                 0,     -0.1407309679,    0.002865764571,     -0.1882827393,                 0,      -65.70070034,              -nan
          0,           0,         998,        -8.5987781,      -6.619566959,      -8.016871569,      -4.908574213,      -10.58818197,   1.691308477e-08,    0.001359816649,       13.74389535,       13.74389535,       13.74389535,       6409.460359,    0.002865763408,     -0.1882827419,                 0,                 0,                 0,     -0.1407309692,    0.002865763408,     -0.1882827419,                 0,       -65.7007279,              -nan
          0,           0,         999,      -8.598868531,      -6.620056537,      -7.906500151,      -4.819346472,      -10.59203281,   1.691312352e-09,   0.0001359816649,       27.48779069,       27.48779069,       27.48779069,       6409.460359,    0.002865763292,     -0.1882827422,                 0,                 0,                 0,     -0.1407309694,    0.002865763292,     -0.1882827422,                 0,      -65.70073066,              -nan
          0,           0,        1000,       -8.59889899,      -6.620136357,      -8.002586126,      -4.884899728,      -10.59166713,    3.38262548e-09,   0.0002719633298,       54.97558139,       54.97558139,       54.97558139,       6409.460359,     0.00286576306,     -0.1882827427,                 0,                 0,                 0,     -0.1407309696,     0.00286576306,     -0.1882827427,                 0,      -65.70073617,              -nan
          0,           0,        1001,      -8.598923972,      -6.620231662,        -8.0335942,      -4.919249863,      -10.59098417,   6.765254063e-09,   0.0005439266596,       109.9511628,       109.9511628,       109.9511628,       6409.460359,    0.002865762595,     -0.1882827437,                 0,                 0,                 0,     -0.1407309702,    0.002865762595,     -0.1882827437,                 0,      -65.70074719,              -nan
          0,           0,        1002,       -8.59895752,      -6.620436664,      -8.030184666,      -4.927741603,       -10.5896569,   1.353052055e-08,    0.001087853319,       10.99511628,       10.99511628,       10.99511628,       6409.460359,    0.002865761666,     -0.1882827458,                 0,                 0,                 0,     -0.1407309714,    0.002865761666,     -0.1882827458,                 0,      -65.70076921,              -nan
          0,           0,        1003,      -8.599016968,      -6.620859836,      -7.951066914,      -4.862480841,        -10.592757,   1.353054542e-09,   0.0001087853319,       21.99023256,       21.99023256,       21.99023256,       6409.460359,    0.002865761573,      -0.188282746,                 0,                 0,                 0,     -0.1407309715,    0.002865761573,      -0.188282746,                 0,      -65.70077142,              -nan
          0,           0,        1004,      -8.599035158,      -6.620916596,      -8.016538296,      -4.908192844,      -10.59246353,   2.706109582e-09,   0.0002175706638,       43.98046511,       43.98046511,       43.98046511,       6409.460359,    0.002865761387,     -0.1882827465,                 0,                 0,                 0,     -0.1407309718,    0.002865761387,     -0.1882827465,                 0,      -65.70077583,              -nan
          0,           0,        1005,      -8.599051379,      -6.620994864,      -8.039471963,      -4.933541135,      -10.59191226,   5.412221155e-09,   0.0004351413276,       87.96093022,       87.96093022,       87.96093022,       6409.460359,    0.002865761016,     -0.1882827474,                 0,                 0,                 0,     -0.1407309725,    0.002865761016,     -0.1882827474,                 0,      -65.70078466,              -nan
          0,           0,        1006,      -8.599074377,      -6.621161693,      -8.039861031,      -4.941164371,      -10.59084612,   1.082445028e-08,   0.0008702826552,       175.9218604,       175.9218604,       175.9218604,       6409.460359,    0.002865760274,     -0.1882827494,                 0,                 0,                 0,      -0.140730974,    0.002865760274,     -0.1882827494,                 0,      -65.70080237,              -nan
          0,           0,        1007,      -8.599117363,      -6.621515619,      -7.986688155,      -4.895481471,      -10.58872086,   2.164893247e-08,     0.00174056531,       17.59218604,       17.59218604,       17.59218604,       6409.460359,    0.002865758791,     -0.1882827529,                 0,                 0,                 0,     -0.1407309767,    0.002865758791,     -0.1882827529,                 0,       -65.7008376,              -nan
          0,           0,        1008,      -8.599233911,      -6.622067242,      -7.842925885,       -4.75802081,      -10.59361479,   2.164899644e-09,    0.000174056531,       35.18437209,       35.18437209,       35.18437209,       6409.460359,    0.002865758643,     -0.1882827533,                 0,                 0,                 0,     -0.1407309769,    0.002865758643,     -0.1882827533,                 0,      -65.70084113,              -nan
          0,           0,        1009,      -8.599284907,      -6.622211965,      -7.984174629,      -4.853007484,      -10.59314735,   4.329800569e-09,    0.000348113062,       70.36874418,       70.36874418,       70.36874418,       6409.460359,    0.002865758347,     -0.1882827541,                 0,                 0,                 0,     -0.1407309775,    0.002865758347,     -0.1882827541,                 0,      -65.70084819,              -nan
          0,           0,        1010,      -8.599319809,      -6.622343663,      -8.028454104,      -4.900598648,      -10.59227955,   8.659606261e-09,    0.000696226124,       140.7374884,       140.7374884,       140.7374884,       6409.460359,    0.002865757754,     -0.1882827555,                 0,                 0,                 0,     -0.1407309784,    0.002865757754,     -0.1882827555,                 0,      -65.70086225,              -nan
          0,           0,        1011,      -8.599363228,      -6.622607236,      -8.018736823,      -4.907982829,      -10.59058519,   1.731923303e-08,    0.001392452248,       14.07374884,       14.07374884,       14.07374884,       6409.460359,    0.002865756571,     -0.1882827578,                 0,                 0,                 0,     -0.1407309797,    0.002865756571,     -0.1882827578,                 0,      -65.70089019,              -nan
          0,           0,        1012,      -8.599438031,      -6.623111254,      -7.906972578,       -4.81632958,       -10.5945281,   1.731927412e-09,   0.0001392452248,                10,                10,                10,       6409.460359,    0.002865756453,      -0.188282758,                 0,                 0,                 0,     -0.1407309798,    0.002865756453,      -0.188282758,                 0,      -65.70089299,              -nan
          0,           0,        1013,      -8.599467691,      -6.623199465,      -8.006720021,      -4.884008297,      -10.59467754,   1.230608734e-09,   9.893968296e-05,                10,                10,                10,       6409.460359,    0.002865756369,     -0.1882827582,                 0,                 0,                 0,     -0.1407309799,    0.002865756369,     -0.1882827582,                 0,      -65.70089497,              -nan
          0,           0,        1014,      -8.599477885,      -6.623236205,      -8.028056411,      -4.906024972,      -10.59469861,   1.230608942e-09,   9.893968296e-05,                10,                10,                10,       6409.460359,    0.002865756285,     -0.1882827584,                 0,                 0,                 0,       -0.14073098,    0.002865756285,     -0.1882827584,                 0,      -65.70089696,              -nan
          0,           0,        1015,      -8.599484744,      -6.623266387,      -8.031461549,      -4.917954684,      -10.59472223,   1.230609149e-09,   9.893968296e-05,                10,                10,                10,       6409.460359,      0.0028657562,     -0.1882827585,                 0,                 0,                 0,     -0.1407309801,      0.0028657562,     -0.1882827585,                 0,      -65.70089895,              -nan
          0,           0,        1016,      -8.599490435,      -6.623294636,      -8.031906441,      -4.926685844,       -10.5947481,   1.230609357e-09,   9.893968296e-05,                10,                10,                10,       6409.460359,    0.002865756116,     -0.1882827587,                 0,                 0,                 0,     -0.1407309802,    0.002865756116,     -0.1882827587,                 0,      -65.70090094,              -nan
          0,           0,        1017,      -8.599495397,      -6.623322812,      -8.031737026,      -4.933719828,      -10.59477589,   1.230609565e-09,   9.893968296e-05,                10,                10,                10,       6409.460359,    0.002865756032,     -0.1882827589,                 0,                 0,                 0,     -0.1407309803,    0.002865756032,     -0.1882827589,                 0,      -65.70090293,              -nan
          0,           0,        1018,      -8.599499735,      -6.623352034,      -8.030865221,      -4.939384411,       -10.5948053,   1.230609772e-09,   9.893968296e-05,                10,                10,                10,       6409.460359,    0.002865755948,     -0.1882827591,                 0,                 0,                 0,     -0.1407309804,    0.002865755948,     -0.1882827591,                 0,      -65.70090492,              -nan
          0,           0,        1019,      -8.599503553,       -6.62338299,      -8.029513203,      -4.944034022,      -10.59483606,    1.23060998e-09,   9.893968295e-05,                10,                10,                10,       6409.460359,    0.002865755864,     -0.1882827593,                 0,                 0,                 0,     -0.1407309805,    0.002865755864,     -0.1882827593,                 0,      -65.70090691,              -nan
          0,           0,        1020,       -8.59950695,      -6.623416024,      -8.028050985,      -4.948000951,      -10.59486791,   1.230610188e-09,   9.893968295e-05,                10,                10,                10,       6409.460359,     0.00286575578,     -0.1882827595,                 0,                 0,                 0,     -0.1407309806,     0.00286575578,     -0.1882827595,                 0,       -65.7009089,              -nan
          0,           0,        1021,      -8.599509991,      -6.623451221,      -8.026699145,      -4.951477419,       -10.5949006,   1.230610396e-09,   9.893968295e-05,                10,                10,                10,       6409.460359,    0.002865755696,     -0.1882827596,                 0,                 0,                 0,     -0.1407309808,    0.002865755696,     -0.1882827596,                 0,      -65.70091089,              -nan
          0,           0,        1022,      -8.599512714,      -6.623488496,      -8.025532938,      -4.954545227,      -10.59493394,   1.230610604e-09,   9.893968295e-05,                10,                10,                10,       6409.460359,    0.002865755612,     -0.1882827598,                 0,                 0,                 0,     -0.1407309809,    0.002865755612,     -0.1882827598,                 0,      -65.70091288,              -nan
          0,           0,        1023,      -8.599515143,      -6.623527669,      -8.024567129,      -4.957243667,      -10.59496775,   1.230610811e-09,   9.893968295e-05,                10,                10,                10,       6409.460359,    0.002865755528,       -0.18828276,                 0,                 0,                 0,      -0.140730981,    0.002865755528,       -0.18828276,                 0,      -65.70091487,              -nan
          0,           0,        1024,      -8.599517299,      -6.623568518,      -8.023802691,       -4.95960724,      -10.59500187,   1.230611019e-09,   9.893968295e-05,                10,                10,                10,       6409.460359,    0.002865755444,     -0.1882827602,                 0,                 0,                 0,     -0.1407309811,    0.002865755444,     -0.1882827602,                 0,      -65.70091686,              -nan
          0,           0,        1025,      -8.599519199,      -6.623610808,      -8.023238049,      -4.961674603,       -10.5950362,   1.230611227e-09,   9.893968295e-05,                10,                10,                10,       6409.460359,     0.00286575536,     -0.1882827604,                 0,                 0,                 0,     -0.1407309812,     0.00286575536,     -0.1882827604,                 0,      -65.70091885,              -nan
          0,           0,        1026,      -8.599520863,      -6.623654311,      -8.022869442,      -4.963486213,      -10.59507062,   1.230611435e-09,   9.893968295e-05,                10,                10,                10,       6409.460359,    0.002865755276,     -0.1882827605,                 0,                 0,                 0,     -0.1407309813,    0.002865755276,     -0.1882827605,                 0,      -65.70092084,              -nan
          0,           0,        1027,      -8.599522306,      -6.623698811,      -8.022690247,      -4.965080252,      -10.59510508,   1.230611643e-09,   9.893968295e-05,                10,                10,                10,       6409.460359,    0.002865755192,     -0.1882827607,                 0,                 0,                 0,     -0.1407309814,    0.002865755192,     -0.1882827607,                 0,      -65.70092282,              -nan
          0,           0,        1028,      -8.599523548,      -6.623744114,      -8.022690901,      -4.966489871,      -10.59513951,   1.230611851e-09,   9.893968295e-05,                10,                10,                10,       6409.460359,    0.002865755108,     -0.1882827609,                 0,                 0,                 0,     -0.1407309815,    0.002865755108,     -0.1882827609,                 0,      -65.70092481,              -nan
          0,           0,        1029,      -8.599524609,      -6.623790048,      -8.022859186,      -4.967741827,      -10.59517389,   1.230612059e-09,   9.893968295e-05,                10,                10,                10,       6409.460359,    0.002865755024,     -0.1882827611,                 0,                 0,                 0,     -0.1407309816,    0.002865755024,     -0.1882827611,                 0,       -65.7009268,              -nan
          0,           0,        1030,       -8.59952551,      -6.623836462,      -8.023181315,      -4.968856521,      -10.59520818,   1.230612267e-09,   9.893968295e-05,                10,                10,                10,       6409.460359,     0.00286575494,     -0.1882827613,                 0,                 0,                 0,     -0.1407309817,     0.00286575494,     -0.1882827613,                 0,      -65.70092878,              -nan
          0,           0,        1031,      -8.599526274,      -6.623883227,       -8.02364311,      -4.969848651,      -10.59524238,   1.230612475e-09,   9.893968295e-05,                10,                10,                10,       6409.460359,    0.002865754856,     -0.1882827614,                 0,                 0,                 0,     -0.1407309818,    0.002865754856,     -0.1882827614,                 0,      -65.70093077,              -nan
          0,           0,        1032,      -8.599526924,      -6.623930232,      -8.024231335,      -4.970728198,      -10.59527649,   1.230612683e-09,   9.893968294e-05,                10,                10,                10,       6409.460359,    0.002865754773,     -0.1882827616,                 0,                 0,                 0,     -0.1407309819,    0.002865754773,     -0.1882827616,                 0,      -65.70093276,              -nan
          0,           0,        1033,       -8.59952748,      -6.623977385,      -8.024934318,      -4.971501405,       -10.5953105,   1.230612891e-09,   9.893968294e-05,                10,                10,                10,       6409.460359,    0.002865754689,     -0.1882827618,                 0,                 0,                 0,     -0.1407309821,    0.002865754689,     -0.1882827618,                 0,      -65.70093476,              -nan
          0,           0,        1034,      -8.599527962,      -6.624024606,      -8.025742309,      -4.972171801,      -10.59534443,     1.2306131e-09,   9.893968294e-05,                10,                10,                10,       6409.460359,    0.002865754605,      -0.188282762,                 0,                 0,                 0,     -0.1407309822,    0.002865754605,      -0.188282762,                 0,      -65.70093675,              -nan
          0,           0,        1035,      -8.599528387,      -6.624071831,       -8.02664707,      -4.972741054,      -10.59537829,   1.230613308e-09,   9.893968294e-05,                10,                10,                10,       6409.460359,    0.002865754521,     -0.1882827622,                 0,                 0,                 0,     -0.1407309824,    0.002865754521,     -0.1882827622,                 0,      -65.70093874,              -nan
          0,           0,        1036,       -8.59952877,      -6.624119006,      -8.027641448,      -4.973209759,      -10.59541207,   1.230613516e-09,   9.893968294e-05,                10,                10,                10,       6409.460359,    0.002865754437,     -0.1882827624,                 0,                 0,                 0,     -0.1407309825,    0.002865754437,     -0.1882827624,                 0,      -65.70094074,              -nan
          0,           0,        1037,      -8.599529122,      -6.624166086,      -8.028718922,      -4.973578078,      -10.59544581,   1.230613724e-09,   9.893968294e-05,                10,                10,                10,       6409.460359,    0.002865754353,     -0.1882827626,                 0,                 0,                 0,     -0.1407309827,    0.002865754353,     -0.1882827626,                 0,      -65.70094274,              -nan
          0,           0,        1038,      -8.599529453,      -6.624213037,      -8.029873447,      -4.973846073,       -10.5954795,   1.230613932e-09,   9.893968294e-05,                10,                10,                10,       6409.460359,    0.002865754269,     -0.1882827629,                 0,                 0,                 0,     -0.1407309829,    0.002865754269,     -0.1882827629,                 0,      -65.70094474,              -nan
          0,           0,        1039,      -8.599529771,      -6.624259829,      -8.031099311,      -4.974013847,      -10.59551317,   1.230614141e-09,   9.893968294e-05,                10,                10,                10,       6409.460359,    0.002865754185,     -0.1882827631,                 0,                 0,                 0,     -0.1407309831,    0.002865754185,     -0.1882827631,                 0,      -65.70094675,              -nan
          0,           0,        1040,      -8.599530082,       -6.62430644,       -8.03239139,      -4.974081619,      -10.59554682,   1.230614349e-09,   9.893968294e-05,                10,                10,                10,       6409.460359,    0.002865754101,     -0.1882827633,                 0,                 0,                 0,     -0.1407309833,    0.002865754101,     -0.1882827633,                 0,      -65.70094875,              -nan
          0,           0,        1041,      -8.599530391,       -6.62435285,      -8.033745097,      -4.974049689,      -10.59558045,   1.230614557e-09,   9.893968294e-05,                10,                10,                10,       6409.460359,    0.002865754017,     -0.1882827636,                 0,                 0,                 0,     -0.1407309835,    0.002865754017,     -0.1882827636,                 0,      -65.70095076,              -nan
          0,           0,        1042,      -8.599530706,      -6.624399044,       -8.03515633,      -4.973918542,      -10.59561409,   1.230614766e-09,   9.893968294e-05,                10,                10,                10,       6409.460359,    0.002865753933,     -0.1882827638,                 0,                 0,                 0,     -0.1407309837,    0.002865753933,     -0.1882827638,                 0,      -65.70095277,              -nan
          0,           0,        1043,      -8.599531031,      -6.624445006,      -8.036621411,      -4.973689044,      -10.59564774,   1.230614974e-09,   9.893968294e-05,                10,                10,                10,       6409.460359,     0.00286575385,     -0.1882827641,                 0,                 0,                 0,      -0.140730984,     0.00286575385,     -0.1882827641,                 0,      -65.70095479,              -nan
          0,           0,        1044,      -8.599531374,      -6.624490723,      -8.038136591,      -4.973362581,       -10.5956814,   1.230615182e-09,   9.893968294e-05,                10,                10,                10,       6409.460359,    0.002865753766,     -0.1882827644,                 0,                 0,                 0,     -0.1407309843,    0.002865753766,     -0.1882827644,                 0,      -65.70095681,              -nan
          0,           0,        1045,      -8.599531744,       -6.62453618,      -8.039697823,      -4.972941284,      -10.59571509,   1.230615391e-09,   9.893968294e-05,                10,                10,                10,       6409.460359,    0.002865753682,     -0.1882827647,                 0,                 0,                 0,     -0.1407309845,    0.002865753682,     -0.1882827647,                 0,      -65.70095883,              -nan
          0,           0,        1046,      -8.599532153,      -6.624581362,      -8.041300671,      -4.972428282,      -10.59574881,   1.230615599e-09,   9.893968293e-05,                10,                10,                10,       6409.460359,    0.002865753598,      -0.188282765,                 0,                 0,                 0,     -0.1407309848,    0.002865753598,      -0.188282765,                 0,      -65.70096085,              -nan
          0,           0,        1047,      -8.599532615,      -6.624626252,      -8.042939876,      -4.971827723,      -10.59578256,   1.230615808e-09,   9.893968293e-05,                10,                10,                10,       6409.460359,    0.002865753514,     -0.1882827653,                 0,                 0,                 0,     -0.1407309852,    0.002865753514,     -0.1882827653,                 0,      -65.70096288,              -nan
          0,           0,        1048,      -8.599533148,      -6.624670834,      -8.044609362,       -4.97114495,      -10.59581635,   1.230616016e-09,   9.893968293e-05,                10,                10,                10,       6409.460359,     0.00286575343,     -0.1882827656,                 0,                 0,                 0,     -0.1407309855,     0.00286575343,     -0.1882827656,                 0,      -65.70096492,              -nan
          0,           0,        1049,      -8.599533772,      -6.624715088,      -8.046302165,      -4.970386559,      -10.59585017,   1.230616225e-09,   9.893968293e-05,                10,                10,                10,       6409.460359,    0.002865753347,     -0.1882827659,                 0,                 0,                 0,     -0.1407309859,    0.002865753347,     -0.1882827659,                 0,      -65.70096695,              -nan
          0,           0,        1050,      -8.599534513,      -6.624758998,      -8.048010632,      -4.969560392,      -10.59588402,   1.230616433e-09,   9.893968293e-05,                10,                10,                10,       6409.460359,    0.002865753263,     -0.1882827663,                 0,                 0,                 0,     -0.1407309863,    0.002865753263,     -0.1882827663,                 0,        -65.700969,              -nan
          0,           0,        1051,      -8.599535398,       -6.62480255,      -8.049726151,      -4.968675478,      -10.59591788,   1.230616642e-09,   9.893968293e-05,                10,                10,                10,       6409.460359,    0.002865753179,     -0.1882827666,                 0,                 0,                 0,     -0.1407309867,    0.002865753179,     -0.1882827666,                 0,      -65.70097105,              -nan
          0,           0,        1052,      -8.599536457,      -6.624845732,      -8.051439781,       -4.96774206,      -10.59595175,    1.23061685e-09,   9.893968293e-05,                10,                10,                10,       6409.460359,    0.002865753095,      -0.188282767,                 0,                 0,                 0,     -0.1407309872,    0.002865753095,      -0.188282767,                 0,       -65.7009731,              -nan
          0,           0,        1053,      -8.599537721,      -6.624888539,      -8.053141988,      -4.966771469,      -10.59598561,   1.230617059e-09,   9.893968293e-05,                10,                10,                10,       6409.460359,    0.002865753011,     -0.1882827674,                 0,                 0,                 0,     -0.1407309877,    0.002865753011,     -0.1882827674,                 0,      -65.70097516,              -nan
          0,           0,        1054,      -8.599539223,      -6.624930971,      -8.054822965,      -4.965776117,      -10.59601944,   1.230617268e-09,   9.893968293e-05,                10,                10,                10,       6409.460359,    0.002865752928,     -0.1882827678,                 0,                 0,                 0,     -0.1407309882,    0.002865752928,     -0.1882827678,                 0,      -65.70097722,              -nan
          0,           0,        1055,      -8.599540994,       -6.62497304,       -8.05647247,      -4.964769427,      -10.59605321,   1.230617476e-09,   9.893968293e-05,                10,                10,                10,       6409.460359,    0.002865752844,     -0.1882827682,                 0,                 0,                 0,     -0.1407309887,    0.002865752844,     -0.1882827682,                 0,      -65.70097929,              -nan
          0,           0,        1056,      -8.599543063,      -6.625014764,      -8.058079762,      -4.963765877,       -10.5960869,   1.230617685e-09,   9.893968293e-05,                20,                20,                20,       6409.460359,     0.00286575276,     -0.1882827687,                 0,                 0,                 0,     -0.1407309892,     0.00286575276,     -0.1882827687,                 0,      -65.70098137,              -nan
          0,           0,        1057,      -8.599545455,       -6.62505617,      -8.059633291,      -4.962780907,      -10.59583928,   2.461235787e-09,   0.0001978793659,                40,                40,                40,       6409.460359,    0.002865752592,     -0.1882827696,                 0,                 0,                 0,     -0.1407309905,    0.002865752592,     -0.1882827696,                 0,      -65.70098553,              -nan
          0,           0,        1058,      -8.599552078,      -6.625142181,      -8.061412142,      -4.958913104,      -10.59535058,   4.922473245e-09,   0.0003957587317,                10,                10,                10,       6409.460359,    0.002865752258,     -0.1882827716,                 0,                 0,                 0,     -0.1407309931,    0.002865752258,     -0.1882827716,                 0,       -65.7009939,              -nan
          0,           0,        1059,      -8.599572218,      -6.625317988,      -8.053463625,      -4.944894316,      -10.59632846,   1.230619147e-09,   9.893968292e-05,                20,                20,                20,       6409.460359,    0.002865752174,     -0.1882827721,                 0,                 0,                 0,     -0.1407309937,    0.002865752174,     -0.1882827721,                 0,      -65.70099599,              -nan
          0,           0,        1060,      -8.599578548,      -6.625358549,      -8.063284761,      -4.951096858,      -10.59607423,   2.461238711e-09,   0.0001978793658,                40,                40,                40,       6409.460359,    0.002865752006,     -0.1882827731,                 0,                 0,                 0,     -0.1407309951,    0.002865752006,     -0.1882827731,                 0,      -65.70100019,              -nan
          0,           0,        1061,      -8.599590981,      -6.625438677,      -8.066599098,      -4.952509291,      -10.59557934,   4.922479095e-09,   0.0003957587317,                80,                80,                80,       6409.460359,    0.002865751672,     -0.1882827751,                 0,                 0,                 0,     -0.1407309978,    0.002865751672,     -0.1882827751,                 0,      -65.70100856,              -nan
          0,           0,        1062,      -8.599620038,      -6.625605302,      -8.057434251,      -4.944755865,      -10.59460611,   9.844964879e-09,   0.0007915174633,                10,                10,                10,       6409.460359,    0.002865751002,     -0.1882827786,                 0,                 0,                 0,     -0.1407310024,    0.002865751002,     -0.1882827786,                 0,      -65.70102513,              -nan
          0,           0,        1063,      -8.599692735,      -6.625918288,      -8.000309997,      -4.904629234,      -10.59682551,   1.230622284e-09,   9.893968291e-05,                20,                20,                20,       6409.460359,    0.002865750919,     -0.1882827791,                 0,                 0,                 0,     -0.1407310029,    0.002865750919,     -0.1882827791,                 0,       -65.7010272,              -nan
          0,           0,        1064,      -8.599708446,      -6.625963628,      -8.038399009,      -4.931826253,      -10.59656259,   2.461244987e-09,   0.0001978793658,                40,                40,                40,       6409.460359,    0.002865750752,     -0.1882827799,                 0,                 0,                 0,      -0.140731004,    0.002865750752,     -0.1882827799,                 0,      -65.70103133,              -nan
          0,           0,        1065,      -8.599730177,      -6.626032996,      -8.053097656,      -4.946730733,      -10.59606133,   4.922491649e-09,   0.0003957587316,                80,                80,                80,       6409.460359,    0.002865750417,     -0.1882827814,                 0,                 0,                 0,     -0.1407310059,    0.002865750417,     -0.1882827814,                 0,      -65.70103953,              -nan
          0,           0,        1066,      -8.599770682,      -6.626174949,      -8.052304938,        -4.9507821,      -10.59508592,   9.844990002e-09,   0.0007915174633,               160,               160,               160,       6409.460359,    0.002865749749,     -0.1882827837,                 0,                 0,                 0,     -0.1407310085,    0.002865749749,     -0.1882827837,                 0,      -65.70105565,              -nan
          0,           0,        1067,      -8.599853867,      -6.626457686,      -8.004925009,      -4.917198976,      -10.59314243,   1.969000684e-08,    0.001583034926,                16,                16,                16,       6409.460359,    0.002865748413,     -0.1882827859,                 0,                 0,                 0,     -0.1407310101,    0.002865748413,     -0.1882827859,                 0,      -65.70108703,              -nan
          0,           0,        1068,      -8.600025785,      -6.626909195,      -7.879579989,      -4.800606357,        -10.597628,   1.969006064e-09,   0.0001583034926,                32,                32,                32,       6409.460359,     0.00286574828,     -0.1882827861,                 0,                 0,                 0,     -0.1407310102,     0.00286574828,     -0.1882827861,                 0,      -65.70109016,              -nan
          0,           0,        1069,      -8.600073216,      -6.627012936,      -7.996898751,      -4.883840205,      -10.59720583,   3.938013204e-09,   0.0003166069853,                64,                64,                64,       6409.460359,    0.002865748013,     -0.1882827865,                 0,                 0,                 0,     -0.1407310104,    0.002865748013,     -0.1882827865,                 0,      -65.70109641,              -nan
          0,           0,        1070,      -8.600115806,      -6.627101897,      -8.039491633,       -4.92400606,      -10.59641315,   7.876030716e-09,   0.0006332139705,               128,               128,               128,       6409.460359,    0.002865747479,     -0.1882827869,                 0,                 0,                 0,     -0.1407310104,    0.002865747479,     -0.1882827869,                 0,      -65.70110881,              -nan
          0,           0,        1071,      -8.600175711,      -6.627300291,      -8.039479657,      -4.931375265,      -10.59486852,   1.575207868e-08,    0.001266427941,              12.8,              12.8,              12.8,       6409.460359,    0.002865746412,     -0.1882827877,                 0,                 0,                 0,     -0.1407310099,    0.002865746412,     -0.1882827877,                 0,      -65.70113353,              -nan
          0,           0,        1072,      -8.600265264,      -6.627730528,      -7.944714407,      -4.851967688,      -10.59847192,   1.575211322e-09,   0.0001266427941,              25.6,              25.6,              25.6,       6409.460359,    0.002865746306,     -0.1882827878,                 0,                 0,                 0,     -0.1407310098,    0.002865746306,     -0.1882827878,                 0,        -65.701136,              -nan
          0,           0,        1073,      -8.600289837,      -6.627793532,      -8.024925067,      -4.906799346,      -10.59813358,   3.150423335e-09,   0.0002532855882,              51.2,              51.2,              51.2,       6409.460359,    0.002865746092,      -0.188282788,                 0,                 0,                 0,     -0.1407310098,    0.002865746092,      -0.188282788,                 0,      -65.70114096,              -nan
          0,           0,        1074,      -8.600311536,      -6.627871694,      -8.051395361,      -4.934980499,      -10.59749667,   6.300849436e-09,   0.0005065711764,             102.4,             102.4,             102.4,       6409.460359,    0.002865745666,     -0.1882827884,                 0,                 0,                 0,     -0.1407310097,    0.002865745666,     -0.1882827884,                 0,      -65.70115089,              -nan
          0,           0,        1075,      -8.600339679,      -6.628050992,      -8.049359938,      -4.941576853,      -10.59625849,   1.260170994e-08,    0.001013142353,             10.24,             10.24,             10.24,       6409.460359,    0.002865744814,     -0.1882827897,                 0,                 0,                 0,     -0.1407310101,    0.002865744814,     -0.1882827897,                 0,      -65.70117088,              -nan
          0,           0,        1076,       -8.60038353,      -6.628442346,      -7.982390696,      -4.883616961,      -10.59915043,   1.260173211e-09,   0.0001013142353,             20.48,             20.48,             20.48,       6409.460359,    0.002865744729,     -0.1882827899,                 0,                 0,                 0,     -0.1407310101,    0.002865744729,     -0.1882827899,                 0,      -65.70117288,              -nan
          0,           0,        1077,      -8.600396762,      -6.628491676,      -8.035463568,      -4.920248179,      -10.59887719,   2.520346865e-09,   0.0002026284705,             40.96,             40.96,             40.96,       6409.460359,    0.002865744559,     -0.1882827902,                 0,                 0,                 0,     -0.1407310103,    0.002865744559,     -0.1882827902,                 0,      -65.70117689,              -nan
          0,           0,        1078,       -8.60040838,      -6.628563655,      -8.053862762,      -4.940874508,      -10.59836165,   5.040695505e-09,   0.0004052569411,             81.92,             81.92,             81.92,       6409.460359,    0.002865744218,     -0.1882827909,                 0,                 0,                 0,     -0.1407310106,    0.002865744218,     -0.1882827909,                 0,      -65.70118494,              -nan
          0,           0,        1079,       -8.60042392,      -6.628719167,      -8.054126589,       -4.94736548,      -10.59736488,   1.008139811e-08,   0.0008105138821,            163.84,            163.84,            163.84,       6409.460359,    0.002865743537,     -0.1882827926,                 0,                 0,                 0,     -0.1407310118,    0.002865743537,     -0.1882827926,                 0,      -65.70120114,              -nan
          0,           0,        1080,      -8.600452488,      -6.629054819,      -8.011255188,      -4.908850355,      -10.59537909,   2.016282465e-08,    0.001621027764,            16.384,            16.384,            16.384,       6409.460359,    0.002865742178,     -0.1882827961,                 0,                 0,                 0,      -0.140731014,    0.002865742178,     -0.1882827961,                 0,      -65.70123354,              -nan
          0,           0,        1081,      -8.600542147,      -6.629584804,      -7.879010841,      -4.781124324,      -10.59993369,   2.016288163e-09,   0.0001621027764,            32.768,            32.768,            32.768,       6409.460359,    0.002865742042,     -0.1882827964,                 0,                 0,                 0,     -0.1407310143,    0.002865742042,     -0.1882827964,                 0,      -65.70123678,              -nan
          0,           0,        1082,      -8.600582798,      -6.629721649,      -8.004212057,      -4.862876742,      -10.59949359,   4.032577466e-09,   0.0003242055528,            65.536,            65.536,            65.536,       6409.460359,     0.00286574177,     -0.1882827972,                 0,                 0,                 0,     -0.1407310148,     0.00286574177,     -0.1882827972,                 0,      -65.70124328,              -nan
          0,           0,        1083,      -8.600611569,      -6.629853452,      -8.042244666,      -4.904647391,      -10.59867834,   8.065159496e-09,   0.0006484111056,           131.072,           131.072,           131.072,       6409.460359,    0.002865741227,     -0.1882827987,                 0,                 0,                 0,     -0.1407310157,    0.002865741227,     -0.1882827987,                 0,      -65.70125624,              -nan
          0,           0,        1084,      -8.600648546,      -6.630106372,      -8.034484433,       -4.91428442,      -10.59709294,   1.613033726e-08,    0.001296822211,           13.1072,           13.1072,           13.1072,       6409.460359,    0.002865740141,     -0.1882828013,                 0,                 0,                 0,      -0.140731017,    0.002865740141,     -0.1882828013,                 0,      -65.70128204,              -nan
          0,           0,        1085,       -8.60071504,      -6.630584763,      -7.935622903,      -4.834919914,      -10.60075911,   1.613037385e-09,   0.0001296822211,           26.2144,           26.2144,           26.2144,       6409.460359,    0.002865740032,     -0.1882828015,                 0,                 0,                 0,     -0.1407310171,    0.002865740032,     -0.1882828015,                 0,      -65.70128463,              -nan
          0,           0,        1086,      -8.600739178,      -6.630667361,      -8.021268032,      -4.892254122,      -10.60040705,   3.226075502e-09,   0.0002593644422,           52.4288,           52.4288,           52.4288,       6409.460359,    0.002865739815,     -0.1882828021,                 0,                 0,                 0,     -0.1407310174,    0.002865739815,     -0.1882828021,                 0,      -65.70128979,              -nan
          0,           0,        1087,      -8.600758124,      -6.630767081,      -8.047468623,      -4.923335009,       -10.5997517,   6.452153933e-09,   0.0005187288844,          104.8576,          104.8576,          104.8576,       6409.460359,    0.002865739381,     -0.1882828032,                 0,                 0,                 0,     -0.1407310179,    0.002865739381,     -0.1882828032,                 0,      -65.70130012,              -nan
          0,           0,        1088,      -8.600782403,      -6.630970741,      -8.043424756,      -4.933210796,      -10.59848254,   1.290431959e-08,    0.001037457769,          10.48576,          10.48576,          10.48576,       6409.460359,    0.002865738514,     -0.1882828055,                 0,                 0,                 0,     -0.1407310192,    0.002865738514,     -0.1882828055,                 0,      -65.70132081,              -nan
          0,           0,        1089,      -8.600825702,      -6.631379889,      -7.973273919,      -4.876188606,      -10.60143249,   1.290434307e-09,   0.0001037457769,          20.97152,          20.97152,          20.97152,       6409.460359,    0.002865738427,     -0.1882828057,                 0,                 0,                 0,     -0.1407310194,    0.002865738427,     -0.1882828057,                 0,      -65.70132288,              -nan
          0,           0,        1090,      -8.600840025,       -6.63143584,      -8.030875181,      -4.916236645,      -10.60115117,   2.580869084e-09,   0.0002074915537,          41.94304,          41.94304,          41.94304,       6409.460359,    0.002865738254,     -0.1882828062,                 0,                 0,                 0,     -0.1407310197,    0.002865738254,     -0.1882828062,                 0,      -65.70132702,              -nan
          0,           0,        1091,      -8.600852147,      -6.631513518,      -8.050711406,      -4.938971951,      -10.60062317,   5.161740047e-09,   0.0004149831075,          83.88608,          83.88608,          83.88608,       6409.460359,    0.002865737907,     -0.1882828072,                 0,                 0,                 0,     -0.1407310204,    0.002865737907,     -0.1882828072,                 0,      -65.70133533,              -nan
          0,           0,        1092,      -8.600868743,      -6.631675316,      -8.050457279,      -4.946677896,      -10.59960424,   1.032348762e-08,   0.0008299662149,         167.77216,         167.77216,         167.77216,       6409.460359,    0.002865737214,     -0.1882828095,                 0,                 0,                 0,     -0.1407310221,    0.002865737214,     -0.1882828095,                 0,        -65.701352,              -nan
          0,           0,        1093,      -8.600901107,      -6.632013547,       -8.00296661,      -4.906667909,      -10.59757353,   2.064700535e-08,     0.00165993243,         16.777216,         16.777216,         16.777216,       6409.460359,     0.00286573583,     -0.1882828139,                 0,                 0,                 0,     -0.1407310254,     0.00286573583,     -0.1882828139,                 0,      -65.70138527,              -nan
          0,           0,        1094,      -8.601004329,       -6.63253853,      -7.864159437,      -4.776984867,      -10.60223193,    2.06470657e-09,    0.000165993243,         33.554432,         33.554432,         33.554432,       6409.460359,    0.002865735692,     -0.1882828143,                 0,                 0,                 0,     -0.1407310257,    0.002865735692,     -0.1882828143,                 0,       -65.7013886,              -nan
          0,           0,        1095,      -8.601049279,      -6.632672084,      -7.996683915,      -4.865950283,      -10.60178481,   4.129414348e-09,   0.0003319864859,         67.108864,         67.108864,         67.108864,       6409.460359,    0.002865735415,     -0.1882828152,                 0,                 0,                 0,     -0.1407310265,    0.002865735415,     -0.1882828152,                 0,      -65.70139527,              -nan
          0,           0,        1096,       -8.60108118,      -6.632795355,      -8.039126436,      -4.910259804,      -10.60095446,   8.258833531e-09,   0.0006639729719,        134.217728,        134.217728,        134.217728,       6409.460359,    0.002865734862,      -0.188282817,                 0,                 0,                 0,     -0.1407310277,    0.002865734862,      -0.188282817,                 0,      -65.70140856,              -nan
          0,           0,        1097,      -8.601123768,      -6.633041354,      -8.030561928,      -4.918119206,      -10.59933582,   1.651768641e-08,    0.001327945944,        13.4217728,        13.4217728,        13.4217728,       6409.460359,    0.002865733757,       -0.18828282,                 0,                 0,                 0,     -0.1407310296,    0.002865733757,       -0.18828282,                 0,      -65.70143495,              -nan
          0,           0,        1098,      -8.601205383,      -6.633518202,      -7.922404321,      -4.833762047,      -10.60308995,   1.651772517e-09,   0.0001327945944,        26.8435456,        26.8435456,        26.8435456,       6409.460359,    0.002865733646,     -0.1882828203,                 0,                 0,                 0,     -0.1407310298,    0.002865733646,     -0.1882828203,                 0,      -65.70143759,              -nan
          0,           0,        1099,      -8.601233032,      -6.633594582,      -8.015157429,      -4.896771548,      -10.60273289,    3.30354581e-09,   0.0002655891887,                10,                10,                10,       6409.460359,    0.002865733426,     -0.1882828209,                 0,                 0,                 0,     -0.1407310302,    0.002865733426,     -0.1882828209,                 0,      -65.70144287,              -nan
          0,           0,        1100,      -8.601255843,      -6.633686286,      -8.045768344,      -4.929887835,       -10.6032923,   1.230667294e-09,   9.893968281e-05,                10,                10,                10,       6409.460359,    0.002865733343,     -0.1882828212,                 0,                 0,                 0,     -0.1407310303,    0.002865733343,     -0.1882828212,                 0,      -65.70144484,              -nan
          0,           0,        1101,      -8.601262528,      -6.633714627,      -8.047473409,      -4.939056388,       -10.6033175,   1.230667509e-09,   9.893968281e-05,                10,                10,                10,       6409.460359,    0.002865733261,     -0.1882828214,                 0,                 0,                 0,     -0.1407310305,    0.002865733261,     -0.1882828214,                 0,      -65.70144681,              -nan
          0,           0,        1102,      -8.601268336,      -6.633742189,      -8.047001358,      -4.945587462,       -10.6033445,   1.230667724e-09,    9.89396828e-05,                10,                10,                10,       6409.460359,    0.002865733179,     -0.1882828216,                 0,                 0,                 0,     -0.1407310306,    0.002865733179,     -0.1882828216,                 0,      -65.70144878,              -nan
          0,           0,        1103,      -8.601273598,      -6.633770423,      -8.046151305,      -4.950696832,      -10.60337304,    1.23066794e-09,    9.89396828e-05,                20,                20,                20,       6409.460359,    0.002865733096,     -0.1882828219,                 0,                 0,                 0,     -0.1407310308,    0.002865733096,     -0.1882828219,                 0,      -65.70145074,              -nan
          0,           0,        1104,      -8.601278427,      -6.633800088,      -8.045100112,      -4.954805377,      -10.60312095,   2.461336311e-09,   0.0001978793656,                40,                40,                40,       6409.460359,    0.002865732932,     -0.1882828223,                 0,                 0,                 0,      -0.140731031,    0.002865732932,     -0.1882828223,                 0,      -65.70145468,              -nan
          0,           0,        1105,      -8.601287428,      -6.633871381,      -8.044295498,      -4.959749485,      -10.60263403,   4.922674345e-09,   0.0003957587312,                80,                80,                80,       6409.460359,    0.002865732603,     -0.1882828232,                 0,                 0,                 0,     -0.1407310316,    0.002865732603,     -0.1882828232,                 0,      -65.70146253,              -nan
          0,           0,        1106,      -8.601303932,      -6.634042294,      -8.037966378,      -4.957584008,      -10.60167296,   9.845355589e-09,   0.0007915174624,               160,               160,               160,       6409.460359,    0.002865731945,     -0.1882828251,                 0,                 0,                 0,     -0.1407310328,    0.002865731945,     -0.1882828251,                 0,      -65.70147826,              -nan
          0,           0,        1107,      -8.601340144,      -6.634392851,      -7.997432666,      -4.918331594,      -10.59974057,    1.96907388e-08,    0.001583034925,                16,                16,                16,       6409.460359,    0.002865730631,     -0.1882828289,                 0,                 0,                 0,     -0.1407310357,    0.002865730631,     -0.1882828289,                 0,      -65.70150972,              -nan
          0,           0,        1108,      -8.601451989,      -6.634925062,      -7.873292206,      -4.793804589,      -10.60419601,   1.969079415e-09,   0.0001583034925,                32,                32,                32,       6409.460359,      0.0028657305,     -0.1882828293,                 0,                 0,                 0,      -0.140731036,      0.0028657305,     -0.1882828293,                 0,      -65.70151287,              -nan
          0,           0,        1109,      -8.601494421,      -6.635041935,       -7.99848708,       -4.87945625,      -10.60377064,   3.938159937e-09,   0.0003166069849,                64,                64,                64,       6409.460359,    0.002865730237,     -0.1882828302,                 0,                 0,                 0,     -0.1407310367,    0.002865730237,     -0.1882828302,                 0,      -65.70151918,              -nan
          0,           0,        1110,      -8.601527431,      -6.635155259,      -8.041277133,      -4.921506779,       -10.6029777,   7.876324306e-09,   0.0006332139698,               128,               128,               128,       6409.460359,    0.002865729712,     -0.1882828318,                 0,                 0,                 0,      -0.140731038,    0.002865729712,     -0.1882828318,                 0,      -65.70153178,              -nan
          0,           0,        1111,      -8.601574952,      -6.635386022,       -8.03668075,      -4.927987335,      -10.60143375,   1.575266635e-08,     0.00126642794,              12.8,              12.8,              12.8,       6409.460359,    0.002865728663,     -0.1882828345,                 0,                 0,                 0,     -0.1407310399,    0.002865728663,     -0.1882828345,                 0,      -65.70155677,              -nan
          0,           0,        1112,      -8.601664864,      -6.635847046,      -7.934460397,      -4.846369142,      -10.60502361,   1.575270189e-09,    0.000126642794,              25.6,              25.6,              25.6,       6409.460359,    0.002865728559,     -0.1882828348,                 0,                 0,                 0,     -0.1407310401,    0.002865728559,     -0.1882828348,                 0,      -65.70155927,              -nan
          0,           0,        1113,      -8.601691073,      -6.635917258,      -8.020406068,      -4.904756202,      -10.60468325,    3.15054109e-09,   0.0002532855879,              51.2,              51.2,              51.2,       6409.460359,    0.002865728349,     -0.1882828353,                 0,                 0,                 0,     -0.1407310405,    0.002865728349,     -0.1882828353,                 0,      -65.70156427,              -nan
          0,           0,        1114,      -8.601714868,      -6.636004541,       -8.04971503,      -4.935725131,      -10.60404612,   6.301085025e-09,   0.0005065711758,             102.4,             102.4,             102.4,       6409.460359,     0.00286572793,     -0.1882828363,                 0,                 0,                 0,     -0.1407310412,     0.00286572793,     -0.1882828363,                 0,      -65.70157424,              -nan
          0,           0,        1115,      -8.601749143,      -6.636193738,      -8.048746174,      -4.944349572,      -10.60280965,   1.260218144e-08,    0.001013142352,             10.24,             10.24,             10.24,       6409.460359,    0.002865727092,     -0.1882828382,                 0,                 0,                 0,     -0.1407310424,    0.002865727092,     -0.1882828382,                 0,      -65.70159411,              -nan
          0,           0,        1116,      -8.601810334,       -6.63659149,      -7.977039847,      -4.887358323,      -10.60569889,   1.260220424e-09,   0.0001013142351,                10,                10,                10,       6409.460359,    0.002865727008,     -0.1882828384,                 0,                 0,                 0,     -0.1407310425,    0.002865727008,     -0.1882828384,                 0,       -65.7015961,              -nan
          0,           0,        1117,      -8.601826199,      -6.636641694,      -8.034546519,      -4.927533598,      -10.60572859,   1.230684231e-09,   9.893968276e-05,                10,                10,                10,       6409.460359,    0.002865726926,     -0.1882828386,                 0,                 0,                 0,     -0.1407310426,    0.002865726926,     -0.1882828386,                 0,      -65.70159804,              -nan
          0,           0,        1118,      -8.601834959,      -6.636676091,      -8.051076495,       -4.94446588,      -10.60575267,   1.230684448e-09,   9.893968276e-05,                10,                10,                10,       6409.460359,    0.002865726844,     -0.1882828388,                 0,                 0,                 0,     -0.1407310427,    0.002865726844,     -0.1882828388,                 0,      -65.70159999,              -nan
          0,           0,        1119,       -8.60184152,      -6.636706929,      -8.054129935,      -4.953151904,      -10.60577861,   1.230684666e-09,   9.893968276e-05,                10,                10,                10,       6409.460359,    0.002865726762,      -0.188282839,                 0,                 0,                 0,     -0.1407310429,    0.002865726762,      -0.188282839,                 0,      -65.70160193,              -nan
          0,           0,        1120,      -8.601847302,      -6.636737166,      -8.054814581,      -4.959140262,      -10.60580616,   1.230684883e-09,   9.893968276e-05,                10,                10,                10,       6409.460359,    0.002865726681,     -0.1882828392,                 0,                 0,                 0,      -0.140731043,    0.002865726681,     -0.1882828392,                 0,      -65.70160387,              -nan
          0,           0,        1121,      -8.601852615,      -6.636767862,      -8.055049571,      -4.963753708,      -10.60583511,   1.230685101e-09,   9.893968276e-05,                10,                10,                10,       6409.460359,    0.002865726599,     -0.1882828394,                 0,                 0,                 0,     -0.1407310431,    0.002865726599,     -0.1882828394,                 0,      -65.70160581,              -nan
          0,           0,        1122,      -8.601857535,      -6.636799583,      -8.054822722,      -4.967341193,      -10.60586525,   1.230685319e-09,   9.893968276e-05,                10,                10,                10,       6409.460359,    0.002865726517,     -0.1882828396,                 0,                 0,                 0,     -0.1407310433,    0.002865726517,     -0.1882828396,                 0,      -65.70160776,              -nan
          0,           0,        1123,      -8.601862133,      -6.636832659,      -8.054279496,      -4.970219093,      -10.60589637,   1.230685536e-09,   9.893968276e-05,                10,                10,                10,       6409.460359,    0.002865726435,     -0.1882828398,                 0,                 0,                 0,     -0.1407310434,    0.002865726435,     -0.1882828398,                 0,       -65.7016097,              -nan
          0,           0,        1124,      -8.601866475,      -6.636867251,      -8.053669327,      -4.972655292,      -10.60592828,   1.230685754e-09,   9.893968276e-05,                10,                10,                10,       6409.460359,    0.002865726354,       -0.18828284,                 0,                 0,                 0,     -0.1407310436,    0.002865726354,       -0.18828284,                 0,      -65.70161165,              -nan
          0,           0,        1125,      -8.601870603,      -6.636903391,      -8.053137348,      -4.974792901,      -10.60596083,   1.230685972e-09,   9.893968276e-05,                10,                10,                10,       6409.460359,    0.002865726272,     -0.1882828402,                 0,                 0,                 0,     -0.1407310437,    0.002865726272,     -0.1882828402,                 0,      -65.70161359,              -nan
          0,           0,        1126,       -8.60187454,      -6.636941019,      -8.052724282,      -4.976682213,      -10.60599386,    1.23068619e-09,   9.893968275e-05,                10,                10,                10,       6409.460359,     0.00286572619,     -0.1882828404,                 0,                 0,                 0,     -0.1407310439,     0.00286572619,     -0.1882828404,                 0,      -65.70161554,              -nan
          0,           0,        1127,      -8.601878301,      -6.636980021,      -8.052429472,      -4.978339144,      -10.60602725,   1.230686408e-09,   9.893968275e-05,                10,                10,                10,       6409.460359,    0.002865726108,     -0.1882828406,                 0,                 0,                 0,      -0.140731044,    0.002865726108,     -0.1882828406,                 0,      -65.70161748,              -nan
          0,           0,        1128,      -8.601881899,      -6.637020254,      -8.052246502,      -4.979777885,      -10.60606088,   1.230686625e-09,   9.893968275e-05,                10,                10,                10,       6409.460359,    0.002865726027,     -0.1882828408,                 0,                 0,                 0,     -0.1407310442,    0.002865726027,     -0.1882828408,                 0,      -65.70161942,              -nan
          0,           0,        1129,      -8.601885346,      -6.637061562,      -8.052171256,      -4.981019043,      -10.60609466,   1.230686843e-09,   9.893968275e-05,                10,                10,                10,       6409.460359,    0.002865725945,      -0.188282841,                 0,                 0,                 0,     -0.1407310443,    0.002865725945,      -0.188282841,                 0,      -65.70162137,              -nan
          0,           0,        1130,      -8.601888653,      -6.637103788,      -8.052201168,      -4.982087381,      -10.60612854,   1.230687061e-09,   9.893968275e-05,                10,                10,                10,       6409.460359,    0.002865725863,     -0.1882828412,                 0,                 0,                 0,     -0.1407310445,    0.002865725863,     -0.1882828412,                 0,      -65.70162331,              -nan
          0,           0,        1131,      -8.601891832,      -6.637146781,      -8.052333954,      -4.983007784,      -10.60616244,   1.230687279e-09,   9.893968275e-05,                10,                10,                10,       6409.460359,    0.002865725781,     -0.1882828414,                 0,                 0,                 0,     -0.1407310446,    0.002865725781,     -0.1882828414,                 0,      -65.70162525,              -nan
          0,           0,        1132,      -8.601894895,      -6.637190398,      -8.052566704,      -4.983802247,      -10.60619634,   1.230687497e-09,   9.893968275e-05,                10,                10,                10,       6409.460359,      0.0028657257,     -0.1882828416,                 0,                 0,                 0,     -0.1407310448,      0.0028657257,     -0.1882828416,                 0,       -65.7016272,              -nan
          0,           0,        1133,      -8.601897854,      -6.637234514,      -8.052895494,      -4.984488532,      -10.60623019,   1.230687715e-09,   9.893968275e-05,                10,                10,                10,       6409.460359,    0.002865725618,     -0.1882828418,                 0,                 0,                 0,     -0.1407310449,    0.002865725618,     -0.1882828418,                 0,      -65.70162914,              -nan
          0,           0,        1134,      -8.601900723,      -6.637279015,      -8.053315418,      -4.985080103,        -10.606264,   1.230687933e-09,   9.893968275e-05,                10,                10,                10,       6409.460359,    0.002865725536,      -0.188282842,                 0,                 0,                 0,     -0.1407310451,    0.002865725536,      -0.188282842,                 0,      -65.70163109,              -nan
          0,           0,        1135,      -8.601903518,        -6.6373238,      -8.053820783,      -4.985586826,      -10.60629774,   1.230688151e-09,   9.893968275e-05,                10,                10,                10,       6409.460359,    0.002865725454,     -0.1882828422,                 0,                 0,                 0,     -0.1407310453,    0.002865725454,     -0.1882828422,                 0,      -65.70163303,              -nan
          0,           0,        1136,      -8.601906253,      -6.637368785,      -8.054405554,      -4.986015755,      -10.60633141,   1.230688369e-09,   9.893968275e-05,                10,                10,                10,       6409.460359,    0.002865725373,     -0.1882828424,                 0,                 0,                 0,     -0.1407310454,    0.002865725373,     -0.1882828424,                 0,      -65.70163498,              -nan
          0,           0,        1137,      -8.601908943,      -6.637413896,      -8.055063876,      -4.986371982,      -10.60636502,   1.230688587e-09,   9.893968275e-05,                10,                10,                10,       6409.460359,    0.002865725291,     -0.1882828426,                 0,                 0,                 0,     -0.1407310456,    0.002865725291,     -0.1882828426,                 0,      -65.70163692,              -nan
          0,           0,        1138,      -8.601911602,      -6.637459072,      -8.055790071,      -4.986659136,      -10.60639857,   1.230688805e-09,   9.893968275e-05,                10,                10,                10,       6409.460359,    0.002865725209,     -0.1882828428,                 0,                 0,                 0,     -0.1407310458,    0.002865725209,     -0.1882828428,                 0,      -65.70163887,              -nan
          0,           0,        1139,      -8.601914241,      -6.637504262,      -8.056578709,      -4.986879881,      -10.60643207,   1.230689023e-09,   9.893968274e-05,                10,                10,                10,       6409.460359,    0.002865725128,      -0.188282843,                 0,                 0,                 0,      -0.140731046,    0.002865725128,      -0.188282843,                 0,      -65.70164082,              -nan
          0,           0,        1140,       -8.60191687,      -6.637549424,      -8.057424543,       -4.98703636,      -10.60646553,   1.230689241e-09,   9.893968274e-05,                10,                10,                10,       6409.460359,    0.002865725046,     -0.1882828433,                 0,                 0,                 0,     -0.1407310462,    0.002865725046,     -0.1882828433,                 0,      -65.70164277,              -nan
          0,           0,        1141,      -8.601919498,      -6.637594523,      -8.058322308,      -4.987130477,      -10.60649895,    1.23068946e-09,   9.893968274e-05,                10,                10,                10,       6409.460359,    0.002865724964,     -0.1882828435,                 0,                 0,                 0,     -0.1407310464,    0.002865724964,     -0.1882828435,                 0,      -65.70164472,              -nan
          0,           0,        1142,      -8.601922131,      -6.637639533,      -8.059266559,      -4.987164143,      -10.60653236,   1.230689678e-09,   9.893968274e-05,                10,                10,                10,       6409.460359,    0.002865724883,     -0.1882828437,                 0,                 0,                 0,     -0.1407310466,    0.002865724883,     -0.1882828437,                 0,      -65.70164668,              -nan
          0,           0,        1143,      -8.601924773,      -6.637684431,      -8.060251788,      -4.987139332,      -10.60656574,   1.230689896e-09,   9.893968274e-05,                10,                10,                10,       6409.460359,    0.002865724801,      -0.188282844,                 0,                 0,                 0,     -0.1407310469,    0.002865724801,      -0.188282844,                 0,      -65.70164863,              -nan
          0,           0,        1144,      -8.601927429,      -6.637729201,      -8.061272472,      -4.987058151,      -10.60659912,   1.230690114e-09,   9.893968274e-05,                10,                10,                10,       6409.460359,    0.002865724719,     -0.1882828442,                 0,                 0,                 0,     -0.1407310471,    0.002865724719,     -0.1882828442,                 0,      -65.70165059,              -nan
          0,           0,        1145,      -8.601930101,       -6.63777383,      -8.062323429,      -4.986922839,       -10.6066325,   1.230690333e-09,   9.893968274e-05,                10,                10,                10,       6409.460359,    0.002865724638,     -0.1882828445,                 0,                 0,                 0,     -0.1407310474,    0.002865724638,     -0.1882828445,                 0,      -65.70165255,              -nan
          0,           0,        1146,      -8.601932793,      -6.637818307,      -8.063399626,      -4.986735699,      -10.60666588,   1.230690551e-09,   9.893968274e-05,                10,                10,                10,       6409.460359,    0.002865724556,     -0.1882828447,                 0,                 0,                 0,     -0.1407310476,    0.002865724556,     -0.1882828447,                 0,      -65.70165451,              -nan
          0,           0,        1147,      -8.601935508,      -6.637862623,      -8.064496348,      -4.986499144,      -10.60669928,   1.230690769e-09,   9.893968274e-05,                10,                10,                10,       6409.460359,    0.002865724475,      -0.188282845,                 0,                 0,                 0,     -0.1407310479,    0.002865724475,      -0.188282845,                 0,      -65.70165647,              -nan
          0,           0,        1148,       -8.60193825,      -6.637906768,      -8.065609043,      -4.986215731,       -10.6067327,   1.230690988e-09,   9.893968274e-05,                10,                10,                10,       6409.460359,    0.002865724393,     -0.1882828452,                 0,                 0,                 0,     -0.1407310482,    0.002865724393,     -0.1882828452,                 0,      -65.70165844,              -nan
          0,           0,        1149,      -8.601941024,      -6.637950735,      -8.066733476,      -4.985888224,      -10.60676614,   1.230691206e-09,   9.893968274e-05,                10,                10,                10,       6409.460359,    0.002865724311,     -0.1882828455,                 0,                 0,                 0,     -0.1407310485,    0.002865724311,     -0.1882828455,                 0,      -65.70166041,              -nan
          0,           0,        1150,      -8.601943836,      -6.637994515,      -8.067865327,      -4.985519611,      -10.60679962,   1.230691424e-09,   9.893968274e-05,                10,                10,                10,       6409.460359,     0.00286572423,     -0.1882828458,                 0,                 0,                 0,     -0.1407310488,     0.00286572423,     -0.1882828458,                 0,      -65.70166238,              -nan
          0,           0,        1151,      -8.601946694,      -6.638038096,      -8.069000447,      -4.985113153,      -10.60683312,   1.230691643e-09,   9.893968274e-05,                10,                10,                10,       6409.460359,    0.002865724148,     -0.1882828461,                 0,                 0,                 0,     -0.1407310491,    0.002865724148,     -0.1882828461,                 0,      -65.70166435,              -nan
          0,           0,        1152,      -8.601949609,      -6.638081468,      -8.070134562,      -4.984672427,      -10.60686666,   1.230691861e-09,   9.893968274e-05,                10,                10,                10,       6409.460359,    0.002865724067,     -0.1882828464,                 0,                 0,                 0,     -0.1407310495,    0.002865724067,     -0.1882828464,                 0,      -65.70166633,              -nan
          0,           0,        1153,      -8.601952593,      -6.638124619,      -8.071263551,      -4.984201368,      -10.60690023,    1.23069208e-09,   9.893968273e-05,                10,                10,                10,       6409.460359,    0.002865723985,     -0.1882828467,                 0,                 0,                 0,     -0.1407310498,    0.002865723985,     -0.1882828467,                 0,      -65.70166831,              -nan
          0,           0,        1154,      -8.601955661,      -6.638167537,      -8.072383053,      -4.983704304,      -10.60693383,   1.230692298e-09,   9.893968273e-05,                10,                10,                10,       6409.460359,    0.002865723903,      -0.188282847,                 0,                 0,                 0,     -0.1407310502,    0.002865723903,      -0.188282847,                 0,      -65.70167029,              -nan
          0,           0,        1155,      -8.601958831,      -6.638210212,      -8.073488841,      -4.983186019,      -10.60696746,   1.230692517e-09,   9.893968273e-05,                10,                10,                10,       6409.460359,    0.002865723822,     -0.1882828474,                 0,                 0,                 0,     -0.1407310506,    0.002865723822,     -0.1882828474,                 0,      -65.70167228,              -nan
          0,           0,        1156,      -8.601962122,      -6.638252634,      -8.074576619,      -4.982651806,       -10.6070011,   1.230692735e-09,   9.893968273e-05,                10,                10,                10,       6409.460359,     0.00286572374,     -0.1882828477,                 0,                 0,                 0,      -0.140731051,     0.00286572374,     -0.1882828477,                 0,      -65.70167427,              -nan
          0,           0,        1157,      -8.601965553,      -6.638294796,      -8.075642035,      -4.982107502,      -10.60703474,   1.230692954e-09,   9.893968273e-05,                10,                10,                10,       6409.460359,    0.002865723659,     -0.1882828481,                 0,                 0,                 0,     -0.1407310514,    0.002865723659,     -0.1882828481,                 0,      -65.70167626,              -nan
          0,           0,        1158,      -8.601969146,      -6.638336698,      -8.076680756,        -4.9815595,      -10.60706838,   1.230693173e-09,   9.893968273e-05,                10,                10,                10,       6409.460359,    0.002865723577,     -0.1882828484,                 0,                 0,                 0,     -0.1407310519,    0.002865723577,     -0.1882828484,                 0,      -65.70167826,              -nan
          0,           0,        1159,      -8.601972921,      -6.638378342,      -8.077688399,      -4.981014842,      -10.60710198,   1.230693391e-09,   9.893968273e-05,                20,                20,                20,       6409.460359,    0.002865723496,     -0.1882828488,                 0,                 0,                 0,     -0.1407310524,    0.002865723496,     -0.1882828488,                 0,      -65.70168026,              -nan
          0,           0,        1160,      -8.601976899,      -6.638419737,      -8.078660496,      -4.980481194,      -10.60685475,    2.46138722e-09,   0.0001978793655,                40,                40,                40,       6409.460359,    0.002865723333,     -0.1882828496,                 0,                 0,                 0,     -0.1407310533,    0.002865723333,     -0.1882828496,                 0,      -65.70168427,              -nan
          0,           0,        1161,      -8.601986131,      -6.638505774,      -8.079111533,      -4.977264329,      -10.60636714,   4.922776189e-09,   0.0003957587309,                80,                80,                80,       6409.460359,    0.002865723007,     -0.1882828512,                 0,                 0,                 0,     -0.1407310555,    0.002865723007,     -0.1882828512,                 0,      -65.70169231,              -nan
          0,           0,        1162,      -8.602009703,      -6.638681133,      -8.068465064,      -4.963394274,      -10.60539648,   9.845559381e-09,   0.0007915174618,               160,               160,               160,       6409.460359,    0.002865722355,     -0.1882828544,                 0,                 0,                 0,     -0.1407310595,    0.002865722355,     -0.1882828544,                 0,      -65.70170835,              -nan
          0,           0,        1163,      -8.602074745,      -6.639001461,      -8.011968247,      -4.915893113,      -10.60345234,   1.969114679e-08,    0.001583034924,                16,                16,                16,       6409.460359,    0.002865721053,     -0.1882828585,                 0,                 0,                 0,     -0.1407310639,    0.002865721053,     -0.1882828585,                 0,      -65.70173964,              -nan
          0,           0,        1164,      -8.602243319,       -6.63946808,       -7.88164804,      -4.798444678,       -10.6079278,   1.969120297e-09,   0.0001583034923,                32,                32,                32,       6409.460359,    0.002865720923,     -0.1882828589,                 0,                 0,                 0,     -0.1407310644,    0.002865720923,     -0.1882828589,                 0,      -65.70174276,              -nan
          0,           0,        1165,      -8.602291144,      -6.639596723,      -7.999930849,      -4.881803829,      -10.60750234,   3.938241719e-09,   0.0003166069847,                64,                64,                64,       6409.460359,    0.002865720663,     -0.1882828596,                 0,                 0,                 0,     -0.1407310651,    0.002865720663,     -0.1882828596,                 0,      -65.70174898,              -nan
          0,           0,        1166,      -8.602334961,      -6.639703361,      -8.043102957,      -4.923377678,      -10.60670831,   7.876487937e-09,   0.0006332139694,               128,               128,               128,       6409.460359,    0.002865720142,     -0.1882828607,                 0,                 0,                 0,     -0.1407310659,    0.002865720142,     -0.1882828607,                 0,      -65.70176128,              -nan
          0,           0,        1167,      -8.602399688,      -6.639911653,      -8.046294228,      -4.934076079,      -10.60516303,   1.575299388e-08,    0.001266427939,              12.8,              12.8,              12.8,       6409.460359,    0.002865719102,     -0.1882828617,                 0,                 0,                 0,     -0.1407310657,    0.002865719102,     -0.1882828617,                 0,      -65.70178547,              -nan
          0,           0,        1168,      -8.602502362,       -6.64033538,      -7.954484704,      -4.860041375,      -10.60876344,   1.575302995e-09,   0.0001266427939,              25.6,              25.6,              25.6,       6409.460359,    0.002865718999,     -0.1882828618,                 0,                 0,                 0,     -0.1407310657,    0.002865718999,     -0.1882828618,                 0,      -65.70178789,              -nan
          0,           0,        1169,      -8.602528091,      -6.640400949,      -8.035746816,      -4.915297498,      -10.60842503,   3.150606712e-09,   0.0002532855877,              51.2,              51.2,              51.2,       6409.460359,    0.002865718791,      -0.188282862,                 0,                 0,                 0,     -0.1407310656,    0.002865718791,      -0.188282862,                 0,      -65.70179272,              -nan
          0,           0,        1170,      -8.602552357,      -6.640478855,      -8.063854459,      -4.944414555,      -10.60778856,   6.301216313e-09,   0.0005065711754,             102.4,             102.4,             102.4,       6409.460359,    0.002865718375,     -0.1882828623,                 0,                 0,                 0,     -0.1407310654,    0.002865718375,     -0.1882828623,                 0,      -65.70180237,              -nan
          0,           0,        1171,      -8.602585588,      -6.640653379,      -8.063095938,      -4.953241914,      -10.60655146,   1.260244418e-08,    0.001013142351,             10.24,             10.24,             10.24,       6409.460359,    0.002865717544,     -0.1882828632,                 0,                 0,                 0,     -0.1407310651,    0.002865717544,     -0.1882828632,                 0,      -65.70182171,              -nan
          0,           0,        1172,        -8.6026365,      -6.641033501,      -7.995620778,      -4.898318961,      -10.60944313,   1.260246733e-09,   0.0001013142351,             20.48,             20.48,             20.48,       6409.460359,    0.002865717461,     -0.1882828633,                 0,                 0,                 0,     -0.1407310651,    0.002865717461,     -0.1882828633,                 0,      -65.70182364,              -nan
          0,           0,        1173,      -8.602649988,      -6.641081026,      -8.048964514,      -4.935408682,      -10.60917108,   2.520493929e-09,   0.0002026284702,             40.96,             40.96,             40.96,       6409.460359,    0.002865717295,     -0.1882828635,                 0,                 0,                 0,     -0.1407310651,    0.002865717295,     -0.1882828635,                 0,      -65.70182752,              -nan
          0,           0,        1174,      -8.602662445,       -6.64114923,      -8.067773516,      -4.956252374,      -10.60865695,    5.04098971e-09,   0.0004052569403,             81.92,             81.92,             81.92,       6409.460359,    0.002865716963,      -0.188282864,                 0,                 0,                 0,     -0.1407310653,    0.002865716963,      -0.188282864,                 0,      -65.70183531,              -nan
          0,           0,        1175,      -8.602679277,      -6.641298737,      -8.068014372,      -4.962741291,      -10.60766215,   1.008198683e-08,   0.0008105138806,            163.84,            163.84,            163.84,       6409.460359,      0.0028657163,     -0.1882828653,                 0,                 0,                 0,      -0.140731066,      0.0028657163,     -0.1882828653,                 0,      -65.70185099,              -nan
          0,           0,        1176,      -8.602708123,      -6.641626749,      -8.024730559,      -4.923718476,      -10.60568101,   2.016400335e-08,    0.001621027761,            16.384,            16.384,            16.384,       6409.460359,    0.002865714974,     -0.1882828685,                 0,                 0,                 0,     -0.1407310681,    0.002865714974,     -0.1882828685,                 0,      -65.70188249,              -nan
          0,           0,        1177,      -8.602792638,      -6.642156269,      -7.893052862,      -4.795018732,      -10.61023402,   2.016406283e-09,   0.0001621027761,            32.768,            32.768,            32.768,       6409.460359,    0.002865714841,     -0.1882828688,                 0,                 0,                 0,     -0.1407310684,    0.002865714841,     -0.1882828688,                 0,      -65.70188565,              -nan
          0,           0,        1178,      -8.602830753,      -6.642288602,      -8.018360425,      -4.876524047,      -10.60979569,   4.032813756e-09,   0.0003242055522,            65.536,            65.536,            65.536,       6409.460359,    0.002865714576,     -0.1882828695,                 0,                 0,                 0,     -0.1407310688,    0.002865714576,     -0.1882828695,                 0,      -65.70189197,              -nan
          0,           0,        1179,      -8.602857236,      -6.642416698,      -8.056981924,      -4.917786956,       -10.6089823,   8.065632275e-09,   0.0006484111044,           131.072,           131.072,           131.072,       6409.460359,    0.002865714047,     -0.1882828709,                 0,                 0,                 0,     -0.1407310698,    0.002865714047,     -0.1882828709,                 0,      -65.70190459,              -nan
          0,           0,        1180,      -8.602890717,      -6.642668593,      -8.049644463,      -4.926631056,       -10.6073987,   1.613128362e-08,    0.001296822209,           13.1072,           13.1072,           13.1072,       6409.460359,    0.002865712988,     -0.1882828733,                 0,                 0,                 0,     -0.1407310711,    0.002865712988,     -0.1882828733,                 0,      -65.70192972,              -nan
          0,           0,        1181,      -8.602952712,      -6.643150205,      -7.950576858,      -4.847327026,      -10.61106191,   1.613132181e-09,   0.0001296822209,           26.2144,           26.2144,           26.2144,       6409.460359,    0.002865712882,     -0.1882828736,                 0,                 0,                 0,     -0.1407310712,    0.002865712882,     -0.1882828736,                 0,      -65.70193223,              -nan
          0,           0,        1182,      -8.602975368,      -6.643231552,      -8.036448919,      -4.904065806,      -10.61071041,   3.226265125e-09,   0.0002593644417,           52.4288,           52.4288,           52.4288,       6409.460359,    0.002865712671,     -0.1882828741,                 0,                 0,                 0,     -0.1407310715,    0.002865712671,     -0.1882828741,                 0,      -65.70193726,              -nan
          0,           0,        1183,       -8.60299302,      -6.643330874,      -8.063013339,      -4.934956207,      -10.61005558,   6.452533309e-09,   0.0005187288834,          104.8576,          104.8576,          104.8576,       6409.460359,    0.002865712248,     -0.1882828751,                 0,                 0,                 0,     -0.1407310721,    0.002865712248,     -0.1882828751,                 0,      -65.70194732,              -nan
          0,           0,        1184,      -8.603015672,      -6.643535587,      -8.059264329,      -4.944968595,      -10.60878662,   1.290507886e-08,    0.001037457767,          10.48576,          10.48576,          10.48576,       6409.460359,    0.002865711402,     -0.1882828772,                 0,                 0,                 0,     -0.1407310734,    0.002865711402,     -0.1882828772,                 0,      -65.70196744,              -nan
          0,           0,        1185,      -8.603057372,       -6.64394814,      -7.989246154,      -4.888977202,      -10.61173369,   1.290510336e-09,   0.0001037457767,          20.97152,          20.97152,          20.97152,       6409.460359,    0.002865711318,     -0.1882828775,                 0,                 0,                 0,     -0.1407310735,    0.002865711318,     -0.1882828775,                 0,      -65.70196945,              -nan
          0,           0,        1186,      -8.603070866,      -6.644003715,      -8.046725021,      -4.928475695,      -10.61145255,   2.581021162e-09,   0.0002074915534,          41.94304,          41.94304,          41.94304,       6409.460359,    0.002865711149,     -0.1882828779,                 0,                 0,                 0,     -0.1407310738,    0.002865711149,     -0.1882828779,                 0,      -65.70197348,              -nan
          0,           0,        1187,      -8.603082349,      -6.644081497,      -8.066505964,      -4.951057166,      -10.61092465,   5.162044285e-09,   0.0004149831067,          83.88608,          83.88608,          83.88608,       6409.460359,    0.002865710811,     -0.1882828789,                 0,                 0,                 0,     -0.1407310745,    0.002865710811,     -0.1882828789,                 0,      -65.70198156,              -nan
          0,           0,        1188,      -8.603098194,      -6.644244235,      -8.066194721,      -4.958943935,      -10.60990563,   1.032409642e-08,   0.0008299662134,         167.77216,         167.77216,         167.77216,       6409.460359,    0.002865710135,     -0.1882828809,                 0,                 0,                 0,     -0.1407310761,    0.002865710135,     -0.1882828809,                 0,      -65.70199777,              -nan
          0,           0,        1189,      -8.603129501,      -6.644584969,      -8.018934492,       -4.91970563,      -10.60787456,   2.064822427e-08,    0.001659932427,         16.777216,         16.777216,         16.777216,       6409.460359,    0.002865708786,      -0.188282885,                 0,                 0,                 0,     -0.1407310793,    0.002865708786,      -0.188282885,                 0,      -65.70203013,              -nan
          0,           0,        1190,      -8.603229683,      -6.645111456,      -7.880373878,      -4.790194565,       -10.6125272,   2.064828724e-09,   0.0001659932427,         33.554432,         33.554432,         33.554432,       6409.460359,    0.002865708651,     -0.1882828854,                 0,                 0,                 0,     -0.1407310796,    0.002865708651,     -0.1882828854,                 0,      -65.70203337,              -nan
          0,           0,        1191,      -8.603272057,      -6.645246798,      -8.012116509,       -4.87814071,      -10.61208009,   4.129658709e-09,   0.0003319864853,         67.108864,         67.108864,         67.108864,       6409.460359,    0.002865708381,     -0.1882828863,                 0,                 0,                 0,     -0.1407310803,    0.002865708381,     -0.1882828863,                 0,      -65.70203986,              -nan
          0,           0,        1192,      -8.603302214,      -6.645371146,      -8.053879133,      -4.922110863,      -10.61124969,   8.259322462e-09,   0.0006639729706,        134.217728,        134.217728,        134.217728,       6409.460359,    0.002865707842,     -0.1882828879,                 0,                 0,                 0,     -0.1407310816,    0.002865707842,     -0.1882828879,                 0,      -65.70205279,              -nan
          0,           0,        1193,      -8.603342288,      -6.645618555,      -8.044899952,      -4.930007199,       -10.6096309,   1.651866511e-08,    0.001327945941,        13.4217728,        13.4217728,        13.4217728,       6409.460359,    0.002865706764,     -0.1882828908,                 0,                 0,                 0,     -0.1407310835,    0.002865706764,     -0.1882828908,                 0,       -65.7020785,              -nan
          0,           0,        1194,      -8.603419396,      -6.646095466,      -7.936693447,      -4.845574711,      -10.61337983,   1.651870555e-09,   0.0001327945941,        26.8435456,        26.8435456,        26.8435456,       6409.460359,    0.002865706657,     -0.1882828911,                 0,                 0,                 0,     -0.1407310837,    0.002865706657,     -0.1882828911,                 0,      -65.70208107,              -nan
          0,           0,        1195,      -8.603445487,      -6.646173718,      -8.028830762,       -4.90807017,      -10.61302261,   3.303741919e-09,   0.0002655891882,        53.6870912,        53.6870912,        53.6870912,       6409.460359,    0.002865706441,     -0.1882828917,                 0,                 0,                 0,      -0.140731084,    0.002865706441,     -0.1882828917,                 0,      -65.70208622,              -nan
          0,           0,        1196,      -8.603466863,      -6.646266454,      -8.058820995,      -4.940981852,      -10.61235517,   6.607487075e-09,   0.0005311783764,       107.3741824,       107.3741824,       107.3741824,       6409.460359,    0.002865706011,     -0.1882828929,                 0,                 0,                 0,     -0.1407310848,    0.002865706011,     -0.1882828929,                 0,       -65.7020965,              -nan
          0,           0,        1197,      -8.603496332,       -6.64646511,       -8.05543457,      -4.949717992,      -10.61105844,   1.321498711e-08,    0.001062356753,       10.73741824,       10.73741824,       10.73741824,       6409.460359,     0.00286570515,     -0.1882828952,                 0,                 0,                 0,     -0.1407310864,     0.00286570515,     -0.1882828952,                 0,      -65.70211706,              -nan
          0,           0,        1198,      -8.603553352,      -6.646874622,      -7.977796698,      -4.888306417,      -10.61407662,   1.321501305e-09,   0.0001062356753,       21.47483648,       21.47483648,       21.47483648,       6409.460359,    0.002865705064,     -0.1882828955,                 0,                 0,                 0,     -0.1407310866,    0.002865705064,     -0.1882828955,                 0,      -65.70211912,              -nan
          0,           0,        1199,       -8.60356959,      -6.646928009,      -8.040276252,      -4.931840758,      -10.61379062,    2.64300313e-09,   0.0002124713506,       42.94967296,       42.94967296,       42.94967296,       6409.460359,    0.002865704892,      -0.188282896,                 0,                 0,                 0,     -0.1407310869,    0.002865704892,      -0.188282896,                 0,      -65.70212324,              -nan
