"Time_Iter","Outer_Iter","Inner_Iter",    "rms[Rho]"    ,    "rms[RhoU]"   ,    "rms[RhoV]"   ,    "rms[RhoE]"   ,     "rms[nu]"    ,    "rms[LM_1]"   ,    "rms[LM_2]"   ,     "Min DT"     ,     "Max DT"     ,     "Min CFL"    ,     "Max CFL"    ,     "Avg CFL"    ,    "RefForce"    ,       "CD"       ,       "CL"       ,       "CSF"      ,       "CMx"      ,       "CMy"      ,       "CMz"      ,       "CFx"      ,       "CFy"      ,       "CFz"      ,      "CEff"      ,     "Buffet"     
          0,           0,           0,      -11.32976261,      -9.681190967,      -10.29939904,      -10.98285195,      -12.47947092,      -5.455806874,      -3.436754428,   2.487471893e-06,      0.1615068751,                 2,                 2,                 2,    0.001789260784,     0.01076888184,      0.6052101216,                 0,                 0,                 0,     0.07814688959,    -0.01035920692,      0.6052172725,                 0,       56.19990364,    0.002390236486
          0,           0,           1,      -11.29538953,      -9.681217405,       -10.3003588,      -10.93887809,      -12.47961502,      -5.455947666,      -3.439758628,   4.974943788e-06,      0.3230137502,                 4,                 4,                 4,    0.001789260784,     0.01076886489,      0.6052098556,                 0,                 0,                 0,     0.07814685921,    -0.01035921457,       0.605217006,                 0,       56.19996736,    0.002390236486
          0,           0,           2,      -11.28534174,       -9.68125036,      -10.30128011,      -10.92630135,       -12.4797521,      -5.456085809,      -3.442452682,   9.949887578e-06,      0.6460275004,                 8,                 8,                 8,    0.001789260784,     0.01076882846,      0.6052093153,                 0,                 0,                 0,     0.07814679372,    -0.01035923212,      0.6052164648,                 0,       56.20010733,    0.002390236486
          0,           0,           3,      -11.33513161,      -9.681282309,      -10.30158196,      -10.98893575,      -12.47987506,      -5.456218785,      -3.444706539,   1.989977517e-05,       1.292055001,                16,                16,                16,    0.001789260784,     0.01076874456,      0.6052082002,                 0,                 0,                 0,     0.07814664199,    -0.01035927706,      0.6052153475,                 0,       56.20044166,    0.002390236486
          0,           0,           4,       -11.3568927,      -9.681309529,      -10.30172147,      -11.01931147,      -12.47996929,      -5.456341572,      -3.446255648,   3.979955039e-05,       2.584110002,                32,                32,                32,    0.001789260784,     0.01076854915,      0.6052058536,                 0,                 0,                 0,     0.07814626959,    -0.01035939046,      0.6052129955,                 0,       56.20124359,    0.002390236486
          0,           0,           5,      -11.35986415,      -9.681324896,      -10.30121634,      -11.02352093,      -12.48000725,      -5.456444057,      -3.446546318,   7.959910096e-05,       5.168220004,               3.2,               3.2,               3.2,    0.001789260784,      0.0107681643,      0.6052009969,                 0,                 0,                 0,     0.07814547036,    -0.01035960557,      0.6052081283,                 0,       56.20280113,    0.002390236486
          0,           0,           6,      -11.35326205,      -9.681295299,      -10.29971477,      -11.01390227,      -12.48013461,      -5.456501632,      -3.449085129,   7.959910132e-06,      0.5168220005,               6.4,               6.4,               6.4,    0.001789260784,     0.01076812858,      0.6052005192,                 0,                 0,                 0,     0.07814539501,     -0.0103596246,      0.6052076497,                 0,       56.20294325,    0.002390236486
          0,           0,           7,      -11.32172558,      -9.681331331,      -10.30107947,      -10.97149123,      -12.48026157,      -5.456636515,      -3.451267316,   1.591982027e-05,       1.033644001,              12.8,              12.8,              12.8,    0.001789260784,     0.01076805697,      0.6051995549,                 0,                 0,                 0,     0.07814524089,    -0.01035966251,      0.6052066834,                 0,       56.20322742,    0.002390236486
          0,           0,           8,      -11.35280922,      -9.681352849,      -10.30169499,      -11.01167889,      -12.48036644,       -5.45676327,       -3.45288656,   3.183964057e-05,       2.067288002,              25.6,              25.6,              25.6,    0.001789260784,      0.0107679121,      0.6051975956,                 0,                 0,                 0,     0.07814492299,    -0.01035973892,      0.6052047203,                 0,       56.20380164,    0.002390236486
          0,           0,           9,      -11.37339202,       -9.68135781,      -10.30168658,      -11.04065273,      -12.48042682,      -5.456873917,      -3.453512158,   6.367928126e-05,       4.134576004,              25.6,              25.6,              25.6,    0.001789260784,     0.01076763372,      0.6051936119,                 0,                 0,                 0,     0.07814429341,     -0.0103598781,      0.6052007293,                 0,       56.20488473,    0.002390236486
          0,           0,          10,      -11.36577505,      -9.681340543,      -10.30053477,      -11.03042391,      -12.48048376,      -5.456950551,      -3.454116749,    6.36792815e-05,       4.134576005,              25.6,              25.6,              25.6,    0.001789260784,     0.01076736945,      0.6051895867,                 0,                 0,                 0,     0.07814368006,    -0.01036000172,      0.6051966974,                 0,       56.20589034,    0.002390236486
          0,           0,          11,      -11.35443046,       -9.68134311,      -10.30025421,      -11.01405554,      -12.48054127,      -5.457027196,        -3.4547054,   6.367928173e-05,       4.134576005,              25.6,              25.6,              25.6,    0.001789260784,     0.01076710621,      0.6051855044,                 0,                 0,                 0,       0.078143061,    -0.01036012233,      0.6051926083,                 0,       56.20688535,    0.002390236486
          0,           0,          12,      -11.35335042,      -9.681344945,      -10.30051271,      -11.01224852,      -12.48059916,      -5.457103855,      -3.455281902,   6.367928196e-05,       4.134576006,              25.6,              25.6,              25.6,    0.001789260784,     0.01076683538,      0.6051813696,                 0,                 0,                 0,      0.0781424221,    -0.01036024869,      0.6051884666,                 0,       56.20791514,    0.002390236486
          0,           0,          13,      -11.36096426,      -9.681346636,      -10.30053857,      -11.02228222,      -12.48065727,      -5.457180537,      -3.455848334,   6.367928218e-05,       4.134576006,              25.6,              25.6,              25.6,    0.001789260784,     0.01076655623,      0.6051772155,                 0,                 0,                 0,     0.07814176652,     -0.0103603827,      0.6051843052,                 0,       56.20898666,    0.002390236486
          0,           0,          14,      -11.36248062,      -9.681350323,      -10.30043094,       -11.0242802,      -12.48071557,      -5.457257239,      -3.456405737,   6.367928241e-05,       4.134576007,              25.6,              25.6,              25.6,    0.001789260784,     0.01076627338,      0.6051730905,                 0,                 0,                 0,     0.07814111009,    -0.01036052142,      0.6051801729,                 0,       56.21008025,    0.002390236486
          0,           0,          15,      -11.36116224,      -9.681355065,      -10.30036062,      -11.02248686,       -12.4807741,      -5.457333962,      -3.456954825,   6.367928264e-05,       4.134576007,              25.6,              25.6,              25.6,    0.001789260784,     0.01076599256,      0.6051690381,                 0,                 0,                 0,     0.07814047066,    -0.01036066065,      0.6051761132,                 0,       56.21117004,    0.002390236486
          0,           0,          16,       -11.3606337,      -9.681359807,       -10.3003362,      -11.02179756,      -12.48083285,      -5.457410704,      -3.457496165,   6.367928286e-05,       4.134576008,              25.6,              25.6,              25.6,    0.001789260784,     0.01076571744,      0.6051650823,                 0,                 0,                 0,      0.0781398595,    -0.01036079754,      0.6051721502,                 0,       56.21223906,    0.002390236486
          0,           0,          17,       -11.3609737,       -9.68136443,        -10.300315,       -11.0223202,       -12.4808918,      -5.457487466,      -3.458030349,   6.367928309e-05,       4.134576008,              25.6,              25.6,              25.6,    0.001789260784,     0.01076544874,      0.6051612245,                 0,                 0,                 0,     0.07813927874,    -0.01036093144,      0.6051682854,                 0,       56.21328373,    0.002390236486
          0,           0,          18,      -11.36123123,      -9.681369092,      -10.30028823,      -11.02276696,      -12.48095097,      -5.457564248,      -3.458557782,   6.367928331e-05,       4.134576009,              25.6,              25.6,              25.6,    0.001789260784,     0.01076518505,      0.6051574511,                 0,                 0,                 0,     0.07813872371,    -0.01036106328,      0.6051645051,                 0,       56.21431014,    0.002390236486
          0,           0,          19,      -11.36123448,      -9.681373869,      -10.30026381,      -11.02288977,      -12.48101035,      -5.457641049,      -3.459078776,   6.367928354e-05,       4.134576009,              25.6,              25.6,              25.6,    0.001789260784,     0.01076492417,       0.605153742,                 0,                 0,                 0,     0.07813818721,    -0.01036119455,      0.6051607891,                 0,        56.2153279,    0.002390236486
          0,           0,          20,      -11.36118346,       -9.68137884,      -10.30024319,      -11.02294523,      -12.48106993,       -5.45771787,      -3.459593575,   6.367928376e-05,        4.13457601,              25.6,              25.6,              25.6,    0.001789260784,     0.01076466417,      0.6051500782,                 0,                 0,                 0,      0.0781376628,    -0.01036132653,      0.6051571185,                 0,       56.21634532,    0.002390236486
          0,           0,          21,      -11.36114934,      -9.681384153,      -10.30022198,      -11.02302391,      -12.48112972,       -5.45779471,      -3.460102369,   6.367928398e-05,        4.13457601,              25.6,              25.6,              25.6,    0.001789260784,     0.01076440382,      0.6051464454,                 0,                 0,                 0,     0.07813714636,    -0.01036145994,      0.6051534788,                 0,       56.21736751,    0.002390236486
          0,           0,          22,      -11.36109837,      -9.681389977,      -10.30019613,      -11.02307914,      -12.48118972,      -5.457871568,      -3.460605245,   6.367928419e-05,       4.134576011,              25.6,              25.6,              25.6,    0.001789260784,     0.01076414255,      0.6051428342,                 0,                 0,                 0,     0.07813663606,    -0.01036159502,      0.6051498607,                 0,       56.21839652,    0.002390236486
          0,           0,          23,      -11.36101833,      -9.681396431,      -10.30016326,      -11.02309503,      -12.48124993,      -5.457948446,      -3.461102262,    6.36792844e-05,       4.134576011,              25.6,              25.6,              25.6,    0.001789260784,     0.01076388028,      0.6051392389,                 0,                 0,                 0,     0.07813613167,    -0.01036173166,      0.6051462584,                 0,       56.21943232,    0.002390236486
          0,           0,          24,      -11.36092794,      -9.681403567,      -10.30012192,      -11.02309768,      -12.48131034,      -5.458025342,      -3.461593452,   6.367928461e-05,       4.134576012,              25.6,              25.6,              25.6,    0.001789260784,     0.01076361714,       0.605135656,                 0,                 0,                 0,     0.07813563378,    -0.01036186959,      0.6051426685,                 0,       56.22047384,    0.002390236486
          0,           0,          25,      -11.36083335,      -9.681411364,      -10.30007134,      -11.02309706,      -12.48137097,      -5.458102257,      -3.462078835,   6.367928481e-05,       4.134576012,              25.6,              25.6,              25.6,    0.001789260784,     0.01076335337,      0.6051320832,                 0,                 0,                 0,     0.07813514318,    -0.01036200851,      0.6051390888,                 0,       56.22151965,    0.002390236486
          0,           0,          26,      -11.36073415,      -9.681419743,      -10.30001172,      -11.02309376,       -12.4814318,       -5.45817919,      -3.462558435,   6.367928501e-05,       4.134576013,              25.6,              25.6,              25.6,    0.001789260784,     0.01076308921,      0.6051285189,                 0,                 0,                 0,     0.07813466053,    -0.01036214812,      0.6051355174,                 0,       56.22256836,    0.002390236486
          0,           0,          27,      -11.36062218,      -9.681428583,       -10.2999441,      -11.02307665,      -12.48149283,      -5.458256142,      -3.463032275,   6.367928521e-05,       4.134576013,              25.6,              25.6,              25.6,    0.001789260784,     0.01076282486,      0.6051249614,                 0,                 0,                 0,     0.07813418626,    -0.01036228816,      0.6051319528,                 0,       56.22361874,    0.002390236486
          0,           0,          28,      -11.36048808,      -9.681437731,      -10.29987009,      -11.02303217,      -12.48155407,      -5.458333111,      -3.463500428,   6.367928541e-05,       4.134576014,              25.6,              25.6,              25.6,    0.001789260784,     0.01076256048,      0.6051214094,                 0,                 0,                 0,     0.07813372045,    -0.01036242841,      0.6051283937,                 0,       56.22466981,    0.002390236486
          0,           0,          29,      -11.36032538,      -9.681447022,       -10.2997916,      -11.02295048,      -12.48161552,      -5.458410099,      -3.463963073,   6.367928562e-05,       4.134576014,              25.6,              25.6,              25.6,    0.001789260784,     0.01076229619,      0.6051178614,                 0,                 0,                 0,     0.07813326288,    -0.01036256871,      0.6051248386,                 0,       56.22572084,    0.002390236486
          0,           0,          30,      -11.36013048,      -9.681456288,      -10.29971066,      -11.02282546,      -12.48167718,      -5.458487105,      -3.464420357,   6.367928583e-05,       4.134576015,              25.6,              25.6,              25.6,    0.001789260784,     0.01076203206,       0.605114316,                 0,                 0,                 0,     0.07813281302,    -0.01036270895,      0.6051212862,                 0,       56.22677136,    0.002390236486
          0,           0,          31,      -11.35990231,      -9.681465362,      -10.29962931,      -11.02265432,      -12.48173904,      -5.458564128,       -3.46487237,   6.367928604e-05,       4.134576015,              25.6,              25.6,              25.6,    0.001789260784,      0.0107617681,      0.6051107717,                 0,                 0,                 0,     0.07813237003,    -0.01036284906,      0.6051177349,                 0,       56.22782114,    0.002390236486
          0,           0,          32,      -11.35964265,      -9.681474092,      -10.29954943,      -11.02243832,       -12.4818011,      -5.458641169,      -3.465319338,   6.367928626e-05,       4.134576016,              25.6,              25.6,              25.6,    0.001789260784,     0.01076150427,       0.605107227,                 0,                 0,                 0,      0.0781319328,    -0.01036298902,      0.6051141831,                 0,       56.22887023,    0.002390236486
          0,           0,          33,      -11.35935526,      -9.681482345,      -10.29947264,      -11.02218158,      -12.48186337,      -5.458718228,      -3.465761437,   6.367928649e-05,       4.134576016,              25.6,              25.6,              25.6,    0.001789260784,      0.0107612405,      0.6051036803,                 0,                 0,                 0,     0.07813149999,    -0.01036312886,      0.6051106293,                 0,        56.2299189,    0.002390236486
          0,           0,          34,      -11.35904511,      -9.681490013,      -10.29940021,      -11.02189037,      -12.48192584,      -5.458795305,      -3.466198805,   6.367928673e-05,       4.134576017,              25.6,              25.6,              25.6,    0.001789260784,     0.01076097665,      0.6051001297,                 0,                 0,                 0,     0.07813107011,    -0.01036326863,      0.6051070718,                 0,       56.23096763,    0.002390236486
          0,           0,          35,      -11.35871843,      -9.681497011,      -10.29933302,       -11.0215729,      -12.48198852,      -5.458872399,      -3.466631486,   6.367928698e-05,       4.134576017,              25.6,              25.6,              25.6,    0.001789260784,     0.01076071259,      0.6050965738,                 0,                 0,                 0,     0.07813064155,    -0.01036340843,      0.6051035087,                 0,       56.23201707,    0.002390236486
          0,           0,          36,      -11.35838189,      -9.681503287,       -10.2992715,      -11.02123853,      -12.48205139,       -5.45894951,      -3.467059672,   6.367928723e-05,       4.134576018,              25.6,              25.6,              25.6,    0.001789260784,     0.01076044812,      0.6050930107,                 0,                 0,                 0,      0.0781302127,    -0.01036354838,      0.6050999386,                 0,       56.23306797,    0.002390236486
          0,           0,          37,      -11.35804232,      -9.681508811,      -10.29921568,      -11.02089727,      -12.48211447,      -5.459026638,      -3.467483421,    6.36792875e-05,       4.134576018,              25.6,              25.6,              25.6,    0.001789260784,     0.01076018309,      0.6050894389,                 0,                 0,                 0,     0.07812978198,     -0.0103636886,      0.6050963598,                 0,       56.23412112,    0.002390236486
          0,           0,          38,      -11.35770612,      -9.681513584,       -10.2991652,      -11.02055908,      -12.48217774,      -5.459103784,      -3.467902772,   6.367928777e-05,       4.134576018,              25.6,              25.6,              25.6,    0.001789260784,      0.0107599173,      0.6050858571,                 0,                 0,                 0,     0.07812934794,    -0.01036382923,      0.6050927708,                 0,       56.23517731,    0.002390236486
          0,           0,          39,       -11.3573784,      -9.681517627,      -10.29911941,      -11.02023271,      -12.48224121,      -5.459180947,      -3.468317731,   6.367928805e-05,       4.134576019,              25.6,              25.6,              25.6,    0.001789260784,      0.0107596506,      0.6050822641,                 0,                 0,                 0,     0.07812890926,    -0.01036397037,      0.6050891707,                 0,       56.23623726,    0.002390236486
          0,           0,          40,      -11.35706245,      -9.681520984,      -10.29907744,       -11.0199249,      -12.48230488,      -5.459258126,      -3.468728298,   6.367928834e-05,       4.134576019,              25.6,              25.6,              25.6,    0.001789260784,     0.01075938286,      0.6050786588,                 0,                 0,                 0,     0.07812846481,    -0.01036411213,      0.6050855583,                 0,        56.2373016,    0.002390236486
          0,           0,          41,      -11.35675916,      -9.681523715,      -10.29903827,      -11.01963954,      -12.48236875,      -5.459335323,      -3.469134466,   6.367928863e-05,        4.13457602,              25.6,              25.6,              25.6,    0.001789260784,     0.01075911396,      0.6050750407,                 0,                 0,                 0,     0.07812801367,    -0.01036425459,       0.605081933,                 0,       56.23837082,    0.002390236486
          0,           0,          42,      -11.35646707,      -9.681525894,      -10.29900085,      -11.01937743,      -12.48243281,      -5.459412536,      -3.469536232,   6.367928891e-05,        4.13457602,              25.6,              25.6,              25.6,    0.001789260784,     0.01075884384,      0.6050714092,                 0,                 0,                 0,      0.0781275551,     -0.0103643978,      0.6050782943,                 0,       56.23944524,    0.002390236486
          0,           0,          43,      -11.35618286,      -9.681527607,      -10.29896415,      -11.01913693,      -12.48249707,      -5.459489766,      -3.469933603,    6.36792892e-05,       4.134576021,              25.6,              25.6,              25.6,    0.001789260784,     0.01075857247,      0.6050677641,                 0,                 0,                 0,      0.0781270886,     -0.0103645418,      0.6050746419,                 0,       56.24052502,    0.002390236486
          0,           0,          44,       -11.3559014,      -9.681528948,       -10.2989272,      -11.01891364,      -12.48256153,      -5.459567013,      -3.470326607,   6.367928947e-05,       4.134576021,              25.6,              25.6,              25.6,    0.001789260784,     0.01075829984,      0.6050641053,                 0,                 0,                 0,     0.07812661385,    -0.01036468657,      0.6050709759,                 0,       56.24161013,    0.002390236486
          0,           0,          45,       -11.3556173,      -9.681530013,      -10.29888918,      -11.01870225,      -12.48262618,      -5.459644276,      -3.470715283,   6.367928975e-05,       4.134576022,              25.6,              25.6,              25.6,    0.001789260784,     0.01075802601,      0.6050604331,                 0,                 0,                 0,     0.07812613071,    -0.01036483208,      0.6050672963,                 0,       56.24270035,    0.002390236486
          0,           0,          46,      -11.35532527,        -9.6815309,       -10.2988494,      -11.01849677,      -12.48269103,      -5.459721556,      -3.471099685,   6.367929001e-05,       4.134576022,              25.6,              25.6,              25.6,    0.001789260784,     0.01075775105,      0.6050567477,                 0,                 0,                 0,     0.07812563924,    -0.01036497825,      0.6050636036,                 0,       56.24379527,    0.002390236486
          0,           0,          47,      -11.35502001,      -9.681531702,      -10.29880735,      -11.01829044,      -12.48275606,      -5.459798852,      -3.471479907,   6.367929026e-05,       4.134576023,              25.6,              25.6,              25.6,    0.001789260784,      0.0107574751,      0.6050530497,                 0,                 0,                 0,     0.07812513965,    -0.01036512498,      0.6050598982,                 0,       56.24489428,    0.002390236486
          0,           0,          48,      -11.35469759,      -9.681532506,      -10.29876267,      -11.01807748,      -12.48282129,      -5.459876165,      -3.471856037,   6.367929051e-05,       4.134576023,              25.6,              25.6,              25.6,    0.001789260784,     0.01075719832,      0.6050493397,                 0,                 0,                 0,     0.07812463231,    -0.01036527212,      0.6050561808,                 0,       56.24599659,    0.002390236486
          0,           0,          49,      -11.35435527,       -9.68153339,      -10.29871517,      -11.01785254,      -12.48288672,      -5.459953494,      -3.472228195,   6.367929074e-05,       4.134576024,              25.6,              25.6,              25.6,    0.001789260784,      0.0107569209,      0.6050456187,                 0,                 0,                 0,     0.07812411774,     -0.0103654195,      0.6050524524,                 0,       56.24710121,    0.002390236486
          0,           0,          50,      -11.35399155,      -9.681534418,      -10.29866481,      -11.01761112,      -12.48295233,       -5.46003084,      -3.472596527,   6.367929096e-05,       4.134576024,              25.6,              25.6,              25.6,    0.001789260784,      0.0107566431,      0.6050418876,                 0,                 0,                 0,     0.07812359657,    -0.01036556691,      0.6050487138,                 0,       56.24820697,    0.002390236486
          0,           0,          51,      -11.35360584,      -9.681535644,      -10.29861166,      -11.01734911,      -12.48301812,      -5.460108202,      -3.472961019,   6.367929116e-05,       4.134576025,              25.6,              25.6,              25.6,    0.001789260784,     0.01075636519,      0.6050381474,                 0,                 0,                 0,     0.07812306957,    -0.01036571413,      0.6050449662,                 0,       56.24931256,    0.002390236486
          0,           0,          52,      -11.35319838,      -9.681537106,      -10.29855592,      -11.01706293,       -12.4830841,      -5.460185582,      -3.473321688,   6.367929136e-05,       4.134576025,              25.6,              25.6,              25.6,    0.001789260784,     0.01075608745,      0.6050343995,                 0,                 0,                 0,     0.07812253758,    -0.01036586089,      0.6050412109,                 0,       56.25041653,    0.002390236486
          0,           0,          53,      -11.35277025,      -9.681538828,      -10.29849783,      -11.01674959,      -12.48315027,      -5.460262978,      -3.473678674,   6.367929155e-05,       4.134576026,              25.6,              25.6,              25.6,    0.001789260784,     0.01075581023,      0.6050306452,                 0,                 0,                 0,     0.07812200155,    -0.01036600693,      0.6050374492,                 0,       56.25151732,    0.002390236486
          0,           0,          54,       -11.3523258,      -9.681540826,       -10.2984377,      -11.01640971,      -12.48321661,      -5.460340396,      -3.474032047,   6.367929174e-05,       4.134576026,              25.6,              25.6,              25.6,    0.001789260784,     0.01075553384,       0.605026886,                 0,                 0,                 0,     0.07812146247,    -0.01036615195,      0.6050336827,                 0,       56.25261331,    0.002390236486
          0,           0,          55,      -11.35185278,      -9.681543091,      -10.29837582,      -11.01602344,      -12.48328313,      -5.460417819,      -3.474381892,   6.367929192e-05,       4.134576026,              25.6,              25.6,              25.6,    0.001789260784,     0.01075525863,      0.6050231234,                 0,                 0,                 0,     0.07812092136,    -0.01036629568,      0.6050299128,                 0,       56.25370287,    0.002390236486
          0,           0,          56,      -11.35137656,      -9.681545601,      -10.29831253,      -11.01561963,      -12.48334982,      -5.460495258,      -3.474728284,    6.36792921e-05,       4.134576027,              25.6,              25.6,              25.6,    0.001789260784,     0.01075498494,      0.6050193591,                 0,                 0,                 0,     0.07812037927,    -0.01036643784,      0.6050261412,                 0,       56.25478442,    0.002390236486
          0,           0,          57,      -11.35089054,       -9.68154833,      -10.29824816,      -11.01518456,      -12.48341668,      -5.460572715,      -3.475071279,   6.367929228e-05,       4.134576027,              25.6,              25.6,              25.6,    0.001789260784,     0.01075471306,      0.6050155945,                 0,                 0,                 0,     0.07811983722,    -0.01036657816,      0.6050223695,                 0,       56.25585647,    0.002390236486
          0,           0,          58,      -11.35039846,      -9.681551244,      -10.29818297,      -11.01471897,       -12.4834837,      -5.460650187,      -3.475410876,   6.367929246e-05,       4.134576028,              25.6,              25.6,              25.6,    0.001789260784,      0.0107544433,      0.6050118315,                 0,                 0,                 0,     0.07811929619,    -0.01036671644,      0.6050185993,                 0,       56.25691771,    0.002390236486
          0,           0,          59,      -11.34990883,      -9.681554308,      -10.29811715,      -11.01423012,      -12.48355089,      -5.460727675,      -3.475747246,   6.367929265e-05,       4.134576028,              25.6,              25.6,              25.6,    0.001789260784,     0.01075417587,      0.6050080714,                 0,                 0,                 0,     0.07811875713,    -0.01036685248,      0.6050148322,                 0,       56.25796704,    0.002390236486
          0,           0,          60,      -11.34943101,      -9.681557484,      -10.29805088,      -11.01372655,      -12.48361824,      -5.460805178,      -3.476080481,   6.367929284e-05,       4.134576029,              25.6,              25.6,              25.6,    0.001789260784,     0.01075391096,      0.6050043158,                 0,                 0,                 0,     0.07811822087,    -0.01036698616,      0.6050110696,                 0,       56.25900365,    0.002390236486
          0,           0,          61,      -11.34897484,      -9.681560733,      -10.29798427,      -11.01321747,      -12.48368574,      -5.460882696,      -3.476410681,   6.367929305e-05,       4.134576029,              25.6,              25.6,              25.6,    0.001789260784,     0.01075364868,      0.6050005661,                 0,                 0,                 0,     0.07811768818,    -0.01036711741,       0.605007313,                 0,       56.26002708,    0.002390236486
          0,           0,          62,      -11.34855161,      -9.681564021,      -10.29791742,      -11.01271422,       -12.4837534,      -5.460960881,      -3.476737964,   6.367929326e-05,        4.13457603,              25.6,              25.6,              25.6,    0.001789260784,     0.01075338909,      0.6049968233,                 0,                 0,                 0,     0.07811715969,    -0.01036724623,      0.6050035635,                 0,       56.26103718,    0.002390236486
          0,           0,          63,      -11.34817378,      -9.681567315,      -10.29785041,      -11.01222969,       -12.4838212,      -5.461039142,      -3.477062431,   6.367929348e-05,        4.13457603,              25.6,              25.6,              25.6,    0.001789260784,     0.01075313214,      0.6049930886,                 0,                 0,                 0,     0.07811663593,    -0.01036737268,      0.6049998221,                 0,       56.26203423,    0.002390236486
          0,           0,          64,      -11.34785465,      -9.681570588,      -10.29778333,      -11.01177804,      -12.48388915,      -5.461117417,      -3.477384214,   6.367929371e-05,       4.134576031,              25.6,              25.6,              25.6,    0.001789260784,     0.01075287774,      0.6049893628,                 0,                 0,                 0,      0.0781161173,     -0.0103674969,      0.6049960896,                 0,       56.26301884,    0.002390236486
          0,           0,          65,      -11.34760837,      -9.681573816,      -10.29771626,      -11.01137475,      -12.48395725,      -5.461195706,      -3.477703395,   6.367929394e-05,       4.134576031,              25.6,              25.6,              25.6,    0.001789260784,      0.0107526257,      0.6049856465,                 0,                 0,                 0,     0.07811560408,    -0.01036761908,      0.6049923668,                 0,       56.26399199,    0.002390236486
          0,           0,          66,      -11.34744918,      -9.681576979,      -10.29764932,      -11.01103572,      -12.48402549,       -5.46127401,      -3.478020085,   6.367929419e-05,       4.134576032,              25.6,              25.6,              25.6,    0.001789260784,      0.0107523758,      0.6049819402,                 0,                 0,                 0,     0.07811509644,    -0.01036773949,       0.604988654,                 0,       56.26495498,    0.002390236486
          0,           0,          67,      -11.34739162,      -9.681580061,      -10.29758265,      -11.01077758,      -12.48409388,      -5.461352328,      -3.478334371,   6.367929444e-05,       4.134576032,              25.6,              25.6,              25.6,    0.001789260784,     0.01075212773,      0.6049782441,                 0,                 0,                 0,     0.07811459441,    -0.01036785841,      0.6049849515,                 0,       56.26590936,    0.002390236486
          0,           0,          68,      -11.34744966,      -9.681583051,      -10.29751639,      -11.01061708,       -12.4841624,       -5.46143066,      -3.478646325,   6.367929469e-05,       4.134576032,              25.6,              25.6,              25.6,    0.001789260784,     0.01075188116,      0.6049745583,                 0,                 0,                 0,     0.07811409795,    -0.01036797619,      0.6049812594,                 0,       56.26685685,    0.002390236486
          0,           0,          69,      -11.34763651,       -9.68158594,      -10.29745072,      -11.01057079,      -12.48423106,      -5.461509006,      -3.478956002,   6.367929495e-05,       4.134576033,              25.6,              25.6,              25.6,    0.001789260784,     0.01075163576,      0.6049708827,                 0,                 0,                 0,      0.0781136069,    -0.01036809318,      0.6049775775,                 0,       56.26779928,    0.002390236486
          0,           0,          70,      -11.34796416,      -9.681588724,      -10.29738582,      -11.01065473,      -12.48429985,      -5.461587366,      -3.479263446,    6.36792952e-05,       4.134576033,              25.6,              25.6,              25.6,    0.001789260784,     0.01075139115,      0.6049672172,                 0,                 0,                 0,     0.07811312103,    -0.01036820971,      0.6049739057,                 0,       56.26873852,    0.002390236486
          0,           0,          71,       -11.3484421,      -9.681591401,      -10.29732189,      -11.01088308,      -12.48436878,      -5.461665739,      -3.479568657,   6.367929546e-05,       4.134576034,              25.6,              25.6,              25.6,    0.001789260784,     0.01075114698,      0.6049635613,                 0,                 0,                 0,     0.07811264005,    -0.01036832614,      0.6049702435,                 0,       56.26967638,    0.002390236486
          0,           0,          72,      -11.34907712,      -9.681593973,       -10.2972591,       -11.0112681,      -12.48443784,      -5.461744126,      -3.479871636,   6.367929571e-05,       4.134576034,              25.6,              25.6,              25.6,    0.001789260784,     0.01075090293,      0.6049599147,                 0,                 0,                 0,     0.07811216361,    -0.01036844278,      0.6049665906,                 0,       56.27061453,    0.002390236486
          0,           0,          73,      -11.34987265,      -9.681596444,      -10.29719765,      -11.01181917,      -12.48450704,      -5.461822527,      -3.480172366,   6.367929596e-05,       4.134576035,              25.6,              25.6,              25.6,    0.001789260784,      0.0107506587,      0.6049562768,                 0,                 0,                 0,      0.0781116913,     -0.0103685599,      0.6049629463,                 0,       56.27155447,    0.002390236486
          0,           0,          74,      -11.35082796,       -9.68159882,      -10.29713766,      -11.01254188,      -12.48457636,      -5.461900941,      -3.480470826,   6.367929621e-05,       4.134576035,              25.6,              25.6,              25.6,    0.001789260784,     0.01075041403,      0.6049526469,                 0,                 0,                 0,     0.07811122269,    -0.01036867774,      0.6049593102,                 0,       56.27249751,    0.002390236486
          0,           0,          75,       -11.3519365,      -9.681601108,      -10.29707929,      -11.01343604,      -12.48464582,      -5.461979368,      -3.480766987,   6.367929645e-05,       4.134576036,              25.6,              25.6,              25.6,    0.001789260784,     0.01075016872,      0.6049490246,                 0,                 0,                 0,     0.07811075734,    -0.01036879649,      0.6049556815,                 0,       56.27344469,    0.002390236486
          0,           0,          76,      -11.35318738,      -9.681603314,      -10.29702264,       -11.0144974,       -12.4847154,      -5.462057809,      -3.481060821,   6.367929668e-05,       4.134576036,              25.6,              25.6,              25.6,    0.001789260784,     0.01074992258,      0.6049454092,                 0,                 0,                 0,     0.07811029477,    -0.01036891629,      0.6049520596,                 0,       56.27439681,    0.002390236486
          0,           0,          77,      -11.35456453,      -9.681605445,      -10.29696774,      -11.01571623,       -12.4847851,      -5.462136263,      -3.481352302,   6.367929691e-05,       4.134576037,              25.6,              25.6,              25.6,    0.001789260784,     0.01074967551,      0.6049417998,                 0,                 0,                 0,     0.07810983451,    -0.01036903725,      0.6049484439,                 0,       56.27535447,    0.002390236486
          0,           0,          78,       -11.3560459,      -9.681607507,      -10.29691461,      -11.01707609,      -12.48485493,       -5.46221473,      -3.481641409,   6.367929714e-05,       4.134576037,              25.6,              25.6,              25.6,    0.001789260784,     0.01074942741,       0.604938196,                 0,                 0,                 0,     0.07810937609,    -0.01036915942,      0.6049448336,                 0,       56.27631806,    0.002390236486
          0,           0,          79,      -11.35760364,      -9.681609503,      -10.29686322,      -11.01855389,      -12.48492488,       -5.46229321,      -3.481928124,   6.367929736e-05,       4.134576038,              25.6,              25.6,              25.6,    0.001789260784,     0.01074917824,      0.6049345969,                 0,                 0,                 0,     0.07810891902,    -0.01036928284,       0.604941228,                 0,       56.27728777,    0.002390236486
          0,           0,          80,      -11.35920555,      -9.681611435,       -10.2968135,      -11.02012124,      -12.48499494,      -5.462371702,      -3.482212442,   6.367929758e-05,       4.134576038,              25.6,              25.6,              25.6,    0.001789260784,     0.01074892795,      0.6049310018,                 0,                 0,                 0,     0.07810846286,    -0.01036940751,      0.6049376264,                 0,       56.27826373,    0.002390236486
          0,           0,          81,      -11.36081503,      -9.681613306,      -10.29676533,      -11.02174399,      -12.48506512,      -5.462450208,      -3.482494359,    6.36792978e-05,       4.134576039,              25.6,              25.6,              25.6,    0.001789260784,     0.01074867654,      0.6049274102,                 0,                 0,                 0,     0.07810800716,    -0.01036953342,      0.6049340282,                 0,       56.27924593,    0.002390236486
          0,           0,          82,      -11.36239243,      -9.681615114,      -10.29671857,      -11.02338348,      -12.48513542,      -5.462528725,      -3.482773886,   6.367929801e-05,       4.134576039,              25.6,              25.6,              25.6,    0.001789260784,       0.010748424,      0.6049238212,                 0,                 0,                 0,     0.07810755149,    -0.01036966056,      0.6049304326,                 0,       56.28023434,    0.002390236486
          0,           0,          83,      -11.36389675,      -9.681616858,      -10.29667304,       -11.0249982,      -12.48520582,      -5.462607256,      -3.483051032,   6.367929823e-05,       4.134576039,              25.6,              25.6,              25.6,    0.001789260784,     0.01074817032,      0.6049202343,                 0,                 0,                 0,     0.07810709545,    -0.01036978889,      0.6049268389,                 0,       56.28122891,    0.002390236486
          0,           0,          84,      -11.36528726,       -9.68161854,      -10.29662855,      -11.02654528,      -12.48527632,      -5.462685798,      -3.483325815,   6.367929845e-05,        4.13457604,              25.6,              25.6,              25.6,    0.001789260784,     0.01074791552,      0.6049166487,                 0,                 0,                 0,     0.07810663867,    -0.01036991841,      0.6049232467,                 0,       56.28222959,    0.002390236486
          0,           0,          85,       -11.3665252,      -9.681620157,      -10.29658489,      -11.02798239,      -12.48534693,      -5.462764352,      -3.483598246,   6.367929867e-05,        4.13457604,              25.6,              25.6,              25.6,    0.001789260784,     0.01074765957,      0.6049130639,                 0,                 0,                 0,     0.07810618079,    -0.01037004909,      0.6049196551,                 0,       56.28323635,    0.002390236486
          0,           0,          86,      -11.36757545,      -9.681621711,      -10.29654182,      -11.02926937,      -12.48541764,      -5.462842919,      -3.483867262,   6.367929889e-05,       4.134576041,              25.6,              25.6,              25.6,    0.001789260784,     0.01074740248,      0.6049094792,                 0,                 0,                 0,      0.0781057215,    -0.01037018092,      0.6049160636,                 0,       56.28424918,    0.002390236486
          0,           0,          87,      -11.36840853,      -9.681623204,      -10.29649913,      -11.03037058,      -12.48548822,      -5.462921499,      -3.484133194,   6.367929911e-05,       4.134576041,              25.6,              25.6,              25.6,    0.001789260784,     0.01074714424,      0.6049058941,                 0,                 0,                 0,      0.0781052605,    -0.01037031389,      0.6049124717,                 0,       56.28526805,    0.002390236486
          0,           0,          88,      -11.36900102,      -9.681624641,      -10.29645657,       -11.0312552,      -12.48555888,      -5.463000091,      -3.484396873,   6.367929934e-05,       4.134576042,              25.6,              25.6,              25.6,    0.001789260784,     0.01074688483,       0.604902308,                 0,                 0,                 0,     0.07810479755,    -0.01037044798,      0.6049088788,                 0,       56.28629296,    0.002390236486
          0,           0,          89,      -11.36933705,      -9.681626028,       -10.2964139,      -11.03189938,      -12.48562962,      -5.463078693,      -3.484658321,   6.367929957e-05,       4.134576042,              25.6,              25.6,              25.6,    0.001789260784,     0.01074662427,      0.6048987205,                 0,                 0,                 0,     0.07810433242,    -0.01037058319,      0.6049052843,                 0,       56.28732385,    0.002390236486
          0,           0,          90,       -11.3694081,      -9.681627374,      -10.29637088,      -11.03228594,      -12.48570044,      -5.463157305,      -3.484917576,    6.36792998e-05,       4.134576043,              25.6,              25.6,              25.6,    0.001789260784,     0.01074636256,       0.604895131,                 0,                 0,                 0,     0.07810386493,    -0.01037071947,      0.6049016878,                 0,       56.28836062,    0.002390236486
          0,           0,          91,      -11.36921333,       -9.68162869,      -10.29632725,      -11.03240513,      -12.48577135,      -5.463235929,      -3.485174671,   6.367930003e-05,       4.134576043,              25.6,              25.6,              25.6,    0.001789260784,     0.01074609972,       0.604891539,                 0,                 0,                 0,     0.07810339495,    -0.01037085679,      0.6048980889,                 0,       56.28940312,    0.002390236486
          0,           0,          92,      -11.36875869,      -9.681629988,      -10.29628276,      -11.03225411,      -12.48584233,      -5.463314563,      -3.485429639,   6.367930026e-05,       4.134576044,              25.6,              25.6,              25.6,    0.001789260784,      0.0107458358,      0.6048879442,                 0,                 0,                 0,     0.07810292235,    -0.01037099509,       0.604894487,                 0,       56.29045107,    0.002390236486
          0,           0,          93,       -11.3680568,      -9.681631283,      -10.29623715,      -11.03183702,      -12.48591163,      -5.463393208,      -3.485682522,    6.36793005e-05,       4.134576044,              25.6,              25.6,              25.6,    0.001789260784,     0.01074557085,       0.604884346,                 0,                 0,                 0,     0.07810244708,     -0.0103711343,      0.6048908818,                 0,       56.29150413,    0.002390236486
          0,           0,          94,      -11.36712596,      -9.681632589,      -10.29619015,      -11.03116461,      -12.48597936,      -5.463471862,      -3.485933402,   6.367930073e-05,       4.134576045,              25.6,              25.6,              25.6,    0.001789260784,     0.01074530497,      0.6048807442,                 0,                 0,                 0,      0.0781019691,    -0.01037127432,       0.604887273,                 0,       56.29256183,    0.002390236486
          0,           0,          95,      -11.36598963,       -9.68163392,      -10.29614153,      -11.03025372,      -12.48604716,      -5.463550528,      -3.486182342,   6.367930097e-05,       4.134576045,              25.6,              25.6,              25.6,    0.001789260784,     0.01074503824,      0.6048771384,                 0,                 0,                 0,     0.07810148842,    -0.01037141504,        0.60488366,                 0,       56.29362361,    0.002390236486
          0,           0,          96,       -11.3646754,      -9.681635289,      -10.29609104,      -11.02912684,      -12.48611502,      -5.463629203,      -3.486429416,    6.36793012e-05,       4.134576045,              25.6,              25.6,              25.6,    0.001789260784,      0.0107447708,      0.6048735283,                 0,                 0,                 0,     0.07810100508,    -0.01037155633,      0.6048800428,                 0,       56.29468881,    0.002390236486
          0,           0,          97,      -11.36321464,      -9.681636709,      -10.29603848,      -11.02781195,      -12.48618293,      -5.463707888,      -3.486674674,   6.367930143e-05,       4.134576046,              25.6,              25.6,              25.6,    0.001789260784,     0.01074450277,      0.6048699135,                 0,                 0,                 0,     0.07810051915,    -0.01037169804,      0.6048764208,                 0,       56.29575667,    0.002390236486
          0,           0,          98,      -11.36164146,      -9.681638187,      -10.29598369,      -11.02634148,      -12.48625089,      -5.463786583,      -3.486918221,   6.367930166e-05,       4.134576046,              25.6,              25.6,              25.6,    0.001789260784,     0.01074423432,      0.6048662938,                 0,                 0,                 0,     0.07810003074,    -0.01037184001,       0.604872794,                 0,       56.29682636,    0.002390236486
          0,           0,          99,      -11.35999177,      -9.681639728,      -10.29592654,      -11.02475163,       -12.4863189,      -5.463865288,      -3.487160132,   6.367930189e-05,       4.134576047,              25.6,              25.6,              25.6,    0.001789260784,      0.0107439656,       0.604862669,                 0,                 0,                 0,     0.07809953998,    -0.01037198205,       0.604869162,                 0,       56.29789701,    0.002390236486
          0,           0,         100,      -11.35830269,      -9.681641334,      -10.29586699,      -11.02308139,      -12.48638696,      -5.463944002,      -3.487400489,   6.367930212e-05,       4.134576047,              25.6,              25.6,              25.6,    0.001789260784,     0.01074369679,      0.6048590389,                 0,                 0,                 0,     0.07809904703,    -0.01037212401,      0.6048655247,                 0,       56.29896771,    0.002390236486
          0,           0,         101,      -11.35661155,      -9.681643002,      -10.29580507,       -11.0213717,      -12.48645507,      -5.464022726,      -3.487639354,   6.367930234e-05,       4.134576048,              25.6,              25.6,              25.6,    0.001789260784,     0.01074342807,      0.6048554033,                 0,                 0,                 0,     0.07809855208,    -0.01037226569,       0.604861882,                 0,       56.30003752,    0.002390236486
          0,           0,         102,      -11.35495449,      -9.681644723,      -10.29574089,      -11.01966334,      -12.48652321,      -5.464101458,      -3.487876812,   6.367930257e-05,       4.134576048,              25.6,              25.6,              25.6,    0.001789260784,      0.0107431596,      0.6048517622,                 0,                 0,                 0,     0.07809805533,    -0.01037240693,      0.6048582337,                 0,       56.30110553,    0.002390236486
          0,           0,         103,      -11.35336596,      -9.681646486,      -10.29567466,      -11.01799642,      -12.48659139,        -5.4641802,      -3.488112934,   6.367930279e-05,       4.134576049,              25.6,              25.6,              25.6,    0.001789260784,     0.01074289155,      0.6048481154,                 0,                 0,                 0,     0.07809755699,    -0.01037254754,      0.6048545798,                 0,       56.30217087,    0.002390236486
          0,           0,         104,      -11.35187764,      -9.681648276,      -10.29560666,      -11.01640872,       -12.4866596,       -5.46425895,      -3.488347767,   6.367930301e-05,       4.134576049,              25.6,              25.6,              25.6,    0.001789260784,     0.01074262408,      0.6048444631,                 0,                 0,                 0,     0.07809705729,    -0.01037268738,      0.6048509204,                 0,       56.30323268,    0.002390236486
          0,           0,         105,      -11.35051705,      -9.681650075,      -10.29553727,      -11.01493388,      -12.48672785,      -5.464337709,      -3.488581349,   6.367930323e-05,        4.13457605,              25.6,              25.6,              25.6,    0.001789260784,     0.01074235735,      0.6048408052,                 0,                 0,                 0,     0.07809655647,    -0.01037282629,      0.6048472553,                 0,       56.30429018,    0.002390236486
          0,           0,         106,      -11.34930759,      -9.681651861,      -10.29546691,      -11.01360123,      -12.48679613,      -5.464416476,      -3.488813705,   6.367930346e-05,        4.13457605,              25.6,              25.6,              25.6,    0.001789260784,     0.01074209148,      0.6048371417,                 0,                 0,                 0,     0.07809605476,    -0.01037296414,      0.6048435849,                 0,       56.30534266,    0.002390236486
          0,           0,         107,      -11.34826841,      -9.681653615,      -10.29539605,      -11.01243559,      -12.48686443,      -5.464495252,      -3.489044854,   6.367930368e-05,       4.134576051,              25.6,              25.6,              25.6,    0.001789260784,     0.01074182661,      0.6048334729,                 0,                 0,                 0,      0.0780955524,    -0.01037310081,      0.6048399091,                 0,       56.30638948,    0.002390236486
          0,           0,         108,       -11.3474102,      -9.681655314,      -10.29532521,       -11.0114511,      -12.48693275,      -5.464574035,      -3.489274794,    6.36793039e-05,       4.134576051,              25.6,              25.6,              25.6,    0.001789260784,     0.01074156284,      0.6048297989,                 0,                 0,                 0,     0.07809504962,     -0.0103732362,      0.6048362281,                 0,        56.3074301,    0.002390236486
          0,           0,         109,      -11.34674015,      -9.681656938,       -10.2952549,      -11.01065994,      -12.48700109,      -5.464652826,      -3.489503466,   6.367930412e-05,       4.134576051,              25.6,              25.6,              25.6,    0.001789260784,     0.01074130026,      0.6048261199,                 0,                 0,                 0,     0.07809454664,    -0.01037337022,      0.6048325421,                 0,       56.30846406,    0.002390236486
          0,           0,         110,      -11.34626421,      -9.681658466,      -10.29518561,      -11.01007185,      -12.48706944,      -5.464731625,      -3.489730889,   6.367930434e-05,       4.134576052,              25.6,              25.6,              25.6,    0.001789260784,     0.01074103895,       0.604822436,                 0,                 0,                 0,     0.07809404367,    -0.01037350281,      0.6048288514,                 0,         56.309491,    0.002390236486
          0,           0,         111,      -11.34597759,       -9.68165988,      -10.29511779,      -11.00968328,      -12.48713781,      -5.464810431,      -3.489957051,   6.367930457e-05,       4.134576052,              25.6,              25.6,              25.6,    0.001789260784,     0.01074077895,      0.6048187476,                 0,                 0,                 0,     0.07809354089,    -0.01037363393,      0.6048251562,                 0,       56.31051065,    0.002390236486
          0,           0,         112,      -11.34587292,       -9.68166117,      -10.29505183,      -11.00948813,      -12.48720619,      -5.464889244,      -3.490181919,   6.367930479e-05,       4.134576053,              25.6,              25.6,              25.6,    0.001789260784,     0.01074052031,       0.604815055,                 0,                 0,                 0,     0.07809303849,    -0.01037376354,      0.6048214567,                 0,       56.31152285,    0.002390236486
          0,           0,         113,      -11.34593944,      -9.681662324,      -10.29498802,      -11.00947643,      -12.48727458,      -5.464968064,      -3.490405454,   6.367930502e-05,       4.134576053,              25.6,              25.6,              25.6,    0.001789260784,     0.01074026304,      0.6048113583,                 0,                 0,                 0,     0.07809253661,    -0.01037389164,      0.6048177533,                 0,       56.31252753,    0.002390236486
          0,           0,         114,      -11.34616331,       -9.68166334,      -10.29492659,      -11.00963473,      -12.48734297,       -5.46504689,      -3.490627616,   6.367930524e-05,       4.134576054,              25.6,              25.6,              25.6,    0.001789260784,     0.01074000715,      0.6048076578,                 0,                 0,                 0,     0.07809203537,    -0.01037401823,      0.6048140462,                 0,        56.3135247,    0.002390236486
          0,           0,         115,      -11.34652816,      -9.681664216,      -10.29486763,      -11.00994645,      -12.48741136,      -5.465125723,      -3.490848372,   6.367930547e-05,       4.134576054,              25.6,              25.6,              25.6,    0.001789260784,     0.01073975261,      0.6048039539,                 0,                 0,                 0,     0.07809153488,    -0.01037414335,      0.6048103357,                 0,       56.31451447,    0.002390236486
          0,           0,         116,      -11.34701556,      -9.681664959,      -10.29481116,      -11.01039271,      -12.48747974,      -5.465204562,      -3.491067693,   6.367930569e-05,       4.134576055,              25.6,              25.6,              25.6,    0.001789260784,      0.0107394994,      0.6048002469,                 0,                 0,                 0,     0.07809103521,    -0.01037426703,       0.604806622,                 0,       56.31549705,    0.002390236486
          0,           0,         117,      -11.34760636,      -9.681665578,      -10.29475707,      -11.01095375,      -12.48754813,      -5.465283407,      -3.491285556,   6.367930592e-05,       4.134576055,              25.6,              25.6,              25.6,    0.001789260784,     0.01073924747,      0.6047965368,                 0,                 0,                 0,     0.07809053642,    -0.01037438934,      0.6048029054,                 0,       56.31647271,    0.002390236486
          0,           0,         118,      -11.34828052,       -9.68166609,      -10.29470517,      -11.01160881,      -12.48761651,      -5.465362258,      -3.491501945,   6.367930614e-05,       4.134576056,              25.6,              25.6,              25.6,    0.001789260784,     0.01073899674,      0.6047928241,                 0,                 0,                 0,     0.07809003853,    -0.01037451034,      0.6047991862,                 0,       56.31744183,    0.002390236486
          0,           0,         119,      -11.34901804,      -9.681666512,      -10.29465519,      -11.01233709,      -12.48768488,      -5.465441114,      -3.491716852,   6.367930637e-05,       4.134576056,              25.6,              25.6,              25.6,    0.001789260784,     0.01073874714,      0.6047891088,                 0,                 0,                 0,     0.07808954152,    -0.01037463012,      0.6047954645,                 0,       56.31840484,    0.002390236486
          0,           0,         120,      -11.34979931,      -9.681666861,      -10.29460679,      -11.01311822,      -12.48775323,      -5.465519976,      -3.491930287,   6.367930659e-05,       4.134576057,              25.6,              25.6,              25.6,    0.001789260784,     0.01073849858,      0.6047853914,                 0,                 0,                 0,     0.07808904539,     -0.0103747488,      0.6047917406,                 0,       56.31936225,    0.002390236486
          0,           0,         121,      -11.35060527,      -9.681667157,      -10.29455957,      -11.01393229,      -12.48782158,      -5.465598842,      -3.492142267,   6.367930682e-05,       4.134576057,              25.6,              25.6,              25.6,    0.001789260784,     0.01073825094,      0.6047816718,                 0,                 0,                 0,     0.07808855007,    -0.01037486647,      0.6047880147,                 0,       56.32031464,    0.002390236486
          0,           0,         122,      -11.35141768,      -9.681667424,       -10.2945131,      -11.01476028,       -12.4878899,      -5.465677714,      -3.492352816,   6.367930704e-05,       4.134576057,              25.6,              25.6,              25.6,    0.001789260784,     0.01073800412,      0.6047779503,                 0,                 0,                 0,      0.0780880555,    -0.01037498326,      0.6047842868,                 0,       56.32126262,    0.002390236486
          0,           0,         123,      -11.35221982,      -9.681667684,      -10.29446694,       -11.0155846,      -12.48795821,       -5.46575659,      -3.492561972,   6.367930727e-05,       4.134576058,              25.6,              25.6,              25.6,    0.001789260784,     0.01073775799,       0.604774227,                 0,                 0,                 0,     0.07808756159,     -0.0103750993,      0.6047805572,                 0,       56.32220688,    0.002390236486
          0,           0,         124,      -11.35299617,       -9.68166796,      -10.29442065,      -11.01638898,      -12.48802649,       -5.46583547,      -3.492769777,   6.367930749e-05,       4.134576058,              25.6,              25.6,              25.6,    0.001789260784,     0.01073751241,      0.6047705021,                 0,                 0,                 0,     0.07808706822,    -0.01037521473,       0.604776826,                 0,       56.32314812,    0.002390236486
          0,           0,         125,      -11.35373288,      -9.681668272,      -10.29437381,      -11.01715865,      -12.48809475,      -5.465914355,      -3.492976282,   6.367930772e-05,       4.134576059,              25.6,              25.6,              25.6,    0.001789260784,     0.01073726725,      0.6047667756,                 0,                 0,                 0,     0.07808657528,    -0.01037532969,      0.6047730933,                 0,       56.32408706,    0.002390236486
          0,           0,         126,      -11.35441796,      -9.681668638,      -10.29432604,      -11.01788086,      -12.48816299,      -5.465993244,      -3.493181556,   6.367930794e-05,       4.134576059,              25.6,              25.6,              25.6,    0.001789260784,     0.01073702237,      0.6047630478,                 0,                 0,                 0,     0.07808608263,    -0.01037544432,      0.6047693591,                 0,       56.32502447,    0.002390236486
          0,           0,         127,      -11.35504141,      -9.681669072,      -10.29427701,      -11.01854483,      -12.48823119,      -5.466072136,      -3.493385673,   6.367930817e-05,        4.13457606,              25.6,              25.6,              25.6,    0.001789260784,     0.01073677762,      0.6047593186,                 0,                 0,                 0,     0.07808559014,    -0.01037555878,      0.6047656237,                 0,       56.32596108,    0.002390236486
          0,           0,         128,      -11.35559491,      -9.681669584,      -10.29422642,      -11.01914144,      -12.48829936,      -5.466151033,      -3.493588649,   6.367930839e-05,        4.13457606,              25.6,              25.6,              25.6,    0.001789260784,     0.01073653287,      0.6047555881,                 0,                 0,                 0,     0.07808509765,    -0.01037567319,      0.6047618869,                 0,       56.32689766,    0.002390236486
          0,           0,         129,      -11.35607239,      -9.681670178,       -10.2941741,      -11.01966388,      -12.48836751,      -5.466229932,      -3.493790527,   6.367930862e-05,       4.134576061,              25.6,              25.6,              25.6,    0.001789260784,     0.01073628796,      0.6047518564,                 0,                 0,                 0,     0.07808460501,    -0.01037578771,       0.604758149,                 0,       56.32783495,    0.002390236486
          0,           0,         130,      -11.35646979,      -9.681670859,      -10.29411988,      -11.02010742,      -12.48843561,      -5.466308834,      -3.493991377,   6.367930884e-05,       4.134576061,              25.6,              25.6,              25.6,    0.001789260784,     0.01073604278,      0.6047481236,                 0,                 0,                 0,     0.07808411208,    -0.01037590247,      0.6047544099,                 0,       56.32877365,    0.002390236486
          0,           0,         131,      -11.35678474,      -9.681671623,      -10.29406371,      -11.02046895,      -12.48850368,       -5.46638774,      -3.494191249,   6.367930907e-05,       4.134576062,              25.6,              25.6,              25.6,    0.001789260784,     0.01073579718,      0.6047443898,                 0,                 0,                 0,     0.07808361871,    -0.01037601761,      0.6047506698,                 0,       56.32971445,    0.002390236486
          0,           0,         132,      -11.35701687,      -9.681672463,       -10.2940056,      -11.02074755,       -12.4885717,      -5.466466648,       -3.49439018,    6.36793093e-05,       4.134576062,              25.6,              25.6,              25.6,    0.001789260784,     0.01073555106,      0.6047406549,                 0,                 0,                 0,     0.07808312476,    -0.01037613324,      0.6047469286,                 0,         56.330658,    0.002390236486
          0,           0,         133,      -11.35716715,      -9.681673368,      -10.29394563,      -11.02094354,      -12.48863968,      -5.466545558,      -3.494588205,   6.367930952e-05,       4.134576063,              25.6,              25.6,              25.6,    0.001789260784,     0.01073530428,      0.6047369192,                 0,                 0,                 0,     0.07808263009,    -0.01037624949,      0.6047431865,                 0,       56.33160489,    0.002390236486
          0,           0,         134,      -11.35723815,      -9.681674324,      -10.29388394,      -11.02105888,      -12.48870762,      -5.466624471,      -3.494785352,   6.367930975e-05,       4.134576063,              25.6,              25.6,              25.6,    0.001789260784,     0.01073505676,      0.6047331826,                 0,                 0,                 0,     0.07808213458,    -0.01037636645,      0.6047394435,                 0,       56.33255566,    0.002390236486
          0,           0,         135,      -11.35723376,      -9.681675313,      -10.29382072,      -11.02109696,       -12.4887755,      -5.466703386,      -3.494981638,   6.367930997e-05,       4.134576064,              25.6,              25.6,              25.6,    0.001789260784,     0.01073480841,      0.6047294452,                 0,                 0,                 0,     0.07808163813,    -0.01037648423,      0.6047356997,                 0,       56.33351078,    0.002390236486
          0,           0,         136,      -11.35715861,      -9.681676315,      -10.29375621,      -11.02106186,      -12.48884334,      -5.466782302,      -3.495177073,    6.36793102e-05,       4.134576064,              25.6,              25.6,              25.6,    0.001789260784,     0.01073455914,      0.6047257071,                 0,                 0,                 0,     0.07808114064,    -0.01037660289,      0.6047319553,                 0,       56.33447068,    0.002390236486
          0,           0,         137,      -11.35701824,      -9.681677309,      -10.29369068,      -11.02095859,      -12.48891112,       -5.46686122,      -3.495371662,   6.367931043e-05,       4.134576064,              25.6,              25.6,              25.6,    0.001789260784,     0.01073430889,      0.6047219684,                 0,                 0,                 0,     0.07808064203,     -0.0103767225,      0.6047282101,                 0,       56.33543569,    0.002390236486
          0,           0,         138,      -11.35681916,      -9.681678276,      -10.29362442,      -11.02079327,      -12.48897884,       -5.46694014,      -3.495565404,   6.367931065e-05,       4.134576065,              2.56,              2.56,              2.56,    0.001789260784,     0.01073405763,      0.6047182293,                 0,                 0,                 0,     0.07808014226,    -0.01037684312,      0.6047244645,                 0,       56.33640608,    0.002390236486
          0,           0,         139,      -11.35656793,      -9.681679193,      -10.29355773,      -11.02057213,      -12.48911759,      -5.467017101,       -3.49761952,   6.367931088e-06,      0.4134576065,              5.12,              5.12,              5.12,    0.001789260784,     0.01073403341,      0.6047178587,                 0,                 0,                 0,     0.07808009404,    -0.01037685439,      0.6047240932,                 0,       56.33649865,    0.002390236486
          0,           0,         140,      -11.33928009,      -9.681704125,      -10.29421019,      -10.99681266,       -12.4892371,      -5.467149912,      -3.499378673,   1.273586218e-05,      0.8269152131,             10.24,             10.24,             10.24,    0.001789260784,     0.01073398443,      0.6047171151,                 0,                 0,                 0,     0.07807999607,    -0.01037687738,      0.6047233484,                 0,       56.33668642,    0.002390236486
          0,           0,         141,      -11.36077253,      -9.681721433,      -10.29447762,      -11.02572119,      -12.48934197,      -5.467276958,      -3.500676474,   2.547172438e-05,       1.653830426,             20.48,             20.48,             20.48,    0.001789260784,     0.01073388298,      0.6047156165,                 0,                 0,                 0,     0.07807979251,    -0.01037692648,      0.6047218472,                 0,       56.33707931,    0.002390236486
          0,           0,         142,      -11.37002075,      -9.681727529,      -10.29446697,      -11.03958619,      -12.48941737,      -5.467392597,      -3.501165797,   5.094344883e-05,       3.307660852,             40.96,             40.96,             40.96,    0.001789260784,     0.01073367014,      0.6047125757,                 0,                 0,                 0,     0.07807936082,    -0.01037703306,      0.6047188008,                 0,       56.33791309,    0.002390236486
          0,           0,         143,       -11.3650505,      -9.681717891,      -10.29375328,      -11.03304421,      -12.48943497,      -5.467485465,      -3.500116789,   0.0001018868979,       6.615321706,             4.096,             4.096,             4.096,    0.001789260784,      0.0107332823,       0.604706777,                 0,                 0,                 0,     0.07807865469,     -0.0103772183,      0.6047129921,                 0,       56.33940861,    0.002390236486
          0,           0,         144,      -11.33949315,      -9.681659714,      -10.29160572,      -10.99927408,      -12.48957762,      -5.467526022,      -3.501898504,   1.018868985e-05,      0.6615321707,             8.192,             8.192,             8.192,    0.001789260784,     0.01073325249,      0.6047062268,                 0,                 0,                 0,     0.07807860021,    -0.01037722888,      0.6047124412,                 0,       56.33951378,    0.002390236486
          0,           0,         145,      -11.29557857,      -9.681708493,       -10.2935507,      -10.94165675,      -12.48968775,      -5.467655238,      -3.503292453,    2.03773797e-05,       1.323064341,            16.384,            16.384,            16.384,    0.001789260784,     0.01073318698,      0.6047051179,                 0,                 0,                 0,      0.0780784849,    -0.01037725566,      0.6047113307,                 0,       56.33975437,    0.002390236486
          0,           0,         146,       -11.3460406,      -9.681732209,      -10.29416985,      -11.00658044,        -12.489775,      -5.467775355,       -3.50403163,   4.075475946e-05,       2.646128683,            32.768,            32.768,            32.768,    0.001789260784,     0.01073302859,       0.604702842,                 0,                 0,                 0,      0.0780782105,    -0.01037733452,      0.6047090507,                 0,       56.34037372,    0.002390236486
          0,           0,         147,      -11.36510889,       -9.68173022,      -10.29402698,      -11.03383277,      -12.48981596,      -5.467877383,      -3.503547847,    8.15095191e-05,       5.292257366,            3.2768,            3.2768,            3.2768,    0.001789260784,     0.01073268779,      0.6046982431,                 0,                 0,                 0,     0.07807760761,    -0.01037751461,      0.6047044427,                 0,       56.34173423,    0.002390236486
          0,           0,         148,      -11.35294867,      -9.681689729,       -10.2923885,      -11.01786549,      -12.48995723,      -5.467937805,      -3.505315556,   8.150951946e-06,      0.5292257367,            6.5536,            6.5536,            6.5536,    0.001789260784,     0.01073265658,      0.6046977937,                 0,                 0,                 0,     0.07807755276,    -0.01037753012,      0.6047039924,                 0,       56.34185618,    0.002390236486
          0,           0,         149,      -11.32784979,      -9.681725612,        -10.293534,      -10.98308378,      -12.49007084,      -5.468068713,      -3.506765337,    1.63019039e-05,       1.058451473,           13.1072,           13.1072,           13.1072,    0.001789260784,       0.010732592,      0.6046968884,                 0,                 0,                 0,     0.07807743782,    -0.01037756307,      0.6047030855,                 0,       56.34211089,    0.002390236486
          0,           0,         150,      -11.34917291,      -9.681745895,      -10.29409078,      -11.01126735,      -12.49016646,       -5.46819238,      -3.507686448,   3.260380783e-05,       2.116902947,           26.2144,           26.2144,           26.2144,    0.001789260784,     0.01073245319,      0.6046950469,                 0,                 0,                 0,     0.07807718547,    -0.01037763753,      0.6047012402,                 0,         56.342668,    0.002390236486
          0,           0,         151,      -11.36745917,      -9.681745861,      -10.29406578,      -11.03732698,      -12.49022556,       -5.46830169,      -3.507636095,   6.520761578e-05,       4.233805894,           2.62144,           2.62144,           2.62144,    0.001789260784,     0.01073217141,      0.6046913102,                 0,                 0,                 0,      0.0780766557,    -0.01037778873,       0.604697496,                 0,       56.34379914,    0.002390236486
          0,           0,         152,      -11.35876357,      -9.681719493,      -10.29299541,       -11.0258355,       -12.4903655,      -5.468377935,      -3.509355951,   6.520761601e-06,      0.4233805895,           5.24288,           5.24288,           5.24288,    0.001789260784,     0.01073214418,      0.6046909397,                 0,                 0,                 0,     0.07807660441,    -0.01037780301,      0.6046971248,                 0,       56.34390756,    0.002390236486
          0,           0,         153,       -11.3476873,      -9.681743886,      -10.29362284,      -11.00947037,      -12.49048149,      -5.468510136,      -3.510818223,   1.304152321e-05,      0.8467611789,          10.48576,          10.48576,          10.48576,    0.001789260784,     0.01073208991,      0.6046901964,                 0,                 0,                 0,      0.0780765008,     -0.0103778313,        0.60469638,                 0,       56.34412322,    0.002390236486
          0,           0,         154,      -11.35484252,      -9.681759424,      -10.29403566,      -11.01905797,      -12.49058329,      -5.468636582,      -3.511856849,   2.608304643e-05,       1.693522358,          20.97152,          20.97152,          20.97152,    0.001789260784,     0.01073198097,      0.6046886995,                 0,                 0,                 0,     0.07807628977,    -0.01037788794,      0.6046948803,                 0,        56.3445557,    0.002390236486
          0,           0,         155,      -11.36885753,      -9.681760258,      -10.29405581,      -11.03919089,      -12.49065639,      -5.468751646,      -3.512126583,   5.216609295e-05,       3.387044716,          41.94304,          41.94304,          41.94304,    0.001789260784,     0.01073176414,      0.6046856628,                 0,                 0,                 0,     0.07807586127,    -0.01037799866,      0.6046918378,                 0,       56.34541115,    0.002390236486
          0,           0,         156,      -11.36240916,      -9.681744076,      -10.29336639,      -11.03076835,      -12.49067301,      -5.468843984,      -3.510900529,   0.0001043321862,       6.774089432,          4.194304,          4.194304,          4.194304,    0.001789260784,     0.01073137159,      0.6046797647,                 0,                 0,                 0,     0.07807515748,    -0.01037818513,      0.6046859296,                 0,       56.34692263,    0.002390236486
          0,           0,         157,      -11.33600766,        -9.6816803,      -10.29106579,      -10.99580481,      -12.49082028,      -5.468883732,       -3.51243452,   1.043321867e-05,      0.6774089434,          8.388608,          8.388608,          8.388608,    0.001789260784,     0.01073134234,      0.6046792066,                 0,                 0,                 0,     0.07807510478,    -0.01037819488,      0.6046853708,                 0,       56.34702418,    0.002390236486
          0,           0,         158,       -11.2915325,      -9.681729814,      -10.29306692,      -10.93749097,      -12.49092746,      -5.469012339,      -3.513606303,   2.086643736e-05,       1.354817887,         16.777216,         16.777216,         16.777216,    0.001789260784,     0.01073127643,       0.604678072,                 0,                 0,                 0,     0.07807498968,    -0.01037822115,      0.6046842346,                 0,       56.34726455,    0.002390236486
          0,           0,         159,      -11.34237066,      -9.681752707,      -10.29369169,      -11.00278876,      -12.49101228,      -5.469131864,      -3.514148965,   4.173287477e-05,       2.709635774,         33.554432,         33.554432,         33.554432,    0.001789260784,     0.01073110996,      0.6046757008,                 0,                 0,                 0,      0.0780746961,    -0.01037830477,       0.604681859,                 0,       56.34791769,    0.002390236486
          0,           0,         160,      -11.36160078,      -9.681748321,      -10.29353291,      -11.03008358,      -12.49105161,      -5.469233332,       -3.51349324,   8.346574973e-05,       5.419271548,         3.3554432,         3.3554432,         3.3554432,    0.001789260784,     0.01073074186,      0.6046708301,                 0,                 0,                 0,      0.0780740169,    -0.01037850266,      0.6046769784,                 0,       56.34939673,    0.002390236486
          0,           0,         161,      -11.34923286,      -9.681703186,      -10.29183674,      -11.01372659,      -12.49119329,      -5.469292959,      -3.515058612,    8.34657501e-06,      0.5419271549,         6.7108864,         6.7108864,         6.7108864,    0.001789260784,     0.01073070816,      0.6046703539,                 0,                 0,                 0,     0.07807395469,    -0.01037851972,      0.6046765013,                 0,       56.34952931,    0.002390236486
          0,           0,         162,      -11.32286361,      -9.681740024,      -10.29304195,      -10.97739964,      -12.49130129,      -5.469423256,      -3.516322978,   1.669315003e-05,        1.08385431,        13.4217728,        13.4217728,        13.4217728,    0.001789260784,     0.01073063793,      0.6046693915,                 0,                 0,                 0,     0.07807382315,    -0.01037855632,      0.6046755371,                 0,       56.34980843,    0.002390236486
          0,           0,         163,      -11.34593491,      -9.681760077,      -10.29360723,      -11.00778184,      -12.49139172,      -5.469546322,      -3.517075074,   3.338630009e-05,       2.167708619,        26.8435456,        26.8435456,        26.8435456,    0.001789260784,     0.01073048664,      0.6046674299,                 0,                 0,                 0,     0.07807353419,    -0.01037863906,      0.6046735715,                 0,       56.35042011,    0.002390236486
          0,           0,         164,       -11.3643736,      -9.681758665,      -10.29357431,      -11.03390889,      -12.49144642,      -5.469655046,      -3.516869836,    6.67726003e-05,       4.335417239,        2.68435456,        2.68435456,        2.68435456,    0.001789260784,     0.01073018494,      0.6046634786,                 0,                 0,                 0,     0.07807294341,    -0.01037880268,       0.604669612,                 0,       56.35163627,    0.002390236486
          0,           0,         165,      -11.35585024,      -9.681729121,      -10.29245698,      -11.02254724,      -12.49158544,      -5.469730501,      -3.518425073,   6.677260055e-06,       0.433541724,        5.36870912,        5.36870912,        5.36870912,    0.001789260784,     0.01073015588,      0.6046630872,                 0,                 0,                 0,     0.07807288633,    -0.01037881806,      0.6046692198,                 0,       56.35175237,    0.002390236486
          0,           0,         166,      -11.34369723,      -9.681754323,      -10.29312423,      -11.00479427,      -12.49169579,       -5.46986209,      -3.519733871,   1.335452011e-05,       0.867083448,       10.73741824,       10.73741824,       10.73741824,    0.001789260784,      0.0107300982,      0.6046623035,                 0,                 0,                 0,     0.07807277179,    -0.01037884835,      0.6046684346,                 0,       56.35198227,    0.002390236486
          0,           0,         167,      -11.35198425,      -9.681769885,      -10.29354739,      -11.01586823,       -12.4917923,      -5.469987929,      -3.520629385,   2.670904025e-05,       1.734166896,       21.47483648,       21.47483648,       21.47483648,    0.001789260784,     0.01072998322,      0.6046607314,                 0,                 0,                 0,     0.07807254153,     -0.0103789084,      0.6046668594,                 0,        56.3524396,    0.002390236486
          0,           0,         168,      -11.36648301,      -9.681769857,      -10.29356176,      -11.03657326,      -12.49186072,      -5.470102392,      -3.520763869,   5.341808058e-05,       3.468333792,       42.94967296,       42.94967296,       42.94967296,    0.001789260784,     0.01072975728,      0.6046575624,                 0,                 0,                 0,     0.07807208359,    -0.01037902361,      0.6046636845,                 0,       56.35333091,    0.002390236486
          0,           0,         169,      -11.36025136,      -9.681751456,      -10.29283839,      -11.02835321,      -12.49187287,      -5.470194132,      -3.519401849,   0.0001068361615,       6.936667585,       4.294967296,       4.294967296,       4.294967296,    0.001789260784,      0.0107293533,      0.6046514711,                 0,                 0,                 0,     0.07807135109,    -0.01037921475,      0.6046575828,                 0,       56.35488496,    0.002390236486
          0,           0,         170,      -11.33296546,      -9.681683331,      -10.29045371,      -10.99218827,      -12.49201855,      -5.470232907,      -3.520805898,   1.068361621e-05,      0.6936667586,       8.589934592,       8.589934592,       8.589934592,    0.001789260784,     0.01072932399,      0.6046508971,                 0,                 0,                 0,     0.07807129735,    -0.01037922402,      0.6046570081,                 0,       56.35498544,    0.002390236486
          0,           0,         171,      -11.28709476,      -9.681734687,      -10.29255189,      -10.93230206,      -12.49211686,      -5.470360902,      -3.521853282,   2.136723243e-05,       1.387333517,       17.17986918,       17.17986918,       17.17986918,    0.001789260784,     0.01072925704,      0.6046497301,                 0,                 0,                 0,     0.07807117915,     -0.0103792502,      0.6046558395,                 0,       56.35522831,    0.002390236486
          0,           0,         172,      -11.34071753,      -9.681757679,      -10.29318681,      -11.00096302,      -12.49219327,      -5.470479814,      -3.522274082,   4.273446491e-05,       2.774667035,       34.35973837,       34.35973837,       34.35973837,    0.001789260784,     0.01072908562,      0.6046472886,                 0,                 0,                 0,     0.07807087337,     -0.0103793363,      0.6046533935,                 0,       56.35590112,    0.002390236486
          0,           0,         173,      -11.36021523,      -9.681751507,      -10.29302315,      -11.02851217,      -12.49222531,      -5.470580657,      -3.521490539,   8.546893003e-05,        5.54933407,       3.435973837,       3.435973837,       3.435973837,    0.001789260784,     0.01072871151,      0.6046423006,                 0,                 0,                 0,     0.07807017476,     -0.0103795361,      0.6046483955,                 0,       56.35740133,    0.002390236486
          0,           0,         174,      -11.34762973,      -9.681701877,      -10.29127813,      -11.01178594,      -12.49236628,      -5.470639336,      -3.522947128,   8.546893043e-06,      0.5549334071,       6.871947674,       6.871947674,       6.871947674,    0.001789260784,     0.01072867764,      0.6046418142,                 0,                 0,                 0,     0.07807011135,    -0.01037955298,      0.6046479082,                 0,       56.35753396,    0.002390236486
          0,           0,         175,      -11.31950199,      -9.681740066,      -10.29255673,      -10.97326657,      -12.49246799,      -5.470769023,      -3.524105394,   1.709378609e-05,       1.109866814,       13.74389535,       13.74389535,       13.74389535,    0.001789260784,     0.01072860696,      0.6046408315,                 0,                 0,                 0,     0.07806997713,    -0.01037958933,      0.6046469236,                 0,       56.35781365,    0.002390236486
          0,           0,         176,      -11.34479973,      -9.681760236,      -10.29313805,      -11.00646907,       -12.4925525,      -5.470891475,      -3.524751281,   3.418757222e-05,       2.219733628,       27.48779069,       27.48779069,       27.48779069,    0.001789260784,     0.01072845471,      0.6046388304,                 0,                 0,                 0,      0.0780696823,    -0.01037967165,      0.6046449184,                 0,       56.35842691,    0.002390236486
          0,           0,         177,      -11.36375716,      -9.681757659,      -10.29310519,      -11.03320084,      -12.49260198,      -5.470999575,      -3.524432413,   6.837514459e-05,       4.439467257,       2.748779069,       2.748779069,       2.748779069,    0.001789260784,     0.01072815502,      0.6046348093,                 0,                 0,                 0,     0.07806908475,    -0.01037983081,      0.6046408894,                 0,       56.35962642,    0.002390236486
          0,           0,         178,      -11.35525568,       -9.68172501,      -10.29195141,       -11.0217573,      -12.49273909,      -5.471074145,       -3.52589661,   6.837514485e-06,      0.4439467258,       5.497558139,       5.497558139,       5.497558139,    0.001789260784,     0.01072812636,      0.6046344116,                 0,                 0,                 0,     0.07806902733,    -0.01037984558,      0.6046404909,                 0,       56.35973992,    0.002390236486
          0,           0,         179,      -11.34180163,      -9.681751193,      -10.29266486,      -11.00229598,      -12.49284313,       -5.47120513,      -3.527115424,   1.367502898e-05,      0.8878934515,       10.99511628,       10.99511628,       10.99511628,    0.001789260784,     0.01072806957,      0.6046336155,                 0,                 0,                 0,     0.07806891223,    -0.01037987456,      0.6046396933,                 0,        56.3599641,    0.002390236486
          0,           0,         180,      -11.35139619,      -9.681766948,      -10.29310338,      -11.01508816,      -12.49293363,       -5.47133036,      -3.527919583,   2.735005797e-05,       1.775786903,       21.99023256,       21.99023256,       21.99023256,    0.001789260784,     0.01072795637,      0.6046320176,                 0,                 0,                 0,     0.07806868044,    -0.01037993192,      0.6046380924,                 0,       56.36040983,    0.002390236486
          0,           0,         181,      -11.36656784,      -9.681766252,       -10.2931179,      -11.03664235,      -12.49299659,      -5.471444207,      -3.527955295,   5.470011604e-05,       3.551573806,       43.98046511,       43.98046511,       43.98046511,    0.001789260784,      0.0107277339,      0.6046287888,                 0,                 0,                 0,     0.07806821645,    -0.01038004156,      0.6046348578,                 0,       56.36127761,    0.002390236486
          0,           0,         182,      -11.36036917,      -9.681746061,      -10.29236586,      -11.02835253,      -12.49300539,      -5.471535305,      -3.526471141,   0.0001094002324,       7.103147613,       4.398046511,       4.398046511,       4.398046511,    0.001789260784,     0.01072733566,      0.6046225853,                 0,                 0,                 0,      0.0780674751,    -0.01038022306,      0.6046286442,                 0,       56.36279167,    0.002390236486
          0,           0,         183,      -11.33169735,      -9.681675627,      -10.28988313,      -10.99030227,      -12.49315543,      -5.471573012,      -3.527799285,    1.09400233e-05,      0.7103147615,       8.796093022,       8.796093022,       8.796093022,    0.001789260784,     0.01072730801,      0.6046220033,                 0,                 0,                 0,     0.07806742217,    -0.01038023038,      0.6046280615,                 0,        56.3628827,    0.002390236486
          0,           0,         184,      -11.28393094,       -9.68172927,      -10.29208813,      -10.92823695,      -12.49325125,      -5.471700405,      -3.528767552,   2.188004661e-05,       1.420629523,       17.59218604,       17.59218604,       17.59218604,    0.001789260784,     0.01072724313,      0.6046208167,                 0,                 0,                 0,     0.07806730345,    -0.01038025382,      0.6046268735,                 0,       56.36311302,    0.002390236486
          0,           0,         185,      -11.34092595,      -9.681752998,      -10.29273339,      -11.00095777,      -12.49332559,      -5.471818708,      -3.529100725,   4.376009328e-05,       2.841259046,       35.18437209,       35.18437209,       35.18437209,    0.001789260784,     0.01072707203,      0.6046183243,                 0,                 0,                 0,     0.07806698816,    -0.01038033783,      0.6046243766,                 0,       56.36377968,    0.002390236486
          0,           0,         186,      -11.36084173,      -9.681746256,      -10.29255679,      -11.02897626,      -12.49335637,      -5.471918925,      -3.528207337,   8.752018678e-05,       5.682518093,       3.518437209,       3.518437209,       3.518437209,    0.001789260784,     0.01072670086,      0.6046132488,                 0,                 0,                 0,     0.07806627483,    -0.01038053164,      0.6046192912,                 0,       56.36525681,    0.002390236486
          0,           0,         187,      -11.34777716,      -9.681694817,      -10.29073196,      -11.01155916,      -12.49350014,      -5.471976634,      -3.529600745,   8.752018717e-06,      0.5682518094,                 1,                 1,                 1,    0.001789260784,     0.01072666773,      0.6046127552,                 0,                 0,                 0,     0.07806621072,    -0.01038054752,      0.6046187967,                 0,       56.36538487,    0.002390236486
          0,           0,         188,      -11.31752069,      -9.681734781,      -10.29208863,       -10.9703831,      -12.49361695,      -5.472105163,       -3.53115271,    2.48747333e-06,      0.1615068781,                 1,                 1,                 1,    0.001789260784,     0.01072665834,       0.604612615,                 0,                 0,                 0,     0.07806619253,    -0.01038055201,      0.6046186563,                 0,       56.36542115,    0.002390236486
          0,           0,         189,      -11.31004445,      -9.681744597,      -10.29243423,      -10.96068861,       -12.4937305,      -5.472239273,      -3.532658066,    2.48747333e-06,      0.1615068781,                 1,                 1,                 1,    0.001789260784,     0.01072664894,      0.6046124747,                 0,                 0,                 0,     0.07806617422,    -0.01038055652,      0.6046185158,                 0,        56.3654575,    0.002390236486
          0,           0,         190,      -11.31607226,      -9.681751027,      -10.29258322,      -10.96829964,      -12.49384359,      -5.472373319,      -3.534120916,   2.487473331e-06,      0.1615068781,                 1,                 1,                 1,    0.001789260784,     0.01072663949,      0.6046123343,                 0,                 0,                 0,     0.07806615578,    -0.01038056105,      0.6046183751,                 0,       56.36549404,    0.002390236486
          0,           0,         191,      -11.32894852,      -9.681754944,      -10.29261421,      -10.98492901,      -12.49395618,      -5.472507301,      -3.535544649,   2.487473331e-06,      0.1615068781,                 1,                 1,                 1,    0.001789260784,     0.01072662998,      0.6046121936,                 0,                 0,                 0,     0.07806613717,    -0.01038056565,      0.6046182342,                 0,       56.36553088,    0.002390236486
          0,           0,         192,      -11.34124836,      -9.681757233,      -10.29260798,      -11.00123376,      -12.49406825,      -5.472641222,      -3.536932275,   2.487473332e-06,      0.1615068781,                 1,                 1,                 1,    0.001789260784,      0.0107266204,      0.6046120527,                 0,                 0,                 0,     0.07806611837,    -0.01038057031,       0.604618093,                 0,       56.36556812,    0.002390236486
          0,           0,         193,       -11.3483292,      -9.681758663,      -10.29261087,      -11.01096381,      -12.49417977,      -5.472775081,      -3.538286471,   2.487473332e-06,      0.1615068781,                 1,                 1,                 1,    0.001789260784,     0.01072661071,      0.6046119114,                 0,                 0,                 0,     0.07806609937,    -0.01038057505,      0.6046179515,                 0,       56.36560583,    0.002390236486
          0,           0,         194,      -11.34970865,       -9.68175983,       -10.2926334,      -11.01318041,      -12.49429073,      -5.472908881,      -3.539609624,   2.487473332e-06,      0.1615068781,                 1,                 1,                 1,    0.001789260784,     0.01072660093,      0.6046117698,                 0,                 0,                 0,     0.07806608014,    -0.01038057989,      0.6046178096,                 0,       56.36564405,    0.002390236486
          0,           0,         195,      -11.34769078,      -9.681761133,      -10.29266612,      -11.01081824,       -12.4944011,       -5.47304262,      -3.540903868,   2.487473333e-06,      0.1615068781,                 1,                 1,                 1,    0.001789260784,     0.01072659103,      0.6046116279,                 0,                 0,                 0,     0.07806606069,    -0.01038058483,      0.6046176674,                 0,       56.36568283,    0.002390236486
          0,           0,         196,      -11.34495563,      -9.681762792,      -10.29269586,      -11.00743046,       -12.4945109,      -5.473176301,      -3.542171115,   2.487473333e-06,      0.1615068781,                 1,                 1,                 1,    0.001789260784,     0.01072658102,      0.6046114856,                 0,                 0,                 0,       0.078066041,    -0.01038058987,      0.6046175249,                 0,       56.36572217,    0.002390236486
          0,           0,         197,       -11.3431536,      -9.681764879,      -10.29271484,      -11.00521072,      -12.49462011,      -5.473309922,      -3.543413083,   2.487473333e-06,      0.1615068781,                 1,                 1,                 1,    0.001789260784,     0.01072657089,       0.604611343,                 0,                 0,                 0,     0.07806602108,    -0.01038059502,       0.604617382,                 0,       56.36576209,    0.002390236486
          0,           0,         198,      -11.34276512,      -9.681767363,      -10.29272228,      -11.00480011,      -12.49472874,      -5.473443484,      -3.544631322,   2.487473334e-06,      0.1615068781,                 1,                 1,                 1,    0.001789260784,     0.01072656065,      0.6046112001,                 0,                 0,                 0,     0.07806600093,    -0.01038060026,      0.6046172388,                 0,       56.36580257,    0.002390236486
          0,           0,         199,      -11.34353787,      -9.681770144,      -10.29272177,      -11.00587846,      -12.49483679,      -5.473576986,      -3.545827234,   2.487473334e-06,      0.1615068781,                 1,                 1,                 1,    0.001789260784,     0.01072655031,      0.6046110568,                 0,                 0,                 0,     0.07806598056,     -0.0103806056,      0.6046170953,                 0,        56.3658436,    0.002390236486
          0,           0,         200,      -11.34496303,      -9.681773094,      -10.29271796,      -11.00778936,      -12.49494428,      -5.473710429,       -3.54700209,   2.487473334e-06,      0.1615068781,                 1,                 1,                 1,    0.001789260784,     0.01072653985,      0.6046109133,                 0,                 0,                 0,     0.07806595998,    -0.01038061104,      0.6046169515,                 0,       56.36588515,    0.002390236486
          0,           0,         201,      -11.34658437,      -9.681776083,       -10.2927144,      -11.00994086,       -12.4950512,      -5.473843812,      -3.548157045,   2.487473335e-06,      0.1615068781,                 1,                 1,                 1,    0.001789260784,     0.01072652929,      0.6046107694,                 0,                 0,                 0,     0.07806593918,    -0.01038061657,      0.6046168074,                 0,       56.36592721,    0.002390236486
          0,           0,         202,      -11.34812055,      -9.681778997,      -10.29271282,      -11.01196584,      -12.49515756,      -5.473977135,      -3.549293152,   2.487473335e-06,      0.1615068781,                 1,                 1,                 1,    0.001789260784,     0.01072651864,      0.6046106254,                 0,                 0,                 0,     0.07806591819,    -0.01038062219,       0.604616663,                 0,       56.36596975,    0.002390236486
          0,           0,         203,      -11.34945729,      -9.681781751,      -10.29271351,      -11.01371446,      -12.49526337,      -5.474110398,      -3.550411375,   2.487473335e-06,      0.1615068781,                 1,                 1,                 1,    0.001789260784,      0.0107265079,       0.604610481,                 0,                 0,                 0,       0.078065897,    -0.01038062789,      0.6046165184,                 0,       56.36601274,    0.002390236486
          0,           0,         204,      -11.35058462,      -9.681784287,      -10.29271599,      -11.01517406,      -12.49536863,        -5.4742436,      -3.551512595,   2.487473336e-06,      0.1615068781,                 1,                 1,                 1,    0.001789260784,     0.01072649708,      0.6046103364,                 0,                 0,                 0,     0.07806587563,    -0.01038063366,      0.6046163735,                 0,       56.36605614,    0.002390236486
          0,           0,         205,      -11.35153475,       -9.68178658,      -10.29271961,      -11.01638826,      -12.49547335,      -5.474376743,      -3.552597622,   2.487473336e-06,      0.1615068781,                 1,                 1,                 1,    0.001789260784,     0.01072648617,      0.6046101916,                 0,                 0,                 0,     0.07806585409,     -0.0103806395,      0.6046162284,                 0,       56.36609993,    0.002390236486
          0,           0,         206,      -11.35234444,      -9.681788624,      -10.29272384,      -11.01740751,      -12.49557751,      -5.474509825,      -3.553667202,   2.487473336e-06,      0.1615068781,                 1,                 1,                 1,    0.001789260784,      0.0107264752,      0.6046100466,                 0,                 0,                 0,     0.07806583238,    -0.01038064541,      0.6046160831,                 0,       56.36614407,    0.002390236486
          0,           0,         207,      -11.35304217,      -9.681790433,      -10.29272837,      -11.01827189,      -12.49568113,      -5.474642847,       -3.55472202,   2.487473337e-06,      0.1615068781,                 1,                 1,                 1,    0.001789260784,     0.01072646416,      0.6046099014,                 0,                 0,                 0,     0.07806581051,    -0.01038065137,      0.6046159376,                 0,       56.36618854,    0.002390236486
          0,           0,         208,      -11.35364831,      -9.681792031,      -10.29273309,      -11.01901137,      -12.49578421,      -5.474775809,      -3.555762713,   2.487473337e-06,      0.1615068781,                 1,                 1,                 1,    0.001789260784,     0.01072645307,       0.604609756,                 0,                 0,                 0,     0.07806578849,    -0.01038065738,      0.6046157919,                 0,        56.3662333,    0.002390236486
          0,           0,         209,      -11.35417941,      -9.681793447,      -10.29273795,      -11.01965102,      -12.49588673,      -5.474908712,      -3.556789867,   2.487473337e-06,      0.1615068781,                 1,                 1,                 1,    0.001789260784,     0.01072644192,      0.6046096104,                 0,                 0,                 0,     0.07806576634,    -0.01038066345,       0.604615646,                 0,       56.36627831,    0.002390236486
          0,           0,         210,      -11.35465056,      -9.681794709,      -10.29274298,       -11.0202139,      -12.49598871,      -5.475041555,      -3.557804029,   2.487473338e-06,      0.1615068781,                 1,                 1,                 1,    0.001789260784,     0.01072643072,      0.6046094647,                 0,                 0,                 0,     0.07806574405,    -0.01038066955,         0.6046155,                 0,       56.36632355,    0.002390236486
          0,           0,         211,      -11.35507591,      -9.681795846,       -10.2927482,       -11.0207214,      -12.49609015,      -5.475174338,      -3.558805706,   2.487473338e-06,      0.1615068781,                 1,                 1,                 1,    0.001789260784,     0.01072641949,      0.6046093189,                 0,                 0,                 0,     0.07806572163,    -0.01038067569,      0.6046153539,                 0,       56.36636899,    0.002390236486
          0,           0,         212,      -11.35546758,      -9.681796878,      -10.29275363,      -11.02119146,      -12.49619104,      -5.475307062,      -3.559795371,   2.487473338e-06,      0.1615068781,                 1,                 1,                 1,    0.001789260784,     0.01072640822,      0.6046091729,                 0,                 0,                 0,      0.0780656991,    -0.01038068185,      0.6046152076,                 0,       56.36641459,    0.002390236486
          0,           0,         213,      -11.35583431,      -9.681797826,      -10.29275928,      -11.02163682,      -12.49629138,      -5.475439726,      -3.560773465,   2.487473339e-06,      0.1615068781,                 1,                 1,                 1,    0.001789260784,     0.01072639693,      0.6046090269,                 0,                 0,                 0,     0.07806567646,    -0.01038068804,      0.6046150612,                 0,       56.36646032,    0.002390236486
          0,           0,         214,      -11.35618179,      -9.681798704,      -10.29276514,      -11.02206524,      -12.49639118,      -5.475572331,      -3.561740402,   2.487473339e-06,      0.1615068781,                 1,                 1,                 1,    0.001789260784,     0.01072638561,      0.6046088807,                 0,                 0,                 0,     0.07806565371,    -0.01038069425,      0.6046149148,                 0,       56.36650617,    0.002390236486
          0,           0,         215,      -11.35651255,       -9.68179952,       -10.2927712,      -11.02247967,      -12.49649044,      -5.475704876,      -3.562696568,   2.487473339e-06,      0.1615068781,                 1,                 1,                 1,    0.001789260784,     0.01072637428,      0.6046087344,                 0,                 0,                 0,     0.07806563088,    -0.01038070047,      0.6046147682,                 0,        56.3665521,    0.002390236486
          0,           0,         216,       -11.3568273,      -9.681800284,      -10.29277744,      -11.02288007,      -12.49658914,      -5.475837363,      -3.563642327,    2.48747334e-06,      0.1615068781,                 1,                 1,                 1,    0.001789260784,     0.01072636293,      0.6046085881,                 0,                 0,                 0,     0.07806560795,    -0.01038070671,      0.6046146215,                 0,       56.36659808,    0.002390236486
          0,           0,         217,      -11.35712576,         -9.681801,      -10.29278382,      -11.02326481,      -12.49668731,       -5.47596979,       -3.56457802,    2.48747334e-06,      0.1615068781,                 1,                 1,                 1,    0.001789260784,     0.01072635157,      0.6046084417,                 0,                 0,                 0,     0.07806558495,    -0.01038071295,      0.6046144748,                 0,       56.36664411,    0.002390236486
          0,           0,         218,      -11.35740736,      -9.681801672,      -10.29279032,      -11.02363181,      -12.49678493,      -5.476102159,       -3.56550397,    2.48747334e-06,      0.1615068781,                 1,                 1,                 1,    0.001789260784,     0.01072634021,      0.6046082952,                 0,                 0,                 0,     0.07806556187,    -0.01038071919,       0.604614328,                 0,       56.36669014,    0.002390236486
          0,           0,         219,      -11.35767193,      -9.681802305,      -10.29279688,      -11.02397953,      -12.49688201,      -5.476234468,      -3.566420479,   2.487473341e-06,      0.1615068781,                 1,                 1,                 1,    0.001789260784,     0.01072632885,      0.6046081487,                 0,                 0,                 0,     0.07806553872,    -0.01038072543,      0.6046141812,                 0,       56.36673618,    0.002390236486
          0,           0,         220,      -11.35791968,        -9.6818029,      -10.29280347,      -11.02430714,      -12.49697855,      -5.476366719,      -3.567327834,   2.487473341e-06,      0.1615068781,                 1,                 1,                 1,    0.001789260784,      0.0107263175,      0.6046080021,                 0,                 0,                 0,     0.07806551551,    -0.01038073166,      0.6046140344,                 0,        56.3667822,    0.002390236486
          0,           0,         221,      -11.35815147,      -9.681803461,      -10.29281006,      -11.02461492,      -12.49707455,      -5.476498911,      -3.568226308,   2.487473341e-06,      0.1615068781,                 1,                 1,                 1,    0.001789260784,     0.01072630615,      0.6046078555,                 0,                 0,                 0,     0.07806549224,    -0.01038073789,      0.6046138875,                 0,       56.36682817,    0.002390236486
          0,           0,         222,       -11.3583686,      -9.681803992,      -10.29281659,      -11.02490399,         -12.49717,      -5.476631044,      -3.569116157,   2.487473342e-06,      0.1615068781,                 1,                 1,                 1,    0.001789260784,     0.01072629481,      0.6046077089,                 0,                 0,                 0,     0.07806546892,    -0.01038074411,      0.6046137405,                 0,        56.3668741,    0.002390236486
          0,           0,         223,      -11.35857261,      -9.681804495,      -10.29282306,      -11.02517601,      -12.49726492,      -5.476763118,      -3.569997625,   2.487473342e-06,      0.1615068781,                 1,                 1,                 1,    0.001789260784,     0.01072628348,      0.6046075623,                 0,                 0,                 0,     0.07806544556,    -0.01038075031,      0.6046135936,                 0,       56.36691997,    0.002390236486
          0,           0,         224,      -11.35876525,      -9.681804973,      -10.29282942,      -11.02543319,      -12.49735929,      -5.476895134,      -3.570870944,   2.487473342e-06,      0.1615068781,                 1,                 1,                 1,    0.001789260784,     0.01072627216,      0.6046074156,                 0,                 0,                 0,     0.07806542215,     -0.0103807565,      0.6046134466,                 0,       56.36696577,    0.002390236486
          0,           0,         225,      -11.35894822,       -9.68180543,      -10.29283567,      -11.02567777,      -12.49745313,      -5.477027092,      -3.571736334,   2.487473343e-06,      0.1615068781,                 1,                 1,                 1,    0.001789260784,     0.01072626086,       0.604607269,                 0,                 0,                 0,     0.07806539871,    -0.01038076268,      0.6046132997,                 0,       56.36701148,    0.002390236486
          0,           0,         226,      -11.35912314,      -9.681805868,      -10.29284178,      -11.02591193,      -12.49754521,      -5.477158991,      -3.572594005,   2.487473343e-06,      0.1615068781,                 1,                 1,                 1,    0.001789260784,     0.01072624957,      0.6046071223,                 0,                 0,                 0,     0.07806537522,    -0.01038076884,      0.6046131527,                 0,       56.36705711,    0.002390236486
          0,           0,         227,      -11.35929143,       -9.68180629,      -10.29284774,      -11.02613767,      -12.49763473,      -5.477290831,      -3.573444156,   2.487473343e-06,      0.1615068781,                 1,                 1,                 1,    0.001789260784,     0.01072623831,      0.6046069756,                 0,                 0,                 0,     0.07806535171,    -0.01038077498,      0.6046130057,                 0,       56.36710264,    0.002390236486
          0,           0,         228,      -11.35945442,      -9.681806699,      -10.29285355,      -11.02635681,      -12.49772371,      -5.477422614,      -3.574286979,   2.487473344e-06,      0.1615068781,                 1,                 1,                 1,    0.001789260784,     0.01072622706,       0.604606829,                 0,                 0,                 0,     0.07806532816,     -0.0103807811,      0.6046128587,                 0,       56.36714807,    0.002390236486
          0,           0,         229,      -11.35961293,      -9.681807096,      -10.29285919,      -11.02657049,      -12.49781215,      -5.477554338,      -3.575122655,   2.487473344e-06,      0.1615068781,                 1,                 1,                 1,    0.001789260784,     0.01072621583,      0.6046066823,                 0,                 0,                 0,     0.07806530458,     -0.0103807872,      0.6046127118,                 0,        56.3671934,    0.002390236486
          0,           0,         230,      -11.35976786,      -9.681807484,      -10.29286465,      -11.02677993,      -12.49790006,      -5.477686004,      -3.575951358,   2.487473344e-06,      0.1615068781,                 1,                 1,                 1,    0.001789260784,     0.01072620462,      0.6046065356,                 0,                 0,                 0,     0.07806528098,    -0.01038079329,      0.6046125648,                 0,       56.36723863,    0.002390236486
          0,           0,         231,      -11.35991979,      -9.681807863,      -10.29286995,      -11.02698587,      -12.49798742,      -5.477817611,      -3.576773256,   2.487473345e-06,      0.1615068781,                 1,                 1,                 1,    0.001789260784,     0.01072619344,      0.6046063889,                 0,                 0,                 0,     0.07806525734,    -0.01038079935,      0.6046124178,                 0,       56.36728374,    0.002390236486
          0,           0,         232,      -11.36006911,      -9.681808235,      -10.29287505,      -11.02718877,      -12.49807425,      -5.477949161,      -3.577588507,   2.487473345e-06,      0.1615068781,                 1,                 1,                 1,    0.001789260784,     0.01072618227,      0.6046062422,                 0,                 0,                 0,     0.07806523368,    -0.01038080539,      0.6046122708,                 0,       56.36732875,    0.002390236486
          0,           0,         233,      -11.36021624,      -9.681808602,      -10.29287998,      -11.02738903,      -12.49816054,      -5.478080653,      -3.578397264,   2.487473345e-06,      0.1615068781,                 1,                 1,                 1,    0.001789260784,     0.01072617112,      0.6046060955,                 0,                 0,                 0,     0.07806520998,    -0.01038081141,      0.6046121238,                 0,       56.36737366,    0.002390236486
          0,           0,         234,      -11.36036132,      -9.681808963,      -10.29288472,      -11.02758676,       -12.4982463,      -5.478212087,      -3.579199676,   2.487473345e-06,      0.1615068781,                 1,                 1,                 1,    0.001789260784,     0.01072615999,      0.6046059488,                 0,                 0,                 0,     0.07806518625,    -0.01038081741,      0.6046119767,                 0,       56.36741846,    0.002390236486
          0,           0,         235,      -11.36050459,      -9.681809321,      -10.29288928,      -11.02778211,      -12.49833152,      -5.478343464,      -3.579995883,   2.487473346e-06,      0.1615068781,                 1,                 1,                 1,    0.001789260784,     0.01072614888,       0.604605802,                 0,                 0,                 0,     0.07806516249,    -0.01038082339,      0.6046118297,                 0,       56.36746317,    0.002390236486
          0,           0,         236,      -11.36064605,      -9.681809674,      -10.29289364,      -11.02797504,       -12.4984162,      -5.478474782,      -3.580786022,   2.487473346e-06,      0.1615068781,                 1,                 1,                 1,    0.001789260784,     0.01072613779,      0.6046056552,                 0,                 0,                 0,     0.07806513868,    -0.01038082935,      0.6046116825,                 0,       56.36750778,    0.002390236486
          0,           0,         237,      -11.36078592,      -9.681810025,      -10.29289782,       -11.0281657,      -12.49850035,      -5.478606043,      -3.581570226,   2.487473346e-06,      0.1615068781,                 1,                 1,                 1,    0.001789260784,     0.01072612671,      0.6046055083,                 0,                 0,                 0,     0.07806511484,     -0.0103808353,      0.6046115354,                 0,        56.3675523,    0.002390236486
          0,           0,         238,      -11.36092421,      -9.681810373,      -10.29290181,        -11.028354,      -12.49858397,      -5.478737247,       -3.58234862,   2.487473347e-06,      0.1615068781,                 1,                 1,                 1,    0.001789260784,     0.01072611565,      0.6046053613,                 0,                 0,                 0,     0.07806509095,    -0.01038084123,      0.6046113881,                 0,       56.36759674,    0.002390236486
          0,           0,         239,      -11.36106093,      -9.681810719,      -10.29290562,       -11.0285399,      -12.49866705,      -5.478868393,      -3.583121329,   2.487473347e-06,      0.1615068781,                 1,                 1,                 1,    0.001789260784,      0.0107261046,      0.6046052143,                 0,                 0,                 0,     0.07806506701,    -0.01038084714,      0.6046112408,                 0,        56.3676411,    0.002390236486
          0,           0,         240,      -11.36119613,      -9.681811063,      -10.29290924,      -11.02872339,       -12.4987496,      -5.478999481,       -3.58388847,   2.487473347e-06,      0.1615068781,                 2,                 2,                 2,    0.001789260784,     0.01072609356,      0.6046050671,                 0,                 0,                 0,     0.07806504301,    -0.01038085304,      0.6046110933,                 0,        56.3676854,    0.002390236486
          0,           0,         241,      -11.36132991,      -9.681811405,      -10.29291268,      -11.02890459,      -12.49882889,      -5.479130623,      -3.584605845,   4.974946696e-06,      0.3230137562,                 4,                 4,                 4,    0.001789260784,      0.0107260715,      0.6046047722,                 0,                 0,                 0,     0.07806499471,    -0.01038086479,      0.6046107978,                 0,       56.36777381,    0.002390236486
          0,           0,         242,      -11.36126576,        -9.6818115,      -10.29291621,      -11.02885597,      -12.49890549,      -5.479260102,      -3.585230428,   9.949893394e-06,      0.6460275125,                 8,                 8,                 8,    0.001789260784,     0.01072602725,      0.6046041781,                 0,                 0,                 0,     0.07806489637,    -0.01038088828,      0.6046102026,                 0,       56.36795097,    0.002390236486
          0,           0,         243,      -11.36110204,      -9.681810893,      -10.29290415,      -11.02870568,      -12.49897735,      -5.479386334,      -3.585674215,    1.98997868e-05,       1.292055025,                16,                16,                16,    0.001789260784,     0.01072593774,      0.6046029673,                 0,                 0,                 0,     0.07806469216,    -0.01038093547,      0.6046089893,                 0,       56.36830847,    0.002390236486
          0,           0,         244,      -11.36165549,      -9.681808375,      -10.29280413,      -11.02945391,      -12.49904048,      -5.479506152,      -3.585752523,   3.979957364e-05,        2.58411005,               1.6,               1.6,               1.6,    0.001789260784,     0.01072576991,       0.604600534,                 0,                 0,                 0,     0.07806430398,    -0.01038101828,      0.6046065517,                 0,       56.36896362,    0.002390236486
          0,           0,         245,       -11.3614382,      -9.681798344,      -10.29238485,       -11.0289254,      -12.49916964,       -5.47960982,      -3.586488737,   3.979957372e-06,       0.258411005,                 1,                 1,                 1,    0.001789260784,     0.01072575314,      0.6046002904,                 0,                 0,                 0,     0.07806426509,    -0.01038102654,      0.6046063076,                 0,       56.36902904,    0.002390236486
          0,           0,         246,      -11.35945389,      -9.681806917,       -10.2925768,      -11.02556832,       -12.4992517,      -5.479739512,        -3.5872462,   2.487473358e-06,      0.1615068781,                 1,                 1,                 1,    0.001789260784,     0.01072574272,      0.6046001381,                 0,                 0,                 0,     0.07806424086,    -0.01038103164,       0.604606155,                 0,       56.36906963,    0.002390236486
          0,           0,         247,      -11.35667106,      -9.681810956,      -10.29269015,      -11.02156435,      -12.49933126,      -5.479870232,      -3.587997694,   2.487473358e-06,      0.1615068781,                 2,                 2,                 2,    0.001789260784,     0.01072573237,      0.6045999857,                 0,                 0,                 0,     0.07806421674,    -0.01038103667,      0.6046060024,                 0,       56.36910983,    0.002390236486
          0,           0,         248,      -11.35698174,      -9.681813382,      -10.29275766,        -11.021877,      -12.49940769,      -5.480001003,      -3.588697764,   4.974946718e-06,      0.3230137563,                 1,                 1,                 1,    0.001789260784,     0.01072571199,       0.604599681,                 0,                 0,                 0,     0.07806416911,     -0.0103810464,      0.6046056972,                 0,       56.36918851,    0.002390236486
          0,           0,         249,      -11.36299356,      -9.681814415,      -10.29279936,      -11.03008719,      -12.49948983,      -5.480129819,      -3.589439103,   2.487473359e-06,      0.1615068781,                 2,                 2,                 2,    0.001789260784,     0.01072570187,      0.6045995288,                 0,                 0,                 0,     0.07806414541,     -0.0103810512,      0.6046055447,                 0,       56.36922751,    0.002390236486
          0,           0,         250,      -11.36502153,      -9.681814561,      -10.29280451,      -11.03293108,      -12.49956532,      -5.480260476,      -3.590129778,    4.97494672e-06,      0.3230137563,                 4,                 4,                 4,    0.001789260784,       0.010725682,      0.6045992248,                 0,                 0,                 0,     0.07806409884,    -0.01038106045,      0.6046052402,                 0,       56.36930357,    0.002390236486
          0,           0,         251,      -11.36608848,      -9.681813867,      -10.29281577,      -11.03464735,      -12.49963861,      -5.480389531,       -3.59072675,   9.949893442e-06,      0.6460275126,                 8,                 8,                 8,    0.001789260784,     0.01072564409,      0.6045986222,                 0,                 0,                 0,     0.07806401024,     -0.0103810773,      0.6046046366,                 0,       56.36944662,    0.002390236486
          0,           0,         252,       -11.3635592,      -9.681812843,       -10.2928151,      -11.03160288,      -12.49970792,      -5.480515469,      -3.591141729,   1.989978689e-05,       1.292055025,                16,                16,                16,    0.001789260784,     0.01072557739,      0.6045974535,                 0,                 0,                 0,     0.07806385812,    -0.01038110318,      0.6046034664,                 0,       56.36968821,    0.002390236486
          0,           0,         253,       -11.3633527,      -9.681812295,      -10.29266798,      -11.03149847,      -12.49977005,      -5.480635247,      -3.591189464,   3.979957383e-05,       2.584110051,                32,                32,                32,    0.001789260784,     0.01072546693,      0.6045952127,                 0,                 0,                 0,     0.07806362061,    -0.01038113537,       0.604601223,                 0,       56.37005984,    0.002390236486
          0,           0,         254,      -11.36373367,      -9.681805596,       -10.2921913,      -11.03168708,      -12.49981888,      -5.480742735,      -3.590463385,   7.959914782e-05,       5.168220102,               3.2,               3.2,               3.2,    0.001789260784,     0.01072523217,      0.6045906093,                 0,                 0,                 0,     0.07806311021,    -0.01038120933,      0.6045966142,                 0,        56.3708645,    0.002390236486
          0,           0,         255,      -11.35061416,      -9.681763068,      -10.29089883,      -11.01377949,      -12.50000345,      -5.480818755,      -3.591123083,   7.959914813e-06,      0.5168220103,               6.4,               6.4,               6.4,    0.001789260784,     0.01072521179,      0.6045901595,                 0,                 0,                 0,      0.0780630652,      -0.010381214,       0.604596164,                 0,       56.37092967,    0.002390236486
          0,           0,         256,      -11.32463127,      -9.681791084,      -10.29195467,       -10.9785756,      -12.50007401,      -5.480945772,      -3.591614177,   1.591982963e-05,       1.033644021,              12.8,              12.8,              12.8,    0.001789260784,     0.01072516712,      0.6045892425,                 0,                 0,                 0,     0.07806296612,    -0.01038122664,       0.604595246,                 0,       56.37107898,    0.002390236486
          0,           0,         257,      -11.35197803,      -9.681803643,      -10.29238998,      -11.01440842,      -12.50013952,      -5.481067873,      -3.591785111,   3.183965929e-05,       2.067288041,              1.28,              1.28,              1.28,    0.001789260784,     0.01072505583,      0.6045873179,                 0,                 0,                 0,     0.07806271608,    -0.01038127069,      0.6045933187,                 0,       56.37148446,    0.002390236486
          0,           0,         258,      -11.36778312,      -9.681798818,      -10.29234469,      -11.03669671,      -12.50025879,      -5.481177479,      -3.592546675,   3.183965934e-06,      0.2067288041,              2.56,              2.56,              2.56,    0.001789260784,     0.01072504457,      0.6045871251,                 0,                 0,                 0,     0.07806269091,    -0.01038127522,      0.6045931257,                 0,       56.37152565,    0.002390236486
          0,           0,         259,      -11.36909674,      -9.681805065,      -10.29237316,      -11.03811903,      -12.50033128,      -5.481307296,      -3.593232126,   6.367931869e-06,      0.4134576082,              5.12,              5.12,              5.12,    0.001789260784,       0.010725021,       0.604586735,                 0,                 0,                 0,     0.07806263787,    -0.01038128515,      0.6045927349,                 0,       56.37161314,    0.002390236486
          0,           0,         260,      -11.36880762,      -9.681811827,      -10.29241134,      -11.03756092,       -12.5004015,      -5.481435135,      -3.593782821,   1.273586374e-05,      0.8269152165,             10.24,             10.24,             10.24,    0.001789260784,      0.0107249704,      0.6045859391,                 0,                 0,                 0,     0.07806252253,    -0.01038130795,      0.6045919378,                 0,       56.37180492,    0.002390236486
          0,           0,         261,      -11.36862659,      -9.681816124,      -10.29241412,      -11.03749763,      -12.50046764,      -5.481559104,      -3.594076415,    2.54717275e-05,       1.653830433,             20.48,             20.48,             20.48,    0.001789260784,     0.01072485848,       0.604584299,                 0,                 0,                 0,     0.07806226177,    -0.01038136256,      0.6045902948,                 0,       56.37224025,    0.002390236486
          0,           0,         262,       -11.3667439,      -9.681814616,      -10.29228029,      -11.03507645,      -12.50052615,      -5.481675414,      -3.593854158,   5.094345506e-05,       3.307660866,             40.96,             40.96,             40.96,    0.001789260784,     0.01072461774,       0.604580948,                 0,                 0,                 0,     0.07806168934,    -0.01038148621,      0.6045869374,                 0,       56.37319319,    0.002390236486
          0,           0,         263,      -11.36238983,      -9.681796871,      -10.29167133,      -11.02894259,       -12.5005703,      -5.481776409,      -3.592541142,   0.0001018869104,       6.615321733,             4.096,             4.096,             4.096,    0.001789260784,     0.01072421701,      0.6045748514,                 0,                 0,                 0,     0.07806083207,    -0.01038167393,      0.6045808305,                 0,       56.37473123,    0.002390236486
          0,           0,         264,      -11.33833792,      -9.681729941,      -10.28969172,      -10.99733364,      -12.50079049,      -5.481837729,      -3.593198252,   1.018869109e-05,      0.6615321735,             8.192,             8.192,             8.192,    0.001789260784,     0.01072418627,      0.6045742739,                 0,                 0,                 0,     0.07806076339,    -0.01038168449,      0.6045802523,                 0,       56.37483895,    0.002390236486
          0,           0,         265,      -11.29769866,      -9.681774474,       -10.2914908,      -10.94418454,      -12.50085869,      -5.481963084,      -3.593613329,   2.037738218e-05,       1.323064347,            16.384,            16.384,            16.384,    0.001789260784,     0.01072412151,      0.6045731286,                 0,                 0,                 0,     0.07806062774,    -0.01038170924,      0.6045791054,                 0,       56.37507258,    0.002390236486
          0,           0,         266,      -11.34641541,      -9.681793435,      -10.29205579,      -11.00666912,      -12.50092128,      -5.482082316,      -3.593575944,   4.075476441e-05,       2.646128694,            32.768,            32.768,            32.768,    0.001789260784,     0.01072397335,      0.6045708431,                 0,                 0,                 0,     0.07806034092,    -0.01038177755,      0.6045768162,                 0,       56.37563836,    0.002390236486
          0,           0,         267,      -11.36489831,       -9.68178632,      -10.29191125,      -11.03262917,      -12.50097189,       -5.48218938,      -3.592619533,     8.1509529e-05,       5.292257388,            3.2768,            3.2768,            3.2768,    0.001789260784,     0.01072366588,      0.6045663416,                 0,                 0,                 0,     0.07805976117,    -0.01038192773,      0.6045723066,                 0,       56.37683495,    0.002390236486
          0,           0,         268,      -11.35360023,      -9.681739619,      -10.29032414,      -11.01773424,      -12.50116322,      -5.482264857,      -3.593374632,   8.150952936e-06,      0.5292257389,            6.5536,            6.5536,            6.5536,    0.001789260784,     0.01072363821,      0.6045659033,                 0,                 0,                 0,     0.07805970925,    -0.01038194009,      0.6045718676,                 0,       56.37693955,    0.002390236486
          0,           0,         269,       -11.3285439,      -9.681774133,      -10.29144358,      -10.98333422,      -12.50123199,      -5.482391309,      -3.593915571,   1.630190588e-05,       1.058451478,           13.1072,           13.1072,           13.1072,    0.001789260784,     0.01072358094,      0.6045650238,                 0,                 0,                 0,     0.07805960146,    -0.01038196663,      0.6045709867,                 0,       56.37715863,    0.002390236486
          0,           0,         270,      -11.35074225,       -9.68179215,      -10.29197628,      -11.01248824,      -12.50129659,      -5.482512883,       -3.59407096,   3.260381179e-05,       2.116902956,           26.2144,           26.2144,           26.2144,    0.001789260784,      0.0107234565,      0.6045632373,                 0,                 0,                 0,      0.0780593639,    -0.01038202864,      0.6045691969,                 0,       56.37764625,    0.002390236486
          0,           0,         271,      -11.36935004,      -9.681788419,       -10.2919595,       -11.0386218,      -12.50135207,      -5.482624806,      -3.593468714,   6.520762371e-05,       4.233805912,           2.62144,           2.62144,           2.62144,    0.001789260784,     0.01072320055,      0.6045596047,                 0,                 0,                 0,     0.07805885751,    -0.01038215767,      0.6045655576,                 0,       56.37865319,    0.002390236486
          0,           0,         272,      -11.36117581,      -9.681756793,      -10.29093323,      -11.02767791,      -12.50152058,      -5.482711621,      -3.594289268,   6.520762395e-06,      0.4233805912,           5.24288,           5.24288,           5.24288,    0.001789260784,     0.01072317589,      0.6045592446,                 0,                 0,                 0,     0.07805880856,    -0.01038216974,      0.6045651969,                 0,       56.37874923,    0.002390236486
          0,           0,         273,      -11.34987698,      -9.681780511,      -10.29155046,      -11.01121312,      -12.50158946,      -5.482838904,      -3.594926836,   1.304152479e-05,      0.8467611824,          10.48576,          10.48576,          10.48576,    0.001789260784,     0.01072312661,      0.6045585218,                 0,                 0,                 0,     0.07805870927,    -0.01038219377,      0.6045644728,                 0,       56.37894096,    0.002390236486
          0,           0,         274,      -11.35756133,      -9.681794746,      -10.29195131,      -11.02142774,      -12.50165521,      -5.482962312,      -3.595243646,   2.608304961e-05,       1.693522365,          20.97152,          20.97152,          20.97152,    0.001789260784,     0.01072302718,      0.6045570643,                 0,                 0,                 0,     0.07805850585,    -0.01038224227,      0.6045630127,                 0,       56.37932781,    0.002390236486
          0,           0,         275,      -11.37191094,      -9.681793071,      -10.29197929,      -11.04173809,      -12.50171419,      -5.483078083,      -3.594945414,    5.21660993e-05,        3.38704473,          41.94304,          41.94304,          41.94304,    0.001789260784,     0.01072282841,      0.6045541042,                 0,                 0,                 0,     0.07805809144,    -0.01038233761,      0.6045600475,                 0,       56.38009682,    0.002390236486
          0,           0,         276,      -11.36575509,      -9.681773181,       -10.2913212,      -11.03353922,      -12.50176042,      -5.483178571,       -3.59338252,   0.0001043321989,        6.77408946,          4.194304,          4.194304,          4.194304,    0.001789260784,     0.01072247016,      0.6045483606,                 0,                 0,                 0,     0.07805742305,    -0.01038249519,      0.6045542949,                 0,        56.3814449,    0.002390236486
          0,           0,         277,       -11.3388606,      -9.681705484,      -10.28906822,      -10.99790764,      -12.50198883,      -5.483239023,      -3.594156629,   1.043321994e-05,      0.6774089462,          8.388608,          8.388608,          8.388608,    0.001789260784,     0.01072244438,      0.6045478183,                 0,                 0,                 0,      0.0780573741,    -0.01038250204,       0.604553752,                 0,       56.38152992,    0.002390236486
          0,           0,         278,      -11.29404888,      -9.681754562,      -10.29104223,      -10.93951253,      -12.50205619,       -5.48336383,      -3.594637402,    2.08664399e-05,       1.354817892,         16.777216,         16.777216,         16.777216,    0.001789260784,     0.01072238529,      0.6045467153,                 0,                 0,                 0,     0.07805726684,     -0.0103825226,      0.6045526476,                 0,       56.38173775,    0.002390236486
          0,           0,         279,      -11.34642382,      -9.681776251,       -10.2916483,      -11.00643568,       -12.5021187,      -5.483482525,      -3.594590088,   4.173287985e-05,       2.709635785,         33.554432,         33.554432,         33.554432,    0.001789260784,     0.01072223205,      0.6045444062,                 0,                 0,                 0,     0.07805699003,    -0.01038259516,      0.6045503346,                 0,       56.38232817,    0.002390236486
          0,           0,         280,      -11.36617905,      -9.681769713,      -10.29149853,      -11.03406329,      -12.50217072,      -5.483589074,      -3.593494732,   8.346575989e-05,        5.41927157,         3.3554432,         3.3554432,         3.3554432,    0.001789260784,     0.01072188915,      0.6045396543,                 0,                 0,                 0,     0.07805634919,      -0.010382772,      0.6045455736,                 0,       56.38368814,    0.002390236486
          0,           0,         281,      -11.35362743,       -9.68172228,      -10.28982144,      -11.01742863,      -12.50236837,      -5.483663738,       -3.59437095,   8.346576027e-06,      0.5419271571,         6.7108864,         6.7108864,         6.7108864,    0.001789260784,     0.01072185799,      0.6045391901,                 0,                 0,                 0,     0.07805629092,    -0.01038278695,      0.6045451086,                 0,       56.38380874,    0.002390236486
          0,           0,         282,      -11.32648707,      -9.681759033,       -10.2910147,       -10.9803793,       -12.5024362,      -5.483789646,      -3.594992724,   1.669315206e-05,       1.083854314,        13.4217728,        13.4217728,        13.4217728,    0.001789260784,     0.01072179276,      0.6045382514,                 0,                 0,                 0,     0.07805616745,    -0.01038281937,      0.6045441682,                 0,       56.38406419,    0.002390236486
          0,           0,         283,      -11.35070266,      -9.681778589,      -10.29156283,      -11.01208893,      -12.50250046,      -5.483910685,      -3.595170644,   3.338630416e-05,       2.167708628,        26.8435456,        26.8435456,        26.8435456,    0.001789260784,     0.01072165131,       0.604536336,                 0,                 0,                 0,     0.07805589529,    -0.01038289389,       0.604542249,                 0,       56.38462943,    0.002390236486
          0,           0,         284,      -11.36975675,      -9.681775917,      -10.29152887,      -11.03877488,      -12.50255677,      -5.484022088,      -3.594493536,   6.677260844e-05,       4.335417257,        2.68435456,        2.68435456,        2.68435456,    0.001789260784,     0.01072136874,      0.6045324708,                 0,                 0,                 0,     0.07805534034,     -0.0103830414,      0.6045383763,                 0,       56.38575497,    0.002390236486
          0,           0,         285,      -11.36106985,       -9.68174479,      -10.29041629,      -11.02716382,         -12.50273,      -5.484108144,      -3.595425602,    6.67726087e-06,      0.4335417258,        5.36870912,        5.36870912,        5.36870912,    0.001789260784,     0.01072134161,       0.604532088,                 0,                 0,                 0,     0.07805528687,    -0.01038305516,      0.6045379929,                 0,       56.38586198,    0.002390236486
          0,           0,         286,      -11.34832909,      -9.681770024,      -10.29107791,      -11.00880459,      -12.50279785,      -5.484234888,      -3.596143629,   1.335452174e-05,      0.8670834515,       10.73741824,       10.73741824,       10.73741824,    0.001789260784,     0.01072128773,      0.6045313213,                 0,                 0,                 0,     0.07805517968,    -0.01038308224,      0.6045372247,                 0,       56.38607381,    0.002390236486
          0,           0,         287,      -11.35724073,      -9.681785389,      -10.29148865,      -11.02065043,      -12.50286306,      -5.484357773,      -3.596496213,   2.670904351e-05,       1.734166903,       21.47483648,       21.47483648,       21.47483648,    0.001789260784,     0.01072118027,      0.6045297821,                 0,                 0,                 0,     0.07805496438,    -0.01038313592,      0.6045356827,                 0,       56.38649542,    0.002390236486
          0,           0,         288,      -11.37229411,      -9.681784555,      -10.29149883,      -11.04192626,      -12.50292242,      -5.484473042,      -3.596160211,    5.34180871e-05,       3.468333806,       42.94967296,       42.94967296,       42.94967296,    0.001789260784,     0.01072096881,      0.6045266733,                 0,                 0,                 0,     0.07805453682,    -0.01038323876,      0.6045325684,                 0,       56.38731761,    0.002390236486
          0,           0,         289,      -11.36586943,      -9.681764913,      -10.29077486,      -11.03342908,      -12.50297089,      -5.484573067,      -3.594425674,   0.0001068361745,       6.936667613,       4.294967296,       4.294967296,       4.294967296,    0.001789260784,     0.01072059026,      0.6045206762,                 0,                 0,                 0,     0.07805386354,    -0.01038340778,      0.6045265618,                 0,       56.38874927,    0.002390236486
          0,           0,         290,      -11.33705119,      -9.681695162,      -10.28838526,      -10.99551441,      -12.50320758,      -5.484632623,      -3.595287435,   1.068361751e-05,      0.6936667615,       8.589934592,       8.589934592,       8.589934592,    0.001789260784,     0.01072056352,      0.6045201119,                 0,                 0,                 0,     0.07805381589,    -0.01038341481,      0.6045259969,                 0,       56.38883729,    0.002390236486
          0,           0,         291,      -11.29006966,      -9.681746729,      -10.29047202,      -10.93459248,      -12.50327429,      -5.484756905,      -3.595819195,   2.136723503e-05,       1.387333523,       17.17986918,       17.17986918,       17.17986918,    0.001789260784,     0.01072050146,      0.6045189627,                 0,                 0,                 0,     0.07805370961,    -0.01038343673,      0.6045248462,                 0,       56.38905654,    0.002390236486
          0,           0,         292,      -11.34584705,      -9.681769295,      -10.29108957,      -11.00568177,      -12.50333687,      -5.484875087,      -3.595765902,   4.273447012e-05,       2.774667046,       34.35973837,       34.35973837,       34.35973837,    0.001789260784,     0.01072033874,      0.6045165506,                 0,                 0,                 0,     0.07805342609,    -0.01038351517,      0.6045224298,                 0,       56.38968743,    0.002390236486
          0,           0,         293,      -11.36580194,      -9.681761749,      -10.29092383,      -11.03365101,      -12.50339036,      -5.484981152,      -3.594564531,   8.546894044e-05,       5.549334093,       3.435973837,       3.435973837,       3.435973837,    0.001789260784,     0.01071997737,      0.6045115969,                 0,                 0,                 0,     0.07805276453,    -0.01038370344,      0.6045174666,                 0,       56.39112624,    0.002390236486
          0,           0,         294,       -11.3521188,      -9.681709774,      -10.28917387,      -11.01568869,      -12.50359415,      -5.485054983,      -3.595528328,   8.546894083e-06,      0.5549334093,       6.871947674,       6.871947674,       6.871947674,    0.001789260784,     0.01071994475,      0.6045111139,                 0,                 0,                 0,     0.07805270483,    -0.01038371917,      0.6045169828,                 0,       56.39125274,    0.002390236486
          0,           0,         295,      -11.32285133,      -9.681748102,      -10.29045097,      -10.97596204,      -12.50366122,      -5.485180367,      -3.596208606,   1.709378817e-05,       1.109866819,       13.74389535,       13.74389535,       13.74389535,    0.001789260784,     0.01071987636,       0.604510137,                 0,                 0,                 0,      0.0780525777,    -0.01038375343,       0.604516004,                 0,       56.39152136,    0.002390236486
          0,           0,         296,      -11.34943568,       -9.68176794,      -10.29102049,      -11.01071853,      -12.50372529,      -5.485300894,      -3.596400926,   3.418757638e-05,       2.219733637,       1.374389535,       1.374389535,       1.374389535,    0.001789260784,     0.01071972783,       0.604508143,                 0,                 0,                 0,      0.0780522955,    -0.01038383228,       0.604514006,                 0,       56.39211674,    0.002390236486
          0,           0,         297,      -11.36892595,      -9.681764017,      -10.29098574,      -11.03804672,      -12.50384902,      -5.485408621,      -3.597479493,   3.418757645e-06,      0.2219733638,                 1,                 1,                 1,    0.001789260784,     0.01071971285,      0.6045079434,                 0,                 0,                 0,     0.07805226714,    -0.01038384029,      0.6045138061,                 0,       56.39217691,    0.002390236486
          0,           0,         298,      -11.37008875,      -9.681771856,      -10.29102918,      -11.03919923,       -12.5039213,      -5.485536568,      -3.598547339,   2.487473572e-06,      0.1615068786,                 2,                 2,                 2,    0.001789260784,     0.01071970187,       0.604507798,                 0,                 0,                 0,      0.0780522463,    -0.01038384618,      0.6045136603,                 0,       56.39222109,    0.002390236486
          0,           0,         299,      -11.36966188,      -9.681776668,      -10.29106643,       -11.0384105,        -12.503989,      -5.485665196,      -3.599507769,   4.974947145e-06,      0.3230137572,                 4,                 4,                 4,    0.001789260784,     0.01071967969,       0.604507506,                 0,                 0,                 0,     0.07805220391,    -0.01038385816,      0.6045133678,                 0,       56.39231053,    0.002390236486
          0,           0,         300,      -11.36971225,      -9.681782211,       -10.2911046,      -11.03846679,      -12.50405554,      -5.485792394,      -3.600303788,   9.949894292e-06,      0.6460275145,                 8,                 8,                 8,    0.001789260784,     0.01071963478,      0.6045069191,                 0,                 0,                 0,      0.0780521171,    -0.01038388257,      0.6045127797,                 0,       56.39249207,    0.002390236486
          0,           0,         301,      -11.36978254,      -9.681786496,      -10.29112066,      -11.03887628,      -12.50412022,      -5.485916817,      -3.600819693,    1.98997886e-05,       1.292055029,                16,                16,                16,    0.001789260784,     0.01071954402,       0.604505738,                 0,                 0,                 0,     0.07805193822,    -0.01038393204,      0.6045115961,                 0,       56.39285931,    0.002390236486
          0,           0,         302,      -11.36744559,      -9.681787102,      -10.29105007,      -11.03602359,      -12.50418163,      -5.486035774,      -3.600817141,   3.979957724e-05,       2.584110058,               1.6,               1.6,               1.6,    0.001789260784,     0.01071936455,      0.6045033566,                 0,                 0,                 0,     0.07805157334,    -0.01038402829,      0.6045092099,                 0,       56.39358132,    0.002390236486
          0,           0,         303,      -11.36517895,      -9.681776473,      -10.29064984,      -11.03292702,      -12.50431445,      -5.486140073,      -3.601766723,   3.979957733e-06,      0.2584110058,                 1,                 1,                 1,    0.001789260784,     0.01071934659,      0.6045031185,                 0,                 0,                 0,     0.07805153682,    -0.01038403794,      0.6045089713,                 0,       56.39365361,    0.002390236486
          0,           0,         304,      -11.36378915,      -9.681786503,      -10.29084953,      -11.03031298,      -12.50438538,      -5.486267381,      -3.602730137,   2.487473583e-06,      0.1615068786,                 1,                 1,                 1,    0.001789260784,     0.01071933538,      0.6045029696,                 0,                 0,                 0,     0.07805151397,    -0.01038404394,      0.6045088221,                 0,       56.39369868,    0.002390236486
          0,           0,         305,      -11.36059102,      -9.681791394,       -10.2909733,       -11.0257229,       -12.5044532,      -5.486395593,      -3.603667505,   2.487473584e-06,      0.1615068786,                 1,                 1,                 1,    0.001789260784,     0.01071932421,      0.6045028207,                 0,                 0,                 0,     0.07805149109,    -0.01038404991,      0.6045086729,                 0,       56.39374357,    0.002390236486
          0,           0,         306,       -11.3605611,      -9.681794545,      -10.29105043,      -11.02557235,      -12.50452056,      -5.486523749,      -3.604581198,   2.487473584e-06,      0.1615068786,                 1,                 1,                 1,    0.001789260784,     0.01071931307,      0.6045026716,                 0,                 0,                 0,      0.0780514682,    -0.01038405584,      0.6045085236,                 0,       56.39378827,    0.002390236486
          0,           0,         307,      -11.36321082,      -9.681796303,      -10.29108697,      -11.02914525,      -12.50458743,      -5.486651851,      -3.605473253,   2.487473585e-06,      0.1615068786,                 1,                 1,                 1,    0.001789260784,     0.01071930196,      0.6045025225,                 0,                 0,                 0,     0.07805144529,    -0.01038406174,      0.6045083742,                 0,       56.39383279,    0.002390236486
          0,           0,         308,      -11.36651182,      -9.681797077,      -10.29110098,      -11.03369597,       -12.5046538,      -5.486779898,      -3.606345469,   2.487473585e-06,      0.1615068786,                 1,                 1,                 1,    0.001789260784,     0.01071929089,      0.6045023734,                 0,                 0,                 0,     0.07805142238,     -0.0103840676,      0.6045082247,                 0,       56.39387712,    0.002390236486
          0,           0,         309,      -11.36876741,      -9.681797261,      -10.29110816,      -11.03689546,      -12.50471967,      -5.486907891,      -3.607199443,   2.487473585e-06,      0.1615068786,                 1,                 1,                 1,    0.001789260784,     0.01071927986,      0.6045022242,                 0,                 0,                 0,     0.07805139946,    -0.01038407342,      0.6045080752,                 0,       56.39392127,    0.002390236486
          0,           0,         310,      -11.36938126,      -9.681797189,      -10.29111629,      -11.03788528,      -12.50478501,      -5.487035831,       -3.60803659,   2.487473586e-06,      0.1615068786,                 1,                 1,                 1,    0.001789260784,     0.01071926885,      0.6045020749,                 0,                 0,                 0,     0.07805137654,    -0.01038407921,      0.6045079257,                 0,       56.39396523,    0.002390236486
          0,           0,         311,       -11.3687123,      -9.681797111,      -10.29112637,      -11.03712344,      -12.50484982,      -5.487163717,      -3.608858168,   2.487473586e-06,      0.1615068786,                 1,                 1,                 1,    0.001789260784,     0.01071925788,      0.6045019256,                 0,                 0,                 0,     0.07805135362,    -0.01038408496,      0.6045077761,                 0,       56.39400902,    0.002390236486
          0,           0,         312,      -11.36750545,      -9.681797187,      -10.29113628,       -11.0356139,      -12.50491411,      -5.487291551,      -3.609665303,   2.487473586e-06,      0.1615068786,                 1,                 1,                 1,    0.001789260784,     0.01071924694,      0.6045017762,                 0,                 0,                 0,      0.0780513307,    -0.01038409068,      0.6045076264,                 0,       56.39405263,    0.002390236486
          0,           0,         313,      -11.36640034,      -9.681797495,      -10.29114386,      -11.03422412,      -12.50497785,      -5.487419332,      -3.610458999,   2.487473587e-06,      0.1615068786,                 1,                 1,                 1,    0.001789260784,     0.01071923604,      0.6045016268,                 0,                 0,                 0,     0.07805130778,    -0.01038409636,      0.6045074767,                 0,       56.39409606,    0.002390236486
          0,           0,         314,       -11.3657272,      -9.681798053,      -10.29114828,      -11.03340179,      -12.50504107,       -5.48754706,      -3.611240156,   2.487473587e-06,      0.1615068786,                 1,                 1,                 1,    0.001789260784,     0.01071922516,      0.6045014773,                 0,                 0,                 0,     0.07805128487,    -0.01038410201,      0.6045073269,                 0,       56.39413933,    0.002390236486
          0,           0,         315,      -11.36553374,      -9.681798831,      -10.29115003,      -11.03321243,      -12.50510375,      -5.487674736,      -3.612009586,   2.487473587e-06,      0.1615068786,                 1,                 1,                 1,    0.001789260784,     0.01071921432,      0.6045013278,                 0,                 0,                 0,     0.07805126196,    -0.01038410763,      0.6045071771,                 0,       56.39418243,    0.002390236486
          0,           0,         316,       -11.3657063,      -9.681799778,      -10.29115024,      -11.03350384,       -12.5051659,      -5.487802359,      -3.612768018,   2.487473588e-06,      0.1615068786,                 1,                 1,                 1,    0.001789260784,      0.0107192035,      0.6045011782,                 0,                 0,                 0,     0.07805123905,    -0.01038411322,      0.6045070272,                 0,       56.39422538,    0.002390236486
          0,           0,         317,      -11.36608662,      -9.681800827,      -10.29115002,      -11.03406325,      -12.50522753,      -5.487929929,      -3.613516113,   2.487473588e-06,      0.1615068786,                 1,                 1,                 1,    0.001789260784,     0.01071919272,      0.6045010285,                 0,                 0,                 0,     0.07805121615,    -0.01038411878,      0.6045068772,                 0,       56.39426817,    0.002390236486
          0,           0,         318,      -11.36654204,      -9.681801918,      -10.29115011,      -11.03471173,      -12.50528864,      -5.488057447,      -3.614254469,   2.487473588e-06,      0.1615068786,                 1,                 1,                 1,    0.001789260784,     0.01071918196,      0.6045008788,                 0,                 0,                 0,     0.07805119327,    -0.01038412431,      0.6045067273,                 0,        56.3943108,    0.002390236486
          0,           0,         319,      -11.36698916,      -9.681802998,      -10.29115079,      -11.03533648,      -12.50534923,      -5.488184911,       -3.61498363,   2.487473589e-06,      0.1615068786,                 1,                 1,                 1,    0.001789260784,     0.01071917123,       0.604500729,                 0,                 0,                 0,     0.07805117039,     -0.0103841298,      0.6045065772,                 0,       56.39435328,    0.002390236486
          0,           0,         320,      -11.36738858,      -9.681804028,      -10.29115206,      -11.03588431,       -12.5054093,      -5.488312323,       -3.61570409,   2.487473589e-06,      0.1615068786,                 1,                 1,                 1,    0.001789260784,     0.01071916052,      0.6045005792,                 0,                 0,                 0,     0.07805114753,    -0.01038413527,      0.6045064271,                 0,       56.39439561,    0.002390236486
          0,           0,         321,      -11.36772886,      -9.681804983,      -10.29115376,      -11.03634044,      -12.50546886,      -5.488439682,      -3.616416301,   2.487473589e-06,      0.1615068786,                 1,                 1,                 1,    0.001789260784,     0.01071914985,      0.6045004294,                 0,                 0,                 0,     0.07805112468,    -0.01038414071,       0.604506277,                 0,       56.39443779,    0.002390236486
          0,           0,         322,       -11.3680123,      -9.681805849,      -10.29115571,      -11.03670943,      -12.50552791,      -5.488566988,      -3.617120675,    2.48747359e-06,      0.1615068786,                 1,                 1,                 1,    0.001789260784,      0.0107191392,      0.6045002794,                 0,                 0,                 0,     0.07805110184,    -0.01038414612,      0.6045061268,                 0,       56.39447983,    0.002390236486
          0,           0,         323,      -11.36824629,      -9.681806625,      -10.29115779,      -11.03700332,      -12.50558645,      -5.488694241,      -3.617817592,    2.48747359e-06,      0.1615068786,                 1,                 1,                 1,    0.001789260784,     0.01071912858,      0.6045001295,                 0,                 0,                 0,     0.07805107903,     -0.0103841515,      0.6045059765,                 0,       56.39452171,    0.002390236486
          0,           0,         324,      -11.36843933,      -9.681807316,      -10.29115991,      -11.03723618,      -12.50564447,      -5.488821441,      -3.618507397,   2.487473591e-06,      0.1615068786,                 1,                 1,                 1,    0.001789260784,     0.01071911799,      0.6044999794,                 0,                 0,                 0,     0.07805105624,    -0.01038415685,      0.6045058262,                 0,       56.39456344,    0.002390236486
          0,           0,         325,      -11.36859998,      -9.681807931,      -10.29116204,      -11.03742232,      -12.50570199,      -5.488948589,      -3.619190412,   2.487473591e-06,      0.1615068786,                 1,                 1,                 1,    0.001789260784,     0.01071910742,      0.6044998293,                 0,                 0,                 0,     0.07805103347,    -0.01038416217,      0.6045056758,                 0,       56.39460502,    0.002390236486
          0,           0,         326,      -11.36873644,      -9.681808481,      -10.29116416,      -11.03757544,      -12.50575899,      -5.489075684,       -3.61986693,   2.487473591e-06,      0.1615068786,                 1,                 1,                 1,    0.001789260784,     0.01071909689,      0.6044996792,                 0,                 0,                 0,     0.07805101072,    -0.01038416746,      0.6045055254,                 0,       56.39464643,    0.002390236486
          0,           0,         327,      -11.36885625,      -9.681808978,      -10.29116629,      -11.03770797,      -12.50581549,      -5.489202727,      -3.620537224,   2.487473592e-06,      0.1615068787,                 1,                 1,                 1,    0.001789260784,     0.01071908639,       0.604499529,                 0,                 0,                 0,     0.07805098801,    -0.01038417271,       0.604505375,                 0,       56.39468769,    0.002390236486
          0,           0,         328,      -11.36896554,      -9.681809433,      -10.29116842,      -11.03782987,      -12.50587147,      -5.489329717,      -3.621201546,   2.487473592e-06,      0.1615068787,                 1,                 1,                 1,    0.001789260784,     0.01071907591,      0.6044993788,                 0,                 0,                 0,     0.07805096532,    -0.01038417794,      0.6045052245,                 0,       56.39472877,    0.002390236486
          0,           0,         329,      -11.36906888,      -9.681809853,      -10.29117057,      -11.03794843,       -12.5059255,      -5.489456655,       -3.62186013,   2.487473592e-06,      0.1615068787,                 1,                 1,                 1,    0.001789260784,     0.01071906547,      0.6044992285,                 0,                 0,                 0,     0.07805094267,    -0.01038418313,      0.6045050739,                 0,       56.39476969,    0.002390236486
          0,           0,         330,      -11.36916907,      -9.681810247,      -10.29117272,      -11.03806783,      -12.50597802,      -5.489583541,      -3.622513193,   2.487473593e-06,      0.1615068787,                 1,                 1,                 1,    0.001789260784,     0.01071905506,      0.6044990782,                 0,                 0,                 0,     0.07805092006,    -0.01038418828,      0.6045049233,                 0,       56.39481043,    0.002390236486
          0,           0,         331,      -11.36926721,      -9.681810619,      -10.29117488,      -11.03818953,      -12.50603003,      -5.489710374,      -3.623160937,   2.487473593e-06,      0.1615068787,                 1,                 1,                 1,    0.001789260784,     0.01071904469,      0.6044989278,                 0,                 0,                 0,     0.07805089748,     -0.0103841934,      0.6045047727,                 0,       56.39485099,    0.002390236486
          0,           0,         332,       -11.3693635,      -9.681810972,      -10.29117704,       -11.0383133,      -12.50608154,      -5.489837155,      -3.623803551,   2.487473593e-06,      0.1615068787,                 1,                 1,                 1,    0.001789260784,     0.01071903435,      0.6044987774,                 0,                 0,                 0,     0.07805087495,    -0.01038419849,       0.604504622,                 0,       56.39489136,    0.002390236486
          0,           0,         333,      -11.36945726,      -9.681811309,      -10.29117917,      -11.03843746,      -12.50613254,      -5.489963884,      -3.624441212,   2.487473594e-06,      0.1615068787,                 1,                 1,                 1,    0.001789260784,     0.01071902404,       0.604498627,                 0,                 0,                 0,     0.07805085246,    -0.01038420354,      0.6045044713,                 0,       56.39493154,    0.002390236486
          0,           0,         334,      -11.36954766,      -9.681811632,      -10.29118127,      -11.03856002,      -12.50618305,      -5.490090561,      -3.625074084,   2.487473594e-06,      0.1615068787,                 1,                 1,                 1,    0.001789260784,     0.01071901377,      0.6044984765,                 0,                 0,                 0,     0.07805083003,    -0.01038420855,      0.6045043206,                 0,       56.39497152,    0.002390236486
          0,           0,         335,      -11.36963393,      -9.681811943,      -10.29118332,      -11.03867903,      -12.50623304,      -5.490217186,      -3.625702323,   2.487473595e-06,      0.1615068787,                 1,                 1,                 1,    0.001789260784,     0.01071900354,      0.6044983261,                 0,                 0,                 0,     0.07805080765,    -0.01038421352,      0.6045041698,                 0,        56.3950113,    0.002390236486
          0,           0,         336,      -11.36971544,      -9.681812243,      -10.29118529,      -11.03879289,      -12.50628254,      -5.490343759,      -3.626326074,   2.487473595e-06,      0.1615068787,                 1,                 1,                 1,    0.001789260784,     0.01071899335,      0.6044981755,                 0,                 0,                 0,     0.07805078533,    -0.01038421845,      0.6045040191,                 0,       56.39505088,    0.002390236486
          0,           0,         337,       -11.3697919,      -9.681812532,      -10.29118718,      -11.03890052,      -12.50633154,       -5.49047028,      -3.626945473,   2.487473595e-06,      0.1615068787,                 1,                 1,                 1,    0.001789260784,      0.0107189832,       0.604498025,                 0,                 0,                 0,     0.07805076307,    -0.01038422334,      0.6045038683,                 0,       56.39509024,    0.002390236486
          0,           0,         338,      -11.36986331,      -9.681812813,      -10.29118896,       -11.0390014,      -12.50638004,       -5.49059675,      -3.627560649,   2.487473596e-06,      0.1615068787,                 1,                 1,                 1,    0.001789260784,     0.01071897309,      0.6044978745,                 0,                 0,                 0,     0.07805074088,    -0.01038422819,      0.6045037175,                 0,       56.39512939,    0.002390236486
          0,           0,         339,      -11.36993001,      -9.681813086,      -10.29119062,      -11.03909568,      -12.50642803,      -5.490723167,      -3.628171724,   2.487473596e-06,      0.1615068787,                 1,                 1,                 1,    0.001789260784,     0.01071896303,      0.6044977239,                 0,                 0,                 0,     0.07805071876,      -0.010384233,      0.6045035667,                 0,       56.39516831,    0.002390236486
          0,           0,         340,      -11.36999219,      -9.681813353,      -10.29119215,      -11.03918348,      -12.50647553,      -5.490849533,      -3.628778813,   2.487473596e-06,      0.1615068787,                 1,                 1,                 1,    0.001789260784,       0.010718953,      0.6044975734,                 0,                 0,                 0,     0.07805069672,    -0.01038423777,      0.6045034159,                 0,       56.39520701,    0.002390236486
          0,           0,         341,      -11.37005051,      -9.681813615,      -10.29119354,      -11.03926557,      -12.50652089,      -5.490975848,      -3.629382023,   2.487473597e-06,      0.1615068787,                 1,                 1,                 1,    0.001789260784,     0.01071894302,      0.6044974229,                 0,                 0,                 0,     0.07805067476,    -0.01038424249,      0.6045032651,                 0,       56.39524547,    0.002390236486
          0,           0,         342,      -11.37010539,      -9.681813873,      -10.29119477,      -11.03934256,      -12.50656424,      -5.491102111,      -3.629981459,   2.487473597e-06,      0.1615068787,                 1,                 1,                 1,    0.001789260784,     0.01071893309,      0.6044972724,                 0,                 0,                 0,     0.07805065289,    -0.01038424716,      0.6045031143,                 0,        56.3952837,    0.002390236486
          0,           0,         343,       -11.3701574,      -9.681814129,      -10.29119586,      -11.03941527,      -12.50660711,      -5.491228322,      -3.630577217,   2.487473597e-06,      0.1615068787,                 1,                 1,                 1,    0.001789260784,      0.0107189232,      0.6044971219,                 0,                 0,                 0,      0.0780506311,    -0.01038425179,      0.6045029636,                 0,       56.39532169,    0.002390236486
          0,           0,         344,      -11.37020688,      -9.681814383,      -10.29119679,      -11.03948423,      -12.50664951,      -5.491354482,       -3.63116939,   2.487473598e-06,      0.1615068787,                 1,                 1,                 1,    0.001789260784,     0.01071891336,      0.6044969714,                 0,                 0,                 0,     0.07805060942,    -0.01038425638,      0.6045028129,                 0,       56.39535943,    0.002390236486
          0,           0,         345,      -11.37025425,      -9.681814638,      -10.29119756,      -11.03955003,      -12.50669142,       -5.49148059,      -3.631758065,   2.487473598e-06,      0.1615068787,                 1,                 1,                 1,    0.001789260784,     0.01071890356,       0.604496821,                 0,                 0,                 0,     0.07805058783,    -0.01038426091,      0.6045026622,                 0,       56.39539692,    0.002390236486
          0,           0,         346,      -11.37029975,      -9.681814893,      -10.29119817,      -11.03961314,      -12.50673091,      -5.491606647,      -3.632343327,   2.487473599e-06,      0.1615068787,                 1,                 1,                 1,    0.001789260784,     0.01071889382,      0.6044966706,                 0,                 0,                 0,     0.07805056635,     -0.0103842654,      0.6045025116,                 0,       56.39543416,    0.002390236486
          0,           0,         347,      -11.37034361,       -9.68181515,      -10.29119862,      -11.03967387,      -12.50676895,      -5.491732652,      -3.632925254,   2.487473599e-06,      0.1615068787,                 2,                 2,                 2,    0.001789260784,     0.01071888413,      0.6044965203,                 0,                 0,                 0,     0.07805054498,    -0.01038426985,       0.604502361,                 0,       56.39547113,    0.002390236486
          0,           0,         348,      -11.37038592,      -9.681815408,      -10.29119891,      -11.03973237,      -12.50680424,      -5.491858745,      -3.633462769,   4.974947198e-06,      0.3230137573,                 4,                 4,                 4,    0.001789260784,     0.01071886496,        0.60449622,                 0,                 0,                 0,     0.07805050274,    -0.01038427852,      0.6045020602,                 0,       56.39554395,    0.002390236486
          0,           0,         349,      -11.37006534,      -9.681815345,      -10.29119605,      -11.03933699,      -12.50684081,        -5.4919838,      -3.633915737,     9.9498944e-06,      0.6460275147,                 1,                 1,                 1,    0.001789260784,     0.01071882749,      0.6044956209,                 0,                 0,                 0,     0.07805042038,    -0.01038429506,      0.6045014602,                 0,       56.39568521,    0.002390236486
          0,           0,         350,       -11.3692544,      -9.681814474,      -10.29117144,      -11.03832439,      -12.50689658,      -5.492105882,      -3.634491473,   2.487473601e-06,      0.1615068787,                 1,                 1,                 1,    0.001789260784,     0.01071881816,      0.6044954712,                 0,                 0,                 0,     0.07805039989,    -0.01038429916,      0.6045013102,                 0,       56.39572034,    0.002390236486
          0,           0,         351,      -11.37038669,      -9.681815751,      -10.29117196,      -11.03978169,      -12.50693289,      -5.492231686,      -3.635063696,   2.487473602e-06,      0.1615068787,                 1,                 1,                 1,    0.001789260784,     0.01071880889,      0.6044953216,                 0,                 0,                 0,     0.07805037955,     -0.0103843032,      0.6045011604,                 0,       56.39575516,    0.002390236486
          0,           0,         352,      -11.37104421,      -9.681816787,      -10.29117536,      -11.04061447,      -12.50696875,       -5.49235744,       -3.63563279,   2.487473602e-06,      0.1615068787,                 1,                 1,                 1,    0.001789260784,     0.01071879967,      0.6044951721,                 0,                 0,                 0,     0.07805035935,    -0.01038430719,      0.6045010107,                 0,       56.39578968,    0.002390236486
          0,           0,         353,       -11.3714323,      -9.681817565,      -10.29117934,      -11.04110268,      -12.50700418,      -5.492483141,      -3.636198828,   2.487473602e-06,      0.1615068787,                 2,                 2,                 2,    0.001789260784,     0.01071879052,      0.6044950227,                 0,                 0,                 0,      0.0780503393,    -0.01038431113,      0.6045008611,                 0,        56.3958239,    0.002390236486
          0,           0,         354,      -11.37166661,      -9.681818107,      -10.29118258,      -11.04140039,       -12.5070369,      -5.492608932,      -3.636721516,   4.974947206e-06,      0.3230137573,                 4,                 4,                 4,    0.001789260784,     0.01071877245,      0.6044947244,                 0,                 0,                 0,     0.07805029978,    -0.01038431878,      0.6045005623,                 0,       56.39589114,    0.002390236486
          0,           0,         355,      -11.37156757,      -9.681818139,      -10.29118268,      -11.04129805,      -12.50707125,       -5.49273373,      -3.637161486,   9.949894414e-06,      0.6460275147,                 8,                 8,                 8,    0.001789260784,     0.01071873712,      0.6044941291,                 0,                 0,                 0,     0.07805022275,    -0.01038433331,      0.6044999661,                 0,       56.39602152,    0.002390236486
          0,           0,         356,       -11.3704285,      -9.681817055,      -10.29116143,      -11.03985988,      -12.50710934,      -5.492856616,      -3.637437173,   1.989978884e-05,       1.292055029,                16,                16,                16,    0.001789260784,     0.01071866806,      0.6044929354,                 0,                 0,                 0,     0.07805007251,    -0.01038436067,      0.6044987707,                 0,       56.39627349,    0.002390236486
          0,           0,         357,      -11.36889333,      -9.681814102,      -10.29103657,      -11.03789765,      -12.50715557,      -5.492975749,      -3.637373674,   3.979957773e-05,       2.584110059,                32,                32,                32,    0.001789260784,     0.01071852744,      0.6044905007,                 0,                 0,                 0,     0.07804976361,    -0.01038441623,      0.6044963326,                 0,       56.39678621,    0.002390236486
          0,           0,         358,      -11.36615268,      -9.681803386,      -10.29058753,      -11.03419706,      -12.50721891,      -5.493087386,      -3.636573311,   7.959915564e-05,       5.168220118,               3.2,               3.2,               3.2,    0.001789260784,     0.01071823763,       0.604485571,                 0,                 0,                 0,     0.07804912972,    -0.01038453383,      0.6044913959,                 0,       56.39785123,    0.002390236486
          0,           0,         359,      -11.35106331,       -9.68175593,      -10.28927404,      -11.01427845,      -12.50745339,      -5.493175504,      -3.637072499,   7.959915598e-06,      0.5168220119,               6.4,               6.4,               6.4,    0.001789260784,     0.01071821155,      0.6044850876,                 0,                 0,                 0,     0.07804907176,    -0.01038454302,      0.6044909118,                 0,       56.39794334,    0.002390236486
          0,           0,         360,      -11.32498484,       -9.68178331,      -10.29032134,      -10.97907335,      -12.50749013,      -5.493298987,      -3.637412269,    1.59198312e-05,       1.033644024,              12.8,              12.8,              12.8,    0.001789260784,     0.01071815706,      0.6044841141,                 0,                 0,                 0,     0.07804895162,     -0.0103845635,       0.604489937,                 0,       56.39813925,    0.002390236486
          0,           0,         361,      -11.35177186,       -9.68179459,      -10.29075843,      -11.01417923,      -12.50753401,      -5.493419469,      -3.637445644,   3.183966244e-05,       2.067288048,              25.6,              25.6,              25.6,    0.001789260784,     0.01071803441,      0.6044821338,                 0,                 0,                 0,     0.07804868573,    -0.01038461696,      0.6044879536,                 0,       56.39859985,    0.002390236486
          0,           0,         362,      -11.36766889,      -9.681787233,      -10.29072199,      -11.03664807,      -12.50759129,      -5.493534033,      -3.636842966,   6.367932499e-05,       4.134576096,              2.56,              2.56,              2.56,    0.001789260784,     0.01071775249,      0.6044780751,                 0,                 0,                 0,     0.07804806913,    -0.01038475707,      0.6044838876,                 0,       56.39970468,    0.002390236486
          0,           0,         363,      -11.35924966,       -9.68175491,        -10.289704,      -11.02572224,      -12.50778532,      -5.493629915,      -3.637408741,   6.367932521e-06,      0.4134576096,              5.12,              5.12,              5.12,    0.001789260784,     0.01071772489,      0.6044776718,                 0,                 0,                 0,     0.07804800856,    -0.01038477057,      0.6044834835,                 0,       56.39981225,    0.002390236486
          0,           0,         364,      -11.34857207,      -9.681776699,      -10.29028765,      -11.01023918,      -12.50782015,      -5.493753858,      -3.637830433,   1.273586505e-05,      0.8269152193,             10.24,             10.24,             10.24,    0.001789260784,     0.01071766832,      0.6044768605,                 0,                 0,                 0,     0.07804788337,     -0.0103847988,      0.6044826708,                 0,       56.40003427,    0.002390236486
          0,           0,         365,      -11.35539667,      -9.681789015,      -10.29067198,      -11.01930661,      -12.50786092,      -5.493875418,      -3.637986224,   2.547173011e-05,       1.653830439,             20.48,             20.48,             20.48,    0.001789260784,      0.0107175496,      0.6044752213,                 0,                 0,                 0,     0.07804761803,    -0.01038486023,      0.6044810284,                 0,       56.40050608,    0.002390236486
          0,           0,         366,      -11.36922559,        -9.6817852,      -10.29070225,      -11.03894798,      -12.50791288,      -5.493992309,      -3.637609917,    5.09434603e-05,       3.307660877,             40.96,             40.96,             40.96,    0.001789260784,     0.01071730526,      0.6044719322,                 0,                 0,                 0,     0.07804706786,    -0.01038498963,      0.6044777328,                 0,       56.40148501,    0.002390236486
          0,           0,         367,      -11.36265849,      -9.681762536,      -10.29008244,       -11.0306233,      -12.50798778,      -5.494099834,      -3.636095405,   0.0001018869209,       6.615321755,             4.096,             4.096,             4.096,    0.001789260784,     0.01071689344,      0.6044658837,                 0,                 0,                 0,     0.07804623127,    -0.01038519011,      0.6044716736,                 0,       56.40308797,    0.002390236486
          0,           0,         368,      -11.33600502,      -9.681689293,      -10.28793177,      -10.99609252,       -12.5082823,      -5.494177496,      -3.636644745,   1.018869214e-05,      0.6615321757,             8.192,             8.192,             8.192,    0.001789260784,      0.0107168617,      0.6044653113,                 0,                 0,                 0,     0.07804616486,    -0.01038520186,      0.6044711004,                 0,       56.40320162,    0.002390236486
          0,           0,         369,      -11.29358497,      -9.681735259,      -10.28980807,      -10.94057592,      -12.50832127,      -5.494299847,      -3.636936907,    2.03773843e-05,       1.323064351,            16.384,            16.384,            16.384,    0.001789260784,     0.01071679417,      0.6044641689,                 0,                 0,                 0,     0.07804603091,    -0.01038522948,      0.6044699564,                 0,       56.40345045,    0.002390236486
          0,           0,         370,      -11.34286857,      -9.681754037,      -10.29040315,      -11.00396225,      -12.50836966,      -5.494418445,      -3.636753599,   4.075476864e-05,       2.646128703,            32.768,            32.768,            32.768,    0.001789260784,      0.0107166366,      0.6044618546,                 0,                 0,                 0,      0.0780457324,    -0.01038530619,       0.604467638,                 0,       56.40406382,    0.002390236486
          0,           0,         371,      -11.36199663,      -9.681743879,      -10.29027504,      -11.03110594,      -12.50843579,      -5.494529596,      -3.635602106,   8.150953748e-05,       5.292257406,            3.2768,            3.2768,            3.2768,    0.001789260784,     0.01071630125,      0.6044571978,                 0,                 0,                 0,     0.07804508781,    -0.01038547881,      0.6044629723,                 0,       56.40539431,    0.002390236486
          0,           0,         372,      -11.34901711,      -9.681691747,       -10.2886814,      -11.01448629,      -12.50867704,      -5.494616934,      -3.636265972,   8.150953783e-06,      0.5292257407,            6.5536,            6.5536,            6.5536,    0.001789260784,     0.01071627072,      0.6044567432,                 0,                 0,                 0,     0.07804502908,    -0.01038549346,       0.604462517,                 0,       56.40551261,    0.002390236486
          0,           0,         373,      -11.32399804,      -9.681726362,       -10.2898072,      -10.98008612,      -12.50871392,       -5.49473991,      -3.636699236,   1.630190757e-05,       1.058451481,           13.1072,           13.1072,           13.1072,    0.001789260784,     0.01071620741,      0.6044558274,                 0,                 0,                 0,     0.07804490611,    -0.01038552477,      0.6044615995,                 0,        56.4057604,    0.002390236486
          0,           0,         374,      -11.34595137,      -9.681743917,      -10.29034214,      -11.00914744,      -12.50875856,      -5.494859891,      -3.636723322,   3.260381518e-05,       2.116902963,           26.2144,           26.2144,           26.2144,    0.001789260784,     0.01071607046,      0.6044539599,                 0,                 0,                 0,      0.0780446349,    -0.01038559646,      0.6044597283,                 0,       56.40630696,    0.002390236486
          0,           0,         375,      -11.36400582,      -9.681738583,      -10.29032517,      -11.03483258,      -12.50881763,      -5.494973973,      -3.635945171,   6.520763047e-05,       4.233805926,           2.62144,           2.62144,           2.62144,    0.001789260784,     0.01071579046,      0.6044501522,                 0,                 0,                 0,     0.07804405838,     -0.0103857434,      0.6044559132,                 0,       56.40742551,    0.002390236486
          0,           0,         376,      -11.35467626,      -9.681704389,      -10.28927776,      -11.02272548,      -12.50901696,      -5.495069113,      -3.636683888,   6.520763069e-06,      0.4233805926,           5.24288,           5.24288,           5.24288,    0.001789260784,     0.01071576341,      0.6044497746,                 0,                 0,                 0,     0.07804400239,    -0.01038575726,      0.6044555349,                 0,       56.40753268,    0.002390236486
          0,           0,         377,      -11.34327026,      -9.681728228,      -10.28989908,      -11.00613725,      -12.50905195,      -5.495192549,      -3.637224392,   1.304152614e-05,      0.8467611853,          10.48576,          10.48576,          10.48576,    0.001789260784,     0.01071570939,      0.6044490162,                 0,                 0,                 0,     0.07804388899,    -0.01038578478,      0.6044547751,                 0,       56.40774624,    0.002390236486
          0,           0,         378,      -11.35088041,      -9.681742346,      -10.29029777,       -11.0163828,      -12.50909329,       -5.49531361,      -3.637422784,    2.60830523e-05,       1.693522371,          20.97152,          20.97152,          20.97152,    0.001789260784,      0.0107156008,      0.6044474868,                 0,                 0,                 0,     0.07804365756,    -0.01038583993,      0.6044532428,                 0,       56.40817515,    0.002390236486
          0,           0,         379,       -11.3647675,      -9.681739972,      -10.29031825,      -11.03631959,      -12.50914657,      -5.495430017,      -3.636968461,   5.216610467e-05,       3.387044741,          41.94304,          41.94304,          41.94304,    0.001789260784,     0.01071538499,      0.6044443803,                 0,                 0,                 0,      0.0780431882,    -0.01038594719,      0.6044501307,                 0,       56.40902132,    0.002390236486
          0,           0,         380,      -11.35781864,      -9.681718808,      -10.28963455,      -11.02735074,      -12.50922431,      -5.495537073,      -3.635164595,   0.0001043322096,       6.774089483,          4.194304,          4.194304,          4.194304,    0.001789260784,     0.01071500004,      0.6044383426,                 0,                 0,                 0,     0.07804241844,    -0.01038612119,      0.6044440832,                 0,       56.41048438,    0.002390236486
          0,           0,         381,      -11.32976198,      -9.681649126,      -10.28731921,      -10.99054236,      -12.50952705,      -5.495613796,      -3.635860944,     1.0433221e-05,      0.6774089485,          8.388608,          8.388608,          8.388608,    0.001789260784,     0.01071497172,      0.6044377713,                 0,                 0,                 0,     0.07804235962,    -0.01038612956,      0.6044435113,                 0,       56.41058019,    0.002390236486
          0,           0,         382,       -11.2858424,      -9.681698662,      -10.28930589,      -10.93297593,      -12.50956655,      -5.495735645,      -3.636239504,   2.086644202e-05,       1.354817897,         16.777216,         16.777216,         16.777216,    0.001789260784,     0.01071490786,      0.6044366103,                 0,                 0,                 0,     0.07804223294,    -0.01038615286,      0.6044423487,                 0,       56.41080803,    0.002390236486
          0,           0,         383,      -11.33729419,      -9.681720308,      -10.28990675,      -10.99926431,        -12.509616,      -5.495853747,      -3.636051793,   4.173288408e-05,       2.709635794,         33.554432,         33.554432,         33.554432,    0.001789260784,     0.01071474638,      0.6044341851,                 0,                 0,                 0,     0.07804191867,    -0.01038622961,      0.6044399194,                 0,       56.41143186,    0.002390236486
          0,           0,         384,      -11.35605276,      -9.681712952,      -10.28974113,      -11.02590715,      -12.50968421,      -5.495964406,      -3.634739863,   8.346576832e-05,       5.419271588,         3.3554432,         3.3554432,         3.3554432,    0.001789260784,     0.01071439259,      0.6044292064,                 0,                 0,                 0,     0.07804120911,    -0.01038640942,      0.6044349314,                 0,       56.41282988,    0.002390236486
          0,           0,         385,      -11.34254713,      -9.681664027,      -10.28801656,       -11.0082455,      -12.50993158,      -5.496050853,      -3.635553456,   8.346576863e-06,      0.5419271589,         6.7108864,         6.7108864,         6.7108864,    0.001789260784,     0.01071436041,      0.6044287197,                 0,                 0,                 0,     0.07804114408,     -0.0103864246,      0.6044344439,                 0,       56.41295391,    0.002390236486
          0,           0,         386,      -11.31604629,      -9.681701129,       -10.2892186,      -10.97185435,      -12.50996894,      -5.496173329,      -3.636089141,   1.669315373e-05,       1.083854318,        13.4217728,        13.4217728,        13.4217728,    0.001789260784,     0.01071429338,      0.6044277363,                 0,                 0,                 0,     0.07804100738,    -0.01038645727,      0.6044334587,                 0,       56.41321501,    0.002390236486
          0,           0,         387,      -11.33969739,      -9.681720754,      -10.28976454,      -11.00310061,      -12.51001442,      -5.496292811,      -3.636145951,   3.338630749e-05,       2.167708636,        26.8435456,        26.8435456,        26.8435456,    0.001789260784,     0.01071414921,      0.6044257324,                 0,                 0,                 0,     0.07804070968,    -0.01038653142,       0.604431451,                 0,       56.41378711,    0.002390236486
          0,           0,         388,      -11.35788684,      -9.681717556,      -10.28972048,      -11.02887607,      -12.51007373,      -5.496406391,      -3.635283072,   6.677261509e-05,       4.335417272,        2.68435456,        2.68435456,        2.68435456,    0.001789260784,     0.01071386482,      0.6044216959,                 0,                 0,                 0,     0.07804010764,    -0.01038667476,      0.6044274071,                 0,        56.4149078,    0.002390236486
          0,           0,         389,       -11.3486104,      -9.681685256,      -10.28857666,      -11.01656539,      -12.51027452,      -5.496500697,      -3.636160222,    6.67726153e-06,      0.4335417272,        5.36870912,        5.36870912,        5.36870912,    0.001789260784,     0.01071383753,      0.6044212961,                 0,                 0,                 0,     0.07804004951,    -0.01038668808,      0.6044270065,                 0,       56.41501415,    0.002390236486
          0,           0,         390,      -11.33617607,      -9.681710731,      -10.28924329,      -10.99856725,      -12.51030686,      -5.496623636,      -3.636802763,   1.335452306e-05,      0.8670834544,       10.73741824,       10.73741824,       10.73741824,    0.001789260784,     0.01071378352,      0.6044204956,                 0,                 0,                 0,     0.07803993318,    -0.01038671412,      0.6044262046,                 0,       56.41522385,    0.002390236486
          0,           0,         391,      -11.34483564,      -9.681726179,      -10.28965384,      -11.01016508,      -12.51034577,      -5.496744197,      -3.637049914,   2.670904615e-05,       1.734166909,       21.47483648,       21.47483648,       21.47483648,    0.001789260784,     0.01071367637,      0.6044188898,                 0,                 0,                 0,     0.07803970029,    -0.01038676517,       0.604424596,                 0,       56.41563821,    0.002390236486
          0,           0,         392,      -11.35924876,      -9.681724956,      -10.28965816,      -11.03071363,      -12.51039699,      -5.496860098,      -3.636555844,   5.341809237e-05,       3.468333818,       42.94967296,       42.94967296,       42.94967296,    0.001789260784,     0.01071346788,      0.6044156524,                 0,                 0,                 0,     0.07803924031,    -0.01038686055,      0.6044213534,                 0,       56.41643391,    0.002390236486
          0,           0,         393,        -11.352511,      -9.681704296,       -10.2889148,      -11.02179209,      -12.51047325,       -5.49696662,      -3.634551384,    0.000106836185,       6.936667637,       4.294967296,       4.294967296,       4.294967296,    0.001789260784,     0.01071310399,       0.604409422,                 0,                 0,                 0,     0.07803851402,    -0.01038700677,       0.604415114,                 0,       56.41776861,    0.002390236486
          0,           0,         394,      -11.32394537,      -9.681632061,      -10.28648528,       -10.9839048,      -12.51077848,       -5.49704222,      -3.635358408,   1.068361855e-05,      0.6936667638,       8.589934592,       8.589934592,       8.589934592,    0.001789260784,     0.01071307887,       0.604408835,                 0,                 0,                 0,      0.0780384614,     -0.0103870114,      0.6044145266,                 0,       56.41784613,    0.002390236486
          0,           0,         395,      -11.27871284,      -9.681684047,      -10.28859142,      -10.92483667,      -12.51081535,      -5.497163566,      -3.635804412,   2.136723712e-05,       1.387333528,       17.17986918,       17.17986918,       17.17986918,    0.001789260784,     0.01071302036,      0.6044076414,                 0,                 0,                 0,     0.07803834561,    -0.01038702821,      0.6044133316,                 0,       56.41804282,    0.002390236486
          0,           0,         396,        -11.332794,      -9.681706425,      -10.28921394,      -10.99415655,       -12.5108623,      -5.497281151,      -3.635616138,   4.273447429e-05,       2.774667055,       34.35973837,       34.35973837,       34.35973837,    0.001789260784,     0.01071286585,      0.6044051436,                 0,                 0,                 0,     0.07803804443,    -0.01038709546,      0.6044108299,                 0,       56.41862337,    0.002390236486
          0,           0,         397,      -11.35189575,      -9.681697672,       -10.2890446,       -11.0210039,      -12.51092815,      -5.497391253,      -3.634183665,   8.546894879e-05,       5.549334111,       3.435973837,       3.435973837,       3.435973837,    0.001789260784,     0.01071252492,      0.6044000345,                 0,                 0,                 0,     0.07803735378,    -0.01038725788,      0.6044057121,                 0,         56.419942,    0.002390236486
          0,           0,         398,      -11.33837571,      -9.681643055,      -10.28726804,      -11.00296799,      -12.51117588,      -5.497476647,       -3.63510819,   8.546894919e-06,      0.5549334112,       6.871947674,       6.871947674,       6.871947674,    0.001789260784,     0.01071249441,      0.6043995363,                 0,                 0,                 0,     0.07803729131,    -0.01038727097,      0.6044052131,                 0,       56.42005616,    0.002390236486
          0,           0,         399,      -11.31026568,      -9.681681633,      -10.28855823,      -10.96460496,      -12.51121049,       -5.49759862,      -3.635720674,   1.709378985e-05,       1.109866822,       13.74389535,       13.74389535,       13.74389535,    0.001789260784,      0.0107124304,      0.6043985297,                 0,                 0,                 0,     0.07803715891,    -0.01038729981,      0.6044042048,                 0,       56.42029932,    0.002390236486
          0,           0,         400,      -11.33610647,      -9.681701301,      -10.28913372,      -10.99845237,      -12.51125321,      -5.497717584,      -3.635801773,   3.418757973e-05,       2.219733645,       27.48779069,       27.48779069,       27.48779069,    0.001789260784,      0.0107122912,      0.6043964788,                 0,                 0,                 0,     0.07803686718,    -0.01038736736,      0.6044021504,                 0,       56.42084105,    0.002390236486
          0,           0,         401,      -11.35500432,       -9.68169633,      -10.28909877,      -11.02489602,      -12.51131097,      -5.497830605,      -3.634872303,    6.83751596e-05,        4.43946729,       2.748779069,       2.748779069,       2.748779069,    0.001789260784,     0.01071201647,      0.6043923542,                 0,                 0,                 0,     0.07803627421,    -0.01038749798,      0.6043980187,                 0,       56.42190301,    0.002390236486
          0,           0,         402,      -11.34599906,      -9.681658643,      -10.28792706,      -11.01265453,      -12.51151391,      -5.497923937,      -3.635853968,    6.83751599e-06,      0.4439467291,       5.497558139,       5.497558139,       5.497558139,    0.001789260784,     0.01071199031,      0.6043919462,                 0,                 0,                 0,     0.07803621728,    -0.01038750988,        0.60439761,                 0,       56.42200269,    0.002390236486
          0,           0,         403,      -11.33236281,      -9.681685011,      -10.28864928,      -10.99309301,      -12.51154653,      -5.498046379,      -3.636574385,   1.367503199e-05,      0.8878934581,       10.99511628,       10.99511628,       10.99511628,    0.001789260784,     0.01071193846,      0.6043911293,                 0,                 0,                 0,     0.07803610311,    -0.01038753319,      0.6043967918,                 0,       56.42219955,    0.002390236486
          0,           0,         404,      -11.34236282,      -9.681700291,      -10.28908699,      -11.00633057,       -12.5115857,      -5.498166427,      -3.636858888,   2.735006399e-05,       1.775786916,       1.099511628,       1.099511628,       1.099511628,    0.001789260784,     0.01071183493,      0.6043894893,                 0,                 0,                 0,     0.07803587293,    -0.01038757942,      0.6043951492,                 0,       56.42259175,    0.002390236486
          0,           0,         405,      -11.35770115,       -9.68169745,      -10.28910218,      -11.02789078,      -12.51168021,      -5.498278664,       -3.63790997,   2.735006404e-06,      0.1775786916,                 1,                 1,                 1,    0.001789260784,     0.01071182456,      0.6043893254,                 0,                 0,                 0,     0.07803584992,    -0.01038758406,      0.6043949851,                 0,       56.42263108,    0.002390236486
          0,           0,         406,      -11.35809303,       -9.68170234,      -10.28912858,       -11.0281649,      -12.51170694,      -5.498402218,       -3.63892545,   2.487473835e-06,      0.1615068792,                 2,                 2,                 2,    0.001789260784,     0.01071181513,      0.6043891762,                 0,                 0,                 0,     0.07803582897,    -0.01038758828,      0.6043948356,                 0,       56.42266681,    0.002390236486
          0,           0,         407,      -11.35797308,      -9.681705902,      -10.28915164,       -11.0278534,      -12.51173047,      -5.498525986,      -3.639825158,    4.97494767e-06,      0.3230137584,                 1,                 1,                 1,    0.001789260784,     0.01071179632,      0.6043888776,                 0,                 0,                 0,     0.07803578698,    -0.01038759666,      0.6043945365,                 0,       56.42273803,    0.002390236486
          0,           0,         408,      -11.35803278,      -9.681709792,      -10.28917404,      -11.02792685,      -12.51176254,      -5.498648425,      -3.640771193,   2.487473836e-06,      0.1615068792,                 1,                 1,                 1,    0.001789260784,     0.01071178691,      0.6043887282,                 0,                 0,                 0,     0.07803576596,    -0.01038760085,      0.6043943869,                 0,       56.42277364,    0.002390236486
          0,           0,         409,      -11.35794412,       -9.68171176,       -10.2891826,      -11.02780199,      -12.51178745,      -5.498771945,      -3.641685142,   2.487473836e-06,      0.1615068792,                 1,                 1,                 1,    0.001789260784,     0.01071177752,      0.6043885788,                 0,                 0,                 0,     0.07803574493,    -0.01038760502,      0.6043942372,                 0,       56.42280919,    0.002390236486
          0,           0,         410,       -11.3577488,      -9.681713327,      -10.28918802,      -11.02756149,      -12.51181196,      -5.498895417,      -3.642570131,   2.487473837e-06,      0.1615068792,                 1,                 1,                 1,    0.001789260784,     0.01071176813,      0.6043884293,                 0,                 0,                 0,     0.07803572389,    -0.01038760919,      0.6043940875,                 0,       56.42284468,    0.002390236486
          0,           0,         411,      -11.35739086,      -9.681714634,      -10.28919147,      -11.02711262,      -12.51183606,      -5.499018839,      -3.643428804,   2.487473837e-06,      0.1615068792,                 1,                 1,                 1,    0.001789260784,     0.01071175875,      0.6043882797,                 0,                 0,                 0,     0.07803570283,    -0.01038761334,      0.6043939377,                 0,        56.4228801,    0.002390236486
          0,           0,         412,      -11.35689807,      -9.681715792,      -10.28919367,      -11.02648153,      -12.51185976,      -5.499142213,      -3.644263497,   2.487473837e-06,      0.1615068792,                 1,                 1,                 1,    0.001789260784,     0.01071174939,      0.6043881301,                 0,                 0,                 0,     0.07803568177,    -0.01038761747,      0.6043937878,                 0,       56.42291546,    0.002390236486
          0,           0,         413,      -11.35635605,      -9.681716885,      -10.28919494,      -11.02577782,      -12.51188304,      -5.499265539,      -3.645076279,   2.487473838e-06,      0.1615068792,                 1,                 1,                 1,    0.001789260784,     0.01071174003,      0.6043879804,                 0,                 0,                 0,     0.07803566069,     -0.0103876216,      0.6043936379,                 0,       56.42295075,    0.002390236486
          0,           0,         414,      -11.35585909,      -9.681717963,      -10.28919539,      -11.02512628,      -12.51190592,      -5.499388816,      -3.645868984,   2.487473838e-06,      0.1615068792,                 1,                 1,                 1,    0.001789260784,     0.01071173069,      0.6043878307,                 0,                 0,                 0,     0.07803563961,    -0.01038762571,       0.604393488,                 0,       56.42298597,    0.002390236486
          0,           0,         415,      -11.35547326,      -9.681719049,      -10.28919518,      -11.02461567,       -12.5119284,      -5.499512044,      -3.646643243,   2.487473839e-06,      0.1615068792,                 1,                 1,                 1,    0.001789260784,     0.01071172137,      0.6043876809,                 0,                 0,                 0,     0.07803561852,     -0.0103876298,       0.604393338,                 0,       56.42302112,    0.002390236486
          0,           0,         416,      -11.35522405,      -9.681720148,      -10.28919452,      -11.02428083,      -12.51195047,      -5.499635225,      -3.647400511,   2.487473839e-06,      0.1615068792,                 1,                 1,                 1,    0.001789260784,     0.01071171205,      0.6043875311,                 0,                 0,                 0,     0.07803559743,    -0.01038763388,      0.6043931879,                 0,       56.42305619,    0.002390236486
          0,           0,         417,      -11.35510322,       -9.68172125,       -10.2891937,      -11.02411156,      -12.51197213,      -5.499758356,      -3.648142085,   2.487473839e-06,      0.1615068792,                 1,                 1,                 1,    0.001789260784,     0.01071170275,      0.6043873812,                 0,                 0,                 0,     0.07803557633,    -0.01038763795,      0.6043930378,                 0,       56.42309119,    0.002390236486
          0,           0,         418,      -11.35508329,       -9.68172234,      -10.28919299,      -11.02407189,      -12.51199339,       -5.49988144,      -3.648869126,    2.48747384e-06,      0.1615068792,                 1,                 1,                 1,    0.001789260784,     0.01071169346,      0.6043872313,                 0,                 0,                 0,     0.07803555523,      -0.010387642,      0.6043928876,                 0,       56.42312613,    0.002390236486
          0,           0,         419,      -11.35513176,      -9.681723399,      -10.28919262,      -11.02411897,      -12.51201426,      -5.500004475,      -3.649582679,    2.48747384e-06,      0.1615068792,                 1,                 1,                 1,    0.001789260784,     0.01071168419,      0.6043870813,                 0,                 0,                 0,     0.07803553412,    -0.01038764603,      0.6043927374,                 0,       56.42316099,    0.002390236486
          0,           0,         420,      -11.35521965,      -9.681724409,      -10.28919268,      -11.02421471,      -12.51203472,      -5.500127462,      -3.650283681,   2.487473841e-06,      0.1615068792,                 1,                 1,                 1,    0.001789260784,     0.01071167492,      0.6043869313,                 0,                 0,                 0,       0.078035513,    -0.01038765006,      0.6043925871,                 0,       56.42319578,    0.002390236486
          0,           0,         421,      -11.35532551,      -9.681725358,      -10.28919322,      -11.02433113,       -12.5120548,        -5.5002504,      -3.650972975,   2.487473841e-06,      0.1615068792,                 1,                 1,                 1,    0.001789260784,     0.01071166567,      0.6043867812,                 0,                 0,                 0,     0.07803549188,    -0.01038765406,      0.6043924368,                 0,        56.4232305,    0.002390236486
          0,           0,         422,      -11.35543529,      -9.681726238,      -10.28919422,      -11.02445012,      -12.51207447,      -5.500373291,      -3.651651327,   2.487473841e-06,      0.1615068792,                 1,                 1,                 1,    0.001789260784,     0.01071165643,       0.604386631,                 0,                 0,                 0,     0.07803547075,    -0.01038765806,      0.6043922864,                 0,       56.42326515,    0.002390236486
          0,           0,         423,       -11.3555411,      -9.681727043,      -10.28919562,      -11.02456195,      -12.51209376,      -5.500496133,      -3.652319426,   2.487473842e-06,      0.1615068792,                 1,                 1,                 1,    0.001789260784,      0.0107116472,      0.6043864808,                 0,                 0,                 0,      0.0780354496,    -0.01038766204,       0.604392136,                 0,       56.42329974,    0.002390236486
          0,           0,         424,      -11.35563901,      -9.681727774,      -10.28919736,      -11.02466218,      -12.51211266,      -5.500618927,        -3.6529779,   2.487473842e-06,      0.1615068792,                 1,                 1,                 1,    0.001789260784,     0.01071163798,      0.6043863305,                 0,                 0,                 0,     0.07803542845,      -0.010387666,      0.6043919854,                 0,       56.42333427,    0.002390236486
          0,           0,         425,       -11.3557279,      -9.681728435,      -10.28919939,      -11.02475017,      -12.51213116,      -5.500741673,      -3.653627317,   2.487473843e-06,      0.1615068792,                 1,                 1,                 1,    0.001789260784,     0.01071162878,      0.6043861801,                 0,                 0,                 0,     0.07803540729,    -0.01038766996,      0.6043918348,                 0,       56.42336872,    0.002390236486
          0,           0,         426,      -11.35580827,       -9.68172903,      -10.28920165,      -11.02482739,      -12.51214928,       -5.50086437,      -3.654268196,   2.487473843e-06,      0.1615068792,                 1,                 1,                 1,    0.001789260784,     0.01071161958,      0.6043860296,                 0,                 0,                 0,     0.07803538611,     -0.0103876739,      0.6043916841,                 0,       56.42340312,    0.002390236486
          0,           0,         427,       -11.3558814,      -9.681729567,       -10.2892041,      -11.02489627,      -12.51216701,       -5.50098702,      -3.654901011,   2.487473844e-06,      0.1615068792,                 1,                 1,                 1,    0.001789260784,     0.01071161039,      0.6043858791,                 0,                 0,                 0,     0.07803536491,    -0.01038767783,      0.6043915334,                 0,       56.42343746,    0.002390236486
          0,           0,         428,      -11.35594906,      -9.681730052,       -10.2892067,      -11.02495973,      -12.51218436,      -5.501109622,      -3.655526196,   2.487473844e-06,      0.1615068792,                 1,                 1,                 1,    0.001789260784,     0.01071160121,      0.6043857285,                 0,                 0,                 0,     0.07803534369,    -0.01038768174,      0.6043913825,                 0,       56.42347174,    0.002390236486
          0,           0,         429,      -11.35601287,      -9.681730492,      -10.28920943,      -11.02502042,      -12.51220132,      -5.501232176,      -3.656144146,   2.487473844e-06,      0.1615068792,                 1,                 1,                 1,    0.001789260784,     0.01071159204,      0.6043855777,                 0,                 0,                 0,     0.07803532245,    -0.01038768564,      0.6043912315,                 0,       56.42350597,    0.002390236486
          0,           0,         430,      -11.35607433,      -9.681730893,      -10.28921226,      -11.02508047,      -12.51221789,      -5.501354682,      -3.656755227,   2.487473845e-06,      0.1615068792,                 1,                 1,                 1,    0.001789260784,     0.01071158288,      0.6043854269,                 0,                 0,                 0,     0.07803530119,    -0.01038768954,      0.6043910804,                 0,       56.42354015,    0.002390236486
          0,           0,         431,      -11.35613446,      -9.681731261,      -10.28921516,      -11.02514133,      -12.51223409,       -5.50147714,      -3.657359773,   2.487473845e-06,      0.1615068792,                 1,                 1,                 1,    0.001789260784,     0.01071157373,      0.6043852759,                 0,                 0,                 0,      0.0780352799,    -0.01038769342,      0.6043909292,                 0,       56.42357428,    0.002390236486
          0,           0,         432,      -11.35619399,      -9.681731601,      -10.28921811,       -11.0252038,       -12.5122499,      -5.501599551,      -3.657958093,   2.487473846e-06,      0.1615068792,                 1,                 1,                 1,    0.001789260784,     0.01071156458,      0.6043851248,                 0,                 0,                 0,     0.07803525858,    -0.01038769729,      0.6043907779,                 0,       56.42360838,    0.002390236486
          0,           0,         433,      -11.35625317,      -9.681731916,      -10.28922109,      -11.02526799,      -12.51226533,      -5.501721914,      -3.658550474,   2.487473846e-06,      0.1615068792,                 1,                 1,                 1,    0.001789260784,     0.01071155543,      0.6043849736,                 0,                 0,                 0,     0.07803523723,    -0.01038770115,      0.6043906265,                 0,       56.42364244,    0.002390236486
          0,           0,         434,       -11.3563121,      -9.681732209,      -10.28922408,       -11.0253337,      -12.51228039,      -5.501844229,      -3.659137177,   2.487473846e-06,      0.1615068792,                 1,                 1,                 1,    0.001789260784,     0.01071154629,      0.6043848222,                 0,                 0,                 0,     0.07803521583,    -0.01038770501,      0.6043904749,                 0,       56.42367647,    0.002390236486
          0,           0,         435,      -11.35637074,      -9.681732485,      -10.28922705,      -11.02540045,      -12.51229506,      -5.501966497,      -3.659718447,   2.487473847e-06,      0.1615068792,                 1,                 1,                 1,    0.001789260784,     0.01071153715,      0.6043846707,                 0,                 0,                 0,      0.0780351944,    -0.01038770885,      0.6043903232,                 0,       56.42371047,    0.002390236486
          0,           0,         436,      -11.35642882,      -9.681732743,      -10.28922999,      -11.02546757,      -12.51230936,      -5.502088717,      -3.660294512,   2.487473847e-06,      0.1615068792,                 1,                 1,                 1,    0.001789260784,     0.01071152801,       0.604384519,                 0,                 0,                 0,     0.07803517292,     -0.0103877127,      0.6043901713,                 0,       56.42374447,    0.002390236486
          0,           0,         437,      -11.35648635,      -9.681732988,      -10.28923287,      -11.02553463,      -12.51232328,       -5.50221089,      -3.660865583,   2.487473848e-06,      0.1615068792,                 1,                 1,                 1,    0.001789260784,     0.01071151886,      0.6043843672,                 0,                 0,                 0,     0.07803515139,    -0.01038771654,      0.6043900192,                 0,       56.42377845,    0.002390236486
          0,           0,         438,      -11.35654318,      -9.681733221,      -10.28923569,       -11.0256012,      -12.51233683,      -5.502333016,      -3.661431855,   2.487473848e-06,      0.1615068792,                 1,                 1,                 1,    0.001789260784,     0.01071150972,      0.6043842152,                 0,                 0,                 0,      0.0780351298,    -0.01038772037,      0.6043898669,                 0,       56.42381244,    0.002390236486
          0,           0,         439,      -11.35659929,      -9.681733442,      -10.28923842,      -11.02566695,         -12.51235,      -5.502455094,      -3.661993514,   2.487473849e-06,      0.1615068792,                 1,                 1,                 1,    0.001789260784,     0.01071150057,       0.604384063,                 0,                 0,                 0,     0.07803510815,     -0.0103877242,      0.6043897145,                 0,       56.42384643,    0.002390236486
          0,           0,         440,      -11.35665469,      -9.681733654,      -10.28924106,      -11.02573173,       -12.5123628,      -5.502577125,      -3.662550728,   2.487473849e-06,      0.1615068792,                 1,                 1,                 1,    0.001789260784,     0.01071149141,      0.6043839105,                 0,                 0,                 0,     0.07803508644,    -0.01038772804,      0.6043895619,                 0,       56.42388045,    0.002390236486
          0,           0,         441,      -11.35670947,      -9.681733858,      -10.28924359,      -11.02579551,      -12.51237523,      -5.502699108,       -3.66310366,   2.487473849e-06,      0.1615068792,                 1,                 1,                 1,    0.001789260784,     0.01071148224,      0.6043837579,                 0,                 0,                 0,     0.07803506466,    -0.01038773187,       0.604389409,                 0,       56.42391449,    0.002390236486
          0,           0,         442,      -11.35676369,      -9.681734056,      -10.28924601,      -11.02585832,      -12.51238729,      -5.502821045,       -3.66365246,    2.48747385e-06,      0.1615068792,                 1,                 1,                 1,    0.001789260784,     0.01071147306,      0.6043836051,                 0,                 0,                 0,     0.07803504281,    -0.01038773571,      0.6043892559,                 0,       56.42394857,    0.002390236486
          0,           0,         443,      -11.35681749,      -9.681734247,      -10.28924831,      -11.02592027,      -12.51239897,      -5.502942934,      -3.664197268,    2.48747385e-06,      0.1615068792,                 1,                 1,                 1,    0.001789260784,     0.01071146387,      0.6043834519,                 0,                 0,                 0,     0.07803502088,    -0.01038773955,      0.6043891026,                 0,        56.4239827,    0.002390236486
          0,           0,         444,      -11.35687087,      -9.681734434,      -10.28925049,      -11.02598136,      -12.51241029,      -5.503064777,      -3.664738216,   2.487473851e-06,      0.1615068792,                 1,                 1,                 1,    0.001789260784,     0.01071145466,      0.6043832986,                 0,                 0,                 0,     0.07803499886,     -0.0103877434,       0.604388949,                 0,       56.42401688,    0.002390236486
          0,           0,         445,      -11.35692402,      -9.681734618,      -10.28925254,      -11.02604182,      -12.51242125,      -5.503186572,      -3.665275431,   2.487473851e-06,      0.1615068792,                 1,                 1,                 1,    0.001789260784,     0.01071144544,       0.604383145,                 0,                 0,                 0,     0.07803497674,    -0.01038774726,      0.6043887951,                 0,       56.42405113,    0.002390236486
          0,           0,         446,      -11.35697687,      -9.681734798,      -10.28925446,      -11.02610157,      -12.51243183,      -5.503308321,       -3.66580903,   2.487473851e-06,      0.1615068792,                 1,                 1,                 1,    0.001789260784,     0.01071143619,      0.6043829911,                 0,                 0,                 0,     0.07803495454,    -0.01038775113,       0.604388641,                 0,       56.42408546,    0.002390236486
          0,           0,         447,      -11.35702948,      -9.681734977,      -10.28925624,      -11.02616067,      -12.51244206,      -5.503430022,      -3.666339124,   2.487473852e-06,      0.1615068792,                 1,                 1,                 1,    0.001789260784,     0.01071142692,      0.6043828369,                 0,                 0,                 0,     0.07803493223,    -0.01038775501,      0.6043884866,                 0,       56.42411988,    0.002390236486
          0,           0,         448,      -11.35708186,      -9.681735154,      -10.28925789,      -11.02621913,      -12.51245191,      -5.503551677,      -3.666865817,   2.487473852e-06,      0.1615068792,                 1,                 1,                 1,    0.001789260784,     0.01071141763,      0.6043826823,                 0,                 0,                 0,     0.07803490981,     -0.0103877589,      0.6043883318,                 0,       56.42415439,    0.002390236486
          0,           0,         449,      -11.35713393,       -9.68173533,      -10.28925941,      -11.02627686,      -12.51246141,      -5.503673285,      -3.667389209,   2.487473853e-06,      0.1615068792,                 1,                 1,                 1,    0.001789260784,     0.01071140832,      0.6043825275,                 0,                 0,                 0,     0.07803488727,    -0.01038776281,      0.6043881768,                 0,       56.42418901,    0.002390236486
          0,           0,         450,      -11.35718562,      -9.681735506,      -10.28926079,      -11.02633375,      -12.51247054,      -5.503794846,      -3.667909396,   2.487473853e-06,      0.1615068792,                 2,                 2,                 2,    0.001789260784,     0.01071139897,      0.6043823724,                 0,                 0,                 0,     0.07803486462,    -0.01038776673,      0.6043880214,                 0,       56.42422375,    0.002390236486
          0,           0,         451,      -11.35723691,      -9.681735682,      -10.28926204,      -11.02638975,      -12.51247732,      -5.503916525,      -3.668383506,   4.974947707e-06,      0.3230137584,                 4,                 4,                 4,    0.001789260784,     0.01071138015,      0.6043820605,                 0,                 0,                 0,     0.07803481877,    -0.01038777466,      0.6043877091,                 0,       56.42429378,    0.002390236486
          0,           0,         452,      -11.35694134,      -9.681735428,      -10.28926113,      -11.02599832,      -12.51248837,      -5.504037654,       -3.66876983,   9.949895418e-06,      0.6460275169,                 1,                 1,                 1,    0.001789260784,     0.01071134188,      0.6043814302,                 0,                 0,                 0,     0.07803472471,    -0.01038779091,      0.6043870778,                 0,       56.42443652,    0.002390236486
          0,           0,         453,      -11.35618307,      -9.681734107,      -10.28924041,      -11.02499773,      -12.51252236,      -5.504156594,      -3.669284813,   2.487473856e-06,      0.1615068792,                 1,                 1,                 1,    0.001789260784,     0.01071133228,      0.6043812724,                 0,                 0,                 0,     0.07803470109,    -0.01038779499,      0.6043869197,                 0,       56.42447237,    0.002390236486
          0,           0,         454,      -11.35728656,      -9.681735303,      -10.28924202,      -11.02640141,      -12.51253016,      -5.504277972,      -3.669796387,   2.487473856e-06,      0.1615068792,                 1,                 1,                 1,    0.001789260784,     0.01071132264,      0.6043811141,                 0,                 0,                 0,     0.07803467731,    -0.01038779911,      0.6043867612,                 0,       56.42450839,    0.002390236486
          0,           0,         455,      -11.35793384,      -9.681736254,      -10.28924659,      -11.02720384,       -12.5125376,      -5.504399304,      -3.670304985,   2.487473857e-06,      0.1615068792,                 1,                 1,                 1,    0.001789260784,     0.01071131295,      0.6043809553,                 0,                 0,                 0,     0.07803465337,    -0.01038780325,      0.6043866022,                 0,       56.42454459,    0.002390236486
          0,           0,         456,      -11.35832416,      -9.681736942,      -10.28925179,      -11.02767679,       -12.5125447,      -5.504520589,      -3.670810691,   2.487473857e-06,      0.1615068792,                 1,                 1,                 1,    0.001789260784,     0.01071130322,      0.6043807961,                 0,                 0,                 0,     0.07803462926,    -0.01038780741,      0.6043864428,                 0,       56.42458097,    0.002390236486
          0,           0,         457,      -11.35856958,       -9.68173739,      -10.28925626,      -11.02797009,      -12.51255146,      -5.504641828,      -3.671313585,   2.487473858e-06,      0.1615068792,                 1,                 1,                 1,    0.001789260784,     0.01071129345,      0.6043806364,                 0,                 0,                 0,     0.07803460499,     -0.0103878116,      0.6043862828,                 0,       56.42461753,    0.002390236486
          0,           0,         458,      -11.35870534,      -9.681737644,      -10.28925958,      -11.02812722,      -12.51255786,      -5.504763019,      -3.671813742,   2.487473858e-06,      0.1615068792,                 1,                 1,                 1,    0.001789260784,     0.01071128364,      0.6043804763,                 0,                 0,                 0,     0.07803458056,    -0.01038781582,      0.6043861225,                 0,       56.42465427,    0.002390236486
          0,           0,         459,      -11.35873601,      -9.681737764,      -10.28926183,      -11.02815001,      -12.51256392,      -5.504884165,      -3.672311234,   2.487473859e-06,      0.1615068792,                 1,                 1,                 1,    0.001789260784,     0.01071127379,      0.6043803157,                 0,                 0,                 0,     0.07803455596,    -0.01038782006,      0.6043859616,                 0,       56.42469118,    0.002390236486
          0,           0,         460,      -11.35867194,      -9.681737806,      -10.28926323,      -11.02804902,      -12.51256963,      -5.505005264,      -3.672806127,   2.487473859e-06,      0.1615068792,                 1,                 1,                 1,    0.001789260784,      0.0107112639,      0.6043801547,                 0,                 0,                 0,      0.0780345312,    -0.01038782433,      0.6043858003,                 0,       56.42472826,    0.002390236486
          0,           0,         461,      -11.35854133,      -9.681737821,      -10.28926396,      -11.02786029,      -12.51257499,      -5.505126317,      -3.673298487,   2.487473859e-06,      0.1615068792,                 1,                 1,                 1,    0.001789260784,     0.01071125396,      0.6043799932,                 0,                 0,                 0,     0.07803450628,    -0.01038782862,      0.6043856386,                 0,       56.42476552,    0.002390236486
          0,           0,         462,      -11.35838305,      -9.681737844,      -10.28926413,      -11.02763534,         -12.51258,      -5.505247324,      -3.673788373,    2.48747386e-06,      0.1615068792,                 2,                 2,                 2,    0.001789260784,     0.01071124399,      0.6043798312,                 0,                 0,                 0,     0.07803448121,    -0.01038783294,      0.6043854763,                 0,       56.42480295,    0.002390236486
          0,           0,         463,      -11.35823379,      -9.681737903,       -10.2892638,      -11.02742341,      -12.51258272,      -5.505368453,      -3.674235443,    4.97494772e-06,      0.3230137585,                 4,                 4,                 4,    0.001789260784,     0.01071122389,      0.6043795054,                 0,                 0,                 0,     0.07803443044,    -0.01038784165,      0.6043851501,                 0,       56.42487838,    0.002390236486
          0,           0,         464,      -11.35766436,      -9.681737586,      -10.28925952,      -11.02666894,      -12.51259037,      -5.505489117,       -3.67460014,   9.949895444e-06,      0.6460275169,                 8,                 8,                 8,    0.001789260784,     0.01071118333,       0.604378848,                 0,                 0,                 0,     0.07803432719,    -0.01038785925,      0.6043844916,                 0,        56.4250307,    0.002390236486
          0,           0,         465,      -11.35671745,      -9.681736494,      -10.28923066,      -11.02542196,      -12.51260833,      -5.505608916,       -3.67479973,    1.98997909e-05,       1.292055034,                16,                16,                16,    0.001789260784,     0.01071110332,      0.6043775265,                 0,                 0,                 0,     0.07803412206,    -0.01038789309,      0.6043831682,                 0,       56.42532878,    0.002390236486
          0,           0,         466,      -11.35611971,      -9.681733315,       -10.2891025,      -11.02454873,      -12.51264741,      -5.505727036,      -3.674654197,   3.979958186e-05,       2.584110068,                32,                32,                32,    0.001789260784,      0.0107109591,      0.6043749475,                 0,                 0,                 0,      0.0780337568,    -0.01038794721,      0.6043805856,                 0,       56.42584774,    0.002390236486
          0,           0,         467,      -11.35414029,      -9.681721387,      -10.28866223,      -11.02153856,      -12.51272921,      -5.505841772,      -3.673745903,   7.959916391e-05,       5.168220136,               3.2,               3.2,               3.2,    0.001789260784,     0.01071070558,      0.6043700252,                 0,                 0,                 0,     0.07803315036,    -0.01038802879,      0.6043756575,                 0,       56.42672377,    0.002390236486
          0,           0,         468,      -11.34097235,      -9.681671715,      -10.28732927,      -11.00360853,       -12.5130128,      -5.505939462,      -3.674173037,   7.959916429e-06,      0.5168220137,               6.4,               6.4,               6.4,    0.001789260784,     0.01071068362,      0.6043695455,                 0,                 0,                 0,     0.07803309658,      -0.010388034,      0.6043751774,                 0,       56.42679468,    0.002390236486
          0,           0,         469,      -11.31583577,      -9.681699257,      -10.28838083,      -10.96963513,       -12.5130272,      -5.506059422,      -3.674434826,   1.591983287e-05,       1.033644027,              12.8,              12.8,              12.8,    0.001789260784,     0.01071063877,      0.6043685901,                 0,                 0,                 0,     0.07803298977,    -0.01038804548,       0.604374221,                 0,       56.42694175,    0.002390236486
          0,           0,         470,      -11.34226674,      -9.681710421,      -10.28882143,      -11.00403042,      -12.51305878,      -5.506178014,        -3.6743782,   3.183966577e-05,       2.067288055,              25.6,              25.6,              25.6,    0.001789260784,      0.0107105351,      0.6043666516,                 0,                 0,                 0,     0.07803275223,    -0.01038808144,      0.6043722801,                 0,       56.42730697,    0.002390236486
          0,           0,         471,        -11.358495,      -9.681702352,      -10.28877988,      -11.02659149,      -12.51312354,      -5.506293928,      -3.673654642,   6.367933165e-05,        4.13457611,              2.56,              2.56,              2.56,    0.001789260784,     0.01071028089,      0.6043626344,                 0,                 0,                 0,     0.07803216921,    -0.01038819529,      0.6043682564,                 0,       56.42827119,    0.002390236486
          0,           0,         472,       -11.3512856,      -9.681667939,      -10.28774363,       -11.0168135,      -12.51334851,      -5.506396244,      -3.674156903,   6.367933189e-06,      0.4134576111,              5.12,              5.12,              5.12,    0.001789260784,     0.01071025602,       0.604362235,                 0,                 0,                 0,     0.07803211192,    -0.01038820621,      0.6043678564,                 0,       56.42836494,    0.002390236486
          0,           0,         473,      -11.34088328,      -9.681689837,      -10.28833348,      -11.00169459,      -12.51335947,      -5.506516332,      -3.674507183,   1.273586638e-05,      0.8269152222,             10.24,             10.24,             10.24,    0.001789260784,     0.01071020431,      0.6043614292,                 0,                 0,                 0,     0.07803199191,    -0.01038822976,      0.6043670493,                 0,       56.42856211,    0.002390236486
          0,           0,         474,      -11.34796898,      -9.681701986,      -10.28872407,      -11.01090584,      -12.51338419,      -5.506635325,      -3.674577731,   2.547173278e-05,       1.653830444,             20.48,             20.48,             20.48,    0.001789260784,     0.01071009388,      0.6043597939,                 0,                 0,                 0,     0.07803173346,    -0.01038828306,      0.6043654111,                 0,       56.42899127,    0.002390236486
          0,           0,         475,      -11.36236753,      -9.681697284,      -10.28875737,      -11.03096068,      -12.51343553,      -5.506752207,      -3.674086341,   5.094346564e-05,       3.307660889,             40.96,             40.96,             40.96,    0.001789260784,     0.01070986406,      0.6043565054,                 0,                 0,                 0,     0.07803119356,    -0.01038839797,      0.6043621166,                 0,       56.42989512,    0.002390236486
          0,           0,         476,      -11.35674061,      -9.681672542,       -10.2881348,       -11.0234737,      -12.51354023,      -5.506864771,      -3.672380089,   0.0001018869316,       6.615321778,             4.096,             4.096,             4.096,    0.001789260784,     0.01070947792,      0.6043504706,                 0,                 0,                 0,     0.07803038102,    -0.01038857326,       0.604356072,                 0,       56.43136624,    0.002390236486
          0,           0,         477,      -11.33200605,       -9.68159561,      -10.28596948,      -10.99070842,      -12.51389973,      -5.506955289,       -3.67287337,   1.018869321e-05,       0.661532178,             8.192,             8.192,             8.192,    0.001789260784,     0.01070944879,      0.6043498999,                 0,                 0,                 0,     0.07803031722,    -0.01038858246,      0.6043555007,                 0,       56.43146645,    0.002390236486
          0,           0,         478,      -11.28976981,      -9.681641861,      -10.28786876,      -10.93559078,      -12.51391988,       -5.50707452,      -3.673090269,   2.037738642e-05,       1.323064356,            16.384,            16.384,            16.384,    0.001789260784,     0.01070938635,      0.6043487622,                 0,                 0,                 0,     0.07803018875,    -0.01038860515,      0.6043543614,                 0,       56.43168919,    0.002390236486
          0,           0,         479,      -11.33987768,      -9.681660349,      -10.28847937,      -10.99941343,      -12.51396128,      -5.507191995,      -3.672797808,   4.075477289e-05,       2.646128712,            32.768,            32.768,            32.768,    0.001789260784,     0.01070923824,      0.6043464591,                 0,                 0,                 0,     0.07802990158,     -0.0103886728,      0.6043520546,                 0,       56.43225463,    0.002390236486
          0,           0,         480,      -11.36031435,       -9.68164907,      -10.28835589,       -11.0277815,      -12.51404371,      -5.507305976,       -3.67146333,   8.150954596e-05,       5.292257424,            3.2768,            3.2768,            3.2768,    0.001789260784,     0.01070891834,      0.6043418334,                 0,                 0,                 0,     0.07802928009,    -0.01038883107,      0.6043474205,                 0,       56.43350845,    0.002390236486
          0,           0,         481,      -11.34872067,      -9.681595027,      -10.28674517,       -11.0124612,      -12.51432775,      -5.507402235,      -3.672087324,   8.150954625e-06,      0.5292257425,            6.5536,            6.5536,            6.5536,    0.001789260784,     0.01070888935,      0.6043413821,                 0,                 0,                 0,     0.07802922375,    -0.01038884429,      0.6043469685,                 0,       56.43361907,    0.002390236486
          0,           0,         482,      -11.32352318,      -9.681629952,      -10.28788341,       -10.9779261,      -12.51434388,      -5.507521669,      -3.672460658,   1.630190926e-05,       1.058451485,           13.1072,           13.1072,           13.1072,    0.001789260784,     0.01070882895,      0.6043404734,                 0,                 0,                 0,     0.07802910555,    -0.01038887293,      0.6043460582,                 0,       56.43385248,    0.002390236486
          0,           0,         483,      -11.34640708,      -9.681647561,      -10.28842977,      -11.00778056,      -12.51437691,      -5.507639675,       -3.67239193,   3.260381854e-05,        2.11690297,           26.2144,           26.2144,           26.2144,    0.001789260784,     0.01070869726,      0.6043386209,                 0,                 0,                 0,     0.07802884386,     -0.0103889399,      0.6043442023,                 0,       56.43437351,    0.002390236486
          0,           0,         484,      -11.36596788,      -9.681641767,      -10.28841614,      -11.03506769,      -12.51444238,      -5.507754884,      -3.671455696,   6.520763718e-05,        4.23380594,           2.62144,           2.62144,           2.62144,    0.001789260784,     0.01070842577,      0.6043348486,                 0,                 0,                 0,     0.07802828646,    -0.01038907957,      0.6043404229,                 0,         56.435452,    0.002390236486
          0,           0,         485,      -11.35765131,      -9.681606528,      -10.28735652,      -11.02397125,      -12.51466733,      -5.507855912,      -3.672165463,   6.520763735e-06,      0.4233805941,           5.24288,           5.24288,           5.24288,    0.001789260784,     0.01070839956,      0.6043344746,                 0,                 0,                 0,     0.07802823239,    -0.01038909271,      0.6043400481,                 0,       56.43555521,    0.002390236486
          0,           0,         486,      -11.34608759,      -9.681630612,      -10.28798424,      -11.00714581,      -12.51467796,      -5.507975487,      -3.672658413,   1.304152747e-05,      0.8467611882,          10.48576,          10.48576,          10.48576,    0.001789260784,     0.01070834714,      0.6043337237,                 0,                 0,                 0,     0.07802812286,    -0.01038911889,      0.6043392958,                 0,       56.43576136,    0.002390236486
          0,           0,         487,      -11.35430815,      -9.681644863,      -10.28839122,      -11.01796503,      -12.51470203,      -5.508093916,      -3.672779973,   2.608305496e-05,       1.693522376,          20.97152,          20.97152,          20.97152,    0.001789260784,     0.01070824143,        0.60433221,                 0,                 0,                 0,     0.07802789918,    -0.01038917171,      0.6043377794,                 0,        56.4361771,    0.002390236486
          0,           0,         488,      -11.36959949,       -9.68164227,      -10.28841502,      -11.03951022,      -12.51475193,      -5.508210132,      -3.672194022,   5.216610998e-05,       3.387044753,          41.94304,          41.94304,          41.94304,    0.001789260784,     0.01070803033,      0.6043291379,                 0,                 0,                 0,      0.0780274454,    -0.01038927546,      0.6043347018,                 0,        56.4370028,    0.002390236486
          0,           0,         489,       -11.3633419,       -9.68162043,      -10.28772419,      -11.03127121,      -12.51485356,      -5.508321807,      -3.670138218,   0.0001043322202,       6.774089507,          4.194304,          4.194304,          4.194304,    0.001789260784,     0.01070765107,      0.6043231805,                 0,                 0,                 0,     0.07802670741,    -0.01038944659,      0.6043287348,                 0,       56.43844543,    0.002390236486
          0,           0,         490,       -11.3355591,      -9.681548995,      -10.28538647,      -10.99462073,      -12.51520957,      -5.508410392,       -3.67080822,   1.043322206e-05,      0.6774089508,          8.388608,          8.388608,          8.388608,    0.001789260784,     0.01070762335,      0.6043226178,                 0,                 0,                 0,     0.07802665195,    -0.01038945465,      0.6043281715,                 0,       56.43853899,    0.002390236486
          0,           0,         491,      -11.29005127,      -9.681599019,      -10.28739528,      -10.93530016,      -12.51522912,      -5.508529069,      -3.671129201,   2.086644412e-05,       1.354817902,         16.777216,         16.777216,         16.777216,    0.001789260784,      0.0107075605,      0.6043214742,                 0,                 0,                 0,     0.07802653199,    -0.01038947755,      0.6043270263,                 0,       56.43876343,    0.002390236486
          0,           0,         492,      -11.34433648,      -9.681620742,      -10.28801217,      -11.00455032,      -12.51526915,      -5.508645897,      -3.670831648,   4.173288828e-05,       2.709635803,         33.554432,         33.554432,         33.554432,    0.001789260784,     0.01070740035,      0.6043190849,                 0,                 0,                 0,     0.07802623077,    -0.01038955422,      0.6043246329,                 0,       56.43938444,    0.002390236486
          0,           0,         493,      -11.36507124,      -9.681612754,      -10.28784969,      -11.03370509,      -12.51534855,      -5.508759024,      -3.669304792,   8.346577671e-05,       5.419271607,         3.3554432,         3.3554432,         3.3554432,    0.001789260784,     0.01070704705,      0.6043141827,                 0,                 0,                 0,     0.07802554648,    -0.01038973623,      0.6043197214,                 0,       56.44078897,    0.002390236486
          0,           0,         494,      -11.35134266,      -9.681562143,      -10.28610852,      -11.01576422,       -12.5156287,       -5.50885355,       -3.67010856,   8.346577701e-06,      0.5419271608,         6.7108864,         6.7108864,         6.7108864,    0.001789260784,     0.01070701491,      0.6043137039,                 0,                 0,                 0,     0.07802548404,    -0.01038975163,      0.6043192418,                 0,       56.44091363,    0.002390236486
          0,           0,         495,      -11.32358513,      -9.681599569,      -10.28732235,       -10.9777518,      -12.51564426,      -5.508972447,      -3.670605254,   1.669315541e-05,       1.083854322,        13.4217728,        13.4217728,        13.4217728,    0.001789260784,     0.01070694789,      0.6043127364,                 0,                 0,                 0,     0.07802535248,    -0.01038978484,      0.6043182725,                 0,       56.44117656,    0.002390236486
          0,           0,         496,      -11.34886923,      -9.681619272,       -10.2878811,      -11.01085349,      -12.51567597,       -5.50908983,      -3.670576468,   3.338631085e-05,       2.167708643,        26.8435456,        26.8435456,        26.8435456,    0.001789260784,     0.01070680341,      0.6043107652,                 0,                 0,                 0,     0.07802506489,    -0.01038986044,      0.6043162974,                 0,       56.44175409,    0.002390236486
          0,           0,         497,      -11.36884994,       -9.68161556,      -10.28784141,      -11.03905406,      -12.51573853,      -5.509204238,      -3.669539757,    6.67726218e-05,       4.335417287,        2.68435456,        2.68435456,        2.68435456,    0.001789260784,     0.01070651745,      0.6043067972,                 0,                 0,                 0,     0.07802448271,    -0.01039000775,      0.6043123219,                 0,       56.44289098,    0.002390236486
          0,           0,         498,      -11.35901469,      -9.681581815,      -10.28668771,      -11.02615144,      -12.51596041,      -5.509303732,      -3.670415656,   6.677262203e-06,      0.4335417287,        5.36870912,        5.36870912,        5.36870912,    0.001789260784,     0.01070649001,      0.6043064044,                 0,                 0,                 0,     0.07802442657,    -0.01039002146,      0.6043119283,                 0,       56.44299896,    0.002390236486
          0,           0,         499,      -11.34592834,      -9.681607487,      -10.28736035,      -11.00717441,      -12.51597277,      -5.509422786,      -3.671031526,   1.335452441e-05,      0.8670834574,       10.73741824,       10.73741824,       10.73741824,    0.001789260784,     0.01070643563,      0.6043056179,                 0,                 0,                 0,     0.07802431423,    -0.01039004836,      0.6043111404,                 0,       56.44321217,    0.002390236486
          0,           0,         500,      -11.35523951,      -9.681622981,      -10.28778021,      -11.01954486,      -12.51599791,      -5.509540621,      -3.671212489,   2.670904884e-05,       1.734166915,       21.47483648,       21.47483648,       21.47483648,    0.001789260784,     0.01070632761,      0.6043040406,                 0,                 0,                 0,     0.07802408926,    -0.01039010127,      0.6043095603,                 0,       56.44363434,    0.002390236486
          0,           0,         501,      -11.37101576,      -9.681621337,      -10.28778892,      -11.04204485,      -12.51604752,       -5.50965609,      -3.670580375,   5.341809776e-05,        3.46833383,       42.94967296,       42.94967296,       42.94967296,    0.001789260784,     0.01070611684,       0.604300862,                 0,                 0,                 0,     0.07802364459,    -0.01039020098,      0.6043063763,                 0,       56.44444864,    0.002390236486
          0,           0,         502,      -11.36359483,      -9.681599477,      -10.28704037,      -11.03242847,      -12.51614602,      -5.509766694,      -3.668287618,   0.0001068361958,       6.936667661,       4.294967296,       4.294967296,       4.294967296,    0.001789260784,     0.01070574599,      0.6042947521,                 0,                 0,                 0,     0.07802294562,    -0.01039035837,      0.6043002572,                 0,       56.44583318,    0.002390236486
          0,           0,         503,       -11.3324848,      -9.681524305,      -10.28459291,      -10.99158971,      -12.51649665,      -5.509852948,      -3.669090347,   1.068361964e-05,      0.6936667662,       8.589934592,       8.589934592,       8.589934592,    0.001789260784,     0.01070572022,      0.6042941777,                 0,                 0,                 0,      0.0780228959,    -0.01039036408,      0.6042996823,                 0,       56.44591539,    0.002390236486
          0,           0,         504,      -11.28498339,      -9.681576639,       -10.2867195,      -10.92975743,      -12.51651756,      -5.509971051,      -3.669493043,    2.13672393e-05,       1.387333532,       17.17986918,       17.17986918,       17.17986918,    0.001789260784,     0.01070566028,      0.6042930091,                 0,                 0,                 0,     0.07802278566,     -0.0103903832,      0.6042985122,                 0,       56.44612229,    0.002390236486
          0,           0,         505,      -11.34198796,      -9.681598862,      -10.28735885,      -11.00253207,      -12.51655771,      -5.510087167,      -3.669196686,   4.273447867e-05,       2.774667065,       34.35973837,       34.35973837,       34.35973837,    0.001789260784,     0.01070550233,      0.6042905603,                 0,                 0,                 0,      0.0780224944,    -0.01039045558,      0.6042960594,                 0,       56.44672631,    0.002390236486
          0,           0,         506,      -11.36224598,      -9.681589008,      -10.28719334,      -11.03130583,      -12.51663467,        -5.5101993,      -3.667529232,   8.546895757e-05,        5.54933413,       3.435973837,       3.435973837,       3.435973837,    0.001789260784,     0.01070515288,      0.6042855473,                 0,                 0,                 0,     0.07802181955,    -0.01039062987,      0.6042910373,                 0,       56.44810064,    0.002390236486
          0,           0,         507,      -11.34666132,      -9.681531834,      -10.28540305,      -11.01097545,      -12.51690876,      -5.510291783,      -3.668465596,   8.546895802e-06,      0.5549334131,       6.871947674,       6.871947674,       6.871947674,    0.001789260784,     0.01070512153,      0.6042850588,                 0,                 0,                 0,      0.0780217587,    -0.01039064416,      0.6042905481,                 0,       56.44822031,    0.002390236486
          0,           0,         508,      -11.31720157,      -9.681570632,      -10.28670315,      -10.97075091,      -12.51692223,      -5.510410128,      -3.669054896,   1.709379161e-05,       1.109866826,       13.74389535,       13.74389535,       13.74389535,    0.001789260784,     0.01070505576,      0.6042840716,                 0,                 0,                 0,     0.07802162935,    -0.01039067544,      0.6042895591,                 0,       56.44847494,    0.002390236486
          0,           0,         509,      -11.34422054,      -9.681590226,      -10.28729132,      -11.00610006,      -12.51695077,      -5.510526842,      -3.669056845,   3.418758327e-05,       2.219733653,       27.48779069,       27.48779069,       27.48779069,    0.001789260784,     0.01070491278,      0.6042820591,                 0,                 0,                 0,     0.07802134306,    -0.01039074809,      0.6042875428,                 0,       56.44904086,    0.002390236486
          0,           0,         510,       -11.3640106,       -9.68158447,      -10.28726043,      -11.03410626,       -12.5170079,      -5.510640335,      -3.667943663,   6.837516669e-05,       4.439467305,       2.748779069,       2.748779069,       2.748779069,    0.001789260784,     0.01070462999,      0.6042780096,                 0,                 0,                 0,      0.0780207589,    -0.01039088938,      0.6042834859,                 0,        56.4501538,    0.002390236486
          0,           0,         511,      -11.35325615,      -9.681544892,      -10.28607944,      -11.01994052,      -12.51722212,      -5.510738048,      -3.668944516,     6.8375167e-06,      0.4439467306,       5.497558139,       5.497558139,       5.497558139,    0.001789260784,     0.01070460303,      0.6042776091,                 0,                 0,                 0,     0.07802070285,    -0.01039090235,      0.6042830848,                 0,       56.45025857,    0.002390236486
          0,           0,         512,      -11.33902991,      -9.681571396,      -10.28680616,      -10.99944824,      -12.51723259,      -5.510856571,      -3.669654253,   1.367503341e-05,      0.8878934612,       10.99511628,       10.99511628,       10.99511628,    0.001789260784,     0.01070454955,      0.6042768073,                 0,                 0,                 0,     0.07802059036,    -0.01039092782,      0.6042822816,                 0,       56.45046573,    0.002390236486
          0,           0,         513,      -11.34927498,      -9.681586653,      -10.28725243,      -11.01303386,      -12.51725491,      -5.510973774,      -3.669881437,   2.735006684e-05,       1.775786922,       21.99023256,       21.99023256,       21.99023256,    0.001789260784,     0.01070444269,      0.6042751972,                 0,                 0,                 0,     0.07802036322,    -0.01039097842,      0.6042806687,                 0,       56.45087884,    0.002390236486
          0,           0,         514,      -11.36516332,      -9.681583284,      -10.28727093,      -11.03564341,      -12.51729974,      -5.511088407,      -3.669213665,   5.470013378e-05,       3.551573845,       43.98046511,       43.98046511,       43.98046511,    0.001789260784,     0.01070423175,      0.6042719399,                 0,                 0,                 0,      0.0780199058,    -0.01039107556,      0.6042774061,                 0,       56.45168698,    0.002390236486
          0,           0,         515,      -11.35733754,      -9.681557055,      -10.28650491,      -11.02539331,      -12.51738941,      -5.511197737,      -3.666731831,    0.000109400268,       7.103147691,       4.398046511,       4.398046511,       4.398046511,    0.001789260784,     0.01070385109,       0.604265663,                 0,                 0,                 0,     0.07801916636,    -0.01039123692,      0.6042711197,                 0,       56.45310813,    0.002390236486
          0,           0,         516,       -11.3253459,      -9.681473863,      -10.28397878,       -10.9832612,      -12.51772641,      -5.511281226,      -3.667636575,   1.094002686e-05,      0.7103147692,       8.796093022,       8.796093022,       8.796093022,    0.001789260784,     0.01070382538,       0.604265075,                 0,                 0,                 0,     0.07801911421,    -0.01039124209,      0.6042705312,                 0,       56.45318879,    0.002390236486
          0,           0,         517,      -11.27681283,      -9.681528111,      -10.28623062,      -10.92040806,      -12.51774479,      -5.511398726,      -3.668102201,   2.188005375e-05,       1.420629538,       17.59218604,       17.59218604,       17.59218604,    0.001789260784,     0.01070376395,      0.6042638751,                 0,                 0,                 0,     0.07801899617,    -0.01039126162,      0.6042693299,                 0,       56.45340071,    0.002390236486
          0,           0,         518,      -11.33586811,      -9.681550173,      -10.28689661,      -10.99539691,      -12.51778066,      -5.511514059,      -3.667804267,   4.376010756e-05,       2.841259077,       35.18437209,       35.18437209,       35.18437209,    0.001789260784,     0.01070359806,      0.6042613491,                 0,                 0,                 0,      0.0780186781,    -0.01039133925,      0.6042667996,                 0,       56.45403966,    0.002390236486
          0,           0,         519,       -11.3561521,      -9.681537805,       -10.2867287,      -11.02397728,      -12.51784974,      -5.511625034,      -3.666015886,   8.752021536e-05,       5.682518154,       3.518437209,       3.518437209,       3.518437209,    0.001789260784,     0.01070323185,      0.6042561868,                 0,                 0,                 0,     0.07801794576,    -0.01039152507,      0.6042616276,                 0,        56.4554889,    0.002390236486
          0,           0,         520,      -11.34097334,      -9.681475142,      -10.28486639,      -11.00399772,      -12.51811274,      -5.511715112,      -3.667056029,   8.752021579e-06,      0.5682518156,                 1,                 1,                 1,    0.001789260784,     0.01070319926,      0.6042556849,                 0,                 0,                 0,     0.07801787989,    -0.01039154012,      0.6042611249,                 0,       56.45561391,    0.002390236486
          0,           0,         521,      -11.31010652,      -9.681515458,      -10.28625378,      -10.96213876,      -12.51813875,      -5.511831823,      -3.668299497,   2.487474144e-06,      0.1615068798,                 1,                 1,                 1,    0.001789260784,     0.01070319002,      0.6042555424,                 0,                 0,                 0,     0.07801786119,    -0.01039154439,      0.6042609822,                 0,       56.45564934,    0.002390236486
          0,           0,         522,      -11.30235708,       -9.68152548,      -10.28660676,      -10.95210318,      -12.51814552,       -5.51195064,      -3.669480813,   2.487474144e-06,      0.1615068798,                 1,                 1,                 1,    0.001789260784,     0.01070318075,      0.6042553997,                 0,                 0,                 0,     0.07801784236,    -0.01039154867,      0.6042608393,                 0,       56.45568489,    0.002390236486
          0,           0,         523,       -11.3085328,      -9.681531991,      -10.28675809,      -10.95982292,      -12.51814973,      -5.512069409,      -3.670606697,   2.487474144e-06,      0.1615068798,                 1,                 1,                 1,    0.001789260784,     0.01070317144,      0.6042552569,                 0,                 0,                 0,     0.07801782338,    -0.01039155299,      0.6042606962,                 0,       56.45572065,    0.002390236486
          0,           0,         524,      -11.32189434,      -9.681535854,      -10.28678817,       -10.9769515,      -12.51815057,      -5.512188132,      -3.671682718,   2.487474145e-06,      0.1615068798,                 1,                 1,                 1,    0.001789260784,     0.01070316206,      0.6042551138,                 0,                 0,                 0,     0.07801780422,    -0.01039155737,      0.6042605529,                 0,       56.45575675,    0.002390236486
          0,           0,         525,      -11.33480507,      -9.681537963,       -10.2867806,      -10.99394092,      -12.51815113,       -5.51230681,      -3.672713771,   2.487474145e-06,      0.1615068798,                 1,                 1,                 1,    0.001789260784,      0.0107031526,      0.6042549704,                 0,                 0,                 0,     0.07801778486,    -0.01039156182,      0.6042604093,                 0,       56.45579328,    0.002390236486
          0,           0,         526,      -11.34237291,      -9.681539117,      -10.28678363,      -11.00425046,      -12.51815137,      -5.512425443,      -3.673704164,   2.487474146e-06,      0.1615068798,                 1,                 1,                 1,    0.001789260784,     0.01070314303,      0.6042548267,                 0,                 0,                 0,     0.07801776528,    -0.01039156637,      0.6042602653,                 0,        56.4558303,    0.002390236486
          0,           0,         527,      -11.34398625,      -9.681539941,       -10.2868083,      -11.00676248,      -12.51815129,      -5.512544033,      -3.674657692,   2.487474146e-06,      0.1615068798,                 1,                 1,                 1,    0.001789260784,     0.01070313336,      0.6042546826,                 0,                 0,                 0,     0.07801774547,    -0.01039157101,       0.604260121,                 0,       56.45586787,    0.002390236486
          0,           0,         528,      -11.34199114,      -9.681540867,      -10.28684452,      -11.00444601,      -12.51815086,      -5.512662581,      -3.675577708,   2.487474146e-06,      0.1615068798,                 1,                 1,                 1,    0.001789260784,     0.01070312357,      0.6042545382,                 0,                 0,                 0,     0.07801772542,    -0.01039157575,      0.6042599763,                 0,       56.45590602,    0.002390236486
          0,           0,         529,      -11.33918618,      -9.681542142,      -10.28687814,      -11.00099487,      -12.51815007,      -5.512781085,       -3.67646718,   2.487474147e-06,      0.1615068799,                 1,                 1,                 1,    0.001789260784,     0.01070311366,      0.6042543934,                 0,                 0,                 0,     0.07801770512,     -0.0103915806,      0.6042598313,                 0,       56.45594477,    0.002390236486
          0,           0,         530,       -11.3373181,      -9.681543859,      -10.28690057,      -10.99871889,      -12.51814894,      -5.512899548,      -3.677328739,   2.487474147e-06,      0.1615068799,                 1,                 1,                 1,    0.001789260784,     0.01070310363,      0.6042542483,                 0,                 0,                 0,     0.07801768458,    -0.01039158556,      0.6042596859,                 0,       56.45598411,    0.002390236486
          0,           0,         531,      -11.33690978,         -9.681546,      -10.28691064,      -10.99830911,      -12.51814745,      -5.513017968,      -3.678164724,   2.487474147e-06,      0.1615068799,                 1,                 1,                 1,    0.001789260784,     0.01070309348,      0.6042541028,                 0,                 0,                 0,      0.0780176638,    -0.01039159063,      0.6042595401,                 0,       56.45602405,    0.002390236486
          0,           0,         532,      -11.33770877,      -9.681548471,      -10.28691194,      -10.99944322,      -12.51814563,      -5.513136345,      -3.678977221,   2.487474148e-06,      0.1615068799,                 1,                 1,                 1,    0.001789260784,     0.01070308321,       0.604253957,                 0,                 0,                 0,     0.07801764278,    -0.01039159579,       0.604259394,                 0,       56.45606456,    0.002390236486
          0,           0,         533,      -11.33918557,      -9.681551143,       -10.2869093,      -11.00143769,      -12.51814347,       -5.51325468,      -3.679768092,   2.487474148e-06,      0.1615068799,                 1,                 1,                 1,    0.001789260784,     0.01070307284,      0.6042538108,                 0,                 0,                 0,     0.07801762153,    -0.01039160106,      0.6042592476,                 0,       56.45610563,    0.002390236486
          0,           0,         534,      -11.34086144,      -9.681553882,       -10.2869065,      -11.00367141,      -12.51814099,      -5.513372971,      -3.680539005,   2.487474149e-06,      0.1615068799,                 1,                 1,                 1,    0.001789260784,     0.01070306236,      0.6042536644,                 0,                 0,                 0,     0.07801760006,    -0.01039160643,      0.6042591009,                 0,       56.45614724,    0.002390236486
          0,           0,         535,      -11.34244014,      -9.681556567,      -10.28690544,      -11.00575799,       -12.5181382,      -5.513491219,      -3.681291459,   2.487474149e-06,      0.1615068799,                 1,                 1,                 1,    0.001789260784,     0.01070305178,      0.6042535177,                 0,                 0,                 0,     0.07801757838,    -0.01039161188,      0.6042589539,                 0,       56.45618935,    0.002390236486
          0,           0,         536,       -11.3438026,      -9.681559105,      -10.28690652,      -11.00754183,      -12.51813509,      -5.513609423,      -3.682026798,   2.487474149e-06,      0.1615068799,                 1,                 1,                 1,    0.001789260784,      0.0107030411,      0.6042533706,                 0,                 0,                 0,     0.07801755649,    -0.01039161742,      0.6042588066,                 0,       56.45623193,    0.002390236486
          0,           0,         537,      -11.34494117,      -9.681561434,      -10.28690932,      -11.00901418,      -12.51813168,      -5.513727583,      -3.682746237,    2.48747415e-06,      0.1615068799,                 1,                 1,                 1,    0.001789260784,     0.01070303033,      0.6042532234,                 0,                 0,                 0,     0.07801753441,    -0.01039162304,       0.604258659,                 0,       56.45627496,    0.002390236486
          0,           0,         538,      -11.34589295,      -9.681563519,      -10.28691318,      -11.01022628,      -12.51812797,        -5.5138457,      -3.683450871,    2.48747415e-06,      0.1615068799,                 1,                 1,                 1,    0.001789260784,     0.01070301948,      0.6042530759,                 0,                 0,                 0,     0.07801751214,    -0.01039162873,      0.6042585112,                 0,        56.4563184,    0.002390236486
          0,           0,         539,      -11.34669944,      -9.681565354,      -10.28691762,       -11.0112361,      -12.51812395,      -5.513963773,      -3.684141692,    2.48747415e-06,      0.1615068799,                 1,                 1,                 1,    0.001789260784,     0.01070300856,      0.6042529281,                 0,                 0,                 0,     0.07801748969,     -0.0103916345,      0.6042583632,                 0,       56.45636222,    0.002390236486
          0,           0,         540,      -11.34739194,       -9.68156695,      -10.28692233,      -11.01208873,      -12.51811963,      -5.514081803,      -3.684819599,   2.487474151e-06,      0.1615068799,                 1,                 1,                 1,    0.001789260784,     0.01070299757,      0.6042527802,                 0,                 0,                 0,     0.07801746707,    -0.01039164032,      0.6042582149,                 0,       56.45640639,    0.002390236486
          0,           0,         541,       -11.3479921,      -9.681568328,      -10.28692721,      -11.01281671,      -12.51811502,      -5.514199789,      -3.685485409,   2.487474151e-06,      0.1615068799,                 1,                 1,                 1,    0.001789260784,     0.01070298651,       0.604252632,                 0,                 0,                 0,     0.07801744429,     -0.0103916462,      0.6042580665,                 0,       56.45645087,    0.002390236486
          0,           0,         542,      -11.34851664,      -9.681569519,      -10.28693225,        -11.013446,       -12.5181101,      -5.514317731,      -3.686139866,   2.487474151e-06,      0.1615068799,                 1,                 1,                 1,    0.001789260784,      0.0107029754,      0.6042524837,                 0,                 0,                 0,     0.07801742136,    -0.01039165213,      0.6042579179,                 0,       56.45649564,    0.002390236486
          0,           0,         543,      -11.34898063,      -9.681570553,      -10.28693747,      -11.01399992,      -12.51810488,       -5.51443563,      -3.686783647,   2.487474152e-06,      0.1615068799,                 1,                 1,                 1,    0.001789260784,     0.01070296423,      0.6042523352,                 0,                 0,                 0,     0.07801739829,    -0.01039165811,      0.6042577691,                 0,       56.45654065,    0.002390236486
          0,           0,         544,        -11.349398,      -9.681571458,      -10.28694291,      -11.01449953,      -12.51809936,      -5.514553486,      -3.687417371,   2.487474152e-06,      0.1615068799,                 1,                 1,                 1,    0.001789260784,     0.01070295302,      0.6042521866,                 0,                 0,                 0,     0.07801737508,    -0.01039166412,      0.6042576201,                 0,       56.45658588,    0.002390236486
          0,           0,         545,      -11.34978092,      -9.681572257,      -10.28694857,      -11.01496261,      -12.51809355,      -5.514671298,      -3.688041607,   2.487474152e-06,      0.1615068799,                 1,                 1,                 1,    0.001789260784,     0.01070294178,      0.6042520378,                 0,                 0,                 0,     0.07801735174,    -0.01039167017,      0.6042574711,                 0,        56.4566313,    0.002390236486
          0,           0,         546,      -11.35013841,      -9.681572972,      -10.28695446,      -11.01540177,      -12.51808743,      -5.514789067,      -3.688656873,   2.487474153e-06,      0.1615068799,                 1,                 1,                 1,    0.001789260784,      0.0107029305,      0.6042518889,                 0,                 0,                 0,     0.07801732828,    -0.01039167624,      0.6042573218,                 0,       56.45667688,    0.002390236486
          0,           0,         547,      -11.35047626,      -9.681573616,      -10.28696057,      -11.01582451,      -12.51808102,      -5.514906794,      -3.689263647,   2.487474153e-06,      0.1615068799,                 1,                 1,                 1,    0.001789260784,      0.0107029192,      0.6042517399,                 0,                 0,                 0,     0.07801730471,    -0.01039168234,      0.6042571725,                 0,       56.45672258,    0.002390236486
          0,           0,         548,      -11.35079733,      -9.681574201,      -10.28696688,       -11.0162336,      -12.51807432,      -5.515024477,       -3.68986237,   2.487474154e-06,      0.1615068799,                 1,                 1,                 1,    0.001789260784,     0.01070290787,      0.6042515907,                 0,                 0,                 0,     0.07801728103,    -0.01039168845,      0.6042570231,                 0,       56.45676839,    0.002390236486
          0,           0,         549,      -11.35110257,      -9.681574734,      -10.28697337,      -11.01662892,      -12.51806731,      -5.515142117,      -3.690453446,   2.487474154e-06,      0.1615068799,                 1,                 1,                 1,    0.001789260784,     0.01070289653,      0.6042514415,                 0,                 0,                 0,     0.07801725726,    -0.01039169458,      0.6042568735,                 0,       56.45681428,    0.002390236486
          0,           0,         550,      -11.35139164,       -9.68157522,      -10.28697999,      -11.01700841,      -12.51806002,      -5.515259714,      -3.691037251,   2.487474154e-06,      0.1615068799,                 1,                 1,                 1,    0.001789260784,     0.01070288517,      0.6042512922,                 0,                 0,                 0,      0.0780172334,    -0.01039170072,      0.6042567239,                 0,       56.45686022,    0.002390236486
          0,           0,         551,      -11.35166424,      -9.681575665,       -10.2869867,      -11.01736999,      -12.51805243,      -5.515377268,      -3.691614129,   2.487474155e-06,      0.1615068799,                 1,                 1,                 1,    0.001789260784,     0.01070287381,      0.6042511428,                 0,                 0,                 0,     0.07801720945,    -0.01039170686,      0.6042565743,                 0,        56.4569062,    0.002390236486
          0,           0,         552,      -11.35192011,       -9.68157607,      -10.28699347,      -11.01771185,      -12.51804455,       -5.51549478,      -3.692184403,   2.487474155e-06,      0.1615068799,                 1,                 1,                 1,    0.001789260784,     0.01070286245,      0.6042509934,                 0,                 0,                 0,     0.07801718542,      -0.010391713,      0.6042564245,                 0,       56.45695219,    0.002390236486
          0,           0,         553,      -11.35215958,       -9.68157644,      -10.28700025,       -11.0180332,      -12.51803638,      -5.515612249,       -3.69274837,   2.487474155e-06,      0.1615068799,                 1,                 1,                 1,    0.001789260784,     0.01070285108,      0.6042508439,                 0,                 0,                 0,     0.07801716133,    -0.01039171914,      0.6042562747,                 0,       56.45699818,    0.002390236486
          0,           0,         554,      -11.35238342,      -9.681576776,      -10.28700701,      -11.01833421,      -12.51802793,      -5.515729675,      -3.693306308,   2.487474156e-06,      0.1615068799,                 1,                 1,                 1,    0.001789260784,     0.01070283972,      0.6042506943,                 0,                 0,                 0,     0.07801713717,    -0.01039172528,      0.6042561249,                 0,       56.45704415,    0.002390236486
          0,           0,         555,      -11.35259284,      -9.681577082,       -10.2870137,      -11.01861596,      -12.51801918,      -5.515847058,      -3.693858473,   2.487474156e-06,      0.1615068799,                 1,                 1,                 1,    0.001789260784,     0.01070282836,      0.6042505448,                 0,                 0,                 0,     0.07801711295,    -0.01039173141,       0.604255975,                 0,       56.45709008,    0.002390236486
          0,           0,         556,      -11.35278951,      -9.681577362,      -10.28702031,      -11.01888036,      -12.51801015,      -5.515964399,      -3.694405106,   2.487474156e-06,      0.1615068799,                 1,                 1,                 1,    0.001789260784,     0.01070281701,      0.6042503952,                 0,                 0,                 0,     0.07801708868,    -0.01039173753,      0.6042558251,                 0,       56.45713597,    0.002390236486
          0,           0,         557,      -11.35297507,      -9.681577617,      -10.28702681,      -11.01912958,      -12.51800083,      -5.516081697,      -3.694946432,   2.487474157e-06,      0.1615068799,                 1,                 1,                 1,    0.001789260784,     0.01070280567,      0.6042502455,                 0,                 0,                 0,     0.07801706435,    -0.01039174364,      0.6042556752,                 0,        56.4571818,    0.002390236486
          0,           0,         558,      -11.35315123,      -9.681577851,      -10.28703317,      -11.01936595,      -12.51799122,      -5.516198953,      -3.695482661,   2.487474157e-06,      0.1615068799,                 1,                 1,                 1,    0.001789260784,     0.01070279435,      0.6042500959,                 0,                 0,                 0,     0.07801703998,    -0.01039174974,      0.6042555252,                 0,       56.45722756,    0.002390236486
          0,           0,         559,      -11.35331951,      -9.681578067,      -10.28703939,       -11.0195917,      -12.51798133,      -5.516316166,      -3.696013989,   2.487474157e-06,      0.1615068799,                 1,                 1,                 1,    0.001789260784,     0.01070278303,      0.6042499462,                 0,                 0,                 0,     0.07801701557,    -0.01039175582,      0.6042553752,                 0,       56.45727324,    0.002390236486
          0,           0,         560,      -11.35348137,      -9.681578268,      -10.28704544,      -11.01980899,      -12.51797116,      -5.516433337,        -3.6965406,   2.487474158e-06,      0.1615068799,                 1,                 1,                 1,    0.001789260784,     0.01070277174,      0.6042497966,                 0,                 0,                 0,     0.07801699111,    -0.01039176188,      0.6042552253,                 0,       56.45731885,    0.002390236486
          0,           0,         561,      -11.35363803,      -9.681578456,      -10.28705134,      -11.02001954,      -12.51796071,      -5.516550465,      -3.697062667,   2.487474158e-06,      0.1615068799,                 1,                 1,                 1,    0.001789260784,     0.01070276046,      0.6042496469,                 0,                 0,                 0,     0.07801696662,    -0.01039176793,      0.6042550753,                 0,       56.45736436,    0.002390236486
          0,           0,         562,      -11.35379038,      -9.681578633,      -10.28705706,      -11.02022471,      -12.51794997,      -5.516667551,      -3.697580353,   2.487474158e-06,      0.1615068799,                 1,                 1,                 1,    0.001789260784,      0.0107027492,      0.6042494972,                 0,                 0,                 0,     0.07801694209,    -0.01039177396,      0.6042549253,                 0,       56.45740979,    0.002390236486
          0,           0,         563,      -11.35393918,        -9.6815788,      -10.28706259,      -11.02042557,      -12.51793895,      -5.516784595,      -3.698093811,   2.487474159e-06,      0.1615068799,                 1,                 1,                 1,    0.001789260784,     0.01070273795,      0.6042493475,                 0,                 0,                 0,     0.07801691753,    -0.01039177998,      0.6042547753,                 0,       56.45745511,    0.002390236486
          0,           0,         564,      -11.35408502,      -9.681578961,      -10.28706795,      -11.02062291,      -12.51792766,      -5.516901597,      -3.698603184,   2.487474159e-06,      0.1615068799,                 1,                 1,                 1,    0.001789260784,     0.01070272672,      0.6042491977,                 0,                 0,                 0,     0.07801689293,    -0.01039178597,      0.6042546252,                 0,       56.45750035,    0.002390236486
          0,           0,         565,      -11.35422829,      -9.681579114,      -10.28707312,      -11.02081718,      -12.51791608,      -5.517018556,      -3.699108609,   2.487474159e-06,      0.1615068799,                 1,                 1,                 1,    0.001789260784,     0.01070271552,       0.604249048,                 0,                 0,                 0,      0.0780168683,    -0.01039179195,      0.6042544752,                 0,       56.45754548,    0.002390236486
          0,           0,         566,      -11.35436935,      -9.681579263,      -10.28707811,       -11.0210088,      -12.51790423,      -5.517135473,      -3.699610215,    2.48747416e-06,      0.1615068799,                 1,                 1,                 1,    0.001789260784,     0.01070270433,      0.6042488982,                 0,                 0,                 0,     0.07801684363,     -0.0103917979,      0.6042543251,                 0,       56.45759052,    0.002390236486
          0,           0,         567,       -11.3545083,      -9.681579407,      -10.28708291,       -11.0211978,      -12.51789211,      -5.517252348,      -3.700108124,    2.48747416e-06,      0.1615068799,                 1,                 1,                 1,    0.001789260784,     0.01070269315,      0.6042487484,                 0,                 0,                 0,     0.07801681892,    -0.01039180384,       0.604254175,                 0,       56.45763546,    0.002390236486
          0,           0,         568,      -11.35464545,      -9.681579547,      -10.28708751,      -11.02138445,       -12.5178797,      -5.517369182,      -3.700602451,    2.48747416e-06,      0.1615068799,                 1,                 1,                 1,    0.001789260784,       0.010702682,      0.6042485986,                 0,                 0,                 0,     0.07801679418,    -0.01039180976,      0.6042540249,                 0,       56.45768031,    0.002390236486
          0,           0,         569,      -11.35478082,      -9.681579683,      -10.28709194,       -11.0215687,      -12.51786702,      -5.517485973,      -3.701093306,   2.487474161e-06,      0.1615068799,                 2,                 2,                 2,    0.001789260784,     0.01070267085,      0.6042484487,                 0,                 0,                 0,     0.07801676938,    -0.01039181567,      0.6042538747,                 0,       56.45772508,    0.002390236486
          0,           0,         570,      -11.35491458,      -9.681579817,      -10.28709617,      -11.02175059,      -12.51785234,      -5.517602916,      -3.701533788,   4.974948322e-06,      0.3230137597,                 4,                 4,                 4,    0.001789260784,     0.01070264862,      0.6042481485,                 0,                 0,                 0,     0.07801671957,    -0.01039182741,      0.6042535739,                 0,       56.45781431,    0.002390236486
          0,           0,         571,      -11.35484453,      -9.681579449,      -10.28710141,      -11.02170269,      -12.51784317,       -5.51771965,      -3.701878336,   9.949896647e-06,      0.6460275195,                 8,                 8,                 8,    0.001789260784,     0.01070260416,      0.6042475453,                 0,                 0,                 0,     0.07801661857,     -0.0103918508,      0.6042529696,                 0,       56.45799251,    0.002390236486
          0,           0,         572,      -11.35463898,       -9.68157782,      -10.28709235,      -11.02152445,      -12.51784537,      -5.517836021,      -3.702032066,    1.98997933e-05,       1.292055039,                16,                16,                16,    0.001789260784,     0.01070251434,       0.604246319,                 0,                 0,                 0,     0.07801640909,    -0.01039189776,      0.6042517408,                 0,       56.45835172,    0.002390236486
          0,           0,         573,      -11.35507295,      -9.681573119,      -10.28699503,      -11.02216277,      -12.51787065,      -5.517951698,      -3.701789284,   3.979958665e-05,       2.584110078,                32,                32,                32,    0.001789260784,     0.01070234225,      0.6042438362,                 0,                 0,                 0,     0.07801599796,     -0.0103919831,      0.6042492536,                 0,       56.45902759,    0.002390236486
          0,           0,         574,      -11.35458948,      -9.681558462,      -10.28657306,      -11.02133637,      -12.51794221,       -5.51806591,      -3.700673742,   7.959917347e-05,       5.168220157,               3.2,               3.2,               3.2,    0.001789260784,     0.01070207749,      0.6042391075,                 0,                 0,                 0,     0.07801538304,    -0.01039208267,      0.6042445185,                 0,       56.45998248,    0.002390236486
          0,           0,         575,      -11.34256241,       -9.68150596,      -10.28520132,      -11.00510839,      -12.51820975,      -5.518165158,      -3.701096077,   7.959917376e-06,      0.5168220158,               6.4,               6.4,               6.4,    0.001789260784,     0.01070205464,      0.6042386463,                 0,                 0,                 0,     0.07801532857,    -0.01039208941,      0.6042440568,                 0,       56.46005994,    0.002390236486
          0,           0,         576,      -11.31645911,      -9.681534082,       -10.2862739,       -10.9697611,      -12.51820815,       -5.51828146,      -3.701328045,   1.591983476e-05,       1.033644032,              12.8,              12.8,              12.8,    0.001789260784,     0.01070201085,      0.6042377329,                 0,                 0,                 0,     0.07801522691,     -0.0103921013,      0.6042431424,                 0,       56.46020562,    0.002390236486
          0,           0,         577,      -11.34379854,      -9.681545797,       -10.2867239,        -11.005359,      -12.51822496,       -5.51839714,       -3.70119587,   3.183966954e-05,       2.067288063,              1.28,              1.28,              1.28,    0.001789260784,     0.01070192004,      0.6042359042,                 0,                 0,                 0,     0.07801502603,    -0.01039212822,      0.6042413116,                 0,       56.46051379,    0.002390236486
          0,           0,         578,      -11.36114984,       -9.68153821,      -10.28666542,      -11.02972098,      -12.51831895,      -5.518506897,      -3.701746698,   3.183966959e-06,      0.2067288063,              2.56,              2.56,              2.56,    0.001789260784,     0.01070191099,      0.6042357217,                 0,                 0,                 0,     0.07801500614,     -0.0103921309,      0.6042411289,                 0,       56.46054449,    0.002390236486
          0,           0,         579,      -11.36245163,      -9.681544348,      -10.28669313,      -11.03111634,      -12.51830621,      -5.518623446,      -3.702210512,   6.367933919e-06,      0.4134576127,              5.12,              5.12,              5.12,    0.001789260784,     0.01070189266,       0.604235356,                 0,                 0,                 0,     0.07801496617,    -0.01039213646,      0.6042407629,                 0,       56.46060702,    0.002390236486
          0,           0,         580,      -11.36223118,      -9.681550806,      -10.28672895,      -11.03063684,      -12.51830063,      -5.518739733,         -3.702521,   1.273586784e-05,      0.8269152253,             10.24,             10.24,             10.24,    0.001789260784,     0.01070185477,      0.6042346204,                 0,                 0,                 0,     0.07801488386,    -0.01039214865,      0.6042400263,                 0,       56.46073818,    0.002390236486
          0,           0,         581,      -11.36230361,      -9.681554281,      -10.28672482,      -11.03093682,      -12.51830943,      -5.518855558,      -3.702537301,    2.54717357e-05,       1.653830451,             1.024,             1.024,             1.024,    0.001789260784,      0.0107017696,       0.604233104,                 0,                 0,                 0,     0.07801469369,    -0.01039218085,      0.6042385079,                 0,       56.46104583,    0.002390236486
          0,           0,         582,      -11.36058797,      -9.681550915,       -10.2865735,      -11.02883695,      -12.51838043,      -5.518966678,      -3.703100011,   2.547173573e-06,      0.1653830451,                 1,                 1,                 1,    0.001789260784,     0.01070176105,      0.6042329525,                 0,                 0,                 0,      0.0780146747,     -0.0103921841,      0.6042383562,                 0,       56.46107678,    0.002390236486
          0,           0,         583,      -11.36220326,      -9.681555626,      -10.28661351,      -11.03065089,      -12.51836744,       -5.51908291,      -3.703652845,   2.487474192e-06,        0.16150688,                 1,                 1,                 1,    0.001789260784,      0.0107017526,       0.604232804,                 0,                 0,                 0,     0.07801465586,    -0.01039218737,      0.6042382075,                 0,        56.4611075,    0.002390236486
          0,           0,         584,      -11.36197603,      -9.681559159,      -10.28665751,      -11.03008456,      -12.51835401,      -5.519199114,      -3.704196433,   2.487474193e-06,        0.16150688,                 1,                 1,                 1,    0.001789260784,     0.01070174404,      0.6042326549,                 0,                 0,                 0,      0.0780146367,    -0.01039219072,      0.6042380582,                 0,       56.46113872,    0.002390236486
          0,           0,         585,      -11.36192187,      -9.681561648,      -10.28669157,      -11.02986385,      -12.51834034,      -5.519315275,      -3.704731554,   2.487474193e-06,        0.16150688,                 1,                 1,                 1,    0.001789260784,     0.01070173538,      0.6042325053,                 0,                 0,                 0,     0.07801461723,    -0.01039219415,      0.6042379083,                 0,       56.46117042,    0.002390236486
          0,           0,         586,      -11.36248658,       -9.68156325,      -10.28671246,      -11.03057088,      -12.51832642,      -5.519431394,      -3.705258891,   2.487474193e-06,        0.16150688,                 1,                 1,                 1,    0.001789260784,     0.01070172662,      0.6042323551,                 0,                 0,                 0,     0.07801459744,    -0.01039219767,      0.6042377579,                 0,       56.46120263,    0.002390236486
          0,           0,         587,      -11.36328606,      -9.681564176,      -10.28672356,      -11.03165977,      -12.51831226,      -5.519547471,      -3.705779046,   2.487474193e-06,        0.16150688,                 1,                 1,                 1,    0.001789260784,     0.01070171775,      0.6042322043,                 0,                 0,                 0,      0.0780145773,    -0.01039220127,      0.6042376069,                 0,       56.46123535,    0.002390236486
          0,           0,         588,      -11.36381162,      -9.681564649,      -10.28672972,      -11.03241609,      -12.51829784,      -5.519663507,      -3.706292549,   2.487474194e-06,        0.16150688,                 1,                 1,                 1,    0.001789260784,     0.01070170876,      0.6042320529,                 0,                 0,                 0,     0.07801455682,    -0.01039220497,      0.6042374553,                 0,        56.4612686,    0.002390236486
          0,           0,         589,      -11.36381408,      -9.681564872,      -10.28673428,      -11.03248083,      -12.51828316,      -5.519779501,      -3.706799869,   2.487474194e-06,        0.16150688,                 1,                 1,                 1,    0.001789260784,     0.01070169966,      0.6042319008,                 0,                 0,                 0,     0.07801453597,    -0.01039220875,       0.604237303,                 0,        56.4613024,    0.002390236486
          0,           0,         590,      -11.36335425,      -9.681565006,      -10.28673851,      -11.03192289,      -12.51826822,      -5.519895455,      -3.707301423,   2.487474194e-06,        0.16150688,                 1,                 1,                 1,    0.001789260784,     0.01070169044,      0.6042317481,                 0,                 0,                 0,     0.07801451475,    -0.01039221264,      0.6042371501,                 0,       56.46133677,    0.002390236486
          0,           0,         591,      -11.36266543,      -9.681565162,      -10.28674234,        -11.031052,        -12.518253,      -5.520011368,      -3.707797582,   2.487474195e-06,        0.16150688,                 1,                 1,                 1,    0.001789260784,      0.0107016811,      0.6042315947,                 0,                 0,                 0,     0.07801449312,    -0.01039221662,      0.6042369964,                 0,       56.46137174,    0.002390236486
          0,           0,         592,      -11.36199018,      -9.681565409,       -10.2867453,        -11.030194,      -12.51823751,       -5.52012724,      -3.708288677,   2.487474195e-06,        0.16150688,                 1,                 1,                 1,    0.001789260784,     0.01070167162,      0.6042314406,                 0,                 0,                 0,     0.07801447109,    -0.01039222071,       0.604236842,                 0,       56.46140732,    0.002390236486
          0,           0,         593,      -11.36148462,      -9.681565771,      -10.28674715,      -11.02955887,      -12.51822175,      -5.520243072,      -3.708775004,   2.487474195e-06,        0.16150688,                 2,                 2,                 2,    0.001789260784,     0.01070166201,      0.6042312857,                 0,                 0,                 0,     0.07801444863,    -0.01039222491,      0.6042366869,                 0,       56.46144355,    0.002390236486
          0,           0,         594,      -11.36120019,      -9.681566247,      -10.28674807,      -11.02921546,      -12.51820407,      -5.520359064,      -3.709206358,   4.974948391e-06,      0.3230137599,                 4,                 4,                 4,    0.001789260784,      0.0107016422,      0.6042309725,                 0,                 0,                 0,     0.07801440181,    -0.01039223379,      0.6042363733,                 0,       56.46151883,    0.002390236486
          0,           0,         595,      -11.36065315,      -9.681566705,      -10.28674606,      -11.02857874,      -12.51819235,      -5.520474931,      -3.709535378,   9.949896783e-06,      0.6460275199,                 8,                 8,                 8,    0.001789260784,         0.0107016,      0.6042303318,                 0,                 0,                 0,     0.07801430009,     -0.0103922536,      0.6042357315,                 0,        56.4616816,    0.002390236486
          0,           0,         596,      -11.36014117,      -9.681566473,       -10.2867251,      -11.02802358,      -12.51819289,      -5.520590602,       -3.70966366,   1.989979358e-05,        1.29205504,                16,                16,                16,    0.001789260784,     0.01070150568,      0.6042289937,                 0,                 0,                 0,     0.07801406522,    -0.01039230116,      0.6042343908,                 0,       56.46205417,    0.002390236486
          0,           0,         597,      -11.36001466,      -9.681562875,      -10.28662998,      -11.02787712,      -12.51821826,       -5.52070591,      -3.709378569,   3.979958718e-05,        2.58411008,                32,                32,                32,    0.001789260784,     0.01070129977,       0.604226204,                 0,                 0,                 0,     0.07801353568,    -0.01039240959,      0.6042315957,                 0,       56.46287993,    0.002390236486
          0,           0,         598,      -11.35813478,      -9.681547741,      -10.28625562,      -11.02514851,      -12.51829334,      -5.520820405,      -3.708189801,   7.959917449e-05,        5.16822016,               3.2,               3.2,               3.2,    0.001789260784,      0.0107009554,      0.6042209503,                 0,                 0,                 0,     0.07801266075,    -0.01039257039,      0.6042263332,                 0,       56.46420601,    0.002390236486
          0,           0,         599,      -11.34481972,      -9.681494665,      -10.28494681,      -11.00741531,      -12.51856722,      -5.520920844,      -3.708610824,   7.959917473e-06,      0.5168220161,               6.4,               6.4,               6.4,    0.001789260784,     0.01070092427,      0.6042204363,                 0,                 0,                 0,     0.07801257947,    -0.01039258357,      0.6042258184,                 0,       56.46432227,    0.002390236486
          0,           0,         600,      -11.31892274,      -9.681522987,      -10.28600921,        -10.972336,      -12.51856369,      -5.521036375,      -3.708831806,   1.591983495e-05,       1.033644032,              12.8,              12.8,              12.8,    0.001789260784,     0.01070086467,      0.6042194263,                 0,                 0,                 0,     0.07801242629,    -0.01039260788,       0.604224807,                 0,       56.46454234,    0.002390236486
          0,           0,         601,       -11.3462493,      -9.681535015,      -10.28646083,      -11.00799409,      -12.51857988,      -5.521151543,      -3.708674937,   3.183966992e-05,       2.067288064,              25.6,              25.6,              25.6,    0.001789260784,     0.01070075047,      0.6042174659,                 0,                 0,                 0,     0.07801214766,     -0.0103926536,      0.6042228438,                 0,       56.46496175,    0.002390236486
          0,           0,         602,      -11.36347457,      -9.681527971,      -10.28640898,      -11.03236034,      -12.51863399,      -5.521265999,      -3.707735949,   6.367933993e-05,       4.134576129,              2.56,              2.56,              2.56,    0.001789260784,     0.01070052231,      0.6042136311,                 0,                 0,                 0,     0.07801161883,    -0.01039274778,      0.6042190033,                 0,       56.46580732,    0.002390236486
          0,           0,         603,      -11.35571166,      -9.681495676,      -10.28532845,      -11.02233861,      -12.51884457,      -5.521369086,      -3.708251921,    6.36793401e-06,      0.4134576129,              5.12,              5.12,              5.12,    0.001789260784,     0.01070050056,      0.6042132522,                 0,                 0,                 0,     0.07801156827,     -0.0103927563,      0.6042186239,                 0,       56.46588668,    0.002390236486
          0,           0,         604,      -11.34512283,      -9.681518263,      -10.28591638,      -11.00676657,      -12.51883739,       -5.52148453,      -3.708585346,   1.273586802e-05,      0.8269152259,             10.24,             10.24,             10.24,    0.001789260784,     0.01070045676,      0.6042124959,                 0,                 0,                 0,     0.07801146697,    -0.01039277367,      0.6042178665,                 0,       56.46604712,    0.002390236486
          0,           0,         605,      -11.35234367,      -9.681531495,      -10.28630584,      -11.01627015,      -12.51884571,      -5.521599648,      -3.708588976,   2.547173606e-05,       1.653830452,             20.48,             20.48,             20.48,    0.001789260784,      0.0107003643,      0.6042109706,                 0,                 0,                 0,     0.07801125352,    -0.01039281284,      0.6042163389,                 0,       56.46639249,    0.002390236486
          0,           0,         606,      -11.36739304,      -9.681528236,      -10.28632759,      -11.03770129,      -12.51888385,      -5.521714169,      -3.707937713,   5.094347218e-05,       3.307660904,             40.96,             40.96,             40.96,    0.001789260784,     0.01070016185,      0.6042078484,                 0,                 0,                 0,     0.07801077903,    -0.01039290621,      0.6042132115,                 0,       56.46716908,    0.002390236486
          0,           0,         607,      -11.36092409,      -9.681505199,      -10.28568825,      -11.02953575,      -12.51898108,        -5.5218273,      -3.705879113,   0.0001018869446,       6.615321808,             4.096,             4.096,             4.096,    0.001789260784,     0.01069979445,      0.6042019017,                 0,                 0,                 0,     0.07800997961,    -0.01039306585,      0.6042072556,                 0,       56.46855222,    0.002390236486
          0,           0,         608,      -11.33368664,      -9.681429862,      -10.28351967,      -10.99383272,      -12.51932371,      -5.521921438,      -3.706388121,    1.01886945e-05,       0.661532181,             8.192,             8.192,             8.192,    0.001789260784,     0.01069976686,      0.6042013381,                 0,                 0,                 0,     0.07800991624,    -0.01039307376,      0.6042066915,                 0,       56.46864518,    0.002390236486
          0,           0,         609,      -11.29056961,      -9.681476915,      -10.28542341,      -10.93719648,      -12.51932677,       -5.52203642,      -3.706572437,   2.037738902e-05,       1.323064362,            16.384,            16.384,            16.384,    0.001789260784,     0.01069970604,      0.6042002041,                 0,                 0,                 0,     0.07800978366,    -0.01039309496,       0.604205556,                 0,       56.46886013,    0.002390236486
          0,           0,         610,      -11.34107358,      -9.681496344,      -10.28604623,      -11.00205929,      -12.51935292,      -5.522150779,      -3.706165337,   4.075477808e-05,       2.646128724,            32.768,            32.768,            32.768,    0.001789260784,     0.01069955889,      0.6041978866,                 0,                 0,                 0,     0.07800947886,    -0.01039316114,      0.6042032348,                 0,       56.46942017,    0.002390236486
          0,           0,         611,      -11.36128189,      -9.681485892,      -10.28592941,       -11.0308721,      -12.51942327,      -5.522263845,      -3.704554824,   8.150955634e-05,       5.292257448,            3.2768,            3.2768,            3.2768,    0.001789260784,     0.01069924508,      0.6041932253,                 0,                 0,                 0,     0.07800882894,    -0.01039331208,      0.6041985654,                 0,       56.47064074,    0.002390236486
          0,           0,         612,      -11.34763911,      -9.681432666,      -10.28432029,      -11.01318412,      -12.51968541,      -5.522361386,      -3.705216585,   8.150955666e-06,      0.5292257449,            6.5536,            6.5536,            6.5536,    0.001789260784,     0.01069921671,      0.6041927705,                 0,                 0,                 0,     0.07800876974,    -0.01039332457,      0.6041981098,                 0,         56.470748,    0.002390236486
          0,           0,         613,      -11.32237995,      -9.681468068,      -10.28545631,      -10.97820476,       -12.5196842,      -5.522476308,       -3.70558475,   1.630191134e-05,        1.05845149,           13.1072,           13.1072,           13.1072,    0.001789260784,      0.0106991579,       0.604191855,                 0,                 0,                 0,     0.07800864665,    -0.01039335139,      0.6041971928,                 0,       56.47097281,    0.002390236486
          0,           0,         614,      -11.34483264,      -9.681486357,      -10.28600846,      -11.00782478,      -12.51970086,      -5.522590658,      -3.705440439,   3.260382271e-05,        2.11690298,           26.2144,           26.2144,           26.2144,    0.001789260784,     0.01069903091,      0.6041899935,                 0,                 0,                 0,     0.07800837931,    -0.01039341334,      0.6041953281,                 0,        56.4714691,    0.002390236486
          0,           0,         615,      -11.36390938,      -9.681481155,      -10.28599594,      -11.03506479,      -12.51975153,       -5.52270388,       -3.70429569,   6.520764553e-05,        4.23380596,           2.62144,           2.62144,           2.62144,    0.001789260784,      0.0106987742,      0.6041862203,                 0,                 0,                 0,     0.07800782602,    -0.01039353821,      0.6041915482,                 0,       56.47247142,    0.002390236486
          0,           0,         616,      -11.35410207,      -9.681446089,      -10.28493513,      -11.02227144,       -12.5199532,      -5.522804513,      -3.705053529,   6.520764576e-06,       0.423380596,           5.24288,           5.24288,           5.24288,    0.001789260784,     0.01069874952,      0.6041858463,                 0,                 0,                 0,     0.07800777249,    -0.01039354983,      0.6041911736,                 0,       56.47256677,    0.002390236486
          0,           0,         617,       -11.3426964,      -9.681470422,      -10.28555951,      -11.00545542,      -12.51994878,      -5.522919389,      -3.705558018,   1.304152916e-05,       0.846761192,          10.48576,          10.48576,          10.48576,    0.001789260784,     0.01069870037,      0.6041850963,                 0,                 0,                 0,     0.07800766472,    -0.01039357276,      0.6041904223,                 0,       56.47275606,    0.002390236486
          0,           0,         618,      -11.35042438,      -9.681485053,      -10.28596865,      -11.01577389,      -12.51995825,      -5.523033772,      -3.705632556,   2.608305833e-05,       1.693522384,          20.97152,          20.97152,          20.97152,    0.001789260784,     0.01069860192,      0.6041835864,                 0,                 0,                 0,     0.07800744656,    -0.01039361846,      0.6041889099,                 0,       56.47313462,    0.002390236486
          0,           0,         619,      -11.36511163,      -9.681482657,      -10.28599348,      -11.03693634,      -12.51999428,      -5.523147215,      -3.704892271,   5.216611674e-05,       3.387044768,          41.94304,          41.94304,          41.94304,    0.001789260784,     0.01069840712,      0.6041805243,                 0,                 0,                 0,     0.07800700822,    -0.01039370627,      0.6041858429,                 0,       56.47387665,    0.002390236486
          0,           0,         620,      -11.35772731,      -9.681460407,      -10.28530549,      -11.02740095,      -12.52008276,      -5.523258562,      -3.702462774,   0.0001043322338,       6.774089537,          4.194304,          4.194304,          4.194304,    0.001789260784,     0.01069806231,      0.6041745741,                 0,                 0,                 0,     0.07800630344,    -0.01039384322,      0.6041798842,                 0,       56.47514069,    0.002390236486
          0,           0,         621,      -11.32869995,      -9.681387099,      -10.28298157,      -10.98903336,      -12.52040723,      -5.523348861,       -3.70317267,   1.043322343e-05,      0.6774089539,          8.388608,          8.388608,          8.388608,    0.001789260784,      0.0106980381,      0.6041740124,                 0,                 0,                 0,     0.07800625149,    -0.01039384781,       0.604179322,                 0,       56.47521601,    0.002390236486
          0,           0,         622,      -11.28406908,      -9.681437366,      -10.28498151,      -10.93046344,      -12.52041209,      -5.523463165,      -3.703478418,   2.086644688e-05,       1.354817908,         16.777216,         16.777216,         16.777216,    0.001789260784,     0.01069798222,      0.6041728697,                 0,                 0,                 0,     0.07800613835,    -0.01039386377,      0.6041781781,                 0,       56.47540415,    0.002390236486
          0,           0,         623,      -11.33640801,      -9.681459176,      -10.28560373,      -10.99772584,      -12.52043727,       -5.52357656,      -3.703072295,   4.173289382e-05,       2.709635816,         33.554432,         33.554432,         33.554432,    0.001789260784,     0.01069783562,      0.6041704771,                 0,                 0,                 0,     0.07800584931,    -0.01039392679,      0.6041757818,                 0,       56.47595444,    0.002390236486
          0,           0,         624,      -11.35595898,      -9.681450457,      -10.28544703,      -11.02563166,      -12.52050104,      -5.523688071,       -3.70125641,   8.346578785e-05,       5.419271632,         3.3554432,         3.3554432,         3.3554432,    0.001789260784,     0.01069750703,      0.6041655508,                 0,                 0,                 0,     0.07800518406,    -0.01039408325,      0.6041708471,                 0,       56.47722869,    0.002390236486
          0,           0,         625,      -11.34158399,      -9.681397822,       -10.2837215,      -11.00669264,      -12.52074848,      -5.523782369,      -3.702119618,   8.346578824e-06,      0.5419271632,                 1,                 1,                 1,    0.001789260784,     0.01069747736,      0.6041650695,                 0,                 0,                 0,     0.07800512353,    -0.01039409611,      0.6041703651,                 0,       56.47734033,    0.002390236486
          0,           0,         626,      -11.31492888,      -9.681435311,       -10.2849252,      -10.96995928,       -12.5207588,       -5.52389551,      -3.703175413,   2.487474331e-06,      0.1615068803,                 1,                 1,                 1,    0.001789260784,     0.01069746852,      0.6041649262,                 0,                 0,                 0,     0.07800510549,    -0.01039409993,      0.6041702215,                 0,       56.47737358,    0.002390236486
          0,           0,         627,       -11.3070576,      -9.681445103,       -10.2852517,      -10.95963543,      -12.52075048,      -5.524010118,      -3.704177369,   2.487474331e-06,      0.1615068803,                 2,                 2,                 2,    0.001789260784,     0.01069745966,      0.6041647826,                 0,                 0,                 0,     0.07800508733,    -0.01039410378,      0.6041700777,                 0,       56.47740693,    0.002390236486
          0,           0,         628,      -11.31199237,      -9.681451549,      -10.28539627,       -10.9658748,      -12.52074047,      -5.524124882,      -3.705037638,   4.974948663e-06,      0.3230137606,                 1,                 1,                 1,    0.001789260784,     0.01069744169,      0.6041644945,                 0,                 0,                 0,     0.07800505033,    -0.01039411169,      0.6041697891,                 0,       56.47747491,    0.002390236486
          0,           0,         629,      -11.33486353,      -9.681457117,      -10.28544805,      -10.99590377,      -12.52073976,       -5.52423878,       -3.70595505,   2.487474332e-06,      0.1615068803,                 1,                 1,                 1,    0.001789260784,     0.01069743264,      0.6041643502,                 0,                 0,                 0,      0.0780050317,    -0.01039411569,      0.6041696446,                 0,       56.47750919,    0.002390236486
          0,           0,         630,      -11.34272626,      -9.681458797,       -10.2854445,      -11.00664402,      -12.52072964,      -5.524353262,      -3.706833411,   2.487474333e-06,      0.1615068803,                 1,                 1,                 1,    0.001789260784,      0.0106974235,      0.6041642055,                 0,                 0,                 0,     0.07800501287,    -0.01039411978,      0.6041694997,                 0,        56.4775439,    0.002390236486
          0,           0,         631,      -11.34572062,      -9.681459884,      -10.28545515,      -11.01100416,      -12.52071832,      -5.524467705,      -3.707676806,   2.487474333e-06,      0.1615068803,                 2,                 2,                 2,    0.001789260784,     0.01069741427,      0.6041640606,                 0,                 0,                 0,     0.07800499383,    -0.01039412394,      0.6041693545,                 0,       56.47757908,    0.002390236486
          0,           0,         632,      -11.34485506,      -9.681460851,      -10.28547895,      -11.01017417,      -12.52070518,      -5.524582313,      -3.708404617,   4.974948667e-06,      0.3230137606,                 1,                 1,                 1,    0.001789260784,     0.01069739539,      0.6041637693,                 0,                 0,                 0,     0.07800495487,    -0.01039413264,      0.6041690627,                 0,       56.47765152,    0.002390236486
          0,           0,         633,      -11.34110448,       -9.68146287,      -10.28553116,      -11.00565591,      -12.52070128,      -5.524696079,      -3.709192628,   2.487474334e-06,      0.1615068803,                 1,                 1,                 1,    0.001789260784,     0.01069738585,      0.6041636233,                 0,                 0,                 0,      0.0780049352,    -0.01039413708,      0.6041689165,                 0,       56.47768824,    0.002390236486
          0,           0,         634,      -11.34001773,      -9.681464842,      -10.28554134,      -11.00434547,      -12.52068909,      -5.524810409,       -3.70995417,   2.487474334e-06,      0.1615068803,                 1,                 1,                 1,    0.001789260784,     0.01069737621,       0.604163477,                 0,                 0,                 0,      0.0780049153,    -0.01039414162,        0.60416877,                 0,        56.4777255,    0.002390236486
          0,           0,         635,      -11.34008085,      -9.681467119,      -10.28554329,      -11.00452502,      -12.52067661,      -5.524924702,      -3.710691804,   2.487474335e-06,      0.1615068803,                 1,                 1,                 1,    0.001789260784,     0.01069736645,      0.6041633303,                 0,                 0,                 0,     0.07800489518,    -0.01039414625,      0.6041686231,                 0,       56.47776328,    0.002390236486
          0,           0,         636,      -11.34092467,      -9.681469609,      -10.28554063,      -11.00571317,      -12.52066384,      -5.525038956,      -3.711407639,   2.487474335e-06,      0.1615068803,                 1,                 1,                 1,    0.001789260784,      0.0106973566,      0.6041631834,                 0,                 0,                 0,     0.07800487486,    -0.01039415097,      0.6041684758,                 0,       56.47780158,    0.002390236486
          0,           0,         637,      -11.34211827,      -9.681472205,       -10.2855368,      -11.00734476,       -12.5206508,      -5.525153172,      -3.712103539,   2.487474336e-06,      0.1615068803,                 1,                 1,                 1,    0.001789260784,     0.01069734665,      0.6041630361,                 0,                 0,                 0,     0.07800485432,    -0.01039415577,      0.6041683283,                 0,       56.47784036,    0.002390236486
          0,           0,         638,      -11.34334642,      -9.681474799,      -10.28553389,       -11.0090043,       -12.5206375,      -5.525267349,      -3.712781208,   2.487474336e-06,      0.1615068803,                 1,                 1,                 1,    0.001789260784,      0.0106973366,      0.6041628885,                 0,                 0,                 0,     0.07800483359,    -0.01039416066,      0.6041681804,                 0,        56.4778796,    0.002390236486
          0,           0,         639,      -11.34444792,      -9.681477302,      -10.28553266,      -11.01047844,      -12.52062393,      -5.525381486,      -3.713442134,   2.487474336e-06,      0.1615068803,                 1,                 1,                 1,    0.001789260784,     0.01069732646,      0.6041627406,                 0,                 0,                 0,     0.07800481267,    -0.01039416563,      0.6041680323,                 0,       56.47791929,    0.002390236486
          0,           0,         640,      -11.34537754,      -9.681479647,      -10.28553296,       -11.0117076,      -12.52061011,      -5.525495585,      -3.714087645,   2.487474337e-06,      0.1615068803,                 1,                 1,                 1,    0.001789260784,     0.01069731624,      0.6041625925,                 0,                 0,                 0,     0.07800479156,    -0.01039417068,      0.6041678839,                 0,        56.4779594,    0.002390236486
          0,           0,         641,      -11.34614878,      -9.681481796,      -10.28553431,      -11.01271109,      -12.52059603,      -5.525609645,      -3.714718927,   2.487474337e-06,      0.1615068803,                 1,                 1,                 1,    0.001789260784,     0.01069730595,      0.6041624441,                 0,                 0,                 0,     0.07800477028,    -0.01039417579,      0.6041677352,                 0,       56.47799989,    0.002390236486
          0,           0,         642,      -11.34679179,      -9.681483729,      -10.28553624,      -11.01353137,       -12.5205817,      -5.525723666,      -3.715337046,   2.487474337e-06,      0.1615068803,                 1,                 1,                 1,    0.001789260784,     0.01069729558,      0.6041622954,                 0,                 0,                 0,     0.07800474882,    -0.01039418097,      0.6041675863,                 0,       56.47804075,    0.002390236486
          0,           0,         643,      -11.34733353,       -9.68148545,      -10.28553847,      -11.01420734,      -12.52056712,      -5.525837647,      -3.715942957,   2.487474338e-06,      0.1615068803,                 1,                 1,                 1,    0.001789260784,     0.01069728514,      0.6041621466,                 0,                 0,                 0,     0.07800472721,     -0.0103941862,      0.6041674372,                 0,       56.47808195,    0.002390236486
          0,           0,         644,      -11.34779358,      -9.681486971,      -10.28554087,      -11.01476871,      -12.52055228,       -5.52595159,      -3.716537519,   2.487474338e-06,      0.1615068803,                 1,                 1,                 1,    0.001789260784,     0.01069727464,      0.6041619975,                 0,                 0,                 0,     0.07800470543,    -0.01039419149,      0.6041672878,                 0,       56.47812345,    0.002390236486
          0,           0,         645,      -11.34818708,      -9.681488315,      -10.28554343,      -11.01523933,       -12.5205372,      -5.526065493,       -3.71712151,   2.487474338e-06,      0.1615068803,                 1,                 1,                 1,    0.001789260784,     0.01069726408,      0.6041618482,                 0,                 0,                 0,     0.07800468352,    -0.01039419683,      0.6041671383,                 0,       56.47816523,    0.002390236486
          0,           0,         646,      -11.34852732,      -9.681489507,      -10.28554617,      -11.01564061,      -12.52052187,      -5.526179358,      -3.717695629,   2.487474339e-06,      0.1615068803,                 1,                 1,                 1,    0.001789260784,     0.01069725347,      0.6041616987,                 0,                 0,                 0,     0.07800466145,    -0.01039420222,      0.6041669885,                 0,       56.47820727,    0.002390236486
          0,           0,         647,      -11.34882689,       -9.68149057,      -10.28554913,      -11.01599233,      -12.52050629,      -5.526293183,      -3.718260511,   2.487474339e-06,      0.1615068803,                 1,                 1,                 1,    0.001789260784,     0.01069724281,       0.604161549,                 0,                 0,                 0,     0.07800463926,    -0.01039420765,      0.6041668385,                 0,       56.47824954,    0.002390236486
          0,           0,         648,      -11.34909694,      -9.681491528,      -10.28555233,      -11.01631163,      -12.52049045,      -5.526406971,      -3.718816732,    2.48747434e-06,      0.1615068803,                 1,                 1,                 1,    0.001789260784,     0.01069723212,      0.6041613992,                 0,                 0,                 0,     0.07800461694,    -0.01039421311,      0.6041666884,                 0,       56.47829201,    0.002390236486
          0,           0,         649,      -11.34934608,      -9.681492398,      -10.28555579,      -11.01661137,      -12.52047437,      -5.526520719,      -3.719364818,    2.48747434e-06,      0.1615068803,                 1,                 1,                 1,    0.001789260784,     0.01069722138,      0.6041612492,                 0,                 0,                 0,     0.07800459449,     -0.0103942186,      0.6041665381,                 0,       56.47833465,    0.002390236486
          0,           0,         650,      -11.34958008,      -9.681493194,      -10.28555951,      -11.01689961,      -12.52045805,      -5.526634429,      -3.719905244,    2.48747434e-06,      0.1615068803,                 1,                 1,                 1,    0.001789260784,     0.01069721062,      0.6041610991,                 0,                 0,                 0,     0.07800457194,    -0.01039422412,      0.6041663877,                 0,       56.47837745,    0.002390236486
          0,           0,         651,        -11.349802,       -9.68149393,      -10.28556348,      -11.01718006,      -12.52044147,        -5.5267481,      -3.720438446,   2.487474341e-06,      0.1615068803,                 1,                 1,                 1,    0.001789260784,     0.01069719983,      0.6041609488,                 0,                 0,                 0,     0.07800454927,    -0.01039422966,      0.6041662371,                 0,       56.47842038,    0.002390236486
          0,           0,         652,      -11.35001268,      -9.681494611,      -10.28556767,      -11.01745284,      -12.52042465,      -5.526861733,      -3.720964825,   2.487474341e-06,      0.1615068803,                 1,                 1,                 1,    0.001789260784,     0.01069718902,      0.6041607984,                 0,                 0,                 0,     0.07800452651,    -0.01039423521,      0.6041660864,                 0,       56.47846341,    0.002390236486
          0,           0,         653,        -11.350212,      -9.681495245,      -10.28557205,      -11.01771639,      -12.52040758,      -5.526975327,      -3.721484745,   2.487474341e-06,      0.1615068803,                 1,                 1,                 1,    0.001789260784,     0.01069717818,      0.6041606478,                 0,                 0,                 0,     0.07800450364,    -0.01039424079,      0.6041659356,                 0,       56.47850653,    0.002390236486
          0,           0,         654,      -11.35039926,      -9.681495835,      -10.28557657,      -11.01796828,      -12.52039027,      -5.527088883,      -3.721998541,   2.487474342e-06,      0.1615068803,                 1,                 1,                 1,    0.001789260784,     0.01069716734,      0.6041604972,                 0,                 0,                 0,     0.07800448069,    -0.01039424637,      0.6041657847,                 0,       56.47854971,    0.002390236486
          0,           0,         655,      -11.35057384,      -9.681496385,       -10.2855812,      -11.01820629,      -12.52037272,      -5.527202401,      -3.722506523,   2.487474342e-06,      0.1615068803,                 1,                 1,                 1,    0.001789260784,     0.01069715648,      0.6041603464,                 0,                 0,                 0,     0.07800445766,    -0.01039425196,      0.6041656337,                 0,       56.47859295,    0.002390236486
          0,           0,         656,      -11.35073564,      -9.681496899,       -10.2855859,        -11.018429,      -12.52035493,       -5.52731588,      -3.723008975,   2.487474342e-06,      0.1615068803,                 1,                 1,                 1,    0.001789260784,     0.01069714561,      0.6041601956,                 0,                 0,                 0,     0.07800443455,    -0.01039425755,      0.6041654825,                 0,       56.47863622,    0.002390236486
          0,           0,         657,      -11.35088495,      -9.681497379,      -10.28559061,      -11.01863584,      -12.52033689,      -5.527429321,      -3.723506162,   2.487474343e-06,      0.1615068803,                 1,                 1,                 1,    0.001789260784,     0.01069713474,      0.6041600447,                 0,                 0,                 0,     0.07800441137,    -0.01039426315,      0.6041653313,                 0,       56.47867951,    0.002390236486
          0,           0,         658,      -11.35102257,      -9.681497829,      -10.28559532,      -11.01882723,      -12.52031862,      -5.527542724,      -3.723998325,   2.487474343e-06,      0.1615068803,                 1,                 1,                 1,    0.001789260784,     0.01069712387,      0.6041598937,                 0,                 0,                 0,     0.07800438812,    -0.01039426875,        0.60416518,                 0,        56.4787228,    0.002390236486
          0,           0,         659,      -11.35114957,       -9.68149825,      -10.28559998,      -11.01900422,       -12.5203001,      -5.527656089,      -3.724485692,   2.487474343e-06,      0.1615068803,                 1,                 1,                 1,    0.001789260784,     0.01069711299,      0.6041597426,                 0,                 0,                 0,     0.07800436481,    -0.01039427434,      0.6041650287,                 0,       56.47876609,    0.002390236486
          0,           0,         660,      -11.35126731,      -9.681498647,      -10.28560456,      -11.01916847,      -12.52028135,      -5.527769415,      -3.724968471,   2.487474344e-06,      0.1615068803,                 1,                 1,                 1,    0.001789260784,     0.01069710212,      0.6041595915,                 0,                 0,                 0,     0.07800434144,    -0.01039427993,      0.6041648773,                 0,       56.47880936,    0.002390236486
          0,           0,         661,      -11.35137715,      -9.681499023,      -10.28560905,      -11.01932183,      -12.52026236,      -5.527882704,      -3.725446856,   2.487474344e-06,      0.1615068803,                 1,                 1,                 1,    0.001789260784,     0.01069709126,      0.6041594403,                 0,                 0,                 0,     0.07800431802,    -0.01039428552,      0.6041647258,                 0,        56.4788526,    0.002390236486
          0,           0,         662,      -11.35148044,      -9.681499379,      -10.28561342,       -11.0194662,      -12.52024313,      -5.527995954,      -3.725921029,   2.487474345e-06,      0.1615068803,                 1,                 1,                 1,    0.001789260784,     0.01069708039,      0.6041592891,                 0,                 0,                 0,     0.07800429455,    -0.01039429109,      0.6041645743,                 0,       56.47889581,    0.002390236486
          0,           0,         663,      -11.35157839,       -9.68149972,      -10.28561766,      -11.01960341,      -12.52022367,      -5.528109167,      -3.726391159,   2.487474345e-06,      0.1615068803,                 1,                 1,                 1,    0.001789260784,     0.01069706954,      0.6041591378,                 0,                 0,                 0,     0.07800427103,    -0.01039429666,      0.6041644227,                 0,       56.47893897,    0.002390236486
          0,           0,         664,      -11.35167205,      -9.681500047,      -10.28562176,        -11.019735,      -12.52020397,      -5.528222341,      -3.726857404,   2.487474345e-06,      0.1615068803,                 1,                 1,                 1,    0.001789260784,     0.01069705869,      0.6041589864,                 0,                 0,                 0,     0.07800424747,    -0.01039430222,      0.6041642711,                 0,       56.47898209,    0.002390236486
          0,           0,         665,      -11.35176227,      -9.681500362,       -10.2856257,      -11.01986223,      -12.52018404,      -5.528335478,       -3.72731991,   2.487474346e-06,      0.1615068803,                 1,                 1,                 1,    0.001789260784,     0.01069704786,       0.604158835,                 0,                 0,                 0,     0.07800422386,    -0.01039430777,      0.6041641194,                 0,       56.47902515,    0.002390236486
          0,           0,         666,      -11.35184974,      -9.681500667,      -10.28562949,      -11.01998611,      -12.52016387,      -5.528448577,      -3.727778816,   2.487474346e-06,      0.1615068803,                 1,                 1,                 1,    0.001789260784,     0.01069703703,      0.6041586836,                 0,                 0,                 0,     0.07800420022,     -0.0103943133,      0.6041639677,                 0,       56.47906816,    0.002390236486
          0,           0,         667,      -11.35193494,      -9.681500964,      -10.28563311,       -11.0201073,      -12.52014348,      -5.528561638,      -3.728234253,   2.487474346e-06,      0.1615068803,                 1,                 1,                 1,    0.001789260784,     0.01069702621,      0.6041585321,                 0,                 0,                 0,     0.07800417654,    -0.01039431882,      0.6041638159,                 0,       56.47911111,    0.002390236486
          0,           0,         668,      -11.35201821,      -9.681501255,      -10.28563657,      -11.02022626,      -12.52012285,      -5.528674662,      -3.728686341,   2.487474347e-06,      0.1615068803,                 1,                 1,                 1,    0.001789260784,     0.01069701541,      0.6041583806,                 0,                 0,                 0,     0.07800415282,    -0.01039432433,      0.6041636641,                 0,       56.47915399,    0.002390236486
          0,           0,         669,      -11.35209987,      -9.681501539,      -10.28563986,      -11.02034334,      -12.52010199,      -5.528787647,      -3.729135195,   2.487474347e-06,      0.1615068803,                 1,                 1,                 1,    0.001789260784,     0.01069700462,       0.604158229,                 0,                 0,                 0,     0.07800412906,    -0.01039432983,      0.6041635122,                 0,       56.47919681,    0.002390236486
          0,           0,         670,       -11.3521801,      -9.681501819,      -10.28564297,       -11.0204587,       -12.5200809,      -5.528900595,      -3.729580924,   2.487474347e-06,      0.1615068803,                 1,                 1,                 1,    0.001789260784,     0.01069699383,      0.6041580774,                 0,                 0,                 0,     0.07800410527,    -0.01039433531,      0.6041633603,                 0,       56.47923957,    0.002390236486
          0,           0,         671,        -11.352259,      -9.681502094,      -10.28564591,      -11.02057235,      -12.52005958,      -5.529013506,       -3.73002363,   2.487474348e-06,      0.1615068803,                 1,                 1,                 1,    0.001789260784,     0.01069698306,      0.6041579256,                 0,                 0,                 0,     0.07800408143,    -0.01039434079,      0.6041632083,                 0,       56.47928226,    0.002390236486
          0,           0,         672,      -11.35233668,      -9.681502365,      -10.28564868,      -11.02068434,      -12.52003804,      -5.529126379,      -3.730463409,   2.487474348e-06,      0.1615068803,                 2,                 2,                 2,    0.001789260784,      0.0106969723,      0.6041577739,                 0,                 0,                 0,     0.07800405756,    -0.01039434624,      0.6041630562,                 0,        56.4793249,    0.002390236486
          0,           0,         673,      -11.35241321,      -9.681502633,      -10.28565127,      -11.02079468,      -12.52001474,      -5.529239435,       -3.73085288,   4.974948697e-06,      0.3230137606,                 4,                 4,                 4,    0.001789260784,     0.01069695081,      0.6041574699,                 0,                 0,                 0,     0.07800400961,    -0.01039435711,      0.6041627517,                 0,       56.47940994,    0.002390236486
          0,           0,         674,      -11.35222026,      -9.681502531,      -10.28565331,      -11.02058882,      -12.51999733,       -5.52935252,      -3.731145911,   9.949897397e-06,      0.6460275213,                 8,                 8,                 8,    0.001789260784,     0.01069690783,      0.6041568593,                 0,                 0,                 0,      0.0780039126,    -0.01039437876,        0.60416214,                 0,       56.47957981,    0.002390236486
          0,           0,         675,      -11.35175348,      -9.681501417,       -10.2856385,      -11.02007194,      -12.51999197,       -5.52946571,      -3.731245798,   1.989979481e-05,       1.292055043,                16,                16,                16,    0.001789260784,     0.01069682128,       0.604155621,                 0,                 0,                 0,     0.07800371302,    -0.01039442204,      0.6041608994,                 0,       56.47992102,    0.002390236486
          0,           0,         676,      -11.35169482,      -9.681497726,      -10.28553203,      -11.02007483,      -12.52001093,      -5.529579128,      -3.730940646,   3.979958966e-05,       2.584110085,                32,                32,                32,    0.001789260784,     0.01069665693,      0.6041531263,                 0,                 0,                 0,     0.07800332847,    -0.01039449922,      0.6041584005,                 0,       56.48055558,    0.002390236486
          0,           0,         677,      -11.35049582,      -9.681485007,      -10.28509862,      -11.01831344,      -12.52007838,      -5.529692883,      -3.729734805,    7.95991795e-05,       5.168220171,               3.2,               3.2,               3.2,    0.001789260784,     0.01069640733,       0.604148393,                 0,                 0,                 0,     0.07800277589,    -0.01039458348,      0.6041536613,                 0,       56.48143101,    0.002390236486
          0,           0,         678,      -11.33783093,       -9.68143541,      -10.28372685,      -11.00114422,      -12.52033381,      -5.529793578,       -3.73010999,   7.959917985e-06,      0.5168220172,               6.4,               6.4,               6.4,    0.001789260784,     0.01069638601,      0.6041479316,                 0,                 0,                 0,     0.07800272779,    -0.01039458869,      0.6041531995,                 0,       56.48150049,    0.002390236486
          0,           0,         679,      -11.31264661,      -9.681463763,      -10.28477086,       -10.9669112,      -12.52032462,      -5.529906493,      -3.730287891,   1.591983598e-05,       1.033644034,              12.8,              12.8,              12.8,    0.001789260784,     0.01069634518,      0.6041470182,                 0,                 0,                 0,     0.07800263904,    -0.01039459761,      0.6041522853,                 0,       56.48163068,    0.002390236486
          0,           0,         680,      -11.33869014,      -9.681476036,      -10.28520529,      -11.00099826,      -12.52033453,      -5.530019493,      -3.730088052,   3.183967198e-05,       2.067288069,              25.6,              25.6,              25.6,    0.001789260784,     0.01069625996,      0.6041451905,                 0,                 0,                 0,     0.07800246429,    -0.01039461899,      0.6041504557,                 0,        56.4819098,    0.002390236486
          0,           0,         681,      -11.35500616,      -9.681469063,       -10.2851422,      -11.02400029,      -12.52038103,      -5.530132661,      -3.729095435,   6.367934409e-05,       4.134576138,              2.56,              2.56,              2.56,    0.001789260784,     0.01069604635,      0.6041413333,                 0,                 0,                 0,      0.0780020068,    -0.01039469787,      0.6041465934,                 0,       56.48267722,    0.002390236486
          0,           0,         682,      -11.34716595,      -9.681435802,      -10.28407546,      -11.01338223,      -12.52057456,      -5.530235192,      -3.729568039,   6.367934431e-06,      0.4134576139,              5.12,              5.12,              5.12,    0.001789260784,      0.0106960257,      0.6041409502,                 0,                 0,                 0,     0.07800196245,    -0.01039470513,      0.6041462097,                 0,       56.48275041,    0.002390236486
          0,           0,         683,      -11.33703989,      -9.681458198,      -10.28465473,      -10.99847482,      -12.52056197,      -5.530347925,      -3.729857579,   1.273586887e-05,      0.8269152277,             10.24,             10.24,             10.24,    0.001789260784,     0.01069598208,      0.6041401719,                 0,                 0,                 0,     0.07800186699,    -0.01039472156,      0.6041454304,                 0,       56.48290802,    0.002390236486
          0,           0,         684,      -11.34364401,      -9.681471188,      -10.28503899,      -11.00709431,      -12.52056425,      -5.530460678,      -3.729813237,   2.547173775e-05,       1.653830455,             20.48,             20.48,             20.48,    0.001789260784,     0.01069588371,      0.6041385607,                 0,                 0,                 0,     0.07800164463,    -0.01039476364,      0.6041438168,                 0,       56.48327686,    0.002390236486
          0,           0,         685,      -11.35760844,      -9.681467283,      -10.28506365,      -11.02675731,        -12.520595,       -5.53057351,      -3.729099087,   5.094347558e-05,       3.307660911,             40.96,             40.96,             40.96,    0.001789260784,      0.0106956591,      0.6041351927,                 0,                 0,                 0,     0.07800111642,    -0.01039487058,       0.604140443,                 0,       56.48414813,    0.002390236486
          0,           0,         686,      -11.35127941,      -9.681442987,      -10.28443623,      -11.01833534,      -12.52068187,      -5.530686256,       -3.72692837,   0.0001018869514,       6.615321823,             4.096,             4.096,             4.096,    0.001789260784,     0.01069525805,      0.6041288194,                 0,                 0,                 0,     0.07800024041,    -0.01039504895,      0.6041340595,                 0,       56.48567026,    0.002390236486
          0,           0,         687,        -11.326195,      -9.681365629,      -10.28227497,      -10.98489564,       -12.5209975,      -5.530780953,      -3.727400749,    1.01886952e-05,      0.6615321824,             8.192,             8.192,             8.192,    0.001789260784,     0.01069522713,      0.6041282133,                 0,                 0,                 0,     0.07800016943,     -0.0103950587,      0.6041334528,                 0,       56.48577687,    0.002390236486
          0,           0,         688,      -11.28458898,      -9.681412456,      -10.28415245,      -10.93049833,      -12.52099479,      -5.530893405,       -3.72753827,    2.03773904e-05,       1.323064365,            16.384,            16.384,            16.384,    0.001789260784,     0.01069516067,      0.6041270007,                 0,                 0,                 0,     0.07800002473,     -0.0103950828,      0.6041322386,                 0,       56.48601448,    0.002390236486
          0,           0,         689,      -11.33314676,      -9.681431541,      -10.28476105,      -10.99246238,      -12.52101379,       -5.53100574,      -3.727063016,   4.075478086e-05,        2.64612873,            32.768,            32.768,            32.768,    0.001789260784,     0.01069500574,      0.6041245526,                 0,                 0,                 0,      0.0779997075,     -0.0103951522,      0.6041297866,                 0,       56.48660387,    0.002390236486
          0,           0,         690,      -11.35311504,      -9.681420042,      -10.28463537,      -11.02031579,      -12.52107302,      -5.531117763,      -3.725333641,   8.150956191e-05,        5.29225746,            3.2768,            3.2768,            3.2768,    0.001789260784,     0.01069468195,      0.6041196912,                 0,                 0,                 0,     0.07799905152,    -0.01039530614,      0.6041249169,                 0,       56.48785951,    0.002390236486
          0,           0,         691,      -11.34184208,      -9.681363771,      -10.28303627,      -11.00532314,      -12.52130995,      -5.531214908,      -3.725972174,   8.150956228e-06,      0.5292257461,            6.5536,            6.5536,            6.5536,    0.001789260784,     0.01069465265,       0.604119217,                 0,                 0,                 0,     0.07799899196,    -0.01039531886,      0.6041244419,                 0,       56.48796988,    0.002390236486
          0,           0,         692,      -11.31747249,      -9.681398799,      -10.28415591,      -10.97183382,      -12.52130255,      -5.531327186,      -3.726305024,   1.630191246e-05,       1.058451492,           13.1072,           13.1072,           13.1072,    0.001789260784,      0.0106945921,      0.6041182648,                 0,                 0,                 0,     0.07799886857,    -0.01039534614,      0.6041234881,                 0,       56.48820067,    0.002390236486
          0,           0,         693,      -11.33936587,      -9.681416468,      -10.28469753,      -11.00043963,      -12.52131148,      -5.531439273,      -3.726103493,   3.260382496e-05,       2.116902984,           26.2144,           26.2144,           26.2144,    0.001789260784,     0.01069446147,      0.6041163336,                 0,                 0,                 0,     0.07799860003,     -0.0103954093,      0.6041215536,                 0,       56.48871011,    0.002390236486
          0,           0,         694,      -11.35852008,      -9.681409693,      -10.28468401,      -11.02724059,      -12.52135121,      -5.531550975,      -3.724855204,   6.520765005e-05,       4.233805969,           2.62144,           2.62144,           2.62144,    0.001789260784,     0.01069419514,      0.6041124204,                 0,                 0,                 0,     0.07799803371,     -0.0103955389,      0.6041176334,                 0,         56.489751,    0.002390236486
          0,           0,         695,      -11.35069033,      -9.681370857,      -10.28364666,      -11.01675369,      -12.52153035,      -5.531650535,      -3.725599825,   6.520765029e-06,       0.423380597,           5.24288,           5.24288,           5.24288,    0.001789260784,     0.01069416948,      0.6041120325,                 0,                 0,                 0,     0.07799797883,    -0.01039555101,      0.6041172449,                 0,       56.48985026,    0.002390236486
          0,           0,         696,      -11.33968294,      -9.681394739,      -10.28426343,      -11.00065118,      -12.52152011,      -5.531762685,      -3.726079132,   1.304153006e-05,      0.8467611939,          10.48576,          10.48576,          10.48576,    0.001789260784,     0.01069411825,      0.6041112543,                 0,                 0,                 0,     0.07799786779,    -0.01039557504,      0.6041164654,                 0,       56.49004809,    0.002390236486
          0,           0,         697,      -11.34742699,      -9.681408608,      -10.28466796,      -11.01086565,      -12.52152238,      -5.531874634,      -3.726108248,   2.608306015e-05,       1.693522388,          1.048576,          1.048576,          1.048576,    0.001789260784,     0.01069401511,       0.604109687,                 0,                 0,                 0,     0.07799764079,    -0.01039562342,      0.6041148955,                 0,       56.49044634,    0.002390236486
          0,           0,         698,      -11.36236667,      -9.681404579,      -10.28469733,       -11.0319788,      -12.52157955,      -5.531981763,      -3.726952763,   2.608306019e-06,      0.1693522388,                 1,                 1,                 1,    0.001789260784,     0.01069400477,      0.6041095303,                 0,                 0,                 0,     0.07799761808,    -0.01039562829,      0.6041147385,                 0,       56.49048631,    0.002390236486
          0,           0,         699,      -11.36268663,      -9.681408842,      -10.28472146,      -11.03217704,      -12.52156362,      -5.532093662,      -3.727762009,    2.48747446e-06,      0.1615068806,                 2,                 2,                 2,    0.001789260784,     0.01069399491,      0.6041093808,                 0,                 0,                 0,     0.07799759636,    -0.01039563292,      0.6041145887,                 0,       56.49052443,    0.002390236486
          0,           0,         700,      -11.36260685,      -9.681412038,      -10.28474258,      -11.03193776,      -12.52154558,      -5.532205773,      -3.728452158,    4.97494892e-06,      0.3230137611,                 4,                 4,                 4,    0.001789260784,     0.01069397519,      0.6041090811,                 0,                 0,                 0,     0.07799755272,    -0.01039564217,      0.6041142886,                 0,       56.49060056,    0.002390236486
          0,           0,         701,      -11.36267928,       -9.68141535,      -10.28476349,      -11.03206618,      -12.52153208,      -5.532317801,      -3.728956111,   9.949897843e-06,      0.6460275223,                 8,                 8,                 8,    0.001789260784,     0.01069393578,      0.6041084801,                 0,                 0,                 0,     0.07799746477,    -0.01039566059,      0.6041136865,                 0,       56.49075256,    0.002390236486
          0,           0,         702,       -11.3618275,      -9.681417073,      -10.28476901,      -11.03118011,      -12.52152772,      -5.532429716,      -3.729136432,    1.98997957e-05,       1.292055045,                16,                16,                16,    0.001789260784,       0.010693857,      0.6041072707,                 0,                 0,                 0,      0.0779972865,    -0.01039569711,      0.6041124751,                 0,       56.49105562,    0.002390236486
          0,           0,         703,      -11.35978451,      -9.681414827,      -10.28468488,      -11.02862561,      -12.52154164,      -5.532541428,      -3.728703679,   3.979959144e-05,       2.584110089,                32,                32,                32,    0.001789260784,     0.01069369892,       0.604104812,                 0,                 0,                 0,      0.0779969198,    -0.01039576928,      0.6041100123,                 0,       56.49166077,    0.002390236486
          0,           0,         704,      -11.35795709,       -9.68140061,      -10.28427798,      -11.02595615,      -12.52159198,      -5.532652601,      -3.727013196,   7.959918305e-05,       5.168220179,               3.2,               3.2,               3.2,    0.001789260784,     0.01069340354,      0.6040998664,                 0,                 0,                 0,     0.07799622524,    -0.01039589189,      0.6041050595,                 0,       56.49275876,    0.002390236486
          0,           0,         705,      -11.34458031,      -9.681345501,      -10.28298898,      -11.00785974,      -12.52180861,      -5.532748595,       -3.72766231,   7.959918337e-06,       0.516822018,               6.4,               6.4,               6.4,    0.001789260784,     0.01069337717,      0.6040993821,                 0,                 0,                 0,      0.0779961617,    -0.01039590134,      0.6041045745,                 0,       56.49285277,    0.002390236486
          0,           0,         706,      -11.31796983,      -9.681374998,      -10.28406369,      -10.97180821,      -12.52179763,      -5.532860333,      -3.728011136,   1.591983668e-05,       1.033644036,              12.8,              12.8,              12.8,    0.001789260784,      0.0106933236,      0.6040984079,                 0,                 0,                 0,     0.07799603342,    -0.01039592088,      0.6041035991,                 0,       56.49304466,    0.002390236486
          0,           0,         707,      -11.34566034,      -9.681388018,       -10.2845183,      -11.00811134,      -12.52179824,      -5.532971802,       -3.72782942,   3.183967339e-05,       2.067288072,              25.6,              25.6,              25.6,    0.001789260784,     0.01069320846,      0.6040964302,                 0,                 0,                 0,     0.07799576374,    -0.01039596692,      0.6041016186,                 0,         56.493468,    0.002390236486
          0,           0,         708,       -11.3628594,      -9.681380626,      -10.28448013,      -11.03248588,      -12.52182566,       -5.53308272,       -3.72660424,   6.367934689e-05,       4.134576144,              2.56,              2.56,              2.56,    0.001789260784,     0.01069295528,      0.6040923753,                 0,                 0,                 0,     0.07799517254,    -0.01039607844,      0.6040975573,                 0,       56.49442641,    0.002390236486
          0,           0,         709,      -11.35501926,      -9.681346624,      -10.28343164,      -11.02211813,      -12.52198258,      -5.533181261,      -3.727356126,   6.367934709e-06,      0.4134576145,              5.12,              5.12,              5.12,    0.001789260784,     0.01069293073,      0.6040919724,                 0,                 0,                 0,     0.07799511487,    -0.01039608891,      0.6040971538,                 0,       56.49451845,    0.002390236486
          0,           0,         710,      -11.34452643,      -9.681369375,      -10.28401232,      -11.00669304,      -12.52196625,      -5.533292888,      -3.727847155,   1.273586942e-05,      0.8269152289,             10.24,             10.24,             10.24,    0.001789260784,     0.01069288068,       0.604091162,                 0,                 0,                 0,     0.07799499672,    -0.01039611065,      0.6040963421,                 0,        56.4947071,    0.002390236486
          0,           0,         711,      -11.35132428,      -9.681382879,      -10.28439699,      -11.01571256,      -12.52196087,      -5.533404244,      -3.727891428,   2.547173886e-05,       1.653830458,             20.48,             20.48,             20.48,    0.001789260784,      0.0106927754,      0.6040895195,                 0,                 0,                 0,     0.07799474694,    -0.01039615854,       0.604094697,                 0,       56.49510972,    0.002390236486
          0,           0,         712,      -11.36590621,      -9.681379648,      -10.28441847,      -11.03651011,      -12.52197605,      -5.533515087,      -3.727084404,   5.094347778e-05,       3.307660916,             40.96,             40.96,             40.96,    0.001789260784,     0.01069255121,      0.6040861735,                 0,                 0,                 0,     0.07799420955,    -0.01039626582,      0.6040913452,                 0,       56.49598133,    0.002390236486
          0,           0,         713,      -11.35945273,      -9.681356595,      -10.28378162,      -11.02823868,      -12.52203134,      -5.533624646,      -3.724508482,   0.0001018869558,       6.615321832,             4.096,             4.096,             4.096,    0.001789260784,     0.01069215141,      0.6040798465,                 0,                 0,                 0,     0.07799332272,    -0.01039644457,       0.604085008,                 0,       56.49750208,    0.002390236486
          0,           0,         714,      -11.33305507,      -9.681281912,      -10.28160924,      -10.99362758,      -12.52228683,      -5.533713263,      -3.725216531,   1.018869562e-05,      0.6615321834,             8.192,             8.192,             8.192,    0.001789260784,      0.0106921207,      0.6040792457,                 0,                 0,                 0,     0.07799325102,    -0.01039645429,      0.6040844065,                 0,       56.49760816,    0.002390236486
          0,           0,         715,      -11.28997667,      -9.681329212,      -10.28347692,      -10.93709831,      -12.52227767,      -5.533824425,      -3.725503387,   2.037739126e-05,       1.323064367,            16.384,            16.384,            16.384,    0.001789260784,     0.01069205397,      0.6040780397,                 0,                 0,                 0,     0.07799310315,     -0.0103964789,       0.604083199,                 0,       56.49784797,    0.002390236486
          0,           0,         716,      -11.33943332,      -9.681349127,      -10.28407665,      -11.00086774,      -12.52228378,      -5.533934981,      -3.725045391,   4.075478256e-05,       2.646128734,            32.768,            32.768,            32.768,    0.001789260784,     0.01069189557,      0.6040755851,                 0,                 0,                 0,     0.07799277063,    -0.01039655154,      0.6040807404,                 0,       56.49845542,    0.002390236486
          0,           0,         717,       -11.3593645,      -9.681338894,      -10.28394548,      -11.02931872,      -12.52231811,      -5.534044236,      -3.723110389,   8.150956529e-05,       5.292257468,            3.2768,            3.2768,            3.2768,    0.001789260784,     0.01069156187,      0.6040706723,                 0,                 0,                 0,     0.07799207157,    -0.01039671358,      0.6040758189,                 0,       56.49975931,    0.002390236486
          0,           0,         718,      -11.34641513,      -9.681285112,      -10.28234687,      -11.01255491,       -12.5225067,      -5.534136243,      -3.723982269,   8.150956558e-06,      0.5292257468,            6.5536,            6.5536,            6.5536,    0.001789260784,     0.01069153153,      0.6040701925,                 0,                 0,                 0,     0.07799200753,    -0.01039672716,      0.6040753383,                 0,       56.49987478,    0.002390236486
          0,           0,         719,      -11.32132923,      -9.681320408,       -10.2834601,      -10.97787531,      -12.52249463,      -5.534247325,      -3.724483557,   1.630191312e-05,       1.058451494,           13.1072,           13.1072,           13.1072,    0.001789260784,     0.01069146888,      0.6040692281,                 0,                 0,                 0,     0.07799187497,    -0.01039675611,      0.6040743723,                 0,       56.50011563,    0.002390236486
          0,           0,         720,      -11.34309136,      -9.681338669,       -10.2839953,       -11.0067965,      -12.52249389,      -5.534357813,      -3.724352442,   3.260382627e-05,       2.116902987,           26.2144,           26.2144,           26.2144,    0.001789260784,     0.01069133462,      0.6040672719,                 0,                 0,                 0,     0.07799158912,    -0.01039682202,      0.6040724126,                 0,        56.5006422,    0.002390236486
          0,           0,         721,      -11.36168275,      -9.681333065,      -10.28397638,      -11.03343362,      -12.52251381,      -5.534467104,      -3.723011958,   6.520765264e-05,       4.233805975,           2.62144,           2.62144,           2.62144,    0.001789260784,      0.0106910649,      0.6040633195,                 0,                 0,                 0,     0.07799099875,    -0.01039695364,      0.6040684532,                 0,       56.50169795,    0.002390236486
          0,           0,         722,      -11.35225063,      -9.681296733,      -10.28293491,      -11.02110851,      -12.52265374,       -5.53456232,      -3.723971216,   6.520765283e-06,      0.4233805976,           5.24288,           5.24288,           5.24288,    0.001789260784,     0.01069103892,      0.6040629277,                 0,                 0,                 0,     0.07799094153,    -0.01039696592,      0.6040680608,                 0,       56.50179856,    0.002390236486
          0,           0,         723,      -11.34097181,      -9.681320843,       -10.2835473,      -11.00455926,      -12.52263971,      -5.534673353,      -3.724616771,   1.304153057e-05,      0.8467611951,          10.48576,          10.48576,          10.48576,    0.001789260784,     0.01069098727,      0.6040621425,                 0,                 0,                 0,     0.07799082634,    -0.01039699014,      0.6040672742,                 0,       56.50199811,    0.002390236486
          0,           0,         724,       -11.3483318,      -9.681335236,      -10.28394597,      -11.01452512,      -12.52263413,      -5.534783854,      -3.724739423,   2.608306116e-05,        1.69352239,          20.97152,          20.97152,          20.97152,    0.001789260784,     0.01069088396,      0.6040605636,                 0,                 0,                 0,     0.07799059311,    -0.01039703828,      0.6040656927,                 0,       56.50239642,    0.002390236486
          0,           0,         725,      -11.36252925,      -9.681332296,        -10.283969,      -11.03507228,      -12.52264404,      -5.534893319,      -3.723887608,   5.216612238e-05,       3.387044781,          41.94304,          41.94304,          41.94304,    0.001789260784,     0.01069067986,       0.604057367,                 0,                 0,                 0,     0.07799012257,    -0.01039713071,      0.6040624909,                 0,       56.50317615,    0.002390236486
          0,           0,         726,      -11.35540629,      -9.681308796,      -10.28329986,      -11.02582909,       -12.5226837,       -5.53500043,      -3.721049012,    0.000104332245,       6.774089562,          4.194304,          4.194304,          4.194304,    0.001789260784,     0.01069031827,      0.6040511643,                 0,                 0,                 0,     0.07798934642,     -0.0103972756,      0.6040562794,                 0,       56.50450705,    0.002390236486
          0,           0,         727,      -11.32705373,      -9.681233551,      -10.28102959,      -10.98832618,      -12.52290737,      -5.535083787,      -3.721923394,   1.043322454e-05,      0.6774089564,          8.388608,          8.388608,          8.388608,    0.001789260784,     0.01069029241,      0.6040505778,                 0,                 0,                 0,     0.07798928738,    -0.01039728098,      0.6040556923,                 0,        56.5045889,    0.002390236486
          0,           0,         728,      -11.28268639,      -9.681283369,      -10.28299472,      -10.93009073,      -12.52289902,      -5.535194191,      -3.722316787,    2.08664491e-05,       1.354817913,         16.777216,         16.777216,         16.777216,    0.001789260784,     0.01069023325,      0.6040493858,                 0,                 0,                 0,     0.07798915962,     -0.0103972985,       0.604054499,                 0,       56.50479008,    0.002390236486
          0,           0,         729,      -11.33368887,      -9.681304657,      -10.28360358,      -10.99601306,      -12.52290168,      -5.535303557,      -3.721872198,   4.173289824e-05,       2.709635826,         33.554432,         33.554432,         33.554432,    0.001789260784,     0.01069008019,      0.6040468965,                 0,                 0,                 0,     0.07798883981,    -0.01039736459,      0.6040520058,                 0,       56.50536628,    0.002390236486
          0,           0,         730,      -11.35286387,      -9.681294906,      -10.28345613,      -11.02337723,      -12.52292401,      -5.535410742,      -3.719787491,   8.346579666e-05,       5.419271651,         3.3554432,         3.3554432,         3.3554432,    0.001789260784,     0.01068974028,       0.604041789,                 0,                 0,                 0,     0.07798811003,    -0.01039752605,      0.6040468896,                 0,       56.50668522,    0.002390236486
          0,           0,         731,      -11.33917115,      -9.681240642,      -10.28177815,      -11.00529001,      -12.52308693,       -5.53549839,      -3.720822906,     8.3465797e-06,      0.5419271652,         6.7108864,         6.7108864,         6.7108864,    0.001789260784,     0.01068970949,      0.6040412898,                 0,                 0,                 0,     0.07798804305,    -0.01039753939,      0.6040463897,                 0,       56.50680127,    0.002390236486
          0,           0,         732,      -11.31279999,      -9.681277717,      -10.28296073,      -10.96900275,      -12.52307653,      -5.535608798,      -3.721441017,   1.669315941e-05,        1.08385433,        13.4217728,        13.4217728,        13.4217728,    0.001789260784,     0.01068964509,      0.6040402813,                 0,                 0,                 0,     0.07798790204,    -0.01039756856,      0.6040453795,                 0,       56.50704737,    0.002390236486
          0,           0,         733,      -11.33578727,      -9.681296994,      -10.28350808,      -10.99949922,      -12.52307399,      -5.535718259,      -3.721354886,   3.338631885e-05,       2.167708661,        1.34217728,        1.34217728,        1.34217728,    0.001789260784,     0.01068950562,      0.6040382272,                 0,                 0,                 0,     0.07798759436,    -0.01039763626,      0.6040433218,                 0,       56.50759248,    0.002390236486
          0,           0,         734,      -11.35402074,      -9.681291981,      -10.28347389,       -11.0254446,      -12.52312608,      -5.535819941,      -3.722551038,   3.338631891e-06,      0.2167708661,        2.68435456,        2.68435456,        2.68435456,    0.001789260784,     0.01068949156,      0.6040380217,                 0,                 0,                 0,     0.07798756346,    -0.01039764314,       0.604043116,                 0,       56.50764758,    0.002390236486
          0,           0,         735,      -11.35496917,       -9.68129938,      -10.28351294,      -11.02637465,      -12.52311101,      -5.535930801,      -3.723538693,   6.677263783e-06,      0.4335417322,        5.36870912,        5.36870912,        5.36870912,    0.001789260784,     0.01068946303,      0.6040376088,                 0,                 0,                 0,     0.07798750042,    -0.01039765724,      0.6040427023,                 0,       56.50775978,    0.002390236486
          0,           0,         736,      -11.35468294,      -9.681307225,        -10.283561,      -11.02586164,      -12.52309865,      -5.536041267,        -3.7242086,   1.335452757e-05,      0.8670834644,                 1,                 1,                 1,    0.001789260784,     0.01068940502,      0.6040367783,                 0,                 0,                 0,     0.07798737096,    -0.01039768623,      0.6040418703,                 0,        56.5079887,    0.002390236486
          0,           0,         737,      -11.35457393,       -9.68131174,      -10.28356904,      -11.02601581,      -12.52310733,      -5.536148733,       -3.72530335,   2.487474602e-06,      0.1615068809,                 1,                 1,                 1,    0.001789260784,     0.01068939416,      0.6040366235,                 0,                 0,                 0,     0.07798734673,    -0.01039769168,      0.6040417151,                 0,       56.50803167,    0.002390236486
          0,           0,         738,      -11.35474395,      -9.681314687,      -10.28358133,      -11.02615569,      -12.52309251,      -5.536259348,      -3.726346429,   2.487474602e-06,      0.1615068809,                 1,                 1,                 1,    0.001789260784,     0.01068938326,      0.6040364685,                 0,                 0,                 0,     0.07798732239,    -0.01039769716,      0.6040415599,                 0,       56.50807474,    0.002390236486
          0,           0,         739,      -11.35475906,      -9.681317041,      -10.28359184,       -11.0261335,      -12.52307749,      -5.536369926,      -3.727343555,   2.487474602e-06,      0.1615068809,                 1,                 1,                 1,    0.001789260784,     0.01068937236,      0.6040363133,                 0,                 0,                 0,     0.07798729795,    -0.01039770265,      0.6040414044,                 0,        56.5081179,    0.002390236486
          0,           0,         740,      -11.35473024,      -9.681318897,      -10.28359935,      -11.02609068,      -12.52306226,      -5.536480469,      -3.728299121,   2.487474603e-06,      0.1615068809,                 1,                 1,                 1,    0.001789260784,     0.01068936143,      0.6040361581,                 0,                 0,                 0,     0.07798727341,    -0.01039770814,      0.6040412489,                 0,       56.50816111,    0.002390236486
          0,           0,         741,      -11.35461916,      -9.681320369,      -10.28360428,      -11.02596082,      -12.52304682,      -5.536590976,      -3.729217002,   2.487474603e-06,      0.1615068809,                 1,                 1,                 1,    0.001789260784,      0.0106893505,      0.6040360027,                 0,                 0,                 0,      0.0779872488,    -0.01039771365,      0.6040410932,                 0,       56.50820437,    0.002390236486
          0,           0,         742,      -11.35437341,      -9.681321569,      -10.28360751,      -11.02565941,      -12.52303118,      -5.536701448,      -3.730100624,   2.487474603e-06,      0.1615068809,                 1,                 1,                 1,    0.001789260784,     0.01068933956,      0.6040358472,                 0,                 0,                 0,      0.0779872241,    -0.01039771915,      0.6040409375,                 0,       56.50824764,    0.002390236486
          0,           0,         743,      -11.35399525,      -9.681322599,      -10.28360975,       -11.0251801,      -12.52301531,      -5.536811884,      -3.730953021,   2.487474604e-06,      0.1615068809,                 1,                 1,                 1,    0.001789260784,     0.01068932862,      0.6040356916,                 0,                 0,                 0,     0.07798719933,    -0.01039772466,      0.6040407816,                 0,       56.50829092,    0.002390236486
          0,           0,         744,      -11.35354149,      -9.681323534,      -10.28361138,      -11.02459503,      -12.52299923,      -5.536922285,      -3.731776885,   2.487474604e-06,      0.1615068809,                 1,                 1,                 1,    0.001789260784,     0.01068931768,       0.604035536,                 0,                 0,                 0,      0.0779871745,    -0.01039773016,      0.6040406257,                 0,       56.50833421,    0.002390236486
          0,           0,         745,      -11.35309023,      -9.681324428,      -10.28361252,      -11.02400833,      -12.52298294,      -5.537032651,      -3.732574609,   2.487474604e-06,      0.1615068809,                 1,                 1,                 1,    0.001789260784,     0.01068930674,      0.6040353803,                 0,                 0,                 0,     0.07798714961,    -0.01039773566,      0.6040404697,                 0,       56.50837748,    0.002390236486
          0,           0,         746,       -11.3527066,      -9.681325312,      -10.28361328,      -11.02350819,      -12.52296643,      -5.537142982,      -3.733348326,   2.487474605e-06,      0.1615068809,                 1,                 1,                 1,    0.001789260784,      0.0106892958,      0.6040352245,                 0,                 0,                 0,     0.07798712466,    -0.01039774115,      0.6040403136,                 0,       56.50842074,    0.002390236486
          0,           0,         747,      -11.35242533,      -9.681326198,      -10.28361378,      -11.02314216,       -12.5229497,      -5.537253277,      -3.734099942,   2.487474605e-06,      0.1615068809,                 1,                 1,                 1,    0.001789260784,     0.01068928486,      0.6040350686,                 0,                 0,                 0,     0.07798709965,    -0.01039774664,      0.6040401574,                 0,       56.50846397,    0.002390236486
          0,           0,         748,      -11.35225068,      -9.681327086,      -10.28361419,      -11.02291664,      -12.52293276,      -5.537363538,      -3.734831162,   2.487474605e-06,      0.1615068809,                 1,                 1,                 1,    0.001789260784,     0.01068927393,      0.6040349127,                 0,                 0,                 0,     0.07798707459,    -0.01039775213,      0.6040400012,                 0,       56.50850716,    0.002390236486
          0,           0,         749,      -11.35216638,      -9.681327966,      -10.28361471,      -11.02281001,       -12.5229156,      -5.537473763,      -3.735543514,   2.487474606e-06,      0.1615068809,                 1,                 1,                 1,    0.001789260784,     0.01068926301,      0.6040347567,                 0,                 0,                 0,     0.07798704949,     -0.0103977576,      0.6040398449,                 0,       56.50855031,    0.002390236486
          0,           0,         750,      -11.35214723,      -9.681328827,      -10.28361548,      -11.02278853,      -12.52289824,      -5.537583954,      -3.736238374,   2.487474606e-06,      0.1615068809,                 1,                 1,                 1,    0.001789260784,      0.0106892521,      0.6040346006,                 0,                 0,                 0,     0.07798702434,    -0.01039776306,      0.6040396886,                 0,       56.50859342,    0.002390236486
          0,           0,         751,      -11.35216832,      -9.681329654,      -10.28361658,      -11.02281865,      -12.52288066,      -5.537694109,       -3.73691698,   2.487474607e-06,      0.1615068809,                 1,                 1,                 1,    0.001789260784,     0.01068924119,      0.6040344446,                 0,                 0,                 0,     0.07798699916,    -0.01039776851,      0.6040395322,                 0,       56.50863646,    0.002390236486
          0,           0,         752,      -11.35220947,      -9.681330437,      -10.28361805,      -11.02287332,      -12.52286288,       -5.53780423,      -3.737580452,   2.487474607e-06,      0.1615068809,                 1,                 1,                 1,    0.001789260784,      0.0106892303,      0.6040342884,                 0,                 0,                 0,     0.07798697393,    -0.01039777395,      0.6040393758,                 0,       56.50867944,    0.002390236486
          0,           0,         753,      -11.35225664,      -9.681331168,      -10.28361984,      -11.02293378,      -12.52284489,      -5.537914315,      -3.738229801,   2.487474607e-06,      0.1615068809,                 1,                 1,                 1,    0.001789260784,     0.01068921942,      0.6040341322,                 0,                 0,                 0,     0.07798694867,    -0.01039777937,      0.6040392194,                 0,       56.50872235,    0.002390236486
          0,           0,         754,      -11.35230122,      -9.681331842,      -10.28362191,       -11.0229888,       -12.5228267,      -5.538024366,      -3.738865945,   2.487474608e-06,      0.1615068809,                 1,                 1,                 1,    0.001789260784,     0.01068920855,       0.604033976,                 0,                 0,                 0,     0.07798692338,    -0.01039778478,      0.6040390629,                 0,       56.50876519,    0.002390236486
          0,           0,         755,      -11.35233874,      -9.681332458,       -10.2836242,      -11.02303285,       -12.5228083,      -5.538134381,      -3.739489719,   2.487474608e-06,      0.1615068809,                 1,                 1,                 1,    0.001789260784,      0.0106891977,      0.6040338198,                 0,                 0,                 0,     0.07798689806,    -0.01039779017,      0.6040389063,                 0,       56.50880793,    0.002390236486
          0,           0,         756,      -11.35236752,      -9.681333018,      -10.28362664,      -11.02306426,       -12.5227897,      -5.538244362,      -3.740101882,   2.487474608e-06,      0.1615068809,                 1,                 1,                 1,    0.001789260784,     0.01068918686,      0.6040336635,                 0,                 0,                 0,     0.07798687272,    -0.01039779555,      0.6040387497,                 0,       56.50885059,    0.002390236486
          0,           0,         757,      -11.35238768,      -9.681333526,       -10.2836292,      -11.02308389,       -12.5227709,      -5.538354308,      -3.740703127,   2.487474609e-06,      0.1615068809,                 1,                 1,                 1,    0.001789260784,     0.01068917605,      0.6040335071,                 0,                 0,                 0,     0.07798684734,     -0.0103978009,      0.6040385931,                 0,       56.50889315,    0.002390236486
          0,           0,         758,      -11.35240056,      -9.681333987,      -10.28363183,      -11.02309425,      -12.52275189,      -5.538464219,      -3.741294087,   2.487474609e-06,      0.1615068809,                 1,                 1,                 1,    0.001789260784,     0.01068916525,      0.6040333508,                 0,                 0,                 0,     0.07798682195,    -0.01039780624,      0.6040384365,                 0,       56.50893562,    0.002390236486
          0,           0,         759,      -11.35240779,      -9.681334406,      -10.28363449,      -11.02309814,      -12.52273268,      -5.538574095,      -3.741875343,   2.487474609e-06,      0.1615068809,                 1,                 1,                 1,    0.001789260784,     0.01068915447,      0.6040331944,                 0,                 0,                 0,     0.07798679654,    -0.01039781155,      0.6040382798,                 0,       56.50897797,    0.002390236486
          0,           0,         760,      -11.35241123,      -9.681334789,      -10.28363718,      -11.02309854,      -12.52271328,      -5.538683937,      -3.742447427,    2.48747461e-06,      0.1615068809,                 1,                 1,                 1,    0.001789260784,     0.01068914371,      0.6040330379,                 0,                 0,                 0,      0.0779867711,    -0.01039781684,       0.604038123,                 0,       56.50902022,    0.002390236486
          0,           0,         761,      -11.35241273,      -9.681335141,      -10.28363987,      -11.02309826,      -12.52269367,      -5.538793743,      -3.743010828,    2.48747461e-06,      0.1615068809,                 1,                 1,                 1,    0.001789260784,     0.01068913297,      0.6040328814,                 0,                 0,                 0,     0.07798674565,    -0.01039782212,      0.6040379663,                 0,       56.50906235,    0.002390236486
          0,           0,         762,      -11.35241345,      -9.681335467,      -10.28364253,      -11.02309904,      -12.52267387,      -5.538903516,      -3.743565998,    2.48747461e-06,      0.1615068809,                 1,                 1,                 1,    0.001789260784,     0.01068912225,      0.6040327249,                 0,                 0,                 0,     0.07798672018,    -0.01039782736,      0.6040378095,                 0,       56.50910437,    0.002390236486
          0,           0,         763,      -11.35241447,      -9.681335772,      -10.28364516,      -11.02310229,      -12.52265387,      -5.539013253,      -3.744113352,   2.487474611e-06,      0.1615068809,                 1,                 1,                 1,    0.001789260784,     0.01068911155,      0.6040325683,                 0,                 0,                 0,      0.0779866947,    -0.01039783259,      0.6040376526,                 0,       56.50914628,    0.002390236486
          0,           0,         764,       -11.3524163,      -9.681336057,      -10.28364773,       -11.0231085,      -12.52263367,      -5.539122957,      -3.744653276,   2.487474611e-06,      0.1615068809,                 1,                 1,                 1,    0.001789260784,     0.01068910088,      0.6040324117,                 0,                 0,                 0,      0.0779866692,    -0.01039783779,      0.6040374957,                 0,       56.50918806,    0.002390236486
          0,           0,         765,      -11.35241916,      -9.681336326,      -10.28365024,      -11.02311776,      -12.52261327,      -5.539232625,      -3.745186125,   2.487474611e-06,      0.1615068809,                 1,                 1,                 1,    0.001789260784,     0.01068909022,       0.604032255,                 0,                 0,                 0,     0.07798664368,    -0.01039784297,      0.6040373388,                 0,       56.50922972,    0.002390236486
          0,           0,         766,       -11.3524231,      -9.681336582,      -10.28365267,      -11.02312978,      -12.52259268,       -5.53934226,       -3.74571223,   2.487474612e-06,      0.1615068809,                 1,                 1,                 1,    0.001789260784,     0.01068907959,      0.6040320983,                 0,                 0,                 0,     0.07798661815,    -0.01039784813,      0.6040371817,                 0,       56.50927127,    0.002390236486
          0,           0,         767,      -11.35242806,      -9.681336826,        -10.283655,      -11.02314408,      -12.52257189,       -5.53945186,      -3.746231898,   2.487474612e-06,      0.1615068809,                 1,                 1,                 1,    0.001789260784,     0.01068906898,      0.6040319415,                 0,                 0,                 0,     0.07798659261,    -0.01039785326,      0.6040370247,                 0,       56.50931269,    0.002390236486
          0,           0,         768,      -11.35243388,       -9.68133706,      -10.28365722,      -11.02316011,      -12.52255091,      -5.539561425,      -3.746745415,   2.487474613e-06,      0.1615068809,                 1,                 1,                 1,    0.001789260784,     0.01068905839,      0.6040317846,                 0,                 0,                 0,     0.07798656705,    -0.01039785837,      0.6040368675,                 0,         56.509354,    0.002390236486
          0,           0,         769,      -11.35244038,      -9.681337285,      -10.28365932,      -11.02317738,      -12.52252974,      -5.539670957,      -3.747253046,   2.487474613e-06,      0.1615068809,                 1,                 1,                 1,    0.001789260784,     0.01068904782,      0.6040316277,                 0,                 0,                 0,     0.07798654147,    -0.01039786345,      0.6040367103,                 0,       56.50939519,    0.002390236486
          0,           0,         770,       -11.3524474,      -9.681337503,      -10.28366128,      -11.02319537,      -12.52250837,      -5.539780454,       -3.74775504,   2.487474613e-06,      0.1615068809,                 1,                 1,                 1,    0.001789260784,     0.01068903728,      0.6040314707,                 0,                 0,                 0,     0.07798651588,    -0.01039786852,       0.604036553,                 0,       56.50943626,    0.002390236486
          0,           0,         771,      -11.35245492,      -9.681337714,       -10.2836631,      -11.02321386,      -12.52248682,      -5.539889917,      -3.748251631,   2.487474614e-06,      0.1615068809,                 1,                 1,                 1,    0.001789260784,     0.01068902675,      0.6040313136,                 0,                 0,                 0,     0.07798649027,    -0.01039787355,      0.6040363957,                 0,       56.50947722,    0.002390236486
          0,           0,         772,      -11.35246282,       -9.68133792,      -10.28366477,      -11.02323256,      -12.52246507,      -5.539999345,      -3.748743034,   2.487474614e-06,      0.1615068809,                 1,                 1,                 1,    0.001789260784,     0.01068901624,      0.6040311564,                 0,                 0,                 0,     0.07798646465,    -0.01039787857,      0.6040362382,                 0,       56.50951807,    0.002390236486
          0,           0,         773,      -11.35247115,      -9.681338122,      -10.28366628,      -11.02325145,      -12.52244313,       -5.54010874,      -3.749229455,   2.487474614e-06,      0.1615068809,                 1,                 1,                 1,    0.001789260784,     0.01068900575,      0.6040309991,                 0,                 0,                 0,     0.07798643901,    -0.01039788356,      0.6040360806,                 0,       56.50955881,    0.002390236486
          0,           0,         774,      -11.35247985,      -9.681338321,      -10.28366763,      -11.02327039,        -12.522421,      -5.540218101,      -3.749711085,   2.487474615e-06,      0.1615068809,                 1,                 1,                 1,    0.001789260784,     0.01068899528,      0.6040308417,                 0,                 0,                 0,     0.07798641334,    -0.01039788854,       0.604035923,                 0,       56.50959945,    0.002390236486
          0,           0,         775,      -11.35248891,      -9.681338517,       -10.2836688,       -11.0232894,      -12.52239869,      -5.540327427,      -3.750188104,   2.487474615e-06,      0.1615068809,                 1,                 1,                 1,    0.001789260784,     0.01068898482,      0.6040306842,                 0,                 0,                 0,     0.07798638766,    -0.01039789349,      0.6040357652,                 0,       56.50963998,    0.002390236486
          0,           0,         776,      -11.35249835,      -9.681338712,       -10.2836698,      -11.02330842,      -12.52237618,       -5.54043672,      -3.750660681,   2.487474615e-06,      0.1615068809,                 1,                 1,                 1,    0.001789260784,     0.01068897439,      0.6040305265,                 0,                 0,                 0,     0.07798636196,    -0.01039789842,      0.6040356073,                 0,       56.50968041,    0.002390236486
          0,           0,         777,      -11.35250811,      -9.681338906,      -10.28367063,      -11.02332748,      -12.52235349,      -5.540545979,      -3.751128975,   2.487474616e-06,      0.1615068809,                 1,                 1,                 1,    0.001789260784,     0.01068896397,      0.6040303688,                 0,                 0,                 0,     0.07798633624,    -0.01039790333,      0.6040354493,                 0,       56.50972075,    0.002390236486
          0,           0,         778,      -11.35251818,        -9.6813391,      -10.28367128,       -11.0233465,      -12.52233062,      -5.540655204,      -3.751593139,   2.487474616e-06,      0.1615068809,                 1,                 1,                 1,    0.001789260784,     0.01068895356,      0.6040302109,                 0,                 0,                 0,     0.07798631049,    -0.01039790822,      0.6040352911,                 0,       56.50976099,    0.002390236486
          0,           0,         779,      -11.35252857,      -9.681339294,      -10.28367175,      -11.02336551,      -12.52230756,      -5.540764395,      -3.752053313,   2.487474617e-06,      0.1615068809,                 1,                 1,                 1,    0.001789260784,     0.01068894317,      0.6040300528,                 0,                 0,                 0,     0.07798628472,    -0.01039791309,      0.6040351328,                 0,       56.50980115,    0.002390236486
          0,           0,         780,      -11.35253913,       -9.68133949,      -10.28367204,      -11.02338433,      -12.52228431,      -5.540873553,      -3.752509632,   2.487474617e-06,      0.1615068809,                 1,                 1,                 1,    0.001789260784,     0.01068893279,      0.6040298946,                 0,                 0,                 0,     0.07798625892,    -0.01039791794,      0.6040349743,                 0,       56.50984121,    0.002390236486
          0,           0,         781,      -11.35254988,      -9.681339686,      -10.28367215,      -11.02340297,      -12.52226088,      -5.540982677,      -3.752962224,   2.487474617e-06,      0.1615068809,                 1,                 1,                 1,    0.001789260784,     0.01068892242,      0.6040297363,                 0,                 0,                 0,     0.07798623311,    -0.01039792277,      0.6040348157,                 0,       56.50988119,    0.002390236486
          0,           0,         782,      -11.35256071,      -9.681339885,      -10.28367208,      -11.02342125,      -12.52223727,      -5.541091767,      -3.753411209,   2.487474618e-06,      0.1615068809,                 1,                 1,                 1,    0.001789260784,     0.01068891207,      0.6040295777,                 0,                 0,                 0,     0.07798620726,    -0.01039792758,      0.6040346569,                 0,       56.50992109,    0.002390236486
          0,           0,         783,      -11.35257158,      -9.681340086,      -10.28367183,      -11.02343916,      -12.52221347,      -5.541200823,      -3.753856701,   2.487474618e-06,      0.1615068809,                 1,                 1,                 1,    0.001789260784,     0.01068890173,       0.604029419,                 0,                 0,                 0,      0.0779861814,    -0.01039793237,      0.6040344979,                 0,        56.5099609,    0.002390236486
          0,           0,         784,      -11.35258239,       -9.68134029,       -10.2836714,      -11.02345648,      -12.52218949,      -5.541309846,       -3.75429881,   2.487474618e-06,      0.1615068809,                 1,                 1,                 1,    0.001789260784,     0.01068889141,      0.6040292601,                 0,                 0,                 0,     0.07798615551,    -0.01039793715,      0.6040343387,                 0,       56.51000063,    0.002390236486
          0,           0,         785,      -11.35259309,      -9.681340496,      -10.28367078,      -11.02347321,      -12.52216533,      -5.541418836,      -3.754737638,   2.487474619e-06,      0.1615068809,                 1,                 1,                 1,    0.001789260784,     0.01068888109,       0.604029101,                 0,                 0,                 0,      0.0779861296,    -0.01039794191,      0.6040341794,                 0,       56.51004028,    0.002390236486
          0,           0,         786,      -11.35260353,      -9.681340706,         -10.28367,      -11.02348912,        -12.522141,      -5.541527792,      -3.755173283,   2.487474619e-06,      0.1615068809,                 1,                 1,                 1,    0.001789260784,     0.01068887079,      0.6040289418,                 0,                 0,                 0,     0.07798610366,    -0.01039794664,      0.6040340199,                 0,       56.51007985,    0.002390236486
          0,           0,         787,      -11.35261378,      -9.681340919,      -10.28366903,      -11.02350425,      -12.52211648,      -5.541636714,      -3.755605839,    2.48747462e-06,      0.1615068809,                 1,                 1,                 1,    0.001789260784,      0.0106888605,      0.6040287823,                 0,                 0,                 0,     0.07798607771,    -0.01039795136,      0.6040338602,                 0,       56.51011934,    0.002390236486
          0,           0,         788,      -11.35262371,      -9.681341135,      -10.28366789,      -11.02351845,      -12.52209179,      -5.541745603,      -3.756035395,    2.48747462e-06,      0.1615068809,                 1,                 1,                 1,    0.001789260784,     0.01068885022,      0.6040286227,                 0,                 0,                 0,     0.07798605174,    -0.01039795606,      0.6040337003,                 0,       56.51015873,    0.002390236486
          0,           0,         789,      -11.35263333,      -9.681341355,      -10.28366658,      -11.02353173,      -12.52206691,      -5.541854459,      -3.756462035,    2.48747462e-06,      0.1615068809,                 1,                 1,                 1,    0.001789260784,     0.01068883996,      0.6040284628,                 0,                 0,                 0,     0.07798602576,    -0.01039796074,      0.6040335402,                 0,       56.51019804,    0.002390236486
          0,           0,         790,      -11.35264254,      -9.681341579,       -10.2836651,      -11.02354397,      -12.52204186,      -5.541963281,      -3.756885842,   2.487474621e-06,      0.1615068809,                 2,                 2,                 2,    0.001789260784,     0.01068882971,      0.6040283028,                 0,                 0,                 0,     0.07798599977,     -0.0103979654,      0.6040333799,                 0,       56.51023726,    0.002390236486
          0,           0,         791,      -11.35265131,      -9.681341808,      -10.28366345,      -11.02355512,      -12.52201528,      -5.542072321,      -3.757256676,   4.974949242e-06,      0.3230137619,                 4,                 4,                 4,    0.001789260784,     0.01068880929,       0.604027982,                 0,                 0,                 0,      0.0779859478,    -0.01039797461,      0.6040330585,                 0,       56.51031521,    0.002390236486
          0,           0,         792,      -11.35227605,      -9.681341675,      -10.28365675,      -11.02307404,      -12.52199244,      -5.542181359,      -3.757525335,   9.949898487e-06,      0.6460275238,                 8,                 8,                 8,    0.001789260784,     0.01068876893,      0.6040273385,                 0,                 0,                 0,     0.07798584462,    -0.01039799249,       0.604032414,                 0,       56.51046837,    0.002390236486
          0,           0,         793,      -11.35136698,      -9.681340643,      -10.28362483,      -11.02189812,      -12.52197745,      -5.542290437,      -3.757587984,   1.989979699e-05,       1.292055048,                16,                16,                16,    0.001789260784,     0.01068869249,      0.6040260573,                 0,                 0,                 0,     0.07798564854,    -0.01039802416,      0.6040311309,                 0,       56.51075262,    0.002390236486
          0,           0,         794,      -11.35047388,      -9.681337476,      -10.28348953,      -11.02069771,      -12.52197917,      -5.542399593,      -3.757215263,   3.979959402e-05,       2.584110095,                32,                32,                32,    0.001789260784,     0.01068856378,      0.6040235748,                 0,                 0,                 0,     0.07798532245,    -0.01039806616,      0.6040286455,                 0,       56.51120088,    0.002390236486
          0,           0,         795,      -11.34820389,      -9.681326067,      -10.28302497,       -11.0174406,      -12.52201312,      -5.542508736,       -3.75586347,   7.959918823e-05,       5.168220191,               3.2,               3.2,               3.2,    0.001789260784,     0.01068834596,      0.6040187574,                 0,                 0,                 0,     0.07798478925,    -0.01039811572,      0.6040238234,                 0,        56.5119018,    0.002390236486
          0,           0,         796,      -11.33475533,       -9.68127737,      -10.28166649,      -10.99919715,      -12.52218394,      -5.542602264,      -3.756216688,   7.959918861e-06,      0.5168220192,               6.4,               6.4,               6.4,    0.001789260784,      0.0106883277,      0.6040182881,                 0,                 0,                 0,     0.07798474306,     -0.0103981176,      0.6040233538,                 0,       56.51195446,    0.002390236486
          0,           0,         797,      -11.31008247,      -9.681305194,      -10.28268142,      -10.96571769,      -12.52216589,      -5.542711077,      -3.756356929,   1.591983773e-05,       1.033644038,              12.8,              12.8,              12.8,    0.001789260784,     0.01068829001,      0.6040173476,                 0,                 0,                 0,     0.07798465007,    -0.01039812244,      0.6040224125,                 0,       56.51206575,    0.002390236486
          0,           0,         798,      -11.33487346,      -9.681316881,      -10.28310041,       -10.9984086,      -12.52215867,      -5.542819815,      -3.756086839,   3.183967549e-05,       2.067288077,              25.6,              25.6,              25.6,    0.001789260784,     0.01068819848,      0.6040154132,                 0,                 0,                 0,     0.07798443122,     -0.0103981464,      0.6040204761,                 0,       56.51236867,    0.002390236486
          0,           0,         799,      -11.35027683,      -9.681308963,      -10.28304344,       -11.0200904,      -12.52217127,      -5.542928381,      -3.754951627,   6.367935111e-05,       4.134576154,              2.56,              2.56,              2.56,    0.001789260784,     0.01068795872,      0.6040113156,                 0,                 0,                 0,      0.0779838476,    -0.01039824301,      0.6040163726,                 0,       56.51325303,    0.002390236486
          0,           0,         800,      -11.34279154,      -9.681274358,       -10.2820165,      -11.00985636,      -12.52229496,      -5.543024167,       -3.75541155,   6.367935135e-06,      0.4134576155,              5.12,              5.12,              5.12,    0.001789260784,     0.01068793522,      0.6040109076,                 0,                 0,                 0,     0.07798378999,    -0.01039825226,       0.604015964,                 0,       56.51333912,    0.002390236486
          0,           0,         801,      -11.33285507,      -9.681296268,      -10.28258236,      -10.99539328,      -12.52227514,      -5.543132824,      -3.755672525,   1.273587028e-05,      0.8269152309,             10.24,             10.24,             10.24,    0.001789260784,     0.01068788578,      0.6040100806,                 0,                 0,                 0,     0.07798366761,     -0.0103982728,      0.6040151358,                 0,       56.51352315,    0.002390236486
          0,           0,         802,      -11.33905096,      -9.681308642,      -10.28295471,      -11.00360672,       -12.5222634,      -5.543241353,      -3.755569182,   2.547174057e-05,       1.653830462,             20.48,             20.48,             20.48,    0.001789260784,     0.01068777844,       0.604008392,                 0,                 0,                 0,     0.07798339911,    -0.01039832115,      0.6040134445,                 0,       56.51393273,    0.002390236486
          0,           0,         803,        -11.352266,      -9.681303996,      -10.28297718,      -11.02220831,      -12.52226635,      -5.543349648,      -3.754733195,   5.094348122e-05,       3.307660924,             40.96,             40.96,             40.96,    0.001789260784,     0.01068755259,      0.6040049784,                 0,                 0,                 0,     0.07798282976,    -0.01039842773,      0.6040100251,                 0,       56.51480763,    0.002390236486
          0,           0,         804,      -11.34649381,      -9.681279084,      -10.28235918,      -11.01441864,      -12.52229643,      -5.543457164,      -3.752299982,   0.0001018869628,       6.615321848,             4.096,             4.096,             4.096,    0.001789260784,     0.01068718279,       0.603998735,                 0,                 0,                 0,      0.0779819808,    -0.01039857942,      0.6040037726,                 0,       56.51617896,    0.002390236486
          0,           0,         805,      -11.32282463,      -9.681202185,      -10.28022159,      -10.98276233,      -12.52249644,      -5.543542886,      -3.752762059,   1.018869633e-05,       0.661532185,             8.192,             8.192,             8.192,    0.001789260784,     0.01068715539,      0.6039981445,                 0,                 0,                 0,     0.07798191374,    -0.01039858619,      0.6040031815,                 0,       56.51626861,    0.002390236486
          0,           0,         806,      -11.28190342,      -9.681248458,      -10.28205484,      -10.92925635,       -12.5224819,      -5.543651141,      -3.752857704,   2.037739268e-05,        1.32306437,            16.384,            16.384,            16.384,    0.001789260784,     0.01068709685,      0.6039969692,                 0,                 0,                 0,     0.07798178007,    -0.01039860368,      0.6040020048,                 0,       56.51646821,    0.002390236486
          0,           0,         807,      -11.32883062,      -9.681267047,       -10.2826381,      -10.98951423,      -12.52247732,      -5.543758979,      -3.752281187,    4.07547854e-05,        2.64612874,            32.768,            32.768,            32.768,    0.001789260784,     0.01068695827,      0.6039946011,                 0,                 0,                 0,     0.07798148785,    -0.01039865953,      0.6039996334,                 0,       56.51697948,    0.002390236486
          0,           0,         808,      -11.34837445,      -9.681255084,       -10.2825079,      -11.01660271,      -12.52249017,      -5.543865862,      -3.750326799,   8.150957101e-05,        5.29225748,            3.2768,            3.2768,            3.2768,    0.001789260784,     0.01068666291,      0.6039898772,                 0,                 0,                 0,     0.07798087161,    -0.01039878984,       0.603994902,                 0,       56.51809945,    0.002390236486
          0,           0,         809,      -11.33816339,      -9.681198778,      -10.28094475,      -11.00273371,      -12.52263272,      -5.543954718,      -3.750972895,   8.150957137e-06,      0.5292257481,            6.5536,            6.5536,            6.5536,    0.001789260784,     0.01068663644,      0.6039894167,                 0,                 0,                 0,     0.07798081603,    -0.01039880022,      0.6039944409,                 0,       56.51819634,    0.002390236486
          0,           0,         810,       -11.3141658,        -9.6812334,      -10.28203974,      -10.96987608,      -12.52261654,      -5.544062845,      -3.751283613,   1.630191428e-05,       1.058451496,           13.1072,           13.1072,           13.1072,    0.001789260784,     0.01068658126,      0.6039884905,                 0,                 0,                 0,     0.07798069988,    -0.01039882305,      0.6039935133,                 0,       56.51840153,    0.002390236486
          0,           0,         811,      -11.33520495,      -9.681250655,      -10.28256316,      -10.99755514,      -12.52260681,       -5.54417051,      -3.751007105,   3.260382859e-05,       2.116902992,           26.2144,           26.2144,           26.2144,    0.001789260784,     0.01068646038,      0.6039866058,                 0,                 0,                 0,     0.07798044329,    -0.01039887808,      0.6039916256,                 0,       56.51886446,    0.002390236486
          0,           0,         812,      -11.35368934,      -9.681243558,      -10.28254815,      -11.02323837,      -12.52260162,      -5.544277218,      -3.749579885,   6.520765731e-05,       4.233805985,           2.62144,           2.62144,           2.62144,    0.001789260784,      0.0106862114,      0.6039827733,                 0,                 0,                 0,     0.07797989662,    -0.01039899315,      0.6039877867,                 0,       56.51982266,    0.002390236486
          0,           0,         813,      -11.34671305,      -9.681205001,      -10.28153839,      -11.01350166,      -12.52270326,      -5.544369164,      -3.750345256,   6.520765752e-06,      0.4233805986,           5.24288,           5.24288,           5.24288,    0.001789260784,     0.01068618746,      0.6039823933,                 0,                 0,                 0,     0.07797984367,    -0.01039900383,      0.6039874062,                 0,       56.51991375,    0.002390236486
          0,           0,         814,      -11.33582243,      -9.681228656,      -10.28214239,      -10.99775399,      -12.52268483,      -5.544477217,      -3.750819199,   1.304153151e-05,      0.8467611972,          10.48576,          10.48576,          10.48576,    0.001789260784,     0.01068613958,      0.6039816307,                 0,                 0,                 0,     0.07797973636,    -0.01039902506,      0.6039866423,                 0,       56.52009562,    0.002390236486
          0,           0,         815,      -11.34324001,       -9.68124231,      -10.28253387,      -11.00761352,      -12.52267059,       -5.54458483,      -3.750798075,   2.608306304e-05,       1.693522394,          20.97152,          20.97152,          20.97152,    0.001789260784,     0.01068604297,      0.6039800938,                 0,                 0,                 0,     0.07797951684,    -0.01039906797,      0.6039851029,                 0,       56.52046275,    0.002390236486
          0,           0,         816,        -11.357629,      -9.681238244,      -10.28256017,      -11.02775062,      -12.52266418,      -5.544691576,      -3.749837156,   5.216612614e-05,       3.387044789,          41.94304,          41.94304,          41.94304,    0.001789260784,     0.01068584997,      0.6039769733,                 0,                 0,                 0,     0.07797906934,    -0.01039915195,      0.6039819776,                 0,       56.52119159,    0.002390236486
          0,           0,         817,       -11.3525657,      -9.681213079,      -10.28191233,      -11.02068242,      -12.52267285,      -5.544796263,      -3.746919148,   0.0001043322525,       6.774089578,          4.194304,          4.194304,          4.194304,    0.001789260784,      0.0106855069,      0.6039709182,                 0,                 0,                 0,     0.07797833915,    -0.01039928349,      0.6039759142,                 0,       56.52243959,    0.002390236486
          0,           0,         818,      -11.32800493,      -9.681135887,      -10.27968598,       -10.9876176,      -12.52283489,       -5.54487589,      -3.747638915,   1.043322529e-05,       0.677408958,          8.388608,          8.388608,          8.388608,    0.001789260784,     0.01068548285,      0.6039703464,                 0,                 0,                 0,     0.07797828472,    -0.01039928758,       0.603975342,                 0,       56.52251331,    0.002390236486
          0,           0,         819,      -11.28371814,      -9.681185102,      -10.28162702,      -10.93000241,      -12.52282117,      -5.544983349,      -3.747890025,    2.08664506e-05,       1.354817916,         16.777216,         16.777216,         16.777216,    0.001789260784,      0.0106854272,       0.603969184,                 0,                 0,                 0,     0.07797816629,    -0.01039930262,      0.6039741784,                 0,       56.52269886,    0.002390236486
          0,           0,         820,      -11.33513151,      -9.681205489,      -10.28222511,      -10.99581351,       -12.5228122,      -5.545089875,       -3.74731514,   4.173290123e-05,       2.709635832,         33.554432,         33.554432,         33.554432,    0.001789260784,     0.01068528079,      0.6039667537,                 0,                 0,                 0,      0.0779778657,    -0.01039936412,      0.6039717444,                 0,       56.52324592,    0.002390236486
          0,           0,         821,       -11.3558229,      -9.681194455,      -10.28208533,      -11.02437943,      -12.52281035,        -5.5451944,      -3.745100917,   8.346580262e-05,       5.419271664,         3.3554432,         3.3554432,         3.3554432,    0.001789260784,     0.01068495298,      0.6039617626,                 0,                 0,                 0,     0.07797717546,    -0.01039951755,      0.6039667449,                 0,       56.52451292,    0.002390236486
          0,           0,         822,      -11.34487475,      -9.681138487,      -10.28044524,      -11.00950902,      -12.52292325,      -5.545278251,      -3.746005929,   8.346580291e-06,      0.5419271665,         6.7108864,         6.7108864,         6.7108864,    0.001789260784,     0.01068492339,      0.6039612751,                 0,                 0,                 0,     0.07797711246,     -0.0103995301,      0.6039662567,                 0,       56.52462381,    0.002390236486
          0,           0,         823,      -11.31797374,      -9.681175152,      -10.28161568,      -10.97289601,      -12.52290896,      -5.545385686,      -3.746497085,   1.669316059e-05,       1.083854333,        13.4217728,        13.4217728,        13.4217728,    0.001789260784,     0.01068486133,      0.6039602899,                 0,                 0,                 0,     0.07797697943,    -0.01039955774,      0.6039652699,                 0,        56.5248599,    0.002390236486
          0,           0,         824,      -11.34183289,      -9.681193748,      -10.28215495,      -11.00426335,      -12.52289631,      -5.545492237,      -3.746284643,    3.33863212e-05,       2.167708666,        26.8435456,        26.8435456,        26.8435456,    0.001789260784,      0.0106847263,      0.6039582813,                 0,                 0,                 0,     0.07797668751,    -0.01039962259,      0.6039632578,                 0,       56.52538625,    0.002390236486
          0,           0,         825,      -11.36147805,      -9.681187724,      -10.28212676,      -11.03159976,      -12.52288608,      -5.545596983,       -3.74472719,   6.677264251e-05,       4.335417333,        2.68435456,        2.68435456,        2.68435456,    0.001789260784,     0.01068445813,      0.6039542347,                 0,                 0,                 0,     0.07797609298,    -0.01039974938,      0.6039592043,                 0,       56.52642628,    0.002390236486
          0,           0,         826,      -11.35380371,      -9.681149923,      -10.28104357,      -11.02107717,      -12.52296332,      -5.545684827,      -3.745730435,   6.677264272e-06,      0.4335417333,        5.36870912,        5.36870912,        5.36870912,    0.001789260784,     0.01068443246,       0.603953834,                 0,                 0,                 0,     0.07797603561,    -0.01039976105,       0.603958803,                 0,       56.52652459,    0.002390236486
          0,           0,         827,      -11.34112814,      -9.681175006,      -10.28169165,      -11.00292772,      -12.52294689,      -5.545792274,      -3.746382689,   1.335452855e-05,      0.8670834666,       10.73741824,       10.73741824,       10.73741824,    0.001789260784,     0.01068438157,      0.6039530317,                 0,                 0,                 0,     0.07797592066,    -0.01039978391,      0.6039579994,                 0,       56.52671874,    0.002390236486
          0,           0,         828,      -11.34990086,      -9.681189666,      -10.28209492,      -11.01468933,      -12.52293186,      -5.545898938,      -3.746451984,   2.670905711e-05,       1.734166933,       21.47483648,       21.47483648,       21.47483648,    0.001789260784,     0.01068428033,      0.6039514221,                 0,                 0,                 0,     0.07797568993,    -0.01039982891,      0.6039563872,                 0,       56.52710372,    0.002390236486
          0,           0,         829,      -11.36533589,      -9.681186399,      -10.28210782,      -11.03644603,      -12.52291811,      -5.546004048,      -3.745436248,   5.341811429e-05,       3.468333867,       42.94967296,       42.94967296,       42.94967296,    0.001789260784,     0.01068408253,      0.6039481757,                 0,                 0,                 0,     0.07797523189,    -0.01039991329,      0.6039531359,                 0,       56.52784635,    0.002390236486
          0,           0,         830,      -11.35952967,      -9.681161689,       -10.2814043,      -11.02858236,      -12.52290535,      -5.546105706,      -3.742205748,   0.0001068362289,       6.936667734,       4.294967296,       4.294967296,       4.294967296,    0.001789260784,     0.01068373715,      0.6039419297,                 0,                 0,                 0,     0.07797450678,    -0.01040004048,      0.6039468816,                 0,       56.52908913,    0.002390236486
          0,           0,         831,      -11.33131486,      -9.681083651,      -10.27905289,      -10.99119596,      -12.52302302,      -5.546178806,      -3.743114751,   1.068362294e-05,      0.6936667736,       8.589934592,       8.589934592,       8.589934592,    0.001789260784,     0.01068371397,      0.6039413425,                 0,                 0,                 0,     0.07797445474,    -0.01040004315,       0.603946294,                 0,       56.52915683,    0.002390236486
          0,           0,         832,       -11.2837838,      -9.681135291,      -10.28110428,      -10.92956265,      -12.52300794,      -5.546285447,      -3.743486248,   2.136724589e-05,       1.387333547,       17.17986918,       17.17986918,       17.17986918,    0.001789260784,     0.01068365903,      0.6039401474,                 0,                 0,                 0,     0.07797433956,    -0.01040005635,      0.6039450977,                 0,       56.52933566,    0.002390236486
          0,           0,         833,      -11.33925004,      -9.681156565,      -10.28171422,      -11.00067231,      -12.52299215,      -5.546390593,      -3.742923098,   4.273449182e-05,       2.774667094,       34.35973837,       34.35973837,       34.35973837,    0.001789260784,     0.01068351037,      0.6039376423,                 0,                 0,                 0,     0.07797403694,     -0.0104001175,      0.6039425889,                 0,        56.5298878,    0.002390236486
          0,           0,         834,      -11.36009187,      -9.681144922,      -10.28155932,      -11.02980755,      -12.52297231,      -5.546492604,      -3.740531649,   8.546898385e-05,       5.549334189,       3.435973837,       3.435973837,       3.435973837,    0.001789260784,     0.01068317767,      0.6039325122,                 0,                 0,                 0,     0.07797333719,    -0.01040027095,      0.6039374504,                 0,       56.53116804,    0.002390236486
          0,           0,         835,      -11.34672662,      -9.681085681,      -10.27984695,      -11.01211599,      -12.52304947,      -5.546571109,      -3.741623363,   8.546898423e-06,       0.554933419,       6.871947674,       6.871947674,       6.871947674,    0.001789260784,       0.010683148,      0.6039320123,                 0,                 0,                 0,     0.07797327394,    -0.01040028316,      0.6039369497,                 0,       56.53127828,    0.002390236486
          0,           0,         836,      -11.31718902,      -9.681123951,      -10.28109811,      -10.97205383,      -12.52303461,      -5.546677838,      -3.742248148,   1.709379686e-05,       1.109866838,       13.74389535,       13.74389535,       13.74389535,    0.001789260784,     0.01068308543,      0.6039310017,                 0,                 0,                 0,     0.07797313962,    -0.01040031042,      0.6039359376,                 0,       56.53151478,    0.002390236486
          0,           0,         837,      -11.34336021,      -9.681142929,      -10.28165677,      -11.00660486,      -12.52301796,      -5.546783226,      -3.742086855,   3.418759374e-05,       2.219733676,       27.48779069,       27.48779069,       27.48779069,    0.001789260784,     0.01068294842,      0.6039289413,                 0,                 0,                 0,      0.0779728428,    -0.01040037543,      0.6039338736,                 0,       56.53204689,    0.002390236486
          0,           0,         838,      -11.36315112,      -9.681136085,      -10.28162466,      -11.03441119,      -12.52299551,       -5.54688589,      -3.740438749,   6.837518763e-05,       4.439467352,       2.748779069,       2.748779069,       2.748779069,    0.001789260784,     0.01068267675,      0.6039247937,                 0,                 0,                 0,     0.07797223721,     -0.0104005022,       0.603929719,                 0,       56.53309634,    0.002390236486
          0,           0,         839,      -11.35381073,      -9.681095189,       -10.2804941,      -11.02187426,       -12.5230461,      -5.546969367,      -3.741616686,    6.83751879e-06,      0.4439467353,       5.497558139,       5.497558139,       5.497558139,    0.001789260784,     0.01068265089,      0.6039243835,                 0,                 0,                 0,     0.07797217905,    -0.01040051372,      0.6039293082,                 0,       56.53319476,    0.002390236486
          0,           0,         840,       -11.3394879,      -9.681121327,      -10.28119249,       -11.0015249,      -12.52303157,      -5.547076201,      -3.742402796,   1.367503759e-05,      0.8878934706,       10.99511628,       10.99511628,       10.99511628,    0.001789260784,     0.01068259957,      0.6039235622,                 0,                 0,                 0,     0.07797206233,    -0.01040053634,      0.6039284856,                 0,       56.53338946,    0.002390236486
          0,           0,         841,      -11.34930815,      -9.681136172,      -10.28161445,      -11.01479992,      -12.52301481,      -5.547181883,      -3.742542926,    2.73500752e-05,       1.775786941,       21.99023256,       21.99023256,       21.99023256,    0.001789260784,     0.01068249691,      0.6039219125,                 0,                 0,                 0,     0.07797182672,    -0.01040058137,      0.6039268333,                 0,       56.53377835,    0.002390236486
          0,           0,         842,      -11.36492119,      -9.681132131,      -10.28162696,      -11.03697195,      -12.52299199,       -5.54728527,      -3.741490285,   5.470015048e-05,       3.551573883,       43.98046511,       43.98046511,       43.98046511,    0.001789260784,     0.01068229402,      0.6039185743,                 0,                 0,                 0,     0.07797135233,    -0.01040066763,      0.6039234901,                 0,       56.53453958,    0.002390236486
          0,           0,         843,      -11.35795094,      -9.681105055,      -10.28089096,      -11.02763487,      -12.52295536,      -5.547383703,      -3.738024869,   0.0001094003013,       7.103147766,       4.398046511,       4.398046511,       4.398046511,    0.001789260784,     0.01068193078,      0.6039121426,                 0,                 0,                 0,     0.07797058662,    -0.01040080619,      0.6039170496,                 0,       56.53585993,    0.002390236486
          0,           0,         844,      -11.32670109,      -9.681022643,      -10.27843432,      -10.98640247,      -12.52302629,      -5.547449858,      -3.739076328,    1.09400302e-05,      0.7103147768,       8.796093022,       8.796093022,       8.796093022,    0.001789260784,     0.01068190686,        0.60391154,                 0,                 0,                 0,     0.07797053219,    -0.01040080907,      0.6039164466,                 0,       56.53593015,    0.002390236486
          0,           0,         845,      -11.27735597,      -9.681076453,      -10.28060639,      -10.92263327,      -12.52301084,      -5.547555661,      -3.739540177,   2.188006041e-05,       1.420629554,       17.59218604,       17.59218604,       17.59218604,    0.001789260784,     0.01068184887,      0.6039103103,                 0,                 0,                 0,     0.07797040954,     -0.0104008241,      0.6039152156,                 0,       56.53612193,    0.002390236486
          0,           0,         846,      -11.33525379,      -9.681097985,      -10.28123343,      -10.99676866,      -12.52298871,      -5.547659366,      -3.738986278,   4.376012089e-05,       2.841259107,       1.759218604,       1.759218604,       1.759218604,    0.001789260784,     0.01068168935,      0.6039077221,                 0,                 0,                 0,     0.07797008145,    -0.01040089321,      0.6039126234,                 0,       56.53672396,    0.002390236486
          0,           0,         847,      -11.35564446,      -9.681084751,      -10.28106704,      -11.02528286,      -12.52300674,      -5.547750192,      -3.740341981,   4.376012101e-06,      0.2841259107,                 1,                 1,                 1,    0.001789260784,     0.01068167313,      0.6039074629,                 0,                 0,                 0,     0.07797004835,    -0.01040090036,      0.6039123638,                 0,       56.53678552,    0.002390236486
          0,           0,         848,      -11.35827378,      -9.681097242,      -10.28115543,      -11.02830419,      -12.52299905,      -5.547856507,      -3.741718761,   2.487474888e-06,      0.1615068815,                 1,                 1,                 1,    0.001789260784,     0.01068166372,       0.603907315,                 0,                 0,                 0,     0.07797002916,    -0.01040090461,      0.6039122157,                 0,        56.5368215,    0.002390236486
          0,           0,         849,      -11.35670282,       -9.68110346,      -10.28122516,      -11.02593157,      -12.52298997,      -5.547963541,      -3.743021053,   2.487474889e-06,      0.1615068815,                 1,                 1,                 1,    0.001789260784,     0.01068165413,      0.6039071665,                 0,                 0,                 0,      0.0779700096,    -0.01040090901,      0.6039120669,                 0,       56.53685836,    0.002390236486
          0,           0,         850,      -11.35578298,      -9.681108167,      -10.28127665,      -11.02460134,      -12.52298074,      -5.548070542,       -3.74425645,   2.487474889e-06,      0.1615068815,                 1,                 1,                 1,    0.001789260784,     0.01068164438,      0.6039070175,                 0,                 0,                 0,      0.0779699897,    -0.01040091355,      0.6039119177,                 0,         56.536896,    0.002390236486
          0,           0,         851,      -11.35611965,      -9.681111612,      -10.28130625,      -11.02508908,      -12.52297134,      -5.548177511,      -3.745431523,    2.48747489e-06,      0.1615068815,                 1,                 1,                 1,    0.001789260784,      0.0106816345,       0.603906868,                 0,                 0,                 0,     0.07796996948,    -0.01040091821,      0.6039117679,                 0,       56.53693432,    0.002390236486
          0,           0,         852,      -11.35706021,      -9.681114094,      -10.28131998,      -11.02646504,      -12.52296177,      -5.548284447,      -3.746552068,    2.48747489e-06,      0.1615068815,                 1,                 1,                 1,    0.001789260784,     0.01068162449,      0.6039067181,                 0,                 0,                 0,     0.07796994897,    -0.01040092298,      0.6039116177,                 0,       56.53697324,    0.002390236486
          0,           0,         853,      -11.35776793,      -9.681115912,      -10.28132584,      -11.02755451,      -12.52295201,      -5.548391352,      -3.747623202,    2.48747489e-06,      0.1615068815,                 1,                 1,                 1,    0.001789260784,     0.01068161437,      0.6039065678,                 0,                 0,                 0,     0.07796992818,    -0.01040092785,      0.6039114672,                 0,       56.53701272,    0.002390236486
          0,           0,         854,      -11.35779946,      -9.681117329,      -10.28132934,      -11.02772384,      -12.52294207,      -5.548498226,      -3.748649452,   2.487474891e-06,      0.1615068815,                 1,                 1,                 1,    0.001789260784,     0.01068160415,       0.603906417,                 0,                 0,                 0,     0.07796990713,     -0.0104009328,      0.6039113162,                 0,       56.53705273,    0.002390236486
          0,           0,         855,      -11.35718943,      -9.681118547,       -10.2813327,      -11.02700342,      -12.52293193,      -5.548605069,      -3.749634828,   2.487474891e-06,      0.1615068815,                 1,                 1,                 1,    0.001789260784,     0.01068159383,      0.6039062659,                 0,                 0,                 0,     0.07796988581,    -0.01040093785,      0.6039111648,                 0,       56.53709322,    0.002390236486
          0,           0,         856,      -11.35624848,      -9.681119709,      -10.28133596,      -11.02581201,      -12.52292159,      -5.548711881,       -3.75058289,   2.487474891e-06,      0.1615068815,                 1,                 1,                 1,    0.001789260784,     0.01068158341,      0.6039061145,                 0,                 0,                 0,     0.07796986424,    -0.01040094298,      0.6039110131,                 0,       56.53713419,    0.002390236486
          0,           0,         857,      -11.35531768,      -9.681120897,      -10.28133846,      -11.02461536,      -12.52291105,      -5.548818662,      -3.751496804,   2.487474892e-06,      0.1615068815,                 1,                 1,                 1,    0.001789260784,     0.01068157289,      0.6039059627,                 0,                 0,                 0,      0.0779698424,    -0.01040094819,       0.603910861,                 0,       56.53717563,    0.002390236486
          0,           0,         858,      -11.35462078,      -9.681122144,      -10.28133984,       -11.0237204,       -12.5229003,      -5.548925414,       -3.75237939,   2.487474892e-06,      0.1615068815,                 1,                 1,                 1,    0.001789260784,     0.01068156228,      0.6039058105,                 0,                 0,                 0,     0.07796982029,    -0.01040095348,      0.6039107085,                 0,       56.53721753,    0.002390236486
          0,           0,         859,      -11.35423297,      -9.681123451,      -10.28134027,      -11.02323182,      -12.52288936,      -5.549032134,      -3.753233169,   2.487474893e-06,      0.1615068815,                 1,                 1,                 1,    0.001789260784,     0.01068155158,       0.603905658,                 0,                 0,                 0,     0.07796979793,    -0.01040095885,      0.6039105557,                 0,       56.53725989,    0.002390236486
          0,           0,         860,      -11.35412111,      -9.681124794,      -10.28134029,      -11.02310688,      -12.52287821,      -5.549138824,      -3.754060395,   2.487474893e-06,      0.1615068815,                 1,                 1,                 1,    0.001789260784,     0.01068154079,      0.6039055051,                 0,                 0,                 0,     0.07796977529,     -0.0104009643,      0.6039104025,                 0,       56.53730269,    0.002390236486
          0,           0,         861,      -11.35420243,      -9.681126137,      -10.28134053,        -11.023235,      -12.52286688,      -5.549245484,      -3.754863093,   2.487474893e-06,      0.1615068815,                 1,                 1,                 1,    0.001789260784,     0.01068152991,      0.6039053518,                 0,                 0,                 0,     0.07796975239,    -0.01040096982,       0.603910249,                 0,       56.53734594,    0.002390236486
          0,           0,         862,      -11.35439015,      -9.681127445,      -10.28134143,       -11.0234997,      -12.52285535,      -5.549352112,       -3.75564308,   2.487474894e-06,      0.1615068815,                 1,                 1,                 1,    0.001789260784,     0.01068151894,      0.6039051982,                 0,                 0,                 0,     0.07796972922,    -0.01040097542,      0.6039100951,                 0,       56.53738962,    0.002390236486
          0,           0,         863,       -11.3546175,      -9.681128685,      -10.28134322,      -11.02381104,      -12.52284363,       -5.54945871,      -3.756401995,   2.487474894e-06,      0.1615068815,                 1,                 1,                 1,    0.001789260784,     0.01068150788,      0.6039050442,                 0,                 0,                 0,     0.07796970577,     -0.0104009811,      0.6039099408,                 0,       56.53743374,    0.002390236486
          0,           0,         864,      -11.35484263,      -9.681129833,      -10.28134592,      -11.02411281,      -12.52283172,      -5.549565278,      -3.757141318,   2.487474894e-06,      0.1615068815,                 1,                 1,                 1,    0.001789260784,     0.01068149674,      0.6039048898,                 0,                 0,                 0,     0.07796968204,    -0.01040098685,      0.6039097862,                 0,       56.53747828,    0.002390236486
          0,           0,         865,      -11.35504413,      -9.681130871,      -10.28134942,      -11.02437658,      -12.52281962,      -5.549671814,      -3.757862387,   2.487474895e-06,      0.1615068815,                 1,                 1,                 1,    0.001789260784,     0.01068148551,      0.6039047351,                 0,                 0,                 0,     0.07796965804,    -0.01040099268,      0.6039096311,                 0,       56.53752324,    0.002390236486
          0,           0,         866,      -11.35521371,      -9.681131794,      -10.28135359,      -11.02459201,      -12.52280735,       -5.54977832,      -3.758566416,   2.487474895e-06,      0.1615068815,                 1,                 1,                 1,    0.001789260784,     0.01068147419,        0.60390458,                 0,                 0,                 0,     0.07796963376,    -0.01040099857,      0.6039094758,                 0,       56.53756861,    0.002390236486
          0,           0,         867,      -11.35535012,      -9.681132601,      -10.28135828,      -11.02475873,      -12.52279488,      -5.549884795,      -3.759254505,   2.487474896e-06,      0.1615068815,                 1,                 1,                 1,    0.001789260784,      0.0106814628,      0.6039044246,                 0,                 0,                 0,     0.07796960919,    -0.01040100454,        0.60390932,                 0,       56.53761438,    0.002390236486
          0,           0,         868,      -11.35545594,      -9.681133299,      -10.28136338,      -11.02488171,      -12.52278224,      -5.549991239,      -3.759927659,   2.487474896e-06,      0.1615068815,                 1,                 1,                 1,    0.001789260784,     0.01068145132,      0.6039042687,                 0,                 0,                 0,     0.07796958434,    -0.01040101057,      0.6039091638,                 0,       56.53766054,    0.002390236486
          0,           0,         869,      -11.35553524,      -9.681133896,      -10.28136881,      -11.02496814,      -12.52276941,      -5.550097652,      -3.760586792,   2.487474896e-06,      0.1615068815,                 1,                 1,                 1,    0.001789260784,     0.01068143976,      0.6039041125,                 0,                 0,                 0,     0.07796955921,    -0.01040101667,      0.6039090073,                 0,        56.5377071,    0.002390236486
          0,           0,         870,      -11.35559307,      -9.681134405,      -10.28137451,      -11.02502647,       -12.5227564,      -5.550204035,      -3.761232739,   2.487474897e-06,      0.1615068815,                 1,                 1,                 1,    0.001789260784,     0.01068142812,      0.6039039559,                 0,                 0,                 0,     0.07796953378,    -0.01040102283,      0.6039088504,                 0,       56.53775403,    0.002390236486
          0,           0,         871,      -11.35563446,      -9.681134836,      -10.28138044,      -11.02506495,      -12.52274321,      -5.550310387,      -3.761866266,   2.487474897e-06,      0.1615068815,                 1,                 1,                 1,    0.001789260784,     0.01068141641,      0.6039037989,                 0,                 0,                 0,     0.07796950806,    -0.01040102906,      0.6039086931,                 0,       56.53780135,    0.002390236486
          0,           0,         872,      -11.35566418,      -9.681135201,      -10.28138657,      -11.02509106,      -12.52272983,      -5.550416709,      -3.762488075,   2.487474897e-06,      0.1615068815,                 1,                 1,                 1,    0.001789260784,     0.01068140462,      0.6039036415,                 0,                 0,                 0,     0.07796948205,    -0.01040103535,      0.6039085354,                 0,       56.53784903,    0.002390236486
          0,           0,         873,      -11.35568614,      -9.681135509,      -10.28139288,      -11.02511073,      -12.52271628,         -5.550523,      -3.763098809,   2.487474898e-06,      0.1615068815,                 1,                 1,                 1,    0.001789260784,     0.01068139275,      0.6039034837,                 0,                 0,                 0,     0.07796945574,    -0.01040104171,      0.6039083773,                 0,       56.53789707,    0.002390236486
          0,           0,         874,      -11.35570326,      -9.681135769,      -10.28139932,      -11.02512825,      -12.52270255,      -5.550629261,      -3.763699062,   2.487474898e-06,      0.1615068815,                 1,                 1,                 1,    0.001789260784,     0.01068138081,      0.6039033256,                 0,                 0,                 0,     0.07796942913,    -0.01040104812,      0.6039082188,                 0,       56.53794547,    0.002390236486
          0,           0,         875,      -11.35571759,      -9.681135988,      -10.28140588,      -11.02514622,      -12.52268863,      -5.550735491,      -3.764289381,   2.487474898e-06,      0.1615068815,                 1,                 1,                 1,    0.001789260784,     0.01068136879,       0.603903167,                 0,                 0,                 0,     0.07796940223,     -0.0104010546,      0.6039080599,                 0,       56.53799423,    0.002390236486
          0,           0,         876,      -11.35573023,      -9.681136171,      -10.28141254,      -11.02516569,      -12.52267454,      -5.550841691,      -3.764870272,   2.487474899e-06,      0.1615068815,                 1,                 1,                 1,    0.001789260784,      0.0106813567,      0.6039030079,                 0,                 0,                 0,     0.07796937501,    -0.01040106113,      0.6039079005,                 0,       56.53804334,    0.002390236486
          0,           0,         877,      -11.35574171,      -9.681136322,      -10.28141925,      -11.02518675,      -12.52266027,      -5.550947861,      -3.765442203,   2.487474899e-06,      0.1615068815,                 1,                 1,                 1,    0.001789260784,     0.01068134454,      0.6039028485,                 0,                 0,                 0,      0.0779693475,    -0.01040106772,      0.6039077408,                 0,       56.53809279,    0.002390236486
          0,           0,         878,      -11.35575226,      -9.681136446,      -10.28142599,      -11.02520901,      -12.52264583,      -5.551054001,      -3.766005606,     2.4874749e-06,      0.1615068815,                 1,                 1,                 1,    0.001789260784,      0.0106813323,      0.6039026887,                 0,                 0,                 0,     0.07796931968,    -0.01040107437,      0.6039075806,                 0,       56.53814259,    0.002390236486
          0,           0,         879,      -11.35576185,      -9.681136545,      -10.28143274,      -11.02523169,      -12.52263121,       -5.55116011,      -3.766560884,     2.4874749e-06,      0.1615068816,                 1,                 1,                 1,    0.001789260784,     0.01068131999,      0.6039025284,                 0,                 0,                 0,     0.07796929155,    -0.01040108108,        0.60390742,                 0,       56.53819273,    0.002390236486
          0,           0,         880,      -11.35577053,      -9.681136621,      -10.28143947,      -11.02525413,      -12.52261641,       -5.55126619,      -3.767108411,     2.4874749e-06,      0.1615068816,                 1,                 1,                 1,    0.001789260784,     0.01068130762,      0.6039023676,                 0,                 0,                 0,     0.07796926311,    -0.01040108784,      0.6039072589,                 0,        56.5382432,    0.002390236486
          0,           0,         881,      -11.35577831,      -9.681136677,      -10.28144615,      -11.02527579,      -12.52260144,      -5.551372239,      -3.767648535,   2.487474901e-06,      0.1615068816,                 1,                 1,                 1,    0.001789260784,     0.01068129517,      0.6039022065,                 0,                 0,                 0,     0.07796923436,    -0.01040109465,      0.6039070974,                 0,       56.53829401,    0.002390236486
          0,           0,         882,      -11.35578533,      -9.681136714,      -10.28145276,      -11.02529641,      -12.52258629,      -5.551478258,      -3.768181581,   2.487474901e-06,      0.1615068816,                 1,                 1,                 1,    0.001789260784,     0.01068128265,      0.6039020449,                 0,                 0,                 0,      0.0779692053,    -0.01040110152,      0.6039069355,                 0,       56.53834514,    0.002390236486
          0,           0,         883,      -11.35579175,      -9.681136735,      -10.28145929,      -11.02531592,      -12.52257097,      -5.551584247,      -3.768707854,   2.487474901e-06,      0.1615068816,                 1,                 1,                 1,    0.001789260784,     0.01068127006,      0.6039018828,                 0,                 0,                 0,     0.07796917594,    -0.01040110845,      0.6039067731,                 0,        56.5383966,    0.002390236486
          0,           0,         884,      -11.35579792,      -9.681136742,      -10.28146571,      -11.02533455,      -12.52255547,      -5.551690206,      -3.769227636,   2.487474902e-06,      0.1615068816,                 1,                 1,                 1,    0.001789260784,      0.0106812574,      0.6039017203,                 0,                 0,                 0,     0.07796914626,    -0.01040111543,      0.6039066102,                 0,       56.53844838,    0.002390236486
          0,           0,         885,      -11.35580407,      -9.681136735,      -10.28147201,       -11.0253525,      -12.52253981,      -5.551796136,      -3.769741193,   2.487474902e-06,      0.1615068816,                 1,                 1,                 1,    0.001789260784,     0.01068124468,      0.6039015573,                 0,                 0,                 0,     0.07796911628,    -0.01040112246,      0.6039064469,                 0,       56.53850048,    0.002390236486
          0,           0,         886,      -11.35581045,      -9.681136718,      -10.28147817,      -11.02537014,      -12.52252397,      -5.551902035,      -3.770248776,   2.487474902e-06,      0.1615068816,                 1,                 1,                 1,    0.001789260784,     0.01068123189,      0.6039013939,                 0,                 0,                 0,       0.077969086,    -0.01040112954,      0.6039062831,                 0,       56.53855289,    0.002390236486
          0,           0,         887,      -11.35581737,      -9.681136691,      -10.28148419,      -11.02538788,      -12.52250796,      -5.552007905,      -3.770750618,   2.487474903e-06,      0.1615068816,                 1,                 1,                 1,    0.001789260784,     0.01068121903,        0.60390123,                 0,                 0,                 0,     0.07796905542,    -0.01040113667,      0.6039061189,                 0,       56.53860561,    0.002390236486
          0,           0,         888,        -11.355825,      -9.681136656,      -10.28149005,      -11.02540599,      -12.52249178,      -5.552113744,       -3.77124694,   2.487474903e-06,      0.1615068816,                 1,                 1,                 1,    0.001789260784,     0.01068120611,      0.6039010657,                 0,                 0,                 0,     0.07796902453,    -0.01040114385,      0.6039059542,                 0,       56.53865862,    0.002390236486
          0,           0,         889,      -11.35583348,      -9.681136614,      -10.28149575,      -11.02542474,      -12.52247543,      -5.552219554,      -3.771737949,   2.487474904e-06,      0.1615068816,                 1,                 1,                 1,    0.001789260784,     0.01068119312,      0.6039009009,                 0,                 0,                 0,     0.07796899336,    -0.01040115107,      0.6039057891,                 0,       56.53871192,    0.002390236486
          0,           0,         890,      -11.35584298,      -9.681136567,      -10.28150128,       -11.0254444,      -12.52245891,      -5.552325335,       -3.77222384,   2.487474904e-06,      0.1615068816,                 1,                 1,                 1,    0.001789260784,     0.01068118008,      0.6039007357,                 0,                 0,                 0,     0.07796896189,    -0.01040115834,      0.6039056234,                 0,        56.5387655,    0.002390236486
          0,           0,         891,      -11.35585342,      -9.681136515,      -10.28150662,       -11.0254649,      -12.52244222,      -5.552431085,      -3.772704797,   2.487474904e-06,      0.1615068816,                 1,                 1,                 1,    0.001789260784,     0.01068116697,      0.6039005699,                 0,                 0,                 0,     0.07796893014,    -0.01040116565,      0.6039054574,                 0,       56.53881935,    0.002390236486
          0,           0,         892,        -11.355865,       -9.68113646,      -10.28151178,      -11.02548652,      -12.52242536,      -5.552536806,      -3.773180995,   2.487474905e-06,      0.1615068816,                 1,                 1,                 1,    0.001789260784,     0.01068115381,      0.6039004038,                 0,                 0,                 0,     0.07796889812,    -0.01040117301,      0.6039052909,                 0,       56.53887345,    0.002390236486
          0,           0,         893,      -11.35587758,      -9.681136402,      -10.28151675,      -11.02550911,      -12.52240834,      -5.552642498,      -3.773652599,   2.487474905e-06,      0.1615068816,                 1,                 1,                 1,    0.001789260784,      0.0106811406,      0.6039002372,                 0,                 0,                 0,     0.07796886583,     -0.0104011804,      0.6039051239,                 0,        56.5389278,    0.002390236486
          0,           0,         894,      -11.35589118,      -9.681136342,      -10.28152153,      -11.02553266,      -12.52239115,       -5.55274816,      -3.774119764,   2.487474905e-06,      0.1615068816,                 1,                 1,                 1,    0.001789260784,     0.01068112734,      0.6039000702,                 0,                 0,                 0,     0.07796883328,    -0.01040118783,      0.6039049565,                 0,       56.53898237,    0.002390236486
          0,           0,         895,      -11.35590577,      -9.681136282,       -10.2815261,      -11.02555711,      -12.52237379,      -5.552853792,      -3.774582637,   2.487474906e-06,      0.1615068816,                 1,                 1,                 1,    0.001789260784,     0.01068111402,      0.6038999027,                 0,                 0,                 0,     0.07796880049,    -0.01040119529,      0.6039047887,                 0,       56.53903716,    0.002390236486
          0,           0,         896,      -11.35592133,      -9.681136221,      -10.28153046,      -11.02558242,      -12.52235626,      -5.552959395,       -3.77504136,   2.487474906e-06,      0.1615068816,                 1,                 1,                 1,    0.001789260784,     0.01068110067,      0.6038997349,                 0,                 0,                 0,     0.07796876746,    -0.01040120277,      0.6039046205,                 0,       56.53909213,    0.002390236486
          0,           0,         897,       -11.3559378,      -9.681136161,      -10.28153461,      -11.02560849,      -12.52233857,      -5.553064968,      -3.775496065,   2.487474906e-06,      0.1615068816,                 2,                 2,                 2,    0.001789260784,     0.01068108728,      0.6038995666,                 0,                 0,                 0,      0.0779687342,    -0.01040121029,      0.6039044519,                 0,       56.53914728,    0.002390236486
          0,           0,         898,      -11.35595516,      -9.681136101,      -10.28153855,      -11.02563527,      -12.52231918,      -5.553170787,      -3.775888639,   4.974949814e-06,      0.3230137631,                 4,                 4,                 4,    0.001789260784,     0.01068106039,      0.6038992287,                 0,                 0,                 0,     0.07796866694,    -0.01040122537,      0.6039041132,                 0,       56.53925798,    0.002390236486
          0,           0,         899,      -11.35560889,      -9.681135375,      -10.28154277,      -11.02519724,      -12.52229899,      -5.553276363,      -3.776162564,    9.94989963e-06,      0.6460275263,                 1,                 1,                 1,    0.001789260784,     0.01068100664,      0.6038985491,                 0,                 0,                 0,      0.0779685309,    -0.01040125537,      0.6039034322,                 0,       56.53947887,    0.002390236486
          0,           0,         900,      -11.35482095,      -9.681133144,      -10.28153143,      -11.02418864,      -12.52228827,      -5.553379565,      -3.776611879,   2.487474909e-06,      0.1615068816,                 1,                 1,                 1,    0.001789260784,     0.01068099317,       0.603898379,                 0,                 0,                 0,     0.07796849675,    -0.01040126288,      0.6039032617,                 0,       56.53953422,    0.002390236486
          0,           0,         901,      -11.35590502,      -9.681134127,      -10.28153514,        -11.025602,      -12.52227005,      -5.553485023,      -3.777056905,   2.487474909e-06,      0.1615068816,                 1,                 1,                 1,    0.001789260784,     0.01068097972,      0.6038982086,                 0,                 0,                 0,     0.07796846253,    -0.01040127038,       0.603903091,                 0,       56.53958948,    0.002390236486
          0,           0,         902,      -11.35653538,       -9.68113487,      -10.28154154,      -11.02641399,      -12.52225168,      -5.553590451,      -3.777498217,    2.48747491e-06,      0.1615068816,                 1,                 1,                 1,    0.001789260784,     0.01068096629,      0.6038980381,                 0,                 0,                 0,     0.07796842825,    -0.01040127786,      0.6039029201,                 0,       56.53964462,    0.002390236486
          0,           0,         903,      -11.35690792,      -9.681135355,      -10.28154835,       -11.0268916,      -12.52223315,      -5.553695849,      -3.777935936,    2.48747491e-06,      0.1615068816,                 1,                 1,                 1,    0.001789260784,     0.01068095288,      0.6038978674,                 0,                 0,                 0,     0.07796839395,     -0.0104012853,       0.603902749,                 0,       56.53969959,    0.002390236486
          0,           0,         904,      -11.35713371,      -9.681135604,      -10.28155428,      -11.02718328,      -12.52221447,      -5.553801218,      -3.778370177,    2.48747491e-06,      0.1615068816,                 1,                 1,                 1,    0.001789260784,     0.01068093952,      0.6038976967,                 0,                 0,                 0,     0.07796835966,    -0.01040129269,      0.6039025779,                 0,       56.53975434,    0.002390236486
          0,           0,         905,      -11.35724869,      -9.681135664,      -10.28155892,      -11.02733385,      -12.52219564,      -5.553906558,      -3.778801047,   2.487474911e-06,      0.1615068816,                 1,                 1,                 1,    0.001789260784,     0.01068092621,      0.6038975259,                 0,                 0,                 0,      0.0779683254,    -0.01040130004,      0.6039024068,                 0,       56.53980883,    0.002390236486
          0,           0,         906,      -11.35725902,      -9.681135593,      -10.28156237,      -11.02734766,      -12.52217665,      -5.554011868,       -3.77922865,   2.487474911e-06,      0.1615068816,                 2,                 2,                 2,    0.001789260784,     0.01068091295,      0.6038973551,                 0,                 0,                 0,     0.07796829121,    -0.01040130732,      0.6039022357,                 0,       56.53986299,    0.002390236486
          0,           0,         907,      -11.35717635,      -9.681135449,      -10.28156483,      -11.02723765,      -12.52215598,      -5.554117426,      -3.779597574,   4.974949823e-06,      0.3230137631,                 1,                 1,                 1,    0.001789260784,     0.01068088681,      0.6038970141,                 0,                 0,                 0,     0.07796822344,    -0.01040132155,       0.603901894,                 0,       56.53996948,    0.002390236486
          0,           0,         908,      -11.35660029,      -9.681134588,       -10.2815654,      -11.02648899,      -12.52213929,       -5.55422195,      -3.780020349,   2.487474912e-06,      0.1615068816,                 2,                 2,                 2,    0.001789260784,      0.0106808738,      0.6038968437,                 0,                 0,                 0,     0.07796818967,     -0.0104013286,      0.6039017232,                 0,       56.54002236,    0.002390236486
          0,           0,         909,       -11.3566431,      -9.681134682,      -10.28156531,       -11.0265381,      -12.52211834,      -5.554327452,      -3.780384878,   4.974949825e-06,      0.3230137632,                 1,                 1,                 1,    0.001789260784,      0.0106808483,      0.6038965043,                 0,                 0,                 0,     0.07796812316,    -0.01040134224,       0.603901383,                 0,       56.54012558,    0.002390236486
          0,           0,         910,      -11.35633864,      -9.681134278,      -10.28156174,      -11.02614488,       -12.5221014,      -5.554431926,      -3.780802886,   2.487474913e-06,      0.1615068816,                 1,                 1,                 1,    0.001789260784,     0.01068083565,      0.6038963348,                 0,                 0,                 0,     0.07796809012,    -0.01040134897,      0.6039012132,                 0,       56.54017666,    0.002390236486
          0,           0,         911,      -11.35660918,      -9.681134607,      -10.28156082,      -11.02649895,      -12.52208168,      -5.554537093,      -3.781217793,   2.487474914e-06,      0.1615068816,                 1,                 1,                 1,    0.001789260784,     0.01068082315,      0.6038961657,                 0,                 0,                 0,     0.07796805738,    -0.01040135556,      0.6039010438,                 0,       56.54022703,    0.002390236486
          0,           0,         912,      -11.35681224,      -9.681134896,       -10.2815603,      -11.02676635,       -12.5220618,      -5.554642231,      -3.781629832,   2.487474914e-06,      0.1615068816,                 1,                 1,                 1,    0.001789260784,      0.0106808108,      0.6038959971,                 0,                 0,                 0,     0.07796802499,    -0.01040136202,      0.6039008749,                 0,       56.54027663,    0.002390236486
          0,           0,         913,      -11.35695035,      -9.681135136,      -10.28155988,      -11.02694983,      -12.52204177,      -5.554747339,      -3.782039084,   2.487474914e-06,      0.1615068816,                 1,                 1,                 1,    0.001789260784,     0.01068079861,       0.603895829,                 0,                 0,                 0,     0.07796799297,    -0.01040136834,      0.6039007065,                 0,        56.5403254,    0.002390236486
          0,           0,         914,       -11.3570329,      -9.681135329,      -10.28155928,       -11.0270606,      -12.52202158,      -5.554852419,      -3.782445627,   2.487474915e-06,      0.1615068816,                 2,                 2,                 2,    0.001789260784,      0.0106807866,      0.6038956615,                 0,                 0,                 0,     0.07796796138,    -0.01040137449,      0.6039005387,                 0,       56.54037328,    0.002390236486
          0,           0,         915,      -11.35707078,      -9.681135483,      -10.28155836,      -11.02711184,      -12.52199974,       -5.55495775,      -3.782796436,    4.97494983e-06,      0.3230137632,                 4,                 4,                 4,    0.001789260784,     0.01068076345,      0.6038953297,                 0,                 0,                 0,     0.07796790028,    -0.01040138605,      0.6039002062,                 0,       56.54046477,    0.002390236486
          0,           0,         916,      -11.35672875,      -9.681135148,      -10.28155239,      -11.02667113,      -12.52197749,      -5.555062916,      -3.783039381,   9.949899662e-06,      0.6460275263,                 8,                 8,                 8,    0.001789260784,     0.01068072121,      0.6038946826,                 0,                 0,                 0,     0.07796778845,    -0.01040140568,      0.6038995581,                 0,       56.54062779,    0.002390236486
          0,           0,         917,      -11.35588079,      -9.681133765,      -10.28152051,      -11.02556415,      -12.52195458,      -5.555167785,      -3.783064006,   1.989979934e-05,       1.292055053,                16,                16,                16,    0.001789260784,     0.01068065497,      0.6038934696,                 0,                 0,                 0,     0.07796761413,    -0.01040142955,      0.6038983434,                 0,       56.54086491,    0.002390236486
          0,           0,         918,      -11.35534482,      -9.681130271,      -10.28138119,      -11.02485312,      -12.52193031,       -5.55527205,      -3.782624682,   3.979959872e-05,       2.584110106,                32,                32,                32,    0.001789260784,     0.01068056798,      0.6038912487,                 0,                 0,                 0,     0.07796739912,    -0.01040143898,       0.603896121,                 0,       56.54111748,    0.002390236486
          0,           0,         919,      -11.35382834,      -9.681118537,      -10.28090655,      -11.02271654,      -12.52190261,       -5.55537491,      -3.781133372,   7.959919761e-05,       5.168220212,               3.2,               3.2,               3.2,    0.001789260784,     0.01068038949,      0.6038867145,                 0,                 0,                 0,     0.07796697972,    -0.01040145911,      0.6038915832,                 0,       56.54163782,    0.002390236486
          0,           0,         920,      -11.34055579,      -9.681067696,      -10.27955138,      -11.00494859,      -12.52195818,      -5.555457579,      -3.781466684,   7.959919794e-06,      0.5168220213,               6.4,               6.4,               6.4,    0.001789260784,      0.0106803751,      0.6038862734,                 0,                 0,                 0,     0.07796694495,     -0.0104014581,      0.6038911419,                 0,       56.54167271,    0.002390236486
          0,           0,         921,      -11.31461398,      -9.681095306,      -10.28057211,      -10.97006069,      -12.52193638,      -5.555562323,      -3.781571356,   1.591983959e-05,       1.033644042,              12.8,              12.8,              12.8,    0.001789260784,     0.01068034165,      0.6038853701,                 0,                 0,                 0,      0.0779668656,       -0.01040146,       0.603890238,                 0,       56.54176521,    0.002390236486
          0,           0,         922,      -11.34043301,      -9.681106139,      -10.28098898,       -11.0040665,      -12.52191282,      -5.555666435,      -3.781234221,   3.183967922e-05,       2.067288085,              25.6,              25.6,              25.6,    0.001789260784,     0.01068024745,      0.6038834434,                 0,                 0,                 0,     0.07796664176,    -0.01040148691,      0.6038883092,                 0,       56.54208355,    0.002390236486
          0,           0,         923,      -11.35648926,      -9.681096471,      -10.28093744,      -11.02644299,      -12.52188375,      -5.555769234,      -3.779961953,   6.367935854e-05,        4.13457617,              2.56,              2.56,              2.56,    0.001789260784,     0.01067998718,      0.6038792558,                 0,                 0,                 0,     0.07796599663,    -0.01040160088,      0.6038841151,                 0,       56.54306938,    0.002390236486
          0,           0,         924,      -11.34872586,      -9.681059123,      -10.27992859,      -11.01588167,      -12.52191732,      -5.555855545,      -3.780412973,   6.367935873e-06,      0.4134576171,              5.12,              5.12,              5.12,    0.001789260784,      0.0106799614,      0.6038788375,                 0,                 0,                 0,     0.07796593223,    -0.01040161204,      0.6038836961,                 0,       56.54316665,    0.002390236486
          0,           0,         925,      -11.33804119,      -9.681080843,      -10.28050053,      -11.00061577,      -12.52189635,      -5.555960258,      -3.780648719,   1.273587175e-05,      0.8269152342,             10.24,             10.24,             10.24,    0.001789260784,     0.01067990712,      0.6038779872,                 0,                 0,                 0,      0.0779657949,    -0.01040163661,      0.6038828444,                 0,       56.54337443,    0.002390236486
          0,           0,         926,      -11.34445377,      -9.681092537,      -10.28087515,       -11.0091744,      -12.52187334,      -5.556064385,      -3.780490034,   2.547174352e-05,       1.653830468,             20.48,             20.48,             20.48,    0.001789260784,     0.01067979046,      0.6038762512,                 0,                 0,                 0,     0.07796549614,    -0.01040169262,      0.6038811054,                 0,       56.54382955,    0.002390236486
          0,           0,         927,      -11.35804558,      -9.681086783,      -10.28090183,      -11.02819443,      -12.52184478,      -5.556167349,      -3.779536926,   5.094348709e-05,       3.307660937,             40.96,             40.96,             40.96,    0.001789260784,     0.01067954927,      0.6038727587,                 0,                 0,                 0,     0.07796487375,    -0.01040181177,      0.6038776066,                 0,       56.54477949,    0.002390236486
          0,           0,         928,      -11.35196136,      -9.681060994,      -10.28028585,      -11.02004325,      -12.52180355,       -5.55626764,       -3.77684497,   0.0001018869744,       6.615321875,             4.096,             4.096,             4.096,    0.001789260784,     0.01067915695,      0.6038664088,                 0,                 0,                 0,     0.07796394525,    -0.01040198224,      0.6038712469,                 0,       56.54626217,    0.002390236486
          0,           0,         929,      -11.32701219,      -9.680985048,      -10.27812316,      -10.98723091,      -12.52185465,      -5.556340075,      -3.777301686,   1.018869748e-05,      0.6615321876,             8.192,             8.192,             8.192,    0.001789260784,      0.0106791274,      0.6038658083,                 0,                 0,                 0,     0.07796387056,    -0.01040199082,      0.6038706457,                 0,       56.54636243,    0.002390236486
          0,           0,         930,      -11.28427723,      -9.681031621,      -10.27996883,      -10.93165136,      -12.52183319,      -5.556444112,      -3.777359165,   2.037739497e-05,       1.323064375,            16.384,            16.384,            16.384,    0.001789260784,     0.01067906475,      0.6038646147,                 0,                 0,                 0,     0.07796372256,    -0.01040201178,      0.6038694507,                 0,        56.5465824,    0.002390236486
          0,           0,         931,      -11.33275387,      -9.681050181,      -10.28054371,      -10.99391175,      -12.52180586,      -5.556546968,      -3.776684169,   4.075478999e-05,        2.64612875,            32.768,            32.768,            32.768,    0.001789260784,     0.01067891839,      0.6038622137,                 0,                 0,                 0,     0.07796340408,    -0.01040207425,       0.603867046,                 0,       56.54713254,    0.002390236486
          0,           0,         932,      -11.35284909,       -9.68103843,      -10.28040049,      -11.02175315,      -12.52176422,      -5.556647318,      -3.774506242,   8.150958013e-05,       5.292257501,            3.2768,            3.2768,            3.2768,    0.001789260784,     0.01067860992,      0.6038574334,                 0,                 0,                 0,     0.07796274411,    -0.01040221571,      0.6038622579,                 0,       56.54831838,    0.002390236486
          0,           0,         933,      -11.34174719,      -9.680983048,      -10.27881011,      -11.00714191,      -12.52179032,      -5.556724731,      -3.775166956,   8.150958042e-06,      0.5292257502,            6.5536,            6.5536,            6.5536,    0.001789260784,     0.01067858216,      0.6038569674,                 0,                 0,                 0,     0.07796268426,    -0.01040222719,      0.6038617912,                 0,       56.54842174,    0.002390236486
          0,           0,         934,      -11.31652251,      -9.681018003,      -10.27991382,      -10.97282893,      -12.52177039,      -5.556828803,      -3.775460987,   1.630191609e-05,         1.0584515,           13.1072,           13.1072,           13.1072,    0.001789260784,     0.01067852448,      0.6038560306,                 0,                 0,                 0,     0.07796255993,    -0.01040225214,      0.6038608529,                 0,       56.54863946,    0.002390236486
          0,           0,         935,      -11.33820203,      -9.681035283,      -10.28043256,      -11.00149651,      -12.52174475,      -5.556931788,      -3.775113646,   3.260383221e-05,       2.116903001,           26.2144,           26.2144,           26.2144,    0.001789260784,     0.01067839899,      0.6038541252,                 0,                 0,                 0,     0.07796228814,    -0.01040231105,      0.6038589444,                 0,       56.54912555,    0.002390236486
          0,           0,         936,      -11.35700984,      -9.681028186,      -10.28040851,      -11.02772568,       -12.5217056,      -5.557032554,      -3.773510112,   6.520766452e-05,       4.233806002,           2.62144,           2.62144,           2.62144,    0.001789260784,     0.01067814273,       0.603850253,                 0,                 0,                 0,     0.07796171564,    -0.01040243202,      0.6038550656,                 0,       56.55012005,    0.002390236486
          0,           0,         937,      -11.34914692,      -9.680989957,       -10.2793815,      -11.01711538,      -12.52171713,      -5.557114587,      -3.774302903,   6.520766471e-06,      0.4233806003,           5.24288,           5.24288,           5.24288,    0.001789260784,     0.01067811806,      0.6038498692,                 0,                 0,                 0,     0.07796166016,    -0.01040244327,      0.6038546811,                 0,        56.5502147,    0.002390236486
          0,           0,         938,      -11.33756445,       -9.68101387,      -10.27999105,      -11.00057062,      -12.52169885,      -5.557218724,      -3.774776609,   1.304153295e-05,      0.8467612005,          10.48576,          10.48576,          10.48576,    0.001789260784,     0.01067806884,      0.6038490987,                 0,                 0,                 0,     0.07796154798,    -0.01040246558,      0.6038539094,                 0,       56.55040323,    0.002390236486
          0,           0,         939,      -11.34512438,      -9.681027535,      -10.28038053,      -11.01075788,      -12.52167534,      -5.557321912,      -3.774709078,   2.608306591e-05,       1.693522401,          20.97152,          20.97152,          20.97152,    0.001789260784,     0.01067796987,      0.6038475462,                 0,                 0,                 0,     0.07796131944,    -0.01040251031,      0.6038523544,                 0,       56.55078201,    0.002390236486
          0,           0,         940,      -11.35959291,      -9.681023355,      -10.28040135,      -11.03113778,      -12.52163985,      -5.557423209,      -3.773615235,   5.216613188e-05,       3.387044802,          41.94304,          41.94304,          41.94304,    0.001789260784,      0.0106777734,      0.6038443944,                 0,                 0,                 0,      0.0779608565,    -0.01040259666,      0.6038491976,                 0,       56.55152735,    0.002390236486
          0,           0,         941,      -11.35375894,      -9.680998242,      -10.27974257,      -11.02325662,      -12.52157888,      -5.557520361,      -3.770383419,    0.000104332264,       6.774089605,          4.194304,          4.194304,          4.194304,    0.001789260784,     0.01067742914,      0.6038382776,                 0,                 0,                 0,     0.07796010711,    -0.01040272724,      0.6038430725,                 0,       56.55277781,    0.002390236486
          0,           0,         942,      -11.32707558,      -9.680921354,       -10.2774888,      -10.98789889,      -12.52159101,      -5.557585996,      -3.771128297,   1.043322644e-05,      0.6774089607,          8.388608,          8.388608,          8.388608,    0.001789260784,     0.01067740502,         0.6038377,                 0,                 0,                 0,     0.07796005095,    -0.01040273118,      0.6038424944,                 0,       56.55285144,    0.002390236486
          0,           0,         943,      -11.28165044,      -9.680971061,      -10.27945216,      -10.92880689,      -12.52156286,      -5.557689239,      -3.771360385,    2.08664529e-05,       1.354817921,         16.777216,         16.777216,         16.777216,    0.001789260784,     0.01067734944,      0.6038365255,                 0,                 0,                 0,     0.07795992944,    -0.01040274575,      0.6038413187,                 0,       56.55303585,    0.002390236486
          0,           0,         944,      -11.33380249,      -9.680991306,      -10.28004765,      -10.99585735,       -12.5215237,      -5.557790706,      -3.770689401,   4.173290585e-05,       2.709635843,         33.554432,         33.554432,         33.554432,    0.001789260784,     0.01067720372,      0.6038340696,                 0,                 0,                 0,     0.07795962368,    -0.01040280566,      0.6038388593,                 0,       56.55357763,    0.002390236486
          0,           0,         945,      -11.35423578,      -9.680979836,      -10.27990226,      -11.02425684,      -12.52145994,      -5.557888465,      -3.768227075,   8.346581186e-05,       5.419271686,         3.3554432,         3.3554432,         3.3554432,    0.001789260784,     0.01067687959,      0.6038290235,                 0,                 0,                 0,     0.07795892688,    -0.01040295349,      0.6038338049,                 0,       56.55482188,    0.002390236486
          0,           0,         946,       -11.3419073,      -9.680923335,      -10.27824147,      -11.00789985,      -12.52144898,        -5.5579603,      -3.769176692,    8.34658122e-06,      0.5419271687,         6.7108864,         6.7108864,         6.7108864,    0.001789260784,      0.0106768504,      0.6038285305,                 0,                 0,                 0,      0.0779588633,    -0.01040296546,      0.6038333112,                 0,       56.55493035,    0.002390236486
          0,           0,         947,      -11.31433366,      -9.680960413,      -10.27942796,      -10.97042472,      -12.52142322,      -5.558063693,      -3.769673065,   1.669316245e-05,       1.083854337,        13.4217728,        13.4217728,        13.4217728,    0.001789260784,     0.01067678919,      0.6038275341,                 0,                 0,                 0,     0.07795872923,    -0.01040299185,      0.6038323133,                 0,       56.55516122,    0.002390236486
          0,           0,         948,      -11.33833785,      -9.680978898,      -10.27996825,      -11.00217726,      -12.52138763,      -5.558165511,      -3.769399702,   3.338632493e-05,       2.167708675,        26.8435456,        26.8435456,        26.8435456,    0.001789260784,     0.01067665613,      0.6038255023,                 0,                 0,                 0,     0.07795843559,    -0.01040305393,       0.603830278,                 0,       56.55567577,    0.002390236486
          0,           0,         949,      -11.35767865,      -9.680972347,      -10.27993702,      -11.02923367,      -12.52133029,      -5.558264127,       -3.76765615,   6.677264997e-05,        4.33541735,        2.68435456,        2.68435456,        2.68435456,    0.001789260784,       0.010676393,      0.6038214055,                 0,                 0,                 0,     0.07795783925,    -0.01040317392,      0.6038261746,                 0,       56.55668592,    0.002390236486
          0,           0,         950,      -11.34906813,      -9.680933744,      -10.27884007,       -11.0176321,      -12.52131177,      -5.558341582,      -3.768714063,   6.677265022e-06,       0.433541735,        5.36870912,        5.36870912,        5.36870912,    0.001789260784,     0.01067636784,      0.6038209998,                 0,                 0,                 0,     0.07795778173,     -0.0104031849,      0.6038257683,                 0,       56.55678117,    0.002390236486
          0,           0,         951,      -11.33600542,      -9.680959135,      -10.27949792,      -10.99904042,      -12.52128836,      -5.558445135,      -3.769387432,   1.335453005e-05,      0.8670834701,       10.73741824,       10.73741824,       10.73741824,    0.001789260784,     0.01067631803,      0.6038201874,                 0,                 0,                 0,     0.07795766654,    -0.01040320633,      0.6038249546,                 0,       56.55696897,    0.002390236486
          0,           0,         952,      -11.34474205,      -9.680973715,      -10.27990311,       -11.0108486,      -12.52125645,      -5.558547344,      -3.769422815,   2.670906012e-05,        1.73416694,       21.47483648,       21.47483648,       21.47483648,    0.001789260784,      0.0106762191,      0.6038185568,                 0,                 0,                 0,     0.07795743559,     -0.0104032483,      0.6038233215,                 0,        56.5573403,    0.002390236486
          0,           0,         953,       -11.3598593,      -9.680969928,       -10.2799143,      -11.03223905,      -12.52120596,      -5.558646905,      -3.768272057,   5.341812032e-05,       3.468333881,       42.94967296,       42.94967296,       42.94967296,    0.001789260784,      0.0106760266,      0.6038152663,                 0,                 0,                 0,       0.077956978,    -0.01040332584,      0.6038200263,                 0,       56.55805189,    0.002390236486
          0,           0,         954,      -11.35344256,      -9.680944353,      -10.27920139,      -11.02361742,      -12.52111683,      -5.558740746,      -3.764700226,    0.000106836241,       6.936667762,       4.294967296,       4.294967296,       4.294967296,    0.001789260784,     0.01067569485,      0.6038089272,                 0,                 0,                 0,     0.07795625926,    -0.01040343616,      0.6038136795,                 0,       56.55921563,    0.002390236486
          0,           0,         955,      -11.32425194,      -9.680864588,      -10.27681772,      -10.98501506,      -12.52108255,      -5.558799183,      -3.765656382,   1.068362415e-05,      0.6936667763,       8.589934592,       8.589934592,       8.589934592,    0.001789260784,     0.01067567307,      0.6038083309,                 0,                 0,                 0,     0.07795620802,    -0.01040343711,      0.6038130828,                 0,       56.55927517,    0.002390236486
          0,           0,         956,      -11.27663546,      -9.680916832,      -10.27890284,      -10.92319924,       -12.5210547,      -5.558901613,       -3.76602447,   2.136724832e-05,       1.387333553,       17.17986918,       17.17986918,       17.17986918,    0.001789260784,       0.010675621,      0.6038071172,                 0,                 0,                 0,     0.07795609452,    -0.01040344679,       0.603811868,                 0,       56.55943735,    0.002390236486
          0,           0,         957,      -11.33195102,      -9.680937738,      -10.27951472,      -10.99426283,      -12.52101061,      -5.559001633,      -3.765370272,    4.27344967e-05,       2.774667105,       1.717986918,       1.717986918,       1.717986918,    0.001789260784,     0.01067547818,      0.6038045727,                 0,                 0,                 0,     0.07795579525,    -0.01040350072,      0.6038093201,                 0,       56.55995566,    0.002390236486
          0,           0,         958,      -11.35231443,       -9.68092491,      -10.27935532,      -11.02268781,      -12.52098585,      -5.559087508,      -3.766644003,   4.273449681e-06,      0.2774667106,                 1,                 1,                 1,    0.001789260784,     0.01067546367,      0.6038043179,                 0,                 0,                 0,     0.07795576508,    -0.01040350634,       0.603809065,                 0,       56.56000868,    0.002390236486
          0,           0,         959,      -11.35483557,      -9.680936913,      -10.27943583,      -11.02562419,      -12.52097152,      -5.559190602,      -3.767938113,     2.4874751e-06,       0.161506882,                 1,                 1,                 1,    0.001789260784,     0.01067545504,      0.6038041691,                 0,                 0,                 0,     0.07795574718,    -0.01040350977,      0.6038089159,                 0,       56.56004046,    0.002390236486
          0,           0,         960,      -11.35344146,      -9.680943021,      -10.27950071,      -11.02349962,      -12.52095755,      -5.559294476,      -3.769159431,     2.4874751e-06,       0.161506882,                 1,                 1,                 1,    0.001789260784,     0.01067544624,      0.6038040197,                 0,                 0,                 0,     0.07795572893,    -0.01040351334,      0.6038087663,                 0,       56.56007308,    0.002390236486
          0,           0,         961,      -11.35261488,      -9.680947644,      -10.27954859,      -11.02229167,      -12.52094348,      -5.559398321,      -3.770315611,   2.487475101e-06,       0.161506882,                 1,                 1,                 1,    0.001789260784,      0.0106754373,      0.6038038698,                 0,                 0,                 0,     0.07795571036,    -0.01040351705,      0.6038086162,                 0,       56.56010642,    0.002390236486
          0,           0,         962,      -11.35293133,      -9.680951022,      -10.27957597,      -11.02274347,      -12.52092928,      -5.559502137,      -3.771413266,   2.487475101e-06,       0.161506882,                 1,                 1,                 1,    0.001789260784,     0.01067542823,      0.6038037194,                 0,                 0,                 0,     0.07795569151,    -0.01040352087,      0.6038084656,                 0,        56.5601404,    0.002390236486
          0,           0,         963,      -11.35378635,      -9.680953449,      -10.27958851,      -11.02399119,      -12.52091495,      -5.559605925,      -3.772458213,   2.487475101e-06,       0.161506882,                 1,                 1,                 1,    0.001789260784,     0.01067541904,      0.6038035686,                 0,                 0,                 0,     0.07795567238,    -0.01040352479,      0.6038083146,                 0,       56.56017495,    0.002390236486
          0,           0,         964,        -11.354405,      -9.680955219,       -10.2795937,      -11.02494329,      -12.52090048,      -5.559709684,       -3.77345557,   2.487475102e-06,       0.161506882,                 1,                 1,                 1,    0.001789260784,     0.01067540975,      0.6038034174,                 0,                 0,                 0,       0.077955653,     -0.0104035288,      0.6038081631,                 0,       56.56021003,    0.002390236486
          0,           0,         965,      -11.35438361,       -9.68095659,      -10.27959668,      -11.02502141,      -12.52088587,      -5.559813416,      -3.774409851,   2.487475102e-06,       0.161506882,                 1,                 1,                 1,    0.001789260784,     0.01067540036,      0.6038032659,                 0,                 0,                 0,     0.07795563336,     -0.0104035329,      0.6038080114,                 0,       56.56024559,    0.002390236486
          0,           0,         966,      -11.35376522,      -9.680957764,      -10.27959951,      -11.02426981,       -12.5208711,      -5.559917121,      -3.775325041,   2.487475103e-06,       0.161506882,                 1,                 1,                 1,    0.001789260784,     0.01067539087,       0.603803114,                 0,                 0,                 0,     0.07795561349,    -0.01040353708,      0.6038078592,                 0,       56.56028162,    0.002390236486
          0,           0,         967,      -11.35284753,      -9.680958884,      -10.27960219,      -11.02309189,      -12.52085618,        -5.5600208,      -3.776204667,   2.487475103e-06,       0.161506882,                 1,                 1,                 1,    0.001789260784,     0.01067538129,      0.6038029617,                 0,                 0,                 0,     0.07795559337,    -0.01040354133,      0.6038077067,                 0,        56.5603181,    0.002390236486
          0,           0,         968,      -11.35195212,      -9.680960032,      -10.27960409,      -11.02192824,       -12.5208411,      -5.560124451,      -3.777051856,   2.487475103e-06,       0.161506882,                 1,                 1,                 1,    0.001789260784,     0.01067537163,      0.6038028091,                 0,                 0,                 0,       0.077955573,    -0.01040354567,      0.6038075538,                 0,       56.56035502,    0.002390236486
          0,           0,         969,      -11.35128733,      -9.680961243,      -10.27960489,      -11.02106545,      -12.52082586,      -5.560228076,      -3.777869384,   2.487475104e-06,       0.161506882,                 1,                 1,                 1,    0.001789260784,     0.01067536187,      0.6038026561,                 0,                 0,                 0,     0.07795555239,    -0.01040355008,      0.6038074006,                 0,       56.56039237,    0.002390236486
          0,           0,         970,      -11.35092072,      -9.680962516,      -10.27960476,       -11.0205977,      -12.52081047,      -5.560331674,      -3.778659726,   2.487475104e-06,       0.161506882,                 1,                 1,                 1,    0.001789260784,     0.01067535203,      0.6038025028,                 0,                 0,                 0,     0.07795553153,    -0.01040355456,      0.6038072471,                 0,       56.56043015,    0.002390236486
          0,           0,         971,      -11.35081815,      -9.680963828,      -10.27960426,      -11.02048031,      -12.52079492,      -5.560435245,      -3.779425088,   2.487475104e-06,       0.161506882,                 1,                 1,                 1,    0.001789260784,      0.0106753421,      0.6038023491,                 0,                 0,                 0,     0.07795551042,    -0.01040355912,      0.6038070931,                 0,       56.56046835,    0.002390236486
          0,           0,         972,       -11.3508995,      -9.680965144,      -10.27960397,      -11.02060559,      -12.52077922,      -5.560538789,       -3.78016744,   2.487475105e-06,       0.161506882,                 1,                 1,                 1,    0.001789260784,     0.01067533209,      0.6038021951,                 0,                 0,                 0,     0.07795548906,    -0.01040356375,      0.6038069388,                 0,       56.56050697,    0.002390236486
          0,           0,         973,      -11.35108199,      -9.680966427,      -10.27960434,      -11.02086177,      -12.52076337,      -5.560642306,      -3.780888552,   2.487475105e-06,       0.161506882,                 1,                 1,                 1,    0.001789260784,     0.01067532199,      0.6038020407,                 0,                 0,                 0,     0.07795546744,    -0.01040356846,      0.6038067842,                 0,       56.56054601,    0.002390236486
          0,           0,         974,       -11.3513022,      -9.680967645,      -10.27960558,      -11.02116297,      -12.52074738,      -5.560745797,      -3.781590011,   2.487475105e-06,       0.161506882,                 1,                 1,                 1,    0.001789260784,     0.01067531181,       0.603801886,                 0,                 0,                 0,     0.07795544557,    -0.01040357323,      0.6038066292,                 0,       56.56058547,    0.002390236486
          0,           0,         975,      -11.35152043,      -9.680968771,      -10.27960771,       -11.0214556,      -12.52073123,       -5.56084926,      -3.782273247,   2.487475106e-06,       0.161506882,                 1,                 1,                 1,    0.001789260784,     0.01067530155,      0.6038017309,                 0,                 0,                 0,     0.07795542343,    -0.01040357808,      0.6038064738,                 0,       56.56062532,    0.002390236486
          0,           0,         976,      -11.35171633,      -9.680969791,      -10.27961065,      -11.02171241,      -12.52071495,      -5.560952696,       -3.78293955,   2.487475106e-06,       0.161506882,                 1,                 1,                 1,    0.001789260784,      0.0106752912,      0.6038015754,                 0,                 0,                 0,     0.07795540103,    -0.01040358299,      0.6038063181,                 0,       56.56066558,    0.002390236486
          0,           0,         977,      -11.35188195,      -9.680970696,      -10.27961426,      -11.02192345,      -12.52069852,      -5.561056105,      -3.783590083,   2.487475106e-06,       0.161506882,                 1,                 1,                 1,    0.001789260784,     0.01067528077,      0.6038014196,                 0,                 0,                 0,     0.07795537836,    -0.01040358797,       0.603806162,                 0,       56.56070623,    0.002390236486
          0,           0,         978,      -11.35201617,      -9.680971487,       -10.2796184,      -11.02208833,      -12.52068195,      -5.561159487,      -3.784225903,   2.487475107e-06,       0.161506882,                 1,                 1,                 1,    0.001789260784,     0.01067527026,      0.6038012634,                 0,                 0,                 0,     0.07795535542,    -0.01040359302,      0.6038060055,                 0,       56.56074727,    0.002390236486
          0,           0,         979,      -11.35212133,      -9.680972168,      -10.27962297,      -11.02221167,      -12.52066524,      -5.561262841,      -3.784847966,   2.487475107e-06,       0.161506882,                 1,                 1,                 1,    0.001789260784,     0.01067525968,      0.6038011068,                 0,                 0,                 0,      0.0779553322,    -0.01040359814,      0.6038058487,                 0,       56.56078869,    0.002390236486
          0,           0,         980,      -11.35220145,      -9.680972751,      -10.27962789,      -11.02230047,      -12.52064839,      -5.561366169,      -3.785457144,   2.487475107e-06,       0.161506882,                 1,                 1,                 1,    0.001789260784,     0.01067524901,      0.6038009499,                 0,                 0,                 0,     0.07795530871,    -0.01040360332,      0.6038056915,                 0,       56.56083049,    0.002390236486
          0,           0,         981,      -11.35226142,      -9.680973245,      -10.27963311,      -11.02236292,       -12.5206314,       -5.56146947,      -3.786054229,   2.487475108e-06,       0.161506882,                 1,                 1,                 1,    0.001789260784,     0.01067523827,      0.6038007925,                 0,                 0,                 0,     0.07795528495,    -0.01040360856,      0.6038055338,                 0,       56.56087267,    0.002390236486
          0,           0,         982,      -11.35230619,      -9.680973663,      -10.27963858,      -11.02240701,      -12.52061427,      -5.561572744,      -3.786639946,   2.487475108e-06,       0.161506882,                 1,                 1,                 1,    0.001789260784,     0.01067522745,      0.6038006348,                 0,                 0,                 0,     0.07795526089,    -0.01040361387,      0.6038053758,                 0,       56.56091521,    0.002390236486
          0,           0,         983,      -11.35234036,      -9.680974015,      -10.27964428,      -11.02243998,        -12.520597,      -5.561675991,      -3.787214957,   2.487475109e-06,       0.161506882,                 1,                 1,                 1,    0.001789260784,     0.01067521656,      0.6038004767,                 0,                 0,                 0,     0.07795523656,    -0.01040361924,      0.6038052174,                 0,       56.56095812,    0.002390236486
          0,           0,         984,       -11.3523677,      -9.680974312,      -10.27965015,      -11.02246757,      -12.52057959,      -5.561779212,      -3.787779869,   2.487475109e-06,       0.161506882,                 1,                 1,                 1,    0.001789260784,     0.01067520559,      0.6038003181,                 0,                 0,                 0,     0.07795521193,    -0.01040362467,      0.6038050586,                 0,       56.56100139,    0.002390236486
          0,           0,         985,      -11.35239112,      -9.680974561,      -10.27965619,      -11.02249392,      -12.52056205,      -5.561882405,      -3.788335238,   2.487475109e-06,       0.161506882,                 1,                 1,                 1,    0.001789260784,     0.01067519455,      0.6038001592,                 0,                 0,                 0,     0.07795518702,    -0.01040363016,      0.6038048994,                 0,       56.56104501,    0.002390236486
          0,           0,         986,      -11.35241228,       -9.68097477,      -10.27966235,      -11.02252123,      -12.52054436,      -5.561985572,      -3.788881579,    2.48747511e-06,       0.161506882,                 1,                 1,                 1,    0.001789260784,     0.01067518343,      0.6037999999,                 0,                 0,                 0,      0.0779551618,    -0.01040363571,      0.6038047397,                 0,       56.56108899,    0.002390236486
          0,           0,         987,      -11.35243234,      -9.680974944,       -10.2796686,      -11.02255057,      -12.52052654,      -5.562088713,      -3.789419362,    2.48747511e-06,       0.161506882,                 1,                 1,                 1,    0.001789260784,     0.01067517223,      0.6037998401,                 0,                 0,                 0,     0.07795513629,    -0.01040364132,      0.6038045797,                 0,       56.56113333,    0.002390236486
          0,           0,         988,      -11.35245158,      -9.680975088,      -10.27967493,      -11.02258177,      -12.52050859,      -5.562191826,      -3.789949023,    2.48747511e-06,       0.161506882,                 1,                 1,                 1,    0.001789260784,     0.01067516097,      0.6037996799,                 0,                 0,                 0,     0.07795511048,    -0.01040364699,      0.6038044192,                 0,       56.56117802,    0.002390236486
          0,           0,         989,      -11.35247008,      -9.680975204,      -10.27968129,      -11.02261423,       -12.5204905,      -5.562294914,      -3.790470966,   2.487475111e-06,       0.161506882,                 1,                 1,                 1,    0.001789260784,     0.01067514963,      0.6037995192,                 0,                 0,                 0,     0.07795508437,    -0.01040365272,      0.6038042582,                 0,       56.56122305,    0.002390236486
          0,           0,         990,      -11.35248779,      -9.680975295,      -10.27968767,       -11.0226472,      -12.52047227,      -5.562397974,      -3.790985563,   2.487475111e-06,       0.161506882,                 1,                 1,                 1,    0.001789260784,     0.01067513821,      0.6037993582,                 0,                 0,                 0,     0.07795505795,     -0.0104036585,      0.6038040969,                 0,       56.56126844,    0.002390236486
          0,           0,         991,      -11.35250451,      -9.680975365,      -10.27969403,      -11.02267977,      -12.52045391,      -5.562501008,      -3.791493158,   2.487475111e-06,       0.161506882,                 1,                 1,                 1,    0.001789260784,     0.01067512673,      0.6037991966,                 0,                 0,                 0,     0.07795503122,    -0.01040366434,       0.603803935,                 0,       56.56131417,    0.002390236486
          0,           0,         992,       -11.3525203,      -9.680975414,      -10.27970036,      -11.02271147,      -12.52043541,      -5.562604016,      -3.791994077,   2.487475112e-06,       0.161506882,                 1,                 1,                 1,    0.001789260784,     0.01067511517,      0.6037990346,                 0,                 0,                 0,     0.07795500418,    -0.01040367024,      0.6038037727,                 0,       56.56136026,    0.002390236486
          0,           0,         993,      -11.35253518,      -9.680975446,      -10.27970662,      -11.02274194,      -12.52041678,      -5.562706997,      -3.792488617,   2.487475112e-06,      0.1615068821,                 1,                 1,                 1,    0.001789260784,     0.01067510353,      0.6037988722,                 0,                 0,                 0,     0.07795497683,     -0.0104036762,        0.60380361,                 0,       56.56140668,    0.002390236486
          0,           0,         994,      -11.35254933,      -9.680975461,      -10.27971281,      -11.02277106,      -12.52039802,      -5.562809952,      -3.792977061,   2.487475112e-06,      0.1615068821,                 1,                 1,                 1,    0.001789260784,     0.01067509182,      0.6037987093,                 0,                 0,                 0,     0.07795494917,    -0.01040368222,      0.6038034468,                 0,       56.56145345,    0.002390236486
          0,           0,         995,        -11.352563,      -9.680975461,       -10.2797189,      -11.02279902,      -12.52037912,      -5.562912881,      -3.793459666,   2.487475113e-06,      0.1615068821,                 1,                 1,                 1,    0.001789260784,     0.01067508004,      0.6037985459,                 0,                 0,                 0,      0.0779549212,    -0.01040368829,      0.6038032831,                 0,       56.56150057,    0.002390236486
          0,           0,         996,      -11.35257641,      -9.680975449,      -10.27972488,      -11.02282603,      -12.52036009,      -5.563015783,      -3.793936677,   2.487475113e-06,      0.1615068821,                 1,                 1,                 1,    0.001789260784,     0.01067506819,       0.603798382,                 0,                 0,                 0,     0.07795489292,    -0.01040369442,      0.6038031189,                 0,       56.56154802,    0.002390236486
          0,           0,         997,      -11.35258984,      -9.680975426,      -10.27973074,      -11.02285246,      -12.52034093,      -5.563118659,      -3.794408322,   2.487475114e-06,      0.1615068821,                 1,                 1,                 1,    0.001789260784,     0.01067505626,      0.6037982177,                 0,                 0,                 0,     0.07795486432,     -0.0104037006,      0.6038029542,                 0,       56.56159581,    0.002390236486
          0,           0,         998,      -11.35260354,      -9.680975393,      -10.27973646,      -11.02287864,      -12.52032164,      -5.563221509,      -3.794874814,   2.487475114e-06,      0.1615068821,                 1,                 1,                 1,    0.001789260784,     0.01067504427,      0.6037980529,                 0,                 0,                 0,     0.07795483541,    -0.01040370683,      0.6038027891,                 0,       56.56164393,    0.002390236486
          0,           0,         999,      -11.35261776,      -9.680975351,      -10.27974205,      -11.02290495,      -12.52030222,      -5.563324333,      -3.795336355,   2.487475114e-06,      0.1615068821,                 1,                 1,                 1,    0.001789260784,      0.0106750322,      0.6037978875,                 0,                 0,                 0,      0.0779548062,    -0.01040371312,      0.6038026234,                 0,       56.56169238,    0.002390236486
          0,           0,        1000,      -11.35263257,      -9.680975303,      -10.27974748,      -11.02293156,      -12.52028267,      -5.563427131,      -3.795793134,   2.487475115e-06,      0.1615068821,                 1,                 1,                 1,    0.001789260784,     0.01067502007,      0.6037977217,                 0,                 0,                 0,     0.07795477668,    -0.01040371947,      0.6038024573,                 0,       56.56174115,    0.002390236486
          0,           0,        1001,      -11.35264813,      -9.680975249,      -10.27975276,      -11.02295871,      -12.52026299,      -5.563529902,      -3.796245327,   2.487475115e-06,      0.1615068821,                 1,                 1,                 1,    0.001789260784,     0.01067500786,      0.6037975555,                 0,                 0,                 0,     0.07795474686,    -0.01040372586,      0.6038022907,                 0,       56.56179024,    0.002390236486
          0,           0,        1002,      -11.35266449,      -9.680975189,      -10.27975787,      -11.02298651,      -12.52024318,      -5.563632648,      -3.796693103,   2.487475115e-06,      0.1615068821,                 1,                 1,                 1,    0.001789260784,     0.01067499559,      0.6037973887,                 0,                 0,                 0,     0.07795471675,     -0.0104037323,      0.6038021236,                 0,       56.56183963,    0.002390236486
          0,           0,        1003,      -11.35268166,      -9.680975126,      -10.27976281,      -11.02301499,      -12.52022324,      -5.563735367,      -3.797136618,   2.487475116e-06,      0.1615068821,                 1,                 1,                 1,    0.001789260784,     0.01067498326,      0.6037972214,                 0,                 0,                 0,     0.07795468634,    -0.01040373879,       0.603801956,                 0,       56.56188932,    0.002390236486
          0,           0,        1004,      -11.35269967,       -9.68097506,      -10.27976757,      -11.02304419,      -12.52020318,      -5.563838061,      -3.797576022,   2.487475116e-06,      0.1615068821,                 1,                 1,                 1,    0.001789260784,     0.01067497086,      0.6037970537,                 0,                 0,                 0,     0.07795465565,    -0.01040374533,      0.6038017879,                 0,       56.56193929,    0.002390236486
          0,           0,        1005,      -11.35271848,      -9.680974992,      -10.27977216,      -11.02307405,      -12.52018298,      -5.563940728,      -3.798011455,   2.487475116e-06,      0.1615068821,                 1,                 1,                 1,    0.001789260784,      0.0106749584,      0.6037968855,                 0,                 0,                 0,     0.07795462468,    -0.01040375191,      0.6038016194,                 0,       56.56198954,    0.002390236486
          0,           0,        1006,      -11.35273807,      -9.680974922,      -10.27977655,      -11.02310454,      -12.52016266,       -5.56404337,      -3.798443051,   2.487475117e-06,      0.1615068821,                 1,                 1,                 1,    0.001789260784,     0.01067494589,      0.6037967168,                 0,                 0,                 0,     0.07795459345,    -0.01040375853,      0.6038014504,                 0,       56.56204004,    0.002390236486
          0,           0,        1007,      -11.35275842,      -9.680974851,      -10.27978076,       -11.0231356,      -12.52014222,      -5.564145986,      -3.798870935,   2.487475117e-06,      0.1615068821,                 1,                 1,                 1,    0.001789260784,     0.01067493332,      0.6037965476,                 0,                 0,                 0,     0.07795456195,    -0.01040376518,      0.6038012809,                 0,       56.56209079,    0.002390236486
          0,           0,        1008,      -11.35277943,       -9.68097478,      -10.27978477,      -11.02316711,      -12.52012164,      -5.564248576,      -3.799295228,   2.487475117e-06,      0.1615068821,                 2,                 2,                 2,    0.001789260784,      0.0106749207,      0.6037963781,                 0,                 0,                 0,     0.07795453021,    -0.01040377188,       0.603801111,                 0,       56.56214176,    0.002390236486
          0,           0,        1009,      -11.35280117,      -9.680974709,      -10.27978859,      -11.02319911,       -12.5200994,       -5.56435144,      -3.799656451,   4.974950236e-06,      0.3230137641,                 4,                 4,                 4,    0.001789260784,     0.01067489531,      0.6037960372,                 0,                 0,                 0,     0.07795446587,    -0.01040378535,      0.6038007695,                 0,       56.56224435,    0.002390236486
          0,           0,        1010,       -11.3524645,      -9.680973946,      -10.27979269,      -11.02277008,      -12.52007415,      -5.564453945,      -3.799896602,   9.949900474e-06,      0.6460275283,                 8,                 8,                 8,    0.001789260784,     0.01067484435,      0.6037953509,                 0,                 0,                 0,     0.07795433514,    -0.01040381233,      0.6038000818,                 0,        56.5624501,    0.002390236486
          0,           0,        1011,       -11.3516953,      -9.680971617,      -10.27978141,      -11.02178237,      -12.52004299,      -5.564555759,      -3.799893308,   1.989980096e-05,       1.292055057,                16,                16,                16,    0.001789260784,     0.01067474643,       0.603793983,                 0,                 0,                 0,     0.07795407996,    -0.01040386246,      0.6037987113,                 0,       56.56284082,    0.002390236486
          0,           0,        1012,      -11.35122565,      -9.680966001,      -10.27968096,      -11.02118069,      -12.52000001,      -5.564656172,      -3.799375812,   3.979960197e-05,       2.584110113,                32,                32,                32,    0.001789260784,     0.01067459232,       0.603791406,                 0,                 0,                 0,     0.07795367622,    -0.01040392654,      0.6037961305,                 0,       56.56341601,    0.002390236486
          0,           0,        1013,      -11.34985115,      -9.680950984,      -10.27925433,       -11.0192443,      -12.51993269,       -5.56475357,      -3.797699138,   7.959920412e-05,       5.168220227,               3.2,               3.2,               3.2,    0.001789260784,     0.01067440009,      0.6037867259,                 0,                 0,                 0,     0.07795319667,    -0.01040395531,      0.6037914465,                 0,       56.56399617,    0.002390236486
          0,           0,        1014,      -11.33710758,      -9.680897979,      -10.27789824,      -11.00218883,      -12.51991032,      -5.564826268,      -3.798044424,   7.959920449e-06,      0.5168220228,               6.4,               6.4,               6.4,    0.001789260784,     0.01067438508,      0.6037862732,                 0,                 0,                 0,     0.07795315755,    -0.01040395452,      0.6037909936,                 0,       56.56403332,    0.002390236486
          0,           0,        1015,      -11.31083362,      -9.680926246,      -10.27893774,      -10.96677637,      -12.51988246,      -5.564928122,      -3.798137391,   1.591984091e-05,       1.033644046,              12.8,              12.8,              12.8,    0.001789260784,     0.01067435713,      0.6037853799,                 0,                 0,                 0,     0.07795308816,    -0.01040395127,      0.6037900999,                 0,       56.56409773,    0.002390236486
          0,           0,        1016,      -11.33723905,      -9.680937423,      -10.27935698,      -11.00161123,      -12.51984461,      -5.565028696,      -3.797744128,   3.183968184e-05,       2.067288091,              25.6,              25.6,              25.6,    0.001789260784,     0.01067429111,      0.6037835605,                 0,                 0,                 0,     0.07795293541,    -0.01040395375,      0.6037882792,                 0,       56.56427711,    0.002390236486
          0,           0,        1017,      -11.35378625,      -9.680927919,      -10.27929514,      -11.02473376,      -12.51978485,      -5.565126651,      -3.796325473,   6.367936381e-05,       4.134576183,              2.56,              2.56,              2.56,    0.001789260784,     0.01067409123,      0.6037795934,                 0,                 0,                 0,      0.0779524533,    -0.01040401507,      0.6037843076,                 0,        56.5649647,    0.002390236486
          0,           0,        1018,      -11.34619958,      -9.680889933,      -10.27825973,      -11.01442114,      -12.51975767,      -5.565204476,      -3.796801701,   6.367936405e-06,      0.4134576183,              5.12,              5.12,              5.12,    0.001789260784,     0.01067407176,      0.6037791984,                 0,                 0,                 0,     0.07795240599,    -0.01040402074,      0.6037839121,                 0,       56.56503087,    0.002390236486
          0,           0,        1019,      -11.33525725,      -9.680912149,      -10.27884196,       -10.9987411,      -12.51973236,      -5.565306438,      -3.797041423,   1.273587281e-05,      0.8269152366,             10.24,             10.24,             10.24,    0.001789260784,     0.01067402938,      0.6037783906,                 0,                 0,                 0,      0.0779523015,     -0.0104040349,      0.6037831034,                 0,       56.56517974,    0.002390236486
          0,           0,        1020,      -11.34194366,      -9.680924043,      -10.27922084,      -11.00768049,      -12.51969852,      -5.565407289,      -3.796848657,   2.547174565e-05,       1.653830473,             1.024,             1.024,             1.024,    0.001789260784,     0.01067393145,        0.60377671,                 0,                 0,                 0,     0.07795205481,    -0.01040407412,      0.6037814204,                 0,       56.56554128,    0.002390236486
          0,           0,        1021,      -11.35591035,      -9.680917702,      -10.27924973,      -11.02729418,       -12.5196769,      -5.565500107,      -3.797466959,   2.547174569e-06,      0.1653830473,             2.048,             2.048,             2.048,    0.001789260784,     0.01067392155,      0.6037765417,                 0,                 0,                 0,     0.07795202996,    -0.01040407814,      0.6037812518,                 0,       56.56557796,    0.002390236486
          0,           0,        1022,      -11.35606962,      -9.680921402,      -10.27927144,      -11.02733907,      -12.51965714,       -5.56560264,      -3.797973503,   5.094349138e-06,      0.3307660947,             4.096,             4.096,             4.096,    0.001789260784,     0.01067390118,      0.6037762019,                 0,                 0,                 0,     0.07795197847,    -0.01040408664,      0.6037809115,                 0,       56.56565408,    0.002390236486
          0,           0,        1023,      -11.35592064,      -9.680925127,      -10.27929704,      -11.02706075,      -12.51963377,      -5.565704719,      -3.798294182,   1.018869828e-05,      0.6615321894,             8.192,             8.192,             8.192,    0.001789260784,     0.01067385849,       0.603775512,                 0,                 0,                 0,      0.0779518694,    -0.01040410523,      0.6037802206,                 0,       56.56581568,    0.002390236486
          0,           0,        1024,      -11.35521925,      -9.680926419,      -10.27930776,      -11.02622589,      -12.51960312,      -5.565805927,      -3.798273268,   2.037739657e-05,       1.323064379,            16.384,            16.384,            16.384,    0.001789260784,     0.01067376727,      0.6037741015,                 0,                 0,                 0,      0.0779516324,    -0.01040414717,      0.6037788077,                 0,       56.56616698,    0.002390236486
          0,           0,        1025,      -11.35291749,      -9.680922185,      -10.27923589,      -11.02320658,      -12.51955768,      -5.565905382,      -3.797576134,   4.075479319e-05,       2.646128758,            32.768,            32.768,            32.768,    0.001789260784,      0.0106735777,      0.6037712394,                 0,                 0,                 0,     0.07795113096,    -0.01040423674,      0.6037759407,                 0,       56.56690348,    0.002390236486
          0,           0,        1026,      -11.34991469,      -9.680904439,      -10.27883609,      -11.01899777,      -12.51948207,      -5.566001108,      -3.795433908,   8.150958656e-05,       5.292257516,            3.2768,            3.2768,            3.2768,    0.001789260784,     0.01067325909,      0.6037658315,                 0,                 0,                 0,     0.07795029795,    -0.01040436642,       0.603770525,                 0,       56.56808538,    0.002390236486
          0,           0,        1027,      -11.33510147,       -9.68084446,      -10.27748811,      -10.99918059,      -12.51944387,      -5.566070127,      -3.795937297,    8.15095869e-06,      0.5292257517,            6.5536,            6.5536,            6.5536,    0.001789260784,     0.01067323097,      0.6037653044,                 0,                 0,                 0,     0.07795022193,    -0.01040437612,      0.6037699972,                 0,       56.56818501,    0.002390236486
          0,           0,        1028,      -11.30699812,      -9.680875222,      -10.27861912,      -10.96151485,      -12.51941698,      -5.566171458,      -3.796107239,   1.630191739e-05,       1.058451503,           13.1072,           13.1072,           13.1072,    0.001789260784,     0.01067317605,      0.6037642625,                 0,                 0,                 0,     0.07795007601,    -0.01040439465,      0.6037689541,                 0,       56.56837847,    0.002390236486
          0,           0,        1029,      -11.33596906,      -9.680887633,      -10.27906995,      -10.99954992,       -12.5193778,      -5.566271221,      -3.795668882,    3.26038348e-05,       2.116903007,           26.2144,           26.2144,           26.2144,    0.001789260784,     0.01067306555,      0.6037622108,                 0,                 0,                 0,     0.07794979708,    -0.01040443348,      0.6037668998,                 0,       56.56877191,    0.002390236486
          0,           0,        1030,      -11.35308522,      -9.680878137,      -10.27901146,       -11.0234434,      -12.51931214,      -5.566367785,      -3.794000628,   6.520766972e-05,       4.233806014,           2.62144,           2.62144,           2.62144,    0.001789260784,     0.01067283844,      0.6037581504,                 0,                 0,                 0,     0.07794924693,    -0.01040451875,       0.603762834,                 0,       56.56959523,    0.002390236486
          0,           0,        1031,      -11.34550242,      -9.680839959,      -10.27790179,      -11.01331676,      -12.51927309,      -5.566442582,      -3.794657296,   6.520766994e-06,      0.4233806014,           5.24288,           5.24288,           5.24288,    0.001789260784,     0.01067281683,       0.603757749,                 0,                 0,                 0,     0.07794919427,    -0.01040452633,      0.6037624321,                 0,       56.56967213,    0.002390236486
          0,           0,        1032,      -11.33341479,      -9.680863813,      -10.27852439,      -10.99611405,      -12.51924921,      -5.566544082,      -3.795014393,   1.304153399e-05,      0.8467612028,          10.48576,          10.48576,          10.48576,    0.001789260784,     0.01067277314,      0.6037569464,                 0,                 0,                 0,     0.07794908814,    -0.01040454199,      0.6037616284,                 0,       56.56982854,    0.002390236486
          0,           0,        1033,      -11.34136536,      -9.680876998,       -10.2789116,      -11.00676562,      -12.51921499,      -5.566644238,      -3.794847004,     2.6083068e-05,       1.693522406,          20.97152,          20.97152,          20.97152,    0.001789260784,     0.01067268091,       0.603755328,                 0,                 0,                 0,     0.07794886505,    -0.01040457767,      0.6037600077,                 0,       56.57016571,    0.002390236486
          0,           0,        1034,      -11.35628281,      -9.680871765,      -10.27892081,       -11.0277637,      -12.51915863,      -5.566741704,      -3.793660955,   5.216613608e-05,       3.387044812,          41.94304,          41.94304,          41.94304,    0.001789260784,     0.01067248059,      0.6037520256,                 0,                 0,                 0,     0.07794837561,    -0.01040466262,      0.6037567004,                 0,       56.57091811,    0.002390236486
          0,           0,        1035,      -11.35017323,      -9.680844548,      -10.27824813,      -11.01966514,      -12.51905658,      -5.566833401,      -3.790312999,   0.0001043322724,       6.774089624,          4.194304,          4.194304,          4.194304,    0.001789260784,     0.01067211748,       0.603745736,                 0,                 0,                 0,     0.07794755895,    -0.01040480601,      0.6037504019,                 0,       56.57225357,    0.002390236486
          0,           0,        1036,      -11.32259743,      -9.680762999,      -10.27596904,      -10.98333056,      -12.51899117,      -5.566888652,      -3.790954291,   1.043322729e-05,      0.6774089625,          8.388608,          8.388608,          8.388608,    0.001789260784,      0.0106720913,       0.603745142,                 0,                 0,                 0,     0.07794749583,    -0.01040481144,      0.6037498074,                 0,       56.57233665,    0.002390236486
          0,           0,        1037,      -11.27727141,      -9.680812686,      -10.27795622,      -10.92435669,      -12.51896202,      -5.566989024,      -3.791086784,   2.086645459e-05,       1.354817925,         16.777216,         16.777216,         16.777216,    0.001789260784,     0.01067203197,      0.6037439431,                 0,                 0,                 0,      0.0779473616,    -0.01040482889,      0.6037486072,                 0,       56.57253881,    0.002390236486
          0,           0,        1038,      -11.32975618,      -9.680831752,      -10.27855769,      -10.99178756,        -12.518914,      -5.567086969,      -3.790308473,   4.173290922e-05,        2.70963585,         33.554432,         33.554432,         33.554432,    0.001789260784,     0.01067188251,      0.6037414757,                 0,                 0,                 0,     0.07794704197,    -0.01040489215,       0.603746136,                 0,       56.57309991,    0.002390236486
          0,           0,        1039,      -11.35016319,      -9.680817844,      -10.27841272,       -11.0202483,      -12.51882578,      -5.567179896,        -3.7877009,   8.346581861e-05,       5.419271701,         3.3554432,         3.3554432,         3.3554432,    0.001789260784,      0.0106715604,      0.6037364922,                 0,                 0,                 0,     0.07794634976,    -0.01040504014,      0.6037411443,                 0,       56.57434052,    0.002390236486
          0,           0,        1040,      -11.33741373,      -9.680757887,      -10.27672292,      -11.00346667,      -12.51876159,      -5.567242941,      -3.788573119,    8.34658189e-06,      0.5419271702,         6.7108864,         6.7108864,         6.7108864,    0.001789260784,     0.01067153153,      0.6037360065,                 0,                 0,                 0,     0.07794628701,    -0.01040505205,      0.6037406579,                 0,       56.57444807,    0.002390236486
          0,           0,        1041,      -11.30982396,      -9.680795204,      -10.27792354,      -10.96592923,      -12.51873671,      -5.567343606,      -3.788989241,   1.669316379e-05,        1.08385434,        13.4217728,        13.4217728,        13.4217728,    0.001789260784,      0.0106714713,      0.6037350275,                 0,                 0,                 0,     0.07794615578,    -0.01040507807,      0.6037396774,                 0,       56.57467563,    0.002390236486
          0,           0,        1042,      -11.33408079,      -9.680813263,      -10.27846673,      -10.99798503,      -12.51869589,      -5.567442173,      -3.788621824,    3.33863276e-05,       2.167708681,        26.8435456,        26.8435456,        26.8435456,    0.001789260784,     0.01067134039,      0.6037330337,                 0,                 0,                 0,     0.07794586926,    -0.01040513932,      0.6037376803,                 0,       56.57518285,    0.002390236486
          0,           0,        1043,      -11.35353606,      -9.680805399,      -10.27843136,      -11.02526191,      -12.51862116,      -5.567536486,      -3.786744234,    6.67726553e-05,       4.335417362,        2.68435456,        2.68435456,        2.68435456,    0.001789260784,     0.01067107775,      0.6037289915,                 0,                 0,                 0,     0.07794527777,    -0.01040526072,      0.6037336313,                 0,       56.57619646,    0.002390236486
          0,           0,        1044,      -11.34471638,      -9.680764887,      -10.27730982,      -11.01345525,      -12.51856266,      -5.567606458,      -3.787749468,    6.67726555e-06,      0.4335417362,        5.36870912,        5.36870912,        5.36870912,    0.001789260784,     0.01067105264,      0.6037285912,                 0,                 0,                 0,     0.07794522074,    -0.01040527186,      0.6037332304,                 0,       56.57629211,    0.002390236486
          0,           0,        1045,       -11.3315883,      -9.680790573,      -10.27797522,      -10.99472635,      -12.51854158,      -5.567707404,      -3.788364093,    1.33545311e-05,      0.8670834724,       10.73741824,       10.73741824,       10.73741824,    0.001789260784,     0.01067100267,      0.6037277882,                 0,                 0,                 0,      0.0779451059,    -0.01040529377,      0.6037324262,                 0,        56.5764818,    0.002390236486
          0,           0,        1046,      -11.34048496,      -9.680805101,      -10.27838227,      -11.00671927,      -12.51850719,      -5.567806582,      -3.788325138,   2.670906223e-05,       1.734166945,       21.47483648,       21.47483648,       21.47483648,    0.001789260784,     0.01067090246,      0.6037261703,                 0,                 0,                 0,     0.07794487293,    -0.01040533746,      0.6037308057,                 0,       56.57686149,    0.002390236486
          0,           0,        1047,      -11.35572967,      -9.680800688,      -10.27838977,      -11.02832756,      -12.51844472,      -5.567902224,      -3.787062516,   5.341812452e-05,        3.46833389,       42.94967296,       42.94967296,       42.94967296,    0.001789260784,     0.01067070383,        0.60372288,                 0,                 0,                 0,     0.07794440077,    -0.01040542114,      0.6037275105,                 0,       56.57760628,    0.002390236486
          0,           0,        1048,      -11.34919777,        -9.6807743,      -10.27765772,      -11.01960356,      -12.51832483,      -5.567990393,      -3.783284071,   0.0001068362493,       6.936667781,       4.294967296,       4.294967296,       4.294967296,    0.001789260784,     0.01067035306,      0.6037164823,                 0,                 0,                 0,     0.07794363349,    -0.01040554842,      0.6037211044,                 0,       56.57886662,    0.002390236486
          0,           0,        1049,      -11.31979077,      -9.680694355,      -10.27521453,      -10.98071651,      -12.51822526,      -5.568037956,      -3.784204513,   1.068362497e-05,      0.6936667782,       8.589934592,       8.589934592,       8.589934592,    0.001789260784,     0.01067032934,      0.6037158798,                 0,                 0,                 0,     0.07794357731,     -0.0104055511,      0.6037205015,                 0,       56.57893593,    0.002390236486
          0,           0,        1050,      -11.27208968,      -9.680747562,       -10.2773279,      -10.91869654,      -12.51819718,      -5.568137522,      -3.784517087,   2.136724996e-05,       1.387333556,       17.17986918,       17.17986918,       17.17986918,    0.001789260784,     0.01067027317,      0.6037146515,                 0,                 0,                 0,     0.07794345329,    -0.01040556437,      0.6037192721,                 0,       56.57911866,    0.002390236486
          0,           0,        1051,      -11.32799424,      -9.680768847,      -10.27794018,      -10.99053783,       -12.5181456,      -5.568233981,      -3.783767494,   4.273449996e-05,       2.774667113,       34.35973837,       34.35973837,       34.35973837,    0.001789260784,     0.01067012173,      0.6037120726,                 0,                 0,                 0,     0.07794313204,    -0.01040562571,      0.6037166894,                 0,       56.57967995,    0.002390236486
          0,           0,        1052,      -11.34851016,      -9.680756142,      -10.27776667,      -11.01929849,      -12.51804485,      -5.568324049,      -3.780930358,   8.546900009e-05,       5.549334226,       3.435973837,       3.435973837,       3.435973837,    0.001789260784,     0.01066978505,      0.6037067833,                 0,                 0,                 0,     0.07794239965,    -0.01040577759,      0.6037113916,                 0,       56.58096956,    0.002390236486
          0,           0,        1053,      -11.33451132,      -9.680695521,      -10.27597042,       -11.0007871,       -12.5179548,      -5.568380891,      -3.782073241,   8.546900042e-06,      0.5549334227,       6.871947674,       6.871947674,       6.871947674,    0.001789260784,       0.010669755,      0.6037062676,                 0,                 0,                 0,     0.07794233324,    -0.01040578962,      0.6037108751,                 0,       56.58108058,    0.002390236486
          0,           0,        1054,      -11.30478557,      -9.680735152,      -10.27726108,      -10.96039222,      -12.51793207,      -5.568480893,      -3.782684459,   1.709380009e-05,       1.109866845,       13.74389535,       13.74389535,       13.74389535,    0.001789260784,     0.01066969175,      0.6037052249,                 0,                 0,                 0,     0.07794219283,    -0.01040581644,      0.6037098309,                 0,       56.58131829,    0.002390236486
          0,           0,        1055,      -11.33133353,      -9.680754494,      -10.27782527,      -10.99543852,      -12.51789007,      -5.568578249,       -3.78239778,   3.418760021e-05,       2.219733691,       27.48779069,       27.48779069,       27.48779069,    0.001789260784,     0.01066955373,      0.6037030992,                 0,                 0,                 0,     0.07794188492,     -0.0104058802,      0.6037077017,                 0,         56.581851,    0.002390236486
          0,           0,        1056,      -11.35112996,      -9.680746928,      -10.27777979,      -11.02324506,      -12.51780992,      -5.568670248,      -3.780407819,   6.837520054e-05,       4.439467382,       2.748779069,       2.748779069,       2.748779069,    0.001789260784,     0.01066928245,      0.6036988219,                 0,                 0,                 0,      0.0779412633,    -0.01040600204,      0.6037034175,                 0,       56.58288876,    0.002390236486
          0,           0,        1057,      -11.34154901,      -9.680704576,      -10.27659097,      -11.01033818,      -12.51773295,      -5.568735224,      -3.781660457,   6.837520078e-06,      0.4439467383,       5.497558139,       5.497558139,       5.497558139,    0.001789260784,     0.01066925666,      0.6036983989,                 0,                 0,                 0,     0.07794120361,    -0.01040601305,      0.6037029938,                 0,       56.58298589,    0.002390236486
          0,           0,        1058,       -11.3270115,      -9.680731714,      -10.27731192,      -10.98966507,      -12.51771763,      -5.568835621,      -3.782464968,   1.367504016e-05,      0.8878934766,       10.99511628,       10.99511628,       10.99511628,    0.001789260784,     0.01066920557,      0.6036975518,                 0,                 0,                 0,     0.07794108411,    -0.01040603454,      0.6037021454,                 0,       56.58317743,    0.002390236486
          0,           0,        1059,      -11.33713068,      -9.680746906,      -10.27774008,       -11.0032738,      -12.51769224,      -5.568933811,      -3.782529071,   2.735008034e-05,       1.775786953,       21.99023256,       21.99023256,       21.99023256,    0.001789260784,     0.01066910381,      0.6036958509,                 0,                 0,                 0,       0.077940844,    -0.01040607688,      0.6037004421,                 0,       56.58355771,    0.002390236486
          0,           0,        1060,      -11.35292335,      -9.680742171,      -10.27774514,      -11.02564162,      -12.51762348,      -5.569027581,      -3.781223757,   5.470016077e-05,       3.551573906,       43.98046511,       43.98046511,       43.98046511,    0.001789260784,     0.01066890463,      0.6036924121,                 0,                 0,                 0,      0.0779403645,    -0.01040615593,      0.6036969983,                 0,       56.58429175,    0.002390236486
          0,           0,        1061,      -11.34590735,      -9.680713491,      -10.27697296,      -11.01617813,      -12.51748155,        -5.5691121,      -3.777141951,   0.0001094003219,       7.103147814,       4.398046511,       4.398046511,       4.398046511,    0.001789260784,       0.010668557,      0.6036857953,                 0,                 0,                 0,     0.07793960474,    -0.01040627242,      0.6036903735,                 0,       56.58551531,    0.002390236486
          0,           0,        1062,      -11.31461373,      -9.680626789,      -10.27442869,      -10.97465037,      -12.51734722,      -5.569151698,      -3.778259961,   1.094003225e-05,      0.7103147815,       8.796093022,       8.796093022,       8.796093022,    0.001789260784,     0.01066853475,       0.603685175,                 0,                 0,                 0,      0.0779395513,      -0.010406273,      0.6036897528,                 0,       56.58557514,    0.002390236486
          0,           0,        1063,      -11.26512342,      -9.680682374,      -10.27668197,      -10.91057719,      -12.51731856,      -5.569250455,      -3.778702444,   2.188006451e-05,       1.420629563,       17.59218604,       17.59218604,       17.59218604,    0.001789260784,     0.01066848036,      0.6036839099,                 0,                 0,                 0,     0.07793943101,    -0.01040628321,      0.6036884865,                 0,       56.58574507,    0.002390236486
          0,           0,        1064,      -11.32412446,      -9.680703648,      -10.27732219,       -10.9860349,       -12.5172476,      -5.569345393,      -3.777973308,   4.376012908e-05,       2.841259126,       35.18437209,       35.18437209,       35.18437209,    0.001789260784,     0.01066832862,      0.6036812511,                 0,                 0,                 0,     0.07793910834,    -0.01040634207,       0.603685824,                 0,       56.58630068,    0.002390236486
          0,           0,        1065,      -11.34475385,      -9.680688041,      -10.27714998,      -11.01481261,       -12.5171222,      -5.569432513,      -3.774963378,    8.75202584e-05,       5.682518253,       3.518437209,       3.518437209,       3.518437209,    0.001789260784,     0.01066799238,      0.6036758291,                 0,                 0,                 0,     0.07793837005,    -0.01040648888,      0.6036803936,                 0,       56.58757596,    0.002390236486
          0,           0,        1066,       -11.3301483,      -9.680619968,      -10.27528857,      -10.99530316,      -12.51700514,      -5.569482945,      -3.776300968,   8.752025885e-06,      0.5682518254,       7.036874418,       7.036874418,       7.036874418,    0.001789260784,     0.01066796283,      0.6036753018,                 0,                 0,                 0,     0.07793830384,    -0.01040650001,      0.6036798657,                 0,        56.5876833,    0.002390236486
          0,           0,        1067,      -11.29845483,      -9.680661211,      -10.27668014,      -10.95251056,      -12.51698253,      -5.569582285,      -3.777054319,   1.750405178e-05,       1.136503651,       14.07374884,       14.07374884,       14.07374884,    0.001789260784,     0.01066790029,      0.6036742363,                 0,                 0,                 0,     0.07793816311,    -0.01040652532,      0.6036787986,                 0,       56.58791511,    0.002390236486
          0,           0,        1068,       -11.3273851,       -9.68068043,      -10.27727505,      -10.99041014,      -12.51693526,      -5.569678408,      -3.776825974,    3.50081036e-05,       2.273007302,       1.407374884,       1.407374884,       1.407374884,    0.001789260784,     0.01066776297,      0.6036720654,                 0,                 0,                 0,     0.07793785227,    -0.01040658679,      0.6036766242,                 0,       56.58844004,    0.002390236486
          0,           0,        1069,      -11.34777987,      -9.680670711,      -10.27723405,      -11.01879976,      -12.51688816,      -5.569759872,      -3.778383757,   3.500810368e-06,      0.2273007302,                 1,                 1,                 1,    0.001789260784,     0.01066774911,      0.6036718481,                 0,                 0,                 0,     0.07793782102,    -0.01040659306,      0.6036764066,                 0,        56.5884932,    0.002390236486
          0,           0,        1070,      -11.34898119,       -9.68067883,      -10.27728042,      -11.02005853,      -12.51688418,       -5.56986051,      -3.779910347,   2.487475377e-06,      0.1615068827,                 1,                 1,                 1,    0.001789260784,     0.01066773918,      0.6036716935,                 0,                 0,                 0,     0.07793779861,    -0.01040659759,      0.6036762517,                 0,       56.58853138,    0.002390236486
          0,           0,        1071,      -11.34848462,      -9.680683693,      -10.27731973,       -11.0191815,      -12.51688147,      -5.569961744,      -3.781351112,   2.487475377e-06,      0.1615068827,                 1,                 1,                 1,    0.001789260784,     0.01066772918,      0.6036715386,                 0,                 0,                 0,     0.07793777601,    -0.01040660218,      0.6036760966,                 0,       56.58856991,    0.002390236486
          0,           0,        1072,      -11.34817564,      -9.680687386,      -10.27734923,      -11.01866781,      -12.51687863,      -5.570062952,      -3.782714821,   2.487475378e-06,      0.1615068827,                 1,                 1,                 1,    0.001789260784,     0.01066771912,      0.6036713834,                 0,                 0,                 0,     0.07793775323,    -0.01040660682,      0.6036759411,                 0,       56.58860873,    0.002390236486
          0,           0,        1073,      -11.34830938,      -9.680690111,      -10.27736725,      -11.01883844,      -12.51687568,      -5.570164136,      -3.784008982,   2.487475378e-06,      0.1615068827,                 1,                 1,                 1,    0.001789260784,     0.01066770901,       0.603671228,                 0,                 0,                 0,     0.07793773029,     -0.0104066115,      0.6036757855,                 0,       56.58864779,    0.002390236486
          0,           0,        1074,      -11.34856609,      -9.680692105,      -10.27737688,      -11.01922597,      -12.51687088,      -5.570265296,      -3.785240223,   2.487475379e-06,      0.1615068827,                 1,                 1,                 1,    0.001789260784,     0.01066769886,      0.6036710725,                 0,                 0,                 0,     0.07793770721,    -0.01040661621,      0.6036756297,                 0,       56.58868704,    0.002390236486
          0,           0,        1075,      -11.34858461,      -9.680693599,      -10.27738208,      -11.01931033,      -12.51686568,      -5.570366432,      -3.786414406,   2.487475379e-06,      0.1615068827,                 1,                 1,                 1,    0.001789260784,     0.01066768868,      0.6036709167,                 0,                 0,                 0,     0.07793768401,    -0.01040662095,      0.6036754737,                 0,       56.58872646,    0.002390236486
          0,           0,        1076,      -11.34822287,      -9.680694792,      -10.27738549,      -11.01887847,      -12.51686035,      -5.570467544,      -3.787536722,   2.487475379e-06,      0.1615068827,                 1,                 1,                 1,    0.001789260784,     0.01066767847,      0.6036707609,                 0,                 0,                 0,     0.07793766069,    -0.01040662572,      0.6036753176,                 0,         56.588766,    0.002390236486
          0,           0,        1077,      -11.34756672,      -9.680695839,      -10.27738817,      -11.01803749,      -12.51685489,      -5.570568632,      -3.788611775,    2.48747538e-06,      0.1615068827,                 1,                 1,                 1,    0.001789260784,     0.01066766824,      0.6036706048,                 0,                 0,                 0,     0.07793763726,     -0.0104066305,      0.6036751613,                 0,       56.58880565,    0.002390236486
          0,           0,        1078,      -11.34681212,      -9.680696844,      -10.27739016,      -11.01705133,      -12.51684927,      -5.570669697,      -3.789643655,    2.48747538e-06,      0.1615068827,                 1,                 1,                 1,    0.001789260784,     0.01066765799,      0.6036704487,                 0,                 0,                 0,     0.07793761373,    -0.01040663529,      0.6036750049,                 0,       56.58884539,    0.002390236486
          0,           0,        1079,      -11.34614301,      -9.680697867,      -10.27739129,      -11.01617048,      -12.51684352,      -5.570770739,      -3.790636007,   2.487475381e-06,      0.1615068827,                 1,                 1,                 1,    0.001789260784,     0.01066764772,      0.6036702925,                 0,                 0,                 0,     0.07793759011,     -0.0104066401,      0.6036748484,                 0,        56.5888852,    0.002390236486
          0,           0,        1080,      -11.34566672,      -9.680698931,      -10.27739157,      -11.01554182,      -12.51683762,      -5.570871758,      -3.791592078,   2.487475381e-06,      0.1615068827,                 1,                 1,                 1,    0.001789260784,     0.01066763745,      0.6036701361,                 0,                 0,                 0,      0.0779375664,    -0.01040664492,      0.6036746917,                 0,       56.58892507,    0.002390236486
          0,           0,        1081,      -11.34540722,      -9.680700032,      -10.27739129,      -11.01519906,      -12.51683159,      -5.570972753,      -3.792514774,   2.487475381e-06,      0.1615068827,                 1,                 1,                 1,    0.001789260784,     0.01066762716,      0.6036699797,                 0,                 0,                 0,     0.07793754261,    -0.01040664974,       0.603674535,                 0,       56.58896499,    0.002390236486
          0,           0,        1082,      -11.34533201,       -9.68070115,      -10.27739086,      -11.01509899,      -12.51682541,      -5.571073726,      -3.793406697,   2.487475382e-06,      0.1615068827,                 1,                 1,                 1,    0.001789260784,     0.01066761686,      0.6036698231,                 0,                 0,                 0,     0.07793751874,    -0.01040665457,      0.6036743783,                 0,       56.58900493,    0.002390236486
          0,           0,        1083,      -11.34538516,      -9.680702259,      -10.27739067,      -11.01516653,      -12.51681909,      -5.571174675,      -3.794270182,   2.487475382e-06,      0.1615068827,                 1,                 1,                 1,    0.001789260784,     0.01066760656,      0.6036696666,                 0,                 0,                 0,      0.0779374948,     -0.0104066594,      0.6036742214,                 0,        56.5890449,    0.002390236486
          0,           0,        1084,      -11.34551174,      -9.680703328,      -10.27739101,      -11.01532772,      -12.51681264,        -5.5712756,      -3.795107332,   2.487475383e-06,      0.1615068827,                 1,                 1,                 1,    0.001789260784,     0.01066759625,      0.6036695099,                 0,                 0,                 0,     0.07793747079,    -0.01040666423,      0.6036740645,                 0,       56.58908488,    0.002390236486
          0,           0,        1085,      -11.34566984,      -9.680704334,        -10.277392,       -11.0155263,      -12.51680605,      -5.571376502,       -3.79592004,   2.487475383e-06,      0.1615068827,                 1,                 1,                 1,    0.001789260784,     0.01066758595,      0.6036693532,                 0,                 0,                 0,     0.07793744672,    -0.01040666906,      0.6036739075,                 0,       56.58912485,    0.002390236486
          0,           0,        1086,      -11.34583257,      -9.680705257,      -10.27739363,      -11.01572634,      -12.51679932,      -5.571477381,      -3.796710018,   2.487475383e-06,      0.1615068827,                 1,                 1,                 1,    0.001789260784,     0.01066757565,      0.6036691964,                 0,                 0,                 0,     0.07793742259,    -0.01040667388,      0.6036737504,                 0,       56.58916481,    0.002390236486
          0,           0,        1087,      -11.34598528,      -9.680706087,      -10.27739584,      -11.01590881,      -12.51679247,      -5.571578236,      -3.797478815,   2.487475384e-06,      0.1615068827,                 1,                 1,                 1,    0.001789260784,     0.01066756535,      0.6036690395,                 0,                 0,                 0,     0.07793739841,     -0.0104066787,      0.6036735933,                 0,       56.58920475,    0.002390236486
          0,           0,        1088,      -11.34612147,      -9.680706819,      -10.27739854,      -11.01606583,      -12.51678548,      -5.571679068,      -3.798227836,   2.487475384e-06,      0.1615068827,                 1,                 1,                 1,    0.001789260784,     0.01066755505,      0.6036688827,                 0,                 0,                 0,     0.07793737417,    -0.01040668352,      0.6036734362,                 0,       56.58924466,    0.002390236486
          0,           0,        1089,      -11.34623937,      -9.680707454,      -10.27740163,      -11.01619615,      -12.51677837,      -5.571779876,      -3.798958358,   2.487475385e-06,      0.1615068827,                 1,                 1,                 1,    0.001789260784,     0.01066754477,      0.6036687257,                 0,                 0,                 0,     0.07793734989,    -0.01040668832,       0.603673279,                 0,       56.58928451,    0.002390236486
          0,           0,        1090,      -11.34633998,      -9.680707997,      -10.27740504,      -11.01630238,      -12.51677112,      -5.571880661,      -3.799671543,   2.487475385e-06,      0.1615068827,                 1,                 1,                 1,    0.001789260784,     0.01066753449,      0.6036685688,                 0,                 0,                 0,     0.07793732556,    -0.01040669311,      0.6036731218,                 0,       56.58932431,    0.002390236486
          0,           0,        1091,       -11.3464258,      -9.680708457,      -10.27740872,      -11.01638907,      -12.51676374,      -5.571981422,      -3.800368452,   2.487475385e-06,      0.1615068827,                 1,                 1,                 1,    0.001789260784,     0.01066752423,      0.6036684118,                 0,                 0,                 0,     0.07793730119,    -0.01040669789,      0.6036729645,                 0,       56.58936404,    0.002390236486
          0,           0,        1092,      -11.34649996,      -9.680708843,      -10.27741261,      -11.01646156,      -12.51675624,       -5.57208216,      -3.801050055,   2.487475386e-06,      0.1615068827,                 1,                 1,                 1,    0.001789260784,     0.01066751398,      0.6036682548,                 0,                 0,                 0,     0.07793727678,    -0.01040670265,      0.6036728072,                 0,       56.58940369,    0.002390236486
          0,           0,        1093,      -11.34656573,      -9.680709164,      -10.27741668,      -11.01652518,       -12.5167486,      -5.572182875,      -3.801717239,   2.487475386e-06,      0.1615068827,                 1,                 1,                 1,    0.001789260784,     0.01066750374,      0.6036680977,                 0,                 0,                 0,     0.07793725234,     -0.0104067074,      0.6036726499,                 0,       56.58944326,    0.002390236486
          0,           0,        1094,      -11.34662607,      -9.680709431,       -10.2774209,      -11.01658457,      -12.51674084,      -5.572283567,      -3.802370819,   2.487475387e-06,      0.1615068827,                 1,                 1,                 1,    0.001789260784,     0.01066749352,      0.6036679406,                 0,                 0,                 0,     0.07793722786,    -0.01040671213,      0.6036724926,                 0,       56.58948273,    0.002390236486
          0,           0,        1095,      -11.34668333,      -9.680709651,      -10.27742523,      -11.01664321,      -12.51673294,      -5.572384236,      -3.803011546,   2.487475387e-06,      0.1615068827,                 1,                 1,                 1,    0.001789260784,     0.01066748333,      0.6036677835,                 0,                 0,                 0,     0.07793720335,    -0.01040671684,      0.6036723352,                 0,       56.58952211,    0.002390236486
          0,           0,        1096,      -11.34673923,      -9.680709831,      -10.27742965,      -11.01670345,      -12.51672493,      -5.572484881,      -3.803640109,   2.487475387e-06,      0.1615068827,                 1,                 1,                 1,    0.001789260784,     0.01066747315,      0.6036676264,                 0,                 0,                 0,     0.07793717882,    -0.01040672152,      0.6036721778,                 0,       56.58956137,    0.002390236486
          0,           0,        1097,      -11.34679483,      -9.680709977,      -10.27743412,      -11.01676653,      -12.51671678,      -5.572585504,      -3.804257144,   2.487475388e-06,      0.1615068827,                 1,                 1,                 1,    0.001789260784,     0.01066746299,      0.6036674692,                 0,                 0,                 0,     0.07793715425,    -0.01040672619,      0.6036720203,                 0,       56.58960053,    0.002390236486
          0,           0,        1098,      -11.34685049,      -9.680710095,      -10.27743861,      -11.01683257,      -12.51670851,      -5.572686103,      -3.804863238,   2.487475388e-06,      0.1615068827,                 1,                 1,                 1,    0.001789260784,     0.01066745285,       0.603667312,                 0,                 0,                 0,     0.07793712966,    -0.01040673083,      0.6036718629,                 0,       56.58963956,    0.002390236486
          0,           0,        1099,      -11.34690632,      -9.680710188,      -10.27744309,      -11.01690125,      -12.51670011,      -5.572786679,      -3.805458935,   2.487475389e-06,      0.1615068827,                 1,                 1,                 1,    0.001789260784,     0.01066744274,      0.6036671547,                 0,                 0,                 0,     0.07793710504,    -0.01040673546,      0.6036717054,                 0,       56.58967848,    0.002390236486
          0,           0,        1100,       -11.3469622,      -9.680710259,      -10.27744755,      -11.01697187,      -12.51669158,      -5.572887233,      -3.806044741,   2.487475389e-06,      0.1615068827,                 1,                 1,                 1,    0.001789260784,     0.01066743264,      0.6036669974,                 0,                 0,                 0,     0.07793708039,    -0.01040674005,      0.6036715478,                 0,       56.58971727,    0.002390236486
          0,           0,        1101,      -11.34701791,       -9.68071031,      -10.27745195,       -11.0170436,      -12.51668293,      -5.572987763,      -3.806621123,   2.487475389e-06,      0.1615068827,                 1,                 1,                 1,    0.001789260784,     0.01066742257,      0.6036668401,                 0,                 0,                 0,     0.07793705572,    -0.01040674463,      0.6036713902,                 0,       56.58975595,    0.002390236486
          0,           0,        1102,      -11.34707332,      -9.680710345,      -10.27745627,      -11.01711582,      -12.51667415,      -5.573088271,      -3.807188518,    2.48747539e-06,      0.1615068827,                 1,                 1,                 1,    0.001789260784,     0.01066741253,      0.6036666827,                 0,                 0,                 0,     0.07793703103,    -0.01040674918,      0.6036712326,                 0,        56.5897945,    0.002390236486
          0,           0,        1103,       -11.3471283,      -9.680710365,      -10.27746049,      -11.01718796,      -12.51666525,      -5.573188755,      -3.807747331,    2.48747539e-06,      0.1615068827,                 1,                 1,                 1,    0.001789260784,      0.0106674025,      0.6036665253,                 0,                 0,                 0,      0.0779370063,     -0.0104067537,      0.6036710749,                 0,       56.58983292,    0.002390236486
          0,           0,        1104,      -11.34718289,      -9.680710372,       -10.2774646,      -11.01725978,      -12.51665623,      -5.573289217,       -3.80829794,   2.487475391e-06,      0.1615068827,                 1,                 1,                 1,    0.001789260784,      0.0106673925,      0.6036663678,                 0,                 0,                 0,     0.07793698155,     -0.0104067582,      0.6036709172,                 0,       56.58987123,    0.002390236486
          0,           0,        1105,      -11.34723711,      -9.680710367,      -10.27746858,      -11.01733108,      -12.51664708,      -5.573389657,      -3.808840701,   2.487475391e-06,      0.1615068827,                 1,                 1,                 1,    0.001789260784,     0.01066738251,      0.6036662102,                 0,                 0,                 0,     0.07793695677,    -0.01040676268,      0.6036707594,                 0,       56.58990942,    0.002390236486
          0,           0,        1106,      -11.34729117,      -9.680710352,      -10.27747241,        -11.017402,      -12.51663781,      -5.573490073,      -3.809375943,   2.487475391e-06,      0.1615068827,                 1,                 1,                 1,    0.001789260784,     0.01066737255,      0.6036660526,                 0,                 0,                 0,     0.07793693196,    -0.01040676713,      0.6036706015,                 0,       56.58994749,    0.002390236486
          0,           0,        1107,       -11.3473452,      -9.680710329,       -10.2774761,      -11.01747266,      -12.51662842,      -5.573590467,      -3.809903977,   2.487475392e-06,      0.1615068827,                 1,                 1,                 1,    0.001789260784,     0.01066736261,      0.6036658949,                 0,                 0,                 0,     0.07793690712,    -0.01040677157,      0.6036704435,                 0,       56.58998545,    0.002390236486
          0,           0,        1108,      -11.34739937,      -9.680710299,      -10.27747963,      -11.01754319,       -12.5166189,      -5.573690838,      -3.810425095,   2.487475392e-06,      0.1615068827,                 1,                 1,                 1,    0.001789260784,     0.01066735268,      0.6036657371,                 0,                 0,                 0,     0.07793688224,    -0.01040677598,      0.6036702854,                 0,       56.59002331,    0.002390236486
          0,           0,        1109,      -11.34745379,      -9.680710263,      -10.27748299,      -11.01761376,      -12.51660927,      -5.573791186,      -3.810939568,   2.487475393e-06,      0.1615068827,                 1,                 1,                 1,    0.001789260784,     0.01066734278,      0.6036655791,                 0,                 0,                 0,     0.07793685733,    -0.01040678037,      0.6036701273,                 0,       56.59006107,    0.002390236486
          0,           0,        1110,      -11.34750859,      -9.680710223,      -10.27748618,      -11.01768454,      -12.51659936,      -5.573891512,      -3.811447655,   2.487475393e-06,      0.1615068827,                 1,                 1,                 1,    0.001789260784,     0.01066733289,      0.6036654211,                 0,                 0,                 0,     0.07793683238,    -0.01040678474,       0.603669969,                 0,       56.59009872,    0.002390236486
          0,           0,        1111,      -11.34756382,      -9.680710178,       -10.2774892,       -11.0177556,       -12.5165892,      -5.573991815,      -3.811949597,   2.487475393e-06,      0.1615068827,                 1,                 1,                 1,    0.001789260784,     0.01066732301,       0.603665263,                 0,                 0,                 0,     0.07793680739,    -0.01040678909,      0.6036698106,                 0,       56.59013629,    0.002390236486
          0,           0,        1112,      -11.34761944,      -9.680710131,      -10.27749205,      -11.01782689,      -12.51657892,      -5.574092096,      -3.812445622,   2.487475394e-06,      0.1615068827,                 1,                 1,                 1,    0.001789260784,     0.01066731315,      0.6036651047,                 0,                 0,                 0,     0.07793678235,    -0.01040679342,      0.6036696521,                 0,       56.59017378,    0.002390236486
          0,           0,        1113,      -11.34767561,      -9.680710083,      -10.27749471,      -11.01789859,      -12.51656851,      -5.574192354,      -3.812935947,   2.487475394e-06,      0.1615068827,                 1,                 1,                 1,    0.001789260784,     0.01066730329,      0.6036649462,                 0,                 0,                 0,     0.07793675726,    -0.01040679774,      0.6036694934,                 0,       56.59021119,    0.002390236486
          0,           0,        1114,      -11.34773217,      -9.680710033,       -10.2774972,      -11.01797045,      -12.51655799,       -5.57429259,      -3.813420775,   2.487475395e-06,      0.1615068827,                 1,                 1,                 1,    0.001789260784,     0.01066729345,      0.6036647877,                 0,                 0,                 0,     0.07793673213,    -0.01040680204,      0.6036693345,                 0,       56.59024853,    0.002390236486
          0,           0,        1115,      -11.34778907,      -9.680709982,       -10.2774995,      -11.01804243,      -12.51654734,      -5.574392803,      -3.813900298,   2.487475395e-06,      0.1615068827,                 1,                 1,                 1,    0.001789260784,     0.01066728362,      0.6036646289,                 0,                 0,                 0,     0.07793670694,    -0.01040680633,      0.6036691755,                 0,       56.59028581,    0.002390236486
          0,           0,        1116,      -11.34784627,      -9.680709932,      -10.27750162,       -11.0181144,      -12.51653657,      -5.574492994,      -3.814374698,   2.487475395e-06,      0.1615068827,                 1,                 1,                 1,    0.001789260784,     0.01066727379,      0.6036644699,                 0,                 0,                 0,     0.07793668169,     -0.0104068106,      0.6036690163,                 0,       56.59032304,    0.002390236486
          0,           0,        1117,      -11.34790365,      -9.680709882,      -10.27750355,       -11.0181862,      -12.51652569,      -5.574593163,       -3.81484415,   2.487475396e-06,      0.1615068827,                 1,                 1,                 1,    0.001789260784,     0.01066726397,      0.6036643108,                 0,                 0,                 0,     0.07793665638,    -0.01040681486,      0.6036688569,                 0,       56.59036022,    0.002390236486
          0,           0,        1118,       -11.3479612,      -9.680709833,       -10.2775053,      -11.01825774,      -12.51651468,      -5.574693309,      -3.815308816,   2.487475396e-06,      0.1615068827,                 1,                 1,                 1,    0.001789260784,     0.01066725416,      0.6036641514,                 0,                 0,                 0,       0.077936631,    -0.01040681911,      0.6036686973,                 0,       56.59039735,    0.002390236486
          0,           0,        1119,      -11.34801878,      -9.680709786,      -10.27750686,      -11.01832884,      -12.51650355,      -5.574793433,      -3.815768852,   2.487475397e-06,      0.1615068827,                 2,                 2,                 2,    0.001789260784,     0.01066724434,      0.6036639918,                 0,                 0,                 0,     0.07793660556,    -0.01040682335,      0.6036685375,                 0,       56.59043446,    0.002390236486
          0,           0,        1120,      -11.34807625,       -9.68070974,      -10.27750824,      -11.01839929,       -12.5164905,      -5.574893859,      -3.816157337,   4.974950794e-06,      0.3230137654,                 4,                 4,                 4,    0.001789260784,     0.01066722471,      0.6036636715,                 0,                 0,                 0,     0.07793655437,    -0.01040683179,      0.6036682167,                 0,       56.59050859,    0.002390236486
          0,           0,        1121,      -11.34779335,      -9.680709004,      -10.27750754,      -11.01802737,      -12.51647099,      -5.574993575,      -3.816409173,   9.949901591e-06,      0.6460275307,                 1,                 1,                 1,    0.001789260784,     0.01066718538,      0.6036630263,                 0,                 0,                 0,     0.07793645084,    -0.01040684858,      0.6036675705,                 0,       56.59065674,    0.002390236486
          0,           0,        1122,      -11.34708113,      -9.680706691,      -10.27748669,      -11.01709019,      -12.51645144,      -5.575089619,      -3.816863163,   2.487475399e-06,      0.1615068827,                 2,                 2,                 2,    0.001789260784,     0.01066717554,      0.6036628648,                 0,                 0,                 0,      0.0779364249,    -0.01040685277,      0.6036674088,                 0,        56.5906938,    0.002390236486
          0,           0,        1123,       -11.3482106,      -9.680707746,      -10.27748811,      -11.01855825,      -12.51643812,      -5.575189983,      -3.817245239,     4.9749508e-06,      0.3230137654,                 1,                 1,                 1,    0.001789260784,     0.01066715586,      0.6036625405,                 0,                 0,                 0,     0.07793637272,    -0.01040686113,       0.603667084,                 0,       56.59076783,    0.002390236486
          0,           0,        1124,      -11.34891833,       -9.68070828,      -10.27749071,       -11.0194621,      -12.51642385,      -5.575288665,       -3.81769192,   2.487475401e-06,      0.1615068827,                 1,                 1,                 1,    0.001789260784,     0.01066714601,      0.6036623781,                 0,                 0,                 0,     0.07793634657,     -0.0104068653,      0.6036669213,                 0,       56.59080485,    0.002390236486
          0,           0,        1125,      -11.34934556,      -9.680708875,      -10.27749534,      -11.01999422,      -12.51641217,      -5.575388658,      -3.818134214,   2.487475401e-06,      0.1615068827,                 1,                 1,                 1,    0.001789260784,     0.01066713616,      0.6036622154,                 0,                 0,                 0,     0.07793632035,    -0.01040686947,      0.6036667583,                 0,       56.59084185,    0.002390236486
          0,           0,        1126,      -11.34961727,      -9.680709207,      -10.27749929,      -11.02032798,      -12.51640038,      -5.575488629,      -3.818572416,   2.487475402e-06,      0.1615068827,                 1,                 1,                 1,    0.001789260784,     0.01066712631,      0.6036620523,                 0,                 0,                 0,     0.07793629406,    -0.01040687362,       0.603666595,                 0,       56.59087882,    0.002390236486
          0,           0,        1127,      -11.34977723,      -9.680709321,      -10.27750204,      -11.02052032,      -12.51638848,      -5.575588577,      -3.819006663,   2.487475402e-06,      0.1615068827,                 1,                 1,                 1,    0.001789260784,     0.01066711646,      0.6036618889,                 0,                 0,                 0,     0.07793626772,    -0.01040687776,      0.6036664314,                 0,       56.59091575,    0.002390236486
          0,           0,        1128,      -11.34982876,      -9.680709276,      -10.27750364,      -11.02057244,      -12.51637647,      -5.575688503,       -3.81943708,   2.487475402e-06,      0.1615068827,                 2,                 2,                 2,    0.001789260784,     0.01066710662,      0.6036617252,                 0,                 0,                 0,     0.07793624132,    -0.01040688189,      0.6036662675,                 0,       56.59095264,    0.002390236486
          0,           0,        1129,      -11.34977803,      -9.680709135,      -10.27750434,      -11.02048988,      -12.51636255,      -5.575788734,      -3.819799635,   4.974950805e-06,      0.3230137654,                 1,                 1,                 1,    0.001789260784,     0.01066708697,      0.6036613967,                 0,                 0,                 0,     0.07793618842,    -0.01040689006,      0.6036659385,                 0,       56.59102607,    0.002390236486
          0,           0,        1130,      -11.34922544,      -9.680708203,      -10.27750183,      -11.01974826,      -12.51634773,      -5.575887304,      -3.820224446,   2.487475404e-06,      0.1615068827,                 2,                 2,                 2,    0.001789260784,     0.01066707715,      0.6036612322,                 0,                 0,                 0,     0.07793616194,    -0.01040689413,      0.6036657737,                 0,       56.59106274,    0.002390236486
          0,           0,        1131,      -11.34927116,      -9.680708283,      -10.27750018,      -11.01979013,      -12.51633361,      -5.575987492,      -3.820581963,   4.974950808e-06,      0.3230137654,                 1,                 1,                 1,    0.001789260784,     0.01066705761,      0.6036609023,                 0,                 0,                 0,     0.07793610902,    -0.01040690215,      0.6036654433,                 0,       56.59113549,    0.002390236486
          0,           0,        1132,      -11.34895935,      -9.680707801,      -10.27749384,       -11.0193662,      -12.51631861,      -5.576086026,      -3.821001264,   2.487475405e-06,      0.1615068827,                 1,                 1,                 1,    0.001789260784,     0.01066704785,      0.6036607371,                 0,                 0,                 0,     0.07793608256,    -0.01040690613,      0.6036652779,                 0,       56.59117177,    0.002390236486
          0,           0,        1133,      -11.34923659,      -9.680708122,       -10.2774915,      -11.01971907,      -12.51630608,      -5.576185844,      -3.821416968,   2.487475405e-06,      0.1615068827,                 1,                 1,                 1,    0.001789260784,     0.01066703812,      0.6036605717,                 0,                 0,                 0,     0.07793605614,    -0.01040691008,      0.6036651123,                 0,       56.59120787,    0.002390236486
          0,           0,        1134,      -11.34944751,      -9.680708401,      -10.27748965,      -11.01998553,      -12.51629344,       -5.57628564,      -3.821829331,   2.487475406e-06,      0.1615068827,                 1,                 1,                 1,    0.001789260784,     0.01066702843,      0.6036604062,                 0,                 0,                 0,     0.07793602975,    -0.01040691399,      0.6036649465,                 0,       56.59124378,    0.002390236486
          0,           0,        1135,      -11.34959397,      -9.680708628,      -10.27748799,      -11.02016755,      -12.51628068,      -5.576385415,      -3.822238454,   2.487475406e-06,      0.1615068827,                 1,                 1,                 1,    0.001789260784,     0.01066701878,      0.6036602405,                 0,                 0,                 0,     0.07793600344,    -0.01040691786,      0.6036647806,                 0,       56.59127946,    0.002390236486
          0,           0,        1136,      -11.34968493,      -9.680708802,      -10.27748627,        -11.020276,      -12.51626782,      -5.576485167,       -3.82264443,   2.487475406e-06,      0.1615068827,                 1,                 1,                 1,    0.001789260784,     0.01066700917,      0.6036600748,                 0,                 0,                 0,      0.0779359772,    -0.01040692167,      0.6036646146,                 0,       56.59131488,    0.002390236486
          0,           0,        1137,      -11.34973099,      -9.680708932,      -10.27748434,      -11.02032399,      -12.51625484,      -5.576584898,      -3.823047351,   2.487475407e-06,      0.1615068827,                 2,                 2,                 2,    0.001789260784,     0.01066699962,       0.603659909,                 0,                 0,                 0,     0.07793595108,    -0.01040692543,      0.6036644486,                 0,       56.59135001,    0.002390236486
          0,           0,        1138,      -11.34974322,       -9.68070903,      -10.27748213,      -11.02032552,      -12.51623998,      -5.576684937,      -3.823386536,   4.974950814e-06,      0.3230137654,                 1,                 1,                 1,    0.001789260784,     0.01066698082,      0.6036595777,                 0,                 0,                 0,      0.0779358995,    -0.01040693266,      0.6036641168,                 0,       56.59141868,    0.002390236486
          0,           0,        1139,      -11.34936333,      -9.680708556,      -10.27747419,      -11.01980476,      -12.51622433,      -5.576783342,      -3.823785125,   2.487475408e-06,      0.1615068827,                 2,                 2,                 2,    0.001789260784,     0.01066697148,       0.603659412,                 0,                 0,                 0,     0.07793587385,    -0.01040693621,       0.603663951,                 0,        56.5914527,    0.002390236486
          0,           0,        1140,      -11.34955816,      -9.680708861,      -10.27747072,      -11.02003982,      -12.51620927,      -5.576883339,      -3.824120328,   4.974950817e-06,      0.3230137654,                 1,                 1,                 1,    0.001789260784,     0.01066695322,      0.6036590816,                 0,                 0,                 0,     0.07793582355,    -0.01040694293,      0.6036636201,                 0,        56.5915186,    0.002390236486
          0,           0,        1141,      -11.34943353,      -9.680708693,      -10.27746133,      -11.01984721,      -12.51619346,      -5.576981707,        -3.8245146,   2.487475409e-06,      0.1615068827,                 1,                 1,                 1,    0.001789260784,     0.01066694418,      0.6036589166,                 0,                 0,                 0,     0.07793579861,    -0.01040694621,      0.6036634549,                 0,       56.59155111,    0.002390236486
          0,           0,        1142,      -11.34974087,      -9.680709127,        -10.277458,      -11.02022799,      -12.51617998,      -5.577081331,      -3.824905923,    2.48747541e-06,      0.1615068827,                 1,                 1,                 1,    0.001789260784,     0.01066693525,      0.6036587519,                 0,                 0,                 0,     0.07793577395,    -0.01040694938,        0.60366329,                 0,       56.59158303,    0.002390236486
          0,           0,        1143,      -11.34996183,      -9.680709482,      -10.27745521,      -11.02049526,       -12.5161664,      -5.577180933,      -3.825294523,    2.48747541e-06,      0.1615068827,                 1,                 1,                 1,    0.001789260784,     0.01066692645,      0.6036585876,                 0,                 0,                 0,     0.07793574961,    -0.01040695244,      0.6036631254,                 0,       56.59161432,    0.002390236486
          0,           0,        1144,      -11.35010817,      -9.680709757,      -10.27745258,      -11.02066528,      -12.51615271,      -5.577280514,      -3.825680475,    2.48747541e-06,      0.1615068827,                 1,                 1,                 1,    0.001789260784,     0.01066691778,      0.6036584236,                 0,                 0,                 0,     0.07793572561,    -0.01040695538,      0.6036629613,                 0,       56.59164494,    0.002390236486
          0,           0,        1145,      -11.35019261,      -9.680709959,      -10.27744987,      -11.02075468,      -12.51613891,      -5.577380073,      -3.826063852,   2.487475411e-06,      0.1615068827,                 2,                 2,                 2,    0.001789260784,     0.01066690926,      0.6036582602,                 0,                 0,                 0,     0.07793570198,    -0.01040695819,      0.6036627976,                 0,       56.59167482,    0.002390236486
          0,           0,        1146,      -11.35022717,      -9.680710105,      -10.27744695,      -11.02077894,      -12.51612324,      -5.577479942,       -3.82638633,   4.974950822e-06,      0.3230137654,                 4,                 4,                 4,    0.001789260784,      0.0106668929,      0.6036579358,                 0,                 0,                 0,     0.07793565652,    -0.01040696322,      0.6036624729,                 0,       56.59173118,    0.002390236486
          0,           0,        1147,      -11.34986402,      -9.680709687,      -10.27743785,      -11.02027464,       -12.5161016,      -5.577579195,      -3.826590268,   9.949901647e-06,      0.6460275309,                 8,                 8,                 8,    0.001789260784,     0.01066686328,      0.6036572998,                 0,                 0,                 0,     0.07793557394,    -0.01040697063,      0.6036618363,                 0,       56.59182874,    0.002390236486
          0,           0,        1148,      -11.34892413,       -9.68070803,      -10.27740155,      -11.01900054,      -12.51606812,       -5.57767724,      -3.826552686,   1.989980331e-05,       1.292055062,                16,                16,                16,    0.001789260784,     0.01066681529,      0.6036560785,                 0,                 0,                 0,     0.07793544047,    -0.01040697597,       0.603660614,                 0,       56.59196887,    0.002390236486
          0,           0,        1149,      -11.34818622,      -9.680703669,      -10.27725821,      -11.01795133,      -12.51601094,      -5.577772843,      -3.825996942,   3.979960666e-05,       2.584110124,                32,                32,                32,    0.001789260784,     0.01066672946,      0.6036536747,                 0,                 0,                 0,     0.07793520557,    -0.01040697785,      0.6036582086,                 0,       56.59219883,    0.002390236486
          0,           0,        1150,      -11.34620424,      -9.680689267,      -10.27678967,       -11.0150155,      -12.51590587,      -5.577863334,      -3.824249572,   7.959921352e-05,       5.168220248,               3.2,               3.2,               3.2,    0.001789260784,     0.01066650611,      0.6036486033,                 0,                 0,                 0,     0.07793459608,    -0.01040702408,      0.6036531326,                 0,       56.59290842,    0.002390236486
          0,           0,        1151,      -11.33231633,      -9.680632915,      -10.27542998,       -10.9961265,      -12.51581292,      -5.577923139,      -3.824554041,   7.959921386e-06,      0.5168220249,               6.4,               6.4,               6.4,    0.001789260784,     0.01066648658,       0.603648106,                 0,                 0,                 0,      0.0779345405,    -0.01040702624,      0.6036526349,                 0,       56.59296538,    0.002390236486
          0,           0,        1152,      -11.30558633,      -9.680661475,      -10.27650037,      -10.96019547,      -12.51578519,      -5.578021462,       -3.82459988,   1.591984278e-05,        1.03364405,              12.8,              12.8,              12.8,    0.001789260784,     0.01066644216,      0.6036470892,                 0,                 0,                 0,     0.07793441626,    -0.01040703515,      0.6036516172,                 0,       56.59310576,    0.002390236486
          0,           0,        1153,      -11.33281568,       -9.68067188,       -10.2769391,      -10.99574875,      -12.51573822,      -5.578117673,      -3.824143628,   3.183968559e-05,         2.0672881,              25.6,              25.6,              25.6,    0.001789260784,     0.01066633092,       0.603644974,                 0,                 0,                 0,     0.07793411541,     -0.0104070725,      0.6036494993,                 0,       56.59349766,    0.002390236486
          0,           0,        1154,       -11.3498269,      -9.680660246,      -10.27689604,      -11.01927338,      -12.51565101,      -5.578209595,      -3.822617318,   6.367937128e-05,       4.134576199,              2.56,              2.56,              2.56,    0.001789260784,     0.01066606735,      0.6036406204,                 0,                 0,                 0,     0.07793341369,    -0.01040718397,      0.6036451392,                 0,       56.59448796,    0.002390236486
          0,           0,        1155,      -11.34239555,      -9.680619957,      -10.27583956,      -11.00910434,      -12.51557095,      -5.578276587,      -3.823060328,   6.367937148e-06,        0.41345762,              5.12,              5.12,              5.12,    0.001789260784,     0.01066604147,      0.6036401869,                 0,                 0,                 0,     0.07793334425,     -0.0104071947,      0.6036447051,                 0,       56.59458464,    0.002390236486
          0,           0,        1156,      -11.33124993,      -9.680642632,      -10.27643655,      -10.99316091,      -12.51554769,      -5.578375204,      -3.823256673,    1.27358743e-05,        0.82691524,             10.24,             10.24,             10.24,    0.001789260784,      0.0106659885,      0.6036393165,                 0,                 0,                 0,     0.07793320178,    -0.01040721727,      0.6036438334,                 0,       56.59478414,    0.002390236486
          0,           0,        1157,      -11.33843064,      -9.680654622,      -10.27682346,      -11.00257749,      -12.51550866,      -5.578472047,       -3.82300062,   2.547174861e-05,        1.65383048,             20.48,             20.48,             20.48,    0.001789260784,     0.01066587885,      0.6036375704,                 0,                 0,                 0,     0.07793290787,    -0.01040726591,      0.6036420845,                 0,       56.59520223,    0.002390236486
          0,           0,        1158,      -11.35342812,      -9.680647894,       -10.2768458,      -11.02340877,      -12.51543676,      -5.578565334,      -3.821830621,   5.094349729e-05,        3.30766096,             40.96,             40.96,             40.96,    0.001789260784,     0.01066565981,       0.603634117,                 0,                 0,                 0,     0.07793232562,     -0.0104073643,      0.6036386256,                 0,       56.59604075,    0.002390236486
          0,           0,        1159,      -11.34782467,      -9.680619598,      -10.27619456,      -11.01588926,      -12.51529802,      -5.578651131,      -3.818647038,   0.0001018869948,       6.615321921,             4.096,             4.096,             4.096,    0.001789260784,     0.01066531213,       0.603627863,                 0,                 0,                 0,     0.07793148261,     -0.0104074935,      0.6036323633,                 0,       56.59729931,    0.002390236486
          0,           0,        1160,      -11.32258418,      -9.680537353,      -10.27395122,      -10.98251765,      -12.51516713,      -5.578695543,      -3.819102836,   1.018869952e-05,      0.6615321922,             8.192,             8.192,             8.192,    0.001789260784,     0.01066528715,      0.6036272731,                 0,                 0,                 0,     0.07793141692,    -0.01040749788,      0.6036317728,                 0,       56.59737658,    0.002390236486
          0,           0,        1161,      -11.27800701,      -9.680585708,      -10.27588296,      -10.92457317,      -12.51513548,      -5.578792808,      -3.819095735,   2.037739905e-05,       1.323064384,            16.384,            16.384,            16.384,    0.001789260784,     0.01066523321,      0.6036260987,                 0,                 0,                 0,     0.07793128566,    -0.01040751081,      0.6036305973,                 0,       56.59755273,    0.002390236486
          0,           0,        1162,      -11.32983886,      -9.680603986,      -10.27648015,      -10.99082338,      -12.51507681,       -5.57888697,      -3.818239094,   4.075479815e-05,       2.646128769,            32.768,            32.768,            32.768,    0.001789260784,      0.0106651022,      0.6036237242,                 0,                 0,                 0,      0.0779309934,    -0.01040755886,      0.6036282196,                 0,        56.5980253,    0.002390236486
          0,           0,        1163,      -11.35152488,      -9.680589594,      -10.27633982,      -11.02083989,       -12.5149619,      -5.578974765,      -3.815635467,   8.150959645e-05,       5.292257538,            3.2768,            3.2768,            3.2768,    0.001789260784,     0.01066481816,      0.6036189616,                 0,                 0,                 0,      0.0779303628,    -0.01040767652,        0.60362345,                 0,       56.59908615,    0.002390236486
          0,           0,        1164,      -11.33975538,      -9.680529816,      -10.27468615,      -11.00525071,      -12.51484959,       -5.57902877,      -3.816333935,   8.150959671e-06,      0.5292257539,            6.5536,            6.5536,            6.5536,    0.001789260784,      0.0106647928,      0.6036184973,                 0,                 0,                 0,     0.07793030577,    -0.01040768566,      0.6036229852,                 0,       56.59917718,    0.002390236486
          0,           0,        1165,      -11.31294852,      -9.680566283,      -10.27584333,      -10.96872164,      -12.51482396,      -5.579126493,      -3.816604802,   1.630191935e-05,       1.058451508,           13.1072,           13.1072,           13.1072,    0.001789260784,     0.01066473967,      0.6036175624,                 0,                 0,                 0,     0.07793018613,    -0.01040770613,      0.6036220489,                 0,       56.59937151,    0.002390236486
          0,           0,        1166,      -11.33654009,      -9.680583951,      -10.27638424,      -10.99971556,      -12.51477614,      -5.579221586,      -3.816128698,   3.260383872e-05,       2.116903016,           26.2144,           26.2144,           26.2144,    0.001789260784,     0.01066462251,      0.6036156569,                 0,                 0,                 0,     0.07792992103,    -0.01040775672,      0.6036201405,                 0,       56.59981462,    0.002390236486
          0,           0,        1167,      -11.35708697,      -9.680575656,      -10.27636175,      -11.02836725,       -12.5146821,      -5.579311363,      -3.814189308,   6.520767752e-05,       4.233806032,           2.62144,           2.62144,           2.62144,    0.001789260784,     0.01066438146,      0.6036117801,                 0,                 0,                 0,     0.07792935801,    -0.01040786232,      0.6036162577,                 0,       56.60073041,    0.002390236486
          0,           0,        1168,      -11.34856998,      -9.680535368,       -10.2752823,       -11.0168964,      -12.51458816,      -5.579373698,      -3.815044899,   6.520767768e-06,      0.4233806032,           5.24288,           5.24288,           5.24288,    0.001789260784,     0.01066435831,      0.6036113958,                 0,                 0,                 0,     0.07792930345,    -0.01040787205,      0.6036158728,                 0,       56.60081725,    0.002390236486
          0,           0,        1169,      -11.33605758,        -9.6805605,      -10.27592003,      -10.99894512,      -12.51456762,      -5.579471833,      -3.815527337,   1.304153554e-05,      0.8467612065,          10.48576,          10.48576,          10.48576,    0.001789260784,     0.01066431206,      0.6036106244,                 0,                 0,                 0,     0.07792919302,    -0.01040789134,      0.6036151003,                 0,       56.60099037,    0.002390236486
          0,           0,        1170,      -11.34445943,      -9.680574867,      -10.27632429,      -11.01014353,      -12.51452895,      -5.579567781,      -3.815377985,   2.608307109e-05,       1.693522413,          20.97152,          20.97152,          20.97152,    0.001789260784,     0.01066421895,      0.6036090703,                 0,                 0,                 0,     0.07792896798,    -0.01040793016,      0.6036135438,                 0,       56.60133884,    0.002390236486
          0,           0,        1171,      -11.36042266,      -9.680570329,      -10.27634284,      -11.03264777,      -12.51445266,      -5.579659353,      -3.814031716,   5.216614224e-05,       3.387044826,          41.94304,          41.94304,          41.94304,    0.001789260784,      0.0106640343,       0.603605919,                 0,                 0,                 0,      0.0779285136,    -0.01040800473,       0.603610388,                 0,       56.60202343,    0.002390236486
          0,           0,        1172,      -11.35401499,      -9.680544293,      -10.27564323,      -11.02408167,      -12.51430011,      -5.579741782,      -3.810189313,   0.0001043322847,       6.774089653,          4.194304,          4.194304,          4.194304,    0.001789260784,     0.01066371562,       0.603599828,                 0,                 0,                 0,     0.07792779314,    -0.01040811063,      0.6036042896,                 0,       56.60314372,    0.002390236486
          0,           0,        1173,      -11.32511516,      -9.680465266,      -10.27327044,       -10.9858237,      -12.51414484,      -5.579778761,      -3.810992605,    1.04332285e-05,      0.6774089654,          8.388608,          8.388608,          8.388608,    0.001789260784,     0.01066369414,      0.6035992537,                 0,                 0,                 0,     0.07792774022,    -0.01040811205,      0.6036037149,                 0,       56.60320387,    0.002390236486
          0,           0,        1174,      -11.27701771,      -9.680517509,      -10.27532592,      -10.92330056,      -12.51411452,      -5.579875303,      -3.811195895,   2.086645702e-05,       1.354817931,         16.777216,         16.777216,         16.777216,    0.001789260784,     0.01066364385,      0.6035980866,                 0,                 0,                 0,     0.07792762551,    -0.01040812158,      0.6036025468,                 0,       56.60336137,    0.002390236486
          0,           0,        1175,      -11.33316715,      -9.680538686,       -10.2759377,      -10.99525819,      -12.51405342,      -5.579968083,      -3.810343695,   4.173291408e-05,       2.709635862,         33.554432,         33.554432,         33.554432,    0.001789260784,     0.01066350861,      0.6035956473,                 0,                 0,                 0,     0.07792733408,    -0.01040817161,      0.6036001043,                 0,       56.60385051,    0.002390236486
          0,           0,        1176,      -11.35496048,      -9.680526574,      -10.27577641,      -11.02577003,      -12.51392864,      -5.580053169,      -3.807398948,   8.346582832e-05,       5.419271724,         3.3554432,         3.3554432,         3.3554432,    0.001789260784,     0.01066320483,      0.6035906432,                 0,                 0,                 0,      0.0779266687,    -0.01040830057,      0.6035950926,                 0,       56.60499381,    0.002390236486
          0,           0,        1177,      -11.34084578,      -9.680468369,       -10.2740155,      -11.00715431,       -12.5137982,      -5.580101202,      -3.808444789,   8.346582864e-06,      0.5419271725,         6.7108864,         6.7108864,         6.7108864,    0.001789260784,     0.01066317769,      0.6035901548,                 0,                 0,                 0,     0.07792660838,    -0.01040831065,      0.6035946035,                 0,       56.60509207,    0.002390236486
          0,           0,        1178,      -11.31127823,      -9.680507423,      -10.27525803,      -10.96690038,      -12.51377459,      -5.580198341,      -3.808959554,   1.669316573e-05,       1.083854345,        13.4217728,        13.4217728,        13.4217728,    0.001789260784,     0.01066312054,      0.6035891676,                 0,                 0,                 0,     0.07792648089,    -0.01040833331,       0.603593615,                 0,       56.60530286,    0.002390236486
          0,           0,        1179,       -11.3373215,      -9.680526988,      -10.27581642,      -11.00122237,      -12.51372581,      -5.580292322,      -3.808573668,    3.33863315e-05,        2.16770869,        1.34217728,        1.34217728,        1.34217728,    0.001789260784,     0.01066299537,      0.6035871552,                 0,                 0,                 0,     0.07792620058,    -0.01040838817,      0.6035915994,                 0,       56.60577862,    0.002390236486
          0,           0,        1180,      -11.35820407,      -9.680520114,      -10.27577715,      -11.03060694,      -12.51367358,      -5.580371493,      -3.809847743,   3.338633156e-06,       0.216770869,                 1,                 1,                 1,    0.001789260784,     0.01066298274,      0.6035869538,                 0,                 0,                 0,     0.07792617241,    -0.01040839377,      0.6035913977,                 0,       56.60582678,    0.002390236486
          0,           0,        1181,      -11.35924173,      -9.680527721,       -10.2758161,      -11.03168329,      -12.51366857,      -5.580469904,      -3.811092288,   2.487475541e-06,      0.1615068831,                 1,                 1,                 1,    0.001789260784,     0.01066297325,      0.6035868035,                 0,                 0,                 0,     0.07792615123,      -0.010408398,      0.6035912471,                 0,       56.60586305,    0.002390236486
          0,           0,        1182,      -11.35882153,      -9.680532493,      -10.27584958,      -11.03092083,       -12.5136648,      -5.580568842,      -3.812264133,   2.487475542e-06,      0.1615068831,                 1,                 1,                 1,    0.001789260784,     0.01066296369,      0.6035866529,                 0,                 0,                 0,     0.07792612987,     -0.0104084023,      0.6035910963,                 0,       56.60589966,    0.002390236486
          0,           0,        1183,       -11.3585556,       -9.68053616,       -10.2758743,      -11.03047415,      -12.51366093,      -5.580667758,      -3.813371056,   2.487475542e-06,      0.1615068831,                 1,                 1,                 1,    0.001789260784,     0.01066295408,       0.603586502,                 0,                 0,                 0,     0.07792610834,    -0.01040840664,      0.6035909452,                 0,       56.60593655,    0.002390236486
          0,           0,        1184,      -11.35865588,      -9.680538913,      -10.27588899,      -11.03060796,      -12.51365695,      -5.580766653,      -3.814419814,   2.487475542e-06,      0.1615068831,                 1,                 1,                 1,    0.001789260784,     0.01066294441,      0.6035863509,                 0,                 0,                 0,     0.07792608666,    -0.01040841103,      0.6035907938,                 0,       56.60597369,    0.002390236486
          0,           0,        1185,      -11.35882549,      -9.680540974,      -10.27589644,      -11.03088455,      -12.51365287,      -5.580865528,      -3.815416332,   2.487475543e-06,      0.1615068831,                 1,                 1,                 1,    0.001789260784,     0.01066293471,      0.6035861996,                 0,                 0,                 0,     0.07792606484,    -0.01040841545,      0.6035906423,                 0,       56.60601103,    0.002390236486
          0,           0,        1186,      -11.35874518,      -9.680542564,      -10.27590008,      -11.03083955,      -12.51364867,      -5.580964383,      -3.816365815,   2.487475543e-06,      0.1615068831,                 1,                 1,                 1,    0.001789260784,     0.01066292496,      0.6035860481,                 0,                 0,                 0,      0.0779260429,     -0.0104084199,      0.6035904905,                 0,       56.60604854,    0.002390236486
          0,           0,        1187,       -11.3583038,      -9.680543869,      -10.27590217,      -11.03030244,      -12.51364436,      -5.581063217,      -3.817272836,   2.487475543e-06,      0.1615068831,                 1,                 1,                 1,    0.001789260784,     0.01066291519,      0.6035858965,                 0,                 0,                 0,     0.07792602084,    -0.01040842437,      0.6035903386,                 0,       56.60608621,    0.002390236486
          0,           0,        1188,       -11.3575976,      -9.680545037,      -10.27590358,      -11.02939615,      -12.51363992,      -5.581162032,      -3.818141428,   2.487475544e-06,      0.1615068831,                 1,                 1,                 1,    0.001789260784,     0.01066290539,      0.6035857447,                 0,                 0,                 0,     0.07792599867,    -0.01040842887,      0.6035901866,                 0,       56.60612399,    0.002390236486
          0,           0,        1189,      -11.35681719,      -9.680546167,      -10.27590434,      -11.02837917,      -12.51363536,      -5.581260827,      -3.818975148,   2.487475544e-06,      0.1615068831,                 1,                 1,                 1,    0.001789260784,     0.01066289557,      0.6035855927,                 0,                 0,                 0,     0.07792597641,    -0.01040843338,      0.6035900344,                 0,       56.60616189,    0.002390236486
          0,           0,        1190,      -11.35613561,      -9.680547315,       -10.2759043,      -11.02748829,      -12.51363067,      -5.581359602,       -3.81977714,   2.487475544e-06,      0.1615068831,                 1,                 1,                 1,    0.001789260784,     0.01066288572,      0.6035854406,                 0,                 0,                 0,     0.07792595405,    -0.01040843791,       0.603589882,                 0,       56.60619988,    0.002390236486
          0,           0,        1191,      -11.35565012,      -9.680548503,      -10.27590349,       -11.0268572,      -12.51362586,      -5.581458358,      -3.820550193,   2.487475545e-06,      0.1615068831,                 1,                 1,                 1,    0.001789260784,     0.01066287586,      0.6035852884,                 0,                 0,                 0,      0.0779259316,    -0.01040844245,      0.6035897296,                 0,       56.60623795,    0.002390236486
          0,           0,        1192,      -11.35537936,      -9.680549728,      -10.27590216,      -11.02651195,      -12.51362047,      -5.581557094,      -3.821296782,   2.487475545e-06,      0.1615068831,                 1,                 1,                 1,    0.001789260784,     0.01066286599,      0.6035851361,                 0,                 0,                 0,     0.07792590907,    -0.01040844701,       0.603589577,                 0,       56.60627609,    0.002390236486
          0,           0,        1193,      -11.35528889,      -9.680550972,      -10.27590072,      -11.02640607,      -12.51360779,       -5.58165581,       -3.82201911,   2.487475545e-06,      0.1615068831,                 1,                 1,                 1,    0.001789260784,      0.0106628561,      0.6035849836,                 0,                 0,                 0,     0.07792588646,    -0.01040845157,      0.6035894243,                 0,       56.60631429,    0.002390236486
          0,           0,        1194,      -11.35532353,      -9.680552207,       -10.2758995,      -11.02646449,      -12.51359501,      -5.581754507,      -3.822719142,   2.487475546e-06,      0.1615068831,                 1,                 1,                 1,    0.001789260784,      0.0106628462,      0.6035848311,                 0,                 0,                 0,     0.07792586378,    -0.01040845614,      0.6035892715,                 0,       56.60635253,    0.002390236486
          0,           0,        1195,      -11.35542971,      -9.680553407,      -10.27589877,      -11.02661441,      -12.51358212,      -5.581853183,      -3.823398635,   2.487475546e-06,      0.1615068831,                 1,                 1,                 1,    0.001789260784,      0.0106628363,      0.6035846785,                 0,                 0,                 0,     0.07792584103,    -0.01040846071,      0.6035891186,                 0,       56.60639081,    0.002390236486
          0,           0,        1196,      -11.35556673,      -9.680554548,      -10.27589862,      -11.02680053,      -12.51356912,      -5.581951839,      -3.824059161,   2.487475546e-06,      0.1615068831,                 1,                 1,                 1,    0.001789260784,     0.01066282638,      0.6035845258,                 0,                 0,                 0,     0.07792581821,    -0.01040846529,      0.6035889657,                 0,       56.60642911,    0.002390236486
          0,           0,        1197,      -11.35570837,      -9.680555611,      -10.27589907,      -11.02698761,      -12.51355602,      -5.582050474,      -3.824702135,   2.487475547e-06,      0.1615068831,                 1,                 1,                 1,    0.001789260784,     0.01066281647,       0.603584373,                 0,                 0,                 0,     0.07792579533,    -0.01040846987,      0.6035888127,                 0,       56.60646743,    0.002390236486
          0,           0,        1198,      -11.35584039,      -9.680556586,      -10.27590003,      -11.02715696,      -12.51354281,      -5.582149089,      -3.825328827,   2.487475547e-06,      0.1615068831,                 1,                 1,                 1,    0.001789260784,     0.01066280655,      0.6035842202,                 0,                 0,                 0,      0.0779257724,    -0.01040847445,      0.6035886596,                 0,       56.60650575,    0.002390236486
          0,           0,        1199,      -11.35595631,      -9.680557467,      -10.27590145,      -11.02730075,      -12.51352951,      -5.582247684,      -3.825940383,   2.487475547e-06,      0.1615068831,                 1,                 1,                 1,    0.001789260784,     0.01066279663,      0.6035840672,                 0,                 0,                 0,     0.07792574941,    -0.01040847902,      0.6035885064,                 0,       56.60654405,    0.002390236486
