# vtk DataFile Version 3.0
AERIS surface mesh v3
ASCII
DATASET STRUCTURED_GRID
DIMENSIONS 51 49 1
POINTS 2499 double
9.0024999872e-01 3.3159315263e-08 -7.9810670100e-07
9.0017621096e-01 7.3617034714e-06 -1.7718776232e-04
8.9999920120e-01 1.0377861576e-05 -2.4978322985e-04
8.9968068841e-01 1.0374188776e-05 -2.7105024070e-04
8.9929166924e-01 1.0369702941e-05 -2.9646235179e-04
8.9881653093e-01 1.0364224039e-05 -3.2712262188e-04
8.9823614073e-01 1.0357531469e-05 -3.6482867807e-04
8.9752741613e-01 1.0349359123e-05 -4.1274264141e-04
8.9666216373e-01 1.0339382046e-05 -4.7665074380e-04
8.9560566990e-01 1.0327199971e-05 -5.5943950538e-04
8.9431545591e-01 1.0312323042e-05 -6.6308675000e-04
8.9273996613e-01 1.0294156875e-05 -7.9402876477e-04
8.9081627406e-01 1.0271976044e-05 -9.6145513179e-04
8.8846782382e-01 1.0244898077e-05 -1.1786619644e-03
8.8560137119e-01 1.0211848224e-05 -1.4643158624e-03
8.8210244986e-01 1.0171506867e-05 -1.8342993213e-03
8.7783170106e-01 1.0122267584e-05 -2.3124321316e-03
8.7261919506e-01 1.0062171608e-05 -2.9293580404e-03
8.6625780147e-01 9.9888314749e-06 -3.7253578661e-03
8.5849503779e-01 9.8993370815e-06 -4.7524696075e-03
8.4902080581e-01 9.7901137300e-06 -6.0605331997e-03
8.3745921422e-01 9.6568290509e-06 -7.7307836172e-03
8.2334656079e-01 9.4941373846e-06 -9.8303774555e-03
8.0611824318e-01 9.2955303497e-06 -1.2454018798e-02
7.8507760945e-01 9.0529756743e-06 -1.5672238752e-02
7.5937429367e-01 8.7566689392e-06 -1.9575145780e-02
7.2796145141e-01 8.3945383052e-06 -2.4216831019e-02
6.8954872570e-01 7.9517004502e-06 -2.9572112860e-02
6.4254955326e-01 7.4098512810e-06 -3.5494643696e-02
5.8501755301e-01 6.7465291138e-06 -4.1631267494e-02
5.1459592785e-01 5.9345350784e-06 -4.7530164364e-02
4.2876162912e-01 4.9447510872e-06 -5.2692054028e-02
3.4693318214e-01 4.0010692502e-06 -5.5150767082e-02
2.7990697502e-01 3.2280164038e-06 -5.5073871613e-02
2.2506036271e-01 2.5953745476e-06 -5.3287094943e-02
1.8023657840e-01 2.0782845014e-06 -5.0224836980e-02
1.4364561857e-01 1.6561221382e-06 -4.6456500736e-02
1.1381026256e-01 1.3118634404e-06 -4.2350866479e-02
8.9517004122e-02 1.0315205498e-06 -3.8129959491e-02
6.9765889598e-02 8.0356639515e-07 -3.3955184002e-02
5.3732461459e-02 6.1849632267e-07 -2.9942430518e-02
4.0746694962e-02 4.6858420886e-07 -2.6136225111e-02
3.0270529237e-02 3.4762418071e-07 -2.2533257318e-02
2.1850633006e-02 2.5038870565e-07 -1.9160299754e-02
1.5128554726e-02 1.7274311956e-07 -1.6005243890e-02
9.8390814027e-03 1.1162639197e-07 -1.3008787383e-02
5.7187738204e-03 6.4001928252e-08 -1.0219662870e-02
2.6838577463e-03 2.8898601912e-08 -7.5044573174e-03
7.9669831937e-04 7.0320831344e-09 -4.7648230112e-03
5.6040603886e-05 -8.3988576255e-20 -1.3716375418e-03
2.1138913213e-04 1.7619498490e-19 2.8774824712e-03
8.6601365596e-01 7.0077422077e-02 5.7102921790e-03
8.6594108527e-01 7.0083659072e-02 5.5333564652e-03
8.6576457989e-01 7.0086261551e-02 5.4595273994e-03
8.6545720146e-01 7.0086258283e-02 5.4368960912e-03
8.6508178054e-01 7.0086254292e-02 5.4098061389e-03
8.6462316903e-01 7.0086249416e-02 5.3770619509e-03
8.6406308102e-01 7.0086243461e-02 5.3367102388e-03
8.6337914103e-01 7.0086236189e-02 5.2852853777e-03
8.6254421147e-01 7.0086227312e-02 5.2169182752e-03
8.6152473991e-01 7.0086216473e-02 5.1297004047e-03
8.6027976536e-01 7.0086203235e-02 5.0205038261e-03
8.5875954974e-01 7.0086187071e-02 4.8826293926e-03
8.5690346569e-01 7.0086167336e-02 4.7064709412e-03
8.5463775341e-01 7.0086143244e-02 4.4780132769e-03
8.5187245388e-01 7.0086113840e-02 4.1793392383e-03
8.4849712744e-01 7.0086077948e-02 3.7945728611e-03
8.4437751293e-01 7.0086034140e-02 3.2988331396e-03
8.3934971569e-01 7.0085980674e-02 2.6616366502e-03
8.3321432423e-01 7.0085915428e-02 1.8406099554e-03
8.2572756152e-01 7.0085835809e-02 7.8663888126e-04
8.1659043780e-01 7.0085738637e-02 -5.5105690676e-04
8.0544086018e-01 7.0085620059e-02 -2.2553038052e-03
7.9183024539e-01 7.0085475307e-02 -4.3855101572e-03
7.7521483167e-01 7.0085298595e-02 -7.0419164595e-03
7.5492096671e-01 7.0085082761e-02 -1.0288030248e-02
7.3012692953e-01 7.0084819068e-02 -1.4208388362e-02
6.9982062845e-01 7.0084496756e-02 -1.8849858259e-02
6.6275411019e-01 7.0084102561e-02 -2.4179085508e-02
6.1739171024e-01 7.0083620168e-02 -3.0031379614e-02
5.6185204473e-01 7.0083029593e-02 -3.6046744255e-02
4.9386619665e-01 7.0082306734e-02 -4.1850007914e-02
4.1303733710e-01 7.0081447400e-02 -4.6746639868e-02
3.4124825594e-01 7.0080684261e-02 -4.8848381325e-02
2.8244678926e-01 7.0080059254e-02 -4.8779030125e-02
2.3433234313e-01 7.0079547902e-02 -4.7153146446e-02
1.9501243115e-01 7.0079130073e-02 -4.4413064252e-02
1.6291408362e-01 7.0078789025e-02 -4.1082967790e-02
1.3674282097e-01 7.0078510989e-02 -3.7459465863e-02
1.1543398885e-01 7.0078284640e-02 -3.3736642382e-02
9.8109793904e-02 7.0078100642e-02 -3.0058259291e-02
8.4049825071e-02 7.0077951336e-02 -2.6514318528e-02
7.2660682438e-02 7.0077830410e-02 -2.3164896106e-02
6.3479364987e-02 7.0077732946e-02 -1.9976799751e-02
5.6099724305e-02 7.0077654623e-02 -1.7000387656e-02
5.0215672003e-02 7.0077592190e-02 -1.4205052324e-02
4.5585851921e-02 7.0077543083e-02 -1.1557392419e-02
4.1989705958e-02 7.0077504956e-02 -9.0842910451e-03
3.9348910263e-02 7.0077476980e-02 -6.6787722224e-03
3.7732879316e-02 7.0077459899e-02 -4.2370352783e-03
3.7082641203e-02 7.0077454565e-02 -1.1763670759e-03
3.7205657676e-02 7.0077454565e-02 2.6509728867e-03
8.2924015018e-01 1.3304591690e-01 9.9225064466e-03
8.2916869566e-01 1.3305099077e-01 9.7450799524e-03
8.2899265893e-01 1.3305313424e-01 9.6701257980e-03
8.2869796810e-01 1.3305313144e-01 9.6465844718e-03
8.2833814719e-01 1.3305312802e-01 9.6183817567e-03
8.2789852766e-01 1.3305312384e-01 9.5842237114e-03
8.2736161708e-01 1.3305311873e-01 9.5420109076e-03
8.2670604954e-01 1.3305311250e-01 9.4880559365e-03
8.2590583283e-01 1.3305310489e-01 9.4165429680e-03
8.2492865889e-01 1.3305309559e-01 9.3263959616e-03
8.2373542226e-01 1.3305308425e-01 9.2135172633e-03
8.2227842901e-01 1.3305307039e-01 9.0709614913e-03
8.2049968260e-01 1.3305305347e-01 8.8887055001e-03
8.1832858328e-01 1.3305303282e-01 8.6521117037e-03
8.1567882147e-01 1.3305300762e-01 8.3451353259e-03
8.1244469779e-01 1.3305297685e-01 7.9507963556e-03
8.0849765771e-01 1.3305293930e-01 7.4441960652e-03
8.0368077287e-01 1.3305289348e-01 6.7947019295e-03
7.9780325747e-01 1.3305283755e-01 5.9592493916e-03
7.9063122204e-01 1.3305276931e-01 4.8921818773e-03
7.8187868744e-01 1.3305268602e-01 3.5400329179e-03
7.7119836273e-01 1.3305258439e-01 1.8246757845e-03
7.5816012194e-01 1.3305246031e-01 -3.1201039821e-04
7.4224185758e-01 1.3305230882e-01 -2.9622513829e-03
7.2279877028e-01 1.3305212378e-01 -6.1964250283e-03
6.9904035560e-01 1.3305189768e-01 -1.0082474801e-02
6.6999404564e-01 1.3305162127e-01 -1.4655797513e-02
6.3446043110e-01 1.3305128317e-01 -1.9869962369e-02
5.9096264078e-01 1.3305086936e-01 -2.5536020834e-02
5.3769756405e-01 1.3305036274e-01 -3.1307267165e-02
4.7249567512e-01 1.3304974272e-01 -3.6871688566e-02
3.9924619341e-01 1.3304904636e-01 -4.1191154738e-02
3.3763701260e-01 1.3304846085e-01 -4.2850451522e-02
2.8717766416e-01 1.3304798145e-01 -4.2689081255e-02
2.4589386173e-01 1.3304758935e-01 -4.1154964650e-02
2.1215899816e-01 1.3304726907e-01 -3.8704017231e-02
1.8462199175e-01 1.3304700771e-01 -3.5773339809e-02
1.6217231733e-01 1.3304679472e-01 -3.2601516005e-02
1.4389525688e-01 1.3304662137e-01 -2.9357107782e-02
1.2903702645e-01 1.3304648051e-01 -2.6161580481e-02
1.1698210982e-01 1.3304636627e-01 -2.3078955527e-02
1.0721889762e-01 1.3304627378e-01 -2.0170698742e-02
9.9353171077e-02 1.3304619931e-01 -1.7396994180e-02
9.3033455061e-02 1.3304613951e-01 -1.4810978576e-02
8.8002394565e-02 1.3304609194e-01 -1.2374560393e-02
8.4042230796e-02 1.3304605453e-01 -1.0079874084e-02
8.0981004384e-02 1.3304602565e-01 -7.9226000501e-03
7.8741241619e-02 1.3304600457e-01 -5.8301755007e-03
7.7399962069e-02 1.3304599203e-01 -3.6877813063e-03
7.6844312445e-02 1.3304598825e-01 -9.7696164982e-04
7.6941462163e-02 1.3304598825e-01 2.4072456063e-03
7.9939463637e-01 1.9118569469e-01 1.3106165444e-02
7.9932421107e-01 1.9118966592e-01 1.2928299882e-02
7.9914861157e-01 1.9119136243e-01 1.2852315738e-02
7.9886452113e-01 1.9119136376e-01 1.2827984452e-02
7.9851750696e-01 1.9119136531e-01 1.2798800590e-02
7.9809368442e-01 1.9119136717e-01 1.2763409602e-02
7.9757602233e-01 1.9119136953e-01 1.2719569062e-02
7.9694403234e-01 1.9119137280e-01 1.2663254606e-02
7.9617257052e-01 1.9119137753e-01 1.2589223858e-02
7.9523055333e-01 1.9119138365e-01 1.2496476395e-02
7.9408023363e-01 1.9119139151e-01 1.2380336874e-02
7.9267573367e-01 1.9119140182e-01 1.2233590073e-02
7.9096117246e-01 1.9119141560e-01 1.2045862640e-02
7.8886864162e-01 1.9119143448e-01 1.1802148168e-02
7.8631479319e-01 1.9119145986e-01 1.1488019175e-02
7.8319791211e-01 1.9119149357e-01 1.1085204037e-02
7.7939417466e-01 1.9119153819e-01 1.0568894665e-02
7.7475247378e-01 1.9119159695e-01 9.9081128937e-03
7.6908906147e-01 1.9119167452e-01 9.0601226288e-03
7.6217820001e-01 1.9119177525e-01 7.9821592626e-03
7.5374520523e-01 1.9119190536e-01 6.6155977027e-03
7.4345397808e-01 1.9119207192e-01 4.8925926047e-03
7.3089109315e-01 1.9119228109e-01 2.7476356130e-03
7.1555094298e-01 1.9119254005e-01 1.0327738447e-04
6.9681310564e-01 1.9119285524e-01 -3.1187703525e-03
6.7391337588e-01 1.9119322914e-01 -6.9760871750e-03
6.4591104884e-01 1.9119365777e-01 -1.1489621130e-02
6.1164652594e-01 1.9119412413e-01 -1.6599061368e-02
5.6969213956e-01 1.9119458861e-01 -2.2097345720e-02
5.1831196644e-01 1.9119499379e-01 -2.7666846113e-02
4.5541668266e-01 1.9119528498e-01 -3.3027859683e-02
3.8999231232e-01 1.9119532846e-01 -3.6759102225e-02
3.3624306915e-01 1.9119512365e-01 -3.8113682901e-02
2.9222393027e-01 1.9119476695e-01 -3.7878829208e-02
2.5621276565e-01 1.9119429958e-01 -3.6437954655e-02
2.2678798663e-01 1.9119377316e-01 -3.4232545398e-02
2.0277118625e-01 1.9119322928e-01 -3.1620088835e-02
1.8319354911e-01 1.9119268938e-01 -2.8803725262e-02
1.6725634547e-01 1.9119216855e-01 -2.5932614951e-02
1.5430059440e-01 1.9119167731e-01 -2.3116072702e-02
1.4379128213e-01 1.9119121798e-01 -2.0398524132e-02
1.3528416788e-01 1.9119079405e-01 -1.7828057951e-02
1.2843158068e-01 1.9119039976e-01 -1.5381822369e-02
1.2292904680e-01 1.9119003851e-01 -1.3100030942e-02
1.1855546692e-01 1.9118970312e-01 -1.0943180847e-02
1.1510904312e-01 1.9118939431e-01 -8.9268024103e-03
1.1246019350e-01 1.9118910595e-01 -7.0142531082e-03
1.1053049764e-01 1.9118883163e-01 -5.1639191912e-03
1.0939195471e-01 1.9118855509e-01 -3.2564219988e-03
1.0890926144e-01 1.9118821045e-01 -8.2306537677e-04
1.0898683001e-01 1.9118778360e-01 2.2100363724e-03
7.7154385702e-01 2.4421179330e-01 1.5373756078e-02
7.7147437334e-01 2.4421512031e-01 1.5195507371e-02
7.7129917814e-01 2.4421655597e-01 1.5118590328e-02
7.7102592296e-01 2.4421660357e-01 1.5093750698e-02
7.7069217387e-01 2.4421666069e-01 1.5063941070e-02
7.7028453645e-01 2.4421673006e-01 1.5027733677e-02
7.6978670441e-01 2.4421681627e-01 1.4982748314e-02
7.6917894164e-01 2.4421692736e-01 1.4924819829e-02
7.6843708298e-01 2.4421707261e-01 1.4849148068e-02
7.6753114145e-01 2.4421725376e-01 1.4754800743e-02
7.6642494343e-01 2.4421748078e-01 1.4636592967e-02
7.6507439284e-01 2.4421776798e-01 1.4487117865e-02
7.6342582206e-01 2.4421813591e-01 1.4295722500e-02
7.6141398566e-01 2.4421861334e-01 1.4047531319e-02
7.5895864322e-01 2.4421922614e-01 1.3729130952e-02
7.5596218042e-01 2.4422001108e-01 1.3321474474e-02
7.5230553886e-01 2.4422101520e-01 1.2800206526e-02
7.4784369951e-01 2.4422230006e-01 1.2133479766e-02
7.4239994392e-01 2.4422394494e-01 1.1280270708e-02
7.3575699424e-01 2.4422602802e-01 1.0200079232e-02
7.2765174422e-01 2.4422867145e-01 8.8297268409e-03
7.1775926095e-01 2.4423198306e-01 7.1133193610e-03
7.0568384371e-01 2.4423610869e-01 4.9753204728e-03
6.9093669459e-01 2.4424116754e-01 2.3537810406e-03
6.7292108994e-01 2.4424730906e-01 -8.2894692265e-04
6.5090147681e-01 2.4425463968e-01 -4.6285610452e-03
6.2396965335e-01 2.4426316514e-01 -9.0491536290e-03
5.9100694775e-01 2.4427273428e-01 -1.4014363085e-02
5.5063803042e-01 2.4428292395e-01 -1.9308200803e-02
5.0119725239e-01 2.4429318951e-01 -2.4652541370e-02
4.4095943057e-01 2.4430291726e-01 -2.9733800479e-02
3.8380723683e-01 2.4430880251e-01 -3.2834088415e-02
3.3695838589e-01 2.4431079846e-01 -3.3920211296e-02
2.9859320772e-01 2.4431010994e-01 -3.3614389711e-02
2.6721098576e-01 2.4430739173e-01 -3.2255415115e-02
2.4157007391e-01 2.4430346385e-01 -3.0266787863e-02
2.2064374905e-01 2.4429887787e-01 -2.7933595887e-02
2.0358732588e-01 2.4429397113e-01 -2.5430474843e-02
1.8970437053e-01 2.4428899284e-01 -2.2886535010e-02
1.7841970038e-01 2.4428413048e-01 -2.0398963569e-02
1.6926664931e-01 2.4427945473e-01 -1.8004718548e-02
1.6186328381e-01 2.4427501127e-01 -1.5727781661e-02
1.5589897370e-01 2.4427080825e-01 -1.3572738168e-02
1.5111389283e-01 2.4426688120e-01 -1.1558202041e-02
1.4731660024e-01 2.4426316136e-01 -9.6490359662e-03
1.4432070851e-01 2.4425971226e-01 -7.8781623660e-03
1.4203211804e-01 2.4425641260e-01 -6.1832842325e-03
1.4037418291e-01 2.4425322771e-01 -4.5466638419e-03
1.3941072737e-01 2.4424992244e-01 -2.8472241728e-03
1.3898991356e-01 2.4424568537e-01 -6.6726098589e-04
1.3905172892e-01 2.4424040935e-01 2.0470742874e-03
7.4879452697e-01 2.9337889391e-01 1.7254337530e-02
7.4872592133e-01 2.9338274609e-01 1.7075759592e-02
7.4855110678e-01 2.9338442378e-01 1.6997986148e-02
7.4828719284e-01 2.9338460857e-01 1.6972705214e-02
7.4796494146e-01 2.9338483042e-01 1.6942354969e-02
7.4757124887e-01 2.9338510034e-01 1.6905429532e-02
7.4709053995e-01 2.9338543627e-01 1.6859470648e-02
7.4650366455e-01 2.9338587133e-01 1.6799938194e-02
7.4578730634e-01 2.9338643294e-01 1.6723075421e-02
7.4491254564e-01 2.9338713257e-01 1.6627316677e-02
7.4384442120e-01 2.9338800950e-01 1.6507281379e-02
7.4254044315e-01 2.9338911930e-01 1.6355354265e-02
7.4094885494e-01 2.9339054140e-01 1.6160649174e-02
7.3900665244e-01 2.9339238104e-01 1.5908736020e-02
7.3663637351e-01 2.9339473348e-01 1.5586565322e-02
7.3374383890e-01 2.9339774015e-01 1.5174750233e-02
7.3021419057e-01 2.9340157718e-01 1.4649148979e-02
7.2590764029e-01 2.9340648194e-01 1.3977220094e-02
7.2065344851e-01 2.9341273964e-01 1.3119863726e-02
7.1424187664e-01 2.9342064215e-01 1.2037081027e-02
7.0641935650e-01 2.9343065775e-01 1.0664664293e-02
6.9687109444e-01 2.9344314526e-01 8.9534590823e-03
6.8521583422e-01 2.9345868005e-01 6.8246004185e-03
6.7098038633e-01 2.9347766706e-01 4.2226514386e-03
6.5358767622e-01 2.9350063740e-01 1.0748923430e-03
6.3232600998e-01 2.9352795070e-01 -2.6678146568e-03
6.0631638013e-01 2.9355958235e-01 -7.0017933589e-03
5.7447523553e-01 2.9359487138e-01 -1.1835938008e-02
5.3547245711e-01 2.9363219187e-01 -1.6946578813e-02
4.8770461166e-01 2.9366986888e-01 -2.2103225846e-02
4.3091776870e-01 2.9370439276e-01 -2.6823954464e-02
3.8049903850e-01 2.9372357221e-01 -2.9440186744e-02
3.3917342997e-01 2.9373015620e-01 -3.0330238891e-02
3.0533345997e-01 2.9372759787e-01 -2.9967654932e-02
2.7765560691e-01 2.9371834578e-01 -2.8688152910e-02
2.5504259886e-01 2.9370524469e-01 -2.6881921194e-02
2.3658904602e-01 2.9368997749e-01 -2.4779699855e-02
2.2154960272e-01 2.9367365697e-01 -2.2534014030e-02
2.0930941767e-01 2.9365711976e-01 -2.0259517466e-02
1.9936226351e-01 2.9364094253e-01 -1.8035212298e-02
1.9129378033e-01 2.9362543699e-01 -1.5903752687e-02
1.8477305327e-01 2.9361060003e-01 -1.3864600940e-02
1.7951854581e-01 2.9359663930e-01 -1.1946173160e-02
1.7530636687e-01 2.9358355889e-01 -1.0148951902e-02
1.7196877057e-01 2.9357112874e-01 -8.4412997834e-03
1.6933424302e-01 2.9355966141e-01 -6.8660688059e-03
1.6733121058e-01 2.9354862258e-01 -5.3498768359e-03
1.6588801947e-01 2.9353797521e-01 -3.8876172528e-03
1.6505729515e-01 2.9352682838e-01 -2.3569923790e-03
1.6468549359e-01 2.9351244851e-01 -3.8256381772e-04
1.6473432433e-01 2.9349455936e-01 2.0733243745e-03
7.3060509096e-01 3.3928367651e-01 1.9099147334e-02
7.3053730658e-01 3.3928848235e-01 1.8920279131e-02
7.3036285122e-01 3.3929059325e-01 1.8841713716e-02
7.3010637834e-01 3.3929098822e-01 1.8815978126e-02
7.2979314636e-01 3.3929146282e-01 1.8785055708e-02
7.2941055241e-01 3.3929204085e-01 1.8747394789e-02
7.2894335383e-01 3.3929276263e-01 1.8700363993e-02
7.2837311594e-01 3.3929369895e-01 1.8639342048e-02
7.2767693519e-01 3.3929489792e-01 1.8561190338e-02
7.2682687750e-01 3.3929639072e-01 1.8463879624e-02
7.2578896699e-01 3.3929826256e-01 1.8341851805e-02
7.2452192834e-01 3.3930063317e-01 1.8187290917e-02
7.2297554920e-01 3.3930367458e-01 1.7988966883e-02
7.2108857852e-01 3.3930759677e-01 1.7733172026e-02
7.1878577151e-01 3.3931260187e-01 1.7406714955e-02
7.1597572514e-01 3.3931898935e-01 1.6990047181e-02
7.1254687473e-01 3.3932712912e-01 1.6459020589e-02
7.0836362008e-01 3.3933752910e-01 1.5780471899e-02
7.0325986468e-01 3.3935075698e-01 1.4917340151e-02
6.9703208313e-01 3.3936744285e-01 1.3828496869e-02
6.8943381846e-01 3.3938854209e-01 1.2451560242e-02
6.8015886290e-01 3.3941478014e-01 1.0739203440e-02
6.6883641356e-01 3.3944732130e-01 8.6154272294e-03
6.5500683083e-01 3.3948704181e-01 6.0230990013e-03
6.3810771328e-01 3.3953492957e-01 2.8978211624e-03
6.1744595666e-01 3.3959164109e-01 -8.0308921799e-04
5.9216533369e-01 3.3965700480e-01 -5.0681131501e-03
5.6120967422e-01 3.3972940793e-01 -9.7914255344e-03
5.2328609721e-01 3.3980548313e-01 -1.4752390788e-02
4.7684003051e-01 3.3988223738e-01 -1.9754759621e-02
4.2384656324e-01 3.3994874793e-01 -2.4085022645e-02
3.7882135246e-01 3.3998329420e-01 -2.6328049901e-02
3.4191928895e-01 3.3999469469e-01 -2.7060509006e-02
3.1170362459e-01 3.3998862815e-01 -2.6653208575e-02
2.8699222414e-01 3.3997032207e-01 -2.5447541515e-02
2.6680411544e-01 3.3994508134e-01 -2.3790031806e-02
2.5033073753e-01 3.3991589700e-01 -2.1875968880e-02
2.3690621125e-01 3.3988483593e-01 -1.9840265370e-02
2.2598115776e-01 3.3985346087e-01 -1.7784910408e-02
2.1710508298e-01 3.3982272931e-01 -1.5772352941e-02
2.0990501089e-01 3.3979340869e-01 -1.3852641577e-02
2.0408986594e-01 3.3976523399e-01 -1.2008344840e-02
1.9940386711e-01 3.3973881923e-01 -1.0279523011e-02
1.9565072506e-01 3.3971401441e-01 -8.6562972931e-03
1.9267942445e-01 3.3969044418e-01 -7.1140720230e-03
1.9033494843e-01 3.3966875121e-01 -5.6948159713e-03
1.8855841274e-01 3.3964781481e-01 -4.3252287524e-03
1.8728581390e-01 3.3962762204e-01 -3.0044426037e-03
1.8655582381e-01 3.3960629322e-01 -1.6095642244e-03
1.8622082770e-01 3.3957861713e-01 2.0023899691e-04
1.8625917553e-01 3.3954421300e-01 2.4497608024e-03
7.1391135504e-01 3.8196217357e-01 2.0875139772e-02
7.1384433466e-01 3.8196778578e-01 2.0696007352e-02
7.1367021619e-01 3.8197027019e-01 2.0616708928e-02
7.1342174604e-01 3.8197088867e-01 2.0590727728e-02
7.1311815929e-01 3.8197163256e-01 2.0559479777e-02
7.1274741117e-01 3.8197253957e-01 2.0521379923e-02
7.1229470699e-01 3.8197367457e-01 2.0473699446e-02
7.1174219300e-01 3.8197515020e-01 2.0411698347e-02
7.1106764092e-01 3.8197702460e-01 2.0332933370e-02
7.1024398401e-01 3.8197935925e-01 2.0234822945e-02
7.0923836894e-01 3.8198228866e-01 2.0111709429e-02
7.0801080277e-01 3.8198600008e-01 1.9955715870e-02
7.0651274278e-01 3.8199076775e-01 1.9755302302e-02
7.0468476268e-01 3.8199689456e-01 1.9497725545e-02
7.0245403526e-01 3.8200470253e-01 1.9169439215e-02
6.9973205404e-01 3.8201465559e-01 1.8750924656e-02
6.9641080934e-01 3.8202732518e-01 1.8218137024e-02
6.9235906941e-01 3.8204349756e-01 1.7537988981e-02
6.8741571790e-01 3.8206400768e-01 1.6675350866e-02
6.8138402964e-01 3.8208987778e-01 1.5587211317e-02
6.7402470082e-01 3.8212248517e-01 1.4215612969e-02
6.6504136928e-01 3.8216298909e-01 1.2511804921e-02
6.5407363712e-01 3.8221302599e-01 1.0406947808e-02
6.4067709338e-01 3.8227407584e-01 7.8388239142e-03
6.2430502089e-01 3.8234745669e-01 4.7520693366e-03
6.0428424851e-01 3.8243402027e-01 1.1110101165e-03
5.7978319152e-01 3.8253331989e-01 -3.0652689351e-03
5.4977580925e-01 3.8264258393e-01 -7.6596573212e-03
5.1301018850e-01 3.8275685699e-01 -1.2462958956e-02
4.6798214530e-01 3.8287202995e-01 -1.7301556044e-02
4.1921166272e-01 3.8296527957e-01 -2.1215210563e-02
3.7879115936e-01 3.8301186556e-01 -2.3165312108e-02
3.4566472939e-01 3.8302639217e-01 -2.3766885765e-02
3.1854235319e-01 3.8301638877e-01 -2.3336776546e-02
2.9636208281e-01 3.8298983051e-01 -2.2210686244e-02
2.7824295577e-01 3.8295383024e-01 -2.0688039290e-02
2.6345915543e-01 3.8291243610e-01 -1.8939176760e-02
2.5141210117e-01 3.8286861323e-01 -1.7088847040e-02
2.4160861140e-01 3.8282446874e-01 -1.5225677633e-02
2.3364525987e-01 3.8278120460e-01 -1.3400186259e-02
2.2718650456e-01 3.8273997465e-01 -1.1660884900e-02
2.2197203708e-01 3.8270031224e-01 -9.9880273583e-03
2.1777095703e-01 3.8266317883e-01 -8.4220528460e-03
2.1440906539e-01 3.8262824407e-01 -6.9489860321e-03
2.1174833853e-01 3.8259511569e-01 -5.5522549696e-03
2.0965192464e-01 3.8256459575e-01 -4.2656114949e-03
2.0806616280e-01 3.8253515939e-01 -3.0247874983e-03
2.0693888022e-01 3.8250670105e-01 -1.8253186746e-03
2.0629505184e-01 3.8247640583e-01 -5.4860491675e-04
2.0599169135e-01 3.8243699426e-01 1.1121403482e-03
2.0602168758e-01 3.8238802680e-01 3.1753915197e-03
6.9775519279e-01 4.2153074377e-01 2.2511552644e-02
6.9768888128e-01 4.2153702829e-01 2.2332178899e-02
6.9751507774e-01 4.2153983031e-01 2.2252203073e-02
6.9727402097e-01 4.2154065993e-01 2.2226058451e-02
6.9697963277e-01 4.2154165776e-01 2.2194614502e-02
6.9662005776e-01 4.2154287643e-01 2.2156211011e-02
6.9618101661e-01 4.2154440524e-01 2.2108030575e-02
6.9564516375e-01 4.2154639582e-01 2.2045286472e-02
6.9499098389e-01 4.2154890692e-01 2.1966128688e-02
6.9419222884e-01 4.2155203576e-01 2.1867492549e-02
6.9321700422e-01 4.2155596477e-01 2.1743622820e-02
6.9202665787e-01 4.2156094834e-01 2.1586491922e-02
6.9057412366e-01 4.2156735711e-01 2.1384400707e-02
6.8880169498e-01 4.2157556153e-01 2.1125659546e-02
6.8663885704e-01 4.2158600893e-01 2.0796153330e-02
6.8399983149e-01 4.2159931244e-01 2.0376531583e-02
6.8077997845e-01 4.2161623332e-01 1.9842767774e-02
6.7685210164e-01 4.2163780860e-01 1.9162128302e-02
6.7205974690e-01 4.2166508636e-01 1.8301538352e-02
6.6621281615e-01 4.2169952076e-01 1.7215100273e-02
6.5907818276e-01 4.2174272603e-01 1.5851871132e-02
6.5036945382e-01 4.2179640357e-01 1.4158169736e-02
6.3973542617e-01 4.2186242663e-01 1.2074902948e-02
6.2674555821e-01 4.2194283449e-01 9.5377555778e-03
6.1086875796e-01 4.2203925604e-01 6.4954123748e-03
5.9144984115e-01 4.2215248159e-01 2.9230978485e-03
5.6768010287e-01 4.2228160268e-01 -1.1502299473e-03
5.3856226321e-01 4.2242259384e-01 -5.5970490196e-03
5.0288450909e-01 4.2256944668e-01 -1.0227105988e-02
4.5918876214e-01 4.2271695278e-01 -1.4875352109e-02
4.1520821253e-01 4.2282525034e-01 -1.8284405733e-02
3.7912891426e-01 4.2287808711e-01 -1.9943154517e-02
3.4956228454e-01 4.2289286412e-01 -2.0401097001e-02
3.2535688333e-01 4.2287847593e-01 -1.9938975306e-02
3.0556369576e-01 4.2284516606e-01 -1.8880223696e-02
2.8939612772e-01 4.2280091106e-01 -1.7476684067e-02
2.7620617550e-01 4.2275043274e-01 -1.5877381009e-02
2.6545921491e-01 4.2269726651e-01 -1.4193880172e-02
2.5671405959e-01 4.2264400830e-01 -1.2508085565e-02
2.4961176593e-01 4.2259183804e-01 -1.0857176596e-02
2.4385348788e-01 4.2254207138e-01 -9.2826401492e-03
2.3920578335e-01 4.2249426786e-01 -7.7704846566e-03
2.3546277712e-01 4.2244954632e-01 -6.3560057512e-03
2.3247085524e-01 4.2240737637e-01 -5.0223948015e-03
2.3010264270e-01 4.2236757044e-01 -3.7636848606e-03
2.2824156720e-01 4.2233076622e-01 -2.5999930608e-03
2.2683641568e-01 4.2229534367e-01 -1.4801056694e-03
2.2584455340e-01 4.2226107227e-01 -3.9672464942e-04
2.2528214250e-01 4.2222418646e-01 7.6914767500e-04
2.2501045701e-01 4.2217615806e-01 2.2870753721e-03
2.2503398716e-01 4.2211653190e-01 4.1714253008e-03
6.8239858015e-01 4.5820737685e-01 2.4014397727e-02
6.8233292971e-01 4.5821407917e-01 2.3834796080e-02
6.8215942190e-01 4.5821708727e-01 2.3754188118e-02
6.8192614469e-01 4.5821810753e-01 2.3728075997e-02
6.8164130284e-01 4.5821933484e-01 2.3696665312e-02
6.8129340477e-01 4.5822083572e-01 2.3658252753e-02
6.8086856766e-01 4.5822272595e-01 2.3609872890e-02
6.8035017021e-01 4.5822518526e-01 2.3546920511e-02
6.7971723953e-01 4.5822827234e-01 2.3467897062e-02
6.7894442981e-01 4.5823212219e-01 2.3369345781e-02
6.7800098306e-01 4.5823695944e-01 2.3245512627e-02
6.7684943934e-01 4.5824310605e-01 2.3088145521e-02
6.7544437965e-01 4.5825100901e-01 2.2885784052e-02
6.7372988907e-01 4.5826109752e-01 2.2627438413e-02
6.7163783789e-01 4.5827393449e-01 2.2298680926e-02
6.6908525706e-01 4.5829025920e-01 2.1880543713e-02
6.6597104848e-01 4.5831101299e-01 2.1348871385e-02
6.6217210895e-01 4.5833742363e-01 2.0672186319e-02
6.5753689936e-01 4.5837071604e-01 1.9819064516e-02
6.5188210188e-01 4.5841275946e-01 1.8741543835e-02
6.4498100035e-01 4.5846525761e-01 1.7395974745e-02
6.3655767376e-01 4.5853050270e-01 1.5723591517e-02
6.2627069131e-01 4.5861044696e-01 1.3674415817e-02
6.1370330240e-01 4.5870753374e-01 1.1185866139e-02
5.9834120351e-01 4.5882368072e-01 8.2089064504e-03
5.7954840512e-01 4.5895948210e-01 4.7285219151e-03
5.5654023318e-01 4.5911341033e-01 7.8415666588e-04
5.2835044382e-01 4.5928027742e-01 -3.4906523921e-03
4.9380960039e-01 4.5945360481e-01 -7.9291909630e-03
4.5185507545e-01 4.5962504464e-01 -1.2316651836e-02
4.1265828154e-01 4.5973906793e-01 -1.5230485738e-02
3.8050830491e-01 4.5979411469e-01 -1.6632200352e-02
3.5416353357e-01 4.5980745173e-01 -1.6964862440e-02
3.3259798683e-01 4.5978902129e-01 -1.6483411049e-02
3.1496473410e-01 4.5975081222e-01 -1.5495516790e-02
3.0056266872e-01 4.5970091284e-01 -1.4208673414e-02
2.8881413639e-01 4.5964442676e-01 -1.2753748571e-02
2.7924260733e-01 4.5958518211e-01 -1.1228879778e-02
2.7145436402e-01 4.5952608453e-01 -9.7085481146e-03
2.6512974346e-01 4.5946830880e-01 -8.2227656472e-03
2.6000452856e-01 4.5941299877e-01 -6.8008292021e-03
2.5586763170e-01 4.5936008987e-01 -5.4409416302e-03
2.5253757669e-01 4.5931055186e-01 -4.1679811667e-03
2.4987860163e-01 4.5926373010e-01 -2.9650019229e-03
2.4777246943e-01 4.5921979089e-01 -1.8362850306e-03
2.4612214275e-01 4.5917895840e-01 -7.8748518810e-04
2.4487637141e-01 4.5913981375e-01 2.1789108354e-04
2.4400517094e-01 4.5910180230e-01 1.1940320825e-03
2.4350481391e-01 4.5906048079e-01 2.2550615491e-03
2.4325631997e-01 4.5900644658e-01 3.6423567285e-03
2.4327103759e-01 4.5893935560e-01 5.3643484492e-03
6.6851413605e-01 4.9232792295e-01 2.5486794460e-02
6.6844929439e-01 4.9233372568e-01 2.5306867976e-02
6.6827615103e-01 4.9233635091e-01 2.5225466889e-02
6.6807351693e-01 4.9233734138e-01 2.5203624991e-02
6.6782611527e-01 4.9233852933e-01 2.5177418120e-02
6.6752394535e-01 4.9233997807e-01 2.5145455911e-02
6.6715496416e-01 4.9234179713e-01 2.5105343435e-02
6.6670462510e-01 4.9234418411e-01 2.5052781320e-02
6.6615497275e-01 4.9234723643e-01 2.4985664520e-02
6.6548389026e-01 4.9235106093e-01 2.4901637375e-02
6.6466457092e-01 4.9235587759e-01 2.4795873472e-02
6.6366451712e-01 4.9236198117e-01 2.4661870741e-02
6.6244406894e-01 4.9236976866e-01 2.4490800432e-02
6.6095481657e-01 4.9237973120e-01 2.4271933343e-02
6.5913756023e-01 4.9239241824e-01 2.3993248371e-02
6.5691969353e-01 4.9240840327e-01 2.3641710159e-02
6.5421216636e-01 4.9242826831e-01 2.3203662570e-02
6.5090767492e-01 4.9245316344e-01 2.2653558622e-02
6.4687378524e-01 4.9248410031e-01 2.1968393281e-02
6.4194862491e-01 4.9252226681e-01 2.1120774375e-02
6.3593588853e-01 4.9256953315e-01 2.0068988912e-02
6.2859415524e-01 4.9262777887e-01 1.8771609997e-02
6.1962860902e-01 4.9269930381e-01 1.7177600840e-02
6.0867762898e-01 4.9278655864e-01 1.5233127208e-02
5.9529643324e-01 4.9289174875e-01 1.2890064368e-02
5.7893777229e-01 4.9301646121e-01 1.0114250323e-02
5.5892529720e-01 4.9316014515e-01 6.9180514581e-03
5.3442675320e-01 4.9331943584e-01 3.3777940471e-03
5.0442673452e-01 4.9348834933e-01 -3.7189767765e-04
4.6770209581e-01 4.9366277099e-01 -4.2360380600e-03
4.2903806516e-01 4.9380801242e-01 -7.4350893615e-03
3.9720585998e-01 4.9389241843e-01 -9.2691674082e-03
3.7111526719e-01 4.9393377745e-01 -1.0141454505e-02
3.4974268181e-01 4.9394201043e-01 -1.0273879139e-02
3.3224810590e-01 4.9392702477e-01 -9.8906810697e-03
3.1793887827e-01 4.9389726182e-01 -9.1828937866e-03
3.0624524305e-01 4.9385779114e-01 -8.2645937228e-03
2.9669838674e-01 4.9381258478e-01 -7.2246000919e-03
2.8891260990e-01 4.9376462323e-01 -6.1291090051e-03
2.8257234058e-01 4.9371565745e-01 -5.0166129642e-03
2.7741723104e-01 4.9366722410e-01 -3.9216724349e-03
2.7323822608e-01 4.9361961643e-01 -2.8481533395e-03
2.6986000636e-01 4.9357366076e-01 -1.8159970593e-03
2.6714036798e-01 4.9352982156e-01 -8.3287280929e-04
2.6497102519e-01 4.9348745793e-01 1.1517970120e-04
2.6324821818e-01 4.9344770190e-01 1.0029868493e-03
2.6191163983e-01 4.9340951260e-01 1.8573637541e-03
2.6092671053e-01 4.9337174084e-01 2.7014509912e-03
2.6027020693e-01 4.9333040742e-01 3.6255472083e-03
2.5978606371e-01 4.9327448758e-01 4.8745381891e-03
2.5964735594e-01 4.9321080099e-01 6.2849822179e-03
6.5698288470e-01 5.2452028608e-01 2.7015523193e-02
6.5691887851e-01 5.2452821643e-01 2.6835378891e-02
6.5674611467e-01 5.2453183355e-01 2.6753213052e-02
6.5653865513e-01 5.2453286442e-01 2.6732791242e-02
6.5628535788e-01 5.2453409398e-01 2.6708425769e-02
6.5597593174e-01 5.2453559905e-01 2.6678600466e-02
6.5559819970e-01 5.2453752694e-01 2.6640417123e-02
6.5513728523e-01 5.2454012553e-01 2.6589014542e-02
6.5457471778e-01 5.2454346146e-01 2.6523086170e-02
6.5388794828e-01 5.2454769104e-01 2.6439543611e-02
6.5304960970e-01 5.2455306571e-01 2.6333418208e-02
6.5202633392e-01 5.2455989237e-01 2.6198611921e-02
6.5077739070e-01 5.2456856378e-01 2.6027290477e-02
6.4925344560e-01 5.2457969551e-01 2.5807406424e-02
6.4739351778e-01 5.2459377819e-01 2.5529163492e-02
6.4512193885e-01 5.2461100602e-01 2.5188282699e-02
6.4234681639e-01 5.2463179659e-01 2.4776053575e-02
6.3895731204e-01 5.2465716181e-01 2.4272253111e-02
6.3481564205e-01 5.2468748719e-01 2.3668579655e-02
6.2975479777e-01 5.2472367070e-01 2.2946423754e-02
6.2357275247e-01 5.2476755731e-01 2.2069402627e-02
6.1602130318e-01 5.2482086227e-01 2.1002988397e-02
6.0679806947e-01 5.2488601121e-01 1.9699566284e-02
5.9553193956e-01 5.2496530034e-01 1.8113556420e-02
5.8176832090e-01 5.2506108111e-01 1.6198803720e-02
5.6494771923e-01 5.2517462434e-01 1.3930838480e-02
5.4437936164e-01 5.2530431558e-01 1.1341963136e-02
5.1921922137e-01 5.2544697299e-01 8.4972685879e-03
4.8844082337e-01 5.2559884023e-01 5.4731799978e-03
4.5154359587e-01 5.2575546815e-01 2.3635056283e-03
4.1823514400e-01 5.2587325624e-01 4.1687526509e-05
3.9094008980e-01 5.2595077735e-01 -1.4699935546e-03
3.6857625625e-01 5.2599729348e-01 -2.3599359934e-03
3.5025651717e-01 5.2602007500e-01 -2.7744542675e-03
3.3525388283e-01 5.2602511026e-01 -2.8369085865e-03
3.2297228526e-01 5.2601701347e-01 -2.6409225070e-03
3.1292311000e-01 5.2599924056e-01 -2.2560961739e-03
3.0470567224e-01 5.2597471381e-01 -1.7409257646e-03
2.9799223885e-01 5.2594524922e-01 -1.1320623015e-03
2.9251330961e-01 5.2591286100e-01 -4.6891075450e-04
2.8804953243e-01 5.2587840347e-01 2.3202834761e-04
2.8442074797e-01 5.2584292591e-01 9.5017854848e-04
2.8147939347e-01 5.2580712616e-01 1.6720827542e-03
2.7910608423e-01 5.2577150242e-01 2.3891112494e-03
2.7720615076e-01 5.2573587678e-01 3.1036393202e-03
2.7568879047e-01 5.2570219843e-01 3.7805659035e-03
2.7452459397e-01 5.2566727202e-01 4.4816918737e-03
2.7368233297e-01 5.2563105048e-01 5.2092969494e-03
2.7308105647e-01 5.2559699019e-01 5.8927977257e-03
2.7273602625e-01 5.2556398593e-01 6.5514051166e-03
2.7262784033e-01 5.2553200745e-01 7.1861617226e-03
6.4770807616e-01 5.5519289893e-01 2.8562166620e-02
6.4764461460e-01 5.5520227940e-01 2.8381899345e-02
6.4747209983e-01 5.5520658046e-01 2.8299244595e-02
6.4724825374e-01 5.5520774560e-01 2.8277706263e-02
6.4697491066e-01 5.5520913372e-01 2.8252046726e-02
6.4664096477e-01 5.5521085012e-01 2.8220318227e-02
6.4623345632e-01 5.5521310715e-01 2.8178591481e-02
6.4573628519e-01 5.5521615678e-01 2.8122205236e-02
6.4512937310e-01 5.5522004686e-01 2.8050277349e-02
6.4438856792e-01 5.5522500200e-01 2.7958652539e-02
6.4348433395e-01 5.5523131118e-01 2.7841983050e-02
6.4238062760e-01 5.5523930789e-01 2.7694094210e-02
6.4103368750e-01 5.5524953017e-01 2.7505029614e-02
6.3939010552e-01 5.5526260017e-01 2.7263280077e-02
6.3738323588e-01 5.5527878657e-01 2.6963862111e-02
6.3493063361e-01 5.5529803602e-01 2.6607741099e-02
6.3193441868e-01 5.5532132716e-01 2.6176796354e-02
6.2827307490e-01 5.5534910179e-01 2.5662833437e-02
6.2379760558e-01 5.5538165268e-01 2.5060400855e-02
6.1832902141e-01 5.5542050253e-01 2.4341306574e-02
6.1164839421e-01 5.5546742275e-01 2.3472773090e-02
6.0348807005e-01 5.5552448501e-01 2.2416466982e-02
5.9352090951e-01 5.5559413404e-01 2.1127169829e-02
5.8134618313e-01 5.5567886926e-01 1.9558687743e-02
5.6647199572e-01 5.5578071057e-01 1.7673749642e-02
5.4829055861e-01 5.5589896743e-01 1.5485295558e-02
5.2605892390e-01 5.5603184686e-01 1.3026833024e-02
4.9886899743e-01 5.5617547080e-01 1.0370554876e-02
4.6562220837e-01 5.5632926116e-01 7.5276543053e-03
4.3171929301e-01 5.5646600676e-01 5.0018618738e-03
4.0392756475e-01 5.5656220666e-01 3.2270698857e-03
3.8115844170e-01 5.5662692228e-01 2.0351104091e-03
3.6250589243e-01 5.5666734622e-01 1.2927712662e-03
3.4722733884e-01 5.5668862836e-01 9.0449760104e-04
3.3471485282e-01 5.5669526567e-01 7.8688021172e-04
3.2447050550e-01 5.5669037704e-01 8.8213317373e-04
3.1608670555e-01 5.5667682410e-01 1.1372673083e-03
3.0922969722e-01 5.5665689476e-01 1.5099313772e-03
3.0362557916e-01 5.5663266167e-01 1.9618131424e-03
2.9905193608e-01 5.5660475335e-01 2.4812771360e-03
2.9532314555e-01 5.5657539643e-01 3.0272294747e-03
2.9229320981e-01 5.5654407923e-01 3.6091056290e-03
2.8983331166e-01 5.5651318813e-01 4.1828592539e-03
2.8785216758e-01 5.5648129399e-01 4.7749363725e-03
2.8625664258e-01 5.5645076717e-01 5.3415308012e-03
2.8498457647e-01 5.5642117973e-01 5.8906704655e-03
2.8401185933e-01 5.5638981124e-01 6.4727304148e-03
2.8326570693e-01 5.5636000893e-01 7.0257563921e-03
2.8271848186e-01 5.5633164846e-01 7.5518691926e-03
2.8239519456e-01 5.5630312934e-01 8.0806318010e-03
2.8228284048e-01 5.5627465357e-01 8.6083452467e-03
6.3966778516e-01 5.8446223162e-01 3.0079449914e-02
6.3960471300e-01 5.8447206623e-01 2.9899070217e-02
6.3943237710e-01 5.8447659236e-01 2.9816055123e-02
6.3921194956e-01 5.8447781294e-01 2.9794450405e-02
6.3894265934e-01 5.8447926869e-01 2.9768684729e-02
6.3861383091e-01 5.8448107267e-01 2.9736754456e-02
6.3821253766e-01 5.8448345757e-01 2.9694532767e-02
6.3772297550e-01 5.8448666005e-01 2.9637823352e-02
6.3712530099e-01 5.8449074070e-01 2.9565556028e-02
6.3639581713e-01 5.8449594113e-01 2.9473448997e-02
6.3550540989e-01 5.8450255585e-01 2.9356282608e-02
6.3441857825e-01 5.8451093020e-01 2.9207936968e-02
6.3309236028e-01 5.8452165838e-01 2.9017876757e-02
6.3147398821e-01 5.8453532559e-01 2.8775729313e-02
6.2949763258e-01 5.8455214713e-01 2.8477691041e-02
6.2708222202e-01 5.8457213088e-01 2.8123644181e-02
6.2413145143e-01 5.8459631974e-01 2.7695104158e-02
6.2052531734e-01 5.8462505206e-01 2.7186097720e-02
6.1611729861e-01 5.8465873803e-01 2.6589384414e-02
6.1073142374e-01 5.8469908281e-01 2.5874746107e-02
6.0415170425e-01 5.8474776680e-01 2.5012415073e-02
5.9611492391e-01 5.8480710272e-01 2.3961413132e-02
5.8629853484e-01 5.8487947242e-01 2.2679551035e-02
5.7430777584e-01 5.8496743525e-01 2.1121508732e-02
5.5965775114e-01 5.8507291494e-01 1.9253273295e-02
5.4174892068e-01 5.8519482745e-01 1.7094250159e-02
5.1984960727e-01 5.8533133139e-01 1.4677323885e-02
4.9306605559e-01 5.8547877021e-01 1.2067641689e-02
4.6038904995e-01 5.8563689008e-01 9.2699854476e-03
4.2890560049e-01 5.8577007975e-01 6.9145087841e-03
4.0311054006e-01 5.8586413355e-01 5.2521297839e-03
3.8197704389e-01 5.8592743317e-01 4.1343559640e-03
3.6466437068e-01 5.8596714718e-01 3.4341765639e-03
3.5048316984e-01 5.8598813419e-01 3.0655410940e-03
3.3886925712e-01 5.8599473597e-01 2.9515382678e-03
3.2936052362e-01 5.8599010836e-01 3.0362788283e-03
3.2157868631e-01 5.8597699634e-01 3.2711436337e-03
3.1521419491e-01 5.8595747334e-01 3.6194141735e-03
3.1001269952e-01 5.8593380822e-01 4.0408883018e-03
3.0576777849e-01 5.8590655229e-01 4.5258370056e-03
3.0230752699e-01 5.8587777437e-01 5.0375860083e-03
2.9949588962e-01 5.8584716921e-01 5.5815906992e-03
2.9721380106e-01 5.8581693360e-01 6.1188912134e-03
2.9537726274e-01 5.8578556955e-01 6.6760992583e-03
2.9389582880e-01 5.8575605125e-01 7.2004485171e-03
2.9271799023e-01 5.8572699461e-01 7.7165202296e-03
2.9181870589e-01 5.8569623417e-01 8.2627579715e-03
2.9112406764e-01 5.8566749075e-01 8.7731379148e-03
2.9061689593e-01 5.8563994659e-01 9.2621801847e-03
2.9031856515e-01 5.8561224026e-01 9.7540434718e-03
2.9021320544e-01 5.8558455280e-01 1.0245519217e-02
6.3206201706e-01 6.1233149100e-01 3.1522978426e-02
6.3199931253e-01 6.1234148163e-01 3.1342479166e-02
6.3182714613e-01 6.1234609567e-01 3.1259117946e-02
6.3161121967e-01 6.1234736256e-01 3.1237528890e-02
6.3134738777e-01 6.1234887475e-01 3.1211761283e-02
6.3102529694e-01 6.1235075183e-01 3.1179774441e-02
6.3063219294e-01 6.1235324203e-01 3.1137330328e-02
6.3015264741e-01 6.1235656838e-01 3.1080621658e-02
6.2956723313e-01 6.1236080525e-01 3.1008383194e-02
6.2885269472e-01 6.1236619794e-01 3.0916429514e-02
6.2798056842e-01 6.1237305519e-01 3.0799492810e-02
6.2691602549e-01 6.1238173475e-01 3.0651469148e-02
6.2561709736e-01 6.1239286092e-01 3.0461702396e-02
6.2403196746e-01 6.1240699376e-01 3.0220636170e-02
6.2209599776e-01 6.1242430001e-01 2.9925439038e-02
6.1972996727e-01 6.1244488200e-01 2.9574384530e-02
6.1683949881e-01 6.1246979142e-01 2.9149527104e-02
6.1330682970e-01 6.1249930836e-01 2.8646113146e-02
6.0898868590e-01 6.1253396925e-01 2.8055015581e-02
6.0371283771e-01 6.1257559920e-01 2.7345094517e-02
5.9726751004e-01 6.1262583700e-01 2.6488404271e-02
5.8939507105e-01 6.1268715496e-01 2.5442768981e-02
5.7977932831e-01 6.1276190587e-01 2.4168071227e-02
5.6803338319e-01 6.1285265527e-01 2.2620577269e-02
5.5368173278e-01 6.1296119884e-01 2.0769734264e-02
5.3613658975e-01 6.1308631074e-01 1.8636651958e-02
5.1468069640e-01 6.1322593606e-01 1.6256644077e-02
4.8843922550e-01 6.1337683591e-01 1.3685299818e-02
4.5667925358e-01 6.1353779342e-01 1.0943616061e-02
4.2726192404e-01 6.1366836505e-01 8.7205244387e-03
4.0315944455e-01 6.1376066835e-01 7.1498991011e-03
3.8341235882e-01 6.1382280203e-01 6.0936130410e-03
3.6723521737e-01 6.1386176832e-01 5.4322279897e-03
3.5398399298e-01 6.1388231907e-01 5.0847216179e-03
3.4313163301e-01 6.1388867539e-01 4.9791086937e-03
3.3424644768e-01 6.1388404994e-01 5.0606100016e-03
3.2697498034e-01 6.1387114698e-01 5.2831123369e-03
3.2102810857e-01 6.1385188419e-01 5.6139262467e-03
3.1616822389e-01 6.1382854882e-01 6.0140322551e-03
3.1220223410e-01 6.1380179386e-01 6.4723255268e-03
3.0897004598e-01 6.1377341923e-01 6.9580926860e-03
3.0634370399e-01 6.1374342843e-01 7.4713097562e-03
3.0421289393e-01 6.1371369069e-01 7.9800651025e-03
3.0249892569e-01 6.1368284158e-01 8.5076964042e-03
3.0111513875e-01 6.1365411560e-01 8.9989557764e-03
3.0001779555e-01 6.1362548774e-01 9.4884592118e-03
2.9918136440e-01 6.1359525852e-01 1.0005254628e-02
2.9853315098e-01 6.1356729674e-01 1.0483251417e-02
2.9806277564e-01 6.1354035796e-01 1.0943717910e-02
2.9778695730e-01 6.1351336551e-01 1.1405047437e-02
2.9768876372e-01 6.1348639489e-01 1.1865954765e-02
6.2478356032e-01 6.3901341417e-01 3.2901140880e-02
6.2472121039e-01 6.3902356924e-01 3.2720527998e-02
6.2454920803e-01 6.3902827499e-01 3.2636833940e-02
6.2433757838e-01 6.3902958443e-01 3.2615273306e-02
6.2407913780e-01 6.3903114751e-01 3.2589538122e-02
6.2376347474e-01 6.3903309225e-01 3.2557517396e-02
6.2337832507e-01 6.3903568107e-01 3.2514882648e-02
6.2290844883e-01 6.3903912267e-01 3.2458192494e-02
6.2233486117e-01 6.3904350013e-01 3.2386080542e-02
6.2163478583e-01 6.3904907276e-01 3.2294272213e-02
6.2078027410e-01 6.3905615267e-01 3.2177622493e-02
6.1973731200e-01 6.3906510927e-01 3.2030042208e-02
6.1846475061e-01 6.3907660276e-01 3.1840643727e-02
6.1691172873e-01 6.3909115268e-01 3.1600863755e-02
6.1501474790e-01 6.3910887674e-01 3.1308776012e-02
6.1269643977e-01 6.3913000257e-01 3.0960642947e-02
6.0986420681e-01 6.3915554628e-01 3.0539715125e-02
6.0640249878e-01 6.3918574664e-01 3.0042081396e-02
6.0217119066e-01 6.3922127948e-01 2.9456621661e-02
5.9700165031e-01 6.3926406205e-01 2.8751730866e-02
5.9068619420e-01 6.3931570914e-01 2.7900806695e-02
5.8297252512e-01 6.3937881279e-01 2.6861126515e-02
5.7355063743e-01 6.3945571264e-01 2.5594149238e-02
5.6204122628e-01 6.3954896438e-01 2.4057785431e-02
5.4797768262e-01 6.3966014556e-01 2.2226115365e-02
5.3078378321e-01 6.3978797427e-01 2.0120451168e-02
5.0975613640e-01 6.3993014086e-01 1.7779104194e-02
4.8403839062e-01 6.4008393529e-01 1.5247034652e-02
4.5333983129e-01 6.4024614315e-01 1.2577381436e-02
4.2586111738e-01 6.4037351278e-01 1.0481986114e-02
4.0334672519e-01 6.4046356323e-01 9.0013471542e-03
3.8490055329e-01 6.4052422588e-01 8.0047697840e-03
3.6978889353e-01 6.4056216710e-01 7.3823993281e-03
3.5741032052e-01 6.4058211911e-01 7.0562750528e-03
3.4727258732e-01 6.4058812985e-01 6.9597032761e-03
3.3897255807e-01 6.4058340166e-01 7.0399261836e-03
3.3218004498e-01 6.4057071561e-01 7.2511208004e-03
3.2662508305e-01 6.4055174944e-01 7.5656624582e-03
3.2208584046e-01 6.4052874962e-01 7.9465246283e-03
3.1838159985e-01 6.4050257005e-01 8.3796588494e-03
3.1536348759e-01 6.4047464831e-01 8.8413729772e-03
3.1291101343e-01 6.4044536253e-01 9.3254562531e-03
3.1092214595e-01 6.4041620290e-01 9.8073358551e-03
3.0932293727e-01 6.4038599696e-01 1.0306385527e-02
3.0803124693e-01 6.4035806462e-01 1.0767823065e-02
3.0700946607e-01 6.4032995217e-01 1.1232163041e-02
3.0623133794e-01 6.4030039979e-01 1.1720209321e-02
3.0562708493e-01 6.4027326308e-01 1.2168332859e-02
3.0519077734e-01 6.4024703299e-01 1.2601446286e-02
3.0493600227e-01 6.4022082915e-01 1.3034078856e-02
3.0484452126e-01 6.4019464091e-01 1.3466411154e-02
6.1781273983e-01 6.6457976719e-01 3.4217756462e-02
6.1775072933e-01 6.6459009610e-01 3.4037036613e-02
6.1757888450e-01 6.6459489772e-01 3.3953024987e-02
6.1737148793e-01 6.6459624506e-01 3.3931520238e-02
6.1711826368e-01 6.6459785396e-01 3.3905842162e-02
6.1680898816e-01 6.6459986038e-01 3.3873818073e-02
6.1643166919e-01 6.6460254061e-01 3.3831029854e-02
6.1597125407e-01 6.6460608246e-01 3.3774476547e-02
6.1540929853e-01 6.6461058662e-01 3.3702551666e-02
6.1472339371e-01 6.6461631868e-01 3.3611011354e-02
6.1388621347e-01 6.6462359651e-01 3.3494776463e-02
6.1286441515e-01 6.6463280861e-01 3.3347639265e-02
6.1161772379e-01 6.6464462666e-01 3.3158862387e-02
6.1009620527e-01 6.6465953839e-01 3.2920654870e-02
6.0823745705e-01 6.6467760686e-01 3.2632024062e-02
6.0596601468e-01 6.6469921329e-01 3.2286889537e-02
6.0319093239e-01 6.6472529470e-01 3.1870281788e-02
5.9979888075e-01 6.6475606931e-01 3.1378738868e-02
5.9565284444e-01 6.6479236154e-01 3.0799104571e-02
5.9058764380e-01 6.6483614405e-01 3.0099857502e-02
5.8439971274e-01 6.6488903780e-01 2.9255113466e-02
5.7684188436e-01 6.6495370111e-01 2.8222400981e-02
5.6761029692e-01 6.6503248264e-01 2.6964217991e-02
5.5633307374e-01 6.6512790909e-01 2.5440231649e-02
5.4255223078e-01 6.6524126950e-01 2.3629936015e-02
5.2570304674e-01 6.6537128952e-01 2.1553870272e-02
5.0509578594e-01 6.6551541618e-01 1.9253065862e-02
4.7989226815e-01 6.6567150559e-01 1.6762047696e-02
4.5038572355e-01 6.6583340771e-01 1.4179147304e-02
4.2471895245e-01 6.6595711893e-01 1.2206342560e-02
4.0368890194e-01 6.6604457535e-01 1.0812444539e-02
3.8645866687e-01 6.6610349785e-01 9.8741285211e-03
3.7234291260e-01 6.6614022258e-01 9.2901882462e-03
3.6078003854e-01 6.6615945868e-01 8.9854185563e-03
3.5131030924e-01 6.6616506933e-01 8.8981244194e-03
3.4355728243e-01 6.6616019779e-01 8.9781084202e-03
3.3721252055e-01 6.6614770838e-01 9.1796185365e-03
3.3202390841e-01 6.6612909626e-01 9.4787966064e-03
3.2778443589e-01 6.6610646563e-01 9.8420269511e-03
3.2432486640e-01 6.6608093569e-01 1.0251445499e-02
3.2150690746e-01 6.6605352538e-01 1.0690783987e-02
3.1921688501e-01 6.6602503922e-01 1.1147199018e-02
3.1736081617e-01 6.6599650669e-01 1.1604242237e-02
3.1586851589e-01 6.6596708642e-01 1.2075394984e-02
3.1466294717e-01 6.6594000265e-01 1.2509085500e-02
3.1371173213e-01 6.6591247401e-01 1.2949827960e-02
3.1298791088e-01 6.6588368760e-01 1.3410636670e-02
3.1242474286e-01 6.6585743624e-01 1.3830839280e-02
3.1202016225e-01 6.6583197709e-01 1.4238323898e-02
3.1178496068e-01 6.6580662247e-01 1.4644091469e-02
3.1169976437e-01 6.6578127436e-01 1.5049715424e-02
6.1114522218e-01 6.8904615868e-01 3.5474031290e-02
6.1108353498e-01 6.8905664547e-01 3.5293209917e-02
6.1091184068e-01 6.8906153527e-01 3.5208896164e-02
6.1070857919e-01 6.8906291626e-01 3.5187471587e-02
6.1046040041e-01 6.8906456632e-01 3.5161873981e-02
6.1015735446e-01 6.8906662934e-01 3.5129867954e-02
6.0978761618e-01 6.8906939206e-01 3.5086996872e-02
6.0933646332e-01 6.8907302315e-01 3.5030640985e-02
6.0878579090e-01 6.8907764329e-01 3.4958928109e-02
6.0811369946e-01 6.8908351889e-01 3.4867720262e-02
6.0729338364e-01 6.8909097440e-01 3.4751978473e-02
6.0629220561e-01 6.8910041242e-01 3.4605449072e-02
6.0507070015e-01 6.8911252122e-01 3.4417437140e-02
6.0357983357e-01 6.8912774644e-01 3.4181024381e-02
6.0175828048e-01 6.8914610287e-01 3.3895997869e-02
5.9953247013e-01 6.8916812834e-01 3.3554012031e-02
5.9681297880e-01 6.8919466140e-01 3.3142048277e-02
5.9348870296e-01 6.8922591547e-01 3.2656817597e-02
5.8942570047e-01 6.8926287305e-01 3.2083074498e-02
5.8446204996e-01 6.8930751997e-01 3.1389974632e-02
5.7839828419e-01 6.8936152187e-01 3.0551664614e-02
5.7099211426e-01 6.8942754192e-01 2.9526786224e-02
5.6194574200e-01 6.8950796694e-01 2.8278295542e-02
5.5089448809e-01 6.8960527005e-01 2.6767824569e-02
5.3738868151e-01 6.8972040225e-01 2.4980705776e-02
5.2087490411e-01 6.8985213690e-01 2.2936172721e-02
5.0067682605e-01 6.8999773377e-01 2.0677037663e-02
4.7597389270e-01 6.9015558893e-01 1.8228477178e-02
4.4776848346e-01 6.9031569813e-01 1.5745828167e-02
4.2379668099e-01 6.9043536800e-01 1.3891033062e-02
4.0415517418e-01 6.9051994142e-01 1.2580957164e-02
3.8806240986e-01 6.9057688560e-01 1.1699665730e-02
3.7487832699e-01 6.9061223209e-01 1.1153516345e-02
3.6407857119e-01 6.9063064746e-01 1.0870066519e-02
3.5523380487e-01 6.9063580829e-01 1.0792246910e-02
3.4799253560e-01 6.9063079149e-01 1.0872293886e-02
3.4206671593e-01 6.9061845171e-01 1.1065883828e-02
3.3722086819e-01 6.9060022124e-01 1.1350802960e-02
3.3326192417e-01 6.9057796102e-01 1.1698158021e-02
3.3003125006e-01 6.9055313898e-01 1.2085159653e-02
3.2740057965e-01 6.9052628233e-01 1.2503642844e-02
3.2526249488e-01 6.9049866449e-01 1.2933829427e-02
3.2353075632e-01 6.9047078731e-01 1.3367937245e-02
3.2213819390e-01 6.9044226474e-01 1.3811989706e-02
3.2101364578e-01 6.9041599771e-01 1.4220883152e-02
3.2012854729e-01 6.9038910989e-01 1.4639366292e-02
3.1945485592e-01 6.9036120852e-01 1.5073556609e-02
3.1893008523e-01 6.9033588855e-01 1.5467551974e-02
3.1855510202e-01 6.9031124485e-01 1.5850986400e-02
3.1833807861e-01 6.9028678145e-01 1.6231572403e-02
3.1825878503e-01 6.9026231350e-01 1.6612190974e-02
6.0476940319e-01 7.1245408350e-01 3.6672794026e-02
6.0470802521e-01 7.1246472018e-01 3.6491876208e-02
6.0453647530e-01 7.1246969420e-01 3.6407273960e-02
6.0433727442e-01 7.1247110513e-01 3.6385953008e-02
6.0409407803e-01 7.1247279219e-01 3.6360460949e-02
6.0379708328e-01 7.1247490656e-01 3.6328509765e-02
6.0343474064e-01 7.1247774489e-01 3.6285608362e-02
6.0299266395e-01 7.1248145894e-01 3.6229461493e-02
6.0245306687e-01 7.1248618062e-01 3.6158075485e-02
6.0179445430e-01 7.1249218684e-01 3.6067261037e-02
6.0099063789e-01 7.1249980125e-01 3.5952121858e-02
6.0000963900e-01 7.1250945131e-01 3.5806190780e-02
5.9881277605e-01 7.1252181892e-01 3.5619146924e-02
5.9735184946e-01 7.1253731436e-01 3.5384787981e-02
5.9556670699e-01 7.1255591900e-01 3.5103413084e-02
5.9338551371e-01 7.1257830800e-01 3.4764813143e-02
5.9072039755e-01 7.1260522054e-01 3.4357813510e-02
5.8746244477e-01 7.1263688126e-01 3.3879041294e-02
5.8348070738e-01 7.1267443004e-01 3.3311263186e-02
5.7861639417e-01 7.1271982949e-01 3.2624788633e-02
5.7267412955e-01 7.1277482171e-01 3.1793277907e-02
5.6541632509e-01 7.1284203374e-01 3.0776996118e-02
5.5655114410e-01 7.1292390170e-01 2.9539115717e-02
5.4572092815e-01 7.1302282547e-01 2.8043376984e-02
5.3248410710e-01 7.1313939154e-01 2.6281018020e-02
5.1629837594e-01 7.1327243363e-01 2.4269861057e-02
4.9650064698e-01 7.1341908108e-01 2.2053585209e-02
4.7228766932e-01 7.1357832818e-01 1.9647653378e-02
4.4547489026e-01 7.1373529948e-01 1.7276931294e-02
4.2308569032e-01 7.1385071711e-01 1.5534540658e-02
4.0474063740e-01 7.1393218558e-01 1.4305373504e-02
3.8970994342e-01 7.1398699172e-01 1.3479232830e-02
3.7739580260e-01 7.1402083952e-01 1.2969866257e-02
3.6730862689e-01 7.1403836163e-01 1.2707222469e-02
3.5904745191e-01 7.1404303562e-01 1.2638726156e-02
3.5228406304e-01 7.1403786250e-01 1.2719001312e-02
3.4674949881e-01 7.1402560975e-01 1.2906194127e-02
3.4222372049e-01 7.1400778510e-01 1.3177522708e-02
3.3852674892e-01 7.1398590232e-01 1.3510102796e-02
3.3550984809e-01 7.1396179285e-01 1.3876228254e-02
3.3305406665e-01 7.1393551222e-01 1.4275091049e-02
3.3105782154e-01 7.1390879154e-01 1.4680492059e-02
3.2944217346e-01 7.1388159410e-01 1.5093009597e-02
3.2814256981e-01 7.1385401561e-01 1.5511211638e-02
3.2709360836e-01 7.1382858522e-01 1.5896797824e-02
3.2627008675e-01 7.1380236615e-01 1.6294269888e-02
3.2564317784e-01 7.1377536641e-01 1.6703514492e-02
3.2515467975e-01 7.1375094713e-01 1.7073624182e-02
3.2480729581e-01 7.1372714217e-01 1.7434386812e-02
3.2460681020e-01 7.1370360418e-01 1.7791063414e-02
3.2453291070e-01 7.1368003373e-01 1.8148196282e-02
5.9867263272e-01 7.3484843435e-01 3.7816756381e-02
5.9861155045e-01 7.3485921453e-01 3.7635746997e-02
5.9844013902e-01 7.3486426951e-01 3.7550869320e-02
5.9824490378e-01 7.3486570723e-01 3.7529669823e-02
5.9800656536e-01 7.3486742756e-01 3.7504304401e-02
5.9771540891e-01 7.3486958896e-01 3.7472433518e-02
5.9736032974e-01 7.3487249760e-01 3.7429533585e-02
5.9692704379e-01 7.3487628574e-01 3.7373653749e-02
5.9639820229e-01 7.3488110239e-01 3.7302595569e-02
5.9575273832e-01 7.3488722586e-01 3.7212251028e-02
5.9496498063e-01 7.3489498524e-01 3.7097761802e-02
5.9400359079e-01 7.3490482720e-01 3.6952533681e-02
5.9283068571e-01 7.3491742848e-01 3.6766572554e-02
5.9139889133e-01 7.3493315627e-01 3.6534463359e-02
5.8964916484e-01 7.3495197556e-01 3.6256740361e-02
5.8751137749e-01 7.3497467859e-01 3.5921711475e-02
5.8489912442e-01 7.3500190591e-01 3.5519931103e-02
5.8170570634e-01 7.3503391262e-01 3.5047658485e-02
5.7780305765e-01 7.3507199155e-01 3.4485816891e-02
5.7303537572e-01 7.3511804268e-01 3.3806361723e-02
5.6721133552e-01 7.3517392001e-01 3.2981938385e-02
5.6009785988e-01 7.3524218205e-01 3.1974788685e-02
5.5140892709e-01 7.3532531249e-01 3.0748275382e-02
5.4079368220e-01 7.3542561886e-01 2.9268384095e-02
5.2781844930e-01 7.3554331730e-01 2.7532042283e-02
5.1195174401e-01 7.3567729756e-01 2.5555814388e-02
4.9254351888e-01 7.3582463922e-01 2.3383059018e-02
4.6880739333e-01 7.3598497658e-01 2.1019405149e-02
4.4346389838e-01 7.3613753789e-01 1.8771165596e-02
4.2255476320e-01 7.3624854163e-01 1.7136044095e-02
4.0542212709e-01 7.3632672491e-01 1.5985060322e-02
3.9138470011e-01 7.3637925497e-01 1.5212448972e-02
3.7988418191e-01 7.3641153119e-01 1.4738545498e-02
3.7046347544e-01 7.3642809779e-01 1.4496299042e-02
3.6274814285e-01 7.3643225858e-01 1.4436972994e-02
3.5643172503e-01 7.3642693694e-01 1.4517435986e-02
3.5126313440e-01 7.3641471837e-01 1.4699536069e-02
3.4703673443e-01 7.3639731111e-01 1.4958077027e-02
3.4358474647e-01 7.3637585266e-01 1.5276290249e-02
3.4076786669e-01 7.3635241975e-01 1.5623513210e-02
3.3847563117e-01 7.3632675008e-01 1.6003655285e-02
3.3661213879e-01 7.3630090665e-01 1.6386244532e-02
3.3510503137e-01 7.3627441709e-01 1.6778285135e-02
3.3389219556e-01 7.3624782974e-01 1.7171688071e-02
3.3291430970e-01 7.3622318548e-01 1.7536298222e-02
3.3214840853e-01 7.3619765610e-01 1.7913933835e-02
3.3156458533e-01 7.3617164252e-01 1.8298676038e-02
3.3110997888e-01 7.3614813711e-01 1.8646301687e-02
3.3078830432e-01 7.3612518000e-01 1.8985783689e-02
3.3060327764e-01 7.3610256186e-01 1.9320215742e-02
3.3053432253e-01 7.3607989645e-01 1.9655313828e-02
5.9283354963e-01 7.5630627568e-01 3.8910225473e-02
5.9277275057e-01 7.5631719346e-01 3.8729129010e-02
5.9260147211e-01 7.5632232637e-01 3.8643987985e-02
5.9241013697e-01 7.5632378784e-01 3.8622928609e-02
5.9217643223e-01 7.5632553888e-01 3.8597698010e-02
5.9189115570e-01 7.5632774253e-01 3.8565943116e-02
5.9154315364e-01 7.5633071534e-01 3.8523093569e-02
5.9111847372e-01 7.5633456972e-01 3.8467529543e-02
5.9060015306e-01 7.5633947234e-01 3.8396847688e-02
5.8996760930e-01 7.5634570183e-01 3.8307028470e-02
5.8919555255e-01 7.5635358991e-01 3.8193286516e-02
5.8825338525e-01 7.5636360923e-01 3.8048801649e-02
5.8710394500e-01 7.5637641688e-01 3.7864091220e-02
5.8570066851e-01 7.5639234025e-01 3.7634438536e-02
5.8398565210e-01 7.5641134347e-01 3.7360379030e-02
5.8189036395e-01 7.5643431275e-01 3.7029128767e-02
5.7932987060e-01 7.5646179220e-01 3.6632851103e-02
5.7619969274e-01 7.5649409067e-01 3.6167114835e-02
5.7237455712e-01 7.5653264321e-01 3.5611222614e-02
5.6770152034e-01 7.5657925032e-01 3.4939205375e-02
5.6199330319e-01 7.5663590906e-01 3.4122263990e-02
5.5502120970e-01 7.5670508488e-01 3.3124844367e-02
5.4650490599e-01 7.5678930023e-01 3.1910584036e-02
5.3610016771e-01 7.5689074844e-01 3.0447894518e-02
5.2338112227e-01 7.5700929959e-01 2.8738779157e-02
5.0782685798e-01 7.5714387174e-01 2.6799024579e-02
4.8880031371e-01 7.5729161289e-01 2.4670026821e-02
4.6553150993e-01 7.5745273968e-01 2.2348883418e-02
4.4172097082e-01 7.5759975164e-01 2.0231838299e-02
4.2219585276e-01 7.5770623090e-01 1.8699159194e-02
4.0619696327e-01 7.5778102876e-01 1.7623183467e-02
3.9308837611e-01 7.5783120394e-01 1.6902111705e-02
3.8234874085e-01 7.5786186429e-01 1.6462297710e-02
3.7355131355e-01 7.5787744055e-01 1.6239850460e-02
3.6634646553e-01 7.5788107397e-01 1.6189487107e-02
3.6044806891e-01 7.5787560882e-01 1.6270197355e-02
3.5562177133e-01 7.5786342069e-01 1.6447726745e-02
3.5167537178e-01 7.5784641820e-01 1.6694555660e-02
3.4845243574e-01 7.5782544657e-01 1.6998518276e-02
3.4582269900e-01 7.5780265614e-01 1.7328584049e-02
3.4368327523e-01 7.5777765781e-01 1.7690405401e-02
3.4194402439e-01 7.5775266561e-01 1.8052019667e-02
3.4053848662e-01 7.5772688018e-01 1.8424995910e-02
3.3940655947e-01 7.5770133824e-01 1.8794373122e-02
3.3849503861e-01 7.5767749172e-01 1.9139188963e-02
3.3778299049e-01 7.5765266237e-01 1.9498146020e-02
3.3723945719e-01 7.5762762459e-01 1.9860064557e-02
3.3681636169e-01 7.5760504346e-01 2.0186452705e-02
3.3651866647e-01 7.5758293455e-01 2.0505980795e-02
3.3634810991e-01 7.5756124046e-01 2.0819477717e-02
3.3628380618e-01 7.5753947930e-01 2.1133912228e-02
5.8722835308e-01 7.7691386807e-01 3.9958062393e-02
5.8716782707e-01 7.7692490302e-01 3.9776881589e-02
5.8699667714e-01 7.7693010407e-01 3.9691486607e-02
5.8680919138e-01 7.7693158656e-01 3.9670584124e-02
5.8658008052e-01 7.7693336489e-01 3.9645511776e-02
5.8630046533e-01 7.7693561003e-01 3.9613855057e-02
5.8595941952e-01 7.7693863926e-01 3.9571131006e-02
5.8554327265e-01 7.7694255513e-01 3.9515893997e-02
5.8503531504e-01 7.7694753360e-01 3.9445661470e-02
5.8441539311e-01 7.7695385954e-01 3.9356411851e-02
5.8365880093e-01 7.7696186407e-01 3.9243470942e-02
5.8273556314e-01 7.7697204606e-01 3.9099794586e-02
5.8160917482e-01 7.7698503521e-01 3.8916490662e-02
5.8023389320e-01 7.7700111669e-01 3.8689541464e-02
5.7855301017e-01 7.7702028011e-01 3.8419111849e-02
5.7649948957e-01 7.7704347210e-01 3.8091837908e-02
5.7398985886e-01 7.7707114814e-01 3.7701306129e-02
5.7092184748e-01 7.7710369245e-01 3.7242115611e-02
5.6717292530e-01 7.7714266045e-01 3.6692312680e-02
5.6259292729e-01 7.7718974725e-01 3.6027976721e-02
5.5699856249e-01 7.7724709402e-01 3.5218890368e-02
5.5016544574e-01 7.7731706730e-01 3.4231663142e-02
5.4181877196e-01 7.7740219766e-01 3.3030600794e-02
5.3162084504e-01 7.7750455826e-01 3.1586496456e-02
5.1915356804e-01 7.7762371409e-01 2.9905632632e-02
5.0390637838e-01 7.7775858324e-01 2.8003468204e-02
4.8525514062e-01 7.7790648039e-01 2.5918168350e-02
4.6246693405e-01 7.7806794943e-01 2.3642274079e-02
4.4022205768e-01 7.7820854994e-01 2.1661277338e-02
4.2199369012e-01 7.7831040865e-01 2.0226800722e-02
4.0705711465e-01 7.7838177543e-01 1.9222424708e-02
3.9481886326e-01 7.7842955767e-01 1.8550669603e-02
3.8479220850e-01 7.7845858800e-01 1.8143358381e-02
3.7657882038e-01 7.7847313349e-01 1.7940282753e-02
3.6985234377e-01 7.7847624446e-01 1.7898415772e-02
3.6434566918e-01 7.7847065329e-01 1.7979207489e-02
3.5984011338e-01 7.7845850177e-01 1.8152443269e-02
3.5615614015e-01 7.7844188341e-01 1.8388578443e-02
3.5314778549e-01 7.7842143711e-01 1.8678625382e-02
3.5069346597e-01 7.7839926143e-01 1.8992950174e-02
3.4869713138e-01 7.7837498603e-01 1.9336819412e-02
3.4707434910e-01 7.7835082063e-01 1.9679015589e-02
3.4576393369e-01 7.7832575935e-01 2.0033780600e-02
3.4470781372e-01 7.7830124838e-01 2.0380684272e-02
3.4385872195e-01 7.7827816209e-01 2.0707378538e-02
3.4319694460e-01 7.7825407177e-01 2.1048210196e-02
3.4269074145e-01 7.7823005898e-01 2.1387896492e-02
3.4229746204e-01 7.7820836557e-01 2.1694752696e-02
3.4202173819e-01 7.7818713222e-01 2.1995066684e-02
3.4186456128e-01 7.7816634787e-01 2.2288994807e-02
3.4180458969e-01 7.7814547522e-01 2.2584140723e-02
5.8185524017e-01 7.9667739259e-01 4.0961041326e-02
5.8179497859e-01 7.9668854865e-01 4.0779779813e-02
5.8162395345e-01 7.9669381955e-01 4.0694139463e-02
5.8144017145e-01 7.9669532107e-01 4.0673397610e-02
5.8121567562e-01 7.9669712274e-01 4.0648510792e-02
5.8094165263e-01 7.9669940498e-01 4.0616982574e-02
5.8060736477e-01 7.9670248659e-01 4.0574400119e-02
5.8019951832e-01 7.9670645722e-01 4.0519525606e-02
5.7970172380e-01 7.9671150569e-01 4.0449748831e-02
5.7909415405e-01 7.9671791798e-01 4.0361114269e-02
5.7835267917e-01 7.9672602564e-01 4.0249036905e-02
5.7744797473e-01 7.9673635547e-01 4.0106228323e-02
5.7634412022e-01 7.9674950528e-01 3.9924418945e-02
5.7499621244e-01 7.9676571127e-01 3.9700350680e-02
5.7334876116e-01 7.9678501314e-01 3.9433491360e-02
5.7133609469e-01 7.9680838724e-01 3.9110336713e-02
5.6887621630e-01 7.9683621076e-01 3.8725687546e-02
5.6586907543e-01 7.9686895805e-01 3.8273004519e-02
5.6219473568e-01 7.9690828090e-01 3.7729444250e-02
5.5770581283e-01 7.9695578651e-01 3.7072789187e-02
5.5222286917e-01 7.9701373200e-01 3.6271829486e-02
5.4552577518e-01 7.9708439984e-01 3.5295016537e-02
5.3734504590e-01 7.9717028214e-01 3.4107913596e-02
5.2734936614e-01 7.9727331748e-01 3.2683770746e-02
5.1512849371e-01 7.9739288250e-01 3.1031353111e-02
5.0018174798e-01 7.9752776167e-01 2.9167656834e-02
4.8189793682e-01 7.9767560407e-01 2.7125441266e-02
4.5970589602e-01 7.9783622393e-01 2.4907460248e-02
4.3894283800e-01 7.9797034261e-01 2.3056136305e-02
4.2192870619e-01 7.9806751010e-01 2.1715495660e-02
4.0798692709e-01 7.9813544986e-01 2.0778762646e-02
3.9656368985e-01 7.9818082456e-01 2.0153817025e-02
3.8720470050e-01 7.9820820474e-01 1.9777489041e-02
3.7953823296e-01 7.9822165990e-01 1.9593523258e-02
3.7325974843e-01 7.9822423959e-01 1.9559771667e-02
3.6811992659e-01 7.9821850974e-01 1.9640768633e-02
3.6391472803e-01 7.9820643868e-01 1.9809312031e-02
3.6047654324e-01 7.9819015508e-01 2.0035967573e-02
3.5766912081e-01 7.9817025691e-01 2.0312494706e-02
3.5537912358e-01 7.9814866667e-01 2.0612297931e-02
3.5351667808e-01 7.9812514919e-01 2.0938663148e-02
3.5200304230e-01 7.9810177782e-01 2.1262894136e-02
3.5078170751e-01 7.9807742630e-01 2.1600610422e-02
3.4979638596e-01 7.9805398058e-01 2.1925704381e-02
3.4900564432e-01 7.9803165820e-01 2.2235175799e-02
3.4839108878e-01 7.9800827873e-01 2.2559235025e-02
3.4791961955e-01 7.9798528575e-01 2.2877895078e-02
3.4755422974e-01 7.9796446889e-01 2.3166376827e-02
3.4729927080e-01 7.9794408461e-01 2.3448831437e-02
3.4715423625e-01 7.9792421643e-01 2.3724102019e-02
3.4709837331e-01 7.9790422638e-01 2.4001032582e-02
5.7671466801e-01 8.1559527057e-01 4.1919071044e-02
5.7665465924e-01 8.1560655975e-01 4.1737733914e-02
5.7648375368e-01 8.1561190585e-01 4.1651859817e-02
5.7630354102e-01 8.1561342402e-01 4.1631285406e-02
5.7608350583e-01 8.1561524630e-01 4.1606590757e-02
5.7581480224e-01 8.1561756225e-01 4.1575202594e-02
5.7548721271e-01 8.1562069088e-01 4.1532789277e-02
5.7508740105e-01 8.1562470945e-01 4.1478304986e-02
5.7459940011e-01 8.1562981934e-01 4.1409018134e-02
5.7400389136e-01 8.1563630828e-01 4.1321024723e-02
5.7327705085e-01 8.1564450844e-01 4.1209818197e-02
5.7239027928e-01 8.1565497325e-01 4.1067887030e-02
5.7130828361e-01 8.1566825724e-01 4.0887706536e-02
5.6998689441e-01 8.1568455307e-01 4.0666672397e-02
5.6837184528e-01 8.1570397235e-01 4.0403284837e-02
5.6639876500e-01 8.1572748651e-01 4.0084363115e-02
5.6398710537e-01 8.1575540835e-01 3.9705681310e-02
5.6103897491e-01 8.1578831681e-01 3.9259402980e-02
5.5743692213e-01 8.1582793189e-01 3.8722191144e-02
5.5303630893e-01 8.1587579361e-01 3.8073163548e-02
5.4766136328e-01 8.1593424375e-01 3.7280552185e-02
5.4109611508e-01 8.1600549798e-01 3.6314315254e-02
5.3307623802e-01 8.1609199613e-01 3.5141380044e-02
5.2327645391e-01 8.1619547086e-01 3.3738302400e-02
5.1129436115e-01 8.1631521985e-01 3.2114750945e-02
4.9663873059e-01 8.1644981357e-01 3.0290304249e-02
4.7871112572e-01 8.1659735957e-01 2.8290864448e-02
4.5722864666e-01 8.1675585370e-01 2.6143753885e-02
4.3785342454e-01 8.1688350857e-01 2.4415064465e-02
4.2197644767e-01 8.1697591536e-01 2.3164275740e-02
4.0896640999e-01 8.1704044933e-01 2.2291361267e-02
3.9830648168e-01 8.1708336190e-01 2.1711530871e-02
3.8957283573e-01 8.1710907913e-01 2.1364770154e-02
3.8241862901e-01 8.1712143184e-01 2.1199129911e-02
3.7655975303e-01 8.1712342041e-01 2.1173925977e-02
3.7176355444e-01 8.1711756871e-01 2.1254933717e-02
3.6783967289e-01 8.1710559681e-01 2.1418838274e-02
3.6463175414e-01 8.1708960749e-01 2.1637113176e-02
3.6201250522e-01 8.1707027509e-01 2.1900634596e-02
3.5987646185e-01 8.1704924854e-01 2.2187027927e-02
3.5813935231e-01 8.1702651893e-01 2.2496440156e-02
3.5672806166e-01 8.1700389297e-01 2.2804342848e-02
3.5559011903e-01 8.1698027611e-01 2.3125626112e-02
3.5467109314e-01 8.1695788103e-01 2.3430238499e-02
3.5393519947e-01 8.1693628027e-01 2.3723999964e-02
3.5336446862e-01 8.1691367015e-01 2.4031426500e-02
3.5292548565e-01 8.1689169293e-01 2.4330211579e-02
3.5258604425e-01 8.1687175397e-01 2.4601267888e-02
3.5235055530e-01 8.1685220743e-01 2.4866959245e-02
3.5221674031e-01 8.1683324255e-01 2.5124714841e-02
3.5216472470e-01 8.1681411921e-01 2.5384598409e-02
5.7180766741e-01 8.3366384072e-01 4.2831933774e-02
5.7174789614e-01 8.3367527702e-01 4.2650527439e-02
5.7157710317e-01 8.3368070452e-01 4.2564434723e-02
5.7140046142e-01 8.3368223539e-01 4.2544052400e-02
5.7118480055e-01 8.3368407446e-01 4.2519567729e-02
5.7092158285e-01 8.3368641721e-01 4.2488373757e-02
5.7060048787e-01 8.3368958487e-01 4.2446184843e-02
5.7020872217e-01 8.3369364277e-01 4.2392133181e-02
5.6973052917e-01 8.3369880230e-01 4.2323401330e-02
5.6914697524e-01 8.3370535101e-01 4.2236156482e-02
5.6843477859e-01 8.3371362454e-01 4.2125924856e-02
5.6756589369e-01 8.3372419673e-01 4.1985054228e-02
5.6650567424e-01 8.3373757943e-01 4.1806722154e-02
5.6521068565e-01 8.3375391744e-01 4.1589009112e-02
5.6362796054e-01 8.3377341833e-01 4.1329160532e-02
5.6169433767e-01 8.3379701187e-01 4.1014783509e-02
5.5933073971e-01 8.3382496521e-01 4.0642336169e-02
5.5644147007e-01 8.3385797034e-01 4.0202610424e-02
5.5291148204e-01 8.3389778014e-01 3.9672240637e-02
5.4859893991e-01 8.3394589996e-01 3.9031174097e-02
5.4333164744e-01 8.3400470871e-01 3.8247705409e-02
5.3689785084e-01 8.3407637943e-01 3.7292890083e-02
5.2903834835e-01 8.3416328988e-01 3.6135065453e-02
5.1943380244e-01 8.3426691211e-01 3.4754679413e-02
5.0768976676e-01 8.3438652497e-01 3.3161483614e-02
4.9332446245e-01 8.3452048980e-01 3.1377506818e-02
4.7575219653e-01 8.3466739978e-01 2.9421714899e-02
4.5507934209e-01 8.3482259867e-01 2.7356237613e-02
4.3698967470e-01 8.3494392805e-01 2.5742122158e-02
4.2216603781e-01 8.3503165590e-01 2.4575576250e-02
4.1001907917e-01 8.3509284240e-01 2.3762528274e-02
4.0006621242e-01 8.3513332564e-01 2.3225188710e-02
3.9191184590e-01 8.3515741214e-01 2.2906188000e-02
3.8523217836e-01 8.3516869920e-01 2.2757601982e-02
3.7976202105e-01 8.3517008681e-01 2.2740797928e-02
3.7528414895e-01 8.3516411600e-01 2.2821920308e-02
3.7162087954e-01 8.3515228024e-01 2.2981086379e-02
3.6862628568e-01 8.3513658064e-01 2.3191626052e-02
3.6618132425e-01 8.3511783281e-01 2.3442688348e-02
3.6418792191e-01 8.3509736122e-01 2.3716621521e-02
3.6256681502e-01 8.3507544185e-01 2.4009766194e-02
3.6125036341e-01 8.3505354486e-01 2.4302516163e-02
3.6018951482e-01 8.3503068387e-01 2.4608055459e-02
3.5933189207e-01 8.3500931186e-01 2.4893652340e-02
3.5864667965e-01 8.3498844999e-01 2.5172384351e-02
3.5811681053e-01 8.3496655332e-01 2.5464882508e-02
3.5770748427e-01 8.3494561329e-01 2.5744571190e-02
3.5739216547e-01 8.3492651888e-01 2.5999590213e-02
3.5717449123e-01 8.3490780238e-01 2.6249533401e-02
3.5705101925e-01 8.3488971036e-01 2.6491109713e-02
3.5700265093e-01 8.3487144789e-01 2.6734937947e-02
5.6713665801e-01 8.5087438986e-01 4.3699165399e-02
5.6707710352e-01 8.5088604671e-01 4.3517701813e-02
5.6690641353e-01 8.5089158976e-01 4.3431412444e-02
5.6673315855e-01 8.5089312658e-01 4.3411273922e-02
5.6652166950e-01 8.5089497412e-01 4.3387064596e-02
5.6626351517e-01 8.5089733766e-01 4.3356090099e-02
5.6594871041e-01 8.5090052786e-01 4.3314271701e-02
5.6556447022e-01 8.5090461011e-01 4.3260753932e-02
5.6509555914e-01 8.5090980008e-01 4.3192708064e-02
5.6452335228e-01 8.5091638621e-01 4.3106350229e-02
5.6382493934e-01 8.5092470811e-01 4.2997225677e-02
5.6297295581e-01 8.5093535284e-01 4.2857630284e-02
5.6193329753e-01 8.5094879030e-01 4.2681400616e-02
5.6066322113e-01 8.5096511010e-01 4.2467374206e-02
5.5911107684e-01 8.5098464749e-01 4.2211164585e-02
5.5721473469e-01 8.5100824977e-01 4.1901660292e-02
5.5489657260e-01 8.5103616025e-01 4.1535692056e-02
5.5206298850e-01 8.5106919155e-01 4.1102615106e-02
5.4860116690e-01 8.5110910190e-01 4.0579367350e-02
5.4437197304e-01 8.5115739096e-01 3.9946292796e-02
5.3920654858e-01 8.5121643314e-01 3.9172253504e-02
5.3289716126e-01 8.5128838600e-01 3.8228974205e-02
5.2518944575e-01 8.5137555384e-01 3.7086269410e-02
5.1576960996e-01 8.5147910549e-01 3.5728894558e-02
5.0425083731e-01 8.5159834981e-01 3.4166070014e-02
4.9016035371e-01 8.5173147552e-01 3.2421759640e-02
4.7292449943e-01 8.5187752369e-01 3.0508742697e-02
4.5313929735e-01 8.5202830263e-01 2.8534395696e-02
4.3625412612e-01 8.5214326652e-01 2.7029610191e-02
4.2241743000e-01 8.5222627804e-01 2.5943607331e-02
4.1107913949e-01 8.5228405548e-01 2.5188307704e-02
4.0178878042e-01 8.5232206136e-01 2.4692093483e-02
3.9417721769e-01 8.5234448685e-01 2.4400022333e-02
3.8794221918e-01 8.5235469441e-01 2.4268017129e-02
3.8283632512e-01 8.5235546794e-01 2.4259583769e-02
3.7865677516e-01 8.5234934379e-01 2.4341465658e-02
3.7523773009e-01 8.5233764633e-01 2.4496317916e-02
3.7244309123e-01 8.5232220402e-01 2.4700161473e-02
3.7016147607e-01 8.5230405032e-01 2.4939456275e-02
3.6830177643e-01 8.5228412069e-01 2.5201940299e-02
3.6678936115e-01 8.5226302351e-01 2.5479647167e-02
3.6556181693e-01 8.5224184597e-01 2.5758310638e-02
3.6457310587e-01 8.5221977381e-01 2.6048649654e-02
3.6377324456e-01 8.5219936313e-01 2.6317083955e-02
3.6313585349e-01 8.5217918486e-01 2.6582403936e-02
3.6264387012e-01 8.5215806934e-01 2.6859993863e-02
3.6226263754e-01 8.5213811644e-01 2.7122276820e-02
3.6197015464e-01 8.5211984314e-01 2.7362465558e-02
3.6176892787e-01 8.5210196722e-01 2.7597405788e-02
3.6165525287e-01 8.5208473660e-01 2.7823841077e-02
3.6161019446e-01 8.5206728860e-01 2.8053111223e-02
5.6269461733e-01 8.6725280345e-01 4.4522541684e-02
5.6263523450e-01 8.6726479555e-01 4.4341043694e-02
5.6246462620e-01 8.6727050689e-01 4.4254603884e-02
5.6229537460e-01 8.6727195785e-01 4.4235764474e-02
5.6208885081e-01 8.6727370114e-01 4.4213128582e-02
5.6183663100e-01 8.6727594592e-01 4.4183983847e-02
5.6152909823e-01 8.6727899068e-01 4.4144461855e-02
5.6115373683e-01 8.6728288805e-01 4.4093875438e-02
5.6069567925e-01 8.6728785238e-01 4.4029443875e-02
5.6013662188e-01 8.6729416613e-01 4.3947507675e-02
5.5945436140e-01 8.6730217132e-01 4.3843642339e-02
5.5862207852e-01 8.6731245306e-01 4.3710269247e-02
5.5760640616e-01 8.6732542920e-01 4.3541969990e-02
5.5636559105e-01 8.6734116306e-01 4.3337950995e-02
5.5484946440e-01 8.6736010512e-01 4.3092407339e-02
5.5299719941e-01 8.6738302768e-01 4.2795360476e-02
5.5073309677e-01 8.6741018657e-01 4.2443544321e-02
5.4796596660e-01 8.6744250273e-01 4.2025072191e-02
5.4458569463e-01 8.6748173350e-01 4.1517235843e-02
5.4045652061e-01 8.6752941137e-01 4.0900246237e-02
5.3541361614e-01 8.6758790807e-01 4.0143477067e-02
5.2925431993e-01 8.6765943837e-01 3.9218365307e-02
5.2173030894e-01 8.6774630487e-01 3.8095246403e-02
5.1253492194e-01 8.6784953837e-01 3.6761004895e-02
5.0129074132e-01 8.6796862714e-01 3.5222554673e-02
4.8753598442e-01 8.6810173419e-01 3.3503935655e-02
4.7071058820e-01 8.6824794267e-01 3.1616857457e-02
4.5185089152e-01 8.6839474568e-01 2.9721963097e-02
4.3600749904e-01 8.6850459804e-01 2.8304221861e-02
4.2302419425e-01 8.6858371067e-01 2.7283627727e-02
4.1238506325e-01 8.6863864446e-01 2.6575460843e-02
4.0366745868e-01 8.6867459182e-01 2.6112628699e-02
3.9652513660e-01 8.6869564995e-01 2.5842173475e-02
3.9067452632e-01 8.6870499317e-01 2.5723065504e-02
3.8588348303e-01 8.6870530338e-01 2.5720636307e-02
3.8196179846e-01 8.6869906010e-01 2.5802819634e-02
3.7875381674e-01 8.6868753695e-01 2.5953172346e-02
3.7613200274e-01 8.6867234645e-01 2.6150824419e-02
3.7399156430e-01 8.6865472392e-01 2.6379817099e-02
3.7224746184e-01 8.6863526917e-01 2.6632387233e-02
3.7082912427e-01 8.6861485595e-01 2.6897259148e-02
3.6967860884e-01 8.6859425507e-01 2.7164429625e-02
3.6875224418e-01 8.6857289012e-01 2.7441453447e-02
3.6800367004e-01 8.6855300454e-01 2.7699044223e-02
3.6740934682e-01 8.6853310177e-01 2.7956709462e-02
3.6695240257e-01 8.6851236321e-01 2.8225252502e-02
3.6659859696e-01 8.6849293784e-01 2.8476867243e-02
3.6632857187e-01 8.6847513329e-01 2.8707536115e-02
3.6614450351e-01 8.6845781960e-01 2.8931890968e-02
3.6604195051e-01 8.6844124572e-01 2.9146695150e-02
3.6600215946e-01 8.6842447005e-01 2.9364131830e-02
5.5847176664e-01 8.8283189649e-01 4.5304403479e-02
5.5841251224e-01 8.8284414238e-01 4.5122880460e-02
5.5824196514e-01 8.8284998134e-01 4.5036328473e-02
5.5807733655e-01 8.8285125048e-01 4.5019897790e-02
5.5787637894e-01 8.8285277317e-01 4.5000180054e-02
5.5763104510e-01 8.8285475270e-01 4.4974563863e-02
5.5733184428e-01 8.8285747417e-01 4.4939392641e-02
5.5696667944e-01 8.8286096926e-01 4.4894241349e-02
5.5652090185e-01 8.8286544164e-01 4.4836487245e-02
5.5597694920e-01 8.8287115863e-01 4.4762700892e-02
5.5531305238e-01 8.8287846956e-01 4.4668418251e-02
5.5450321991e-01 8.8288793741e-01 4.4546423089e-02
5.5351491653e-01 8.8289992957e-01 4.4391988800e-02
5.5230763860e-01 8.8291450610e-01 4.4204394418e-02
5.5083282992e-01 8.8293221288e-01 4.3976703312e-02
5.4903133137e-01 8.8295377147e-01 4.3699719750e-02
5.4682970191e-01 8.8297947929e-01 4.3369718482e-02
5.4413955085e-01 8.8301034920e-01 4.2973800191e-02
5.4085390107e-01 8.8304814658e-01 4.2489465206e-02
5.3684101587e-01 8.8309445849e-01 4.1896496837e-02
5.3194085321e-01 8.8315169129e-01 4.1164269414e-02
5.2595680735e-01 8.8322217883e-01 4.0263143972e-02
5.1864781960e-01 8.8330830555e-01 3.9162889803e-02
5.0971598495e-01 8.8341116432e-01 3.7849964284e-02
4.9879494981e-01 8.8353054932e-01 3.6327491307e-02
4.8543577049e-01 8.8366469047e-01 3.4618435977e-02
4.6909330765e-01 8.8381217835e-01 3.2740011187e-02
4.5113525617e-01 8.8395587338e-01 3.0908558347e-02
4.3618680657e-01 8.8406185211e-01 2.9557533865e-02
4.2393639137e-01 8.8413789790e-01 2.8588339499e-02
4.1389760131e-01 8.8419057038e-01 2.7917437145e-02
4.0567175782e-01 8.8422489025e-01 2.7480795900e-02
3.9893228013e-01 8.8424488064e-01 2.7227053943e-02
3.9341164833e-01 8.8425357211e-01 2.7117520725e-02
3.8889087163e-01 8.8425357448e-01 2.7118869029e-02
3.8519050710e-01 8.8424725751e-01 2.7200814894e-02
3.8216367936e-01 8.8423593670e-01 2.7346588406e-02
3.7969017481e-01 8.8422099752e-01 2.7538447678e-02
3.7767096067e-01 8.8420381539e-01 2.7758841457e-02
3.7602604441e-01 8.8418479653e-01 2.8002561301e-02
3.7468863224e-01 8.8416490656e-01 2.8257307856e-02
3.7360440026e-01 8.8414475585e-01 2.8515215681e-02
3.7273183549e-01 8.8412393947e-01 2.8781640792e-02
3.7202898548e-01 8.8410414955e-01 2.9034378415e-02
3.7147379408e-01 8.8408411843e-01 2.9289920746e-02
3.7104953940e-01 8.8406338783e-01 2.9554599238e-02
3.7072338874e-01 8.8404399735e-01 2.9802389126e-02
3.7047632311e-01 8.8402630143e-01 3.0028669659e-02
3.7031047107e-01 8.8400927127e-01 3.0246589596e-02
3.7022036143e-01 8.8399316050e-01 3.0452871335e-02
3.7018774893e-01 8.8397685255e-01 3.0661755107e-02
5.5444399598e-01 8.9769783380e-01 4.6049490781e-02
5.5438483695e-01 8.9771028001e-01 4.5867950280e-02
5.5421433534e-01 8.9771621959e-01 4.5781315548e-02
5.5405512166e-01 8.9771723581e-01 4.5768115568e-02
5.5386063913e-01 8.9771845082e-01 4.5752323471e-02
5.5362337812e-01 8.9772005538e-01 4.5731508523e-02
5.5333377506e-01 8.9772232032e-01 4.5702227086e-02
5.5298033913e-01 8.9772524999e-01 4.5664390358e-02
5.5254892396e-01 8.9772902765e-01 4.5615649877e-02
5.5202238274e-01 8.9773390741e-01 4.5552773187e-02
5.5137983311e-01 8.9774023394e-01 4.5471404168e-02
5.5059596968e-01 8.9774854796e-01 4.5364671970e-02
5.4963935336e-01 8.9775915713e-01 4.5228638613e-02
5.4847097575e-01 8.9777215083e-01 4.5062244624e-02
5.4704407251e-01 8.9778813825e-01 4.4857842232e-02
5.4530147743e-01 8.9780781857e-01 4.4606632369e-02
5.4317242321e-01 8.9783154687e-01 4.4304232843e-02
5.4057168441e-01 8.9786040381e-01 4.3937043703e-02
5.3739598163e-01 8.9789617108e-01 4.3482637795e-02
5.3351822869e-01 8.9794049384e-01 4.2920311076e-02
5.2878407279e-01 8.9799584755e-01 4.2218967522e-02
5.2300400566e-01 8.9806472189e-01 4.1347420378e-02
5.1594556436e-01 8.9814964711e-01 4.0274037294e-02
5.0732140999e-01 8.9825196112e-01 3.8982529293e-02
4.9677808994e-01 8.9837183863e-01 3.7471368831e-02
4.8388160705e-01 8.9850763799e-01 3.5761699217e-02
4.6810342840e-01 8.9865696973e-01 3.3882217986e-02
4.5097887407e-01 8.9879862211e-01 3.2096952566e-02
4.3678551751e-01 8.9890194219e-01 3.0794090221e-02
4.2515328553e-01 8.9897580058e-01 2.9862807488e-02
4.1562077817e-01 8.9902684708e-01 2.9219455585e-02
4.0780960667e-01 8.9906002828e-01 2.8801681270e-02
4.0140977568e-01 8.9907928668e-01 2.8559701910e-02
3.9616731723e-01 8.9908757562e-01 2.8456224539e-02
3.9187434206e-01 8.9908743624e-01 2.8459149758e-02
3.8836050103e-01 8.9908116644e-01 2.8539418162e-02
3.8548633673e-01 8.9907006508e-01 2.8680662571e-02
3.8313776746e-01 8.9905542098e-01 2.8866525930e-02
3.8122072849e-01 8.9903861741e-01 2.9079554533e-02
3.7965935495e-01 8.9901998933e-01 2.9315479554e-02
3.7839028367e-01 8.9900050866e-01 2.9562076768e-02
3.7736202028e-01 8.9898070199e-01 2.9812574776e-02
3.7653492158e-01 8.9896032900e-01 3.0070301144e-02
3.7587192923e-01 8.9894036825e-01 3.0322004757e-02
3.7535177018e-01 8.9891993684e-01 3.0579217291e-02
3.7495787327e-01 8.9889891255e-01 3.0844221700e-02
3.7465908129e-01 8.9887918586e-01 3.1093237301e-02
3.7443530888e-01 8.9886130289e-01 3.1319219306e-02
3.7428856490e-01 8.9884434675e-01 3.1533749512e-02
3.7421159238e-01 8.9882849933e-01 3.1734470348e-02
3.7418761249e-01 8.9881249790e-01 3.1937283654e-02
5.5059324069e-01 9.1191545006e-01 4.6761327595e-02
5.5053415045e-01 9.1192805922e-01 4.6579775936e-02
5.5036368168e-01 9.1193408028e-01 4.6493082226e-02
5.5021087594e-01 9.1193479196e-01 4.6483708166e-02
5.5002427820e-01 9.1193563446e-01 4.6472592337e-02
5.4979644517e-01 9.1193678324e-01 4.6457513391e-02
5.4951847752e-01 9.1193848860e-01 4.6435314113e-02
5.4917912011e-01 9.1194072772e-01 4.6406234839e-02
5.4876476308e-01 9.1194365710e-01 4.6368275317e-02
5.4825904948e-01 9.1194751062e-01 4.6318482527e-02
5.4764189315e-01 9.1195262830e-01 4.6252601378e-02
5.4688897992e-01 9.1195951307e-01 4.6164290509e-02
5.4597011119e-01 9.1196842696e-01 4.6050207371e-02
5.4484805731e-01 9.1197950030e-01 4.5908807104e-02
5.4347809248e-01 9.1199337453e-01 4.5732126076e-02
5.4180545566e-01 9.1201075571e-01 4.5511374833e-02
5.3976252979e-01 9.1203206165e-01 4.5241452793e-02
5.3726772686e-01 9.1205840049e-01 4.4908562392e-02
5.3422218153e-01 9.1209158908e-01 4.4490081814e-02
5.3050429555e-01 9.1213330856e-01 4.3965081203e-02
5.2596647225e-01 9.1218613242e-01 4.3301595124e-02
5.2042761637e-01 9.1225271291e-01 4.2466781647e-02
5.1366554551e-01 9.1233578377e-01 4.1426860468e-02
5.0540570414e-01 9.1243708753e-01 4.0160790268e-02
4.9530995762e-01 9.1255724644e-01 3.8661609993e-02
4.8296210933e-01 9.1269483663e-01 3.6947580427e-02
4.6785290789e-01 9.1284622554e-01 3.5062165342e-02
4.5145760899e-01 9.1298746309e-01 3.3299954860e-02
4.3786888961e-01 9.1308959129e-01 3.2024643253e-02
4.2673144492e-01 9.1316236017e-01 3.1115869677e-02
4.1760403328e-01 9.1321258637e-01 3.0488820397e-02
4.1012458567e-01 9.1324524331e-01 3.0081452738e-02
4.0399639373e-01 9.1326422376e-01 2.9845098383e-02
3.9897635802e-01 9.1327244129e-01 2.9743326390e-02
3.9486547571e-01 9.1327239294e-01 2.9744901731e-02
3.9150068517e-01 9.1326632274e-01 2.9821716278e-02
3.8874846348e-01 9.1325552768e-01 2.9957591124e-02
3.8649962758e-01 9.1324123473e-01 3.0137076959e-02
3.8466418375e-01 9.1322477562e-01 3.0343556908e-02
3.8316953304e-01 9.1320650600e-01 3.0572503705e-02
3.8195499840e-01 9.1318736318e-01 3.0812300758e-02
3.8097160066e-01 9.1316779424e-01 3.1057141944e-02
3.8018073586e-01 9.1314780060e-01 3.1307455582e-02
3.7955045283e-01 9.1312755323e-01 3.1559999178e-02
3.7906051181e-01 9.1310650762e-01 3.1821886911e-02
3.7869401540e-01 9.1308493265e-01 3.2090727151e-02
3.7842236248e-01 9.1306454037e-01 3.2345326553e-02
3.7822184969e-01 9.1304621053e-01 3.2574487266e-02
3.7809488239e-01 9.1302911549e-01 3.2788565672e-02
3.7803183569e-01 9.1301334619e-01 3.2986340614e-02
3.7801754244e-01 9.1299745975e-01 3.3185789523e-02
5.4690152985e-01 9.2554981588e-01 4.7443362714e-02
5.4684248622e-01 9.2556256076e-01 4.7261805366e-02
5.4667203972e-01 9.2556864919e-01 4.7175072596e-02
5.4652671352e-01 9.2556902283e-01 4.7169905981e-02
5.4634939019e-01 9.2556945153e-01 4.7163937968e-02
5.4613284783e-01 9.2557008842e-01 4.7155240288e-02
5.4586850751e-01 9.2557116489e-01 4.7140915501e-02
5.4554577071e-01 9.2557262884e-01 4.7121558488e-02
5.4515164204e-01 9.2557460272e-01 4.7095602973e-02
5.4467054292e-01 9.2557729487e-01 4.7060434306e-02
5.4408335596e-01 9.2558103589e-01 4.7011952322e-02
5.4336687599e-01 9.2558628972e-01 4.6944352676e-02
5.4249244332e-01 9.2559327524e-01 4.6854844321e-02
5.4142485224e-01 9.2560217019e-01 4.6741314368e-02
5.4012165085e-01 9.2561361738e-01 4.6595864936e-02
5.3853093152e-01 9.2562835464e-01 4.6409392084e-02
5.3658867918e-01 9.2564686329e-01 4.6176066755e-02
5.3421747177e-01 9.2567023263e-01 4.5882456829e-02
5.3132361098e-01 9.2570033076e-01 4.5505521460e-02
5.2779181216e-01 9.2573884227e-01 4.5024485399e-02
5.2348237471e-01 9.2578845366e-01 4.4406293126e-02
5.1822392225e-01 9.2585195613e-01 4.3616705272e-02
5.1180632162e-01 9.2593233490e-01 4.2619176992e-02
5.0397011164e-01 9.2603186140e-01 4.1386366505e-02
4.9439511166e-01 9.2615167435e-01 3.9905074606e-02
4.8268615102e-01 9.2629073736e-01 3.8188664943e-02
4.6835660402e-01 9.2644428168e-01 3.6294191119e-02
4.5258800475e-01 9.2658716183e-01 3.4527702532e-02
4.3945374846e-01 9.2668978078e-01 3.3257580486e-02
4.2868787300e-01 9.2676269961e-01 3.2354849834e-02
4.1986448337e-01 9.2681301897e-01 3.1732021415e-02
4.1263389204e-01 9.2684584740e-01 3.1325955964e-02
4.0670938615e-01 9.2686506123e-01 3.1088632562e-02
4.0185606298e-01 9.2687358507e-01 3.0983804346e-02
3.9788159213e-01 9.2687389895e-01 3.0980724097e-02
3.9462836800e-01 9.2686823760e-01 3.1051651263e-02
3.9196738990e-01 9.2685782404e-01 3.1181462857e-02
3.8979310139e-01 9.2684395958e-01 3.1353906218e-02
3.8801862473e-01 9.2682785072e-01 3.1554103162e-02
3.8657373193e-01 9.2680993083e-01 3.1776532722e-02
3.8540000332e-01 9.2679105231e-01 3.2010825792e-02
3.8445037425e-01 9.2677159282e-01 3.2251959787e-02
3.8368615931e-01 9.2675198461e-01 3.2495178311e-02
3.8308091972e-01 9.2673143378e-01 3.2749162658e-02
3.8261595290e-01 9.2670963973e-01 3.3017697264e-02
3.8227383495e-01 9.2668730109e-01 3.3293249482e-02
3.8202855693e-01 9.2666600709e-01 3.3556501175e-02
3.8185262225e-01 9.2664695690e-01 3.3792376368e-02
3.8174578581e-01 9.2662957389e-01 3.4008021801e-02
3.8169732089e-01 9.2661363274e-01 3.4206147649e-02
3.8169391716e-01 9.2659759980e-01 3.4405683168e-02
5.4335811567e-01 9.3863969480e-01 4.8097673713e-02
5.4329909946e-01 9.3865255469e-01 4.7916115559e-02
5.4312866606e-01 9.3865869957e-01 4.7829361029e-02
5.4299233979e-01 9.3865871995e-01 4.7828568468e-02
5.4282603392e-01 9.3865871647e-01 4.7827948768e-02
5.4262292121e-01 9.3865881315e-01 4.7825947240e-02
5.4237485631e-01 9.3865922176e-01 4.7819930581e-02
5.4207187352e-01 9.3865986564e-01 4.7810790592e-02
5.4170187288e-01 9.3866082379e-01 4.7797505780e-02
5.4125013007e-01 9.3866227458e-01 4.7777848661e-02
5.4069861194e-01 9.3866452157e-01 4.7748081910e-02
5.4002552719e-01 9.3866800546e-01 4.7702743981e-02
5.3920399140e-01 9.3867289305e-01 4.7639693582e-02
5.3820108355e-01 9.3867941036e-01 4.7556230046e-02
5.3697691658e-01 9.3868816388e-01 4.7444980855e-02
5.3548296335e-01 9.3869994878e-01 4.7296204113e-02
5.3365939968e-01 9.3871530545e-01 4.7103390345e-02
5.3143358705e-01 9.3873525473e-01 4.6854066524e-02
5.2871788141e-01 9.3876170392e-01 4.6524897023e-02
5.2540435063e-01 9.3879631119e-01 4.6095600317e-02
5.2136250285e-01 9.3884187604e-01 4.5532001855e-02
5.1643220110e-01 9.3890124991e-01 4.4799379384e-02
5.1041748355e-01 9.3897771647e-01 4.3857832857e-02
5.0307669215e-01 9.3907415677e-01 4.2672717262e-02
4.9411088414e-01 9.3919230563e-01 4.1223659950e-02
4.8315026973e-01 9.3933185751e-01 3.9515044181e-02
4.6973565530e-01 9.3948742309e-01 3.7611408240e-02
4.5452950310e-01 9.3963461353e-01 3.5806832079e-02
4.4167245759e-01 9.3974008960e-01 3.4511920252e-02
4.3113256267e-01 9.3981484607e-01 3.3593831893e-02
4.2249374074e-01 9.3986649392e-01 3.2959602474e-02
4.1541404717e-01 9.3990043308e-01 3.2543041683e-02
4.0961289776e-01 9.3992058504e-01 3.2295986952e-02
4.0486039381e-01 9.3992994914e-01 3.2181560262e-02
4.0096829295e-01 9.3993102021e-01 3.2169081782e-02
3.9778231039e-01 9.3992602427e-01 3.2231160868e-02
3.9517620688e-01 9.3991616675e-01 3.2352990128e-02
3.9304660539e-01 9.3990284989e-01 3.2517207995e-02
3.9130864970e-01 9.3988712003e-01 3.2711064344e-02
3.8989347895e-01 9.3986953150e-01 3.2927520932e-02
3.8874406085e-01 9.3985091070e-01 3.3156706411e-02
3.8781484071e-01 9.3983146779e-01 3.3395587688e-02
3.8706622188e-01 9.3981216076e-01 3.3633062450e-02
3.8647599360e-01 9.3979142712e-01 3.3887359629e-02
3.8602886109e-01 9.3976881497e-01 3.4163695213e-02
3.8570689038e-01 9.3974550475e-01 3.4448724226e-02
3.8548646775e-01 9.3972309542e-01 3.4723350636e-02
3.8533571339e-01 9.3970310017e-01 3.4968777004e-02
3.8525035645e-01 9.3968524193e-01 3.5188410696e-02
3.8521707194e-01 9.3966880691e-01 3.5390956990e-02
3.8522635325e-01 9.3965226738e-01 3.5595127461e-02
5.4010189727e-01 9.5067110510e-01 4.8698698457e-02
5.4004289130e-01 9.5068405971e-01 4.8517143709e-02
5.3987246280e-01 9.5069025043e-01 4.8430382822e-02
5.3974194591e-01 9.5068992810e-01 4.8433802755e-02
5.3958263781e-01 9.5068950559e-01 4.8438330863e-02
5.3938803295e-01 9.5068908755e-01 4.8442661524e-02
5.3915036413e-01 9.5068886695e-01 4.8444411829e-02
5.3885992853e-01 9.5068873587e-01 4.8444850059e-02
5.3850525991e-01 9.5068874074e-01 4.8443362177e-02
5.3807205889e-01 9.5068903686e-01 4.8438019588e-02
5.3754307055e-01 9.5068991983e-01 4.8425209174e-02
5.3689727692e-01 9.5069180257e-01 4.8399850095e-02
5.3610884791e-01 9.5069479311e-01 4.8360537095e-02
5.3514632854e-01 9.5069915890e-01 4.8304078830e-02
5.3397151929e-01 9.5070554421e-01 4.8222691513e-02
5.3253784310e-01 9.5071475910e-01 4.8106518435e-02
5.3078815177e-01 9.5072741338e-01 4.7948243195e-02
5.2865298903e-01 9.5074455626e-01 4.7735132517e-02
5.2604843305e-01 9.5076814257e-01 4.7443431565e-02
5.2287132859e-01 9.5079987293e-01 4.7052480841e-02
5.1899706016e-01 9.5084266414e-01 4.6526906272e-02
5.1427282881e-01 9.5089953115e-01 4.5830220500e-02
5.0851179614e-01 9.5097401556e-01 4.4919640268e-02
5.0148371211e-01 9.5106943284e-01 4.3755423462e-02
4.9290340689e-01 9.5118805673e-01 4.2310722982e-02
4.8241687271e-01 9.5132995883e-01 4.0585265032e-02
4.6958068694e-01 9.5148876355e-01 3.8655277373e-02
4.5499391790e-01 9.5163701115e-01 3.6850478426e-02
4.4264167424e-01 9.5174198403e-01 3.5570845726e-02
4.3251445527e-01 9.5181602404e-01 3.4667977195e-02
4.2421334199e-01 9.5186707335e-01 3.4045509469e-02
4.1741012387e-01 9.5190061516e-01 3.3636700771e-02
4.1183534137e-01 9.5192056526e-01 3.3393803732e-02
4.0726817175e-01 9.5192990105e-01 3.3280469913e-02
4.0352779032e-01 9.5193108499e-01 3.3266633597e-02
4.0046597900e-01 9.5192631328e-01 3.3325471837e-02
3.9796147654e-01 9.5191675281e-01 3.3442743735e-02
3.9591493271e-01 9.5190381368e-01 3.3601127946e-02
3.9424486308e-01 9.5188848561e-01 3.3788656157e-02
3.9288516195e-01 9.5187130719e-01 3.3998526992e-02
3.9178088050e-01 9.5185314702e-01 3.4220437274e-02
3.9088872490e-01 9.5183407028e-01 3.4453158648e-02
3.9016959927e-01 9.5181527691e-01 3.4682609640e-02
3.8960278412e-01 9.5179517627e-01 3.4927607469e-02
3.8917776373e-01 9.5177272176e-01 3.5200269950e-02
3.8887722779e-01 9.5174937184e-01 3.5483741186e-02
3.8867446426e-01 9.5172616970e-01 3.5765939743e-02
3.8854029438e-01 9.5170443509e-01 3.6030697294e-02
3.8847081800e-01 9.5168534343e-01 3.6263679763e-02
3.8845139893e-01 9.5166751980e-01 3.6481666140e-02
3.8847536813e-01 9.5164950053e-01 3.6702469595e-02
5.3742328925e-01 9.6056991550e-01 4.9192942008e-02
5.3736428076e-01 9.6058294130e-01 4.9011393176e-02
5.3719385104e-01 9.6058916589e-01 4.8924637089e-02
5.3706088075e-01 9.6058850925e-01 4.8932121597e-02
5.3689862635e-01 9.6058767985e-01 4.8941594897e-02
5.3670043641e-01 9.6058678973e-01 4.8951670119e-02
5.3645809562e-01 9.6058600817e-01 4.8960266785e-02
5.3616214520e-01 9.6058517854e-01 4.8969238654e-02
5.3580046635e-01 9.6058435065e-01 4.8977939483e-02
5.3535870253e-01 9.6058368711e-01 4.8984370544e-02
5.3481908261e-01 9.6058354406e-01 4.8984210714e-02
5.3416001405e-01 9.6058422102e-01 4.8973762111e-02
5.3335524169e-01 9.6058582833e-01 4.8951636711e-02
5.3237263699e-01 9.6058870594e-01 4.8913799687e-02
5.3117330055e-01 9.6059368082e-01 4.8850260845e-02
5.2970965648e-01 9.6060149310e-01 4.8752086508e-02
5.2792354858e-01 9.6061286376e-01 4.8610644606e-02
5.2574441365e-01 9.6062913009e-01 4.8409761308e-02
5.2308671755e-01 9.6065228643e-01 4.8125334376e-02
5.1984574370e-01 9.6068432257e-01 4.7733312756e-02
5.1589463396e-01 9.6072829153e-01 4.7196863917e-02
5.1107860219e-01 9.6078774839e-01 4.6473182173e-02
5.0520749321e-01 9.6086636457e-01 4.5518115757e-02
4.9804668617e-01 9.6096756594e-01 4.4290841351e-02
4.8930550731e-01 9.6109376837e-01 4.2762787655e-02
4.7862045398e-01 9.6124400968e-01 4.0945954630e-02
4.6553084010e-01 9.6140740117e-01 3.8970055812e-02
4.5183686603e-01 9.6154385533e-01 3.7317052456e-02
4.4057275973e-01 9.6163858839e-01 3.6168556668e-02
4.3133748247e-01 9.6170486917e-01 3.5364855486e-02
4.2376749285e-01 9.6175012037e-01 3.4816237976e-02
4.1756349467e-01 9.6177930179e-01 3.4462651525e-02
4.1247988399e-01 9.6179608003e-01 3.4259600200e-02
4.0831532229e-01 9.6180315360e-01 3.4174337891e-02
4.0490497772e-01 9.6180283779e-01 3.4178754696e-02
4.0211372124e-01 9.6179717127e-01 3.4248069994e-02
3.9983087619e-01 9.6178733993e-01 3.4367925161e-02
3.9796599252e-01 9.6177439633e-01 3.4525433112e-02
3.9644442387e-01 9.6175954885e-01 3.4706026563e-02
3.9520620372e-01 9.6174302341e-01 3.4906778323e-02
3.9420056201e-01 9.6172589400e-01 3.5114915673e-02
3.9338848036e-01 9.6170799579e-01 3.5332076654e-02
3.9273359399e-01 9.6169055013e-01 3.5543843768e-02
3.9221421781e-01 9.6167262874e-01 3.5761272401e-02
3.9181569197e-01 9.6165230017e-01 3.6007086063e-02
3.9151370390e-01 9.6162907360e-01 3.6287612403e-02
3.9131624047e-01 9.6160643172e-01 3.6561348041e-02
3.9118376637e-01 9.6158259773e-01 3.6849955244e-02
3.9111784978e-01 9.6156091590e-01 3.7112871509e-02
3.9110805495e-01 9.6154036855e-01 3.7362569404e-02
3.9114993249e-01 9.6151900917e-01 3.7622714546e-02
5.3522953968e-01 9.6867793367e-01 4.9597616718e-02
5.3517052150e-01 9.6869101375e-01 4.9416074936e-02
5.3500008715e-01 9.6869726373e-01 4.9329329767e-02
5.3486427351e-01 9.6869628827e-01 4.9340680872e-02
5.3469862062e-01 9.6869507226e-01 4.9354841748e-02
5.3449615059e-01 9.6869373870e-01 4.9370301025e-02
5.3424854622e-01 9.6869242019e-01 4.9385434045e-02
5.3394598957e-01 9.6869092767e-01 4.9402480724e-02
5.3357630676e-01 9.6868931688e-01 4.9420734694e-02
5.3312459662e-01 9.6868776819e-01 4.9437998234e-02
5.3257254305e-01 9.6868669542e-01 4.9449274208e-02
5.3189812256e-01 9.6868625888e-01 4.9452553665e-02
5.3107441306e-01 9.6868661879e-01 4.9445888170e-02
5.3006854623e-01 9.6868822802e-01 4.9423895199e-02
5.2884062432e-01 9.6869202002e-01 4.9375322240e-02
5.2734200917e-01 9.6869870284e-01 4.9291676141e-02
5.2551329336e-01 9.6870911996e-01 4.9162858772e-02
5.2328260040e-01 9.6872493748e-01 4.8968795482e-02
5.2056234088e-01 9.6874803851e-01 4.8686818112e-02
5.1724607463e-01 9.6878091159e-01 4.8286970808e-02
5.1320418342e-01 9.6882664407e-01 4.7732147604e-02
5.0827902036e-01 9.6888916665e-01 4.6975173720e-02
5.0227683173e-01 9.6897252412e-01 4.5967592602e-02
4.9495750615e-01 9.6908010824e-01 4.4669114242e-02
4.8602317142e-01 9.6921422126e-01 4.3052518032e-02
4.7509885157e-01 9.6937262130e-01 4.1144926598e-02
4.6177109416e-01 9.6953641535e-01 3.9171378637e-02
4.4913799833e-01 9.6965959809e-01 3.7685185557e-02
4.3877486859e-01 9.6974532917e-01 3.6650374560e-02
4.3027832112e-01 9.6980487778e-01 3.5931593865e-02
4.2331392146e-01 9.6984508543e-01 3.5446390285e-02
4.1760631976e-01 9.6987048085e-01 3.5140153868e-02
4.1292963374e-01 9.6988447934e-01 3.4971606502e-02
4.0909867390e-01 9.6988958245e-01 3.4910535063e-02
4.0596183612e-01 9.6988795338e-01 3.4930794187e-02
4.0339485149e-01 9.6988136826e-01 3.5010880710e-02
4.0129577053e-01 9.6987122099e-01 3.5133993047e-02
3.9958158878e-01 9.6985816143e-01 3.5292192946e-02
3.9818334020e-01 9.6984356664e-01 3.5468896782e-02
3.9704616883e-01 9.6982742355e-01 3.5664146807e-02
3.9612276747e-01 9.6981098185e-01 3.5863044602e-02
3.9537784637e-01 9.6979382850e-01 3.6070286312e-02
3.9477711169e-01 9.6977730113e-01 3.6270030481e-02
3.9429937572e-01 9.6976074241e-01 3.6470129943e-02
3.9393739329e-01 9.6974232962e-01 3.6692047430e-02
3.9364937343e-01 9.6971993589e-01 3.6961560708e-02
3.9345461746e-01 9.6969706141e-01 3.7236972602e-02
3.9333614811e-01 9.6967426303e-01 3.7511807860e-02
3.9327634682e-01 9.6965095852e-01 3.7793054524e-02
3.9327697448e-01 9.6962787767e-01 3.8072108969e-02
3.9334154140e-01 9.6960229083e-01 3.8382189970e-02
5.3343438518e-01 9.7531339271e-01 4.9928696780e-02
5.3337535379e-01 9.7532651476e-01 4.9747162324e-02
5.3320491313e-01 9.7533278405e-01 4.9660430954e-02
5.3306597660e-01 9.7533150873e-01 4.9675412094e-02
5.3289661227e-01 9.7532992978e-01 4.9693965941e-02
5.3268930051e-01 9.7532818444e-01 4.9714417305e-02
5.3243585378e-01 9.7532635942e-01 4.9735703537e-02
5.3212613527e-01 9.7532424847e-01 4.9760269146e-02
5.3174763769e-01 9.7532191413e-01 4.9787335481e-02
5.3128490425e-01 9.7531956564e-01 4.9814372181e-02
5.3071918981e-01 9.7531765291e-01 4.9835961093e-02
5.3002788589e-01 9.7531620527e-01 4.9851682588e-02
5.2918331866e-01 9.7531546800e-01 4.9858597211e-02
5.2815176845e-01 9.7531603241e-01 4.9849662036e-02
5.2689229875e-01 9.7531885852e-01 4.9813333361e-02
5.2535505304e-01 9.7532467851e-01 4.9740864755e-02
5.2347923876e-01 9.7533446557e-01 4.9620604386e-02
5.2119144464e-01 9.7535016846e-01 4.9429146798e-02
5.1840182262e-01 9.7537359736e-01 4.9144763232e-02
5.1500194430e-01 9.7540771093e-01 4.8731951457e-02
5.1085925296e-01 9.7545571408e-01 4.8152299340e-02
5.0581256971e-01 9.7552177112e-01 4.7355948523e-02
4.9966382936e-01 9.7561019873e-01 4.6291327101e-02
4.9216724974e-01 9.7572460282e-01 4.4915619633e-02
4.8301624159e-01 9.7586686626e-01 4.3206639832e-02
4.7181925466e-01 9.7603156180e-01 4.1229288809e-02
4.5853882385e-01 9.7619040832e-01 3.9320863971e-02
4.4681898079e-01 9.7630226021e-01 3.7975863622e-02
4.3720600272e-01 9.7638018040e-01 3.7038689112e-02
4.2932466240e-01 9.7643396303e-01 3.6391906717e-02
4.2286460303e-01 9.7646982800e-01 3.5960763650e-02
4.1757042757e-01 9.7649193859e-01 3.5695203677e-02
4.1323266173e-01 9.7650344160e-01 3.5557328193e-02
4.0967962521e-01 9.7650681865e-01 3.5517266157e-02
4.0677065999e-01 9.7650404861e-01 3.5551193878e-02
4.0439058538e-01 9.7649662997e-01 3.5641038064e-02
4.0244472856e-01 9.7648610552e-01 3.5768232258e-02
4.0085622681e-01 9.7647289328e-01 3.5927718248e-02
3.9956099539e-01 9.7645837883e-01 3.6102807078e-02
3.9850824212e-01 9.7644248350e-01 3.6294408495e-02
3.9765369964e-01 9.7642650062e-01 3.6487079411e-02
3.9696552177e-01 9.7640977862e-01 3.6688435910e-02
3.9641025046e-01 9.7639394736e-01 3.6879132137e-02
3.9596895933e-01 9.7637820663e-01 3.7068718704e-02
3.9563607192e-01 9.7636085385e-01 3.7277294251e-02
3.9537207120e-01 9.7633952054e-01 3.7533376560e-02
3.9518544306e-01 9.7631645708e-01 3.7810253528e-02
3.9507991570e-01 9.7629449852e-01 3.8074104865e-02
3.9503178963e-01 9.7627117718e-01 3.8354582253e-02
3.9504571933e-01 9.7624627689e-01 3.8654464897e-02
3.9513568251e-01 9.7621704212e-01 3.9007331868e-02
5.3196542686e-01 9.8074353205e-01 5.0199573396e-02
5.3190638099e-01 9.8075668692e-01 5.0018046026e-02
5.3173593341e-01 9.8076297108e-01 4.9931329331e-02
5.3159353168e-01 9.8076141481e-01 4.9949706194e-02
5.3141987413e-01 9.8075949701e-01 4.9972355146e-02
5.3120741263e-01 9.8075737321e-01 4.9997390310e-02
5.3094736688e-01 9.8075507103e-01 5.0024462513e-02
5.3062967952e-01 9.8075238697e-01 5.0055984748e-02
5.3024135397e-01 9.8074939086e-01 5.0091099384e-02
5.2976637784e-01 9.8074633252e-01 5.0126801668e-02
5.2918547634e-01 9.8074366226e-01 5.0157677781e-02
5.2847539151e-01 9.8074131758e-01 5.0184425836e-02
5.2760769786e-01 9.8073964101e-01 5.0202964157e-02
5.2654766503e-01 9.8073937563e-01 5.0204425559e-02
5.2525320851e-01 9.8074144312e-01 5.0177758826e-02
5.2367312233e-01 9.8074665484e-01 5.0113291001e-02
5.2174509361e-01 9.8075613924e-01 4.9997516478e-02
5.1939385051e-01 9.8077203149e-01 4.9804853516e-02
5.1652726247e-01 9.8079618971e-01 4.9513046406e-02
5.1303434383e-01 9.8083189068e-01 4.9082866906e-02
5.0877955258e-01 9.8088265767e-01 4.8472175841e-02
5.0359756707e-01 9.8095277046e-01 4.7629820176e-02
4.9728521833e-01 9.8104673621e-01 4.6502066057e-02
4.8959008477e-01 9.8116828222e-01 4.5044645337e-02
4.8019463027e-01 9.8131833813e-01 4.3246735663e-02
4.6868786596e-01 9.8148743427e-01 4.1221269691e-02
4.5570515457e-01 9.8163740826e-01 3.9423668170e-02
4.4476158799e-01 9.8173949582e-01 3.8199442475e-02
4.3578610110e-01 9.8181056137e-01 3.7347207266e-02
4.2842761846e-01 9.8185928286e-01 3.6763065472e-02
4.2239620787e-01 9.8189131195e-01 3.6379258471e-02
4.1745343910e-01 9.8191052016e-01 3.6149339106e-02
4.1340379350e-01 9.8191980625e-01 3.6038504157e-02
4.1008705092e-01 9.8192154998e-01 3.6018181105e-02
4.0737187304e-01 9.8191777029e-01 3.6064140026e-02
4.0515076146e-01 9.8190961838e-01 3.6162543284e-02
4.0333536105e-01 9.8189862530e-01 3.6294990356e-02
4.0185382202e-01 9.8188526706e-01 3.6455787621e-02
4.0064647326e-01 9.8187068775e-01 3.6631150299e-02
3.9966567936e-01 9.8185497003e-01 3.6820109404e-02
3.9887015006e-01 9.8183924361e-01 3.7009156786e-02
3.9823084811e-01 9.8182275887e-01 3.7207136770e-02
3.9771436592e-01 9.8180750068e-01 3.7390459667e-02
3.9730535994e-01 9.8179222852e-01 3.7573909841e-02
3.9699954738e-01 9.8177537424e-01 3.7776033735e-02
3.9675736856e-01 9.8175445994e-01 3.8026584532e-02
3.9658469317e-01 9.8173129942e-01 3.8304028418e-02
3.9649261052e-01 9.8170940578e-01 3.8566486427e-02
3.9646033758e-01 9.8168651394e-01 3.8841105953e-02
3.9649258587e-01 9.8166048176e-01 3.9153730306e-02
3.9660428287e-01 9.8162993919e-01 3.9521215803e-02
5.3076153357e-01 9.8519409566e-01 5.0421543788e-02
5.3070247327e-01 9.8520727646e-01 5.0240022991e-02
5.3053201881e-01 9.8521357219e-01 5.0153320677e-02
5.3038657220e-01 9.8521176240e-01 5.0174760142e-02
5.3020910123e-01 9.8520953797e-01 5.0201112751e-02
5.2999191964e-01 9.8520707321e-01 5.0230275889e-02
5.2972628163e-01 9.8520434022e-01 5.0262569384e-02
5.2940145174e-01 9.8520113787e-01 5.0300379188e-02
5.2900436562e-01 9.8519755237e-01 5.0342659328e-02
5.2851853032e-01 9.8519387574e-01 5.0385909830e-02
5.2792405353e-01 9.8519051525e-01 5.0425240431e-02
5.2719725522e-01 9.8518737936e-01 5.0461712404e-02
5.2630888824e-01 9.8518489427e-01 5.0490256063e-02
5.2522333496e-01 9.8518393829e-01 5.0500385381e-02
5.2389750888e-01 9.8518538484e-01 5.0481654898e-02
5.2227901328e-01 9.8519012497e-01 5.0423449025e-02
5.2030418481e-01 9.8519946789e-01 5.0310114228e-02
5.1789603242e-01 9.8521562303e-01 5.0115228526e-02
5.1496049005e-01 9.8524061032e-01 4.9814638667e-02
5.1138417163e-01 9.8527785767e-01 4.9367377988e-02
5.0702906913e-01 9.8533132857e-01 4.8726113543e-02
5.0172610480e-01 9.8540533342e-01 4.7839393593e-02
4.9526745809e-01 9.8550451788e-01 4.6651904432e-02
4.8739429931e-01 9.8563254695e-01 4.5120109746e-02
4.7777833685e-01 9.8578914631e-01 4.3247505819e-02
4.6599024148e-01 9.8596070801e-01 4.1196239403e-02
4.5347185188e-01 9.8610048191e-01 3.9524200867e-02
4.4314516310e-01 9.8619509227e-01 3.8392221767e-02
4.3467589518e-01 9.8626068820e-01 3.7607473123e-02
4.2773259365e-01 9.8630535676e-01 3.7073264870e-02
4.2204157274e-01 9.8633431102e-01 3.6727221049e-02
4.1737788484e-01 9.8635119979e-01 3.6525648816e-02
4.1355706898e-01 9.8635872317e-01 3.6436211560e-02
4.1042801240e-01 9.8635915349e-01 3.6431690044e-02
4.0786678515e-01 9.8635450916e-01 3.6487905507e-02
4.0577196015e-01 9.8634580286e-01 3.6592733410e-02
4.0406031703e-01 9.8633435209e-01 3.6730360167e-02
4.0266373470e-01 9.8632090492e-01 3.6891864776e-02
4.0152643272e-01 9.8630618683e-01 3.7068495021e-02
4.0060284275e-01 9.8629061707e-01 3.7255283140e-02
3.9985451431e-01 9.8627501559e-01 3.7442409215e-02
3.9925437535e-01 9.8625865422e-01 3.7638506286e-02
3.9876885283e-01 9.8624383823e-01 3.7816153221e-02
3.9838639474e-01 9.8622879854e-01 3.7996423483e-02
3.9810398565e-01 9.8621210684e-01 3.8196232559e-02
3.9787971747e-01 9.8619118225e-01 3.8446506099e-02
3.9772297424e-01 9.8616794414e-01 3.8724436146e-02
3.9764494380e-01 9.8614603892e-01 3.8986574185e-02
3.9762806391e-01 9.8612348836e-01 3.9256580599e-02
3.9767875745e-01 9.8609704216e-01 3.9573488741e-02
3.9780818729e-01 9.8606617970e-01 3.9943881539e-02
5.2977643825e-01 9.8883597495e-01 5.0603154427e-02
5.2971736439e-01 9.8884917636e-01 5.0421639540e-02
5.2954690345e-01 9.8885548117e-01 5.0334950621e-02
5.2939864235e-01 9.8885344423e-01 5.0359132222e-02
5.2921766953e-01 9.8885094593e-01 5.0388791169e-02
5.2899616481e-01 9.8884817724e-01 5.0421632717e-02
5.2872507224e-01 9.8884505421e-01 5.0458649409e-02
5.2839376303e-01 9.8884139245e-01 5.0502029999e-02
5.2798851947e-01 9.8883728742e-01 5.0550623792e-02
5.2749250013e-01 9.8883307956e-01 5.0600360634e-02
5.2688540691e-01 9.8882909984e-01 5.0647269360e-02
5.2614302501e-01 9.8882527823e-01 5.0692167768e-02
5.2523537589e-01 9.8882212526e-01 5.0728984979e-02
5.2412600220e-01 9.8882059874e-01 5.0746288941e-02
5.2277086982e-01 9.8882155623e-01 5.0733844657e-02
5.2111651576e-01 9.8882595645e-01 5.0680233932e-02
5.1909800684e-01 9.8883530874e-01 5.0567430325e-02
5.1663670931e-01 9.8885180169e-01 5.0369299016e-02
5.1363686805e-01 9.8887772830e-01 5.0058458935e-02
5.0998276215e-01 9.8891656918e-01 4.9593366911e-02
5.0553399304e-01 9.8897263096e-01 4.8922645711e-02
5.0011818581e-01 9.8905038966e-01 4.7992923021e-02
4.9352295621e-01 9.8915450694e-01 4.6748734035e-02
4.8548296859e-01 9.8928839358e-01 4.5149563035e-02
4.7566041514e-01 9.8945092844e-01 4.3208956222e-02
4.6360807706e-01 9.8962272051e-01 4.1157901449e-02
4.5164238660e-01 9.8975251397e-01 3.9607859620e-02
4.4182005598e-01 9.8984093699e-01 3.8551891117e-02
4.3376471440e-01 9.8990202798e-01 3.7822488765e-02
4.2716089062e-01 9.8994333517e-01 3.7329505377e-02
4.2174821569e-01 9.8996975139e-01 3.7014491059e-02
4.1731276105e-01 9.8998472973e-01 3.6836165832e-02
4.1367909981e-01 9.8999082126e-01 3.6764038407e-02
4.1070354896e-01 9.8999020105e-01 3.6772104947e-02
4.0826827064e-01 9.8998479063e-01 3.6837383910e-02
4.0627674368e-01 9.8997565432e-01 3.6947166654e-02
4.0465003528e-01 9.8996380340e-01 3.7089330869e-02
4.0332295328e-01 9.8995030778e-01 3.7251124291e-02
4.0224307724e-01 9.8993544954e-01 3.7429118340e-02
4.0136619419e-01 9.8992004394e-01 3.7613627260e-02
4.0065669783e-01 9.8990451455e-01 3.7799558816e-02
4.0008850455e-01 9.8988829598e-01 3.7993634973e-02
3.9962834637e-01 9.8987384876e-01 3.8166573977e-02
3.9926829687e-01 9.8985890318e-01 3.8345409603e-02
3.9900508976e-01 9.8984234029e-01 3.8543398087e-02
3.9879531232e-01 9.8982132348e-01 3.8794455082e-02
3.9865195129e-01 9.8979787918e-01 3.9074512752e-02
3.9858626828e-01 9.8977589531e-01 3.9337236028e-02
3.9858316434e-01 9.8975348409e-01 3.9605173093e-02
3.9864997916e-01 9.8972701037e-01 3.9921872154e-02
3.9879348964e-01 9.8969621414e-01 4.0290712168e-02
5.2897020743e-01 9.9181670664e-01 5.0751777772e-02
5.2891112126e-01 9.9182992451e-01 5.0570268091e-02
5.2874065443e-01 9.9183623648e-01 5.0483591256e-02
5.2859005073e-01 9.9183400173e-01 5.0510160390e-02
5.2840617774e-01 9.9183126618e-01 5.0542683198e-02
5.2818097345e-01 9.9182822977e-01 5.0578764327e-02
5.2790546475e-01 9.9182476834e-01 5.0619878569e-02
5.2756864324e-01 9.9182070558e-01 5.0668120588e-02
5.2715652118e-01 9.9181614960e-01 5.0722194107e-02
5.2665189604e-01 9.9181149047e-01 5.0777443278e-02
5.2603416909e-01 9.9180696444e-01 5.0831034747e-02
5.2527862296e-01 9.9180255566e-01 5.0883149675e-02
5.2435464455e-01 9.9179884405e-01 5.0926891354e-02
5.2322505058e-01 9.9179684050e-01 5.0950201831e-02
5.2184508435e-01 9.9179740399e-01 5.0942843200e-02
5.2016030355e-01 9.9180153840e-01 5.0892861824e-02
5.1810473598e-01 9.9181094917e-01 5.0779910643e-02
5.1559834795e-01 9.9182776457e-01 5.0578604204e-02
5.1254404031e-01 9.9185458582e-01 5.0257913893e-02
5.0882410789e-01 9.9189490960e-01 4.9776145010e-02
5.0429594268e-01 9.9195322644e-01 4.9079767967e-02
4.9878467155e-01 9.9203430881e-01 4.8111919114e-02
4.9207385949e-01 9.9214274075e-01 4.6818074373e-02
4.8389277178e-01 9.9228178028e-01 4.5159532100e-02
4.7389404644e-01 9.9244900106e-01 4.3165347954e-02
4.6169755324e-01 9.9261876610e-01 4.1140907885e-02
4.5021623441e-01 9.9274079095e-01 3.9685707849e-02
4.4079308015e-01 9.9282430299e-01 3.8689930697e-02
4.3306536907e-01 9.9288184300e-01 3.8004049805e-02
4.2673023908e-01 9.9292049163e-01 3.7543587337e-02
4.2153788614e-01 9.9294489763e-01 3.7253080263e-02
4.1728309144e-01 9.9295836308e-01 3.7093111855e-02
4.1379757692e-01 9.9296333940e-01 3.7034427212e-02
4.1094355173e-01 9.9296191880e-01 3.7052052453e-02
4.0860800257e-01 9.9295586154e-01 3.7124966520e-02
4.0669825814e-01 9.9294641512e-01 3.7238293629e-02
4.0513880581e-01 9.9293425852e-01 3.7383906346e-02
4.0386679870e-01 9.9292070852e-01 3.7546113379e-02
4.0283243077e-01 9.9290573580e-01 3.7725226679e-02
4.0199261239e-01 9.9289046540e-01 3.7907867796e-02
4.0131395211e-01 9.9287496434e-01 3.8093200846e-02
4.0077092222e-01 9.9285891931e-01 3.8284960197e-02
4.0033113331e-01 9.9284470176e-01 3.8454919831e-02
3.9998888893e-01 9.9282984335e-01 3.8632473921e-02
3.9974088928e-01 9.9281330945e-01 3.8829896416e-02
3.9954274515e-01 9.9279211415e-01 3.9082835490e-02
3.9941108066e-01 9.9276845415e-01 3.9365202874e-02
3.9935622855e-01 9.9274639832e-01 3.9628505426e-02
3.9936525726e-01 9.9272406514e-01 3.9895194134e-02
3.9944544594e-01 9.9269774191e-01 4.0209667484e-02
3.9960001928e-01 9.9266717004e-01 4.0575209641e-02
5.2831050022e-01 9.9425579602e-01 5.0873382452e-02
5.2825140314e-01 9.9426902710e-01 5.0691877284e-02
5.2808093111e-01 9.9427534476e-01 5.0605211107e-02
5.2792868211e-01 9.9427294445e-01 5.0633778748e-02
5.2774277078e-01 9.9427001009e-01 5.0668702173e-02
5.2751489300e-01 9.9426674730e-01 5.0707523439e-02
5.2723620145e-01 9.9426299960e-01 5.0752104576e-02
5.2689546225e-01 9.9425860007e-01 5.0804430884e-02
5.2647853969e-01 9.9425366815e-01 5.0863075275e-02
5.2596770780e-01 9.9424862233e-01 5.0923048235e-02
5.2534230986e-01 9.9424363103e-01 5.0982332516e-02
5.2457725587e-01 9.9423871888e-01 5.1040632999e-02
5.2364138603e-01 9.9423453497e-01 5.1090229268e-02
5.2249704258e-01 9.9423211981e-01 5.1118718488e-02
5.2109891663e-01 9.9423233292e-01 5.1115865508e-02
5.1939188221e-01 9.9423622575e-01 5.1069152933e-02
5.1730919217e-01 9.9424566119e-01 5.0956375043e-02
5.1476979643e-01 9.9426269528e-01 5.0753028974e-02
5.1167568992e-01 9.9429021089e-01 5.0424755834e-02
5.0790775484e-01 9.9433171267e-01 4.9929796100e-02
5.0332181793e-01 9.9439183049e-01 4.9212992619e-02
4.9774107970e-01 9.9447550319e-01 4.8215530073e-02
4.9094647855e-01 9.9458739603e-01 4.6881918598e-02
4.8266320993e-01 9.9473060877e-01 4.5175338960e-02
4.7253505981e-01 9.9490101832e-01 4.3145023086e-02
4.6031128888e-01 9.9506801693e-01 4.1155558504e-02
4.4919344895e-01 9.9518458449e-01 3.9767077825e-02
4.4006946520e-01 9.9526451602e-01 3.8815208867e-02
4.3258726120e-01 9.9531945035e-01 3.8161266408e-02
4.2645347220e-01 9.9535615583e-01 3.7724572474e-02
4.2142618866e-01 9.9537907182e-01 3.7452217122e-02
4.1730674640e-01 9.9539140474e-01 3.7305972280e-02
4.1393225139e-01 9.9539555651e-01 3.7257209443e-02
4.1116928125e-01 9.9539355690e-01 3.7281730670e-02
4.0890847561e-01 9.9538701630e-01 3.7360331696e-02
4.0706000771e-01 9.9537732939e-01 3.7476395314e-02
4.0555096859e-01 9.9536495603e-01 3.7624429358e-02
4.0432029503e-01 9.9535133202e-01 3.7787329350e-02
4.0332012406e-01 9.9533625638e-01 3.7967473010e-02
4.0250804645e-01 9.9532109534e-01 3.8148605689e-02
4.0185268485e-01 9.9530558033e-01 3.8333901454e-02
4.0132854946e-01 9.9528964840e-01 3.8524118221e-02
4.0090423705e-01 9.9527557242e-01 3.8692201238e-02
4.0057592561e-01 9.9526071432e-01 3.8869563408e-02
4.0034063292e-01 9.9524413832e-01 3.9067306716e-02
4.0015292332e-01 9.9522279198e-01 3.9321858340e-02
4.0003170904e-01 9.9519897053e-01 3.9605940173e-02
3.9998628671e-01 9.9517690844e-01 3.9869094351e-02
4.0000564849e-01 9.9515465524e-01 4.0134577551e-02
4.0009668432e-01 9.9512852879e-01 4.0446361115e-02
4.0026005594e-01 9.9509820668e-01 4.0808423754e-02
5.2776963938e-01 9.9625553122e-01 5.0973074712e-02
5.2771053279e-01 9.9626877296e-01 5.0791573419e-02
5.2754005622e-01 9.9627509517e-01 5.0704916505e-02
5.2738612559e-01 9.9627254841e-01 5.0735250976e-02
5.2719807154e-01 9.9626943734e-01 5.0772306552e-02
5.2696764394e-01 9.9626597784e-01 5.0813507962e-02
5.2668578217e-01 9.9626197971e-01 5.0861120334e-02
5.2634113749e-01 9.9625728414e-01 5.0917034546e-02
5.2591920881e-01 9.9625202384e-01 5.0979668970e-02
5.2540221680e-01 9.9624665422e-01 5.1043598548e-02
5.2476915504e-01 9.9624125957e-01 5.1107815028e-02
5.2399455078e-01 9.9623593022e-01 5.1171245169e-02
5.2304684975e-01 9.9623136552e-01 5.1225569159e-02
5.2188786038e-01 9.9622862026e-01 5.1258222667e-02
5.2047167473e-01 9.9622857594e-01 5.1258714718e-02
5.1874252990e-01 9.9623232667e-01 5.1214023277e-02
5.1663293386e-01 9.9624186396e-01 5.1100426372e-02
5.1406081505e-01 9.9625920456e-01 5.0893906095e-02
5.1092718065e-01 9.9628744656e-01 5.0557562153e-02
5.0711160411e-01 9.9633015752e-01 5.0048909674e-02
5.0246825928e-01 9.9639206777e-01 4.9311621098e-02
4.9681838161e-01 9.9647824531e-01 4.8285365488e-02
4.8994022843e-01 9.9659343751e-01 4.6913673510e-02
4.8155466288e-01 9.9674047198e-01 4.5162961532e-02
4.7129598968e-01 9.9691325623e-01 4.3105894496e-02
4.5909071766e-01 9.9707697757e-01 4.1157104480e-02
4.4828658045e-01 9.9718877055e-01 3.9826800688e-02
4.3942079709e-01 9.9726555856e-01 3.8913331359e-02
4.3215049369e-01 9.9731821401e-01 3.8287212064e-02
4.2619048854e-01 9.9735321103e-01 3.7871333791e-02
4.2130569180e-01 9.9737482000e-01 3.7614842853e-02
4.1730308364e-01 9.9738613658e-01 3.7480870375e-02
4.1402443343e-01 9.9738957698e-01 3.7440644351e-02
4.1134007348e-01 9.9738707700e-01 3.7471112344e-02
4.0914378912e-01 9.9738013076e-01 3.7554478216e-02
4.0734827803e-01 9.9737022278e-01 3.7673065895e-02
4.0588272400e-01 9.9735768689e-01 3.7822901388e-02
4.0468776202e-01 9.9734399731e-01 3.7986428500e-02
4.0371707393e-01 9.9732885689e-01 3.8167184984e-02
4.0292898011e-01 9.9731378634e-01 3.8347073423e-02
4.0229376466e-01 9.9729826256e-01 3.8532311539e-02
4.0178580202e-01 9.9728248884e-01 3.8720487976e-02
4.0137474439e-01 9.9726855344e-01 3.8886743755e-02
4.0105826206e-01 9.9725372061e-01 3.9063655763e-02
4.0083368406e-01 9.9723716683e-01 3.9260988833e-02
4.0065418208e-01 9.9721570907e-01 3.9516720953e-02
4.0054090614e-01 9.9719168897e-01 3.9803000391e-02
4.0050306733e-01 9.9716957443e-01 4.0066600442e-02
4.0053088892e-01 9.9714736787e-01 4.0331326263e-02
4.0063068696e-01 9.9712141686e-01 4.0640743813e-02
4.0080124299e-01 9.9709130443e-01 4.0999902458e-02
5.2700583288e-01 9.9907964077e-01 5.1113852578e-02
5.2694671197e-01 9.9909289638e-01 5.0932356962e-02
5.2677622856e-01 9.9909922440e-01 5.0845713926e-02
5.2661972178e-01 9.9909645813e-01 5.0878695640e-02
5.2642856152e-01 9.9909308568e-01 5.0918904986e-02
5.2619436127e-01 9.9908933294e-01 5.0963653870e-02
5.2590762866e-01 9.9908495934e-01 5.1015809671e-02
5.2555705932e-01 9.9907982710e-01 5.1077016020e-02
5.2512779769e-01 9.9907408842e-01 5.1145464212e-02
5.2460149539e-01 9.9906822889e-01 5.1215376473e-02
5.2395693734e-01 9.9906224216e-01 5.1286833903e-02
5.2316802105e-01 9.9905630528e-01 5.1357734731e-02
5.2220247194e-01 9.9905120068e-01 5.1418770003e-02
5.2102140431e-01 9.9904799274e-01 5.1457274658e-02
5.1957808098e-01 9.9904760681e-01 5.1462241450e-02
5.1781570046e-01 9.9905119698e-01 5.1419941548e-02
5.1566561402e-01 9.9906093205e-01 5.1304566085e-02
5.1304429617e-01 9.9907880754e-01 5.1092373302e-02
5.0985124793e-01 9.9910819890e-01 5.0743193017e-02
5.0596413637e-01 9.9915283676e-01 5.0212631323e-02
5.0123463521e-01 9.9921754478e-01 4.9443284659e-02
4.9548099106e-01 9.9930759422e-01 4.8372428219e-02
4.8847732226e-01 9.9942780062e-01 4.6942775182e-02
4.7993735755e-01 9.9958038206e-01 4.5127985406e-02
4.6948056112e-01 9.9975604092e-01 4.3038875621e-02
4.5738969157e-01 9.9991369868e-01 4.1164548183e-02
4.4702581727e-01 1.0000188750e+00 3.9914741309e-02
4.3852231274e-01 1.0000912739e+00 3.9054780042e-02
4.3154931875e-01 1.0001407418e+00 3.8467493690e-02
4.2583312632e-01 1.0001733471e+00 3.8080688801e-02
4.2114824311e-01 1.0001931366e+00 3.7846233775e-02
4.1730957010e-01 1.0002030418e+00 3.7729266371e-02
4.1416539825e-01 1.0002054619e+00 3.7701255687e-02
4.1159134718e-01 1.0002022947e+00 3.7739632503e-02
4.0948560202e-01 1.0001948251e+00 3.7829123868e-02
4.0776438877e-01 1.0001845959e+00 3.7951379109e-02
4.0635983826e-01 1.0001718838e+00 3.8103119295e-02
4.0521500270e-01 1.0001581089e+00 3.8267449695e-02
4.0428557374e-01 1.0001429461e+00 3.8448251564e-02
4.0353111899e-01 1.0001280196e+00 3.8626194545e-02
4.0292410849e-01 1.0001125196e+00 3.8810928455e-02
4.0243860039e-01 1.0000970210e+00 3.8995615376e-02
4.0204607605e-01 1.0000833046e+00 3.9159055595e-02
4.0174602666e-01 1.0000685811e+00 3.9334464196e-02
4.0153390097e-01 1.0000521000e+00 3.9530737404e-02
4.0136386117e-01 1.0000303820e+00 3.9789367106e-02
4.0126083470e-01 1.0000060331e+00 4.0079326310e-02
4.0123341517e-01 9.9998384924e-01 4.0343503792e-02
4.0127243687e-01 9.9996165721e-01 4.0607778437e-02
4.0138444034e-01 9.9993588909e-01 4.0914639050e-02
4.0156559501e-01 9.9990598692e-01 4.1270730021e-02
5.2700583288e-01 9.9913697390e-01 5.1118039930e-02
5.2694670130e-01 9.9915021965e-01 5.0936679359e-02
5.2677621348e-01 9.9915654358e-01 5.0850092260e-02
5.2666965823e-01 9.9915357298e-01 5.0886993676e-02
5.2653965034e-01 9.9914995126e-01 5.0932001657e-02
5.2638054346e-01 9.9914586781e-01 5.0982643082e-02
5.2618606928e-01 9.9914107235e-01 5.1042038329e-02
5.2594862304e-01 9.9913540304e-01 5.1112121324e-02
5.2565867451e-01 9.9912895822e-01 5.1191501176e-02
5.2530429074e-01 9.9912214475e-01 5.1274903438e-02
5.2487141009e-01 9.9911490002e-01 5.1362970487e-02
5.2434275912e-01 9.9910732045e-01 5.1454293286e-02
5.2369719595e-01 9.9910005452e-01 5.1540436299e-02
5.2290928337e-01 9.9909399407e-01 5.1609789546e-02
5.2194894577e-01 9.9908986072e-01 5.1652652962e-02
5.2077776897e-01 9.9908861011e-01 5.1656740335e-02
5.1934807251e-01 9.9909216908e-01 5.1597887869e-02
5.1760365971e-01 9.9910221666e-01 5.1454497912e-02
5.1547680059e-01 9.9912169658e-01 5.1188971090e-02
5.1288324747e-01 9.9915389680e-01 5.0759901492e-02
5.0972332416e-01 9.9921142488e-01 5.0114317522e-02
5.0587586230e-01 9.9930679026e-01 4.9194833703e-02
5.0118846297e-01 9.9943488324e-01 4.7949262191e-02
4.9546852246e-01 9.9959771436e-01 4.6358654050e-02
4.8845780040e-01 9.9978345371e-01 4.4543249128e-02
4.8020238561e-01 9.9994622669e-01 4.2972940416e-02
4.7228135370e-01 1.0000613311e+00 4.1917437690e-02
4.6465044410e-01 1.0001526404e+00 4.1128428425e-02
4.5699647691e-01 1.0002295993e+00 4.0490021599e-02
4.4939122756e-01 1.0002904240e+00 3.9956573490e-02
4.4169130454e-01 1.0003346094e+00 3.9485992146e-02
4.3397098651e-01 1.0003629497e+00 3.9063725258e-02
4.2761217285e-01 1.0003715364e+00 3.8781962421e-02
4.2242685860e-01 1.0003666285e+00 3.8613537813e-02
4.1820546926e-01 1.0003524102e+00 3.8534942726e-02
4.1477457455e-01 1.0003324148e+00 3.8520931929e-02
4.1199111372e-01 1.0003081382e+00 3.8562399094e-02
4.0973764245e-01 1.0002819954e+00 3.8637762366e-02
4.0791807145e-01 1.0002541457e+00 3.8746854254e-02
4.0645207661e-01 1.0002268448e+00 3.8867251221e-02
4.0527592189e-01 1.0001993843e+00 3.9005748324e-02
4.0433639890e-01 1.0001725610e+00 3.9153372340e-02
4.0358537609e-01 1.0001485624e+00 3.9287412460e-02
4.0299590151e-01 1.0001241492e+00 3.9438946151e-02
4.0254086029e-01 1.0000985916e+00 3.9615086197e-02
4.0217903810e-01 1.0000675895e+00 3.9857608018e-02
4.0190924341e-01 1.0000465809e+00 4.0134370089e-02
4.0172335919e-01 1.0000287997e+00 4.0386119257e-02
4.0160846985e-01 1.0000106842e+00 4.0638322398e-02
4.0155935102e-01 9.9998901169e-01 4.0932545643e-02
4.0156559501e-01 9.9996332006e-01 4.1274917373e-02
5.2700583288e-01 9.9957532596e-01 5.1150055177e-02
5.2694589104e-01 9.9958782215e-01 5.0978957598e-02
5.2677506760e-01 9.9959383560e-01 5.0896621570e-02
5.2666856594e-01 9.9959091457e-01 5.0932844229e-02
5.2653862403e-01 9.9958735388e-01 5.0977016513e-02
5.2637958778e-01 9.9958333578e-01 5.1026763287e-02
5.2618519380e-01 9.9957861452e-01 5.1085142621e-02
5.2594783755e-01 9.9957302845e-01 5.1154085858e-02
5.2565798094e-01 9.9956666867e-01 5.1232301319e-02
5.2530367578e-01 9.9955992792e-01 5.1314707930e-02
5.2487085669e-01 9.9955274015e-01 5.1401995160e-02
5.2434224093e-01 9.9954519314e-01 5.1492872072e-02
5.2369666124e-01 9.9953791192e-01 5.1579224330e-02
5.2290864525e-01 9.9953175582e-01 5.1649887313e-02
5.2194807801e-01 9.9952741003e-01 5.1695659480e-02
5.2077651307e-01 9.9952580036e-01 5.1704663137e-02
5.1934622664e-01 9.9952881356e-01 5.1653283345e-02
5.1760096503e-01 9.9953807590e-01 5.1520644706e-02
5.1547290785e-01 9.9955644752e-01 5.1270292849e-02
5.1287772734e-01 9.9958714226e-01 5.0861836244e-02
5.0971561352e-01 9.9970704989e-01 5.0248701772e-02
5.0586523490e-01 9.9998989996e-01 4.9380052733e-02
5.0117405946e-01 1.0003607133e+00 4.8200292654e-02
4.9544941634e-01 1.0008258202e+00 4.6691643875e-02
4.8843334463e-01 1.0013554245e+00 4.4969474831e-02
4.8017296561e-01 1.0018372884e+00 4.3485684735e-02
4.7224767942e-01 1.0022258505e+00 4.2504327604e-02
4.6461273818e-01 1.0025763058e+00 4.1785583418e-02
4.5695500831e-01 1.0028951223e+00 4.1212754116e-02
4.4934717096e-01 1.0031222995e+00 4.0724410976e-02
4.4164648547e-01 1.0032154949e+00 4.0267118245e-02
4.3392730032e-01 1.0031710157e+00 3.9825107025e-02
4.2757090294e-01 1.0030242879e+00 3.9501232062e-02
4.2238864760e-01 1.0028227596e+00 3.9279495598e-02
4.1817060347e-01 1.0025935181e+00 3.9142598887e-02
4.1474311236e-01 1.0023547447e+00 3.9069268445e-02
4.1196299551e-01 1.0021155241e+00 3.9052455491e-02
4.0971271130e-01 1.0018845228e+00 3.9072273212e-02
4.0789614689e-01 1.0016634153e+00 3.9128965003e-02
4.0643291800e-01 1.0014583239e+00 3.9201155665e-02
4.0525931065e-01 1.0012671234e+00 3.9295256133e-02
4.0432210941e-01 1.0010910626e+00 3.9402415752e-02
4.0357313748e-01 1.0009352371e+00 3.9500712217e-02
4.0298554421e-01 1.0007898974e+00 3.9619457745e-02
4.0253223571e-01 1.0006529631e+00 3.9765399012e-02
4.0217212556e-01 1.0005119145e+00 3.9978082734e-02
4.0190396066e-01 1.0004800459e+00 4.0233298128e-02
4.0171949473e-01 1.0004635767e+00 4.0467082871e-02
4.0160589843e-01 1.0004466575e+00 4.0702907958e-02
4.0155806033e-01 1.0004261697e+00 4.0980909088e-02
4.0156559501e-01 1.0004016721e+00 4.1306932619e-02
5.2700583288e-01 9.9996722811e-01 5.1178677933e-02
5.2694386577e-01 9.9997785075e-01 5.1033233008e-02
5.2677220343e-01 9.9998308815e-01 5.0961522658e-02
5.2666583572e-01 9.9998029103e-01 5.0996048744e-02
5.2653605872e-01 9.9997688290e-01 5.1038132179e-02
5.2637719902e-01 9.9997302812e-01 5.1085642749e-02
5.2618300552e-01 9.9996849232e-01 5.1141482777e-02
5.2594587419e-01 9.9996311432e-01 5.1207577156e-02
5.2565624736e-01 9.9995696711e-01 5.1282882185e-02
5.2530213867e-01 9.9995040811e-01 5.1362800137e-02
5.2486947347e-01 9.9994336270e-01 5.1448138184e-02
5.2434094570e-01 9.9993589709e-01 5.1537900592e-02
5.2369532472e-01 9.9992857767e-01 5.1624775863e-02
5.2290705027e-01 9.9992218248e-01 5.1698712570e-02
5.2194590903e-01 9.9991730568e-01 5.1751755245e-02
5.2077337392e-01 9.9991479852e-01 5.1773047301e-02
5.1934161285e-01 9.9991644755e-01 5.1740345679e-02
5.1759422961e-01 9.9992374719e-01 5.1634580283e-02
5.1546317784e-01 9.9993934855e-01 5.1422158703e-02
5.1286392962e-01 9.9996628030e-01 5.1065224886e-02
5.0969634057e-01 1.0001387041e+00 5.0525646782e-02
5.0583867138e-01 1.0005848400e+00 4.9761760311e-02
5.0113805748e-01 1.0011670455e+00 4.8717627344e-02
4.9540166000e-01 1.0018954132e+00 4.7377884046e-02
4.8837221671e-01 1.0027244994e+00 4.5847859628e-02
4.8009942947e-01 1.0034842688e+00 4.4542370925e-02
4.7216350955e-01 1.0041109931e+00 4.3713816319e-02
4.6451849111e-01 1.0046871461e+00 4.3139877516e-02
4.5685135633e-01 1.0052166035e+00 4.2702193279e-02
4.4923705017e-01 1.0055886619e+00 4.2306804456e-02
4.4153445886e-01 1.0057245415e+00 4.1876897486e-02
4.3381810538e-01 1.0056166417e+00 4.1394196275e-02
4.2746774760e-01 1.0053346460e+00 4.0983534778e-02
4.2229313807e-01 1.0049618753e+00 4.0651930881e-02
4.1808345537e-01 1.0045453637e+00 4.0394883603e-02
4.1466447170e-01 1.0041160504e+00 4.0199304609e-02
4.1189271319e-01 1.0036896289e+00 4.0062385408e-02
4.0965039515e-01 1.0032802103e+00 3.9967732397e-02
4.0784134579e-01 1.0028907891e+00 3.9916435750e-02
4.0638503049e-01 1.0025308547e+00 3.9889280724e-02
4.0521779037e-01 1.0021970482e+00 3.9891886641e-02
4.0428639240e-01 1.0018910122e+00 3.9915655439e-02
4.0354254672e-01 1.0016203749e+00 3.9940289797e-02
4.0295965581e-01 1.0013697167e+00 3.9991464030e-02
4.0251067833e-01 1.0011357812e+00 4.0075170315e-02
4.0215484747e-01 1.0008988900e+00 4.0226362363e-02
4.0189075628e-01 1.0008597328e+00 4.0429171404e-02
4.0170983540e-01 1.0008465432e+00 4.0618053530e-02
4.0159947109e-01 1.0008326138e+00 4.0812941183e-02
4.0155483423e-01 1.0008150875e+00 4.1050394654e-02
4.0156559501e-01 1.0007935743e+00 4.1335555375e-02
5.2700583288e-01 1.0002765192e+00 5.1201267148e-02
5.2694081387e-01 1.0002843185e+00 5.1094478438e-02
5.2676788740e-01 1.0002883865e+00 5.1038780016e-02
5.2666172152e-01 1.0002857761e+00 5.1070749521e-02
5.2653219304e-01 1.0002825978e+00 5.1109685249e-02
5.2637359938e-01 1.0002789892e+00 5.1153826063e-02
5.2617970798e-01 1.0002747328e+00 5.1205839589e-02
5.2594291557e-01 1.0002696684e+00 5.1267640998e-02
5.2565363500e-01 1.0002638415e+00 5.1338560271e-02
5.2529982239e-01 1.0002575564e+00 5.1414728041e-02
5.2486738909e-01 1.0002507255e+00 5.1497128848e-02
5.2433899390e-01 1.0002433826e+00 5.1585211797e-02
5.2369331070e-01 1.0002360056e+00 5.1672875204e-02
5.2290464678e-01 1.0002292501e+00 5.1751745114e-02
5.2194264056e-01 1.0002235731e+00 5.1815743782e-02
5.2076864350e-01 1.0002197135e+00 5.1855553337e-02
5.1933466029e-01 1.0002193069e+00 5.1850998016e-02
5.1758407993e-01 1.0002236489e+00 5.1785728150e-02
5.1544851560e-01 1.0002350757e+00 5.1630464041e-02
5.1284313771e-01 1.0002563370e+00 5.1351170375e-02
5.0966729797e-01 1.0004665715e+00 5.0919416734e-02
5.0579864257e-01 1.0010367329e+00 5.0304485290e-02
5.0108380577e-01 1.0017795035e+00 4.9453191623e-02
4.9532969556e-01 1.0027078337e+00 4.8353603956e-02
4.8828010249e-01 1.0037643946e+00 4.7096777381e-02
4.7998861719e-01 1.0047352500e+00 4.6044803740e-02
4.7203667322e-01 1.0055428730e+00 4.5433509026e-02
4.6437646937e-01 1.0062904570e+00 4.5065459505e-02
4.5669516223e-01 1.0069799088e+00 4.4819929176e-02
4.4907110816e-01 1.0074620132e+00 4.4556706001e-02
4.4136564498e-01 1.0076303141e+00 4.4165737049e-02
4.3365355856e-01 1.0074742425e+00 4.3625181408e-02
4.2731230188e-01 1.0070895027e+00 4.3091123827e-02
4.2214921391e-01 1.0065866630e+00 4.2603306630e-02
4.1795213112e-01 1.0060279086e+00 4.2175425139e-02
4.1454596738e-01 1.0054538686e+00 4.1806028944e-02
4.1178680414e-01 1.0048852567e+00 4.1498338545e-02
4.0955649038e-01 1.0043403193e+00 4.1240927106e-02
4.0775876553e-01 1.0038230537e+00 4.1036088777e-02
4.0631286838e-01 1.0033455066e+00 4.0867680631e-02
4.0515522309e-01 1.0029033824e+00 4.0740196445e-02
4.0423257012e-01 1.0024986223e+00 4.0645397301e-02
4.0349644922e-01 1.0021407785e+00 4.0565296340e-02
4.0292064436e-01 1.0018101245e+00 4.0520395377e-02
4.0247819332e-01 1.0015025108e+00 4.0515613821e-02
4.0212881095e-01 1.0011928213e+00 4.0579374890e-02
4.0187085847e-01 1.0011506167e+00 4.0703791919e-02
4.0169527966e-01 1.0011423689e+00 4.0825009893e-02
4.0158978568e-01 1.0011329450e+00 4.0958208560e-02
4.0154997277e-01 1.0011198812e+00 4.1134560401e-02
4.0156559501e-01 1.0011028653e+00 4.1358144591e-02
5.2700583288e-01 1.0004744122e+00 5.1215720359e-02
5.2693701940e-01 1.0004787013e+00 5.1156993542e-02
5.2676252120e-01 1.0004813153e+00 5.1121203009e-02
5.2665660628e-01 1.0004789371e+00 5.1149993876e-02
5.2652738677e-01 1.0004760447e+00 5.1185016010e-02
5.2636912388e-01 1.0004727420e+00 5.1224967151e-02
5.2617560809e-01 1.0004688331e+00 5.1272223126e-02
5.2593923708e-01 1.0004641585e+00 5.1328687016e-02
5.2565038701e-01 1.0004587299e+00 5.1394153408e-02
5.2529694251e-01 1.0004527853e+00 5.1465658517e-02
5.2486479753e-01 1.0004462211e+00 5.1544407405e-02
5.2433656720e-01 1.0004390307e+00 5.1630402257e-02
5.2369080664e-01 1.0004315821e+00 5.1719045564e-02
5.2290165848e-01 1.0004243787e+00 5.1804049006e-02
5.2193857682e-01 1.0004177068e+00 5.1881669437e-02
5.2076276209e-01 1.0004121657e+00 5.1944502096e-02
5.1932601606e-01 1.0004092032e+00 5.1974941524e-02
5.1757146068e-01 1.0004098680e+00 5.1960020402e-02
5.1543028580e-01 1.0004161046e+00 5.1875821099e-02
5.1281728679e-01 1.0004303157e+00 5.1693058683e-02
5.0963118885e-01 1.0006601364e+00 5.1393361971e-02
5.0574887411e-01 1.0013035193e+00 5.0957714203e-02
5.0101635374e-01 1.0021410837e+00 5.0338523740e-02
4.9524022100e-01 1.0031874668e+00 4.9527989660e-02
4.8816557540e-01 1.0043783231e+00 4.8599986592e-02
4.7985084250e-01 1.0054737984e+00 4.7853146076e-02
4.7187897557e-01 1.0063882195e+00 4.7503347421e-02
4.6419989145e-01 1.0072370122e+00 4.7383108185e-02
4.5650096360e-01 1.0080209208e+00 4.7368856115e-02
4.4886478980e-01 1.0085679937e+00 4.7264708764e-02
4.4115575595e-01 1.0087554352e+00 4.6920605978e-02
4.3344897485e-01 1.0085709243e+00 4.6310416198e-02
4.2711903372e-01 1.0081255268e+00 4.5627837925e-02
4.2197027067e-01 1.0075458976e+00 4.4952000924e-02
4.1778885356e-01 1.0069031665e+00 4.4318501758e-02
4.1439862904e-01 1.0062436834e+00 4.3739897539e-02
4.1165512571e-01 1.0055911258e+00 4.3226665311e-02
4.0943973707e-01 1.0049661816e+00 4.2773356289e-02
4.0765609215e-01 1.0043734397e+00 4.2383713741e-02
4.0622314807e-01 1.0038264571e+00 4.2045292005e-02
4.0507743217e-01 1.0033203847e+00 4.1761230141e-02
4.0416565201e-01 1.0028573403e+00 4.1523721503e-02
4.0343913545e-01 1.0024480120e+00 4.1317560121e-02
4.0287214079e-01 1.0020701304e+00 4.1157022144e-02
4.0243780418e-01 1.0017190189e+00 4.1045735787e-02
4.0209643932e-01 1.0013663511e+00 4.1004264104e-02
4.0184611921e-01 1.0013256237e+00 4.1031599705e-02
4.0167718227e-01 1.0013235202e+00 4.1068689747e-02
4.0157774366e-01 1.0013196981e+00 4.1125189505e-02
4.0154392845e-01 1.0013121828e+00 4.1225572705e-02
4.0156559501e-01 1.0013007584e+00 4.1372597801e-02
5.2700583288e-01 1.0005424886e+00 5.1220692349e-02
5.2693283552e-01 1.0005429073e+00 5.1214959804e-02
5.2675660429e-01 1.0005439180e+00 5.1201120217e-02
5.2665096608e-01 1.0005417958e+00 5.1226406237e-02
5.2652208726e-01 1.0005392185e+00 5.1257113142e-02
5.2636418909e-01 1.0005362533e+00 5.1292444642e-02
5.2617108745e-01 1.0005327275e+00 5.1334454820e-02
5.2593518109e-01 1.0005284827e+00 5.1385033425e-02
5.2564680570e-01 1.0005234932e+00 5.1444487332e-02
5.2529376710e-01 1.0005179241e+00 5.1510851271e-02
5.2486194002e-01 1.0005116541e+00 5.1585573461e-02
5.2433389146e-01 1.0005046318e+00 5.1669265924e-02
5.2368804560e-01 1.0004971043e+00 5.1758989694e-02
5.2289836350e-01 1.0004894069e+00 5.1850756124e-02
5.2193409605e-01 1.0004816381e+00 5.1943396259e-02
5.2075627711e-01 1.0004742429e+00 5.2031614780e-02
5.1931648471e-01 1.0004684623e+00 5.2100640312e-02
5.1755754637e-01 1.0004650724e+00 5.2141235000e-02
5.1541018516e-01 1.0004655861e+00 5.2135393566e-02
5.1278878290e-01 1.0004720235e+00 5.2059068971e-02
5.0959137401e-01 1.0007013828e+00 5.1903370615e-02
5.0569399814e-01 1.0013603685e+00 5.1660648566e-02
5.0094197941e-01 1.0022181322e+00 5.1291222487e-02
4.9514156408e-01 1.0032896711e+00 5.0791736638e-02
4.8803929491e-01 1.0045091442e+00 5.0217577894e-02
4.7969892861e-01 1.0056311746e+00 4.9799088670e-02
4.7170509411e-01 1.0065683532e+00 4.9730683815e-02
4.6400519213e-01 1.0074387122e+00 4.9877111227e-02
4.5628683522e-01 1.0082427485e+00 5.0111735825e-02
4.4863729790e-01 1.0088036654e+00 5.0178768683e-02
4.4092432696e-01 1.0089951856e+00 4.9885098201e-02
4.3322339563e-01 1.0088046146e+00 4.9199975686e-02
4.2690593132e-01 1.0083462917e+00 4.8357575494e-02
4.2177296329e-01 1.0077502994e+00 4.7479411900e-02
4.1760881956e-01 1.0070896739e+00 4.6624649214e-02
4.1423617004e-01 1.0064119839e+00 4.5820917927e-02
4.1150993371e-01 1.0057415384e+00 4.5086503797e-02
4.0931100189e-01 1.0050995457e+00 4.4422390967e-02
4.0754288187e-01 1.0044907206e+00 4.3833882091e-02
4.0612422016e-01 1.0039289421e+00 4.3312510102e-02
4.0499165793e-01 1.0034092431e+00 4.2859956263e-02
4.0409186640e-01 1.0029337790e+00 4.2468879089e-02
4.0337593983e-01 1.0025134799e+00 4.2127065105e-02
4.0281865952e-01 1.0021255347e+00 4.1842091072e-02
4.0239327009e-01 1.0017651543e+00 4.1616195757e-02
4.0206074554e-01 1.0014033283e+00 4.1461483958e-02
4.0181884106e-01 1.0013684654e+00 4.1382084450e-02
4.0165722763e-01 1.0013731368e+00 4.1326412886e-02
4.0156446581e-01 1.0013754913e+00 4.1298342469e-02
4.0153726383e-01 1.0013740938e+00 4.1314960707e-02
4.0156559501e-01 1.0013688347e+00 4.1377569792e-02

CELL_DATA 2400
SCALARS shape double 1
LOOKUP_TABLE default
4.848134e-03
4.503143e-03
7.111920e-03
8.685623e-03
1.061076e-02
1.296180e-02
1.583759e-02
1.935591e-02
2.365284e-02
2.890306e-02
3.532156e-02
4.317078e-02
5.277139e-02
6.451425e-02
7.886408e-02
9.640164e-02
1.178200e-01
1.439551e-01
1.757815e-01
2.144079e-01
2.611020e-01
3.170736e-01
3.834609e-01
4.607792e-01
5.485203e-01
6.441511e-01
7.421929e-01
8.336383e-01
9.065985e-01
9.490762e-01
9.485662e-01
9.685946e-01
9.803363e-01
9.216152e-01
8.263784e-01
7.158851e-01
6.051577e-01
5.033991e-01
4.146656e-01
3.397074e-01
2.775858e-01
2.267526e-01
1.852932e-01
1.516767e-01
1.245339e-01
1.024226e-01
8.491277e-02
7.144581e-02
7.847963e-02
9.638920e-02
5.166776e-03
4.668538e-03
7.023213e-03
8.575001e-03
1.047780e-02
1.280137e-02
1.564326e-02
1.912186e-02
2.337059e-02
2.856260e-02
3.491447e-02
4.268588e-02
5.219972e-02
6.384118e-02
7.807971e-02
9.549770e-02
1.167936e-01
1.428148e-01
1.745400e-01
2.131044e-01
2.597944e-01
3.158339e-01
3.823781e-01
4.599266e-01
5.478498e-01
6.433838e-01
7.406271e-01
8.300046e-01
8.991975e-01
9.362480e-01
9.313413e-01
9.722797e-01
9.716718e-01
8.952931e-01
7.883899e-01
6.714672e-01
5.593765e-01
4.598364e-01
3.753087e-01
3.053694e-01
2.482740e-01
2.021977e-01
1.649107e-01
1.349689e-01
1.109096e-01
9.147342e-02
7.621668e-02
6.520074e-02
7.380528e-02
9.072068e-02
5.783570e-03
5.333166e-03
7.781912e-03
9.504888e-03
1.160968e-02
1.418522e-02
1.733250e-02
2.118403e-02
2.588536e-02
3.163312e-02
3.866060e-02
4.725594e-02
5.777069e-02
7.062568e-02
8.633898e-02
1.055396e-01
1.289833e-01
1.575751e-01
1.923476e-01
2.344927e-01
2.852755e-01
3.458859e-01
4.172388e-01
4.994518e-01
5.911384e-01
6.884587e-01
7.842263e-01
8.678031e-01
9.267759e-01
9.489603e-01
9.439023e-01
9.836324e-01
9.570560e-01
8.749766e-01
7.684618e-01
6.552156e-01
5.476184e-01
4.520338e-01
3.704863e-01
3.026030e-01
2.468221e-01
2.014786e-01
1.645957e-01
1.348232e-01
1.107128e-01
9.126397e-02
7.577349e-02
6.489105e-02
7.430482e-02
9.119095e-02
6.308202e-03
5.796485e-03
8.131888e-03
9.931575e-03
1.213179e-02
1.482247e-02
1.811273e-02
2.213750e-02
2.705260e-02
3.306056e-02
4.040770e-02
4.939532e-02
6.039095e-02
7.383403e-02
9.026840e-02
1.103521e-01
1.348755e-01
1.647780e-01
2.011295e-01
2.451677e-01
2.981437e-01
3.612552e-01
4.352596e-01
5.200373e-01
6.137116e-01
7.116887e-01
8.058782e-01
8.848970e-01
9.362819e-01
9.466731e-01
9.518219e-01
9.845783e-01
9.395985e-01
8.487946e-01
7.384194e-01
6.252661e-01
5.201377e-01
4.280525e-01
3.501763e-01
2.857207e-01
2.329688e-01
1.901349e-01
1.553696e-01
1.273463e-01
1.045832e-01
8.636903e-02
7.178259e-02
6.217416e-02
7.239501e-02
8.884765e-02
6.993544e-03
6.537834e-03
8.899116e-03
1.086541e-02
1.327563e-02
1.621663e-02
1.981771e-02
2.421593e-02
2.958855e-02
3.615658e-02
4.418428e-02
5.400042e-02
6.600268e-02
8.066644e-02
9.858103e-02
1.204494e-01
1.471172e-01
1.795720e-01
2.189323e-01
2.664583e-01
3.233636e-01
3.907366e-01
4.690387e-01
5.576302e-01
6.538100e-01
7.519058e-01
8.427579e-01
9.144704e-01
9.552097e-01
9.530399e-01
9.730454e-01
9.813659e-01
9.199402e-01
8.247095e-01
7.147394e-01
6.046481e-01
5.034088e-01
4.150098e-01
3.402124e-01
2.781411e-01
2.272227e-01
1.856804e-01
1.518991e-01
1.245826e-01
1.022860e-01
8.446023e-02
7.007021e-02
6.112859e-02
7.194966e-02
8.824031e-02
7.689717e-03
7.309272e-03
9.717274e-03
1.186650e-02
1.449529e-02
1.770784e-02
2.163401e-02
2.643521e-02
3.229413e-02
3.945594e-02
4.820698e-02
5.890185e-02
7.196821e-02
8.792106e-02
1.073900e-01
1.311270e-01
1.600246e-01
1.951127e-01
2.375461e-01
2.885762e-01
3.493534e-01
4.207806e-01
5.029670e-01
5.946521e-01
6.922566e-01
7.890706e-01
8.750806e-01
9.382962e-01
9.679560e-01
9.587088e-01
9.862434e-01
9.723219e-01
9.029033e-01
8.057368e-01
6.971884e-01
5.900874e-01
4.921040e-01
4.065703e-01
3.340480e-01
2.736491e-01
2.239542e-01
1.832327e-01
1.500339e-01
1.230889e-01
1.010319e-01
8.335260e-02
6.899936e-02
6.067281e-02
7.206958e-02
8.831783e-02
8.285247e-03
7.884587e-03
1.016267e-02
1.241579e-02
1.516408e-02
1.852486e-02
2.263333e-02
2.765511e-02
3.378658e-02
4.127987e-02
5.043772e-02
6.162930e-02
7.530198e-02
9.199594e-02
1.123692e-01
1.372054e-01
1.674335e-01
2.041184e-01
2.484509e-01
3.016899e-01
3.649663e-01
4.390751e-01
5.239085e-01
6.177763e-01
7.164632e-01
8.124612e-01
8.950470e-01
9.520496e-01
9.724141e-01
9.628369e-01
9.921355e-01
9.614113e-01
8.852937e-01
7.851272e-01
6.765524e-01
5.712196e-01
4.757731e-01
3.928955e-01
3.228229e-01
2.645157e-01
2.165739e-01
1.772607e-01
1.452085e-01
1.191711e-01
9.783837e-02
8.074355e-02
6.685512e-02
5.946255e-02
7.123696e-02
8.727814e-02
8.876328e-03
8.411829e-03
1.051233e-02
1.283679e-02
1.568133e-02
1.915709e-02
2.340862e-02
2.859919e-02
3.494006e-02
4.269196e-02
5.216165e-02
6.373743e-02
7.787635e-02
9.513933e-02
1.162039e-01
1.418762e-01
1.731112e-01
2.109907e-01
2.567268e-01
3.115585e-01
3.765811e-01
4.524503e-01
5.388303e-01
6.336175e-01
7.320238e-01
8.259022e-01
9.040858e-01
9.545455e-01
9.659767e-01
9.617802e-01
9.896246e-01
9.500737e-01
8.676142e-01
7.638607e-01
6.543244e-01
5.499162e-01
4.564543e-01
3.759945e-01
3.083959e-01
2.523843e-01
2.064837e-01
1.689167e-01
1.383576e-01
1.135471e-01
9.324823e-02
7.700756e-02
6.384105e-02
5.769478e-02
6.971559e-02
8.540598e-02
9.536606e-03
9.014227e-03
1.089703e-02
1.330461e-02
1.625267e-02
1.985960e-02
2.426337e-02
2.964566e-02
3.622131e-02
4.425671e-02
5.408021e-02
6.608423e-02
8.074819e-02
9.865438e-02
1.205045e-01
1.471335e-01
1.795261e-01
2.187939e-01
2.661778e-01
3.229048e-01
3.900447e-01
4.681083e-01
5.565095e-01
6.526916e-01
7.512136e-01
8.432005e-01
9.169782e-01
9.606554e-01
9.622574e-01
9.696649e-01
9.876557e-01
9.347285e-01
8.455039e-01
7.386257e-01
6.289837e-01
5.263805e-01
4.356403e-01
3.581415e-01
2.933902e-01
2.399354e-01
1.962221e-01
1.605071e-01
1.314998e-01
1.079355e-01
8.869908e-02
7.330544e-02
6.086530e-02
5.602581e-02
6.829180e-02
8.366497e-02
1.029960e-02
9.764716e-03
1.025148e-02
1.252110e-02
1.530395e-02
1.871116e-02
2.288500e-02
2.798849e-02
3.423987e-02
4.190437e-02
5.129854e-02
6.282687e-02
7.698144e-02
9.436535e-02
1.157250e-01
1.419679e-01
1.742008e-01
2.137198e-01
2.620080e-01
3.206487e-01
3.910876e-01
4.741786e-01
5.693619e-01
6.733834e-01
7.788745e-01
8.678314e-01
9.230462e-01
9.345200e-01
8.995020e-01
8.998008e-01
8.816916e-01
8.315606e-01
7.584425e-01
6.726859e-01
5.836104e-01
4.980619e-01
4.200043e-01
3.511984e-01
2.919928e-01
2.418076e-01
1.998106e-01
1.648736e-01
1.359698e-01
1.122353e-01
9.261928e-02
7.666185e-02
6.374892e-02
5.727477e-02
6.921892e-02
7.433801e-02
1.111167e-02
1.065423e-02
1.121952e-02
1.369335e-02
1.672156e-02
2.042165e-02
2.494294e-02
3.045496e-02
3.718247e-02
4.539452e-02
5.540606e-02
6.761248e-02
8.248294e-02
1.005742e-01
1.225506e-01
1.491838e-01
1.813679e-01
2.200726e-01
2.663111e-01
3.210384e-01
3.849119e-01
4.579925e-01
5.392210e-01
6.257995e-01
7.126088e-01
7.920079e-01
8.546941e-01
8.917084e-01
9.030853e-01
8.983454e-01
9.271310e-01
9.080269e-01
8.453547e-01
7.503275e-01
6.441084e-01
5.419235e-01
4.499467e-01
3.705202e-01
3.036656e-01
2.482824e-01
2.028061e-01
1.656784e-01
1.354179e-01
1.108624e-01
9.078655e-02
7.465745e-02
6.176377e-02
5.094426e-02
4.208811e-02
3.686675e-02
1.187096e-02
1.151302e-02
1.244167e-02
1.518121e-02
1.853678e-02
2.262676e-02
2.762230e-02
3.370683e-02
4.112461e-02
5.016086e-02
6.115711e-02
7.452711e-02
9.075908e-02
1.104257e-01
1.341824e-01
1.627781e-01
1.970325e-01
2.377576e-01
2.857061e-01
3.413802e-01
4.047403e-01
4.748396e-01
5.493154e-01
6.239561e-01
6.925421e-01
7.474243e-01
7.811044e-01
7.883413e-01
7.995169e-01
8.120506e-01
8.404561e-01
8.255589e-01
7.713212e-01
6.903277e-01
5.965617e-01
5.013220e-01
4.157997e-01
3.420874e-01
2.801225e-01
2.288128e-01
1.867296e-01
1.523438e-01
1.243741e-01
1.016136e-01
8.306375e-02
6.813010e-02
5.597386e-02
4.597601e-02
3.796072e-02
3.341165e-02
1.254047e-02
1.222500e-02
1.405870e-02
1.717157e-02
2.097174e-02
2.561621e-02
3.129000e-02
3.822398e-02
4.668438e-02
5.701825e-02
6.963050e-02
8.502136e-02
1.037871e-01
1.266398e-01
1.544209e-01
1.881273e-01
2.288610e-01
2.778225e-01
3.362004e-01
4.049476e-01
4.844266e-01
5.738225e-01
6.703454e-01
7.683822e-01
8.590563e-01
9.309964e-01
9.728084e-01
9.754073e-01
9.762465e-01
9.868821e-01
9.480421e-01
8.716269e-01
7.753740e-01
6.721526e-01
5.716395e-01
4.796316e-01
3.987394e-01
3.294813e-01
2.712046e-01
2.226869e-01
1.826190e-01
1.496264e-01
1.225948e-01
1.004340e-01
8.228609e-02
6.756047e-02
5.548753e-02
4.555430e-02
3.752433e-02
3.305083e-02
1.317684e-02
1.284939e-02
1.447887e-02
1.768783e-02
2.159850e-02
2.638678e-02
3.223004e-02
3.937256e-02
4.809096e-02
5.873807e-02
7.173836e-02
8.759935e-02
1.069420e-01
1.304975e-01
1.591363e-01
1.938810e-01
2.358610e-01
2.862977e-01
3.463838e-01
4.170311e-01
4.984978e-01
5.897447e-01
6.876093e-01
7.859522e-01
8.753289e-01
9.439963e-01
9.806985e-01
9.761825e-01
9.850847e-01
9.874801e-01
9.411590e-01
8.617255e-01
7.642508e-01
6.611722e-01
5.616114e-01
4.709096e-01
3.913829e-01
3.233881e-01
2.662154e-01
2.186244e-01
1.793224e-01
1.469506e-01
1.204268e-01
9.866255e-02
8.085522e-02
6.639616e-02
5.451655e-02
4.476149e-02
3.686735e-02
3.257393e-02
1.376316e-02
1.342125e-02
1.482529e-02
1.810109e-02
2.211450e-02
2.701166e-02
3.299501e-02
4.030528e-02
4.922920e-02
6.013074e-02
7.343317e-02
8.966914e-02
1.094629e-01
1.335632e-01
1.628603e-01
1.983875e-01
2.412884e-01
2.927887e-01
3.540611e-01
4.259643e-01
5.086412e-01
6.008484e-01
6.991159e-01
7.969201e-01
8.844680e-01
9.499016e-01
9.822830e-01
9.740337e-01
9.883749e-01
9.840518e-01
9.329539e-01
8.506218e-01
7.518546e-01
6.487844e-01
5.500701e-01
4.606380e-01
3.825139e-01
3.158761e-01
2.599348e-01
2.134167e-01
1.750252e-01
1.434182e-01
1.175317e-01
9.627832e-02
7.890811e-02
6.480974e-02
5.319900e-02
4.368310e-02
3.598392e-02
3.191170e-02
1.436359e-02
1.400685e-02
1.516583e-02
1.851343e-02
2.261780e-02
2.762611e-02
3.375082e-02
4.122322e-02
5.035298e-02
6.150101e-02
7.510743e-02
9.171065e-02
1.119495e-01
1.365888e-01
1.665359e-01
2.028353e-01
2.466459e-01
2.991954e-01
3.616360e-01
4.347696e-01
5.186218e-01
6.117423e-01
7.103528e-01
8.075509e-01
8.932168e-01
9.554111e-01
9.835466e-01
9.729476e-01
9.913420e-01
9.799396e-01
9.239318e-01
8.387836e-01
7.388648e-01
6.359478e-01
5.382007e-01
4.501291e-01
3.734732e-01
3.082395e-01
2.535609e-01
2.081398e-01
1.706749e-01
1.398444e-01
1.146050e-01
9.387149e-02
7.694856e-02
6.320827e-02
5.187041e-02
4.259984e-02
3.509473e-02
3.124403e-02
1.500934e-02
1.463670e-02
1.553488e-02
1.896419e-02
2.316423e-02
2.829708e-02
3.456814e-02
4.222427e-02
5.157273e-02
6.299042e-02
7.692404e-02
9.392742e-02
1.146491e-01
1.398732e-01
1.705216e-01
2.076566e-01
2.524468e-01
3.061196e-01
3.698041e-01
4.442346e-01
5.293007e-01
6.233200e-01
7.221764e-01
8.185653e-01
9.020434e-01
9.606360e-01
9.840977e-01
9.724318e-01
9.935035e-01
9.753956e-01
9.149145e-01
8.272860e-01
7.264449e-01
6.237927e-01
5.270322e-01
4.402804e-01
3.650220e-01
3.011130e-01
2.476184e-01
2.032249e-01
1.666229e-01
1.365195e-01
1.118789e-01
9.163202e-02
7.511754e-02
6.171597e-02
5.063293e-02
4.159523e-02
3.427137e-02
3.063259e-02
1.568804e-02
1.529872e-02
1.591613e-02
1.942772e-02
2.373388e-02
2.899407e-02
3.541434e-02
4.325824e-02
5.283973e-02
6.453362e-02
7.880758e-02
9.622347e-02
1.174484e-01
1.432750e-01
1.746514e-01
2.126481e-01
2.584497e-01
3.132794e-01
3.782378e-01
4.539849e-01
5.402630e-01
6.351430e-01
7.341538e-01
8.295834e-01
9.106808e-01
9.654845e-01
9.837579e-01
9.728779e-01
9.940948e-01
9.703552e-01
9.055734e-01
8.156756e-01
7.140866e-01
6.118120e-01
5.160935e-01
4.306748e-01
3.568031e-01
2.941975e-01
2.418577e-01
1.984663e-01
1.627006e-01
1.333037e-01
1.092432e-01
8.946949e-02
7.335695e-02
6.027431e-02
4.944089e-02
4.061644e-02
3.346598e-02
3.004009e-02
1.639808e-02
1.599130e-02
1.630842e-02
1.990524e-02
2.432595e-02
2.970799e-02
3.629069e-02
4.432731e-02
5.414398e-02
6.612547e-02
8.075225e-02
9.859255e-02
1.203325e-01
1.467823e-01
1.789044e-01
2.177867e-01
2.646213e-01
3.206294e-01
3.868742e-01
4.639368e-01
5.513977e-01
6.470656e-01
7.461021e-01
8.403886e-01
9.188948e-01
9.697298e-01
9.827392e-01
9.741619e-01
9.934437e-01
9.644650e-01
8.958793e-01
8.039072e-01
7.017251e-01
5.999267e-01
5.052990e-01
4.212285e-01
3.487355e-01
2.874196e-01
2.362162e-01
1.938070e-01
1.588611e-01
1.301562e-01
1.066616e-01
8.734998e-02
7.162984e-02
5.885507e-02
4.826992e-02
3.966224e-02
3.268825e-02
2.946157e-02
1.711374e-02
1.668936e-02
1.668323e-02
2.037392e-02
2.488050e-02
3.039578e-02
3.713178e-02
4.535422e-02
5.539170e-02
6.765467e-02
8.261747e-02
1.008647e-01
1.230992e-01
1.501461e-01
1.829839e-01
2.227133e-01
2.705350e-01
3.276663e-01
3.951312e-01
4.734295e-01
5.619810e-01
6.583365e-01
7.573037e-01
8.503847e-01
9.263112e-01
9.733064e-01
9.813366e-01
9.766227e-01
9.920657e-01
9.574619e-01
8.851484e-01
7.911700e-01
6.885222e-01
5.873391e-01
4.939297e-01
4.113146e-01
3.402898e-01
2.803343e-01
2.303253e-01
1.889467e-01
1.548564e-01
1.268736e-01
1.039658e-01
8.514560e-02
6.983256e-02
5.738136e-02
4.705089e-02
3.867023e-02
3.186745e-02
2.884977e-02
1.781994e-02
1.737825e-02
1.702510e-02
2.080130e-02
2.539891e-02
3.102599e-02
3.789685e-02
4.629374e-02
5.654225e-02
6.905415e-02
8.432488e-02
1.029478e-01
1.256359e-01
1.532295e-01
1.867216e-01
2.272257e-01
2.759503e-01
3.341018e-01
4.026712e-01
4.820777e-01
5.715872e-01
6.685105e-01
7.673289e-01
8.592089e-01
9.326919e-01
9.761449e-01
9.796766e-01
9.801987e-01
9.896849e-01
9.491403e-01
8.729904e-01
7.770593e-01
6.740866e-01
5.736889e-01
4.816656e-01
4.006587e-01
3.312276e-01
2.727437e-01
2.240192e-01
1.837435e-01
1.505732e-01
1.233610e-01
1.010836e-01
8.278296e-02
6.790232e-02
5.579095e-02
4.574821e-02
3.760439e-02
3.100186e-02
2.819543e-02
1.858106e-02
1.812069e-02
1.740455e-02
2.125654e-02
2.596003e-02
3.171906e-02
3.873706e-02
4.731790e-02
5.779816e-02
7.058329e-02
8.618783e-02
1.052230e-01
1.284032e-01
1.565909e-01
1.907962e-01
2.321410e-01
2.818403e-01
3.410923e-01
4.108430e-01
4.914190e-01
5.819135e-01
6.793693e-01
7.779131e-01
8.683625e-01
9.390862e-01
9.786542e-01
9.775032e-01
9.844177e-01
9.866316e-01
9.405589e-01
8.609749e-01
7.634097e-01
6.603033e-01
5.607645e-01
4.701176e-01
3.906616e-01
3.227479e-01
2.656495e-01
2.181328e-01
1.788900e-01
1.465782e-01
1.200903e-01
9.839092e-02
8.058519e-02
6.610746e-02
5.431541e-02
4.453327e-02
3.661174e-02
3.018581e-02
2.758276e-02
1.941160e-02
1.893085e-02
1.783254e-02
2.176940e-02
2.660004e-02
3.248215e-02
3.968113e-02
4.847300e-02
5.919877e-02
7.230125e-02
8.828146e-02
1.077710e-01
1.315042e-01
1.603590e-01
1.953573e-01
2.376369e-01
2.884186e-01
3.488826e-01
4.199223e-01
5.017552e-01
5.932718e-01
6.912071e-01
7.892976e-01
8.779919e-01
9.455119e-01
9.807127e-01
9.753370e-01
9.878717e-01
9.830722e-01
9.320036e-01
8.494212e-01
7.505289e-01
6.474450e-01
5.487959e-01
4.594741e-01
3.814783e-01
3.149734e-01
2.591547e-01
2.127486e-01
1.744514e-01
1.429292e-01
1.170979e-01
9.593068e-02
7.857979e-02
6.446565e-02
5.296273e-02
4.342495e-02
3.570500e-02
2.944569e-02
2.703946e-02
2.032385e-02
1.982071e-02
1.830400e-02
2.234368e-02
2.728823e-02
3.334440e-02
4.072104e-02
4.974542e-02
6.075438e-02
7.419572e-02
9.059619e-02
1.105918e-01
1.349398e-01
1.645341e-01
2.004133e-01
2.437340e-01
2.957178e-01
3.575276e-01
4.299966e-01
5.132141e-01
6.058405e-01
7.042650e-01
8.017884e-01
8.884653e-01
9.523879e-01
9.827686e-01
9.739167e-01
9.909417e-01
9.795572e-01
9.238027e-01
8.386603e-01
7.387410e-01
6.358204e-01
5.380711e-01
4.500001e-01
3.733434e-01
3.081148e-01
2.534421e-01
2.080238e-01
1.705657e-01
1.397378e-01
1.144893e-01
9.378412e-02
7.682999e-02
6.304449e-02
5.178096e-02
4.246307e-02
3.491721e-02
2.881153e-02
2.655844e-02
2.133606e-02
2.080790e-02
1.885072e-02
2.300719e-02
2.810347e-02
3.432825e-02
4.193810e-02
5.122166e-02
6.255454e-02
7.640005e-02
9.327867e-02
1.138583e-01
1.389121e-01
1.693517e-01
2.062359e-01
2.507350e-01
3.040686e-01
3.673691e-01
4.413908e-01
5.260563e-01
6.197520e-01
7.184592e-01
8.149960e-01
8.990237e-01
9.585860e-01
9.834110e-01
9.721662e-01
9.926899e-01
9.757793e-01
9.163592e-01
8.291507e-01
7.284531e-01
6.257402e-01
5.287998e-01
4.418188e-01
3.663202e-01
3.021904e-01
2.485006e-01
2.039374e-01
1.671991e-01
1.369730e-01
1.122276e-01
9.192158e-02
7.531140e-02
6.180593e-02
5.075861e-02
4.162451e-02
3.423147e-02
2.826108e-02
2.621491e-02
2.241762e-02
2.186242e-02
1.934103e-02
2.359764e-02
2.884067e-02
3.522422e-02
4.303164e-02
5.255682e-02
6.419865e-02
7.840316e-02
9.573456e-02
1.168638e-01
1.425864e-01
1.738407e-01
2.117099e-01
2.573803e-01
3.120922e-01
3.769604e-01
4.526841e-01
5.390485e-01
6.341823e-01
7.336673e-01
8.298126e-01
9.118169e-01
9.675764e-01
9.865166e-01
9.746051e-01
9.963405e-01
9.730174e-01
9.096095e-01
8.207540e-01
7.196575e-01
6.173980e-01
5.213625e-01
4.354396e-01
3.609863e-01
2.977935e-01
2.449089e-01
2.010191e-01
1.648302e-01
1.350561e-01
1.106749e-01
9.066420e-02
7.429949e-02
6.099084e-02
5.008776e-02
4.108854e-02
3.378503e-02
2.792503e-02
2.607078e-02
2.356598e-02
2.298228e-02
1.975540e-02
2.411343e-02
2.946024e-02
3.598540e-02
4.395633e-02
5.370524e-02
6.558852e-02
8.011766e-02
9.783073e-02
1.194329e-01
1.457321e-01
1.776935e-01
2.164146e-01
2.631078e-01
3.190205e-01
3.852620e-01
4.624753e-01
5.503264e-01
6.467084e-01
7.468416e-01
8.425803e-01
9.227209e-01
9.750545e-01
9.884708e-01
9.771367e-01
9.981502e-01
9.700136e-01
9.047137e-01
8.149721e-01
7.138139e-01
6.120118e-01
5.166765e-01
4.315084e-01
3.577599e-01
2.951822e-01
2.428066e-01
1.993364e-01
1.634822e-01
1.339779e-01
1.098093e-01
8.997408e-02
7.376390e-02
6.056750e-02
4.975277e-02
4.081725e-02
3.357299e-02
2.779689e-02
2.622581e-02
2.469484e-02
2.408313e-02
1.999288e-02
2.442178e-02
2.981430e-02
3.644335e-02
4.451093e-02
5.437545e-02
6.642296e-02
8.113262e-02
9.908925e-02
1.209830e-01
1.476456e-01
1.800568e-01
2.193321e-01
2.667013e-01
3.234259e-01
3.906191e-01
4.689015e-01
5.578630e-01
6.552480e-01
7.560236e-01
8.517092e-01
9.307829e-01
9.809099e-01
9.902265e-01
9.799857e-01
9.981917e-01
9.669633e-01
9.003881e-01
8.101941e-01
7.092027e-01
6.079192e-01
5.132324e-01
4.287046e-01
3.555237e-01
2.934190e-01
2.414221e-01
1.982568e-01
1.626293e-01
1.333167e-01
1.092830e-01
8.957185e-02
7.346706e-02
6.034637e-02
4.960501e-02
4.068887e-02
3.345964e-02
2.785642e-02
2.656056e-02
2.581937e-02
2.517974e-02
2.003421e-02
2.446670e-02
2.989167e-02
3.651305e-02
4.460956e-02
5.451086e-02
6.658821e-02
8.134579e-02
9.936275e-02
1.213436e-01
1.481230e-01
1.806899e-01
2.201800e-01
2.678368e-01
3.249449e-01
3.926395e-01
4.715529e-01
5.612701e-01
6.594780e-01
7.610151e-01
8.571820e-01
9.361867e-01
9.854862e-01
9.922089e-01
9.817699e-01
9.960727e-01
9.639356e-01
8.971140e-01
8.071999e-01
7.067743e-01
6.061271e-01
5.120145e-01
4.279428e-01
3.550964e-01
2.932212e-01
2.413715e-01
1.982920e-01
1.627214e-01
1.334311e-01
1.094006e-01
8.971097e-02
7.362035e-02
6.050748e-02
4.976350e-02
4.083486e-02
3.357896e-02
2.816382e-02
2.719982e-02
2.692238e-02
2.625538e-02
1.984706e-02
2.422124e-02
2.959264e-02
3.615786e-02
4.417480e-02
5.398605e-02
6.595643e-02
8.058752e-02
9.846048e-02
1.202712e-01
1.468598e-01
1.792172e-01
2.184875e-01
2.659316e-01
3.228553e-01
3.904339e-01
4.693551e-01
5.592701e-01
6.579322e-01
7.602106e-01
8.573546e-01
9.373945e-01
9.875069e-01
9.934426e-01
9.796823e-01
9.924537e-01
9.609816e-01
8.952278e-01
8.064797e-01
7.070679e-01
6.071568e-01
5.134914e-01
4.296283e-01
3.568160e-01
2.948630e-01
2.428800e-01
1.996377e-01
1.638967e-01
1.344470e-01
1.102603e-01
9.046205e-02
7.428089e-02
6.108775e-02
5.028291e-02
4.127037e-02
3.393674e-02
2.889471e-02
2.830995e-02
2.804077e-02
2.734602e-02
1.938520e-02
2.365560e-02
2.890129e-02
3.531758e-02
4.316236e-02
5.274592e-02
6.445308e-02
7.877229e-02
9.626379e-02
1.176241e-01
1.436894e-01
1.754469e-01
2.140305e-01
2.607191e-01
3.168528e-01
3.836528e-01
4.619104e-01
5.514182e-01
6.501121e-01
7.530498e-01
8.515851e-01
9.336485e-01
9.854229e-01
9.901227e-01
9.732460e-01
9.854777e-01
9.571960e-01
8.947304e-01
8.087572e-01
7.112860e-01
6.124611e-01
5.191835e-01
4.352281e-01
3.620320e-01
2.995490e-01
2.469906e-01
2.031818e-01
1.669096e-01
1.369973e-01
1.123954e-01
9.225696e-02
7.581162e-02
6.239518e-02
5.140155e-02
4.220835e-02
3.469348e-02
3.009885e-02
2.948666e-02
3.050558e-02
2.974972e-02
2.020497e-02
2.466896e-02
3.013466e-02
3.679887e-02
4.497755e-02
5.493780e-02
6.712041e-02
8.198989e-02
1.001421e-01
1.222933e-01
1.492772e-01
1.820908e-01
2.218814e-01
2.698928e-01
3.274039e-01
3.955469e-01
4.749219e-01
5.650616e-01
6.635585e-01
7.651228e-01
8.609075e-01
9.390109e-01
9.869133e-01
9.915928e-01
9.713405e-01
9.945384e-01
9.782193e-01
9.225589e-01
8.395533e-01
7.418069e-01
6.405832e-01
5.438657e-01
4.562095e-01
3.795046e-01
3.139173e-01
2.587205e-01
2.127178e-01
1.746551e-01
1.432868e-01
1.175150e-01
9.639809e-02
7.922730e-02
6.524207e-02
5.525167e-02
4.590900e-02
3.774396e-02
3.298722e-02
3.284687e-02
3.707260e-02
3.615401e-02
2.455437e-02
2.996688e-02
3.658782e-02
4.465041e-02
5.453095e-02
6.654043e-02
8.119424e-02
9.902485e-02
1.207057e-01
1.470294e-01
1.788853e-01
2.172900e-01
2.633351e-01
3.180640e-01
3.823198e-01
4.564343e-01
5.396899e-01
6.296955e-01
7.216232e-01
8.078153e-01
8.782603e-01
9.225626e-01
9.329316e-01
9.044788e-01
8.804262e-01
9.376496e-01
9.748650e-01
9.568042e-01
8.987342e-01
8.097232e-01
7.075292e-01
6.047663e-01
5.088851e-01
4.236605e-01
3.502287e-01
2.882503e-01
2.366009e-01
1.939209e-01
1.588269e-01
1.300733e-01
1.065339e-01
8.897487e-02
7.891774e-02
6.511594e-02
5.757315e-02
4.739285e-02
4.276909e-02
4.335430e-02
4.525207e-02
4.413078e-02
3.058609e-02
3.731542e-02
4.553680e-02
5.560147e-02
6.783176e-02
8.278721e-02
1.009390e-01
1.230114e-01
1.498037e-01
1.822014e-01
2.212330e-01
2.679557e-01
3.234145e-01
3.883844e-01
4.630870e-01
5.466560e-01
6.364532e-01
7.274105e-01
8.116461e-01
8.791267e-01
9.197213e-01
9.259056e-01
8.936001e-01
8.356217e-01
8.278512e-01
9.124475e-01
9.703976e-01
9.790457e-01
9.394352e-01
8.632759e-01
7.660251e-01
6.625412e-01
5.623558e-01
4.710792e-01
3.911189e-01
3.228565e-01
2.655534e-01
2.179381e-01
1.786732e-01
1.464068e-01
1.199400e-01
9.867878e-02
9.228890e-02
7.954271e-02
7.100644e-02
6.455048e-02
5.962116e-02
6.272287e-02
5.527949e-02
5.390972e-02
3.825299e-02
4.664447e-02
5.692507e-02
6.946774e-02
8.475693e-02
1.033482e-01
1.259197e-01
1.533031e-01
1.864009e-01
2.262346e-01
2.738700e-01
3.303113e-01
3.962754e-01
4.718643e-01
5.560237e-01
6.458475e-01
7.359375e-01
8.181513e-01
8.823952e-01
9.188444e-01
9.201484e-01
8.837147e-01
8.193585e-01
7.564601e-01
7.804817e-01
8.755887e-01
9.494630e-01
9.890161e-01
9.722768e-01
9.143236e-01
8.267373e-01
7.257467e-01
6.228977e-01
5.260030e-01
4.392079e-01
3.639652e-01
3.001814e-01
2.467996e-01
2.025821e-01
1.661307e-01
1.361483e-01
1.118212e-01
1.053345e-01
9.633479e-02
8.248838e-02
8.288521e-02
8.131625e-02
9.195702e-02
6.752313e-02
6.584995e-02
4.793306e-02
5.840264e-02
7.132917e-02
8.695619e-02
1.060311e-01
1.291772e-01
1.572373e-01
1.910967e-01
2.318314e-01
2.804812e-01
3.379972e-01
4.050394e-01
4.815690e-01
5.663062e-01
6.560476e-01
7.450429e-01
8.248647e-01
8.854002e-01
9.172200e-01
9.131645e-01
8.724430e-01
8.051934e-01
7.214983e-01
6.643129e-01
7.252103e-01
8.261201e-01
9.135294e-01
9.739099e-01
9.915259e-01
9.575763e-01
8.854876e-01
7.916714e-01
6.891152e-01
5.879624e-01
4.945736e-01
4.119476e-01
3.409489e-01
2.809791e-01
2.310026e-01
1.896393e-01
1.555079e-01
1.277808e-01
1.222298e-01
1.153930e-01
9.879640e-02
9.844222e-02
1.067510e-01
1.288188e-01
8.233773e-02
8.029744e-02
6.009073e-02
7.322874e-02
8.932316e-02
1.089549e-01
1.327143e-01
1.615289e-01
1.963549e-01
2.381417e-01
2.880892e-01
3.470589e-01
4.156865e-01
4.938457e-01
5.800802e-01
6.708790e-01
7.601253e-01
8.390048e-01
8.972236e-01
9.255006e-01
9.167598e-01
8.725415e-01
8.024710e-01
7.168220e-01
6.255716e-01
5.866971e-01
6.713458e-01
7.742010e-01
8.703334e-01
9.471514e-01
9.917266e-01
9.876309e-01
9.368767e-01
8.561990e-01
7.585799e-01
6.560346e-01
5.573615e-01
4.675662e-01
3.889340e-01
3.216434e-01
2.651000e-01
2.179569e-01
1.789470e-01
1.472846e-01
1.439928e-01
1.375719e-01
1.185741e-01
1.174460e-01
1.360394e-01
1.651570e-01
1.005349e-01
9.804366e-02
7.517293e-02
9.162859e-02
1.116900e-01
1.360331e-01
1.656722e-01
2.013069e-01
2.441459e-01
2.952284e-01
3.555403e-01
4.255902e-01
5.051288e-01
5.925249e-01
6.839965e-01
7.730281e-01
8.505178e-01
9.060180e-01
9.305432e-01
9.172736e-01
8.696471e-01
7.970650e-01
7.099227e-01
6.180142e-01
5.289527e-01
5.156692e-01
6.079495e-01
7.095841e-01
8.109215e-01
9.013429e-01
9.678909e-01
9.983652e-01
9.763101e-01
9.161367e-01
8.298392e-01
7.302634e-01
6.285800e-01
5.323299e-01
4.457931e-01
3.703536e-01
3.062891e-01
2.523023e-01
2.075068e-01
1.712427e-01
1.711919e-01
1.656434e-01
1.433652e-01
1.419312e-01
1.691987e-01
2.051770e-01
1.226785e-01
1.196386e-01
9.379684e-02
1.143196e-01
1.392203e-01
1.695079e-01
2.060067e-01
2.498771e-01
3.021199e-01
3.637304e-01
4.352602e-01
5.163057e-01
6.050368e-01
6.974420e-01
7.866463e-01
8.631959e-01
9.165274e-01
9.378128e-01
9.207204e-01
8.701513e-01
7.952578e-01
7.065915e-01
6.138660e-01
5.243045e-01
4.459329e-01
4.551637e-01
5.431275e-01
6.403437e-01
7.422581e-01
8.408285e-01
9.246424e-01
9.802948e-01
9.956412e-01
9.630737e-01
8.960786e-01
8.062114e-01
7.060107e-01
6.056672e-01
5.119065e-01
4.281313e-01
3.556960e-01
2.939058e-01
2.422949e-01
2.010163e-01
2.050158e-01
1.999937e-01
1.736398e-01
1.722325e-01
2.075302e-01
2.512376e-01
1.496387e-01
1.459306e-01
1.165817e-01
1.420334e-01
1.728690e-01
2.101147e-01
2.549151e-01
3.083314e-01
3.711704e-01
4.440838e-01
5.266694e-01
6.168749e-01
7.104190e-01
8.001514e-01
8.762832e-01
9.280290e-01
9.466970e-01
9.267393e-01
8.737282e-01
7.967410e-01
7.065340e-01
6.128090e-01
5.226533e-01
4.403565e-01
3.749877e-01
3.984191e-01
4.780291e-01
5.682589e-01
6.666170e-01
7.677345e-01
8.627489e-01
9.389401e-01
9.844466e-01
9.890754e-01
9.498437e-01
8.784950e-01
7.868314e-01
6.868866e-01
5.881294e-01
4.965268e-01
4.153222e-01
3.446828e-01
2.850834e-01
2.374963e-01
2.457281e-01
2.413593e-01
2.100116e-01
2.091334e-01
2.526940e-01
3.051508e-01
1.820093e-01
1.774991e-01
1.437807e-01
1.750061e-01
2.127780e-01
2.579758e-01
3.119676e-01
3.754910e-01
4.491140e-01
5.322444e-01
6.228880e-01
7.165422e-01
8.058113e-01
8.808051e-01
9.307822e-01
9.472628e-01
9.249951e-01
8.702344e-01
7.921190e-01
7.014415e-01
6.077712e-01
5.179754e-01
4.361340e-01
3.641212e-01
3.119047e-01
3.422975e-01
4.127505e-01
4.943066e-01
5.860995e-01
6.851616e-01
7.855051e-01
8.772015e-01
9.479565e-01
9.866945e-01
9.832217e-01
9.383453e-01
8.632402e-01
7.699668e-01
6.701007e-01
5.725644e-01
4.829871e-01
4.032429e-01
3.349938e-01
2.802041e-01
2.941596e-01
2.915222e-01
2.541275e-01
2.536229e-01
3.057897e-01
3.678895e-01
1.294234e-01
1.262162e-01
1.034115e-01
1.260868e-01
1.534993e-01
1.866642e-01
2.266713e-01
2.745904e-01
3.312693e-01
3.977018e-01
4.739683e-01
5.590315e-01
6.500816e-01
7.417538e-01
8.258180e-01
8.920163e-01
9.302699e-01
9.330046e-01
8.981618e-01
8.343583e-01
7.514606e-01
6.598572e-01
5.681138e-01
4.820561e-01
4.257317e-01
4.755500e-01
5.660339e-01
6.649510e-01
7.669546e-01
8.631079e-01
9.413831e-01
9.881006e-01
9.913384e-01
9.494463e-01
8.756261e-01
7.821097e-01
6.810158e-01
5.818378e-01
4.902727e-01
4.092732e-01
3.395934e-01
2.803042e-01
2.310362e-01
1.939748e-01
2.088644e-01
2.086763e-01
1.809878e-01
1.810766e-01
2.192430e-01
2.652920e-01
5.511255e-01
5.511266e-01
6.031913e-01
4.753019e-01
3.805581e-01
3.218345e-01
2.843427e-01
2.515642e-01
2.151156e-01
1.864724e-01
1.613901e-01
1.333043e-01
1.032516e-01
7.564439e-02
5.057590e-02
2.518443e-02
7.479101e-03
2.751085e-02
4.956430e-02
7.117031e-02
9.046051e-02
1.051541e-01
1.119551e-01
1.016056e-01
6.318158e-02
2.995768e-02
1.423222e-02
5.271332e-03
6.368924e-03
1.178128e-02
1.784739e-02
2.478646e-02
3.285819e-02
4.246760e-02
5.272098e-02
6.609406e-02
7.931126e-02
9.792339e-02
1.135353e-01
1.378178e-01
1.637993e-01
1.771312e-01
2.239552e-01
2.954039e-01
4.538231e-01
5.958336e-01
6.644608e-01
8.042234e-01
7.840224e-01
2.811683e-01
7.058956e-01
7.274034e-01
4.803017e-01
5.689303e-01
6.628649e-01
7.611780e-01
8.544363e-01
9.314869e-01
9.823543e-01
9.999826e-01
9.804544e-01
9.273521e-01
8.490720e-01
7.562177e-01
6.578813e-01
5.615681e-01
4.730214e-01
3.946547e-01
3.272076e-01
2.707837e-01
2.551754e-01
2.856057e-01
3.147130e-01
3.406992e-01
3.734099e-01
4.622012e-01
5.380666e-01
5.901146e-01
6.400881e-01
6.645409e-01
6.592815e-01
7.277058e-01
7.901069e-01
8.431989e-01
8.875276e-01
9.232234e-01
9.508793e-01
9.706919e-01
9.835896e-01
9.900620e-01
9.811324e-01
9.676636e-01
9.495335e-01
9.328737e-01
9.521778e-01
9.717520e-01
9.176416e-01
8.726638e-01
9.066266e-01
9.570548e-01
6.914413e-01
7.712746e-01
5.244791e-01
6.176443e-01
7.145227e-01
8.118232e-01
8.986890e-01
9.633870e-01
9.966500e-01
9.932884e-01
9.536595e-01
8.848652e-01
7.968595e-01
7.004583e-01
6.036710e-01
5.125933e-01
4.316845e-01
3.626115e-01
3.060433e-01
2.623359e-01
2.549628e-01
2.854046e-01
3.144896e-01
3.404630e-01
3.729869e-01
4.611751e-01
5.364240e-01
5.881748e-01
6.387266e-01
6.640099e-01
6.589104e-01
7.267998e-01
7.882002e-01
8.399603e-01
8.826982e-01
9.166913e-01
9.425017e-01
9.605800e-01
9.716773e-01
9.767284e-01
9.699089e-01
9.558291e-01
9.386659e-01
9.243368e-01
9.467241e-01
9.197556e-01
8.478717e-01
8.086250e-01
8.665221e-01
9.453017e-01
6.871309e-01
8.650393e-01
6.254088e-01
7.247624e-01
8.214936e-01
9.073697e-01
9.697087e-01
9.982334e-01
9.880473e-01
9.419645e-01
8.680646e-01
7.775080e-01
6.802581e-01
5.852281e-01
4.973931e-01
4.201753e-01
3.561166e-01
3.062183e-01
2.706799e-01
2.493698e-01
2.549130e-01
2.854439e-01
3.145659e-01
3.405155e-01
3.727464e-01
4.601617e-01
5.345921e-01
5.859434e-01
6.373064e-01
6.637508e-01
6.588725e-01
7.260198e-01
7.860352e-01
8.359795e-01
8.765949e-01
9.083873e-01
9.318933e-01
9.479353e-01
9.570210e-01
9.607099e-01
9.574623e-01
9.433024e-01
9.283138e-01
9.177396e-01
9.432662e-01
8.575655e-01
7.601778e-01
6.967803e-01
7.809212e-01
9.270923e-01
7.339546e-01
9.859216e-01
8.166596e-01
9.039474e-01
9.676033e-01
9.955300e-01
9.808710e-01
9.283777e-01
8.495098e-01
7.553048e-01
6.569030e-01
5.624449e-01
4.756844e-01
4.005157e-01
3.378690e-01
2.887099e-01
2.542656e-01
2.349394e-01
2.299598e-01
2.359595e-01
2.548590e-01
2.855306e-01
3.147317e-01
3.406313e-01
3.724749e-01
4.590421e-01
5.326034e-01
5.835464e-01
6.357906e-01
6.634814e-01
6.588273e-01
7.251579e-01
7.836924e-01
8.317526e-01
8.702462e-01
8.999394e-01
9.213775e-01
9.357549e-01
9.433760e-01
9.463583e-01
9.447572e-01
9.348998e-01
9.229528e-01
9.164302e-01
9.431713e-01
8.244006e-01
7.284459e-01
5.959061e-01
5.787502e-01
8.808527e-01
9.311671e-01
7.841136e-01
9.648782e-01
9.204459e-01
8.389893e-01
7.313474e-01
6.159133e-01
5.078398e-01
4.156381e-01
3.391570e-01
2.778746e-01
2.298013e-01
1.906486e-01
1.636416e-01
1.491038e-01
1.471739e-01
1.567386e-01
1.750983e-01
1.998320e-01
2.270823e-01
2.548059e-01
2.856585e-01
3.149771e-01
3.408026e-01
3.722027e-01
4.579879e-01
5.308091e-01
5.814411e-01
6.344859e-01
6.632649e-01
6.587810e-01
7.243614e-01
7.815974e-01
8.280813e-01
8.649067e-01
8.930768e-01
9.131923e-01
9.267130e-01
9.338602e-01
9.370434e-01
9.361187e-01
9.308019e-01
9.250321e-01
9.218581e-01
9.463602e-01
8.255122e-01
7.557620e-01
6.140748e-01
2.850424e-01
6.226475e-01
SCALARS skew double 1
LOOKUP_TABLE default
8.673930e-02
2.560305e-01
2.843389e-01
2.843621e-01
2.843208e-01
2.841708e-01
2.838363e-01
2.832038e-01
2.826528e-01
2.822389e-01
2.817039e-01
2.810074e-01
2.800991e-01
2.789394e-01
2.777231e-01
2.763263e-01
2.747074e-01
2.728054e-01
2.705622e-01
2.680698e-01
2.650656e-01
2.616904e-01
2.577001e-01
2.531189e-01
2.476455e-01
2.411228e-01
2.333231e-01
2.238743e-01
2.122861e-01
1.976970e-01
1.791040e-01
1.383928e-01
5.138675e-02
8.158596e-02
1.279670e-01
1.644577e-01
1.929224e-01
2.148566e-01
2.315348e-01
2.439695e-01
2.526955e-01
2.578395e-01
2.600135e-01
2.588100e-01
2.524364e-01
2.430367e-01
2.198576e-01
1.667983e-01
6.199055e-02
1.243416e-02
1.059936e-01
2.999348e-01
3.317563e-01
3.317628e-01
3.316988e-01
3.315134e-01
3.311247e-01
3.304422e-01
3.299200e-01
3.294478e-01
3.288427e-01
3.280566e-01
3.270286e-01
3.257631e-01
3.244224e-01
3.228501e-01
3.210267e-01
3.188446e-01
3.163067e-01
3.134397e-01
3.099540e-01
3.060499e-01
3.013468e-01
2.959147e-01
2.893816e-01
2.815220e-01
2.720197e-01
2.603999e-01
2.459889e-01
2.276442e-01
2.043635e-01
1.351876e-01
4.745403e-02
1.129942e-01
1.641888e-01
2.039852e-01
2.345853e-01
2.578462e-01
2.752837e-01
2.879667e-01
2.967485e-01
3.011983e-01
3.027200e-01
2.999652e-01
2.917658e-01
2.793463e-01
2.511597e-01
1.859901e-01
6.910452e-02
1.262384e-02
9.507479e-02
2.693274e-01
2.977257e-01
2.977252e-01
2.976563e-01
2.974664e-01
2.970805e-01
2.964433e-01
2.960158e-01
2.955657e-01
2.949895e-01
2.942379e-01
2.932530e-01
2.921098e-01
2.908618e-01
2.893977e-01
2.876951e-01
2.856465e-01
2.833019e-01
2.806070e-01
2.773658e-01
2.737159e-01
2.693428e-01
2.642218e-01
2.581105e-01
2.507580e-01
2.418629e-01
2.310010e-01
2.175156e-01
2.003628e-01
1.788112e-01
9.893522e-02
5.476215e-02
1.094713e-01
1.525184e-01
1.862491e-01
2.123750e-01
2.323949e-01
2.475077e-01
2.584759e-01
2.661429e-01
2.698740e-01
2.711489e-01
2.682919e-01
2.612378e-01
2.490035e-01
2.233438e-01
1.610601e-01
6.037894e-02
1.029726e-02
9.857209e-02
2.754131e-01
3.041082e-01
3.040917e-01
3.040003e-01
3.037849e-01
3.033561e-01
3.027403e-01
3.023191e-01
3.018345e-01
3.012122e-01
3.004033e-01
2.993506e-01
2.981768e-01
2.968439e-01
2.952771e-01
2.934394e-01
2.912285e-01
2.887078e-01
2.857243e-01
2.822124e-01
2.781376e-01
2.733112e-01
2.675454e-01
2.606471e-01
2.523185e-01
2.422552e-01
2.298851e-01
2.143226e-01
1.945519e-01
1.665722e-01
7.252306e-02
7.546775e-02
1.275044e-01
1.683380e-01
2.002131e-01
2.248144e-01
2.435993e-01
2.577308e-01
2.678130e-01
2.746244e-01
2.777000e-01
2.782648e-01
2.743944e-01
2.671808e-01
2.527624e-01
2.255154e-01
1.586962e-01
5.966082e-02
9.575207e-03
8.707772e-02
2.462671e-01
2.724785e-01
2.724549e-01
2.723511e-01
2.721184e-01
2.716583e-01
2.711488e-01
2.707690e-01
2.702898e-01
2.696718e-01
2.688692e-01
2.678628e-01
2.667752e-01
2.655001e-01
2.640091e-01
2.622264e-01
2.601286e-01
2.577408e-01
2.548343e-01
2.515412e-01
2.475727e-01
2.429618e-01
2.374127e-01
2.307426e-01
2.226972e-01
2.129051e-01
2.008555e-01
1.857115e-01
1.666716e-01
1.255777e-01
4.160897e-02
8.570267e-02
1.302363e-01
1.654698e-01
1.930413e-01
2.144091e-01
2.307900e-01
2.431126e-01
2.519906e-01
2.574643e-01
2.602904e-01
2.602082e-01
2.557389e-01
2.496760e-01
2.337539e-01
2.073822e-01
1.421932e-01
5.538251e-02
8.867061e-03
7.583643e-02
2.144589e-01
2.371436e-01
2.371200e-01
2.370237e-01
2.368015e-01
2.363793e-01
2.359585e-01
2.356216e-01
2.351910e-01
2.346334e-01
2.339064e-01
2.330238e-01
2.320645e-01
2.309357e-01
2.296149e-01
2.280273e-01
2.261842e-01
2.240674e-01
2.215040e-01
2.186025e-01
2.151119e-01
2.110343e-01
2.061559e-01
2.002985e-01
1.932419e-01
1.846769e-01
1.741471e-01
1.609436e-01
1.444859e-01
9.492476e-02
3.850278e-02
8.645057e-02
1.246544e-01
1.550045e-01
1.788653e-01
1.974481e-01
2.117590e-01
2.225047e-01
2.303536e-01
2.349939e-01
2.375037e-01
2.371752e-01
2.329417e-01
2.274388e-01
2.122894e-01
1.870346e-01
1.251089e-01
5.061254e-02
8.453757e-03
7.564174e-02
2.122475e-01
2.346357e-01
2.345920e-01
2.344732e-01
2.342265e-01
2.337801e-01
2.333747e-01
2.330017e-01
2.325270e-01
2.319185e-01
2.311250e-01
2.301902e-01
2.291454e-01
2.279074e-01
2.264494e-01
2.246896e-01
2.226482e-01
2.202530e-01
2.173786e-01
2.140588e-01
2.100799e-01
2.053475e-01
1.996820e-01
1.928463e-01
1.845660e-01
1.744742e-01
1.620180e-01
1.464207e-01
1.270493e-01
6.678955e-02
5.586838e-02
9.951051e-02
1.343133e-01
1.619087e-01
1.835773e-01
2.004427e-01
2.133919e-01
2.230195e-01
2.299957e-01
2.338799e-01
2.358372e-01
2.349143e-01
2.303580e-01
2.243731e-01
2.088587e-01
1.824692e-01
1.200152e-01
4.934089e-02
8.001267e-03
8.005992e-02
2.212963e-01
2.444020e-01
2.443549e-01
2.442282e-01
2.439753e-01
2.435310e-01
2.431604e-01
2.427875e-01
2.423112e-01
2.416999e-01
2.409032e-01
2.399932e-01
2.389541e-01
2.377228e-01
2.362682e-01
2.345129e-01
2.324919e-01
2.300797e-01
2.272373e-01
2.238984e-01
2.199414e-01
2.151966e-01
2.095095e-01
2.026537e-01
1.943319e-01
1.841634e-01
1.715574e-01
1.557640e-01
1.361821e-01
6.227418e-02
6.250767e-02
1.067708e-01
1.419898e-01
1.698529e-01
1.916703e-01
2.086044e-01
2.215894e-01
2.311458e-01
2.379700e-01
2.416689e-01
2.433921e-01
2.419651e-01
2.371585e-01
2.302478e-01
2.137680e-01
1.852581e-01
1.193418e-01
4.960148e-02
7.339803e-03
8.251609e-02
2.266411e-01
2.504403e-01
2.503754e-01
2.502298e-01
2.499513e-01
2.495008e-01
2.491296e-01
2.487243e-01
2.482107e-01
2.475472e-01
2.466995e-01
2.457392e-01
2.446203e-01
2.432920e-01
2.417085e-01
2.398060e-01
2.376070e-01
2.349404e-01
2.318333e-01
2.281063e-01
2.237096e-01
2.184008e-01
2.119986e-01
2.042607e-01
1.948365e-01
1.832766e-01
1.688968e-01
1.509134e-01
1.228104e-01
4.251501e-02
7.919603e-02
1.220235e-01
1.560206e-01
1.828164e-01
2.037271e-01
2.198902e-01
2.322372e-01
2.412230e-01
2.474185e-01
2.506855e-01
2.518660e-01
2.497146e-01
2.446446e-01
2.365445e-01
2.193531e-01
1.881308e-01
1.202428e-01
5.102505e-02
6.462593e-03
7.924225e-02
2.203352e-01
2.444703e-01
2.440206e-01
2.434173e-01
2.426002e-01
2.414774e-01
2.402166e-01
2.387682e-01
2.369885e-01
2.347987e-01
2.320989e-01
2.288070e-01
2.248284e-01
2.200291e-01
2.142364e-01
2.070846e-01
1.983674e-01
1.876946e-01
1.745141e-01
1.582986e-01
1.382829e-01
1.135785e-01
8.312602e-02
4.567465e-02
5.814219e-02
1.242746e-01
2.011437e-01
2.820303e-01
2.874061e-01
2.897927e-01
2.915718e-01
2.925113e-01
2.928885e-01
2.929052e-01
2.924484e-01
2.915735e-01
2.903043e-01
2.885114e-01
2.862556e-01
2.830035e-01
2.790118e-01
2.738756e-01
2.661863e-01
2.576839e-01
2.434013e-01
2.182955e-01
1.658892e-01
1.050078e-01
3.729200e-02
6.992853e-02
1.958025e-01
2.178747e-01
2.180172e-01
2.181346e-01
2.181875e-01
2.181404e-01
2.182276e-01
2.183867e-01
2.185864e-01
2.188460e-01
2.191777e-01
2.195617e-01
2.201202e-01
2.209806e-01
2.220931e-01
2.233893e-01
2.250677e-01
2.271018e-01
2.294834e-01
2.323616e-01
2.358084e-01
2.399951e-01
2.450891e-01
2.513617e-01
2.591898e-01
2.688072e-01
2.804114e-01
2.824711e-01
2.842241e-01
1.952857e-01
1.153639e-01
4.820064e-02
5.842401e-02
9.537027e-02
1.247873e-01
1.480865e-01
1.663062e-01
1.804857e-01
1.910930e-01
1.987455e-01
2.037063e-01
2.060343e-01
2.051497e-01
2.031655e-01
1.912080e-01
1.677369e-01
1.469766e-01
1.093190e-01
5.294151e-02
6.206511e-02
1.683015e-01
1.863361e-01
1.867539e-01
1.872022e-01
1.876485e-01
1.881410e-01
1.888876e-01
1.898140e-01
1.909590e-01
1.923840e-01
1.941088e-01
1.962281e-01
1.989561e-01
2.024401e-01
2.065907e-01
2.116767e-01
2.178856e-01
2.253154e-01
2.342462e-01
2.449884e-01
2.578870e-01
2.733401e-01
2.917845e-01
3.137152e-01
3.394952e-01
3.694216e-01
4.035295e-01
4.040313e-01
3.617434e-01
2.743820e-01
1.936537e-01
1.225948e-01
6.212923e-02
3.049302e-02
6.388897e-02
9.074503e-02
1.122296e-01
1.291386e-01
1.425168e-01
1.523901e-01
1.600355e-01
1.642400e-01
1.671694e-01
1.672330e-01
1.590641e-01
1.514927e-01
1.380831e-01
1.019335e-01
4.422685e-02
5.714474e-02
1.538936e-01
1.698911e-01
1.698547e-01
1.697535e-01
1.695323e-01
1.692367e-01
1.689958e-01
1.687131e-01
1.683849e-01
1.680105e-01
1.675310e-01
1.669802e-01
1.664482e-01
1.659219e-01
1.651949e-01
1.643561e-01
1.633420e-01
1.620131e-01
1.603560e-01
1.582969e-01
1.557752e-01
1.526960e-01
1.489535e-01
1.444323e-01
1.389056e-01
1.321180e-01
1.237210e-01
1.118399e-01
6.032924e-02
1.828761e-02
4.712362e-02
7.054709e-02
8.952890e-02
1.048897e-01
1.172739e-01
1.271929e-01
1.350892e-01
1.411756e-01
1.458433e-01
1.489237e-01
1.510546e-01
1.510823e-01
1.510197e-01
1.483327e-01
1.393474e-01
1.323242e-01
1.187908e-01
8.578675e-02
3.505324e-02
5.699112e-02
1.530377e-01
1.689527e-01
1.688868e-01
1.687504e-01
1.684909e-01
1.681633e-01
1.678677e-01
1.675178e-01
1.671047e-01
1.666247e-01
1.660146e-01
1.653143e-01
1.646003e-01
1.638218e-01
1.627950e-01
1.615931e-01
1.601211e-01
1.582348e-01
1.559055e-01
1.530216e-01
1.494935e-01
1.451799e-01
1.399199e-01
1.335220e-01
1.256784e-01
1.160261e-01
1.041049e-01
8.370327e-02
3.706019e-02
3.305780e-02
5.869332e-02
7.950529e-02
9.637020e-02
1.100103e-01
1.210153e-01
1.298182e-01
1.368123e-01
1.421813e-01
1.462389e-01
1.488726e-01
1.505753e-01
1.502615e-01
1.501314e-01
1.468933e-01
1.376693e-01
1.311053e-01
1.169035e-01
8.412280e-02
3.450038e-02
5.725174e-02
1.531118e-01
1.689981e-01
1.689298e-01
1.687888e-01
1.685308e-01
1.682152e-01
1.679239e-01
1.675750e-01
1.671643e-01
1.666861e-01
1.660718e-01
1.653801e-01
1.646760e-01
1.638789e-01
1.628438e-01
1.616317e-01
1.601344e-01
1.582221e-01
1.558679e-01
1.529540e-01
1.493925e-01
1.450389e-01
1.397312e-01
1.332672e-01
1.253397e-01
1.155776e-01
1.035252e-01
7.879181e-02
3.300443e-02
3.573669e-02
6.085801e-02
8.125036e-02
9.777373e-02
1.111366e-01
1.219186e-01
1.305337e-01
1.373691e-01
1.426206e-01
1.465410e-01
1.491102e-01
1.506804e-01
1.502621e-01
1.501793e-01
1.465400e-01
1.371876e-01
1.309406e-01
1.161859e-01
8.328628e-02
3.439685e-02
5.756118e-02
1.532073e-01
1.690368e-01
1.689634e-01
1.688200e-01
1.685580e-01
1.682533e-01
1.679607e-01
1.676090e-01
1.671954e-01
1.667081e-01
1.660875e-01
1.653941e-01
1.646877e-01
1.638563e-01
1.627979e-01
1.615539e-01
1.600061e-01
1.580387e-01
1.556215e-01
1.526327e-01
1.489807e-01
1.445170e-01
1.390763e-01
1.324406e-01
1.242994e-01
1.142690e-01
1.018898e-01
7.282221e-02
2.808042e-02
3.898959e-02
6.348541e-02
8.336752e-02
9.947476e-02
1.124974e-01
1.230051e-01
1.313913e-01
1.380292e-01
1.431354e-01
1.468865e-01
1.493764e-01
1.507746e-01
1.502746e-01
1.501834e-01
1.461325e-01
1.366290e-01
1.306697e-01
1.153477e-01
8.227730e-02
3.412527e-02
5.783168e-02
1.532817e-01
1.690680e-01
1.689901e-01
1.688442e-01
1.685823e-01
1.682890e-01
1.679936e-01
1.676426e-01
1.672272e-01
1.667356e-01
1.661093e-01
1.654181e-01
1.647123e-01
1.638532e-01
1.627791e-01
1.615115e-01
1.599247e-01
1.579174e-01
1.554531e-01
1.524108e-01
1.486933e-01
1.441504e-01
1.386145e-01
1.318536e-01
1.235558e-01
1.133291e-01
1.007116e-01
6.748455e-02
2.368451e-02
4.188855e-02
6.582517e-02
8.525122e-02
1.009862e-01
1.137034e-01
1.239629e-01
1.321439e-01
1.385977e-01
1.435770e-01
1.471614e-01
1.495886e-01
1.507976e-01
1.502642e-01
1.500722e-01
1.456775e-01
1.361224e-01
1.303412e-01
1.144809e-01
8.124194e-02
3.376375e-02
5.808073e-02
1.533466e-01
1.690965e-01
1.690134e-01
1.688630e-01
1.686022e-01
1.683163e-01
1.680200e-01
1.676645e-01
1.672471e-01
1.667462e-01
1.661150e-01
1.654218e-01
1.647094e-01
1.638188e-01
1.627232e-01
1.614221e-01
1.597862e-01
1.577286e-01
1.552024e-01
1.520894e-01
1.482841e-01
1.436348e-01
1.379697e-01
1.310423e-01
1.225369e-01
1.120517e-01
9.912023e-02
6.187168e-02
1.906786e-02
4.493008e-02
6.827968e-02
8.722704e-02
1.025717e-01
1.149709e-01
1.249692e-01
1.329392e-01
1.391992e-01
1.440480e-01
1.474596e-01
1.498288e-01
1.508369e-01
1.502924e-01
1.499814e-01
1.452000e-01
1.356236e-01
1.299083e-01
1.135941e-01
8.025644e-02
3.350805e-02
5.831984e-02
1.534101e-01
1.691267e-01
1.690392e-01
1.688864e-01
1.686273e-01
1.683477e-01
1.680512e-01
1.676956e-01
1.672751e-01
1.667679e-01
1.661343e-01
1.654431e-01
1.647239e-01
1.638094e-01
1.626973e-01
1.613691e-01
1.596936e-01
1.575981e-01
1.550229e-01
1.518559e-01
1.479832e-01
1.432524e-01
1.374878e-01
1.304311e-01
1.217634e-01
1.110769e-01
9.790245e-02
5.675371e-02
1.963971e-02
4.769772e-02
7.051270e-02
8.902484e-02
1.040145e-01
1.161238e-01
1.258809e-01
1.336610e-01
1.397428e-01
1.444651e-01
1.477189e-01
1.500292e-01
1.508462e-01
1.503212e-01
1.498108e-01
1.446894e-01
1.352560e-01
1.294651e-01
1.126799e-01
7.935087e-02
3.329268e-02
5.854977e-02
1.534723e-01
1.691591e-01
1.690666e-01
1.689144e-01
1.686515e-01
1.683788e-01
1.680796e-01
1.677216e-01
1.672965e-01
1.667800e-01
1.661417e-01
1.654478e-01
1.647152e-01
1.637726e-01
1.626375e-01
1.612725e-01
1.595477e-01
1.574029e-01
1.547638e-01
1.515242e-01
1.475613e-01
1.427206e-01
1.368209e-01
1.295920e-01
1.207089e-01
1.097568e-01
9.626005e-02
5.137897e-02
2.322205e-02
5.059748e-02
7.285181e-02
9.090704e-02
1.055243e-01
1.173293e-01
1.268330e-01
1.344129e-01
1.403130e-01
1.448928e-01
1.479946e-01
1.502254e-01
1.508415e-01
1.503846e-01
1.496300e-01
1.441384e-01
1.348444e-01
1.290351e-01
1.117164e-01
7.838065e-02
3.305976e-02
5.871756e-02
1.535073e-01
1.691929e-01
1.690955e-01
1.689387e-01
1.686816e-01
1.684117e-01
1.681086e-01
1.677460e-01
1.673184e-01
1.667905e-01
1.661466e-01
1.654492e-01
1.646987e-01
1.637288e-01
1.625681e-01
1.611625e-01
1.593871e-01
1.571895e-01
1.544826e-01
1.511650e-01
1.471059e-01
1.421476e-01
1.361019e-01
1.286882e-01
1.195742e-01
1.083389e-01
9.385759e-02
4.604964e-02
2.677157e-02
5.347180e-02
7.517220e-02
9.277635e-02
1.070263e-01
1.185321e-01
1.277846e-01
1.351672e-01
1.408918e-01
1.453234e-01
1.482893e-01
1.504260e-01
1.508496e-01
1.504621e-01
1.494339e-01
1.435714e-01
1.345834e-01
1.285173e-01
1.107424e-01
7.740144e-02
3.287147e-02
5.889764e-02
1.535466e-01
1.692214e-01
1.691218e-01
1.689589e-01
1.687027e-01
1.684376e-01
1.681337e-01
1.677680e-01
1.673368e-01
1.667996e-01
1.661520e-01
1.654537e-01
1.646846e-01
1.636912e-01
1.625079e-01
1.610652e-01
1.592444e-01
1.569995e-01
1.542328e-01
1.508457e-01
1.467015e-01
1.416388e-01
1.354615e-01
1.278827e-01
1.185617e-01
1.070735e-01
8.829114e-02
4.101722e-02
3.011300e-02
5.617481e-02
7.735240e-02
9.453102e-02
1.084352e-01
1.196601e-01
1.286780e-01
1.358701e-01
1.414353e-01
1.457199e-01
1.485692e-01
1.506012e-01
1.508437e-01
1.505763e-01
1.492352e-01
1.430230e-01
1.343643e-01
1.280366e-01
1.099303e-01
7.644272e-02
3.271833e-02
5.913086e-02
1.536065e-01
1.692409e-01
1.691387e-01
1.689753e-01
1.687256e-01
1.684607e-01
1.681567e-01
1.677917e-01
1.673566e-01
1.668140e-01
1.661695e-01
1.654728e-01
1.646885e-01
1.636817e-01
1.624838e-01
1.610142e-01
1.591635e-01
1.568877e-01
1.540822e-01
1.506504e-01
1.464524e-01
1.413235e-01
1.350604e-01
1.273742e-01
1.179174e-01
1.062649e-01
8.285913e-02
3.652290e-02
3.309346e-02
5.858542e-02
7.929617e-02
9.609381e-02
1.096890e-01
1.206609e-01
1.294656e-01
1.364807e-01
1.419025e-01
1.460417e-01
1.487918e-01
1.506960e-01
1.507787e-01
1.506332e-01
1.489748e-01
1.423240e-01
1.340822e-01
1.274633e-01
1.088934e-01
7.554640e-02
3.243469e-02
5.942826e-02
1.536915e-01
1.692494e-01
1.691402e-01
1.689742e-01
1.687172e-01
1.684547e-01
1.681414e-01
1.677648e-01
1.673178e-01
1.667535e-01
1.660919e-01
1.653757e-01
1.645481e-01
1.634961e-01
1.622428e-01
1.606978e-01
1.587585e-01
1.563775e-01
1.534445e-01
1.498576e-01
1.454692e-01
1.401077e-01
1.335535e-01
1.255072e-01
1.156043e-01
1.034048e-01
7.536746e-02
3.033362e-02
3.719615e-02
6.190251e-02
8.197020e-02
9.824279e-02
1.114106e-01
1.220330e-01
1.305467e-01
1.373164e-01
1.425435e-01
1.464856e-01
1.491071e-01
1.508361e-01
1.507370e-01
1.506880e-01
1.486287e-01
1.416394e-01
1.338644e-01
1.268280e-01
1.076680e-01
7.453050e-02
3.197254e-02
5.998711e-02
1.538958e-01
1.692425e-01
1.691319e-01
1.689665e-01
1.687227e-01
1.684608e-01
1.681545e-01
1.677824e-01
1.673384e-01
1.667801e-01
1.661300e-01
1.654291e-01
1.645983e-01
1.635540e-01
1.623086e-01
1.607659e-01
1.588342e-01
1.564649e-01
1.535483e-01
1.499815e-01
1.456191e-01
1.402911e-01
1.337732e-01
1.257702e-01
1.159188e-01
1.037848e-01
7.147752e-02
2.712814e-02
3.930999e-02
6.360676e-02
8.333866e-02
9.933514e-02
1.122755e-01
1.227113e-01
1.310607e-01
1.376845e-01
1.428046e-01
1.466055e-01
1.491590e-01
1.507509e-01
1.505127e-01
1.505259e-01
1.481442e-01
1.406767e-01
1.333639e-01
1.259773e-01
1.063275e-01
7.330238e-02
3.127916e-02
6.094702e-02
1.542877e-01
1.692046e-01
1.690587e-01
1.688593e-01
1.685855e-01
1.682776e-01
1.679042e-01
1.674502e-01
1.669055e-01
1.662173e-01
1.654142e-01
1.645234e-01
1.634446e-01
1.621081e-01
1.605077e-01
1.585250e-01
1.560552e-01
1.530272e-01
1.493019e-01
1.447448e-01
1.391697e-01
1.323602e-01
1.240232e-01
1.137780e-01
1.011477e-01
8.557157e-02
4.996096e-02
2.372494e-02
5.078430e-02
7.279200e-02
9.065765e-02
1.051371e-01
1.168447e-01
1.262819e-01
1.338160e-01
1.397607e-01
1.443408e-01
1.476546e-01
1.498409e-01
1.510736e-01
1.505073e-01
1.503419e-01
1.474741e-01
1.395764e-01
1.324620e-01
1.245378e-01
1.044259e-01
7.112744e-02
2.923518e-02
6.167164e-02
1.545817e-01
1.691513e-01
1.689661e-01
1.687447e-01
1.684480e-01
1.680919e-01
1.676532e-01
1.671214e-01
1.664662e-01
1.656493e-01
1.646819e-01
1.635798e-01
1.622313e-01
1.605750e-01
1.585833e-01
1.561213e-01
1.530644e-01
1.493185e-01
1.447120e-01
1.390753e-01
1.321796e-01
1.237582e-01
1.134434e-01
1.007627e-01
8.511680e-02
6.580801e-02
2.917797e-02
3.736388e-02
6.172493e-02
8.152542e-02
9.759615e-02
1.106192e-01
1.211454e-01
1.296249e-01
1.363805e-01
1.416757e-01
1.457363e-01
1.485884e-01
1.504150e-01
1.512938e-01
1.504529e-01
1.499307e-01
1.463363e-01
1.377578e-01
1.304866e-01
1.218221e-01
1.008913e-01
6.712094e-02
2.583120e-02
6.224912e-02
1.548179e-01
1.690878e-01
1.688592e-01
1.685871e-01
1.682549e-01
1.678477e-01
1.673415e-01
1.667140e-01
1.659443e-01
1.649776e-01
1.638200e-01
1.624641e-01
1.607995e-01
1.587602e-01
1.562984e-01
1.532617e-01
1.495032e-01
1.448977e-01
1.392375e-01
1.323078e-01
1.238289e-01
1.134708e-01
1.007801e-01
8.517942e-02
6.593487e-02
4.219224e-02
2.575567e-02
5.211260e-02
7.355797e-02
9.098158e-02
1.051229e-01
1.165810e-01
1.258381e-01
1.332913e-01
1.392085e-01
1.438145e-01
1.473111e-01
1.496764e-01
1.511110e-01
1.515984e-01
1.504460e-01
1.492354e-01
1.447162e-01
1.352204e-01
1.269782e-01
1.174895e-01
9.548323e-02
6.126308e-02
2.063426e-02
6.272704e-02
1.550146e-01
1.689992e-01
1.687131e-01
1.683921e-01
1.680005e-01
1.674846e-01
1.668606e-01
1.661188e-01
1.651986e-01
1.640483e-01
1.626410e-01
1.609548e-01
1.588829e-01
1.563424e-01
1.532611e-01
1.494680e-01
1.447832e-01
1.390428e-01
1.319864e-01
1.233420e-01
1.127585e-01
9.981856e-02
8.396232e-02
6.448121e-02
4.048291e-02
2.163656e-02
4.856432e-02
7.048841e-02
8.831318e-02
1.027939e-01
1.145484e-01
1.240721e-01
1.317642e-01
1.379455e-01
1.428281e-01
1.465881e-01
1.493851e-01
1.511738e-01
1.520931e-01
1.521214e-01
1.506060e-01
1.483967e-01
1.427043e-01
1.319343e-01
1.219870e-01
1.114262e-01
8.814268e-02
5.366237e-02
1.382793e-02
6.313504e-02
1.551833e-01
1.688157e-01
1.684656e-01
1.681007e-01
1.676708e-01
1.670730e-01
1.663291e-01
1.654112e-01
1.642787e-01
1.629329e-01
1.612575e-01
1.592128e-01
1.566976e-01
1.536048e-01
1.498339e-01
1.451980e-01
1.394758e-01
1.324612e-01
1.238344e-01
1.132580e-01
1.002999e-01
8.444475e-02
6.504763e-02
4.121644e-02
2.410205e-02
5.296372e-02
7.385578e-02
9.084911e-02
1.046650e-01
1.158940e-01
1.250129e-01
1.324002e-01
1.383641e-01
1.431395e-01
1.468772e-01
1.497107e-01
1.517357e-01
1.528970e-01
1.532561e-01
1.527580e-01
1.509517e-01
1.475143e-01
1.403147e-01
1.279287e-01
1.153076e-01
1.035834e-01
7.872897e-02
4.422817e-02
5.677953e-03
6.349207e-02
1.553316e-01
1.684899e-01
1.680513e-01
1.676272e-01
1.671569e-01
1.664485e-01
1.655679e-01
1.644797e-01
1.631381e-01
1.614683e-01
1.594183e-01
1.569364e-01
1.538780e-01
1.501047e-01
1.454771e-01
1.397864e-01
1.327623e-01
1.241422e-01
1.135300e-01
1.005096e-01
8.453995e-02
6.499648e-02
4.110005e-02
2.421426e-02
6.779775e-02
9.421860e-02
1.071564e-01
1.176901e-01
1.262672e-01
1.332477e-01
1.389203e-01
1.435096e-01
1.472067e-01
1.501374e-01
1.523748e-01
1.539943e-01
1.550114e-01
1.553617e-01
1.550392e-01
1.538074e-01
1.518095e-01
1.469193e-01
1.378298e-01
1.233627e-01
1.072046e-01
9.329281e-02
6.756254e-02
3.306100e-02
1.365746e-02
6.379785e-02
1.554584e-01
1.679706e-01
1.676451e-01
1.674125e-01
1.672255e-01
1.667872e-01
1.662274e-01
1.655371e-01
1.646911e-01
1.636205e-01
1.622406e-01
1.605320e-01
1.584704e-01
1.559250e-01
1.527784e-01
1.488957e-01
1.440838e-01
1.381820e-01
1.309138e-01
1.220164e-01
1.111376e-01
9.789224e-02
8.174737e-02
6.196747e-02
3.765918e-02
2.475887e-02
5.127254e-02
7.286219e-02
9.041758e-02
1.046840e-01
1.162698e-01
1.256629e-01
1.332531e-01
1.393553e-01
1.441734e-01
1.478951e-01
1.506192e-01
1.523543e-01
1.531654e-01
1.528180e-01
1.516246e-01
1.468864e-01
1.363899e-01
1.200282e-01
9.962260e-02
8.245089e-02
5.508913e-02
2.147749e-02
2.432028e-02
6.403755e-02
1.555571e-01
1.673965e-01
1.675290e-01
1.679026e-01
1.685156e-01
1.689641e-01
1.694874e-01
1.701296e-01
1.709213e-01
1.718486e-01
1.728567e-01
1.740403e-01
1.754752e-01
1.772131e-01
1.792734e-01
1.817332e-01
1.846756e-01
1.882433e-01
1.925669e-01
1.978494e-01
2.043736e-01
2.123865e-01
2.222086e-01
2.341593e-01
2.485819e-01
2.486623e-01
1.974236e-01
1.316784e-01
7.558333e-02
2.873074e-02
4.144651e-02
6.710353e-02
8.788981e-02
1.046810e-01
1.181565e-01
1.288985e-01
1.373176e-01
1.436791e-01
1.482537e-01
1.509078e-01
1.522869e-01
1.504544e-01
1.406891e-01
1.210252e-01
9.717277e-02
7.495099e-02
4.619559e-02
1.195744e-02
3.299249e-02
6.422758e-02
1.556356e-01
1.666218e-01
1.668305e-01
1.673879e-01
1.682087e-01
1.688402e-01
1.695913e-01
1.705372e-01
1.717252e-01
1.730638e-01
1.745480e-01
1.762936e-01
1.783811e-01
1.809000e-01
1.838940e-01
1.874633e-01
1.917521e-01
1.969313e-01
2.032179e-01
2.108927e-01
2.202804e-01
2.317422e-01
2.456745e-01
2.624811e-01
2.779476e-01
2.780080e-01
2.055019e-01
1.394512e-01
8.294268e-02
3.564752e-02
3.533476e-02
6.131927e-02
8.237815e-02
9.939045e-02
1.130441e-01
1.239033e-01
1.324422e-01
1.388408e-01
1.435269e-01
1.461924e-01
1.477168e-01
1.461083e-01
1.376221e-01
1.189510e-01
9.460300e-02
6.843577e-02
3.997239e-02
5.298616e-03
4.057007e-02
6.437986e-02
1.556986e-01
1.658058e-01
1.661085e-01
1.668874e-01
1.679263e-01
1.687470e-01
1.697702e-01
1.710768e-01
1.727124e-01
1.745073e-01
1.765438e-01
1.789526e-01
1.818188e-01
1.852340e-01
1.893066e-01
1.941604e-01
2.000056e-01
2.070433e-01
2.155922e-01
2.259786e-01
2.385916e-01
2.538960e-01
2.723351e-01
2.943322e-01
2.945044e-01
2.901891e-01
2.150154e-01
1.483487e-01
9.112157e-02
4.310742e-02
2.911728e-02
5.559158e-02
7.705183e-02
9.438390e-02
1.083045e-01
1.193393e-01
1.280399e-01
1.344931e-01
1.392944e-01
1.419095e-01
1.435426e-01
1.423796e-01
1.335340e-01
1.157357e-01
9.098123e-02
6.277552e-02
3.255502e-02
1.059788e-02
4.780387e-02
6.450282e-02
1.557496e-01
1.650177e-01
1.654720e-01
1.664972e-01
1.677909e-01
1.688785e-01
1.702623e-01
1.720337e-01
1.742378e-01
1.766307e-01
1.793999e-01
1.826894e-01
1.865894e-01
1.912175e-01
1.967384e-01
2.033289e-01
2.112568e-01
2.207904e-01
2.323426e-01
2.462807e-01
2.630847e-01
2.832680e-01
3.072887e-01
3.355177e-01
3.356492e-01
3.078390e-01
2.315690e-01
1.633762e-01
1.044716e-01
5.483098e-02
2.012743e-02
4.766481e-02
6.999730e-02
8.802611e-02
1.025200e-01
1.139816e-01
1.230245e-01
1.296991e-01
1.347187e-01
1.372854e-01
1.391876e-01
1.381123e-01
1.290607e-01
1.098516e-01
8.471096e-02
5.496279e-02
2.324023e-02
2.217717e-02
5.509286e-02
6.460276e-02
1.557910e-01
1.641936e-01
1.647111e-01
1.659218e-01
1.672698e-01
1.684842e-01
1.700433e-01
1.720489e-01
1.745201e-01
1.771445e-01
1.802197e-01
1.838728e-01
1.881666e-01
1.932379e-01
1.992734e-01
2.064711e-01
2.151222e-01
2.255264e-01
2.380994e-01
2.532581e-01
2.715000e-01
2.933430e-01
3.192357e-01
3.494876e-01
3.495927e-01
2.976308e-01
2.227407e-01
1.561449e-01
9.883553e-02
5.065490e-02
2.197869e-02
4.863650e-02
7.025137e-02
8.767784e-02
1.016751e-01
1.127142e-01
1.213727e-01
1.277206e-01
1.324345e-01
1.345198e-01
1.365037e-01
1.348359e-01
1.245752e-01
1.033837e-01
7.736366e-02
4.613548e-02
1.253160e-02
3.252009e-02
6.158048e-02
6.468413e-02
1.558248e-01
1.634561e-01
1.640595e-01
1.654640e-01
1.669693e-01
1.683329e-01
1.701381e-01
1.724789e-01
1.752830e-01
1.782738e-01
1.818024e-01
1.859958e-01
1.908993e-01
1.966785e-01
2.035480e-01
2.117391e-01
2.215682e-01
2.333945e-01
2.476224e-01
2.647417e-01
2.852607e-01
3.096890e-01
3.384421e-01
3.713043e-01
3.714089e-01
2.978820e-01
2.230817e-01
1.565630e-01
9.931650e-02
5.118673e-02
2.137975e-02
4.800546e-02
6.959415e-02
8.698304e-02
1.009228e-01
1.119288e-01
1.204694e-01
1.267621e-01
1.313206e-01
1.330804e-01
1.353233e-01
1.328983e-01
1.209544e-01
9.805017e-02
7.029300e-02
3.762715e-02
6.087674e-03
4.113159e-02
6.700601e-02
6.475052e-02
1.558524e-01
1.627493e-01
1.633840e-01
1.649309e-01
1.664291e-01
1.678844e-01
1.698138e-01
1.723321e-01
1.752593e-01
1.783937e-01
1.821040e-01
1.864997e-01
1.915970e-01
1.975940e-01
2.047083e-01
2.131857e-01
2.233470e-01
2.355735e-01
2.502697e-01
2.679484e-01
2.891306e-01
3.143208e-01
3.438952e-01
3.652055e-01
3.653156e-01
2.855659e-01
2.121008e-01
1.471575e-01
9.150654e-02
4.485114e-02
2.533335e-02
5.104842e-02
7.188381e-02
8.865495e-02
1.020536e-01
1.126522e-01
1.207433e-01
1.267810e-01
1.309135e-01
1.322768e-01
1.345873e-01
1.310630e-01
1.175661e-01
9.299696e-02
6.370153e-02
2.992490e-02
1.410733e-02
4.821195e-02
7.145416e-02
6.480476e-02
1.558750e-01
1.620486e-01
1.626270e-01
1.641778e-01
1.655749e-01
1.669305e-01
1.687354e-01
1.711758e-01
1.738956e-01
1.767946e-01
1.802262e-01
1.842522e-01
1.888710e-01
1.942640e-01
2.006403e-01
2.082274e-01
2.173107e-01
2.282611e-01
2.414566e-01
2.573950e-01
2.766061e-01
2.996057e-01
3.267952e-01
3.311450e-01
3.312394e-01
2.541122e-01
1.843822e-01
1.236164e-01
7.206575e-02
2.913348e-02
3.513541e-02
5.861368e-02
7.761388e-02
9.289080e-02
1.050425e-01
1.146529e-01
1.218487e-01
1.272378e-01
1.306525e-01
1.314665e-01
1.334639e-01
1.289167e-01
1.138948e-01
8.821038e-02
5.768135e-02
2.321799e-02
2.077650e-02
5.384213e-02
7.506392e-02
6.484919e-02
1.558935e-01
1.615968e-01
1.623395e-01
1.640734e-01
1.656410e-01
1.672466e-01
1.694382e-01
1.722868e-01
1.754470e-01
1.789090e-01
1.830036e-01
1.878079e-01
1.933537e-01
1.998502e-01
2.075314e-01
2.166823e-01
2.276356e-01
2.407985e-01
2.566074e-01
2.755838e-01
2.982822e-01
3.251790e-01
3.565716e-01
3.567772e-01
3.511364e-01
2.724200e-01
2.004892e-01
1.372941e-01
8.337504e-02
3.830566e-02
2.934569e-02
5.408821e-02
7.410783e-02
9.023042e-02
1.030178e-01
1.131624e-01
1.207085e-01
1.264783e-01
1.299757e-01
1.309720e-01
1.331376e-01
1.279382e-01
1.116461e-01
8.492379e-02
5.298583e-02
1.776471e-02
2.584961e-02
5.821584e-02
7.798518e-02
6.490855e-02
1.559188e-01
1.611634e-01
1.619456e-01
1.637866e-01
1.654406e-01
1.671677e-01
1.694798e-01
1.725534e-01
1.758720e-01
1.795571e-01
1.839346e-01
1.890523e-01
1.949409e-01
2.018462e-01
2.100131e-01
2.197363e-01
2.313641e-01
2.453331e-01
2.620860e-01
2.821623e-01
3.061070e-01
3.343810e-01
3.672341e-01
3.674198e-01
3.473324e-01
2.686413e-01
1.968649e-01
1.339009e-01
8.024754e-02
3.544302e-02
3.175990e-02
5.631741e-02
7.617515e-02
9.215591e-02
1.048130e-01
1.148479e-01
1.222458e-01
1.279650e-01
1.312216e-01
1.321781e-01
1.342560e-01
1.283690e-01
1.104837e-01
8.254570e-02
4.953423e-02
1.377028e-02
3.213543e-02
6.380342e-02
8.199978e-02
1.389660e-03
8.140414e-04
4.344454e-01
6.498857e-01
7.462681e-01
7.913506e-01
8.153186e-01
8.344857e-01
8.561586e-01
8.731585e-01
8.884235e-01
9.064970e-01
9.266452e-01
9.456394e-01
9.632914e-01
9.815712e-01
9.928679e-01
9.796277e-01
9.631512e-01
9.469347e-01
9.324291e-01
9.213494e-01
9.162154e-01
9.239800e-01
9.515876e-01
9.729491e-01
9.847754e-01
9.932673e-01
9.906107e-01
9.864438e-01
9.827242e-01
9.762705e-01
9.687673e-01
9.599156e-01
9.505729e-01
9.384146e-01
9.264890e-01
9.095638e-01
8.953745e-01
8.728353e-01
8.481474e-01
8.347866e-01
7.870302e-01
7.120839e-01
5.713657e-01
4.394361e-01
3.522375e-01
2.194877e-01
2.685611e-01
3.301425e-01
1.380874e-02
8.081932e-03
6.931136e-03
6.540121e-03
5.693474e-03
5.043683e-03
4.374844e-03
3.556410e-03
2.649838e-03
1.966922e-03
1.451549e-03
1.126156e-03
1.173943e-03
1.355953e-03
1.481477e-03
1.121358e-03
3.339899e-04
3.253312e-03
8.416239e-03
1.301992e-02
1.664865e-02
1.731320e-02
1.856642e-02
1.674462e-02
1.520691e-02
1.888824e-02
2.196087e-02
2.259725e-02
1.716991e-02
7.088187e-03
3.514931e-03
1.309189e-02
2.142942e-02
2.918966e-02
3.672829e-02
4.418525e-02
5.182546e-02
5.964123e-02
6.772077e-02
7.611567e-02
8.503544e-02
9.395014e-02
1.040471e-01
1.125574e-01
1.087929e-01
9.275045e-02
8.327828e-02
6.743654e-02
4.679361e-02
2.242445e-02
3.819729e-02
2.137703e-02
2.177848e-02
2.069438e-02
1.824292e-02
1.640612e-02
1.455054e-02
1.223423e-02
9.565993e-03
7.535547e-03
5.963562e-03
4.871506e-03
4.843964e-03
5.303232e-03
5.719653e-03
4.920580e-03
2.291327e-03
7.412087e-03
2.005948e-02
2.197990e-02
1.735622e-02
1.949974e-02
2.229625e-02
1.937401e-02
1.856600e-02
3.008022e-02
3.827646e-02
4.113518e-02
3.216363e-02
1.415574e-02
5.059895e-03
2.202221e-02
3.653078e-02
4.976262e-02
6.248774e-02
7.464296e-02
8.711889e-02
9.919387e-02
1.120401e-01
1.242880e-01
1.371191e-01
1.512609e-01
1.631106e-01
1.691279e-01
1.477535e-01
2.111396e-01
2.135954e-01
1.805360e-01
1.298180e-01
6.466727e-02
7.037324e-02
3.477490e-02
4.109125e-02
3.912842e-02
3.467441e-02
3.134742e-02
2.800477e-02
2.380426e-02
1.890300e-02
1.515106e-02
1.222580e-02
1.020098e-02
1.031993e-02
1.160868e-02
1.314366e-02
1.286124e-02
9.956131e-03
6.888114e-03
2.392699e-02
2.465528e-02
1.791147e-02
2.142136e-02
2.553251e-02
2.167168e-02
2.136305e-02
3.948897e-02
5.199974e-02
5.673524e-02
4.480026e-02
2.009790e-02
6.424241e-03
2.963831e-02
4.933059e-02
6.710319e-02
8.406476e-02
9.997110e-02
1.162178e-01
1.314752e-01
1.477909e-01
1.626119e-01
1.778834e-01
1.953431e-01
2.075073e-01
2.107356e-01
1.767481e-01
2.858513e-01
3.276565e-01
3.089219e-01
2.391462e-01
1.231062e-01
1.230265e-01
4.808877e-02
7.404665e-02
7.076027e-02
6.320883e-02
5.756746e-02
5.190677e-02
4.469065e-02
3.610476e-02
2.945197e-02
2.421697e-02
2.067125e-02
2.143524e-02
2.486121e-02
2.916662e-02
3.052307e-02
2.794755e-02
1.897200e-02
1.544287e-02
1.902563e-02
1.825213e-02
2.288911e-02
2.796523e-02
2.341462e-02
2.332993e-02
4.622981e-02
6.183915e-02
6.792878e-02
5.389616e-02
2.436207e-02
7.479334e-03
3.522608e-02
5.862209e-02
7.956454e-02
9.939389e-02
1.177267e-01
1.362970e-01
1.533395e-01
1.714887e-01
1.873783e-01
2.034487e-01
2.221076e-01
2.333434e-01
2.339924e-01
1.933241e-01
2.651838e-01
3.602689e-01
4.346659e-01
4.133513e-01
2.310238e-01
2.359484e-01
5.856260e-02
1.601371e-01
1.561725e-01
1.438014e-01
1.351420e-01
1.264591e-01
1.138527e-01
9.669018e-02
8.248247e-02
7.054912e-02
6.206524e-02
6.393776e-02
7.062000e-02
7.493185e-02
7.007644e-02
6.036955e-02
4.666050e-02
3.092635e-02
2.347566e-02
1.834659e-02
2.376625e-02
2.936733e-02
2.444036e-02
2.428458e-02
4.968138e-02
6.688779e-02
7.368161e-02
5.860681e-02
2.655116e-02
8.126988e-03
3.826738e-02
6.354944e-02
8.601120e-02
1.071009e-01
1.263566e-01
1.456614e-01
1.630362e-01
1.813731e-01
1.969476e-01
2.124014e-01
2.304278e-01
2.400484e-01
2.388614e-01
1.971721e-01
1.606541e-01
1.846292e-01
3.654391e-01
7.112508e-01
5.466016e-01
SCALARS scaled_jacobian double 1
LOOKUP_TABLE default
9.907324e-01
9.202131e-01
9.019042e-01
9.018884e-01
9.019164e-01
9.020182e-01
9.022449e-01
9.026729e-01
9.030450e-01
9.033241e-01
9.036842e-01
9.041522e-01
9.047608e-01
9.055352e-01
9.063441e-01
9.072690e-01
9.083355e-01
9.095810e-01
9.110395e-01
9.126468e-01
9.145655e-01
9.166969e-01
9.191834e-01
9.219936e-01
9.252885e-01
9.291258e-01
9.335862e-01
9.388019e-01
9.449161e-01
9.521682e-01
9.606854e-01
9.764644e-01
9.967441e-01
9.917994e-01
9.798654e-01
9.668181e-01
9.544332e-01
9.435868e-01
9.345891e-01
9.274631e-01
9.222509e-01
9.190972e-01
9.177462e-01
9.184954e-01
9.224082e-01
9.280099e-01
9.409565e-01
9.658723e-01
9.952628e-01
9.998093e-01
9.861718e-01
8.910530e-01
8.672614e-01
8.672562e-01
8.673063e-01
8.674512e-01
8.677548e-01
8.682872e-01
8.686938e-01
8.690609e-01
8.695308e-01
8.701399e-01
8.709346e-01
8.719096e-01
8.729389e-01
8.741411e-01
8.755286e-01
8.771796e-01
8.790868e-01
8.812245e-01
8.837995e-01
8.866520e-01
8.900441e-01
8.939015e-01
8.984545e-01
9.038065e-01
9.100932e-01
9.175049e-01
9.262723e-01
9.367456e-01
9.489161e-01
9.775379e-01
9.972231e-01
9.842898e-01
9.669259e-01
9.491035e-01
9.328739e-01
9.190930e-01
9.079565e-01
8.994281e-01
8.933136e-01
8.901504e-01
8.890587e-01
8.910313e-01
8.968039e-01
9.052638e-01
9.231809e-01
9.576261e-01
9.941143e-01
9.998034e-01
9.888690e-01
9.118376e-01
8.926227e-01
8.926230e-01
8.926719e-01
8.928063e-01
8.930792e-01
8.935290e-01
8.938303e-01
8.941471e-01
8.945520e-01
8.950791e-01
8.957678e-01
8.965647e-01
8.974312e-01
8.984434e-01
8.996145e-01
9.010150e-01
9.026065e-01
9.044206e-01
9.065811e-01
9.089858e-01
9.118276e-01
9.151008e-01
9.189293e-01
9.234233e-01
9.286953e-01
9.348871e-01
9.421955e-01
9.508803e-01
9.608130e-01
9.879486e-01
9.963025e-01
9.852518e-01
9.714388e-01
9.575089e-01
9.448704e-01
9.341077e-01
9.253706e-01
9.187028e-01
9.138798e-01
9.114847e-01
9.106592e-01
9.125041e-01
9.169807e-01
9.244774e-01
9.390886e-01
9.681677e-01
9.955058e-01
9.998692e-01
9.880367e-01
9.078713e-01
8.880583e-01
8.880702e-01
8.881362e-01
8.882917e-01
8.886009e-01
8.890441e-01
8.893468e-01
8.896946e-01
8.901405e-01
8.907187e-01
8.914692e-01
8.923030e-01
8.932463e-01
8.943500e-01
8.956377e-01
8.971770e-01
8.989187e-01
9.009620e-01
9.033419e-01
9.060687e-01
9.092506e-01
9.129831e-01
9.173505e-01
9.224797e-01
9.284666e-01
9.355078e-01
9.438642e-01
9.536662e-01
9.659642e-01
9.935182e-01
9.929818e-01
9.800102e-01
9.652430e-01
9.509530e-01
9.382922e-01
9.276803e-01
9.191644e-01
9.128116e-01
9.083900e-01
9.063594e-01
9.059842e-01
9.085410e-01
9.132167e-01
9.222103e-01
9.379108e-01
9.690905e-01
9.956120e-01
9.998869e-01
9.906600e-01
9.261076e-01
9.097942e-01
9.098096e-01
9.098773e-01
9.100289e-01
9.103283e-01
9.106592e-01
9.109055e-01
9.112159e-01
9.116153e-01
9.121328e-01
9.127796e-01
9.134761e-01
9.142893e-01
9.152354e-01
9.163601e-01
9.176744e-01
9.191582e-01
9.209469e-01
9.229504e-01
9.253319e-01
9.280538e-01
9.312649e-01
9.350311e-01
9.394372e-01
9.445974e-01
9.506404e-01
9.577521e-01
9.659238e-01
9.806078e-01
9.978648e-01
9.909522e-01
9.791475e-01
9.664107e-01
9.543774e-01
9.438193e-01
9.350047e-01
9.279655e-01
9.226785e-01
9.193292e-01
9.175734e-01
9.176247e-01
9.203923e-01
9.240742e-01
9.333435e-01
9.474093e-01
9.751595e-01
9.962184e-01
9.999030e-01
9.929132e-01
9.437935e-01
9.314188e-01
9.314323e-01
9.314874e-01
9.316143e-01
9.318551e-01
9.320947e-01
9.322863e-01
9.325307e-01
9.328467e-01
9.332575e-01
9.337546e-01
9.342928e-01
9.349235e-01
9.356577e-01
9.365348e-01
9.375459e-01
9.386974e-01
9.400779e-01
9.416221e-01
9.434539e-01
9.455578e-01
9.480240e-01
9.509115e-01
9.542833e-01
9.582182e-01
9.628180e-01
9.682135e-01
9.743554e-01
9.889041e-01
9.981716e-01
9.907939e-01
9.808910e-01
9.705048e-01
9.607894e-01
9.522876e-01
9.451867e-01
9.395408e-01
9.352475e-01
9.326425e-01
9.312128e-01
9.314008e-01
9.338007e-01
9.368585e-01
9.449144e-01
9.571523e-01
9.807519e-01
9.968414e-01
9.999118e-01
9.929495e-01
9.449359e-01
9.328453e-01
9.328701e-01
9.329373e-01
9.330767e-01
9.333287e-01
9.335571e-01
9.337670e-01
9.340336e-01
9.343746e-01
9.348179e-01
9.353384e-01
9.359177e-01
9.366009e-01
9.374009e-01
9.383600e-01
9.394636e-01
9.407461e-01
9.422676e-01
9.440010e-01
9.460447e-01
9.484273e-01
9.512107e-01
9.544688e-01
9.582680e-01
9.626791e-01
9.677900e-01
9.736671e-01
9.801522e-01
9.945017e-01
9.961518e-01
9.878083e-01
9.778264e-01
9.678332e-01
9.587108e-01
9.508414e-01
9.443461e-01
9.392636e-01
9.354464e-01
9.332724e-01
9.321637e-01
9.326876e-01
9.352451e-01
9.385317e-01
9.466646e-01
9.592044e-01
9.822828e-01
9.969980e-01
9.999210e-01
9.921029e-01
9.401891e-01
9.272088e-01
9.272366e-01
9.273111e-01
9.274597e-01
9.277204e-01
9.279375e-01
9.281557e-01
9.284339e-01
9.287902e-01
9.292533e-01
9.297804e-01
9.303800e-01
9.310873e-01
9.319184e-01
9.329148e-01
9.340533e-01
9.353998e-01
9.369692e-01
9.387889e-01
9.409120e-01
9.434098e-01
9.463346e-01
9.497601e-01
9.537701e-01
9.584486e-01
9.639090e-01
9.702165e-01
9.772074e-01
9.952194e-01
9.951835e-01
9.859688e-01
9.752302e-01
9.646184e-01
9.550183e-01
9.467932e-01
9.400322e-01
9.348063e-01
9.309456e-01
9.288082e-01
9.278018e-01
9.286357e-01
9.314103e-01
9.353064e-01
9.441516e-01
9.579566e-01
9.824805e-01
9.969663e-01
9.999335e-01
9.916116e-01
9.372960e-01
9.236146e-01
9.236537e-01
9.237413e-01
9.239088e-01
9.241793e-01
9.244019e-01
9.246445e-01
9.249515e-01
9.253471e-01
9.258511e-01
9.264200e-01
9.270803e-01
9.278605e-01
9.287852e-01
9.298886e-01
9.311537e-01
9.326728e-01
9.344223e-01
9.364913e-01
9.388910e-01
9.417287e-01
9.450638e-01
9.489671e-01
9.535316e-01
9.588451e-01
9.650132e-01
9.720340e-01
9.814505e-01
9.977709e-01
9.922722e-01
9.816867e-01
9.701188e-01
9.590501e-01
9.492311e-01
9.409392e-01
9.341961e-01
9.290676e-01
9.254237e-01
9.234670e-01
9.227539e-01
9.240510e-01
9.270660e-01
9.317609e-01
9.412245e-01
9.566523e-01
9.822157e-01
9.967897e-01
9.999485e-01
9.922632e-01
9.407023e-01
9.271686e-01
9.274330e-01
9.277871e-01
9.282652e-01
9.289197e-01
9.296512e-01
9.304870e-01
9.315075e-01
9.327531e-01
9.342736e-01
9.361048e-01
9.382846e-01
9.408653e-01
9.439089e-01
9.475588e-01
9.518459e-01
9.568515e-01
9.626621e-01
9.692443e-01
9.765016e-01
9.841273e-01
9.914873e-01
9.974274e-01
9.958324e-01
9.810070e-01
9.504998e-01
9.034645e-01
8.998127e-01
8.981708e-01
8.969386e-01
8.962852e-01
8.960222e-01
8.960106e-01
8.963289e-01
8.969375e-01
8.978172e-01
8.990538e-01
9.005996e-01
9.028082e-01
9.054869e-01
9.088812e-01
9.138521e-01
9.191934e-01
9.277964e-01
9.417843e-01
9.662412e-01
9.864273e-01
9.982848e-01
9.939733e-01
9.530733e-01
9.420063e-01
9.419313e-01
9.418693e-01
9.418414e-01
9.418662e-01
9.418202e-01
9.417361e-01
9.416306e-01
9.414932e-01
9.413175e-01
9.411138e-01
9.408168e-01
9.403579e-01
9.397619e-01
9.390641e-01
9.381545e-01
9.370435e-01
9.357306e-01
9.341263e-01
9.321801e-01
9.297793e-01
9.268041e-01
9.230589e-01
9.182593e-01
9.121727e-01
9.045517e-01
9.031676e-01
9.019820e-01
9.533187e-01
9.836258e-01
9.971351e-01
9.957919e-01
9.887999e-01
9.808504e-01
9.730672e-01
9.660722e-01
9.600806e-01
9.552868e-01
9.516636e-01
9.492414e-01
9.480848e-01
9.485257e-01
9.495082e-01
9.552333e-01
9.654893e-01
9.734676e-01
9.852927e-01
9.965442e-01
9.952515e-01
9.652580e-01
9.574695e-01
9.572799e-01
9.570760e-01
9.568726e-01
9.566476e-01
9.563054e-01
9.558789e-01
9.553490e-01
9.546852e-01
9.538754e-01
9.528707e-01
9.515620e-01
9.498651e-01
9.478064e-01
9.452289e-01
9.420006e-01
9.380197e-01
9.330656e-01
9.268635e-01
9.190677e-01
9.092317e-01
8.967909e-01
8.810199e-01
8.611454e-01
8.363058e-01
8.057458e-01
8.052787e-01
8.428574e-01
9.085491e-01
9.540897e-01
9.815153e-01
9.952416e-01
9.988531e-01
9.949685e-01
9.898581e-01
9.845011e-01
9.794963e-01
9.750467e-01
9.714866e-01
9.685693e-01
9.669054e-01
9.657211e-01
9.656952e-01
9.689477e-01
9.718199e-01
9.765692e-01
9.872087e-01
9.975878e-01
9.959740e-01
9.709240e-01
9.646025e-01
9.646176e-01
9.646595e-01
9.647510e-01
9.648731e-01
9.649724e-01
9.650889e-01
9.652238e-01
9.653773e-01
9.655736e-01
9.657983e-01
9.660146e-01
9.662279e-01
9.665216e-01
9.668588e-01
9.672643e-01
9.677919e-01
9.684440e-01
9.692450e-01
9.702122e-01
9.713726e-01
9.727523e-01
9.743744e-01
9.762903e-01
9.785427e-01
9.811753e-01
9.846083e-01
9.955132e-01
9.995874e-01
9.972617e-01
9.938663e-01
9.901277e-01
9.864577e-01
9.830806e-01
9.801075e-01
9.775704e-01
9.755123e-01
9.738734e-01
9.727632e-01
9.719819e-01
9.719716e-01
9.719948e-01
9.729780e-01
9.761399e-01
9.784759e-01
9.826414e-01
9.909345e-01
9.984845e-01
9.959956e-01
9.712450e-01
9.649902e-01
9.650174e-01
9.650735e-01
9.651802e-01
9.653147e-01
9.654358e-01
9.655789e-01
9.657475e-01
9.659429e-01
9.661904e-01
9.664734e-01
9.667608e-01
9.670727e-01
9.674820e-01
9.679578e-01
9.685358e-01
9.692690e-01
9.701626e-01
9.712510e-01
9.725553e-01
9.741095e-01
9.759442e-01
9.780860e-01
9.805768e-01
9.834378e-01
9.866591e-01
9.913688e-01
9.983060e-01
9.986521e-01
9.957530e-01
9.922118e-01
9.885642e-01
9.851065e-01
9.819872e-01
9.792807e-01
9.769968e-01
9.751636e-01
9.737321e-01
9.727818e-01
9.721586e-01
9.722739e-01
9.723217e-01
9.734976e-01
9.767089e-01
9.788693e-01
9.831870e-01
9.912822e-01
9.985319e-01
9.959589e-01
9.712172e-01
9.649715e-01
9.649997e-01
9.650577e-01
9.651638e-01
9.652934e-01
9.654128e-01
9.655555e-01
9.657232e-01
9.659179e-01
9.661673e-01
9.664469e-01
9.667304e-01
9.670499e-01
9.674626e-01
9.679426e-01
9.685306e-01
9.692739e-01
9.701769e-01
9.712762e-01
9.725922e-01
9.741596e-01
9.760088e-01
9.781692e-01
9.806811e-01
9.835652e-01
9.868070e-01
9.923508e-01
9.986564e-01
9.984248e-01
9.954342e-01
9.918666e-01
9.882294e-01
9.848008e-01
9.817181e-01
9.790524e-01
9.768099e-01
9.750105e-01
9.736240e-01
9.726952e-01
9.721199e-01
9.722737e-01
9.723041e-01
9.736243e-01
9.768709e-01
9.789221e-01
9.833922e-01
9.914545e-01
9.985407e-01
9.959152e-01
9.711815e-01
9.649555e-01
9.649858e-01
9.650449e-01
9.651526e-01
9.652778e-01
9.653977e-01
9.655417e-01
9.657105e-01
9.659090e-01
9.661609e-01
9.664413e-01
9.667257e-01
9.670590e-01
9.674808e-01
9.679733e-01
9.685808e-01
9.693447e-01
9.702707e-01
9.713962e-01
9.727425e-01
9.743444e-01
9.762322e-01
9.784382e-01
9.809994e-01
9.839343e-01
9.872196e-01
9.934647e-01
9.990274e-01
9.981251e-01
9.950318e-01
9.914379e-01
9.878171e-01
9.844273e-01
9.813918e-01
9.787773e-01
9.765874e-01
9.748306e-01
9.735000e-01
9.725981e-01
9.720851e-01
9.722691e-01
9.723026e-01
9.737702e-01
9.770582e-01
9.790089e-01
9.836304e-01
9.916600e-01
9.985637e-01
9.958767e-01
9.711536e-01
9.649427e-01
9.649748e-01
9.650349e-01
9.651426e-01
9.652631e-01
9.653843e-01
9.655279e-01
9.656976e-01
9.658978e-01
9.661520e-01
9.664316e-01
9.667158e-01
9.670602e-01
9.674883e-01
9.679900e-01
9.686126e-01
9.693915e-01
9.703347e-01
9.714789e-01
9.728470e-01
9.744738e-01
9.763892e-01
9.786282e-01
9.812253e-01
9.841968e-01
9.875129e-01
9.943868e-01
9.993080e-01
9.978361e-01
9.946592e-01
9.910471e-01
9.874448e-01
9.840925e-01
9.811018e-01
9.785343e-01
9.763949e-01
9.746757e-01
9.734011e-01
9.725206e-01
9.720767e-01
9.722729e-01
9.723435e-01
9.739325e-01
9.772274e-01
9.791140e-01
9.838748e-01
9.918683e-01
9.985939e-01
9.958412e-01
9.711293e-01
9.649310e-01
9.649652e-01
9.650271e-01
9.651345e-01
9.652519e-01
9.653734e-01
9.655190e-01
9.656894e-01
9.658935e-01
9.661497e-01
9.664301e-01
9.667170e-01
9.670740e-01
9.675105e-01
9.680252e-01
9.686666e-01
9.694643e-01
9.704298e-01
9.715985e-01
9.729956e-01
9.746553e-01
9.766075e-01
9.788895e-01
9.815328e-01
9.845501e-01
9.879036e-01
9.952810e-01
9.995515e-01
9.975105e-01
9.942539e-01
9.906280e-01
9.870483e-01
9.837368e-01
9.807947e-01
9.782761e-01
9.761904e-01
9.745100e-01
9.732937e-01
9.724327e-01
9.720622e-01
9.722626e-01
9.723767e-01
9.741024e-01
9.773933e-01
9.792520e-01
9.841230e-01
9.920641e-01
9.986151e-01
9.958069e-01
9.711055e-01
9.649185e-01
9.649546e-01
9.650175e-01
9.651242e-01
9.652390e-01
9.653606e-01
9.655062e-01
9.656780e-01
9.658847e-01
9.661419e-01
9.664215e-01
9.667112e-01
9.670777e-01
9.675208e-01
9.680461e-01
9.687027e-01
9.695145e-01
9.704978e-01
9.716853e-01
9.731046e-01
9.747896e-01
9.767700e-01
9.790853e-01
9.817645e-01
9.848171e-01
9.881984e-01
9.960289e-01
9.995242e-01
9.971946e-01
9.938723e-01
9.902383e-01
9.866822e-01
9.834099e-01
9.805144e-01
9.780405e-01
9.760048e-01
9.743628e-01
9.732002e-01
9.723592e-01
9.720588e-01
9.722520e-01
9.724392e-01
9.742834e-01
9.775152e-01
9.793928e-01
9.843769e-01
9.922420e-01
9.986329e-01
9.957738e-01
9.710822e-01
9.649051e-01
9.649433e-01
9.650060e-01
9.651142e-01
9.652262e-01
9.653490e-01
9.654956e-01
9.656693e-01
9.658797e-01
9.661389e-01
9.664196e-01
9.667147e-01
9.670924e-01
9.675445e-01
9.680841e-01
9.687596e-01
9.695896e-01
9.705958e-01
9.718082e-01
9.732570e-01
9.749756e-01
9.769939e-01
9.793526e-01
9.820780e-01
9.851749e-01
9.885903e-01
9.967450e-01
9.993348e-01
9.968433e-01
9.934594e-01
9.898219e-01
9.862937e-01
9.830647e-01
9.802195e-01
9.777936e-01
9.758094e-01
9.742114e-01
9.731005e-01
9.722872e-01
9.720605e-01
9.722287e-01
9.725055e-01
9.744781e-01
9.776514e-01
9.795290e-01
9.846422e-01
9.924303e-01
9.986519e-01
9.957495e-01
9.710690e-01
9.648912e-01
9.649314e-01
9.649960e-01
9.651018e-01
9.652128e-01
9.653371e-01
9.654856e-01
9.656603e-01
9.658755e-01
9.661370e-01
9.664190e-01
9.667213e-01
9.671099e-01
9.675721e-01
9.681274e-01
9.688221e-01
9.696716e-01
9.707021e-01
9.719411e-01
9.734211e-01
9.751753e-01
9.772342e-01
9.796386e-01
9.824124e-01
9.855546e-01
9.891517e-01
9.973850e-01
9.991159e-01
9.964746e-01
9.930366e-01
9.893998e-01
9.859017e-01
9.827167e-01
9.799226e-01
9.775446e-01
9.756102e-01
9.740586e-01
9.729937e-01
9.722135e-01
9.720575e-01
9.722002e-01
9.725771e-01
9.746776e-01
9.777375e-01
9.796924e-01
9.849082e-01
9.926180e-01
9.986672e-01
9.957234e-01
9.710543e-01
9.648794e-01
9.649205e-01
9.649876e-01
9.650931e-01
9.652021e-01
9.653268e-01
9.654766e-01
9.656529e-01
9.658718e-01
9.661347e-01
9.664172e-01
9.667270e-01
9.671250e-01
9.675960e-01
9.681657e-01
9.688777e-01
9.697445e-01
9.707963e-01
9.720590e-01
9.735664e-01
9.753520e-01
9.774471e-01
9.798918e-01
9.827081e-01
9.858893e-01
9.903983e-01
9.979251e-01
9.988815e-01
9.961094e-01
9.926274e-01
9.889958e-01
9.855289e-01
9.823872e-01
9.796418e-01
9.773114e-01
9.754225e-01
9.739174e-01
9.728921e-01
9.721490e-01
9.720597e-01
9.721582e-01
9.726497e-01
9.748699e-01
9.778096e-01
9.798436e-01
9.851281e-01
9.927995e-01
9.986796e-01
9.956895e-01
9.710318e-01
9.648714e-01
9.649135e-01
9.649809e-01
9.650837e-01
9.651926e-01
9.653174e-01
9.654669e-01
9.656448e-01
9.658659e-01
9.661277e-01
9.664095e-01
9.667254e-01
9.671288e-01
9.676055e-01
9.681857e-01
9.689091e-01
9.697874e-01
9.708530e-01
9.721309e-01
9.736557e-01
9.754611e-01
9.775800e-01
9.800509e-01
9.828950e-01
9.861011e-01
9.915418e-01
9.983548e-01
9.986492e-01
9.957686e-01
9.922527e-01
9.886296e-01
9.851932e-01
9.820922e-01
9.793927e-01
9.771078e-01
9.752605e-01
9.738026e-01
9.728112e-01
9.721141e-01
9.720836e-01
9.721373e-01
9.727446e-01
9.751139e-01
9.779024e-01
9.800231e-01
9.854067e-01
9.929672e-01
9.987024e-01
9.956461e-01
9.709999e-01
9.648678e-01
9.649129e-01
9.649814e-01
9.650872e-01
9.651951e-01
9.653237e-01
9.654779e-01
9.656606e-01
9.658905e-01
9.661591e-01
9.664487e-01
9.667818e-01
9.672029e-01
9.677010e-01
9.683100e-01
9.690663e-01
9.699826e-01
9.710926e-01
9.724221e-01
9.740067e-01
9.758798e-01
9.780756e-01
9.806295e-01
9.835577e-01
9.868376e-01
9.930004e-01
9.988651e-01
9.982936e-01
9.952763e-01
9.917221e-01
9.881164e-01
9.847260e-01
9.816839e-01
9.790483e-01
9.768276e-01
9.750374e-01
9.736438e-01
9.726964e-01
9.720625e-01
9.720990e-01
9.721171e-01
9.728705e-01
9.753518e-01
9.779738e-01
9.802210e-01
9.857325e-01
9.931549e-01
9.987391e-01
9.955639e-01
9.709232e-01
9.648707e-01
9.649163e-01
9.649845e-01
9.650849e-01
9.651926e-01
9.653183e-01
9.654708e-01
9.656522e-01
9.658797e-01
9.661437e-01
9.664272e-01
9.667616e-01
9.671797e-01
9.676749e-01
9.682833e-01
9.690369e-01
9.699492e-01
9.710537e-01
9.723767e-01
9.739534e-01
9.758169e-01
9.780037e-01
9.805485e-01
9.834683e-01
9.867409e-01
9.937036e-01
9.990922e-01
9.980942e-01
9.950128e-01
9.914438e-01
9.878512e-01
9.844885e-01
9.814803e-01
9.788836e-01
9.767037e-01
9.749463e-01
9.736009e-01
9.726775e-01
9.720939e-01
9.721816e-01
9.721767e-01
9.730463e-01
9.756843e-01
9.781376e-01
9.804846e-01
9.860847e-01
9.933784e-01
9.987932e-01
9.954209e-01
9.707756e-01
9.648864e-01
9.649465e-01
9.650287e-01
9.651413e-01
9.652678e-01
9.654209e-01
9.656065e-01
9.658287e-01
9.661083e-01
9.664332e-01
9.667917e-01
9.672234e-01
9.677543e-01
9.683845e-01
9.691567e-01
9.701055e-01
9.712489e-01
9.726253e-01
9.742638e-01
9.762004e-01
9.784643e-01
9.810835e-01
9.840717e-01
9.874047e-01
9.909798e-01
9.969221e-01
9.993057e-01
9.968199e-01
9.934701e-01
9.898776e-01
9.863939e-01
9.832039e-01
9.803905e-01
9.779897e-01
9.759987e-01
9.744067e-01
9.732234e-01
9.724282e-01
9.719748e-01
9.721836e-01
9.722444e-01
9.732885e-01
9.760617e-01
9.784312e-01
9.809266e-01
9.865769e-01
9.937651e-01
9.989457e-01
9.953114e-01
9.706647e-01
9.649083e-01
9.649847e-01
9.650758e-01
9.651978e-01
9.653440e-01
9.655236e-01
9.657407e-01
9.660073e-01
9.663382e-01
9.667281e-01
9.671695e-01
9.677056e-01
9.683582e-01
9.691342e-01
9.700804e-01
9.712350e-01
9.726193e-01
9.742754e-01
9.762326e-01
9.785228e-01
9.811640e-01
9.841650e-01
9.875002e-01
9.910753e-01
9.946620e-01
9.989499e-01
9.982782e-01
9.953033e-01
9.918115e-01
9.882720e-01
9.849416e-01
9.819485e-01
9.793421e-01
9.771412e-01
9.753392e-01
9.739116e-01
9.728852e-01
9.722175e-01
9.718935e-01
9.722036e-01
9.723953e-01
9.736973e-01
9.766790e-01
9.790675e-01
9.817469e-01
9.874684e-01
9.944471e-01
9.991769e-01
9.952233e-01
9.705754e-01
9.649345e-01
9.650287e-01
9.651407e-01
9.652771e-01
9.654440e-01
9.656509e-01
9.659066e-01
9.662189e-01
9.666091e-01
9.670735e-01
9.676133e-01
9.682701e-01
9.690656e-01
9.700128e-01
9.711611e-01
9.725518e-01
9.742096e-01
9.761773e-01
9.784813e-01
9.811425e-01
9.841573e-01
9.874959e-01
9.910622e-01
9.946414e-01
9.978046e-01
9.991817e-01
9.966515e-01
9.933321e-01
9.898052e-01
9.863975e-01
9.832794e-01
9.805276e-01
9.781613e-01
9.761872e-01
9.745922e-01
9.733473e-01
9.724884e-01
9.719610e-01
9.717807e-01
9.722061e-01
9.726496e-01
9.742739e-01
9.775270e-01
9.801743e-01
9.830185e-01
9.887734e-01
9.953733e-01
9.994748e-01
9.951497e-01
9.705009e-01
9.649710e-01
9.650889e-01
9.652208e-01
9.653814e-01
9.655925e-01
9.658469e-01
9.661482e-01
9.665201e-01
9.669822e-01
9.675432e-01
9.682091e-01
9.690181e-01
9.699960e-01
9.711614e-01
9.725647e-01
9.742502e-01
9.762436e-01
9.785853e-01
9.812901e-01
9.843551e-01
9.877329e-01
9.913154e-01
9.948749e-01
9.979788e-01
9.994225e-01
9.970917e-01
9.938765e-01
9.903935e-01
9.869923e-01
9.838558e-01
9.810686e-01
9.786571e-01
9.766157e-01
9.749381e-01
9.736071e-01
9.725949e-01
9.719378e-01
9.715971e-01
9.715866e-01
9.721473e-01
9.729548e-01
9.749813e-01
9.786021e-01
9.816976e-01
9.847217e-01
9.904305e-01
9.964495e-01
9.997641e-01
9.950865e-01
9.704370e-01
9.650466e-01
9.651906e-01
9.653404e-01
9.655164e-01
9.657604e-01
9.660629e-01
9.664344e-01
9.668899e-01
9.674272e-01
9.680900e-01
9.688899e-01
9.698602e-01
9.710325e-01
9.724308e-01
9.741031e-01
9.760961e-01
9.784315e-01
9.811408e-01
9.842165e-01
9.876145e-01
9.912155e-01
9.947845e-01
9.979049e-01
9.992834e-01
9.965413e-01
9.932781e-01
9.898348e-01
9.865155e-01
9.834754e-01
9.807813e-01
9.784513e-01
9.764741e-01
9.748291e-01
9.735033e-01
9.724759e-01
9.717298e-01
9.712975e-01
9.711632e-01
9.713495e-01
9.720199e-01
9.732740e-01
9.758088e-01
9.798774e-01
9.836417e-01
9.867922e-01
9.923630e-01
9.975877e-01
9.999602e-01
9.950308e-01
9.703808e-01
9.651806e-01
9.653606e-01
9.655342e-01
9.657263e-01
9.660145e-01
9.663711e-01
9.668092e-01
9.673455e-01
9.680070e-01
9.688100e-01
9.697687e-01
9.709299e-01
9.723315e-01
9.740039e-01
9.759899e-01
9.783337e-01
9.810473e-01
9.841409e-01
9.875628e-01
9.911957e-01
9.947927e-01
9.979167e-01
9.992767e-01
9.943346e-01
9.890682e-01
9.858675e-01
9.829607e-01
9.803950e-01
9.781755e-01
9.762853e-01
9.746993e-01
9.733849e-01
9.723195e-01
9.714923e-01
9.708861e-01
9.705022e-01
9.703693e-01
9.704916e-01
9.709564e-01
9.717025e-01
9.734882e-01
9.766547e-01
9.812838e-01
9.858548e-01
9.892816e-01
9.943738e-01
9.986518e-01
9.997699e-01
9.949828e-01
9.703326e-01
9.653937e-01
9.655269e-01
9.656219e-01
9.656983e-01
9.658768e-01
9.661042e-01
9.663835e-01
9.667244e-01
9.671532e-01
9.677019e-01
9.683750e-01
9.691779e-01
9.701552e-01
9.713419e-01
9.727734e-01
9.744974e-01
9.765357e-01
9.789307e-01
9.816888e-01
9.848005e-01
9.882009e-01
9.917670e-01
9.952664e-01
9.982509e-01
9.992438e-01
9.967585e-01
9.934576e-01
9.899310e-01
9.865106e-01
9.833683e-01
9.805816e-01
9.781738e-01
9.761372e-01
9.744658e-01
9.731364e-01
9.721424e-01
9.715000e-01
9.711972e-01
9.713270e-01
9.717710e-01
9.735000e-01
9.771381e-01
9.822790e-01
9.877809e-01
9.916248e-01
9.962583e-01
9.994310e-01
9.992704e-01
9.949451e-01
9.702951e-01
9.656285e-01
9.655743e-01
9.654215e-01
9.651701e-01
9.649855e-01
9.647696e-01
9.645037e-01
9.641745e-01
9.637871e-01
9.633636e-01
9.628634e-01
9.622524e-01
9.615058e-01
9.606115e-01
9.595306e-01
9.582188e-01
9.566008e-01
9.545996e-01
9.520950e-01
9.489111e-01
9.448644e-01
9.397000e-01
9.331147e-01
9.247297e-01
9.246816e-01
9.522993e-01
9.786848e-01
9.929603e-01
9.989818e-01
9.978815e-01
9.944499e-01
9.904853e-01
9.865114e-01
9.828257e-01
9.795722e-01
9.768272e-01
9.746398e-01
9.730066e-01
9.720360e-01
9.715251e-01
9.722030e-01
9.756801e-01
9.819842e-01
9.883733e-01
9.930775e-01
9.973684e-01
9.998236e-01
9.986574e-01
9.949151e-01
9.702653e-01
9.659441e-01
9.658592e-01
9.656320e-01
9.652961e-01
9.650365e-01
9.647266e-01
9.643344e-01
9.638388e-01
9.632763e-01
9.626477e-01
9.619017e-01
9.610001e-01
9.598983e-01
9.585692e-01
9.569571e-01
9.549801e-01
9.525350e-01
9.494824e-01
9.456302e-01
9.407315e-01
9.344732e-01
9.264583e-01
9.161998e-01
9.061950e-01
9.061549e-01
9.483504e-01
9.761045e-01
9.915248e-01
9.984327e-01
9.984601e-01
9.953648e-01
9.916396e-01
9.878377e-01
9.842760e-01
9.811199e-01
9.784377e-01
9.763124e-01
9.746933e-01
9.737488e-01
9.732009e-01
9.737788e-01
9.767247e-01
9.825947e-01
9.889790e-01
9.942276e-01
9.980295e-01
9.999654e-01
9.979701e-01
9.948910e-01
9.702413e-01
9.662749e-01
9.661524e-01
9.658360e-01
9.654118e-01
9.650749e-01
9.646526e-01
9.641097e-01
9.634244e-01
9.626650e-01
9.617942e-01
9.607514e-01
9.594927e-01
9.579675e-01
9.561127e-01
9.538510e-01
9.510538e-01
9.475795e-01
9.432035e-01
9.376582e-01
9.305886e-01
9.215203e-01
9.098877e-01
8.950130e-01
8.948923e-01
8.978969e-01
9.435042e-01
9.729722e-01
9.897739e-01
9.977084e-01
9.989542e-01
9.961898e-01
9.926845e-01
9.890299e-01
9.855637e-01
9.824812e-01
9.798425e-01
9.777672e-01
9.761579e-01
9.752581e-01
9.746877e-01
9.750946e-01
9.780820e-01
9.835204e-01
9.898053e-01
9.951422e-01
9.986928e-01
9.998614e-01
9.971821e-01
9.948714e-01
9.702220e-01
9.665930e-01
9.664098e-01
9.659947e-01
9.654673e-01
9.650208e-01
9.644486e-01
9.637095e-01
9.627795e-01
9.617568e-01
9.605562e-01
9.591065e-01
9.573546e-01
9.552289e-01
9.526272e-01
9.494276e-01
9.454440e-01
9.404595e-01
9.341370e-01
9.260995e-01
9.158195e-01
9.026294e-01
8.857505e-01
8.643047e-01
8.642008e-01
8.853489e-01
9.345700e-01
9.672507e-01
9.865652e-01
9.962932e-01
9.995003e-01
9.971984e-01
9.939614e-01
9.904558e-01
9.870614e-01
9.840148e-01
9.813859e-01
9.793186e-01
9.776928e-01
9.768381e-01
9.761943e-01
9.765593e-01
9.795209e-01
9.851494e-01
9.911601e-01
9.962754e-01
9.993337e-01
9.993933e-01
9.962578e-01
9.948555e-01
9.702062e-01
9.669240e-01
9.667163e-01
9.662280e-01
9.656802e-01
9.651830e-01
9.645395e-01
9.637032e-01
9.626596e-01
9.615354e-01
9.601973e-01
9.585787e-01
9.566359e-01
9.542851e-01
9.514086e-01
9.478664e-01
9.434486e-01
9.379048e-01
9.308714e-01
9.219089e-01
9.104312e-01
8.957050e-01
8.768844e-01
8.530604e-01
8.529743e-01
8.926899e-01
9.394138e-01
9.700714e-01
9.879728e-01
9.968361e-01
9.994041e-01
9.970831e-01
9.939175e-01
9.905310e-01
9.872733e-01
9.843674e-01
9.818809e-01
9.799426e-01
9.784402e-01
9.777584e-01
9.771001e-01
9.776542e-01
9.809153e-01
9.868429e-01
9.926252e-01
9.973752e-01
9.998063e-01
9.986956e-01
9.953253e-01
9.948426e-01
9.701933e-01
9.672188e-01
9.669777e-01
9.664130e-01
9.658027e-01
9.652451e-01
9.645001e-01
9.635226e-01
9.623345e-01
9.610466e-01
9.594999e-01
9.576235e-01
9.553767e-01
9.526558e-01
9.493196e-01
9.451969e-01
9.400435e-01
9.335460e-01
9.253023e-01
9.147712e-01
9.012778e-01
8.839941e-01
8.619851e-01
8.346807e-01
8.345903e-01
8.925120e-01
9.392300e-01
9.699117e-01
9.878557e-01
9.967693e-01
9.994361e-01
9.971583e-01
9.940307e-01
9.906803e-01
9.874606e-01
9.845839e-01
9.821488e-01
9.802415e-01
9.788001e-01
9.782301e-01
9.774929e-01
9.782895e-01
9.820052e-01
9.881628e-01
9.939103e-01
9.982538e-01
9.999543e-01
9.979135e-01
9.944660e-01
9.948320e-01
9.701828e-01
9.675002e-01
9.672476e-01
9.666279e-01
9.660224e-01
9.654290e-01
9.646346e-01
9.635843e-01
9.623446e-01
9.609946e-01
9.593664e-01
9.573953e-01
9.550524e-01
9.522176e-01
9.487451e-01
9.444526e-01
9.390869e-01
9.323136e-01
9.237173e-01
9.127247e-01
8.986275e-01
8.805694e-01
8.576113e-01
8.399184e-01
8.398245e-01
9.010699e-01
9.450113e-01
9.734025e-01
9.896874e-01
9.975193e-01
9.992083e-01
9.967868e-01
9.936319e-01
9.903191e-01
9.871786e-01
9.843845e-01
9.820678e-01
9.802357e-01
9.789308e-01
9.784913e-01
9.777362e-01
9.788829e-01
9.829965e-01
9.893494e-01
9.949980e-01
9.988954e-01
9.997545e-01
9.971338e-01
9.937077e-01
9.948234e-01
9.701742e-01
9.677779e-01
9.675487e-01
9.669303e-01
9.663683e-01
9.658185e-01
9.650797e-01
9.640684e-01
9.629247e-01
9.616862e-01
9.601945e-01
9.584088e-01
9.563130e-01
9.538022e-01
9.507452e-01
9.469836e-01
9.423033e-01
9.364061e-01
9.289318e-01
9.193720e-01
9.070841e-01
8.912875e-01
8.711147e-01
8.677390e-01
8.676653e-01
9.213884e-01
9.583505e-01
9.812070e-01
9.935996e-01
9.989531e-01
9.984774e-01
9.957645e-01
9.925775e-01
9.893736e-01
9.864183e-01
9.838264e-01
9.817390e-01
9.800934e-01
9.790144e-01
9.787531e-01
9.781049e-01
9.795664e-01
9.840390e-01
9.904158e-01
9.958981e-01
9.993350e-01
9.994675e-01
9.964257e-01
9.930567e-01
9.948163e-01
9.701672e-01
9.679563e-01
9.676627e-01
9.669721e-01
9.663416e-01
9.656896e-01
9.647899e-01
9.636033e-01
9.622644e-01
9.607704e-01
9.589667e-01
9.567998e-01
9.542308e-01
9.511292e-01
9.473343e-01
9.426333e-01
9.367504e-01
9.293140e-01
9.198580e-01
9.077589e-01
8.922283e-01
8.723586e-01
8.472013e-01
8.470296e-01
8.517061e-01
9.098324e-01
9.508188e-01
9.768351e-01
9.914363e-01
9.981903e-01
9.989378e-01
9.963929e-01
9.932322e-01
9.899726e-01
9.869357e-01
9.842431e-01
9.820781e-01
9.803296e-01
9.792305e-01
9.789121e-01
9.782115e-01
9.798744e-01
9.846615e-01
9.911157e-01
9.965384e-01
9.996107e-01
9.991758e-01
9.958218e-01
9.925064e-01
9.948068e-01
9.701575e-01
9.681271e-01
9.678186e-01
9.670868e-01
9.664225e-01
9.657218e-01
9.647727e-01
9.634913e-01
9.620825e-01
9.604876e-01
9.585511e-01
9.562297e-01
9.534822e-01
9.501563e-01
9.460787e-01
9.410210e-01
9.346845e-01
9.266601e-01
9.164484e-01
9.033757e-01
8.866105e-01
8.652014e-01
8.381848e-01
8.380257e-01
8.548221e-01
9.122795e-01
9.525667e-01
9.779619e-01
9.920659e-01
9.984506e-01
9.987558e-01
9.960897e-01
9.928498e-01
9.895408e-01
9.864774e-01
9.837715e-01
9.816201e-01
9.798660e-01
9.788319e-01
9.785233e-01
9.778452e-01
9.797391e-01
9.849784e-01
9.916056e-01
9.969745e-01
9.997661e-01
9.987262e-01
9.949820e-01
9.917161e-01
9.999976e-01
9.999992e-01
7.760455e-01
5.226517e-01
3.880926e-01
3.219095e-01
2.860450e-01
2.570701e-01
2.240279e-01
1.979265e-01
1.743681e-01
1.463466e-01
1.149706e-01
8.528569e-02
5.762979e-02
2.894389e-02
1.120291e-02
3.199528e-02
5.784967e-02
8.325822e-02
1.059410e-01
1.232300e-01
1.312289e-01
1.191284e-01
7.597267e-02
4.247860e-02
2.391245e-02
1.057554e-02
1.474808e-02
2.129241e-02
2.713344e-02
3.726554e-02
4.904053e-02
6.292280e-02
7.756192e-02
9.658727e-02
1.152143e-01
1.415795e-01
1.636065e-01
1.984241e-01
2.362740e-01
2.566134e-01
3.283273e-01
4.369972e-01
6.235670e-01
7.710776e-01
8.507985e-01
9.411530e-01
9.123311e-01
8.685206e-01
9.997648e-01
9.999194e-01
9.999407e-01
9.999472e-01
9.999600e-01
9.999686e-01
9.999764e-01
9.999844e-01
9.999913e-01
9.999952e-01
9.999974e-01
9.999984e-01
9.999983e-01
9.999977e-01
9.999973e-01
9.999984e-01
9.999999e-01
9.999869e-01
9.999126e-01
9.997909e-01
9.996581e-01
9.996302e-01
9.995748e-01
9.996541e-01
9.997147e-01
9.995599e-01
9.994051e-01
9.993701e-01
9.996363e-01
9.999380e-01
9.999848e-01
9.997886e-01
9.994335e-01
9.989490e-01
9.983362e-01
9.975924e-01
9.966883e-01
9.956148e-01
9.943475e-01
9.928609e-01
9.910923e-01
9.891303e-01
9.866739e-01
9.844107e-01
9.854336e-01
9.894057e-01
9.914561e-01
9.943948e-01
9.972999e-01
9.993797e-01
9.982005e-01
9.994363e-01
9.994149e-01
9.994717e-01
9.995894e-01
9.996680e-01
9.997388e-01
9.998153e-01
9.998871e-01
9.999299e-01
9.999561e-01
9.999707e-01
9.999711e-01
9.999653e-01
9.999596e-01
9.999701e-01
9.999935e-01
9.999322e-01
9.995036e-01
9.994040e-01
9.996284e-01
9.995309e-01
9.993868e-01
9.995370e-01
9.995748e-01
9.988839e-01
9.981931e-01
9.979132e-01
9.987240e-01
9.997528e-01
9.999684e-01
9.994017e-01
9.983541e-01
9.969465e-01
9.951866e-01
9.931342e-01
9.906512e-01
9.878856e-01
9.845533e-01
9.810028e-01
9.768939e-01
9.719056e-01
9.673565e-01
9.649180e-01
9.731876e-01
9.455040e-01
9.442409e-01
9.600585e-01
9.792808e-01
9.948453e-01
9.938964e-01
9.985085e-01
9.979176e-01
9.981118e-01
9.985171e-01
9.987879e-01
9.990326e-01
9.993010e-01
9.995592e-01
9.997168e-01
9.998156e-01
9.998716e-01
9.998686e-01
9.998337e-01
9.997869e-01
9.997959e-01
9.998777e-01
9.999415e-01
9.992938e-01
9.992501e-01
9.996042e-01
9.994339e-01
9.991958e-01
9.994206e-01
9.994370e-01
9.980768e-01
9.966660e-01
9.960315e-01
9.975249e-01
9.995017e-01
9.999491e-01
9.989165e-01
9.969993e-01
9.944500e-01
9.912942e-01
9.876954e-01
9.833832e-01
9.787503e-01
9.731741e-01
9.675547e-01
9.612160e-01
9.532915e-01
9.473464e-01
9.457104e-01
9.617062e-01
9.008754e-01
8.704495e-01
8.845568e-01
9.302694e-01
9.813613e-01
9.813854e-01
9.971484e-01
9.932434e-01
9.938292e-01
9.950750e-01
9.959143e-01
9.966779e-01
9.975370e-01
9.983922e-01
9.989301e-01
9.992766e-01
9.994729e-01
9.994332e-01
9.992376e-01
9.989507e-01
9.988508e-01
9.990366e-01
9.995560e-01
9.997058e-01
9.995535e-01
9.995890e-01
9.993537e-01
9.990353e-01
9.993237e-01
9.993286e-01
9.973645e-01
9.952859e-01
9.943127e-01
9.964185e-01
9.992679e-01
9.999310e-01
9.984695e-01
9.957633e-01
9.922002e-01
9.878368e-01
9.829501e-01
9.771691e-01
9.711320e-01
9.639377e-01
9.569958e-01
9.493686e-01
9.397542e-01
9.335747e-01
9.332089e-01
9.542447e-01
9.144904e-01
8.441015e-01
7.758270e-01
7.965129e-01
9.348744e-01
9.321005e-01
9.957719e-01
9.685296e-01
9.700608e-01
9.745968e-01
9.775530e-01
9.803356e-01
9.840508e-01
9.884883e-01
9.916184e-01
9.938659e-01
9.952514e-01
9.949608e-01
9.938536e-01
9.930810e-01
9.939478e-01
9.955072e-01
9.973152e-01
9.988203e-01
9.993202e-01
9.995848e-01
9.993032e-01
9.989362e-01
9.992632e-01
9.992725e-01
9.969565e-01
9.944855e-01
9.933097e-01
9.957655e-01
9.991304e-01
9.999185e-01
9.981939e-01
9.950218e-01
9.908870e-01
9.858820e-01
9.803673e-01
9.739383e-01
9.673861e-01
9.596897e-01
9.525272e-01
9.448568e-01
9.352063e-01
9.297485e-01
9.304334e-01
9.524198e-01
9.683271e-01
9.582396e-01
8.397192e-01
4.381740e-01
6.534980e-01
SCALARS aspect_ratio double 1
LOOKUP_TABLE default
4.087003e+02
4.086945e+02
2.492618e+02
2.040912e+02
1.670793e+02
1.367743e+02
1.119699e+02
9.165903e+01
7.502859e+01
6.141309e+01
5.026679e+01
4.114025e+01
3.366856e+01
2.755106e+01
2.254259e+01
1.844198e+01
1.508477e+01
1.233618e+01
1.008590e+01
8.243647e+00
6.735479e+00
5.500879e+00
4.490311e+00
3.663197e+00
2.986363e+00
2.432640e+00
1.979795e+00
1.609649e+00
1.307323e+00
1.060577e+00
1.148615e+00
1.077332e+00
1.120529e+00
1.372174e+00
1.693154e+00
2.095856e+00
2.596022e+00
3.213334e+00
3.972199e+00
4.902846e+00
6.042101e+00
7.435963e+00
9.139195e+00
1.122098e+01
1.376302e+01
1.687336e+01
2.067004e+01
2.531047e+01
2.400398e+01
1.961340e+01
3.817293e+02
3.817233e+02
2.419052e+02
1.980923e+02
1.621365e+02
1.327314e+02
1.086533e+02
8.893907e+01
7.279629e+01
5.958131e+01
4.876125e+01
3.990297e+01
3.265035e+01
2.671244e+01
2.185095e+01
1.787077e+01
1.461212e+01
1.194426e+01
9.760114e+00
7.972046e+00
6.508283e+00
5.310106e+00
4.329442e+00
3.526901e+00
2.870278e+00
2.333253e+00
1.894262e+00
1.535685e+00
1.243080e+00
1.004614e+00
1.174862e+00
1.042142e+00
1.160469e+00
1.427986e+00
1.772432e+00
2.206797e+00
2.747797e+00
3.416477e+00
4.239105e+00
5.248385e+00
6.484264e+00
7.996161e+00
9.844030e+00
1.210258e+01
1.485885e+01
1.823430e+01
2.235147e+01
2.725647e+01
2.525291e+01
2.064198e+01
3.419514e+02
3.419459e+02
2.253108e+02
1.845001e+02
1.510289e+02
1.236307e+02
1.012103e+02
8.284772e+01
6.781411e+01
5.550645e+01
4.542935e+01
3.717928e+01
3.042463e+01
2.489446e+01
2.036670e+01
1.665983e+01
1.362491e+01
1.114021e+01
9.106019e+00
7.440693e+00
6.077392e+00
4.961432e+00
4.048020e+00
3.300498e+00
2.688841e+00
2.188530e+00
1.779486e+00
1.445278e+00
1.172422e+00
1.052729e+00
1.159801e+00
1.017355e+00
1.237510e+00
1.522987e+00
1.884830e+00
2.337068e+00
2.897401e+00
3.587873e+00
4.435778e+00
5.474913e+00
6.746824e+00
8.301898e+00
1.020263e+01
1.252569e+01
1.535965e+01
1.883260e+01
2.307076e+01
2.792829e+01
2.529796e+01
2.068422e+01
3.132489e+02
3.132450e+02
2.142370e+02
1.754048e+02
1.436042e+02
1.175492e+02
9.622919e+01
7.876668e+01
6.447210e+01
5.276870e+01
4.318724e+01
3.534232e+01
2.891971e+01
2.366124e+01
1.935603e+01
1.583133e+01
1.294562e+01
1.058309e+01
8.648956e+00
7.065581e+00
5.769417e+00
4.708458e+00
3.840106e+00
3.129543e+00
2.548208e+00
2.072777e+00
1.684181e+00
1.366797e+00
1.107808e+00
1.113205e+00
1.128839e+00
1.062351e+00
1.298171e+00
1.602133e+00
1.985901e+00
2.464356e+00
3.056228e+00
3.784834e+00
4.679015e+00
5.774282e+00
7.114748e+00
8.753019e+00
1.075542e+01
1.320248e+01
1.618704e+01
1.984368e+01
2.431285e+01
2.918555e+01
2.594290e+01
2.121554e+01
2.833032e+02
2.833036e+02
2.009472e+02
1.645578e+02
1.347060e+02
1.102813e+02
9.027353e+01
7.389683e+01
6.048766e+01
4.950981e+01
4.052292e+01
3.316459e+01
2.714014e+01
2.220782e+01
1.816963e+01
1.486355e+01
1.215686e+01
9.940898e+00
8.126771e+00
6.641653e+00
5.425933e+00
4.430824e+00
3.616361e+00
2.949862e+00
2.404561e+00
1.958553e+00
1.593921e+00
1.295997e+00
1.052746e+00
1.154192e+00
1.075752e+00
1.125220e+00
1.379443e+00
1.702274e+00
2.106200e+00
2.607051e+00
3.224561e+00
3.983172e+00
4.913071e+00
6.051121e+00
7.443344e+00
9.144225e+00
1.122276e+01
1.376234e+01
1.686065e+01
2.065348e+01
2.529838e+01
3.005450e+01
2.627312e+01
2.148585e+01
2.582391e+02
2.582412e+02
1.889950e+02
1.547801e+02
1.267012e+02
1.037325e+02
8.491701e+01
6.951205e+01
5.690439e+01
4.657960e+01
3.812786e+01
3.120768e+01
2.554193e+01
2.090342e+01
1.710574e+01
1.399658e+01
1.145110e+01
9.367129e+00
7.661061e+00
6.264384e+00
5.121048e+00
4.185159e+00
3.419122e+00
2.792178e+00
2.279158e+00
1.859445e+00
1.516162e+00
1.235479e+00
1.006068e+00
1.166968e+00
1.024781e+00
1.186738e+00
1.456068e+00
1.794363e+00
2.214857e+00
2.734148e+00
3.372784e+00
4.156129e+00
5.115487e+00
6.288872e+00
7.723659e+00
9.476295e+00
1.161775e+01
1.423343e+01
1.742671e+01
2.133164e+01
2.612250e+01
3.066161e+01
2.641812e+01
2.160565e+01
2.396856e+02
2.396874e+02
1.807018e+02
1.479416e+02
1.211242e+02
9.915944e+01
8.117801e+01
6.644640e+01
5.439434e+01
4.452459e+01
3.644420e+01
2.982851e+01
2.441210e+01
1.997767e+01
1.634716e+01
1.337482e+01
1.094142e+01
8.949220e+00
7.318312e+00
5.983192e+00
4.890291e+00
3.995722e+00
3.263560e+00
2.664390e+00
2.174167e+00
1.773185e+00
1.445320e+00
1.177355e+00
1.043295e+00
1.169207e+00
1.011182e+00
1.234479e+00
1.517393e+00
1.870957e+00
2.309077e+00
2.849081e+00
3.512354e+00
4.325256e+00
5.320327e+00
6.537105e+00
8.024417e+00
9.841287e+00
1.206108e+01
1.477147e+01
1.808316e+01
2.212814e+01
2.709838e+01
3.141478e+01
2.675093e+01
2.188033e+01
2.235337e+02
2.235350e+02
1.737581e+02
1.422602e+02
1.164713e+02
9.535057e+01
7.805400e+01
6.389337e+01
5.230314e+01
4.281167e+01
3.504213e+01
2.868036e+01
2.347203e+01
1.920790e+01
1.571677e+01
1.285860e+01
1.051863e+01
8.602944e+00
7.034663e+00
5.750813e+00
4.699883e+00
3.839661e+00
3.135624e+00
2.559473e+00
2.088082e+00
1.702513e+00
1.387255e+00
1.129588e+00
1.087950e+00
1.148027e+00
1.046749e+00
1.278990e+00
1.573578e+00
1.941977e+00
2.398680e+00
2.961728e+00
3.653423e+00
4.501222e+00
5.539012e+00
6.808258e+00
8.359457e+00
1.025474e+01
1.257045e+01
1.539700e+01
1.885378e+01
2.307148e+01
2.825807e+01
3.233354e+01
2.727575e+01
2.231330e+01
2.079539e+02
2.079543e+02
1.667572e+02
1.365719e+02
1.118040e+02
9.151912e+01
7.491844e+01
6.132683e+01
5.020010e+01
4.108902e+01
3.363027e+01
2.752346e+01
2.252383e+01
1.843051e+01
1.507925e+01
1.233564e+01
1.008943e+01
8.250548e+00
6.745156e+00
5.512826e+00
4.504098e+00
3.678455e+00
3.002769e+00
2.449883e+00
1.997593e+00
1.627732e+00
1.325419e+00
1.078461e+00
1.136678e+00
1.114553e+00
1.086671e+00
1.331409e+00
1.641108e+00
2.027797e+00
2.506688e+00
3.096692e+00
3.821195e+00
4.708973e+00
5.795411e+00
7.124193e+00
8.747715e+00
1.073155e+01
1.315544e+01
1.611293e+01
1.973280e+01
2.414481e+01
2.957466e+01
3.330736e+01
2.785055e+01
2.278686e+01
1.926719e+02
1.926676e+02
1.680979e+02
1.376523e+02
1.126557e+02
9.217592e+01
7.541884e+01
6.170245e+01
5.047177e+01
4.127605e+01
3.374853e+01
2.758636e+01
2.254163e+01
1.841232e+01
1.503246e+01
1.226664e+01
1.000381e+01
8.153077e+00
6.640229e+00
5.404492e+00
4.396228e+00
3.574917e+00
2.907561e+00
2.367395e+00
1.932691e+00
1.585900e+00
1.312839e+00
1.102032e+00
1.056932e+00
1.014266e+00
1.206136e+00
1.475352e+00
1.802974e+00
2.202003e+00
2.688486e+00
3.281768e+00
4.005477e+00
4.888484e+00
5.965953e+00
7.280899e+00
8.885024e+00
1.084293e+01
1.323219e+01
1.614597e+01
1.970626e+01
2.404470e+01
2.936954e+01
3.311143e+01
2.771312e+01
2.420741e+01
1.788962e+02
1.789027e+02
1.660677e+02
1.360523e+02
1.113902e+02
9.120657e+01
7.467095e+01
6.114723e+01
5.007075e+01
4.100006e+01
3.357610e+01
2.749735e+01
2.252058e+01
1.844607e+01
1.511022e+01
1.237938e+01
1.014385e+01
8.313894e+00
6.816066e+00
5.590167e+00
4.586910e+00
3.765947e+00
3.094247e+00
2.544751e+00
2.095299e+00
1.727782e+00
1.427281e+00
1.181385e+00
1.014838e+00
1.014069e+00
1.152196e+00
1.375115e+00
1.663554e+00
2.029080e+00
2.486463e+00
3.054061e+00
3.754414e+00
4.615472e+00
5.671535e+00
6.964634e+00
8.546403e+00
1.047928e+01
1.284167e+01
1.572572e+01
1.924875e+01
2.356124e+01
2.882904e+01
3.401529e+01
3.339194e+01
3.376590e+01
1.676693e+02
1.676739e+02
1.480829e+02
1.213232e+02
9.932455e+01
8.135145e+01
6.661941e+01
5.456435e+01
4.469436e+01
3.661240e+01
2.999667e+01
2.457967e+01
2.014538e+01
1.651495e+01
1.354308e+01
1.111034e+01
9.119115e+00
7.489478e+00
6.155933e+00
5.064915e+00
4.172615e+00
3.443188e+00
2.847325e+00
2.361064e+00
1.964864e+00
1.642698e+00
1.381403e+00
1.170141e+00
1.055668e+00
1.153828e+00
1.324320e+00
1.555846e+00
1.860104e+00
2.250518e+00
2.743238e+00
3.358107e+00
4.119674e+00
5.058235e+00
6.211356e+00
7.624900e+00
9.355671e+00
1.147203e+01
1.406074e+01
1.721961e+01
2.108561e+01
2.581930e+01
3.155192e+01
3.860432e+01
4.727197e+01
5.444051e+01
1.588344e+02
1.588357e+02
1.361719e+02
1.115104e+02
9.128237e+01
7.474057e+01
6.118791e+01
5.008891e+01
4.100764e+01
3.357022e+01
2.748193e+01
2.249666e+01
1.841547e+01
1.507392e+01
1.233824e+01
1.009840e+01
8.264663e+00
6.763316e+00
5.534140e+00
4.527804e+00
3.703929e+00
3.029448e+00
2.477299e+00
2.025322e+00
1.655378e+00
1.352607e+00
1.104842e+00
1.107507e+00
1.105285e+00
1.096594e+00
1.336795e+00
1.634822e+00
2.002615e+00
2.454896e+00
3.009764e+00
3.689445e+00
4.521230e+00
5.538347e+00
6.781646e+00
8.301093e+00
1.015731e+01
1.242519e+01
1.519663e+01
1.857667e+01
2.271816e+01
2.778024e+01
3.392006e+01
4.150614e+01
5.082908e+01
5.826907e+01
1.511669e+02
1.511671e+02
1.319243e+02
1.079982e+02
8.843586e+01
7.239679e+01
5.927176e+01
4.851749e+01
3.971971e+01
3.251487e+01
2.661598e+01
2.178690e+01
1.783305e+01
1.459589e+01
1.194564e+01
9.775766e+00
7.999329e+00
6.544908e+00
5.354170e+00
4.379345e+00
3.581306e+00
2.928028e+00
2.393298e+00
1.955658e+00
1.597538e+00
1.304559e+00
1.064949e+00
1.144262e+00
1.086690e+00
1.119264e+00
1.366975e+00
1.673298e+00
2.050501e+00
2.513688e+00
3.081400e+00
3.776383e+00
4.626554e+00
5.665933e+00
6.936129e+00
8.488479e+00
1.038442e+01
1.270134e+01
1.553206e+01
1.898508e+01
2.321585e+01
2.838421e+01
3.465972e+01
4.241087e+01
5.193077e+01
5.931957e+01
1.447211e+02
1.447214e+02
1.288731e+02
1.055209e+02
8.639406e+01
7.072655e+01
5.790445e+01
4.739989e+01
3.880432e+01
3.176498e+01
2.600231e+01
2.128442e+01
1.742171e+01
1.425924e+01
1.167002e+01
9.550178e+00
7.814679e+00
6.393788e+00
5.230496e+00
4.278145e+00
3.498504e+00
2.860290e+00
2.337893e+00
1.910350e+00
1.560495e+00
1.274281e+00
1.040208e+00
1.159311e+00
1.061278e+00
1.146638e+00
1.400803e+00
1.714952e+00
2.101664e+00
2.576430e+00
3.158256e+00
3.870447e+00
4.741603e+00
5.806653e+00
7.108106e+00
8.698769e+00
1.064124e+01
1.301542e+01
1.591543e+01
1.945418e+01
2.378952e+01
2.908178e+01
3.551561e+01
4.346075e+01
5.320892e+01
6.055762e+01
1.386648e+02
1.386651e+02
1.259699e+02
1.031818e+02
8.445780e+01
6.914870e+01
5.660624e+01
4.634080e+01
3.793630e+01
3.105389e+01
2.542058e+01
2.080787e+01
1.703161e+01
1.393986e+01
1.140846e+01
9.336047e+00
7.639339e+00
6.250205e+00
5.112931e+00
4.181878e+00
3.419678e+00
2.795747e+00
2.285047e+00
1.867085e+00
1.525079e+00
1.245296e+00
1.016498e+00
1.167312e+00
1.035503e+00
1.175868e+00
1.436985e+00
1.759539e+00
2.156442e+00
2.643598e+00
3.240516e+00
3.971100e+00
4.864669e+00
5.957124e+00
7.291968e+00
8.923501e+00
1.091570e+01
1.335096e+01
1.632466e+01
1.995517e+01
2.440180e+01
2.982565e+01
3.642934e+01
4.457971e+01
5.457011e+01
6.186039e+01
1.326933e+02
1.326935e+02
1.229789e+02
1.007408e+02
8.246801e+01
6.751566e+01
5.526644e+01
4.524518e+01
3.703913e+01
3.031972e+01
2.481933e+01
2.031554e+01
1.662865e+01
1.360989e+01
1.113835e+01
9.114925e+00
7.458311e+00
6.102020e+00
4.991629e+00
4.082590e+00
3.338414e+00
2.729242e+00
2.230626e+00
1.822560e+00
1.488657e+00
1.215511e+00
1.007912e+00
1.170149e+00
1.011406e+00
1.204490e+00
1.472375e+00
1.803119e+00
2.209964e+00
2.709212e+00
3.320864e+00
4.069416e+00
4.984879e+00
6.104112e+00
7.471594e+00
9.143036e+00
1.118385e+01
1.367879e+01
1.672440e+01
2.044475e+01
2.500051e+01
3.055206e+01
3.732241e+01
4.566908e+01
5.589454e+01
6.310115e+01
1.269474e+02
1.269476e+02
1.200283e+02
9.832789e+01
8.049434e+01
6.589416e+01
5.394446e+01
4.416095e+01
3.615081e+01
2.959313e+01
2.422451e+01
1.982848e+01
1.622973e+01
1.328334e+01
1.087100e+01
8.896043e+00
7.279089e+00
5.955302e+00
4.871510e+00
3.984252e+00
3.257912e+00
2.663346e+00
2.176691e+00
1.778420e+00
1.452541e+00
1.185968e+00
1.033062e+00
1.166851e+00
1.012133e+00
1.233638e+00
1.508427e+00
1.847518e+00
2.264485e+00
2.776037e+00
3.402673e+00
4.169503e+00
5.107228e+00
6.253672e+00
7.654361e+00
9.366321e+00
1.145664e+01
1.401210e+01
1.713080e+01
2.094240e+01
2.560905e+01
3.129012e+01
3.823000e+01
4.677906e+01
5.724413e+01
6.434771e+01
1.214457e+02
1.214459e+02
1.171431e+02
9.597213e+01
7.854610e+01
6.430780e+01
5.264617e+01
4.309828e+01
3.527964e+01
2.888070e+01
2.364082e+01
1.935088e+01
1.583860e+01
1.296319e+01
1.060891e+01
8.681501e+00
7.103460e+00
5.811533e+00
4.753835e+00
3.887940e+00
3.179091e+00
2.598846e+00
2.123919e+00
1.735251e+00
1.417235e+00
1.157102e+00
1.058867e+00
1.156934e+00
1.036212e+00
1.263550e+00
1.545376e+00
1.892988e+00
2.320304e+00
2.844443e+00
3.486413e+00
4.271959e+00
5.232496e+00
6.406788e+00
7.841525e+00
9.594982e+00
1.173607e+01
1.435352e+01
1.754706e+01
2.145254e+01
2.623177e+01
3.204737e+01
3.916061e+01
4.791866e+01
5.862524e+01
6.561490e+01
1.163626e+02
1.163628e+02
1.145049e+02
9.378841e+01
7.677259e+01
6.285475e+01
5.145246e+01
4.212158e+01
3.448225e+01
2.822656e+01
2.310499e+01
1.891252e+01
1.547974e+01
1.266930e+01
1.036832e+01
8.484510e+00
6.942193e+00
5.679484e+00
4.645732e+00
3.799436e+00
3.106636e+00
2.539535e+00
2.075372e+00
1.695520e+00
1.384726e+00
1.130510e+00
1.083815e+00
1.138653e+00
1.062654e+00
1.296375e+00
1.585905e+00
1.942849e+00
2.381499e+00
2.919426e+00
3.578194e+00
4.384245e+00
5.369779e+00
6.574566e+00
8.046613e+00
9.845484e+00
1.204229e+01
1.472764e+01
1.800344e+01
2.201137e+01
2.691405e+01
3.287679e+01
4.018110e+01
4.916290e+01
6.013693e+01
6.700864e+01
1.117477e+02
1.117479e+02
1.121951e+02
9.184944e+01
7.521820e+01
6.157422e+01
5.040636e+01
4.126287e+01
3.378005e+01
2.765134e+01
2.263415e+01
1.852702e+01
1.516407e+01
1.241082e+01
1.015669e+01
8.311221e+00
6.800298e+00
5.563299e+00
4.550596e+00
3.721536e+00
3.042852e+00
2.487311e+00
2.032616e+00
1.660519e+00
1.356080e+00
1.107072e+00
1.106377e+00
1.111645e+00
1.092522e+00
1.333380e+00
1.631544e+00
1.998962e+00
2.450348e+00
3.003781e+00
3.681446e+00
4.510566e+00
5.524251e+00
6.763340e+00
8.277410e+00
1.012736e+01
1.238691e+01
1.514877e+01
1.851719e+01
2.264042e+01
2.768254e+01
3.381165e+01
4.132858e+01
5.056253e+01
6.183529e+01
6.857723e+01
1.071667e+02
1.071669e+02
1.097676e+02
8.985805e+01
7.358512e+01
6.023291e+01
4.931515e+01
4.036805e+01
3.304481e+01
2.705106e+01
2.214306e+01
1.812441e+01
1.483453e+01
1.214108e+01
9.935830e+00
8.130389e+00
6.652249e+00
5.442095e+00
4.451367e+00
3.640303e+00
2.976357e+00
2.432882e+00
1.988070e+00
1.624067e+00
1.326258e+00
1.082682e+00
1.127633e+00
1.083477e+00
1.122009e+00
1.369890e+00
1.676553e+00
2.054284e+00
2.518211e+00
3.086916e+00
3.783189e+00
4.635015e+00
5.676443e+00
6.949300e+00
8.504765e+00
1.040501e+01
1.272638e+01
1.556340e+01
1.902340e+01
2.326009e+01
2.843992e+01
3.473290e+01
4.245912e+01
5.194217e+01
6.350156e+01
7.008646e+01
1.025772e+02
1.025774e+02
1.071499e+02
8.775215e+01
7.183498e+01
5.880976e+01
4.814629e+01
3.941108e+01
3.226239e+01
2.640960e+01
2.161845e+01
1.769481e+01
1.448292e+01
1.185323e+01
9.700200e+00
7.937521e+00
6.494392e+00
5.312891e+00
4.345632e+00
3.553778e+00
2.905564e+00
2.374968e+00
1.940702e+00
1.585332e+00
1.294592e+00
1.056802e+00
1.144702e+00
1.057305e+00
1.150438e+00
1.405058e+00
1.719881e+00
2.107519e+00
2.583504e+00
3.166896e+00
3.881072e+00
4.754729e+00
5.822852e+00
7.128211e+00
8.723508e+00
1.067213e+01
1.305303e+01
1.596243e+01
1.951098e+01
2.385591e+01
2.916881e+01
3.561846e+01
4.354722e+01
5.327098e+01
6.510718e+01
7.150242e+01
9.796771e+01
9.796801e+01
1.043675e+02
8.549530e+01
6.998613e+01
5.729405e+01
4.690542e+01
3.839335e+01
3.143112e+01
2.572812e+01
2.106022e+01
1.723800e+01
1.410869e+01
1.154668e+01
9.449203e+00
7.731927e+00
6.325984e+00
5.174936e+00
4.232617e+00
3.461182e+00
2.829693e+00
2.312800e+00
1.889761e+00
1.543593e+00
1.260401e+00
1.028809e+00
1.158184e+00
1.034384e+00
1.176819e+00
1.437891e+00
1.760453e+00
2.157422e+00
2.644708e+00
3.241830e+00
3.972706e+00
4.866697e+00
5.959665e+00
7.295230e+00
8.927592e+00
1.092113e+01
1.335742e+01
1.633403e+01
1.996488e+01
2.441063e+01
2.984618e+01
3.644447e+01
4.455798e+01
5.450710e+01
6.658261e+01
7.279012e+01
9.331109e+01
9.331168e+01
1.013717e+02
8.305053e+01
6.799591e+01
5.565593e+01
4.556322e+01
3.729740e+01
3.053376e+01
2.499302e+01
2.045866e+01
1.674570e+01
1.370563e+01
1.121687e+01
9.179361e+00
7.511111e+00
6.145341e+00
5.027185e+00
4.111782e+00
3.362389e+00
2.748939e+00
2.246809e+00
1.835853e+00
1.499569e+00
1.224459e+00
1.000526e+00
1.167413e+00
1.014343e+00
1.200517e+00
1.467150e+00
1.796459e+00
2.201631e+00
2.698907e+00
3.308212e+00
4.053945e+00
4.966056e+00
6.081179e+00
7.443743e+00
9.109169e+00
1.114280e+01
1.362868e+01
1.666498e+01
2.036986e+01
2.490656e+01
3.045058e+01
3.718193e+01
4.546280e+01
5.561176e+01
6.788734e+01
7.383175e+01
8.879505e+01
8.879612e+01
9.856916e+01
8.077452e+01
6.610812e+01
5.412314e+01
4.430000e+01
3.626657e+01
2.968670e+01
2.429861e+01
1.988917e+01
1.627840e+01
1.332204e+01
1.090186e+01
8.920418e+00
7.298143e+00
5.969993e+00
4.882687e+00
3.992562e+00
3.263917e+00
2.667502e+00
2.179385e+00
1.779986e+00
1.453269e+00
1.186124e+00
1.033243e+00
1.176358e+00
1.000401e+00
1.220536e+00
1.493147e+00
1.829163e+00
2.242040e+00
2.748331e+00
3.368330e+00
4.126880e+00
5.054396e+00
6.188236e+00
7.573482e+00
9.266535e+00
1.133376e+01
1.386088e+01
1.694699e+01
2.071361e+01
2.532692e+01
3.096285e+01
3.780668e+01
4.622719e+01
5.655128e+01
6.896580e+01
7.450463e+01
8.445780e+01
8.445861e+01
9.626009e+01
7.888029e+01
6.455178e+01
5.284929e+01
4.326072e+01
3.541018e+01
2.898570e+01
2.372337e+01
1.941715e+01
1.589083e+01
1.300383e+01
1.064024e+01
8.705198e+00
7.120963e+00
5.823958e+00
4.762191e+00
3.893028e+00
3.181589e+00
2.599333e+00
2.122892e+00
1.733157e+00
1.414488e+00
1.154108e+00
1.062053e+00
1.181917e+00
1.010174e+00
1.234335e+00
1.511198e+00
1.851860e+00
2.269965e+00
2.782279e+00
3.409341e+00
4.176297e+00
5.113858e+00
6.259859e+00
7.659820e+00
9.370768e+00
1.145975e+01
1.401350e+01
1.713204e+01
2.093925e+01
2.560177e+01
3.129819e+01
3.821693e+01
4.672735e+01
5.716216e+01
6.959015e+01
7.450401e+01
8.058887e+01
8.058951e+01
9.482619e+01
7.766071e+01
6.358942e+01
5.204028e+01
4.260373e+01
3.486885e+01
2.854247e+01
2.335908e+01
1.911720e+01
1.564401e+01
1.280055e+01
1.047250e+01
8.566660e+00
7.006347e+00
5.729009e+00
4.683378e+00
3.827502e+00
3.127022e+00
2.553840e+00
2.084954e+00
1.701561e+00
1.388284e+00
1.132574e+00
1.082029e+00
1.183047e+00
1.018162e+00
1.245720e+00
1.526068e+00
1.870443e+00
2.292640e+00
2.809592e+00
3.442032e+00
4.215324e+00
5.160435e+00
6.315502e+00
7.726454e+00
9.450597e+00
1.155596e+01
1.412915e+01
1.727217e+01
2.111058e+01
2.580913e+01
3.155134e+01
3.852130e+01
4.710953e+01
5.762586e+01
6.987006e+01
7.396230e+01
7.707219e+01
7.707272e+01
9.426883e+01
7.718426e+01
6.320090e+01
5.172096e+01
4.233891e+01
3.465048e+01
2.836097e+01
2.321024e+01
1.899293e+01
1.554043e+01
1.271396e+01
1.039997e+01
8.505604e+00
6.954799e+00
5.685337e+00
4.646242e+00
3.795836e+00
3.099980e+00
2.530758e+00
2.065328e+00
1.685030e+00
1.374621e+00
1.121681e+00
1.091585e+00
1.183235e+00
1.022494e+00
1.252432e+00
1.534952e+00
1.881379e+00
2.305597e+00
2.824624e+00
3.459279e+00
4.235029e+00
5.182918e+00
6.341212e+00
7.756000e+00
9.484698e+00
1.159561e+01
1.417531e+01
1.732703e+01
2.117678e+01
2.588857e+01
3.164588e+01
3.863448e+01
4.725050e+01
5.779981e+01
6.958016e+01
7.273381e+01
7.390879e+01
7.390925e+01
9.474233e+01
7.760898e+01
6.352405e+01
5.199647e+01
4.255938e+01
3.482517e+01
2.850316e+01
2.332426e+01
1.908393e+01
1.561270e+01
1.277108e+01
1.044486e+01
8.540460e+00
6.981558e+00
5.705599e+00
4.661321e+00
3.806850e+00
3.107871e+00
2.536349e+00
2.069344e+00
1.688136e+00
1.377457e+00
1.124891e+00
1.086533e+00
1.182478e+00
1.022522e+00
1.253206e+00
1.535966e+00
1.882142e+00
2.305613e+00
2.823371e+00
3.456187e+00
4.229449e+00
5.174111e+00
6.328328e+00
7.737979e+00
9.460392e+00
1.156338e+01
1.413371e+01
1.727390e+01
2.111050e+01
2.580719e+01
3.154308e+01
3.851077e+01
4.709401e+01
5.759159e+01
6.849595e+01
7.055746e+01
7.095592e+01
7.095632e+01
9.636794e+01
7.897416e+01
6.464168e+01
5.290067e+01
4.329424e+01
3.542667e+01
2.899231e+01
2.372087e+01
1.940560e+01
1.587348e+01
1.298187e+01
1.061471e+01
8.677124e+00
7.091187e+00
5.793245e+00
4.731254e+00
3.862543e+00
3.152248e+00
2.571880e+00
2.098139e+00
1.712036e+00
1.398115e+00
1.143838e+00
1.064891e+00
1.179560e+00
1.016517e+00
1.245496e+00
1.525550e+00
1.867914e+00
2.286316e+00
2.797553e+00
3.422133e+00
4.185096e+00
5.117021e+00
6.255555e+00
7.645873e+00
9.344566e+00
1.141884e+01
1.395372e+01
1.705022e+01
2.083576e+01
2.547091e+01
3.112902e+01
3.800501e+01
4.647252e+01
5.681160e+01
6.611893e+01
6.699325e+01
6.521729e+01
6.521763e+01
9.350686e+01
7.661658e+01
6.271901e+01
5.134236e+01
4.201179e+01
3.438850e+01
2.814444e+01
2.303166e+01
1.884648e+01
1.542009e+01
1.261519e+01
1.031884e+01
8.438990e+00
6.900202e+00
5.640611e+00
4.609651e+00
3.765923e+00
3.075542e+00
2.510809e+00
2.049042e+00
1.671728e+00
1.363760e+00
1.112832e+00
1.100169e+00
1.245103e+00
1.049587e+00
1.167144e+00
1.430512e+00
1.753418e+00
2.148803e+00
2.632529e+00
3.224009e+00
3.946934e+00
4.830307e+00
5.909793e+00
7.228215e+00
8.839266e+00
1.080673e+01
1.321107e+01
1.614670e+01
1.974084e+01
2.413882e+01
2.950132e+01
3.554518e+01
4.251872e+01
5.193506e+01
5.862815e+01
5.831866e+01
5.365668e+01
5.365695e+01
7.785631e+01
6.379290e+01
5.224274e+01
4.277337e+01
3.502112e+01
2.867375e+01
2.348108e+01
1.922918e+01
1.574723e+01
1.289712e+01
1.056390e+01
8.653916e+00
7.090046e+00
5.809861e+00
4.761838e+00
3.903824e+00
3.201430e+00
2.626395e+00
2.155670e+00
1.770352e+00
1.455019e+00
1.197059e+00
1.014037e+00
1.228672e+00
1.348684e+00
1.156080e+00
1.034629e+00
1.250809e+00
1.522476e+00
1.860615e+00
2.278801e+00
2.793801e+00
3.426231e+00
4.201395e+00
5.150580e+00
6.311446e+00
7.731191e+00
9.465872e+00
1.158670e+01
1.417474e+01
1.734714e+01
2.105266e+01
2.481714e+01
2.988174e+01
3.330317e+01
3.977966e+01
4.363378e+01
4.213709e+01
4.394924e+01
4.394946e+01
6.241580e+01
5.115886e+01
4.189779e+01
3.429641e+01
2.808633e+01
2.299519e+01
1.883404e+01
1.542447e+01
1.263300e+01
1.034846e+01
8.478024e+00
6.946843e+00
5.693370e+00
4.667278e+00
3.827284e+00
3.139670e+00
2.576829e+00
2.116112e+00
1.739070e+00
1.430559e+00
1.178235e+00
1.028790e+00
1.244307e+00
1.499085e+00
1.513468e+00
1.287919e+00
1.078227e+00
1.120053e+00
1.362256e+00
1.663869e+00
2.037004e+00
2.496632e+00
3.061182e+00
3.753193e+00
4.600612e+00
5.637177e+00
6.904813e+00
8.453971e+00
1.034790e+01
1.265875e+01
1.549175e+01
1.877002e+01
2.077765e+01
2.482469e+01
2.714973e+01
2.997841e+01
3.166124e+01
2.888187e+01
3.596702e+01
3.596719e+01
4.986543e+01
4.089249e+01
3.346774e+01
2.740907e+01
2.244242e+01
1.837969e+01
1.505329e+01
1.232985e+01
1.010034e+01
8.275271e+00
6.781280e+00
5.558200e+00
4.557096e+00
3.737631e+00
3.066868e+00
2.517842e+00
2.068529e+00
1.700848e+00
1.400060e+00
1.154111e+00
1.049151e+00
1.267183e+00
1.525394e+00
1.814290e+00
1.697830e+00
1.447216e+00
1.213641e+00
1.006202e+00
1.207674e+00
1.474161e+00
1.804007e+00
2.210445e+00
2.709797e+00
3.321994e+00
4.071704e+00
4.988980e+00
6.110538e+00
7.481581e+00
9.157733e+00
1.120280e+01
1.371035e+01
1.675502e+01
1.797241e+01
2.040739e+01
2.347193e+01
2.393885e+01
2.365158e+01
2.014022e+01
2.943351e+01
2.943365e+01
3.975660e+01
3.260668e+01
2.668592e+01
2.185194e+01
1.789785e+01
1.465987e+01
1.200684e+01
9.837157e+00
8.059799e+00
6.605328e+00
5.414736e+00
4.440126e+00
3.642406e+00
2.989541e+00
2.455231e+00
2.017999e+00
1.660298e+00
1.367749e+00
1.128597e+00
1.071491e+00
1.292034e+00
1.552058e+00
1.855016e+00
2.133711e+00
1.907378e+00
1.632547e+00
1.373388e+00
1.141212e+00
1.063182e+00
1.296513e+00
1.585644e+00
1.942171e+00
2.380417e+00
2.917932e+00
3.576264e+00
4.381982e+00
5.367058e+00
6.571548e+00
8.044594e+00
9.840677e+00
1.204555e+01
1.474020e+01
1.563311e+01
1.694908e+01
1.991454e+01
1.996402e+01
1.824220e+01
1.499881e+01
2.412371e+01
2.412382e+01
3.176824e+01
2.604309e+01
2.132619e+01
1.746186e+01
1.429927e+01
1.171396e+01
9.594837e+00
7.861128e+00
6.441215e+00
5.279405e+00
4.328377e+00
3.549888e+00
2.912694e+00
2.391258e+00
1.964517e+00
1.615369e+00
1.329756e+00
1.096217e+00
1.104526e+00
1.334100e+00
1.606173e+00
1.925404e+00
2.294961e+00
2.519491e+00
2.198310e+00
1.876500e+00
1.575652e+00
1.307730e+00
1.077095e+00
1.132544e+00
1.385258e+00
1.696696e+00
2.079352e+00
2.548631e+00
3.123217e+00
3.826461e+00
4.686095e+00
5.737331e+00
7.022971e+00
8.590137e+00
1.051583e+01
1.286580e+01
1.339627e+01
1.420041e+01
1.662975e+01
1.677798e+01
1.446282e+01
1.184752e+01
1.974027e+01
1.974036e+01
2.541507e+01
2.082611e+01
1.705819e+01
1.396922e+01
1.143911e+01
9.370844e+00
7.676922e+00
6.290011e+00
5.154724e+00
4.225630e+00
3.465161e+00
2.842668e+00
2.333239e+00
1.916382e+00
1.575263e+00
1.296228e+00
1.068026e+00
1.134421e+00
1.371412e+00
1.653077e+00
1.984860e+00
2.371005e+00
2.813453e+00
2.921197e+00
2.543723e+00
2.171397e+00
1.823347e+00
1.513385e+00
1.246544e+00
1.021928e+00
1.196842e+00
1.465876e+00
1.796411e+00
2.201810e+00
2.698124e+00
3.305659e+00
4.048103e+00
4.956536e+00
6.066580e+00
7.421093e+00
9.085262e+00
1.110512e+01
1.131067e+01
1.183977e+01
1.378829e+01
1.394616e+01
1.166317e+01
9.551835e+00
1.615657e+01
1.615665e+01
2.039526e+01
1.670840e+01
1.368505e+01
1.120615e+01
9.178726e+00
7.517836e+00
6.159343e+00
5.046798e+00
4.136085e+00
3.390752e+00
2.780668e+00
2.281325e+00
1.872691e+00
1.538317e+00
1.264707e+00
1.040906e+00
1.165658e+00
1.411803e+00
1.705949e+00
2.055074e+00
2.465561e+00
2.942070e+00
3.496366e+00
3.443346e+00
2.991427e+00
2.545938e+00
2.133258e+00
1.768092e+00
1.455068e+00
1.192296e+00
1.026075e+00
1.256845e+00
1.540250e+00
1.887759e+00
2.313136e+00
2.833771e+00
3.469990e+00
4.248528e+00
5.199295e+00
6.360503e+00
7.786627e+00
9.494314e+00
9.465369e+00
9.804555e+00
1.137873e+01
1.149308e+01
9.493759e+00
7.773850e+00
1.322066e+01
1.322072e+01
1.643460e+01
1.346131e+01
1.102079e+01
9.027517e+00
7.393200e+00
6.055407e+00
4.960243e+00
4.064001e+00
3.330291e+00
2.729671e+00
2.238071e+00
1.835745e+00
1.506456e+00
1.236981e+00
1.016458e+00
1.196106e+00
1.452511e+00
1.761177e+00
2.131180e+00
2.572150e+00
3.093487e+00
3.702935e+00
4.405614e+00
4.168224e+00
3.587360e+00
3.031205e+00
2.527047e+00
2.087602e+00
1.714620e+00
1.403453e+00
1.146598e+00
1.068479e+00
1.309371e+00
1.604575e+00
1.965799e+00
2.407789e+00
2.947878e+00
3.608553e+00
4.415202e+00
5.401291e+00
6.612319e+00
8.040308e+00
7.875413e+00
8.095857e+00
9.375696e+00
9.436044e+00
7.755783e+00
6.350161e+00
1.083920e+01
1.083925e+01
1.330310e+01
1.089387e+01
8.919929e+00
7.307540e+00
5.985241e+00
4.902567e+00
4.016566e+00
3.291295e+00
2.697688e+00
2.211776e+00
1.814063e+00
1.488592e+00
1.222259e+00
1.004330e+00
1.210615e+00
1.470148e+00
1.782613e+00
2.157220e+00
2.603777e+00
3.132041e+00
3.750378e+00
4.463678e+00
5.249459e+00
4.853796e+00
4.199942e+00
3.563428e+00
2.979288e+00
2.465776e+00
2.027486e+00
1.660552e+00
1.357043e+00
1.107789e+00
1.106244e+00
1.355742e+00
1.661140e+00
2.034850e+00
2.491570e+00
3.050326e+00
3.732312e+00
4.566616e+00
5.590843e+00
6.788272e+00
6.548077e+00
6.677078e+00
7.724975e+00
7.746137e+00
6.353493e+00
5.201874e+00
1.530753e+01
1.530760e+01
1.848827e+01
1.513913e+01
1.240330e+01
1.015589e+01
8.319680e+00
6.814537e+00
5.583756e+00
4.575609e+00
3.750597e+00
3.075391e+00
2.522730e+00
2.070448e+00
1.700366e+00
1.397570e+00
1.149853e+00
1.055650e+00
1.279274e+00
1.546952e+00
1.865355e+00
2.240914e+00
2.678753e+00
3.181146e+00
3.681494e+00
3.328451e+00
2.877443e+00
2.439482e+00
2.038359e+00
1.686274e+00
1.386096e+00
1.134986e+00
1.078285e+00
1.321039e+00
1.619048e+00
1.984259e+00
2.431371e+00
2.978345e+00
3.646980e+00
4.464831e+00
5.463156e+00
6.684171e+00
8.184029e+00
9.889080e+00
9.349081e+00
9.447282e+00
1.093928e+01
1.092011e+01
8.947276e+00
7.325298e+00
3.327406e+00
3.328301e+00
2.038569e+00
1.650124e+00
1.263267e+00
1.029373e+00
1.130467e+00
1.268313e+00
1.388754e+00
1.491748e+00
1.579758e+00
1.655696e+00
1.721033e+00
1.777177e+00
1.823616e+00
1.859876e+00
1.887560e+00
1.907693e+00
1.920503e+00
1.927694e+00
1.930921e+00
1.931384e+00
1.931046e+00
1.932895e+00
2.030930e+00
2.616145e+00
3.178013e+00
3.524673e+00
3.681461e+00
3.566394e+00
3.225303e+00
3.176523e+00
3.138607e+00
3.099897e+00
3.061079e+00
3.022991e+00
2.987243e+00
2.955177e+00
2.928578e+00
2.909942e+00
2.900744e+00
2.903943e+00
2.927358e+00
2.913607e+00
2.450486e+00
2.114069e+00
1.975718e+00
1.529534e+00
1.194653e+00
3.085208e+00
2.357377e+00
2.307863e+00
3.903101e+00
3.198983e+00
2.635267e+00
2.163624e+00
1.776830e+00
1.463017e+00
1.207765e+00
1.004815e+00
1.220456e+00
1.481781e+00
1.799639e+00
2.187048e+00
2.663862e+00
3.252565e+00
3.973460e+00
4.853297e+00
5.923147e+00
6.726848e+00
6.479460e+00
5.819982e+00
5.321582e+00
4.993292e+00
4.684835e+00
3.804207e+00
3.228353e+00
2.913921e+00
2.677252e+00
2.606422e+00
2.623206e+00
2.249908e+00
1.960534e+00
1.735762e+00
1.554494e+00
1.404661e+00
1.278383e+00
1.170786e+00
1.078231e+00
1.002148e+00
1.077008e+00
1.151428e+00
1.227630e+00
1.284705e+00
1.178596e+00
1.193000e+00
1.449922e+00
1.635091e+00
1.513230e+00
1.311635e+00
2.312740e+00
2.097786e+00
3.516622e+00
2.881268e+00
2.370915e+00
1.945150e+00
1.596234e+00
1.313030e+00
1.082681e+00
1.121857e+00
1.363496e+00
1.656292e+00
2.011935e+00
2.443884e+00
2.971676e+00
3.614000e+00
4.378756e+00
5.261951e+00
6.232734e+00
6.825428e+00
6.484668e+00
5.823135e+00
5.323685e+00
4.995846e+00
4.689368e+00
3.809658e+00
3.233975e+00
2.919163e+00
2.680780e+00
2.608469e+00
2.625082e+00
2.252327e+00
1.963897e+00
1.740240e+00
1.560198e+00
1.411650e+00
1.286771e+00
1.180628e+00
1.089660e+00
1.010916e+00
1.060034e+00
1.129527e+00
1.199925e+00
1.252590e+00
1.155743e+00
1.255636e+00
1.498211e+00
1.670722e+00
1.516873e+00
1.285114e+00
2.194619e+00
1.705921e+00
2.825605e+00
2.312721e+00
1.898496e+00
1.554793e+00
1.273598e+00
1.045324e+00
1.163032e+00
1.415179e+00
1.722292e+00
2.094106e+00
2.543985e+00
3.085192e+00
3.733077e+00
4.489328e+00
5.318705e+00
6.135841e+00
6.811861e+00
6.980878e+00
6.485677e+00
5.821256e+00
5.320542e+00
4.993966e+00
4.691527e+00
3.814642e+00
3.240014e+00
2.924923e+00
2.683755e+00
2.608874e+00
2.625188e+00
2.253917e+00
1.967581e+00
1.746242e+00
1.568650e+00
1.422608e+00
1.300396e+00
1.196979e+00
1.108935e+00
1.033153e+00
1.032167e+00
1.093772e+00
1.155075e+00
1.200940e+00
1.118443e+00
1.377545e+00
1.602557e+00
1.761599e+00
1.534792e+00
1.225866e+00
1.865507e+00
1.150663e+00
1.897294e+00
1.547151e+00
1.262803e+00
1.028987e+00
1.192602e+00
1.461332e+00
1.786594e+00
2.182946e+00
2.664355e+00
3.244315e+00
3.936338e+00
4.741758e+00
5.638597e+00
6.539627e+00
7.270181e+00
7.638827e+00
7.594633e+00
7.151994e+00
6.486911e+00
5.818576e+00
5.316153e+00
4.991310e+00
4.694378e+00
3.821341e+00
3.248146e+00
2.932684e+00
2.687763e+00
2.609417e+00
2.625343e+00
2.256098e+00
1.972604e+00
1.754394e+00
1.580094e+00
1.437400e+00
1.318721e+00
1.218885e+00
1.134645e+00
1.062672e+00
1.002463e+00
1.050145e+00
1.101384e+00
1.139891e+00
1.073015e+00
1.528785e+00
1.750616e+00
1.949992e+00
1.612938e+00
1.100131e+00
1.057671e+00
1.884974e+00
1.087809e+00
1.365503e+00
1.721861e+00
2.179476e+00
2.769160e+00
3.522186e+00
4.459203e+00
5.600417e+00
6.963172e+00
8.517919e+00
1.012483e+01
1.144193e+01
1.202502e+01
1.167959e+01
1.067314e+01
9.429919e+00
8.261661e+00
7.270650e+00
6.488255e+00
5.815345e+00
5.310926e+00
4.988123e+00
4.697654e+00
3.829123e+00
3.257602e+00
2.941711e+00
2.692428e+00
2.610046e+00
2.625532e+00
2.258664e+00
1.978490e+00
1.763916e+00
1.593416e+00
1.454556e+00
1.339891e+00
1.244081e+00
1.164068e+00
1.096273e+00
1.040514e+00
1.005076e+00
1.047033e+00
1.078909e+00
1.026184e+00
1.590141e+00
1.794801e+00
2.108159e+00
2.109661e+00
1.230123e+00
SCALARS growth double 1
LOOKUP_TABLE default
1.070655e+00
1.639560e+00
1.639560e+00
1.221418e+00
1.221441e+00
1.221441e+00
1.221399e+00
1.221420e+00
1.221420e+00
1.221417e+00
1.221413e+00
1.221413e+00
1.221404e+00
1.221404e+00
1.221405e+00
1.221405e+00
1.221403e+00
1.221403e+00
1.221404e+00
1.221404e+00
1.221404e+00
1.221404e+00
1.221403e+00
1.221403e+00
1.221402e+00
1.221401e+00
1.221399e+00
1.221394e+00
1.221402e+00
1.221402e+00
1.202050e+00
1.221394e+00
1.221420e+00
1.221420e+00
1.221405e+00
1.221405e+00
1.221406e+00
1.221408e+00
1.221422e+00
1.221422e+00
1.221470e+00
1.221470e+00
1.221497e+00
1.221497e+00
1.221911e+00
1.221911e+00
1.222167e+00
1.222167e+00
1.224054e+00
1.224054e+00
1.116326e+00
1.577910e+00
1.577910e+00
1.221616e+00
1.221616e+00
1.221385e+00
1.221393e+00
1.221426e+00
1.221426e+00
1.221412e+00
1.221412e+00
1.221403e+00
1.221403e+00
1.221403e+00
1.221403e+00
1.221404e+00
1.221404e+00
1.221404e+00
1.221404e+00
1.221403e+00
1.221403e+00
1.221403e+00
1.221403e+00
1.221403e+00
1.221402e+00
1.221400e+00
1.221398e+00
1.221394e+00
1.221404e+00
1.221404e+00
1.156629e+00
1.221399e+00
1.221420e+00
1.221420e+00
1.221401e+00
1.221406e+00
1.221406e+00
1.221403e+00
1.221428e+00
1.221428e+00
1.221439e+00
1.221439e+00
1.221522e+00
1.221522e+00
1.222077e+00
1.222077e+00
1.221808e+00
1.216571e+00
1.223664e+00
1.223664e+00
1.116326e+00
1.517599e+00
1.517599e+00
1.221498e+00
1.221498e+00
1.221463e+00
1.221418e+00
1.221418e+00
1.221415e+00
1.221411e+00
1.221411e+00
1.221404e+00
1.221404e+00
1.221407e+00
1.221407e+00
1.221403e+00
1.221403e+00
1.221404e+00
1.221404e+00
1.221405e+00
1.221405e+00
1.221404e+00
1.221404e+00
1.221403e+00
1.221402e+00
1.221400e+00
1.221397e+00
1.221396e+00
1.221401e+00
1.221401e+00
1.203726e+00
1.221408e+00
1.221417e+00
1.221417e+00
1.221406e+00
1.221408e+00
1.221408e+00
1.221405e+00
1.221418e+00
1.221434e+00
1.221434e+00
1.221455e+00
1.221543e+00
1.221543e+00
1.222152e+00
1.222152e+00
1.221932e+00
1.208355e+00
1.223277e+00
1.223277e+00
1.105702e+00
1.462076e+00
1.462076e+00
1.221307e+00
1.221482e+00
1.221482e+00
1.221446e+00
1.221446e+00
1.221410e+00
1.221410e+00
1.221408e+00
1.221408e+00
1.221404e+00
1.221405e+00
1.221405e+00
1.221402e+00
1.221403e+00
1.221405e+00
1.221405e+00
1.221405e+00
1.221405e+00
1.221404e+00
1.221404e+00
1.221402e+00
1.221402e+00
1.221400e+00
1.221396e+00
1.221399e+00
1.221399e+00
1.218570e+00
1.220010e+00
1.221416e+00
1.221416e+00
1.221411e+00
1.221406e+00
1.221409e+00
1.221409e+00
1.221409e+00
1.221403e+00
1.221459e+00
1.221459e+00
1.221468e+00
1.221550e+00
1.221550e+00
1.222091e+00
1.222236e+00
1.222236e+00
1.198355e+00
1.222965e+00
1.222965e+00
1.105702e+00
1.409792e+00
1.409792e+00
1.221490e+00
1.221490e+00
1.221461e+00
1.221461e+00
1.221426e+00
1.221426e+00
1.221415e+00
1.221404e+00
1.221404e+00
1.221404e+00
1.221405e+00
1.221405e+00
1.221403e+00
1.221404e+00
1.221404e+00
1.221404e+00
1.221404e+00
1.221404e+00
1.221403e+00
1.221403e+00
1.221402e+00
1.221401e+00
1.221399e+00
1.221394e+00
1.221402e+00
1.221402e+00
1.201079e+00
1.221393e+00
1.221419e+00
1.221419e+00
1.221405e+00
1.221405e+00
1.221406e+00
1.221409e+00
1.221415e+00
1.221415e+00
1.221471e+00
1.221471e+00
1.221466e+00
1.221534e+00
1.221534e+00
1.221950e+00
1.222585e+00
1.222585e+00
1.186484e+00
1.222748e+00
1.222748e+00
1.097058e+00
1.366360e+00
1.366360e+00
1.221529e+00
1.221529e+00
1.221448e+00
1.221461e+00
1.221461e+00
1.221429e+00
1.221429e+00
1.221405e+00
1.221408e+00
1.221408e+00
1.221405e+00
1.221405e+00
1.221402e+00
1.221405e+00
1.221405e+00
1.221403e+00
1.221404e+00
1.221404e+00
1.221403e+00
1.221403e+00
1.221402e+00
1.221400e+00
1.221398e+00
1.221394e+00
1.221404e+00
1.221404e+00
1.162439e+00
1.221397e+00
1.221419e+00
1.221419e+00
1.221401e+00
1.221404e+00
1.221404e+00
1.221405e+00
1.221425e+00
1.221425e+00
1.221462e+00
1.221462e+00
1.221462e+00
1.221492e+00
1.221492e+00
1.221803e+00
1.222874e+00
1.222874e+00
1.172708e+00
1.222501e+00
1.222501e+00
1.077407e+00
1.326388e+00
1.326388e+00
1.221361e+00
1.221390e+00
1.221390e+00
1.221531e+00
1.221531e+00
1.221409e+00
1.221409e+00
1.221405e+00
1.221406e+00
1.221406e+00
1.221403e+00
1.221405e+00
1.221405e+00
1.221405e+00
1.221405e+00
1.221405e+00
1.221405e+00
1.221404e+00
1.221404e+00
1.221403e+00
1.221402e+00
1.221400e+00
1.221397e+00
1.221395e+00
1.221403e+00
1.221403e+00
1.193444e+00
1.221404e+00
1.221418e+00
1.221418e+00
1.221404e+00
1.221406e+00
1.221406e+00
1.221402e+00
1.221427e+00
1.221427e+00
1.221437e+00
1.221437e+00
1.221473e+00
1.221473e+00
1.221586e+00
1.221660e+00
1.223095e+00
1.223095e+00
1.174648e+00
1.222336e+00
1.222336e+00
1.074920e+00
1.286435e+00
1.286435e+00
1.221327e+00
1.221381e+00
1.221446e+00
1.221446e+00
1.221445e+00
1.221429e+00
1.221429e+00
1.221411e+00
1.221411e+00
1.221403e+00
1.221405e+00
1.221405e+00
1.221403e+00
1.221404e+00
1.221404e+00
1.221405e+00
1.221405e+00
1.221404e+00
1.221404e+00
1.221402e+00
1.221402e+00
1.221400e+00
1.221396e+00
1.221397e+00
1.221400e+00
1.221400e+00
1.214859e+00
1.221411e+00
1.221415e+00
1.221415e+00
1.221406e+00
1.221408e+00
1.221408e+00
1.221405e+00
1.221418e+00
1.221426e+00
1.221426e+00
1.221433e+00
1.221495e+00
1.221495e+00
1.221745e+00
1.221745e+00
1.223196e+00
1.223196e+00
1.185801e+00
1.222192e+00
1.222192e+00
1.079316e+00
1.247005e+00
1.247005e+00
1.221411e+00
1.221502e+00
1.221502e+00
1.221412e+00
1.221412e+00
1.221423e+00
1.221423e+00
1.221407e+00
1.221407e+00
1.221404e+00
1.221406e+00
1.221406e+00
1.221405e+00
1.221405e+00
1.221403e+00
1.221405e+00
1.221405e+00
1.221404e+00
1.221404e+00
1.221402e+00
1.221402e+00
1.221400e+00
1.221395e+00
1.221400e+00
1.221400e+00
1.216428e+00
1.221378e+00
1.221417e+00
1.221417e+00
1.221410e+00
1.221406e+00
1.221408e+00
1.221409e+00
1.221409e+00
1.221403e+00
1.221447e+00
1.221447e+00
1.221452e+00
1.221516e+00
1.221516e+00
1.221890e+00
1.221890e+00
1.223291e+00
1.223291e+00
1.196222e+00
1.221994e+00
1.221994e+00
1.079316e+00
1.145977e+00
1.220759e+00
1.221374e+00
1.221560e+00
1.221560e+00
1.221431e+00
1.221397e+00
1.221430e+00
1.221430e+00
1.221406e+00
1.221409e+00
1.221409e+00
1.221407e+00
1.221407e+00
1.221403e+00
1.221404e+00
1.221404e+00
1.221404e+00
1.221404e+00
1.221403e+00
1.221403e+00
1.221402e+00
1.221402e+00
1.221400e+00
1.221396e+00
1.221400e+00
1.221400e+00
1.215992e+00
1.219085e+00
1.221414e+00
1.221414e+00
1.221409e+00
1.221406e+00
1.221408e+00
1.221408e+00
1.221408e+00
1.221405e+00
1.221442e+00
1.221442e+00
1.221448e+00
1.221486e+00
1.221486e+00
1.221712e+00
1.221712e+00
1.223084e+00
1.223084e+00
1.191927e+00
1.191927e+00
1.142095e+00
1.077004e+00
1.077327e+00
1.220685e+00
1.221487e+00
1.221487e+00
1.221571e+00
1.221571e+00
1.221402e+00
1.221462e+00
1.221462e+00
1.221406e+00
1.221406e+00
1.221404e+00
1.221408e+00
1.221408e+00
1.221403e+00
1.221404e+00
1.221404e+00
1.221403e+00
1.221403e+00
1.221403e+00
1.221403e+00
1.221403e+00
1.221402e+00
1.221401e+00
1.221399e+00
1.221401e+00
1.221401e+00
1.209206e+00
1.218901e+00
1.221407e+00
1.221408e+00
1.221408e+00
1.221407e+00
1.221408e+00
1.221408e+00
1.221409e+00
1.221417e+00
1.221417e+00
1.221436e+00
1.221436e+00
1.221495e+00
1.221495e+00
1.221542e+00
1.222019e+00
1.222019e+00
1.221850e+00
1.178957e+00
1.095108e+00
1.091697e+00
1.066959e+00
1.132392e+00
1.220770e+00
1.221732e+00
1.221732e+00
1.221510e+00
1.221510e+00
1.221393e+00
1.221431e+00
1.221431e+00
1.221421e+00
1.221421e+00
1.221407e+00
1.221407e+00
1.221405e+00
1.221405e+00
1.221403e+00
1.221403e+00
1.221403e+00
1.221403e+00
1.221403e+00
1.221403e+00
1.221403e+00
1.221402e+00
1.221400e+00
1.221399e+00
1.221404e+00
1.259314e+00
1.263917e+00
1.221404e+00
1.221405e+00
1.221406e+00
1.221406e+00
1.221407e+00
1.221408e+00
1.221412e+00
1.221412e+00
1.221422e+00
1.221422e+00
1.221447e+00
1.221447e+00
1.221548e+00
1.221548e+00
1.221767e+00
1.222274e+00
1.222274e+00
1.222810e+00
1.224195e+00
1.224195e+00
1.151617e+00
1.055623e+00
1.166421e+00
1.221122e+00
1.221552e+00
1.221552e+00
1.221424e+00
1.221503e+00
1.221503e+00
1.221425e+00
1.221425e+00
1.221418e+00
1.221418e+00
1.221410e+00
1.221410e+00
1.221408e+00
1.221408e+00
1.221404e+00
1.221404e+00
1.221403e+00
1.221403e+00
1.221403e+00
1.221403e+00
1.221403e+00
1.221402e+00
1.221400e+00
1.221402e+00
1.221402e+00
1.259314e+00
1.263917e+00
1.221405e+00
1.221405e+00
1.221406e+00
1.221407e+00
1.221407e+00
1.221406e+00
1.221421e+00
1.221421e+00
1.221413e+00
1.221433e+00
1.221433e+00
1.221445e+00
1.221536e+00
1.221536e+00
1.221948e+00
1.222023e+00
1.222023e+00
1.223226e+00
1.224328e+00
1.224328e+00
1.146263e+00
1.050722e+00
1.145840e+00
1.221489e+00
1.221489e+00
1.221465e+00
1.221465e+00
1.221540e+00
1.221540e+00
1.221412e+00
1.221418e+00
1.221418e+00
1.221403e+00
1.221408e+00
1.221408e+00
1.221407e+00
1.221407e+00
1.221404e+00
1.221405e+00
1.221405e+00
1.221403e+00
1.221403e+00
1.221403e+00
1.221403e+00
1.221402e+00
1.221400e+00
1.221403e+00
1.221403e+00
1.213915e+00
1.221403e+00
1.221404e+00
1.221405e+00
1.221406e+00
1.221408e+00
1.221408e+00
1.221405e+00
1.221420e+00
1.221420e+00
1.221413e+00
1.221451e+00
1.221451e+00
1.221480e+00
1.221519e+00
1.221519e+00
1.221959e+00
1.221959e+00
1.221910e+00
1.223233e+00
1.224191e+00
1.224191e+00
1.142172e+00
1.044539e+00
1.122954e+00
1.221250e+00
1.221325e+00
1.221442e+00
1.221442e+00
1.221497e+00
1.221497e+00
1.221431e+00
1.221431e+00
1.221408e+00
1.221403e+00
1.221403e+00
1.221406e+00
1.221406e+00
1.221406e+00
1.221403e+00
1.221405e+00
1.221405e+00
1.221403e+00
1.221403e+00
1.221403e+00
1.221403e+00
1.221401e+00
1.221400e+00
1.221403e+00
1.221403e+00
1.200789e+00
1.221403e+00
1.221404e+00
1.221406e+00
1.221406e+00
1.221409e+00
1.221409e+00
1.221407e+00
1.221415e+00
1.221420e+00
1.221420e+00
1.221462e+00
1.221462e+00
1.221503e+00
1.221503e+00
1.221489e+00
1.221972e+00
1.221972e+00
1.221764e+00
1.223311e+00
1.224027e+00
1.224027e+00
1.138001e+00
1.045002e+00
1.100758e+00
1.220798e+00
1.221629e+00
1.221629e+00
1.221474e+00
1.221474e+00
1.221399e+00
1.221448e+00
1.221448e+00
1.221415e+00
1.221415e+00
1.221401e+00
1.221412e+00
1.221412e+00
1.221401e+00
1.221405e+00
1.221405e+00
1.221404e+00
1.221403e+00
1.221403e+00
1.221403e+00
1.221402e+00
1.221401e+00
1.221400e+00
1.221404e+00
1.221404e+00
1.181072e+00
1.221404e+00
1.221404e+00
1.221406e+00
1.221406e+00
1.221409e+00
1.221409e+00
1.221409e+00
1.221410e+00
1.221427e+00
1.221427e+00
1.221470e+00
1.221470e+00
1.221521e+00
1.221521e+00
1.221438e+00
1.221973e+00
1.221973e+00
1.221591e+00
1.223341e+00
1.223836e+00
1.223836e+00
1.133487e+00
1.045262e+00
1.078973e+00
1.220689e+00
1.221506e+00
1.221506e+00
1.221537e+00
1.221537e+00
1.221400e+00
1.221435e+00
1.221435e+00
1.221420e+00
1.221420e+00
1.221407e+00
1.221409e+00
1.221409e+00
1.221402e+00
1.221404e+00
1.221404e+00
1.221404e+00
1.221403e+00
1.221403e+00
1.221403e+00
1.221403e+00
1.221401e+00
1.221401e+00
1.221404e+00
1.221404e+00
1.163663e+00
1.221404e+00
1.221404e+00
1.221405e+00
1.221405e+00
1.221409e+00
1.221411e+00
1.221411e+00
1.221405e+00
1.221433e+00
1.221433e+00
1.221474e+00
1.221474e+00
1.221537e+00
1.221537e+00
1.221419e+00
1.221987e+00
1.221987e+00
1.221393e+00
1.223254e+00
1.223643e+00
1.223643e+00
1.128826e+00
1.045302e+00
1.057626e+00
1.220637e+00
1.221480e+00
1.221485e+00
1.221485e+00
1.221415e+00
1.221421e+00
1.221421e+00
1.221407e+00
1.221424e+00
1.221424e+00
1.221403e+00
1.221409e+00
1.221409e+00
1.221405e+00
1.221405e+00
1.221405e+00
1.221405e+00
1.221403e+00
1.221403e+00
1.221403e+00
1.221403e+00
1.221400e+00
1.221400e+00
1.221404e+00
1.221404e+00
1.187777e+00
1.221405e+00
1.221405e+00
1.221406e+00
1.221406e+00
1.221408e+00
1.221411e+00
1.221411e+00
1.221409e+00
1.221438e+00
1.221438e+00
1.221471e+00
1.221471e+00
1.221542e+00
1.221542e+00
1.221491e+00
1.222007e+00
1.222007e+00
1.221298e+00
1.223245e+00
1.223461e+00
1.223461e+00
1.123992e+00
1.045302e+00
1.045302e+00
1.220536e+00
1.221786e+00
1.221786e+00
1.221403e+00
1.221408e+00
1.221462e+00
1.221462e+00
1.221412e+00
1.221412e+00
1.221411e+00
1.221411e+00
1.221409e+00
1.221409e+00
1.221406e+00
1.221406e+00
1.221404e+00
1.221404e+00
1.221403e+00
1.221403e+00
1.221403e+00
1.221402e+00
1.221400e+00
1.221400e+00
1.221405e+00
1.221405e+00
1.205636e+00
1.221405e+00
1.221405e+00
1.221406e+00
1.221406e+00
1.221407e+00
1.221410e+00
1.221414e+00
1.221414e+00
1.221437e+00
1.221437e+00
1.221465e+00
1.221465e+00
1.221542e+00
1.221542e+00
1.221582e+00
1.221970e+00
1.221970e+00
1.221481e+00
1.223276e+00
1.223276e+00
1.223185e+00
1.119127e+00
1.043684e+00
1.043684e+00
1.220826e+00
1.221566e+00
1.221566e+00
1.221500e+00
1.221500e+00
1.221391e+00
1.221428e+00
1.221428e+00
1.221427e+00
1.221408e+00
1.221408e+00
1.221405e+00
1.221405e+00
1.221403e+00
1.221405e+00
1.221405e+00
1.221403e+00
1.221404e+00
1.221404e+00
1.221403e+00
1.221402e+00
1.221400e+00
1.221400e+00
1.221405e+00
1.221405e+00
1.216714e+00
1.221405e+00
1.221405e+00
1.221406e+00
1.221406e+00
1.221406e+00
1.221409e+00
1.221419e+00
1.221419e+00
1.221433e+00
1.221433e+00
1.221454e+00
1.221454e+00
1.221541e+00
1.221541e+00
1.221655e+00
1.221941e+00
1.221941e+00
1.221704e+00
1.223174e+00
1.223174e+00
1.222976e+00
1.114170e+00
1.042746e+00
1.042746e+00
1.221450e+00
1.221450e+00
1.221495e+00
1.221495e+00
1.221455e+00
1.221455e+00
1.221442e+00
1.221442e+00
1.221420e+00
1.221411e+00
1.221411e+00
1.221405e+00
1.221404e+00
1.221404e+00
1.221405e+00
1.221405e+00
1.221403e+00
1.221403e+00
1.221403e+00
1.221402e+00
1.221402e+00
1.221400e+00
1.221401e+00
1.221401e+00
1.220845e+00
1.220958e+00
1.221405e+00
1.221405e+00
1.221406e+00
1.221406e+00
1.221406e+00
1.221406e+00
1.221422e+00
1.221422e+00
1.221423e+00
1.221423e+00
1.221436e+00
1.221436e+00
1.221545e+00
1.221545e+00
1.221725e+00
1.221929e+00
1.221929e+00
1.221861e+00
1.223077e+00
1.223077e+00
1.222715e+00
1.108937e+00
1.044742e+00
1.044742e+00
1.221504e+00
1.221504e+00
1.221583e+00
1.221583e+00
1.221500e+00
1.221500e+00
1.221447e+00
1.221400e+00
1.221422e+00
1.221422e+00
1.221404e+00
1.221406e+00
1.221406e+00
1.221404e+00
1.221404e+00
1.221404e+00
1.221403e+00
1.221403e+00
1.221403e+00
1.221403e+00
1.221402e+00
1.221400e+00
1.221402e+00
1.221402e+00
1.216304e+00
1.221403e+00
1.221404e+00
1.221405e+00
1.221406e+00
1.221407e+00
1.221407e+00
1.221405e+00
1.221421e+00
1.221421e+00
1.221411e+00
1.221431e+00
1.221431e+00
1.221422e+00
1.221533e+00
1.221533e+00
1.221787e+00
1.221933e+00
1.221933e+00
1.222001e+00
1.223001e+00
1.223001e+00
1.222318e+00
1.103607e+00
1.047051e+00
1.047050e+00
1.220988e+00
1.221502e+00
1.221502e+00
1.221386e+00
1.221504e+00
1.221504e+00
1.221408e+00
1.221408e+00
1.221432e+00
1.221432e+00
1.221401e+00
1.221407e+00
1.221407e+00
1.221403e+00
1.221405e+00
1.221405e+00
1.221404e+00
1.221404e+00
1.221403e+00
1.221403e+00
1.221401e+00
1.221400e+00
1.221403e+00
1.221403e+00
1.204619e+00
1.221403e+00
1.221404e+00
1.221406e+00
1.221406e+00
1.221408e+00
1.221408e+00
1.221406e+00
1.221418e+00
1.221418e+00
1.221414e+00
1.221443e+00
1.221443e+00
1.221448e+00
1.221525e+00
1.221525e+00
1.221785e+00
1.221966e+00
1.221966e+00
1.222167e+00
1.222956e+00
1.222956e+00
1.221968e+00
1.098139e+00
1.049904e+00
1.065347e+00
1.220674e+00
1.221522e+00
1.221522e+00
1.221426e+00
1.221560e+00
1.221560e+00
1.221446e+00
1.221446e+00
1.221410e+00
1.221410e+00
1.221409e+00
1.221409e+00
1.221404e+00
1.221404e+00
1.221405e+00
1.221405e+00
1.221405e+00
1.221405e+00
1.221402e+00
1.221402e+00
1.221401e+00
1.221401e+00
1.221404e+00
1.221404e+00
1.186046e+00
1.221404e+00
1.221404e+00
1.221406e+00
1.221406e+00
1.221409e+00
1.221409e+00
1.221407e+00
1.221414e+00
1.221421e+00
1.221421e+00
1.221459e+00
1.221459e+00
1.221478e+00
1.221516e+00
1.221516e+00
1.221798e+00
1.221950e+00
1.221950e+00
1.222206e+00
1.222959e+00
1.222959e+00
1.221327e+00
1.093145e+00
1.050859e+00
1.086401e+00
1.220537e+00
1.221324e+00
1.221620e+00
1.221620e+00
1.221473e+00
1.221473e+00
1.221475e+00
1.221475e+00
1.221406e+00
1.221423e+00
1.221423e+00
1.221405e+00
1.221409e+00
1.221409e+00
1.221404e+00
1.221404e+00
1.221404e+00
1.221404e+00
1.221403e+00
1.221403e+00
1.221401e+00
1.221401e+00
1.221404e+00
1.221404e+00
1.160940e+00
1.221404e+00
1.221404e+00
1.221406e+00
1.221406e+00
1.221409e+00
1.221410e+00
1.221410e+00
1.221411e+00
1.221425e+00
1.221425e+00
1.221467e+00
1.221467e+00
1.221512e+00
1.221512e+00
1.221480e+00
1.221843e+00
1.221882e+00
1.221882e+00
1.222293e+00
1.222915e+00
1.222915e+00
1.220528e+00
1.087478e+00
1.051354e+00
1.110092e+00
1.220214e+00
1.221751e+00
1.221751e+00
1.221588e+00
1.221588e+00
1.221417e+00
1.221469e+00
1.221469e+00
1.221407e+00
1.221422e+00
1.221422e+00
1.221399e+00
1.221406e+00
1.221406e+00
1.221406e+00
1.221404e+00
1.221404e+00
1.221403e+00
1.221403e+00
1.221403e+00
1.221401e+00
1.221401e+00
1.221404e+00
1.221404e+00
1.181977e+00
1.221404e+00
1.221404e+00
1.221406e+00
1.221406e+00
1.221408e+00
1.221411e+00
1.221411e+00
1.221407e+00
1.221433e+00
1.221433e+00
1.221468e+00
1.221468e+00
1.221527e+00
1.221527e+00
1.221457e+00
1.221897e+00
1.221897e+00
1.221845e+00
1.222290e+00
1.222989e+00
1.222989e+00
1.219286e+00
1.080196e+00
1.051354e+00
1.139772e+00
1.220226e+00
1.221841e+00
1.221841e+00
1.221456e+00
1.221473e+00
1.221473e+00
1.221481e+00
1.221481e+00
1.221411e+00
1.221411e+00
1.221409e+00
1.221405e+00
1.221403e+00
1.221408e+00
1.221408e+00
1.221402e+00
1.221403e+00
1.221403e+00
1.221403e+00
1.221403e+00
1.221401e+00
1.221400e+00
1.221403e+00
1.221403e+00
1.196985e+00
1.221404e+00
1.221404e+00
1.221405e+00
1.221405e+00
1.221408e+00
1.221410e+00
1.221410e+00
1.221410e+00
1.221437e+00
1.221437e+00
1.221470e+00
1.221470e+00
1.221531e+00
1.221531e+00
1.221455e+00
1.221890e+00
1.221890e+00
1.221839e+00
1.222218e+00
1.222932e+00
1.222932e+00
1.217137e+00
1.070459e+00
1.048008e+00
1.176711e+00
1.220901e+00
1.221124e+00
1.221734e+00
1.221734e+00
1.221545e+00
1.221545e+00
1.221485e+00
1.221485e+00
1.221407e+00
1.221407e+00
1.221413e+00
1.221413e+00
1.221406e+00
1.221406e+00
1.221404e+00
1.221404e+00
1.221403e+00
1.221403e+00
1.221403e+00
1.221403e+00
1.221401e+00
1.221400e+00
1.221400e+00
1.221400e+00
1.205260e+00
1.221404e+00
1.221404e+00
1.221405e+00
1.221405e+00
1.221408e+00
1.221411e+00
1.221411e+00
1.221411e+00
1.221436e+00
1.221436e+00
1.221456e+00
1.221456e+00
1.221504e+00
1.221504e+00
1.221487e+00
1.221845e+00
1.221854e+00
1.221854e+00
1.222451e+00
1.222816e+00
1.222816e+00
1.212167e+00
1.058390e+00
1.045628e+00
1.223186e+00
1.223186e+00
1.221184e+00
1.221718e+00
1.221718e+00
1.221531e+00
1.221531e+00
1.221399e+00
1.221421e+00
1.221421e+00
1.221410e+00
1.221406e+00
1.221406e+00
1.221405e+00
1.221405e+00
1.221404e+00
1.221404e+00
1.221403e+00
1.221403e+00
1.221404e+00
1.221404e+00
1.221402e+00
1.221401e+00
1.221398e+00
1.221397e+00
1.208086e+00
1.221404e+00
1.221404e+00
1.221405e+00
1.221405e+00
1.221407e+00
1.221410e+00
1.221414e+00
1.221414e+00
1.221436e+00
1.221436e+00
1.221455e+00
1.221455e+00
1.221489e+00
1.221533e+00
1.221533e+00
1.221861e+00
1.221861e+00
1.221802e+00
1.222493e+00
1.222818e+00
1.222818e+00
1.203472e+00
1.045613e+00
1.042801e+00
1.281965e+00
1.281965e+00
1.221481e+00
1.221481e+00
1.221403e+00
1.221652e+00
1.221652e+00
1.221406e+00
1.221432e+00
1.221432e+00
1.221418e+00
1.221404e+00
1.221407e+00
1.221407e+00
1.221406e+00
1.221405e+00
1.221405e+00
1.221404e+00
1.221404e+00
1.221404e+00
1.221404e+00
1.221403e+00
1.221402e+00
1.221398e+00
1.221393e+00
1.205384e+00
1.221404e+00
1.221404e+00
1.221405e+00
1.221405e+00
1.221409e+00
1.221410e+00
1.221413e+00
1.221413e+00
1.221438e+00
1.221438e+00
1.221465e+00
1.221465e+00
1.221510e+00
1.221550e+00
1.221564e+00
1.221953e+00
1.221953e+00
1.221735e+00
1.222326e+00
1.222421e+00
1.222421e+00
1.188974e+00
1.042790e+00
1.087993e+00
1.358252e+00
1.358252e+00
1.221421e+00
1.221580e+00
1.221580e+00
1.221547e+00
1.221547e+00
1.221450e+00
1.221450e+00
1.221439e+00
1.221403e+00
1.221410e+00
1.221410e+00
1.221403e+00
1.221407e+00
1.221407e+00
1.221403e+00
1.221404e+00
1.221404e+00
1.221404e+00
1.221405e+00
1.221405e+00
1.221402e+00
1.221398e+00
1.221389e+00
1.193848e+00
1.221403e+00
1.221403e+00
1.221405e+00
1.221405e+00
1.221409e+00
1.221412e+00
1.221412e+00
1.221408e+00
1.221445e+00
1.221445e+00
1.221460e+00
1.221460e+00
1.221508e+00
1.221525e+00
1.221694e+00
1.222102e+00
1.222102e+00
1.221720e+00
1.222233e+00
1.222233e+00
1.221947e+00
1.163431e+00
1.088008e+00
1.215455e+00
1.433858e+00
1.433858e+00
1.221371e+00
1.221371e+00
1.221780e+00
1.221780e+00
1.221399e+00
1.221438e+00
1.221438e+00
1.221413e+00
1.221413e+00
1.221410e+00
1.221410e+00
1.221410e+00
1.221404e+00
1.221404e+00
1.221402e+00
1.221405e+00
1.221405e+00
1.221406e+00
1.221406e+00
1.221406e+00
1.221403e+00
1.221399e+00
1.221384e+00
1.184323e+00
1.221402e+00
1.221403e+00
1.221405e+00
1.229284e+00
1.232700e+00
1.233058e+00
1.231735e+00
1.229594e+00
1.227154e+00
1.224710e+00
1.222421e+00
1.221464e+00
1.221517e+00
1.221517e+00
1.221962e+00
1.222240e+00
1.222240e+00
1.221628e+00
1.214779e+00
1.221059e+00
1.221059e+00
1.215612e+00
1.215535e+00
1.220878e+00
1.450963e+00
1.450963e+00
1.221169e+00
1.221491e+00
1.221492e+00
1.221530e+00
1.221530e+00
1.221382e+00
1.221454e+00
1.221454e+00
1.221416e+00
1.221405e+00
1.221421e+00
1.221421e+00
1.221404e+00
1.221408e+00
1.221408e+00
1.221407e+00
1.221407e+00
1.221405e+00
1.221408e+00
1.221408e+00
1.221404e+00
1.221399e+00
1.221372e+00
1.205893e+00
1.221402e+00
1.221402e+00
1.221405e+00
1.229284e+00
1.232700e+00
1.233058e+00
1.231735e+00
1.229594e+00
1.227154e+00
1.224710e+00
1.222824e+00
1.222883e+00
1.222920e+00
1.222935e+00
1.222934e+00
1.222897e+00
1.222606e+00
1.222066e+00
1.221816e+00
1.221610e+00
1.221319e+00
1.221220e+00
1.221019e+00
1.221932e+00
1.420118e+00
1.420118e+00
1.221877e+00
1.221828e+00
1.221794e+00
1.221691e+00
1.221645e+00
1.221481e+00
1.221463e+00
1.221463e+00
1.221407e+00
1.221407e+00
1.221407e+00
1.221407e+00
1.221405e+00
1.221405e+00
1.221405e+00
1.221409e+00
1.221409e+00
1.221405e+00
1.221408e+00
1.221408e+00
1.221405e+00
1.221396e+00
1.218091e+00
1.219752e+00
1.221401e+00
1.221403e+00
1.221406e+00
1.221508e+00
1.222255e+00
1.222760e+00
1.223096e+00
1.223319e+00
1.223462e+00
1.223553e+00
1.223608e+00
1.223637e+00
1.223651e+00
1.223643e+00
1.223628e+00
1.223589e+00
1.223584e+00
1.223344e+00
1.222938e+00
1.222776e+00
1.222596e+00
1.222338e+00
1.222074e+00
1.221975e+00
1.386341e+00
1.386341e+00
1.222021e+00
1.222021e+00
1.221764e+00
1.221691e+00
1.221600e+00
1.221481e+00
1.221423e+00
1.221420e+00
1.221405e+00
1.221420e+00
1.221420e+00
1.221401e+00
1.221400e+00
1.221408e+00
1.221408e+00
1.221405e+00
1.221407e+00
1.221408e+00
1.221408e+00
1.221407e+00
1.221405e+00
1.221388e+00
1.202215e+00
1.221393e+00
1.221402e+00
1.221404e+00
1.221407e+00
1.221508e+00
1.222255e+00
1.222940e+00
1.223386e+00
1.223638e+00
1.223765e+00
1.223816e+00
1.223821e+00
1.223799e+00
1.223759e+00
1.223701e+00
1.223652e+00
1.223589e+00
1.223584e+00
1.223344e+00
1.223093e+00
1.222820e+00
1.222596e+00
1.222338e+00
1.222074e+00
1.221975e+00
1.350622e+00
1.350622e+00
1.222108e+00
1.222108e+00
1.221744e+00
1.221635e+00
1.221554e+00
1.221554e+00
1.221473e+00
1.221473e+00
1.221395e+00
1.221410e+00
1.221410e+00
1.221410e+00
1.221401e+00
1.221408e+00
1.221408e+00
1.221403e+00
1.221411e+00
1.221411e+00
1.221410e+00
1.221408e+00
1.221405e+00
1.221371e+00
1.216930e+00
1.228373e+00
1.225072e+00
1.222772e+00
1.221406e+00
1.221410e+00
1.222193e+00
1.222940e+00
1.223386e+00
1.223638e+00
1.223765e+00
1.223816e+00
1.223821e+00
1.223799e+00
1.223759e+00
1.223701e+00
1.223652e+00
1.223587e+00
1.223463e+00
1.223338e+00
1.223093e+00
1.222820e+00
1.222575e+00
1.222197e+00
1.221975e+00
1.222056e+00
1.316781e+00
1.316781e+00
1.222016e+00
1.221983e+00
1.221929e+00
1.221867e+00
1.221798e+00
1.221699e+00
1.221574e+00
1.221482e+00
1.221385e+00
1.221406e+00
1.221417e+00
1.221417e+00
1.221410e+00
1.221410e+00
1.221407e+00
1.221407e+00
1.221408e+00
1.221412e+00
1.221412e+00
1.221410e+00
1.221403e+00
1.221348e+00
1.216930e+00
1.228373e+00
1.225072e+00
1.222772e+00
1.221951e+00
1.222015e+00
1.222074e+00
1.222127e+00
1.222169e+00
1.222205e+00
1.222233e+00
1.222255e+00
1.222271e+00
1.222286e+00
1.222294e+00
1.222300e+00
1.222433e+00
1.222433e+00
1.222263e+00
1.222269e+00
1.222258e+00
1.222207e+00
1.222122e+00
1.222035e+00
1.222024e+00
1.222056e+00
1.287355e+00
1.287355e+00
1.222016e+00
1.221983e+00
1.221929e+00
1.221867e+00
1.221798e+00
1.221746e+00
1.221716e+00
1.221677e+00
1.221622e+00
1.221545e+00
1.221447e+00
1.221408e+00
1.221416e+00
1.221416e+00
1.221409e+00
1.221409e+00
1.221405e+00
1.221412e+00
1.221412e+00
1.221412e+00
1.221401e+00
1.222615e+00
1.231425e+00
1.231476e+00
1.227795e+00
1.225157e+00
1.223413e+00
1.222345e+00
1.222074e+00
1.222127e+00
1.222169e+00
1.222205e+00
1.222233e+00
1.222255e+00
1.222271e+00
1.222286e+00
1.222294e+00
1.222300e+00
1.222483e+00
1.222483e+00
1.222263e+00
1.222269e+00
1.222258e+00
1.222207e+00
1.222122e+00
1.222277e+00
1.222277e+00
1.222070e+00
1.262233e+00
1.262233e+00
1.222127e+00
1.222172e+00
1.222223e+00
1.222291e+00
1.222385e+00
1.222496e+00
1.222624e+00
1.222784e+00
1.222978e+00
1.223217e+00
1.223517e+00
1.223895e+00
1.224376e+00
1.224992e+00
1.225787e+00
1.226824e+00
1.228179e+00
1.229945e+00
1.232256e+00
1.235278e+00
1.239160e+00
1.251965e+00
1.256301e+00
1.244577e+00
1.235642e+00
1.229406e+00
1.225374e+00
1.222955e+00
1.221744e+00
1.221447e+00
1.221416e+00
1.221448e+00
1.221448e+00
1.221478e+00
1.221553e+00
1.221677e+00
1.221887e+00
1.222070e+00
1.222492e+00
1.222492e+00
1.222347e+00
1.222280e+00
1.222176e+00
1.222092e+00
1.222036e+00
1.222456e+00
1.222456e+00
1.222070e+00
1.243002e+00
1.243002e+00
1.222127e+00
1.222172e+00
1.222223e+00
1.222291e+00
1.222385e+00
1.222496e+00
1.222624e+00
1.222784e+00
1.222978e+00
1.223217e+00
1.223517e+00
1.223895e+00
1.224376e+00
1.224992e+00
1.225787e+00
1.226824e+00
1.228179e+00
1.229945e+00
1.232256e+00
1.235278e+00
1.239160e+00
1.251965e+00
1.256301e+00
1.244577e+00
1.235642e+00
1.229406e+00
1.225374e+00
1.222955e+00
1.221628e+00
1.221420e+00
1.221420e+00
1.221450e+00
1.221450e+00
1.221473e+00
1.221473e+00
1.221677e+00
1.221887e+00
1.222070e+00
1.222589e+00
1.222589e+00
1.222347e+00
1.222280e+00
1.222176e+00
1.222092e+00
1.222036e+00
1.222538e+00
1.222538e+00
1.412239e+00
1.412238e+00
1.412250e+00
1.412266e+00
1.412279e+00
1.412313e+00
1.412362e+00
1.412405e+00
1.412462e+00
1.412547e+00
1.412652e+00
1.412793e+00
1.412982e+00
1.413218e+00
1.413513e+00
1.413896e+00
1.414389e+00
1.415022e+00
1.415838e+00
1.416897e+00
1.418286e+00
1.420118e+00
1.422539e+00
1.425692e+00
1.417294e+00
1.407754e+00
1.409037e+00
1.410121e+00
1.410970e+00
1.411600e+00
1.412050e+00
1.412365e+00
1.412582e+00
1.412730e+00
1.412832e+00
1.412900e+00
1.412947e+00
1.412974e+00
1.412989e+00
1.413000e+00
1.412993e+00
1.412983e+00
1.412973e+00
1.412814e+00
1.412544e+00
1.412371e+00
1.412299e+00
1.412239e+00
1.412188e+00
1.412212e+00
5.095108e+01
5.095116e+01
4.378423e+01
2.903773e+01
1.826099e+01
1.219669e+01
8.597719e+00
6.292723e+00
4.725158e+00
3.614507e+00
2.804230e+00
2.199326e+00
1.739619e+00
1.413218e+00
1.413513e+00
1.413896e+00
1.414389e+00
1.694782e+00
2.071059e+00
2.518376e+00
3.047101e+00
3.667172e+00
4.386868e+00
5.211775e+00
6.274366e+00
7.525864e+00
8.494641e+00
8.829059e+00
8.561787e+00
7.785540e+00
6.594394e+00
5.337556e+00
4.296413e+00
3.449807e+00
2.765746e+00
2.215345e+00
1.773932e+00
1.420795e+00
1.412989e+00
1.413000e+00
1.412993e+00
1.682802e+00
2.076320e+00
2.568801e+00
3.184374e+00
3.966081e+00
5.095563e+00
7.000557e+00
1.115049e+01
2.428121e+01
5.095108e+01
5.095116e+01
4.378423e+01
2.903773e+01
1.826099e+01
1.219669e+01
8.597719e+00
6.292723e+00
4.725158e+00
3.614507e+00
2.804230e+00
3.048731e+00
3.861667e+00
4.860330e+00
6.083928e+00
7.575363e+00
9.384762e+00
1.156858e+01
1.418037e+01
1.612192e+01
1.550845e+01
1.390234e+01
1.269323e+01
1.193058e+01
1.168214e+01
1.147395e+01
1.084161e+01
9.810857e+00
8.629900e+00
7.785540e+00
6.594394e+00
5.338165e+00
4.602067e+00
4.031266e+00
3.572904e+00
3.196835e+00
2.884187e+00
2.622937e+00
2.404248e+00
2.222040e+00
2.073331e+00
1.953577e+00
2.076320e+00
2.568801e+00
3.184374e+00
3.966081e+00
5.095563e+00
7.000557e+00
1.115049e+01
2.428121e+01
7.646746e+00
7.648832e+00
6.572997e+00
4.358004e+00
2.739710e+00
1.829128e+00
1.288740e+00
1.214424e+00
1.413853e+00
1.850068e+00
2.387489e+00
3.048731e+00
3.861667e+00
4.860330e+00
6.083928e+00
7.575363e+00
9.384762e+00
1.156858e+01
1.418037e+01
1.612192e+01
1.550845e+01
1.390234e+01
1.269323e+01
1.193058e+01
1.168214e+01
1.147395e+01
1.084161e+01
9.810857e+00
8.629900e+00
7.473666e+00
6.331511e+00
5.338165e+00
4.602067e+00
4.031266e+00
3.572904e+00
3.196835e+00
2.884187e+00
2.622937e+00
2.404248e+00
2.222040e+00
2.073331e+00
1.953577e+00
1.861409e+00
1.793079e+00
1.768748e+00
1.625167e+00
1.291953e+00
1.132695e+00
1.678431e+00
3.646312e+00
1.263517e+00
1.674883e+00
1.674883e+00
1.255001e+00
1.256479e+00
1.258003e+00
1.259586e+00
1.261120e+00
1.262409e+00
1.263357e+00
1.263953e+00
1.264063e+00
1.263310e+00
1.260787e+00
1.254572e+00
1.241001e+00
1.223817e+00
1.225606e+00
1.226619e+00
1.228842e+00
1.228842e+00
1.225725e+00
1.223907e+00
1.219927e+00
1.160892e+00
1.051070e+00
1.041266e+00
1.008065e+00
1.011145e+00
1.011145e+00
1.214188e+00
1.225870e+00
1.227418e+00
1.228888e+00
1.230399e+00
1.232109e+00
1.233973e+00
1.235721e+00
1.238007e+00
1.240461e+00
1.241193e+00
1.247194e+00
1.247194e+00
1.242640e+00
1.265902e+00
1.265902e+00
1.261915e+00
1.169857e+00
1.225351e+00
1.258132e+00
1.546423e+00
1.651167e+00
1.651167e+00
1.509039e+00
1.515299e+00
1.521844e+00
1.528742e+00
1.535520e+00
1.541296e+00
1.545586e+00
1.548305e+00
1.548811e+00
1.545375e+00
1.534065e+00
1.507376e+00
1.454201e+00
1.365340e+00
1.244612e+00
1.226082e+00
1.231192e+00
1.231192e+00
1.225138e+00
1.223579e+00
1.220188e+00
1.161864e+00
1.050180e+00
1.040685e+00
1.008934e+00
1.010181e+00
1.010181e+00
1.213381e+00
1.224439e+00
1.225495e+00
1.226482e+00
1.227535e+00
1.228664e+00
1.230004e+00
1.231059e+00
1.232789e+00
1.234420e+00
1.234420e+00
1.239822e+00
1.239822e+00
1.237661e+00
1.479991e+00
1.479991e+00
1.314170e+00
1.252441e+00
1.401931e+00
1.523021e+00
2.600045e+00
2.199183e+00
2.085272e+00
2.134681e+00
2.193310e+00
2.260407e+00
2.338593e+00
2.424217e+00
2.505312e+00
2.571314e+00
2.616022e+00
2.624598e+00
2.568248e+00
2.407291e+00
2.126783e+00
1.781339e+00
1.464892e+00
1.244612e+00
1.225301e+00
1.233237e+00
1.233237e+00
1.224341e+00
1.223133e+00
1.220546e+00
1.163189e+00
1.048976e+00
1.039902e+00
1.010103e+00
1.010103e+00
1.008884e+00
1.212279e+00
1.222503e+00
1.222914e+00
1.223283e+00
1.223767e+00
1.224187e+00
1.224920e+00
1.225185e+00
1.226331e+00
1.227097e+00
1.227097e+00
1.231305e+00
1.232013e+00
1.232013e+00
1.769824e+00
1.769824e+00
1.408994e+00
1.357975e+00
1.591408e+00
2.320914e+00
2.600045e+00
2.199183e+00
2.085272e+00
2.134681e+00
2.193310e+00
2.260407e+00
2.338593e+00
2.424217e+00
2.505312e+00
2.571314e+00
2.616022e+00
2.624598e+00
2.568248e+00
2.407291e+00
2.126783e+00
1.781339e+00
1.464892e+00
1.232706e+00
1.224319e+00
1.233980e+00
1.233980e+00
1.223408e+00
1.222610e+00
1.220967e+00
1.164744e+00
1.047575e+00
1.038995e+00
1.011457e+00
1.011457e+00
1.007379e+00
1.210989e+00
1.220252e+00
1.220252e+00
1.219942e+00
1.219640e+00
1.219529e+00
1.219378e+00
1.219378e+00
1.219569e+00
1.219605e+00
1.219605e+00
1.223031e+00
1.226635e+00
1.226635e+00
1.968067e+00
1.968067e+00
1.627282e+00
1.627282e+00
1.591408e+00
2.320914e+00
SCALARS fold double 1
LOOKUP_TABLE default
9.999927e-01
9.999774e-01
9.999717e-01
9.999718e-01
9.999715e-01
9.999697e-01
9.999652e-01
9.999612e-01
9.999688e-01
9.999672e-01
9.999653e-01
9.999625e-01
9.999579e-01
9.999578e-01
9.999587e-01
9.999573e-01
9.999571e-01
9.999536e-01
9.999556e-01
9.999564e-01
9.999551e-01
9.999609e-01
9.999612e-01
9.999656e-01
9.999709e-01
9.999770e-01
9.999835e-01
9.999913e-01
9.999970e-01
9.999967e-01
9.999997e-01
9.999993e-01
1.000000e+00
9.999990e-01
9.999989e-01
9.999997e-01
9.999997e-01
9.999996e-01
9.999996e-01
9.999986e-01
9.999996e-01
9.999954e-01
9.999971e-01
9.999886e-01
9.999915e-01
9.999725e-01
9.999612e-01
9.998490e-01
9.999877e-01
9.999923e-01
9.999967e-01
9.999813e-01
9.999745e-01
9.999748e-01
9.999741e-01
9.999717e-01
9.999669e-01
9.999635e-01
9.999707e-01
9.999690e-01
9.999666e-01
9.999627e-01
9.999567e-01
9.999598e-01
9.999587e-01
9.999578e-01
9.999566e-01
9.999539e-01
9.999570e-01
9.999555e-01
9.999583e-01
9.999614e-01
9.999678e-01
9.999686e-01
9.999758e-01
9.999838e-01
9.999915e-01
9.999983e-01
1.000000e+00
1.000000e+00
9.999959e-01
9.999934e-01
9.999965e-01
9.999925e-01
9.999951e-01
9.999964e-01
9.999962e-01
9.999963e-01
9.999965e-01
9.999939e-01
9.999936e-01
9.999876e-01
9.999862e-01
9.999698e-01
9.999829e-01
9.999330e-01
9.999246e-01
9.997353e-01
9.999814e-01
9.999958e-01
9.999964e-01
9.999844e-01
9.999796e-01
9.999798e-01
9.999792e-01
9.999773e-01
9.999714e-01
9.999732e-01
9.999763e-01
9.999750e-01
9.999728e-01
9.999695e-01
9.999653e-01
9.999683e-01
9.999669e-01
9.999660e-01
9.999646e-01
9.999637e-01
9.999670e-01
9.999630e-01
9.999694e-01
9.999681e-01
9.999756e-01
9.999768e-01
9.999813e-01
9.999881e-01
9.999947e-01
9.999993e-01
1.000000e+00
1.000000e+00
9.999945e-01
9.999968e-01
9.999964e-01
9.999948e-01
9.999971e-01
9.999972e-01
9.999969e-01
9.999968e-01
9.999975e-01
9.999963e-01
9.999920e-01
9.999921e-01
9.999883e-01
9.999727e-01
9.999907e-01
9.999329e-01
9.999186e-01
9.998061e-01
9.999840e-01
9.999964e-01
9.999947e-01
9.999859e-01
9.999827e-01
9.999829e-01
9.999823e-01
9.999798e-01
9.999759e-01
9.999772e-01
9.999797e-01
9.999782e-01
9.999759e-01
9.999726e-01
9.999701e-01
9.999719e-01
9.999707e-01
9.999705e-01
9.999681e-01
9.999685e-01
9.999714e-01
9.999674e-01
9.999749e-01
9.999722e-01
9.999789e-01
9.999830e-01
9.999862e-01
9.999922e-01
9.999977e-01
1.000000e+00
9.999999e-01
9.999988e-01
9.999893e-01
9.999960e-01
9.999948e-01
9.999934e-01
9.999964e-01
9.999963e-01
9.999959e-01
9.999954e-01
9.999956e-01
9.999957e-01
9.999867e-01
9.999916e-01
9.999835e-01
9.999667e-01
9.999881e-01
9.999216e-01
9.998927e-01
9.997747e-01
9.999857e-01
9.999988e-01
9.999840e-01
9.999851e-01
9.999856e-01
9.999857e-01
9.999851e-01
9.999834e-01
9.999774e-01
9.999831e-01
9.999829e-01
9.999816e-01
9.999794e-01
9.999764e-01
9.999756e-01
9.999763e-01
9.999755e-01
9.999752e-01
9.999731e-01
9.999740e-01
9.999750e-01
9.999738e-01
9.999784e-01
9.999785e-01
9.999820e-01
9.999858e-01
9.999901e-01
9.999944e-01
9.999985e-01
1.000000e+00
1.000000e+00
9.999979e-01
9.999933e-01
9.999976e-01
9.999947e-01
9.999949e-01
9.999971e-01
9.999970e-01
9.999967e-01
9.999966e-01
9.999949e-01
9.999964e-01
9.999870e-01
9.999928e-01
9.999853e-01
9.999691e-01
9.999825e-01
9.999332e-01
9.999004e-01
9.998175e-01
9.999791e-01
1.000000e+00
9.999815e-01
9.999865e-01
9.999880e-01
9.999880e-01
9.999875e-01
9.999851e-01
9.999820e-01
9.999857e-01
9.999854e-01
9.999843e-01
9.999825e-01
9.999796e-01
9.999799e-01
9.999799e-01
9.999794e-01
9.999789e-01
9.999771e-01
9.999786e-01
9.999782e-01
9.999791e-01
9.999811e-01
9.999838e-01
9.999847e-01
9.999883e-01
9.999922e-01
9.999960e-01
9.999993e-01
1.000000e+00
1.000000e+00
9.999973e-01
9.999953e-01
9.999976e-01
9.999948e-01
9.999961e-01
9.999973e-01
9.999973e-01
9.999972e-01
9.999971e-01
9.999948e-01
9.999966e-01
9.999899e-01
9.999922e-01
9.999838e-01
9.999767e-01
9.999781e-01
9.999471e-01
9.999062e-01
9.998569e-01
9.999813e-01
9.999997e-01
9.999849e-01
9.999885e-01
9.999896e-01
9.999897e-01
9.999891e-01
9.999874e-01
9.999843e-01
9.999881e-01
9.999874e-01
9.999862e-01
9.999849e-01
9.999821e-01
9.999832e-01
9.999828e-01
9.999822e-01
9.999816e-01
9.999807e-01
9.999823e-01
9.999808e-01
9.999831e-01
9.999834e-01
9.999872e-01
9.999871e-01
9.999901e-01
9.999937e-01
9.999971e-01
9.999996e-01
1.000000e+00
1.000000e+00
9.999973e-01
9.999975e-01
9.999978e-01
9.999963e-01
9.999977e-01
9.999980e-01
9.999976e-01
9.999979e-01
9.999979e-01
9.999965e-01
9.999959e-01
9.999927e-01
9.999920e-01
9.999843e-01
9.999839e-01
9.999729e-01
9.999615e-01
9.998985e-01
9.998545e-01
9.999843e-01
9.999992e-01
9.999876e-01
9.999902e-01
9.999910e-01
9.999911e-01
9.999904e-01
9.999885e-01
9.999860e-01
9.999894e-01
9.999887e-01
9.999875e-01
9.999856e-01
9.999830e-01
9.999847e-01
9.999839e-01
9.999834e-01
9.999826e-01
9.999820e-01
9.999840e-01
9.999815e-01
9.999857e-01
9.999845e-01
9.999888e-01
9.999903e-01
9.999924e-01
9.999960e-01
9.999990e-01
9.999999e-01
9.999993e-01
9.999986e-01
9.999903e-01
9.999950e-01
9.999946e-01
9.999934e-01
9.999958e-01
9.999959e-01
9.999955e-01
9.999951e-01
9.999960e-01
9.999944e-01
9.999909e-01
9.999891e-01
9.999865e-01
9.999738e-01
9.999808e-01
9.999533e-01
9.999447e-01
9.998902e-01
9.998141e-01
9.999784e-01
9.999988e-01
9.999910e-01
9.999918e-01
9.999928e-01
9.999928e-01
9.999922e-01
9.999898e-01
9.999888e-01
9.999911e-01
9.999902e-01
9.999892e-01
9.999870e-01
9.999857e-01
9.999867e-01
9.999861e-01
9.999859e-01
9.999850e-01
9.999855e-01
9.999873e-01
9.999856e-01
9.999898e-01
9.999887e-01
9.999921e-01
9.999943e-01
9.999960e-01
9.999985e-01
1.000000e+00
9.999991e-01
9.999983e-01
9.999957e-01
9.999876e-01
9.999949e-01
9.999941e-01
9.999936e-01
9.999965e-01
9.999966e-01
9.999965e-01
9.999962e-01
9.999967e-01
9.999965e-01
9.999914e-01
9.999936e-01
9.999898e-01
9.999790e-01
9.999900e-01
9.999627e-01
9.999706e-01
9.998968e-01
9.999400e-01
9.999953e-01
1.000000e+00
9.999969e-01
9.999907e-01
9.999905e-01
9.999895e-01
9.999880e-01
9.999851e-01
9.999877e-01
9.999960e-01
9.999972e-01
9.999975e-01
9.999963e-01
9.999920e-01
9.999926e-01
9.999924e-01
9.999849e-01
9.999565e-01
9.999257e-01
9.998893e-01
9.998120e-01
9.997769e-01
9.997338e-01
9.997417e-01
9.997612e-01
9.997973e-01
9.998571e-01
9.999160e-01
9.999679e-01
9.999921e-01
9.999996e-01
9.999505e-01
9.998850e-01
9.997725e-01
9.995951e-01
9.994321e-01
9.992255e-01
9.989962e-01
9.987544e-01
9.985437e-01
9.982859e-01
9.979931e-01
9.976512e-01
9.974701e-01
9.967440e-01
9.966257e-01
9.957724e-01
9.939071e-01
9.915626e-01
9.865756e-01
9.851251e-01
9.956435e-01
9.999680e-01
9.999840e-01
9.999520e-01
9.999478e-01
9.999515e-01
9.999681e-01
9.999853e-01
9.999869e-01
9.999932e-01
9.999967e-01
9.999973e-01
9.999952e-01
9.999962e-01
9.999924e-01
9.999605e-01
9.999010e-01
9.998173e-01
9.996592e-01
9.994790e-01
9.993207e-01
9.991857e-01
9.990968e-01
9.990218e-01
9.989863e-01
9.989482e-01
9.988744e-01
9.988660e-01
9.990159e-01
9.992709e-01
9.997442e-01
9.999949e-01
9.999656e-01
9.998172e-01
9.996060e-01
9.994100e-01
9.991957e-01
9.989678e-01
9.988102e-01
9.986042e-01
9.985739e-01
9.984189e-01
9.984185e-01
9.985453e-01
9.986143e-01
9.984053e-01
9.996593e-01
9.999879e-01
9.951121e-01
9.945314e-01
9.979645e-01
9.999875e-01
9.999936e-01
9.999974e-01
9.999972e-01
9.999990e-01
9.999990e-01
9.999980e-01
9.999990e-01
9.999977e-01
9.999967e-01
9.999972e-01
9.999943e-01
9.999956e-01
9.999999e-01
9.999871e-01
9.999877e-01
9.999609e-01
9.999264e-01
9.999229e-01
9.999095e-01
9.999055e-01
9.998951e-01
9.998853e-01
9.998613e-01
9.997811e-01
9.997083e-01
9.996364e-01
9.996828e-01
9.997961e-01
9.999437e-01
9.999891e-01
1.000000e+00
9.999943e-01
9.999829e-01
9.999753e-01
9.999679e-01
9.999653e-01
9.999507e-01
9.999735e-01
9.999469e-01
9.999845e-01
9.999340e-01
9.999960e-01
9.998287e-01
9.999285e-01
9.999971e-01
9.972620e-01
9.966389e-01
9.979925e-01
9.992753e-01
9.999964e-01
9.999973e-01
9.999983e-01
9.999982e-01
9.999976e-01
9.999957e-01
9.999968e-01
9.999969e-01
9.999964e-01
9.999965e-01
9.999966e-01
9.999953e-01
9.999965e-01
9.999986e-01
9.999989e-01
9.999989e-01
9.999996e-01
9.999996e-01
9.999991e-01
9.999993e-01
9.999989e-01
9.999990e-01
9.999991e-01
9.999995e-01
1.000000e+00
1.000000e+00
9.999999e-01
1.000000e+00
9.999999e-01
9.999997e-01
9.999998e-01
9.999997e-01
9.999998e-01
9.999999e-01
9.999999e-01
1.000000e+00
9.999999e-01
9.999999e-01
9.999998e-01
9.999989e-01
9.999989e-01
9.999976e-01
9.999907e-01
9.999996e-01
9.999840e-01
9.999761e-01
9.999925e-01
9.999983e-01
9.999920e-01
9.999997e-01
9.999976e-01
9.999977e-01
9.999979e-01
9.999979e-01
9.999974e-01
9.999959e-01
9.999969e-01
9.999967e-01
9.999968e-01
9.999966e-01
9.999965e-01
9.999958e-01
9.999967e-01
9.999984e-01
9.999982e-01
9.999983e-01
9.999989e-01
9.999987e-01
9.999979e-01
9.999979e-01
9.999973e-01
9.999974e-01
9.999977e-01
9.999984e-01
9.999991e-01
9.999997e-01
9.999996e-01
9.999993e-01
9.999993e-01
9.999995e-01
9.999997e-01
9.999999e-01
1.000000e+00
1.000000e+00
1.000000e+00
9.999999e-01
9.999996e-01
9.999991e-01
9.999991e-01
9.999971e-01
9.999982e-01
9.999947e-01
9.999912e-01
9.999994e-01
9.999765e-01
9.999691e-01
9.999980e-01
9.999691e-01
9.999776e-01
9.999984e-01
9.999978e-01
9.999979e-01
9.999981e-01
9.999980e-01
9.999976e-01
9.999960e-01
9.999969e-01
9.999971e-01
9.999968e-01
9.999968e-01
9.999968e-01
9.999960e-01
9.999971e-01
9.999988e-01
9.999982e-01
9.999985e-01
9.999991e-01
9.999987e-01
9.999981e-01
9.999980e-01
9.999975e-01
9.999976e-01
9.999978e-01
9.999987e-01
9.999993e-01
9.999998e-01
9.999997e-01
9.999994e-01
9.999994e-01
9.999997e-01
9.999998e-01
9.999999e-01
1.000000e+00
1.000000e+00
9.999999e-01
9.999999e-01
9.999995e-01
9.999987e-01
9.999990e-01
9.999964e-01
9.999981e-01
9.999941e-01
9.999921e-01
9.999978e-01
9.999742e-01
9.999755e-01
9.999955e-01
9.999736e-01
9.999758e-01
9.999983e-01
9.999979e-01
9.999981e-01
9.999982e-01
9.999982e-01
9.999976e-01
9.999961e-01
9.999974e-01
9.999972e-01
9.999971e-01
9.999971e-01
9.999966e-01
9.999964e-01
9.999975e-01
9.999991e-01
9.999982e-01
9.999987e-01
9.999992e-01
9.999988e-01
9.999983e-01
9.999981e-01
9.999978e-01
9.999978e-01
9.999980e-01
9.999990e-01
9.999995e-01
9.999999e-01
9.999998e-01
9.999995e-01
9.999996e-01
9.999998e-01
9.999999e-01
1.000000e+00
1.000000e+00
1.000000e+00
9.999998e-01
9.999998e-01
9.999995e-01
9.999984e-01
9.999990e-01
9.999958e-01
9.999982e-01
9.999926e-01
9.999940e-01
9.999972e-01
9.999712e-01
9.999756e-01
9.999950e-01
9.999717e-01
9.999742e-01
9.999981e-01
9.999981e-01
9.999982e-01
9.999984e-01
9.999984e-01
9.999977e-01
9.999965e-01
9.999977e-01
9.999973e-01
9.999973e-01
9.999973e-01
9.999970e-01
9.999966e-01
9.999978e-01
9.999992e-01
9.999984e-01
9.999990e-01
9.999994e-01
9.999988e-01
9.999985e-01
9.999981e-01
9.999980e-01
9.999980e-01
9.999983e-01
9.999993e-01
9.999997e-01
1.000000e+00
9.999999e-01
9.999997e-01
9.999997e-01
9.999998e-01
9.999999e-01
1.000000e+00
1.000000e+00
9.999999e-01
9.999997e-01
9.999996e-01
9.999993e-01
9.999979e-01
9.999989e-01
9.999950e-01
9.999982e-01
9.999908e-01
9.999956e-01
9.999936e-01
9.999681e-01
9.999832e-01
9.999948e-01
9.999694e-01
9.999732e-01
9.999979e-01
9.999983e-01
9.999984e-01
9.999986e-01
9.999985e-01
9.999979e-01
9.999968e-01
9.999977e-01
9.999977e-01
9.999975e-01
9.999975e-01
9.999969e-01
9.999970e-01
9.999982e-01
9.999993e-01
9.999986e-01
9.999991e-01
9.999994e-01
9.999989e-01
9.999987e-01
9.999982e-01
9.999982e-01
9.999982e-01
9.999985e-01
9.999994e-01
9.999998e-01
1.000000e+00
9.999999e-01
9.999998e-01
9.999998e-01
9.999999e-01
1.000000e+00
1.000000e+00
1.000000e+00
9.999999e-01
9.999997e-01
9.999993e-01
9.999993e-01
9.999975e-01
9.999988e-01
9.999945e-01
9.999983e-01
9.999900e-01
9.999962e-01
9.999933e-01
9.999660e-01
9.999816e-01
9.999894e-01
9.999681e-01
9.999794e-01
9.999985e-01
9.999984e-01
9.999985e-01
9.999987e-01
9.999986e-01
9.999981e-01
9.999969e-01
9.999979e-01
9.999977e-01
9.999977e-01
9.999976e-01
9.999972e-01
9.999972e-01
9.999984e-01
9.999993e-01
9.999988e-01
9.999993e-01
9.999995e-01
9.999989e-01
9.999988e-01
9.999984e-01
9.999984e-01
9.999984e-01
9.999987e-01
9.999996e-01
9.999999e-01
1.000000e+00
9.999999e-01
9.999999e-01
9.999998e-01
1.000000e+00
1.000000e+00
1.000000e+00
9.999999e-01
9.999998e-01
9.999996e-01
9.999990e-01
9.999992e-01
9.999975e-01
9.999982e-01
9.999942e-01
9.999976e-01
9.999893e-01
9.999970e-01
9.999885e-01
9.999627e-01
9.999896e-01
9.999891e-01
9.999658e-01
9.999757e-01
9.999989e-01
9.999986e-01
9.999987e-01
9.999988e-01
9.999987e-01
9.999982e-01
9.999971e-01
9.999981e-01
9.999979e-01
9.999978e-01
9.999979e-01
9.999972e-01
9.999975e-01
9.999987e-01
9.999994e-01
9.999989e-01
9.999995e-01
9.999995e-01
9.999989e-01
9.999990e-01
9.999985e-01
9.999986e-01
9.999986e-01
9.999990e-01
9.999997e-01
1.000000e+00
1.000000e+00
1.000000e+00
9.999999e-01
9.999999e-01
1.000000e+00
1.000000e+00
1.000000e+00
9.999999e-01
9.999997e-01
9.999995e-01
9.999988e-01
9.999990e-01
9.999977e-01
9.999975e-01
9.999947e-01
9.999967e-01
9.999874e-01
9.999982e-01
9.999879e-01
9.999587e-01
9.999876e-01
9.999900e-01
9.999626e-01
9.999735e-01
9.999987e-01
9.999987e-01
9.999988e-01
9.999989e-01
9.999988e-01
9.999981e-01
9.999975e-01
9.999981e-01
9.999981e-01
9.999979e-01
9.999980e-01
9.999972e-01
9.999978e-01
9.999990e-01
9.999993e-01
9.999991e-01
9.999996e-01
9.999995e-01
9.999990e-01
9.999991e-01
9.999986e-01
9.999987e-01
9.999988e-01
9.999992e-01
9.999998e-01
1.000000e+00
1.000000e+00
1.000000e+00
1.000000e+00
1.000000e+00
1.000000e+00
1.000000e+00
9.999999e-01
9.999998e-01
9.999997e-01
9.999995e-01
9.999986e-01
9.999988e-01
9.999978e-01
9.999967e-01
9.999952e-01
9.999958e-01
9.999868e-01
9.999979e-01
9.999830e-01
9.999605e-01
9.999929e-01
9.999836e-01
9.999717e-01
9.999727e-01
9.999987e-01
9.999988e-01
9.999988e-01
9.999990e-01
9.999989e-01
9.999982e-01
9.999976e-01
9.999982e-01
9.999981e-01
9.999980e-01
9.999981e-01
9.999973e-01
9.999979e-01
9.999992e-01
9.999993e-01
9.999992e-01
9.999997e-01
9.999996e-01
9.999990e-01
9.999991e-01
9.999987e-01
9.999987e-01
9.999990e-01
9.999994e-01
9.999999e-01
1.000000e+00
1.000000e+00
1.000000e+00
1.000000e+00
1.000000e+00
1.000000e+00
1.000000e+00
9.999999e-01
9.999997e-01
9.999996e-01
9.999994e-01
9.999987e-01
9.999983e-01
9.999978e-01
9.999960e-01
9.999956e-01
9.999946e-01
9.999848e-01
9.999990e-01
9.999825e-01
9.999510e-01
9.999938e-01
9.999823e-01
9.999626e-01
9.999799e-01
9.999985e-01
9.999988e-01
9.999989e-01
9.999991e-01
9.999990e-01
9.999983e-01
9.999977e-01
9.999984e-01
9.999982e-01
9.999981e-01
9.999982e-01
9.999974e-01
9.999982e-01
9.999994e-01
9.999993e-01
9.999993e-01
9.999998e-01
9.999996e-01
9.999991e-01
9.999991e-01
9.999988e-01
9.999988e-01
9.999991e-01
9.999996e-01
9.999999e-01
1.000000e+00
1.000000e+00
1.000000e+00
1.000000e+00
1.000000e+00
1.000000e+00
9.999999e-01
9.999999e-01
9.999996e-01
9.999994e-01
9.999994e-01
9.999986e-01
9.999977e-01
9.999978e-01
9.999950e-01
9.999959e-01
9.999925e-01
9.999847e-01
9.999989e-01
9.999758e-01
9.999589e-01
9.999941e-01
9.999835e-01
9.999572e-01
9.999805e-01
9.999983e-01
9.999989e-01
9.999990e-01
9.999992e-01
9.999991e-01
9.999985e-01
9.999980e-01
9.999985e-01
9.999984e-01
9.999984e-01
9.999983e-01
9.999977e-01
9.999985e-01
9.999996e-01
9.999993e-01
9.999995e-01
9.999998e-01
9.999996e-01
9.999993e-01
9.999992e-01
9.999990e-01
9.999990e-01
9.999992e-01
9.999998e-01
1.000000e+00
9.999999e-01
9.999999e-01
1.000000e+00
1.000000e+00
1.000000e+00
1.000000e+00
9.999999e-01
9.999998e-01
9.999996e-01
9.999992e-01
9.999992e-01
9.999986e-01
9.999974e-01
9.999978e-01
9.999945e-01
9.999964e-01
9.999916e-01
9.999855e-01
9.999989e-01
9.999774e-01
9.999445e-01
9.999980e-01
9.999794e-01
9.999606e-01
9.999788e-01
9.999980e-01
9.999990e-01
9.999992e-01
9.999996e-01
9.999995e-01
9.999988e-01
9.999989e-01
9.999991e-01
9.999990e-01
9.999989e-01
9.999988e-01
9.999984e-01
9.999991e-01
9.999999e-01
9.999996e-01
9.999998e-01
9.999999e-01
9.999998e-01
9.999995e-01
9.999993e-01
9.999992e-01
9.999992e-01
9.999994e-01
9.999999e-01
1.000000e+00
9.999999e-01
9.999999e-01
1.000000e+00
1.000000e+00
1.000000e+00
9.999999e-01
9.999998e-01
9.999997e-01
9.999994e-01
9.999990e-01
9.999989e-01
9.999983e-01
9.999965e-01
9.999976e-01
9.999931e-01
9.999962e-01
9.999899e-01
9.999858e-01
9.999970e-01
9.999655e-01
9.999547e-01
9.999944e-01
9.999707e-01
9.999648e-01
9.999730e-01
9.999980e-01
9.999991e-01
9.999994e-01
9.999872e-01
9.999875e-01
9.999896e-01
9.999902e-01
9.999893e-01
9.999896e-01
9.999901e-01
9.999916e-01
9.999932e-01
9.999924e-01
9.999912e-01
9.999948e-01
9.999956e-01
9.999966e-01
9.999986e-01
9.999995e-01
1.000000e+00
1.000000e+00
9.999997e-01
9.999992e-01
9.999992e-01
9.999988e-01
9.999986e-01
9.999984e-01
9.999994e-01
9.999999e-01
1.000000e+00
1.000000e+00
9.999999e-01
9.999999e-01
9.999997e-01
9.999993e-01
9.999991e-01
9.999987e-01
9.999970e-01
9.999978e-01
9.999933e-01
9.999952e-01
9.999872e-01
9.999871e-01
9.999695e-01
9.998884e-01
9.998397e-01
9.998754e-01
9.998081e-01
9.997763e-01
9.998082e-01
9.999171e-01
9.999995e-01
9.999997e-01
9.999297e-01
9.999298e-01
9.999341e-01
9.999365e-01
9.999347e-01
9.999349e-01
9.999372e-01
9.999449e-01
9.999514e-01
9.999529e-01
9.999565e-01
9.999692e-01
9.999762e-01
9.999833e-01
9.999907e-01
9.999954e-01
9.999984e-01
9.999998e-01
9.999999e-01
9.999988e-01
9.999972e-01
9.999942e-01
9.999911e-01
9.999908e-01
9.999971e-01
9.999992e-01
9.999998e-01
9.999999e-01
1.000000e+00
1.000000e+00
9.999999e-01
9.999997e-01
9.999993e-01
9.999992e-01
9.999976e-01
9.999977e-01
9.999945e-01
9.999933e-01
9.999851e-01
9.999826e-01
9.999013e-01
9.997429e-01
9.996410e-01
9.994952e-01
9.993995e-01
9.993436e-01
9.994589e-01
9.996768e-01
9.999997e-01
9.999998e-01
9.998475e-01
9.998468e-01
9.998512e-01
9.998561e-01
9.998535e-01
9.998538e-01
9.998599e-01
9.998743e-01
9.998886e-01
9.998948e-01
9.999098e-01
9.999329e-01
9.999496e-01
9.999657e-01
9.999797e-01
9.999892e-01
9.999955e-01
9.999990e-01
1.000000e+00
9.999983e-01
9.999941e-01
9.999868e-01
9.999788e-01
9.999796e-01
9.999936e-01
9.999981e-01
9.999993e-01
9.999997e-01
9.999999e-01
1.000000e+00
1.000000e+00
9.999999e-01
9.999998e-01
9.999995e-01
9.999988e-01
9.999980e-01
9.999957e-01
9.999929e-01
9.999847e-01
9.999829e-01
9.998385e-01
9.995997e-01
9.993956e-01
9.989763e-01
9.988138e-01
9.987516e-01
9.990084e-01
9.993504e-01
9.999998e-01
9.999999e-01
9.997501e-01
9.997481e-01
9.997502e-01
9.997578e-01
9.997552e-01
9.997552e-01
9.997646e-01
9.997880e-01
9.998092e-01
9.998251e-01
9.998548e-01
9.998890e-01
9.999185e-01
9.999453e-01
9.999659e-01
9.999813e-01
9.999914e-01
9.999977e-01
1.000000e+00
9.999979e-01
9.999906e-01
9.999777e-01
9.999629e-01
9.999641e-01
9.999877e-01
9.999961e-01
9.999982e-01
9.999991e-01
9.999994e-01
9.999997e-01
9.999999e-01
1.000000e+00
1.000000e+00
1.000000e+00
9.999998e-01
9.999991e-01
9.999979e-01
9.999953e-01
9.999867e-01
9.999896e-01
9.998274e-01
9.994851e-01
9.991622e-01
9.983069e-01
9.981234e-01
9.979863e-01
9.984342e-01
9.990040e-01
9.999999e-01
1.000000e+00
9.996404e-01
9.996366e-01
9.996337e-01
9.996440e-01
9.996428e-01
9.996415e-01
9.996523e-01
9.996838e-01
9.997155e-01
9.997428e-01
9.997893e-01
9.998351e-01
9.998799e-01
9.999197e-01
9.999477e-01
9.999705e-01
9.999852e-01
9.999954e-01
9.999998e-01
9.999981e-01
9.999881e-01
9.999692e-01
9.999453e-01
9.999419e-01
9.999770e-01
9.999928e-01
9.999963e-01
9.999978e-01
9.999984e-01
9.999988e-01
9.999991e-01
9.999993e-01
9.999995e-01
9.999998e-01
9.999999e-01
9.999999e-01
9.999997e-01
9.999977e-01
9.999887e-01
9.999986e-01
9.998638e-01
9.994478e-01
9.989730e-01
9.977304e-01
9.970323e-01
9.972868e-01
9.977862e-01
9.986151e-01
1.000000e+00
1.000000e+00
9.995206e-01
9.995139e-01
9.995011e-01
9.995135e-01
9.995172e-01
9.995123e-01
9.995236e-01
9.995548e-01
9.996033e-01
9.996422e-01
9.997074e-01
9.997637e-01
9.998279e-01
9.998843e-01
9.999213e-01
9.999532e-01
9.999743e-01
9.999904e-01
9.999985e-01
9.999992e-01
9.999882e-01
9.999639e-01
9.999272e-01
9.999090e-01
9.999538e-01
9.999865e-01
9.999926e-01
9.999951e-01
9.999960e-01
9.999966e-01
9.999968e-01
9.999970e-01
9.999973e-01
9.999979e-01
9.999976e-01
9.999992e-01
9.999995e-01
1.000000e+00
9.999954e-01
9.999996e-01
9.999533e-01
9.995464e-01
9.989147e-01
9.973363e-01
9.960879e-01
9.962229e-01
9.972293e-01
9.981801e-01
1.000000e+00
1.000000e+00
9.994444e-01
9.994393e-01
9.994398e-01
9.994557e-01
9.994527e-01
9.994504e-01
9.994673e-01
9.995138e-01
9.995658e-01
9.996009e-01
9.996652e-01
9.997396e-01
9.998064e-01
9.998673e-01
9.999141e-01
9.999502e-01
9.999746e-01
9.999911e-01
9.999992e-01
9.999984e-01
9.999868e-01
9.999624e-01
9.999297e-01
9.999210e-01
9.999685e-01
9.999919e-01
9.999967e-01
9.999984e-01
9.999991e-01
9.999995e-01
9.999997e-01
9.999999e-01
1.000000e+00
1.000000e+00
1.000000e+00
9.999997e-01
9.999990e-01
9.999988e-01
9.999935e-01
9.999985e-01
9.999993e-01
9.998556e-01
9.995027e-01
9.986167e-01
9.968009e-01
9.969246e-01
9.974477e-01
9.981647e-01
1.000000e+00
1.000000e+00
9.995110e-01
9.995143e-01
9.995564e-01
9.995688e-01
9.995454e-01
9.995607e-01
9.995998e-01
9.996813e-01
9.996925e-01
9.997168e-01
9.997677e-01
9.998460e-01
9.998851e-01
9.999234e-01
9.999639e-01
9.999840e-01
9.999970e-01
1.000000e+00
9.999938e-01
9.999811e-01
9.999665e-01
9.999499e-01
9.999550e-01
9.999993e-01
9.999811e-01
9.999959e-01
9.999948e-01
9.999944e-01
9.999930e-01
9.999918e-01
9.999893e-01
9.999867e-01
9.999838e-01
9.999838e-01
9.999752e-01
9.999799e-01
9.999708e-01
9.999829e-01
9.999807e-01
9.999921e-01
9.999323e-01
9.998419e-01
9.999718e-01
9.999985e-01
9.992849e-01
9.990840e-01
9.988511e-01
9.987588e-01
1.000000e+00
1.000000e+00
9.996000e-01
9.996050e-01
9.996479e-01
9.996416e-01
9.996289e-01
9.996464e-01
9.996887e-01
9.997588e-01
9.997562e-01
9.997834e-01
9.998381e-01
9.998926e-01
9.999226e-01
9.999517e-01
9.999823e-01
9.999922e-01
9.999999e-01
9.999982e-01
9.999893e-01
9.999717e-01
9.999549e-01
9.999422e-01
9.999586e-01
9.999786e-01
9.999764e-01
9.999921e-01
9.999924e-01
9.999922e-01
9.999912e-01
9.999899e-01
9.999879e-01
9.999855e-01
9.999789e-01
9.999809e-01
9.999696e-01
9.999711e-01
9.999562e-01
9.999669e-01
9.999485e-01
9.999651e-01
1.000000e+00
9.999964e-01
9.999933e-01
9.999566e-01
9.997407e-01
9.993878e-01
9.991982e-01
9.990180e-01
1.000000e+00
1.000000e+00
9.996867e-01
9.996908e-01
9.997325e-01
9.997157e-01
9.997111e-01
9.997294e-01
9.997717e-01
9.998215e-01
9.998158e-01
9.998444e-01
9.998954e-01
9.999292e-01
9.999520e-01
9.999733e-01
9.999923e-01
9.999978e-01
9.999994e-01
9.999934e-01
9.999818e-01
9.999641e-01
9.999406e-01
9.999312e-01
9.999894e-01
9.999323e-01
9.999751e-01
9.999883e-01
9.999903e-01
9.999904e-01
9.999893e-01
9.999870e-01
9.999864e-01
9.999847e-01
9.999772e-01
9.999770e-01
9.999673e-01
9.999623e-01
9.999498e-01
9.999534e-01
9.999103e-01
9.999510e-01
9.999575e-01
9.999519e-01
9.998408e-01
9.997575e-01
9.996668e-01
9.992679e-01
9.990891e-01
9.990692e-01
1.000000e+00
1.000000e+00
9.997620e-01
9.997691e-01
9.998029e-01
9.997805e-01
9.997831e-01
9.998018e-01
9.998423e-01
9.998709e-01
9.998692e-01
9.998954e-01
9.999374e-01
9.999561e-01
9.999728e-01
9.999881e-01
9.999976e-01
1.000000e+00
9.999971e-01
9.999853e-01
9.999695e-01
9.999494e-01
9.999263e-01
9.999402e-01
9.999987e-01
9.998678e-01
9.999692e-01
9.999836e-01
9.999871e-01
9.999873e-01
9.999867e-01
9.999844e-01
9.999822e-01
9.999835e-01
9.999765e-01
9.999702e-01
9.999670e-01
9.999509e-01
9.999467e-01
9.999329e-01
9.998762e-01
9.999466e-01
9.998728e-01
9.997041e-01
9.994919e-01
9.993659e-01
9.991283e-01
9.986923e-01
9.985114e-01
9.990133e-01
1.000000e+00
1.000000e+00
9.998234e-01
9.998282e-01
9.998557e-01
9.998349e-01
9.998385e-01
9.998567e-01
9.998909e-01
9.999013e-01
9.999061e-01
9.999281e-01
9.999591e-01
9.999715e-01
9.999830e-01
9.999945e-01
9.999991e-01
9.999996e-01
9.999958e-01
9.999811e-01
9.999632e-01
9.999415e-01
9.999241e-01
9.999558e-01
9.999781e-01
9.998504e-01
9.999775e-01
9.999840e-01
9.999873e-01
9.999878e-01
9.999876e-01
9.999861e-01
9.999840e-01
9.999842e-01
9.999814e-01
9.999707e-01
9.999746e-01
9.999510e-01
9.999573e-01
9.999310e-01
9.998794e-01
9.999527e-01
9.998215e-01
9.994993e-01
9.993070e-01
9.991110e-01
9.989142e-01
9.986112e-01
9.985299e-01
9.991839e-01
1.000000e+00
1.000000e+00
9.998717e-01
9.998759e-01
9.998958e-01
9.998786e-01
9.998839e-01
9.998988e-01
9.999271e-01
9.999265e-01
9.999345e-01
9.999540e-01
9.999732e-01
9.999821e-01
9.999900e-01
9.999980e-01
9.999998e-01
9.999982e-01
9.999931e-01
9.999784e-01
9.999559e-01
9.999331e-01
9.999257e-01
9.999562e-01
9.998848e-01
9.998680e-01
9.999752e-01
9.999831e-01
9.999863e-01
9.999874e-01
9.999877e-01
9.999871e-01
9.999860e-01
9.999840e-01
9.999846e-01
9.999734e-01
9.999799e-01
9.999560e-01
9.999690e-01
9.999364e-01
9.999111e-01
9.999617e-01
9.997888e-01
9.995794e-01
9.994218e-01
9.992270e-01
9.990796e-01
9.987895e-01
9.988426e-01
9.994042e-01
1.000000e+00
1.000000e+00
9.999081e-01
9.999120e-01
9.999239e-01
9.999126e-01
9.999165e-01
9.999276e-01
9.999501e-01
9.999448e-01
9.999536e-01
9.999688e-01
9.999815e-01
9.999882e-01
9.999933e-01
9.999991e-01
1.000000e+00
9.999973e-01
9.999912e-01
9.999794e-01
9.999540e-01
9.999315e-01
9.999197e-01
9.999726e-01
9.998035e-01
9.999183e-01
9.999763e-01
9.999846e-01
9.999873e-01
9.999885e-01
9.999889e-01
9.999891e-01
9.999889e-01
9.999854e-01
9.999886e-01
9.999797e-01
9.999836e-01
9.999660e-01
9.999769e-01
9.999469e-01
9.999468e-01
9.999569e-01
9.998463e-01
9.996305e-01
9.995215e-01
9.993597e-01
9.992653e-01
9.990290e-01
9.991604e-01
9.995820e-01
1.000000e+00
1.000000e+00
9.999349e-01
9.999372e-01
9.999450e-01
9.999370e-01
9.999402e-01
9.999484e-01
9.999622e-01
9.999590e-01
9.999648e-01
9.999768e-01
9.999856e-01
9.999904e-01
9.999947e-01
9.999992e-01
9.999999e-01
9.999978e-01
9.999922e-01
9.999812e-01
9.999613e-01
9.999343e-01
9.999172e-01
9.999886e-01
9.998368e-01
9.999535e-01
9.999835e-01
9.999887e-01
9.999908e-01
9.999910e-01
9.999912e-01
9.999917e-01
9.999921e-01
9.999893e-01
9.999917e-01
9.999865e-01
9.999872e-01
9.999759e-01
9.999855e-01
9.999595e-01
9.999624e-01
9.999649e-01
9.998610e-01
9.996548e-01
9.995937e-01
9.994850e-01
9.994422e-01
9.992804e-01
9.994214e-01
9.997127e-01
1.000000e+00
1.000000e+00
9.999540e-01
9.999557e-01
9.999616e-01
9.999557e-01
9.999572e-01
9.999641e-01
9.999755e-01
9.999705e-01
9.999767e-01
9.999852e-01
9.999905e-01
9.999942e-01
9.999972e-01
9.999999e-01
9.999999e-01
9.999964e-01
9.999884e-01
9.999749e-01
9.999527e-01
9.999226e-01
9.999165e-01
9.999999e-01
9.997850e-01
9.999432e-01
9.999794e-01
9.999864e-01
9.999887e-01
9.999894e-01
9.999891e-01
9.999912e-01
9.999917e-01
9.999896e-01
9.999915e-01
9.999886e-01
9.999884e-01
9.999808e-01
9.999871e-01
9.999658e-01
9.999779e-01
9.999743e-01
9.998972e-01
9.997639e-01
9.997383e-01
9.996671e-01
9.996207e-01
9.995124e-01
9.996127e-01
9.998034e-01
1.000000e+00
1.000000e+00
9.999055e-01
9.999099e-01
9.999213e-01
9.999101e-01
9.999167e-01
9.999317e-01
9.999504e-01
9.999451e-01
9.999584e-01
9.999757e-01
9.999851e-01
9.999920e-01
9.999968e-01
1.000000e+00
9.999994e-01
9.999935e-01
9.999797e-01
9.999610e-01
9.999314e-01
9.998972e-01
9.999100e-01
9.999950e-01
9.997332e-01
9.999388e-01
9.999767e-01
9.999843e-01
9.999867e-01
9.999873e-01
9.999864e-01
9.999873e-01
9.999889e-01
9.999852e-01
9.999846e-01
9.999814e-01
9.999770e-01
9.999669e-01
9.999737e-01
9.999317e-01
9.999621e-01
9.999480e-01
9.998151e-01
9.996776e-01
9.995585e-01
9.994106e-01
9.992810e-01
9.991665e-01
9.992939e-01
9.996245e-01
9.999996e-01
9.999996e-01
9.632864e-01
9.799214e-01
9.926043e-01
9.970375e-01
9.982993e-01
9.987170e-01
9.988880e-01
9.990142e-01
9.991182e-01
9.991388e-01
9.990415e-01
9.987955e-01
9.982062e-01
9.956867e-01
9.987568e-01
9.980211e-01
9.995556e-01
9.999665e-01
9.999883e-01
9.999915e-01
9.999941e-01
9.999976e-01
1.000000e+00
9.999644e-01
9.986279e-01
9.944070e-01
9.872574e-01
9.859593e-01
9.875736e-01
9.932862e-01
9.959949e-01
9.974560e-01
9.982382e-01
9.988144e-01
9.991362e-01
9.994250e-01
9.995718e-01
9.997262e-01
9.998300e-01
9.998789e-01
9.999482e-01
9.999773e-01
9.999990e-01
9.993383e-01
9.981755e-01
9.952599e-01
9.766627e-01
2.681508e-01
9.997230e-01
9.997446e-01
9.999835e-01
9.999827e-01
9.999856e-01
9.999866e-01
9.999876e-01
9.999901e-01
9.999942e-01
9.999971e-01
9.999992e-01
9.999998e-01
9.999943e-01
9.999736e-01
9.999284e-01
9.998408e-01
9.996811e-01
9.993850e-01
9.989088e-01
9.994260e-01
1.000000e+00
1.000000e+00
1.000000e+00
1.000000e+00
1.000000e+00
1.000000e+00
1.000000e+00
1.000000e+00
1.000000e+00
1.000000e+00
1.000000e+00
1.000000e+00
1.000000e+00
1.000000e+00
1.000000e+00
1.000000e+00
1.000000e+00
1.000000e+00
1.000000e+00
1.000000e+00
1.000000e+00
1.000000e+00
1.000000e+00
1.000000e+00
1.000000e+00
9.990388e-01
9.991590e-01
9.996580e-01
9.999812e-01
9.999810e-01
9.974963e-01
9.982874e-01
9.998928e-01
9.998865e-01
9.999055e-01
9.999110e-01
9.999163e-01
9.999320e-01
9.999596e-01
9.999792e-01
9.999941e-01
9.999988e-01
9.999574e-01
9.998018e-01
9.994598e-01
9.988078e-01
9.976726e-01
9.957682e-01
9.932928e-01
9.969282e-01
1.000000e+00
1.000000e+00
1.000000e+00
1.000000e+00
1.000000e+00
1.000000e+00
1.000000e+00
1.000000e+00
1.000000e+00
1.000000e+00
1.000000e+00
1.000000e+00
1.000000e+00
1.000000e+00
1.000000e+00
1.000000e+00
1.000000e+00
1.000000e+00
1.000000e+00
1.000000e+00
1.000000e+00
1.000000e+00
1.000000e+00
1.000000e+00
1.000000e+00
9.918622e-01
9.913580e-01
9.962370e-01
9.998022e-01
9.998208e-01
9.880043e-01
9.954919e-01
9.997379e-01
9.997167e-01
9.997592e-01
9.997666e-01
9.997725e-01
9.998082e-01
9.998814e-01
9.999365e-01
9.999813e-01
9.999962e-01
9.998576e-01
9.993282e-01
9.981737e-01
9.960880e-01
9.929250e-01
9.889295e-01
9.862764e-01
9.951422e-01
1.000000e+00
1.000000e+00
1.000000e+00
1.000000e+00
1.000000e+00
1.000000e+00
1.000000e+00
1.000000e+00
1.000000e+00
1.000000e+00
1.000000e+00
1.000000e+00
1.000000e+00
1.000000e+00
1.000000e+00
1.000000e+00
1.000000e+00
1.000000e+00
1.000000e+00
1.000000e+00
1.000000e+00
1.000000e+00
1.000000e+00
1.000000e+00
1.000000e+00
9.780027e-01
9.629794e-01
9.768149e-01
9.987272e-01
9.990592e-01
9.405980e-01
9.907620e-01
9.995282e-01
9.994598e-01
9.995131e-01
9.994913e-01
9.994612e-01
9.995068e-01
9.996712e-01
9.998115e-01
9.999413e-01
9.999875e-01
9.995245e-01
9.977678e-01
9.942297e-01
9.891112e-01
9.844642e-01
9.829860e-01
9.862507e-01
9.965271e-01
1.000000e+00
1.000000e+00
1.000000e+00
1.000000e+00
1.000000e+00
1.000000e+00
1.000000e+00
1.000000e+00
1.000000e+00
1.000000e+00
1.000000e+00
1.000000e+00
1.000000e+00
1.000000e+00
1.000000e+00
1.000000e+00
1.000000e+00
1.000000e+00
1.000000e+00
1.000000e+00
1.000000e+00
1.000000e+00
1.000000e+00
1.000000e+00
1.000000e+00
9.790401e-01
9.367086e-01
8.871789e-01
9.863827e-01
9.934327e-01
6.836502e-01
9.818069e-01
9.993484e-01
9.990952e-01
9.990060e-01
9.987060e-01
9.982768e-01
9.980360e-01
9.984197e-01
9.989471e-01
9.996357e-01
9.999193e-01
9.971264e-01
9.893342e-01
9.827702e-01
9.836940e-01
9.892811e-01
9.941278e-01
9.971496e-01
9.994565e-01
1.000000e+00
1.000000e+00
1.000000e+00
1.000000e+00
1.000000e+00
1.000000e+00
1.000000e+00
1.000000e+00
1.000000e+00
1.000000e+00
1.000000e+00
1.000000e+00
1.000000e+00
1.000000e+00
1.000000e+00
1.000000e+00
1.000000e+00
1.000000e+00
1.000000e+00
1.000000e+00
1.000000e+00
1.000000e+00
1.000000e+00
1.000000e+00
1.000000e+00
9.971531e-01
9.893969e-01
9.464731e-01
5.909782e-01
8.287858e-01
SCALARS area double 1
LOOKUP_TABLE default
1.483258e-05
1.378042e-05
2.213008e-05
2.702389e-05
3.300590e-05
4.031571e-05
4.924776e-05
6.017208e-05
7.351138e-05
8.979729e-05
1.096938e-04
1.340097e-04
1.637282e-04
2.000554e-04
2.444248e-04
2.986376e-04
3.648726e-04
4.458050e-04
5.446834e-04
6.654199e-04
8.129285e-04
9.929552e-04
1.212763e-03
1.480902e-03
1.808090e-03
2.207184e-03
2.693839e-03
3.287257e-03
4.011012e-03
4.894376e-03
5.878516e-03
5.407561e-03
4.426564e-03
3.624628e-03
2.969089e-03
2.432723e-03
1.993753e-03
1.634527e-03
1.340487e-03
1.099753e-03
9.027063e-04
7.416154e-04
6.097229e-04
5.019355e-04
4.142143e-04
3.421207e-04
2.845851e-04
2.394742e-04
2.604106e-04
3.201815e-04
1.379201e-05
1.246584e-05
1.912852e-05
2.335469e-05
2.852905e-05
3.484574e-05
4.256890e-05
5.201586e-05
6.354648e-05
7.762615e-05
9.483162e-05
1.158595e-04
1.415674e-04
1.729898e-04
2.113715e-04
2.582741e-04
3.155830e-04
3.856236e-04
4.711873e-04
5.756719e-04
7.033370e-04
8.591021e-04
1.049295e-03
1.281268e-03
1.564244e-03
1.909343e-03
2.330088e-03
2.843079e-03
3.468793e-03
4.232807e-03
4.883972e-03
4.220727e-03
3.455786e-03
2.830559e-03
2.319486e-03
1.901251e-03
1.559023e-03
1.278973e-03
1.049724e-03
8.620660e-04
7.083829e-04
5.829782e-04
4.801316e-04
3.962910e-04
3.280542e-04
2.720894e-04
2.277614e-04
1.946850e-04
2.182819e-04
2.685941e-04
1.238710e-05
1.142497e-05
1.696121e-05
2.070968e-05
2.529598e-05
3.089951e-05
3.774595e-05
4.611909e-05
5.633767e-05
6.881856e-05
8.406917e-05
1.027060e-04
1.254873e-04
1.533213e-04
1.873240e-04
2.288692e-04
2.796281e-04
3.416557e-04
4.174155e-04
5.099457e-04
6.229690e-04
7.609126e-04
9.293178e-04
1.134820e-03
1.385536e-03
1.691377e-03
2.064425e-03
2.519469e-03
3.074786e-03
3.753001e-03
4.052737e-03
3.366036e-03
2.756103e-03
2.257373e-03
1.849454e-03
1.515577e-03
1.242358e-03
1.018746e-03
8.356784e-04
6.858447e-04
5.631345e-04
4.629549e-04
3.807938e-04
3.138180e-04
2.591110e-04
2.144481e-04
1.786822e-04
1.527058e-04
1.734562e-04
2.130939e-04
1.133606e-05
1.041812e-05
1.489174e-05
1.818556e-05
2.220958e-05
2.713017e-05
3.314221e-05
4.049394e-05
4.946480e-05
6.042396e-05
7.381419e-05
9.017931e-05
1.101827e-04
1.346195e-04
1.644755e-04
2.009547e-04
2.455270e-04
2.999942e-04
3.665171e-04
4.477893e-04
5.470379e-04
6.682196e-04
8.161393e-04
9.967099e-04
1.217065e-03
1.485928e-03
1.813988e-03
2.214323e-03
2.703121e-03
3.292662e-03
3.270158e-03
2.680444e-03
2.194990e-03
1.797955e-03
1.473108e-03
1.207208e-03
9.896183e-04
8.115364e-04
6.657418e-04
5.464463e-04
4.487839e-04
3.690154e-04
3.036295e-04
2.503837e-04
2.067564e-04
1.713949e-04
1.429387e-04
1.234359e-04
1.427343e-04
1.752957e-04
1.027568e-05
9.606116e-06
1.330402e-05
1.624385e-05
1.984141e-05
2.423438e-05
2.960691e-05
3.617017e-05
4.418275e-05
5.397122e-05
6.592979e-05
8.054438e-05
9.840570e-05
1.202238e-04
1.468815e-04
1.794519e-04
2.192502e-04
2.678807e-04
3.272809e-04
3.998684e-04
4.885136e-04
5.968068e-04
7.290347e-04
8.905342e-04
1.087757e-03
1.328580e-03
1.622662e-03
1.981838e-03
2.420710e-03
2.907874e-03
2.667787e-03
2.184677e-03
1.789090e-03
1.465357e-03
1.200347e-03
9.834169e-04
8.058963e-04
6.606118e-04
5.416887e-04
4.443872e-04
3.647942e-04
2.997031e-04
2.464212e-04
2.030219e-04
1.673791e-04
1.386086e-04
1.152814e-04
1.001196e-04
1.170799e-04
1.436491e-04
9.389229e-06
8.925305e-06
1.203366e-05
1.469235e-05
1.794704e-05
2.192026e-05
2.677887e-05
3.271449e-05
3.995928e-05
4.881205e-05
5.962646e-05
7.284194e-05
8.899094e-05
1.087171e-04
1.328189e-04
1.622662e-04
1.982496e-04
2.422167e-04
2.959287e-04
3.615717e-04
4.417522e-04
5.397338e-04
6.594233e-04
8.056672e-04
9.843593e-04
1.202701e-03
1.469511e-03
1.795590e-03
2.194229e-03
2.552023e-03
2.215087e-03
1.814154e-03
1.485658e-03
1.216692e-03
9.964484e-04
8.161652e-04
6.686284e-04
5.478850e-04
4.490680e-04
3.682042e-04
3.020992e-04
2.479875e-04
2.037378e-04
1.676699e-04
1.380189e-04
1.141019e-04
9.461033e-05
8.270064e-05
9.761818e-05
1.196456e-04
8.714669e-06
8.293704e-06
1.085919e-05
1.326254e-05
1.619763e-05
1.978484e-05
2.416844e-05
2.952635e-05
3.606464e-05
4.405390e-05
5.381481e-05
6.574241e-05
8.031627e-05
9.811922e-05
1.198711e-04
1.464481e-04
1.789247e-04
2.186057e-04
2.670865e-04
3.263357e-04
3.987133e-04
4.871630e-04
5.952307e-04
7.272842e-04
8.886624e-04
1.085887e-03
1.326941e-03
1.621609e-03
1.981912e-03
2.200797e-03
1.845025e-03
1.511108e-03
1.237516e-03
1.013473e-03
8.300040e-04
6.798329e-04
5.569364e-04
4.563571e-04
3.740482e-04
3.066780e-04
2.516339e-04
2.065448e-04
1.696963e-04
1.396526e-04
1.149355e-04
9.503011e-05
7.878578e-05
6.967553e-05
8.308948e-05
1.018059e-04
8.120235e-06
7.695648e-06
9.763082e-06
1.192352e-05
1.456244e-05
1.778749e-05
2.173020e-05
2.654521e-05
3.242391e-05
3.960747e-05
4.838286e-05
5.910736e-05
7.220970e-05
8.821599e-05
1.077730e-04
1.316681e-04
1.608683e-04
1.965439e-04
2.401350e-04
2.934029e-04
3.584788e-04
4.379965e-04
5.351605e-04
6.538866e-04
7.989728e-04
9.762891e-04
1.193014e-03
1.457959e-03
1.781929e-03
1.859184e-03
1.531160e-03
1.254049e-03
1.027043e-03
8.411543e-04
6.889363e-04
5.643494e-04
4.623885e-04
3.789400e-04
3.106558e-04
2.547550e-04
2.090964e-04
1.716767e-04
1.411142e-04
1.161853e-04
9.567453e-05
7.918336e-05
6.573825e-05
5.899820e-05
7.101460e-05
8.701105e-05
7.549984e-06
7.136537e-06
8.770102e-06
1.070732e-05
1.307812e-05
1.597613e-05
1.951669e-05
2.384016e-05
2.912019e-05
3.557167e-05
4.345357e-05
5.308539e-05
6.485195e-05
7.922721e-05
9.679125e-05
1.182512e-04
1.444757e-04
1.765138e-04
2.156648e-04
2.634994e-04
3.219462e-04
3.933545e-04
4.806150e-04
5.872432e-04
7.175422e-04
8.767863e-04
1.071425e-03
1.309385e-03
1.593845e-03
1.544666e-03
1.265327e-03
1.036334e-03
8.487832e-04
6.952039e-04
5.694499e-04
4.665251e-04
3.822887e-04
3.133401e-04
2.569290e-04
2.107473e-04
1.730240e-04
1.421031e-04
1.168640e-04
9.625484e-05
7.931854e-05
6.570330e-05
5.462865e-05
4.987384e-05
6.055245e-05
7.418939e-05
7.002051e-06
6.639067e-06
7.496220e-06
9.150851e-06
1.117670e-05
1.365393e-05
1.667995e-05
2.037453e-05
2.488723e-05
3.040101e-05
3.713704e-05
4.536739e-05
5.542306e-05
6.770777e-05
8.271700e-05
1.010553e-04
1.234675e-04
1.508555e-04
1.843349e-04
2.252662e-04
2.753196e-04
3.365377e-04
4.114313e-04
5.030764e-04
6.152365e-04
7.525217e-04
9.205884e-04
1.126411e-03
1.372257e-03
1.357067e-03
1.114060e-03
9.122058e-04
7.467570e-04
6.111812e-04
5.002068e-04
4.094577e-04
3.352490e-04
2.745594e-04
2.249566e-04
1.843771e-04
1.512438e-04
1.241148e-04
1.019619e-04
8.388863e-05
6.905081e-05
5.706968e-05
4.736058e-05
4.298042e-05
5.201113e-05
5.970532e-05
6.513308e-06
6.246723e-06
6.648578e-06
8.115666e-06
9.913251e-06
1.210870e-05
1.479359e-05
1.806932e-05
2.207146e-05
2.696175e-05
3.293406e-05
4.023102e-05
4.914618e-05
6.003659e-05
7.333877e-05
8.958836e-05
1.094474e-04
1.337142e-04
1.633778e-04
1.996585e-04
2.440424e-04
2.983705e-04
3.649065e-04
4.464422e-04
5.464160e-04
6.690533e-04
8.195643e-04
1.004245e-03
1.218478e-03
1.192109e-03
9.786323e-04
8.006033e-04
6.544344e-04
5.347558e-04
4.369786e-04
3.571873e-04
2.920738e-04
2.389309e-04
1.955385e-04
1.600993e-04
1.311518e-04
1.074932e-04
8.815400e-05
7.238381e-05
5.943842e-05
4.895779e-05
4.049905e-05
3.480171e-05
3.594770e-05
3.588751e-05
6.111355e-06
5.927958e-06
6.657340e-06
8.126955e-06
9.929052e-06
1.212638e-05
1.481399e-05
1.809471e-05
2.210201e-05
2.699780e-05
3.297717e-05
4.028242e-05
4.920568e-05
6.010467e-05
7.341374e-05
8.967187e-05
1.095325e-04
1.337917e-04
1.634323e-04
1.996531e-04
2.439161e-04
2.980150e-04
3.641393e-04
4.449696e-04
5.437802e-04
6.645729e-04
8.122320e-04
9.927257e-04
1.097289e-03
9.463457e-04
7.748100e-04
6.342581e-04
5.191545e-04
4.249349e-04
3.478279e-04
2.847327e-04
2.331024e-04
1.908533e-04
1.562817e-04
1.279920e-04
1.048469e-04
8.590586e-05
7.041478e-05
5.774860e-05
4.735800e-05
3.893267e-05
3.208111e-05
2.638135e-05
2.177008e-05
1.907714e-05
5.792224e-06
5.646719e-06
6.543105e-06
7.989826e-06
9.760083e-06
1.192028e-05
1.456088e-05
1.778692e-05
2.172511e-05
2.653692e-05
3.241353e-05
3.959319e-05
4.836254e-05
5.907246e-05
7.214992e-05
8.812585e-05
1.076369e-04
1.314673e-04
1.605787e-04
1.961404e-04
2.395824e-04
2.926514e-04
3.574811e-04
4.366782e-04
5.334221e-04
6.516092e-04
7.959970e-04
9.713491e-04
9.627611e-04
7.885619e-04
6.456853e-04
5.286802e-04
4.328685e-04
3.544168e-04
2.901844e-04
2.375959e-04
1.945413e-04
1.592973e-04
1.304496e-04
1.068311e-04
8.750986e-05
7.168455e-05
5.874818e-05
4.815483e-05
3.947379e-05
3.242498e-05
2.664825e-05
2.188212e-05
1.802569e-05
1.584576e-05
5.512369e-06
5.375413e-06
6.119756e-06
7.475128e-06
9.128261e-06
1.115043e-05
1.361946e-05
1.663739e-05
2.032103e-05
2.482155e-05
3.031893e-05
3.703385e-05
4.523625e-05
5.525324e-05
6.748533e-05
8.242817e-05
1.006772e-04
1.229667e-04
1.501957e-04
1.834565e-04
2.240875e-04
2.737208e-04
3.343524e-04
4.084193e-04
4.988957e-04
6.094251e-04
7.444597e-04
9.038636e-04
8.536651e-04
6.990178e-04
5.723640e-04
4.686449e-04
3.837137e-04
3.141707e-04
2.572324e-04
2.106164e-04
1.724514e-04
1.412086e-04
1.156378e-04
9.470043e-05
7.757430e-05
6.354455e-05
5.207871e-05
4.268279e-05
3.499240e-05
2.874615e-05
2.361520e-05
1.939415e-05
1.597580e-05
1.409036e-05
5.277142e-06
5.146080e-06
5.741680e-06
7.011954e-06
8.563967e-06
1.046093e-05
1.277717e-05
1.560787e-05
1.906373e-05
2.328609e-05
2.844312e-05
3.474273e-05
4.243746e-05
5.183406e-05
6.330965e-05
7.732775e-05
9.444755e-05
1.153581e-04
1.409027e-04
1.721055e-04
2.102227e-04
2.567848e-04
3.136643e-04
3.831472e-04
4.680246e-04
5.717138e-04
6.983927e-04
8.387618e-04
7.635219e-04
6.251991e-04
5.119173e-04
4.191499e-04
3.431875e-04
2.809887e-04
2.300638e-04
1.883715e-04
1.542384e-04
1.262951e-04
1.034259e-04
8.470013e-05
6.938349e-05
5.683555e-05
4.658257e-05
3.817507e-05
3.130110e-05
2.571787e-05
2.112171e-05
1.734832e-05
1.429173e-05
1.264927e-05
5.056098e-06
4.930568e-06
5.392574e-06
6.583182e-06
8.042297e-06
9.822649e-06
1.199881e-05
1.465587e-05
1.790132e-05
2.186647e-05
2.670855e-05
3.262435e-05
3.984945e-05
4.867262e-05
5.944883e-05
7.261165e-05
8.868730e-05
1.083230e-04
1.323099e-04
1.616099e-04
1.974024e-04
2.411246e-04
2.945345e-04
3.597785e-04
4.394783e-04
5.368421e-04
6.557936e-04
7.746652e-04
6.833371e-04
5.595361e-04
4.581495e-04
3.751242e-04
3.071400e-04
2.514742e-04
2.058982e-04
1.685854e-04
1.380389e-04
1.130307e-04
9.256412e-05
7.580602e-05
6.209824e-05
5.086887e-05
4.169471e-05
3.416659e-05
2.801844e-05
2.302457e-05
1.890467e-05
1.552933e-05
1.279469e-05
1.136737e-05
4.838161e-06
4.718085e-06
5.058143e-06
6.174370e-06
7.542116e-06
9.212259e-06
1.125371e-05
1.374535e-05
1.678923e-05
2.050779e-05
2.504917e-05
3.059749e-05
3.737329e-05
4.564815e-05
5.575489e-05
6.809966e-05
8.317646e-05
1.015923e-04
1.240889e-04
1.515684e-04
1.851369e-04
2.261423e-04
2.762331e-04
3.374219e-04
4.121688e-04
5.034817e-04
6.150408e-04
7.106078e-04
6.107550e-04
5.001000e-04
4.094810e-04
3.352743e-04
2.745117e-04
2.247594e-04
1.840250e-04
1.506762e-04
1.233758e-04
1.010246e-04
8.273241e-05
6.775568e-05
5.550372e-05
4.546823e-05
3.726980e-05
3.053887e-05
2.504687e-05
2.058587e-05
1.689789e-05
1.388403e-05
1.144034e-05
1.020417e-05
4.628490e-06
4.513666e-06
4.743316e-06
5.789825e-06
7.072240e-06
8.639055e-06
1.055237e-05
1.288924e-05
1.574378e-05
1.923032e-05
2.348873e-05
2.869148e-05
3.504532e-05
4.280437e-05
5.228169e-05
6.385733e-05
7.799511e-05
9.526393e-05
1.163594e-04
1.421274e-04
1.736050e-04
2.120562e-04
2.590269e-04
3.164039e-04
3.864950e-04
4.721206e-04
5.767314e-04
6.481133e-04
5.457299e-04
4.468532e-04
3.658811e-04
2.995746e-04
2.452814e-04
2.008268e-04
1.644299e-04
1.346320e-04
1.102393e-04
9.026849e-05
7.392370e-05
6.054322e-05
4.959492e-05
4.062958e-05
3.330456e-05
2.728875e-05
2.238392e-05
1.839970e-05
1.510010e-05
1.240878e-05
1.022554e-05
9.158259e-06
4.427744e-06
4.317942e-06
4.447951e-06
5.428848e-06
6.632972e-06
8.101377e-06
9.895470e-06
1.208679e-05
1.476409e-05
1.803314e-05
2.202683e-05
2.690535e-05
3.286378e-05
4.013951e-05
4.902699e-05
5.988186e-05
7.313961e-05
8.933378e-05
1.091161e-04
1.332803e-04
1.627985e-04
1.988563e-04
2.429031e-04
2.967084e-04
3.624367e-04
4.427330e-04
5.408327e-04
5.877768e-04
4.875909e-04
3.992458e-04
3.268990e-04
2.676563e-04
2.191474e-04
1.794294e-04
1.469107e-04
1.202874e-04
9.849412e-05
8.065190e-05
6.604804e-05
5.409466e-05
4.431183e-05
3.630333e-05
2.975894e-05
2.438284e-05
2.000365e-05
1.644370e-05
1.349260e-05
1.108888e-05
9.139153e-06
8.219460e-06
4.242276e-06
4.137111e-06
4.177423e-06
5.099877e-06
6.229912e-06
7.609183e-06
9.294970e-06
1.135314e-05
1.386700e-05
1.693815e-05
2.068958e-05
2.527141e-05
3.086776e-05
3.770171e-05
4.604943e-05
5.624509e-05
6.869760e-05
8.390876e-05
1.024897e-04
1.251867e-04
1.529123e-04
1.867805e-04
2.281526e-04
2.786904e-04
3.404276e-04
4.158486e-04
5.079921e-04
5.307574e-04
4.362791e-04
3.572293e-04
2.924951e-04
2.394867e-04
1.960828e-04
1.605451e-04
1.314492e-04
1.076279e-04
8.812846e-05
7.216490e-05
5.909760e-05
4.840359e-05
3.964921e-05
3.248510e-05
2.662889e-05
2.181838e-05
1.790255e-05
1.471686e-05
1.207349e-05
9.924752e-06
8.180420e-06
7.388601e-06
4.073915e-06
3.972961e-06
3.931895e-06
4.802591e-06
5.864191e-06
7.163392e-06
8.749992e-06
1.068803e-05
1.305428e-05
1.594559e-05
1.947709e-05
2.379031e-05
2.905859e-05
3.549200e-05
4.335049e-05
5.294855e-05
6.467138e-05
7.899130e-05
9.648330e-05
1.178504e-04
1.439512e-04
1.758347e-04
2.147823e-04
2.623586e-04
3.204780e-04
3.914802e-04
4.780057e-04
4.775738e-04
3.911959e-04
3.203133e-04
2.622676e-04
2.147367e-04
1.758181e-04
1.439532e-04
1.178646e-04
9.650515e-05
7.902086e-05
6.470808e-05
5.299084e-05
4.340321e-05
3.555261e-05
2.913006e-05
2.387840e-05
1.956531e-05
1.605603e-05
1.319875e-05
1.082697e-05
8.901728e-06
7.338260e-06
6.658040e-06
3.906813e-06
3.810044e-06
3.696061e-06
4.514736e-06
5.512864e-06
6.734700e-06
8.225175e-06
1.004733e-05
1.227266e-05
1.498992e-05
1.830947e-05
2.236471e-05
2.731701e-05
3.336469e-05
4.075230e-05
4.977509e-05
6.079545e-05
7.425731e-05
9.070107e-05
1.107878e-04
1.353243e-04
1.652971e-04
2.019106e-04
2.466356e-04
3.012720e-04
3.680197e-04
4.476885e-04
4.276850e-04
3.502004e-04
2.867444e-04
2.347808e-04
1.922307e-04
1.573906e-04
1.288653e-04
1.055113e-04
8.639075e-05
7.073865e-05
5.792692e-05
4.743750e-05
3.885565e-05
3.182718e-05
2.607915e-05
2.137650e-05
1.751614e-05
1.437613e-05
1.181723e-05
9.693335e-06
7.970815e-06
6.572475e-06
5.991065e-06
3.739385e-06
3.646809e-06
3.468964e-06
4.235552e-06
5.173799e-06
6.319451e-06
7.718573e-06
9.428516e-06
1.151642e-05
1.406668e-05
1.718136e-05
2.098684e-05
2.563378e-05
3.130889e-05
3.824135e-05
4.670813e-05
5.704953e-05
6.968219e-05
8.511278e-05
1.039620e-04
1.269867e-04
1.551127e-04
1.894700e-04
2.314393e-04
2.827092e-04
3.453444e-04
4.160679e-04
3.820457e-04
3.128272e-04
2.561417e-04
2.097229e-04
1.717136e-04
1.405917e-04
1.151110e-04
9.424978e-05
7.717055e-05
6.318888e-05
5.174522e-05
4.237533e-05
3.471010e-05
2.843141e-05
2.329797e-05
1.909534e-05
1.564889e-05
1.284478e-05
1.055800e-05
8.659971e-06
7.122110e-06
5.873589e-06
5.379849e-06
3.571210e-06
3.482843e-06
3.248549e-06
3.965409e-06
4.843889e-06
5.916669e-06
7.226569e-06
8.827911e-06
1.078209e-05
1.317014e-05
1.608643e-05
1.964897e-05
2.399978e-05
2.931338e-05
3.580373e-05
4.373084e-05
5.341320e-05
6.524073e-05
7.968771e-05
9.733556e-05
1.188926e-04
1.452255e-04
1.773925e-04
2.166862e-04
2.646875e-04
3.233296e-04
3.835371e-04
3.405639e-04
2.788587e-04
2.283272e-04
1.869482e-04
1.530663e-04
1.253239e-04
1.026102e-04
8.401473e-05
6.879081e-05
5.632748e-05
4.612718e-05
3.777479e-05
3.094254e-05
2.534545e-05
2.077028e-05
1.702232e-05
1.395175e-05
1.145333e-05
9.412649e-06
7.721165e-06
6.350665e-06
5.239404e-06
4.820113e-06
3.401247e-06
3.317125e-06
3.034193e-06
3.703338e-06
4.523026e-06
5.525604e-06
6.749074e-06
8.244013e-06
1.006898e-05
1.229935e-05
1.502271e-05
1.834955e-05
2.241279e-05
2.737500e-05
3.343597e-05
4.083899e-05
4.988112e-05
6.092649e-05
7.441816e-05
9.089879e-05
1.110301e-04
1.356212e-04
1.656601e-04
2.023544e-04
2.471799e-04
3.019420e-04
3.505829e-04
3.028016e-04
2.479362e-04
2.030069e-04
1.662160e-04
1.360913e-04
1.114255e-04
9.123081e-05
7.469782e-05
6.116274e-05
5.008182e-05
4.101302e-05
3.358726e-05
2.751309e-05
2.253653e-05
1.846976e-05
1.513562e-05
1.240682e-05
1.018685e-05
8.370207e-06
6.866656e-06
5.648356e-06
4.662495e-06
4.310901e-06
3.236271e-06
3.156246e-06
2.825782e-06
3.448056e-06
4.212704e-06
5.145178e-06
6.285416e-06
7.676703e-06
9.376703e-06
1.145369e-05
1.398975e-05
1.708786e-05
2.087168e-05
2.549271e-05
3.113710e-05
3.803102e-05
4.645164e-05
5.673754e-05
6.930163e-05
8.464887e-05
1.033955e-04
1.262946e-04
1.542653e-04
1.884318e-04
2.301682e-04
2.811562e-04
3.186447e-04
2.696153e-04
2.207600e-04
1.807537e-04
1.479947e-04
1.211718e-04
9.920993e-05
8.122910e-05
6.650851e-05
5.445791e-05
4.459188e-05
3.651744e-05
2.990637e-05
2.449817e-05
2.006758e-05
1.644721e-05
1.347818e-05
1.105002e-05
9.074585e-06
7.456102e-06
6.118037e-06
5.032675e-06
4.157961e-06
3.869050e-06
3.077806e-06
3.001663e-06
2.617795e-06
3.194301e-06
3.902942e-06
4.766651e-06
5.822343e-06
7.111969e-06
8.686505e-06
1.061070e-05
1.296008e-05
1.583022e-05
1.933542e-05
2.361665e-05
2.884589e-05
3.523263e-05
4.303398e-05
5.256346e-05
6.420345e-05
7.842198e-05
9.578948e-05
1.170032e-04
1.429137e-04
1.745617e-04
2.132199e-04
2.604470e-04
2.887561e-04
2.412591e-04
1.975401e-04
1.617404e-04
1.324266e-04
1.084248e-04
8.877302e-05
7.268372e-05
5.951163e-05
4.872908e-05
3.990112e-05
3.267617e-05
2.676103e-05
2.192187e-05
1.795791e-05
1.471859e-05
1.206284e-05
9.892393e-06
8.125879e-06
6.677565e-06
5.480706e-06
4.509015e-06
3.730889e-06
3.501414e-06
2.936524e-06
2.863853e-06
2.419527e-06
2.954006e-06
3.607190e-06
4.407030e-06
5.382184e-06
6.574652e-06
8.029782e-06
9.808477e-06
1.198039e-05
1.463348e-05
1.787365e-05
2.183155e-05
2.666569e-05
3.257011e-05
3.978220e-05
4.859212e-05
5.935320e-05
7.249816e-05
8.855413e-05
1.081652e-04
1.321168e-04
1.613701e-04
1.971013e-04
2.407520e-04
2.625751e-04
2.178762e-04
1.783932e-04
1.460627e-04
1.195897e-04
9.791421e-05
8.016731e-05
6.563764e-05
5.374244e-05
4.400524e-05
3.603330e-05
2.950872e-05
2.416763e-05
1.979736e-05
1.621856e-05
1.329302e-05
1.089627e-05
8.938975e-06
7.344880e-06
6.038749e-06
4.956440e-06
4.078174e-06
3.386674e-06
3.212399e-06
2.808155e-06
2.738644e-06
2.226153e-06
2.718547e-06
3.319434e-06
4.055320e-06
4.952743e-06
6.049930e-06
7.389045e-06
9.025069e-06
1.102370e-05
1.346487e-05
1.644635e-05
2.008819e-05
2.453660e-05
2.996987e-05
3.660653e-05
4.471372e-05
5.461657e-05
6.671325e-05
8.148871e-05
9.953523e-05
1.215748e-04
1.484909e-04
1.813653e-04
2.215251e-04
2.399855e-04
1.986649e-04
1.626625e-04
1.331823e-04
1.090435e-04
8.927920e-05
7.309727e-05
5.984892e-05
4.900267e-05
4.012432e-05
3.285557e-05
2.690645e-05
2.203666e-05
1.805195e-05
1.478942e-05
1.212141e-05
9.938333e-06
8.156287e-06
6.704635e-06
5.515809e-06
4.527892e-06
3.725298e-06
3.113892e-06
2.988630e-06
2.692711e-06
2.626045e-06
2.037119e-06
2.486443e-06
3.037040e-06
3.709253e-06
4.530324e-06
5.534393e-06
6.758926e-06
8.255321e-06
1.008337e-05
1.231622e-05
1.504332e-05
1.837429e-05
2.244328e-05
2.741327e-05
3.348410e-05
4.090031e-05
4.995925e-05
6.102530e-05
7.454186e-05
9.105052e-05
1.112111e-04
1.358304e-04
1.658973e-04
2.026261e-04
2.209068e-04
1.832800e-04
1.500652e-04
1.228678e-04
1.005982e-04
8.236447e-05
6.743564e-05
5.521331e-05
4.520712e-05
3.701646e-05
3.031065e-05
2.482252e-05
2.032985e-05
1.665422e-05
1.364467e-05
1.118275e-05
9.171272e-06
7.529906e-06
6.192949e-06
5.098316e-06
4.186705e-06
3.444746e-06
2.911997e-06
2.833500e-06
2.584975e-06
2.520967e-06
1.846212e-06
2.252389e-06
2.750974e-06
3.360228e-06
4.104182e-06
5.013278e-06
6.122424e-06
7.477956e-06
9.133628e-06
1.115575e-05
1.362570e-05
1.664282e-05
2.032817e-05
2.482983e-05
3.032892e-05
3.704657e-05
4.525261e-05
5.527704e-05
6.752145e-05
8.247637e-05
1.007389e-04
1.230386e-04
1.502700e-04
1.835330e-04
2.043590e-04
1.711881e-04
1.401645e-04
1.147613e-04
9.396082e-05
7.693000e-05
6.298601e-05
5.156994e-05
4.222406e-05
3.457376e-05
2.831019e-05
2.318442e-05
1.898832e-05
1.555501e-05
1.274470e-05
1.044472e-05
8.567596e-06
7.037432e-06
5.791212e-06
4.771419e-06
3.919814e-06
3.224707e-06
2.782927e-06
2.750293e-06
2.375789e-06
2.316954e-06
1.607845e-06
1.962027e-06
2.396194e-06
2.926135e-06
3.574881e-06
4.365759e-06
5.331974e-06
6.512176e-06
7.953455e-06
9.714107e-06
1.186456e-05
1.449141e-05
1.770029e-05
2.161995e-05
2.640813e-05
3.225767e-05
3.940342e-05
4.813301e-05
5.879600e-05
7.181954e-05
8.772318e-05
1.071411e-04
1.308511e-04
1.598099e-04
1.807813e-04
1.526549e-04
1.249900e-04
1.023369e-04
8.378821e-05
6.860107e-05
5.616666e-05
4.598641e-05
3.765242e-05
3.083028e-05
2.524479e-05
2.067408e-05
1.693226e-05
1.387060e-05
1.136496e-05
9.314286e-06
7.639488e-06
6.277544e-06
5.168987e-06
4.318434e-06
3.627876e-06
2.984843e-06
2.652726e-06
2.667979e-06
1.954566e-06
1.906158e-06
1.307680e-06
1.596061e-06
1.948865e-06
2.380091e-06
2.907037e-06
3.550741e-06
4.336252e-06
5.295541e-06
6.467521e-06
7.898976e-06
9.647363e-06
1.178276e-05
1.439173e-05
1.757863e-05
2.147175e-05
2.622825e-05
3.203870e-05
3.913750e-05
4.780861e-05
5.839886e-05
7.133059e-05
8.711885e-05
1.063953e-04
1.299374e-04
1.412021e-04
1.176643e-04
9.634023e-05
7.887931e-05
6.458215e-05
5.287611e-05
4.329195e-05
3.544528e-05
2.902157e-05
2.376331e-05
1.945832e-05
1.593531e-05
1.305131e-05
1.069146e-05
8.760090e-06
7.180028e-06
5.886873e-06
4.876422e-06
4.163755e-06
3.480693e-06
3.139955e-06
2.639983e-06
2.412642e-06
2.497869e-06
1.600896e-06
1.561245e-06
1.094761e-06
1.335763e-06
1.630956e-06
1.992252e-06
2.432921e-06
2.971830e-06
3.628790e-06
4.431524e-06
5.412130e-06
6.609594e-06
8.072329e-06
9.858987e-06
1.204166e-05
1.470805e-05
1.796566e-05
2.194566e-05
2.680788e-05
3.274817e-05
4.000435e-05
4.886604e-05
5.968572e-05
7.289455e-05
8.902096e-05
1.084275e-04
1.076271e-04
8.824195e-05
7.224960e-05
5.915460e-05
4.843242e-05
3.965358e-05
3.246620e-05
2.658180e-05
2.176443e-05
1.782127e-05
1.459308e-05
1.195094e-05
9.788483e-06
8.018457e-06
6.570226e-06
5.385260e-06
4.414310e-06
3.662668e-06
3.332356e-06
2.808274e-06
2.583298e-06
2.349740e-06
2.229601e-06
2.442962e-06
1.310100e-06
1.277650e-06
9.180974e-07
1.119674e-06
1.368011e-06
1.670289e-06
2.040165e-06
2.491457e-06
3.042466e-06
3.715215e-06
4.537018e-06
5.540747e-06
6.766644e-06
8.264204e-06
1.009363e-05
1.232862e-05
1.505928e-05
1.839563e-05
2.247180e-05
2.745149e-05
3.353436e-05
4.096288e-05
5.003170e-05
6.110189e-05
7.461784e-05
8.932815e-05
8.144649e-05
6.668676e-05
5.460061e-05
4.470422e-05
3.660115e-05
2.996679e-05
2.453524e-05
2.008845e-05
1.644796e-05
1.346810e-05
1.102881e-05
9.031968e-06
7.398156e-06
6.060301e-06
4.966104e-06
4.070421e-06
3.336279e-06
2.744403e-06
2.577604e-06
2.286581e-06
2.000325e-06
1.969748e-06
1.997518e-06
2.344159e-06
1.072093e-06
1.045537e-06
7.714733e-07
9.407789e-07
1.149463e-06
1.403714e-06
1.714147e-06
2.093185e-06
2.556298e-06
3.121094e-06
3.811543e-06
4.654565e-06
5.684162e-06
6.941942e-06
8.478627e-06
1.035598e-05
1.264983e-05
1.545252e-05
1.887694e-05
2.306022e-05
2.817007e-05
3.440985e-05
4.202693e-05
5.132467e-05
6.267696e-05
7.210523e-05
6.200718e-05
5.076980e-05
4.156819e-05
3.403381e-05
2.786482e-05
2.281395e-05
1.867888e-05
1.529364e-05
1.252224e-05
1.025362e-05
8.396781e-06
6.876565e-06
5.632968e-06
4.614432e-06
3.781490e-06
3.099561e-06
2.540397e-06
2.087501e-06
1.983664e-06
1.843304e-06
1.578613e-06
1.581197e-06
1.733222e-06
2.106030e-06
8.786722e-07
8.569067e-07
6.487709e-07
7.915110e-07
9.665109e-07
1.180388e-06
1.441724e-06
1.760277e-06
2.149536e-06
2.624453e-06
3.204973e-06
3.913641e-06
4.779145e-06
5.836544e-06
7.128513e-06
8.706884e-06
1.063563e-05
1.299213e-05
1.587159e-05
1.938915e-05
2.368538e-05
2.893130e-05
3.533484e-05
4.315113e-05
5.269494e-05
5.734335e-05
4.768326e-05
3.904164e-05
3.196554e-05
2.617160e-05
2.142771e-05
1.754365e-05
1.436383e-05
1.176068e-05
9.629672e-06
7.885099e-06
6.457373e-06
5.288412e-06
4.332205e-06
3.548989e-06
2.908659e-06
2.384039e-06
1.954096e-06
1.606697e-06
1.555568e-06
1.478532e-06
1.270328e-06
1.263763e-06
1.467491e-06
1.789319e-06
7.190012e-07
7.011905e-07
5.431889e-07
6.629859e-07
8.093594e-07
9.883618e-07
1.207229e-06
1.474010e-06
1.799706e-06
2.197401e-06
2.683284e-06
3.276509e-06
4.000988e-06
4.886194e-06
5.967712e-06
7.289064e-06
8.903847e-06
1.087676e-05
1.328750e-05
1.623262e-05
1.982938e-05
2.422082e-05
2.958116e-05
3.612368e-05
4.410796e-05
4.502573e-05
3.695334e-05
3.025616e-05
2.477230e-05
2.028213e-05
1.660576e-05
1.359577e-05
1.113153e-05
9.114185e-06
7.462838e-06
6.110860e-06
5.004514e-06
4.098673e-06
3.357752e-06
2.750687e-06
2.254826e-06
1.847783e-06
1.514935e-06
1.247326e-06
1.234788e-06
1.188444e-06
1.026450e-06
1.018016e-06
1.217649e-06
1.484787e-06
5.884650e-07
5.738876e-07
4.535510e-07
5.537155e-07
6.759624e-07
8.255191e-07
1.008065e-06
1.231027e-06
1.502869e-06
1.834905e-06
2.240541e-06
2.735790e-06
3.340672e-06
4.079732e-06
4.982708e-06
6.085987e-06
7.434302e-06
9.081687e-06
1.109464e-05
1.355387e-05
1.655714e-05
2.022359e-05
2.469860e-05
3.016063e-05
3.669450e-05
3.527487e-05
2.888240e-05
2.364786e-05
1.936168e-05
1.585219e-05
1.297878e-05
1.062628e-05
8.700283e-06
7.123563e-06
5.832941e-06
4.776305e-06
3.911610e-06
3.203735e-06
2.624613e-06
2.150201e-06
1.762813e-06
1.444391e-06
1.184541e-06
9.780079e-07
9.892216e-07
9.621028e-07
8.335612e-07
8.274051e-07
1.001363e-06
1.221146e-06
4.815266e-07
4.695981e-07
3.769669e-07
4.602808e-07
5.621010e-07
6.862065e-07
8.380039e-07
1.023242e-06
1.249264e-06
1.525193e-06
1.862263e-06
2.273881e-06
2.776607e-06
3.390790e-06
4.141270e-06
5.058274e-06
6.178932e-06
7.548206e-06
9.221317e-06
1.126532e-05
1.376153e-05
1.680872e-05
2.052754e-05
2.506691e-05
3.021987e-05
2.781272e-05
2.277255e-05
1.864529e-05
1.526580e-05
1.249871e-05
1.023316e-05
8.378347e-06
6.859806e-06
5.616642e-06
4.599074e-06
3.766003e-06
3.084230e-06
2.526192e-06
2.069499e-06
1.695591e-06
1.390230e-06
1.138967e-06
9.342221e-07
7.737257e-07
7.966441e-07
7.806952e-07
6.776130e-07
6.746676e-07
8.202094e-07
1.000300e-06
3.947852e-07
3.850054e-07
3.131105e-07
3.824139e-07
4.669609e-07
5.700218e-07
6.960872e-07
8.499657e-07
1.037646e-06
1.266852e-06
1.546781e-06
1.888609e-06
2.306115e-06
2.816226e-06
3.439513e-06
4.201136e-06
5.131919e-06
6.269241e-06
7.658881e-06
9.356574e-06
1.142979e-05
1.396049e-05
1.704888e-05
2.081899e-05
2.477286e-05
2.211465e-05
1.810695e-05
1.482525e-05
1.213812e-05
9.937938e-06
8.136553e-06
6.661761e-06
5.454379e-06
4.465926e-06
3.656834e-06
2.994506e-06
2.452397e-06
2.008745e-06
1.645597e-06
1.348371e-06
1.105611e-06
9.057064e-07
7.430604e-07
6.165288e-07
6.445919e-07
6.367065e-07
5.529635e-07
5.523056e-07
6.726031e-07
8.203261e-07
5.575263e-07
5.437147e-07
4.494478e-07
5.489591e-07
6.699147e-07
8.182203e-07
9.990125e-07
1.219886e-06
1.489036e-06
1.817993e-06
2.219667e-06
2.710073e-06
3.309108e-06
4.041061e-06
4.935421e-06
6.028314e-06
7.363965e-06
8.996072e-06
1.099019e-05
1.342630e-05
1.640114e-05
2.003227e-05
2.446350e-05
2.987279e-05
3.477408e-05
3.014932e-05
2.468538e-05
2.021136e-05
1.654795e-05
1.354842e-05
1.109257e-05
9.081990e-06
7.436016e-06
6.088479e-06
4.985409e-06
4.082587e-06
3.343477e-06
2.738774e-06
2.243591e-06
1.838531e-06
1.507485e-06
1.234979e-06
1.013379e-06
8.450167e-07
9.012835e-07
8.980997e-07
7.789738e-07
7.810887e-07
9.518461e-07
1.161021e-06
1.099583e-08
1.099886e-08
7.979537e-09
1.059923e-08
1.500257e-08
2.248606e-08
3.450450e-08
5.177686e-08
7.347803e-08
1.038368e-07
1.442927e-07
1.889338e-07
2.295640e-07
2.615606e-07
2.696085e-07
2.032633e-07
1.188554e-07
5.209574e-07
1.425762e-06
3.082197e-06
5.874996e-06
1.021257e-05
1.623565e-05
2.199399e-05
1.948519e-05
1.071068e-05
5.375160e-06
2.340280e-06
2.515824e-06
3.470640e-06
3.795823e-06
3.518332e-06
3.063000e-06
2.585343e-06
2.087507e-06
1.698080e-06
1.319199e-06
1.053765e-06
7.901573e-07
6.212956e-07
4.791598e-07
3.377716e-07
2.800215e-07
2.419811e-07
2.492282e-07
2.194390e-07
1.527280e-07
1.091228e-07
7.846484e-08
4.291482e-08
8.195895e-08
8.376846e-08
4.954272e-08
6.044123e-08
7.336263e-08
8.934477e-08
1.087813e-07
1.320997e-07
1.600028e-07
1.941627e-07
2.358209e-07
2.863131e-07
3.477506e-07
4.226938e-07
5.151011e-07
6.296373e-07
7.710224e-07
9.463646e-07
1.166066e-06
1.545494e-06
2.415942e-06
4.042983e-06
6.625224e-06
1.050611e-05
1.507879e-05
1.679261e-05
1.823814e-05
2.025275e-05
2.171549e-05
2.283327e-05
2.278970e-05
1.800855e-05
1.373241e-05
1.027517e-05
7.578562e-06
5.523521e-06
3.983424e-06
2.844416e-06
2.012535e-06
1.410779e-06
9.787200e-07
6.740146e-07
4.579962e-07
3.083628e-07
2.250547e-07
1.705300e-07
1.347529e-07
1.187331e-07
1.278870e-07
1.473373e-07
6.684784e-08
7.405240e-08
4.424516e-08
5.395929e-08
6.552171e-08
7.979472e-08
9.714923e-08
1.180010e-07
1.430035e-07
1.736007e-07
2.109216e-07
2.562007e-07
3.113557e-07
3.787799e-07
4.623445e-07
5.671437e-07
6.997640e-07
8.721155e-07
1.105667e-06
1.519213e-06
2.414511e-06
4.039498e-06
6.618388e-06
1.049668e-05
1.507181e-05
1.678711e-05
1.823048e-05
2.024097e-05
2.169977e-05
2.281598e-05
2.277413e-05
1.799902e-05
1.372835e-05
1.027544e-05
7.581895e-06
5.529010e-06
3.990042e-06
2.851717e-06
2.019709e-06
1.417760e-06
9.852027e-07
6.795206e-07
4.630635e-07
3.127880e-07
2.281677e-07
1.511848e-07
1.127105e-07
9.612484e-08
1.031890e-07
1.204956e-07
4.403410e-08
5.765037e-08
3.499076e-08
4.263007e-08
5.178112e-08
6.303182e-08
7.669838e-08
9.315545e-08
1.129580e-07
1.371805e-07
1.667462e-07
2.027043e-07
2.466617e-07
3.007914e-07
3.689719e-07
4.574057e-07
5.765595e-07
7.473601e-07
1.008929e-06
1.480082e-06
2.414880e-06
4.038118e-06
6.614103e-06
1.049244e-05
1.507798e-05
1.679987e-05
1.824341e-05
2.025069e-05
2.170261e-05
2.281449e-05
2.277485e-05
1.800570e-05
1.374083e-05
1.029236e-05
7.601506e-06
5.550020e-06
4.011036e-06
2.872116e-06
2.038440e-06
1.434842e-06
1.000337e-06
6.921482e-07
4.741058e-07
3.219502e-07
2.343222e-07
1.261970e-07
8.252079e-08
6.305188e-08
6.573854e-08
7.926205e-08
2.153849e-08
3.719753e-08
2.296243e-08
2.787900e-08
3.380224e-08
4.102117e-08
4.974846e-08
6.026333e-08
7.297031e-08
8.851938e-08
1.075505e-07
1.308651e-07
1.597563e-07
1.963602e-07
2.451446e-07
3.149077e-07
4.225805e-07
6.005503e-07
9.036462e-07
1.440552e-06
2.415335e-06
4.036176e-06
6.608251e-06
1.048654e-05
1.508642e-05
1.682049e-05
1.826874e-05
2.027510e-05
2.171438e-05
2.281440e-05
2.277596e-05
1.801704e-05
1.376271e-05
1.032221e-05
7.636072e-06
5.586636e-06
4.047368e-06
2.906814e-06
2.070073e-06
1.463129e-06
1.024969e-06
7.126837e-07
4.914543e-07
3.357251e-07
2.430420e-07
1.084402e-07
5.967906e-08
3.409584e-08
2.875044e-08
3.716768e-08
6.154446e-09
1.667440e-08
1.065570e-08
1.265036e-08
1.499887e-08
1.771216e-08
2.081895e-08
2.442568e-08
2.876442e-08
3.412318e-08
4.086403e-08
4.967389e-08
6.206262e-08
8.142317e-08
1.150689e-07
1.765829e-07
2.883445e-07
4.871659e-07
8.309953e-07
1.415770e-06
2.415834e-06
4.033874e-06
6.601480e-06
1.047962e-05
1.509655e-05
1.684943e-05
1.830964e-05
2.031988e-05
2.173959e-05
2.281702e-05
2.277743e-05
1.803364e-05
1.379552e-05
1.036710e-05
7.687997e-06
5.641101e-06
4.101045e-06
2.957305e-06
2.115765e-06
1.503270e-06
1.059357e-06
7.412685e-07
5.148591e-07
3.535722e-07
2.537200e-07
1.018859e-07
5.119020e-08
2.138729e-08
6.236890e-09
7.850323e-09
