# vtk DataFile Version 3.0
AERIS surface mesh v3
ASCII
DATASET STRUCTURED_GRID
DIMENSIONS 51 49 1
POINTS 2499 double
9.0024999872e-01 3.3159315263e-08 -7.9810670100e-07
9.0017734063e-01 -7.3148091180e-06 1.7605906899e-04
9.0000079880e-01 -1.0377861576e-05 2.4978322985e-04
8.9976034102e-01 -1.0375088181e-05 2.5151195989e-04
8.9946678790e-01 -1.0371702408e-05 2.5326040535e-04
8.9910813160e-01 -1.0367565762e-05 2.5505093170e-04
8.9867011971e-01 -1.0362513856e-05 2.5708233315e-04
8.9813513027e-01 -1.0356343423e-05 2.5996238948e-04
8.9748168763e-01 -1.0348806715e-05 2.6527679405e-04
8.9668363878e-01 -1.0339601965e-05 2.7655061061e-04
8.9570893743e-01 -1.0328359534e-05 2.9462587518e-04
8.9451848336e-01 -1.0314628485e-05 3.1877368374e-04
8.9306454803e-01 -1.0297858237e-05 3.5174070345e-04
8.9128883316e-01 -1.0277376230e-05 3.9829172752e-04
8.8912030144e-01 -1.0252362858e-05 4.6635975201e-04
8.8647234014e-01 -1.0221818692e-05 5.6888135174e-04
8.8323899444e-01 -1.0184521344e-05 7.1550535915e-04
8.7929097921e-01 -1.0138979220e-05 9.1915476011e-04
8.7447079766e-01 -1.0083374971e-05 1.2030011775e-03
8.6858646475e-01 -1.0015493188e-05 1.5980133975e-03
8.6140360601e-01 -9.9326293637e-06 2.1404930042e-03
8.5263671111e-01 -9.8314886750e-06 2.8814148874e-03
8.4193793287e-01 -9.7080567150e-06 3.8885247892e-03
8.2888345760e-01 -9.5574421591e-06 5.2500545966e-03
8.1295639634e-01 -9.3736794371e-06 7.0748125198e-03
7.9352785085e-01 -9.1495096831e-06 9.5104811789e-03
7.6982951067e-01 -8.8760652438e-06 1.2728354643e-02
7.4092365551e-01 -8.5425231355e-06 1.6938681473e-02
7.0566366381e-01 -8.1356497357e-06 2.2386080520e-02
6.6264135046e-01 -7.6391944592e-06 2.9320793329e-02
6.1012072176e-01 -7.0331272655e-06 3.7956645373e-02
5.4594786625e-01 -6.2926035849e-06 4.8356839102e-02
4.6743257428e-01 -5.3866077541e-06 6.0195463957e-02
3.7833380045e-01 -4.3585682205e-06 7.1452916507e-02
3.0281377352e-01 -3.4873063407e-06 7.8187916001e-02
2.4080024166e-01 -2.7719691440e-06 8.0934166593e-02
1.8998312415e-01 -2.1858855949e-06 8.0441449551e-02
1.4849624874e-01 -1.7075099902e-06 7.7310393907e-02
1.1481853159e-01 -1.3192741827e-06 7.2210539784e-02
8.7693966961e-02 -1.0066699163e-06 6.5740825383e-02
6.6037961376e-02 -7.5716550901e-07 5.8511528793e-02
4.8885822171e-02 -5.5961409960e-07 5.1080267441e-02
3.5451509026e-02 -4.0493858169e-07 4.3753182103e-02
2.5088632903e-02 -2.8567708136e-07 3.6712634528e-02
1.7244332351e-02 -1.9544782500e-07 3.0103089655e-02
1.1410400206e-02 -1.2838430397e-07 2.4062424392e-02
7.1335948576e-03 -7.9255786839e-08 1.8678832675e-02
4.1651076009e-03 -4.5194648107e-08 1.3897405144e-02
2.2270959353e-03 -2.2996459648e-08 9.7159191688e-03
9.4702765392e-04 -8.3634634397e-09 6.1653288305e-03
2.1138913213e-04 1.7619498490e-19 2.8774824712e-03
8.6601365596e-01 7.0077422077e-02 5.7102921790e-03
8.6593978104e-01 7.0071204113e-02 5.8866879993e-03
8.6576273544e-01 7.0068647579e-02 5.9592136469e-03
8.6553190047e-01 7.0068650032e-02 5.9592702490e-03
8.6525007830e-01 7.0068653028e-02 5.9589823098e-03
8.6490585018e-01 7.0068656687e-02 5.9583044648e-03
8.6448542874e-01 7.0068661156e-02 5.9573525220e-03
8.6397185992e-01 7.0068666614e-02 5.9566955381e-03
8.6334460366e-01 7.0068673281e-02 5.9578542635e-03
8.6257851296e-01 7.0068681424e-02 5.9641552050e-03
8.6164280915e-01 7.0068691369e-02 5.9752997098e-03
8.6049995897e-01 7.0068703516e-02 5.9909465184e-03
8.5910415432e-01 7.0068718352e-02 6.0137453270e-03
8.5739940779e-01 7.0068736470e-02 6.0480152586e-03
8.5531750189e-01 7.0068758597e-02 6.1013875138e-03
8.5277522555e-01 7.0068785616e-02 6.1859542419e-03
8.4967079264e-01 7.0068818609e-02 6.3087735941e-03
8.4588006664e-01 7.0068858894e-02 6.4831858570e-03
8.4125179448e-01 7.0068908079e-02 6.7308104185e-03
8.3560152404e-01 7.0068968123e-02 7.0803361761e-03
8.2870410942e-01 7.0069041417e-02 7.5654178988e-03
8.2028532714e-01 7.0069130876e-02 8.2344357991e-03
8.1001098784e-01 7.0069240047e-02 9.1509124962e-03
7.9747383028e-01 7.0069373258e-02 1.0397021775e-02
7.8217738401e-01 7.0069535780e-02 1.2076405095e-02
7.6351675769e-01 7.0069734039e-02 1.4323255230e-02
7.4075435558e-01 7.0069975867e-02 1.7304081348e-02
7.1298792421e-01 7.0070270847e-02 2.1207423602e-02
6.7911437330e-01 7.0070630697e-02 2.6254722877e-02
6.3777869427e-01 7.0071069809e-02 3.2666971133e-02
5.8730857663e-01 7.0071605952e-02 4.0610499535e-02
5.2562706668e-01 7.0072261203e-02 5.0072515565e-02
4.5014402396e-01 7.0073063110e-02 6.0632869755e-02
3.6946914655e-01 7.0073920259e-02 6.9719544859e-02
3.0275031636e-01 7.0074629231e-02 7.4629296044e-02
2.4799970328e-01 7.0075211125e-02 7.6111461897e-02
2.0317838489e-01 7.0075687588e-02 7.4824417962e-02
1.6663925920e-01 7.0076076106e-02 7.1288669633e-02
1.3703266209e-01 7.0076391002e-02 6.6121120821e-02
1.1324219196e-01 7.0076644120e-02 5.9842860378e-02
9.4287346226e-02 7.0076845861e-02 5.3021489045e-02
7.9303659264e-02 7.0077005395e-02 4.6127298617e-02
6.7606330016e-02 7.0077129992e-02 3.9382961944e-02
5.8614539714e-02 7.0077225819e-02 3.2953268842e-02
5.1824226013e-02 7.0077298229e-02 2.6969252289e-02
4.6789082984e-02 7.0077351962e-02 2.1532466494e-02
4.3110777961e-02 7.0077391248e-02 1.6708198219e-02
4.0577540341e-02 7.0077418341e-02 1.2437065674e-02
3.8924316625e-02 7.0077436059e-02 8.7215135085e-03
3.7828924771e-02 7.0077447826e-02 5.5764926586e-03
3.7205657676e-02 7.0077454565e-02 2.6509728867e-03
8.2924015018e-01 1.3304591690e-01 9.9225064466e-03
8.2916516538e-01 1.3304088482e-01 1.0098471247e-02
8.2898766635e-01 1.3303884227e-01 1.0169896559e-02
8.2876697138e-01 1.3303884436e-01 1.0168545770e-02
8.2849739069e-01 1.3303884693e-01 1.0166543311e-02
8.2816820459e-01 1.3303885005e-01 1.0163788445e-02
8.2776613091e-01 1.3303885387e-01 1.0160350670e-02
8.2727498349e-01 1.3303885854e-01 1.0156753559e-02
8.2667512183e-01 1.3303886424e-01 1.0154594922e-02
8.2594238172e-01 1.3303887120e-01 1.0156855064e-02
8.2504747760e-01 1.3303887970e-01 1.0162132222e-02
8.2395442841e-01 1.3303889009e-01 1.0170729252e-02
8.2261939949e-01 1.3303890277e-01 1.0185044414e-02
8.2098889521e-01 1.3303891826e-01 1.0209275504e-02
8.1899759290e-01 1.3303893718e-01 1.0251002581e-02
8.1656588211e-01 1.3303896027e-01 1.0320655101e-02
8.1359635106e-01 1.3303898848e-01 1.0423645100e-02
8.0997028728e-01 1.3303902291e-01 1.0573831657e-02
8.0554296689e-01 1.3303906496e-01 1.0791781276e-02
8.0013783582e-01 1.3303911628e-01 1.1103074762e-02
7.9353951140e-01 1.3303917893e-01 1.1540122409e-02
7.8548556951e-01 1.3303925540e-01 1.2148201243e-02
7.7565626593e-01 1.3303934871e-01 1.2987869618e-02
7.6366167332e-01 1.3303946256e-01 1.4134387138e-02
7.4902701838e-01 1.3303960146e-01 1.5688965002e-02
7.3117266030e-01 1.3303977089e-01 1.7771408306e-02
7.0939269505e-01 1.3303997757e-01 2.0539795289e-02
6.8282317705e-01 1.3304022966e-01 2.4168328059e-02
6.5040613478e-01 1.3304053721e-01 2.8849968318e-02
6.1084172520e-01 1.3304091256e-01 3.4771623056e-02
5.6252335895e-01 1.3304137094e-01 4.2042561589e-02
5.0345774011e-01 1.3304193132e-01 5.0586630070e-02
4.3127970148e-01 1.3304261622e-01 5.9794296208e-02
3.6130912519e-01 1.3304328037e-01 6.6574959245e-02
3.0384521252e-01 1.3304382603e-01 6.9792867074e-02
2.5672692975e-01 1.3304427367e-01 7.0153234341e-02
2.1820144010e-01 1.3304463989e-01 6.8181890313e-02
1.8685169510e-01 1.3304493811e-01 6.4360962887e-02
1.6150751034e-01 1.3304517939e-01 5.9244580239e-02
1.4119569957e-01 1.3304537294e-01 5.3285212152e-02
1.2505081438e-01 1.3304552694e-01 4.6984005980e-02
1.1231675399e-01 1.3304564852e-01 4.0724077277e-02
1.0241478356e-01 1.3304574317e-01 3.4649654352e-02
9.4835200707e-02 1.3304581573e-01 2.8905755962e-02
8.9126367183e-02 1.3304587047e-01 2.3610560436e-02
8.4904520593e-02 1.3304591104e-01 1.8833246044e-02
8.1835067939e-02 1.3304594060e-01 1.4612187586e-02
7.9739547417e-02 1.3304596086e-01 1.0889044071e-02
7.8369745251e-02 1.3304597418e-01 7.6694448342e-03
7.7456313534e-02 1.3304598312e-01 4.9537721648e-03
7.6941462163e-02 1.3304598825e-01 2.4072456063e-03
7.9939463637e-01 1.9118569469e-01 1.3106165444e-02
7.9931863329e-01 1.9118177502e-01 1.3281721191e-02
7.9914072340e-01 1.9118020302e-01 1.3352128948e-02
7.9892876432e-01 1.9118020522e-01 1.3349591141e-02
7.9867001424e-01 1.9118020796e-01 1.3346146170e-02
7.9835389119e-01 1.9118021135e-01 1.3341641793e-02
7.9796778340e-01 1.9118021549e-01 1.3336119542e-02
7.9749620994e-01 1.9118022044e-01 1.3330091689e-02
7.9692022015e-01 1.9118022615e-01 1.3325172502e-02
7.9621661222e-01 1.9118023247e-01 1.3323821235e-02
7.9535727011e-01 1.9118023991e-01 1.3324133212e-02
7.9430762816e-01 1.9118024869e-01 1.3326761754e-02
7.9302562628e-01 1.9118025884e-01 1.3333916314e-02
7.9145984154e-01 1.9118027026e-01 1.3349700653e-02
7.8954756065e-01 1.9118028242e-01 1.3381590748e-02
7.8721223124e-01 1.9118029482e-01 1.3438032246e-02
7.8436033435e-01 1.9118030753e-01 1.3524132107e-02
7.8087782830e-01 1.9118031963e-01 1.3653617174e-02
7.7662569750e-01 1.9118032960e-01 1.3845774426e-02
7.7143428095e-01 1.9118033563e-01 1.4124003117e-02
7.6509668164e-01 1.9118033517e-01 1.4519227826e-02
7.5736079217e-01 1.9118032434e-01 1.5074524557e-02
7.4791940754e-01 1.9118029777e-01 1.5847124408e-02
7.3639774974e-01 1.9118024889e-01 1.6906743277e-02
7.2233984328e-01 1.9118016783e-01 1.8351646608e-02
7.0518832715e-01 1.9118004407e-01 2.0291129421e-02
6.8426431478e-01 1.9117986298e-01 2.2870919014e-02
6.5873758741e-01 1.9117960859e-01 2.6255843051e-02
6.2758977878e-01 1.9117926595e-01 3.0615026422e-02
5.8956883317e-01 1.9117882432e-01 3.6102054120e-02
5.4312786866e-01 1.9117828698e-01 4.2789438565e-02
4.8634284753e-01 1.9117769385e-01 5.0512621929e-02
4.1828441021e-01 1.9117717526e-01 5.8403783686e-02
3.5689859997e-01 1.9117699651e-01 6.3469362757e-02
3.0651089663e-01 1.9117715171e-01 6.5483610556e-02
2.6522757184e-01 1.9117756910e-01 6.5073107990e-02
2.3151495201e-01 1.9117820375e-01 6.2651879313e-02
2.0412737446e-01 1.9117899881e-01 5.8700480015e-02
1.8203318886e-01 1.9117989595e-01 5.3696960072e-02
1.6436568417e-01 1.9118084474e-01 4.8052955224e-02
1.5035210782e-01 1.9118179057e-01 4.2203975847e-02
1.3932404955e-01 1.9118269497e-01 3.6464461868e-02
1.3077618209e-01 1.9118354771e-01 3.0938479024e-02
1.2425755602e-01 1.9118433555e-01 2.5747709187e-02
1.1936109538e-01 1.9118504730e-01 2.0996929484e-02
1.1574469965e-01 1.9118567846e-01 1.6739141834e-02
1.1313121917e-01 1.9118622973e-01 1.2986633717e-02
1.1135955832e-01 1.9118670961e-01 9.6888779123e-03
1.1019862046e-01 1.9118711936e-01 6.8513818819e-03
1.0942066468e-01 1.9118746231e-01 4.4644840073e-03
1.0898683001e-01 1.9118778360e-01 2.2100363724e-03
7.7154385702e-01 2.4421179330e-01 1.5373756078e-02
7.7146692658e-01 2.4420852385e-01 1.5548920773e-02
7.7128864683e-01 2.4420722716e-01 1.5618392354e-02
7.7108584853e-01 2.4420723617e-01 1.5614879557e-02
7.7083830566e-01 2.4420724783e-01 1.5610251680e-02
7.7053599158e-01 2.4420726261e-01 1.5604319886e-02
7.7016666562e-01 2.4420728063e-01 1.5597096086e-02
7.6971552308e-01 2.4420730103e-01 1.5589095943e-02
7.6916452437e-01 2.4420732081e-01 1.5581971901e-02
7.6849140836e-01 2.4420733670e-01 1.5577523759e-02
7.6766930451e-01 2.4420735294e-01 1.5573720475e-02
7.6666516606e-01 2.4420736837e-01 1.5571339720e-02
7.6543868242e-01 2.4420737926e-01 1.5572525930e-02
7.6394069131e-01 2.4420737835e-01 1.5581286158e-02
7.6211115550e-01 2.4420735204e-01 1.5604946667e-02
7.5987682079e-01 2.4420728907e-01 1.5649706763e-02
7.5714818108e-01 2.4420717944e-01 1.5721208356e-02
7.5381613450e-01 2.4420699896e-01 1.5832501363e-02
7.4974761232e-01 2.4420671362e-01 1.6001815992e-02
7.4478022035e-01 2.4420628405e-01 1.6250302419e-02
7.3871597975e-01 2.4420565440e-01 1.6607794843e-02
7.3131358761e-01 2.4420474831e-01 1.7114906632e-02
7.2227899012e-01 2.4420346454e-01 1.7825353097e-02
7.1125347744e-01 2.4420167902e-01 1.8804950330e-02
6.9780046840e-01 2.4419921785e-01 2.0145571640e-02
6.8138651295e-01 2.4419588557e-01 2.1950724452e-02
6.6136105530e-01 2.4419143273e-01 2.4352349267e-02
6.3692867408e-01 2.4418557491e-01 2.7501160218e-02
6.0711358103e-01 2.4417802737e-01 3.1549048099e-02
5.7071497340e-01 2.4416855901e-01 3.6621551952e-02
5.2624753568e-01 2.4415713648e-01 4.2744046846e-02
4.7186259672e-01 2.4414425303e-01 4.9673009283e-02
4.0909188064e-01 2.4413218379e-01 5.6229514116e-02
3.5523133290e-01 2.4412557524e-01 5.9927426269e-02
3.1104494821e-01 2.4412391621e-01 6.1025489665e-02
2.7487223432e-01 2.4412623050e-01 6.0035108093e-02
2.4537053878e-01 2.4413179494e-01 5.7335748524e-02
2.2144265639e-01 2.4413975406e-01 5.3373586903e-02
2.0218143620e-01 2.4414933671e-01 4.8550362889e-02
1.8681107775e-01 2.4415979375e-01 4.3255767457e-02
1.7464163457e-01 2.4417040377e-01 3.7864752571e-02
1.6509157034e-01 2.4418070544e-01 3.2617872770e-02
1.5770832182e-01 2.4419051931e-01 2.7609950338e-02
1.5209771197e-01 2.4419966987e-01 2.2933461089e-02
1.4789510873e-01 2.4420798413e-01 1.8679419488e-02
1.4479464479e-01 2.4421538417e-01 1.4889595269e-02
1.4256735914e-01 2.4422188551e-01 1.1557279928e-02
1.4106718437e-01 2.4422757434e-01 8.6389425447e-03
1.4008087682e-01 2.4423244396e-01 6.1392065041e-03
1.3941724121e-01 2.4423652927e-01 4.0411714581e-03
1.3905172892e-01 2.4424040935e-01 2.0470742874e-03
7.4879452697e-01 2.9337889391e-01 1.7254337530e-02
7.4871673543e-01 2.9337512378e-01 1.7429111427e-02
7.4853811595e-01 2.9337364420e-01 1.7497701105e-02
7.4834303293e-01 2.9337367875e-01 1.7493350542e-02
7.4810489963e-01 2.9337372340e-01 1.7487700672e-02
7.4781399503e-01 2.9337377980e-01 1.7480542838e-02
7.4745866033e-01 2.9337384822e-01 1.7471864871e-02
7.4702466151e-01 2.9337392511e-01 1.7462183184e-02
7.4649451183e-01 2.9337399806e-01 1.7453235928e-02
7.4584694165e-01 2.9337405986e-01 1.7446055055e-02
7.4505593908e-01 2.9337412508e-01 1.7438694457e-02
7.4408980668e-01 2.9337418726e-01 1.7432102472e-02
7.4290975304e-01 2.9337423271e-01 1.7428239418e-02
7.4146840838e-01 2.9337423292e-01 1.7431111998e-02
7.3970802642e-01 2.9337413708e-01 1.7447813970e-02
7.3755807482e-01 2.9337391536e-01 1.7482580776e-02
7.3493244137e-01 2.9337352260e-01 1.7541786038e-02
7.3172611291e-01 2.9337287038e-01 1.7637780310e-02
7.2781100138e-01 2.9337183514e-01 1.7787783952e-02
7.2303079411e-01 2.9337027709e-01 1.8011302043e-02
7.1719495471e-01 2.9336798836e-01 1.8337256892e-02
7.1007121388e-01 2.9336469312e-01 1.8803981791e-02
7.0137647719e-01 2.9336002618e-01 1.9462181346e-02
6.9076549779e-01 2.9335353401e-01 2.0374813375e-02
6.7781776226e-01 2.9334460327e-01 2.1626926164e-02
6.6202001852e-01 2.9333250547e-01 2.3319563538e-02
6.4274527315e-01 2.9331638381e-01 2.5571610185e-02
6.1922711422e-01 2.9329524273e-01 2.8521286339e-02
5.9052505323e-01 2.9326811090e-01 3.2303831185e-02
5.5548071671e-01 2.9323428977e-01 3.7017478183e-02
5.1265948052e-01 2.9319397154e-01 4.2638728259e-02
4.6027860315e-01 2.9314935790e-01 4.8868914464e-02
4.0292201309e-01 2.9311129021e-01 5.4210463491e-02
3.5518463741e-01 2.9309276122e-01 5.6850299411e-02
3.1604398475e-01 2.9309044925e-01 5.7246493968e-02
2.8402964083e-01 2.9310122395e-01 5.5831754009e-02
2.5795248695e-01 2.9312255165e-01 5.2956304155e-02
2.3683699317e-01 2.9315151284e-01 4.9022910890e-02
2.1987529859e-01 2.9318554113e-01 4.4385523403e-02
2.0636549455e-01 2.9322197998e-01 3.9410256066e-02
1.9568646684e-01 2.9325848520e-01 3.4420178502e-02
1.8733138329e-01 2.9329377439e-01 2.9592363654e-02
1.8088806462e-01 2.9332716984e-01 2.5020679970e-02
1.7600514043e-01 2.9335814361e-01 2.0778311663e-02
1.7236014428e-01 2.9338618000e-01 1.6936707266e-02
1.6967120615e-01 2.9341099812e-01 1.3534992852e-02
1.6775272045e-01 2.9343277921e-01 1.0548663875e-02
1.6646707791e-01 2.9345178154e-01 7.9425395024e-03
1.6561912840e-01 2.9346799144e-01 5.7188886446e-03
1.6504592256e-01 2.9348156662e-01 3.8563906085e-03
1.6473432433e-01 2.9349455936e-01 2.0733243745e-03
7.3060509096e-01 3.3928367651e-01 1.9099147334e-02
7.3052649719e-01 3.3927899093e-01 1.9273539757e-02
7.3034756444e-01 3.3927717036e-01 1.9341299685e-02
7.3015850601e-01 3.3927725130e-01 1.9336204788e-02
7.2992754764e-01 3.3927735539e-01 1.9329640827e-02
7.2964555969e-01 3.3927748608e-01 1.9321390526e-02
7.2930112478e-01 3.3927764393e-01 1.9311429464e-02
7.2888043872e-01 3.3927782091e-01 1.9300297640e-02
7.2836643381e-01 3.3927799011e-01 1.9289772044e-02
7.2773861414e-01 3.3927814856e-01 1.9280068296e-02
7.2697179270e-01 3.3927831997e-01 1.9269662864e-02
7.2603512978e-01 3.3927849202e-01 1.9259393505e-02
7.2489102641e-01 3.3927863522e-01 1.9251226610e-02
7.2349360541e-01 3.3927869036e-01 1.9249083056e-02
7.2178683078e-01 3.3927855463e-01 1.9259743172e-02
7.1970227160e-01 3.3927818533e-01 1.9286070445e-02
7.1715646672e-01 3.3927747837e-01 1.9334958602e-02
7.1404755248e-01 3.3927625241e-01 1.9418370041e-02
7.1025131378e-01 3.3927426604e-01 1.9552220363e-02
7.0561613869e-01 3.3927123518e-01 1.9755242976e-02
6.9995724365e-01 3.3926673899e-01 2.0055146860e-02
6.9304936163e-01 3.3926021408e-01 2.0489006155e-02
6.8461787240e-01 3.3925093581e-01 2.1104488224e-02
6.7432800503e-01 3.3923796651e-01 2.1963253266e-02
6.6177154977e-01 3.3922012135e-01 2.3143198957e-02
6.4645092036e-01 3.3919588145e-01 2.4744157926e-02
6.2775743872e-01 3.3916358975e-01 2.6875114345e-02
6.0494687474e-01 3.3912133242e-01 2.9661983138e-02
5.7710577493e-01 3.3906729452e-01 3.3224390878e-02
5.4310795740e-01 3.3900041346e-01 3.7632992250e-02
5.0155862408e-01 3.3892165955e-01 4.2825802395e-02
4.5072398019e-01 3.3883678657e-01 4.8428422866e-02
3.9864752788e-01 3.3877241659e-01 5.2691746803e-02
3.5587926419e-01 3.3874529847e-01 5.4509610323e-02
3.2083337889e-01 3.3874816695e-01 5.4358712701e-02
2.9219387207e-01 3.3877508045e-01 5.2628922057e-02
2.6889634189e-01 3.3882130721e-01 4.9630740594e-02
2.5006251581e-01 3.3888106461e-01 4.5743185237e-02
2.3496419800e-01 3.3894955945e-01 4.1280421910e-02
2.2295947474e-01 3.3902155603e-01 3.6585460445e-02
2.1348476100e-01 3.3909280776e-01 3.1936554364e-02
2.0609428456e-01 3.3916136618e-01 2.7461571197e-02
2.0041023007e-01 3.3922584264e-01 2.3251703684e-02
1.9611257283e-01 3.3928528198e-01 1.9369739090e-02
1.9291322659e-01 3.3933884909e-01 1.5870583765e-02
1.9055493035e-01 3.3938604801e-01 1.2786934272e-02
1.8888367131e-01 3.3942741209e-01 1.0084079436e-02
1.8776791663e-01 3.3946337736e-01 7.7336461718e-03
1.8702970575e-01 3.3949395754e-01 5.7349238124e-03
1.8652864366e-01 3.3951952388e-01 4.0637845199e-03
1.8625917553e-01 3.3954421300e-01 2.4497608024e-03
7.1391135504e-01 3.8196217357e-01 2.0875139772e-02
7.1383201771e-01 3.8195672113e-01 2.1049172846e-02
7.1365279739e-01 3.8195462242e-01 2.1116160359e-02
7.1346989723e-01 3.8195476094e-01 2.1110439429e-02
7.1324663920e-01 3.8195493791e-01 2.1103123752e-02
7.1297381878e-01 3.8195515941e-01 2.1093962992e-02
7.1264065944e-01 3.8195542617e-01 2.1082933827e-02
7.1223371001e-01 3.8195572532e-01 2.1070586365e-02
7.1173657151e-01 3.8195601416e-01 2.1058729893e-02
7.1112930253e-01 3.8195630389e-01 2.1046906130e-02
7.1038753082e-01 3.8195662455e-01 2.1033863585e-02
7.0948149771e-01 3.8195695628e-01 2.1020458980e-02
7.0837482052e-01 3.8195725353e-01 2.1008633548e-02
7.0702303129e-01 3.8195742627e-01 2.1002209544e-02
7.0537195581e-01 3.8195732768e-01 2.1007407128e-02
7.0335538424e-01 3.8195690990e-01 2.1026284516e-02
7.0089256458e-01 3.8195600543e-01 2.1065951271e-02
6.9788494229e-01 3.8195434163e-01 2.1137956555e-02
6.9421229603e-01 3.8195157449e-01 2.1256871523e-02
6.8972794163e-01 3.8194727383e-01 2.1440914953e-02
6.8425306090e-01 3.8194081482e-01 2.1716526632e-02
6.7756969593e-01 3.8193135396e-01 2.2119385472e-02
6.6941201308e-01 3.8191783924e-01 2.2693986787e-02
6.5945618269e-01 3.8189883398e-01 2.3501069214e-02
6.4730690338e-01 3.8187264775e-01 2.4612109659e-02
6.3248254885e-01 3.8183702793e-01 2.6122326535e-02
6.1439399434e-01 3.8178952538e-01 2.8135288003e-02
5.9232008707e-01 3.8172748266e-01 3.0763421465e-02
5.6537556760e-01 3.8164845494e-01 3.4110299318e-02
5.3246826319e-01 3.8155139353e-01 3.8220798910e-02
4.9224658885e-01 3.8143844081e-01 4.3005504621e-02
4.4319770845e-01 3.8132080414e-01 4.7993148178e-02
3.9628710420e-01 3.8124244527e-01 5.1324461859e-02
3.5780192289e-01 3.8121526909e-01 5.2493857761e-02
3.2628423156e-01 3.8122888500e-01 5.1940067326e-02
3.0055136957e-01 3.8127562753e-01 4.9986824036e-02
2.7964502953e-01 3.8134836234e-01 4.6935340190e-02
2.6277096564e-01 3.8143884011e-01 4.3133704686e-02
2.4926792759e-01 3.8154029497e-01 3.8867417085e-02
2.3854893253e-01 3.8164532030e-01 3.4448927116e-02
2.3010153791e-01 3.8174820478e-01 3.0119206676e-02
2.2353043874e-01 3.8184675166e-01 2.5971066368e-02
2.1849049693e-01 3.8193896037e-01 2.2089018731e-02
2.1468651460e-01 3.8202346297e-01 1.8530888005e-02
2.1186154657e-01 3.8209931879e-01 1.5336472525e-02
2.0978244414e-01 3.8216591632e-01 1.2531685930e-02
2.0831811126e-01 3.8222418735e-01 1.0077349371e-02
2.0734367907e-01 3.8227469304e-01 7.9498975302e-03
2.0669629951e-01 3.8231750663e-01 6.1463473822e-03
2.0625556274e-01 3.8235325144e-01 4.6405109557e-03
2.0602168758e-01 3.8238802680e-01 3.1753915197e-03
6.9775519279e-01 4.2153074377e-01 2.2511552644e-02
6.9767516789e-01 4.2152465814e-01 2.2685249603e-02
6.9749568409e-01 4.2152233629e-01 2.2751520452e-02
6.9731916169e-01 4.2152253578e-01 2.2745289910e-02
6.9710371356e-01 4.2152278952e-01 2.2737361216e-02
6.9684064381e-01 4.2152310588e-01 2.2727473691e-02
6.9651915818e-01 4.2152348612e-01 2.2715591909e-02
6.9612652541e-01 4.2152391114e-01 2.2702324737e-02
6.9564683428e-01 4.2152432678e-01 2.2689390769e-02
6.9506089849e-01 4.2152476598e-01 2.2675756553e-02
6.9434516611e-01 4.2152525583e-01 2.2660575856e-02
6.9347092701e-01 4.2152577252e-01 2.2644613965e-02
6.9240306560e-01 4.2152625783e-01 2.2629724580e-02
6.9109865855e-01 4.2152658468e-01 2.2619942156e-02
6.8950542192e-01 4.2152659305e-01 2.2620345815e-02
6.8755948620e-01 4.2152622355e-01 2.2632839302e-02
6.8518286368e-01 4.2152525118e-01 2.2664565684e-02
6.8228045977e-01 4.2152332554e-01 2.2726638700e-02
6.7873621676e-01 4.2152002696e-01 2.2832369486e-02
6.7440858290e-01 4.2151479627e-01 2.2999489222e-02
6.6912493773e-01 4.2150684036e-01 2.3253134297e-02
6.6267492153e-01 4.2149507636e-01 2.3627615025e-02
6.5480187854e-01 4.2147818802e-01 2.4164636050e-02
6.4519331014e-01 4.2145430569e-01 2.4923414412e-02
6.3346747077e-01 4.2142134028e-01 2.5970131895e-02
6.1915916804e-01 4.2137649122e-01 2.7393489292e-02
6.0169972735e-01 4.2131662187e-01 2.9292851780e-02
5.8039216481e-01 4.2123858748e-01 3.1767894360e-02
5.5438052531e-01 4.2113966669e-01 3.4904978547e-02
5.2260916935e-01 4.2101902120e-01 3.8731040269e-02
4.8376952653e-01 4.2088095459e-01 4.3110622924e-02
4.3717375799e-01 4.2074424144e-01 4.7450685044e-02
3.9504949799e-01 4.2066444116e-01 4.9990265472e-02
3.6050511839e-01 4.2064484384e-01 5.0624084328e-02
3.3223221913e-01 4.2067277337e-01 4.9753290493e-02
3.0917128375e-01 4.2073989456e-01 4.7641744309e-02
2.9046019595e-01 4.2083675486e-01 4.4588534271e-02
2.7538206043e-01 4.2095340337e-01 4.0908437720e-02
2.6333753419e-01 4.2108168081e-01 3.6859561965e-02
2.5379114504e-01 4.2121263747e-01 3.2724967498e-02
2.4627927952e-01 4.2133976485e-01 2.8710535594e-02
2.4045120962e-01 4.2146097017e-01 2.4882551433e-02
2.3599495185e-01 4.2157390371e-01 2.1315403199e-02
2.3263588136e-01 4.2167676398e-01 1.8066138718e-02
2.3014680600e-01 4.2176875042e-01 1.5160152711e-02
2.2831919405e-01 4.2184927395e-01 1.2616149292e-02
2.2703960703e-01 4.2191960294e-01 1.0394092468e-02
2.2618994447e-01 4.2198036417e-01 8.4742232281e-03
2.2562337719e-01 4.2203173315e-01 6.8510567528e-03
2.2523628213e-01 4.2207456384e-01 5.4976491086e-03
2.2503398716e-01 4.2211653190e-01 4.1714253008e-03
6.8239858015e-01 4.5820737685e-01 2.4014397727e-02
6.8231791608e-01 4.5820090644e-01 2.4187784848e-02
6.8213818942e-01 4.5819845822e-01 2.4253389620e-02
6.8196831190e-01 4.5819871342e-01 2.4246855901e-02
6.8176108223e-01 4.5819903705e-01 2.4238569916e-02
6.8150782968e-01 4.5819943994e-01 2.4228254345e-02
6.8119854793e-01 4.5819992202e-01 2.4215911410e-02
6.8082068786e-01 4.5820045888e-01 2.4202167889e-02
6.8035910398e-01 4.5820098810e-01 2.4188625059e-02
6.7979523606e-01 4.5820156372e-01 2.4173896683e-02
6.7910647815e-01 4.5820220909e-01 2.4157384929e-02
6.7826517880e-01 4.5820289340e-01 2.4139882402e-02
6.7723750820e-01 4.5820354413e-01 2.4123253317e-02
6.7598221544e-01 4.5820400578e-01 2.4111495162e-02
6.7444892000e-01 4.5820411953e-01 2.4108686659e-02
6.7257617022e-01 4.5820380586e-01 2.4116867865e-02
6.7028890788e-01 4.5820279089e-01 2.4143088514e-02
6.6749560069e-01 4.5820066601e-01 2.4197880800e-02
6.6408453518e-01 4.5819695535e-01 2.4293479705e-02
6.5991944194e-01 4.5819099344e-01 2.4447006426e-02
6.5483418614e-01 4.5818184768e-01 2.4682474085e-02
6.4862623654e-01 4.5816825955e-01 2.5032246463e-02
6.4104853650e-01 4.5814868543e-01 2.5535994477e-02
6.3180022734e-01 4.5812093149e-01 2.6250127205e-02
6.2051378181e-01 4.5808256663e-01 2.7237133265e-02
6.0674106368e-01 4.5803041213e-01 2.8578749856e-02
5.8993427454e-01 4.5796088986e-01 3.0366987029e-02
5.6942193575e-01 4.5787048020e-01 3.2692389456e-02
5.4437890585e-01 4.5775641010e-01 3.5626397072e-02
5.1378689525e-01 4.5761856998e-01 3.9172217522e-02
4.7638258447e-01 4.5746405664e-01 4.3148494184e-02
4.3277365465e-01 4.5732140263e-01 4.6823986706e-02
3.9500237780e-01 4.5724923476e-01 4.8690309781e-02
3.6404142261e-01 4.5724211991e-01 4.8885492432e-02
3.3871839014e-01 4.5728646830e-01 4.7757712332e-02
3.1808494402e-01 4.5737304205e-01 4.5543913492e-02
3.0136425923e-01 4.5749048065e-01 4.2535914877e-02
2.8791231839e-01 4.5762832531e-01 3.9002482003e-02
2.7718337677e-01 4.5777705142e-01 3.5188413755e-02
2.6869147356e-01 4.5792699379e-01 3.1342171069e-02
2.6201978251e-01 4.5807144535e-01 2.7636201621e-02
2.5685487697e-01 4.5820847338e-01 2.4120241826e-02
2.5291495740e-01 4.5833557639e-01 2.0858678973e-02
2.4994998791e-01 4.5845080370e-01 1.7901696858e-02
2.4775452614e-01 4.5855341296e-01 1.5268465698e-02
2.4614684922e-01 4.5864305453e-01 1.2968009408e-02
2.4502689126e-01 4.5872121905e-01 1.0962094724e-02
2.4428353541e-01 4.5878855113e-01 9.2341305346e-03
2.4378636733e-01 4.5884536197e-01 7.7762675037e-03
2.4344593416e-01 4.5889268689e-01 6.5619239758e-03
2.4327103759e-01 4.5893935560e-01 5.3643484492e-03
6.6851413605e-01 4.9232792295e-01 2.5486794460e-02
6.6843269264e-01 4.9232234188e-01 2.5659847849e-02
6.6825267261e-01 4.9232025179e-01 2.5724655813e-02
6.6808889005e-01 4.9232026138e-01 2.5723646854e-02
6.6788895462e-01 4.9232028945e-01 2.5722062405e-02
6.6764476678e-01 4.9232033253e-01 2.5719937784e-02
6.6734657968e-01 4.9232036965e-01 2.5717678385e-02
6.6698219893e-01 4.9232034103e-01 2.5716516132e-02
6.6653724532e-01 4.9232013326e-01 2.5718819049e-02
6.6599372866e-01 4.9231978853e-01 2.5723555893e-02
6.6532991216e-01 4.9231927188e-01 2.5731371585e-02
6.6451917151e-01 4.9231849723e-01 2.5744014440e-02
6.6352902646e-01 4.9231732617e-01 2.5764391759e-02
6.6231982974e-01 4.9231555301e-01 2.5796947166e-02
6.6084321708e-01 4.9231292367e-01 2.5846927718e-02
6.5904010127e-01 4.9230919553e-01 2.5919315336e-02
6.5683827939e-01 4.9230411469e-01 2.6019840601e-02
6.5414952342e-01 4.9229745544e-01 2.6154056814e-02
6.5086636896e-01 4.9228861010e-01 2.6335045664e-02
6.4685746461e-01 4.9227699308e-01 2.6576128795e-02
6.4196237401e-01 4.9226193975e-01 2.6892880264e-02
6.3598582619e-01 4.9224215106e-01 2.7314063446e-02
6.2868956581e-01 4.9221597532e-01 2.7876099615e-02
6.1978301888e-01 4.9218130863e-01 2.8625968237e-02
6.0891138089e-01 4.9213562803e-01 2.9619634472e-02
5.9564109583e-01 4.9207606086e-01 3.0921471641e-02
5.7944225991e-01 4.9199928477e-01 3.2605782560e-02
5.5966533397e-01 4.9190220827e-01 3.4742006402e-02
5.3551210207e-01 4.9178296185e-01 3.7372979289e-02
5.0599686371e-01 4.9164387968e-01 4.0450729609e-02
4.6989414169e-01 4.9150007746e-01 4.3657684348e-02
4.2966983265e-01 4.9139964541e-01 4.5958848584e-02
3.9598419893e-01 4.9138364498e-01 4.6423668798e-02
3.6841741401e-01 4.9143007783e-01 4.5509874894e-02
3.4591331409e-01 4.9151876286e-01 4.3641230735e-02
3.2760356079e-01 4.9163729282e-01 4.1084788136e-02
3.1277032847e-01 4.9177515548e-01 3.8075000266e-02
3.0081900630e-01 4.9192390233e-01 3.4803217509e-02
2.9124605128e-01 4.9207581630e-01 3.1445976615e-02
2.8361997369e-01 4.9222429092e-01 2.8156343599e-02
2.7758157232e-01 4.9236514811e-01 2.5031292652e-02
2.7284793184e-01 4.9249699977e-01 2.2102716905e-02
2.6917932653e-01 4.9261865180e-01 1.9399719494e-02
2.6636327832e-01 4.9272877974e-01 1.6953108239e-02
2.6422884355e-01 4.9282718572e-01 1.4768529187e-02
2.6263117866e-01 4.9291389233e-01 1.2845665961e-02
2.6147917005e-01 4.9299026677e-01 1.1153966574e-02
2.6067332566e-01 4.9305660199e-01 9.6852058205e-03
2.6014773276e-01 4.9311396537e-01 8.4184411504e-03
2.5980565682e-01 4.9316253518e-01 7.3487258252e-03
2.5964735594e-01 4.9321080099e-01 6.2849822179e-03
6.5698288470e-01 5.2452028608e-01 2.7015523193e-02
6.5690063928e-01 5.2451268800e-01 2.7188119870e-02
6.5672032051e-01 5.2450987303e-01 2.7252064129e-02
6.5653985069e-01 5.2450940387e-01 2.7260735879e-02
6.5631952690e-01 5.2450885650e-01 2.7270826382e-02
6.5605034794e-01 5.2450819412e-01 2.7283030198e-02
6.5572172301e-01 5.2450733736e-01 2.7298870322e-02
6.5532039611e-01 5.2450611612e-01 2.7321635755e-02
6.5483047494e-01 5.2450441219e-01 2.7353575061e-02
6.5423228779e-01 5.2450220140e-01 2.7395097626e-02
6.5350189042e-01 5.2449932760e-01 2.7449195864e-02
6.5261011037e-01 5.2449559293e-01 2.7519688992e-02
6.5152133328e-01 5.2449075578e-01 2.7611292772e-02
6.5019219514e-01 5.2448444647e-01 2.7731189692e-02
6.4856982309e-01 5.2447617929e-01 2.7888671002e-02
6.4658898457e-01 5.2446571784e-01 2.8088450137e-02
6.4416919084e-01 5.2445318362e-01 2.8328527360e-02
6.4121350172e-01 5.2443799374e-01 2.8620370181e-02
6.3760311170e-01 5.2441966163e-01 2.8973755762e-02
6.3319195749e-01 5.2439812068e-01 2.9390677279e-02
6.2780317964e-01 5.2437245525e-01 2.9889541253e-02
6.2122175201e-01 5.2434098367e-01 3.0503561661e-02
6.1318401079e-01 5.2430223949e-01 3.1262361357e-02
6.0336884262e-01 5.2425392069e-01 3.2211654782e-02
5.9138278164e-01 5.2419393639e-01 3.3393711751e-02
5.7674519873e-01 5.2411973662e-01 3.4859850458e-02
5.5886754686e-01 5.2402895231e-01 3.6657889059e-02
5.3702773053e-01 5.2392032684e-01 3.8813853154e-02
5.1033558085e-01 5.2379695418e-01 4.1268806004e-02
4.7768583765e-01 5.2367654766e-01 4.3679766091e-02
4.3985274437e-01 5.2361442827e-01 4.4970457944e-02
4.0734576948e-01 5.2364931263e-01 4.4359537654e-02
3.8079353736e-01 5.2374898356e-01 4.2465466945e-02
3.5914695335e-01 5.2388029913e-01 3.9929691704e-02
3.4153056090e-01 5.2402583805e-01 3.7091060605e-02
3.2722341631e-01 5.2417617535e-01 3.4137772489e-02
3.1563221753e-01 5.2432544969e-01 3.1189570574e-02
3.0626712718e-01 5.2446964228e-01 2.8330055966e-02
2.9872307280e-01 5.2460602541e-01 2.5618499762e-02
2.9266545811e-01 5.2473287256e-01 2.3092963646e-02
2.8782385917e-01 5.2484976074e-01 2.0762926099e-02
2.8397854914e-01 5.2495686144e-01 1.8627000237e-02
2.8093800152e-01 5.2505358638e-01 1.6697576880e-02
2.7856112908e-01 5.2514107399e-01 1.4953581641e-02
2.7670832165e-01 5.2521869417e-01 1.3407222491e-02
2.7530614931e-01 5.2528862970e-01 1.2015799935e-02
2.7423688419e-01 5.2534963387e-01 1.0802286048e-02
2.7347956943e-01 5.2540423706e-01 9.7173504164e-03
2.7300633866e-01 5.2545339676e-01 8.7429235840e-03
2.7271560170e-01 5.2549570755e-01 7.9053886044e-03
2.7262784033e-01 5.2553200745e-01 7.1861617226e-03
6.4770807616e-01 5.5519289893e-01 2.8562166620e-02
6.4762530958e-01 5.5518393401e-01 2.8734448295e-02
6.4744479840e-01 5.5518063616e-01 2.8797824102e-02
6.4724565881e-01 5.5517992390e-01 2.8811007295e-02
6.4700256291e-01 5.5517908663e-01 2.8826504269e-02
6.4670557216e-01 5.5517805973e-01 2.8845511102e-02
6.4634297104e-01 5.5517670235e-01 2.8870635145e-02
6.4590046077e-01 5.5517477131e-01 2.8906377381e-02
6.4536028791e-01 5.5517222806e-01 2.8953449665e-02
6.4470078156e-01 5.5516894202e-01 2.9014269481e-02
6.4389565918e-01 5.5516469908e-01 2.9092800926e-02
6.4291274971e-01 5.5515924954e-01 2.9193670751e-02
6.4171287147e-01 5.5515227740e-01 2.9322736293e-02
6.4024851142e-01 5.5514318567e-01 2.9491043426e-02
6.3846093330e-01 5.5513162989e-01 2.9704979240e-02
6.3627708507e-01 5.5511773350e-01 2.9962292179e-02
6.3360856456e-01 5.5510130704e-01 3.0266522051e-02
6.3034841550e-01 5.5508163451e-01 3.0630949009e-02
6.2636404791e-01 5.5505880663e-01 3.1053959442e-02
6.2149470376e-01 5.5503240494e-01 3.1543371230e-02
6.1554618709e-01 5.5500074704e-01 3.2130381735e-02
6.0827958774e-01 5.5496267807e-01 3.2836472419e-02
5.9940458931e-01 5.5491594194e-01 3.3703501542e-02
5.8856477950e-01 5.5485879607e-01 3.4763883750e-02
5.7532494395e-01 5.5478904604e-01 3.6058414488e-02
5.5915269624e-01 5.5470446425e-01 3.7628522496e-02
5.3939523425e-01 5.5460377958e-01 3.9497959535e-02
5.1524983144e-01 5.5448885379e-01 4.1632499654e-02
4.8572139216e-01 5.5437384580e-01 4.3770413704e-02
4.5017254190e-01 5.5430838312e-01 4.4993617925e-02
4.1784194183e-01 5.5434480411e-01 4.4330276655e-02
3.9144389891e-01 5.5445508999e-01 4.2297545968e-02
3.6993101824e-01 5.5459947990e-01 3.9631172964e-02
3.5241806714e-01 5.5475520713e-01 3.6752563389e-02
3.3817930154e-01 5.5491183315e-01 3.3855249579e-02
3.2662041211e-01 5.5506382750e-01 3.1042071225e-02
3.1725352220e-01 5.5520793658e-01 2.8373660433e-02
3.0967870230e-01 5.5534238918e-01 2.5883272121e-02
3.0356807892e-01 5.5546636901e-01 2.3586390957e-02
2.9865618844e-01 5.5558004844e-01 2.1480011991e-02
2.9472284781e-01 5.5568345077e-01 1.9563850401e-02
2.9158524467e-01 5.5577669763e-01 1.7835750339e-02
2.8910342444e-01 5.5586096189e-01 1.6274111956e-02
2.8714601543e-01 5.5593596224e-01 1.4884170737e-02
2.8562704698e-01 5.5600322849e-01 1.3637618615e-02
2.8446315512e-01 5.5606317925e-01 1.2526682825e-02
2.8357039354e-01 5.5611540498e-01 1.1558883070e-02
2.8295731065e-01 5.5616318478e-01 1.0673551730e-02
2.8257362474e-01 5.5620606950e-01 9.8790283109e-03
2.8234385187e-01 5.5624299590e-01 9.1949171790e-03
2.8228284048e-01 5.5627465357e-01 8.6083452467e-03
6.3966778516e-01 5.8446223162e-01 3.0079449914e-02
6.3958464677e-01 5.8445284951e-01 3.0251530234e-02
6.3940399917e-01 5.8444941580e-01 3.0314508860e-02
6.3920796398e-01 5.8444869824e-01 3.0327290161e-02
6.3896866931e-01 5.8444785565e-01 3.0342300472e-02
6.3867625216e-01 5.8444681802e-01 3.0360784837e-02
6.3831931270e-01 5.8444543667e-01 3.0385384844e-02
6.3788370159e-01 5.8444346146e-01 3.0420543809e-02
6.3735191454e-01 5.8444087005e-01 3.0466661972e-02
6.3670266337e-01 5.8443751492e-01 3.0526362887e-02
6.3591007847e-01 5.8443318196e-01 3.0603452790e-02
6.3494248218e-01 5.8442761613e-01 3.0702465734e-02
6.3376129539e-01 5.8442047974e-01 3.0829404555e-02
6.3231976900e-01 5.8441116814e-01 3.0995012212e-02
6.3055990515e-01 5.8439939478e-01 3.1204388282e-02
6.2840966994e-01 5.8438537000e-01 3.1453815688e-02
6.2578237091e-01 5.8436872331e-01 3.1749890198e-02
6.2257241150e-01 5.8434888191e-01 3.2102803036e-02
6.1864920167e-01 5.8432599455e-01 3.2509943441e-02
6.1385479064e-01 5.8429947265e-01 3.2981794977e-02
6.0799792721e-01 5.8426762656e-01 3.3548391946e-02
6.0084336059e-01 5.8422930250e-01 3.4230267408e-02
5.9210513475e-01 5.8418226892e-01 3.5067096112e-02
5.8143223898e-01 5.8412482281e-01 3.6089186162e-02
5.6839610866e-01 5.8405479071e-01 3.7335213772e-02
5.5247228627e-01 5.8397011507e-01 3.8841819660e-02
5.3301769714e-01 5.8386982563e-01 4.0626372223e-02
5.0924070679e-01 5.8375702750e-01 4.2633936191e-02
4.8016042438e-01 5.8364898097e-01 4.4558367840e-02
4.4587888706e-01 5.8360205835e-01 4.5399043811e-02
4.1586158576e-01 5.8365636303e-01 4.4441979594e-02
3.9136585737e-01 5.8377736544e-01 4.2299783578e-02
3.7140921402e-01 5.8392716897e-01 3.9645338478e-02
3.5516705167e-01 5.8408550123e-01 3.6838663751e-02
3.4196451681e-01 5.8424303462e-01 3.4045476583e-02
3.3124919285e-01 5.8439482830e-01 3.1353602174e-02
3.2256757370e-01 5.8453798164e-01 2.8814629291e-02
3.1554885265e-01 5.8467109946e-01 2.6453406808e-02
3.0988842036e-01 5.8479350039e-01 2.4282097893e-02
3.0533898120e-01 5.8490536315e-01 2.2297587024e-02
3.0169835946e-01 5.8500707237e-01 2.0493093126e-02
2.9879386261e-01 5.8509847282e-01 1.8871410545e-02
2.9649903241e-01 5.8518109820e-01 1.7405345269e-02
2.9468810385e-01 5.8525438190e-01 1.6104983175e-02
2.9328658655e-01 5.8532023548e-01 1.4936411297e-02
2.9220951760e-01 5.8537859776e-01 1.3900735140e-02
2.9138677433e-01 5.8542956364e-01 1.2996285909e-02
2.9082730258e-01 5.8547626815e-01 1.2167415369e-02
2.9047585109e-01 5.8551797218e-01 1.1427255287e-02
2.9026672489e-01 5.8555384222e-01 1.0790615190e-02
2.9021320544e-01 5.8558455280e-01 1.0245519217e-02
6.3206201706e-01 6.1233149100e-01 3.1522978426e-02
6.3197852824e-01 6.1232197615e-01 3.1694881705e-02
6.3179775270e-01 6.1231851076e-01 3.1757490396e-02
6.3160601188e-01 6.1231780511e-01 3.1769586549e-02
6.3137181780e-01 6.1231697706e-01 3.1783782556e-02
6.3108585327e-01 6.1231595501e-01 3.1801303696e-02
6.3073670246e-01 6.1231458067e-01 3.1824857496e-02
6.3031052279e-01 6.1231261083e-01 3.1858602540e-02
6.2979027952e-01 6.1231002836e-01 3.1902834760e-02
6.2915515761e-01 6.1230668083e-01 3.1960163181e-02
6.2837977570e-01 6.1230235054e-01 3.2034312820e-02
6.2743319214e-01 6.1229678650e-01 3.2129578798e-02
6.2627765751e-01 6.1228963015e-01 3.2252095681e-02
6.2486742297e-01 6.1228028900e-01 3.2411997202e-02
6.2314564541e-01 6.1226852624e-01 3.2613341100e-02
6.2104180549e-01 6.1225459861e-01 3.2851753987e-02
6.1847132637e-01 6.1223801486e-01 3.3135647201e-02
6.1533070104e-01 6.1221832024e-01 3.3472812023e-02
6.1149219684e-01 6.1219568484e-01 3.3860366753e-02
6.0680156089e-01 6.1216938373e-01 3.4310729682e-02
6.0107155460e-01 6.1213777632e-01 3.4851972593e-02
5.9407211763e-01 6.1209966345e-01 3.5504632098e-02
5.8552332795e-01 6.1205289885e-01 3.6305439464e-02
5.7508180397e-01 6.1199578374e-01 3.7283491342e-02
5.6232824658e-01 6.1192618116e-01 3.8475387139e-02
5.4674938708e-01 6.1184219328e-01 3.9913658500e-02
5.2771584839e-01 6.1174313755e-01 4.1610092432e-02
5.0445246533e-01 6.1163304038e-01 4.3496036950e-02
4.7599874036e-01 6.1153212062e-01 4.5226174663e-02
4.4316410020e-01 6.1150016509e-01 4.5778690629e-02
4.1507638668e-01 6.1156670557e-01 4.4647143622e-02
3.9216387233e-01 6.1169429179e-01 4.2471411516e-02
3.7350082532e-01 6.1184691179e-01 3.9867059722e-02
3.5831453495e-01 6.1200623275e-01 3.7147516629e-02
3.4597301439e-01 6.1216371178e-01 3.4458890354e-02
3.3595904573e-01 6.1231482458e-01 3.1878594972e-02
3.2784765980e-01 6.1245685298e-01 2.9453162769e-02
3.2129232690e-01 6.1258868373e-01 2.7201685778e-02
3.1600787250e-01 6.1270972196e-01 2.5134384796e-02
3.1176161324e-01 6.1282004799e-01 2.3249933522e-02
3.0836605431e-01 6.1292032338e-01 2.1537063408e-02
3.0565809744e-01 6.1301027118e-01 2.0000539373e-02
3.0352043931e-01 6.1309152409e-01 1.8612484250e-02
3.0183405218e-01 6.1316345339e-01 1.7383665216e-02
3.0053221909e-01 6.1322815880e-01 1.6278214816e-02
2.9952899548e-01 6.1328518958e-01 1.5303852148e-02
2.9876718998e-01 6.1333516348e-01 1.4450032346e-02
2.9825212785e-01 6.1338089924e-01 1.3668586613e-02
2.9792812426e-01 6.1342157665e-01 1.2973542056e-02
2.9773645922e-01 6.1345652406e-01 1.2376387411e-02
2.9768876372e-01 6.1348639489e-01 1.1865954765e-02
6.2478356032e-01 6.3901341417e-01 3.2901140880e-02
6.2469973408e-01 6.3900375849e-01 3.3072872009e-02
6.2451883593e-01 6.3900025835e-01 3.3135123619e-02
6.2433131692e-01 6.3899956666e-01 3.3146570078e-02
6.2410216348e-01 6.3899875550e-01 3.3159994908e-02
6.2382240296e-01 6.3899775141e-01 3.3176612356e-02
6.2348083627e-01 6.3899638759e-01 3.3199177342e-02
6.2306397279e-01 6.3899442852e-01 3.3231579786e-02
6.2255508380e-01 6.3899186299e-01 3.3274007651e-02
6.2193374083e-01 6.3898853213e-01 3.3329086072e-02
6.2117519098e-01 6.3898421573e-01 3.3400454333e-02
6.2024917369e-01 6.3897866935e-01 3.3492152038e-02
6.1911875256e-01 6.3897151053e-01 3.3610498327e-02
6.1773914762e-01 6.3896216966e-01 3.3764902962e-02
6.1605464056e-01 6.3895045885e-01 3.3958475905e-02
6.1399622440e-01 6.3893666589e-01 3.4186476904e-02
6.1148138206e-01 6.3892019917e-01 3.4458684255e-02
6.0840863245e-01 6.3890071968e-01 3.4780709581e-02
6.0465308917e-01 6.3887840229e-01 3.5149685088e-02
6.0006406939e-01 6.3885238358e-01 3.5579886379e-02
5.9445824841e-01 6.3882111410e-01 3.6096919176e-02
5.8761068134e-01 6.3878331589e-01 3.6721913442e-02
5.7924733535e-01 6.3873695641e-01 3.7488463414e-02
5.6903231015e-01 6.3868033972e-01 3.8424615473e-02
5.5655536394e-01 6.3861137675e-01 3.9564917484e-02
5.4131418030e-01 6.3852834928e-01 4.0937808712e-02
5.2269275429e-01 6.3843091636e-01 4.2549010056e-02
4.9993228182e-01 6.3832392264e-01 4.4318660636e-02
4.7209193779e-01 6.3823132480e-01 4.5851428568e-02
4.4079018194e-01 6.3821439122e-01 4.6135662202e-02
4.1451007826e-01 6.3829189935e-01 4.4860113454e-02
3.9307954541e-01 6.3842486774e-01 4.2668307831e-02
3.7562693418e-01 6.3857934244e-01 4.0120882598e-02
3.6142839924e-01 6.3873882634e-01 3.7490278006e-02
3.4989217879e-01 6.3889552660e-01 3.4905225790e-02
3.4053395351e-01 6.3904529824e-01 3.2434223390e-02
3.3295565707e-01 6.3918563707e-01 3.0118669262e-02
3.2683325383e-01 6.3931565175e-01 2.7973326052e-02
3.2190016681e-01 6.3943489394e-01 2.6005635071e-02
3.1793704739e-01 6.3954328839e-01 2.4216871180e-02
3.1477001079e-01 6.3964175173e-01 2.2591929191e-02
3.1224560625e-01 6.3972995709e-01 2.1136227761e-02
3.1025428411e-01 6.3980954682e-01 1.9822671815e-02
3.0868397880e-01 6.3987989312e-01 1.8661641797e-02
3.0747481727e-01 6.3994323319e-01 1.7616215320e-02
3.0654078029e-01 6.3999878673e-01 1.6699286402e-02
3.0583500395e-01 6.4004758339e-01 1.5893864806e-02
3.0536205268e-01 6.4009224701e-01 1.5156635813e-02
3.0506247138e-01 6.4013175723e-01 1.4504452205e-02
3.0488706254e-01 6.4016568886e-01 1.3944340509e-02
3.0484452126e-01 6.4019464091e-01 1.3466411154e-02
6.1781273983e-01 6.6457976719e-01 3.4217756462e-02
6.1772859110e-01 6.6456996154e-01 3.4389321297e-02
6.1754757632e-01 6.6456642315e-01 3.4451230765e-02
6.1736409618e-01 6.6456574710e-01 3.4462071147e-02
6.1714004462e-01 6.6456495579e-01 3.4474760910e-02
6.1686634051e-01 6.6456397251e-01 3.4490528673e-02
6.1653218630e-01 6.6456262320e-01 3.4512160830e-02
6.1612441864e-01 6.6456068068e-01 3.4543294333e-02
6.1562657008e-01 6.6455813940e-01 3.4584019799e-02
6.1501878402e-01 6.6455483180e-01 3.4637021127e-02
6.1427677422e-01 6.6455054511e-01 3.4705705911e-02
6.1337087215e-01 6.6454503257e-01 3.4794026364e-02
6.1226506542e-01 6.6453789080e-01 3.4908441306e-02
6.1091545292e-01 6.6452858084e-01 3.5057580534e-02
6.0926745279e-01 6.6451696709e-01 3.5243620524e-02
6.0725358717e-01 6.6450334708e-01 3.5461808746e-02
6.0479324077e-01 6.6448705320e-01 3.5722837665e-02
6.0178699395e-01 6.6446785990e-01 3.6030328987e-02
5.9811275561e-01 6.6444592555e-01 3.6381763556e-02
5.9362333799e-01 6.6442025178e-01 3.6793134700e-02
5.8813918015e-01 6.6438942513e-01 3.7287082166e-02
5.8144041343e-01 6.6435205142e-01 3.7885941896e-02
5.7325875428e-01 6.6430623971e-01 3.8620004729e-02
5.6326563597e-01 6.6425029738e-01 3.9516395677e-02
5.5105968588e-01 6.6418219722e-01 4.0607602359e-02
5.3614931547e-01 6.6410041787e-01 4.1918029673e-02
5.1793159439e-01 6.6400500918e-01 4.3446954250e-02
4.9566385875e-01 6.6390161715e-01 4.5104124021e-02
4.6842482314e-01 6.6381826038e-01 4.6441316088e-02
4.3872700310e-01 6.6381620255e-01 4.6477915200e-02
4.1414147530e-01 6.6390347272e-01 4.5084509196e-02
3.9409919452e-01 6.6404065671e-01 4.2891850621e-02
3.7778001566e-01 6.6419604243e-01 4.0407478694e-02
3.6450628763e-01 6.6435492197e-01 3.7866824206e-02
3.5372387076e-01 6.6451016294e-01 3.5384084146e-02
3.4497922369e-01 6.6465797139e-01 3.3020022822e-02
3.3789958998e-01 6.6479607103e-01 3.0811110264e-02
3.3218200569e-01 6.6492377931e-01 2.8768305572e-02
3.2757734363e-01 6.6504079228e-01 2.6896503327e-02
3.2387901003e-01 6.6514690848e-01 2.5198952647e-02
3.2092524599e-01 6.6524320739e-01 2.3658400398e-02
3.1857232155e-01 6.6532939752e-01 2.2279528420e-02
3.1671725435e-01 6.6540704661e-01 2.1037263431e-02
3.1525583085e-01 6.6547564418e-01 1.9939786886e-02
3.1413295663e-01 6.6553741790e-01 1.8951459682e-02
3.1326258387e-01 6.6559128967e-01 1.8089543431e-02
3.1260965010e-01 6.6563880593e-01 1.7329297517e-02
3.1217505369e-01 6.6568223892e-01 1.6634362544e-02
3.1189818038e-01 6.6572048387e-01 1.6022423971e-02
3.1173762546e-01 6.6575331025e-01 1.5497175747e-02
3.1169976437e-01 6.6578127436e-01 1.5049715424e-02
6.1114522218e-01 6.8904615868e-01 3.5474031290e-02
6.1106076675e-01 6.8903621792e-01 3.5645437575e-02
6.1087964154e-01 6.8903264636e-01 3.5707021295e-02
6.1070011640e-01 6.8903198733e-01 3.5717292507e-02
6.1048094121e-01 6.8903121703e-01 3.5729299173e-02
6.1021321933e-01 6.8903025653e-01 3.5744269721e-02
6.0988641169e-01 6.8902892497e-01 3.5765018803e-02
6.0948750183e-01 6.8902700285e-01 3.5794962065e-02
6.0900050299e-01 6.8902448948e-01 3.5834112209e-02
6.0840592520e-01 6.8902121544e-01 3.5885106596e-02
6.0768005786e-01 6.8901696520e-01 3.5951300567e-02
6.0679388086e-01 6.8901150092e-01 3.6036396963e-02
6.0571217702e-01 6.8900438930e-01 3.6147139583e-02
6.0439188706e-01 6.8899513557e-01 3.6291229747e-02
6.0277960582e-01 6.8898365486e-01 3.6469993240e-02
6.0080933917e-01 6.8897023570e-01 3.6678949540e-02
5.9840233119e-01 6.8895415832e-01 3.6929303537e-02
5.9546115641e-01 6.8893530674e-01 3.7222870007e-02
5.9186650669e-01 6.8891380000e-01 3.7557810811e-02
5.8747457708e-01 6.8888851793e-01 3.7951566310e-02
5.8210947395e-01 6.8885820756e-01 3.8423646330e-02
5.7555630867e-01 6.8882134044e-01 3.8997849676e-02
5.6755242928e-01 6.8877618198e-01 3.9701187815e-02
5.5777644041e-01 6.8872104627e-01 4.0559920887e-02
5.4583564181e-01 6.8865398048e-01 4.1604469164e-02
5.3124894454e-01 6.8857367376e-01 4.2855277094e-02
5.1342629590e-01 6.8848052430e-01 4.4306216599e-02
4.9164051810e-01 6.8838131402e-01 4.5851875679e-02
4.6499035800e-01 6.8830793527e-01 4.6996267718e-02
4.3695088245e-01 6.8832020096e-01 4.6808609933e-02
4.1395180968e-01 6.8841604240e-01 4.5320361882e-02
3.9520811140e-01 6.8855629704e-01 4.3140787654e-02
3.7994890472e-01 6.8871177952e-01 4.0723953697e-02
3.6753983698e-01 6.8886937581e-01 3.8273920429e-02
3.5746205851e-01 6.8902258356e-01 3.5891890421e-02
3.4929087755e-01 6.8916794214e-01 3.3631741703e-02
3.4267717416e-01 6.8930337568e-01 3.1525803358e-02
3.3733761229e-01 6.8942838554e-01 2.9581863666e-02
3.3303935258e-01 6.8954280167e-01 2.7802593674e-02
3.2958836919e-01 6.8964638605e-01 2.6191717459e-02
3.2683337898e-01 6.8974025040e-01 2.4731959231e-02
3.2464046378e-01 6.8982422195e-01 2.3426021262e-02
3.2291220328e-01 6.8989972918e-01 2.2251694395e-02
3.2155208451e-01 6.8996641077e-01 2.1214609808e-02
3.2050930149e-01 6.9002646664e-01 2.0280553348e-02
3.1969878209e-01 6.9007858629e-01 1.9469919306e-02
3.1909457903e-01 6.9012469979e-01 1.8752688234e-02
3.1869511504e-01 6.9016680220e-01 1.8097827057e-02
3.1843952137e-01 6.9020372046e-01 1.7523589483e-02
3.1829240580e-01 6.9023538091e-01 1.7031125513e-02
3.1825878503e-01 6.9026231350e-01 1.6612190974e-02
6.0476940319e-01 7.1245408350e-01 3.6672794026e-02
6.0468465485e-01 7.1244401496e-01 3.6844048211e-02
6.0450342462e-01 7.1244041260e-01 3.6905320384e-02
6.0432778230e-01 7.1243977110e-01 3.6915055087e-02
6.0411337582e-01 7.1243902219e-01 3.6926420465e-02
6.0385156352e-01 7.1243808398e-01 3.6940658161e-02
6.0353185028e-01 7.1243676673e-01 3.6960643828e-02
6.0314162375e-01 7.1243487107e-01 3.6989398981e-02
6.0266525336e-01 7.1243238996e-01 3.7027031953e-02
6.0208359014e-01 7.1242915180e-01 3.7076144215e-02
6.0137351439e-01 7.1242494474e-01 3.7139947445e-02
6.0050661240e-01 7.1241953172e-01 3.7222035849e-02
5.9944845447e-01 7.1241246027e-01 3.7329267916e-02
5.9815689237e-01 7.1240327704e-01 3.7468516004e-02
5.9657952849e-01 7.1239195259e-01 3.7640230735e-02
5.9465193237e-01 7.1237874437e-01 3.7840517084e-02
5.9229709262e-01 7.1236290861e-01 3.8080650610e-02
5.8941958670e-01 7.1234443013e-01 3.8360869650e-02
5.8590282180e-01 7.1232336829e-01 3.8680285111e-02
5.8160625762e-01 7.1229850617e-01 3.9057346649e-02
5.7635763044e-01 7.1226873545e-01 3.9508861689e-02
5.6994689262e-01 7.1223241488e-01 4.0059715088e-02
5.6211692348e-01 7.1218795915e-01 4.0733948345e-02
5.5255332574e-01 7.1213369818e-01 4.1556892227e-02
5.4087188020e-01 7.1206776074e-01 4.2556931585e-02
5.2660178710e-01 7.1198904853e-01 4.3750747635e-02
5.0916563825e-01 7.1189828493e-01 4.5127430822e-02
4.8785108606e-01 7.1180381196e-01 4.6560653146e-02
4.6177763028e-01 7.1174096929e-01 4.7515058760e-02
4.3543710987e-01 7.1176666762e-01 4.7127999852e-02
4.1392269627e-01 7.1186987845e-01 4.5566125500e-02
3.9639329133e-01 7.1201220388e-01 4.3411276859e-02
3.8212513561e-01 7.1216714915e-01 4.1064940085e-02
3.7052420063e-01 7.1232292123e-01 3.8705843765e-02
3.6110491302e-01 7.1247367852e-01 3.6422536302e-02
3.5346955122e-01 7.1261625122e-01 3.4263078337e-02
3.4729110113e-01 7.1274874157e-01 3.2256251264e-02
3.4230456001e-01 7.1287081469e-01 3.0407152142e-02
3.3829216032e-01 7.1298240306e-01 2.8716822765e-02
3.3507216030e-01 7.1308330785e-01 2.7188291650e-02
3.3250241362e-01 7.1317457293e-01 2.5805755473e-02
3.3045896963e-01 7.1325623290e-01 2.4568700584e-02
3.2884857121e-01 7.1332946876e-01 2.3459241918e-02
3.2758297869e-01 7.1339416552e-01 2.2479129436e-02
3.2661416103e-01 7.1345239014e-01 2.1597050811e-02
3.2585932144e-01 7.1350270995e-01 2.0834719330e-02
3.2530033687e-01 7.1354737358e-01 2.0158067911e-02
3.2493373442e-01 7.1358811520e-01 1.9540822135e-02
3.2469742608e-01 7.1362366801e-01 1.9002181011e-02
3.2456268765e-01 7.1365414560e-01 1.8540425698e-02
3.2453291070e-01 7.1368003373e-01 1.8148196282e-02
5.9867263272e-01 7.3484843435e-01 3.7816756381e-02
5.9858760464e-01 7.3483824383e-01 3.7987864630e-02
5.9840627453e-01 7.3483461245e-01 3.8048838852e-02
5.9823444422e-01 7.3483398892e-01 3.8058067729e-02
5.9802474906e-01 7.3483326196e-01 3.8068828122e-02
5.9776856185e-01 7.3483234614e-01 3.8082383501e-02
5.9745583598e-01 7.3483104459e-01 3.8101644937e-02
5.9707414474e-01 7.3482917747e-01 3.8129271984e-02
5.9660810694e-01 7.3482673085e-01 3.8165471540e-02
5.9603916299e-01 7.3482353028e-01 3.8212823880e-02
5.9534452005e-01 7.3481936924e-01 3.8274383504e-02
5.9449646057e-01 7.3481401426e-01 3.8353603767e-02
5.9346135203e-01 7.3480698845e-01 3.8457537223e-02
5.9219783817e-01 7.3479789210e-01 3.8592095410e-02
5.9065464299e-01 7.3478675036e-01 3.8756909928e-02
5.8876880528e-01 7.3477375790e-01 3.8949106575e-02
5.8646499777e-01 7.3475818740e-01 3.9179442749e-02
5.8364975903e-01 7.3474010890e-01 3.9446888754e-02
5.8020920572e-01 7.3471950565e-01 3.9751699324e-02
5.7600592361e-01 7.3469509092e-01 4.0112906002e-02
5.7087125563e-01 7.3466587740e-01 4.0545115399e-02
5.6459982791e-01 7.3463014200e-01 4.1073814431e-02
5.5693996236e-01 7.3458643379e-01 4.1720469010e-02
5.4758410579e-01 7.3453310686e-01 4.2509431583e-02
5.3615632359e-01 7.3446838700e-01 4.3466954924e-02
5.2219593782e-01 7.3439134579e-01 4.4606793596e-02
5.0513777775e-01 7.3430315988e-01 4.5911587060e-02
4.8428398367e-01 7.3421397130e-01 4.7231439867e-02
4.5881592018e-01 7.3416225902e-01 4.7997532974e-02
4.3416227292e-01 7.3420021906e-01 4.7437867321e-02
4.1403704088e-01 7.3430961658e-01 4.5821794423e-02
3.9764310827e-01 7.3445315888e-01 4.3700695913e-02
3.8430142393e-01 7.3460697055e-01 4.1427586298e-02
3.7345587535e-01 7.3476049024e-01 3.9158638021e-02
3.6465192098e-01 7.3490844004e-01 3.6971907611e-02
3.5751719073e-01 7.3504794845e-01 3.4909870318e-02
3.5174545974e-01 7.3517729580e-01 3.2997968581e-02
3.4708842906e-01 7.3529621527e-01 3.1240162522e-02
3.4334276420e-01 7.3540479904e-01 2.9635101930e-02
3.4033843452e-01 7.3550290964e-01 2.8184829574e-02
3.3794133411e-01 7.3559144881e-01 2.6876022866e-02
3.3603725027e-01 7.3567070805e-01 2.5704379141e-02
3.3453647675e-01 7.3574158159e-01 2.4656683909e-02
3.3335908318e-01 7.3580424831e-01 2.3730297568e-02
3.3245860994e-01 7.3586056054e-01 2.2897838175e-02
3.3175608680e-01 7.3590908115e-01 2.2180557218e-02
3.3123953303e-01 7.3595227632e-01 2.1541995383e-02
3.3090248989e-01 7.3599159442e-01 2.0960740901e-02
3.3068395502e-01 7.3602576839e-01 2.0455529362e-02
3.3056061408e-01 7.3605505739e-01 2.0022530864e-02
3.3053432253e-01 7.3607989645e-01 1.9655313828e-02
5.9283354963e-01 7.5630627568e-01 3.8910225473e-02
5.9274825402e-01 7.5629596852e-01 3.9081193522e-02
5.9256682876e-01 7.5629230976e-01 3.9141882393e-02
5.9239874726e-01 7.5629170464e-01 3.9150633505e-02
5.9219367567e-01 7.5629100006e-01 3.9160823411e-02
5.9194310216e-01 7.5629010766e-01 3.9173729324e-02
5.9163714883e-01 7.5628882285e-01 3.9192307446e-02
5.9126376313e-01 7.5628698582e-01 3.9218867695e-02
5.9080787514e-01 7.5628457330e-01 3.9253746935e-02
5.9025131172e-01 7.5628141635e-01 3.9299386968e-02
5.8957183519e-01 7.5627730622e-01 3.9358805086e-02
5.8874224373e-01 7.5627201053e-01 3.9435359938e-02
5.8772968876e-01 7.5626504166e-01 3.9536098723e-02
5.8649368037e-01 7.5625604452e-01 3.9666153956e-02
5.8498391257e-01 7.5624510672e-01 3.9824262112e-02
5.8313902167e-01 7.5623233668e-01 4.0008859393e-02
5.8088519187e-01 7.5621705379e-01 4.0229783448e-02
5.7813097914e-01 7.5619939915e-01 4.0484999739e-02
5.7476510388e-01 7.5617926546e-01 4.0776063949e-02
5.7065320243e-01 7.5615532524e-01 4.1122162637e-02
5.6563018908e-01 7.5612668259e-01 4.1536248120e-02
5.5949522297e-01 7.5609157095e-01 4.2043854492e-02
5.5200199810e-01 7.5604865292e-01 4.2664317025e-02
5.4284965760e-01 7.5599630924e-01 4.3421046034e-02
5.3167036326e-01 7.5593288040e-01 4.4338036599e-02
5.1801337135e-01 7.5585760508e-01 4.5426309943e-02
5.0132541002e-01 7.5577221825e-01 4.6660824009e-02
4.8092305874e-01 7.5568863201e-01 4.7869496351e-02
4.5617170487e-01 7.5564866175e-01 4.8448177758e-02
4.3310319677e-01 7.5569773641e-01 4.7740194895e-02
4.1427964044e-01 7.5581217614e-01 4.6087571122e-02
3.9894906095e-01 7.5595617209e-01 4.4007733716e-02
3.8647488650e-01 7.5610836316e-01 4.1809353159e-02
3.7633651454e-01 7.5625926202e-01 3.9629533698e-02
3.6810848191e-01 7.5640410904e-01 3.7537065858e-02
3.6144205848e-01 7.5654028226e-01 3.5569850145e-02
3.5605103027e-01 7.5666634215e-01 3.3748699020e-02
3.5170212092e-01 7.5678194365e-01 3.2078609430e-02
3.4820574183e-01 7.5688738206e-01 3.0555323437e-02
3.4540308210e-01 7.5698260741e-01 2.9179570588e-02
3.4316719866e-01 7.5706833263e-01 2.7941055821e-02
3.4139318005e-01 7.5714511155e-01 2.6831781842e-02
3.3999468382e-01 7.5721357145e-01 2.5842689613e-02
3.3889948749e-01 7.5727415870e-01 2.4967332732e-02
3.3806241618e-01 7.5732850267e-01 2.4182171192e-02
3.3740885155e-01 7.5737522327e-01 2.3507149022e-02
3.3693144356e-01 7.5741691362e-01 2.2904799110e-02
3.3662180694e-01 7.5745479304e-01 2.2357504452e-02
3.3641981444e-01 7.5748758935e-01 2.1883649288e-02
3.3630703847e-01 7.5751568798e-01 2.1477665290e-02
3.3628380618e-01 7.5753947930e-01 2.1133912228e-02
5.8722835308e-01 7.7691386807e-01 3.9958062393e-02
5.8714279986e-01 7.7690346333e-01 4.0128895762e-02
5.8696128332e-01 7.7689978376e-01 4.0189309825e-02
5.8679689746e-01 7.7689919734e-01 4.0197607409e-02
5.8659622206e-01 7.7689851489e-01 4.0207263945e-02
5.8635112677e-01 7.7689764615e-01 4.0219556247e-02
5.8605197341e-01 7.7689637962e-01 4.0237474976e-02
5.8568675784e-01 7.7689457220e-01 4.0263044029e-02
5.8524084919e-01 7.7689219756e-01 4.0296636280e-02
5.8469643474e-01 7.7688908365e-01 4.0340684981e-02
5.8403183107e-01 7.7688502817e-01 4.0398051353e-02
5.8322038400e-01 7.7687979552e-01 4.0472067641e-02
5.8222998018e-01 7.7687288876e-01 4.0569761677e-02
5.8102093562e-01 7.7686400537e-01 4.0695412092e-02
5.7954401056e-01 7.7685329054e-01 4.0846968064e-02
5.7773931475e-01 7.7684074675e-01 4.1024396218e-02
5.7553458057e-01 7.7682577042e-01 4.1236233693e-02
5.7284028302e-01 7.7680855730e-01 4.1479715764e-02
5.6954775623e-01 7.7678889828e-01 4.1757802883e-02
5.6552558195e-01 7.7676545465e-01 4.2089428669e-02
5.6061222581e-01 7.7673738849e-01 4.2486446605e-02
5.5461124266e-01 7.7670293359e-01 4.2973837239e-02
5.4728163257e-01 7.7666083871e-01 4.3569301164e-02
5.3832912264e-01 7.7660951708e-01 4.4295285078e-02
5.2739380876e-01 7.7654743754e-01 4.5173451398e-02
5.1403468635e-01 7.7647402225e-01 4.6211986200e-02
4.9771012638e-01 7.7639166039e-01 4.7377126001e-02
4.7775114217e-01 7.7631397926e-01 4.8476208237e-02
4.5381766977e-01 7.7628607539e-01 4.8871593249e-02
4.3223880391e-01 7.7634515874e-01 4.8036923565e-02
4.1463754536e-01 7.7646360687e-01 4.6362715361e-02
4.0030507747e-01 7.7660742990e-01 4.4329599918e-02
3.8864498110e-01 7.7675756281e-01 4.2207171781e-02
3.7917013506e-01 7.7690552946e-01 4.0115297974e-02
3.7148235983e-01 7.7704703214e-01 3.8114760448e-02
3.6525513586e-01 7.7717968162e-01 3.6239353689e-02
3.6022093662e-01 7.7730227903e-01 3.4506038651e-02
3.5616095947e-01 7.7741446796e-01 3.2919862337e-02
3.5289809517e-01 7.7751665617e-01 3.1475065567e-02
3.5028441144e-01 7.7760893042e-01 3.0170426573e-02
3.4819943926e-01 7.7769178149e-01 2.8999010122e-02
3.4654710817e-01 7.7776602886e-01 2.7949232309e-02
3.4524425338e-01 7.7783204201e-01 2.7015871690e-02
3.4422607566e-01 7.7789053675e-01 2.6188809243e-02
3.4344761572e-01 7.7794284822e-01 2.5449167966e-02
3.4284002518e-01 7.7798777816e-01 2.4813893418e-02
3.4239919154e-01 7.7802795981e-01 2.4245752401e-02
3.4211477691e-01 7.7806438510e-01 2.3730719662e-02
3.4192828797e-01 7.7809581818e-01 2.3286272002e-02
3.4182513766e-01 7.7812271986e-01 2.2905893884e-02
3.4180458969e-01 7.7814547522e-01 2.2584140723e-02
5.8185524017e-01 7.9667739259e-01 4.0961041326e-02
5.8176943777e-01 7.9666688641e-01 4.1131743467e-02
5.8158783327e-01 7.9666318451e-01 4.1191891236e-02
5.8142708647e-01 7.9666261672e-01 4.1199757437e-02
5.8123076216e-01 7.9666195640e-01 4.1208905744e-02
5.8099111471e-01 7.9666111108e-01 4.1220617015e-02
5.8069844278e-01 7.9665985982e-01 4.1237951826e-02
5.8034129537e-01 7.9665808555e-01 4.1262532236e-02
5.7990516069e-01 7.9665574994e-01 4.1294889089e-02
5.7937269649e-01 7.9665268040e-01 4.1337413574e-02
5.7872262030e-01 7.9664868094e-01 4.1392820503e-02
5.7792895123e-01 7.9664350980e-01 4.1464459271e-02
5.7696026882e-01 7.9663667210e-01 4.1559185574e-02
5.7577768376e-01 7.9662791122e-01 4.1680554322e-02
5.7433296567e-01 7.9661743356e-01 4.1825706570e-02
5.7256770247e-01 7.9660511379e-01 4.1996378882e-02
5.7041109344e-01 7.9659045716e-01 4.2199425183e-02
5.6777556040e-01 7.9657369364e-01 4.2431660180e-02
5.6455498101e-01 7.9655450458e-01 4.2697498661e-02
5.6062078196e-01 7.9653156855e-01 4.3015246596e-02
5.5581496745e-01 7.9650407106e-01 4.3396187937e-02
5.4994534254e-01 7.9647029349e-01 4.3864131369e-02
5.4277616585e-01 7.9642903654e-01 4.4435691642e-02
5.3401959227e-01 7.9637875518e-01 4.5132273203e-02
5.2332350214e-01 7.9631805773e-01 4.5973156561e-02
5.1025642598e-01 7.9624657193e-01 4.6963500410e-02
4.9428809577e-01 7.9616744457e-01 4.8059715460e-02
4.7476395804e-01 7.9609598761e-01 4.9049690419e-02
4.5173456543e-01 7.9608017689e-01 4.9268822907e-02
4.3155341820e-01 7.9614812581e-01 4.8327632080e-02
4.1509807049e-01 7.9626957607e-01 4.6645277583e-02
4.0170105505e-01 7.9641266949e-01 4.4663089252e-02
3.9080383100e-01 7.9656039703e-01 4.2616693238e-02
3.8195060962e-01 7.9670516712e-01 4.0611256596e-02
3.7476883436e-01 7.9684312413e-01 3.8700192721e-02
3.6895281048e-01 7.9697209085e-01 3.6913663501e-02
3.6425273727e-01 7.9709113166e-01 3.5264631180e-02
3.6046336373e-01 7.9719986562e-01 3.3758373733e-02
3.5741884828e-01 7.9729872504e-01 3.2388903385e-02
3.5498194292e-01 7.9738800884e-01 3.1152079731e-02
3.5303802146e-01 7.9746795521e-01 3.0044603883e-02
3.5149957251e-01 7.9753967162e-01 2.9051134438e-02
3.5028570402e-01 7.9760319625e-01 2.8171142987e-02
3.4933932298e-01 7.9765958641e-01 2.7389982999e-02
3.4861555385e-01 7.9770987804e-01 2.6693303976e-02
3.4805115949e-01 7.9775304914e-01 2.6095263720e-02
3.4764437257e-01 7.9779172055e-01 2.5559556421e-02
3.4738287934e-01 7.9782668606e-01 2.5075185724e-02
3.4721076910e-01 7.9785676051e-01 2.4658569654e-02
3.4711647454e-01 7.9788249265e-01 2.4302106595e-02
3.4709837331e-01 7.9790422638e-01 2.4001032582e-02
5.7671466801e-01 8.1559527057e-01 4.1919071044e-02
5.7662862766e-01 8.1558465137e-01 4.2089646375e-02
5.7644693947e-01 8.1558092273e-01 4.2149539191e-02
5.7628976977e-01 8.1558037350e-01 4.2156998236e-02
5.7609774553e-01 8.1557973524e-01 4.2165666073e-02
5.7586327852e-01 8.1557891100e-01 4.2176860116e-02
5.7557711968e-01 8.1557767799e-01 4.2193607580e-02
5.7522776306e-01 8.1557593695e-01 4.2217256845e-02
5.7480117681e-01 8.1557363818e-01 4.2248483138e-02
5.7428038385e-01 8.1557061598e-01 4.2289537652e-02
5.7364459645e-01 8.1556667436e-01 4.2343083018e-02
5.7286835206e-01 8.1556156686e-01 4.2412467916e-02
5.7192091246e-01 8.1555480303e-01 4.2504356125e-02
5.7076420397e-01 8.1554617534e-01 4.2621566875e-02
5.6935100413e-01 8.1553593771e-01 4.2760648252e-02
5.6762433397e-01 8.1552385106e-01 4.2924847281e-02
5.6551482860e-01 8.1550952799e-01 4.3119426649e-02
5.6293683141e-01 8.1549322016e-01 4.3340963834e-02
5.5978668310e-01 8.1547449505e-01 4.3595333481e-02
5.5593858716e-01 8.1545207915e-01 4.3899838127e-02
5.5123803483e-01 8.1542514632e-01 4.4265699908e-02
5.4549696591e-01 8.1539206552e-01 4.4715077998e-02
5.3848480422e-01 8.1535166267e-01 4.5263920813e-02
5.2991999110e-01 8.1530244340e-01 4.5932527433e-02
5.1945801747e-01 8.1524316606e-01 4.6737760965e-02
5.0667672998e-01 8.1517368941e-01 4.7681528531e-02
4.9105705579e-01 8.1509789490e-01 4.8711068234e-02
4.7195851898e-01 8.1503317873e-01 4.9589958251e-02
4.4990454466e-01 8.1502919601e-01 4.9643432807e-02
4.3103215333e-01 8.1510480133e-01 4.8615450367e-02
4.1564901619e-01 8.1522836872e-01 4.6935796619e-02
4.0312695121e-01 8.1537018488e-01 4.5008237876e-02
3.9294312572e-01 8.1551515195e-01 4.3037929110e-02
3.8467111881e-01 8.1565648334e-01 4.1117083025e-02
3.7796232582e-01 8.1579071212e-01 3.9292802825e-02
3.7253065509e-01 8.1591587984e-01 3.7591694113e-02
3.6814259379e-01 8.1603123274e-01 3.6023993215e-02
3.6460611920e-01 8.1613646675e-01 3.4593826508e-02
3.6176543567e-01 8.1623194167e-01 3.3296300025e-02
3.5949339025e-01 8.1631818041e-01 3.2124304122e-02
3.5768115983e-01 8.1639521621e-01 3.1077383712e-02
3.5624873974e-01 8.1646436682e-01 3.0137629188e-02
3.5511806007e-01 8.1652543033e-01 2.9307781917e-02
3.5423877887e-01 8.1657973111e-01 2.8569843373e-02
3.5356520476e-01 8.1662795716e-01 2.7914462433e-02
3.5304103112e-01 8.1666938065e-01 2.7351528413e-02
3.5266581182e-01 8.1670655139e-01 2.6846390786e-02
3.5242557361e-01 8.1674006568e-01 2.6390945976e-02
3.5226672103e-01 8.1676881303e-01 2.6000283334e-02
3.5218060580e-01 8.1679339163e-01 2.5666273309e-02
3.5216472470e-01 8.1681411921e-01 2.5384598409e-02
5.7180766741e-01 8.3366384072e-01 4.2831933774e-02
5.7172140378e-01 8.3365309485e-01 4.3002388358e-02
5.7153963732e-01 8.3364933419e-01 4.3062041206e-02
5.7138588877e-01 8.3364880322e-01 4.3069122271e-02
5.7119813487e-01 8.3364818685e-01 4.3077341934e-02
5.7096876922e-01 8.3364738393e-01 4.3088049985e-02
5.7068886195e-01 8.3364616924e-01 4.3104253058e-02
5.7034715679e-01 8.3364446106e-01 4.3127041417e-02
5.6992992686e-01 8.3364220181e-01 4.3157183333e-02
5.6942058679e-01 8.3363922677e-01 4.3196877017e-02
5.6879868784e-01 8.3363534603e-01 4.3248656861e-02
5.6803943820e-01 8.3363030152e-01 4.3315967139e-02
5.6711276635e-01 8.3362361905e-01 4.3405137038e-02
5.6598131500e-01 8.3361513589e-01 4.3518337482e-02
5.6459890322e-01 8.3360514151e-01 4.3651701387e-02
5.6290993162e-01 8.3359329808e-01 4.3809736143e-02
5.6084641474e-01 8.3357932300e-01 4.3996211451e-02
5.5832460776e-01 8.3356347489e-01 4.4207670113e-02
5.5524326826e-01 8.3354520716e-01 4.4451404590e-02
5.5147925842e-01 8.3352332620e-01 4.4743344366e-02
5.4688150789e-01 8.3349696118e-01 4.5095108231e-02
5.4126597692e-01 8.3346459240e-01 4.5526975906e-02
5.3440714289e-01 8.3342506192e-01 4.6054395934e-02
5.2602958761e-01 8.3337693080e-01 4.6696565134e-02
5.1579622680e-01 8.3331911527e-01 4.7467936092e-02
5.0329397882e-01 8.3325174108e-01 4.8366808807e-02
4.8801484831e-01 8.3317930311e-01 4.9333147225e-02
4.6933193970e-01 8.3312193924e-01 5.0098061593e-02
4.4831009824e-01 8.3312924654e-01 4.9999441750e-02
4.3066033692e-01 8.3321130436e-01 4.8903008171e-02
4.1627815088e-01 8.3333614370e-01 4.7235568972e-02
4.0457255818e-01 8.3347615068e-01 4.5365763847e-02
3.9505440975e-01 8.3361804235e-01 4.3470906953e-02
3.8732461178e-01 8.3375570677e-01 4.1632577657e-02
3.8105697600e-01 8.3388604511e-01 3.9892131731e-02
3.7598356968e-01 8.3400726501e-01 3.8273485177e-02
3.7188632240e-01 8.3411883761e-01 3.6783687589e-02
3.6858564866e-01 8.3422053023e-01 3.5425836548e-02
3.6593481219e-01 8.3431257417e-01 3.4196836462e-02
3.6381611373e-01 8.3439571022e-01 3.3086791312e-02
3.6212658306e-01 8.3446983904e-01 3.2097022176e-02
3.6079260791e-01 8.3453638935e-01 3.1208450601e-02
3.5973945037e-01 8.3459501091e-01 3.0425748930e-02
3.5892227439e-01 8.3464720442e-01 2.9728879162e-02
3.5829547650e-01 8.3469338979e-01 2.9112232969e-02
3.5780898634e-01 8.3473310401e-01 2.8581989117e-02
3.5746285612e-01 8.3476876709e-01 2.8105838643e-02
3.5724177815e-01 8.3480082577e-01 2.7677816475e-02
3.5709514523e-01 8.3482826098e-01 2.7311525243e-02
3.5701655033e-01 8.3485169983e-01 2.6998592298e-02
3.5700265093e-01 8.3487144789e-01 2.6734937947e-02
5.6713665801e-01 8.5087438986e-01 4.3699165399e-02
5.6705019078e-01 8.5086344763e-01 4.3869504295e-02
5.6686835318e-01 8.5085962984e-01 4.3928936286e-02
5.6671796604e-01 8.5085911445e-01 4.3935699736e-02
5.6653435224e-01 8.5085851623e-01 4.3943549515e-02
5.6631018615e-01 8.5085773176e-01 4.3953844351e-02
5.6603644730e-01 8.5085653164e-01 4.3969597849e-02
5.6570231991e-01 8.5085485116e-01 4.3991659605e-02
5.6529435990e-01 8.5085262689e-01 4.4020862191e-02
5.6479628672e-01 8.5084969400e-01 4.4059370777e-02
5.6418822006e-01 8.5084586681e-01 4.4109623957e-02
5.6344582037e-01 8.5084087860e-01 4.4175125142e-02
5.6253970148e-01 8.5083427201e-01 4.4261882026e-02
5.6143328428e-01 8.5082593034e-01 4.4371426720e-02
5.6008139910e-01 8.5081616229e-01 4.4499701567e-02
5.5842978318e-01 8.5080455286e-01 4.4652156870e-02
5.5641183839e-01 8.5079091739e-01 4.4831216880e-02
5.5394572518e-01 8.5077550511e-01 4.5033603649e-02
5.5093255635e-01 8.5075765973e-01 4.5267935835e-02
5.4725183197e-01 8.5073629691e-01 4.5548456521e-02
5.4275591317e-01 8.5071047342e-01 4.5887552474e-02
5.3726471953e-01 8.5067879409e-01 4.6303549204e-02
5.3055774870e-01 8.5064011500e-01 4.6811469525e-02
5.2236565116e-01 8.5059305880e-01 4.7429403068e-02
5.1235869413e-01 8.5053670729e-01 4.8169406286e-02
5.0013274893e-01 8.5047149201e-01 4.9025803578e-02
4.8519086829e-01 8.5040246597e-01 4.9932205155e-02
4.6691973575e-01 8.5035272524e-01 5.0585156405e-02
4.4696827983e-01 8.5037056980e-01 5.0350055371e-02
4.3045111469e-01 8.5045796255e-01 4.9201228185e-02
4.1699549235e-01 8.5058326911e-01 4.7554320378e-02
4.0604553228e-01 8.5072104194e-01 4.5743692429e-02
3.9714334505e-01 8.5085959758e-01 4.3922846333e-02
3.8991518508e-01 8.5099343266e-01 4.2164081123e-02
3.8405556284e-01 8.5111976389e-01 4.0503957246e-02
3.7931354750e-01 8.5123699646e-01 3.8963421360e-02
3.7548508371e-01 8.5134473175e-01 3.7547704165e-02
3.7240236757e-01 8.5144286770e-01 3.6258140979e-02
3.6992697992e-01 8.5153148698e-01 3.5093641038e-02
3.6794972485e-01 8.5161150248e-01 3.4042205598e-02
3.6637363172e-01 8.5168275852e-01 3.3105877501e-02
3.6513027830e-01 8.5174670493e-01 3.2265604486e-02
3.6414861293e-01 8.5180291342e-01 3.1527012290e-02
3.6338897398e-01 8.5185304133e-01 3.0868322871e-02
3.6280477329e-01 8.5189718105e-01 3.0288321125e-02
3.6235297132e-01 8.5193521239e-01 2.9788585882e-02
3.6203365566e-01 8.5196939674e-01 2.9339402167e-02
3.6182992907e-01 8.5200002136e-01 2.8936994877e-02
3.6169448132e-01 8.5202617112e-01 2.8593387946e-02
3.6162241065e-01 8.5204850321e-01 2.8299946830e-02
3.6161019446e-01 8.5206728860e-01 2.8053111223e-02
5.6269461733e-01 8.6725280345e-01 4.4522541684e-02
5.6260798905e-01 8.6724155538e-01 4.4692778793e-02
5.6242609531e-01 8.6723764032e-01 4.4752032431e-02
5.6228023682e-01 8.6723708715e-01 4.4759135518e-02
5.6210224042e-01 8.6723644221e-01 4.4767413531e-02
5.6188486533e-01 8.6723559857e-01 4.4778248886e-02
5.6161955217e-01 8.6723432443e-01 4.4794642124e-02
5.6129560447e-01 8.6723256260e-01 4.4817328880e-02
5.6090013369e-01 8.6723023896e-01 4.4847263710e-02
5.6041724715e-01 8.6722718818e-01 4.4886583447e-02
5.5982775077e-01 8.6722322611e-01 4.4937668700e-02
5.5910809601e-01 8.6721807287e-01 4.5004138555e-02
5.5822973505e-01 8.6721128071e-01 4.5091781752e-02
5.5715718507e-01 8.6720276195e-01 4.5201732445e-02
5.5584654917e-01 8.6719283107e-01 4.5329919384e-02
5.5424533130e-01 8.6718103069e-01 4.5482257396e-02
5.5228883671e-01 8.6716724085e-01 4.5660301949e-02
5.4989770169e-01 8.6715169187e-01 4.5861067848e-02
5.4697614887e-01 8.6713365286e-01 4.6093997549e-02
5.4340723938e-01 8.6711212834e-01 4.6371984634e-02
5.3904789421e-01 8.6708610400e-01 4.6708140568e-02
5.3372341576e-01 8.6705428787e-01 4.7119208182e-02
5.2721995628e-01 8.6701556416e-01 4.7619646896e-02
5.1927625034e-01 8.6696864429e-01 4.8226181603e-02
5.0957236927e-01 8.6691280216e-01 4.8948296530e-02
4.9771611220e-01 8.6684881464e-01 4.9776109237e-02
4.8322502992e-01 8.6678254240e-01 5.0634138418e-02
4.6550435123e-01 8.6673926355e-01 5.1195588409e-02
4.4654225345e-01 8.6676500611e-01 5.0863500895e-02
4.3094290063e-01 8.6685598322e-01 4.9685763481e-02
4.1823790064e-01 8.6698129128e-01 4.8062815833e-02
4.0790053677e-01 8.6711727633e-01 4.6301368859e-02
3.9949806978e-01 8.6725328338e-01 4.4539543202e-02
3.9267719184e-01 8.6738421845e-01 4.2843351702e-02
3.8714907342e-01 8.6750750517e-01 4.1246182613e-02
3.8267651847e-01 8.6762169127e-01 3.9766863568e-02
3.7906679114e-01 8.6772648333e-01 3.8409197239e-02
3.7616136373e-01 8.6782183439e-01 3.7173801484e-02
3.7382904305e-01 8.6790779998e-01 3.6059962802e-02
3.7196678921e-01 8.6798531333e-01 3.5055590523e-02
3.7048320696e-01 8.6805429421e-01 3.4161739918e-02
3.6931322556e-01 8.6811609666e-01 3.3360866761e-02
3.6838990426e-01 8.6817036710e-01 3.2657571893e-02
3.6767605802e-01 8.6821872636e-01 3.2030847376e-02
3.6712649875e-01 8.6826119355e-01 3.1480464346e-02
3.6670220736e-01 8.6829780145e-01 3.1006011918e-02
3.6640310798e-01 8.6833068188e-01 3.0579841768e-02
3.6621160138e-01 8.6836005969e-01 3.0199041165e-02
3.6608371423e-01 8.6838510257e-01 2.9874418489e-02
3.6601515507e-01 8.6840647638e-01 2.9597362326e-02
3.6600215946e-01 8.6842447005e-01 2.9364131830e-02
5.5847176664e-01 8.8283189649e-01 4.5304403479e-02
5.5838501792e-01 8.8282041715e-01 4.5474563807e-02
5.5820308231e-01 8.8281642880e-01 4.5533683832e-02
5.5806315784e-01 8.8281578357e-01 4.5541787188e-02
5.5789254903e-01 8.8281502606e-01 4.5551293456e-02
5.5768396279e-01 8.8281404490e-01 4.5563620820e-02
5.5742952366e-01 8.8281260869e-01 4.5581723936e-02
5.5711889079e-01 8.8281065452e-01 4.5606394517e-02
5.5673969012e-01 8.8280809896e-01 4.5638686934e-02
5.5627669915e-01 8.8280477170e-01 4.5680767617e-02
5.5571151299e-01 8.8280048538e-01 4.5735022248e-02
5.5502152346e-01 8.8279495057e-01 4.5805137016e-02
5.5417943425e-01 8.8278771272e-01 4.5896899196e-02
5.5315116524e-01 8.8277869217e-01 4.6011324944e-02
5.5189450933e-01 8.8276820719e-01 4.6144349876e-02
5.5035910126e-01 8.8275578607e-01 4.6301984129e-02
5.4848283771e-01 8.8274133242e-01 4.6485466545e-02
5.4618950034e-01 8.8272507298e-01 4.6691894140e-02
5.4338726005e-01 8.8270623476e-01 4.6931093260e-02
5.3996392253e-01 8.8268386170e-01 4.7215291306e-02
5.3578226346e-01 8.8265690404e-01 4.7557851275e-02
5.3067463353e-01 8.8262413249e-01 4.7974516807e-02
5.2443579506e-01 8.8258447865e-01 4.8478972263e-02
5.1681495454e-01 8.8253676394e-01 4.9086378495e-02
5.0750490340e-01 8.8248046215e-01 4.9803665240e-02
4.9612887176e-01 8.8241673622e-01 5.0616410982e-02
4.8222318419e-01 8.8235228621e-01 5.1440001325e-02
4.6521719034e-01 8.8231350086e-01 5.1938501177e-02
4.4708136434e-01 8.8234395580e-01 5.1552718282e-02
4.3217672292e-01 8.8243677090e-01 5.0367750553e-02
4.2004003472e-01 8.8256186292e-01 4.8768693803e-02
4.1016709888e-01 8.8269671241e-01 4.7044323321e-02
4.0214396336e-01 8.8283115723e-01 4.5324859924e-02
3.9563265535e-01 8.8296031036e-01 4.3672882386e-02
3.9035688154e-01 8.8308170627e-01 4.2119966664e-02
3.8608974458e-01 8.8319397410e-01 4.0683688839e-02
3.8264688358e-01 8.8329685531e-01 3.9367363689e-02
3.7987680090e-01 8.8339036043e-01 3.8170882960e-02
3.7765383837e-01 8.8347453759e-01 3.7093648864e-02
3.7587949501e-01 8.8355032630e-01 3.6123641937e-02
3.7446644342e-01 8.8361769188e-01 3.5261346580e-02
3.7335239519e-01 8.8367794820e-01 3.4489949381e-02
3.7247336598e-01 8.8373079496e-01 3.3813342956e-02
3.7179380808e-01 8.8377781271e-01 3.3211282324e-02
3.7127040957e-01 8.8381902754e-01 3.2683481912e-02
3.7086639343e-01 8.8385453662e-01 3.2228731204e-02
3.7058062791e-01 8.8388634298e-01 3.1821330832e-02
3.7039616400e-01 8.8391469210e-01 3.1458141314e-02
3.7027204088e-01 8.8393885464e-01 3.1148557041e-02
3.7020395552e-01 8.8395947166e-01 3.0884412547e-02
3.7018774893e-01 8.8397685255e-01 3.0661755107e-02
5.5444399598e-01 8.9769783380e-01 4.6049490781e-02
5.5435715788e-01 8.9768617179e-01 4.6219593086e-02
5.5417519123e-01 8.9768212541e-01 4.6278613573e-02
5.5404251518e-01 8.9768135515e-01 4.6288121568e-02
5.5388057212e-01 8.9768044341e-01 4.6299366659e-02
5.5368288524e-01 8.9767927909e-01 4.6313744782e-02
5.5344156094e-01 8.9767763060e-01 4.6334175640e-02
5.5314713215e-01 8.9767542019e-01 4.6361623361e-02
5.5278754453e-01 8.9767255635e-01 4.6397224440e-02
5.5234868284e-01 8.9766886275e-01 4.6443190459e-02
5.5181294949e-01 8.9766414447e-01 4.6501969358e-02
5.5115895859e-01 8.9765811274e-01 4.6577188726e-02
5.5036083178e-01 8.9765028655e-01 4.6674888922e-02
5.4938627952e-01 8.9764057423e-01 4.6796223686e-02
5.4819504439e-01 8.9762930245e-01 4.6937073480e-02
5.4673938870e-01 8.9761600878e-01 4.7103249047e-02
5.4496032758e-01 8.9760057908e-01 4.7296201384e-02
5.4278538540e-01 8.9758325359e-01 4.7512890266e-02
5.4012747750e-01 8.9756326517e-01 4.7762922397e-02
5.3688018285e-01 8.9753964119e-01 4.8058595260e-02
5.3291331813e-01 8.9751134329e-01 4.8412937637e-02
5.2806777606e-01 8.9747715964e-01 4.8841303362e-02
5.2214870932e-01 8.9743608314e-01 4.9356454054e-02
5.1491796128e-01 8.9738704870e-01 4.9971986923e-02
5.0608369610e-01 8.9732970331e-01 5.0692666041e-02
4.9528781167e-01 8.9726554681e-01 5.1500205576e-02
4.8208939751e-01 8.9720186702e-01 5.2304066794e-02
4.6594666623e-01 8.9716504654e-01 5.2773171222e-02
4.4847977741e-01 8.9719688948e-01 5.2376343523e-02
4.3407096473e-01 8.9728983869e-01 5.1204408554e-02
4.2234003790e-01 8.9741441220e-01 4.9630555297e-02
4.1279932967e-01 8.9754861538e-01 4.7934103691e-02
4.0504803353e-01 8.9768230471e-01 4.6243730607e-02
3.9875897913e-01 8.9781061939e-01 4.4621016221e-02
3.9366472697e-01 8.9793111304e-01 4.3096959992e-02
3.8954566302e-01 8.9804244249e-01 4.1688613208e-02
3.8622332555e-01 8.9814434995e-01 4.0399250951e-02
3.8355088163e-01 8.9823682373e-01 3.9229061266e-02
3.8140707203e-01 8.9832000404e-01 3.8176293112e-02
3.7969635790e-01 8.9839477763e-01 3.7229734376e-02
3.7833406419e-01 8.9846112945e-01 3.6389636534e-02
3.7726018362e-01 8.9852039061e-01 3.5639152921e-02
3.7641291938e-01 8.9857230660e-01 3.4981583230e-02
3.7575728143e-01 8.9861837580e-01 3.4397936113e-02
3.7525251060e-01 8.9865874925e-01 3.3886370949e-02
3.7486215164e-01 8.9869346967e-01 3.3446406995e-02
3.7458412279e-01 8.9872445000e-01 3.3053726299e-02
3.7440229520e-01 8.9875200545e-01 3.2704340865e-02
3.7427889779e-01 8.9877549431e-01 3.2406466709e-02
3.7420885303e-01 8.9879555516e-01 3.2152084674e-02
3.7418761249e-01 8.9881249790e-01 3.1937283654e-02
5.5059324069e-01 9.1191545006e-01 4.6761327595e-02
5.5050633814e-01 9.1190363909e-01 4.6931386705e-02
5.5032434914e-01 9.1189954500e-01 4.6990334944e-02
5.5020026418e-01 9.1189863546e-01 4.7001427420e-02
5.5004861474e-01 9.1189755160e-01 4.7014635945e-02
5.4986350431e-01 9.1189618364e-01 4.7031323541e-02
5.4963770978e-01 9.1189430710e-01 4.7054289070e-02
5.4936212462e-01 9.1189181666e-01 4.7084826607e-02
5.4902570688e-01 9.1188861974e-01 4.7124069053e-02
5.4861515711e-01 9.1188452996e-01 4.7174325571e-02
5.4811393277e-01 9.1187934510e-01 4.7238104703e-02
5.4750215577e-01 9.1187278496e-01 4.7318886230e-02
5.4675565671e-01 9.1186433781e-01 4.7423019343e-02
5.4584413342e-01 9.1185386894e-01 4.7552178730e-02
5.4472976879e-01 9.1184170164e-01 4.7702334212e-02
5.4336770951e-01 9.1182743322e-01 4.7878479156e-02
5.4170273740e-01 9.1181087961e-01 4.8082922942e-02
5.3966671516e-01 9.1179230737e-01 4.8312331136e-02
5.3717801470e-01 9.1177102212e-01 4.8575280860e-02
5.3413708760e-01 9.1174598284e-01 4.8884789422e-02
5.3042189739e-01 9.1171621189e-01 4.9252966641e-02
5.2588343234e-01 9.1168046316e-01 4.9695436380e-02
5.2033898227e-01 9.1163779720e-01 5.0223980595e-02
5.1356520904e-01 9.1158724934e-01 5.0850818691e-02
5.0528834091e-01 9.1152857416e-01 5.1579373289e-02
4.9517225033e-01 9.1146343070e-01 5.2389673831e-02
4.8280282364e-01 9.1139928336e-01 5.3190117725e-02
4.6767165270e-01 9.1136121354e-01 5.3670186477e-02
4.5077551575e-01 9.1139043048e-01 5.3311829002e-02
4.3665973080e-01 9.1148140891e-01 5.2177688395e-02
4.2516858037e-01 9.1160488302e-01 5.0634106195e-02
4.1582502369e-01 9.1173876625e-01 4.8959090077e-02
4.0823567299e-01 9.1187241701e-01 4.7286447842e-02
4.0207951272e-01 9.1200077983e-01 4.5679606518e-02
3.9709421182e-01 9.1212132299e-01 4.4170331921e-02
3.9306450190e-01 9.1223269951e-01 4.2775572245e-02
3.8981501214e-01 9.1233455313e-01 4.1499811705e-02
3.8720160018e-01 9.1242685629e-01 4.0343443003e-02
3.8510595021e-01 9.1250985815e-01 3.9303358398e-02
3.8343368497e-01 9.1258433492e-01 3.8369864170e-02
3.8210212622e-01 9.1265034953e-01 3.7542235473e-02
3.8105222272e-01 9.1270920089e-01 3.6804202840e-02
3.8022394413e-01 9.1276072201e-01 3.6157954724e-02
3.7958154828e-01 9.1280627668e-01 3.5586376360e-02
3.7908771478e-01 9.1284625275e-01 3.5084678552e-02
3.7870464234e-01 9.1288054208e-01 3.4654320332e-02
3.7842850936e-01 9.1291096753e-01 3.4272315788e-02
3.7824515849e-01 9.1293799290e-01 3.3932846352e-02
3.7811952097e-01 9.1296106195e-01 3.3642999777e-02
3.7804539497e-01 9.1298076515e-01 3.3395467976e-02
3.7801754244e-01 9.1299745975e-01 3.3185789523e-02
5.4690152985e-01 9.2554981588e-01 4.7443362714e-02
5.4681458365e-01 9.2553788033e-01 4.7613390807e-02
5.4663257952e-01 9.2553374579e-01 4.7672289496e-02
5.4651813114e-01 9.2553269748e-01 4.7684970046e-02
5.4637857786e-01 9.2553144601e-01 4.7700098831e-02
5.4620804566e-01 9.2552988151e-01 4.7719024442e-02
5.4600006249e-01 9.2552779075e-01 4.7744380050e-02
5.4574632981e-01 9.2552503829e-01 4.7777819705e-02
5.4543666078e-01 9.2552153036e-01 4.7820476958e-02
5.4505873822e-01 9.2551707482e-01 4.7874707623e-02
5.4459742407e-01 9.2551145781e-01 4.7943137935e-02
5.4403433356e-01 9.2550442339e-01 4.8028914697e-02
5.4334731808e-01 9.2549542611e-01 4.8138738408e-02
5.4250857631e-01 9.2548425571e-01 4.8275195048e-02
5.4148300550e-01 9.2547120115e-01 4.8434721347e-02
5.4022898472e-01 9.2545600032e-01 4.8620517308e-02
5.3869572641e-01 9.2543833097e-01 4.8836576648e-02
5.3682013338e-01 9.2541848111e-01 4.9079337691e-02
5.3452666120e-01 9.2539593335e-01 4.9355109000e-02
5.3172377807e-01 9.2536952530e-01 4.9678253525e-02
5.2829876986e-01 9.2533840205e-01 5.0059261469e-02
5.2411436995e-01 9.2530121490e-01 5.0514855134e-02
5.1900186895e-01 9.2525708919e-01 5.1055893172e-02
5.1275501558e-01 9.2520513597e-01 5.1693531186e-02
5.0512097312e-01 9.2514511630e-01 5.2431072498e-02
4.9578907099e-01 9.2507867268e-01 5.3248935139e-02
4.8437657436e-01 9.2501256564e-01 5.4064910389e-02
4.7041277209e-01 9.2496955215e-01 5.4600749349e-02
4.5413252827e-01 9.2499069920e-01 5.4346375439e-02
4.4007960787e-01 9.2507671841e-01 5.3285246737e-02
4.2863933209e-01 9.2519795256e-01 5.1784121496e-02
4.1933901831e-01 9.2533158949e-01 5.0127669150e-02
4.1178636344e-01 9.2546584628e-01 4.8462891257e-02
4.0566124305e-01 9.2559517475e-01 4.6858801354e-02
4.0070211768e-01 9.2571679780e-01 4.5349924646e-02
3.9669456287e-01 9.2582927564e-01 4.3954215141e-02
3.9346346868e-01 9.2593211219e-01 4.2677865956e-02
3.9086491336e-01 9.2602521561e-01 4.1522059778e-02
3.8878202474e-01 9.2610899379e-01 4.0481729479e-02
3.8711941185e-01 9.2618400662e-01 3.9549992263e-02
3.8579567074e-01 9.2625047405e-01 3.8724153416e-02
3.8475095505e-01 9.2630957713e-01 3.7989579450e-02
3.8392736160e-01 9.2636138180e-01 3.7345537821e-02
3.8328621641e-01 9.2640695319e-01 3.6778802680e-02
3.8279416849e-01 9.2644703694e-01 3.6280152808e-02
3.8241114808e-01 9.2648133492e-01 3.5853458180e-02
3.8213098292e-01 9.2651157129e-01 3.5477133486e-02
3.8194160516e-01 9.2653839496e-01 3.5143097795e-02
3.8181066847e-01 9.2656133978e-01 3.4857267342e-02
3.8172996073e-01 9.2658094031e-01 3.4613123956e-02
3.8169391716e-01 9.2659759980e-01 3.4405683168e-02
5.4335811567e-01 9.3863969480e-01 4.8097673713e-02
5.4327114379e-01 9.3862765306e-01 4.8267681185e-02
5.4308913076e-01 9.3862348335e-01 4.8326549904e-02
5.4298583081e-01 9.3862231811e-01 4.8340566747e-02
5.4285985389e-01 9.3862092224e-01 4.8357350124e-02
5.4270602293e-01 9.3861919404e-01 4.8378136989e-02
5.4251835141e-01 9.3861693950e-01 4.8405301283e-02
5.4228954091e-01 9.3861398363e-01 4.8440972762e-02
5.4201027499e-01 9.3861023756e-01 4.8486213217e-02
5.4166948476e-01 9.3860550630e-01 4.8543393165e-02
5.4125351848e-01 9.3859956586e-01 4.8615240025e-02
5.4074582622e-01 9.3859218545e-01 4.8704567761e-02
5.4012643507e-01 9.3858282685e-01 4.8817933708e-02
5.3937047206e-01 9.3857115258e-01 4.8959452582e-02
5.3844618283e-01 9.3855733393e-01 4.9127033107e-02
5.3731521878e-01 9.3854139452e-01 4.9320348430e-02
5.3593209806e-01 9.3852280059e-01 4.9545942882e-02
5.3423951942e-01 9.3850178496e-01 4.9800964590e-02
5.3216855852e-01 9.3847816848e-01 5.0087552790e-02
5.2963687367e-01 9.3845065703e-01 5.0421503206e-02
5.2654235263e-01 9.3841853785e-01 5.0811531731e-02
5.2276117282e-01 9.3838033245e-01 5.1275746253e-02
5.1814061251e-01 9.3833519957e-01 5.1824507170e-02
5.1249395849e-01 9.3828228604e-01 5.2468392768e-02
5.0559235708e-01 9.3822122878e-01 5.3212133376e-02
4.9715431781e-01 9.3815343195e-01 5.4039099681e-02
4.8683326511e-01 9.3808430060e-01 5.4884187706e-02
4.7420152258e-01 9.3803257590e-01 5.5520206543e-02
4.5887493796e-01 9.3803810479e-01 5.5459147087e-02
4.4459648802e-01 9.3811412690e-01 5.4530767333e-02
4.3296946343e-01 9.3823080794e-01 5.3098700462e-02
4.2351844717e-01 9.3836375912e-01 5.1464564423e-02
4.1584455003e-01 9.3849911739e-01 4.9800057491e-02
4.0962200311e-01 9.3863037623e-01 4.8185521743e-02
4.0458455184e-01 9.3875424209e-01 4.6661560534e-02
4.0051433872e-01 9.3886908042e-01 4.5248362926e-02
3.9723267396e-01 9.3897413192e-01 4.3955340587e-02
3.9459346678e-01 9.3906928943e-01 4.2783809120e-02
3.9247840680e-01 9.3915500967e-01 4.1728175292e-02
3.9078876550e-01 9.3923157801e-01 4.0785001215e-02
3.8944435320e-01 9.3929957172e-01 3.9947161258e-02
3.8838091474e-01 9.3935976261e-01 3.9205240483e-02
3.8754400132e-01 9.3941272116e-01 3.8552250778e-02
3.8688924395e-01 9.3945902751e-01 3.7981102456e-02
3.8638702782e-01 9.3949984095e-01 3.7477496980e-02
3.8599572551e-01 9.3953477579e-01 3.7046413958e-02
3.8570420268e-01 9.3956530395e-01 3.6669550337e-02
3.8550285870e-01 9.3959232276e-01 3.6335802347e-02
3.8536268437e-01 9.3961552993e-01 3.6049008751e-02
3.8527247551e-01 9.3963536684e-01 3.5803885952e-02
3.8522635325e-01 9.3965226738e-01 3.5595127461e-02
5.4010189727e-01 9.5067110510e-01 4.8698698457e-02
5.4001491579e-01 9.5065897522e-01 4.8868694757e-02
5.3983289945e-01 9.5065477560e-01 4.8927551081e-02
5.3974173691e-01 9.5065353803e-01 4.8942383544e-02
5.3963023324e-01 9.5065204768e-01 4.8960239420e-02
5.3949440945e-01 9.5065022026e-01 4.8982137222e-02
5.3932840018e-01 9.5064788233e-01 4.9010180840e-02
5.3912627615e-01 9.5064482896e-01 4.9046857276e-02
5.3887958250e-01 9.5064097284e-01 4.9093202011e-02
5.3857854023e-01 9.5063612113e-01 4.9151543842e-02
5.3821125417e-01 9.5063004824e-01 4.9224611127e-02
5.3776290402e-01 9.5062252363e-01 4.9315194959e-02
5.3721587152e-01 9.5061311084e-01 4.9428579569e-02
5.3654855425e-01 9.5060129470e-01 4.9571003349e-02
5.3573300443e-01 9.5058704672e-01 4.9742809656e-02
5.3473431479e-01 9.5057068573e-01 4.9940109438e-02
5.3351248292e-01 9.5055157755e-01 5.0170593134e-02
5.3201679444e-01 9.5052974776e-01 5.0433957420e-02
5.3018528043e-01 9.5050537358e-01 5.0728020693e-02
5.2794498650e-01 9.5047732300e-01 5.1066464820e-02
5.2520567956e-01 9.5044475927e-01 5.1459496929e-02
5.2185764691e-01 9.5040629569e-01 5.1923898620e-02
5.1776567447e-01 9.5036095821e-01 5.2471594255e-02
5.1276408553e-01 9.5030790289e-01 5.3112913875e-02
5.0664987734e-01 9.5024661115e-01 5.3854357231e-02
4.9917337559e-01 9.5017789816e-01 5.4686380155e-02
4.9002692301e-01 9.5010574892e-01 5.5561278890e-02
4.7883055141e-01 9.5004323276e-01 5.6321783040e-02
4.6512680662e-01 9.5002531538e-01 5.6544427244e-02
4.5039589536e-01 9.5008284564e-01 5.5848862393e-02
4.3828339471e-01 9.5019060619e-01 5.4536817410e-02
4.2843688825e-01 9.5032131737e-01 5.2941977962e-02
4.2044230930e-01 9.5045781481e-01 5.1275527961e-02
4.1395994695e-01 9.5059181479e-01 4.9639120038e-02
4.0871198290e-01 9.5071910089e-01 4.8084366630e-02
4.0447142251e-01 9.5083760336e-01 4.6636607449e-02
4.0105198417e-01 9.5094629597e-01 4.5308447874e-02
3.9830205753e-01 9.5104503164e-01 4.4101680882e-02
3.9609750892e-01 9.5113402036e-01 4.3013787855e-02
3.9433496046e-01 9.5121345598e-01 4.2042438074e-02
3.9293306388e-01 9.5128419951e-01 4.1177094498e-02
3.9182126409e-01 9.5134657843e-01 4.0413847145e-02
3.9094751816e-01 9.5140170189e-01 3.9739134498e-02
3.9026088833e-01 9.5144968354e-01 3.9151671649e-02
3.8973237570e-01 9.5149192657e-01 3.8634241736e-02
3.8932280824e-01 9.5152833274e-01 3.8188262009e-02
3.8901160841e-01 9.5155980179e-01 3.7802639985e-02
3.8879086243e-01 9.5158753938e-01 3.7462531714e-02
3.8863679476e-01 9.5161151359e-01 3.7168406788e-02
3.8853374549e-01 9.5163200158e-01 3.6917060049e-02
3.8847536813e-01 9.5164950053e-01 3.6702469595e-02
5.3742328925e-01 9.6056991550e-01 4.9192942008e-02
5.3733631015e-01 9.6055771884e-01 4.9362934742e-02
5.3715429463e-01 9.6055349594e-01 4.9421791940e-02
5.3707261100e-01 9.6055221058e-01 4.9437162353e-02
5.3697322689e-01 9.6055066823e-01 4.9455601110e-02
5.3685164084e-01 9.6054877599e-01 4.9478224215e-02
5.3670326729e-01 9.6054639202e-01 4.9506743254e-02
5.3652252980e-01 9.6054329936e-01 4.9543780035e-02
5.3630213198e-01 9.6053939559e-01 4.9590552735e-02
5.3603319360e-01 9.6053449754e-01 4.9649261811e-02
5.3570511039e-01 9.6052837840e-01 4.9722637305e-02
5.3530468341e-01 9.6052079340e-01 4.9813628105e-02
5.3481592699e-01 9.6051141487e-01 4.9926183975e-02
5.3421993916e-01 9.6049962158e-01 5.0067791530e-02
5.3349198672e-01 9.6048521855e-01 5.0240800550e-02
5.3260033030e-01 9.6046852972e-01 5.0441290592e-02
5.3150861814e-01 9.6044915158e-01 5.0674111733e-02
5.3017186896e-01 9.6042680747e-01 5.0942617271e-02
5.2853387177e-01 9.6040180288e-01 5.1243100866e-02
5.2652851353e-01 9.6037344351e-01 5.1583892239e-02
5.2407573501e-01 9.6034052413e-01 5.1979571750e-02
5.2107660898e-01 9.6030204891e-01 5.2442124715e-02
5.1741047937e-01 9.6025670319e-01 5.2987497119e-02
5.1292853665e-01 9.6020368053e-01 5.3625474887e-02
5.0744854541e-01 9.6014237006e-01 5.4363570180e-02
5.0074650144e-01 9.6007312706e-01 5.5197737075e-02
4.9254609907e-01 9.5999891674e-01 5.6092624745e-02
4.8250634705e-01 9.5992888926e-01 5.6938478649e-02
4.7020979383e-01 9.5989168740e-01 5.7390935200e-02
4.5574046318e-01 9.5992732161e-01 5.6963922667e-02
4.4312096250e-01 9.6002466035e-01 5.5786139899e-02
4.3285929078e-01 9.6015173872e-01 5.4244547376e-02
4.2452781011e-01 9.6028861784e-01 5.2582745939e-02
4.1777237109e-01 9.6042490902e-01 5.0927640945e-02
4.1230334850e-01 9.6055540697e-01 4.9342597034e-02
4.0788390682e-01 9.6067746023e-01 4.7859861243e-02
4.0432028935e-01 9.6078982800e-01 4.6494568021e-02
4.0145409115e-01 9.6089210664e-01 4.5251638629e-02
3.9915517304e-01 9.6098429535e-01 4.4131110084e-02
3.9731720211e-01 9.6106675884e-01 4.3128540175e-02
3.9585466233e-01 9.6114022590e-01 4.2235115560e-02
3.9469340483e-01 9.6120494566e-01 4.1447848976e-02
3.9378020120e-01 9.6126217354e-01 4.0751489178e-02
3.9306171983e-01 9.6131198499e-01 4.0145214241e-02
3.9250526714e-01 9.6135563411e-01 3.9613741695e-02
3.9207682419e-01 9.6139355176e-01 3.9151953201e-02
3.9174695783e-01 9.6142607866e-01 3.8755743963e-02
3.9150716011e-01 9.6145455970e-01 3.8408619760e-02
3.9133869220e-01 9.6147928356e-01 3.8107108248e-02
3.9122253118e-01 9.6150041018e-01 3.7849453069e-02
3.9114993249e-01 9.6151900917e-01 3.7622714546e-02
5.3522953968e-01 9.6867793367e-01 4.9597616718e-02
5.3514256965e-01 9.6866568564e-01 4.9767610398e-02
5.3496055726e-01 9.6866144438e-01 4.9826475985e-02
5.3488595763e-01 9.6866012374e-01 4.9842244991e-02
5.3479517270e-01 9.6865853641e-01 4.9861194808e-02
5.3468441144e-01 9.6865659888e-01 4.9884325788e-02
5.3454887704e-01 9.6865417001e-01 4.9913333314e-02
5.3438401532e-01 9.6865104909e-01 4.9950635088e-02
5.3418284771e-01 9.6864710214e-01 4.9997829175e-02
5.3393755634e-01 9.6864216387e-01 5.0056894129e-02
5.3363832983e-01 9.6863600215e-01 5.0130614728e-02
5.3327318077e-01 9.6862836470e-01 5.0222020288e-02
5.3282739012e-01 9.6861897634e-01 5.0334415908e-02
5.3228383430e-01 9.6860720070e-01 5.0475446504e-02
5.3162028698e-01 9.6859270847e-01 5.0649067184e-02
5.3080767384e-01 9.6857570856e-01 5.0852761507e-02
5.2981170977e-01 9.6855610602e-01 5.1087642894e-02
5.2859190544e-01 9.6853337750e-01 5.1360020422e-02
5.2709645973e-01 9.6850777678e-01 5.1666829191e-02
5.2526389165e-01 9.6847904223e-01 5.2011179167e-02
5.2302163945e-01 9.6844573274e-01 5.2410394544e-02
5.2027862197e-01 9.6840711350e-01 5.2873315686e-02
5.1692496793e-01 9.6836161790e-01 5.3418808553e-02
5.1282419311e-01 9.6830846887e-01 5.4056264353e-02
5.0780927408e-01 9.6824698539e-01 5.4793958479e-02
5.0167498225e-01 9.6817721749e-01 5.5631453168e-02
4.9416792584e-01 9.6810147233e-01 5.6541285272e-02
4.8497522474e-01 9.6802702805e-01 5.7436432689e-02
4.7371152498e-01 9.6797654472e-01 5.8045270708e-02
4.5999022963e-01 9.6799297915e-01 5.7850268633e-02
4.4698045279e-01 9.6808063313e-01 5.6794465505e-02
4.3639817050e-01 9.6820391722e-01 5.5305488828e-02
4.2780656001e-01 9.6834066030e-01 5.3652495798e-02
4.2084054129e-01 9.6847857975e-01 5.1984851914e-02
4.1520141833e-01 9.6861159467e-01 5.0376283522e-02
4.1064469644e-01 9.6873652089e-01 4.8865330580e-02
4.0697059375e-01 9.6885186393e-01 4.7470102817e-02
4.0401530747e-01 9.6895699166e-01 4.6198279163e-02
4.0164452613e-01 9.6905181582e-01 4.5050913107e-02
3.9974958502e-01 9.6913680995e-01 4.4022284988e-02
3.9824054665e-01 9.6921243236e-01 4.3106895379e-02
3.9704250019e-01 9.6927913912e-01 4.2299215481e-02
3.9609865544e-01 9.6933798298e-01 4.1586554535e-02
3.9535691904e-01 9.6938935008e-01 4.0964285679e-02
3.9477934714e-01 9.6943412586e-01 4.0421702523e-02
3.9433575742e-01 9.6947317989e-01 3.9948321711e-02
3.9399217830e-01 9.6950657854e-01 3.9543451716e-02
3.9373762730e-01 9.6953561855e-01 3.9191247582e-02
3.9355667007e-01 9.6956084902e-01 3.8885068896e-02
3.9342922600e-01 9.6958241664e-01 3.8623308959e-02
3.9334154140e-01 9.6960229083e-01 3.8382189970e-02
5.3343438518e-01 9.7531339271e-01 4.9928696780e-02
5.3334742752e-01 9.7530110463e-01 5.0098693900e-02
5.3316541942e-01 9.7529684871e-01 5.0157571676e-02
5.3309673006e-01 9.7529551203e-01 5.0173516274e-02
5.3301327010e-01 9.7529390630e-01 5.0192667750e-02
5.3291085187e-01 9.7529193754e-01 5.0216148754e-02
5.3278610796e-01 9.7528949650e-01 5.0245269123e-02
5.3263414562e-01 9.7528637583e-01 5.0282518112e-02
5.3244893345e-01 9.7528242747e-01 5.0329663630e-02
5.3222311084e-01 9.7527749580e-01 5.0388563273e-02
5.3194754426e-01 9.7527134571e-01 5.0462031222e-02
5.3161135030e-01 9.7526372267e-01 5.0553116177e-02
5.3120091626e-01 9.7525437164e-01 5.0664873907e-02
5.3070033289e-01 9.7524270827e-01 5.0804307035e-02
5.3008964277e-01 9.7522827100e-01 5.0976946732e-02
5.2934214156e-01 9.7521110541e-01 5.1182241839e-02
5.2842507739e-01 9.7519141897e-01 5.1417682856e-02
5.2730152150e-01 9.7516851168e-01 5.1691669198e-02
5.2592358985e-01 9.7514252205e-01 5.2002533945e-02
5.2423350803e-01 9.7511350075e-01 5.2349641446e-02
5.2216444287e-01 9.7508004870e-01 5.2749748982e-02
5.1963221145e-01 9.7504142791e-01 5.3211729501e-02
5.1653558388e-01 9.7499600552e-01 5.3755151850e-02
5.1274833652e-01 9.7494296432e-01 5.4389866882e-02
5.0811598356e-01 9.7488155657e-01 5.5124888603e-02
5.0244869984e-01 9.7481162679e-01 5.5962187787e-02
4.9551216136e-01 9.7473485940e-01 5.6881733699e-02
4.8701661776e-01 9.7465716768e-01 5.7812931210e-02
4.7660415230e-01 9.7459641416e-01 5.8542163290e-02
4.6385658883e-01 9.7459400918e-01 5.8572688136e-02
4.5049502164e-01 9.7467039558e-01 5.7655530307e-02
4.3958101455e-01 9.7478914251e-01 5.6226205564e-02
4.3071954809e-01 9.7492517916e-01 5.4587258060e-02
4.2353497300e-01 9.7506439007e-01 5.2909673606e-02
4.1771918067e-01 9.7519968632e-01 5.1279102458e-02
4.1301977499e-01 9.7532731461e-01 4.9740807554e-02
4.0923059936e-01 9.7544547811e-01 4.8316456749e-02
4.0618257115e-01 9.7555336202e-01 4.7015899009e-02
4.0373744465e-01 9.7565083447e-01 4.5840693699e-02
4.0178304671e-01 9.7573829890e-01 4.4786000341e-02
4.0022567041e-01 9.7581606252e-01 4.3848139823e-02
3.9898992173e-01 9.7588480994e-01 4.3018835375e-02
3.9801435277e-01 9.7594527699e-01 4.2289270425e-02
3.9724884905e-01 9.7599823753e-01 4.1650125336e-02
3.9665055216e-01 9.7604423820e-01 4.1094846874e-02
3.9619078377e-01 9.7608439377e-01 4.0609985885e-02
3.9583451695e-01 9.7611876035e-01 4.0195004131e-02
3.9556663980e-01 9.7614845297e-01 3.9836320266e-02
3.9537376275e-01 9.7617422462e-01 3.9524837629e-02
3.9523620523e-01 9.7619626844e-01 3.9258367657e-02
3.9513568251e-01 9.7621704212e-01 3.9007331868e-02
5.3196542686e-01 9.8074353205e-01 5.0199573396e-02
5.3187848277e-01 9.8073121241e-01 5.0369575170e-02
5.3169647937e-01 9.8072694469e-01 5.0428466614e-02
5.3163267901e-01 9.8072560467e-01 5.0444439958e-02
5.3155470717e-01 9.8072398429e-01 5.0463753284e-02
5.3145969276e-01 9.8072201362e-01 5.0487241253e-02
5.3134358050e-01 9.8071957006e-01 5.0516369797e-02
5.3120218138e-01 9.8071647237e-01 5.0553310076e-02
5.3102999387e-01 9.8071254607e-01 5.0600146372e-02
5.3081989353e-01 9.8070764382e-01 5.0658633999e-02
5.3056358430e-01 9.8070153596e-01 5.0731517910e-02
5.3025106904e-01 9.8069396864e-01 5.0821832928e-02
5.2986940431e-01 9.8068467816e-01 5.0932732534e-02
5.2940386099e-01 9.8067317445e-01 5.1070078958e-02
5.2883614274e-01 9.8065886991e-01 5.1240901426e-02
5.2814166743e-01 9.8064169318e-01 5.1446049985e-02
5.2728914684e-01 9.8062196474e-01 5.1681672511e-02
5.2624415457e-01 9.8059901690e-01 5.1955757238e-02
5.2496226443e-01 9.8057280587e-01 5.2268826210e-02
5.2338878124e-01 9.8054356999e-01 5.2618004750e-02
5.2146102656e-01 9.8051012919e-01 5.3017390202e-02
5.1910101905e-01 9.8047153864e-01 5.3478314975e-02
5.1621401249e-01 9.8042635290e-01 5.4018051593e-02
5.1268258018e-01 9.8037355187e-01 5.4648849814e-02
5.0836239533e-01 9.8031236738e-01 5.5379924892e-02
5.0307616991e-01 9.8024250026e-01 5.6214921441e-02
4.9660516094e-01 9.8016516598e-01 5.7139399470e-02
4.8867869072e-01 9.8008517061e-01 5.8096030401e-02
4.7896174291e-01 9.8001688984e-01 5.8913095593e-02
4.6705526818e-01 9.7999814714e-01 5.9138139608e-02
4.5364399524e-01 9.8006145812e-01 5.8379498458e-02
4.4240505468e-01 9.8017526025e-01 5.7013151012e-02
4.3327849552e-01 9.8031009385e-01 5.5392940119e-02
4.2587897736e-01 9.8045019044e-01 5.3709136620e-02
4.1988942432e-01 9.8058746653e-01 5.2059148102e-02
4.1504964421e-01 9.8071754686e-01 5.0495574357e-02
4.1114714267e-01 9.8083830569e-01 4.9043959477e-02
4.0800797841e-01 9.8094879906e-01 4.7715662145e-02
4.0548995709e-01 9.8104881868e-01 4.6513169606e-02
4.0347698721e-01 9.8113861823e-01 4.5433438878e-02
4.0187235829e-01 9.8121845885e-01 4.4473335222e-02
4.0059965829e-01 9.8128917718e-01 4.3622787959e-02
3.9959348720e-01 9.8135125781e-01 4.2876011741e-02
3.9880467288e-01 9.8140575327e-01 4.2220348861e-02
3.9818672027e-01 9.8145298817e-01 4.1651943328e-02
3.9771113250e-01 9.8149420382e-01 4.1155842913e-02
3.9734325731e-01 9.8152956697e-01 4.0730172694e-02
3.9706380016e-01 9.8155996279e-01 4.0364184180e-02
3.9686025645e-01 9.8158629252e-01 4.0047011868e-02
3.9671379153e-01 9.8160882803e-01 3.9775498786e-02
3.9660428287e-01 9.8162993919e-01 3.9521215803e-02
5.3076153357e-01 9.8519409566e-01 5.0421543788e-02
5.3067460298e-01 9.8518175092e-01 5.0591550648e-02
5.3049260427e-01 9.8517747362e-01 5.0650455857e-02
5.3043279056e-01 9.8517613712e-01 5.0666379191e-02
5.3035945500e-01 9.8517451484e-01 5.0685705975e-02
5.3027020833e-01 9.8517254554e-01 5.0709166400e-02
5.3016138196e-01 9.8517011711e-01 5.0738099103e-02
5.3002842993e-01 9.8516704416e-01 5.0774720333e-02
5.2986671914e-01 9.8516315080e-01 5.0821130788e-02
5.2966948369e-01 9.8515829399e-01 5.0879032875e-02
5.2942899441e-01 9.8515224841e-01 5.0951116554e-02
5.2913567511e-01 9.8514475549e-01 5.1040468867e-02
5.2877758530e-01 9.8513554632e-01 5.1150301032e-02
5.2834053111e-01 9.8512421161e-01 5.1285502185e-02
5.2780777102e-01 9.8511008341e-01 5.1454052191e-02
5.2715647419e-01 9.8509298471e-01 5.1658062245e-02
5.2635679518e-01 9.8507325270e-01 5.1893491084e-02
5.2537591320e-01 9.8505035155e-01 5.2166733222e-02
5.2417243659e-01 9.8502405451e-01 5.2480498653e-02
5.2269436518e-01 9.8499466102e-01 5.2831190770e-02
5.2088199270e-01 9.8496131358e-01 5.3229033083e-02
5.1866274208e-01 9.8492277953e-01 5.3688768107e-02
5.1594678668e-01 9.8487791003e-01 5.4224103832e-02
5.1262417627e-01 9.8482541948e-01 5.4850427969e-02
5.0855881621e-01 9.8476453742e-01 5.5576953686e-02
5.0358365864e-01 9.8469486285e-01 5.6408507251e-02
4.9749268781e-01 9.8461724987e-01 5.7334944432e-02
4.9003066025e-01 9.8453579469e-01 5.8307428410e-02
4.8088213001e-01 9.8446190082e-01 5.9189841334e-02
4.6966442577e-01 9.8442981113e-01 5.9573239212e-02
4.5644413169e-01 9.8447922148e-01 5.8981695974e-02
4.4489576172e-01 9.8458772275e-01 5.7681366192e-02
4.3551638606e-01 9.8472103157e-01 5.6082723394e-02
4.2791164812e-01 9.8486168296e-01 5.4395760554e-02
4.2175594552e-01 9.8500058430e-01 5.2729777181e-02
4.1678201180e-01 9.8513284047e-01 5.1143485891e-02
4.1277128789e-01 9.8525597107e-01 4.9666611414e-02
4.0954517933e-01 9.8536888725e-01 4.8312212389e-02
4.0695745531e-01 9.8547125538e-01 4.7084273951e-02
4.0488835292e-01 9.8556320204e-01 4.5981274081e-02
4.0323898534e-01 9.8564503402e-01 4.4999519261e-02
4.0193092254e-01 9.8571758736e-01 4.4128983355e-02
4.0089596517e-01 9.8578122773e-01 4.3365299749e-02
4.0008483477e-01 9.8583715635e-01 4.2694054167e-02
3.9944877996e-01 9.8588560751e-01 4.2112476892e-02
3.9895824590e-01 9.8592783533e-01 4.1605494678e-02
3.9857972862e-01 9.8596416154e-01 4.1169351873e-02
3.9829012238e-01 9.8599526814e-01 4.0795794697e-02
3.9807717889e-01 9.8602215961e-01 4.0472737527e-02
3.9792308697e-01 9.8604518278e-01 4.0196108231e-02
3.9780818729e-01 9.8606617970e-01 3.9943881539e-02
5.2977643825e-01 9.8883597495e-01 5.0603154427e-02
5.2968952037e-01 9.8882361015e-01 5.0773166323e-02
5.2950752605e-01 9.8881932508e-01 5.0832084565e-02
5.2945067438e-01 9.8881798938e-01 5.0847992406e-02
5.2938132057e-01 9.8881637547e-01 5.0867212577e-02
5.2929678991e-01 9.8881441412e-01 5.0890570203e-02
5.2919318673e-01 9.8881198779e-01 5.0919466728e-02
5.2906720229e-01 9.8880894680e-01 5.0955690031e-02
5.2891382911e-01 9.8880508710e-01 5.1001675217e-02
5.2872687018e-01 9.8880027563e-01 5.1059005412e-02
5.2849874039e-01 9.8879428553e-01 5.1130385758e-02
5.2822066964e-01 9.8878686476e-01 5.1218822971e-02
5.2788113346e-01 9.8877773251e-01 5.1327666861e-02
5.2746666601e-01 9.8876653835e-01 5.1461098671e-02
5.2696154542e-01 9.8875257982e-01 5.1627502011e-02
5.2634437199e-01 9.8873558984e-01 5.1830061277e-02
5.2558662421e-01 9.8871585874e-01 5.2065301565e-02
5.2465650552e-01 9.8869302990e-01 5.2337468310e-02
5.2351514791e-01 9.8866670649e-01 5.2651299221e-02
5.2211280088e-01 9.8863718389e-01 5.3003252584e-02
5.2039184190e-01 9.8860392311e-01 5.3399741951e-02
5.1828410339e-01 9.8856543801e-01 5.3858507171e-02
5.1570354243e-01 9.8852084855e-01 5.4390040018e-02
5.1254620738e-01 9.8846863637e-01 5.5012473588e-02
5.0868249570e-01 9.8840804927e-01 5.5734784395e-02
5.0395348076e-01 9.8833859796e-01 5.6562825457e-02
4.9816324584e-01 9.8826084413e-01 5.7489921154e-02
4.9106880986e-01 9.8817833773e-01 5.8473751617e-02
4.8236984772e-01 9.8810080440e-01 5.9398305744e-02
4.7173056658e-01 9.8805813388e-01 5.9906919775e-02
4.5907608560e-01 9.8809301379e-01 5.9489209833e-02
4.4720878235e-01 9.8819552651e-01 5.8262219216e-02
4.3756836073e-01 9.8832688297e-01 5.6689441914e-02
4.2975146053e-01 9.8846779699e-01 5.5002092229e-02
4.2342371778e-01 9.8860808770e-01 5.3322268590e-02
4.1831072793e-01 9.8874234530e-01 5.1714736524e-02
4.1418774714e-01 9.8886772466e-01 5.0213522796e-02
4.1087129724e-01 9.8898296093e-01 4.8833753556e-02
4.0821095468e-01 9.8908758409e-01 4.7581039040e-02
4.0608338560e-01 9.8918161926e-01 4.6455062672e-02
4.0438762967e-01 9.8926543997e-01 4.5451333352e-02
4.0304255308e-01 9.8933979088e-01 4.4560940588e-02
4.0197803708e-01 9.8940502411e-01 4.3779669628e-02
4.0114349632e-01 9.8946237248e-01 4.3092758167e-02
4.0048902871e-01 9.8951207856e-01 4.2497329749e-02
3.9998318800e-01 9.8955533710e-01 4.1979056476e-02
3.9959386535e-01 9.8959265660e-01 4.1531921556e-02
3.9929446139e-01 9.8962453132e-01 4.1149964547e-02
3.9907260754e-01 9.8965201273e-01 4.0820558173e-02
3.9891138618e-01 9.8967556201e-01 4.0538247157e-02
3.9879348964e-01 9.8969621414e-01 4.0290712168e-02
5.2897020743e-01 9.9181670664e-01 5.0751777772e-02
5.2888330108e-01 9.9180432572e-01 5.0921794390e-02
5.2870131076e-01 9.9180003431e-01 5.0980724516e-02
5.2864573565e-01 9.9179867440e-01 5.0996916219e-02
5.2857810783e-01 9.9179703477e-01 5.1016437521e-02
5.2849535392e-01 9.9179503434e-01 5.1040254259e-02
5.2839432893e-01 9.9179257100e-01 5.1069583458e-02
5.2827121985e-01 9.9178948344e-01 5.1106349273e-02
5.2812140967e-01 9.9178556745e-01 5.1152987222e-02
5.2793877338e-01 9.9178068758e-01 5.1211108638e-02
5.2771619811e-01 9.9177462227e-01 5.1283354109e-02
5.2744460107e-01 9.9176710275e-01 5.1372927060e-02
5.2711314391e-01 9.9175785484e-01 5.1483096113e-02
5.2670848505e-01 9.9174653218e-01 5.1617990208e-02
5.2621527741e-01 9.9173242049e-01 5.1786127164e-02
5.2561277003e-01 9.9171522976e-01 5.1990962299e-02
5.2487288522e-01 9.9169522567e-01 5.2229318398e-02
5.2396425575e-01 9.9167210141e-01 5.2504843903e-02
5.2284894868e-01 9.9164542294e-01 5.2822714348e-02
5.2147810735e-01 9.9161547167e-01 5.3179558535e-02
5.1979508339e-01 9.9158177482e-01 5.3580997373e-02
5.1773335320e-01 9.9154279780e-01 5.4045329681e-02
5.1520852021e-01 9.9149770825e-01 5.4582470161e-02
5.1211898794e-01 9.9144492026e-01 5.5211333034e-02
5.0833769652e-01 9.9138369502e-01 5.5940720760e-02
5.0370889591e-01 9.9131352915e-01 5.6776634725e-02
4.9804049542e-01 9.9123496238e-01 5.7712643622e-02
4.9109415733e-01 9.9115146181e-01 5.8707411586e-02
4.8257500997e-01 9.9107265776e-01 5.9646105986e-02
4.7226636359e-01 9.9102774725e-01 6.0180536863e-02
4.6043923621e-01 9.9105611342e-01 5.9840496205e-02
4.4846755149e-01 9.9115572645e-01 5.8649205700e-02
4.3873545811e-01 9.9128627016e-01 5.7088004792e-02
4.3084449813e-01 9.9142743283e-01 5.5399859902e-02
4.2445722514e-01 9.9156852191e-01 5.3712738475e-02
4.1929665989e-01 9.9170387241e-01 5.2094344464e-02
4.1513580202e-01 9.9183045856e-01 5.0580805147e-02
4.1178922292e-01 9.9194689795e-01 4.9188617883e-02
4.0910509819e-01 9.9205268496e-01 4.7923806277e-02
4.0695856775e-01 9.9214776761e-01 4.6786967313e-02
4.0524818229e-01 9.9223258419e-01 4.5772843560e-02
4.0389157683e-01 9.9230780710e-01 4.4873395379e-02
4.0281789603e-01 9.9237379485e-01 4.4084329428e-02
4.0197616293e-01 9.9243179398e-01 4.3390742280e-02
4.0131610530e-01 9.9248206479e-01 4.2789537932e-02
4.0080538537e-01 9.9252576959e-01 4.2266803952e-02
4.0041259853e-01 9.9256349467e-01 4.1815578738e-02
4.0010970074e-01 9.9259566505e-01 4.1430753767e-02
3.9988379572e-01 9.9262333343e-01 4.1099712804e-02
3.9971892492e-01 9.9264703279e-01 4.0816132675e-02
3.9960001928e-01 9.9266717004e-01 4.0575209641e-02
5.2831050022e-01 9.9425579602e-01 5.0873382452e-02
5.2822360408e-01 9.9424340210e-01 5.1043403345e-02
5.2804161730e-01 9.9423910553e-01 5.1102344029e-02
5.2798645324e-01 9.9423771028e-01 5.1118952878e-02
5.2791936774e-01 9.9423602876e-01 5.1138968943e-02
5.2783719629e-01 9.9423397494e-01 5.1163416377e-02
5.2773698654e-01 9.9423144875e-01 5.1193487548e-02
5.2761482034e-01 9.9422828202e-01 5.1231186856e-02
5.2746618157e-01 9.9422427088e-01 5.1278944066e-02
5.2728497556e-01 9.9421927407e-01 5.1338439828e-02
5.2706411736e-01 9.9421306506e-01 5.1412372581e-02
5.2679475607e-01 9.9420537509e-01 5.1503944108e-02
5.2646596664e-01 9.9419592151e-01 5.1616521476e-02
5.2606444716e-01 9.9418434723e-01 5.1754359130e-02
5.2557524432e-01 9.9416993421e-01 5.1926014364e-02
5.2497744584e-01 9.9415239167e-01 5.2134949221e-02
5.2424310342e-01 9.9413200089e-01 5.2377802506e-02
5.2334102588e-01 9.9410842273e-01 5.2658607247e-02
5.2223340435e-01 9.9408123650e-01 5.2982374118e-02
5.2087150336e-01 9.9405073206e-01 5.3345633936e-02
5.1919908289e-01 9.9401639380e-01 5.3754516204e-02
5.1715001477e-01 9.9397668870e-01 5.4227287397e-02
5.1464036874e-01 9.9393074726e-01 5.4774296484e-02
5.1156902471e-01 9.9387700458e-01 5.5414189384e-02
5.0780951613e-01 9.9381472285e-01 5.6155744113e-02
5.0320671653e-01 9.9374342761e-01 5.7004601999e-02
4.9756923339e-01 9.9366374226e-01 5.7953319603e-02
4.9065939722e-01 9.9357933911e-01 5.8958112225e-02
4.8218317859e-01 9.9350025695e-01 5.9899304515e-02
4.7205246268e-01 9.9345702945e-01 6.0412947147e-02
4.6064852151e-01 9.9348574854e-01 6.0068525862e-02
4.4878656909e-01 9.9358578289e-01 5.8872934819e-02
4.3911745273e-01 9.9371679886e-01 5.7307530380e-02
4.3127858829e-01 9.9385833365e-01 5.5616687237e-02
4.2493457634e-01 9.9399976144e-01 5.3927340103e-02
4.1981001216e-01 9.9413541932e-01 5.2307064855e-02
4.1567904387e-01 9.9426225249e-01 5.0792284345e-02
4.1235736451e-01 9.9437889872e-01 4.9399227581e-02
4.0969389645e-01 9.9448483469e-01 4.8134116296e-02
4.0756441586e-01 9.9458000859e-01 4.6997541879e-02
4.0586813762e-01 9.9466487902e-01 4.5984008981e-02
4.0452300576e-01 9.9474010095e-01 4.5085690214e-02
4.0345864149e-01 9.9480605558e-01 4.4298023343e-02
4.0262426902e-01 9.9486397854e-01 4.3606251036e-02
4.0197001110e-01 9.9491415692e-01 4.3006952127e-02
4.0146346098e-01 9.9495772575e-01 4.2486561231e-02
4.0107387230e-01 9.9499532318e-01 4.2037488592e-02
4.0077274065e-01 9.9502732822e-01 4.1655188575e-02
4.0054679007e-01 9.9505478915e-01 4.1327122865e-02
4.0038108203e-01 9.9507828349e-01 4.1046428319e-02
4.0026005594e-01 9.9509820668e-01 4.0808423754e-02
5.2776963938e-01 9.9625553122e-01 5.0973074712e-02
5.2768275215e-01 9.9624312677e-01 5.1143099390e-02
5.2750076846e-01 9.9623882597e-01 5.1202049302e-02
5.2744561079e-01 9.9623739272e-01 5.1219107718e-02
5.2737851045e-01 9.9623566457e-01 5.1239675495e-02
5.2729635938e-01 9.9623355445e-01 5.1264789324e-02
5.2719613122e-01 9.9623095756e-01 5.1295697004e-02
5.2707399296e-01 9.9622770205e-01 5.1334445917e-02
5.2692539151e-01 9.9622358420e-01 5.1383462555e-02
5.2674425120e-01 9.9621845615e-01 5.1444506298e-02
5.2652350396e-01 9.9621208726e-01 5.1520323395e-02
5.2625424447e-01 9.9620420182e-01 5.1614196983e-02
5.2592553533e-01 9.9619451500e-01 5.1729518469e-02
5.2552421131e-01 9.9618265423e-01 5.1870724605e-02
5.2503519158e-01 9.9616789238e-01 5.2046476741e-02
5.2443751036e-01 9.9614995962e-01 5.2259985142e-02
5.2370292349e-01 9.9612915431e-01 5.2507686748e-02
5.2280043510e-01 9.9610508300e-01 5.2794261161e-02
5.2169194583e-01 9.9607735626e-01 5.3124341834e-02
5.2032849747e-01 9.9604628756e-01 5.3494180148e-02
5.1865402956e-01 9.9601125799e-01 5.3911134972e-02
5.1660218207e-01 9.9597076814e-01 5.4393061490e-02
5.1408898647e-01 9.9592388165e-01 5.4951098004e-02
5.1101293593e-01 9.9586908533e-01 5.5603259816e-02
5.0724723155e-01 9.9580563721e-01 5.6358364233e-02
5.0263624212e-01 9.9573311405e-01 5.7221429790e-02
4.9698780865e-01 9.9565227382e-01 5.8183397449e-02
4.9006314264e-01 9.9556711719e-01 5.9196567374e-02
4.8156701061e-01 9.9548829916e-01 6.0133942584e-02
4.7157550313e-01 9.9544846959e-01 6.0606522904e-02
4.6036849150e-01 9.9548022958e-01 6.0225691266e-02
4.4866360320e-01 9.9558238857e-01 5.9005338528e-02
4.3912020974e-01 9.9571444157e-01 5.7428722294e-02
4.3138456586e-01 9.9585639028e-01 5.5734360052e-02
4.2512539367e-01 9.9599793405e-01 5.4045109314e-02
4.2007055820e-01 9.9613352854e-01 5.2427045412e-02
4.1599686949e-01 9.9626018539e-01 5.0915756962e-02
4.1272214214e-01 9.9637656707e-01 4.9527157062e-02
4.1009719196e-01 9.9648220163e-01 4.8266843018e-02
4.0799927633e-01 9.9657705110e-01 4.7135239438e-02
4.0632850749e-01 9.9666154682e-01 4.6127179561e-02
4.0500415683e-01 9.9673640185e-01 4.5234146014e-02
4.0395639309e-01 9.9680197114e-01 4.4451892368e-02
4.0313529311e-01 9.9685951724e-01 4.3765352383e-02
4.0249138787e-01 9.9690932134e-01 4.3171171513e-02
4.0199277244e-01 9.9695252647e-01 4.2655705151e-02
4.0160916120e-01 9.9698977889e-01 4.2211261007e-02
4.0131206103e-01 9.9702143606e-01 4.1833559565e-02
4.0108806511e-01 9.9704853660e-01 4.1510199180e-02
4.0092305942e-01 9.9707170365e-01 4.1233766088e-02
4.0080124299e-01 9.9709130443e-01 4.0999902458e-02
5.2700583288e-01 9.9907964077e-01 5.1113852578e-02
5.2691895907e-01 9.9906722251e-01 5.1283883104e-02
5.2673698003e-01 9.9906291605e-01 5.1342846964e-02
5.2668221038e-01 9.9906143778e-01 5.1360437291e-02
5.2661561299e-01 9.9905965577e-01 5.1381641756e-02
5.2653401691e-01 9.9905747796e-01 5.1407555872e-02
5.2643454624e-01 9.9905480009e-01 5.1439420426e-02
5.2631330285e-01 9.9905144273e-01 5.1479371288e-02
5.2616581370e-01 9.9904720237e-01 5.1529830910e-02
5.2598603880e-01 9.9904192376e-01 5.1592646526e-02
5.2576694270e-01 9.9903537034e-01 5.1670633476e-02
5.2549976188e-01 9.9902726264e-01 5.1767117575e-02
5.2517361926e-01 9.9901731232e-01 5.1885529843e-02
5.2477532269e-01 9.9900512547e-01 5.2030558048e-02
5.2429011111e-01 9.9898997377e-01 5.2210871525e-02
5.2369685376e-01 9.9897159326e-01 5.2429608469e-02
5.2296735540e-01 9.9895029686e-01 5.2683034998e-02
5.2207079657e-01 9.9892564172e-01 5.2976417156e-02
5.2096912239e-01 9.9889727772e-01 5.3313914572e-02
5.1961342944e-01 9.9886551452e-01 5.3691827076e-02
5.1794811280e-01 9.9882966008e-01 5.4118381630e-02
5.1590700521e-01 9.9878824271e-01 5.4611087191e-02
5.1340663656e-01 9.9874025928e-01 5.5181868552e-02
5.1034577060e-01 9.9868423871e-01 5.5848218326e-02
5.0659802871e-01 9.9861943589e-01 5.6618977472e-02
5.0200816566e-01 9.9854547820e-01 5.7498543502e-02
4.9638437095e-01 9.9846325110e-01 5.8476322233e-02
4.8948807153e-01 9.9837705863e-01 5.9500996744e-02
4.8102435170e-01 9.9829819931e-01 6.0437939349e-02
4.7144146948e-01 9.9826116140e-01 6.0876552566e-02
4.6070041080e-01 9.9829259698e-01 6.0499432345e-02
4.4913722115e-01 9.9839456362e-01 5.9282162215e-02
4.3964646438e-01 9.9852703320e-01 5.7702171897e-02
4.3195457941e-01 9.9866940740e-01 5.6004692083e-02
4.2573203711e-01 9.9881141134e-01 5.4311999318e-02
4.2070795130e-01 9.9894746610e-01 5.2690462028e-02
4.1666002915e-01 9.9907453566e-01 5.1176178332e-02
4.1340700108e-01 9.9919129174e-01 4.9784920028e-02
4.1080019000e-01 9.9929722940e-01 4.8522661833e-02
4.0871732134e-01 9.9939230535e-01 4.7389888136e-02
4.0705920737e-01 9.9947698656e-01 4.6381012156e-02
4.0574513241e-01 9.9955194884e-01 4.5487965323e-02
4.0470580360e-01 9.9961758242e-01 4.4706082411e-02
4.0389129238e-01 9.9967513257e-01 4.4020521121e-02
4.0325263921e-01 9.9972491320e-01 4.3427530435e-02
4.0275762992e-01 9.9976803355e-01 4.2913892516e-02
4.0237684742e-01 9.9980520207e-01 4.2471163047e-02
4.0208104009e-01 9.9983672878e-01 4.2095642438e-02
4.0185649476e-01 9.9986362975e-01 4.1775226958e-02
4.0169008732e-01 9.9988660284e-01 4.1501602821e-02
4.0156559501e-01 9.9990598692e-01 4.1270730021e-02
5.2700583288e-01 9.9913697390e-01 5.1118039930e-02
5.2691896973e-01 9.9912456550e-01 5.1287935411e-02
5.2673699511e-01 9.9912026313e-01 5.1346843334e-02
5.2663227393e-01 9.9911898920e-01 5.1360513959e-02
5.2650452417e-01 9.9911745645e-01 5.1376919789e-02
5.2634783472e-01 9.9911560935e-01 5.1396941364e-02
5.2615610563e-01 9.9911335334e-01 5.1421566471e-02
5.2592173913e-01 9.9911053305e-01 5.1452640688e-02
5.2563493689e-01 9.9910699883e-01 5.1492168649e-02
5.2528324346e-01 9.9910267416e-01 5.1541494266e-02
5.2485246995e-01 9.9909737873e-01 5.1602871595e-02
5.2432502381e-01 9.9909091373e-01 5.1678933723e-02
5.2367889524e-01 9.9908312475e-01 5.1772238250e-02
5.2288744363e-01 9.9907379040e-01 5.1886417864e-02
5.2191924632e-01 9.9906238611e-01 5.2028834716e-02
5.2073478525e-01 9.9904884639e-01 5.2201184387e-02
5.1928489691e-01 9.9903372610e-01 5.2398087917e-02
5.1751143303e-01 9.9901689887e-01 5.2622667250e-02
5.1534356972e-01 9.9899844630e-01 5.2876511203e-02
5.1269431834e-01 9.9897912073e-01 5.3152931611e-02
5.0945942386e-01 9.9896729387e-01 5.3456953945e-02
5.0551213398e-01 9.9897030955e-01 5.3801920326e-02
5.0069549586e-01 9.9897884527e-01 5.4193324065e-02
4.9481460569e-01 9.9899278379e-01 5.4641350289e-02
4.8762078942e-01 9.9900914489e-01 5.5145068649e-02
4.7919547162e-01 9.9901474262e-01 5.5726799912e-02
4.7112883452e-01 9.9899514937e-01 5.6515574087e-02
4.6335994017e-01 9.9895881068e-01 5.7474318826e-02
4.5557719354e-01 9.9891663724e-01 5.8467069091e-02
4.4788336823e-01 9.9889552145e-01 5.9055549425e-02
4.4015734937e-01 9.9891556591e-01 5.8915505332e-02
4.3247580475e-01 9.9897977493e-01 5.8002123452e-02
4.2619968979e-01 9.9906486522e-01 5.6672875302e-02
4.2111906798e-01 9.9915680703e-01 5.5178386422e-02
4.1701216986e-01 9.9924850326e-01 5.3649612972e-02
4.1369776553e-01 9.9933627164e-01 5.2160101821e-02
4.1102875369e-01 9.9941787043e-01 5.0751925548e-02
4.0888436133e-01 9.9949263522e-01 4.9445664227e-02
4.0716769228e-01 9.9955997891e-01 4.8251370691e-02
4.0579636372e-01 9.9962025263e-01 4.7172697438e-02
4.0470739397e-01 9.9967344597e-01 4.6206884996e-02
4.0384733391e-01 9.9972013285e-01 4.5348008855e-02
4.0316650357e-01 9.9976106843e-01 4.4592971247e-02
4.0264141753e-01 9.9979622036e-01 4.3928941318e-02
4.0224567988e-01 9.9982552378e-01 4.3353925321e-02
4.0194245298e-01 9.9984872746e-01 4.2854262592e-02
4.0172843871e-01 9.9987932059e-01 4.2424493973e-02
4.0159109607e-01 9.9990644462e-01 4.2061401677e-02
4.0152046178e-01 9.9992926900e-01 4.1753057702e-02
4.0151517664e-01 9.9994814650e-01 4.1492070932e-02
4.0156559501e-01 9.9996332006e-01 4.1274917373e-02
5.2700583288e-01 9.9957532596e-01 5.1150055177e-02
5.2691977999e-01 9.9956366712e-01 5.1309687666e-02
5.2673814099e-01 9.9955967523e-01 5.1364344518e-02
5.2663336622e-01 9.9955835173e-01 5.1378693899e-02
5.2650555049e-01 9.9955675795e-01 5.1395935426e-02
5.2634879040e-01 9.9955484550e-01 5.1416851652e-02
5.2615698111e-01 9.9955251529e-01 5.1442492672e-02
5.2592252462e-01 9.9954961176e-01 5.1474706647e-02
5.2563563045e-01 9.9954599250e-01 5.1515399000e-02
5.2528385842e-01 9.9954159512e-01 5.1565720267e-02
5.2485302335e-01 9.9953624273e-01 5.1627877416e-02
5.2432554200e-01 9.9952974516e-01 5.1704385430e-02
5.2367942995e-01 9.9952197147e-01 5.1797480712e-02
5.2288808174e-01 9.9951273277e-01 5.1910350590e-02
5.2192011408e-01 9.9950154093e-01 5.2049858692e-02
5.2073604115e-01 9.9948836026e-01 5.2217292078e-02
5.1928674278e-01 9.9947378574e-01 5.2406722935e-02
5.1751412771e-01 9.9945774374e-01 5.2620550949e-02
5.1534746246e-01 9.9944039949e-01 5.2859219937e-02
5.1269983847e-01 9.9942257940e-01 5.3115027353e-02
5.0946713449e-01 9.9947718491e-01 5.3396008028e-02
5.0552276138e-01 9.9967308182e-01 5.3717919830e-02
5.0070989936e-01 9.9993132434e-01 5.4079476783e-02
4.9483371181e-01 1.0002562394e+00 5.4490332814e-02
4.8764524519e-01 1.0006263632e+00 5.4951766858e-02
4.7922489161e-01 1.0009602365e+00 5.5494260218e-02
4.7116250880e-01 1.0012219722e+00 5.6249407898e-02
4.6339764609e-01 1.0014522386e+00 5.7176286033e-02
4.5561866213e-01 1.0016588845e+00 5.8139295593e-02
4.4792742483e-01 1.0018089094e+00 5.8707319931e-02
4.4020216844e-01 1.0018793746e+00 5.8561249190e-02
4.3251949094e-01 1.0018686681e+00 5.7656821755e-02
4.2624095969e-01 1.0017939733e+00 5.6346672287e-02
4.2115727898e-01 1.0016836352e+00 5.4876361389e-02
4.1704703566e-01 1.0015541190e+00 5.3374028879e-02
4.1372922771e-01 1.0014168122e+00 5.1911420361e-02
4.1105687190e-01 1.0012772801e+00 5.0529675274e-02
4.0890929248e-01 1.0011412897e+00 4.9248604960e-02
4.0718961684e-01 1.0010098129e+00 4.8078075905e-02
4.0581552233e-01 1.0008871785e+00 4.7021265166e-02
4.0472400520e-01 1.0007719187e+00 4.6075587475e-02
4.0386162340e-01 1.0006650725e+00 4.5235062740e-02
4.0317874217e-01 1.0005703868e+00 4.4496235586e-02
4.0265177484e-01 1.0004811313e+00 4.3847075738e-02
4.0225430446e-01 1.0003958522e+00 4.3285755485e-02
4.0194936552e-01 1.0003058419e+00 4.2799624924e-02
4.0173372146e-01 1.0003225597e+00 4.2389596426e-02
4.0159496053e-01 1.0003483717e+00 4.2044468556e-02
4.0152303320e-01 1.0003699999e+00 4.1752502635e-02
4.0151646733e-01 1.0003876926e+00 4.1507737980e-02
4.0156559501e-01 1.0004016721e+00 4.1306932619e-02
5.2700583288e-01 9.9996722811e-01 5.1178677933e-02
5.2692180526e-01 9.9995744283e-01 5.1312657767e-02
5.2674100515e-01 9.9995422699e-01 5.1356688942e-02
5.2663609644e-01 9.9995277958e-01 5.1372734896e-02
5.2650811579e-01 9.9995103323e-01 5.1392065273e-02
5.2635117916e-01 9.9994895746e-01 5.1415217703e-02
5.2615916939e-01 9.9994644180e-01 5.1443398029e-02
5.2592448799e-01 9.9994333020e-01 5.1478460862e-02
5.2563736404e-01 9.9993949838e-01 5.1522063647e-02
5.2528539552e-01 9.9993491923e-01 5.1574873572e-02
5.2485440657e-01 9.9992942449e-01 5.1638979904e-02
5.2432683723e-01 9.9992284552e-01 5.1716602423e-02
5.2368076648e-01 9.9991511002e-01 5.1809174691e-02
5.2288967673e-01 9.9990611042e-01 5.1918770846e-02
5.2192228306e-01 9.9989544958e-01 5.2051008440e-02
5.2073918030e-01 9.9988316641e-01 5.2206153426e-02
5.1929135657e-01 9.9986995606e-01 5.2376906113e-02
5.1752086314e-01 9.9985587675e-01 5.2563860884e-02
5.1535719247e-01 9.9984130276e-01 5.2764599596e-02
5.1271363619e-01 9.9982724566e-01 5.2968884222e-02
5.0948640745e-01 9.9994449745e-01 5.3184719470e-02
5.0554932490e-01 1.0003171690e+00 5.3426705182e-02
5.0074590134e-01 1.0008042665e+00 5.3684788679e-02
4.9488146815e-01 1.0014141899e+00 5.3966782321e-02
4.8770637312e-01 1.0021085355e+00 5.4281624229e-02
4.7929842776e-01 1.0027432717e+00 5.4688086813e-02
4.7124667867e-01 1.0032628439e+00 5.5326657470e-02
4.6349189315e-01 1.0037374526e+00 5.6143059808e-02
4.5572231412e-01 1.0041721401e+00 5.7002963679e-02
4.4803754563e-01 1.0044790146e+00 5.7500070749e-02
4.4031419505e-01 1.0045956900e+00 5.7333106697e-02
4.3262868587e-01 1.0045163240e+00 5.6459722716e-02
4.2634411504e-01 1.0042951870e+00 5.5215784954e-02
4.2125278852e-01 1.0039994604e+00 5.3829294782e-02
4.1713418376e-01 1.0036672040e+00 5.2418628267e-02
4.1380786838e-01 1.0033236169e+00 5.1049286351e-02
4.1112715422e-01 1.0029814195e+00 4.9759173448e-02
4.0897160863e-01 1.0026522730e+00 4.8565435835e-02
4.0724441794e-01 1.0023385783e+00 4.7477293971e-02
4.0586340983e-01 1.0020483096e+00 4.6496276644e-02
4.0476552549e-01 1.0017786634e+00 4.5620402528e-02
4.0389734041e-01 1.0015311049e+00 4.4843498821e-02
4.0320933294e-01 1.0013121229e+00 4.4160870406e-02
4.0267766323e-01 1.0011088487e+00 4.3563262458e-02
4.0227586184e-01 1.0009185553e+00 4.3049422894e-02
4.0196664362e-01 1.0007247849e+00 4.2610205931e-02
4.0174692584e-01 1.0007266770e+00 4.2250968663e-02
4.0160461987e-01 1.0007492095e+00 4.1950743409e-02
4.0152946053e-01 1.0007678479e+00 4.1699714922e-02
4.0151969343e-01 1.0007825791e+00 4.1495497927e-02
4.0156559501e-01 1.0007935743e+00 4.1335555375e-02
5.2700583288e-01 1.0002765192e+00 5.1201267148e-02
5.2692485716e-01 1.0002695571e+00 5.1296590768e-02
5.2674532119e-01 1.0002675107e+00 5.1324610015e-02
5.2664021063e-01 1.0002658766e+00 5.1343212549e-02
5.2651198148e-01 1.0002639004e+00 5.1365690632e-02
5.2635477880e-01 1.0002615785e+00 5.1392212819e-02
5.2616246693e-01 1.0002587834e+00 5.1424219647e-02
5.2592744660e-01 1.0002553582e+00 5.1463575450e-02
5.2563997640e-01 1.0002512061e+00 5.1511563991e-02
5.2528771181e-01 1.0002463530e+00 5.1568124098e-02
5.2485649096e-01 1.0002406438e+00 5.1635167671e-02
5.2432878903e-01 1.0002339421e+00 5.1714469647e-02
5.2368278049e-01 1.0002262642e+00 5.1806253781e-02
5.2289208022e-01 1.0002176249e+00 5.1910916732e-02
5.2192555153e-01 1.0002077642e+00 5.2032198332e-02
5.2074391072e-01 1.0001968335e+00 5.2168825820e-02
5.1929830913e-01 1.0001856788e+00 5.2311432206e-02
5.1753101281e-01 1.0001745571e+00 5.2457891448e-02
5.1537185471e-01 1.0001641577e+00 5.2601472688e-02
5.1273442810e-01 1.0001557710e+00 5.2728117164e-02
5.0951545004e-01 1.0003260988e+00 5.2842765901e-02
5.0558935371e-01 1.0008431223e+00 5.2955397653e-02
5.0080015306e-01 1.0015170998e+00 5.3046017669e-02
4.9495343259e-01 1.0023597574e+00 5.3119457880e-02
4.8779848733e-01 1.0033188582e+00 5.3197052184e-02
4.7940924003e-01 1.0041992751e+00 5.3383359879e-02
4.7137351500e-01 1.0049293933e+00 5.3833259980e-02
4.6363391489e-01 1.0056035287e+00 5.4470866110e-02
4.5587850821e-01 1.0062244320e+00 5.5163901701e-02
4.4820348763e-01 1.0066593879e+00 5.5546234867e-02
4.4048300893e-01 1.0068137980e+00 5.5345456670e-02
4.3279323269e-01 1.0066783654e+00 5.4522314026e-02
4.2649956075e-01 1.0063376456e+00 5.3385534596e-02
4.2139671268e-01 1.0058905331e+00 5.2134701537e-02
4.1726550801e-01 1.0053927217e+00 5.0872389077e-02
4.1392637270e-01 1.0048806890e+00 4.9653991670e-02
4.1123306327e-01 1.0043729976e+00 4.8512178098e-02
4.0906551340e-01 1.0038861224e+00 4.7459781451e-02
4.0732699821e-01 1.0034236309e+00 4.6504976643e-02
4.0593557194e-01 1.0029964742e+00 4.5646624867e-02
4.0482809277e-01 1.0026007581e+00 4.4883722233e-02
4.0395116269e-01 1.0022382956e+00 4.4209784053e-02
4.0325543044e-01 1.0019178149e+00 4.3618108785e-02
4.0271667468e-01 1.0016214346e+00 4.3103933450e-02
4.0230834685e-01 1.0013453879e+00 4.2666937567e-02
4.0199268014e-01 1.0010668884e+00 4.2303646498e-02
4.0176682365e-01 1.0010543753e+00 4.2021526578e-02
4.0161917561e-01 1.0010719659e+00 4.1788965477e-02
4.0153914594e-01 1.0010860988e+00 4.1599625976e-02
4.0152455489e-01 1.0010963675e+00 4.1456510611e-02
4.0156559501e-01 1.0011028653e+00 4.1358144591e-02
5.2700583288e-01 1.0004744122e+00 5.1215720359e-02
5.2692865163e-01 1.0004709604e+00 5.1262982085e-02
5.2675068739e-01 1.0004703680e+00 5.1271093443e-02
5.2664532588e-01 1.0004685017e+00 5.1292874615e-02
5.2651678774e-01 1.0004662396e+00 5.1319266293e-02
5.2635925430e-01 1.0004636118e+00 5.1349978152e-02
5.2616656681e-01 1.0004604692e+00 5.1386742532e-02
5.2593112509e-01 1.0004566542e+00 5.1431435853e-02
5.2564322438e-01 1.0004521038e+00 5.1484877275e-02
5.2529059168e-01 1.0004469102e+00 5.1546100044e-02
5.2485908251e-01 1.0004409342e+00 5.1616795535e-02
5.2433121572e-01 1.0004340801e+00 5.1698185609e-02
5.2368528456e-01 1.0004264737e+00 5.1788989842e-02
5.2289506852e-01 1.0004182824e+00 5.1887519261e-02
5.2192961527e-01 1.0004094166e+00 5.1995179099e-02
5.2074979212e-01 1.0004001674e+00 5.2108783483e-02
5.1930695336e-01 1.0003915685e+00 5.2216395119e-02
5.1754363206e-01 1.0003841241e+00 5.2312505617e-02
5.1539008451e-01 1.0003789149e+00 5.2385022052e-02
5.1276027902e-01 1.0003775785e+00 5.2415135277e-02
5.0955155917e-01 1.0005864719e+00 5.2401974234e-02
5.0563912217e-01 1.0012019891e+00 5.2347863617e-02
5.0086760508e-01 1.0020034781e+00 5.2222616588e-02
4.9504290715e-01 1.0030049341e+00 5.2027223180e-02
4.8791301442e-01 1.0041446819e+00 5.1798995944e-02
4.7954701472e-01 1.0051927310e+00 5.1701515285e-02
4.7153121265e-01 1.0060665082e+00 5.1908211583e-02
4.6381049281e-01 1.0068767841e+00 5.2315342332e-02
4.5607270685e-01 1.0076247456e+00 5.2793278115e-02
4.4840980600e-01 1.0081470936e+00 5.3027663180e-02
4.4069289796e-01 1.0083272508e+00 5.2783297214e-02
4.3299781640e-01 1.0081535630e+00 5.2024917639e-02
4.2669282891e-01 1.0077312499e+00 5.1026269534e-02
4.2157565592e-01 1.0071808442e+00 4.9950303858e-02
4.1742878556e-01 1.0065700719e+00 4.8879225639e-02
4.1407371103e-01 1.0059431057e+00 4.7855401670e-02
4.1136474171e-01 1.0053224951e+00 4.6904751799e-02
4.0918226671e-01 1.0047279989e+00 4.6034549244e-02
4.0742967158e-01 1.0041639807e+00 4.5251621171e-02
4.0602529226e-01 1.0036434231e+00 4.4551390140e-02
4.0490588368e-01 1.0031616872e+00 4.3934112212e-02
4.0401808079e-01 1.0027208239e+00 4.3392900666e-02
4.0331274421e-01 1.0023310889e+00 4.2918467601e-02
4.0276517825e-01 1.0019711807e+00 4.2511840202e-02
4.0234873599e-01 1.0016366230e+00 4.2173898863e-02
4.0202505176e-01 1.0013003114e+00 4.1908479271e-02
4.0179156292e-01 1.0012751543e+00 4.1722625213e-02
4.0163727299e-01 1.0012866006e+00 4.1574192044e-02
4.0155118797e-01 1.0012951317e+00 4.1461551452e-02
4.0153059921e-01 1.0012998520e+00 4.1394404727e-02
4.0156559501e-01 1.0013007584e+00 4.1372597801e-02
5.2700583288e-01 1.0005424886e+00 5.1220692349e-02
5.2693283552e-01 1.0005429073e+00 5.1214959804e-02
5.2675660429e-01 1.0005439180e+00 5.1201120217e-02
5.2665096608e-01 1.0005417958e+00 5.1226406237e-02
5.2652208726e-01 1.0005392185e+00 5.1257113142e-02
5.2636418909e-01 1.0005362533e+00 5.1292444642e-02
5.2617108745e-01 1.0005327275e+00 5.1334454820e-02
5.2593518109e-01 1.0005284827e+00 5.1385033425e-02
5.2564680570e-01 1.0005234932e+00 5.1444487332e-02
5.2529376710e-01 1.0005179241e+00 5.1510851271e-02
5.2486194002e-01 1.0005116541e+00 5.1585573461e-02
5.2433389146e-01 1.0005046318e+00 5.1669265924e-02
5.2368804560e-01 1.0004971043e+00 5.1758989694e-02
5.2289836350e-01 1.0004894069e+00 5.1850756124e-02
5.2193409605e-01 1.0004816381e+00 5.1943396259e-02
5.2075627711e-01 1.0004742429e+00 5.2031614780e-02
5.1931648471e-01 1.0004684623e+00 5.2100640312e-02
5.1755754637e-01 1.0004650724e+00 5.2141235000e-02
5.1541018516e-01 1.0004655861e+00 5.2135393566e-02
5.1278878290e-01 1.0004720235e+00 5.2059068971e-02
5.0959137401e-01 1.0007013828e+00 5.1903370615e-02
5.0569399814e-01 1.0013603685e+00 5.1660648566e-02
5.0094197941e-01 1.0022181322e+00 5.1291222487e-02
4.9514156408e-01 1.0032896711e+00 5.0791736638e-02
4.8803929491e-01 1.0045091442e+00 5.0217577894e-02
4.7969892861e-01 1.0056311746e+00 4.9799088670e-02
4.7170509411e-01 1.0065683532e+00 4.9730683815e-02
4.6400519213e-01 1.0074387122e+00 4.9877111227e-02
4.5628683522e-01 1.0082427485e+00 5.0111735825e-02
4.4863729790e-01 1.0088036654e+00 5.0178768683e-02
4.4092432696e-01 1.0089951856e+00 4.9885098201e-02
4.3322339563e-01 1.0088046146e+00 4.9199975686e-02
4.2690593132e-01 1.0083462917e+00 4.8357575494e-02
4.2177296329e-01 1.0077502994e+00 4.7479411900e-02
4.1760881956e-01 1.0070896739e+00 4.6624649214e-02
4.1423617004e-01 1.0064119839e+00 4.5820917927e-02
4.1150993371e-01 1.0057415384e+00 4.5086503797e-02
4.0931100189e-01 1.0050995457e+00 4.4422390967e-02
4.0754288187e-01 1.0044907206e+00 4.3833882091e-02
4.0612422016e-01 1.0039289421e+00 4.3312510102e-02
4.0499165793e-01 1.0034092431e+00 4.2859956263e-02
4.0409186640e-01 1.0029337790e+00 4.2468879089e-02
4.0337593983e-01 1.0025134799e+00 4.2127065105e-02
4.0281865952e-01 1.0021255347e+00 4.1842091072e-02
4.0239327009e-01 1.0017651543e+00 4.1616195757e-02
4.0206074554e-01 1.0014033283e+00 4.1461483958e-02
4.0181884106e-01 1.0013684654e+00 4.1382084450e-02
4.0165722763e-01 1.0013731368e+00 4.1326412886e-02
4.0156446581e-01 1.0013754913e+00 4.1298342469e-02
4.0153726383e-01 1.0013740938e+00 4.1314960707e-02
4.0156559501e-01 1.0013688347e+00 4.1377569792e-02

CELL_DATA 2400
SCALARS shape double 1
LOOKUP_TABLE default
4.787166e-03
4.439040e-03
5.307436e-03
6.480757e-03
7.917149e-03
9.671179e-03
1.181560e-02
1.443261e-02
1.762800e-02
2.153548e-02
2.631166e-02
3.214757e-02
3.928017e-02
4.799491e-02
5.864367e-02
7.166189e-02
8.757103e-02
1.070026e-01
1.307204e-01
1.596351e-01
1.948060e-01
2.374353e-01
2.888118e-01
3.501778e-01
4.224608e-01
5.057935e-01
5.987638e-01
6.974202e-01
7.943524e-01
8.785793e-01
9.372350e-01
9.569415e-01
9.484390e-01
9.899703e-01
9.633491e-01
8.849936e-01
7.814679e-01
6.703894e-01
5.642653e-01
4.695200e-01
3.881498e-01
3.200126e-01
2.637405e-01
2.174974e-01
1.794144e-01
1.479324e-01
1.221972e-01
1.009199e-01
8.305676e-02
7.504897e-02
5.101537e-03
4.597904e-03
5.222382e-03
6.380448e-03
7.792821e-03
9.520259e-03
1.163141e-02
1.420765e-02
1.735634e-02
2.120428e-02
2.591044e-02
3.166247e-02
3.869291e-02
4.728764e-02
5.779490e-02
7.064823e-02
8.636525e-02
1.055783e-01
1.290524e-01
1.577005e-01
1.925901e-01
2.349345e-01
2.860369e-01
3.471508e-01
4.192013e-01
5.022767e-01
5.948326e-01
6.926561e-01
7.879309e-01
8.692326e-01
9.235073e-01
9.357736e-01
9.379416e-01
9.872178e-01
9.464913e-01
8.547301e-01
7.419596e-01
6.270644e-01
5.217030e-01
4.304386e-01
3.538007e-01
2.908717e-01
2.394853e-01
1.975014e-01
1.630694e-01
1.346210e-01
1.114460e-01
9.216097e-02
7.588998e-02
6.933315e-02
5.721098e-03
5.266937e-03
5.767804e-03
7.042312e-03
8.605413e-03
1.051234e-02
1.284104e-02
1.568546e-02
1.916209e-02
2.341002e-02
2.860434e-02
3.495084e-02
4.270767e-02
5.218729e-02
6.377509e-02
7.794073e-02
9.525129e-02
1.163930e-01
1.421921e-01
1.736231e-01
2.118109e-01
2.580046e-01
3.134935e-01
3.794193e-01
4.564243e-01
5.440511e-01
6.398618e-01
7.384189e-01
8.306161e-01
9.042793e-01
9.468888e-01
9.441706e-01
9.634518e-01
9.866999e-01
9.299483e-01
8.359947e-01
7.257206e-01
6.150219e-01
5.135905e-01
4.252465e-01
3.505285e-01
2.887461e-01
2.379294e-01
1.961490e-01
1.617824e-01
1.334173e-01
1.102337e-01
9.095363e-02
7.479759e-02
6.881138e-02
6.247091e-03
5.731073e-03
5.995128e-03
7.319311e-03
8.940635e-03
1.092461e-02
1.334686e-02
1.630258e-02
1.991835e-02
2.433571e-02
2.973693e-02
3.633946e-02
4.440932e-02
5.427497e-02
6.633800e-02
8.108896e-02
9.911943e-02
1.211486e-01
1.480377e-01
1.808023e-01
2.206107e-01
2.687479e-01
3.265164e-01
3.950198e-01
4.747544e-01
5.649429e-01
6.625726e-01
7.613591e-01
8.512391e-01
9.194007e-01
9.532851e-01
9.424115e-01
9.769808e-01
9.789000e-01
9.101517e-01
8.102594e-01
6.984158e-01
5.891841e-01
4.906979e-01
4.057235e-01
3.342766e-01
2.753885e-01
2.270357e-01
1.872257e-01
1.544409e-01
1.274173e-01
1.053010e-01
8.685200e-02
7.140728e-02
6.618039e-02
6.937644e-03
6.477869e-03
6.536973e-03
7.980911e-03
9.751210e-03
1.191276e-02
1.455154e-02
1.777586e-02
2.171501e-02
2.653209e-02
3.241662e-02
3.960852e-02
4.839836e-02
5.913913e-02
7.226672e-02
8.830743e-02
1.078978e-01
1.318056e-01
1.609420e-01
1.963708e-01
2.392935e-01
2.909952e-01
3.527083e-01
4.253461e-01
5.090188e-01
6.022903e-01
7.011942e-01
7.983224e-01
8.827191e-01
9.415454e-01
9.617357e-01
9.496273e-01
9.886841e-01
9.685806e-01
8.939317e-01
7.926261e-01
6.822446e-01
5.756662e-01
4.798490e-01
3.971364e-01
3.275134e-01
2.699061e-01
2.224970e-01
1.833912e-01
1.511189e-01
1.245789e-01
1.028109e-01
8.467518e-02
6.955713e-02
6.492770e-02
7.637942e-03
7.255323e-03
7.119775e-03
8.698937e-03
1.062234e-02
1.297600e-02
1.584917e-02
1.936377e-02
2.365221e-02
2.889363e-02
3.529949e-02
4.312508e-02
5.268332e-02
6.435921e-02
7.862171e-02
9.603266e-02
1.172747e-01
1.431604e-01
1.746490e-01
2.128417e-01
2.589580e-01
3.142535e-01
3.798485e-01
4.564006e-01
5.435547e-01
6.391353e-01
7.381909e-01
8.322882e-01
9.098745e-01
9.585377e-01
9.659518e-01
9.580551e-01
9.934503e-01
9.589227e-01
8.806707e-01
7.792063e-01
6.705735e-01
5.663240e-01
4.726004e-01
3.915388e-01
3.231698e-01
2.663654e-01
2.194898e-01
1.807831e-01
1.488102e-01
1.225526e-01
1.009851e-01
8.305980e-02
6.817555e-02
6.419289e-02
8.233912e-03
7.831097e-03
7.434658e-03
9.076554e-03
1.109313e-02
1.354799e-02
1.654920e-02
2.021545e-02
2.469543e-02
3.017073e-02
3.685905e-02
4.503070e-02
5.501582e-02
6.721176e-02
8.211011e-02
1.002973e-01
1.224853e-01
1.495206e-01
1.823974e-01
2.222525e-01
2.703303e-01
3.278882e-01
3.959956e-01
4.751643e-01
5.647414e-01
6.620419e-01
7.613888e-01
8.535428e-01
9.264076e-01
9.677648e-01
9.648048e-01
9.673521e-01
9.935698e-01
9.467825e-01
8.633729e-01
7.600989e-01
6.520931e-01
5.498070e-01
4.584606e-01
3.797223e-01
3.134796e-01
2.584249e-01
2.129622e-01
1.754204e-01
1.443762e-01
1.189046e-01
9.795242e-02
8.053305e-02
6.608874e-02
6.272601e-02
8.824333e-03
8.357315e-03
7.649191e-03
9.337557e-03
1.140332e-02
1.393719e-02
1.702215e-02
2.079523e-02
2.540415e-02
3.103850e-02
3.792135e-02
4.633170e-02
5.660987e-02
6.916603e-02
8.450510e-02
1.032356e-01
1.260880e-01
1.539357e-01
1.877988e-01
2.288426e-01
2.783294e-01
3.375158e-01
4.074258e-01
4.884435e-01
5.796590e-01
6.779504e-01
7.770275e-01
8.669996e-01
9.353969e-01
9.702934e-01
9.589982e-01
9.757064e-01
9.884682e-01
9.330976e-01
8.440799e-01
7.383511e-01
6.304661e-01
5.299112e-01
4.409839e-01
3.648115e-01
3.010600e-01
2.481762e-01
2.045135e-01
1.685021e-01
1.386996e-01
1.142723e-01
9.415100e-02
7.740133e-02
6.351749e-02
6.077106e-02
9.483257e-03
8.957835e-03
7.884019e-03
9.619363e-03
1.175781e-02
1.436095e-02
1.754602e-02
2.143295e-02
2.618693e-02
3.199535e-02
3.909259e-02
4.776740e-02
5.836709e-02
7.132150e-02
8.714778e-02
1.064757e-01
1.300602e-01
1.588014e-01
1.937504e-01
2.360984e-01
2.871290e-01
3.480922e-01
4.199589e-01
5.029643e-01
5.959080e-01
6.951873e-01
7.938586e-01
8.813762e-01
9.449650e-01
9.723386e-01
9.563561e-01
9.841406e-01
9.806142e-01
9.168125e-01
8.225840e-01
7.150334e-01
6.078844e-01
5.094989e-01
4.232845e-01
3.498524e-01
2.886696e-01
2.380014e-01
1.961633e-01
1.616628e-01
1.331095e-01
1.097149e-01
9.041015e-02
7.432533e-02
6.099385e-02
5.877448e-02
1.022953e-02
9.692544e-03
8.231234e-03
1.004945e-02
1.227548e-02
1.499237e-02
1.832363e-02
2.238086e-02
2.734668e-02
3.341099e-02
4.082249e-02
4.987976e-02
6.094903e-02
7.447418e-02
9.099488e-02
1.111642e-01
1.357629e-01
1.657218e-01
2.021176e-01
2.461588e-01
2.991287e-01
3.622369e-01
4.363349e-01
5.214275e-01
6.159084e-01
7.155898e-01
8.128384e-01
8.965635e-01
9.539940e-01
9.724579e-01
9.566296e-01
9.912451e-01
9.674361e-01
8.921621e-01
7.910974e-01
6.818123e-01
5.766865e-01
4.821902e-01
4.003877e-01
3.311517e-01
2.735757e-01
2.259362e-01
1.865241e-01
1.539986e-01
1.270580e-01
1.049549e-01
8.662539e-02
7.145027e-02
5.876915e-02
5.656087e-02
1.104211e-02
1.058531e-02
9.008511e-03
1.099266e-02
1.341898e-02
1.637601e-02
1.999526e-02
2.439344e-02
2.976254e-02
3.629798e-02
4.425313e-02
5.392646e-02
6.567601e-02
7.992344e-02
9.716232e-02
1.179605e-01
1.429543e-01
1.728336e-01
2.082957e-01
2.499689e-01
2.982729e-01
3.532033e-01
4.140192e-01
4.788654e-01
5.444025e-01
6.056567e-01
6.563819e-01
6.901610e-01
7.022365e-01
7.197504e-01
6.982926e-01
7.612491e-01
7.969962e-01
7.820391e-01
7.218952e-01
6.347918e-01
5.349855e-01
4.441714e-01
3.656810e-01
2.998072e-01
2.454462e-01
2.009222e-01
1.646275e-01
1.349358e-01
1.108092e-01
9.098842e-02
7.487101e-02
6.174566e-02
5.073057e-02
4.161309e-02
1.182716e-02
1.147023e-02
1.078089e-02
1.315452e-02
1.606257e-02
1.959989e-02
2.392837e-02
2.919781e-02
3.561661e-02
4.343628e-02
5.295120e-02
6.451652e-02
7.855546e-02
9.556477e-02
1.161171e-01
1.408604e-01
1.705186e-01
2.058320e-01
2.474980e-01
2.960537e-01
3.516471e-01
4.137311e-01
4.806664e-01
5.492908e-01
6.146849e-01
6.704004e-01
7.094778e-01
7.262476e-01
7.269682e-01
7.229412e-01
7.620498e-01
7.941039e-01
7.841807e-01
7.349397e-01
6.585858e-01
5.701749e-01
4.794916e-01
3.976158e-01
3.272815e-01
2.682783e-01
2.195061e-01
1.794760e-01
1.467682e-01
1.200783e-01
9.836848e-02
8.053528e-02
6.612655e-02
5.442140e-02
4.463847e-02
3.659787e-02
1.250883e-02
1.219312e-02
1.247005e-02
1.521973e-02
1.859975e-02
2.271396e-02
2.774776e-02
3.389321e-02
4.140053e-02
5.056561e-02
6.175756e-02
7.541632e-02
9.208122e-02
1.123928e-01
1.371102e-01
1.671451e-01
2.035380e-01
2.474386e-01
3.000664e-01
3.625566e-01
4.356802e-01
5.194243e-01
6.122831e-01
7.104245e-01
8.069110e-01
8.916289e-01
9.526986e-01
9.796523e-01
9.674944e-01
9.854825e-01
9.818382e-01
9.319213e-01
8.493248e-01
7.503463e-01
6.472204e-01
5.486148e-01
4.594052e-01
3.815704e-01
3.152580e-01
2.595940e-01
2.133299e-01
1.751352e-01
1.436787e-01
1.178736e-01
9.673329e-02
7.931084e-02
6.516486e-02
5.362250e-02
4.398135e-02
3.605823e-02
1.314676e-02
1.281859e-02
1.281970e-02
1.565636e-02
1.911934e-02
2.335580e-02
2.853739e-02
3.485653e-02
4.257695e-02
5.200886e-02
6.352349e-02
7.758107e-02
9.473300e-02
1.156409e-01
1.410868e-01
1.720119e-01
2.094806e-01
2.546725e-01
3.088256e-01
3.730704e-01
4.481259e-01
5.338440e-01
6.284568e-01
7.277105e-01
8.241138e-01
9.070177e-01
9.643111e-01
9.854946e-01
9.705484e-01
9.928115e-01
9.810871e-01
9.243462e-01
8.393759e-01
7.396967e-01
6.370320e-01
5.395093e-01
4.516070e-01
3.750594e-01
3.099017e-01
2.552323e-01
2.097823e-01
1.722618e-01
1.413384e-01
1.159785e-01
9.517729e-02
7.804740e-02
6.413272e-02
5.276554e-02
4.327608e-02
3.547857e-02
1.373289e-02
1.339028e-02
1.309488e-02
1.600062e-02
1.953653e-02
2.386536e-02
2.915541e-02
3.561184e-02
4.350512e-02
5.314168e-02
6.490440e-02
7.926788e-02
9.678947e-02
1.181466e-01
1.441343e-01
1.757086e-01
2.139497e-01
2.600447e-01
3.152330e-01
3.806145e-01
4.568446e-01
5.436391e-01
6.390069e-01
7.383756e-01
8.338887e-01
9.146263e-01
9.685036e-01
9.850111e-01
9.708230e-01
9.948229e-01
9.766367e-01
9.158876e-01
8.285964e-01
7.280623e-01
6.256559e-01
5.290648e-01
4.424068e-01
3.671677e-01
3.032461e-01
2.496907e-01
2.051912e-01
1.684829e-01
1.382277e-01
1.134324e-01
9.307456e-02
7.633079e-02
6.272686e-02
5.159948e-02
4.231801e-02
3.469232e-02
1.433340e-02
1.397600e-02
1.337157e-02
1.632664e-02
1.994740e-02
2.436654e-02
2.976366e-02
3.635852e-02
4.441180e-02
5.424901e-02
6.626145e-02
8.092189e-02
9.880728e-02
1.206036e-01
1.471207e-01
1.793333e-01
2.183283e-01
2.653050e-01
3.214993e-01
3.879815e-01
4.653381e-01
5.531470e-01
6.491928e-01
7.485885e-01
8.431286e-01
9.216533e-01
9.721437e-01
9.841222e-01
9.721138e-01
9.956646e-01
9.712729e-01
9.067443e-01
8.172261e-01
7.159555e-01
6.139166e-01
5.183444e-01
4.329951e-01
3.591135e-01
2.964607e-01
2.440433e-01
2.005176e-01
1.646344e-01
1.350603e-01
1.108361e-01
9.093212e-02
7.458361e-02
6.129223e-02
5.041350e-02
4.134186e-02
3.389309e-02
1.497927e-02
1.460597e-02
1.367130e-02
1.668913e-02
2.038850e-02
2.490268e-02
3.042638e-02
3.716473e-02
4.539897e-02
5.545318e-02
6.772916e-02
8.271401e-02
1.009960e-01
1.232661e-01
1.503577e-01
1.832582e-01
2.230684e-01
2.709950e-01
3.282693e-01
3.959259e-01
4.744730e-01
5.633317e-01
6.600385e-01
7.593639e-01
8.527360e-01
9.287655e-01
9.755476e-01
9.826903e-01
9.739949e-01
9.951140e-01
9.657173e-01
8.977607e-01
8.063063e-01
7.044814e-01
6.028834e-01
5.083236e-01
4.242303e-01
3.516325e-01
2.901692e-01
2.388118e-01
1.961915e-01
1.610725e-01
1.321313e-01
1.084388e-01
8.894904e-02
7.296671e-02
5.997103e-02
4.931506e-02
4.043883e-02
3.315472e-02
1.565800e-02
1.526802e-02
1.398026e-02
1.706413e-02
2.084017e-02
2.546469e-02
3.110986e-02
3.799707e-02
4.642051e-02
5.669822e-02
6.924908e-02
8.456940e-02
1.032552e-01
1.260199e-01
1.537038e-01
1.873143e-01
2.279628e-01
2.768665e-01
3.352471e-01
4.040992e-01
4.838444e-01
5.737363e-01
6.710491e-01
7.701989e-01
8.622478e-01
9.356030e-01
9.785200e-01
9.807488e-01
9.765626e-01
9.940443e-01
9.597973e-01
8.886113e-01
7.954097e-01
6.931676e-01
5.920862e-01
4.985643e-01
4.157201e-01
3.443835e-01
2.840822e-01
2.337522e-01
1.920105e-01
1.576289e-01
1.293022e-01
1.061217e-01
8.703520e-02
7.141008e-02
5.869489e-02
4.825073e-02
3.956925e-02
3.244106e-02
1.636804e-02
1.596061e-02
1.429570e-02
1.744443e-02
2.131555e-02
2.603640e-02
3.180656e-02
3.885497e-02
4.746005e-02
5.797509e-02
7.080699e-02
8.646887e-02
1.055729e-01
1.288376e-01
1.571302e-01
1.914654e-01
2.329706e-01
2.828670e-01
3.423690e-01
4.124243e-01
4.933622e-01
5.842572e-01
6.821087e-01
7.809712e-01
8.715490e-01
9.420753e-01
9.810153e-01
9.783168e-01
9.799164e-01
9.924534e-01
9.534752e-01
8.792267e-01
7.844423e-01
6.819074e-01
5.814168e-01
4.889636e-01
4.073733e-01
3.372882e-01
2.781327e-01
2.288078e-01
1.879312e-01
1.542661e-01
1.265431e-01
1.038621e-01
8.516604e-02
6.988368e-02
5.744725e-02
4.721213e-02
3.872424e-02
3.174353e-02
1.708376e-02
1.665873e-02
1.459399e-02
1.780428e-02
2.175856e-02
2.658530e-02
3.247244e-02
3.966762e-02
4.845297e-02
5.918312e-02
7.228585e-02
8.827374e-02
1.077705e-01
1.315151e-01
1.603800e-01
1.954044e-01
2.377171e-01
2.885526e-01
3.491085e-01
4.202883e-01
5.023275e-01
5.941251e-01
6.924161e-01
7.909130e-01
8.799952e-01
9.477631e-01
9.829234e-01
9.758894e-01
9.840583e-01
9.901353e-01
9.462599e-01
8.689089e-01
7.725993e-01
6.698757e-01
5.700920e-01
4.788170e-01
3.985709e-01
3.298177e-01
2.718746e-01
2.236094e-01
1.836413e-01
1.507317e-01
1.236432e-01
1.014835e-01
8.320593e-02
6.828342e-02
5.613594e-02
4.612292e-02
3.783411e-02
3.100967e-02
1.778994e-02
1.734755e-02
1.486187e-02
1.814137e-02
2.216105e-02
2.706777e-02
3.307256e-02
4.039998e-02
4.935065e-02
6.027510e-02
7.362034e-02
8.990313e-02
1.097576e-01
1.339301e-01
1.633160e-01
1.989574e-01
2.420003e-01
2.936786e-01
3.551783e-01
4.273600e-01
5.103699e-01
6.029450e-01
7.015763e-01
7.996704e-01
8.873266e-01
9.525505e-01
9.843004e-01
9.743366e-01
9.879273e-01
9.868528e-01
9.377942e-01
8.572366e-01
7.594434e-01
6.566533e-01
5.577289e-01
4.677893e-01
3.890284e-01
3.217305e-01
2.651073e-01
2.179887e-01
1.790044e-01
1.469107e-01
1.205075e-01
9.890661e-02
8.108724e-02
6.655582e-02
5.471601e-02
4.495156e-02
3.685878e-02
3.022124e-02
1.855090e-02
1.808986e-02
1.515349e-02
1.850605e-02
2.259423e-02
2.761368e-02
3.372325e-02
4.120204e-02
5.032884e-02
6.147477e-02
7.508155e-02
9.168418e-02
1.119279e-01
1.365695e-01
1.665246e-01
2.028405e-01
2.466764e-01
2.992701e-01
3.617910e-01
4.350483e-01
5.190870e-01
6.124613e-01
7.113939e-01
8.089586e-01
8.949658e-01
9.573494e-01
9.853789e-01
9.732779e-01
9.910285e-01
9.831024e-01
9.292448e-01
8.458390e-01
7.468266e-01
6.441156e-01
5.460931e-01
4.574609e-01
3.801210e-01
3.141960e-01
2.588140e-01
2.127646e-01
1.747011e-01
1.433603e-01
1.176004e-01
9.652083e-02
7.912326e-02
6.494849e-02
5.340274e-02
4.384963e-02
3.596772e-02
2.948601e-02
1.938151e-02
1.890016e-02
1.547871e-02
1.891008e-02
2.309467e-02
2.820740e-02
3.446268e-02
4.210215e-02
5.142631e-02
6.281071e-02
7.671503e-02
9.367951e-02
1.143584e-01
1.395246e-01
1.701138e-01
2.071814e-01
2.519001e-01
3.055113e-01
3.691588e-01
4.435950e-01
5.287426e-01
6.229483e-01
7.221292e-01
8.189933e-01
9.030499e-01
9.621932e-01
9.859711e-01
9.726836e-01
9.933990e-01
9.791061e-01
9.209198e-01
8.350580e-01
7.350828e-01
6.325633e-01
5.354426e-01
4.480514e-01
3.720312e-01
3.073655e-01
2.531202e-01
2.080408e-01
1.708133e-01
1.401543e-01
1.149741e-01
9.436307e-02
7.734930e-02
6.350605e-02
5.221242e-02
4.287167e-02
3.516133e-02
2.881900e-02
2.029423e-02
1.979057e-02
1.585384e-02
1.935910e-02
2.365508e-02
2.888986e-02
3.529322e-02
4.311533e-02
5.266056e-02
6.432669e-02
7.856268e-02
9.592980e-02
1.171032e-01
1.428606e-01
1.741626e-01
2.120776e-01
2.577871e-01
3.125340e-01
3.774342e-01
4.531694e-01
5.395159e-01
6.345801e-01
7.339305e-01
8.298715e-01
9.116023e-01
9.670238e-01
9.856430e-01
9.725215e-01
9.951291e-01
9.749684e-01
9.130889e-01
8.251635e-01
7.244554e-01
6.222031e-01
5.259497e-01
4.397012e-01
3.648724e-01
3.013312e-01
2.480967e-01
2.038795e-01
1.673887e-01
1.373314e-01
1.126672e-01
9.246289e-02
7.579151e-02
6.223145e-02
5.116446e-02
4.200669e-02
3.444563e-02
2.824337e-02
2.130809e-02
2.077975e-02
1.628115e-02
1.987720e-02
2.427309e-02
2.966467e-02
3.623370e-02
4.426226e-02
5.406669e-02
6.603537e-02
8.065393e-02
9.848148e-02
1.202116e-01
1.466405e-01
1.787508e-01
2.176257e-01
2.644572e-01
3.204901e-01
3.868000e-01
4.639872e-01
5.516566e-01
6.476312e-01
7.470816e-01
8.418617e-01
9.208492e-01
9.720042e-01
9.848243e-01
9.729325e-01
9.957432e-01
9.708908e-01
9.061734e-01
8.166093e-01
7.153913e-01
6.134522e-01
5.179884e-01
4.327336e-01
3.589268e-01
2.963326e-01
2.439488e-01
2.004469e-01
1.645722e-01
1.350118e-01
1.107694e-01
9.090000e-02
7.451473e-02
6.119176e-02
5.030771e-02
4.129287e-02
3.387430e-02
2.776078e-02
2.239383e-02
2.183908e-02
1.659889e-02
2.025573e-02
2.474478e-02
3.022989e-02
3.693951e-02
4.512291e-02
5.513195e-02
6.734196e-02
8.225589e-02
1.004564e-01
1.226424e-01
1.496407e-01
1.824467e-01
2.221785e-01
2.700537e-01
3.273359e-01
3.951038e-01
4.739180e-01
5.632648e-01
6.607373e-01
7.611242e-01
8.557850e-01
9.331408e-01
9.810049e-01
9.879102e-01
9.780775e-01
9.984342e-01
9.671421e-01
9.003110e-01
8.098539e-01
7.086991e-01
6.073935e-01
5.128013e-01
4.284472e-01
3.554580e-01
2.935539e-01
2.417382e-01
1.986898e-01
1.631761e-01
1.338962e-01
1.098796e-01
9.018162e-02
7.393969e-02
6.072748e-02
4.994472e-02
4.098176e-02
3.361895e-02
2.757427e-02
2.354721e-02
2.296387e-02
1.675234e-02
2.042611e-02
2.498336e-02
3.050991e-02
3.728367e-02
4.554945e-02
5.566017e-02
6.799808e-02
8.307864e-02
1.014827e-01
1.239265e-01
1.512517e-01
1.844798e-01
2.247434e-01
2.732931e-01
3.314213e-01
4.002211e-01
4.802498e-01
5.709310e-01
6.697068e-01
7.710815e-01
8.660109e-01
9.425004e-01
9.881596e-01
9.900615e-01
9.806990e-01
9.960952e-01
9.639955e-01
8.971650e-01
8.072420e-01
7.068541e-01
6.063059e-01
5.123334e-01
4.284247e-01
3.557225e-01
2.939751e-01
2.422325e-01
1.991981e-01
1.636604e-01
1.343408e-01
1.102802e-01
9.052315e-02
7.423444e-02
6.098180e-02
5.015236e-02
4.116901e-02
3.376892e-02
2.770283e-02
2.468023e-02
2.406884e-02
1.666578e-02
2.034256e-02
2.484531e-02
3.037155e-02
3.709925e-02
4.535454e-02
5.541105e-02
6.770929e-02
8.274034e-02
1.011015e-01
1.234932e-01
1.507778e-01
1.839750e-01
2.242395e-01
2.728416e-01
3.310995e-01
4.001469e-01
4.805740e-01
5.718364e-01
6.713633e-01
7.735747e-01
8.692337e-01
9.460632e-01
9.914116e-01
9.899854e-01
9.772149e-01
9.916094e-01
9.609748e-01
8.959399e-01
8.077217e-01
7.086601e-01
6.089613e-01
5.154054e-01
4.315847e-01
3.587559e-01
2.967654e-01
2.447149e-01
2.013652e-01
1.655234e-01
1.359227e-01
1.116084e-01
9.163899e-02
7.516573e-02
6.174543e-02
5.078455e-02
4.168301e-02
3.421564e-02
2.806358e-02
2.580838e-02
2.516908e-02
1.632596e-02
1.995329e-02
2.437106e-02
2.977599e-02
3.639728e-02
4.448606e-02
5.435988e-02
6.644873e-02
8.120843e-02
9.925617e-02
1.212888e-01
1.481409e-01
1.808501e-01
2.205683e-01
2.685829e-01
3.262400e-01
3.947291e-01
4.747266e-01
5.658049e-01
6.655312e-01
7.684375e-01
8.653014e-01
9.436785e-01
9.891311e-01
9.856185e-01
9.692219e-01
9.838992e-01
9.572932e-01
8.962687e-01
8.113238e-01
7.144616e-01
6.159086e-01
5.226690e-01
4.386073e-01
3.652194e-01
3.025236e-01
2.497269e-01
2.056615e-01
1.691610e-01
1.389787e-01
1.141591e-01
9.376327e-02
7.692102e-02
6.319011e-02
5.197114e-02
4.267365e-02
3.501468e-02
2.874393e-02
2.691467e-02
2.624802e-02
1.574205e-02
1.919556e-02
2.347339e-02
2.868263e-02
3.505960e-02
4.285333e-02
5.238225e-02
6.404073e-02
7.828737e-02
9.572198e-02
1.170146e-01
1.429933e-01
1.746708e-01
2.132016e-01
2.598653e-01
3.160451e-01
3.829990e-01
4.615309e-01
5.514269e-01
6.505509e-01
7.537766e-01
8.521401e-01
9.319324e-01
9.770029e-01
9.768655e-01
9.546912e-01
9.701272e-01
9.506976e-01
8.966236e-01
8.172499e-01
7.240695e-01
6.273931e-01
5.346331e-01
4.501268e-01
3.757808e-01
3.118980e-01
2.578551e-01
2.126103e-01
1.750264e-01
1.439109e-01
1.182554e-01
9.717329e-02
7.974061e-02
6.550916e-02
5.387430e-02
4.424562e-02
3.630457e-02
2.981852e-02
2.803612e-02
2.734175e-02
1.485191e-02
1.811266e-02
2.213407e-02
2.705877e-02
3.307301e-02
4.044014e-02
4.944497e-02
6.046888e-02
7.393211e-02
9.043270e-02
1.106037e-01
1.352377e-01
1.653134e-01
2.019638e-01
2.464590e-01
3.001927e-01
3.645001e-01
4.403335e-01
5.277640e-01
6.250864e-01
7.277248e-01
8.265827e-01
9.052510e-01
9.522546e-01
9.578609e-01
9.288815e-01
9.400812e-01
9.301055e-01
8.857283e-01
8.149094e-01
7.281346e-01
6.355201e-01
5.448260e-01
4.609345e-01
3.862795e-01
3.215785e-01
2.664780e-01
2.201215e-01
1.814621e-01
1.493694e-01
1.228399e-01
1.010111e-01
8.293050e-02
6.815486e-02
5.607069e-02
4.606163e-02
3.780232e-02
3.105391e-02
3.050370e-02
2.974827e-02
1.432453e-02
1.752097e-02
2.135825e-02
2.615865e-02
3.195019e-02
3.908132e-02
4.780081e-02
5.845485e-02
7.150489e-02
8.747900e-02
1.070383e-01
1.309561e-01
1.601645e-01
1.958118e-01
2.391608e-01
2.915934e-01
3.544840e-01
4.288231e-01
5.147568e-01
6.106577e-01
7.120219e-01
8.056873e-01
8.805779e-01
9.231712e-01
9.243557e-01
8.808393e-01
8.844248e-01
8.932541e-01
8.708600e-01
8.192740e-01
7.466654e-01
6.626584e-01
5.758215e-01
4.923657e-01
4.160227e-01
3.485155e-01
2.901636e-01
2.405600e-01
1.988265e-01
1.640165e-01
1.350731e-01
1.111967e-01
9.138583e-02
7.513167e-02
6.180147e-02
5.081097e-02
4.172688e-02
3.427577e-02
3.707349e-02
3.615543e-02
1.567686e-02
1.907208e-02
2.334795e-02
2.854536e-02
3.489192e-02
4.265432e-02
5.217329e-02
6.379979e-02
7.803387e-02
9.544888e-02
1.167612e-01
1.428057e-01
1.745673e-01
2.132532e-01
2.601895e-01
3.167387e-01
3.842101e-01
4.633481e-01
5.537808e-01
6.530110e-01
7.552913e-01
8.466384e-01
9.146710e-01
9.468914e-01
9.356498e-01
8.707977e-01
8.485780e-01
8.737271e-01
8.938167e-01
8.771784e-01
8.302845e-01
7.607349e-01
6.781050e-01
5.912751e-01
5.069163e-01
4.291581e-01
3.600231e-01
3.000886e-01
2.489503e-01
2.059194e-01
1.698859e-01
1.400153e-01
1.152224e-01
9.473583e-02
7.795129e-02
6.412458e-02
5.266369e-02
4.327873e-02
4.525620e-02
4.413559e-02
1.756697e-02
2.137384e-02
2.608932e-02
3.197935e-02
3.903432e-02
4.776123e-02
5.837403e-02
7.137446e-02
8.727125e-02
1.066974e-01
1.304588e-01
1.594422e-01
1.947069e-01
2.375258e-01
2.892469e-01
3.511969e-01
4.244753e-01
5.094244e-01
6.048536e-01
7.070411e-01
8.086747e-01
8.971845e-01
9.562283e-01
9.762700e-01
9.424566e-01
8.700139e-01
8.003180e-01
8.328654e-01
8.892951e-01
9.155117e-01
9.031256e-01
8.585597e-01
7.892829e-01
7.052310e-01
6.158814e-01
5.284839e-01
4.476313e-01
3.755966e-01
3.130281e-01
2.597148e-01
2.147276e-01
1.771815e-01
1.459861e-01
1.200699e-01
9.880248e-02
8.128952e-02
6.678259e-02
5.647897e-02
5.528751e-02
5.391859e-02
1.986138e-02
2.412582e-02
2.961798e-02
3.612847e-02
4.416668e-02
5.399769e-02
6.599602e-02
8.072258e-02
9.867517e-02
1.205929e-01
1.474018e-01
1.800252e-01
2.196600e-01
2.675670e-01
3.251792e-01
3.936438e-01
4.736940e-01
5.649447e-01
6.648945e-01
7.679586e-01
8.646790e-01
9.408217e-01
9.810969e-01
9.737958e-01
9.180559e-01
8.335989e-01
7.366618e-01
7.458687e-01
8.226964e-01
8.831414e-01
9.151720e-01
9.082909e-01
8.683297e-01
8.022237e-01
7.197389e-01
6.305933e-01
5.424688e-01
4.603062e-01
3.867411e-01
3.226528e-01
2.678564e-01
2.215745e-01
1.829360e-01
1.506538e-01
1.240298e-01
1.020769e-01
8.392036e-02
7.425527e-02
6.753585e-02
6.586374e-02
2.264625e-02
2.766742e-02
3.372342e-02
4.127129e-02
5.042427e-02
6.162039e-02
7.536893e-02
9.215613e-02
1.125720e-01
1.375829e-01
1.680129e-01
2.050532e-01
2.498750e-01
3.037826e-01
3.681424e-01
4.438284e-01
5.309189e-01
6.279193e-01
7.305207e-01
8.309084e-01
9.175526e-01
9.757116e-01
9.918814e-01
9.538623e-01
8.814653e-01
7.875011e-01
6.849537e-01
6.628484e-01
7.337173e-01
8.156938e-01
8.799808e-01
9.168585e-01
9.160302e-01
8.804743e-01
8.172967e-01
7.361207e-01
6.469184e-01
5.577452e-01
4.740665e-01
3.987436e-01
3.329639e-01
2.765086e-01
2.289100e-01
1.888815e-01
1.556695e-01
1.282014e-01
1.054506e-01
9.547930e-02
8.235613e-02
8.031717e-02
2.601339e-02
3.188160e-02
3.880586e-02
4.737770e-02
5.806226e-02
7.088691e-02
8.666319e-02
1.058988e-01
1.293709e-01
1.579959e-01
1.928069e-01
2.350333e-01
2.859037e-01
3.466703e-01
4.185119e-01
5.017706e-01
5.955067e-01
6.966027e-01
7.985130e-01
8.910502e-01
9.613228e-01
9.957808e-01
9.777152e-01
9.185955e-01
8.323107e-01
7.322003e-01
6.297434e-01
5.747312e-01
6.358689e-01
7.266371e-01
8.108296e-01
8.785117e-01
9.196356e-01
9.242050e-01
8.926306e-01
8.320877e-01
7.520383e-01
6.626449e-01
5.724738e-01
4.872090e-01
4.102763e-01
3.427034e-01
2.848286e-01
2.357379e-01
1.945917e-01
1.604415e-01
1.320912e-01
1.190584e-01
1.005602e-01
9.807067e-02
3.032900e-02
3.698027e-02
4.507783e-02
5.530802e-02
6.744156e-02
8.242719e-02
1.007022e-01
1.231094e-01
1.502340e-01
1.833856e-01
2.234651e-01
2.719253e-01
3.299326e-01
3.985679e-01
4.785189e-01
5.692671e-01
6.683010e-01
7.702781e-01
8.661165e-01
9.436779e-01
9.903098e-01
9.915638e-01
9.457130e-01
8.683681e-01
7.723394e-01
6.699932e-01
5.700760e-01
4.937255e-01
5.348092e-01
6.239568e-01
7.152408e-01
8.012246e-01
8.721417e-01
9.177552e-01
9.280442e-01
9.011113e-01
8.440160e-01
7.658841e-01
6.770694e-01
5.862892e-01
4.999805e-01
4.214332e-01
3.524686e-01
2.930346e-01
2.425779e-01
2.004326e-01
1.652058e-01
1.437146e-01
1.227123e-01
1.196744e-01
3.634205e-02
4.419006e-02
5.406102e-02
6.603857e-02
8.066028e-02
9.849492e-02
1.202500e-01
1.466616e-01
1.789078e-01
2.178171e-01
2.646695e-01
3.208638e-01
3.871933e-01
4.643037e-01
5.518479e-01
6.476724e-01
7.469185e-01
8.416144e-01
9.207358e-01
9.722087e-01
9.856910e-01
9.566639e-01
8.935855e-01
8.072144e-01
7.095836e-01
6.105079e-01
5.180933e-01
4.414985e-01
4.614448e-01
5.461890e-01
6.386548e-01
7.337141e-01
8.235697e-01
8.978688e-01
9.456565e-01
9.581885e-01
9.324602e-01
8.744556e-01
7.938168e-01
7.014384e-01
6.070768e-01
5.170699e-01
4.355158e-01
3.638753e-01
3.021838e-01
2.500818e-01
2.064658e-01
1.716090e-01
1.496827e-01
1.459773e-01
4.420524e-02
5.370499e-02
6.574639e-02
8.020405e-02
9.796280e-02
1.195358e-01
1.458122e-01
1.776403e-01
2.161904e-01
2.625818e-01
3.179935e-01
3.834391e-01
4.594777e-01
5.454385e-01
6.394238e-01
7.367229e-01
8.294584e-01
9.071676e-01
9.583973e-01
9.738542e-01
9.500363e-01
8.921137e-01
8.099732e-01
7.152244e-01
6.180135e-01
5.254718e-01
4.471896e-01
3.955339e-01
3.893642e-01
4.659586e-01
5.529275e-01
6.477375e-01
7.454661e-01
8.380090e-01
9.145182e-01
9.634790e-01
9.761202e-01
9.492449e-01
8.890405e-01
8.056192e-01
7.107000e-01
6.138642e-01
5.221299e-01
4.391952e-01
3.663711e-01
3.041509e-01
2.515060e-01
2.075779e-01
1.820657e-01
1.775587e-01
5.390355e-02
6.547387e-02
8.013065e-02
9.771263e-02
1.192802e-01
1.454327e-01
1.772020e-01
2.155365e-01
2.617069e-01
3.168041e-01
3.818384e-01
4.573233e-01
5.427856e-01
6.357983e-01
7.320140e-01
8.236799e-01
9.002769e-01
9.507236e-01
9.662997e-01
9.435284e-01
8.870475e-01
8.064077e-01
7.129902e-01
6.168149e-01
5.249882e-01
4.415963e-01
3.783996e-01
3.397412e-01
3.262557e-01
3.920655e-01
4.698019e-01
5.578655e-01
6.537011e-01
7.523624e-01
8.455250e-01
9.220968e-01
9.703807e-01
9.813715e-01
9.515392e-01
8.885158e-01
8.031266e-01
7.067711e-01
6.094589e-01
5.176834e-01
4.347349e-01
3.625529e-01
3.007780e-01
2.487391e-01
1.294656e-01
1.262607e-01
3.814844e-02
4.634005e-02
5.674999e-02
6.921863e-02
8.457453e-02
1.032274e-01
1.259771e-01
1.535849e-01
1.870908e-01
2.275517e-01
2.762042e-01
3.341167e-01
4.022782e-01
4.807601e-01
5.690427e-01
6.642973e-01
7.610431e-01
8.508337e-01
9.226344e-01
9.651616e-01
9.703844e-01
9.372199e-01
8.721743e-01
7.859082e-01
6.898812e-01
5.935281e-01
5.218102e-01
4.734704e-01
4.532977e-01
5.368706e-01
6.303833e-01
7.278623e-01
8.217838e-01
9.017033e-01
9.560384e-01
9.754134e-01
9.553010e-01
9.004728e-01
8.205268e-01
7.268980e-01
6.300681e-01
5.371024e-01
4.525106e-01
3.780847e-01
3.139037e-01
2.596742e-01
2.142912e-01
1.765178e-01
5.511255e-01
5.511266e-01
7.285048e-01
4.855460e-01
3.436529e-01
2.655475e-01
2.230255e-01
2.002524e-01
1.855225e-01
1.760660e-01
1.695000e-01
1.639654e-01
1.595916e-01
1.580926e-01
1.543420e-01
1.459065e-01
1.383669e-01
1.310021e-01
1.218859e-01
1.144065e-01
1.095289e-01
1.053195e-01
1.019419e-01
9.803943e-02
9.564111e-02
1.019089e-01
1.100026e-01
1.111503e-01
8.287646e-02
3.643703e-02
3.013561e-02
7.838115e-02
1.235928e-01
1.663512e-01
2.080498e-01
2.493639e-01
2.911921e-01
3.335385e-01
3.759811e-01
4.189571e-01
4.625596e-01
5.032066e-01
5.469254e-01
5.846438e-01
6.275187e-01
6.683662e-01
7.031399e-01
7.544392e-01
7.205548e-01
4.171823e-01
7.058956e-01
7.274034e-01
4.541229e-01
5.395214e-01
6.363683e-01
7.368664e-01
8.342430e-01
9.186743e-01
9.776529e-01
9.999320e-01
9.816848e-01
9.265390e-01
8.442506e-01
7.475145e-01
6.472593e-01
5.513065e-01
4.642445e-01
3.880704e-01
3.231242e-01
2.688595e-01
2.548702e-01
2.866328e-01
3.167013e-01
3.420812e-01
3.718227e-01
4.566428e-01
5.292735e-01
5.803347e-01
6.343675e-01
6.637431e-01
6.590196e-01
7.237951e-01
7.802373e-01
8.264276e-01
8.639117e-01
8.938179e-01
9.172141e-01
9.350569e-01
9.484408e-01
9.581654e-01
9.646217e-01
9.691055e-01
9.715756e-01
9.727157e-01
9.633901e-01
9.857638e-01
9.753878e-01
9.254927e-01
8.479405e-01
7.706301e-01
6.914413e-01
7.712746e-01
4.999514e-01
5.906445e-01
6.909101e-01
7.911473e-01
8.827742e-01
9.546639e-01
9.947121e-01
9.947064e-01
9.553040e-01
8.839841e-01
7.921901e-01
6.924762e-01
5.942117e-01
5.035418e-01
4.238590e-01
3.565882e-01
3.021277e-01
2.604263e-01
2.546905e-01
2.863207e-01
3.162620e-01
3.416953e-01
3.715710e-01
4.562221e-01
5.285976e-01
5.794734e-01
6.336280e-01
6.633023e-01
6.586736e-01
7.232831e-01
7.793586e-01
8.250056e-01
8.617674e-01
8.908315e-01
9.132133e-01
9.300199e-01
9.421951e-01
9.508405e-01
9.562092e-01
9.593573e-01
9.612463e-01
9.626894e-01
9.568649e-01
9.251642e-01
9.107471e-01
8.706222e-01
7.934787e-01
7.130802e-01
6.871309e-01
8.650393e-01
6.047140e-01
7.033316e-01
8.044358e-01
8.945758e-01
9.623972e-01
9.969108e-01
9.905615e-01
9.452399e-01
8.700246e-01
7.766610e-01
6.763955e-01
5.791389e-01
4.904901e-01
4.136486e-01
3.503383e-01
3.013691e-01
2.672200e-01
2.476165e-01
2.546984e-01
2.861653e-01
3.159608e-01
3.414857e-01
3.716313e-01
4.562677e-01
5.284513e-01
5.791226e-01
6.333012e-01
6.631966e-01
6.586839e-01
7.232342e-01
7.790636e-01
8.242582e-01
8.603217e-01
8.884943e-01
9.097026e-01
9.252554e-01
9.358678e-01
9.430935e-01
9.470002e-01
9.482482e-01
9.494160e-01
9.514668e-01
9.510289e-01
8.369574e-01
8.048261e-01
7.654753e-01
6.787089e-01
5.963226e-01
7.339546e-01
9.859216e-01
8.053503e-01
8.949669e-01
9.634256e-01
9.958664e-01
9.851067e-01
9.344819e-01
8.546135e-01
7.586577e-01
6.583368e-01
5.618899e-01
4.735451e-01
3.973861e-01
3.344099e-01
2.853507e-01
2.510332e-01
2.318150e-01
2.272586e-01
2.345528e-01
2.547219e-01
2.859915e-01
3.156224e-01
3.412510e-01
3.717626e-01
4.565587e-01
5.286949e-01
5.792095e-01
6.332388e-01
6.631289e-01
6.587059e-01
7.233715e-01
7.792392e-01
8.243060e-01
8.599852e-01
8.875220e-01
9.077303e-01
9.220954e-01
9.310889e-01
9.367373e-01
9.389366e-01
9.379026e-01
9.380582e-01
9.406527e-01
9.466373e-01
7.710153e-01
7.028944e-01
6.318963e-01
4.286055e-01
3.660369e-01
9.311671e-01
7.841136e-01
9.700570e-01
9.272696e-01
8.453402e-01
7.370400e-01
6.205388e-01
5.109841e-01
4.172910e-01
3.399327e-01
2.781116e-01
2.296452e-01
1.902290e-01
1.630356e-01
1.483530e-01
1.462952e-01
1.557227e-01
1.739845e-01
1.987516e-01
2.264530e-01
2.547588e-01
2.858169e-01
3.152832e-01
3.410156e-01
3.719579e-01
4.571352e-01
5.294686e-01
5.799548e-01
6.336103e-01
6.631440e-01
6.587391e-01
7.237461e-01
7.800674e-01
8.255310e-01
8.614084e-01
8.888694e-01
9.086113e-01
9.221891e-01
9.298892e-01
9.340711e-01
9.345425e-01
9.311612e-01
9.298908e-01
9.324993e-01
9.447491e-01
7.790338e-01
6.921416e-01
5.796968e-01
2.840930e-01
5.906009e-01
SCALARS skew double 1
LOOKUP_TABLE default
1.328909e-01
2.764975e-01
2.888574e-01
2.887261e-01
2.885926e-01
2.884698e-01
2.883790e-01
2.883591e-01
2.884565e-01
2.884284e-01
2.882225e-01
2.879813e-01
2.877105e-01
2.874090e-01
2.870677e-01
2.865414e-01
2.858131e-01
2.848940e-01
2.837239e-01
2.822152e-01
2.803040e-01
2.778952e-01
2.748695e-01
2.710768e-01
2.663471e-01
2.604529e-01
2.531267e-01
2.440320e-01
2.327670e-01
2.187986e-01
2.014782e-01
1.800086e-01
1.534430e-01
7.871499e-02
6.688455e-02
1.176084e-01
1.561407e-01
1.842381e-01
2.032284e-01
2.146048e-01
2.200799e-01
2.197943e-01
2.136818e-01
2.021990e-01
1.871377e-01
1.703567e-01
1.460718e-01
1.175837e-01
9.646922e-02
6.321972e-02
1.462169e-01
3.182645e-01
3.359019e-01
3.357719e-01
3.356395e-01
3.355141e-01
3.354190e-01
3.353831e-01
3.354356e-01
3.353271e-01
3.350870e-01
3.348089e-01
3.344840e-01
3.341093e-01
3.336607e-01
3.330009e-01
3.321420e-01
3.310597e-01
3.296896e-01
3.279475e-01
3.257590e-01
3.230179e-01
3.195943e-01
3.153297e-01
3.100413e-01
3.034806e-01
2.953494e-01
2.852788e-01
2.728042e-01
2.573457e-01
2.381622e-01
2.143591e-01
1.835853e-01
8.004179e-02
8.887334e-02
1.463184e-01
1.889813e-01
2.192491e-01
2.387922e-01
2.498301e-01
2.543088e-01
2.518847e-01
2.430638e-01
2.287674e-01
2.105467e-01
1.906045e-01
1.617795e-01
1.300408e-01
1.069939e-01
6.888660e-02
1.331468e-01
2.863112e-01
3.013310e-01
3.012073e-01
3.010789e-01
3.009595e-01
3.008677e-01
3.008347e-01
3.008608e-01
3.007022e-01
3.004582e-01
3.001724e-01
2.998381e-01
2.994502e-01
2.989646e-01
2.982688e-01
2.973870e-01
2.962792e-01
2.948766e-01
2.931072e-01
2.908922e-01
2.881281e-01
2.846857e-01
2.804111e-01
2.751191e-01
2.685767e-01
2.604889e-01
2.505029e-01
2.381736e-01
2.229459e-01
2.041381e-01
1.809235e-01
1.382331e-01
4.674582e-02
9.250481e-02
1.394272e-01
1.742387e-01
1.988436e-01
2.144731e-01
2.231233e-01
2.262782e-01
2.229898e-01
2.142417e-01
2.012568e-01
1.848615e-01
1.666298e-01
1.402289e-01
1.130336e-01
9.366081e-02
5.912611e-02
1.323086e-01
2.905284e-01
3.073114e-01
3.071836e-01
3.070490e-01
3.069179e-01
3.068085e-01
3.067464e-01
3.067018e-01
3.064773e-01
3.061837e-01
3.058338e-01
3.054193e-01
3.049263e-01
3.042927e-01
3.034412e-01
3.023772e-01
3.010455e-01
2.993734e-01
2.972837e-01
2.946830e-01
2.914529e-01
2.874497e-01
2.824935e-01
2.763732e-01
2.688132e-01
2.594819e-01
2.479692e-01
2.337533e-01
2.161818e-01
1.945238e-01
1.677599e-01
1.072055e-01
5.628141e-02
1.135872e-01
1.571543e-01
1.890145e-01
2.109372e-01
2.242312e-01
2.309264e-01
2.323396e-01
2.272209e-01
2.167798e-01
2.026563e-01
1.856302e-01
1.660179e-01
1.385414e-01
1.119224e-01
9.315208e-02
5.764274e-02
1.184524e-01
2.602329e-01
2.752878e-01
2.751668e-01
2.750402e-01
2.749207e-01
2.748239e-01
2.747735e-01
2.747147e-01
2.744913e-01
2.742137e-01
2.738852e-01
2.734957e-01
2.730317e-01
2.724181e-01
2.716108e-01
2.706034e-01
2.693437e-01
2.677624e-01
2.657910e-01
2.633409e-01
2.603024e-01
2.565431e-01
2.518976e-01
2.461708e-01
2.391147e-01
2.304254e-01
2.197305e-01
2.065626e-01
1.903401e-01
1.703522e-01
1.457345e-01
7.789121e-02
6.579886e-02
1.156812e-01
1.534760e-01
1.809893e-01
1.995894e-01
2.106499e-01
2.159311e-01
2.162082e-01
2.107108e-01
2.002204e-01
1.866898e-01
1.709334e-01
1.520091e-01
1.261785e-01
1.025130e-01
8.582570e-02
5.234223e-02
1.058229e-01
2.275433e-01
2.395095e-01
2.394040e-01
2.392991e-01
2.392004e-01
2.391260e-01
2.390962e-01
2.390303e-01
2.388355e-01
2.386024e-01
2.383272e-01
2.380056e-01
2.376218e-01
2.370934e-01
2.364062e-01
2.355466e-01
2.344696e-01
2.331132e-01
2.314218e-01
2.293181e-01
2.267092e-01
2.234815e-01
2.194972e-01
2.145886e-01
2.085527e-01
2.011352e-01
1.920281e-01
1.808499e-01
1.671321e-01
1.502995e-01
1.296760e-01
5.803481e-02
6.684583e-02
1.100473e-01
1.427694e-01
1.665236e-01
1.824111e-01
1.917996e-01
1.961688e-01
1.957377e-01
1.903805e-01
1.805539e-01
1.679505e-01
1.540346e-01
1.362116e-01
1.127789e-01
9.224976e-02
7.784063e-02
4.695092e-02
1.036032e-01
2.244270e-01
2.367316e-01
2.366234e-01
2.365083e-01
2.363992e-01
2.363066e-01
2.362460e-01
2.361007e-01
2.358650e-01
2.355835e-01
2.352557e-01
2.348693e-01
2.344009e-01
2.337678e-01
2.329659e-01
2.319667e-01
2.307185e-01
2.291587e-01
2.272219e-01
2.248223e-01
2.218554e-01
2.181949e-01
2.136867e-01
2.081394e-01
2.013278e-01
1.929644e-01
1.826989e-01
1.701006e-01
1.546361e-01
1.356633e-01
1.099246e-01
3.424026e-02
8.090450e-02
1.201751e-01
1.496093e-01
1.706855e-01
1.843503e-01
1.920869e-01
1.952093e-01
1.934506e-01
1.871991e-01
1.768558e-01
1.638786e-01
1.501043e-01
1.317387e-01
1.086828e-01
8.924168e-02
7.563177e-02
4.487281e-02
1.055641e-01
2.324481e-01
2.462414e-01
2.461304e-01
2.460105e-01
2.458861e-01
2.457737e-01
2.456717e-01
2.454776e-01
2.452078e-01
2.448815e-01
2.444864e-01
2.440062e-01
2.434366e-01
2.426935e-01
2.417652e-01
2.406126e-01
2.391785e-01
2.373992e-01
2.351982e-01
2.324803e-01
2.291317e-01
2.250092e-01
2.199466e-01
2.137258e-01
2.060971e-01
1.967429e-01
1.852687e-01
1.711928e-01
1.539109e-01
1.327239e-01
9.461382e-02
4.487282e-02
9.422964e-02
1.322644e-01
1.604501e-01
1.802890e-01
1.927351e-01
1.994056e-01
2.015771e-01
1.985738e-01
1.911899e-01
1.800312e-01
1.661873e-01
1.518379e-01
1.322634e-01
1.086619e-01
8.954991e-02
7.605836e-02
4.408845e-02
1.064170e-01
2.371320e-01
2.520185e-01
2.519027e-01
2.517725e-01
2.516374e-01
2.514972e-01
2.513486e-01
2.511084e-01
2.507990e-01
2.504225e-01
2.499629e-01
2.493983e-01
2.487002e-01
2.478407e-01
2.467748e-01
2.454539e-01
2.438183e-01
2.417985e-01
2.393083e-01
2.362407e-01
2.324724e-01
2.278387e-01
2.221604e-01
2.151910e-01
2.066458e-01
1.961744e-01
1.833317e-01
1.675688e-01
1.482181e-01
1.244897e-01
7.435975e-02
6.216054e-02
1.097108e-01
1.459122e-01
1.723865e-01
1.906068e-01
2.015311e-01
2.069130e-01
2.079353e-01
2.035564e-01
1.948431e-01
1.829073e-01
1.681863e-01
1.530986e-01
1.323564e-01
1.083675e-01
8.954753e-02
7.622783e-02
4.302204e-02
1.083841e-01
2.329126e-01
2.456945e-01
2.455966e-01
2.454788e-01
2.453330e-01
2.451538e-01
2.449243e-01
2.446479e-01
2.443162e-01
2.439386e-01
2.434828e-01
2.429319e-01
2.422451e-01
2.413778e-01
2.403111e-01
2.390018e-01
2.373916e-01
2.354141e-01
2.329879e-01
2.300100e-01
2.263493e-01
2.218473e-01
2.163036e-01
2.094725e-01
2.010452e-01
1.906391e-01
1.777800e-01
1.618885e-01
1.422823e-01
1.186687e-01
5.727413e-02
8.119574e-02
1.263521e-01
1.587617e-01
1.807594e-01
1.941697e-01
2.006178e-01
2.041037e-01
2.043519e-01
2.002723e-01
1.925206e-01
1.825315e-01
1.701852e-01
1.563528e-01
1.372894e-01
1.165648e-01
9.125173e-02
7.132128e-02
3.276397e-02
9.995122e-02
2.086031e-01
2.189190e-01
2.192698e-01
2.197023e-01
2.202356e-01
2.208931e-01
2.216977e-01
2.226596e-01
2.238319e-01
2.252629e-01
2.270111e-01
2.291462e-01
2.317428e-01
2.349060e-01
2.387756e-01
2.434926e-01
2.492338e-01
2.562124e-01
2.646638e-01
2.748745e-01
2.871614e-01
3.018772e-01
3.193938e-01
3.400899e-01
3.643191e-01
3.923480e-01
4.242770e-01
4.600395e-01
4.780070e-01
4.785994e-01
3.886132e-01
2.883758e-01
1.948017e-01
1.138627e-01
4.762240e-02
5.981039e-02
8.744452e-02
1.081941e-01
1.244886e-01
1.348249e-01
1.410852e-01
1.422419e-01
1.415943e-01
1.339151e-01
1.279612e-01
1.106464e-01
8.138386e-02
5.882417e-02
2.467468e-02
8.286177e-02
1.770369e-01
1.867609e-01
1.872192e-01
1.877572e-01
1.883840e-01
1.890926e-01
1.899641e-01
1.910953e-01
1.924797e-01
1.941765e-01
1.962579e-01
1.987929e-01
2.018824e-01
2.057173e-01
2.104810e-01
2.162412e-01
2.232301e-01
2.317179e-01
2.419402e-01
2.542159e-01
2.689421e-01
2.865117e-01
3.073598e-01
3.318887e-01
3.604423e-01
3.932216e-01
4.303966e-01
4.650265e-01
4.656337e-01
3.979500e-01
3.097667e-01
2.267737e-01
1.530042e-01
9.029973e-02
3.867207e-02
4.280784e-02
6.818791e-02
8.751304e-02
1.015974e-01
1.110976e-01
1.172642e-01
1.200823e-01
1.199163e-01
1.161425e-01
1.126276e-01
9.796067e-02
7.528189e-02
5.743076e-02
2.052405e-02
7.290344e-02
1.605539e-01
1.699899e-01
1.699581e-01
1.698778e-01
1.697163e-01
1.694360e-01
1.691948e-01
1.689388e-01
1.686363e-01
1.682873e-01
1.678805e-01
1.673504e-01
1.667852e-01
1.662601e-01
1.656495e-01
1.648505e-01
1.639312e-01
1.627777e-01
1.612659e-01
1.594024e-01
1.570761e-01
1.542383e-01
1.507670e-01
1.465268e-01
1.413633e-01
1.350998e-01
1.276342e-01
1.189760e-01
9.346544e-02
4.570363e-02
2.761413e-02
5.342089e-02
7.401598e-02
9.025819e-02
1.028895e-01
1.125040e-01
1.195672e-01
1.243333e-01
1.271545e-01
1.283177e-01
1.274373e-01
1.255708e-01
1.211728e-01
1.150629e-01
1.093110e-01
9.258255e-02
7.139400e-02
5.307996e-02
1.830441e-02
7.138215e-02
1.591534e-01
1.688544e-01
1.687971e-01
1.686813e-01
1.684615e-01
1.681085e-01
1.678024e-01
1.674592e-01
1.670541e-01
1.665829e-01
1.660233e-01
1.653085e-01
1.645401e-01
1.637842e-01
1.628510e-01
1.616802e-01
1.603078e-01
1.585777e-01
1.563570e-01
1.536264e-01
1.502368e-01
1.460966e-01
1.410261e-01
1.348244e-01
1.272525e-01
1.180423e-01
1.069838e-01
9.391910e-02
6.285767e-02
2.091106e-02
4.311531e-02
6.549581e-02
8.330903e-02
9.730851e-02
1.081405e-01
1.162959e-01
1.221875e-01
1.260394e-01
1.280465e-01
1.286757e-01
1.272036e-01
1.250882e-01
1.201112e-01
1.142207e-01
1.078810e-01
9.036388e-02
6.989271e-02
5.156849e-02
1.710975e-02
7.112222e-02
1.590036e-01
1.687188e-01
1.686617e-01
1.685393e-01
1.683048e-01
1.679359e-01
1.676195e-01
1.672633e-01
1.668452e-01
1.663612e-01
1.657801e-01
1.650454e-01
1.642702e-01
1.635147e-01
1.625528e-01
1.613651e-01
1.599705e-01
1.581955e-01
1.559240e-01
1.531285e-01
1.496636e-01
1.454309e-01
1.402474e-01
1.339107e-01
1.261770e-01
1.167805e-01
1.055520e-01
9.226013e-02
5.781522e-02
1.861532e-02
4.571715e-02
6.751986e-02
8.484988e-02
9.844451e-02
1.089434e-01
1.168019e-01
1.224351e-01
1.260990e-01
1.278728e-01
1.283549e-01
1.266856e-01
1.244847e-01
1.191562e-01
1.136051e-01
1.066058e-01
8.872221e-02
6.866876e-02
5.031458e-02
1.613446e-02
7.081881e-02
1.588355e-01
1.685869e-01
1.685324e-01
1.684005e-01
1.681486e-01
1.677639e-01
1.674408e-01
1.670745e-01
1.666407e-01
1.661431e-01
1.655399e-01
1.647874e-01
1.640074e-01
1.632501e-01
1.622588e-01
1.610551e-01
1.596359e-01
1.578135e-01
1.554912e-01
1.526281e-01
1.490868e-01
1.447594e-01
1.394608e-01
1.329866e-01
1.250888e-01
1.155007e-01
1.041059e-01
9.057326e-02
5.288033e-02
2.183097e-02
4.827114e-02
6.951373e-02
8.637573e-02
9.958036e-02
1.097564e-01
1.173326e-01
1.227090e-01
1.262007e-01
1.277594e-01
1.280829e-01
1.262488e-01
1.239554e-01
1.182897e-01
1.130411e-01
1.055095e-01
8.699257e-02
6.779381e-02
4.914963e-02
1.535094e-02
7.047280e-02
1.586486e-01
1.684593e-01
1.684048e-01
1.682696e-01
1.679981e-01
1.675957e-01
1.672671e-01
1.668856e-01
1.664422e-01
1.659323e-01
1.653041e-01
1.645356e-01
1.637534e-01
1.629910e-01
1.619719e-01
1.607517e-01
1.593053e-01
1.574324e-01
1.550601e-01
1.521267e-01
1.485077e-01
1.440838e-01
1.386677e-01
1.320534e-01
1.239892e-01
1.142141e-01
1.026434e-01
8.885933e-02
4.805522e-02
2.497583e-02
5.077322e-02
7.146877e-02
8.787594e-02
1.007037e-01
1.105670e-01
1.178693e-01
1.229947e-01
1.263135e-01
1.276791e-01
1.278322e-01
1.258680e-01
1.234106e-01
1.174673e-01
1.126450e-01
1.043363e-01
8.543264e-02
6.697307e-02
4.809586e-02
1.464996e-02
7.017074e-02
1.584791e-01
1.683400e-01
1.682849e-01
1.681433e-01
1.678519e-01
1.674374e-01
1.671006e-01
1.667082e-01
1.662511e-01
1.657299e-01
1.650763e-01
1.642959e-01
1.635117e-01
1.627415e-01
1.616950e-01
1.604591e-01
1.589820e-01
1.570564e-01
1.546344e-01
1.516287e-01
1.479306e-01
1.434082e-01
1.378725e-01
1.311156e-01
1.228805e-01
1.129270e-01
1.011681e-01
8.712478e-02
4.335107e-02
2.803867e-02
5.320575e-02
7.336588e-02
8.932717e-02
1.017844e-01
1.113414e-01
1.183772e-01
1.232597e-01
1.263899e-01
1.275835e-01
1.275485e-01
1.254769e-01
1.228481e-01
1.166287e-01
1.121511e-01
1.031789e-01
8.389130e-02
6.605970e-02
4.708517e-02
1.392306e-02
6.988593e-02
1.583197e-01
1.682290e-01
1.681731e-01
1.680221e-01
1.677135e-01
1.672909e-01
1.669436e-01
1.665405e-01
1.660690e-01
1.655347e-01
1.648566e-01
1.640638e-01
1.632823e-01
1.624990e-01
1.614268e-01
1.601748e-01
1.586646e-01
1.566853e-01
1.542118e-01
1.511322e-01
1.473534e-01
1.427308e-01
1.370732e-01
1.301708e-01
1.217608e-01
1.116334e-01
9.968098e-02
8.423745e-02
3.876406e-02
3.102287e-02
5.557065e-02
7.521059e-02
9.073464e-02
1.028290e-01
1.120866e-01
1.188618e-01
1.235118e-01
1.264424e-01
1.274860e-01
1.272323e-01
1.251049e-01
1.222573e-01
1.158445e-01
1.116637e-01
1.020048e-01
8.224598e-02
6.526182e-02
4.607049e-02
1.320102e-02
6.961359e-02
1.581683e-01
1.681261e-01
1.680692e-01
1.679097e-01
1.675762e-01
1.671497e-01
1.667946e-01
1.663770e-01
1.658959e-01
1.653480e-01
1.646432e-01
1.638424e-01
1.630638e-01
1.622629e-01
1.611669e-01
1.598990e-01
1.583516e-01
1.563184e-01
1.537910e-01
1.506370e-01
1.467757e-01
1.420506e-01
1.362689e-01
1.292169e-01
1.206304e-01
1.103275e-01
9.817782e-02
7.884334e-02
3.428646e-02
3.393170e-02
5.787410e-02
7.700403e-02
9.210151e-02
1.038395e-01
1.128000e-01
1.193300e-01
1.237508e-01
1.264731e-01
1.273872e-01
1.269018e-01
1.247466e-01
1.216361e-01
1.151110e-01
1.111018e-01
1.007301e-01
8.078021e-02
6.448976e-02
4.505254e-02
1.248338e-02
6.935629e-02
1.580252e-01
1.680309e-01
1.679727e-01
1.678087e-01
1.674537e-01
1.670180e-01
1.666509e-01
1.662233e-01
1.657289e-01
1.651670e-01
1.644383e-01
1.636285e-01
1.628573e-01
1.620318e-01
1.609155e-01
1.596298e-01
1.580429e-01
1.559553e-01
1.533711e-01
1.501419e-01
1.461956e-01
1.413655e-01
1.354572e-01
1.282521e-01
1.194928e-01
1.090059e-01
9.665562e-02
7.347160e-02
2.991160e-02
3.676652e-02
6.011193e-02
7.874070e-02
9.341910e-02
1.048101e-01
1.134656e-01
1.197638e-01
1.239582e-01
1.264618e-01
1.272596e-01
1.265386e-01
1.243584e-01
1.209805e-01
1.143789e-01
1.104678e-01
9.945344e-02
7.924691e-02
6.365334e-02
4.397015e-02
1.177168e-02
6.915906e-02
1.579028e-01
1.679374e-01
1.678778e-01
1.677038e-01
1.673236e-01
1.668875e-01
1.665102e-01
1.660698e-01
1.655630e-01
1.649874e-01
1.642353e-01
1.634195e-01
1.626551e-01
1.618002e-01
1.606648e-01
1.593614e-01
1.577314e-01
1.555891e-01
1.529451e-01
1.496406e-01
1.456071e-01
1.406690e-01
1.346315e-01
1.272700e-01
1.183401e-01
1.076625e-01
9.510681e-02
6.821068e-02
2.563119e-02
3.952793e-02
6.228640e-02
8.042068e-02
9.468575e-02
1.057344e-01
1.140916e-01
1.201518e-01
1.241287e-01
1.264032e-01
1.270963e-01
1.261320e-01
1.239341e-01
1.202522e-01
1.136933e-01
1.097415e-01
9.807603e-02
7.769700e-02
6.271413e-02
4.289411e-02
1.105211e-02
6.893401e-02
1.577649e-01
1.678386e-01
1.677774e-01
1.675924e-01
1.671912e-01
1.667496e-01
1.663649e-01
1.659116e-01
1.653942e-01
1.647987e-01
1.640248e-01
1.632043e-01
1.624495e-01
1.615604e-01
1.604088e-01
1.590856e-01
1.574093e-01
1.552129e-01
1.525056e-01
1.491260e-01
1.450023e-01
1.399538e-01
1.337843e-01
1.262640e-01
1.171606e-01
1.062959e-01
9.352195e-02
6.305068e-02
2.142933e-02
4.224027e-02
6.442578e-02
8.208000e-02
9.594407e-02
1.066625e-01
1.147244e-01
1.205501e-01
1.243332e-01
1.263726e-01
1.269774e-01
1.257501e-01
1.236058e-01
1.195836e-01
1.130652e-01
1.090212e-01
9.675446e-02
7.635121e-02
6.188668e-02
4.190968e-02
1.043565e-02
6.865190e-02
1.575998e-01
1.677335e-01
1.676733e-01
1.674738e-01
1.670492e-01
1.666098e-01
1.662104e-01
1.657459e-01
1.652138e-01
1.646026e-01
1.638089e-01
1.629845e-01
1.622370e-01
1.613134e-01
1.601458e-01
1.588013e-01
1.570764e-01
1.548261e-01
1.520523e-01
1.485975e-01
1.443815e-01
1.392204e-01
1.329166e-01
1.252350e-01
1.159532e-01
1.049098e-01
9.189944e-02
5.799425e-02
1.803688e-02
4.490643e-02
6.653570e-02
8.372444e-02
9.720174e-02
1.075996e-01
1.153843e-01
1.209721e-01
1.245809e-01
1.263964e-01
1.269092e-01
1.254442e-01
1.233259e-01
1.189569e-01
1.126572e-01
1.083886e-01
9.551253e-02
7.509833e-02
6.118165e-02
4.104870e-02
9.954717e-03
6.830194e-02
1.574028e-01
1.676213e-01
1.675584e-01
1.673474e-01
1.668927e-01
1.664487e-01
1.660342e-01
1.655520e-01
1.650056e-01
1.643634e-01
1.635427e-01
1.627060e-01
1.619484e-01
1.609732e-01
1.597688e-01
1.583735e-01
1.565641e-01
1.542225e-01
1.513315e-01
1.477418e-01
1.433593e-01
1.379942e-01
1.314438e-01
1.234663e-01
1.138276e-01
1.023933e-01
8.886343e-02
5.177725e-02
2.214862e-02
4.823359e-02
6.919704e-02
8.583541e-02
9.885770e-02
1.088861e-01
1.163486e-01
1.216579e-01
1.250783e-01
1.266584e-01
1.270456e-01
1.253603e-01
1.232269e-01
1.185527e-01
1.124258e-01
1.078662e-01
9.449926e-02
7.419874e-02
6.070664e-02
4.039407e-02
9.698674e-03
6.771440e-02
1.571122e-01
1.674967e-01
1.673871e-01
1.671089e-01
1.665717e-01
1.660415e-01
1.655207e-01
1.649071e-01
1.642039e-01
1.633668e-01
1.623141e-01
1.612115e-01
1.601218e-01
1.587104e-01
1.569937e-01
1.549570e-01
1.523457e-01
1.490411e-01
1.449618e-01
1.399266e-01
1.337631e-01
1.262062e-01
1.169543e-01
1.056359e-01
9.182892e-02
7.524260e-02
5.525404e-02
1.868446e-02
4.427617e-02
6.634386e-02
8.399375e-02
9.793150e-02
1.087619e-01
1.170124e-01
1.230268e-01
1.271373e-01
1.296309e-01
1.303965e-01
1.301477e-01
1.278903e-01
1.254041e-01
1.201198e-01
1.141148e-01
1.089766e-01
9.494320e-02
7.475446e-02
6.152810e-02
4.109328e-02
1.096117e-02
6.676498e-02
1.567067e-01
1.672579e-01
1.670903e-01
1.667280e-01
1.660814e-01
1.654420e-01
1.647782e-01
1.639976e-01
1.630928e-01
1.620043e-01
1.606554e-01
1.592077e-01
1.576960e-01
1.557439e-01
1.533788e-01
1.505323e-01
1.469131e-01
1.423847e-01
1.367925e-01
1.299049e-01
1.214569e-01
1.110830e-01
9.835288e-02
8.273372e-02
6.360229e-02
4.034995e-02
2.162601e-02
4.851370e-02
7.006826e-02
8.739787e-02
1.011724e-01
1.119609e-01
1.202383e-01
1.264162e-01
1.307417e-01
1.334711e-01
1.348556e-01
1.347123e-01
1.336926e-01
1.308493e-01
1.278628e-01
1.221357e-01
1.159949e-01
1.104465e-01
9.607956e-02
7.624323e-02
6.354987e-02
4.389071e-02
1.521178e-02
6.604435e-02
1.563991e-01
1.668730e-01
1.666488e-01
1.662162e-01
1.654442e-01
1.646812e-01
1.638689e-01
1.629202e-01
1.618124e-01
1.604764e-01
1.588211e-01
1.570234e-01
1.550987e-01
1.526249e-01
1.496195e-01
1.459794e-01
1.413678e-01
1.356175e-01
1.285137e-01
1.197653e-01
1.090206e-01
9.581174e-02
7.958090e-02
5.964228e-02
3.518991e-02
3.159343e-02
5.933968e-02
7.926258e-02
9.512113e-02
1.077865e-01
1.177640e-01
1.254691e-01
1.312427e-01
1.353838e-01
1.380527e-01
1.394254e-01
1.397103e-01
1.386726e-01
1.369169e-01
1.334938e-01
1.300389e-01
1.239619e-01
1.176056e-01
1.118025e-01
9.778591e-02
7.915287e-02
6.661364e-02
4.769146e-02
2.052106e-02
6.546967e-02
1.561538e-01
1.663404e-01
1.660563e-01
1.655358e-01
1.646482e-01
1.637323e-01
1.627683e-01
1.616264e-01
1.602990e-01
1.587050e-01
1.567151e-01
1.545305e-01
1.521716e-01
1.491479e-01
1.454591e-01
1.409777e-01
1.353107e-01
1.282458e-01
1.195138e-01
1.087530e-01
9.552289e-02
7.924651e-02
5.923390e-02
3.464883e-02
3.256199e-02
7.711261e-02
1.016354e-01
1.136670e-01
1.231073e-01
1.305364e-01
1.362574e-01
1.405028e-01
1.434619e-01
1.453088e-01
1.461076e-01
1.459641e-01
1.449919e-01
1.429474e-01
1.403905e-01
1.363149e-01
1.323302e-01
1.259667e-01
1.192223e-01
1.133375e-01
1.005242e-01
8.262430e-02
7.014626e-02
5.214336e-02
2.679442e-02
6.499380e-02
1.559507e-01
1.656446e-01
1.653120e-01
1.646947e-01
1.636748e-01
1.625884e-01
1.614434e-01
1.600901e-01
1.585204e-01
1.566401e-01
1.542755e-01
1.516520e-01
1.488058e-01
1.451918e-01
1.407467e-01
1.353434e-01
1.285207e-01
1.199974e-01
1.094602e-01
9.645893e-02
8.046241e-02
6.077515e-02
3.657318e-02
2.965944e-02
7.369205e-02
1.264484e-01
1.535440e-01
1.559514e-01
1.575446e-01
1.585726e-01
1.590767e-01
1.590689e-01
1.585567e-01
1.575615e-01
1.560489e-01
1.540251e-01
1.514847e-01
1.482098e-01
1.446346e-01
1.397807e-01
1.351148e-01
1.285471e-01
1.211200e-01
1.153838e-01
1.037844e-01
8.672757e-02
7.417385e-02
5.734426e-02
3.390612e-02
6.458736e-02
1.557773e-01
1.647615e-01
1.643573e-01
1.636598e-01
1.625016e-01
1.612078e-01
1.598603e-01
1.582756e-01
1.564278e-01
1.542485e-01
1.514648e-01
1.483266e-01
1.449229e-01
1.406776e-01
1.353884e-01
1.289625e-01
1.208748e-01
1.107279e-01
9.818269e-02
8.267639e-02
6.359166e-02
4.010918e-02
2.428884e-02
6.713223e-02
1.186308e-01
1.794063e-01
2.211973e-01
2.208552e-01
2.108599e-01
2.022566e-01
1.948108e-01
1.882774e-01
1.824067e-01
1.770028e-01
1.718791e-01
1.669102e-01
1.619023e-01
1.566971e-01
1.514906e-01
1.455363e-01
1.395828e-01
1.329578e-01
1.245334e-01
1.184224e-01
1.080689e-01
9.203057e-02
7.902953e-02
6.337933e-02
4.185988e-02
6.423220e-02
1.556262e-01
1.636625e-01
1.631794e-01
1.624019e-01
1.611257e-01
1.595899e-01
1.580252e-01
1.561859e-01
1.540346e-01
1.515252e-01
1.483134e-01
1.445820e-01
1.405093e-01
1.356342e-01
1.294260e-01
1.218848e-01
1.124661e-01
1.005707e-01
8.585958e-02
6.763669e-02
4.521097e-02
1.764187e-02
5.759210e-02
1.071207e-01
1.658680e-01
2.338706e-01
3.049783e-01
3.048445e-01
2.858583e-01
2.647225e-01
2.466014e-01
2.310430e-01
2.176124e-01
2.059024e-01
1.955712e-01
1.862653e-01
1.776967e-01
1.697541e-01
1.619597e-01
1.545304e-01
1.465890e-01
1.392896e-01
1.301140e-01
1.224112e-01
1.132603e-01
9.853574e-02
8.452952e-02
6.995269e-02
5.019993e-02
6.392927e-02
1.554981e-01
1.623784e-01
1.619428e-01
1.611833e-01
1.599936e-01
1.583628e-01
1.567939e-01
1.549569e-01
1.528146e-01
1.503532e-01
1.472683e-01
1.435038e-01
1.393996e-01
1.348142e-01
1.288307e-01
1.215230e-01
1.124960e-01
1.009985e-01
8.669859e-02
6.894405e-02
4.706333e-02
2.014989e-02
5.342209e-02
1.019185e-01
1.595683e-01
2.265332e-01
3.018051e-01
3.154678e-01
3.152448e-01
2.897399e-01
2.677289e-01
2.487905e-01
2.324676e-01
2.183147e-01
2.059204e-01
1.949067e-01
1.849755e-01
1.758393e-01
1.671151e-01
1.590181e-01
1.504704e-01
1.427378e-01
1.337884e-01
1.249138e-01
1.167799e-01
1.037933e-01
8.954259e-02
7.609982e-02
5.798112e-02
6.369198e-02
1.553977e-01
1.610797e-01
1.607092e-01
1.600728e-01
1.589967e-01
1.574358e-01
1.559223e-01
1.542326e-01
1.522630e-01
1.500137e-01
1.473320e-01
1.438588e-01
1.400763e-01
1.360898e-01
1.309578e-01
1.245434e-01
1.167007e-01
1.066831e-01
9.403735e-02
7.833606e-02
5.890368e-02
3.497624e-02
3.077148e-02
7.440529e-02
1.267796e-01
1.885004e-01
2.592915e-01
3.074921e-01
3.074199e-01
2.832598e-01
2.624185e-01
2.444969e-01
2.290459e-01
2.156363e-01
2.038658e-01
1.933925e-01
1.839261e-01
1.751177e-01
1.667980e-01
1.589282e-01
1.508116e-01
1.430851e-01
1.348971e-01
1.257961e-01
1.183431e-01
1.071019e-01
9.350661e-02
8.105985e-02
6.464071e-02
6.350367e-02
1.553178e-01
1.598240e-01
1.594528e-01
1.588117e-01
1.578149e-01
1.562154e-01
1.546311e-01
1.528963e-01
1.508864e-01
1.486003e-01
1.459704e-01
1.424618e-01
1.385464e-01
1.344798e-01
1.295266e-01
1.231197e-01
1.153251e-01
1.054513e-01
9.281417e-02
7.713112e-02
5.763971e-02
3.363720e-02
3.236178e-02
7.614631e-02
1.286847e-01
1.905581e-01
2.614673e-01
3.358536e-01
3.359223e-01
3.107174e-01
2.856125e-01
2.639194e-01
2.451967e-01
2.289935e-01
2.148622e-01
2.024137e-01
1.912861e-01
1.810975e-01
1.717166e-01
1.628207e-01
1.541796e-01
1.455988e-01
1.373050e-01
1.277855e-01
1.199807e-01
1.097983e-01
9.677857e-02
8.466692e-02
6.957046e-02
6.335264e-02
1.552537e-01
1.586463e-01
1.582770e-01
1.577097e-01
1.566904e-01
1.551146e-01
1.534436e-01
1.516907e-01
1.496766e-01
1.473680e-01
1.447573e-01
1.413158e-01
1.372864e-01
1.331042e-01
1.283776e-01
1.220516e-01
1.143431e-01
1.046816e-01
9.219659e-02
7.665426e-02
5.727326e-02
3.339601e-02
3.232380e-02
7.592950e-02
1.282703e-01
1.899219e-01
2.606174e-01
3.386764e-01
3.388718e-01
3.352509e-01
3.064806e-01
2.814632e-01
2.598018e-01
2.410535e-01
2.247520e-01
2.104614e-01
1.977729e-01
1.863093e-01
1.758979e-01
1.660461e-01
1.568403e-01
1.475210e-01
1.389861e-01
1.291956e-01
1.208095e-01
1.113218e-01
9.890742e-02
8.700004e-02
7.301567e-02
6.323058e-02
1.552018e-01
1.575697e-01
1.572095e-01
1.566402e-01
1.556823e-01
1.541271e-01
1.523866e-01
1.506394e-01
1.486014e-01
1.462559e-01
1.436537e-01
1.403062e-01
1.361916e-01
1.318976e-01
1.273018e-01
1.211003e-01
1.134675e-01
1.040018e-01
9.172029e-02
7.631058e-02
5.708281e-02
3.334802e-02
3.202477e-02
7.541197e-02
1.275114e-01
1.888992e-01
2.593353e-01
3.371722e-01
3.582409e-01
3.582038e-01
3.261817e-01
2.981286e-01
2.737327e-01
2.525806e-01
2.342032e-01
2.181348e-01
2.039445e-01
1.912493e-01
1.797853e-01
1.690399e-01
1.592059e-01
1.492358e-01
1.403091e-01
1.303185e-01
1.212984e-01
1.122323e-01
1.003123e-01
8.847076e-02
7.551606e-02
6.313132e-02
1.551596e-01
1.566043e-01
1.563000e-01
1.557096e-01
1.547849e-01
1.533848e-01
1.515665e-01
1.498340e-01
1.478148e-01
1.455425e-01
1.429802e-01
1.398598e-01
1.357914e-01
1.315195e-01
1.271433e-01
1.213103e-01
1.139990e-01
1.049978e-01
9.332367e-02
7.850712e-02
6.003598e-02
3.715622e-02
2.595213e-02
6.791774e-02
1.184379e-01
1.781874e-01
2.471131e-01
3.280047e-01
3.989233e-01
3.990187e-01
3.617986e-01
3.286895e-01
2.995971e-01
2.742171e-01
2.521271e-01
2.328494e-01
2.159274e-01
2.009432e-01
1.875179e-01
1.751647e-01
1.640095e-01
1.529450e-01
1.430878e-01
1.325650e-01
1.226031e-01
1.135005e-01
1.017973e-01
8.978929e-02
7.807163e-02
6.305047e-02
1.551251e-01
1.557551e-01
1.556937e-01
1.554313e-01
1.549594e-01
1.539613e-01
1.526770e-01
1.516098e-01
1.504440e-01
1.491208e-01
1.478096e-01
1.462804e-01
1.440499e-01
1.419831e-01
1.404016e-01
1.381796e-01
1.351627e-01
1.314867e-01
1.264469e-01
1.196455e-01
1.110831e-01
1.003189e-01
8.700836e-02
7.055010e-02
5.022342e-02
2.515429e-02
4.351327e-02
1.127903e-01
2.733823e-01
2.735584e-01
2.553255e-01
2.383920e-01
2.237768e-01
2.110751e-01
1.999226e-01
1.899681e-01
1.809186e-01
1.725342e-01
1.646116e-01
1.568325e-01
1.494695e-01
1.415324e-01
1.342626e-01
1.258718e-01
1.176509e-01
1.101923e-01
1.002542e-01
8.947654e-02
8.016982e-02
6.298447e-02
1.550970e-01
1.550201e-01
1.551253e-01
1.550896e-01
1.548435e-01
1.541857e-01
1.532322e-01
1.526055e-01
1.519774e-01
1.513851e-01
1.508725e-01
1.503998e-01
1.494489e-01
1.488894e-01
1.492319e-01
1.493985e-01
1.492592e-01
1.491137e-01
1.484107e-01
1.468823e-01
1.447918e-01
1.419659e-01
1.384255e-01
1.339860e-01
1.284478e-01
1.215393e-01
1.128719e-01
1.018622e-01
5.541171e-02
8.287268e-02
9.825332e-02
1.102784e-01
1.195553e-01
1.265297e-01
1.315510e-01
1.348809e-01
1.367327e-01
1.373076e-01
1.366969e-01
1.349542e-01
1.325424e-01
1.286819e-01
1.247322e-01
1.192089e-01
1.131567e-01
1.076363e-01
9.973110e-02
9.057053e-02
8.194989e-02
6.293052e-02
1.550739e-01
1.544305e-01
1.546601e-01
1.547706e-01
1.546913e-01
1.542410e-01
1.535353e-01
1.532157e-01
1.529599e-01
1.528325e-01
1.529405e-01
1.531841e-01
1.530877e-01
1.536311e-01
1.553393e-01
1.571357e-01
1.589887e-01
1.612661e-01
1.634896e-01
1.655191e-01
1.677659e-01
1.702315e-01
1.731528e-01
1.766049e-01
1.807016e-01
1.855601e-01
1.912606e-01
1.909245e-01
1.486439e-01
8.838916e-02
4.035188e-02
2.958997e-02
5.440060e-02
7.399233e-02
8.924293e-02
1.008576e-01
1.094219e-01
1.154470e-01
1.192531e-01
1.211118e-01
1.216361e-01
1.201898e-01
1.182164e-01
1.143850e-01
1.096583e-01
1.054758e-01
9.880432e-02
9.067249e-02
8.339721e-02
6.288530e-02
1.550538e-01
1.538519e-01
1.539886e-01
1.539841e-01
1.537552e-01
1.530942e-01
1.521757e-01
1.515879e-01
1.510209e-01
1.505145e-01
1.501574e-01
1.498195e-01
1.490259e-01
1.487671e-01
1.495285e-01
1.500835e-01
1.504525e-01
1.509073e-01
1.508366e-01
1.500774e-01
1.489029e-01
1.472000e-01
1.450222e-01
1.422494e-01
1.387459e-01
1.343232e-01
1.286827e-01
1.213410e-01
7.470457e-02
1.061073e-01
1.170083e-01
1.253863e-01
1.316894e-01
1.362326e-01
1.392649e-01
1.409606e-01
1.414613e-01
1.409200e-01
1.394053e-01
1.369019e-01
1.338984e-01
1.295471e-01
1.252492e-01
1.195373e-01
1.133009e-01
1.080586e-01
1.011060e-01
9.254020e-02
8.547058e-02
1.389660e-03
8.140414e-04
4.428174e-01
6.703493e-01
7.692463e-01
8.154562e-01
8.367553e-01
8.461403e-01
8.514007e-01
8.538166e-01
8.549394e-01
8.561204e-01
8.570062e-01
8.557443e-01
8.570400e-01
8.632984e-01
8.691784e-01
8.752630e-01
8.833622e-01
8.901243e-01
8.945481e-01
8.984377e-01
9.016376e-01
9.054712e-01
9.059262e-01
8.876584e-01
8.714726e-01
8.788701e-01
9.196658e-01
9.692068e-01
9.775788e-01
9.422080e-01
9.093324e-01
8.785678e-01
8.488419e-01
8.195950e-01
7.900834e-01
7.601665e-01
7.300250e-01
6.990635e-01
6.670008e-01
6.363887e-01
6.016590e-01
5.707675e-01
5.356605e-01
4.999543e-01
4.719402e-01
4.351362e-01
3.910538e-01
3.447152e-01
1.380874e-02
8.081932e-03
6.166389e-03
5.908574e-03
5.522595e-03
5.209408e-03
4.932740e-03
4.580173e-03
4.097055e-03
3.687352e-03
3.342728e-03
3.124305e-03
3.385814e-03
4.222952e-03
5.637964e-03
7.541917e-03
1.023676e-02
1.383757e-02
1.808223e-02
1.888822e-02
1.561939e-02
1.860399e-02
2.003201e-02
1.807727e-02
1.432130e-02
1.839508e-02
2.167698e-02
2.244204e-02
1.702324e-02
6.547756e-03
4.675248e-03
1.468600e-02
2.312452e-02
3.062838e-02
3.752700e-02
4.390895e-02
4.998828e-02
5.569439e-02
6.108662e-02
6.615051e-02
7.099209e-02
7.526870e-02
7.971482e-02
8.351374e-02
8.490329e-02
1.038913e-01
8.846790e-02
6.836961e-02
4.668365e-02
2.159068e-02
3.819729e-02
2.137703e-02
1.511507e-02
1.438110e-02
1.333896e-02
1.245283e-02
1.162903e-02
1.062595e-02
9.362645e-03
8.306468e-03
7.449909e-03
7.019281e-03
7.986861e-03
1.048955e-02
1.453767e-02
1.985404e-02
2.699938e-02
3.589704e-02
4.514233e-02
3.677248e-02
1.643455e-02
2.066173e-02
2.362940e-02
2.057626e-02
1.775963e-02
2.950281e-02
3.774000e-02
4.065731e-02
3.187669e-02
1.366190e-02
6.097316e-03
2.338760e-02
3.778011e-02
5.039558e-02
6.194845e-02
7.233199e-02
8.232055e-02
9.120574e-02
9.998477e-02
1.074577e-01
1.145500e-01
1.218960e-01
1.266574e-01
1.280959e-01
1.176366e-01
2.478101e-01
2.304543e-01
1.837769e-01
1.295736e-01
6.338134e-02
7.037324e-02
3.477490e-02
2.959234e-02
2.814711e-02
2.586692e-02
2.398598e-02
2.219448e-02
2.000186e-02
1.731717e-02
1.512304e-02
1.336899e-02
1.247104e-02
1.423714e-02
1.871160e-02
2.574430e-02
3.442932e-02
4.502080e-02
5.605251e-02
6.414197e-02
4.710303e-02
1.718351e-02
2.234323e-02
2.659933e-02
2.262719e-02
2.071725e-02
3.894237e-02
5.138776e-02
5.613168e-02
4.446984e-02
1.970122e-02
7.242538e-03
3.067550e-02
5.013876e-02
6.716683e-02
8.280300e-02
9.677075e-02
1.103279e-01
1.222054e-01
1.342169e-01
1.441062e-01
1.535187e-01
1.639509e-01
1.693401e-01
1.688754e-01
1.474407e-01
3.648265e-01
3.711880e-01
3.185033e-01
2.384854e-01
1.203342e-01
1.230265e-01
4.808877e-02
5.955849e-02
5.685012e-02
5.190473e-02
4.798510e-02
4.417577e-02
3.939731e-02
3.355749e-02
2.885544e-02
2.510633e-02
2.301244e-02
2.586310e-02
3.317726e-02
4.387820e-02
5.480829e-02
6.467069e-02
7.013462e-02
6.891130e-02
4.712293e-02
1.778610e-02
2.348118e-02
2.865461e-02
2.402907e-02
2.291237e-02
4.583796e-02
6.136013e-02
6.743752e-02
5.363652e-02
2.410504e-02
8.002701e-03
3.587106e-02
5.905696e-02
7.940335e-02
9.819874e-02
1.150401e-01
1.315523e-01
1.460338e-01
1.609263e-01
1.731346e-01
1.848657e-01
1.982970e-01
2.047255e-01
2.030463e-01
1.721306e-01
4.165206e-01
4.746863e-01
4.709631e-01
4.102821e-01
2.194293e-01
2.359484e-01
5.856260e-02
1.483058e-01
1.445759e-01
1.341261e-01
1.266927e-01
1.193898e-01
1.087807e-01
9.406352e-02
8.169412e-02
7.123442e-02
6.422553e-02
6.805223e-02
7.782633e-02
8.597802e-02
8.512977e-02
7.915343e-02
6.907923e-02
5.629006e-02
3.751354e-02
1.818623e-02
2.397033e-02
2.960571e-02
2.465230e-02
2.414015e-02
4.953898e-02
6.670720e-02
7.349361e-02
5.850877e-02
2.646216e-02
8.306993e-03
3.848590e-02
6.368420e-02
8.591928e-02
1.066197e-01
1.253168e-01
1.438524e-01
1.602743e-01
1.774005e-01
1.916150e-01
2.054726e-01
2.215734e-01
2.294641e-01
2.274913e-01
1.894557e-01
3.508320e-01
4.292719e-01
5.120759e-01
6.613037e-01
4.841767e-01
SCALARS scaled_jacobian double 1
LOOKUP_TABLE default
9.782919e-01
9.071559e-01
8.988157e-01
8.989061e-01
8.989980e-01
8.990825e-01
8.991448e-01
8.991585e-01
8.990915e-01
8.991109e-01
8.992524e-01
8.994181e-01
8.996039e-01
8.998107e-01
9.000444e-01
9.004044e-01
9.009015e-01
9.015272e-01
9.023210e-01
9.033400e-01
9.046236e-01
9.062298e-01
9.082290e-01
9.107059e-01
9.137495e-01
9.174718e-01
9.219889e-01
9.274264e-01
9.338989e-01
9.415183e-01
9.503364e-01
9.602899e-01
9.710932e-01
9.923657e-01
9.944861e-01
9.829843e-01
9.700729e-01
9.584151e-01
9.494772e-01
9.437177e-01
9.408382e-01
9.409902e-01
9.441962e-01
9.499834e-01
9.571054e-01
9.644094e-01
9.737918e-01
9.829914e-01
9.885408e-01
9.950733e-01
9.737400e-01
8.776167e-01
8.640010e-01
8.641038e-01
8.642085e-01
8.643076e-01
8.643827e-01
8.644111e-01
8.643696e-01
8.644553e-01
8.646448e-01
8.648642e-01
8.651202e-01
8.654154e-01
8.657682e-01
8.662864e-01
8.669596e-01
8.678056e-01
8.688730e-01
8.702244e-01
8.719128e-01
8.740131e-01
8.766135e-01
8.798173e-01
8.837353e-01
8.885111e-01
8.942992e-01
9.012655e-01
9.095818e-01
9.194025e-01
9.308353e-01
9.438452e-01
9.587073e-01
9.921065e-01
9.902715e-01
9.737037e-01
9.562623e-01
9.412797e-01
9.304732e-01
9.239816e-01
9.212683e-01
9.227426e-01
9.279941e-01
9.361266e-01
9.458068e-01
9.555134e-01
9.678842e-01
9.792098e-01
9.859102e-01
9.941514e-01
9.782085e-01
9.005616e-01
8.900554e-01
8.901439e-01
8.902359e-01
8.903212e-01
8.903869e-01
8.904105e-01
8.903919e-01
8.905052e-01
8.906795e-01
8.908835e-01
8.911220e-01
8.913982e-01
8.917437e-01
8.922378e-01
8.928624e-01
8.936447e-01
8.946313e-01
8.958696e-01
8.974101e-01
8.993173e-01
9.016687e-01
9.045519e-01
9.080648e-01
9.123210e-01
9.174493e-01
9.235769e-01
9.308288e-01
9.393032e-01
9.490278e-01
9.598879e-01
9.765184e-01
9.973054e-01
9.894616e-01
9.761126e-01
9.627791e-01
9.516163e-01
9.437861e-01
9.392076e-01
9.374945e-01
9.392795e-01
9.439061e-01
9.504446e-01
9.581352e-01
9.659408e-01
9.758383e-01
9.842789e-01
9.891971e-01
9.956902e-01
9.784810e-01
8.976621e-01
8.857339e-01
8.858271e-01
8.859252e-01
8.860207e-01
8.861003e-01
8.861456e-01
8.861780e-01
8.863413e-01
8.865548e-01
8.868090e-01
8.871096e-01
8.874668e-01
8.879250e-01
8.885395e-01
8.893051e-01
8.902598e-01
8.914529e-01
8.929355e-01
8.947671e-01
8.970212e-01
8.997828e-01
9.031524e-01
9.072380e-01
9.121688e-01
9.180775e-01
9.250956e-01
9.333438e-01
9.428954e-01
9.536795e-01
9.654799e-01
9.858545e-01
9.960947e-01
9.841249e-01
9.696851e-01
9.562471e-01
9.456075e-01
9.386086e-01
9.349286e-01
9.341387e-01
9.369782e-01
9.425822e-01
9.497589e-01
9.577888e-01
9.661891e-01
9.764140e-01
9.845857e-01
9.893139e-01
9.959036e-01
9.827399e-01
9.176092e-01
9.079538e-01
9.080334e-01
9.081167e-01
9.081953e-01
9.082589e-01
9.082921e-01
9.083307e-01
9.084774e-01
9.086596e-01
9.088749e-01
9.091299e-01
9.094333e-01
9.098337e-01
9.103591e-01
9.110128e-01
9.118270e-01
9.128440e-01
9.141041e-01
9.156578e-01
9.175659e-01
9.198976e-01
9.227347e-01
9.261646e-01
9.302875e-01
9.352076e-01
9.410241e-01
9.478205e-01
9.556358e-01
9.644113e-01
9.739122e-01
9.925244e-01
9.946635e-01
9.835358e-01
9.710808e-01
9.598590e-01
9.512556e-01
9.457542e-01
9.430265e-01
9.428816e-01
9.457231e-01
9.509495e-01
9.573090e-01
9.641695e-01
9.716283e-01
9.804225e-01
9.870631e-01
9.909263e-01
9.966219e-01
9.862162e-01
9.368011e-01
9.300599e-01
9.301207e-01
9.301812e-01
9.302381e-01
9.302810e-01
9.302982e-01
9.303361e-01
9.304483e-01
9.305824e-01
9.307406e-01
9.309252e-01
9.311452e-01
9.314475e-01
9.318397e-01
9.323289e-01
9.329393e-01
9.337043e-01
9.346523e-01
9.358221e-01
9.372587e-01
9.390142e-01
9.411480e-01
9.437261e-01
9.468193e-01
9.505040e-01
9.548514e-01
9.599204e-01
9.657363e-01
9.722600e-01
9.793259e-01
9.958477e-01
9.944924e-01
9.850966e-01
9.749586e-01
9.659840e-01
9.592302e-01
9.549580e-01
9.528990e-01
9.531041e-01
9.556171e-01
9.600506e-01
9.654019e-01
9.708710e-01
9.771976e-01
9.843495e-01
9.895195e-01
9.925341e-01
9.972817e-01
9.867871e-01
9.385025e-01
9.316542e-01
9.317159e-01
9.317816e-01
9.318438e-01
9.318965e-01
9.319311e-01
9.320138e-01
9.321479e-01
9.323079e-01
9.324940e-01
9.327131e-01
9.329782e-01
9.333357e-01
9.337871e-01
9.343476e-01
9.350445e-01
9.359103e-01
9.369776e-01
9.382879e-01
9.398895e-01
9.418375e-01
9.441937e-01
9.470280e-01
9.504099e-01
9.544135e-01
9.591023e-01
9.645157e-01
9.706441e-01
9.773801e-01
9.851297e-01
9.985540e-01
9.919356e-01
9.822357e-01
9.725130e-01
9.642727e-01
9.583648e-01
9.548240e-01
9.533550e-01
9.541852e-01
9.570774e-01
9.616599e-01
9.670501e-01
9.723317e-01
9.786653e-01
9.854629e-01
9.901908e-01
9.929513e-01
9.975169e-01
9.862834e-01
9.340778e-01
9.261228e-01
9.261886e-01
9.262595e-01
9.263331e-01
9.263996e-01
9.264600e-01
9.265747e-01
9.267340e-01
9.269265e-01
9.271592e-01
9.274415e-01
9.277757e-01
9.282107e-01
9.287522e-01
9.294218e-01
9.302507e-01
9.312726e-01
9.325266e-01
9.340598e-01
9.359253e-01
9.381863e-01
9.409092e-01
9.441734e-01
9.480534e-01
9.526251e-01
9.579519e-01
9.640613e-01
9.709175e-01
9.783462e-01
9.889765e-01
9.975169e-01
9.890657e-01
9.784953e-01
9.684071e-01
9.601669e-01
9.545209e-01
9.513446e-01
9.502881e-01
9.517464e-01
9.552418e-01
9.602800e-01
9.661204e-01
9.716919e-01
9.784956e-01
9.854685e-01
9.901230e-01
9.928717e-01
9.976029e-01
9.860614e-01
9.314254e-01
9.226615e-01
9.227317e-01
9.228105e-01
9.228922e-01
9.229770e-01
9.230668e-01
9.232118e-01
9.233985e-01
9.236254e-01
9.239018e-01
9.242408e-01
9.246589e-01
9.251722e-01
9.258064e-01
9.265887e-01
9.275519e-01
9.287328e-01
9.301759e-01
9.319340e-01
9.340642e-01
9.366387e-01
9.397258e-01
9.434127e-01
9.477789e-01
9.528963e-01
9.588205e-01
9.655581e-01
9.730195e-01
9.809413e-01
9.931862e-01
9.952369e-01
9.851873e-01
9.738488e-01
9.635615e-01
9.555123e-01
9.503106e-01
9.476449e-01
9.471309e-01
9.493154e-01
9.535285e-01
9.590096e-01
9.653053e-01
9.712222e-01
9.784655e-01
9.855470e-01
9.901236e-01
9.928399e-01
9.977174e-01
9.855426e-01
9.338171e-01
9.264465e-01
9.265044e-01
9.265740e-01
9.266601e-01
9.267659e-01
9.269013e-01
9.270641e-01
9.272593e-01
9.274812e-01
9.277486e-01
9.280713e-01
9.284725e-01
9.289776e-01
9.295965e-01
9.303526e-01
9.312770e-01
9.324042e-01
9.337748e-01
9.354385e-01
9.374557e-01
9.398939e-01
9.428317e-01
9.463534e-01
9.505479e-01
9.554974e-01
9.612607e-01
9.678412e-01
9.751284e-01
9.826770e-01
9.959558e-01
9.918775e-01
9.803687e-01
9.690651e-01
9.599602e-01
9.538466e-01
9.507562e-01
9.490448e-01
9.489219e-01
9.509243e-01
9.546213e-01
9.591767e-01
9.644806e-01
9.699920e-01
9.768367e-01
9.832840e-01
9.897447e-01
9.937311e-01
9.986759e-01
9.877003e-01
9.467938e-01
9.414546e-01
9.412687e-01
9.410391e-01
9.407553e-01
9.404046e-01
9.399741e-01
9.394574e-01
9.388248e-01
9.380483e-01
9.370933e-01
9.359172e-01
9.344728e-01
9.326923e-01
9.304828e-01
9.277429e-01
9.243395e-01
9.201012e-01
9.148205e-01
9.082257e-01
8.999803e-01
8.896640e-01
8.767650e-01
8.606701e-01
8.406733e-01
8.160234e-01
7.860196e-01
7.500700e-01
7.311081e-01
7.304729e-01
8.194004e-01
8.991470e-01
9.535481e-01
9.840480e-01
9.972034e-01
9.955899e-01
9.905813e-01
9.855931e-01
9.809417e-01
9.776578e-01
9.755435e-01
9.751425e-01
9.753674e-01
9.779572e-01
9.798672e-01
9.849342e-01
9.918399e-01
9.957341e-01
9.992490e-01
9.915413e-01
9.615818e-01
9.572767e-01
9.570683e-01
9.568230e-01
9.565363e-01
9.562111e-01
9.558096e-01
9.552857e-01
9.546404e-01
9.538434e-01
9.528565e-01
9.516408e-01
9.501387e-01
9.482430e-01
9.458404e-01
9.428644e-01
9.391500e-01
9.344868e-01
9.286502e-01
9.213250e-01
9.120858e-01
9.004247e-01
8.856986e-01
8.671578e-01
8.439554e-01
8.152295e-01
7.800408e-01
7.448663e-01
7.442295e-01
8.109055e-01
8.839370e-01
9.372233e-01
9.712575e-01
9.899572e-01
9.981555e-01
9.977401e-01
9.942693e-01
9.905665e-01
9.872927e-01
9.848114e-01
9.830834e-01
9.822630e-01
9.823119e-01
9.834046e-01
9.843913e-01
9.881844e-01
9.930163e-01
9.959337e-01
9.994804e-01
9.934502e-01
9.683664e-01
9.645616e-01
9.645748e-01
9.646080e-01
9.646749e-01
9.647908e-01
9.648904e-01
9.649959e-01
9.651204e-01
9.652638e-01
9.654306e-01
9.656473e-01
9.658776e-01
9.660909e-01
9.663381e-01
9.666603e-01
9.670290e-01
9.674888e-01
9.680867e-01
9.688162e-01
9.697151e-01
9.707942e-01
9.720880e-01
9.736290e-01
9.754474e-01
9.775669e-01
9.799696e-01
9.825874e-01
9.892420e-01
9.974241e-01
9.990594e-01
9.964813e-01
9.932489e-01
9.899664e-01
9.869681e-01
9.844255e-01
9.824144e-01
9.809891e-01
9.801194e-01
9.797553e-01
9.800312e-01
9.806100e-01
9.819404e-01
9.837109e-01
9.852948e-01
9.894439e-01
9.937183e-01
9.965261e-01
9.995867e-01
9.937204e-01
9.689130e-01
9.650307e-01
9.650543e-01
9.651019e-01
9.651923e-01
9.653372e-01
9.654625e-01
9.656029e-01
9.657681e-01
9.659599e-01
9.661869e-01
9.664758e-01
9.667850e-01
9.670878e-01
9.674597e-01
9.679234e-01
9.684628e-01
9.691364e-01
9.699904e-01
9.710244e-01
9.722830e-01
9.737830e-01
9.755639e-01
9.776580e-01
9.800889e-01
9.828588e-01
9.859128e-01
9.891375e-01
9.951295e-01
9.994606e-01
9.977075e-01
9.947125e-01
9.914498e-01
9.883409e-01
9.856073e-01
9.833609e-01
9.816376e-01
9.804655e-01
9.798405e-01
9.796425e-01
9.801041e-01
9.807582e-01
9.822545e-01
9.839478e-01
9.856761e-01
9.899430e-01
9.939794e-01
9.967210e-01
9.996389e-01
9.937660e-01
9.689712e-01
9.650865e-01
9.651100e-01
9.651603e-01
9.652566e-01
9.654079e-01
9.655374e-01
9.656829e-01
9.658532e-01
9.660499e-01
9.662853e-01
9.665818e-01
9.668933e-01
9.671954e-01
9.675781e-01
9.680477e-01
9.685947e-01
9.692842e-01
9.701556e-01
9.712110e-01
9.724931e-01
9.740203e-01
9.758319e-01
9.779586e-01
9.804229e-01
9.832223e-01
9.862865e-01
9.895172e-01
9.958791e-01
9.995725e-01
9.974226e-01
9.943809e-01
9.911311e-01
9.880676e-01
9.853933e-01
9.832162e-01
9.815633e-01
9.804470e-01
9.798949e-01
9.797436e-01
9.802653e-01
9.809429e-01
9.825347e-01
9.841199e-01
9.860120e-01
9.903045e-01
9.941882e-01
9.968784e-01
9.996789e-01
9.938190e-01
9.690365e-01
9.651407e-01
9.651632e-01
9.652174e-01
9.653207e-01
9.654783e-01
9.656104e-01
9.657598e-01
9.659364e-01
9.661383e-01
9.663824e-01
9.666856e-01
9.669985e-01
9.673009e-01
9.676947e-01
9.681697e-01
9.687252e-01
9.694316e-01
9.703202e-01
9.713979e-01
9.727038e-01
9.742586e-01
9.761012e-01
9.782607e-01
9.807581e-01
9.835870e-01
9.866589e-01
9.898964e-01
9.965522e-01
9.994121e-01
9.971267e-01
9.940445e-01
9.908098e-01
9.877912e-01
9.851750e-01
9.830637e-01
9.814810e-01
9.804156e-01
9.799304e-01
9.798290e-01
9.804007e-01
9.811041e-01
9.827871e-01
9.842768e-01
9.862975e-01
9.906782e-01
9.943353e-01
9.970212e-01
9.997093e-01
9.938792e-01
9.691089e-01
9.651932e-01
9.652156e-01
9.652711e-01
9.653824e-01
9.655471e-01
9.656813e-01
9.658368e-01
9.660170e-01
9.662238e-01
9.664776e-01
9.667868e-01
9.671001e-01
9.674040e-01
9.678082e-01
9.682888e-01
9.688539e-01
9.695783e-01
9.704837e-01
9.715846e-01
9.729145e-01
9.744973e-01
9.763711e-01
9.785636e-01
9.810938e-01
9.839497e-01
9.870303e-01
9.902745e-01
9.971524e-01
9.992305e-01
9.968213e-01
9.937051e-01
9.904883e-01
9.875148e-01
9.849558e-01
9.829089e-01
9.813949e-01
9.803807e-01
9.799556e-01
9.799077e-01
9.805184e-01
9.812693e-01
9.830249e-01
9.843865e-01
9.865999e-01
9.910091e-01
9.944715e-01
9.971475e-01
9.997352e-01
9.939315e-01
9.691745e-01
9.652422e-01
9.652648e-01
9.653229e-01
9.654423e-01
9.656118e-01
9.657492e-01
9.659089e-01
9.660946e-01
9.663056e-01
9.665694e-01
9.668830e-01
9.671966e-01
9.675033e-01
9.679176e-01
9.684036e-01
9.689796e-01
9.697227e-01
9.706447e-01
9.717695e-01
9.731236e-01
9.747349e-01
9.766403e-01
9.788659e-01
9.814294e-01
9.843084e-01
9.873997e-01
9.906499e-01
9.976824e-01
9.990303e-01
9.965096e-01
9.933669e-01
9.901720e-01
9.872460e-01
9.847449e-01
9.827617e-01
9.813149e-01
9.803570e-01
9.799855e-01
9.799964e-01
9.806389e-01
9.814391e-01
9.832658e-01
9.845228e-01
9.868949e-01
9.913301e-01
9.946211e-01
9.972661e-01
9.997609e-01
9.939806e-01
9.692362e-01
9.652878e-01
9.653107e-01
9.653726e-01
9.654989e-01
9.656716e-01
9.658131e-01
9.659771e-01
9.661684e-01
9.663845e-01
9.666578e-01
9.669759e-01
9.672881e-01
9.675995e-01
9.680234e-01
9.685148e-01
9.691027e-01
9.698649e-01
9.708042e-01
9.719532e-01
9.733320e-01
9.749721e-01
9.769093e-01
9.791684e-01
9.817652e-01
9.846650e-01
9.877666e-01
9.912585e-01
9.981467e-01
9.988129e-01
9.961926e-01
9.930295e-01
9.898604e-01
9.869834e-01
9.845405e-01
9.826207e-01
9.812386e-01
9.803408e-01
9.800160e-01
9.800952e-01
9.807531e-01
9.816167e-01
9.834894e-01
9.846567e-01
9.871908e-01
9.916664e-01
9.947501e-01
9.973826e-01
9.997850e-01
9.940274e-01
9.692947e-01
9.653299e-01
9.653533e-01
9.654186e-01
9.655551e-01
9.657292e-01
9.658738e-01
9.660435e-01
9.662385e-01
9.664599e-01
9.667436e-01
9.670645e-01
9.673751e-01
9.676931e-01
9.681257e-01
9.686226e-01
9.692239e-01
9.700052e-01
9.709625e-01
9.721358e-01
9.735398e-01
9.752091e-01
9.771785e-01
9.794715e-01
9.821012e-01
9.850207e-01
9.881321e-01
9.923408e-01
9.985501e-01
9.985799e-01
9.958707e-01
9.926935e-01
9.895531e-01
9.867269e-01
9.843436e-01
9.824839e-01
9.811662e-01
9.803312e-01
9.800468e-01
9.801981e-01
9.808629e-01
9.818024e-01
9.836973e-01
9.848103e-01
9.875083e-01
9.919604e-01
9.948735e-01
9.974970e-01
9.998078e-01
9.940714e-01
9.693499e-01
9.653690e-01
9.653928e-01
9.654600e-01
9.656051e-01
9.657828e-01
9.659322e-01
9.661059e-01
9.663060e-01
9.665329e-01
9.668258e-01
9.671500e-01
9.674572e-01
9.677845e-01
9.682245e-01
9.687276e-01
9.693431e-01
9.701436e-01
9.711201e-01
9.723179e-01
9.737476e-01
9.754466e-01
9.774485e-01
9.797759e-01
9.824362e-01
9.853766e-01
9.884965e-01
9.933478e-01
9.988964e-01
9.983328e-01
9.955454e-01
9.923607e-01
9.892526e-01
9.864782e-01
9.841588e-01
9.823567e-01
9.811032e-01
9.803347e-01
9.800866e-01
9.803109e-01
9.809814e-01
9.819975e-01
9.839034e-01
9.849827e-01
9.878223e-01
9.922623e-01
9.950055e-01
9.976157e-01
9.998290e-01
9.941050e-01
9.693972e-01
9.654073e-01
9.654317e-01
9.655029e-01
9.656582e-01
9.658360e-01
9.659894e-01
9.661680e-01
9.663731e-01
9.666052e-01
9.669073e-01
9.672334e-01
9.675376e-01
9.678761e-01
9.683229e-01
9.688322e-01
9.694632e-01
9.702830e-01
9.712796e-01
9.725015e-01
9.739576e-01
9.756870e-01
9.777216e-01
9.800834e-01
9.827725e-01
9.857340e-01
9.888615e-01
9.942655e-01
9.991896e-01
9.980730e-01
9.952176e-01
9.920317e-01
9.889598e-01
9.862392e-01
9.839840e-01
9.822425e-01
9.810514e-01
9.803529e-01
9.801376e-01
9.804368e-01
9.811106e-01
9.822130e-01
9.840953e-01
9.851790e-01
9.881566e-01
9.925616e-01
9.951517e-01
9.977310e-01
9.998493e-01
9.941433e-01
9.694503e-01
9.654477e-01
9.654728e-01
9.655484e-01
9.657123e-01
9.658921e-01
9.660484e-01
9.662321e-01
9.664412e-01
9.666811e-01
9.669916e-01
9.673192e-01
9.676191e-01
9.679707e-01
9.684233e-01
9.689394e-01
9.695872e-01
9.704258e-01
9.714436e-01
9.726895e-01
9.741726e-01
9.759326e-01
9.780001e-01
9.803960e-01
9.831132e-01
9.860930e-01
9.892290e-01
9.950996e-01
9.994335e-01
9.977996e-01
9.948837e-01
9.916999e-01
9.886649e-01
9.859971e-01
9.838063e-01
9.821250e-01
9.809891e-01
9.803624e-01
9.801746e-01
9.805547e-01
9.812102e-01
9.824096e-01
9.842701e-01
9.853725e-01
9.884730e-01
9.928168e-01
9.952787e-01
9.978339e-01
9.998656e-01
9.941911e-01
9.695139e-01
9.654908e-01
9.655154e-01
9.655969e-01
9.657701e-01
9.659489e-01
9.661111e-01
9.662991e-01
9.665140e-01
9.667599e-01
9.670779e-01
9.674067e-01
9.677033e-01
9.680680e-01
9.685262e-01
9.690497e-01
9.697150e-01
9.705723e-01
9.716123e-01
9.728819e-01
9.743923e-01
9.761832e-01
9.782835e-01
9.807132e-01
9.834585e-01
9.864525e-01
9.895989e-01
9.958535e-01
9.995987e-01
9.975132e-01
9.945434e-01
9.913645e-01
9.883664e-01
9.857506e-01
9.836200e-01
9.820000e-01
9.809135e-01
9.803550e-01
9.801958e-01
9.806489e-01
9.812949e-01
9.825930e-01
9.843831e-01
9.855414e-01
9.887665e-01
9.930503e-01
9.953856e-01
9.979219e-01
9.998777e-01
9.942501e-01
9.695897e-01
9.655366e-01
9.655624e-01
9.656485e-01
9.658339e-01
9.660144e-01
9.661825e-01
9.663775e-01
9.665978e-01
9.668559e-01
9.671842e-01
9.675173e-01
9.678175e-01
9.682018e-01
9.686734e-01
9.692154e-01
9.699112e-01
9.708002e-01
9.718795e-01
9.731919e-01
9.747521e-01
9.765992e-01
9.787604e-01
9.812524e-01
9.840578e-01
9.870933e-01
9.902736e-01
9.966944e-01
9.993949e-01
9.971312e-01
9.940986e-01
9.909242e-01
9.879674e-01
9.854086e-01
9.833458e-01
9.817959e-01
9.807613e-01
9.802738e-01
9.801534e-01
9.806747e-01
9.813248e-01
9.827107e-01
9.844471e-01
9.856801e-01
9.890031e-01
9.932156e-01
9.954569e-01
9.979877e-01
9.998840e-01
9.943485e-01
9.697013e-01
9.655876e-01
9.656323e-01
9.657458e-01
9.659644e-01
9.661795e-01
9.663902e-01
9.666375e-01
9.669199e-01
9.672544e-01
9.676728e-01
9.681082e-01
9.685355e-01
9.690849e-01
9.697467e-01
9.705228e-01
9.715031e-01
9.727204e-01
9.741869e-01
9.759419e-01
9.780070e-01
9.804139e-01
9.831725e-01
9.862648e-01
9.896148e-01
9.930236e-01
9.962359e-01
9.995693e-01
9.975825e-01
9.945748e-01
9.913089e-01
9.881914e-01
9.854418e-01
9.831558e-01
9.813852e-01
9.801248e-01
9.793402e-01
9.790963e-01
9.791757e-01
9.798895e-01
9.806612e-01
9.822520e-01
9.839775e-01
9.853844e-01
9.888998e-01
9.931137e-01
9.953332e-01
9.979174e-01
9.998518e-01
9.945057e-01
9.698567e-01
9.656851e-01
9.657534e-01
9.659009e-01
9.661634e-01
9.664219e-01
9.666893e-01
9.670025e-01
9.673636e-01
9.677954e-01
9.683266e-01
9.688919e-01
9.694769e-01
9.702241e-01
9.711173e-01
9.721744e-01
9.734904e-01
9.750928e-01
9.770035e-01
9.792531e-01
9.818559e-01
9.848154e-01
9.880898e-01
9.915674e-01
9.950135e-01
9.979921e-01
9.994231e-01
9.970978e-01
9.939492e-01
9.905913e-01
9.873986e-01
9.845751e-01
9.822170e-01
9.803489e-01
9.789859e-01
9.781026e-01
9.776476e-01
9.776950e-01
9.780301e-01
9.789514e-01
9.798981e-01
9.816531e-01
9.834467e-01
9.849885e-01
9.886330e-01
9.928370e-01
9.950217e-01
9.976243e-01
9.997145e-01
9.946236e-01
9.699743e-01
9.658419e-01
9.659331e-01
9.661087e-01
9.664210e-01
9.667283e-01
9.670540e-01
9.674322e-01
9.678712e-01
9.683968e-01
9.690420e-01
9.697353e-01
9.704691e-01
9.713991e-01
9.725093e-01
9.738249e-01
9.754458e-01
9.773953e-01
9.796936e-01
9.823563e-01
9.853727e-01
9.886961e-01
9.921970e-01
9.956147e-01
9.984727e-01
9.987688e-01
9.956590e-01
9.922592e-01
9.888582e-01
9.857012e-01
9.829393e-01
9.806413e-01
9.788251e-01
9.774729e-01
9.765794e-01
9.761132e-01
9.760159e-01
9.763695e-01
9.769618e-01
9.780952e-01
9.792104e-01
9.811021e-01
9.829851e-01
9.846186e-01
9.882264e-01
9.922806e-01
9.945306e-01
9.971953e-01
9.994805e-01
9.947167e-01
9.700680e-01
9.660584e-01
9.661735e-01
9.663840e-01
9.667416e-01
9.671085e-01
9.674926e-01
9.679447e-01
9.684662e-01
9.690870e-01
9.698535e-01
9.706840e-01
9.715679e-01
9.726815e-01
9.740103e-01
9.755806e-01
9.774971e-01
9.797779e-01
9.824301e-01
9.854442e-01
9.887641e-01
9.922623e-01
9.956745e-01
9.985193e-01
9.986922e-01
9.926729e-01
9.872832e-01
9.841027e-01
9.813609e-01
9.790516e-01
9.771823e-01
9.757442e-01
9.747161e-01
9.740637e-01
9.737791e-01
9.738303e-01
9.741763e-01
9.748964e-01
9.757828e-01
9.771631e-01
9.784740e-01
9.804879e-01
9.825154e-01
9.841944e-01
9.875592e-01
9.915896e-01
9.939357e-01
9.966475e-01
9.991144e-01
9.947931e-01
9.701454e-01
9.663401e-01
9.664744e-01
9.667229e-01
9.671315e-01
9.675640e-01
9.680168e-01
9.685479e-01
9.691586e-01
9.698822e-01
9.707802e-01
9.717609e-01
9.728061e-01
9.741053e-01
9.756602e-01
9.774863e-01
9.796914e-01
9.822880e-01
9.852547e-01
9.885432e-01
9.920234e-01
9.954466e-01
9.983503e-01
9.989149e-01
9.933078e-01
9.803389e-01
9.710553e-01
9.701451e-01
9.695351e-01
9.691383e-01
9.689428e-01
9.689458e-01
9.691445e-01
9.695286e-01
9.701079e-01
9.708745e-01
9.718228e-01
9.730225e-01
9.743028e-01
9.759919e-01
9.775620e-01
9.796831e-01
9.819561e-01
9.836201e-01
9.867410e-01
9.907349e-01
9.932202e-01
9.959459e-01
9.985820e-01
9.948580e-01
9.702114e-01
9.666960e-01
9.668584e-01
9.671375e-01
9.675984e-01
9.681096e-01
9.686377e-01
9.692532e-01
9.699634e-01
9.707904e-01
9.718302e-01
9.729802e-01
9.742007e-01
9.756840e-01
9.774714e-01
9.795520e-01
9.820288e-01
9.849121e-01
9.881309e-01
9.915790e-01
9.950152e-01
9.980159e-01
9.992723e-01
9.944452e-01
9.826880e-01
9.605534e-01
9.402420e-01
9.404249e-01
9.456470e-01
9.499552e-01
9.535438e-01
9.565851e-01
9.592321e-01
9.615965e-01
9.637744e-01
9.658268e-01
9.678357e-01
9.698604e-01
9.718207e-01
9.739828e-01
9.760595e-01
9.782701e-01
9.809280e-01
9.827486e-01
9.856263e-01
9.895692e-01
9.923046e-01
9.950484e-01
9.978390e-01
9.949143e-01
9.702689e-01
9.671364e-01
9.673291e-01
9.676380e-01
9.681419e-01
9.687432e-01
9.693499e-01
9.700557e-01
9.708709e-01
9.718079e-01
9.729850e-01
9.743214e-01
9.757419e-01
9.773898e-01
9.794053e-01
9.817282e-01
9.844359e-01
9.875477e-01
9.909191e-01
9.943615e-01
9.974793e-01
9.996161e-01
9.959108e-01
9.858768e-01
9.662498e-01
9.332776e-01
8.874292e-01
8.875260e-01
9.008707e-01
9.147834e-01
9.259093e-01
9.348637e-01
9.421446e-01
9.481506e-01
9.531832e-01
9.575015e-01
9.612968e-01
9.646593e-01
9.678130e-01
9.706840e-01
9.736068e-01
9.761596e-01
9.791865e-01
9.815705e-01
9.842159e-01
9.880455e-01
9.911979e-01
9.939691e-01
9.968926e-01
9.949622e-01
9.703175e-01
9.676473e-01
9.678197e-01
9.681193e-01
9.685857e-01
9.692195e-01
9.698233e-01
9.705228e-01
9.713283e-01
9.722403e-01
9.733627e-01
9.747014e-01
9.761221e-01
9.776613e-01
9.795936e-01
9.818362e-01
9.844277e-01
9.874418e-01
9.907410e-01
9.941416e-01
9.972687e-01
9.994991e-01
9.964812e-01
9.872124e-01
9.687516e-01
9.373551e-01
8.897156e-01
8.797141e-01
8.798807e-01
8.982073e-01
9.128655e-01
9.246049e-01
9.340669e-01
9.417742e-01
9.481416e-01
9.534984e-01
9.580839e-01
9.620966e-01
9.657433e-01
9.689656e-01
9.721972e-01
9.749696e-01
9.779987e-01
9.808117e-01
9.832225e-01
9.867387e-01
9.901246e-01
9.928639e-01
9.958554e-01
9.949995e-01
9.703557e-01
9.681600e-01
9.683055e-01
9.685547e-01
9.689739e-01
9.695770e-01
9.701562e-01
9.707964e-01
9.715340e-01
9.723649e-01
9.733397e-01
9.745766e-01
9.758906e-01
9.772382e-01
9.789166e-01
9.809249e-01
9.832452e-01
9.859917e-01
9.891102e-01
9.924389e-01
9.957226e-01
9.984911e-01
9.988321e-01
9.931778e-01
9.802361e-01
9.564830e-01
9.181960e-01
8.856022e-01
8.856548e-01
9.026350e-01
9.162392e-01
9.271530e-01
9.359728e-01
9.431805e-01
9.491625e-01
9.542125e-01
9.585549e-01
9.624050e-01
9.658724e-01
9.690005e-01
9.720715e-01
9.748482e-01
9.776339e-01
9.805406e-01
9.827716e-01
9.858818e-01
9.892325e-01
9.919047e-01
9.948495e-01
9.950290e-01
9.703860e-01
9.686519e-01
9.687966e-01
9.690457e-01
9.694310e-01
9.700445e-01
9.706460e-01
9.712978e-01
9.720439e-01
9.728808e-01
9.738281e-01
9.750659e-01
9.764123e-01
9.777716e-01
9.793733e-01
9.813572e-01
9.836368e-01
9.863126e-01
9.893911e-01
9.926694e-01
9.959040e-01
9.986044e-01
9.987082e-01
9.928552e-01
9.796397e-01
9.555349e-01
9.168368e-01
8.640392e-01
8.639849e-01
8.832377e-01
9.010382e-01
9.152922e-01
9.267405e-01
9.360017e-01
9.435838e-01
9.498781e-01
9.551971e-01
9.598113e-01
9.638424e-01
9.674718e-01
9.708163e-01
9.739606e-01
9.768315e-01
9.799223e-01
9.822929e-01
9.851638e-01
9.884673e-01
9.911693e-01
9.940348e-01
9.950526e-01
9.704103e-01
9.691098e-01
9.692527e-01
9.694716e-01
9.698629e-01
9.704631e-01
9.710929e-01
9.717465e-01
9.724884e-01
9.733267e-01
9.742594e-01
9.754638e-01
9.768377e-01
9.782224e-01
9.797364e-01
9.816783e-01
9.839135e-01
9.865112e-01
9.895316e-01
9.927597e-01
9.959559e-01
9.986244e-01
9.987113e-01
9.928958e-01
9.797702e-01
9.558291e-01
9.173690e-01
8.617985e-01
8.616428e-01
8.645154e-01
8.863389e-01
9.038460e-01
9.178782e-01
9.291660e-01
9.383261e-01
9.458503e-01
9.521317e-01
9.574816e-01
9.620714e-01
9.661777e-01
9.698055e-01
9.732716e-01
9.762629e-01
9.794783e-01
9.820482e-01
9.847502e-01
9.879554e-01
9.906766e-01
9.934300e-01
9.950716e-01
9.704300e-01
9.695255e-01
9.696639e-01
9.698821e-01
9.702475e-01
9.708361e-01
9.714879e-01
9.721350e-01
9.728804e-01
9.737260e-01
9.746487e-01
9.758117e-01
9.772043e-01
9.786140e-01
9.800735e-01
9.819619e-01
9.841583e-01
9.866855e-01
9.896393e-01
9.928244e-01
9.959827e-01
9.986283e-01
9.987350e-01
9.929922e-01
9.800080e-01
9.563000e-01
9.181688e-01
8.629946e-01
8.458053e-01
8.458363e-01
8.715875e-01
8.923372e-01
9.089748e-01
9.223207e-01
9.330899e-01
9.418692e-01
9.491236e-01
9.552142e-01
9.603877e-01
9.649543e-01
9.688926e-01
9.726494e-01
9.758107e-01
9.791212e-01
9.819030e-01
9.845004e-01
9.876115e-01
9.903593e-01
9.929729e-01
9.950870e-01
9.704460e-01
9.698959e-01
9.700122e-01
9.702372e-01
9.705879e-01
9.711150e-01
9.717926e-01
9.724307e-01
9.731655e-01
9.739806e-01
9.748849e-01
9.759648e-01
9.773375e-01
9.787360e-01
9.801229e-01
9.818995e-01
9.840099e-01
9.864298e-01
9.892746e-01
9.924059e-01
9.955566e-01
9.982973e-01
9.991692e-01
9.943146e-01
9.827441e-01
9.610842e-01
9.256054e-01
8.701801e-01
8.100099e-01
8.099220e-01
8.428107e-01
8.696496e-01
8.912936e-01
9.086573e-01
9.225957e-01
9.338526e-01
9.430285e-01
9.505976e-01
9.569322e-01
9.623850e-01
9.669977e-01
9.712796e-01
9.748472e-01
9.783978e-01
9.815129e-01
9.841491e-01
9.872428e-01
9.900702e-01
9.924898e-01
9.950996e-01
9.704591e-01
9.702198e-01
9.702432e-01
9.703429e-01
9.705219e-01
9.708985e-01
9.713797e-01
9.717765e-01
9.722069e-01
9.726914e-01
9.731674e-01
9.737173e-01
9.745093e-01
9.752325e-01
9.757790e-01
9.765365e-01
9.775461e-01
9.787466e-01
9.803394e-01
9.823915e-01
9.848154e-01
9.876098e-01
9.906749e-01
9.938658e-01
9.968897e-01
9.992195e-01
9.976650e-01
9.843463e-01
9.092041e-01
9.090889e-01
9.206460e-01
9.307033e-01
9.388546e-01
9.455370e-01
9.510941e-01
9.558077e-01
9.598901e-01
9.634994e-01
9.667563e-01
9.698085e-01
9.725641e-01
9.753889e-01
9.778431e-01
9.805172e-01
9.829720e-01
9.850573e-01
9.876258e-01
9.901392e-01
9.920812e-01
9.951098e-01
9.704697e-01
9.704989e-01
9.704590e-01
9.704726e-01
9.705657e-01
9.708141e-01
9.711722e-01
9.714063e-01
9.716401e-01
9.718597e-01
9.720490e-01
9.722231e-01
9.725716e-01
9.727757e-01
9.726509e-01
9.725901e-01
9.726409e-01
9.726940e-01
9.729497e-01
9.735015e-01
9.742472e-01
9.752385e-01
9.764533e-01
9.779339e-01
9.797143e-01
9.818313e-01
9.843237e-01
9.872265e-01
9.962144e-01
9.915390e-01
9.881138e-01
9.850340e-01
9.824179e-01
9.803137e-01
9.787259e-01
9.776393e-01
9.770235e-01
9.768306e-01
9.770355e-01
9.776151e-01
9.784052e-01
9.796406e-01
9.808673e-01
9.825194e-01
9.842447e-01
9.857409e-01
9.877543e-01
9.898970e-01
9.917262e-01
9.951182e-01
9.704785e-01
9.707217e-01
9.706350e-01
9.705933e-01
9.706232e-01
9.707932e-01
9.710586e-01
9.711783e-01
9.712740e-01
9.713216e-01
9.712813e-01
9.711902e-01
9.712263e-01
9.710226e-01
9.703778e-01
9.696923e-01
9.689770e-01
9.680867e-01
9.672054e-01
9.663908e-01
9.654775e-01
9.644614e-01
9.632388e-01
9.617679e-01
9.599856e-01
9.578205e-01
9.552089e-01
9.553650e-01
9.728650e-01
9.903770e-01
9.979919e-01
9.989200e-01
9.963512e-01
9.932533e-01
9.901905e-01
9.874767e-01
9.852651e-01
9.836022e-01
9.825064e-01
9.819585e-01
9.818024e-01
9.822314e-01
9.828084e-01
9.839017e-01
9.852015e-01
9.863063e-01
9.879804e-01
9.898743e-01
9.914318e-01
9.951252e-01
9.704861e-01
9.709397e-01
9.708882e-01
9.708899e-01
9.709760e-01
9.712238e-01
9.715664e-01
9.717846e-01
9.719943e-01
9.721809e-01
9.723122e-01
9.724361e-01
9.727260e-01
9.728202e-01
9.725426e-01
9.723393e-01
9.722037e-01
9.720362e-01
9.720623e-01
9.723415e-01
9.727708e-01
9.733873e-01
9.741655e-01
9.751399e-01
9.763446e-01
9.778231e-01
9.796403e-01
9.818904e-01
9.931229e-01
9.861422e-01
9.831570e-01
9.806667e-01
9.786812e-01
9.771906e-01
9.761680e-01
9.755865e-01
9.754135e-01
9.756005e-01
9.761201e-01
9.769668e-01
9.779627e-01
9.793668e-01
9.807088e-01
9.824232e-01
9.842046e-01
9.856290e-01
9.874151e-01
9.894536e-01
9.910011e-01
9.999976e-01
9.999992e-01
7.676847e-01
4.949820e-01
3.545821e-01
2.858379e-01
2.536232e-01
2.393363e-01
2.313055e-01
2.276118e-01
2.258939e-01
2.240865e-01
2.227302e-01
2.246621e-01
2.226785e-01
2.130841e-01
2.040508e-01
1.946852e-01
1.821910e-01
1.717368e-01
1.648870e-01
1.588578e-01
1.538932e-01
1.479404e-01
1.472336e-01
1.755514e-01
2.005217e-01
1.891245e-01
1.258541e-01
4.835098e-02
3.521178e-02
9.065490e-02
1.419394e-01
1.895907e-01
2.352139e-01
2.796020e-01
3.237934e-01
3.678813e-01
4.114785e-01
4.553007e-01
4.995454e-01
5.406076e-01
5.856751e-01
6.243013e-01
6.664095e-01
7.071576e-01
7.375765e-01
7.753607e-01
8.171968e-01
8.569482e-01
9.997648e-01
9.999194e-01
9.999531e-01
9.999569e-01
9.999624e-01
9.999665e-01
9.999700e-01
9.999741e-01
9.999793e-01
9.999832e-01
9.999862e-01
9.999880e-01
9.999859e-01
9.999780e-01
9.999608e-01
9.999298e-01
9.998707e-01
9.997638e-01
9.995966e-01
9.995599e-01
9.996990e-01
9.995730e-01
9.995050e-01
9.995969e-01
9.997470e-01
9.995826e-01
9.994204e-01
9.993787e-01
9.996425e-01
9.999471e-01
9.999730e-01
9.997339e-01
9.993404e-01
9.988429e-01
9.982631e-01
9.976224e-01
9.969188e-01
9.961757e-01
9.953999e-01
9.946063e-01
9.937887e-01
9.930188e-01
9.921707e-01
9.914078e-01
9.911200e-01
9.867137e-01
9.903599e-01
9.942387e-01
9.973125e-01
9.994250e-01
9.982005e-01
9.994363e-01
9.997182e-01
9.997449e-01
9.997805e-01
9.998087e-01
9.998332e-01
9.998607e-01
9.998919e-01
9.999149e-01
9.999315e-01
9.999392e-01
9.999213e-01
9.998643e-01
9.997393e-01
9.995137e-01
9.991008e-01
9.984107e-01
9.974870e-01
9.983322e-01
9.996668e-01
9.994734e-01
9.993112e-01
9.994777e-01
9.996109e-01
9.989264e-01
9.982433e-01
9.979614e-01
9.987467e-01
9.997697e-01
9.999541e-01
9.993253e-01
9.982396e-01
9.968684e-01
9.952693e-01
9.935523e-01
9.916513e-01
9.897550e-01
9.876921e-01
9.857881e-01
9.838554e-01
9.817248e-01
9.802741e-01
9.798250e-01
9.829761e-01
9.251905e-01
9.351916e-01
9.586216e-01
9.793584e-01
9.950481e-01
9.938964e-01
9.985085e-01
9.989198e-01
9.990227e-01
9.991746e-01
9.992903e-01
9.993923e-01
9.995065e-01
9.996301e-01
9.997179e-01
9.997795e-01
9.998081e-01
9.997499e-01
9.995681e-01
9.991825e-01
9.985380e-01
9.975005e-01
9.961264e-01
9.949286e-01
9.972640e-01
9.996357e-01
9.993842e-01
9.991273e-01
9.993684e-01
9.994705e-01
9.981297e-01
9.967439e-01
9.961154e-01
9.975613e-01
9.995212e-01
9.999353e-01
9.988393e-01
9.969002e-01
9.944395e-01
9.915533e-01
9.884691e-01
9.850206e-01
9.816322e-01
9.778581e-01
9.744894e-01
9.710648e-01
9.670211e-01
9.648304e-01
9.650220e-01
9.733005e-01
8.402413e-01
8.347814e-01
8.774369e-01
9.306497e-01
9.821887e-01
9.813854e-01
9.971484e-01
9.956270e-01
9.960154e-01
9.966781e-01
9.971607e-01
9.975934e-01
9.980857e-01
9.986110e-01
9.989730e-01
9.992225e-01
9.993467e-01
9.991749e-01
9.986423e-01
9.976257e-01
9.962963e-01
9.948447e-01
9.939377e-01
9.941472e-01
9.972617e-01
9.996098e-01
9.993199e-01
9.989872e-01
9.992878e-01
9.993524e-01
9.974090e-01
9.953586e-01
9.943946e-01
9.964529e-01
9.992832e-01
9.999210e-01
9.984130e-01
9.957003e-01
9.922317e-01
9.881270e-01
9.837173e-01
9.787254e-01
9.738054e-01
9.682203e-01
9.632465e-01
9.581333e-01
9.518798e-01
9.487366e-01
9.495670e-01
9.636689e-01
7.934930e-01
7.346569e-01
7.386121e-01
7.994185e-01
9.411840e-01
9.321005e-01
9.957719e-01
9.729877e-01
9.743236e-01
9.778879e-01
9.802631e-01
9.824664e-01
9.854368e-01
9.891041e-01
9.917777e-01
9.937463e-01
9.949154e-01
9.942920e-01
9.925369e-01
9.908941e-01
9.910726e-01
9.922805e-01
9.941186e-01
9.960935e-01
9.982644e-01
9.995920e-01
9.992912e-01
9.989189e-01
9.992503e-01
9.992812e-01
9.969739e-01
9.945152e-01
9.933438e-01
9.957797e-01
9.991362e-01
9.999149e-01
9.981732e-01
9.950007e-01
9.909065e-01
9.860083e-01
9.806881e-01
9.745788e-01
9.684759e-01
9.614249e-01
9.550440e-01
9.483650e-01
9.400407e-01
9.357413e-01
9.368297e-01
9.560441e-01
8.519566e-01
7.811450e-01
6.935675e-01
5.072776e-01
-9.999507e-01
SCALARS aspect_ratio double 1
LOOKUP_TABLE default
4.087083e+02
4.087138e+02
3.318579e+02
2.718108e+02
2.224857e+02
1.821544e+02
1.491092e+02
1.220637e+02
9.992264e+01
8.179026e+01
6.694764e+01
5.479612e+01
4.484601e+01
3.670044e+01
3.003133e+01
2.457105e+01
2.010068e+01
1.644073e+01
1.344429e+01
1.099112e+01
8.982759e+00
7.338609e+00
5.992675e+00
4.890948e+00
3.989204e+00
3.251268e+00
2.647517e+00
2.153731e+00
1.750109e+00
1.420470e+00
1.151618e+00
1.072018e+00
1.197098e+00
1.013439e+00
1.204846e+00
1.485919e+00
1.840889e+00
2.283435e+00
2.830772e+00
3.503811e+00
4.328694e+00
5.338718e+00
6.572754e+00
8.078486e+00
9.915810e+00
1.215714e+01
1.489397e+01
1.822338e+01
2.228179e+01
2.491005e+01
3.817375e+02
3.817431e+02
3.235242e+02
2.649039e+02
2.168861e+02
1.775536e+02
1.453315e+02
1.189722e+02
9.738239e+01
7.971027e+01
6.523970e+01
5.339332e+01
4.369409e+01
3.575314e+01
2.925177e+01
2.392890e+01
1.957095e+01
1.600309e+01
1.308205e+01
1.069062e+01
8.732830e+00
7.130103e+00
5.818111e+00
4.744208e+00
3.865284e+00
3.146086e+00
2.557748e+00
2.076671e+00
1.683575e+00
1.362719e+00
1.101274e+00
1.124386e+00
1.171442e+00
1.018358e+00
1.246573e+00
1.545581e+00
1.926613e+00
2.403920e+00
2.995505e+00
3.723655e+00
4.616345e+00
5.709116e+00
7.044277e+00
8.672441e+00
1.065746e+01
1.307924e+01
1.603361e+01
1.962560e+01
2.400346e+01
2.663354e+01
3.419590e+02
3.419642e+02
3.024465e+02
2.476554e+02
2.027425e+02
1.659745e+02
1.358687e+02
1.112282e+02
9.104041e+01
7.452498e+01
6.099697e+01
4.992326e+01
4.085702e+01
3.343391e+01
2.735646e+01
2.238084e+01
1.830713e+01
1.497198e+01
1.224147e+01
1.000601e+01
8.175920e+00
6.677725e+00
5.451302e+00
4.447437e+00
3.625836e+00
2.953534e+00
2.403559e+00
1.953845e+00
1.586362e+00
1.286389e+00
1.041936e+00
1.175467e+00
1.118030e+00
1.081081e+00
1.327125e+00
1.642343e+00
2.038798e+00
2.531713e+00
3.139910e+00
3.886808e+00
4.801656e+00
5.920487e+00
7.287408e+00
8.954733e+00
1.098741e+01
1.346962e+01
1.649752e+01
2.018101e+01
2.467399e+01
2.712354e+01
3.132542e+02
3.132577e+02
2.889917e+02
2.367196e+02
1.937722e+02
1.586130e+02
1.298423e+02
1.062952e+02
8.699875e+01
7.121395e+01
5.828476e+01
4.770066e+01
3.903547e+01
3.194084e+01
2.613221e+01
2.137668e+01
1.748321e+01
1.429561e+01
1.168591e+01
9.549393e+00
7.800309e+00
6.368469e+00
5.196404e+00
4.237085e+00
3.452018e+00
2.809699e+00
2.284374e+00
1.854975e+00
1.504297e+00
1.218312e+00
1.014591e+00
1.210832e+00
1.081376e+00
1.124618e+00
1.386087e+00
1.719354e+00
2.137076e+00
2.655371e+00
3.293957e+00
4.077473e+00
5.037020e+00
6.209707e+00
7.641965e+00
9.389311e+00
1.151896e+01
1.412033e+01
1.729235e+01
2.115212e+01
2.586119e+01
2.820260e+01
2.833027e+02
2.833023e+02
2.724187e+02
2.231528e+02
1.826799e+02
1.495304e+02
1.224101e+02
1.002120e+02
8.202725e+01
6.714376e+01
5.495817e+01
4.498086e+01
3.681244e+01
3.012477e+01
2.464941e+01
2.016654e+01
1.649637e+01
1.349147e+01
1.103136e+01
9.017266e+00
7.368356e+00
6.018465e+00
4.913429e+00
4.008904e+00
3.268607e+00
2.662834e+00
2.167300e+00
1.762147e+00
1.431148e+00
1.161078e+00
1.062499e+00
1.209959e+00
1.033780e+00
1.181024e+00
1.456309e+00
1.803981e+00
2.237499e+00
2.773848e+00
3.433603e+00
4.242459e+00
5.233024e+00
6.443381e+00
7.921389e+00
9.725550e+00
1.192494e+01
1.461225e+01
1.788893e+01
2.187841e+01
2.674737e+01
2.894184e+01
2.582361e+02
2.582340e+02
2.571691e+02
2.105790e+02
1.724106e+02
1.411411e+02
1.155551e+02
9.458810e+01
7.743507e+01
6.338715e+01
5.188623e+01
4.247021e+01
3.476138e+01
2.844996e+01
2.328234e+01
1.905163e+01
1.558777e+01
1.275180e+01
1.042992e+01
8.528957e+00
6.972606e+00
5.698425e+00
4.655291e+00
3.801347e+00
3.102348e+00
2.530252e+00
2.062128e+00
1.679224e+00
1.366216e+00
1.110603e+00
1.108376e+00
1.186808e+00
1.010886e+00
1.236260e+00
1.523070e+00
1.882691e+00
2.329295e+00
2.880535e+00
3.557790e+00
4.387638e+00
5.403819e+00
6.645611e+00
8.161809e+00
1.001329e+01
1.227129e+01
1.503056e+01
1.839504e+01
2.249390e+01
2.749801e+01
2.948844e+01
2.396832e+02
2.396816e+02
2.464811e+02
2.018240e+02
1.652163e+02
1.352686e+02
1.107437e+02
9.064874e+01
7.420835e+01
6.074553e+01
4.972265e+01
4.069839e+01
3.331006e+01
2.726123e+01
2.230841e+01
1.825375e+01
1.493395e+01
1.221597e+01
9.990676e+00
8.168800e+00
6.677220e+00
5.456091e+00
4.456415e+00
3.638083e+00
2.968280e+00
2.420144e+00
1.971701e+00
1.604997e+00
1.305364e+00
1.060840e+00
1.158894e+00
1.158383e+00
1.046845e+00
1.283762e+00
1.583383e+00
1.957567e+00
2.421101e+00
2.992239e+00
3.693260e+00
4.551776e+00
5.602610e+00
6.886748e+00
8.454134e+00
1.036804e+01
1.270306e+01
1.555590e+01
1.903408e+01
2.327313e+01
2.844899e+01
3.023407e+01
2.235319e+02
2.235307e+02
2.378580e+02
1.948500e+02
1.594972e+02
1.305543e+02
1.068878e+02
8.749748e+01
7.162535e+01
5.862728e+01
4.798836e+01
3.927786e+01
3.214519e+01
2.630637e+01
2.152564e+01
1.761159e+01
1.440706e+01
1.178342e+01
9.635422e+00
7.876823e+00
6.437092e+00
5.258433e+00
4.293573e+00
3.503789e+00
2.857415e+00
2.328531e+00
1.895936e+00
1.542312e+00
1.253517e+00
1.018036e+00
1.197831e+00
1.124526e+00
1.081819e+00
1.329503e+00
1.642262e+00
2.032404e+00
2.515286e+00
3.109765e+00
3.839098e+00
4.732024e+00
5.824407e+00
7.159396e+00
8.788398e+00
1.077682e+01
1.320373e+01
1.616783e+01
1.978076e+01
2.418529e+01
2.956299e+01
3.116670e+01
2.079533e+02
2.079528e+02
2.295710e+02
1.881178e+02
1.539814e+02
1.260337e+02
1.031775e+02
8.446250e+01
6.913738e+01
5.658972e+01
4.631903e+01
3.790943e+01
3.102421e+01
2.538722e+01
2.077212e+01
1.699345e+01
1.389987e+01
1.136708e+01
9.293470e+00
7.595809e+00
6.205995e+00
5.068245e+00
4.136924e+00
3.374659e+00
2.750880e+00
2.240583e+00
1.823313e+00
1.482361e+00
1.204100e+00
1.023069e+00
1.221037e+00
1.089364e+00
1.120665e+00
1.380569e+00
1.708002e+00
2.115722e+00
2.619749e+00
3.239628e+00
3.999618e+00
4.929804e+00
6.066998e+00
7.456491e+00
9.151754e+00
1.122018e+01
1.374558e+01
1.682889e+01
2.058636e+01
2.516853e+01
3.076336e+01
3.219149e+01
1.926778e+02
1.926818e+02
2.209007e+02
1.810028e+02
1.481393e+02
1.212975e+02
9.926853e+01
8.127428e+01
6.652315e+01
5.445212e+01
4.456942e+01
3.647751e+01
2.985261e+01
2.442836e+01
1.998755e+01
1.635160e+01
1.337489e+01
1.093780e+01
8.942533e+00
7.309071e+00
5.971834e+00
4.877145e+00
3.981086e+00
3.247700e+00
2.647572e+00
2.156644e+00
1.755249e+00
1.427323e+00
1.159784e+00
1.061493e+00
1.220244e+00
1.044590e+00
1.176141e+00
1.457408e+00
1.810966e+00
2.248885e+00
2.786603e+00
3.443106e+00
4.242659e+00
5.216224e+00
6.400541e+00
7.841207e+00
9.593418e+00
1.172537e+01
1.432539e+01
1.749401e+01
2.135572e+01
2.606979e+01
3.183426e+01
3.321077e+01
1.788874e+02
1.788815e+02
1.987433e+02
1.628369e+02
1.333346e+02
1.092254e+02
8.942229e+01
7.325087e+01
6.000105e+01
4.915463e+01
4.027426e+01
3.300396e+01
2.705155e+01
2.217853e+01
1.818924e+01
1.492364e+01
1.225071e+01
1.006308e+01
8.272894e+00
6.808212e+00
5.610176e+00
4.630612e+00
3.830146e+00
3.176578e+00
2.643593e+00
2.209692e+00
1.857311e+00
1.572108e+00
1.342413e+00
1.172290e+00
1.143496e+00
1.247356e+00
1.421271e+00
1.673566e+00
2.015972e+00
2.460310e+00
3.021009e+00
3.716852e+00
4.573003e+00
5.622096e+00
6.903993e+00
8.466917e+00
1.037140e+01
1.269171e+01
1.552360e+01
1.897166e+01
2.318530e+01
2.832419e+01
3.460915e+01
3.865776e+01
1.676630e+02
1.676588e+02
1.687424e+02
1.382693e+02
1.132019e+02
9.272431e+01
7.593030e+01
6.219418e+01
5.094617e+01
4.173685e+01
3.419681e+01
2.802476e+01
2.297126e+01
1.883437e+01
1.544771e+01
1.267572e+01
1.040688e+01
8.550199e+00
7.031113e+00
5.788547e+00
4.772618e+00
3.942491e+00
3.264791e+00
2.712245e+00
2.262554e+00
1.897497e+00
1.602184e+00
1.364471e+00
1.178876e+00
1.125478e+00
1.229624e+00
1.398794e+00
1.633348e+00
1.945733e+00
2.349720e+00
2.861567e+00
3.501265e+00
4.293772e+00
5.270334e+00
6.469565e+00
7.938298e+00
9.735338e+00
1.193055e+01
1.461420e+01
1.788914e+01
2.188886e+01
2.679215e+01
3.274161e+01
4.004011e+01
4.900995e+01
1.588327e+02
1.588316e+02
1.534766e+02
1.257442e+02
1.029069e+02
8.426110e+01
6.898039e+01
5.647380e+01
4.623069e+01
3.784688e+01
3.098178e+01
2.536222e+01
2.076080e+01
1.699358e+01
1.390926e+01
1.138408e+01
9.316676e+00
7.624074e+00
6.238307e+00
5.103770e+00
4.174939e+00
3.414525e+00
2.792017e+00
2.282432e+00
1.865322e+00
1.523953e+00
1.244646e+00
1.016246e+00
1.175759e+00
1.057333e+00
1.149513e+00
1.403635e+00
1.718375e+00
2.106320e+00
2.582985e+00
3.167422e+00
3.883072e+00
4.758524e+00
5.828759e+00
7.137088e+00
8.735124e+00
1.068815e+01
1.307219e+01
1.598758e+01
1.954030e+01
2.389381e+01
2.922500e+01
3.567698e+01
4.362737e+01
5.338357e+01
1.511666e+02
1.511665e+02
1.488711e+02
1.219355e+02
9.981296e+01
8.172302e+01
6.689454e+01
5.476576e+01
4.483261e+01
3.670023e+01
3.004211e+01
2.459099e+01
2.012814e+01
1.647411e+01
1.348268e+01
1.103339e+01
9.028217e+00
7.386564e+00
6.042535e+00
4.942209e+00
4.041426e+00
3.304032e+00
2.700435e+00
2.206414e+00
1.802145e+00
1.471412e+00
1.200960e+00
1.020412e+00
1.193817e+00
1.039114e+00
1.173206e+00
1.434873e+00
1.757882e+00
2.155159e+00
2.642609e+00
3.239740e+00
3.970528e+00
4.864226e+00
5.956492e+00
7.291567e+00
8.922334e+00
1.091499e+01
1.334800e+01
1.632285e+01
1.994757e+01
2.439168e+01
2.983070e+01
3.641345e+01
4.452873e+01
5.447689e+01
1.447208e+02
1.447206e+02
1.457424e+02
1.193058e+02
9.770583e+01
7.998700e+01
6.547363e+01
5.360426e+01
4.388033e+01
3.591986e+01
2.940409e+01
2.406826e+01
1.970034e+01
1.612385e+01
1.319590e+01
1.079865e+01
8.836054e+00
7.229257e+00
5.913765e+00
4.836812e+00
3.955162e+00
3.233435e+00
2.642669e+00
2.159156e+00
1.763497e+00
1.439819e+00
1.175152e+00
1.042810e+00
1.191957e+00
1.016205e+00
1.200193e+00
1.468230e+00
1.798929e+00
2.205524e+00
2.704293e+00
3.315195e+00
4.062752e+00
4.976935e+00
6.094157e+00
7.459611e+00
9.127654e+00
1.116547e+01
1.365416e+01
1.669653e+01
2.040364e+01
2.494984e+01
3.051195e+01
3.724333e+01
4.554353e+01
5.571289e+01
1.386644e+02
1.386642e+02
1.427699e+02
1.168847e+02
9.570084e+01
7.834720e+01
6.414096e+01
5.251012e+01
4.298444e+01
3.518665e+01
2.880320e+01
2.357650e+01
1.929778e+01
1.579427e+01
1.292607e+01
1.057777e+01
8.655238e+00
7.081240e+00
5.792596e+00
4.737636e+00
3.873990e+00
3.167005e+00
2.588313e+00
2.114690e+00
1.727132e+00
1.410096e+00
1.150875e+00
1.064794e+00
1.183513e+00
1.007186e+00
1.228922e+00
1.503703e+00
1.842555e+00
2.259040e+00
2.769826e+00
3.395351e+00
4.160719e+00
5.096655e+00
6.240413e+00
7.638138e+00
9.345793e+00
1.143157e+01
1.397948e+01
1.709377e+01
2.088843e+01
2.554287e+01
3.123665e+01
3.812489e+01
4.662345e+01
5.702711e+01
1.326930e+02
1.326928e+02
1.396460e+02
1.143815e+02
9.362510e+01
7.665348e+01
6.275087e+01
5.137155e+01
4.205382e+01
3.442523e+01
2.817921e+01
2.306593e+01
1.887940e+01
1.545193e+01
1.264582e+01
1.034833e+01
8.467412e+00
6.927484e+00
5.666743e+00
4.634622e+00
3.789679e+00
3.098009e+00
2.531860e+00
2.068509e+00
1.689367e+00
1.379227e+00
1.125664e+00
1.088626e+00
1.171011e+00
1.029628e+00
1.256798e+00
1.538122e+00
1.884880e+00
2.310953e+00
2.833389e+00
3.473094e+00
4.255719e+00
5.212715e+00
6.382207e+00
7.811186e+00
9.557211e+00
1.168945e+01
1.429483e+01
1.747860e+01
2.135849e+01
2.611799e+01
3.193787e+01
3.897969e+01
4.767086e+01
5.829977e+01
1.269471e+02
1.269469e+02
1.365615e+02
1.118738e+02
9.159046e+01
7.497724e+01
6.137383e+01
5.024803e+01
4.113076e+01
3.367066e+01
2.756195e+01
2.256045e+01
1.846551e+01
1.511304e+01
1.236838e+01
1.012123e+01
8.281498e+00
6.775282e+00
5.542158e+00
4.532640e+00
3.706210e+00
3.029698e+00
2.475962e+00
2.022779e+00
1.651967e+00
1.348653e+00
1.100694e+00
1.113307e+00
1.153282e+00
1.052309e+00
1.284955e+00
1.572874e+00
1.927608e+00
2.363353e+00
2.897549e+00
3.551573e+00
4.351628e+00
5.329881e+00
6.525373e+00
7.985921e+00
9.770756e+00
1.194994e+01
1.461335e+01
1.786701e+01
2.183347e+01
2.669813e+01
3.264471e+01
3.984519e+01
4.872736e+01
5.958508e+01
1.214454e+02
1.214453e+02
1.335492e+02
1.094275e+02
8.957930e+01
7.332901e+01
6.002924e+01
4.914441e+01
4.022870e+01
3.293075e+01
2.695635e+01
2.206482e+01
1.805982e+01
1.478090e+01
1.209640e+01
9.898592e+00
8.099238e+00
6.626086e+00
5.420027e+00
4.432669e+00
3.624386e+00
2.962735e+00
2.421168e+00
1.977953e+00
1.615307e+00
1.318686e+00
1.076225e+00
1.137837e+00
1.131069e+00
1.075471e+00
1.313687e+00
1.608320e+00
1.971171e+00
2.416768e+00
2.962943e+00
3.631566e+00
4.449383e+00
5.449284e+00
6.671275e+00
8.164033e+00
9.988360e+00
1.221546e+01
1.493791e+01
1.826251e+01
2.231785e+01
2.729021e+01
3.336535e+01
4.072831e+01
4.980009e+01
6.089614e+01
1.163623e+02
1.163621e+02
1.308174e+02
1.072161e+02
8.773979e+01
7.182600e+01
5.880456e+01
4.813782e+01
3.940804e+01
3.225801e+01
2.640497e+01
2.161362e+01
1.769042e+01
1.447847e+01
1.184884e+01
9.695877e+00
7.933298e+00
6.490237e+00
5.308817e+00
4.341634e+00
3.549870e+00
2.901747e+00
2.371259e+00
1.937120e+00
1.581910e+00
1.291386e+00
1.053932e+00
1.157589e+00
1.105620e+00
1.100921e+00
1.345203e+00
1.647162e+00
2.018889e+00
2.475266e+00
3.034553e+00
3.719172e+00
4.556468e+00
5.580090e+00
6.831140e+00
8.359236e+00
1.022683e+01
1.250651e+01
1.529361e+01
1.869592e+01
2.284887e+01
2.793990e+01
3.415508e+01
4.169562e+01
5.097525e+01
6.233604e+01
1.117475e+02
1.117474e+02
1.284532e+02
1.052613e+02
8.615178e+01
7.052807e+01
5.773669e+01
4.726445e+01
3.869159e+01
3.167378e+01
2.592567e+01
2.122108e+01
1.736914e+01
1.421538e+01
1.163349e+01
9.519556e+00
7.788941e+00
6.372038e+00
5.212050e+00
4.262410e+00
3.485012e+00
2.848653e+00
2.327802e+00
1.901558e+00
1.552818e+00
1.267603e+00
1.034511e+00
1.169084e+00
1.077970e+00
1.129768e+00
1.380864e+00
1.691069e+00
2.072805e+00
2.541353e+00
3.115460e+00
3.818151e+00
4.677491e+00
5.727947e+00
7.011876e+00
8.579970e+00
1.049656e+01
1.283573e+01
1.569607e+01
1.918670e+01
2.344936e+01
2.867338e+01
3.504871e+01
4.278669e+01
5.231525e+01
6.396174e+01
1.071665e+02
1.071664e+02
1.259762e+02
1.031778e+02
8.448752e+01
6.915740e+01
5.661868e+01
4.634558e+01
3.793863e+01
3.105709e+01
2.542113e+01
2.080811e+01
1.703094e+01
1.393865e+01
1.140679e+01
9.334009e+00
7.637001e+00
6.247651e+00
5.110216e+00
4.179044e+00
3.416765e+00
2.792790e+00
2.282082e+00
1.864147e+00
1.522217e+00
1.242589e+00
1.014089e+00
1.176478e+00
1.052209e+00
1.158013e+00
1.415778e+00
1.734056e+00
2.125583e+00
2.606031e+00
3.194623e+00
3.914982e+00
4.795883e+00
5.872577e+00
7.188633e+00
8.795874e+00
1.076030e+01
1.315779e+01
1.608953e+01
1.966626e+01
2.403673e+01
2.939107e+01
3.592076e+01
4.385774e+01
5.362473e+01
6.554911e+01
1.025769e+02
1.025767e+02
1.233269e+02
1.009658e+02
8.268662e+01
6.768404e+01
5.541435e+01
4.535744e+01
3.713087e+01
3.039541e+01
2.487956e+01
2.036465e+01
1.666793e+01
1.364152e+01
1.116343e+01
9.134811e+00
7.473928e+00
6.114144e+00
5.000926e+00
4.089583e+00
3.343539e+00
2.732862e+00
2.233043e+00
1.824028e+00
1.489409e+00
1.215776e+00
1.007858e+00
1.180458e+00
1.028859e+00
1.184855e+00
1.448969e+00
1.774917e+00
2.175742e+00
2.667485e+00
3.269824e+00
4.006938e+00
4.908287e+00
6.009880e+00
7.356350e+00
9.000779e+00
1.101046e+01
1.346341e+01
1.646288e+01
2.012072e+01
2.459403e+01
3.007115e+01
3.674753e+01
4.487324e+01
5.485784e+01
6.706224e+01
9.796733e+01
9.796709e+01
1.204442e+02
9.861081e+01
8.072532e+01
6.610240e+01
5.411032e+01
4.429242e+01
3.626062e+01
2.968185e+01
2.429541e+01
1.988649e+01
1.627625e+01
1.332096e+01
1.090100e+01
8.919971e+00
7.298070e+00
5.970188e+00
4.883094e+00
3.993136e+00
3.264609e+00
2.668273e+00
2.180200e+00
1.780807e+00
1.454072e+00
1.186900e+00
1.032373e+00
1.181490e+00
1.008220e+00
1.209643e+00
1.479635e+00
1.812672e+00
2.222081e+00
2.724244e+00
3.339256e+00
4.091793e+00
5.012002e+00
6.136538e+00
7.510980e+00
9.189670e+00
1.124102e+01
1.374511e+01
1.680672e+01
2.053959e+01
2.510770e+01
3.069746e+01
3.751109e+01
4.580242e+01
5.600064e+01
6.844804e+01
9.331032e+01
9.330982e+01
1.172833e+02
9.605483e+01
7.863694e+01
6.437353e+01
5.270155e+01
4.314079e+01
3.531699e+01
2.890900e+01
2.366227e+01
1.936835e+01
1.585176e+01
1.297345e+01
1.061646e+01
8.686916e+00
7.107229e+00
5.813897e+00
4.755102e+00
3.888311e+00
3.178757e+00
2.597966e+00
2.122628e+00
1.733673e+00
1.415499e+00
1.155354e+00
1.060583e+00
1.180744e+00
1.008944e+00
1.231127e+00
1.506330e+00
1.845601e+00
2.262512e+00
2.773747e+00
3.399762e+00
4.165671e+00
5.102200e+00
6.246610e+00
7.645193e+00
9.353569e+00
1.144081e+01
1.398918e+01
1.710459e+01
2.090246e+01
2.555193e+01
3.123979e+01
3.817079e+01
4.661142e+01
5.698243e+01
6.964686e+01
8.879365e+01
8.879275e+01
1.145697e+02
9.386220e+01
7.685151e+01
6.290215e+01
5.149032e+01
4.215056e+01
3.449983e+01
2.824024e+01
2.311271e+01
1.891605e+01
1.547956e+01
1.266653e+01
1.036332e+01
8.477710e+00
6.934082e+00
5.670355e+00
4.635879e+00
3.789099e+00
3.096041e+00
2.528896e+00
2.064900e+00
1.685437e+00
1.375289e+00
1.122026e+00
1.092233e+00
1.184106e+00
1.019230e+00
1.246533e+00
1.527008e+00
1.871903e+00
2.295020e+00
2.813297e+00
3.447488e+00
4.223044e+00
5.171103e+00
6.329407e+00
7.744701e+00
9.473598e+00
1.158539e+01
1.416421e+01
1.731672e+01
2.115884e+01
2.586385e+01
3.161893e+01
3.862436e+01
4.717546e+01
5.765979e+01
7.046648e+01
8.445674e+01
8.445606e+01
1.129249e+02
9.257504e+01
7.573947e+01
6.201692e+01
5.075516e+01
4.154818e+01
3.400160e+01
2.783022e+01
2.277451e+01
1.863652e+01
1.524841e+01
1.247469e+01
1.020386e+01
8.344854e+00
6.823083e+00
5.577387e+00
4.557805e+00
3.723386e+00
3.040654e+00
2.482200e+00
2.025616e+00
1.652582e+00
1.348137e+00
1.100085e+00
1.112938e+00
1.189335e+00
1.021309e+00
1.251235e+00
1.533908e+00
1.880667e+00
2.305398e+00
2.825117e+00
3.460654e+00
4.237514e+00
5.186914e+00
6.346687e+00
7.763570e+00
9.494343e+00
1.160834e+01
1.418982e+01
1.734520e+01
2.119158e+01
2.590132e+01
3.166143e+01
3.866900e+01
4.722905e+01
5.773220e+01
7.052825e+01
8.058802e+01
8.058748e+01
1.128839e+02
9.253373e+01
7.571377e+01
6.198042e+01
5.073645e+01
4.151870e+01
3.398056e+01
2.780959e+01
2.275458e+01
1.861721e+01
1.523042e+01
1.245747e+01
1.018741e+01
8.329165e+00
6.808105e+00
5.563159e+00
4.544362e+00
3.710819e+00
3.029057e+00
2.471719e+00
2.016437e+00
1.644948e+00
1.342352e+00
1.096523e+00
1.114040e+00
1.193643e+00
1.018002e+00
1.248022e+00
1.530027e+00
1.875339e+00
2.297797e+00
2.814342e+00
3.445683e+00
4.217182e+00
5.159834e+00
6.311208e+00
7.717780e+00
9.435777e+00
1.153423e+01
1.409662e+01
1.722847e+01
2.104687e+01
2.572096e+01
3.143777e+01
3.839452e+01
4.688930e+01
5.730357e+01
7.001622e+01
7.707149e+01
7.707104e+01
1.144848e+02
9.373772e+01
7.675595e+01
6.282043e+01
5.142049e+01
4.207106e+01
3.443542e+01
2.817586e+01
2.305320e+01
1.885839e+01
1.542491e+01
1.261410e+01
1.031310e+01
8.429648e+00
6.888062e+00
5.626565e+00
4.594455e+00
3.750319e+00
3.060240e+00
2.496537e+00
2.036587e+00
1.661940e+00
1.357570e+00
1.111272e+00
1.095088e+00
1.196063e+00
1.008690e+00
1.236058e+00
1.514208e+00
1.854329e+00
2.270059e+00
2.778082e+00
3.398780e+00
4.157104e+00
5.083509e+00
6.214915e+00
7.597125e+00
9.285154e+00
1.134714e+01
1.386505e+01
1.694222e+01
2.069447e+01
2.528637e+01
3.090321e+01
3.773966e+01
4.608704e+01
5.631579e+01
6.879842e+01
7.390820e+01
7.390781e+01
1.179657e+02
9.663200e+01
7.908138e+01
6.474053e+01
5.297744e+01
4.335181e+01
3.547762e+01
2.902393e+01
2.374526e+01
1.942140e+01
1.588233e+01
1.298561e+01
1.061419e+01
8.673290e+00
7.084949e+00
5.785433e+00
4.722571e+00
3.853679e+00
3.143856e+00
2.564620e+00
2.092731e+00
1.709263e+00
1.398831e+00
1.148961e+00
1.053114e+00
1.186799e+00
1.005181e+00
1.216338e+00
1.486952e+00
1.817602e+00
2.221550e+00
2.715022e+00
3.317827e+00
4.054215e+00
4.953711e+00
6.052272e+00
7.394389e+00
9.033317e+00
1.103563e+01
1.348024e+01
1.646812e+01
2.011235e+01
2.457056e+01
3.002174e+01
3.666340e+01
4.476458e+01
5.471185e+01
6.680435e+01
7.095540e+01
7.095506e+01
1.237444e+02
1.014819e+02
8.302861e+01
6.795564e+01
5.561526e+01
4.550472e+01
3.723201e+01
3.045580e+01
2.491466e+01
2.037387e+01
1.665833e+01
1.361705e+01
1.112743e+01
9.090108e+00
7.423173e+00
6.059652e+00
4.944921e+00
4.034205e+00
3.290898e+00
2.685172e+00
2.192728e+00
1.793814e+00
1.472404e+00
1.215515e+00
1.012629e+00
1.146935e+00
1.022358e+00
1.189017e+00
1.446824e+00
1.761982e+00
2.147147e+00
2.617800e+00
3.192851e+00
3.895433e+00
4.753703e+00
5.802093e+00
7.082990e+00
8.647193e+00
1.055860e+01
1.289177e+01
1.574404e+01
1.922419e+01
2.347873e+01
2.867918e+01
3.502921e+01
4.275949e+01
5.224789e+01
6.379453e+01
6.521684e+01
6.521654e+01
1.269135e+02
1.039324e+02
8.516451e+01
6.962859e+01
5.701038e+01
4.663316e+01
3.814755e+01
3.120416e+01
2.552253e+01
2.086859e+01
1.705956e+01
1.394169e+01
1.138986e+01
9.302004e+00
7.593971e+00
6.197331e+00
5.056101e+00
4.124507e+00
3.365042e+00
2.747250e+00
2.246336e+00
1.842189e+00
1.518515e+00
1.262097e+00
1.062145e+00
1.097221e+00
1.079035e+00
1.110111e+00
1.337893e+00
1.617277e+00
1.959541e+00
2.378462e+00
2.890902e+00
3.517463e+00
4.283345e+00
5.219383e+00
6.363135e+00
7.760351e+00
9.467894e+00
1.155286e+01
1.410114e+01
1.721274e+01
2.101308e+01
2.566052e+01
3.134037e+01
3.824702e+01
4.672196e+01
5.704754e+01
5.365633e+01
5.365610e+01
1.169867e+02
9.590016e+01
7.853063e+01
6.419691e+01
5.256856e+01
4.300743e+01
3.517729e+01
2.877883e+01
2.353661e+01
1.924635e+01
1.573411e+01
1.285863e+01
1.050545e+01
8.580070e+00
7.004826e+00
5.716807e+00
4.664170e+00
3.804839e+00
3.104171e+00
2.534068e+00
2.071624e+00
1.698280e+00
1.398992e+00
1.161563e+00
1.024547e+00
1.198866e+00
1.305300e+00
1.115356e+00
1.075417e+00
1.295208e+00
1.564877e+00
1.895305e+00
2.299810e+00
2.794673e+00
3.399837e+00
4.139648e+00
5.043708e+00
6.148542e+00
7.498503e+00
9.147633e+00
1.116236e+01
1.362375e+01
1.662830e+01
2.030428e+01
2.479334e+01
3.026014e+01
3.696116e+01
4.446477e+01
4.394896e+01
4.394878e+01
1.055082e+02
8.673066e+01
7.096085e+01
5.798873e+01
4.749708e+01
3.885331e+01
3.178911e+01
2.600686e+01
2.127168e+01
1.739623e+01
1.422323e+01
1.162589e+01
9.499983e+00
7.760237e+00
6.336882e+00
5.172708e+00
4.220928e+00
3.443509e+00
2.809136e+00
2.292336e+00
1.872341e+00
1.532299e+00
1.258539e+00
1.039988e+00
1.152531e+00
1.362074e+00
1.567043e+00
1.417555e+00
1.180183e+00
1.021563e+00
1.235237e+00
1.496970e+00
1.817316e+00
2.209176e+00
2.688330e+00
3.274018e+00
3.989773e+00
4.864543e+00
5.933070e+00
7.238864e+00
8.833425e+00
1.078230e+01
1.316056e+01
1.606925e+01
1.962188e+01
2.395515e+01
2.925155e+01
3.390781e+01
3.596680e+01
3.596665e+01
9.375628e+01
7.712375e+01
6.301964e+01
5.154638e+01
4.221691e+01
3.452855e+01
2.825850e+01
2.311170e+01
1.890449e+01
1.546126e+01
1.264007e+01
1.033252e+01
8.442961e+00
6.896776e+00
5.631748e+00
4.597055e+00
3.751186e+00
3.060275e+00
2.496528e+00
2.037297e+00
1.664117e+00
1.362014e+00
1.118837e+00
1.081377e+00
1.295752e+00
1.530669e+00
1.773512e+00
1.739654e+00
1.457054e+00
1.213959e+00
1.007431e+00
1.199775e+00
1.453575e+00
1.764260e+00
2.144339e+00
2.609097e+00
3.177269e+00
3.871747e+00
4.720180e+00
5.757234e+00
7.023504e+00
8.571586e+00
1.046087e+01
1.277074e+01
1.559200e+01
1.903736e+01
2.324215e+01
2.604839e+01
2.943333e+01
2.943321e+01
8.262188e+01
6.783360e+01
5.545278e+01
4.539780e+01
3.716001e+01
3.041076e+01
2.487740e+01
2.034306e+01
1.664426e+01
1.361060e+01
1.112814e+01
9.096633e+00
7.433129e+00
6.072080e+00
4.958296e+00
4.047361e+00
3.302667e+00
2.694358e+00
2.198039e+00
1.793715e+00
1.465152e+00
1.199146e+00
1.015230e+00
1.228423e+00
1.472182e+00
1.739519e+00
2.016398e+00
2.130672e+00
1.798282e+00
1.504965e+00
1.253262e+00
1.039633e+00
1.162988e+00
1.409370e+00
1.710955e+00
2.079909e+00
2.531115e+00
3.082673e+00
3.756718e+00
4.580637e+00
5.586889e+00
6.816928e+00
8.318936e+00
1.015399e+01
1.239609e+01
1.513484e+01
1.847697e+01
2.052648e+01
2.412357e+01
2.412347e+01
7.228658e+01
5.907992e+01
4.850660e+01
3.968836e+01
3.244560e+01
2.656940e+01
2.172837e+01
1.777281e+01
1.454165e+01
1.188979e+01
9.722081e+00
7.946872e+00
6.493942e+00
5.304909e+00
4.331891e+00
3.536087e+00
2.885502e+00
2.354018e+00
1.920409e+00
1.567144e+00
1.280072e+00
1.047627e+00
1.162152e+00
1.406391e+00
1.685840e+00
1.992664e+00
2.310731e+00
2.557677e+00
2.211321e+00
1.859098e+00
1.553686e+00
1.292388e+00
1.071149e+00
1.129548e+00
1.369590e+00
1.663400e+00
2.022822e+00
2.462273e+00
2.999477e+00
3.656128e+00
4.458383e+00
5.438816e+00
6.636633e+00
8.099298e+00
9.887503e+00
1.207003e+01
1.473632e+01
1.661828e+01
1.974015e+01
1.974007e+01
6.244465e+01
5.107871e+01
4.193627e+01
3.426975e+01
2.803707e+01
2.295584e+01
1.878026e+01
1.535873e+01
1.256708e+01
1.027510e+01
8.402342e+00
6.868483e+00
5.613142e+00
4.585573e+00
3.744729e+00
3.057000e+00
2.494693e+00
2.035258e+00
1.660354e+00
1.354822e+00
1.106425e+00
1.104795e+00
1.346067e+00
1.630927e+00
1.958641e+00
2.321362e+00
2.692251e+00
2.980539e+00
2.669140e+00
2.264021e+00
1.905409e+00
1.593623e+00
1.326369e+00
1.099771e+00
1.099826e+00
1.333281e+00
1.619065e+00
1.968663e+00
2.396225e+00
2.918954e+00
3.557826e+00
4.338563e+00
5.292712e+00
6.457799e+00
7.882084e+00
9.621631e+00
1.174609e+01
1.366465e+01
1.615648e+01
1.615641e+01
5.286297e+01
4.341224e+01
3.555059e+01
2.903785e+01
2.379463e+01
1.947680e+01
1.594057e+01
1.304268e+01
1.067284e+01
8.731135e+00
7.144408e+00
5.843559e+00
4.779503e+00
3.907963e+00
3.194671e+00
2.610938e+00
2.133224e+00
1.742312e+00
1.422585e+00
1.161142e+00
1.055427e+00
1.293653e+00
1.585534e+00
1.942289e+00
2.376341e+00
2.900282e+00
3.484558e+00
3.881432e+00
3.674967e+00
3.044704e+00
2.516244e+00
2.075163e+00
1.708623e+00
1.405042e+00
1.154261e+00
1.055396e+00
1.286453e+00
1.568787e+00
1.913843e+00
2.335393e+00
2.850432e+00
3.479588e+00
4.248255e+00
5.186664e+00
6.333038e+00
7.734659e+00
9.444292e+00
1.135863e+01
1.322058e+01
1.322053e+01
4.379125e+01
3.602257e+01
2.942861e+01
2.410011e+01
1.972482e+01
1.615013e+01
1.321853e+01
1.082346e+01
8.856301e+00
7.248682e+00
5.932927e+00
4.855355e+00
3.973474e+00
3.251399e+00
2.660227e+00
2.176416e+00
1.780394e+00
1.456204e+00
1.190877e+00
1.027005e+00
1.256313e+00
1.537172e+00
1.881277e+00
2.302986e+00
2.819906e+00
3.453641e+00
4.158360e+00
4.744075e+00
4.878188e+00
3.985467e+00
3.251398e+00
2.653042e+00
2.165436e+00
1.768027e+00
1.444034e+00
1.179782e+00
1.037156e+00
1.268707e+00
1.551638e+00
1.897172e+00
2.319313e+00
2.834762e+00
3.464414e+00
4.232924e+00
5.171513e+00
6.318018e+00
7.718325e+00
9.419935e+00
1.083913e+01
1.083909e+01
3.595004e+01
2.957892e+01
2.415953e+01
1.979169e+01
1.619772e+01
1.326375e+01
1.085720e+01
8.890827e+00
7.277468e+00
5.957114e+00
4.876919e+00
3.992763e+00
3.268765e+00
2.676178e+00
2.191012e+00
1.793910e+00
1.468899e+00
1.202836e+00
1.015148e+00
1.239431e+00
1.513016e+00
1.846598e+00
2.253096e+00
2.748068e+00
3.350202e+00
4.081966e+00
4.852944e+00
5.548784e+00
5.886124e+00
4.859994e+00
3.979564e+00
3.250598e+00
2.651956e+00
2.162598e+00
1.763548e+00
1.438486e+00
1.173759e+00
1.043639e+00
1.277953e+00
1.564199e+00
1.913954e+00
2.340985e+00
2.862701e+00
3.499282e+00
4.277097e+00
5.226185e+00
6.386173e+00
7.795277e+00
1.530745e+01
1.530739e+01
5.080577e+01
4.180412e+01
3.413864e+01
2.796903e+01
2.288686e+01
1.873986e+01
1.533805e+01
1.255833e+01
1.027821e+01
8.412180e+00
6.884978e+00
5.635418e+00
4.611916e+00
3.774317e+00
3.088442e+00
2.527123e+00
2.067662e+00
1.691542e+00
1.383721e+00
1.131754e+00
1.080448e+00
1.321385e+00
1.616320e+00
1.977425e+00
2.419636e+00
2.961332e+00
3.433800e+00
3.870582e+00
4.097234e+00
3.361884e+00
2.744077e+00
2.240438e+00
1.829785e+00
1.494838e+00
1.221535e+00
1.001550e+00
1.225042e+00
1.498053e+00
1.831622e+00
2.239042e+00
2.736730e+00
3.344424e+00
4.086838e+00
4.992851e+00
6.099875e+00
7.451220e+00
9.101441e+00
1.110853e+01
3.327406e+00
3.328301e+00
1.220518e+00
1.014034e+00
1.316222e+00
1.613241e+00
1.872903e+00
2.093179e+00
2.277626e+00
2.435335e+00
2.568560e+00
2.680235e+00
2.774311e+00
2.855637e+00
2.924619e+00
2.981561e+00
3.027195e+00
3.063405e+00
3.090903e+00
3.110827e+00
3.124702e+00
3.133377e+00
3.137280e+00
3.136335e+00
3.195631e+00
3.490930e+00
3.483014e+00
3.162502e+00
2.840537e+00
2.395142e+00
1.928076e+00
1.884103e+00
1.850086e+00
1.812341e+00
1.771781e+00
1.729452e+00
1.685887e+00
1.642574e+00
1.600029e+00
1.560410e+00
1.523644e+00
1.491751e+00
1.468109e+00
1.446773e+00
1.412746e+00
1.383981e+00
1.324964e+00
1.183020e+00
1.102180e+00
2.000633e+00
2.357377e+00
2.307863e+00
4.160792e+00
3.411497e+00
2.781729e+00
2.273121e+00
1.858536e+00
1.517705e+00
1.237362e+00
1.009972e+00
1.212521e+00
1.485208e+00
1.818892e+00
2.225428e+00
2.720886e+00
3.323989e+00
4.055866e+00
4.939716e+00
5.999105e+00
6.774384e+00
6.488011e+00
5.797580e+00
5.285686e+00
4.971285e+00
4.706675e+00
3.856532e+00
3.291969e+00
2.974666e+00
2.708659e+00
2.610652e+00
2.624528e+00
2.267352e+00
2.000370e+00
1.799996e+00
1.644064e+00
1.519611e+00
1.419690e+00
1.338309e+00
1.273053e+00
1.219441e+00
1.178383e+00
1.147752e+00
1.121673e+00
1.100762e+00
1.126521e+00
1.043751e+00
1.163895e+00
1.427370e+00
1.736087e+00
2.041928e+00
2.312740e+00
2.097786e+00
3.724020e+00
3.052251e+00
2.488640e+00
2.033103e+00
1.661819e+00
1.356890e+00
1.106396e+00
1.107171e+00
1.355562e+00
1.659718e+00
2.031184e+00
2.482236e+00
3.028577e+00
3.685020e+00
4.460073e+00
5.345920e+00
6.304427e+00
6.868699e+00
6.492323e+00
5.803080e+00
5.291549e+00
4.976144e+00
4.708920e+00
3.856504e+00
3.290930e+00
2.973547e+00
2.708899e+00
2.612256e+00
2.626266e+00
2.267945e+00
1.999563e+00
1.797752e+00
1.640394e+00
1.514568e+00
1.413279e+00
1.330590e+00
1.264032e+00
1.209194e+00
1.166897e+00
1.135036e+00
1.107842e+00
1.086354e+00
1.113861e+00
1.003223e+00
1.188871e+00
1.441312e+00
1.768093e+00
2.107264e+00
2.194619e+00
1.705921e+00
2.956686e+00
2.420679e+00
1.972673e+00
1.610121e+00
1.314787e+00
1.072817e+00
1.143302e+00
1.400534e+00
1.714377e+00
2.097524e+00
2.563178e+00
3.123367e+00
3.789452e+00
4.558957e+00
5.396736e+00
6.213293e+00
6.873928e+00
7.015947e+00
6.491718e+00
5.805429e+00
5.295181e+00
4.978418e+00
4.706958e+00
3.851613e+00
3.284962e+00
2.967843e+00
2.705947e+00
2.611863e+00
2.626123e+00
2.266243e+00
1.995730e+00
1.791632e+00
1.631941e+00
1.503826e+00
1.400218e+00
1.315284e+00
1.246456e+00
1.189468e+00
1.144967e+00
1.110897e+00
1.081692e+00
1.059164e+00
1.089855e+00
1.099548e+00
1.250914e+00
1.482865e+00
1.861371e+00
2.289774e+00
1.865507e+00
1.150663e+00
1.953299e+00
1.593106e+00
1.294221e+00
1.052312e+00
1.168524e+00
1.437233e+00
1.767131e+00
2.168463e+00
2.656515e+00
3.247702e+00
3.955317e+00
4.779240e+00
5.693004e+00
6.604477e+00
7.338443e+00
7.700621e+00
7.639049e+00
7.175068e+00
6.490776e+00
5.808450e+00
5.299927e+00
4.981362e+00
4.704251e+00
3.844995e+00
3.276905e+00
2.960145e+00
2.701962e+00
2.611329e+00
2.625941e+00
2.263985e+00
1.990615e+00
1.783437e+00
1.620589e+00
1.489360e+00
1.382575e+00
1.294547e+00
1.222570e+00
1.162575e+00
1.114974e+00
1.077772e+00
1.045700e+00
1.021671e+00
1.056910e+00
1.259310e+00
1.379583e+00
1.594463e+00
2.160365e+00
2.778277e+00
1.057671e+00
1.884974e+00
1.076960e+00
1.351800e+00
1.707347e+00
2.162717e+00
2.749780e+00
3.502082e+00
4.442426e+00
5.587605e+00
6.956116e+00
8.520977e+00
1.014160e+01
1.147297e+01
1.206484e+01
1.171935e+01
1.070757e+01
9.456153e+00
8.278299e+00
7.278734e+00
6.489585e+00
5.811861e+00
5.305344e+00
4.984701e+00
4.701051e+00
3.837260e+00
3.267496e+00
2.951158e+00
2.697312e+00
2.610704e+00
2.625738e+00
2.261378e+00
1.984686e+00
1.773907e+00
1.607346e+00
1.472429e+00
1.361854e+00
1.270102e+00
1.194301e+00
1.130617e+00
1.079180e+00
1.038070e+00
1.002380e+00
1.024142e+00
1.017408e+00
1.463250e+00
1.601863e+00
1.864738e+00
2.847979e+00
1.608451e+00
SCALARS growth double 1
LOOKUP_TABLE default
1.070653e+00
1.231564e+00
1.231564e+00
1.221608e+00
1.221608e+00
1.221480e+00
1.221480e+00
1.221402e+00
1.221445e+00
1.221445e+00
1.221401e+00
1.221421e+00
1.221421e+00
1.221401e+00
1.221406e+00
1.221406e+00
1.221402e+00
1.221402e+00
1.221403e+00
1.221403e+00
1.221402e+00
1.221403e+00
1.221403e+00
1.221404e+00
1.221404e+00
1.221404e+00
1.221405e+00
1.221405e+00
1.221404e+00
1.221404e+00
1.221400e+00
1.221388e+00
1.198104e+00
1.221439e+00
1.221470e+00
1.221474e+00
1.221474e+00
1.221478e+00
1.221478e+00
1.221397e+00
1.221544e+00
1.221544e+00
1.221456e+00
1.221427e+00
1.221438e+00
1.221674e+00
1.221674e+00
1.221118e+00
1.221111e+00
1.117022e+00
1.116325e+00
1.179915e+00
1.221193e+00
1.221280e+00
1.221382e+00
1.221540e+00
1.221540e+00
1.221443e+00
1.221443e+00
1.221419e+00
1.221419e+00
1.221405e+00
1.221405e+00
1.221404e+00
1.221403e+00
1.221404e+00
1.221404e+00
1.221403e+00
1.221403e+00
1.221403e+00
1.221402e+00
1.221403e+00
1.221403e+00
1.221404e+00
1.221404e+00
1.221403e+00
1.221405e+00
1.221405e+00
1.221405e+00
1.221404e+00
1.221399e+00
1.220323e+00
1.217192e+00
1.221442e+00
1.221477e+00
1.221477e+00
1.221465e+00
1.221462e+00
1.221457e+00
1.221397e+00
1.221511e+00
1.221511e+00
1.221493e+00
1.221361e+00
1.221521e+00
1.221628e+00
1.221628e+00
1.221150e+00
1.221150e+00
1.121457e+00
1.116325e+00
1.130630e+00
1.221155e+00
1.221424e+00
1.221424e+00
1.221427e+00
1.221427e+00
1.221517e+00
1.221517e+00
1.221442e+00
1.221442e+00
1.221400e+00
1.221407e+00
1.221407e+00
1.221406e+00
1.221404e+00
1.221404e+00
1.221403e+00
1.221403e+00
1.221403e+00
1.221402e+00
1.221403e+00
1.221403e+00
1.221403e+00
1.221404e+00
1.221404e+00
1.221404e+00
1.221405e+00
1.221405e+00
1.221403e+00
1.221396e+00
1.207621e+00
1.221435e+00
1.221445e+00
1.221480e+00
1.221480e+00
1.221479e+00
1.221479e+00
1.221428e+00
1.221414e+00
1.221449e+00
1.221501e+00
1.221501e+00
1.221376e+00
1.221589e+00
1.221589e+00
1.221576e+00
1.221189e+00
1.221189e+00
1.121457e+00
1.105722e+00
1.105737e+00
1.220722e+00
1.221519e+00
1.221520e+00
1.221520e+00
1.221405e+00
1.221537e+00
1.221537e+00
1.221434e+00
1.221434e+00
1.221405e+00
1.221404e+00
1.221407e+00
1.221407e+00
1.221403e+00
1.221403e+00
1.221403e+00
1.221403e+00
1.221403e+00
1.221403e+00
1.221403e+00
1.221403e+00
1.221403e+00
1.221404e+00
1.221404e+00
1.221404e+00
1.221404e+00
1.221404e+00
1.221402e+00
1.221393e+00
1.173850e+00
1.221434e+00
1.221453e+00
1.221480e+00
1.221480e+00
1.221486e+00
1.221486e+00
1.221406e+00
1.221469e+00
1.221469e+00
1.221469e+00
1.221469e+00
1.221414e+00
1.221624e+00
1.221624e+00
1.221525e+00
1.221211e+00
1.221211e+00
1.097787e+00
1.105722e+00
1.105737e+00
1.220691e+00
1.221452e+00
1.221571e+00
1.221571e+00
1.221406e+00
1.221472e+00
1.221472e+00
1.221398e+00
1.221412e+00
1.221412e+00
1.221405e+00
1.221404e+00
1.221404e+00
1.221404e+00
1.221405e+00
1.221405e+00
1.221402e+00
1.221402e+00
1.221403e+00
1.221403e+00
1.221403e+00
1.221403e+00
1.221404e+00
1.221405e+00
1.221405e+00
1.221404e+00
1.221404e+00
1.221401e+00
1.221390e+00
1.185852e+00
1.221435e+00
1.221463e+00
1.221476e+00
1.221476e+00
1.221481e+00
1.221481e+00
1.221397e+00
1.221518e+00
1.221518e+00
1.221411e+00
1.221445e+00
1.221445e+00
1.221632e+00
1.221632e+00
1.221463e+00
1.221228e+00
1.221228e+00
1.097787e+00
1.097069e+00
1.097076e+00
1.221188e+00
1.221308e+00
1.221459e+00
1.221459e+00
1.221533e+00
1.221533e+00
1.221422e+00
1.221422e+00
1.221413e+00
1.221412e+00
1.221401e+00
1.221410e+00
1.221410e+00
1.221403e+00
1.221404e+00
1.221404e+00
1.221402e+00
1.221403e+00
1.221403e+00
1.221403e+00
1.221404e+00
1.221404e+00
1.221403e+00
1.221405e+00
1.221405e+00
1.221405e+00
1.221404e+00
1.221400e+00
1.221386e+00
1.212303e+00
1.221439e+00
1.221471e+00
1.221471e+00
1.221466e+00
1.221470e+00
1.221470e+00
1.221395e+00
1.221535e+00
1.221535e+00
1.221422e+00
1.221455e+00
1.221455e+00
1.221614e+00
1.221614e+00
1.221403e+00
1.221255e+00
1.221255e+00
1.092739e+00
1.077406e+00
1.077404e+00
1.221202e+00
1.221494e+00
1.221494e+00
1.221337e+00
1.221533e+00
1.221533e+00
1.221407e+00
1.221420e+00
1.221420e+00
1.221408e+00
1.221405e+00
1.221417e+00
1.221417e+00
1.221404e+00
1.221404e+00
1.221403e+00
1.221403e+00
1.221403e+00
1.221403e+00
1.221402e+00
1.221404e+00
1.221404e+00
1.221403e+00
1.221405e+00
1.221405e+00
1.221405e+00
1.221403e+00
1.221398e+00
1.219311e+00
1.221002e+00
1.221441e+00
1.221476e+00
1.221476e+00
1.221459e+00
1.221459e+00
1.221452e+00
1.221393e+00
1.221520e+00
1.221520e+00
1.221459e+00
1.221436e+00
1.221436e+00
1.221592e+00
1.221592e+00
1.221352e+00
1.221276e+00
1.221276e+00
1.077246e+00
1.074914e+00
1.074911e+00
1.220648e+00
1.221558e+00
1.221579e+00
1.221579e+00
1.221441e+00
1.221441e+00
1.221455e+00
1.221455e+00
1.221390e+00
1.221429e+00
1.221429e+00
1.221407e+00
1.221407e+00
1.221403e+00
1.221404e+00
1.221404e+00
1.221404e+00
1.221404e+00
1.221403e+00
1.221403e+00
1.221404e+00
1.221404e+00
1.221404e+00
1.221404e+00
1.221405e+00
1.221405e+00
1.221403e+00
1.221396e+00
1.207411e+00
1.221434e+00
1.221443e+00
1.221476e+00
1.221476e+00
1.221472e+00
1.221472e+00
1.221431e+00
1.221391e+00
1.221480e+00
1.221488e+00
1.221488e+00
1.221389e+00
1.221411e+00
1.221576e+00
1.221576e+00
1.221304e+00
1.221283e+00
1.221283e+00
1.071639e+00
1.079280e+00
1.103993e+00
1.220271e+00
1.221587e+00
1.221620e+00
1.221620e+00
1.221386e+00
1.221427e+00
1.221444e+00
1.221444e+00
1.221407e+00
1.221408e+00
1.221408e+00
1.221402e+00
1.221409e+00
1.221409e+00
1.221403e+00
1.221403e+00
1.221403e+00
1.221403e+00
1.221403e+00
1.221403e+00
1.221403e+00
1.221404e+00
1.221404e+00
1.221404e+00
1.221404e+00
1.221404e+00
1.221402e+00
1.221394e+00
1.180701e+00
1.221433e+00
1.221449e+00
1.221477e+00
1.221477e+00
1.221480e+00
1.221480e+00
1.221411e+00
1.221416e+00
1.221430e+00
1.221496e+00
1.221496e+00
1.221351e+00
1.221471e+00
1.221556e+00
1.221556e+00
1.221259e+00
1.221298e+00
1.221298e+00
1.081877e+00
1.079280e+00
1.146483e+00
1.220344e+00
1.221739e+00
1.221739e+00
1.221760e+00
1.221760e+00
1.221513e+00
1.221513e+00
1.221399e+00
1.221409e+00
1.221409e+00
1.221411e+00
1.221411e+00
1.221409e+00
1.221409e+00
1.221402e+00
1.221404e+00
1.221404e+00
1.221402e+00
1.221403e+00
1.221403e+00
1.221403e+00
1.221404e+00
1.221404e+00
1.221404e+00
1.221404e+00
1.221404e+00
1.221401e+00
1.248417e+00
1.208570e+00
1.221420e+00
1.221441e+00
1.221462e+00
1.221462e+00
1.221465e+00
1.221465e+00
1.221401e+00
1.221450e+00
1.221450e+00
1.221465e+00
1.221465e+00
1.221399e+00
1.221540e+00
1.221540e+00
1.221455e+00
1.221402e+00
1.221298e+00
1.221211e+00
1.090655e+00
1.077090e+00
1.110952e+00
1.220728e+00
1.221538e+00
1.221538e+00
1.221863e+00
1.221863e+00
1.221433e+00
1.221433e+00
1.221407e+00
1.221407e+00
1.221411e+00
1.221411e+00
1.221404e+00
1.221405e+00
1.221405e+00
1.221403e+00
1.221403e+00
1.221404e+00
1.221404e+00
1.221403e+00
1.221403e+00
1.221403e+00
1.221403e+00
1.221403e+00
1.221403e+00
1.221403e+00
1.221400e+00
1.221382e+00
1.248417e+00
1.208570e+00
1.221394e+00
1.221418e+00
1.221428e+00
1.221428e+00
1.221428e+00
1.221428e+00
1.221408e+00
1.221433e+00
1.221433e+00
1.221431e+00
1.221431e+00
1.221424e+00
1.221578e+00
1.221578e+00
1.221874e+00
1.221874e+00
1.221379e+00
1.221379e+00
1.116364e+00
1.066946e+00
1.066938e+00
1.220617e+00
1.221719e+00
1.221719e+00
1.221593e+00
1.221593e+00
1.221405e+00
1.221416e+00
1.221427e+00
1.221427e+00
1.221411e+00
1.221411e+00
1.221410e+00
1.221410e+00
1.221404e+00
1.221404e+00
1.221402e+00
1.221405e+00
1.221405e+00
1.221403e+00
1.221403e+00
1.221403e+00
1.221403e+00
1.221403e+00
1.221402e+00
1.235997e+00
1.289203e+00
1.355261e+00
1.339257e+00
1.235661e+00
1.221381e+00
1.221402e+00
1.221407e+00
1.221410e+00
1.221411e+00
1.221412e+00
1.221414e+00
1.221425e+00
1.221425e+00
1.221459e+00
1.221459e+00
1.221546e+00
1.221546e+00
1.221528e+00
1.222332e+00
1.222332e+00
1.222056e+00
1.223491e+00
1.223491e+00
1.055595e+00
1.055576e+00
1.220508e+00
1.221876e+00
1.221876e+00
1.221453e+00
1.221453e+00
1.221462e+00
1.221462e+00
1.221430e+00
1.221430e+00
1.221409e+00
1.221409e+00
1.221405e+00
1.221405e+00
1.221404e+00
1.221402e+00
1.221405e+00
1.221405e+00
1.221404e+00
1.221403e+00
1.221403e+00
1.221403e+00
1.221403e+00
1.221403e+00
1.221402e+00
1.235997e+00
1.289203e+00
1.355261e+00
1.339257e+00
1.235661e+00
1.221389e+00
1.221400e+00
1.221405e+00
1.221406e+00
1.221421e+00
1.221421e+00
1.221410e+00
1.221460e+00
1.221460e+00
1.221490e+00
1.221490e+00
1.221625e+00
1.221625e+00
1.221921e+00
1.222411e+00
1.222411e+00
1.222507e+00
1.223423e+00
1.223423e+00
1.050713e+00
1.050707e+00
1.220847e+00
1.221575e+00
1.221575e+00
1.221572e+00
1.221572e+00
1.221415e+00
1.221415e+00
1.221411e+00
1.221409e+00
1.221407e+00
1.221411e+00
1.221411e+00
1.221411e+00
1.221411e+00
1.221402e+00
1.221405e+00
1.221405e+00
1.221404e+00
1.221403e+00
1.221403e+00
1.221403e+00
1.221403e+00
1.221403e+00
1.221402e+00
1.221397e+00
1.221363e+00
1.164450e+00
1.221355e+00
1.221358e+00
1.221392e+00
1.221401e+00
1.221405e+00
1.221405e+00
1.221421e+00
1.221421e+00
1.221418e+00
1.221454e+00
1.221454e+00
1.221468e+00
1.221468e+00
1.221618e+00
1.221618e+00
1.222000e+00
1.222354e+00
1.222354e+00
1.222565e+00
1.223233e+00
1.223233e+00
1.044540e+00
1.044540e+00
1.221532e+00
1.221532e+00
1.221440e+00
1.221567e+00
1.221567e+00
1.221452e+00
1.221452e+00
1.221436e+00
1.221426e+00
1.221426e+00
1.221414e+00
1.221414e+00
1.221408e+00
1.221408e+00
1.221402e+00
1.221405e+00
1.221405e+00
1.221403e+00
1.221403e+00
1.221403e+00
1.221403e+00
1.221403e+00
1.221403e+00
1.221402e+00
1.221396e+00
1.221353e+00
1.178617e+00
1.221350e+00
1.221364e+00
1.221394e+00
1.221401e+00
1.221405e+00
1.221405e+00
1.221418e+00
1.221426e+00
1.221426e+00
1.221443e+00
1.221443e+00
1.221443e+00
1.221443e+00
1.221605e+00
1.221605e+00
1.222051e+00
1.222320e+00
1.222320e+00
1.222582e+00
1.223121e+00
1.223121e+00
1.045002e+00
1.045002e+00
1.221403e+00
1.221403e+00
1.221414e+00
1.221414e+00
1.221383e+00
1.221457e+00
1.221457e+00
1.221427e+00
1.221416e+00
1.221416e+00
1.221416e+00
1.221416e+00
1.221406e+00
1.221406e+00
1.221403e+00
1.221407e+00
1.221407e+00
1.221403e+00
1.221403e+00
1.221403e+00
1.221403e+00
1.221403e+00
1.221403e+00
1.221401e+00
1.221395e+00
1.221344e+00
1.197592e+00
1.221345e+00
1.221369e+00
1.221396e+00
1.221402e+00
1.221405e+00
1.221405e+00
1.221415e+00
1.221432e+00
1.221432e+00
1.221428e+00
1.221435e+00
1.221435e+00
1.221440e+00
1.221597e+00
1.221597e+00
1.222088e+00
1.222321e+00
1.222321e+00
1.222645e+00
1.222985e+00
1.222985e+00
1.045262e+00
1.052423e+00
1.220823e+00
1.221628e+00
1.221628e+00
1.221449e+00
1.221449e+00
1.221413e+00
1.221413e+00
1.221424e+00
1.221424e+00
1.221411e+00
1.221411e+00
1.221401e+00
1.221408e+00
1.221408e+00
1.221403e+00
1.221405e+00
1.221405e+00
1.221403e+00
1.221403e+00
1.221403e+00
1.221403e+00
1.221403e+00
1.221403e+00
1.221401e+00
1.221394e+00
1.221336e+00
1.211137e+00
1.221343e+00
1.221375e+00
1.221397e+00
1.221404e+00
1.221405e+00
1.221405e+00
1.221410e+00
1.221433e+00
1.221433e+00
1.221411e+00
1.221450e+00
1.221450e+00
1.221482e+00
1.221581e+00
1.221581e+00
1.222125e+00
1.222266e+00
1.222266e+00
1.222709e+00
1.222817e+00
1.222817e+00
1.045302e+00
1.075760e+00
1.220618e+00
1.221386e+00
1.221490e+00
1.221543e+00
1.221543e+00
1.221508e+00
1.221508e+00
1.221402e+00
1.221409e+00
1.221415e+00
1.221415e+00
1.221405e+00
1.221405e+00
1.221405e+00
1.221405e+00
1.221405e+00
1.221404e+00
1.221403e+00
1.221403e+00
1.221403e+00
1.221403e+00
1.221403e+00
1.221402e+00
1.221401e+00
1.221391e+00
1.221327e+00
1.218851e+00
1.221343e+00
1.221379e+00
1.221398e+00
1.221405e+00
1.221406e+00
1.221406e+00
1.221405e+00
1.221431e+00
1.221431e+00
1.221413e+00
1.221469e+00
1.221469e+00
1.221518e+00
1.221543e+00
1.221543e+00
1.222116e+00
1.222186e+00
1.222186e+00
1.222672e+00
1.222685e+00
1.222685e+00
1.045302e+00
1.099690e+00
1.220376e+00
1.221500e+00
1.221520e+00
1.221520e+00
1.221447e+00
1.221465e+00
1.221465e+00
1.221420e+00
1.221398e+00
1.221410e+00
1.221410e+00
1.221407e+00
1.221406e+00
1.221402e+00
1.221405e+00
1.221405e+00
1.221405e+00
1.221403e+00
1.221403e+00
1.221403e+00
1.221403e+00
1.221403e+00
1.221402e+00
1.221400e+00
1.221387e+00
1.220358e+00
1.221299e+00
1.221344e+00
1.221382e+00
1.221399e+00
1.221406e+00
1.221407e+00
1.221408e+00
1.221408e+00
1.221426e+00
1.221426e+00
1.221423e+00
1.221481e+00
1.221481e+00
1.221544e+00
1.221544e+00
1.221488e+00
1.222120e+00
1.222120e+00
1.222086e+00
1.222504e+00
1.222677e+00
1.222677e+00
1.043684e+00
1.124252e+00
1.220068e+00
1.221904e+00
1.221904e+00
1.221471e+00
1.221454e+00
1.221454e+00
1.221452e+00
1.221452e+00
1.221421e+00
1.221409e+00
1.221409e+00
1.221407e+00
1.221407e+00
1.221407e+00
1.221405e+00
1.221405e+00
1.221405e+00
1.221403e+00
1.221403e+00
1.221403e+00
1.221403e+00
1.221402e+00
1.221402e+00
1.221400e+00
1.221382e+00
1.215411e+00
1.221376e+00
1.221376e+00
1.221385e+00
1.221399e+00
1.221406e+00
1.221407e+00
1.221413e+00
1.221413e+00
1.221417e+00
1.221436e+00
1.221436e+00
1.221488e+00
1.221488e+00
1.221563e+00
1.221563e+00
1.221426e+00
1.222157e+00
1.222157e+00
1.221941e+00
1.222330e+00
1.222741e+00
1.222741e+00
1.042747e+00
1.149523e+00
1.220267e+00
1.221738e+00
1.221738e+00
1.221434e+00
1.221434e+00
1.221430e+00
1.221403e+00
1.221467e+00
1.221467e+00
1.221402e+00
1.221411e+00
1.221411e+00
1.221408e+00
1.221408e+00
1.221407e+00
1.221407e+00
1.221404e+00
1.221403e+00
1.221403e+00
1.221403e+00
1.221403e+00
1.221403e+00
1.221402e+00
1.221399e+00
1.221377e+00
1.204495e+00
1.221369e+00
1.221369e+00
1.221387e+00
1.221399e+00
1.221406e+00
1.221407e+00
1.221417e+00
1.221417e+00
1.221406e+00
1.221449e+00
1.221449e+00
1.221499e+00
1.221499e+00
1.221587e+00
1.221587e+00
1.221380e+00
1.222140e+00
1.222140e+00
1.221854e+00
1.222482e+00
1.222501e+00
1.222501e+00
1.044743e+00
1.175547e+00
1.220900e+00
1.221143e+00
1.221577e+00
1.221577e+00
1.221523e+00
1.221523e+00
1.221423e+00
1.221451e+00
1.221451e+00
1.221409e+00
1.221409e+00
1.221411e+00
1.221411e+00
1.221403e+00
1.221405e+00
1.221405e+00
1.221403e+00
1.221403e+00
1.221403e+00
1.221403e+00
1.221403e+00
1.221403e+00
1.221402e+00
1.221398e+00
1.221371e+00
1.187878e+00
1.221362e+00
1.221362e+00
1.221389e+00
1.221400e+00
1.221406e+00
1.221406e+00
1.221420e+00
1.221420e+00
1.221406e+00
1.221459e+00
1.221459e+00
1.221500e+00
1.221500e+00
1.221596e+00
1.221596e+00
1.221459e+00
1.222135e+00
1.222135e+00
1.221696e+00
1.222488e+00
1.222488e+00
1.222253e+00
1.047052e+00
1.202319e+00
1.221408e+00
1.221408e+00
1.221561e+00
1.221561e+00
1.221584e+00
1.221584e+00
1.221383e+00
1.221444e+00
1.221444e+00
1.221405e+00
1.221405e+00
1.221422e+00
1.221422e+00
1.221402e+00
1.221407e+00
1.221407e+00
1.221403e+00
1.221403e+00
1.221403e+00
1.221403e+00
1.221403e+00
1.221403e+00
1.221402e+00
1.221397e+00
1.221364e+00
1.165931e+00
1.221356e+00
1.221358e+00
1.221391e+00
1.221400e+00
1.221405e+00
1.221405e+00
1.221422e+00
1.221422e+00
1.221412e+00
1.221460e+00
1.221460e+00
1.221489e+00
1.221489e+00
1.221597e+00
1.221597e+00
1.221579e+00
1.222099e+00
1.222099e+00
1.221566e+00
1.222306e+00
1.222364e+00
1.222364e+00
1.049909e+00
1.229466e+00
1.229466e+00
1.221480e+00
1.221480e+00
1.221504e+00
1.221516e+00
1.221516e+00
1.221427e+00
1.221444e+00
1.221444e+00
1.221421e+00
1.221421e+00
1.221423e+00
1.221423e+00
1.221401e+00
1.221407e+00
1.221407e+00
1.221403e+00
1.221403e+00
1.221403e+00
1.221403e+00
1.221403e+00
1.221403e+00
1.221402e+00
1.221396e+00
1.221354e+00
1.177442e+00
1.221351e+00
1.221363e+00
1.221394e+00
1.221401e+00
1.221404e+00
1.221405e+00
1.221418e+00
1.221422e+00
1.221422e+00
1.221454e+00
1.221454e+00
1.221480e+00
1.221480e+00
1.221586e+00
1.221586e+00
1.221678e+00
1.222046e+00
1.222046e+00
1.221528e+00
1.222464e+00
1.222464e+00
1.222169e+00
1.050867e+00
1.256956e+00
1.256956e+00
1.221414e+00
1.221471e+00
1.221471e+00
1.221467e+00
1.221467e+00
1.221437e+00
1.221461e+00
1.221461e+00
1.221439e+00
1.221439e+00
1.221420e+00
1.221420e+00
1.221403e+00
1.221407e+00
1.221407e+00
1.221404e+00
1.221404e+00
1.221403e+00
1.221403e+00
1.221403e+00
1.221403e+00
1.221401e+00
1.221395e+00
1.221345e+00
1.196653e+00
1.221347e+00
1.221368e+00
1.221396e+00
1.221402e+00
1.221404e+00
1.221404e+00
1.221415e+00
1.221429e+00
1.221429e+00
1.221441e+00
1.221441e+00
1.221458e+00
1.221458e+00
1.221580e+00
1.221580e+00
1.221739e+00
1.222035e+00
1.222035e+00
1.221449e+00
1.222318e+00
1.222318e+00
1.222157e+00
1.051351e+00
1.290354e+00
1.290354e+00
1.221226e+00
1.221618e+00
1.221618e+00
1.221453e+00
1.221499e+00
1.221499e+00
1.221460e+00
1.221460e+00
1.221427e+00
1.221427e+00
1.221409e+00
1.221409e+00
1.221408e+00
1.221407e+00
1.221407e+00
1.221404e+00
1.221404e+00
1.221403e+00
1.221403e+00
1.221403e+00
1.221403e+00
1.221401e+00
1.221394e+00
1.221337e+00
1.208580e+00
1.221344e+00
1.221373e+00
1.221397e+00
1.221403e+00
1.221404e+00
1.221404e+00
1.221413e+00
1.221431e+00
1.221431e+00
1.221428e+00
1.221428e+00
1.221430e+00
1.221430e+00
1.221598e+00
1.221598e+00
1.221765e+00
1.222044e+00
1.222044e+00
1.221230e+00
1.222114e+00
1.222114e+00
1.222061e+00
1.051351e+00
1.337153e+00
1.337153e+00
1.222119e+00
1.222119e+00
1.221641e+00
1.221641e+00
1.221586e+00
1.221586e+00
1.221455e+00
1.221455e+00
1.221410e+00
1.221410e+00
1.221407e+00
1.221407e+00
1.221406e+00
1.221406e+00
1.221406e+00
1.221405e+00
1.221405e+00
1.221403e+00
1.221403e+00
1.221403e+00
1.221402e+00
1.221400e+00
1.221392e+00
1.221330e+00
1.212741e+00
1.221344e+00
1.221375e+00
1.221397e+00
1.221404e+00
1.221404e+00
1.221404e+00
1.221410e+00
1.221431e+00
1.221431e+00
1.221421e+00
1.221431e+00
1.221431e+00
1.221431e+00
1.221579e+00
1.221579e+00
1.221761e+00
1.222028e+00
1.222028e+00
1.221235e+00
1.222322e+00
1.222322e+00
1.221651e+00
1.048006e+00
1.400853e+00
1.400853e+00
1.221945e+00
1.221945e+00
1.221322e+00
1.221639e+00
1.221639e+00
1.221380e+00
1.221479e+00
1.221479e+00
1.221417e+00
1.221406e+00
1.221407e+00
1.221407e+00
1.221402e+00
1.221405e+00
1.221405e+00
1.221405e+00
1.221403e+00
1.221403e+00
1.221403e+00
1.221403e+00
1.221402e+00
1.221400e+00
1.221389e+00
1.221325e+00
1.210915e+00
1.221345e+00
1.221375e+00
1.221397e+00
1.221403e+00
1.221405e+00
1.221405e+00
1.221411e+00
1.221431e+00
1.221431e+00
1.221425e+00
1.221425e+00
1.221437e+00
1.221437e+00
1.221565e+00
1.221565e+00
1.221716e+00
1.222012e+00
1.222012e+00
1.221189e+00
1.222094e+00
1.222094e+00
1.221900e+00
1.045627e+00
1.485563e+00
1.485563e+00
1.221122e+00
1.221522e+00
1.221522e+00
1.221771e+00
1.221771e+00
1.221484e+00
1.221484e+00
1.221447e+00
1.221447e+00
1.221398e+00
1.221403e+00
1.221403e+00
1.221408e+00
1.221408e+00
1.221406e+00
1.221406e+00
1.221404e+00
1.221404e+00
1.221403e+00
1.221402e+00
1.221402e+00
1.221399e+00
1.221386e+00
1.221322e+00
1.201030e+00
1.221348e+00
1.221372e+00
1.221396e+00
1.221402e+00
1.221405e+00
1.221405e+00
1.221413e+00
1.221431e+00
1.221431e+00
1.221435e+00
1.221435e+00
1.221442e+00
1.221442e+00
1.221551e+00
1.221551e+00
1.221662e+00
1.222000e+00
1.222000e+00
1.221200e+00
1.221992e+00
1.221992e+00
1.221752e+00
1.042800e+00
1.596266e+00
1.596266e+00
1.221625e+00
1.221625e+00
1.221590e+00
1.221590e+00
1.221487e+00
1.221551e+00
1.221551e+00
1.221461e+00
1.221461e+00
1.221417e+00
1.221407e+00
1.221407e+00
1.221405e+00
1.221406e+00
1.221406e+00
1.221405e+00
1.221404e+00
1.221404e+00
1.221403e+00
1.221403e+00
1.221402e+00
1.221399e+00
1.221385e+00
1.221321e+00
1.174394e+00
1.221352e+00
1.221367e+00
1.221394e+00
1.221400e+00
1.221405e+00
1.221405e+00
1.221417e+00
1.221422e+00
1.221422e+00
1.221443e+00
1.221443e+00
1.221463e+00
1.221463e+00
1.221544e+00
1.221544e+00
1.221615e+00
1.221876e+00
1.221876e+00
1.221317e+00
1.222329e+00
1.222329e+00
1.221173e+00
1.087992e+00
1.744175e+00
1.744175e+00
1.221894e+00
1.221894e+00
1.221370e+00
1.221542e+00
1.221542e+00
1.221550e+00
1.221550e+00
1.221506e+00
1.221506e+00
1.221404e+00
1.221413e+00
1.221413e+00
1.221403e+00
1.221411e+00
1.221411e+00
1.221409e+00
1.221403e+00
1.221403e+00
1.221403e+00
1.221403e+00
1.221402e+00
1.221398e+00
1.221386e+00
1.221324e+00
1.187325e+00
1.221358e+00
1.221360e+00
1.221390e+00
1.221398e+00
1.221404e+00
1.221405e+00
1.221417e+00
1.221417e+00
1.221411e+00
1.221445e+00
1.221445e+00
1.221484e+00
1.221484e+00
1.221541e+00
1.221541e+00
1.221509e+00
1.221708e+00
1.221708e+00
1.221672e+00
1.222108e+00
1.222108e+00
1.221215e+00
1.215455e+00
1.946283e+00
1.946283e+00
1.220774e+00
1.222621e+00
1.222621e+00
1.221786e+00
1.221786e+00
1.221544e+00
1.221430e+00
1.221450e+00
1.221450e+00
1.221411e+00
1.221412e+00
1.221412e+00
1.221402e+00
1.221407e+00
1.221414e+00
1.221414e+00
1.221405e+00
1.221405e+00
1.221402e+00
1.221402e+00
1.221402e+00
1.221399e+00
1.221389e+00
1.221337e+00
1.219576e+00
1.215778e+00
1.221355e+00
1.221383e+00
1.221397e+00
1.221403e+00
1.221407e+00
1.221407e+00
1.221407e+00
1.221414e+00
1.221423e+00
1.221423e+00
1.221473e+00
1.221473e+00
1.221484e+00
1.221484e+00
1.221421e+00
1.221655e+00
1.221841e+00
1.221841e+00
1.221920e+00
1.221920e+00
1.221315e+00
1.220878e+00
2.180573e+00
2.180573e+00
1.220827e+00
1.222785e+00
1.222785e+00
1.221589e+00
1.221711e+00
1.221711e+00
1.221447e+00
1.221447e+00
1.221399e+00
1.221441e+00
1.221441e+00
1.221409e+00
1.221415e+00
1.221415e+00
1.221421e+00
1.221421e+00
1.221405e+00
1.221405e+00
1.221402e+00
1.221402e+00
1.222305e+00
1.225920e+00
1.231764e+00
1.240593e+00
1.252967e+00
1.244151e+00
1.228015e+00
1.226317e+00
1.225034e+00
1.224059e+00
1.223311e+00
1.222733e+00
1.222284e+00
1.221937e+00
1.221661e+00
1.221432e+00
1.221429e+00
1.221429e+00
1.221420e+00
1.221477e+00
1.221477e+00
1.221665e+00
1.221680e+00
1.221680e+00
1.221872e+00
1.221872e+00
1.220791e+00
1.221931e+00
2.400976e+00
2.400976e+00
1.221942e+00
1.223254e+00
1.223254e+00
1.221931e+00
1.221932e+00
1.221937e+00
1.221937e+00
1.221936e+00
1.221937e+00
1.221936e+00
1.221931e+00
1.221933e+00
1.221942e+00
1.221948e+00
1.221957e+00
1.221971e+00
1.221973e+00
1.221957e+00
1.221923e+00
1.221857e+00
1.222305e+00
1.225920e+00
1.231764e+00
1.240593e+00
1.252967e+00
1.244151e+00
1.228015e+00
1.226317e+00
1.225034e+00
1.224059e+00
1.223311e+00
1.222733e+00
1.222284e+00
1.221937e+00
1.221661e+00
1.221439e+00
1.221439e+00
1.221462e+00
1.221462e+00
1.221504e+00
1.221504e+00
1.221576e+00
1.221665e+00
1.221738e+00
1.221813e+00
1.221877e+00
1.221909e+00
1.221975e+00
2.607052e+00
2.607052e+00
1.223442e+00
1.223442e+00
1.222141e+00
1.222013e+00
1.222013e+00
1.221955e+00
1.221944e+00
1.221937e+00
1.221937e+00
1.221936e+00
1.221931e+00
1.221933e+00
1.221942e+00
1.221948e+00
1.221957e+00
1.221971e+00
1.221973e+00
1.221957e+00
1.221923e+00
1.221857e+00
1.221854e+00
1.221914e+00
1.222026e+00
1.222215e+00
1.222497e+00
1.220603e+00
1.218989e+00
1.221361e+00
1.221387e+00
1.221396e+00
1.221402e+00
1.221408e+00
1.221410e+00
1.221410e+00
1.221405e+00
1.221436e+00
1.221436e+00
1.221476e+00
1.221476e+00
1.221514e+00
1.221596e+00
1.221765e+00
1.221885e+00
1.221948e+00
1.221999e+00
1.222045e+00
1.222014e+00
1.221975e+00
2.807418e+00
2.807418e+00
1.222904e+00
1.222904e+00
1.221973e+00
1.221966e+00
1.221964e+00
1.221955e+00
1.221945e+00
1.221937e+00
1.221929e+00
1.221918e+00
1.221901e+00
1.221879e+00
1.221868e+00
1.221859e+00
1.221848e+00
1.221846e+00
1.221840e+00
1.221833e+00
1.221829e+00
1.221830e+00
1.221854e+00
1.221914e+00
1.222026e+00
1.222215e+00
1.222497e+00
1.221432e+00
1.207593e+00
1.221358e+00
1.221383e+00
1.221396e+00
1.221402e+00
1.221407e+00
1.221407e+00
1.221404e+00
1.221416e+00
1.221418e+00
1.221418e+00
1.221460e+00
1.221460e+00
1.221480e+00
1.221596e+00
1.221765e+00
1.221885e+00
1.221948e+00
1.221999e+00
1.222045e+00
1.222014e+00
1.222056e+00
2.996865e+00
2.996865e+00
1.223242e+00
1.222045e+00
1.222695e+00
1.222695e+00
1.222019e+00
1.222019e+00
1.221924e+00
1.221883e+00
1.221837e+00
1.221784e+00
1.221726e+00
1.221652e+00
1.221578e+00
1.221503e+00
1.221422e+00
1.221428e+00
1.221428e+00
1.221411e+00
1.221418e+00
1.221660e+00
1.222154e+00
1.223042e+00
1.224518e+00
1.226804e+00
1.230098e+00
1.232061e+00
1.207593e+00
1.221353e+00
1.221377e+00
1.221395e+00
1.221400e+00
1.221403e+00
1.221403e+00
1.221407e+00
1.221423e+00
1.221423e+00
1.221406e+00
1.221439e+00
1.221439e+00
1.221433e+00
1.221458e+00
1.221502e+00
1.221749e+00
1.221919e+00
1.222045e+00
1.222139e+00
1.222114e+00
1.222056e+00
3.163671e+00
3.163671e+00
1.222226e+00
1.223296e+00
1.223296e+00
1.221986e+00
1.221978e+00
1.221957e+00
1.221924e+00
1.221883e+00
1.221837e+00
1.221784e+00
1.221726e+00
1.221652e+00
1.221578e+00
1.221503e+00
1.221422e+00
1.221428e+00
1.221428e+00
1.221413e+00
1.221418e+00
1.221660e+00
1.222154e+00
1.223042e+00
1.233563e+00
1.256713e+00
1.294130e+00
1.349935e+00
1.376776e+00
1.353314e+00
1.321400e+00
1.297579e+00
1.279485e+00
1.265755e+00
1.255322e+00
1.247373e+00
1.241296e+00
1.236625e+00
1.233026e+00
1.230245e+00
1.228094e+00
1.226429e+00
1.225142e+00
1.224139e+00
1.223387e+00
1.222823e+00
1.222389e+00
1.222139e+00
1.222114e+00
1.222070e+00
3.272135e+00
3.272135e+00
1.221941e+00
1.224055e+00
1.224055e+00
1.221543e+00
1.221428e+00
1.221675e+00
1.221675e+00
1.221647e+00
1.221647e+00
1.221530e+00
1.221530e+00
1.221444e+00
1.221444e+00
1.221415e+00
1.221389e+00
1.221426e+00
1.221426e+00
1.221411e+00
1.221411e+00
1.221403e+00
1.221403e+00
1.221399e+00
1.233563e+00
1.256713e+00
1.294130e+00
1.349935e+00
1.376776e+00
1.353314e+00
1.321400e+00
1.297579e+00
1.279485e+00
1.265755e+00
1.256608e+00
1.249318e+00
1.243419e+00
1.238651e+00
1.234811e+00
1.231737e+00
1.229273e+00
1.227309e+00
1.225765e+00
1.224553e+00
1.223622e+00
1.222920e+00
1.222398e+00
1.222087e+00
1.221978e+00
1.222070e+00
3.312451e+00
3.312451e+00
1.223986e+00
1.223986e+00
1.221705e+00
1.221693e+00
1.221597e+00
1.221597e+00
1.221846e+00
1.221846e+00
1.221444e+00
1.221450e+00
1.221450e+00
1.221403e+00
1.221437e+00
1.221437e+00
1.221390e+00
1.221425e+00
1.221425e+00
1.221414e+00
1.221414e+00
1.221401e+00
1.221401e+00
1.221400e+00
1.221397e+00
1.221383e+00
1.221348e+00
1.222971e+00
1.288104e+00
1.327883e+00
1.307176e+00
1.290379e+00
1.276709e+00
1.265607e+00
1.256608e+00
1.249318e+00
1.243419e+00
1.238651e+00
1.234811e+00
1.231737e+00
1.229273e+00
1.227309e+00
1.225765e+00
1.224553e+00
1.223622e+00
1.222920e+00
1.222398e+00
1.222035e+00
1.221978e+00
1.412239e+00
3.316721e+00
3.316721e+00
1.412162e+00
1.412098e+00
1.412019e+00
1.411919e+00
1.411804e+00
1.411663e+00
1.411497e+00
1.411290e+00
1.411025e+00
1.410712e+00
1.410333e+00
1.409862e+00
1.409275e+00
1.408550e+00
1.407668e+00
1.406577e+00
1.405247e+00
1.403636e+00
1.401684e+00
1.399313e+00
1.396428e+00
1.392926e+00
1.388682e+00
1.383552e+00
1.377381e+00
1.374646e+00
1.391663e+00
1.418724e+00
1.432726e+00
1.437306e+00
1.437938e+00
1.436402e+00
1.433810e+00
1.430840e+00
1.427870e+00
1.425083e+00
1.422610e+00
1.420473e+00
1.418658e+00
1.417145e+00
1.415904e+00
1.414896e+00
1.414092e+00
1.413470e+00
1.412980e+00
1.412611e+00
1.412349e+00
5.095079e+01
5.095045e+01
4.381857e+01
2.906778e+01
1.826652e+01
1.219080e+01
8.587042e+00
6.279808e+00
4.710960e+00
3.599493e+00
2.788640e+00
2.183230e+00
1.723053e+00
1.410333e+00
1.409862e+00
1.409275e+00
1.415863e+00
1.750653e+00
2.157655e+00
2.652092e+00
3.253213e+00
3.984689e+00
4.876125e+00
5.965844e+00
7.235370e+00
8.336155e+00
8.927681e+00
8.979866e+00
8.615759e+00
7.798946e+00
6.538082e+00
5.264737e+00
4.233687e+00
3.400749e+00
2.729383e+00
2.189284e+00
1.755682e+00
1.427870e+00
1.425083e+00
1.422610e+00
1.420473e+00
1.689700e+00
2.082892e+00
2.574834e+00
3.190066e+00
3.970322e+00
5.093996e+00
6.983465e+00
1.108218e+01
2.409582e+01
5.095079e+01
5.095045e+01
4.381857e+01
2.906778e+01
1.826652e+01
1.219080e+01
8.587042e+00
6.279808e+00
4.710960e+00
3.599493e+00
2.788640e+00
3.048675e+00
3.861693e+00
4.860446e+00
6.084138e+00
7.575667e+00
9.385159e+00
1.156907e+01
1.418095e+01
1.612258e+01
1.550919e+01
1.390317e+01
1.269414e+01
1.193154e+01
1.168312e+01
1.147494e+01
1.084266e+01
9.811996e+00
8.631168e+00
7.798946e+00
6.538082e+00
5.340091e+00
4.604266e+00
4.033744e+00
3.575671e+00
3.199901e+00
2.887562e+00
2.626626e+00
2.408252e+00
2.226354e+00
2.077938e+00
1.958452e+00
2.082892e+00
2.574834e+00
3.190066e+00
3.970322e+00
5.093996e+00
6.983465e+00
1.108218e+01
2.409582e+01
7.646746e+00
7.648832e+00
6.579055e+00
4.364291e+00
2.742559e+00
1.830357e+00
1.289310e+00
1.226504e+00
1.413593e+00
1.849870e+00
2.387359e+00
3.048675e+00
3.861693e+00
4.860446e+00
6.084138e+00
7.575667e+00
9.385159e+00
1.156907e+01
1.418095e+01
1.612258e+01
1.550919e+01
1.390317e+01
1.269414e+01
1.193154e+01
1.168312e+01
1.147494e+01
1.084266e+01
9.811996e+00
8.631168e+00
7.475101e+00
6.333171e+00
5.340091e+00
4.604266e+00
4.033744e+00
3.575671e+00
3.199901e+00
2.887562e+00
2.626626e+00
2.408252e+00
2.226354e+00
2.077938e+00
1.958452e+00
1.866513e+00
1.798369e+00
1.774107e+00
1.630414e+00
1.297042e+00
1.231794e+00
1.665317e+00
3.616436e+00
1.263517e+00
1.773662e+00
1.773662e+00
1.255001e+00
1.256479e+00
1.258003e+00
1.259586e+00
1.261120e+00
1.262409e+00
1.263357e+00
1.263953e+00
1.264063e+00
1.263310e+00
1.260787e+00
1.254572e+00
1.241001e+00
1.221369e+00
1.220678e+00
1.220358e+00
1.222542e+00
1.222542e+00
1.220723e+00
1.222496e+00
1.222496e+00
1.170348e+00
1.042632e+00
1.035827e+00
1.016186e+00
1.016186e+00
1.002102e+00
1.206371e+00
1.212353e+00
1.212353e+00
1.209730e+00
1.207437e+00
1.205738e+00
1.203605e+00
1.202545e+00
1.200629e+00
1.200629e+00
1.199532e+00
1.202840e+00
1.213940e+00
1.213940e+00
1.302046e+00
1.302046e+00
1.253308e+00
1.252405e+00
1.252405e+00
1.258132e+00
1.546423e+00
1.727766e+00
1.727766e+00
1.509039e+00
1.515299e+00
1.521844e+00
1.528742e+00
1.535520e+00
1.541296e+00
1.545586e+00
1.548305e+00
1.548811e+00
1.545375e+00
1.534065e+00
1.507376e+00
1.454201e+00
1.365340e+00
1.244612e+00
1.221115e+00
1.226179e+00
1.226179e+00
1.221067e+00
1.222215e+00
1.222215e+00
1.169326e+00
1.043521e+00
1.036393e+00
1.015343e+00
1.015343e+00
1.003044e+00
1.207211e+00
1.213770e+00
1.213770e+00
1.211536e+00
1.209559e+00
1.208092e+00
1.206217e+00
1.205296e+00
1.203570e+00
1.203570e+00
1.202564e+00
1.205719e+00
1.215714e+00
1.215714e+00
1.439960e+00
1.439960e+00
1.299302e+00
1.342323e+00
1.401931e+00
1.523021e+00
2.600045e+00
2.199183e+00
2.085272e+00
2.134681e+00
2.193310e+00
2.260407e+00
2.338593e+00
2.424217e+00
2.505312e+00
2.571314e+00
2.616022e+00
2.624598e+00
2.568248e+00
2.407291e+00
2.126783e+00
1.781339e+00
1.464892e+00
1.244612e+00
1.222106e+00
1.230003e+00
1.230003e+00
1.221526e+00
1.221843e+00
1.221843e+00
1.167963e+00
1.044716e+00
1.037156e+00
1.014203e+00
1.014203e+00
1.004318e+00
1.208331e+00
1.215676e+00
1.215676e+00
1.213984e+00
1.212461e+00
1.211342e+00
1.209858e+00
1.209173e+00
1.207814e+00
1.207814e+00
1.206992e+00
1.210030e+00
1.218392e+00
1.218392e+00
1.653332e+00
1.653332e+00
1.409019e+00
1.621838e+00
1.621838e+00
2.320914e+00
2.600045e+00
2.199183e+00
2.085272e+00
2.134681e+00
2.193310e+00
2.260407e+00
2.338593e+00
2.424217e+00
2.505312e+00
2.571314e+00
2.616022e+00
2.624598e+00
2.568248e+00
2.407291e+00
2.126783e+00
1.781339e+00
1.464892e+00
1.232706e+00
1.223216e+00
1.232862e+00
1.232862e+00
1.222424e+00
1.222057e+00
1.221413e+00
1.166387e+00
1.046110e+00
1.038050e+00
1.012867e+00
1.012867e+00
1.005808e+00
1.209631e+00
1.217904e+00
1.217904e+00
1.216870e+00
1.215918e+00
1.215258e+00
1.214303e+00
1.213974e+00
1.213236e+00
1.213236e+00
1.212746e+00
1.215823e+00
1.222034e+00
1.222034e+00
1.890788e+00
1.890788e+00
1.612755e+00
2.336023e+00
2.336023e+00
2.320914e+00
SCALARS fold double 1
LOOKUP_TABLE default
9.999916e-01
9.999746e-01
9.999703e-01
9.999700e-01
9.999701e-01
9.999706e-01
9.999726e-01
9.999756e-01
9.999784e-01
9.999727e-01
9.999729e-01
9.999749e-01
9.999766e-01
9.999792e-01
9.999812e-01
9.999788e-01
9.999802e-01
9.999814e-01
9.999820e-01
9.999823e-01
9.999831e-01
9.999836e-01
9.999834e-01
9.999838e-01
9.999820e-01
9.999822e-01
9.999793e-01
9.999742e-01
9.999657e-01
9.999487e-01
9.999113e-01
9.998357e-01
9.997288e-01
9.997412e-01
9.997633e-01
9.997686e-01
9.997531e-01
9.997424e-01
9.997216e-01
9.997401e-01
9.997606e-01
9.997333e-01
9.997302e-01
9.997737e-01
9.998033e-01
9.998264e-01
9.998256e-01
9.999028e-01
9.999522e-01
9.999587e-01
9.999960e-01
9.999787e-01
9.999729e-01
9.999726e-01
9.999726e-01
9.999735e-01
9.999755e-01
9.999801e-01
9.999822e-01
9.999756e-01
9.999770e-01
9.999786e-01
9.999813e-01
9.999850e-01
9.999853e-01
9.999835e-01
9.999853e-01
9.999872e-01
9.999871e-01
9.999880e-01
9.999885e-01
9.999894e-01
9.999890e-01
9.999901e-01
9.999885e-01
9.999875e-01
9.999856e-01
9.999799e-01
9.999689e-01
9.999443e-01
9.998979e-01
9.997610e-01
9.996393e-01
9.996828e-01
9.997139e-01
9.996955e-01
9.996752e-01
9.996573e-01
9.996419e-01
9.996632e-01
9.996893e-01
9.996536e-01
9.996486e-01
9.997119e-01
9.997666e-01
9.997863e-01
9.997956e-01
9.998974e-01
9.999573e-01
9.999606e-01
9.999957e-01
9.999824e-01
9.999784e-01
9.999781e-01
9.999782e-01
9.999791e-01
9.999812e-01
9.999845e-01
9.999841e-01
9.999805e-01
9.999817e-01
9.999831e-01
9.999853e-01
9.999882e-01
9.999870e-01
9.999869e-01
9.999882e-01
9.999892e-01
9.999893e-01
9.999898e-01
9.999905e-01
9.999909e-01
9.999906e-01
9.999912e-01
9.999903e-01
9.999883e-01
9.999866e-01
9.999817e-01
9.999710e-01
9.999523e-01
9.999018e-01
9.997933e-01
9.997324e-01
9.997606e-01
9.997789e-01
9.997504e-01
9.997459e-01
9.997271e-01
9.997271e-01
9.997420e-01
9.997504e-01
9.997384e-01
9.997350e-01
9.997729e-01
9.998313e-01
9.998229e-01
9.998410e-01
9.999230e-01
9.999655e-01
9.999664e-01
9.999941e-01
9.999846e-01
9.999818e-01
9.999815e-01
9.999816e-01
9.999823e-01
9.999843e-01
9.999877e-01
9.999859e-01
9.999840e-01
9.999847e-01
9.999862e-01
9.999884e-01
9.999909e-01
9.999888e-01
9.999895e-01
9.999905e-01
9.999914e-01
9.999914e-01
9.999920e-01
9.999925e-01
9.999927e-01
9.999929e-01
9.999926e-01
9.999925e-01
9.999907e-01
9.999879e-01
9.999835e-01
9.999744e-01
9.999532e-01
9.998992e-01
9.997983e-01
9.997717e-01
9.998022e-01
9.997958e-01
9.997842e-01
9.997792e-01
9.997513e-01
9.997601e-01
9.997821e-01
9.997661e-01
9.997790e-01
9.997800e-01
9.998094e-01
9.998619e-01
9.998563e-01
9.998771e-01
9.999460e-01
9.999763e-01
9.999765e-01
9.999840e-01
9.999850e-01
9.999849e-01
9.999846e-01
9.999849e-01
9.999856e-01
9.999872e-01
9.999905e-01
9.999877e-01
9.999866e-01
9.999878e-01
9.999889e-01
9.999908e-01
9.999926e-01
9.999907e-01
9.999916e-01
9.999924e-01
9.999931e-01
9.999931e-01
9.999937e-01
9.999941e-01
9.999942e-01
9.999944e-01
9.999937e-01
9.999940e-01
9.999924e-01
9.999898e-01
9.999853e-01
9.999758e-01
9.999519e-01
9.999015e-01
9.998123e-01
9.998050e-01
9.998235e-01
9.998178e-01
9.998092e-01
9.997973e-01
9.997788e-01
9.997936e-01
9.998176e-01
9.997945e-01
9.998103e-01
9.998293e-01
9.998424e-01
9.998999e-01
9.998872e-01
9.999145e-01
9.999663e-01
9.999889e-01
9.999877e-01
9.999818e-01
9.999869e-01
9.999875e-01
9.999872e-01
9.999874e-01
9.999882e-01
9.999900e-01
9.999924e-01
9.999889e-01
9.999894e-01
9.999900e-01
9.999912e-01
9.999927e-01
9.999938e-01
9.999926e-01
9.999933e-01
9.999942e-01
9.999944e-01
9.999946e-01
9.999949e-01
9.999954e-01
9.999953e-01
9.999957e-01
9.999949e-01
9.999949e-01
9.999938e-01
9.999913e-01
9.999867e-01
9.999763e-01
9.999537e-01
9.998939e-01
9.998234e-01
9.998325e-01
9.998379e-01
9.998350e-01
9.998193e-01
9.998116e-01
9.998000e-01
9.998182e-01
9.998403e-01
9.998195e-01
9.998287e-01
9.998556e-01
9.998763e-01
9.999160e-01
9.999067e-01
9.999375e-01
9.999778e-01
9.999938e-01
9.999936e-01
9.999852e-01
9.999888e-01
9.999891e-01
9.999890e-01
9.999892e-01
9.999898e-01
9.999912e-01
9.999934e-01
9.999906e-01
9.999906e-01
9.999914e-01
9.999926e-01
9.999939e-01
9.999943e-01
9.999937e-01
9.999943e-01
9.999950e-01
9.999950e-01
9.999954e-01
9.999956e-01
9.999960e-01
9.999958e-01
9.999962e-01
9.999956e-01
9.999950e-01
9.999944e-01
9.999920e-01
9.999872e-01
9.999767e-01
9.999569e-01
9.998969e-01
9.998461e-01
9.998595e-01
9.998701e-01
9.998550e-01
9.998462e-01
9.998392e-01
9.998370e-01
9.998506e-01
9.998669e-01
9.998537e-01
9.998569e-01
9.998867e-01
9.999048e-01
9.999293e-01
9.999251e-01
9.999522e-01
9.999858e-01
9.999961e-01
9.999953e-01
9.999878e-01
9.999904e-01
9.999905e-01
9.999904e-01
9.999905e-01
9.999912e-01
9.999930e-01
9.999943e-01
9.999915e-01
9.999922e-01
9.999929e-01
9.999937e-01
9.999955e-01
9.999950e-01
9.999948e-01
9.999954e-01
9.999960e-01
9.999960e-01
9.999964e-01
9.999966e-01
9.999968e-01
9.999967e-01
9.999970e-01
9.999966e-01
9.999958e-01
9.999951e-01
9.999928e-01
9.999877e-01
9.999786e-01
9.999525e-01
9.998940e-01
9.998581e-01
9.998686e-01
9.998766e-01
9.998577e-01
9.998521e-01
9.998458e-01
9.998448e-01
9.998591e-01
9.998727e-01
9.998639e-01
9.998604e-01
9.998962e-01
9.999148e-01
9.999304e-01
9.999298e-01
9.999594e-01
9.999874e-01
9.999969e-01
9.999956e-01
9.999910e-01
9.999919e-01
9.999941e-01
9.999940e-01
9.999941e-01
9.999948e-01
9.999960e-01
9.999966e-01
9.999952e-01
9.999954e-01
9.999961e-01
9.999970e-01
9.999979e-01
9.999974e-01
9.999974e-01
9.999978e-01
9.999981e-01
9.999980e-01
9.999981e-01
9.999982e-01
9.999981e-01
9.999980e-01
9.999979e-01
9.999977e-01
9.999968e-01
9.999954e-01
9.999932e-01
9.999886e-01
9.999778e-01
9.999470e-01
9.998862e-01
9.998635e-01
9.998761e-01
9.998735e-01
9.998621e-01
9.998651e-01
9.998533e-01
9.998627e-01
9.998781e-01
9.998870e-01
9.998877e-01
9.998947e-01
9.999161e-01
9.999433e-01
9.999498e-01
9.999517e-01
9.999769e-01
9.999934e-01
9.999984e-01
9.999967e-01
9.999964e-01
9.999897e-01
9.993898e-01
9.993986e-01
9.993993e-01
9.993874e-01
9.993537e-01
9.992992e-01
9.992848e-01
9.992452e-01
9.992153e-01
9.991970e-01
9.992144e-01
9.992371e-01
9.992287e-01
9.992907e-01
9.994381e-01
9.995458e-01
9.996605e-01
9.997842e-01
9.998701e-01
9.999255e-01
9.999663e-01
9.999887e-01
9.999996e-01
9.999954e-01
9.999751e-01
9.999342e-01
9.998497e-01
9.996003e-01
9.989572e-01
9.986440e-01
9.987709e-01
9.990789e-01
9.994571e-01
9.997614e-01
9.999528e-01
9.999895e-01
9.998390e-01
9.995787e-01
9.990885e-01
9.984903e-01
9.977903e-01
9.971306e-01
9.968231e-01
9.964598e-01
9.959500e-01
9.981161e-01
9.993729e-01
9.999869e-01
9.999700e-01
9.999858e-01
9.983359e-01
9.983635e-01
9.983419e-01
9.982308e-01
9.979559e-01
9.979459e-01
9.978936e-01
9.977744e-01
9.976814e-01
9.976624e-01
9.976682e-01
9.976550e-01
9.978150e-01
9.982747e-01
9.985401e-01
9.988545e-01
9.992370e-01
9.994796e-01
9.996341e-01
9.997749e-01
9.998738e-01
9.999538e-01
9.999957e-01
9.999870e-01
9.998837e-01
9.995248e-01
9.980598e-01
9.922409e-01
9.863464e-01
9.882661e-01
9.921552e-01
9.951201e-01
9.972718e-01
9.986895e-01
9.995842e-01
9.999745e-01
9.999249e-01
9.995981e-01
9.989603e-01
9.977382e-01
9.968347e-01
9.951989e-01
9.957145e-01
9.928661e-01
9.946936e-01
9.983928e-01
9.996963e-01
9.997456e-01
9.999883e-01
9.999942e-01
9.998204e-01
9.998241e-01
9.998096e-01
9.997567e-01
9.996838e-01
9.997364e-01
9.997149e-01
9.996973e-01
9.996937e-01
9.996961e-01
9.996598e-01
9.997135e-01
9.998366e-01
9.998736e-01
9.998997e-01
9.999583e-01
9.999774e-01
9.999755e-01
9.999896e-01
9.999919e-01
9.999990e-01
9.999994e-01
9.999903e-01
9.999567e-01
9.998415e-01
9.992799e-01
9.962545e-01
9.928530e-01
9.941234e-01
9.966102e-01
9.979930e-01
9.987532e-01
9.992267e-01
9.995504e-01
9.997669e-01
9.998972e-01
9.999518e-01
9.999899e-01
9.999928e-01
9.999918e-01
9.998775e-01
9.999634e-01
9.998089e-01
9.997383e-01
9.999957e-01
9.999991e-01
9.999614e-01
9.998730e-01
9.999965e-01
9.999974e-01
9.999995e-01
9.999994e-01
9.999997e-01
9.999999e-01
1.000000e+00
9.999999e-01
1.000000e+00
1.000000e+00
1.000000e+00
1.000000e+00
1.000000e+00
9.999997e-01
9.999982e-01
9.999991e-01
9.999981e-01
9.999968e-01
9.999975e-01
9.999978e-01
9.999979e-01
9.999976e-01
9.999971e-01
9.999965e-01
9.999952e-01
9.999926e-01
9.999840e-01
9.999532e-01
9.998609e-01
9.998466e-01
9.999014e-01
9.999410e-01
9.999574e-01
9.999658e-01
9.999711e-01
9.999751e-01
9.999765e-01
9.999778e-01
9.999813e-01
9.999774e-01
9.999840e-01
9.999776e-01
9.999870e-01
9.999715e-01
9.999942e-01
9.999782e-01
9.999358e-01
9.999823e-01
9.999824e-01
9.999877e-01
9.999976e-01
9.999978e-01
9.999976e-01
9.999976e-01
9.999980e-01
9.999989e-01
9.999988e-01
9.999985e-01
9.999985e-01
9.999986e-01
9.999985e-01
9.999989e-01
9.999988e-01
9.999978e-01
9.999961e-01
9.999972e-01
9.999963e-01
9.999955e-01
9.999967e-01
9.999969e-01
9.999974e-01
9.999972e-01
9.999970e-01
9.999967e-01
9.999959e-01
9.999941e-01
9.999886e-01
9.999654e-01
9.999183e-01
9.999216e-01
9.999519e-01
9.999706e-01
9.999771e-01
9.999798e-01
9.999807e-01
9.999816e-01
9.999803e-01
9.999785e-01
9.999804e-01
9.999760e-01
9.999771e-01
9.999737e-01
9.999770e-01
9.999617e-01
9.999888e-01
9.999572e-01
9.999456e-01
9.999789e-01
9.999813e-01
9.999920e-01
9.999978e-01
9.999979e-01
9.999978e-01
9.999978e-01
9.999981e-01
9.999990e-01
9.999989e-01
9.999986e-01
9.999986e-01
9.999987e-01
9.999986e-01
9.999991e-01
9.999989e-01
9.999978e-01
9.999964e-01
9.999973e-01
9.999964e-01
9.999958e-01
9.999970e-01
9.999971e-01
9.999976e-01
9.999974e-01
9.999972e-01
9.999969e-01
9.999960e-01
9.999940e-01
9.999887e-01
9.999595e-01
9.999178e-01
9.999268e-01
9.999555e-01
9.999723e-01
9.999781e-01
9.999804e-01
9.999814e-01
9.999819e-01
9.999809e-01
9.999784e-01
9.999807e-01
9.999772e-01
9.999766e-01
9.999750e-01
9.999770e-01
9.999625e-01
9.999870e-01
9.999631e-01
9.999305e-01
9.999872e-01
9.999794e-01
9.999931e-01
9.999979e-01
9.999981e-01
9.999979e-01
9.999980e-01
9.999983e-01
9.999991e-01
9.999990e-01
9.999987e-01
9.999989e-01
9.999988e-01
9.999988e-01
9.999992e-01
9.999989e-01
9.999978e-01
9.999968e-01
9.999975e-01
9.999965e-01
9.999962e-01
9.999974e-01
9.999972e-01
9.999978e-01
9.999976e-01
9.999974e-01
9.999971e-01
9.999961e-01
9.999939e-01
9.999884e-01
9.999555e-01
9.999168e-01
9.999310e-01
9.999589e-01
9.999741e-01
9.999789e-01
9.999810e-01
9.999820e-01
9.999825e-01
9.999815e-01
9.999789e-01
9.999804e-01
9.999783e-01
9.999762e-01
9.999768e-01
9.999734e-01
9.999628e-01
9.999915e-01
9.999540e-01
9.999397e-01
9.999865e-01
9.999808e-01
9.999930e-01
9.999981e-01
9.999983e-01
9.999981e-01
9.999982e-01
9.999985e-01
9.999992e-01
9.999991e-01
9.999989e-01
9.999989e-01
9.999990e-01
9.999988e-01
9.999994e-01
9.999990e-01
9.999978e-01
9.999971e-01
9.999976e-01
9.999966e-01
9.999965e-01
9.999977e-01
9.999974e-01
9.999980e-01
9.999978e-01
9.999976e-01
9.999973e-01
9.999963e-01
9.999942e-01
9.999872e-01
9.999516e-01
9.999166e-01
9.999348e-01
9.999627e-01
9.999756e-01
9.999799e-01
9.999817e-01
9.999824e-01
9.999829e-01
9.999822e-01
9.999801e-01
9.999799e-01
9.999794e-01
9.999760e-01
9.999781e-01
9.999743e-01
9.999641e-01
9.999888e-01
9.999578e-01
9.999437e-01
9.999843e-01
9.999834e-01
9.999931e-01
9.999983e-01
9.999984e-01
9.999983e-01
9.999983e-01
9.999987e-01
9.999995e-01
9.999990e-01
9.999990e-01
9.999991e-01
9.999990e-01
9.999990e-01
9.999994e-01
9.999991e-01
9.999978e-01
9.999975e-01
9.999977e-01
9.999967e-01
9.999968e-01
9.999979e-01
9.999977e-01
9.999982e-01
9.999980e-01
9.999978e-01
9.999974e-01
9.999964e-01
9.999944e-01
9.999851e-01
9.999475e-01
9.999169e-01
9.999390e-01
9.999661e-01
9.999768e-01
9.999810e-01
9.999823e-01
9.999828e-01
9.999832e-01
9.999825e-01
9.999809e-01
9.999795e-01
9.999805e-01
9.999746e-01
9.999801e-01
9.999730e-01
9.999688e-01
9.999892e-01
9.999570e-01
9.999366e-01
9.999882e-01
9.999832e-01
9.999931e-01
9.999985e-01
9.999986e-01
9.999984e-01
9.999985e-01
9.999988e-01
9.999995e-01
9.999991e-01
9.999991e-01
9.999992e-01
9.999992e-01
9.999991e-01
9.999995e-01
9.999991e-01
9.999977e-01
9.999978e-01
9.999978e-01
9.999968e-01
9.999971e-01
9.999980e-01
9.999979e-01
9.999983e-01
9.999981e-01
9.999979e-01
9.999975e-01
9.999966e-01
9.999943e-01
9.999827e-01
9.999431e-01
9.999191e-01
9.999435e-01
9.999688e-01
9.999782e-01
9.999816e-01
9.999829e-01
9.999831e-01
9.999831e-01
9.999833e-01
9.999816e-01
9.999792e-01
9.999815e-01
9.999745e-01
9.999816e-01
9.999716e-01
9.999727e-01
9.999863e-01
9.999506e-01
9.999503e-01
9.999889e-01
9.999829e-01
9.999930e-01
9.999986e-01
9.999987e-01
9.999986e-01
9.999986e-01
9.999989e-01
9.999996e-01
9.999992e-01
9.999993e-01
9.999992e-01
9.999993e-01
9.999993e-01
9.999995e-01
9.999991e-01
9.999977e-01
9.999981e-01
9.999979e-01
9.999969e-01
9.999974e-01
9.999982e-01
9.999982e-01
9.999985e-01
9.999983e-01
9.999981e-01
9.999976e-01
9.999968e-01
9.999939e-01
9.999815e-01
9.999391e-01
9.999222e-01
9.999481e-01
9.999711e-01
9.999791e-01
9.999822e-01
9.999833e-01
9.999839e-01
9.999826e-01
9.999837e-01
9.999821e-01
9.999788e-01
9.999820e-01
9.999749e-01
9.999820e-01
9.999719e-01
9.999752e-01
9.999847e-01
9.999537e-01
9.999489e-01
9.999882e-01
9.999821e-01
9.999940e-01
9.999987e-01
9.999988e-01
9.999986e-01
9.999987e-01
9.999990e-01
9.999996e-01
9.999993e-01
9.999993e-01
9.999994e-01
9.999993e-01
9.999994e-01
9.999996e-01
9.999991e-01
9.999976e-01
9.999983e-01
9.999979e-01
9.999970e-01
9.999977e-01
9.999983e-01
9.999984e-01
9.999985e-01
9.999984e-01
9.999982e-01
9.999977e-01
9.999968e-01
9.999934e-01
9.999800e-01
9.999358e-01
9.999250e-01
9.999520e-01
9.999727e-01
9.999800e-01
9.999827e-01
9.999836e-01
9.999841e-01
9.999831e-01
9.999835e-01
9.999825e-01
9.999784e-01
9.999823e-01
9.999749e-01
9.999823e-01
9.999700e-01
9.999806e-01
9.999826e-01
9.999504e-01
9.999518e-01
9.999864e-01
9.999843e-01
9.999949e-01
9.999988e-01
9.999988e-01
9.999987e-01
9.999988e-01
9.999991e-01
9.999998e-01
9.999992e-01
9.999993e-01
9.999994e-01
9.999994e-01
9.999995e-01
9.999996e-01
9.999991e-01
9.999975e-01
9.999985e-01
9.999979e-01
9.999971e-01
9.999979e-01
9.999983e-01
9.999986e-01
9.999986e-01
9.999985e-01
9.999983e-01
9.999978e-01
9.999967e-01
9.999927e-01
9.999778e-01
9.999330e-01
9.999281e-01
9.999560e-01
9.999741e-01
9.999806e-01
9.999831e-01
9.999840e-01
9.999846e-01
9.999830e-01
9.999829e-01
9.999832e-01
9.999781e-01
9.999827e-01
9.999734e-01
9.999848e-01
9.999704e-01
9.999801e-01
9.999792e-01
9.999493e-01
9.999591e-01
9.999871e-01
9.999839e-01
9.999948e-01
9.999989e-01
9.999989e-01
9.999988e-01
9.999989e-01
9.999993e-01
9.999997e-01
9.999993e-01
9.999995e-01
9.999994e-01
9.999995e-01
9.999996e-01
9.999997e-01
9.999991e-01
9.999977e-01
9.999986e-01
9.999980e-01
9.999973e-01
9.999981e-01
9.999984e-01
9.999987e-01
9.999987e-01
9.999986e-01
9.999984e-01
9.999979e-01
9.999967e-01
9.999925e-01
9.999739e-01
9.999314e-01
9.999326e-01
9.999592e-01
9.999757e-01
9.999814e-01
9.999836e-01
9.999845e-01
9.999847e-01
9.999838e-01
9.999825e-01
9.999837e-01
9.999789e-01
9.999824e-01
9.999745e-01
9.999834e-01
9.999679e-01
9.999865e-01
9.999790e-01
9.999478e-01
9.999580e-01
9.999869e-01
9.999834e-01
9.999947e-01
9.999990e-01
9.999991e-01
9.999989e-01
9.999990e-01
9.999994e-01
9.999998e-01
9.999995e-01
9.999995e-01
9.999996e-01
9.999995e-01
9.999997e-01
9.999997e-01
9.999991e-01
9.999979e-01
9.999987e-01
9.999980e-01
9.999975e-01
9.999984e-01
9.999985e-01
9.999989e-01
9.999988e-01
9.999987e-01
9.999986e-01
9.999980e-01
9.999966e-01
9.999927e-01
9.999686e-01
9.999313e-01
9.999376e-01
9.999625e-01
9.999776e-01
9.999823e-01
9.999843e-01
9.999849e-01
9.999856e-01
9.999843e-01
9.999823e-01
9.999843e-01
9.999801e-01
9.999820e-01
9.999762e-01
9.999827e-01
9.999701e-01
9.999857e-01
9.999745e-01
9.999505e-01
9.999666e-01
9.999875e-01
9.999834e-01
9.999949e-01
9.999990e-01
9.999992e-01
9.999994e-01
9.999994e-01
9.999997e-01
9.999999e-01
9.999998e-01
9.999998e-01
9.999998e-01
9.999998e-01
9.999999e-01
9.999999e-01
9.999994e-01
9.999986e-01
9.999991e-01
9.999985e-01
9.999982e-01
9.999990e-01
9.999989e-01
9.999993e-01
9.999991e-01
9.999991e-01
9.999989e-01
9.999984e-01
9.999969e-01
9.999930e-01
9.999662e-01
9.999323e-01
9.999427e-01
9.999665e-01
9.999794e-01
9.999834e-01
9.999851e-01
9.999858e-01
9.999859e-01
9.999853e-01
9.999827e-01
9.999847e-01
9.999816e-01
9.999817e-01
9.999782e-01
9.999832e-01
9.999673e-01
9.999903e-01
9.999747e-01
9.999476e-01
9.999703e-01
9.999880e-01
9.999886e-01
9.999961e-01
9.999991e-01
9.999995e-01
9.999925e-01
9.999924e-01
9.999917e-01
9.999903e-01
9.999914e-01
9.999909e-01
9.999909e-01
9.999913e-01
9.999908e-01
9.999912e-01
9.999933e-01
9.999953e-01
9.999955e-01
9.999971e-01
9.999979e-01
9.999978e-01
9.999983e-01
9.999982e-01
9.999986e-01
9.999990e-01
9.999994e-01
9.999998e-01
1.000000e+00
9.999978e-01
9.999799e-01
9.999580e-01
9.999655e-01
9.999781e-01
9.999840e-01
9.999857e-01
9.999861e-01
9.999861e-01
9.999858e-01
9.999847e-01
9.999831e-01
9.999833e-01
9.999830e-01
9.999812e-01
9.999827e-01
9.999830e-01
9.999818e-01
9.999911e-01
9.999862e-01
9.999833e-01
9.999970e-01
1.000000e+00
9.999982e-01
9.999805e-01
9.999995e-01
9.999997e-01
9.999543e-01
9.999543e-01
9.999538e-01
9.999529e-01
9.999527e-01
9.999519e-01
9.999519e-01
9.999531e-01
9.999539e-01
9.999545e-01
9.999584e-01
9.999646e-01
9.999687e-01
9.999742e-01
9.999792e-01
9.999816e-01
9.999843e-01
9.999858e-01
9.999878e-01
9.999897e-01
9.999919e-01
9.999946e-01
9.999977e-01
1.000000e+00
9.999934e-01
9.999830e-01
9.999852e-01
9.999882e-01
9.999890e-01
9.999886e-01
9.999879e-01
9.999871e-01
9.999861e-01
9.999853e-01
9.999840e-01
9.999839e-01
9.999841e-01
9.999843e-01
9.999859e-01
9.999876e-01
9.999903e-01
9.999945e-01
9.999951e-01
1.000000e+00
9.999918e-01
9.999818e-01
9.999543e-01
9.998622e-01
9.999997e-01
9.999998e-01
9.998986e-01
9.998989e-01
9.999002e-01
9.999022e-01
9.998982e-01
9.998976e-01
9.998976e-01
9.998994e-01
9.999040e-01
9.999033e-01
9.999061e-01
9.999168e-01
9.999276e-01
9.999368e-01
9.999478e-01
9.999563e-01
9.999620e-01
9.999668e-01
9.999707e-01
9.999749e-01
9.999794e-01
9.999845e-01
9.999906e-01
9.999973e-01
9.999999e-01
9.999976e-01
9.999970e-01
9.999959e-01
9.999941e-01
9.999926e-01
9.999913e-01
9.999899e-01
9.999886e-01
9.999875e-01
9.999876e-01
9.999865e-01
9.999872e-01
9.999892e-01
9.999909e-01
9.999923e-01
9.999974e-01
9.999971e-01
9.999998e-01
9.999901e-01
9.999519e-01
9.999366e-01
9.998709e-01
9.996836e-01
9.999998e-01
9.999999e-01
9.998324e-01
9.998335e-01
9.998381e-01
9.998454e-01
9.998359e-01
9.998351e-01
9.998347e-01
9.998373e-01
9.998465e-01
9.998455e-01
9.998430e-01
9.998539e-01
9.998754e-01
9.998873e-01
9.999051e-01
9.999238e-01
9.999333e-01
9.999432e-01
9.999492e-01
9.999559e-01
9.999629e-01
9.999699e-01
9.999778e-01
9.999872e-01
9.999927e-01
9.999976e-01
9.999992e-01
1.000000e+00
9.999988e-01
9.999973e-01
9.999958e-01
9.999945e-01
9.999929e-01
9.999924e-01
9.999926e-01
9.999913e-01
9.999931e-01
9.999939e-01
9.999963e-01
9.999968e-01
1.000000e+00
9.999994e-01
9.999986e-01
9.999525e-01
9.998854e-01
9.998724e-01
9.997643e-01
9.994732e-01
9.999999e-01
1.000000e+00
9.997579e-01
9.997596e-01
9.997704e-01
9.997850e-01
9.997690e-01
9.997667e-01
9.997675e-01
9.997676e-01
9.997849e-01
9.997837e-01
9.997695e-01
9.997715e-01
9.998107e-01
9.998226e-01
9.998459e-01
9.998813e-01
9.998963e-01
9.999144e-01
9.999226e-01
9.999319e-01
9.999412e-01
9.999495e-01
9.999580e-01
9.999626e-01
9.999595e-01
9.999689e-01
9.999812e-01
9.999936e-01
9.999992e-01
1.000000e+00
9.999996e-01
9.999990e-01
9.999982e-01
9.999978e-01
9.999982e-01
9.999968e-01
9.999987e-01
9.999987e-01
1.000000e+00
9.999995e-01
9.999946e-01
9.999992e-01
9.999911e-01
9.999028e-01
9.997961e-01
9.997973e-01
9.996201e-01
9.992508e-01
1.000000e+00
1.000000e+00
9.996764e-01
9.996778e-01
9.996951e-01
9.997289e-01
9.996994e-01
9.996968e-01
9.996965e-01
9.996946e-01
9.997137e-01
9.997251e-01
9.996922e-01
9.996571e-01
9.997290e-01
9.997397e-01
9.997578e-01
9.998204e-01
9.998470e-01
9.998765e-01
9.998888e-01
9.999009e-01
9.999124e-01
9.999203e-01
9.999271e-01
9.999212e-01
9.998845e-01
9.998789e-01
9.999159e-01
9.999590e-01
9.999852e-01
9.999939e-01
9.999973e-01
9.999987e-01
9.999995e-01
9.999996e-01
9.999997e-01
1.000000e+00
9.999986e-01
9.999999e-01
9.999932e-01
9.999994e-01
9.999783e-01
9.999859e-01
9.999845e-01
9.998330e-01
9.996457e-01
9.996988e-01
9.994719e-01
9.990331e-01
1.000000e+00
1.000000e+00
9.996251e-01
9.996271e-01
9.996496e-01
9.997006e-01
9.996682e-01
9.996614e-01
9.996587e-01
9.996543e-01
9.996579e-01
9.997055e-01
9.996561e-01
9.995661e-01
9.996381e-01
9.996635e-01
9.996616e-01
9.997380e-01
9.998015e-01
9.998330e-01
9.998581e-01
9.998702e-01
9.998820e-01
9.998895e-01
9.998883e-01
9.998728e-01
9.997771e-01
9.996769e-01
9.997626e-01
9.998618e-01
9.999347e-01
9.999648e-01
9.999776e-01
9.999833e-01
9.999866e-01
9.999882e-01
9.999910e-01
9.999898e-01
9.999852e-01
9.999907e-01
9.999713e-01
9.999873e-01
9.999540e-01
9.999286e-01
9.999831e-01
9.997917e-01
9.994770e-01
9.996263e-01
9.993688e-01
9.989101e-01
1.000000e+00
1.000000e+00
9.996729e-01
9.996739e-01
9.996879e-01
9.997271e-01
9.997254e-01
9.997056e-01
9.997032e-01
9.996990e-01
9.996874e-01
9.997394e-01
9.997135e-01
9.996407e-01
9.996267e-01
9.996915e-01
9.996819e-01
9.997226e-01
9.998076e-01
9.998245e-01
9.998641e-01
9.998710e-01
9.998802e-01
9.998868e-01
9.998845e-01
9.998701e-01
9.997904e-01
9.996267e-01
9.997011e-01
9.998286e-01
9.999134e-01
9.999563e-01
9.999733e-01
9.999818e-01
9.999858e-01
9.999894e-01
9.999905e-01
9.999881e-01
9.999906e-01
9.999892e-01
9.999829e-01
9.999815e-01
9.999767e-01
9.999242e-01
9.999870e-01
9.998853e-01
9.995971e-01
9.996494e-01
9.994349e-01
9.990780e-01
1.000000e+00
1.000000e+00
9.997334e-01
9.997329e-01
9.997426e-01
9.997647e-01
9.997770e-01
9.997561e-01
9.997546e-01
9.997505e-01
9.997426e-01
9.997695e-01
9.997698e-01
9.997216e-01
9.996715e-01
9.997435e-01
9.997410e-01
9.997502e-01
9.998240e-01
9.998430e-01
9.998774e-01
9.998833e-01
9.998909e-01
9.998956e-01
9.998930e-01
9.998811e-01
9.998397e-01
9.996747e-01
9.996954e-01
9.998401e-01
9.999254e-01
9.999672e-01
9.999827e-01
9.999900e-01
9.999934e-01
9.999956e-01
9.999961e-01
9.999961e-01
9.999979e-01
9.999952e-01
9.999966e-01
9.999888e-01
9.999959e-01
9.999662e-01
9.999878e-01
9.999565e-01
9.997800e-01
9.997171e-01
9.995841e-01
9.992857e-01
1.000000e+00
1.000000e+00
9.997911e-01
9.997906e-01
9.997966e-01
9.998168e-01
9.998289e-01
9.998100e-01
9.998093e-01
9.998059e-01
9.997990e-01
9.998070e-01
9.998275e-01
9.997897e-01
9.997218e-01
9.997826e-01
9.997841e-01
9.997792e-01
9.998324e-01
9.998661e-01
9.998888e-01
9.998970e-01
9.999016e-01
9.999031e-01
9.998990e-01
9.998820e-01
9.998397e-01
9.996686e-01
9.995553e-01
9.997617e-01
9.998955e-01
9.999541e-01
9.999773e-01
9.999872e-01
9.999917e-01
9.999940e-01
9.999951e-01
9.999963e-01
9.999970e-01
9.999948e-01
9.999978e-01
9.999894e-01
9.999972e-01
9.999819e-01
9.999827e-01
9.999839e-01
9.998812e-01
9.997951e-01
9.997376e-01
9.995135e-01
1.000000e+00
1.000000e+00
9.998415e-01
9.998411e-01
9.998459e-01
9.998549e-01
9.998769e-01
9.998570e-01
9.998560e-01
9.998533e-01
9.998482e-01
9.998441e-01
9.998731e-01
9.998450e-01
9.997946e-01
9.998096e-01
9.998272e-01
9.998163e-01
9.998481e-01
9.998890e-01
9.998980e-01
9.999136e-01
9.999131e-01
9.999119e-01
9.999061e-01
9.998882e-01
9.998434e-01
9.996844e-01
9.994392e-01
9.996689e-01
9.998600e-01
9.999377e-01
9.999704e-01
9.999845e-01
9.999904e-01
9.999931e-01
9.999951e-01
9.999968e-01
9.999968e-01
9.999960e-01
9.999982e-01
9.999935e-01
9.999976e-01
9.999902e-01
9.999854e-01
9.999947e-01
9.999449e-01
9.998752e-01
9.998426e-01
9.996858e-01
1.000000e+00
1.000000e+00
9.998823e-01
9.998819e-01
9.998843e-01
9.998942e-01
9.999060e-01
9.998962e-01
9.998939e-01
9.998916e-01
9.998880e-01
9.998800e-01
9.999052e-01
9.998891e-01
9.998500e-01
9.998407e-01
9.998648e-01
9.998547e-01
9.998665e-01
9.999083e-01
9.999093e-01
9.999276e-01
9.999239e-01
9.999202e-01
9.999125e-01
9.998931e-01
9.998545e-01
9.996899e-01
9.993708e-01
9.995315e-01
9.998061e-01
9.999173e-01
9.999620e-01
9.999802e-01
9.999889e-01
9.999928e-01
9.999953e-01
9.999967e-01
9.999966e-01
9.999974e-01
9.999981e-01
9.999962e-01
9.999977e-01
9.999957e-01
9.999896e-01
9.999979e-01
9.999739e-01
9.999282e-01
9.999126e-01
9.997952e-01
1.000000e+00
1.000000e+00
9.999147e-01
9.999143e-01
9.999159e-01
9.999209e-01
9.999328e-01
9.999250e-01
9.999223e-01
9.999216e-01
9.999185e-01
9.999126e-01
9.999272e-01
9.999214e-01
9.998947e-01
9.998736e-01
9.998983e-01
9.998893e-01
9.998898e-01
9.999250e-01
9.999236e-01
9.999393e-01
9.999344e-01
9.999300e-01
9.999209e-01
9.998997e-01
9.998590e-01
9.997394e-01
9.993180e-01
9.993464e-01
9.996873e-01
9.998689e-01
9.999406e-01
9.999690e-01
9.999829e-01
9.999893e-01
9.999930e-01
9.999947e-01
9.999950e-01
9.999968e-01
9.999969e-01
9.999967e-01
9.999966e-01
9.999970e-01
9.999908e-01
9.999987e-01
9.999862e-01
9.999527e-01
9.999459e-01
9.998625e-01
1.000000e+00
1.000000e+00
9.999394e-01
9.999392e-01
9.999394e-01
9.999403e-01
9.999435e-01
9.999403e-01
9.999394e-01
9.999383e-01
9.999375e-01
9.999364e-01
9.999397e-01
9.999386e-01
9.999336e-01
9.999305e-01
9.999389e-01
9.999410e-01
9.999437e-01
9.999521e-01
9.999530e-01
9.999561e-01
9.999528e-01
9.999497e-01
9.999451e-01
9.999397e-01
9.999332e-01
9.999310e-01
9.998978e-01
9.998602e-01
9.998975e-01
9.999670e-01
9.999892e-01
9.999966e-01
9.999992e-01
9.999999e-01
1.000000e+00
9.999999e-01
9.999999e-01
9.999997e-01
9.999997e-01
9.999998e-01
9.999999e-01
9.999998e-01
9.999999e-01
1.000000e+00
9.999980e-01
9.999821e-01
9.999714e-01
9.999075e-01
1.000000e+00
1.000000e+00
9.999573e-01
9.999572e-01
9.999570e-01
9.999565e-01
9.999551e-01
9.999552e-01
9.999542e-01
9.999535e-01
9.999533e-01
9.999539e-01
9.999538e-01
9.999525e-01
9.999550e-01
9.999611e-01
9.999625e-01
9.999659e-01
9.999701e-01
9.999700e-01
9.999698e-01
9.999670e-01
9.999651e-01
9.999628e-01
9.999617e-01
9.999644e-01
9.999757e-01
9.999948e-01
9.999872e-01
9.999749e-01
9.999805e-01
9.999832e-01
9.999845e-01
9.999851e-01
9.999862e-01
9.999881e-01
9.999893e-01
9.999907e-01
9.999919e-01
9.999924e-01
9.999934e-01
9.999941e-01
9.999953e-01
9.999961e-01
9.999983e-01
9.999987e-01
9.999999e-01
9.999911e-01
9.999788e-01
9.999323e-01
1.000000e+00
1.000000e+00
9.999700e-01
9.999700e-01
9.999697e-01
9.999688e-01
9.999661e-01
9.999672e-01
9.999663e-01
9.999658e-01
9.999657e-01
9.999670e-01
9.999650e-01
9.999645e-01
9.999693e-01
9.999762e-01
9.999755e-01
9.999787e-01
9.999829e-01
9.999795e-01
9.999788e-01
9.999741e-01
9.999728e-01
9.999711e-01
9.999719e-01
9.999788e-01
9.999940e-01
9.999946e-01
9.998307e-01
9.997479e-01
9.997790e-01
9.998695e-01
9.999150e-01
9.999368e-01
9.999517e-01
9.999627e-01
9.999714e-01
9.999767e-01
9.999806e-01
9.999852e-01
9.999865e-01
9.999894e-01
9.999906e-01
9.999931e-01
9.999951e-01
9.999969e-01
9.999998e-01
9.999965e-01
9.999888e-01
9.999546e-01
1.000000e+00
1.000000e+00
9.999377e-01
9.999376e-01
9.999373e-01
9.999364e-01
9.999338e-01
9.999343e-01
9.999330e-01
9.999322e-01
9.999320e-01
9.999339e-01
9.999325e-01
9.999322e-01
9.999382e-01
9.999478e-01
9.999490e-01
9.999563e-01
9.999624e-01
9.999613e-01
9.999626e-01
9.999592e-01
9.999584e-01
9.999570e-01
9.999578e-01
9.999638e-01
9.999796e-01
9.999992e-01
9.999838e-01
9.999899e-01
9.999914e-01
9.999911e-01
9.999903e-01
9.999893e-01
9.999891e-01
9.999899e-01
9.999902e-01
9.999910e-01
9.999919e-01
9.999917e-01
9.999928e-01
9.999931e-01
9.999947e-01
9.999954e-01
9.999984e-01
9.999986e-01
9.999998e-01
9.999858e-01
9.999675e-01
9.999027e-01
9.999996e-01
9.999996e-01
9.340962e-01
8.864110e-01
8.656805e-01
8.796518e-01
9.120024e-01
9.430607e-01
9.648348e-01
9.787841e-01
9.872295e-01
9.922206e-01
9.952484e-01
9.971635e-01
9.982413e-01
9.988312e-01
9.992225e-01
9.994836e-01
9.996442e-01
9.999929e-01
9.996950e-01
9.996928e-01
9.997496e-01
9.998991e-01
9.999997e-01
9.999439e-01
9.996823e-01
9.990889e-01
9.974585e-01
9.823163e-01
9.657904e-01
9.923355e-01
9.966773e-01
9.980409e-01
9.986583e-01
9.990144e-01
9.992443e-01
9.994228e-01
9.995516e-01
9.996699e-01
9.997719e-01
9.998447e-01
9.999179e-01
9.999521e-01
9.999962e-01
9.991253e-01
9.975966e-01
9.937146e-01
9.693599e-01
2.496132e-01
9.997230e-01
9.997446e-01
9.999790e-01
9.999780e-01
9.999826e-01
9.999842e-01
9.999856e-01
9.999889e-01
9.999938e-01
9.999970e-01
9.999992e-01
9.999998e-01
9.999945e-01
9.999748e-01
9.999321e-01
9.998490e-01
9.996964e-01
9.994101e-01
9.989405e-01
9.994354e-01
1.000000e+00
1.000000e+00
1.000000e+00
1.000000e+00
1.000000e+00
1.000000e+00
1.000000e+00
1.000000e+00
1.000000e+00
1.000000e+00
1.000000e+00
1.000000e+00
1.000000e+00
1.000000e+00
1.000000e+00
1.000000e+00
1.000000e+00
1.000000e+00
1.000000e+00
1.000000e+00
1.000000e+00
1.000000e+00
1.000000e+00
1.000000e+00
1.000000e+00
9.994951e-01
9.995823e-01
9.997834e-01
9.999699e-01
9.999129e-01
9.974963e-01
9.982874e-01
9.998702e-01
9.998633e-01
9.998906e-01
9.998992e-01
9.999071e-01
9.999267e-01
9.999579e-01
9.999789e-01
9.999941e-01
9.999989e-01
9.999590e-01
9.998114e-01
9.994896e-01
9.988730e-01
9.977899e-01
9.959441e-01
9.934801e-01
9.969787e-01
1.000000e+00
1.000000e+00
1.000000e+00
1.000000e+00
1.000000e+00
1.000000e+00
1.000000e+00
1.000000e+00
1.000000e+00
1.000000e+00
1.000000e+00
1.000000e+00
1.000000e+00
1.000000e+00
1.000000e+00
1.000000e+00
1.000000e+00
1.000000e+00
1.000000e+00
1.000000e+00
1.000000e+00
1.000000e+00
1.000000e+00
1.000000e+00
1.000000e+00
9.953954e-01
9.956723e-01
9.976872e-01
9.996656e-01
9.990084e-01
9.880043e-01
9.954919e-01
9.997093e-01
9.996886e-01
9.997437e-01
9.997558e-01
9.997651e-01
9.998052e-01
9.998818e-01
9.999374e-01
9.999817e-01
9.999963e-01
9.998633e-01
9.993606e-01
9.982710e-01
9.962914e-01
9.932538e-01
9.893287e-01
9.865800e-01
9.952143e-01
1.000000e+00
1.000000e+00
1.000000e+00
1.000000e+00
1.000000e+00
1.000000e+00
1.000000e+00
1.000000e+00
1.000000e+00
1.000000e+00
1.000000e+00
1.000000e+00
1.000000e+00
1.000000e+00
1.000000e+00
1.000000e+00
1.000000e+00
1.000000e+00
1.000000e+00
1.000000e+00
1.000000e+00
1.000000e+00
1.000000e+00
1.000000e+00
1.000000e+00
9.847905e-01
9.795258e-01
9.864260e-01
9.975138e-01
9.914647e-01
9.405980e-01
9.907620e-01
9.995577e-01
9.994992e-01
9.995543e-01
9.995344e-01
9.995033e-01
9.995404e-01
9.996903e-01
9.998206e-01
9.999437e-01
9.999880e-01
9.995437e-01
9.978668e-01
9.944978e-01
9.895825e-01
9.850331e-01
9.834456e-01
9.864828e-01
9.965737e-01
1.000000e+00
1.000000e+00
1.000000e+00
1.000000e+00
1.000000e+00
1.000000e+00
1.000000e+00
1.000000e+00
1.000000e+00
1.000000e+00
1.000000e+00
1.000000e+00
1.000000e+00
1.000000e+00
1.000000e+00
1.000000e+00
1.000000e+00
1.000000e+00
1.000000e+00
1.000000e+00
1.000000e+00
1.000000e+00
1.000000e+00
1.000000e+00
1.000000e+00
9.789869e-01
9.465200e-01
9.260056e-01
9.606040e-01
7.806324e-01
6.836502e-01
9.818069e-01
9.995817e-01
9.994005e-01
9.992974e-01
9.990250e-01
9.986186e-01
9.983308e-01
9.985893e-01
9.990280e-01
9.996562e-01
9.999228e-01
9.972336e-01
9.897102e-01
9.833572e-01
9.842095e-01
9.895940e-01
9.942765e-01
9.972044e-01
9.994637e-01
1.000000e+00
1.000000e+00
1.000000e+00
1.000000e+00
1.000000e+00
1.000000e+00
1.000000e+00
1.000000e+00
1.000000e+00
1.000000e+00
1.000000e+00
1.000000e+00
1.000000e+00
1.000000e+00
1.000000e+00
1.000000e+00
1.000000e+00
1.000000e+00
1.000000e+00
1.000000e+00
1.000000e+00
1.000000e+00
1.000000e+00
1.000000e+00
1.000000e+00
9.960526e-01
9.848523e-01
9.360262e-01
2.739920e-01
-1.090044e-01
SCALARS area double 1
LOOKUP_TABLE default
1.465094e-05
1.358501e-05
1.656627e-05
2.022570e-05
2.470873e-05
3.017707e-05
3.685932e-05
4.501477e-05
5.496705e-05
6.712898e-05
8.198567e-05
1.001267e-04
1.222804e-04
1.493249e-04
1.823408e-04
2.226667e-04
2.719132e-04
3.320456e-04
4.054731e-04
4.951452e-04
6.046519e-04
7.383856e-04
9.017147e-04
1.101200e-03
1.344855e-03
1.642476e-03
2.006036e-03
2.450156e-03
2.992695e-03
3.655475e-03
4.465171e-03
5.454468e-03
5.994631e-03
5.005499e-03
4.101089e-03
3.361819e-03
2.758258e-03
2.265871e-03
1.864295e-03
1.536320e-03
1.267466e-03
1.047064e-03
8.663991e-04
7.177355e-04
5.945704e-04
4.920810e-04
4.076692e-04
3.374580e-04
2.781572e-04
2.507942e-04
1.362208e-05
1.227788e-05
1.424988e-05
1.740273e-05
2.125436e-05
2.595987e-05
3.170951e-05
3.872291e-05
4.728595e-05
5.774745e-05
7.052880e-05
8.613507e-05
1.051913e-04
1.284566e-04
1.568610e-04
1.915574e-04
2.339291e-04
2.856712e-04
3.488612e-04
4.260383e-04
5.202987e-04
6.354311e-04
7.760670e-04
9.478643e-04
1.157743e-03
1.414152e-03
1.727413e-03
2.110135e-03
2.577711e-03
3.148949e-03
3.846857e-03
4.695736e-03
4.776618e-03
3.927280e-03
3.219429e-03
2.641430e-03
2.170299e-03
1.786438e-03
1.473791e-03
1.218231e-03
1.008350e-03
8.363564e-04
6.949671e-04
5.780438e-04
4.806978e-04
3.991538e-04
3.319042e-04
2.754138e-04
2.273033e-04
2.068995e-04
1.225663e-05
1.128367e-05
1.260018e-05
1.538737e-05
1.879500e-05
2.295630e-05
2.803820e-05
3.424012e-05
4.181683e-05
5.106844e-05
6.237341e-05
7.617660e-05
9.303124e-05
1.136114e-04
1.387422e-04
1.694384e-04
2.069258e-04
2.527059e-04
3.086182e-04
3.769075e-04
4.603147e-04
5.621917e-04
6.866356e-04
8.386501e-04
1.024353e-03
1.251217e-03
1.528366e-03
1.866943e-03
2.280558e-03
2.785832e-03
3.403132e-03
4.110680e-03
3.839066e-03
3.145278e-03
2.578060e-03
2.114756e-03
1.736788e-03
1.428439e-03
1.176946e-03
9.710765e-04
8.020114e-04
6.635922e-04
5.497503e-04
4.556563e-04
3.775980e-04
3.125854e-04
2.590517e-04
2.142392e-04
1.764499e-04
1.617655e-04
1.122814e-05
1.030077e-05
1.101169e-05
1.344267e-05
1.642086e-05
2.005839e-05
2.449832e-05
2.991656e-05
3.653849e-05
4.462331e-05
5.450163e-05
6.656382e-05
8.129288e-05
9.927856e-05
1.212445e-04
1.480742e-04
1.808408e-04
2.208588e-04
2.697365e-04
3.294363e-04
4.023563e-04
4.914271e-04
6.002292e-04
7.331374e-04
8.954892e-04
1.093809e-03
1.336052e-03
1.631918e-03
1.993245e-03
2.434493e-03
2.973403e-03
3.490574e-03
3.066051e-03
2.512181e-03
2.059686e-03
1.690379e-03
1.389177e-03
1.143534e-03
9.431078e-04
7.788244e-04
6.438039e-04
5.332242e-04
4.421494e-04
3.666629e-04
3.039348e-04
2.517273e-04
2.086722e-04
1.725179e-04
1.420575e-04
1.312894e-04
1.019370e-05
9.518227e-06
9.793615e-06
1.195530e-05
1.460309e-05
1.783865e-05
2.178736e-05
2.660699e-05
3.249611e-05
3.968933e-05
4.847442e-05
5.920386e-05
7.230616e-05
8.830590e-05
1.078473e-04
1.317153e-04
1.608645e-04
1.964655e-04
2.399465e-04
2.930522e-04
3.579133e-04
4.371317e-04
5.338834e-04
6.520462e-04
7.963458e-04
9.725482e-04
1.187677e-03
1.450284e-03
1.770787e-03
2.161913e-03
2.639280e-03
2.960599e-03
2.496668e-03
2.045409e-03
1.676991e-03
1.376391e-03
1.131183e-03
9.311121e-04
7.676411e-04
6.335219e-04
5.233235e-04
4.329628e-04
3.585467e-04
2.968749e-04
2.456545e-04
2.031835e-04
1.681425e-04
1.387785e-04
1.141677e-04
1.062389e-04
9.326471e-06
8.859010e-06
8.829340e-06
1.078252e-05
1.316896e-05
1.608529e-05
1.964443e-05
2.399433e-05
2.930332e-05
3.579082e-05
4.371389e-05
5.339016e-05
6.520654e-05
7.963647e-05
9.726216e-05
1.187883e-04
1.450784e-04
1.771865e-04
2.164006e-04
2.642922e-04
3.227807e-04
3.942083e-04
4.814325e-04
5.879391e-04
7.179739e-04
8.767086e-04
1.070440e-03
1.306825e-03
1.595188e-03
1.946909e-03
2.376005e-03
2.510705e-03
2.070744e-03
1.696331e-03
1.390724e-03
1.141368e-03
9.378608e-04
7.716893e-04
6.357489e-04
5.241663e-04
4.325369e-04
3.573240e-04
2.954072e-04
2.441600e-04
2.016473e-04
1.665278e-04
1.375478e-04
1.133446e-04
9.315864e-05
8.737933e-05
8.660962e-06
8.237041e-06
7.949797e-06
9.708499e-06
1.185901e-05
1.448330e-05
1.768842e-05
2.160535e-05
2.638657e-05
3.222809e-05
3.936291e-05
4.807624e-05
5.871737e-05
7.171227e-05
8.758616e-05
1.069720e-04
1.306492e-04
1.595668e-04
1.948850e-04
2.380194e-04
2.906989e-04
3.550326e-04
4.335942e-04
5.295214e-04
6.466372e-04
7.895937e-04
9.640555e-04
1.176912e-03
1.436551e-03
1.753221e-03
2.135951e-03
2.109896e-03
1.728027e-03
1.415803e-03
1.160959e-03
9.530349e-04
7.832862e-04
6.446445e-04
5.311282e-04
4.379055e-04
3.613880e-04
2.985128e-04
2.467250e-04
2.038647e-04
1.682917e-04
1.389545e-04
1.147196e-04
9.448103e-05
7.763012e-05
7.345596e-05
8.072825e-06
7.645430e-06
7.122704e-06
8.694467e-06
1.062091e-05
1.297421e-05
1.584461e-05
1.935198e-05
2.363549e-05
2.886922e-05
3.525977e-05
4.306457e-05
5.259812e-05
6.423999e-05
7.846073e-05
9.582932e-05
1.170428e-04
1.429530e-04
1.745990e-04
2.132511e-04
2.604584e-04
3.181131e-04
3.885226e-04
4.744998e-04
5.794751e-04
7.076199e-04
8.640124e-04
1.054835e-03
1.287616e-03
1.571577e-03
1.896205e-03
1.759934e-03
1.441253e-03
1.181152e-03
9.688666e-04
7.956687e-04
6.542532e-04
5.387509e-04
4.441085e-04
3.663327e-04
3.025263e-04
2.500377e-04
2.067415e-04
1.708986e-04
1.411063e-04
1.165564e-04
9.624080e-05
7.925163e-05
6.511340e-05
6.211558e-05
7.507792e-06
7.091777e-06
6.363236e-06
7.764987e-06
9.485685e-06
1.158785e-05
1.415262e-05
1.728490e-05
2.111178e-05
2.578656e-05
3.149490e-05
3.846727e-05
4.698300e-05
5.738381e-05
7.008758e-05
8.560481e-05
1.045573e-04
1.277068e-04
1.559821e-04
1.905186e-04
2.327014e-04
2.842217e-04
3.471433e-04
4.239796e-04
5.177987e-04
6.323319e-04
7.721197e-04
9.426922e-04
1.150794e-03
1.404704e-03
1.657625e-03
1.464406e-03
1.199566e-03
9.833855e-04
8.069675e-04
6.630058e-04
5.454556e-04
4.494233e-04
3.706613e-04
3.058919e-04
2.527791e-04
2.090356e-04
1.728928e-04
1.429627e-04
1.180622e-04
9.755357e-05
8.055271e-05
6.632279e-05
5.448674e-05
5.237078e-05
6.955705e-06
6.590409e-06
5.700820e-06
6.957013e-06
8.499702e-06
1.037951e-05
1.268112e-05
1.548604e-05
1.891628e-05
2.310426e-05
2.821918e-05
3.446682e-05
4.209713e-05
5.141700e-05
6.279960e-05
7.670171e-05
9.367927e-05
1.144143e-04
1.397373e-04
1.706617e-04
2.084267e-04
2.545434e-04
3.108542e-04
3.796078e-04
4.635465e-04
5.660144e-04
6.910921e-04
8.437656e-04
1.030156e-03
1.257924e-03
1.432302e-03
1.221012e-03
1.003605e-03
8.261128e-04
6.806468e-04
5.610539e-04
4.625750e-04
3.813941e-04
3.143253e-04
2.589579e-04
2.134663e-04
1.759760e-04
1.450208e-04
1.194821e-04
9.835450e-05
8.103747e-05
6.671909e-05
5.487417e-05
4.506388e-05
4.340416e-05
6.473149e-06
6.204282e-06
5.551316e-06
6.776579e-06
8.277822e-06
1.010781e-05
1.235068e-05
1.508382e-05
1.842402e-05
2.250328e-05
2.748578e-05
3.357110e-05
4.100388e-05
5.008190e-05
6.116818e-05
7.470605e-05
9.124075e-05
1.114351e-04
1.360988e-04
1.662232e-04
2.030143e-04
2.479444e-04
3.028087e-04
3.697965e-04
4.515768e-04
5.514035e-04
6.732547e-04
8.220250e-04
1.003915e-03
1.193352e-03
1.175782e-03
9.779192e-04
8.056301e-04
6.643774e-04
5.476904e-04
4.510208e-04
3.709428e-04
3.047354e-04
2.501332e-04
2.052379e-04
1.684216e-04
1.382018e-04
1.134270e-04
9.308991e-05
7.644880e-05
6.278783e-05
5.159737e-05
4.246687e-05
3.488386e-05
3.136937e-05
6.088898e-06
5.904424e-06
5.840031e-06
7.128325e-06
8.708787e-06
1.063527e-05
1.299275e-05
1.586958e-05
1.938366e-05
2.367611e-05
2.891926e-05
3.532222e-05
4.314412e-05
5.269657e-05
6.436127e-05
7.860483e-05
9.600181e-05
1.172467e-04
1.431923e-04
1.748826e-04
2.135858e-04
2.608536e-04
3.185777e-04
3.890690e-04
4.751494e-04
5.802648e-04
7.086340e-04
8.654751e-04
1.048626e-03
1.078635e-03
9.071691e-04
7.437158e-04
6.100342e-04
5.004218e-04
4.104650e-04
3.366277e-04
2.760346e-04
2.263311e-04
1.855852e-04
1.521941e-04
1.248292e-04
1.024033e-04
8.403211e-05
6.896386e-05
5.664652e-05
4.649226e-05
3.822575e-05
3.148953e-05
2.585907e-05
2.121377e-05
5.777585e-06
5.631584e-06
5.804703e-06
7.084582e-06
8.656491e-06
1.057189e-05
1.291402e-05
1.577350e-05
1.926740e-05
2.353394e-05
2.874609e-05
3.511122e-05
4.288753e-05
5.238442e-05
6.398023e-05
7.814184e-05
9.543858e-05
1.165604e-04
1.423574e-04
1.738684e-04
2.123530e-04
2.593582e-04
3.167642e-04
3.868721e-04
4.724895e-04
5.770434e-04
7.047197e-04
8.606274e-04
1.023352e-03
9.137414e-04
7.484391e-04
6.131448e-04
5.023341e-04
4.115757e-04
3.372389e-04
2.763506e-04
2.264744e-04
1.856222e-04
1.521638e-04
1.247506e-04
1.022947e-04
8.390282e-05
6.882501e-05
5.647628e-05
4.636849e-05
3.803478e-05
3.126296e-05
2.573666e-05
2.111581e-05
1.731286e-05
5.499779e-06
5.362462e-06
5.423222e-06
6.620819e-06
8.087849e-06
9.877857e-06
1.206748e-05
1.473921e-05
1.800339e-05
2.199043e-05
2.686034e-05
3.280873e-05
4.007497e-05
4.894931e-05
5.978391e-05
7.301759e-05
8.917982e-05
1.089164e-04
1.330224e-04
1.624678e-04
1.984302e-04
2.423548e-04
2.959992e-04
3.615137e-04
4.415219e-04
5.392267e-04
6.585372e-04
8.042258e-04
9.364358e-04
8.111878e-04
6.644328e-04
5.442982e-04
4.459060e-04
3.653249e-04
2.993295e-04
2.452775e-04
2.010047e-04
1.647430e-04
1.350458e-04
1.107173e-04
9.078404e-05
7.446386e-05
6.107784e-05
5.012205e-05
4.114601e-05
3.375224e-05
2.774438e-05
2.283486e-05
1.873235e-05
1.535864e-05
5.265524e-06
5.134124e-06
5.077569e-06
6.202309e-06
7.573085e-06
9.250465e-06
1.130103e-05
1.380260e-05
1.685993e-05
2.059423e-05
2.515426e-05
3.072548e-05
3.753014e-05
4.584093e-05
5.598730e-05
6.838066e-05
8.351630e-05
1.019993e-04
1.245749e-04
1.521507e-04
1.858303e-04
2.269666e-04
2.772061e-04
3.385628e-04
4.134939e-04
5.049998e-04
6.167410e-04
7.531872e-04
8.567252e-04
7.270284e-04
5.955119e-04
4.878388e-04
3.996523e-04
3.274299e-04
2.682806e-04
2.198358e-04
1.801567e-04
1.476568e-04
1.210396e-04
9.923709e-05
8.136991e-05
6.674460e-05
5.474432e-05
4.492804e-05
3.687772e-05
3.025352e-05
2.487006e-05
2.046564e-05
1.678780e-05
1.376386e-05
5.045455e-06
4.919610e-06
4.758788e-06
5.812297e-06
7.098521e-06
8.670659e-06
1.059116e-05
1.293635e-05
1.580189e-05
1.930176e-05
2.357614e-05
2.879778e-05
3.517554e-05
4.296481e-05
5.247433e-05
6.409024e-05
7.827600e-05
9.559919e-05
1.167590e-04
1.426049e-04
1.741725e-04
2.127291e-04
2.598185e-04
3.173286e-04
3.875629e-04
4.733340e-04
5.780742e-04
7.059686e-04
7.807984e-04
6.521184e-04
5.341624e-04
4.375799e-04
3.584774e-04
2.936951e-04
2.406396e-04
1.971859e-04
1.615959e-04
1.324448e-04
1.085690e-04
8.901517e-05
7.298787e-05
5.987088e-05
4.910534e-05
4.030274e-05
3.307663e-05
2.713817e-05
2.230997e-05
1.835590e-05
1.505616e-05
1.234412e-05
4.828454e-06
4.708091e-06
4.455467e-06
5.439236e-06
6.644769e-06
8.115855e-06
9.914048e-06
1.210942e-05
1.479131e-05
1.806716e-05
2.206865e-05
2.695626e-05
3.292686e-05
4.021752e-05
4.911877e-05
5.999217e-05
7.327063e-05
8.948610e-05
1.092933e-04
1.334868e-04
1.630370e-04
1.991291e-04
2.432091e-04
2.970443e-04
3.627911e-04
4.430825e-04
5.411330e-04
6.608578e-04
7.073135e-04
5.841549e-04
4.784987e-04
3.919786e-04
3.211185e-04
2.630867e-04
2.155604e-04
1.766354e-04
1.447556e-04
1.186432e-04
9.725475e-05
7.974053e-05
6.538323e-05
5.363401e-05
4.398913e-05
3.610573e-05
2.962768e-05
2.431160e-05
1.998732e-05
1.644191e-05
1.348516e-05
1.105652e-05
4.619611e-06
4.504523e-06
4.170276e-06
5.090214e-06
6.217171e-06
7.594690e-06
9.278153e-06
1.133185e-05
1.384264e-05
1.690786e-05
2.065225e-05
2.522646e-05
3.081403e-05
3.763673e-05
4.596665e-05
5.614220e-05
6.856825e-05
8.374312e-05
1.022796e-04
1.249206e-04
1.525750e-04
1.863514e-04
2.276034e-04
2.779850e-04
3.395140e-04
4.146547e-04
5.064162e-04
6.184619e-04
6.374452e-04
5.231344e-04
4.285195e-04
3.510358e-04
2.875773e-04
2.356073e-04
1.930456e-04
1.581867e-04
1.296381e-04
1.062541e-04
8.709914e-05
7.141524e-05
5.855749e-05
4.803546e-05
3.939725e-05
3.233882e-05
2.653234e-05
2.177495e-05
1.790337e-05
1.472348e-05
1.207573e-05
9.901049e-06
4.419620e-06
4.309574e-06
3.902910e-06
4.762921e-06
5.817976e-06
7.107276e-06
8.682021e-06
1.060436e-05
1.295355e-05
1.582257e-05
1.932653e-05
2.360706e-05
2.883579e-05
3.522028e-05
4.301554e-05
5.253771e-05
6.416572e-05
7.836628e-05
9.571308e-05
1.169006e-04
1.427801e-04
1.743883e-04
2.129926e-04
2.601407e-04
3.177207e-04
3.880392e-04
4.739120e-04
5.783138e-04
5.719845e-04
4.684823e-04
3.837551e-04
3.143651e-04
2.575362e-04
2.109957e-04
1.728807e-04
1.416635e-04
1.160981e-04
9.515778e-05
7.800355e-05
6.395809e-05
5.244409e-05
4.302025e-05
3.528465e-05
2.896464e-05
2.376016e-05
1.950274e-05
1.603636e-05
1.318402e-05
1.081440e-05
8.866086e-06
4.234831e-06
4.129442e-06
3.658008e-06
4.462927e-06
5.453345e-06
6.661624e-06
8.136830e-06
9.939281e-06
1.214011e-05
1.482939e-05
1.811385e-05
2.212569e-05
2.702625e-05
3.300983e-05
4.031579e-05
4.924051e-05
6.013838e-05
7.344777e-05
8.970625e-05
1.095641e-04
1.338200e-04
1.634449e-04
1.996272e-04
2.438172e-04
2.977849e-04
3.636923e-04
4.441767e-04
5.398354e-04
5.130326e-04
4.201804e-04
3.441907e-04
2.819548e-04
2.309855e-04
1.892438e-04
1.550587e-04
1.270600e-04
1.041307e-04
8.535052e-05
6.996476e-05
5.736699e-05
4.704092e-05
3.858746e-05
3.165001e-05
2.598212e-05
2.131048e-05
1.749388e-05
1.438577e-05
1.182384e-05
9.699924e-06
7.951219e-06
4.067045e-06
3.965886e-06
3.435849e-06
4.192563e-06
5.122297e-06
6.257082e-06
7.643380e-06
9.336363e-06
1.140412e-05
1.392936e-05
1.701515e-05
2.078387e-05
2.538702e-05
3.100750e-05
3.787020e-05
4.625352e-05
5.649003e-05
6.899225e-05
8.426469e-05
1.029181e-04
1.257030e-04
1.535313e-04
1.875192e-04
2.290295e-04
2.797246e-04
3.416356e-04
4.172384e-04
5.025449e-04
4.611056e-04
3.776613e-04
3.093628e-04
2.534249e-04
2.076138e-04
1.700965e-04
1.393710e-04
1.142057e-04
9.359633e-05
7.671770e-05
6.288883e-05
5.156518e-05
4.228465e-05
3.468556e-05
2.845067e-05
2.335587e-05
1.915477e-05
1.572646e-05
1.293280e-05
1.062767e-05
8.717304e-06
7.146447e-06
3.900457e-06
3.803497e-06
3.222177e-06
3.933870e-06
4.803910e-06
5.868903e-06
7.168669e-06
8.757188e-06
1.069688e-05
1.306562e-05
1.595991e-05
1.949487e-05
2.381258e-05
2.908386e-05
3.552140e-05
4.338434e-05
5.298584e-05
6.471262e-05
7.903792e-05
9.653443e-05
1.179063e-04
1.440087e-04
1.758887e-04
2.148245e-04
2.623756e-04
3.204469e-04
3.913604e-04
4.648763e-04
4.137732e-04
3.389020e-04
2.776139e-04
2.274174e-04
1.863085e-04
1.526422e-04
1.250704e-04
1.024881e-04
8.399380e-05
6.884806e-05
5.643871e-05
4.627606e-05
3.794914e-05
3.112808e-05
2.553410e-05
2.096166e-05
1.718996e-05
1.411504e-05
1.160838e-05
9.536313e-06
7.821795e-06
6.412992e-06
3.733570e-06
3.640813e-06
3.015628e-06
3.683232e-06
4.497285e-06
5.494276e-06
6.710819e-06
8.198311e-06
1.001391e-05
1.223156e-05
1.494104e-05
1.825045e-05
2.229239e-05
2.722674e-05
3.325373e-05
4.061441e-05
4.960267e-05
6.058098e-05
7.399187e-05
9.037154e-05
1.103792e-04
1.348153e-04
1.646605e-04
2.011109e-04
2.456269e-04
2.999911e-04
3.663778e-04
4.271645e-04
3.705597e-04
3.035138e-04
2.486256e-04
2.036704e-04
1.668544e-04
1.367041e-04
1.120118e-04
9.178796e-05
7.522475e-05
6.166081e-05
5.054811e-05
4.144534e-05
3.398945e-05
2.787860e-05
2.287032e-05
1.877487e-05
1.539536e-05
1.264320e-05
1.039825e-05
8.539785e-06
7.005265e-06
5.742501e-06
3.565981e-06
3.477444e-06
2.816642e-06
3.440013e-06
4.202018e-06
5.131737e-06
6.269044e-06
7.658209e-06
9.353765e-06
1.142566e-05
1.395666e-05
1.704802e-05
2.082383e-05
2.543269e-05
3.106273e-05
3.793833e-05
4.633415e-05
5.658934e-05
6.911670e-05
8.441753e-05
1.031071e-04
1.259336e-04
1.538129e-04
1.878623e-04
2.294463e-04
2.802292e-04
3.422423e-04
3.898313e-04
3.311457e-04
2.712352e-04
2.221834e-04
1.820087e-04
1.491083e-04
1.221648e-04
1.000987e-04
8.202634e-05
6.722470e-05
5.510335e-05
4.517359e-05
3.703800e-05
3.037624e-05
2.491378e-05
2.043969e-05
1.677879e-05
1.375816e-05
1.130026e-05
9.293257e-06
7.631767e-06
6.259454e-06
5.131555e-06
3.396738e-06
3.312445e-06
2.624192e-06
3.203900e-06
3.913406e-06
4.780681e-06
5.839443e-06
7.133140e-06
8.712624e-06
1.064260e-05
1.300037e-05
1.587970e-05
1.939691e-05
2.368959e-05
2.893381e-05
3.533819e-05
4.315838e-05
5.271091e-05
6.437963e-05
7.863205e-05
9.604073e-05
1.173029e-04
1.432716e-04
1.749875e-04
2.137217e-04
2.610246e-04
3.187862e-04
3.532151e-04
2.952326e-04
2.418224e-04
1.980883e-04
1.622696e-04
1.329367e-04
1.089151e-04
8.924221e-05
7.313035e-05
5.993408e-05
4.912695e-05
4.027524e-05
3.302120e-05
2.708305e-05
2.221168e-05
1.822421e-05
1.495906e-05
1.226625e-05
1.007584e-05
8.286047e-06
6.803378e-06
5.580577e-06
4.574796e-06
3.232743e-06
3.152541e-06
2.432714e-06
2.969100e-06
3.626056e-06
4.430207e-06
5.411785e-06
6.610168e-06
8.074815e-06
9.862611e-06
1.204749e-05
1.471580e-05
1.797465e-05
2.195229e-05
2.681117e-05
3.274494e-05
3.999029e-05
4.884053e-05
5.965064e-05
7.285386e-05
8.897975e-05
1.086739e-04
1.327259e-04
1.620991e-04
1.979707e-04
2.417791e-04
2.952782e-04
3.191198e-04
2.641137e-04
2.163365e-04
1.772113e-04
1.451686e-04
1.189282e-04
9.743949e-05
7.984081e-05
6.542786e-05
5.362280e-05
4.395429e-05
3.603608e-05
2.954580e-05
2.423389e-05
1.987473e-05
1.630759e-05
1.338531e-05
1.097640e-05
9.017043e-06
7.416194e-06
6.087177e-06
4.994033e-06
4.094497e-06
3.075277e-06
2.999005e-06
2.233216e-06
2.723741e-06
3.328839e-06
4.065286e-06
4.966767e-06
6.066272e-06
7.410897e-06
9.051431e-06
1.105646e-05
1.350514e-05
1.649523e-05
2.014505e-05
2.460320e-05
3.004726e-05
3.669458e-05
4.481411e-05
5.473121e-05
6.684325e-05
8.163538e-05
9.969980e-05
1.217604e-04
1.487006e-04
1.816004e-04
2.217806e-04
2.708527e-04
2.892919e-04
2.386084e-04
1.954440e-04
1.600960e-04
1.311484e-04
1.074434e-04
8.803124e-05
7.213334e-05
5.911343e-05
4.844908e-05
3.971424e-05
3.256099e-05
2.669731e-05
2.189795e-05
1.795922e-05
1.473644e-05
1.209515e-05
9.918769e-06
8.148284e-06
6.701945e-06
5.500525e-06
4.512082e-06
3.701021e-06
2.934722e-06
2.861954e-06
2.034419e-06
2.481403e-06
3.032231e-06
3.703842e-06
4.523957e-06
5.526963e-06
6.750885e-06
8.245483e-06
1.007207e-05
1.230291e-05
1.502618e-05
1.835045e-05
2.241075e-05
2.736868e-05
3.342235e-05
4.081661e-05
4.984772e-05
6.087722e-05
7.434695e-05
9.079597e-05
1.108834e-04
1.354140e-04
1.653715e-04
2.019588e-04
2.466435e-04
2.648764e-04
2.187968e-04
1.792130e-04
1.467988e-04
1.202554e-04
9.851990e-05
8.072101e-05
6.614461e-05
5.420693e-05
4.442876e-05
3.641970e-05
2.986050e-05
2.448367e-05
2.008244e-05
1.647043e-05
1.351477e-05
1.109223e-05
9.096443e-06
7.472076e-06
6.144968e-06
5.043563e-06
4.138085e-06
3.394040e-06
2.806904e-06
2.737320e-06
1.835174e-06
2.240881e-06
2.736178e-06
3.342785e-06
4.083055e-06
4.988855e-06
6.092610e-06
7.442270e-06
9.090171e-06
1.110373e-05
1.356153e-05
1.656109e-05
2.022464e-05
2.469803e-05
3.016000e-05
3.683117e-05
4.497922e-05
5.492991e-05
6.708215e-05
8.192199e-05
1.000442e-04
1.221753e-04
1.492030e-04
1.822126e-04
2.225267e-04
2.444697e-04
2.035963e-04
1.667577e-04
1.365945e-04
1.118957e-04
9.167150e-05
7.511060e-05
6.154843e-05
5.044119e-05
4.134303e-05
3.389134e-05
2.778770e-05
2.278460e-05
1.868885e-05
1.532750e-05
1.257639e-05
1.032237e-05
8.464890e-06
6.952017e-06
5.716504e-06
4.691965e-06
3.849963e-06
3.158566e-06
2.691892e-06
2.625170e-06
1.638342e-06
1.999539e-06
2.442751e-06
2.983394e-06
3.644931e-06
4.452512e-06
5.438064e-06
6.643066e-06
8.113467e-06
9.910751e-06
1.210458e-05
1.478120e-05
1.805021e-05
2.204195e-05
2.691527e-05
3.286738e-05
4.013723e-05
4.901531e-05
5.985759e-05
7.309763e-05
8.926628e-05
1.090119e-04
1.331272e-04
1.625803e-04
1.985500e-04
2.263104e-04
1.927394e-04
1.578591e-04
1.293031e-04
1.059216e-04
8.677721e-05
7.110099e-05
5.826360e-05
4.774971e-05
3.913776e-05
3.208451e-05
2.630620e-05
2.157036e-05
1.769228e-05
1.451089e-05
1.190519e-05
9.771844e-06
8.012974e-06
6.579712e-06
5.409209e-06
4.440480e-06
3.642537e-06
2.990204e-06
2.584503e-06
2.520454e-06
1.440092e-06
1.755491e-06
2.145061e-06
2.620296e-06
3.200798e-06
3.910173e-06
4.776197e-06
5.834526e-06
7.125471e-06
8.704162e-06
1.063083e-05
1.298134e-05
1.585135e-05
1.935607e-05
2.363427e-05
2.885922e-05
3.524127e-05
4.303486e-05
5.255280e-05
6.417552e-05
7.836914e-05
9.570301e-05
1.168734e-04
1.427309e-04
1.743098e-04
2.069632e-04
1.859883e-04
1.523210e-04
1.247634e-04
1.022009e-04
8.372825e-05
6.860277e-05
5.621679e-05
4.607252e-05
3.776371e-05
3.095894e-05
2.538278e-05
2.081416e-05
1.707077e-05
1.400263e-05
1.148647e-05
9.428239e-06
7.731501e-06
6.347176e-06
5.215684e-06
4.282612e-06
3.513492e-06
2.884483e-06
2.375606e-06
2.316742e-06
1.186753e-06
1.448667e-06
1.767321e-06
2.161044e-06
2.638520e-06
3.223951e-06
3.938428e-06
4.810658e-06
5.875174e-06
7.176367e-06
8.765101e-06
1.070343e-05
1.306881e-05
1.595745e-05
1.948364e-05
2.378914e-05
2.904853e-05
3.547108e-05
4.331474e-05
5.289288e-05
6.458946e-05
7.887391e-05
9.632019e-05
1.176300e-04
1.436573e-04
1.747222e-04
1.748752e-04
1.438661e-04
1.178326e-04
9.652037e-05
7.907264e-05
6.478726e-05
5.308969e-05
4.350976e-05
3.566383e-05
2.923735e-05
2.397105e-05
1.965754e-05
1.612078e-05
1.322447e-05
1.084686e-05
8.902307e-06
7.301927e-06
5.992089e-06
4.921918e-06
4.042597e-06
3.316828e-06
2.722977e-06
1.954584e-06
1.906158e-06
8.719424e-07
1.063297e-06
1.298035e-06
1.587387e-06
1.937987e-06
2.367642e-06
2.892762e-06
3.532972e-06
4.315255e-06
5.270474e-06
6.437387e-06
7.861490e-06
9.598260e-06
1.171899e-05
1.430819e-05
1.746846e-05
2.132902e-05
2.604361e-05
3.180128e-05
3.883230e-05
4.741811e-05
5.790343e-05
7.070965e-05
8.635232e-05
1.054599e-04
1.287945e-04
1.447012e-04
1.231031e-04
1.008205e-04
8.258175e-05
6.765122e-05
5.542784e-05
4.541944e-05
3.722373e-05
3.051151e-05
2.501272e-05
2.050782e-05
1.681759e-05
1.379141e-05
1.131368e-05
9.279327e-06
7.614460e-06
6.247587e-06
5.124704e-06
4.208472e-06
3.456689e-06
2.835920e-06
2.362802e-06
1.601020e-06
1.561358e-06
6.489707e-07
7.892227e-07
9.643047e-07
1.179692e-06
1.439960e-06
1.759577e-06
2.149351e-06
2.625277e-06
3.206600e-06
3.916275e-06
4.783521e-06
5.841902e-06
7.132407e-06
8.707757e-06
1.063118e-05
1.297846e-05
1.584536e-05
1.934704e-05
2.362320e-05
2.884521e-05
3.522180e-05
4.300897e-05
5.251971e-05
6.413701e-05
7.832872e-05
9.566070e-05
1.143691e-04
1.043514e-04
8.545745e-05
6.999522e-05
5.733846e-05
4.697741e-05
3.849439e-05
3.154809e-05
2.585897e-05
2.119860e-05
1.738122e-05
1.425304e-05
1.168880e-05
9.588126e-06
7.864734e-06
6.452415e-06
5.295279e-06
4.342791e-06
3.565143e-06
2.927647e-06
2.402302e-06
2.076994e-06
1.310272e-06
1.277816e-06
4.893620e-07
5.947009e-07
7.275626e-07
8.892455e-07
1.085519e-06
1.326711e-06
1.620151e-06
1.979487e-06
2.417724e-06
2.952556e-06
3.606673e-06
4.404558e-06
5.377744e-06
6.564946e-06
8.014794e-06
9.784009e-06
1.194417e-05
1.458300e-05
1.780549e-05
2.174075e-05
2.654605e-05
3.241415e-05
3.958097e-05
4.833514e-05
5.902974e-05
7.209273e-05
8.786679e-05
8.778342e-05
7.202360e-05
5.898944e-05
4.832116e-05
3.958868e-05
3.243945e-05
2.658547e-05
2.179114e-05
1.786416e-05
1.464746e-05
1.201096e-05
9.850609e-06
8.079637e-06
6.628113e-06
5.437033e-06
4.462213e-06
3.659541e-06
3.003449e-06
2.465797e-06
2.023488e-06
1.809262e-06
1.072281e-06
1.045721e-06
3.720548e-07
4.530195e-07
5.539794e-07
6.764665e-07
8.262397e-07
1.009255e-06
1.233043e-06
1.506792e-06
1.839915e-06
2.247274e-06
2.744827e-06
3.352206e-06
4.093095e-06
4.996252e-06
6.099463e-06
7.445645e-06
9.088802e-06
1.109624e-05
1.354764e-05
1.654131e-05
2.019687e-05
2.466074e-05
3.011247e-05
3.677157e-05
4.490693e-05
5.484533e-05
6.698205e-05
7.287112e-05
6.066274e-05
4.968235e-05
4.069583e-05
3.334046e-05
2.731908e-05
2.238883e-05
1.835131e-05
1.504444e-05
1.233544e-05
1.011510e-05
8.296067e-06
6.804244e-06
5.582235e-06
4.578770e-06
3.757519e-06
3.082045e-06
2.528880e-06
2.075879e-06
1.703468e-06
1.536414e-06
8.788571e-07
8.570895e-07
2.857760e-07
3.495432e-07
4.255934e-07
5.199873e-07
6.359069e-07
7.763038e-07
9.487397e-07
1.159066e-06
1.415302e-06
1.728884e-06
2.111405e-06
2.578866e-06
3.148873e-06
3.843568e-06
4.692013e-06
5.727434e-06
6.990951e-06
8.534585e-06
1.041961e-05
1.272169e-05
1.553271e-05
1.896522e-05
2.315723e-05
2.827753e-05
3.453301e-05
4.217595e-05
5.150957e-05
5.937266e-05
5.108521e-05
4.183642e-05
3.426801e-05
2.807361e-05
2.300295e-05
1.885146e-05
1.545192e-05
1.266757e-05
1.038642e-05
8.517018e-06
6.985556e-06
5.729276e-06
4.700408e-06
3.855432e-06
3.163661e-06
2.595351e-06
2.129018e-06
1.747604e-06
1.433928e-06
1.273927e-06
7.191731e-07
7.013614e-07
2.215986e-07
2.708197e-07
3.297471e-07
4.033910e-07
4.929471e-07
6.018898e-07
7.353254e-07
8.985246e-07
1.097152e-06
1.340334e-06
1.636789e-06
1.999194e-06
2.441136e-06
2.979726e-06
3.637284e-06
4.439855e-06
5.419072e-06
6.615209e-06
8.076059e-06
9.860037e-06
1.203845e-05
1.469845e-05
1.794692e-05
2.191468e-05
2.676198e-05
3.268472e-05
3.986109e-05
4.718235e-05
4.291206e-05
3.514116e-05
2.878296e-05
2.357943e-05
1.932017e-05
1.583316e-05
1.297787e-05
1.063927e-05
8.723269e-06
7.153385e-06
5.867142e-06
4.812008e-06
3.947884e-06
3.238237e-06
2.657035e-06
2.179996e-06
1.788128e-06
1.467473e-06
1.204071e-06
1.036812e-06
5.886194e-07
5.740416e-07
1.754120e-07
2.135517e-07
2.607241e-07
3.191486e-07
3.894456e-07
4.757692e-07
5.811750e-07
7.100549e-07
8.672967e-07
1.059459e-06
1.293640e-06
1.580202e-06
1.929461e-06
2.355223e-06
2.874832e-06
3.509062e-06
4.282830e-06
5.227871e-06
6.382249e-06
7.791832e-06
9.513145e-06
1.161494e-05
1.418164e-05
1.731665e-05
2.114640e-05
2.582540e-05
3.127604e-05
3.652430e-05
3.573009e-05
2.926930e-05
2.397318e-05
1.963890e-05
1.609131e-05
1.318701e-05
1.080887e-05
8.861111e-06
7.265352e-06
5.958021e-06
4.886658e-06
4.007959e-06
3.288177e-06
2.697178e-06
2.213018e-06
1.815804e-06
1.489366e-06
1.221932e-06
1.002639e-06
8.351105e-07
4.816622e-07
4.697336e-07
1.418277e-07
1.723890e-07
2.109909e-07
2.576261e-07
3.147903e-07
3.845178e-07
4.697730e-07
5.736625e-07
7.009396e-07
8.560965e-07
1.045470e-06
1.276972e-06
1.559241e-06
1.903196e-06
2.323054e-06
2.835467e-06
3.460590e-06
4.224059e-06
5.156703e-06
6.295491e-06
7.686131e-06
9.384127e-06
1.145772e-05
1.399041e-05
1.708438e-05
2.086435e-05
2.497270e-05
2.835845e-05
2.922629e-05
2.398302e-05
1.964326e-05
1.609175e-05
1.318495e-05
1.080523e-05
8.856674e-06
7.260764e-06
5.953310e-06
4.882188e-06
4.004231e-06
3.284324e-06
2.694433e-06
2.210220e-06
1.813407e-06
1.487926e-06
1.220343e-06
1.001199e-06
8.213145e-07
6.740611e-07
3.949025e-07
3.851228e-07
1.161566e-07
1.411617e-07
1.728157e-07
2.109574e-07
2.578041e-07
3.149044e-07
3.847330e-07
4.698386e-07
5.739817e-07
7.011115e-07
8.562289e-07
1.045741e-06
1.276920e-06
1.558509e-06
1.902272e-06
2.321837e-06
2.833647e-06
3.458755e-06
4.222342e-06
5.154731e-06
6.293310e-06
7.683522e-06
9.381253e-06
1.145489e-05
1.398810e-05
1.708306e-05
2.015531e-05
2.263262e-05
2.370042e-05
1.947955e-05
1.595452e-05
1.306992e-05
1.070903e-05
8.776286e-06
7.193687e-06
5.897506e-06
4.835646e-06
3.965678e-06
3.252562e-06
2.667820e-06
2.188629e-06
1.795346e-06
1.472960e-06
1.208611e-06
9.911208e-07
8.131362e-07
6.669677e-07
5.473135e-07
5.577013e-07
5.438905e-07
1.639651e-07
1.992429e-07
2.439543e-07
2.977553e-07
3.639066e-07
4.445037e-07
5.430767e-07
6.632255e-07
8.102102e-07
9.896123e-07
1.208609e-06
1.476058e-06
1.802359e-06
2.199701e-06
2.684865e-06
3.276912e-06
3.999147e-06
4.881296e-06
5.958813e-06
7.274555e-06
8.881213e-06
1.084299e-05
1.323871e-05
1.616492e-05
1.973973e-05
2.410726e-05
2.768570e-05
3.102689e-05
3.305245e-05
2.726394e-05
2.233053e-05
1.829336e-05
1.498914e-05
1.228411e-05
1.006915e-05
8.255074e-06
6.768774e-06
5.551087e-06
4.553011e-06
3.734429e-06
3.063743e-06
2.513154e-06
2.061835e-06
1.691760e-06
1.387235e-06
1.137911e-06
9.334215e-07
7.657814e-07
1.099583e-08
1.099886e-08
4.781868e-09
6.265644e-09
8.804321e-09
1.302180e-08
2.013852e-08
3.195659e-08
5.066247e-08
8.012545e-08
1.258972e-07
1.955982e-07
3.018840e-07
4.693374e-07
7.126323e-07
1.038760e-06
1.507553e-06
2.170415e-06
3.053108e-06
4.312821e-06
6.192145e-06
8.903642e-06
1.286742e-05
1.847670e-05
2.606615e-05
3.432235e-05
4.050051e-05
4.163017e-05
2.962132e-05
1.135517e-05
7.476769e-06
1.313892e-05
1.360841e-05
1.199368e-05
9.804238e-06
7.671500e-06
5.844669e-06
4.368371e-06
3.216066e-06
2.345251e-06
1.698684e-06
1.217853e-06
8.769404e-07
6.194787e-07
4.372373e-07
3.051877e-07
2.031536e-07
1.275401e-07
6.946251e-08
2.809790e-08
8.195895e-08
8.376846e-08
4.647488e-08
5.667658e-08
6.950004e-08
8.504072e-08
1.039982e-07
1.273383e-07
1.561738e-07
1.913221e-07
2.342852e-07
2.869721e-07
3.514669e-07
4.301047e-07
5.261130e-07
6.434314e-07
7.869392e-07
9.630601e-07
1.180746e-06
1.556251e-06
2.419135e-06
4.027393e-06
6.580449e-06
1.045972e-05
1.514919e-05
1.702376e-05
1.859767e-05
2.067503e-05
2.197030e-05
2.287047e-05
2.280112e-05
1.814776e-05
1.401088e-05
1.065495e-05
8.015056e-06
5.975754e-06
4.424381e-06
3.252478e-06
2.377580e-06
1.725735e-06
1.243983e-06
8.926490e-07
6.326026e-07
4.378620e-07
2.999785e-07
2.118328e-07
1.677153e-07
1.359953e-07
1.114716e-07
9.464443e-08
6.684784e-08
7.405240e-08
4.179283e-08
5.094924e-08
6.243293e-08
7.635217e-08
9.332259e-08
1.141908e-07
1.399384e-07
1.713254e-07
2.096892e-07
2.567227e-07
3.143207e-07
3.846936e-07
4.711205e-07
5.781001e-07
7.123120e-07
8.850789e-07
1.116746e-06
1.527873e-06
2.417370e-06
4.025537e-06
6.578286e-06
1.045513e-05
1.513484e-05
1.699395e-05
1.855207e-05
2.061861e-05
2.192769e-05
2.284943e-05
2.278426e-05
1.812292e-05
1.397650e-05
1.061423e-05
7.971628e-06
5.933158e-06
4.384468e-06
3.217026e-06
2.346792e-06
1.700164e-06
1.223202e-06
8.758430e-07
6.198584e-07
4.289870e-07
2.952418e-07
1.855579e-07
1.407788e-07
1.112700e-07
8.853343e-08
7.349371e-08
4.403410e-08
5.765037e-08
3.347054e-08
4.076263e-08
4.986350e-08
6.089277e-08
7.431851e-08
9.078359e-08
1.110479e-07
1.357604e-07
1.659739e-07
2.030225e-07
2.484968e-07
3.044499e-07
3.743770e-07
4.640823e-07
5.840407e-07
7.547874e-07
1.014891e-06
1.485721e-06
2.417139e-06
4.027085e-06
6.582406e-06
1.045960e-05
1.512778e-05
1.696326e-05
1.849744e-05
2.054900e-05
2.188264e-05
2.284103e-05
2.278278e-05
1.810312e-05
1.393622e-05
1.055943e-05
7.909102e-06
5.869370e-06
4.323087e-06
3.161460e-06
2.297824e-06
1.659004e-06
1.189412e-06
8.482975e-07
5.987966e-07
4.142231e-07
2.873820e-07
1.485148e-07
1.014298e-07
7.424173e-08
5.422999e-08
4.246637e-08
2.153849e-08
3.719753e-08
2.235329e-08
2.712865e-08
3.302916e-08
4.015588e-08
4.878215e-08
5.929645e-08
7.218812e-08
8.793455e-08
1.072281e-07
1.309855e-07
1.604901e-07
1.978185e-07
2.472612e-07
3.174259e-07
4.252242e-07
6.029421e-07
9.053726e-07
1.443376e-06
2.416782e-06
4.029109e-06
6.587948e-06
1.046551e-05
1.511832e-05
1.692511e-05
1.843142e-05
2.046616e-05
2.182967e-05
2.283144e-05
2.278101e-05
1.807921e-05
1.388755e-05
1.049302e-05
7.833022e-06
5.791336e-06
4.247626e-06
3.092697e-06
2.236906e-06
1.607434e-06
1.146781e-06
8.133974e-07
5.718574e-07
3.951327e-07
2.770725e-07
1.176150e-07
6.694562e-08
3.947679e-08
2.162099e-08
1.489463e-08
6.154446e-09
1.667440e-08
1.059442e-08
1.257362e-08
1.491776e-08
1.761898e-08
2.071166e-08
2.431441e-08
2.867033e-08
3.404875e-08
4.081736e-08
4.967517e-08
6.212659e-08
8.154760e-08
1.152258e-07
1.767374e-07
2.884789e-07
4.872721e-07
8.310676e-07
1.416572e-06
2.416332e-06
4.031441e-06
6.594492e-06
1.047238e-05
1.510753e-05
1.688544e-05
1.836564e-05
2.038564e-05
2.177927e-05
2.282289e-05
2.277916e-05
1.805500e-05
1.383844e-05
1.042586e-05
7.755790e-06
5.711608e-06
4.170071e-06
3.021419e-06
2.173349e-06
1.553105e-06
1.101444e-06
7.760892e-07
5.426523e-07
3.740877e-07
2.654441e-07
1.034335e-07
5.159339e-08
2.183044e-08
5.082316e-09
4.127133e-09
