"Time_Iter","Outer_Iter","Inner_Iter",    "rms[Rho]"    ,    "rms[RhoU]"   ,    "rms[RhoV]"   ,    "rms[RhoE]"   ,     "rms[nu]"    ,     "Min DT"     ,     "Max DT"     ,     "Min CFL"    ,     "Max CFL"    ,     "Avg CFL"    ,    "RefForce"    ,       "CD"       ,       "CL"       ,       "CSF"      ,       "CMx"      ,       "CMy"      ,       "CMz"      ,       "CFx"      ,       "CFy"      ,       "CFz"      ,      "CEff"      ,     "Buffet"     
          0,           0,           0,      -8.572183538,      -6.470462986,      -7.834825265,      -4.729486903,      -10.46317646,   1.229998036e-08,   0.0009893968564,               100,               100,               100,       6409.460359,      0.0028661592,     -0.1882817093,                 0,                 0,                 0,     -0.1407301875,      0.0028661592,     -0.1882817093,                 0,      -65.69129492,              -nan
          0,           0,           1,      -8.572249543,      -6.470832006,      -7.835138011,      -4.729805794,      -10.46349627,   1.229998939e-08,   0.0009893968563,               100,               100,               100,       6409.460359,     0.00286615805,     -0.1882817122,                 0,                 0,                 0,     -0.1407301897,     0.00286615805,     -0.1882817122,                 0,      -65.69132229,              -nan
          0,           0,           2,      -8.572315551,      -6.471201046,      -7.835450805,      -4.730124685,      -10.46381606,   1.229999844e-08,   0.0009893968563,               100,               100,               100,       6409.460359,    0.002866156902,     -0.1882817152,                 0,                 0,                 0,     -0.1407301919,    0.002866156902,     -0.1882817152,                 0,      -65.69134963,              -nan
          0,           0,           3,      -8.572381562,      -6.471570107,      -7.835763565,      -4.730443567,      -10.46413583,   1.230000753e-08,   0.0009893968562,               100,               100,               100,       6409.460359,    0.002866155755,     -0.1882817181,                 0,                 0,                 0,     -0.1407301941,    0.002866155755,     -0.1882817181,                 0,      -65.69137696,              -nan
          0,           0,           4,      -8.572447575,       -6.47193919,      -7.836076324,      -4.730762392,      -10.46445558,   1.230001664e-08,   0.0009893968561,               100,               100,               100,       6409.460359,    0.002866154608,      -0.188281721,                 0,                 0,                 0,     -0.1407301963,    0.002866154608,      -0.188281721,                 0,      -65.69140426,              -nan
          0,           0,           5,       -8.57251359,      -6.472308293,      -7.836389076,       -4.73108123,      -10.46477531,   1.230002578e-08,    0.000989396856,               100,               100,               100,       6409.460359,    0.002866153462,      -0.188281724,                 0,                 0,                 0,     -0.1407301985,    0.002866153462,      -0.188281724,                 0,      -65.69143155,              -nan
          0,           0,           6,      -8.572579608,      -6.472677417,      -7.836701871,      -4.731400057,      -10.46509503,   1.230003495e-08,    0.000989396856,               100,               100,               100,       6409.460359,    0.002866152317,     -0.1882817269,                 0,                 0,                 0,     -0.1407302007,    0.002866152317,     -0.1882817269,                 0,      -65.69145881,              -nan
          0,           0,           7,      -8.572645629,      -6.473046562,      -7.837014545,      -4.731718826,      -10.46541472,   1.230004416e-08,   0.0009893968559,               100,               100,               100,       6409.460359,    0.002866151173,     -0.1882817298,                 0,                 0,                 0,     -0.1407302029,    0.002866151173,     -0.1882817298,                 0,      -65.69148605,              -nan
          0,           0,           8,      -8.572711652,      -6.473415728,      -7.837327304,       -4.73203762,      -10.46573439,   1.230005339e-08,   0.0009893968558,               100,               100,               100,       6409.460359,     0.00286615003,     -0.1882817328,                 0,                 0,                 0,     -0.1407302051,     0.00286615003,     -0.1882817328,                 0,      -65.69151327,              -nan
          0,           0,           9,      -8.572777678,      -6.473784915,      -7.837640091,      -4.732356433,      -10.46605405,   1.230006265e-08,   0.0009893968557,               100,               100,               100,       6409.460359,    0.002866148888,     -0.1882817357,                 0,                 0,                 0,     -0.1407302073,    0.002866148888,     -0.1882817357,                 0,      -65.69154047,              -nan
          0,           0,          10,      -8.572843706,      -6.474154123,      -7.837952731,      -4.732675121,      -10.46637368,   1.230007194e-08,   0.0009893968557,               100,               100,               100,       6409.460359,    0.002866147747,     -0.1882817386,                 0,                 0,                 0,     -0.1407302095,    0.002866147747,     -0.1882817386,                 0,      -65.69156765,              -nan
          0,           0,          11,      -8.572909737,      -6.474523352,      -7.838265598,      -4.732993882,       -10.4666933,   1.230008126e-08,   0.0009893968556,               100,               100,               100,       6409.460359,    0.002866146606,     -0.1882817415,                 0,                 0,                 0,     -0.1407302117,    0.002866146606,     -0.1882817415,                 0,      -65.69159481,              -nan
          0,           0,          12,      -8.572975771,      -6.474892601,      -7.838578259,      -4.733312596,      -10.46701289,   1.230009061e-08,   0.0009893968555,               100,               100,               100,       6409.460359,    0.002866145467,     -0.1882817445,                 0,                 0,                 0,     -0.1407302139,    0.002866145467,     -0.1882817445,                 0,      -65.69162195,              -nan
          0,           0,          13,      -8.573041807,      -6.475261872,      -7.838890976,      -4.733631266,      -10.46733247,   1.230009999e-08,   0.0009893968554,               100,               100,               100,       6409.460359,    0.002866144328,     -0.1882817474,                 0,                 0,                 0,     -0.1407302161,    0.002866144328,     -0.1882817474,                 0,      -65.69164907,              -nan
          0,           0,          14,      -8.573107845,      -6.475631164,      -7.839203732,      -4.733949991,      -10.46765202,    1.23001094e-08,   0.0009893968554,               100,               100,               100,       6409.460359,     0.00286614319,     -0.1882817503,                 0,                 0,                 0,     -0.1407302183,     0.00286614319,     -0.1882817503,                 0,      -65.69167616,              -nan
          0,           0,          15,      -8.573173887,      -6.476000476,      -7.839516381,      -4.734268599,      -10.46797156,   1.230011884e-08,   0.0009893968553,               100,               100,               100,       6409.460359,    0.002866142053,     -0.1882817532,                 0,                 0,                 0,     -0.1407302205,    0.002866142053,     -0.1882817532,                 0,      -65.69170324,              -nan
          0,           0,          16,       -8.57323993,       -6.47636981,      -7.839829188,      -4.734587321,      -10.46829108,    1.23001283e-08,   0.0009893968552,               100,               100,               100,       6409.460359,    0.002866140917,     -0.1882817561,                 0,                 0,                 0,     -0.1407302227,    0.002866140917,     -0.1882817561,                 0,      -65.69173029,              -nan
          0,           0,          17,      -8.573305976,      -6.476739164,      -7.840141814,      -4.734905877,      -10.46861057,    1.23001378e-08,   0.0009893968551,               100,               100,               100,       6409.460359,    0.002866139782,      -0.188281759,                 0,                 0,                 0,     -0.1407302249,    0.002866139782,      -0.188281759,                 0,      -65.69175733,              -nan
          0,           0,          18,      -8.573372025,      -6.477108539,      -7.840454536,      -4.735224525,      -10.46893005,   1.230014733e-08,   0.0009893968551,               100,               100,               100,       6409.460359,    0.002866138648,     -0.1882817619,                 0,                 0,                 0,     -0.1407302271,    0.002866138648,     -0.1882817619,                 0,      -65.69178434,              -nan
          0,           0,          19,      -8.573438076,      -6.477477936,      -7.840767238,      -4.735543116,      -10.46924951,   1.230015688e-08,    0.000989396855,               100,               100,               100,       6409.460359,    0.002866137514,     -0.1882817648,                 0,                 0,                 0,     -0.1407302292,    0.002866137514,     -0.1882817648,                 0,      -65.69181134,              -nan
          0,           0,          20,       -8.57350413,      -6.477847353,      -7.841079907,      -4.735861661,      -10.46956894,   1.230016647e-08,   0.0009893968549,               100,               100,               100,       6409.460359,    0.002866136382,     -0.1882817677,                 0,                 0,                 0,     -0.1407302314,    0.002866136382,     -0.1882817677,                 0,      -65.69183831,              -nan
          0,           0,          21,      -8.573570187,      -6.478216791,      -7.841392684,      -4.736180269,      -10.46988836,   1.230017608e-08,   0.0009893968548,               100,               100,               100,       6409.460359,     0.00286613525,     -0.1882817706,                 0,                 0,                 0,     -0.1407302336,     0.00286613525,     -0.1882817706,                 0,      -65.69186526,              -nan
          0,           0,          22,      -8.573636245,       -6.47858625,      -7.841705264,      -4.736498767,      -10.47020776,   1.230018573e-08,   0.0009893968548,               100,               100,               100,       6409.460359,    0.002866134119,     -0.1882817735,                 0,                 0,                 0,     -0.1407302358,    0.002866134119,     -0.1882817735,                 0,      -65.69189219,              -nan
          0,           0,          23,      -8.573702307,       -6.47895573,      -7.842018023,      -4.736817326,      -10.47052714,    1.23001954e-08,   0.0009893968547,               100,               100,               100,       6409.460359,    0.002866132989,     -0.1882817764,                 0,                 0,                 0,      -0.140730238,    0.002866132989,     -0.1882817764,                 0,       -65.6919191,              -nan
          0,           0,          24,      -8.573768371,      -6.479325231,      -7.842330752,      -4.737135839,       -10.4708465,   1.230020511e-08,   0.0009893968546,               100,               100,               100,       6409.460359,     0.00286613186,     -0.1882817793,                 0,                 0,                 0,     -0.1407302402,     0.00286613186,     -0.1882817793,                 0,      -65.69194599,              -nan
          0,           0,          25,      -8.573834437,      -6.479694753,      -7.842643307,       -4.73745429,      -10.47116584,   1.230021484e-08,   0.0009893968545,               100,               100,               100,       6409.460359,    0.002866130732,     -0.1882817822,                 0,                 0,                 0,     -0.1407302423,    0.002866130732,     -0.1882817822,                 0,      -65.69197286,              -nan
          0,           0,          26,      -8.573900506,      -6.480064296,      -7.842956065,      -4.737772785,      -10.47148515,    1.23002246e-08,   0.0009893968545,               100,               100,               100,       6409.460359,    0.002866129604,     -0.1882817851,                 0,                 0,                 0,     -0.1407302445,    0.002866129604,     -0.1882817851,                 0,      -65.69199971,              -nan
          0,           0,          27,      -8.573966578,      -6.480433859,      -7.843268718,      -4.738091247,      -10.47180445,   1.230023439e-08,   0.0009893968544,               100,               100,               100,       6409.460359,    0.002866128478,      -0.188281788,                 0,                 0,                 0,     -0.1407302467,    0.002866128478,      -0.188281788,                 0,      -65.69202654,              -nan
          0,           0,          28,      -8.574032652,      -6.480803444,      -7.843581425,      -4.738409681,      -10.47212373,   1.230024421e-08,   0.0009893968543,               100,               100,               100,       6409.460359,    0.002866127352,     -0.1882817909,                 0,                 0,                 0,     -0.1407302488,    0.002866127352,     -0.1882817909,                 0,      -65.69205334,              -nan
          0,           0,          29,      -8.574098729,       -6.48117305,      -7.843894057,      -4.738728093,      -10.47244299,   1.230025406e-08,   0.0009893968542,               100,               100,               100,       6409.460359,    0.002866126227,     -0.1882817938,                 0,                 0,                 0,      -0.140730251,    0.002866126227,     -0.1882817938,                 0,      -65.69208013,              -nan
          0,           0,          30,      -8.574164808,      -6.481542676,      -7.844206736,      -4.739046519,      -10.47276223,   1.230026394e-08,   0.0009893968542,               100,               100,               100,       6409.460359,    0.002866125104,     -0.1882817967,                 0,                 0,                 0,     -0.1407302532,    0.002866125104,     -0.1882817967,                 0,       -65.6921069,              -nan
          0,           0,          31,       -8.57423089,      -6.481912324,      -7.844519338,      -4.739364887,      -10.47308145,   1.230027385e-08,   0.0009893968541,               100,               100,               100,       6409.460359,     0.00286612398,     -0.1882817996,                 0,                 0,                 0,     -0.1407302554,     0.00286612398,     -0.1882817996,                 0,      -65.69213364,              -nan
          0,           0,          32,      -8.574296974,      -6.482281992,      -7.844832035,      -4.739683233,      -10.47340065,   1.230028379e-08,    0.000989396854,               100,               100,               100,       6409.460359,    0.002866122858,     -0.1882818024,                 0,                 0,                 0,     -0.1407302575,    0.002866122858,     -0.1882818024,                 0,      -65.69216037,              -nan
          0,           0,          33,      -8.574363061,      -6.482651681,      -7.845144682,      -4.740001623,      -10.47371983,   1.230029376e-08,   0.0009893968539,               100,               100,               100,       6409.460359,    0.002866121737,     -0.1882818053,                 0,                 0,                 0,     -0.1407302597,    0.002866121737,     -0.1882818053,                 0,      -65.69218707,              -nan
          0,           0,          34,       -8.57442915,      -6.483021392,      -7.845457305,      -4.740319954,      -10.47403899,   1.230030376e-08,   0.0009893968539,               100,               100,               100,       6409.460359,    0.002866120617,     -0.1882818082,                 0,                 0,                 0,     -0.1407302618,    0.002866120617,     -0.1882818082,                 0,      -65.69221376,              -nan
          0,           0,          35,      -8.574495242,      -6.483391123,      -7.845769966,      -4.740638245,      -10.47435813,   1.230031378e-08,   0.0009893968538,               100,               100,               100,       6409.460359,    0.002866119497,     -0.1882818111,                 0,                 0,                 0,      -0.140730264,    0.002866119497,     -0.1882818111,                 0,      -65.69224042,              -nan
          0,           0,          36,      -8.574561336,      -6.483760875,       -7.84608261,      -4.740956569,      -10.47467725,   1.230032384e-08,   0.0009893968537,               100,               100,               100,       6409.460359,    0.002866118378,     -0.1882818139,                 0,                 0,                 0,     -0.1407302662,    0.002866118378,     -0.1882818139,                 0,      -65.69226707,              -nan
          0,           0,          37,      -8.574627433,      -6.484130648,      -7.846395252,      -4.741274839,      -10.47499635,   1.230033393e-08,   0.0009893968537,               100,               100,               100,       6409.460359,     0.00286611726,     -0.1882818168,                 0,                 0,                 0,     -0.1407302683,     0.00286611726,     -0.1882818168,                 0,      -65.69229369,              -nan
          0,           0,          38,      -8.574693532,      -6.484500442,      -7.846707904,      -4.741593122,      -10.47531543,   1.230034404e-08,   0.0009893968536,               100,               100,               100,       6409.460359,    0.002866116143,     -0.1882818197,                 0,                 0,                 0,     -0.1407302705,    0.002866116143,     -0.1882818197,                 0,      -65.69232029,              -nan
          0,           0,          39,      -8.574759634,      -6.484870257,      -7.847020499,      -4.741911343,      -10.47563448,   1.230035419e-08,   0.0009893968535,               100,               100,               100,       6409.460359,    0.002866115027,     -0.1882818225,                 0,                 0,                 0,     -0.1407302726,    0.002866115027,     -0.1882818225,                 0,      -65.69234687,              -nan
          0,           0,          40,      -8.574825738,      -6.485240093,      -7.847333104,      -4.742229575,      -10.47595352,   1.230036436e-08,   0.0009893968534,               100,               100,               100,       6409.460359,    0.002866113912,     -0.1882818254,                 0,                 0,                 0,     -0.1407302748,    0.002866113912,     -0.1882818254,                 0,      -65.69237344,              -nan
          0,           0,          41,      -8.574891845,       -6.48560995,      -7.847645695,      -4.742547797,      -10.47627254,   1.230037456e-08,   0.0009893968534,               100,               100,               100,       6409.460359,    0.002866112797,     -0.1882818283,                 0,                 0,                 0,     -0.1407302769,    0.002866112797,     -0.1882818283,                 0,      -65.69239998,              -nan
          0,           0,          42,      -8.574957955,      -6.485979827,      -7.847958385,      -4.742865985,      -10.47659154,    1.23003848e-08,   0.0009893968533,               100,               100,               100,       6409.460359,    0.002866111684,     -0.1882818311,                 0,                 0,                 0,     -0.1407302791,    0.002866111684,     -0.1882818311,                 0,       -65.6924265,              -nan
          0,           0,          43,      -8.575024067,      -6.486349726,       -7.84827094,      -4.743184149,      -10.47691052,   1.230039506e-08,   0.0009893968532,               100,               100,               100,       6409.460359,    0.002866110571,      -0.188281834,                 0,                 0,                 0,     -0.1407302812,    0.002866110571,      -0.188281834,                 0,        -65.692453,              -nan
          0,           0,          44,      -8.575090181,      -6.486719646,      -7.848583545,      -4.743502302,      -10.47722948,   1.230040535e-08,   0.0009893968531,               100,               100,               100,       6409.460359,    0.002866109459,     -0.1882818368,                 0,                 0,                 0,     -0.1407302834,    0.002866109459,     -0.1882818368,                 0,      -65.69247948,              -nan
          0,           0,          45,      -8.575156298,      -6.487089586,      -7.848896191,      -4.743820464,      -10.47754842,   1.230041567e-08,   0.0009893968531,               100,               100,               100,       6409.460359,    0.002866108348,     -0.1882818397,                 0,                 0,                 0,     -0.1407302855,    0.002866108348,     -0.1882818397,                 0,      -65.69250594,              -nan
          0,           0,          46,      -8.575222417,      -6.487459547,      -7.849208765,      -4.744138548,      -10.47786734,   1.230042602e-08,    0.000989396853,               100,               100,               100,       6409.460359,    0.002866107238,     -0.1882818426,                 0,                 0,                 0,     -0.1407302877,    0.002866107238,     -0.1882818426,                 0,      -65.69253238,              -nan
          0,           0,          47,      -8.575288539,       -6.48782953,      -7.849521358,      -4.744456696,      -10.47818624,    1.23004364e-08,   0.0009893968529,               100,               100,               100,       6409.460359,    0.002866106129,     -0.1882818454,                 0,                 0,                 0,     -0.1407302898,    0.002866106129,     -0.1882818454,                 0,       -65.6925588,              -nan
          0,           0,          48,      -8.575354664,      -6.488199533,      -7.849833963,      -4.744774753,      -10.47850512,   1.230044681e-08,   0.0009893968528,               100,               100,               100,       6409.460359,     0.00286610502,     -0.1882818482,                 0,                 0,                 0,      -0.140730292,     0.00286610502,     -0.1882818482,                 0,       -65.6925852,              -nan
          0,           0,          49,      -8.575420791,      -6.488569557,      -7.850146509,      -4.745092839,      -10.47882398,   1.230045724e-08,   0.0009893968528,               100,               100,               100,       6409.460359,    0.002866103913,     -0.1882818511,                 0,                 0,                 0,     -0.1407302941,    0.002866103913,     -0.1882818511,                 0,      -65.69261158,              -nan
          0,           0,          50,       -8.57548692,      -6.488939603,      -7.850459155,      -4.745410881,      -10.47914281,   1.230046771e-08,   0.0009893968527,               100,               100,               100,       6409.460359,    0.002866102806,     -0.1882818539,                 0,                 0,                 0,     -0.1407302963,    0.002866102806,     -0.1882818539,                 0,      -65.69263794,              -nan
          0,           0,          51,      -8.575553052,      -6.489309669,      -7.850771694,      -4.745728937,      -10.47946163,   1.230047821e-08,   0.0009893968526,               100,               100,               100,       6409.460359,      0.0028661017,     -0.1882818568,                 0,                 0,                 0,     -0.1407302984,      0.0028661017,     -0.1882818568,                 0,      -65.69266428,              -nan
          0,           0,          52,      -8.575619187,      -6.489679756,      -7.851084206,      -4.746046882,      -10.47978043,   1.230048873e-08,   0.0009893968526,               100,               100,               100,       6409.460359,    0.002866100595,     -0.1882818596,                 0,                 0,                 0,     -0.1407303005,    0.002866100595,     -0.1882818596,                 0,       -65.6926906,              -nan
          0,           0,          53,      -8.575685324,      -6.490049864,      -7.851396856,      -4.746364932,      -10.48009921,   1.230049929e-08,   0.0009893968525,               100,               100,               100,       6409.460359,    0.002866099491,     -0.1882818625,                 0,                 0,                 0,     -0.1407303027,    0.002866099491,     -0.1882818625,                 0,       -65.6927169,              -nan
          0,           0,          54,      -8.575751463,      -6.490419993,      -7.851709392,       -4.74668291,      -10.48041797,   1.230050987e-08,   0.0009893968524,               100,               100,               100,       6409.460359,    0.002866098387,     -0.1882818653,                 0,                 0,                 0,     -0.1407303048,    0.002866098387,     -0.1882818653,                 0,      -65.69274318,              -nan
          0,           0,          55,      -8.575817605,      -6.490790142,       -7.85202196,      -4.747000865,       -10.4807367,   1.230052049e-08,   0.0009893968523,               100,               100,               100,       6409.460359,    0.002866097285,     -0.1882818681,                 0,                 0,                 0,     -0.1407303069,    0.002866097285,     -0.1882818681,                 0,      -65.69276944,              -nan
          0,           0,          56,       -8.57588375,      -6.491160313,      -7.852334566,      -4.747318799,      -10.48105542,   1.230053113e-08,   0.0009893968523,               100,               100,               100,       6409.460359,    0.002866096183,      -0.188281871,                 0,                 0,                 0,     -0.1407303091,    0.002866096183,      -0.188281871,                 0,      -65.69279568,              -nan
          0,           0,          57,      -8.575949897,      -6.491530505,      -7.852647064,      -4.747636713,      -10.48137412,    1.23005418e-08,   0.0009893968522,               100,               100,               100,       6409.460359,    0.002866095082,     -0.1882818738,                 0,                 0,                 0,     -0.1407303112,    0.002866095082,     -0.1882818738,                 0,       -65.6928219,              -nan
          0,           0,          58,      -8.576016046,      -6.491900717,      -7.852959635,      -4.747954616,      -10.48169279,    1.23005525e-08,   0.0009893968521,               100,               100,               100,       6409.460359,    0.002866093982,     -0.1882818766,                 0,                 0,                 0,     -0.1407303133,    0.002866093982,     -0.1882818766,                 0,       -65.6928481,              -nan
          0,           0,          59,      -8.576082198,      -6.492270951,      -7.853272142,      -4.748272505,      -10.48201145,   1.230056323e-08,    0.000989396852,               100,               100,               100,       6409.460359,    0.002866092883,     -0.1882818794,                 0,                 0,                 0,     -0.1407303155,    0.002866092883,     -0.1882818794,                 0,      -65.69287428,              -nan
          0,           0,          60,      -8.576148353,      -6.492641205,      -7.853584736,      -4.748590392,      -10.48233009,   1.230057399e-08,    0.000989396852,               100,               100,               100,       6409.460359,    0.002866091785,     -0.1882818823,                 0,                 0,                 0,     -0.1407303176,    0.002866091785,     -0.1882818823,                 0,      -65.69290043,              -nan
          0,           0,          61,       -8.57621451,       -6.49301148,      -7.853897262,      -4.748908232,       -10.4826487,   1.230058478e-08,   0.0009893968519,               100,               100,               100,       6409.460359,    0.002866090688,     -0.1882818851,                 0,                 0,                 0,     -0.1407303197,    0.002866090688,     -0.1882818851,                 0,      -65.69292657,              -nan
          0,           0,          62,      -8.576280669,      -6.493381776,      -7.854209735,      -4.749226034,       -10.4829673,    1.23005956e-08,   0.0009893968518,               100,               100,               100,       6409.460359,    0.002866089591,     -0.1882818879,                 0,                 0,                 0,     -0.1407303218,    0.002866089591,     -0.1882818879,                 0,      -65.69295269,              -nan
          0,           0,          63,      -8.576346831,      -6.493752094,      -7.854522301,      -4.749543873,      -10.48328587,   1.230060645e-08,   0.0009893968518,               100,               100,               100,       6409.460359,    0.002866088495,     -0.1882818907,                 0,                 0,                 0,      -0.140730324,    0.002866088495,     -0.1882818907,                 0,      -65.69297879,              -nan
          0,           0,          64,      -8.576412996,      -6.494122432,      -7.854834881,      -4.749861685,      -10.48360443,   1.230061733e-08,   0.0009893968517,               100,               100,               100,       6409.460359,      0.0028660874,     -0.1882818936,                 0,                 0,                 0,     -0.1407303261,      0.0028660874,     -0.1882818936,                 0,      -65.69300487,              -nan
          0,           0,          65,      -8.576479162,      -6.494492791,       -7.85514732,      -4.750179434,      -10.48392296,   1.230062823e-08,   0.0009893968516,               100,               100,               100,       6409.460359,    0.002866086306,     -0.1882818964,                 0,                 0,                 0,     -0.1407303282,    0.002866086306,     -0.1882818964,                 0,      -65.69303093,              -nan
          0,           0,          66,      -8.576545332,       -6.49486317,      -7.855459881,      -4.750497207,      -10.48424148,   1.230063917e-08,   0.0009893968515,               100,               100,               100,       6409.460359,    0.002866085213,     -0.1882818992,                 0,                 0,                 0,     -0.1407303303,    0.002866085213,     -0.1882818992,                 0,      -65.69305697,              -nan
          0,           0,          67,      -8.576611504,      -6.495233571,      -7.855772339,      -4.750814938,      -10.48455997,   1.230065013e-08,   0.0009893968515,               100,               100,               100,       6409.460359,    0.002866084121,      -0.188281902,                 0,                 0,                 0,     -0.1407303324,    0.002866084121,      -0.188281902,                 0,      -65.69308299,              -nan
          0,           0,          68,      -8.576677678,      -6.495603993,      -7.856084899,       -4.75113266,      -10.48487844,   1.230066113e-08,   0.0009893968514,               100,               100,               100,       6409.460359,    0.002866083029,     -0.1882819048,                 0,                 0,                 0,     -0.1407303345,    0.002866083029,     -0.1882819048,                 0,      -65.69310899,              -nan
          0,           0,          69,      -8.576743855,      -6.495974436,      -7.856397366,      -4.751450352,       -10.4851969,   1.230067215e-08,   0.0009893968513,               100,               100,               100,       6409.460359,    0.002866081939,     -0.1882819076,                 0,                 0,                 0,     -0.1407303367,    0.002866081939,     -0.1882819076,                 0,      -65.69313496,              -nan
          0,           0,          70,      -8.576810034,      -6.496344899,      -7.856709966,      -4.751768085,      -10.48551533,    1.23006832e-08,   0.0009893968512,               100,               100,               100,       6409.460359,    0.002866080849,     -0.1882819104,                 0,                 0,                 0,     -0.1407303388,    0.002866080849,     -0.1882819104,                 0,      -65.69316092,              -nan
          0,           0,          71,      -8.576876216,      -6.496715384,      -7.857022374,      -4.752085705,      -10.48583374,   1.230069428e-08,   0.0009893968512,               100,               100,               100,       6409.460359,     0.00286607976,     -0.1882819132,                 0,                 0,                 0,     -0.1407303409,     0.00286607976,     -0.1882819132,                 0,      -65.69318686,              -nan
          0,           0,          72,        -8.5769424,      -6.497085889,      -7.857334821,      -4.752403337,      -10.48615213,   1.230070539e-08,   0.0009893968511,               100,               100,               100,       6409.460359,    0.002866078671,      -0.188281916,                 0,                 0,                 0,      -0.140730343,    0.002866078671,      -0.188281916,                 0,      -65.69321278,              -nan
          0,           0,          73,      -8.577008587,      -6.497456415,      -7.857647444,      -4.752721025,       -10.4864705,   1.230071653e-08,    0.000989396851,               100,               100,               100,       6409.460359,    0.002866077584,     -0.1882819188,                 0,                 0,                 0,     -0.1407303451,    0.002866077584,     -0.1882819188,                 0,      -65.69323868,              -nan
          0,           0,          74,      -8.577074777,      -6.497826962,      -7.857959907,      -4.753038622,      -10.48678885,    1.23007277e-08,    0.000989396851,               100,               100,               100,       6409.460359,    0.002866076498,     -0.1882819216,                 0,                 0,                 0,     -0.1407303472,    0.002866076498,     -0.1882819216,                 0,      -65.69326456,              -nan
          0,           0,          75,      -8.577140968,       -6.49819753,      -7.858272283,      -4.753356162,      -10.48710718,    1.23007389e-08,   0.0009893968509,               100,               100,               100,       6409.460359,    0.002866075412,     -0.1882819244,                 0,                 0,                 0,     -0.1407303493,    0.002866075412,     -0.1882819244,                 0,      -65.69329042,              -nan
          0,           0,          76,      -8.577207163,       -6.49856812,       -7.85858479,      -4.753673786,      -10.48742549,   1.230075013e-08,   0.0009893968508,               100,               100,               100,       6409.460359,    0.002866074327,     -0.1882819272,                 0,                 0,                 0,     -0.1407303514,    0.002866074327,     -0.1882819272,                 0,      -65.69331626,              -nan
          0,           0,          77,      -8.577273359,      -6.498938729,      -7.858897307,      -4.753991317,      -10.48774378,   1.230076138e-08,   0.0009893968507,               100,               100,               100,       6409.460359,    0.002866073243,       -0.18828193,                 0,                 0,                 0,     -0.1407303535,    0.002866073243,       -0.18828193,                 0,      -65.69334208,              -nan
          0,           0,          78,      -8.577339558,       -6.49930936,      -7.859209758,      -4.754308859,      -10.48806205,   1.230077267e-08,   0.0009893968507,               100,               100,               100,       6409.460359,     0.00286607216,     -0.1882819328,                 0,                 0,                 0,     -0.1407303556,     0.00286607216,     -0.1882819328,                 0,      -65.69336788,              -nan
          0,           0,          79,       -8.57740576,      -6.499680012,      -7.859522197,      -4.754626378,       -10.4883803,   1.230078398e-08,   0.0009893968506,               100,               100,               100,       6409.460359,    0.002866071077,     -0.1882819356,                 0,                 0,                 0,     -0.1407303577,    0.002866071077,     -0.1882819356,                 0,      -65.69339367,              -nan
          0,           0,          80,      -8.577471964,      -6.500050684,      -7.859834651,      -4.754943873,      -10.48869853,   1.230079533e-08,   0.0009893968505,               100,               100,               100,       6409.460359,    0.002866069996,     -0.1882819384,                 0,                 0,                 0,     -0.1407303598,    0.002866069996,     -0.1882819384,                 0,      -65.69341943,              -nan
          0,           0,          81,      -8.577538171,      -6.500421378,      -7.860147164,      -4.755261373,      -10.48901673,    1.23008067e-08,   0.0009893968505,               100,               100,               100,       6409.460359,    0.002866068915,     -0.1882819411,                 0,                 0,                 0,     -0.1407303619,    0.002866068915,     -0.1882819411,                 0,      -65.69344517,              -nan
          0,           0,          82,       -8.57760438,      -6.500792092,      -7.860459567,      -4.755578827,      -10.48933492,    1.23008181e-08,   0.0009893968504,               100,               100,               100,       6409.460359,    0.002866067835,     -0.1882819439,                 0,                 0,                 0,      -0.140730364,    0.002866067835,     -0.1882819439,                 0,      -65.69347089,              -nan
          0,           0,          83,      -8.577670591,      -6.501162828,      -7.860772006,      -4.755896252,      -10.48965308,   1.230082953e-08,   0.0009893968503,               100,               100,               100,       6409.460359,    0.002866066756,     -0.1882819467,                 0,                 0,                 0,     -0.1407303661,    0.002866066756,     -0.1882819467,                 0,      -65.69349659,              -nan
          0,           0,          84,      -8.577736805,      -6.501533584,      -7.861084528,      -4.756213711,      -10.48997123,   1.230084099e-08,   0.0009893968502,               100,               100,               100,       6409.460359,    0.002866065678,     -0.1882819495,                 0,                 0,                 0,     -0.1407303682,    0.002866065678,     -0.1882819495,                 0,      -65.69352228,              -nan
          0,           0,          85,      -8.577803022,      -6.501904361,      -7.861396886,      -4.756531067,      -10.49028935,   1.230085248e-08,   0.0009893968502,               100,               100,               100,       6409.460359,    0.002866064601,     -0.1882819523,                 0,                 0,                 0,     -0.1407303703,    0.002866064601,     -0.1882819523,                 0,      -65.69354794,              -nan
          0,           0,          86,      -8.577869241,      -6.502275159,      -7.861709297,      -4.756848463,      -10.49060746,     1.2300864e-08,   0.0009893968501,               100,               100,               100,       6409.460359,    0.002866063524,      -0.188281955,                 0,                 0,                 0,     -0.1407303724,    0.002866063524,      -0.188281955,                 0,      -65.69357358,              -nan
          0,           0,          87,      -8.577935462,      -6.502645978,      -7.862021789,      -4.757165839,      -10.49092554,   1.230087555e-08,     0.00098939685,               100,               100,               100,       6409.460359,    0.002866062449,     -0.1882819578,                 0,                 0,                 0,     -0.1407303745,    0.002866062449,     -0.1882819578,                 0,      -65.69359921,              -nan
          0,           0,          88,      -8.578001686,      -6.503016818,      -7.862334236,      -4.757483222,       -10.4912436,   1.230088712e-08,     0.00098939685,               100,               100,               100,       6409.460359,    0.002866061374,     -0.1882819606,                 0,                 0,                 0,     -0.1407303765,    0.002866061374,     -0.1882819606,                 0,      -65.69362481,              -nan
          0,           0,          89,      -8.578067912,      -6.503387678,      -7.862646622,      -4.757800517,      -10.49156164,   1.230089873e-08,   0.0009893968499,               100,               100,               100,       6409.460359,      0.0028660603,     -0.1882819633,                 0,                 0,                 0,     -0.1407303786,      0.0028660603,     -0.1882819633,                 0,      -65.69365039,              -nan
          0,           0,          90,      -8.578134141,       -6.50375856,      -7.862959055,      -4.758117838,      -10.49187967,   1.230091037e-08,   0.0009893968498,               100,               100,               100,       6409.460359,    0.002866059226,     -0.1882819661,                 0,                 0,                 0,     -0.1407303807,    0.002866059226,     -0.1882819661,                 0,      -65.69367596,              -nan
          0,           0,          91,      -8.578200372,      -6.504129462,      -7.863271423,        -4.7584351,      -10.49219767,   1.230092203e-08,   0.0009893968498,               100,               100,               100,       6409.460359,    0.002866058154,     -0.1882819689,                 0,                 0,                 0,     -0.1407303828,    0.002866058154,     -0.1882819689,                 0,      -65.69370151,              -nan
          0,           0,          92,      -8.578266606,      -6.504500385,      -7.863583909,      -4.758752413,      -10.49251565,   1.230093372e-08,   0.0009893968497,               100,               100,               100,       6409.460359,    0.002866057082,     -0.1882819716,                 0,                 0,                 0,     -0.1407303849,    0.002866057082,     -0.1882819716,                 0,      -65.69372703,              -nan
          0,           0,          93,      -8.578332842,       -6.50487133,      -7.863896235,      -4.759069637,       -10.4928336,   1.230094544e-08,   0.0009893968496,               100,               100,               100,       6409.460359,    0.002866056012,     -0.1882819744,                 0,                 0,                 0,      -0.140730387,    0.002866056012,     -0.1882819744,                 0,      -65.69375254,              -nan
          0,           0,          94,      -8.578399081,      -6.505242295,      -7.864208673,      -4.759386888,      -10.49315154,    1.23009572e-08,   0.0009893968495,               100,               100,               100,       6409.460359,    0.002866054942,     -0.1882819771,                 0,                 0,                 0,      -0.140730389,    0.002866054942,     -0.1882819771,                 0,      -65.69377802,              -nan
          0,           0,          95,      -8.578465322,      -6.505613281,      -7.864521044,      -4.759704088,      -10.49346946,   1.230096898e-08,   0.0009893968495,               100,               100,               100,       6409.460359,    0.002866053873,     -0.1882819799,                 0,                 0,                 0,     -0.1407303911,    0.002866053873,     -0.1882819799,                 0,      -65.69380349,              -nan
          0,           0,          96,      -8.578531565,      -6.505984287,      -7.864833471,      -4.760021296,      -10.49378736,   1.230098079e-08,   0.0009893968494,               100,               100,               100,       6409.460359,    0.002866052804,     -0.1882819827,                 0,                 0,                 0,     -0.1407303932,    0.002866052804,     -0.1882819827,                 0,      -65.69382894,              -nan
          0,           0,          97,      -8.578597811,      -6.506355315,      -7.865145795,      -4.760338448,      -10.49410523,   1.230099262e-08,   0.0009893968493,               100,               100,               100,       6409.460359,    0.002866051737,     -0.1882819854,                 0,                 0,                 0,     -0.1407303953,    0.002866051737,     -0.1882819854,                 0,      -65.69385437,              -nan
          0,           0,          98,       -8.57866406,      -6.506726364,      -7.865458224,      -4.760655641,      -10.49442309,   1.230100449e-08,   0.0009893968493,               100,               100,               100,       6409.460359,     0.00286605067,     -0.1882819882,                 0,                 0,                 0,     -0.1407303973,     0.00286605067,     -0.1882819882,                 0,      -65.69387978,              -nan
          0,           0,          99,       -8.57873031,      -6.507097433,      -7.865770569,      -4.760972747,      -10.49474092,   1.230101639e-08,   0.0009893968492,               100,               100,               100,       6409.460359,    0.002866049604,     -0.1882819909,                 0,                 0,                 0,     -0.1407303994,    0.002866049604,     -0.1882819909,                 0,      -65.69390517,              -nan
          0,           0,         100,      -8.578796564,      -6.507468523,      -7.866082963,      -4.761289875,      -10.49505873,   1.230102831e-08,   0.0009893968491,               100,               100,               100,       6409.460359,    0.002866048539,     -0.1882819937,                 0,                 0,                 0,     -0.1407304015,    0.002866048539,     -0.1882819937,                 0,      -65.69393054,              -nan
          0,           0,         101,      -8.578862819,      -6.507839635,      -7.866395341,      -4.761606968,      -10.49537653,   1.230104027e-08,    0.000989396849,               100,               100,               100,       6409.460359,    0.002866047475,     -0.1882819964,                 0,                 0,                 0,     -0.1407304035,    0.002866047475,     -0.1882819964,                 0,      -65.69395589,              -nan
          0,           0,         102,      -8.578929078,      -6.508210767,      -7.866707689,       -4.76192405,       -10.4956943,   1.230105225e-08,    0.000989396849,               100,               100,               100,       6409.460359,    0.002866046412,     -0.1882819991,                 0,                 0,                 0,     -0.1407304056,    0.002866046412,     -0.1882819991,                 0,      -65.69398122,              -nan
          0,           0,         103,      -8.578995338,       -6.50858192,      -7.867020104,      -4.762241131,      -10.49601205,   1.230106426e-08,   0.0009893968489,               100,               100,               100,       6409.460359,    0.002866045349,     -0.1882820019,                 0,                 0,                 0,     -0.1407304077,    0.002866045349,     -0.1882820019,                 0,      -65.69400653,              -nan
          0,           0,         104,      -8.579061601,      -6.508953093,       -7.86733244,      -4.762558177,      -10.49632978,    1.23010763e-08,   0.0009893968488,               100,               100,               100,       6409.460359,    0.002866044288,     -0.1882820046,                 0,                 0,                 0,     -0.1407304097,    0.002866044288,     -0.1882820046,                 0,      -65.69403182,              -nan
          0,           0,         105,      -8.579127867,      -6.509324288,      -7.867644777,      -4.762875173,      -10.49664749,   1.230108837e-08,   0.0009893968488,               100,               100,               100,       6409.460359,    0.002866043227,     -0.1882820074,                 0,                 0,                 0,     -0.1407304118,    0.002866043227,     -0.1882820074,                 0,       -65.6940571,              -nan
          0,           0,         106,      -8.579194135,      -6.509695504,      -7.867957052,      -4.763192181,      -10.49696518,   1.230110047e-08,   0.0009893968487,               100,               100,               100,       6409.460359,    0.002866042166,     -0.1882820101,                 0,                 0,                 0,     -0.1407304139,    0.002866042166,     -0.1882820101,                 0,      -65.69408235,              -nan
          0,           0,         107,      -8.579260405,       -6.51006674,      -7.868269494,      -4.763509157,      -10.49728284,    1.23011126e-08,   0.0009893968486,               100,               100,               100,       6409.460359,    0.002866041107,     -0.1882820128,                 0,                 0,                 0,     -0.1407304159,    0.002866041107,     -0.1882820128,                 0,      -65.69410759,              -nan
          0,           0,         108,      -8.579326678,      -6.510437997,      -7.868581833,      -4.763826153,      -10.49760049,   1.230112476e-08,   0.0009893968486,               100,               100,               100,       6409.460359,    0.002866040049,     -0.1882820156,                 0,                 0,                 0,      -0.140730418,    0.002866040049,     -0.1882820156,                 0,       -65.6941328,              -nan
          0,           0,         109,      -8.579392953,      -6.510809275,      -7.868894137,      -4.764143074,      -10.49791811,   1.230113695e-08,   0.0009893968485,               100,               100,               100,       6409.460359,    0.002866038991,     -0.1882820183,                 0,                 0,                 0,       -0.14073042,    0.002866038991,     -0.1882820183,                 0,        -65.694158,              -nan
          0,           0,         110,      -8.579459231,      -6.511180574,      -7.869206413,      -4.764459964,      -10.49823572,   1.230114916e-08,   0.0009893968484,               100,               100,               100,       6409.460359,    0.002866037934,      -0.188282021,                 0,                 0,                 0,     -0.1407304221,    0.002866037934,      -0.188282021,                 0,      -65.69418317,              -nan
          0,           0,         111,      -8.579525511,      -6.511551894,      -7.869518851,      -4.764776927,       -10.4985533,   1.230116141e-08,   0.0009893968483,               100,               100,               100,       6409.460359,    0.002866036878,     -0.1882820238,                 0,                 0,                 0,     -0.1407304242,    0.002866036878,     -0.1882820238,                 0,      -65.69420833,              -nan
          0,           0,         112,      -8.579591794,      -6.511923235,      -7.869831125,      -4.765093798,      -10.49887086,   1.230117368e-08,   0.0009893968483,               100,               100,               100,       6409.460359,    0.002866035823,     -0.1882820265,                 0,                 0,                 0,     -0.1407304262,    0.002866035823,     -0.1882820265,                 0,      -65.69423347,              -nan
          0,           0,         113,      -8.579658079,      -6.512294596,      -7.870143421,      -4.765410646,       -10.4991884,   1.230118598e-08,   0.0009893968482,               100,               100,               100,       6409.460359,    0.002866034768,     -0.1882820292,                 0,                 0,                 0,     -0.1407304283,    0.002866034768,     -0.1882820292,                 0,      -65.69425859,              -nan
          0,           0,         114,      -8.579724367,      -6.512665979,      -7.870455725,      -4.765727502,      -10.49950592,   1.230119831e-08,   0.0009893968481,               100,               100,               100,       6409.460359,    0.002866033715,     -0.1882820319,                 0,                 0,                 0,     -0.1407304303,    0.002866033715,     -0.1882820319,                 0,      -65.69428369,              -nan
          0,           0,         115,      -8.579790656,      -6.513037382,       -7.87076811,      -4.766044349,      -10.49982342,   1.230121067e-08,   0.0009893968481,               100,               100,               100,       6409.460359,    0.002866032662,     -0.1882820346,                 0,                 0,                 0,     -0.1407304324,    0.002866032662,     -0.1882820346,                 0,      -65.69430877,              -nan
          0,           0,         116,      -8.579856949,      -6.513408806,      -7.871080341,      -4.766361121,       -10.5001409,   1.230122306e-08,    0.000989396848,               100,               100,               100,       6409.460359,     0.00286603161,     -0.1882820374,                 0,                 0,                 0,     -0.1407304344,     0.00286603161,     -0.1882820374,                 0,      -65.69433383,              -nan
          0,           0,         117,      -8.579923244,      -6.513780251,       -7.87139266,      -4.766677925,      -10.50045836,   1.230123548e-08,   0.0009893968479,               100,               100,               100,       6409.460359,    0.002866030559,     -0.1882820401,                 0,                 0,                 0,     -0.1407304365,    0.002866030559,     -0.1882820401,                 0,      -65.69435887,              -nan
          0,           0,         118,      -8.579989541,      -6.514151716,      -7.871704948,      -4.766994675,      -10.50077579,   1.230124793e-08,   0.0009893968479,               100,               100,               100,       6409.460359,    0.002866029508,     -0.1882820428,                 0,                 0,                 0,     -0.1407304385,    0.002866029508,     -0.1882820428,                 0,       -65.6943839,              -nan
          0,           0,         119,       -8.58005584,      -6.514523203,      -7.872017315,      -4.767311458,      -10.50109321,    1.23012604e-08,   0.0009893968478,               100,               100,               100,       6409.460359,    0.002866028459,     -0.1882820455,                 0,                 0,                 0,     -0.1407304405,    0.002866028459,     -0.1882820455,                 0,       -65.6944089,              -nan
          0,           0,         120,      -8.580122142,       -6.51489471,        -7.8723295,      -4.767628146,       -10.5014106,   1.230127291e-08,   0.0009893968477,               100,               100,               100,       6409.460359,     0.00286602741,     -0.1882820482,                 0,                 0,                 0,     -0.1407304426,     0.00286602741,     -0.1882820482,                 0,      -65.69443388,              -nan
          0,           0,         121,      -8.580188447,      -6.515266239,      -7.872641803,      -4.767944887,      -10.50172797,   1.230128544e-08,   0.0009893968476,               100,               100,               100,       6409.460359,    0.002866026362,     -0.1882820509,                 0,                 0,                 0,     -0.1407304446,    0.002866026362,     -0.1882820509,                 0,      -65.69445885,              -nan
          0,           0,         122,      -8.580254754,      -6.515637788,       -7.87295409,      -4.768261564,      -10.50204533,   1.230129801e-08,   0.0009893968476,               100,               100,               100,       6409.460359,    0.002866025315,     -0.1882820536,                 0,                 0,                 0,     -0.1407304467,    0.002866025315,     -0.1882820536,                 0,       -65.6944838,              -nan
          0,           0,         123,      -8.580321063,      -6.516009357,      -7.873266334,      -4.768578224,      -10.50236266,    1.23013106e-08,   0.0009893968475,               100,               100,               100,       6409.460359,    0.002866024269,     -0.1882820563,                 0,                 0,                 0,     -0.1407304487,    0.002866024269,     -0.1882820563,                 0,      -65.69450872,              -nan
          0,           0,         124,      -8.580387375,      -6.516380948,      -7.873578655,      -4.768894888,      -10.50267997,   1.230132322e-08,   0.0009893968474,               100,               100,               100,       6409.460359,    0.002866023223,      -0.188282059,                 0,                 0,                 0,     -0.1407304507,    0.002866023223,      -0.188282059,                 0,      -65.69453363,              -nan
          0,           0,         125,      -8.580453689,       -6.51675256,      -7.873890885,      -4.769211493,      -10.50299725,   1.230133587e-08,   0.0009893968474,               100,               100,               100,       6409.460359,    0.002866022178,     -0.1882820617,                 0,                 0,                 0,     -0.1407304528,    0.002866022178,     -0.1882820617,                 0,      -65.69455852,              -nan
          0,           0,         126,      -8.580520006,      -6.517124192,      -7.874203194,      -4.769528114,      -10.50331452,   1.230134855e-08,   0.0009893968473,               100,               100,               100,       6409.460359,    0.002866021134,     -0.1882820644,                 0,                 0,                 0,     -0.1407304548,    0.002866021134,     -0.1882820644,                 0,      -65.69458339,              -nan
          0,           0,         127,      -8.580586325,      -6.517495845,      -7.874515437,      -4.769844738,      -10.50363177,   1.230136125e-08,   0.0009893968472,               100,               100,               100,       6409.460359,    0.002866020091,     -0.1882820671,                 0,                 0,                 0,     -0.1407304568,    0.002866020091,     -0.1882820671,                 0,      -65.69460824,              -nan
          0,           0,         128,      -8.580652646,      -6.517867519,      -7.874827588,      -4.770161244,      -10.50394899,   1.230137399e-08,   0.0009893968472,               100,               100,               100,       6409.460359,    0.002866019049,     -0.1882820698,                 0,                 0,                 0,     -0.1407304589,    0.002866019049,     -0.1882820698,                 0,      -65.69463308,              -nan
          0,           0,         129,       -8.58071897,      -6.518239214,      -7.875139935,      -4.770477821,      -10.50426619,   1.230138676e-08,   0.0009893968471,               100,               100,               100,       6409.460359,    0.002866018007,     -0.1882820725,                 0,                 0,                 0,     -0.1407304609,    0.002866018007,     -0.1882820725,                 0,      -65.69465789,              -nan
          0,           0,         130,      -8.580785296,       -6.51861093,      -7.875452185,      -4.770794378,      -10.50458337,   1.230139955e-08,    0.000989396847,               100,               100,               100,       6409.460359,    0.002866016967,     -0.1882820752,                 0,                 0,                 0,     -0.1407304629,    0.002866016967,     -0.1882820752,                 0,      -65.69468269,              -nan
          0,           0,         131,      -8.580851625,      -6.518982666,      -7.875764418,      -4.771110853,      -10.50490054,   1.230141237e-08,    0.000989396847,               100,               100,               100,       6409.460359,    0.002866015927,     -0.1882820779,                 0,                 0,                 0,      -0.140730465,    0.002866015927,     -0.1882820779,                 0,      -65.69470746,              -nan
          0,           0,         132,      -8.580917956,      -6.519354423,      -7.876076577,      -4.771427326,      -10.50521767,   1.230142522e-08,   0.0009893968469,               100,               100,               100,       6409.460359,    0.002866014888,     -0.1882820806,                 0,                 0,                 0,      -0.140730467,    0.002866014888,     -0.1882820806,                 0,      -65.69473222,              -nan
          0,           0,         133,      -8.580984289,      -6.519726201,      -7.876388836,      -4.771743822,      -10.50553479,   1.230143811e-08,   0.0009893968468,               100,               100,               100,       6409.460359,    0.002866013849,     -0.1882820833,                 0,                 0,                 0,      -0.140730469,    0.002866013849,     -0.1882820833,                 0,      -65.69475695,              -nan
          0,           0,         134,      -8.581050625,         -6.520098,      -7.876701054,       -4.77206027,      -10.50585189,   1.230145102e-08,   0.0009893968468,               100,               100,               100,       6409.460359,    0.002866012812,     -0.1882820859,                 0,                 0,                 0,      -0.140730471,    0.002866012812,     -0.1882820859,                 0,      -65.69478167,              -nan
          0,           0,         135,      -8.581116963,       -6.52046982,      -7.877013334,      -4.772376704,      -10.50616896,   1.230146395e-08,   0.0009893968467,               100,               100,               100,       6409.460359,    0.002866011775,     -0.1882820886,                 0,                 0,                 0,     -0.1407304731,    0.002866011775,     -0.1882820886,                 0,      -65.69480637,              -nan
          0,           0,         136,      -8.581183304,       -6.52084166,      -7.877325532,      -4.772693105,      -10.50648602,   1.230147692e-08,   0.0009893968466,               100,               100,               100,       6409.460359,    0.002866010739,     -0.1882820913,                 0,                 0,                 0,     -0.1407304751,    0.002866010739,     -0.1882820913,                 0,      -65.69483105,              -nan
          0,           0,         137,      -8.581249647,      -6.521213521,      -7.877637699,      -4.773009515,      -10.50680305,   1.230148992e-08,   0.0009893968465,               100,               100,               100,       6409.460359,    0.002866009704,      -0.188282094,                 0,                 0,                 0,     -0.1407304771,    0.002866009704,      -0.188282094,                 0,      -65.69485572,              -nan
          0,           0,         138,      -8.581315993,      -6.521585403,      -7.877949927,       -4.77332584,      -10.50712006,   1.230150294e-08,   0.0009893968465,               100,               100,               100,       6409.460359,    0.002866008669,     -0.1882820966,                 0,                 0,                 0,     -0.1407304791,    0.002866008669,     -0.1882820966,                 0,      -65.69488036,              -nan
          0,           0,         139,      -8.581382341,      -6.521957306,      -7.878262172,      -4.773642208,      -10.50743705,     1.2301516e-08,   0.0009893968464,               100,               100,               100,       6409.460359,    0.002866007636,     -0.1882820993,                 0,                 0,                 0,     -0.1407304811,    0.002866007636,     -0.1882820993,                 0,      -65.69490498,              -nan
          0,           0,         140,      -8.581448691,       -6.52232923,      -7.878574328,      -4.773958534,      -10.50775402,   1.230152908e-08,   0.0009893968463,               100,               100,               100,       6409.460359,    0.002866006603,      -0.188282102,                 0,                 0,                 0,     -0.1407304832,    0.002866006603,      -0.188282102,                 0,      -65.69492959,              -nan
          0,           0,         141,      -8.581515044,      -6.522701174,      -7.878886463,      -4.774274826,      -10.50807097,   1.230154219e-08,   0.0009893968463,               100,               100,               100,       6409.460359,    0.002866005571,     -0.1882821047,                 0,                 0,                 0,     -0.1407304852,    0.002866005571,     -0.1882821047,                 0,      -65.69495418,              -nan
          0,           0,         142,      -8.581581399,      -6.523073139,      -7.879198705,      -4.774591132,      -10.50838789,   1.230155533e-08,   0.0009893968462,               100,               100,               100,       6409.460359,     0.00286600454,     -0.1882821073,                 0,                 0,                 0,     -0.1407304872,     0.00286600454,     -0.1882821073,                 0,      -65.69497874,              -nan
          0,           0,         143,      -8.581647756,      -6.523445125,      -7.879510896,      -4.774907387,       -10.5087048,    1.23015685e-08,   0.0009893968461,               100,               100,               100,       6409.460359,     0.00286600351,       -0.18828211,                 0,                 0,                 0,     -0.1407304892,     0.00286600351,       -0.18828211,                 0,      -65.69500329,              -nan
          0,           0,         144,      -8.581714116,      -6.523817132,      -7.879823042,      -4.775223659,      -10.50902168,    1.23015817e-08,   0.0009893968461,               100,               100,               100,       6409.460359,     0.00286600248,     -0.1882821127,                 0,                 0,                 0,     -0.1407304912,     0.00286600248,     -0.1882821127,                 0,      -65.69502782,              -nan
          0,           0,         145,      -8.581780479,      -6.524189159,      -7.880135208,      -4.775539835,      -10.50933854,   1.230159493e-08,    0.000989396846,               100,               100,               100,       6409.460359,    0.002866001451,     -0.1882821153,                 0,                 0,                 0,     -0.1407304932,    0.002866001451,     -0.1882821153,                 0,      -65.69505234,              -nan
          0,           0,         146,      -8.581846843,      -6.524561208,      -7.880447358,      -4.775856059,      -10.50965538,   1.230160818e-08,   0.0009893968459,               100,               100,               100,       6409.460359,    0.002866000423,      -0.188282118,                 0,                 0,                 0,     -0.1407304952,    0.002866000423,      -0.188282118,                 0,      -65.69507683,              -nan
          0,           0,         147,      -8.581913211,      -6.524933277,      -7.880759564,      -4.776172242,       -10.5099722,   1.230162147e-08,   0.0009893968459,               100,               100,               100,       6409.460359,    0.002865999396,     -0.1882821206,                 0,                 0,                 0,     -0.1407304972,    0.002865999396,     -0.1882821206,                 0,       -65.6951013,              -nan
          0,           0,         148,       -8.58197958,      -6.525305366,      -7.881071697,      -4.776488403,        -10.510289,   1.230163478e-08,   0.0009893968458,               100,               100,               100,       6409.460359,    0.002865998369,     -0.1882821233,                 0,                 0,                 0,     -0.1407304992,    0.002865998369,     -0.1882821233,                 0,      -65.69512576,              -nan
          0,           0,         149,      -8.582045952,      -6.525677477,      -7.881383855,      -4.776804545,      -10.51060577,   1.230164812e-08,   0.0009893968457,               100,               100,               100,       6409.460359,    0.002865997344,      -0.188282126,                 0,                 0,                 0,     -0.1407305012,    0.002865997344,      -0.188282126,                 0,       -65.6951502,              -nan
          0,           0,         150,      -8.582112326,      -6.526049608,      -7.881696022,       -4.77712069,      -10.51092253,   1.230166149e-08,   0.0009893968457,               100,               100,               100,       6409.460359,    0.002865996319,     -0.1882821286,                 0,                 0,                 0,     -0.1407305032,    0.002865996319,     -0.1882821286,                 0,      -65.69517461,              -nan
          0,           0,         151,      -8.582178703,       -6.52642176,      -7.882008143,      -4.777436753,      -10.51123926,   1.230167489e-08,   0.0009893968456,               100,               100,               100,       6409.460359,    0.002865995295,     -0.1882821313,                 0,                 0,                 0,     -0.1407305052,    0.002865995295,     -0.1882821313,                 0,      -65.69519901,              -nan
          0,           0,         152,      -8.582245082,      -6.526793933,      -7.882320309,      -4.777752857,      -10.51155597,   1.230168832e-08,   0.0009893968455,               100,               100,               100,       6409.460359,    0.002865994272,     -0.1882821339,                 0,                 0,                 0,     -0.1407305072,    0.002865994272,     -0.1882821339,                 0,      -65.69522339,              -nan
          0,           0,         153,      -8.582311464,      -6.527166127,      -7.882632418,      -4.778068869,      -10.51187266,   1.230170178e-08,   0.0009893968455,               100,               100,               100,       6409.460359,    0.002865993249,     -0.1882821366,                 0,                 0,                 0,     -0.1407305092,    0.002865993249,     -0.1882821366,                 0,      -65.69524776,              -nan
          0,           0,         154,      -8.582377848,      -6.527538341,      -7.882944532,      -4.778384966,      -10.51218933,   1.230171526e-08,   0.0009893968454,               100,               100,               100,       6409.460359,    0.002865992227,     -0.1882821392,                 0,                 0,                 0,     -0.1407305112,    0.002865992227,     -0.1882821392,                 0,       -65.6952721,              -nan
          0,           0,         155,      -8.582444234,      -6.527910576,      -7.883256663,      -4.778700959,      -10.51250597,   1.230172878e-08,   0.0009893968453,               100,               100,               100,       6409.460359,    0.002865991206,     -0.1882821419,                 0,                 0,                 0,     -0.1407305132,    0.002865991206,     -0.1882821419,                 0,      -65.69529642,              -nan
          0,           0,         156,      -8.582510623,      -6.528282832,      -7.883568799,      -4.779016963,       -10.5128226,   1.230174232e-08,   0.0009893968453,               100,               100,               100,       6409.460359,    0.002865990186,     -0.1882821445,                 0,                 0,                 0,     -0.1407305152,    0.002865990186,     -0.1882821445,                 0,      -65.69532073,              -nan
          0,           0,         157,      -8.582577014,      -6.528655109,      -7.883880927,      -4.779332945,       -10.5131392,    1.23017559e-08,   0.0009893968452,               100,               100,               100,       6409.460359,    0.002865989167,     -0.1882821471,                 0,                 0,                 0,     -0.1407305172,    0.002865989167,     -0.1882821471,                 0,      -65.69534502,              -nan
          0,           0,         158,      -8.582643407,      -6.529027406,      -7.884193035,      -4.779648885,      -10.51345578,    1.23017695e-08,   0.0009893968451,               100,               100,               100,       6409.460359,    0.002865988148,     -0.1882821498,                 0,                 0,                 0,     -0.1407305192,    0.002865988148,     -0.1882821498,                 0,      -65.69536929,              -nan
          0,           0,         159,      -8.582709803,      -6.529399724,      -7.884505166,      -4.779964839,      -10.51377234,   1.230178313e-08,   0.0009893968451,               100,               100,               100,       6409.460359,     0.00286598713,     -0.1882821524,                 0,                 0,                 0,     -0.1407305212,     0.00286598713,     -0.1882821524,                 0,      -65.69539354,              -nan
          0,           0,         160,      -8.582776201,      -6.529772063,      -7.884817258,      -4.780280749,      -10.51408888,   1.230179679e-08,    0.000989396845,               100,               100,               100,       6409.460359,    0.002865986113,      -0.188282155,                 0,                 0,                 0,     -0.1407305232,    0.002865986113,      -0.188282155,                 0,      -65.69541777,              -nan
          0,           0,         161,      -8.582842602,      -6.530144422,      -7.885129343,      -4.780596659,       -10.5144054,   1.230181047e-08,   0.0009893968449,               100,               100,               100,       6409.460359,    0.002865985097,     -0.1882821577,                 0,                 0,                 0,     -0.1407305252,    0.002865985097,     -0.1882821577,                 0,      -65.69544198,              -nan
          0,           0,         162,      -8.582909005,      -6.530516802,      -7.885441445,      -4.780912515,      -10.51472189,   1.230182419e-08,   0.0009893968449,               100,               100,               100,       6409.460359,    0.002865984082,     -0.1882821603,                 0,                 0,                 0,     -0.1407305272,    0.002865984082,     -0.1882821603,                 0,      -65.69546618,              -nan
          0,           0,         163,       -8.58297541,      -6.530889203,      -7.885753545,      -4.781228375,      -10.51503837,   1.230183793e-08,   0.0009893968448,               100,               100,               100,       6409.460359,    0.002865983067,     -0.1882821629,                 0,                 0,                 0,     -0.1407305291,    0.002865983067,     -0.1882821629,                 0,      -65.69549036,              -nan
          0,           0,         164,      -8.583041818,      -6.531261625,      -7.886065675,      -4.781544214,      -10.51535482,   1.230185171e-08,   0.0009893968447,               100,               100,               100,       6409.460359,    0.002865982053,     -0.1882821656,                 0,                 0,                 0,     -0.1407305311,    0.002865982053,     -0.1882821656,                 0,      -65.69551451,              -nan
          0,           0,         165,      -8.583108228,      -6.531634067,      -7.886377696,      -4.781859995,      -10.51567125,   1.230186551e-08,   0.0009893968447,               100,               100,               100,       6409.460359,     0.00286598104,     -0.1882821682,                 0,                 0,                 0,     -0.1407305331,     0.00286598104,     -0.1882821682,                 0,      -65.69553865,              -nan
          0,           0,         166,       -8.58317464,       -6.53200653,      -7.886689712,      -4.782175789,      -10.51598765,   1.230187934e-08,   0.0009893968446,               100,               100,               100,       6409.460359,    0.002865980028,     -0.1882821708,                 0,                 0,                 0,     -0.1407305351,    0.002865980028,     -0.1882821708,                 0,      -65.69556277,              -nan
          0,           0,         167,      -8.583241055,      -6.532379014,      -7.887001813,      -4.782491555,      -10.51630404,    1.23018932e-08,   0.0009893968445,               100,               100,               100,       6409.460359,    0.002865979016,     -0.1882821734,                 0,                 0,                 0,     -0.1407305371,    0.002865979016,     -0.1882821734,                 0,      -65.69558688,              -nan
          0,           0,         168,      -8.583307472,      -6.532751518,      -7.887313835,      -4.782807273,       -10.5166204,   1.230190709e-08,   0.0009893968444,               100,               100,               100,       6409.460359,    0.002865978005,     -0.1882821761,                 0,                 0,                 0,      -0.140730539,    0.002865978005,     -0.1882821761,                 0,      -65.69561096,              -nan
          0,           0,         169,      -8.583373892,      -6.533124043,      -7.887625991,      -4.783123051,      -10.51693675,   1.230192101e-08,   0.0009893968444,               100,               100,               100,       6409.460359,    0.002865976995,     -0.1882821787,                 0,                 0,                 0,      -0.140730541,    0.002865976995,     -0.1882821787,                 0,      -65.69563503,              -nan
          0,           0,         170,      -8.583440314,      -6.533496589,      -7.887938011,      -4.783438724,      -10.51725307,   1.230193496e-08,   0.0009893968443,               100,               100,               100,       6409.460359,    0.002865975986,     -0.1882821813,                 0,                 0,                 0,      -0.140730543,    0.002865975986,     -0.1882821813,                 0,      -65.69565907,              -nan
          0,           0,         171,      -8.583506738,      -6.533869156,      -7.888250021,      -4.783754396,      -10.51756937,   1.230194893e-08,   0.0009893968442,               100,               100,               100,       6409.460359,    0.002865974978,     -0.1882821839,                 0,                 0,                 0,      -0.140730545,    0.002865974978,     -0.1882821839,                 0,       -65.6956831,              -nan
          0,           0,         172,      -8.583573165,      -6.534241743,       -7.88856212,      -4.784070072,      -10.51788564,   1.230196294e-08,   0.0009893968442,               100,               100,               100,       6409.460359,     0.00286597397,     -0.1882821865,                 0,                 0,                 0,     -0.1407305469,     0.00286597397,     -0.1882821865,                 0,      -65.69570711,              -nan
          0,           0,         173,      -8.583639594,      -6.534614351,      -7.888874135,      -4.784385724,       -10.5182019,   1.230197697e-08,   0.0009893968441,               100,               100,               100,       6409.460359,    0.002865972963,     -0.1882821891,                 0,                 0,                 0,     -0.1407305489,    0.002865972963,     -0.1882821891,                 0,      -65.69573111,              -nan
          0,           0,         174,      -8.583706025,       -6.53498698,      -7.889186198,      -4.784701336,      -10.51851813,   1.230199103e-08,    0.000989396844,               100,               100,               100,       6409.460359,    0.002865971957,     -0.1882821917,                 0,                 0,                 0,     -0.1407305509,    0.002865971957,     -0.1882821917,                 0,      -65.69575508,              -nan
          0,           0,         175,      -8.583772459,      -6.535359629,      -7.889498225,      -4.785016915,      -10.51883434,   1.230200512e-08,    0.000989396844,               100,               100,               100,       6409.460359,    0.002865970951,     -0.1882821943,                 0,                 0,                 0,     -0.1407305529,    0.002865970951,     -0.1882821943,                 0,      -65.69577904,              -nan
          0,           0,         176,      -8.583838895,      -6.535732299,      -7.889810189,      -4.785332519,      -10.51915053,   1.230201924e-08,   0.0009893968439,               100,               100,               100,       6409.460359,    0.002865969947,      -0.188282197,                 0,                 0,                 0,     -0.1407305548,    0.002865969947,      -0.188282197,                 0,      -65.69580297,              -nan
          0,           0,         177,      -8.583905334,      -6.536104989,      -7.890122243,      -4.785648045,       -10.5194667,   1.230203339e-08,   0.0009893968438,               100,               100,               100,       6409.460359,    0.002865968943,     -0.1882821996,                 0,                 0,                 0,     -0.1407305568,    0.002865968943,     -0.1882821996,                 0,      -65.69582689,              -nan
          0,           0,         178,      -8.583971775,      -6.536477701,      -7.890434243,      -4.785963596,      -10.51978285,   1.230204756e-08,   0.0009893968438,               100,               100,               100,       6409.460359,     0.00286596794,     -0.1882822022,                 0,                 0,                 0,     -0.1407305588,     0.00286596794,     -0.1882822022,                 0,      -65.69585079,              -nan
          0,           0,         179,      -8.584038218,      -6.536850433,      -7.890746304,      -4.786279115,      -10.52009897,   1.230206177e-08,   0.0009893968437,               100,               100,               100,       6409.460359,    0.002865966938,     -0.1882822048,                 0,                 0,                 0,     -0.1407305607,    0.002865966938,     -0.1882822048,                 0,      -65.69587468,              -nan
          0,           0,         180,      -8.584104663,      -6.537223185,      -7.891058366,      -4.786594617,      -10.52041507,     1.2302076e-08,   0.0009893968436,               100,               100,               100,       6409.460359,    0.002865965936,     -0.1882822074,                 0,                 0,                 0,     -0.1407305627,    0.002865965936,     -0.1882822074,                 0,      -65.69589854,              -nan
          0,           0,         181,      -8.584171112,      -6.537595959,      -7.891370263,      -4.786910069,      -10.52073115,   1.230209026e-08,   0.0009893968436,               100,               100,               100,       6409.460359,    0.002865964935,       -0.18828221,                 0,                 0,                 0,     -0.1407305646,    0.002865964935,       -0.18828221,                 0,      -65.69592239,              -nan
          0,           0,         182,      -8.584237562,      -6.537968753,      -7.891682272,      -4.787225503,      -10.52104721,   1.230210455e-08,   0.0009893968435,               100,               100,               100,       6409.460359,    0.002865963935,     -0.1882822126,                 0,                 0,                 0,     -0.1407305666,    0.002865963935,     -0.1882822126,                 0,      -65.69594622,              -nan
          0,           0,         183,      -8.584304014,      -6.538341567,      -7.891994303,      -4.787540951,      -10.52136325,   1.230211887e-08,   0.0009893968435,               100,               100,               100,       6409.460359,    0.002865962936,     -0.1882822151,                 0,                 0,                 0,     -0.1407305686,    0.002865962936,     -0.1882822151,                 0,      -65.69597003,              -nan
          0,           0,         184,       -8.58437047,      -6.538714402,      -7.892306268,      -4.787856329,      -10.52167926,   1.230213322e-08,   0.0009893968434,               100,               100,               100,       6409.460359,    0.002865961938,     -0.1882822177,                 0,                 0,                 0,     -0.1407305705,    0.002865961938,     -0.1882822177,                 0,      -65.69599382,              -nan
          0,           0,         185,      -8.584436927,      -6.539087258,      -7.892618225,       -4.78817173,      -10.52199525,    1.23021476e-08,   0.0009893968433,               100,               100,               100,       6409.460359,     0.00286596094,     -0.1882822203,                 0,                 0,                 0,     -0.1407305725,     0.00286596094,     -0.1882822203,                 0,      -65.69601759,              -nan
          0,           0,         186,      -8.584503387,      -6.539460135,      -7.892930279,      -4.788487107,      -10.52231122,     1.2302162e-08,   0.0009893968433,               100,               100,               100,       6409.460359,    0.002865959943,     -0.1882822229,                 0,                 0,                 0,     -0.1407305744,    0.002865959943,     -0.1882822229,                 0,      -65.69604135,              -nan
          0,           0,         187,      -8.584569849,      -6.539833032,      -7.893242191,      -4.788802435,      -10.52262717,   1.230217644e-08,   0.0009893968432,               100,               100,               100,       6409.460359,    0.002865958947,     -0.1882822255,                 0,                 0,                 0,     -0.1407305764,    0.002865958947,     -0.1882822255,                 0,      -65.69606508,              -nan
          0,           0,         188,      -8.584636313,       -6.54020595,      -7.893554134,      -4.789117736,       -10.5229431,    1.23021909e-08,   0.0009893968431,               100,               100,               100,       6409.460359,    0.002865957952,     -0.1882822281,                 0,                 0,                 0,     -0.1407305783,    0.002865957952,     -0.1882822281,                 0,       -65.6960888,              -nan
          0,           0,         189,       -8.58470278,      -6.540578888,      -7.893866112,      -4.789433053,        -10.523259,   1.230220539e-08,   0.0009893968431,               100,               100,               100,       6409.460359,    0.002865956957,     -0.1882822307,                 0,                 0,                 0,     -0.1407305803,    0.002865956957,     -0.1882822307,                 0,       -65.6961125,              -nan
          0,           0,         190,      -8.584769249,      -6.540951847,      -7.894178118,      -4.789748331,      -10.52357488,   1.230221992e-08,    0.000989396843,               100,               100,               100,       6409.460359,    0.002865955963,     -0.1882822332,                 0,                 0,                 0,     -0.1407305822,    0.002865955963,     -0.1882822332,                 0,      -65.69613618,              -nan
          0,           0,         191,      -8.584835721,      -6.541324827,      -7.894490042,      -4.790063551,      -10.52389074,   1.230223446e-08,   0.0009893968429,               100,               100,               100,       6409.460359,     0.00286595497,     -0.1882822358,                 0,                 0,                 0,     -0.1407305842,     0.00286595497,     -0.1882822358,                 0,      -65.69615985,              -nan
          0,           0,         192,      -8.584902195,      -6.541697827,      -7.894802026,      -4.790378824,      -10.52420658,   1.230224904e-08,   0.0009893968429,               100,               100,               100,       6409.460359,    0.002865953978,     -0.1882822384,                 0,                 0,                 0,     -0.1407305861,    0.002865953978,     -0.1882822384,                 0,       -65.6961835,              -nan
          0,           0,         193,      -8.584968671,      -6.542070848,      -7.895113869,      -4.790694003,       -10.5245224,   1.230226365e-08,   0.0009893968428,               100,               100,               100,       6409.460359,    0.002865952986,      -0.188282241,                 0,                 0,                 0,     -0.1407305881,    0.002865952986,      -0.188282241,                 0,      -65.69620712,              -nan
          0,           0,         194,      -8.585035149,      -6.542443889,      -7.895425882,      -4.791009203,      -10.52483819,   1.230227828e-08,   0.0009893968427,               100,               100,               100,       6409.460359,    0.002865951995,     -0.1882822436,                 0,                 0,                 0,       -0.14073059,    0.002865951995,     -0.1882822436,                 0,      -65.69623073,              -nan
          0,           0,         195,       -8.58510163,      -6.542816951,      -7.895737861,       -4.79132439,      -10.52515396,   1.230229295e-08,   0.0009893968427,               100,               100,               100,       6409.460359,    0.002865951005,     -0.1882822461,                 0,                 0,                 0,      -0.140730592,    0.002865951005,     -0.1882822461,                 0,      -65.69625433,              -nan
          0,           0,         196,      -8.585168113,      -6.543190034,      -7.896049727,       -4.79163952,      -10.52546971,   1.230230764e-08,   0.0009893968426,               100,               100,               100,       6409.460359,    0.002865950016,     -0.1882822487,                 0,                 0,                 0,     -0.1407305939,    0.002865950016,     -0.1882822487,                 0,       -65.6962779,              -nan
          0,           0,         197,      -8.585234599,      -6.543563137,      -7.896361588,       -4.79195462,      -10.52578544,   1.230232236e-08,   0.0009893968425,               100,               100,               100,       6409.460359,    0.002865949027,     -0.1882822513,                 0,                 0,                 0,     -0.1407305958,    0.002865949027,     -0.1882822513,                 0,      -65.69630146,              -nan
          0,           0,         198,      -8.585301087,      -6.543936261,      -7.896673571,      -4.792269724,      -10.52610114,   1.230233711e-08,   0.0009893968425,               100,               100,               100,       6409.460359,     0.00286594804,     -0.1882822538,                 0,                 0,                 0,     -0.1407305978,     0.00286594804,     -0.1882822538,                 0,      -65.69632499,              -nan
          0,           0,         199,      -8.585367577,      -6.544309405,      -7.896985479,      -4.792584807,      -10.52641682,   1.230235189e-08,   0.0009893968424,               100,               100,               100,       6409.460359,    0.002865947053,     -0.1882822564,                 0,                 0,                 0,     -0.1407305997,    0.002865947053,     -0.1882822564,                 0,      -65.69634852,              -nan
          0,           0,         200,       -8.58543407,       -6.54468257,      -7.897297427,      -4.792899879,      -10.52673248,    1.23023667e-08,   0.0009893968423,               100,               100,               100,       6409.460359,    0.002865946066,      -0.188282259,                 0,                 0,                 0,     -0.1407306017,    0.002865946066,      -0.188282259,                 0,      -65.69637202,              -nan
          0,           0,         201,      -8.585500565,      -6.545055756,      -7.897609281,      -4.793214902,      -10.52704812,   1.230238153e-08,   0.0009893968423,               100,               100,               100,       6409.460359,    0.002865945081,     -0.1882822615,                 0,                 0,                 0,     -0.1407306036,    0.002865945081,     -0.1882822615,                 0,       -65.6963955,              -nan
          0,           0,         202,      -8.585567062,      -6.545428962,       -7.89792119,      -4.793529906,      -10.52736374,    1.23023964e-08,   0.0009893968422,               100,               100,               100,       6409.460359,    0.002865944096,     -0.1882822641,                 0,                 0,                 0,     -0.1407306055,    0.002865944096,     -0.1882822641,                 0,      -65.69641897,              -nan
          0,           0,         203,      -8.585633562,      -6.545802189,      -7.898233028,      -4.793844877,      -10.52767933,   1.230241129e-08,   0.0009893968421,               100,               100,               100,       6409.460359,    0.002865943112,     -0.1882822666,                 0,                 0,                 0,     -0.1407306075,    0.002865943112,     -0.1882822666,                 0,      -65.69644242,              -nan
          0,           0,         204,      -8.585700064,      -6.546175436,      -7.898544977,      -4.794159869,       -10.5279949,   1.230242621e-08,   0.0009893968421,               100,               100,               100,       6409.460359,    0.002865942129,     -0.1882822692,                 0,                 0,                 0,     -0.1407306094,    0.002865942129,     -0.1882822692,                 0,      -65.69646585,              -nan
          0,           0,         205,      -8.585766568,      -6.546548704,      -7.898856858,      -4.794474822,      -10.52831045,   1.230244116e-08,    0.000989396842,               100,               100,               100,       6409.460359,    0.002865941146,     -0.1882822717,                 0,                 0,                 0,     -0.1407306113,    0.002865941146,     -0.1882822717,                 0,      -65.69648926,              -nan
          0,           0,         206,      -8.585833074,      -6.546921992,      -7.899168658,      -4.794789709,      -10.52862598,   1.230245614e-08,   0.0009893968419,               100,               100,               100,       6409.460359,    0.002865940165,     -0.1882822743,                 0,                 0,                 0,     -0.1407306132,    0.002865940165,     -0.1882822743,                 0,      -65.69651265,              -nan
          0,           0,         207,      -8.585899583,      -6.547295301,      -7.899480602,      -4.795104655,      -10.52894148,   1.230247115e-08,   0.0009893968419,               100,               100,               100,       6409.460359,    0.002865939184,     -0.1882822768,                 0,                 0,                 0,     -0.1407306152,    0.002865939184,     -0.1882822768,                 0,      -65.69653603,              -nan
          0,           0,         208,      -8.585966095,      -6.547668631,      -7.899792433,      -4.795419494,      -10.52925696,   1.230248619e-08,   0.0009893968418,               100,               100,               100,       6409.460359,    0.002865938203,     -0.1882822794,                 0,                 0,                 0,     -0.1407306171,    0.002865938203,     -0.1882822794,                 0,      -65.69655939,              -nan
          0,           0,         209,      -8.586032608,      -6.548041981,      -7.900104363,      -4.795734384,      -10.52957242,   1.230250125e-08,   0.0009893968417,               100,               100,               100,       6409.460359,    0.002865937224,     -0.1882822819,                 0,                 0,                 0,      -0.140730619,    0.002865937224,     -0.1882822819,                 0,      -65.69658273,              -nan
          0,           0,         210,      -8.586099124,      -6.548415351,      -7.900416178,      -4.796049192,      -10.52988786,   1.230251635e-08,   0.0009893968417,               100,               100,               100,       6409.460359,    0.002865936245,     -0.1882822845,                 0,                 0,                 0,     -0.1407306209,    0.002865936245,     -0.1882822845,                 0,      -65.69660605,              -nan
          0,           0,         211,      -8.586165642,      -6.548788742,      -7.900728007,      -4.796364024,      -10.53020328,   1.230253147e-08,   0.0009893968416,               100,               100,               100,       6409.460359,    0.002865935267,      -0.188282287,                 0,                 0,                 0,     -0.1407306229,    0.002865935267,      -0.188282287,                 0,      -65.69662936,              -nan
          0,           0,         212,      -8.586232163,      -6.549162154,      -7.901039867,      -4.796678778,      -10.53051867,   1.230254662e-08,   0.0009893968416,               100,               100,               100,       6409.460359,     0.00286593429,     -0.1882822896,                 0,                 0,                 0,     -0.1407306248,     0.00286593429,     -0.1882822896,                 0,      -65.69665265,              -nan
          0,           0,         213,      -8.586298686,      -6.549535586,      -7.901351711,      -4.796993597,      -10.53083404,    1.23025618e-08,   0.0009893968415,               100,               100,               100,       6409.460359,    0.002865933314,     -0.1882822921,                 0,                 0,                 0,     -0.1407306267,    0.002865933314,     -0.1882822921,                 0,      -65.69667592,              -nan
          0,           0,         214,      -8.586365211,      -6.549909039,      -7.901663576,      -4.797308311,      -10.53114939,   1.230257701e-08,   0.0009893968414,               100,               100,               100,       6409.460359,    0.002865932338,     -0.1882822946,                 0,                 0,                 0,     -0.1407306286,    0.002865932338,     -0.1882822946,                 0,      -65.69669917,              -nan
          0,           0,         215,      -8.586431739,      -6.550282512,       -7.90197538,      -4.797623031,      -10.53146471,   1.230259224e-08,   0.0009893968414,               100,               100,               100,       6409.460359,    0.002865931363,     -0.1882822972,                 0,                 0,                 0,     -0.1407306305,    0.002865931363,     -0.1882822972,                 0,       -65.6967224,              -nan
          0,           0,         216,      -8.586498269,      -6.550656005,      -7.902287185,      -4.797937729,      -10.53178001,   1.230260751e-08,   0.0009893968413,               100,               100,               100,       6409.460359,    0.002865930389,     -0.1882822997,                 0,                 0,                 0,     -0.1407306325,    0.002865930389,     -0.1882822997,                 0,      -65.69674562,              -nan
          0,           0,         217,      -8.586564801,       -6.55102952,      -7.902599053,      -4.798252431,      -10.53209529,    1.23026228e-08,   0.0009893968412,               100,               100,               100,       6409.460359,    0.002865929415,     -0.1882823023,                 0,                 0,                 0,     -0.1407306344,    0.002865929415,     -0.1882823023,                 0,      -65.69676882,              -nan
          0,           0,         218,      -8.586631335,      -6.551403054,      -7.902910799,      -4.798567041,      -10.53241055,   1.230263813e-08,   0.0009893968412,               100,               100,               100,       6409.460359,    0.002865928443,     -0.1882823048,                 0,                 0,                 0,     -0.1407306363,    0.002865928443,     -0.1882823048,                 0,        -65.696792,              -nan
          0,           0,         219,      -8.586697872,      -6.551776609,      -7.903222664,      -4.798881702,      -10.53272579,   1.230265348e-08,   0.0009893968411,               100,               100,               100,       6409.460359,    0.002865927471,     -0.1882823073,                 0,                 0,                 0,     -0.1407306382,    0.002865927471,     -0.1882823073,                 0,      -65.69681516,              -nan
          0,           0,         220,      -8.586764411,      -6.552150185,      -7.903534428,      -4.799196304,        -10.533041,   1.230266886e-08,    0.000989396841,               100,               100,               100,       6409.460359,    0.002865926499,     -0.1882823098,                 0,                 0,                 0,     -0.1407306401,    0.002865926499,     -0.1882823098,                 0,      -65.69683831,              -nan
          0,           0,         221,      -8.586830953,      -6.552523781,      -7.903846235,      -4.799510885,      -10.53335619,   1.230268427e-08,    0.000989396841,               100,               100,               100,       6409.460359,    0.002865925529,     -0.1882823124,                 0,                 0,                 0,      -0.140730642,    0.002865925529,     -0.1882823124,                 0,      -65.69686144,              -nan
          0,           0,         222,      -8.586897497,      -6.552897398,      -7.904158053,      -4.799825443,      -10.53367136,    1.23026997e-08,   0.0009893968409,               100,               100,               100,       6409.460359,    0.002865924559,     -0.1882823149,                 0,                 0,                 0,     -0.1407306439,    0.002865924559,     -0.1882823149,                 0,      -65.69688455,              -nan
          0,           0,         223,      -8.586964043,      -6.553271035,      -7.904469814,      -4.800139993,      -10.53398651,   1.230271517e-08,   0.0009893968408,               100,               100,               100,       6409.460359,     0.00286592359,     -0.1882823174,                 0,                 0,                 0,     -0.1407306458,     0.00286592359,     -0.1882823174,                 0,      -65.69690764,              -nan
          0,           0,         224,      -8.587030591,      -6.553644692,      -7.904781575,      -4.800454492,      -10.53430163,   1.230273066e-08,   0.0009893968408,               100,               100,               100,       6409.460359,    0.002865922622,     -0.1882823199,                 0,                 0,                 0,     -0.1407306477,    0.002865922622,     -0.1882823199,                 0,      -65.69693072,              -nan
          0,           0,         225,      -8.587097142,       -6.55401837,      -7.905093387,      -4.800769006,      -10.53461673,   1.230274619e-08,   0.0009893968407,               100,               100,               100,       6409.460359,    0.002865921654,     -0.1882823224,                 0,                 0,                 0,     -0.1407306496,    0.002865921654,     -0.1882823224,                 0,      -65.69695377,              -nan
          0,           0,         226,      -8.587163695,      -6.554392069,      -7.905405142,      -4.801083485,      -10.53493181,   1.230276174e-08,   0.0009893968406,               100,               100,               100,       6409.460359,    0.002865920688,      -0.188282325,                 0,                 0,                 0,     -0.1407306515,    0.002865920688,      -0.188282325,                 0,      -65.69697681,              -nan
          0,           0,         227,       -8.58723025,      -6.554765788,      -7.905716964,      -4.801397917,      -10.53524686,   1.230277732e-08,   0.0009893968406,               100,               100,               100,       6409.460359,    0.002865919722,     -0.1882823275,                 0,                 0,                 0,     -0.1407306534,    0.002865919722,     -0.1882823275,                 0,      -65.69699984,              -nan
          0,           0,         228,      -8.587296808,      -6.555139527,      -7.906028692,      -4.801712358,      -10.53556189,   1.230279293e-08,   0.0009893968405,               100,               100,               100,       6409.460359,    0.002865918756,       -0.18828233,                 0,                 0,                 0,     -0.1407306553,    0.002865918756,       -0.18828233,                 0,      -65.69702284,              -nan
          0,           0,         229,      -8.587363368,      -6.555513287,      -7.906340387,      -4.802026739,       -10.5358769,   1.230280857e-08,   0.0009893968405,               100,               100,               100,       6409.460359,    0.002865917792,     -0.1882823325,                 0,                 0,                 0,     -0.1407306572,    0.002865917792,     -0.1882823325,                 0,      -65.69704583,              -nan
          0,           0,         230,       -8.58742993,      -6.555887067,      -7.906652229,      -4.802341141,      -10.53619189,   1.230282423e-08,   0.0009893968404,               100,               100,               100,       6409.460359,    0.002865916828,      -0.188282335,                 0,                 0,                 0,     -0.1407306591,    0.002865916828,      -0.188282335,                 0,       -65.6970688,              -nan
          0,           0,         231,      -8.587496495,      -6.556260868,      -7.906963966,      -4.802655504,      -10.53650686,   1.230283993e-08,   0.0009893968403,               100,               100,               100,       6409.460359,    0.002865915865,     -0.1882823375,                 0,                 0,                 0,      -0.140730661,    0.002865915865,     -0.1882823375,                 0,      -65.69709175,              -nan
          0,           0,         232,      -8.587563062,      -6.556634689,      -7.907275737,       -4.80296983,       -10.5368218,   1.230285565e-08,   0.0009893968403,               100,               100,               100,       6409.460359,    0.002865914903,       -0.18828234,                 0,                 0,                 0,     -0.1407306629,    0.002865914903,       -0.18828234,                 0,      -65.69711468,              -nan
          0,           0,         233,      -8.587629631,       -6.55700853,      -7.907587496,      -4.803284162,      -10.53713672,    1.23028714e-08,   0.0009893968402,               100,               100,               100,       6409.460359,    0.002865913941,     -0.1882823425,                 0,                 0,                 0,     -0.1407306648,    0.002865913941,     -0.1882823425,                 0,       -65.6971376,              -nan
          0,           0,         234,      -8.587696202,      -6.557382392,      -7.907899133,      -4.803598441,      -10.53745161,   1.230288718e-08,   0.0009893968401,               100,               100,               100,       6409.460359,     0.00286591298,      -0.188282345,                 0,                 0,                 0,     -0.1407306667,     0.00286591298,      -0.188282345,                 0,       -65.6971605,              -nan
          0,           0,         235,      -8.587762776,      -6.557756275,      -7.908210914,      -4.803912705,      -10.53776649,   1.230290299e-08,   0.0009893968401,               100,               100,               100,       6409.460359,     0.00286591202,     -0.1882823475,                 0,                 0,                 0,     -0.1407306686,     0.00286591202,     -0.1882823475,                 0,      -65.69718338,              -nan
          0,           0,         236,      -8.587829352,      -6.558130177,      -7.908522664,      -4.804226953,      -10.53808134,   1.230291883e-08,     0.00098939684,               100,               100,               100,       6409.460359,    0.002865911061,       -0.18828235,                 0,                 0,                 0,     -0.1407306705,    0.002865911061,       -0.18828235,                 0,      -65.69720625,              -nan
          0,           0,         237,      -8.587895931,      -6.558504101,      -7.908834396,      -4.804541194,      -10.53839617,   1.230293469e-08,   0.0009893968399,               100,               100,               100,       6409.460359,    0.002865910102,     -0.1882823525,                 0,                 0,                 0,     -0.1407306724,    0.002865910102,     -0.1882823525,                 0,      -65.69722909,              -nan
          0,           0,         238,      -8.587962511,      -6.558878044,      -7.909146072,      -4.804855363,      -10.53871097,   1.230295059e-08,   0.0009893968399,               100,               100,               100,       6409.460359,    0.002865909144,      -0.188282355,                 0,                 0,                 0,     -0.1407306743,    0.002865909144,      -0.188282355,                 0,      -65.69725192,              -nan
          0,           0,         239,      -8.588029094,      -6.559252008,      -7.909457761,       -4.80516956,      -10.53902575,   1.230296651e-08,   0.0009893968398,               100,               100,               100,       6409.460359,    0.002865908187,     -0.1882823575,                 0,                 0,                 0,     -0.1407306762,    0.002865908187,     -0.1882823575,                 0,      -65.69727474,              -nan
          0,           0,         240,       -8.58809568,      -6.559625992,      -7.909769463,      -4.805483693,      -10.53934051,   1.230298246e-08,   0.0009893968398,               100,               100,               100,       6409.460359,    0.002865907231,       -0.18828236,                 0,                 0,                 0,     -0.1407306781,    0.002865907231,       -0.18828236,                 0,      -65.69729753,              -nan
          0,           0,         241,      -8.588162267,      -6.559999997,      -7.910081173,      -4.805797847,      -10.53965525,   1.230299844e-08,   0.0009893968397,               100,               100,               100,       6409.460359,    0.002865906275,     -0.1882823625,                 0,                 0,                 0,     -0.1407306799,    0.002865906275,     -0.1882823625,                 0,      -65.69732031,              -nan
          0,           0,         242,      -8.588228857,      -6.560374022,      -7.910392817,      -4.806111883,      -10.53996997,   1.230301445e-08,   0.0009893968396,               100,               100,               100,       6409.460359,     0.00286590532,      -0.188282365,                 0,                 0,                 0,     -0.1407306818,     0.00286590532,      -0.188282365,                 0,      -65.69734307,              -nan
          0,           0,         243,      -8.588295449,      -6.560748068,      -7.910704542,      -4.806426005,      -10.54028466,   1.230303049e-08,   0.0009893968396,               100,               100,               100,       6409.460359,    0.002865904366,     -0.1882823675,                 0,                 0,                 0,     -0.1407306837,    0.002865904366,     -0.1882823675,                 0,      -65.69736581,              -nan
          0,           0,         244,      -8.588362044,      -6.561122133,      -7.911016232,      -4.806740076,      -10.54059933,   1.230304656e-08,   0.0009893968395,               100,               100,               100,       6409.460359,    0.002865903412,       -0.18828237,                 0,                 0,                 0,     -0.1407306856,    0.002865903412,       -0.18828237,                 0,      -65.69738854,              -nan
          0,           0,         245,       -8.58842864,      -6.561496219,      -7.911327899,      -4.807054112,      -10.54091397,   1.230306265e-08,   0.0009893968394,               100,               100,               100,       6409.460359,    0.002865902459,     -0.1882823725,                 0,                 0,                 0,     -0.1407306875,    0.002865902459,     -0.1882823725,                 0,      -65.69741124,              -nan
          0,           0,         246,      -8.588495239,      -6.561870326,      -7.911639602,      -4.807368112,       -10.5412286,   1.230307877e-08,   0.0009893968394,               100,               100,               100,       6409.460359,    0.002865901507,     -0.1882823749,                 0,                 0,                 0,     -0.1407306893,    0.002865901507,     -0.1882823749,                 0,      -65.69743393,              -nan
          0,           0,         247,      -8.588561841,      -6.562244453,      -7.911951208,      -4.807682108,       -10.5415432,   1.230309492e-08,   0.0009893968393,               100,               100,               100,       6409.460359,    0.002865900556,     -0.1882823774,                 0,                 0,                 0,     -0.1407306912,    0.002865900556,     -0.1882823774,                 0,      -65.69745661,              -nan
          0,           0,         248,      -8.588628444,        -6.5626186,      -7.912262879,      -4.807996072,      -10.54185777,    1.23031111e-08,   0.0009893968392,               100,               100,               100,       6409.460359,    0.002865899605,     -0.1882823799,                 0,                 0,                 0,     -0.1407306931,    0.002865899605,     -0.1882823799,                 0,      -65.69747926,              -nan
          0,           0,         249,       -8.58869505,      -6.562992767,      -7.912574533,      -4.808310002,      -10.54217233,   1.230312731e-08,   0.0009893968392,               100,               100,               100,       6409.460359,    0.002865898656,     -0.1882823824,                 0,                 0,                 0,      -0.140730695,    0.002865898656,     -0.1882823824,                 0,       -65.6975019,              -nan
          0,           0,         250,      -8.588761659,      -6.563366955,      -7.912886175,      -4.808623917,      -10.54248686,   1.230314355e-08,   0.0009893968391,               100,               100,               100,       6409.460359,    0.002865897706,     -0.1882823848,                 0,                 0,                 0,     -0.1407306968,    0.002865897706,     -0.1882823848,                 0,      -65.69752452,              -nan
          0,           0,         251,      -8.588828269,      -6.563741163,      -7.913197842,       -4.80893782,      -10.54280137,   1.230315982e-08,   0.0009893968391,               100,               100,               100,       6409.460359,    0.002865896758,     -0.1882823873,                 0,                 0,                 0,     -0.1407306987,    0.002865896758,     -0.1882823873,                 0,      -65.69754713,              -nan
          0,           0,         252,      -8.588894882,      -6.564115392,      -7.913509397,      -4.809251657,      -10.54311585,   1.230317611e-08,    0.000989396839,               100,               100,               100,       6409.460359,     0.00286589581,     -0.1882823898,                 0,                 0,                 0,     -0.1407307006,     0.00286589581,     -0.1882823898,                 0,      -65.69756971,              -nan
          0,           0,         253,      -8.588961497,      -6.564489641,      -7.913821104,      -4.809565548,      -10.54343032,   1.230319243e-08,   0.0009893968389,               100,               100,               100,       6409.460359,    0.002865894863,     -0.1882823923,                 0,                 0,                 0,     -0.1407307024,    0.002865894863,     -0.1882823923,                 0,      -65.69759228,              -nan
          0,           0,         254,      -8.589028114,       -6.56486391,      -7.914132684,      -4.809879328,      -10.54374476,   1.230320879e-08,   0.0009893968389,               100,               100,               100,       6409.460359,    0.002865893917,     -0.1882823947,                 0,                 0,                 0,     -0.1407307043,    0.002865893917,     -0.1882823947,                 0,      -65.69761484,              -nan
          0,           0,         255,      -8.589094734,      -6.565238199,      -7.914444403,      -4.810193185,      -10.54405917,   1.230322517e-08,   0.0009893968388,               100,               100,               100,       6409.460359,    0.002865892972,     -0.1882823972,                 0,                 0,                 0,     -0.1407307062,    0.002865892972,     -0.1882823972,                 0,      -65.69763737,              -nan
          0,           0,         256,      -8.589161356,      -6.565612509,      -7.914755945,      -4.810506927,      -10.54437357,   1.230324157e-08,   0.0009893968387,               100,               100,               100,       6409.460359,    0.002865892027,     -0.1882823997,                 0,                 0,                 0,      -0.140730708,    0.002865892027,     -0.1882823997,                 0,      -65.69765989,              -nan
          0,           0,         257,       -8.58922798,      -6.565986839,      -7.915067547,      -4.810820688,      -10.54468794,   1.230325801e-08,   0.0009893968387,               100,               100,               100,       6409.460359,    0.002865891083,     -0.1882824021,                 0,                 0,                 0,     -0.1407307099,    0.002865891083,     -0.1882824021,                 0,      -65.69768239,              -nan
          0,           0,         258,      -8.589294606,      -6.566361189,      -7.915379155,      -4.811134396,      -10.54500228,   1.230327448e-08,   0.0009893968386,               100,               100,               100,       6409.460359,     0.00286589014,     -0.1882824046,                 0,                 0,                 0,     -0.1407307118,     0.00286589014,     -0.1882824046,                 0,      -65.69770487,              -nan
          0,           0,         259,      -8.589361235,      -6.566735559,      -7.915690719,      -4.811448113,      -10.54531661,   1.230329097e-08,   0.0009893968386,               100,               100,               100,       6409.460359,    0.002865889197,      -0.188282407,                 0,                 0,                 0,     -0.1407307136,    0.002865889197,      -0.188282407,                 0,      -65.69772734,              -nan
          0,           0,         260,      -8.589427866,       -6.56710995,      -7.916002354,       -4.81176178,      -10.54563091,   1.230330749e-08,   0.0009893968385,               100,               100,               100,       6409.460359,    0.002865888255,     -0.1882824095,                 0,                 0,                 0,     -0.1407307155,    0.002865888255,     -0.1882824095,                 0,      -65.69774979,              -nan
          0,           0,         261,      -8.589494499,      -6.567484361,      -7.916313901,      -4.812075457,      -10.54594519,   1.230332405e-08,   0.0009893968384,               100,               100,               100,       6409.460359,    0.002865887314,      -0.188282412,                 0,                 0,                 0,     -0.1407307174,    0.002865887314,      -0.188282412,                 0,      -65.69777222,              -nan
          0,           0,         262,      -8.589561135,      -6.567858792,      -7.916625538,      -4.812389078,      -10.54625944,   1.230334063e-08,   0.0009893968384,               100,               100,               100,       6409.460359,    0.002865886374,     -0.1882824144,                 0,                 0,                 0,     -0.1407307192,    0.002865886374,     -0.1882824144,                 0,      -65.69779464,              -nan
          0,           0,         263,      -8.589627773,      -6.568233244,      -7.916937111,        -4.8127027,      -10.54657368,   1.230335723e-08,   0.0009893968383,               100,               100,               100,       6409.460359,    0.002865885434,     -0.1882824169,                 0,                 0,                 0,     -0.1407307211,    0.002865885434,     -0.1882824169,                 0,      -65.69781703,              -nan
          0,           0,         264,      -8.589694413,      -6.568607715,      -7.917248677,      -4.813016268,      -10.54688789,   1.230337387e-08,   0.0009893968382,               100,               100,               100,       6409.460359,    0.002865884495,     -0.1882824193,                 0,                 0,                 0,     -0.1407307229,    0.002865884495,     -0.1882824193,                 0,      -65.69783941,              -nan
          0,           0,         265,      -8.589761055,      -6.568982208,      -7.917560246,      -4.813329843,      -10.54720207,   1.230339054e-08,   0.0009893968382,               100,               100,               100,       6409.460359,    0.002865883557,     -0.1882824218,                 0,                 0,                 0,     -0.1407307248,    0.002865883557,     -0.1882824218,                 0,      -65.69786178,              -nan
          0,           0,         266,        -8.5898277,       -6.56935672,      -7.917871801,       -4.81364337,      -10.54751623,   1.230340723e-08,   0.0009893968381,               100,               100,               100,       6409.460359,    0.002865882619,     -0.1882824242,                 0,                 0,                 0,     -0.1407307266,    0.002865882619,     -0.1882824242,                 0,      -65.69788412,              -nan
          0,           0,         267,      -8.589894347,      -6.569731252,      -7.918183391,      -4.813956912,      -10.54783037,   1.230342395e-08,   0.0009893968381,               100,               100,               100,       6409.460359,    0.002865881682,     -0.1882824267,                 0,                 0,                 0,     -0.1407307285,    0.002865881682,     -0.1882824267,                 0,      -65.69790645,              -nan
          0,           0,         268,      -8.589960996,      -6.570105805,      -7.918494827,      -4.814270339,      -10.54814449,    1.23034407e-08,    0.000989396838,               100,               100,               100,       6409.460359,    0.002865880746,     -0.1882824291,                 0,                 0,                 0,     -0.1407307303,    0.002865880746,     -0.1882824291,                 0,      -65.69792877,              -nan
          0,           0,         269,      -8.590027647,      -6.570480378,      -7.918806439,      -4.814583842,      -10.54845858,   1.230345748e-08,   0.0009893968379,               100,               100,               100,       6409.460359,    0.002865879811,     -0.1882824316,                 0,                 0,                 0,     -0.1407307322,    0.002865879811,     -0.1882824316,                 0,      -65.69795106,              -nan
          0,           0,         270,      -8.590094301,      -6.570854971,      -7.919118012,      -4.814897293,      -10.54877265,   1.230347429e-08,   0.0009893968379,               100,               100,               100,       6409.460359,    0.002865878876,      -0.188282434,                 0,                 0,                 0,      -0.140730734,    0.002865878876,      -0.188282434,                 0,      -65.69797334,              -nan
          0,           0,         271,      -8.590160957,      -6.571229584,      -7.919429536,      -4.815210717,       -10.5490867,   1.230349113e-08,   0.0009893968378,               100,               100,               100,       6409.460359,    0.002865877942,     -0.1882824364,                 0,                 0,                 0,     -0.1407307359,    0.002865877942,     -0.1882824364,                 0,       -65.6979956,              -nan
          0,           0,         272,      -8.590227615,      -6.571604217,      -7.919741057,      -4.815524084,      -10.54940072,   1.230350799e-08,   0.0009893968377,               100,               100,               100,       6409.460359,    0.002865877009,     -0.1882824389,                 0,                 0,                 0,     -0.1407307377,    0.002865877009,     -0.1882824389,                 0,      -65.69801785,              -nan
          0,           0,         273,      -8.590294276,      -6.571978871,      -7.920052498,      -4.815837429,      -10.54971472,   1.230352488e-08,   0.0009893968377,               100,               100,               100,       6409.460359,    0.002865876076,     -0.1882824413,                 0,                 0,                 0,     -0.1407307396,    0.002865876076,     -0.1882824413,                 0,      -65.69804007,              -nan
          0,           0,         274,      -8.590360939,      -6.572353545,      -7.920364122,      -4.816150836,       -10.5500287,   1.230354181e-08,   0.0009893968376,               100,               100,               100,       6409.460359,    0.002865875145,     -0.1882824437,                 0,                 0,                 0,     -0.1407307414,    0.002865875145,     -0.1882824437,                 0,      -65.69806228,              -nan
          0,           0,         275,      -8.590427604,      -6.572728239,       -7.92067559,      -4.816464115,      -10.55034266,   1.230355876e-08,   0.0009893968376,               100,               100,               100,       6409.460359,    0.002865874213,     -0.1882824462,                 0,                 0,                 0,     -0.1407307433,    0.002865874213,     -0.1882824462,                 0,      -65.69808448,              -nan
          0,           0,         276,      -8.590494271,      -6.573102953,      -7.920987087,      -4.816777418,      -10.55065659,   1.230357574e-08,   0.0009893968375,               100,               100,               100,       6409.460359,    0.002865873283,     -0.1882824486,                 0,                 0,                 0,     -0.1407307451,    0.002865873283,     -0.1882824486,                 0,      -65.69810665,              -nan
          0,           0,         277,       -8.59056094,      -6.573477687,       -7.92129854,      -4.817090691,      -10.55097049,   1.230359274e-08,   0.0009893968374,               100,               100,               100,       6409.460359,    0.002865872353,      -0.188282451,                 0,                 0,                 0,     -0.1407307469,    0.002865872353,      -0.188282451,                 0,      -65.69812881,              -nan
          0,           0,         278,      -8.590627612,      -6.573852441,      -7.921610063,      -4.817403919,      -10.55128438,   1.230360978e-08,   0.0009893968374,               100,               100,               100,       6409.460359,    0.002865871424,     -0.1882824535,                 0,                 0,                 0,     -0.1407307488,    0.002865871424,     -0.1882824535,                 0,      -65.69815096,              -nan
          0,           0,         279,      -8.590694286,      -6.574227216,      -7.921921628,      -4.817717186,      -10.55159824,   1.230362684e-08,   0.0009893968373,               100,               100,               100,       6409.460359,    0.002865870496,     -0.1882824559,                 0,                 0,                 0,     -0.1407307506,    0.002865870496,     -0.1882824559,                 0,      -65.69817308,              -nan
          0,           0,         280,      -8.590760963,      -6.574602011,      -7.922233073,      -4.818030357,      -10.55191208,   1.230364394e-08,   0.0009893968373,               100,               100,               100,       6409.460359,    0.002865869569,     -0.1882824583,                 0,                 0,                 0,     -0.1407307524,    0.002865869569,     -0.1882824583,                 0,      -65.69819519,              -nan
          0,           0,         281,      -8.590827641,      -6.574976825,      -7.922544482,      -4.818343524,      -10.55222589,   1.230366106e-08,   0.0009893968372,               100,               100,               100,       6409.460359,    0.002865868642,     -0.1882824607,                 0,                 0,                 0,     -0.1407307543,    0.002865868642,     -0.1882824607,                 0,      -65.69821728,              -nan
          0,           0,         282,      -8.590894322,       -6.57535166,      -7.922856034,      -4.818656687,      -10.55253968,   1.230367821e-08,   0.0009893968371,               100,               100,               100,       6409.460359,    0.002865867716,     -0.1882824632,                 0,                 0,                 0,     -0.1407307561,    0.002865867716,     -0.1882824632,                 0,      -65.69823936,              -nan
          0,           0,         283,      -8.590961005,      -6.575726515,      -7.923167525,      -4.818969824,      -10.55285345,   1.230369539e-08,   0.0009893968371,               100,               100,               100,       6409.460359,     0.00286586679,     -0.1882824656,                 0,                 0,                 0,     -0.1407307579,     0.00286586679,     -0.1882824656,                 0,      -65.69826142,              -nan
          0,           0,         284,       -8.59102769,      -6.576101391,      -7.923478863,      -4.819282884,      -10.55316719,   1.230371259e-08,    0.000989396837,               100,               100,               100,       6409.460359,    0.002865865866,      -0.188282468,                 0,                 0,                 0,     -0.1407307598,    0.002865865866,      -0.188282468,                 0,      -65.69828346,              -nan
          0,           0,         285,      -8.591094378,      -6.576476286,      -7.923790412,      -4.819595987,      -10.55348091,   1.230372983e-08,   0.0009893968369,               100,               100,               100,       6409.460359,    0.002865864942,     -0.1882824704,                 0,                 0,                 0,     -0.1407307616,    0.002865864942,     -0.1882824704,                 0,      -65.69830548,              -nan
          0,           0,         286,      -8.591161068,      -6.576851201,      -7.924101877,      -4.819909061,      -10.55379461,   1.230374709e-08,   0.0009893968369,               100,               100,               100,       6409.460359,    0.002865864018,     -0.1882824728,                 0,                 0,                 0,     -0.1407307634,    0.002865864018,     -0.1882824728,                 0,      -65.69832749,              -nan
          0,           0,         287,       -8.59122776,      -6.577226137,      -7.924413284,      -4.820222055,      -10.55410828,   1.230376438e-08,   0.0009893968368,               100,               100,               100,       6409.460359,    0.002865863096,     -0.1882824752,                 0,                 0,                 0,     -0.1407307653,    0.002865863096,     -0.1882824752,                 0,      -65.69834948,              -nan
          0,           0,         288,      -8.591294454,      -6.577601092,      -7.924724684,      -4.820535067,      -10.55442193,   1.230378171e-08,   0.0009893968368,               100,               100,               100,       6409.460359,    0.002865862174,     -0.1882824776,                 0,                 0,                 0,     -0.1407307671,    0.002865862174,     -0.1882824776,                 0,      -65.69837145,              -nan
          0,           0,         289,      -8.591361151,      -6.577976067,      -7.925036191,      -4.820848052,      -10.55473556,   1.230379905e-08,   0.0009893968367,               100,               100,               100,       6409.460359,    0.002865861253,     -0.1882824801,                 0,                 0,                 0,     -0.1407307689,    0.002865861253,     -0.1882824801,                 0,      -65.69839341,              -nan
          0,           0,         290,      -8.591427849,      -6.578351063,      -7.925347605,      -4.821161002,      -10.55504916,   1.230381643e-08,   0.0009893968366,               100,               100,               100,       6409.460359,    0.002865860332,     -0.1882824825,                 0,                 0,                 0,     -0.1407307707,    0.002865860332,     -0.1882824825,                 0,      -65.69841535,              -nan
          0,           0,         291,       -8.59149455,      -6.578726079,      -7.925659028,      -4.821473931,      -10.55536274,   1.230383384e-08,   0.0009893968366,               100,               100,               100,       6409.460359,    0.002865859413,     -0.1882824849,                 0,                 0,                 0,     -0.1407307725,    0.002865859413,     -0.1882824849,                 0,      -65.69843728,              -nan
          0,           0,         292,      -8.591561254,      -6.579101114,      -7.925970367,      -4.821786836,       -10.5556763,   1.230385127e-08,   0.0009893968365,               100,               100,               100,       6409.460359,    0.002865858494,     -0.1882824873,                 0,                 0,                 0,     -0.1407307744,    0.002865858494,     -0.1882824873,                 0,      -65.69845918,              -nan
          0,           0,         293,      -8.591627959,       -6.57947617,      -7.926281846,       -4.82209971,      -10.55598983,   1.230386874e-08,   0.0009893968365,               100,               100,               100,       6409.460359,    0.002865857575,     -0.1882824897,                 0,                 0,                 0,     -0.1407307762,    0.002865857575,     -0.1882824897,                 0,      -65.69848107,              -nan
          0,           0,         294,      -8.591694667,      -6.579851246,      -7.926593229,       -4.82241253,      -10.55630334,   1.230388623e-08,   0.0009893968364,               100,               100,               100,       6409.460359,    0.002865856658,     -0.1882824921,                 0,                 0,                 0,      -0.140730778,    0.002865856658,     -0.1882824921,                 0,      -65.69850295,              -nan
          0,           0,         295,      -8.591761377,      -6.580226342,      -7.926904719,      -4.822725408,      -10.55661682,   1.230390375e-08,   0.0009893968363,               100,               100,               100,       6409.460359,    0.002865855741,     -0.1882824945,                 0,                 0,                 0,     -0.1407307798,    0.002865855741,     -0.1882824945,                 0,      -65.69852481,              -nan
          0,           0,         296,      -8.591828089,      -6.580601458,      -7.927215998,      -4.823038194,      -10.55693028,    1.23039213e-08,   0.0009893968363,               100,               100,               100,       6409.460359,    0.002865854825,     -0.1882824969,                 0,                 0,                 0,     -0.1407307816,    0.002865854825,     -0.1882824969,                 0,      -65.69854665,              -nan
          0,           0,         297,      -8.591894804,      -6.580976593,      -7.927527412,       -4.82335097,      -10.55724372,   1.230393887e-08,   0.0009893968362,               100,               100,               100,       6409.460359,    0.002865853909,     -0.1882824993,                 0,                 0,                 0,     -0.1407307835,    0.002865853909,     -0.1882824993,                 0,      -65.69856847,              -nan
          0,           0,         298,       -8.59196152,      -6.581351749,      -7.927838768,      -4.823663726,      -10.55755714,   1.230395648e-08,   0.0009893968361,               100,               100,               100,       6409.460359,    0.002865852994,     -0.1882825017,                 0,                 0,                 0,     -0.1407307853,    0.002865852994,     -0.1882825017,                 0,      -65.69859028,              -nan
          0,           0,         299,      -8.592028239,      -6.581726925,       -7.92815013,      -4.823976447,      -10.55787053,   1.230397411e-08,   0.0009893968361,               100,               100,               100,       6409.460359,     0.00286585208,     -0.1882825041,                 0,                 0,                 0,     -0.1407307871,     0.00286585208,     -0.1882825041,                 0,      -65.69861207,              -nan
          0,           0,         300,      -8.592094961,      -6.582102121,      -7.928461518,      -4.824289156,      -10.55818389,   1.230399177e-08,    0.000989396836,               100,               100,               100,       6409.460359,    0.002865851167,     -0.1882825064,                 0,                 0,                 0,     -0.1407307889,    0.002865851167,     -0.1882825064,                 0,      -65.69863384,              -nan
          0,           0,         301,      -8.592161684,      -6.582477337,      -7.928772889,      -4.824601821,      -10.55849724,   1.230400947e-08,    0.000989396836,               100,               100,               100,       6409.460359,    0.002865850254,     -0.1882825088,                 0,                 0,                 0,     -0.1407307907,    0.002865850254,     -0.1882825088,                 0,       -65.6986556,              -nan
          0,           0,         302,       -8.59222841,      -6.582852572,      -7.929084248,      -4.824914483,      -10.55881056,   1.230402718e-08,   0.0009893968359,               100,               100,               100,       6409.460359,    0.002865849342,     -0.1882825112,                 0,                 0,                 0,     -0.1407307925,    0.002865849342,     -0.1882825112,                 0,      -65.69867734,              -nan
          0,           0,         303,      -8.592295138,      -6.583227828,      -7.929395587,      -4.825227132,      -10.55912385,   1.230404493e-08,   0.0009893968358,               100,               100,               100,       6409.460359,    0.002865848431,     -0.1882825136,                 0,                 0,                 0,     -0.1407307943,    0.002865848431,     -0.1882825136,                 0,      -65.69869906,              -nan
          0,           0,         304,      -8.592361868,      -6.583603104,      -7.929706958,      -4.825539729,      -10.55943713,   1.230406271e-08,   0.0009893968358,               100,               100,               100,       6409.460359,     0.00286584752,      -0.188282516,                 0,                 0,                 0,     -0.1407307961,     0.00286584752,      -0.188282516,                 0,      -65.69872077,              -nan
          0,           0,         305,        -8.5924286,      -6.583978399,      -7.930018241,      -4.825852255,      -10.55975037,   1.230408051e-08,   0.0009893968357,               100,               100,               100,       6409.460359,     0.00286584661,     -0.1882825184,                 0,                 0,                 0,     -0.1407307979,     0.00286584661,     -0.1882825184,                 0,      -65.69874246,              -nan
          0,           0,         306,      -8.592495335,      -6.584353715,      -7.930329595,      -4.826164857,       -10.5600636,   1.230409835e-08,   0.0009893968357,               100,               100,               100,       6409.460359,    0.002865845701,     -0.1882825208,                 0,                 0,                 0,     -0.1407307997,    0.002865845701,     -0.1882825208,                 0,      -65.69876414,              -nan
          0,           0,         307,      -8.592562072,       -6.58472905,      -7.930640871,      -4.826477349,       -10.5603768,   1.230411621e-08,   0.0009893968356,               100,               100,               100,       6409.460359,    0.002865844792,     -0.1882825231,                 0,                 0,                 0,     -0.1407308015,    0.002865844792,     -0.1882825231,                 0,      -65.69878579,              -nan
          0,           0,         308,      -8.592628811,      -6.585104406,      -7.930952296,      -4.826789882,      -10.56068998,    1.23041341e-08,   0.0009893968355,               100,               100,               100,       6409.460359,    0.002865843885,     -0.1882825255,                 0,                 0,                 0,     -0.1407308033,    0.002865843885,     -0.1882825255,                 0,      -65.69880743,              -nan
          0,           0,         309,      -8.592695552,      -6.585479781,      -7.931263529,      -4.827102343,      -10.56100313,   1.230415202e-08,   0.0009893968355,               100,               100,               100,       6409.460359,    0.002865842978,     -0.1882825279,                 0,                 0,                 0,     -0.1407308051,    0.002865842978,     -0.1882825279,                 0,      -65.69882906,              -nan
          0,           0,         310,      -8.592762295,      -6.585855176,        -7.9315749,      -4.827414797,      -10.56131626,   1.230416996e-08,   0.0009893968354,               100,               100,               100,       6409.460359,    0.002865842071,     -0.1882825303,                 0,                 0,                 0,     -0.1407308069,    0.002865842071,     -0.1882825303,                 0,      -65.69885067,              -nan
          0,           0,         311,      -8.592829041,      -6.586230591,      -7.931886182,      -4.827727234,      -10.56162937,   1.230418794e-08,   0.0009893968354,               100,               100,               100,       6409.460359,    0.002865841165,     -0.1882825326,                 0,                 0,                 0,     -0.1407308087,    0.002865841165,     -0.1882825326,                 0,      -65.69887226,              -nan
          0,           0,         312,      -8.592895789,      -6.586606026,      -7.932197493,      -4.828039613,      -10.56194245,   1.230420594e-08,   0.0009893968353,               100,               100,               100,       6409.460359,     0.00286584026,      -0.188282535,                 0,                 0,                 0,     -0.1407308105,     0.00286584026,      -0.188282535,                 0,      -65.69889383,              -nan
          0,           0,         313,      -8.592962539,      -6.586981481,      -7.932508708,      -4.828351987,      -10.56225551,   1.230422397e-08,   0.0009893968352,               100,               100,               100,       6409.460359,    0.002865839356,     -0.1882825374,                 0,                 0,                 0,     -0.1407308123,    0.002865839356,     -0.1882825374,                 0,      -65.69891539,              -nan
          0,           0,         314,      -8.593029292,      -6.587356956,      -7.932820071,      -4.828664354,      -10.56256854,   1.230424203e-08,   0.0009893968352,               100,               100,               100,       6409.460359,    0.002865838452,     -0.1882825397,                 0,                 0,                 0,     -0.1407308141,    0.002865838452,     -0.1882825397,                 0,      -65.69893694,              -nan
          0,           0,         315,      -8.593096046,      -6.587732451,        -7.9331313,       -4.82897666,      -10.56288156,   1.230426012e-08,   0.0009893968351,               100,               100,               100,       6409.460359,    0.002865837549,     -0.1882825421,                 0,                 0,                 0,     -0.1407308159,    0.002865837549,     -0.1882825421,                 0,      -65.69895846,              -nan
          0,           0,         316,      -8.593162803,      -6.588107965,       -7.93344263,      -4.829288976,      -10.56319454,   1.230427824e-08,   0.0009893968351,               100,               100,               100,       6409.460359,    0.002865836647,     -0.1882825445,                 0,                 0,                 0,     -0.1407308177,    0.002865836647,     -0.1882825445,                 0,      -65.69897997,              -nan
          0,           0,         317,      -8.593229562,      -6.588483499,      -7.933753903,      -4.829601217,      -10.56350751,   1.230429638e-08,    0.000989396835,               100,               100,               100,       6409.460359,    0.002865835746,     -0.1882825468,                 0,                 0,                 0,     -0.1407308195,    0.002865835746,     -0.1882825468,                 0,      -65.69900146,              -nan
          0,           0,         318,      -8.593296323,      -6.588859054,       -7.93406515,      -4.829913526,      -10.56382044,   1.230431456e-08,   0.0009893968349,               100,               100,               100,       6409.460359,    0.002865834845,     -0.1882825492,                 0,                 0,                 0,     -0.1407308213,    0.002865834845,     -0.1882825492,                 0,      -65.69902294,              -nan
          0,           0,         319,      -8.593363087,      -6.589234628,       -7.93437644,      -4.830225713,      -10.56413336,   1.230433276e-08,   0.0009893968349,               100,               100,               100,       6409.460359,    0.002865833944,     -0.1882825516,                 0,                 0,                 0,     -0.1407308231,    0.002865833944,     -0.1882825516,                 0,       -65.6990444,              -nan
          0,           0,         320,      -8.593429852,      -6.589610221,      -7.934687702,       -4.83053791,      -10.56444625,   1.230435099e-08,   0.0009893968348,               100,               100,               100,       6409.460359,    0.002865833045,     -0.1882825539,                 0,                 0,                 0,     -0.1407308249,    0.002865833045,     -0.1882825539,                 0,      -65.69906584,              -nan
          0,           0,         321,       -8.59349662,      -6.589985835,      -7.934998921,      -4.830850104,      -10.56475912,   1.230436925e-08,   0.0009893968348,               100,               100,               100,       6409.460359,    0.002865832146,     -0.1882825563,                 0,                 0,                 0,     -0.1407308266,    0.002865832146,     -0.1882825563,                 0,      -65.69908727,              -nan
          0,           0,         322,       -8.59356339,      -6.590361469,      -7.935310156,      -4.831162221,      -10.56507196,   1.230438754e-08,   0.0009893968347,               100,               100,               100,       6409.460359,    0.002865831248,     -0.1882825586,                 0,                 0,                 0,     -0.1407308284,    0.002865831248,     -0.1882825586,                 0,      -65.69910868,              -nan
          0,           0,         323,      -8.593630163,      -6.590737122,      -7.935621428,      -4.831474352,      -10.56538478,   1.230440585e-08,   0.0009893968346,               100,               100,               100,       6409.460359,    0.002865830351,      -0.188282561,                 0,                 0,                 0,     -0.1407308302,    0.002865830351,      -0.188282561,                 0,      -65.69913008,              -nan
          0,           0,         324,      -8.593696937,      -6.591112795,      -7.935932647,      -4.831786444,      -10.56569758,    1.23044242e-08,   0.0009893968346,               100,               100,               100,       6409.460359,    0.002865829454,     -0.1882825633,                 0,                 0,                 0,      -0.140730832,    0.002865829454,     -0.1882825633,                 0,      -65.69915146,              -nan
          0,           0,         325,      -8.593763714,      -6.591488488,      -7.936243836,      -4.832098519,      -10.56601035,   1.230444257e-08,   0.0009893968345,               100,               100,               100,       6409.460359,    0.002865828558,     -0.1882825657,                 0,                 0,                 0,     -0.1407308338,    0.002865828558,     -0.1882825657,                 0,      -65.69917282,              -nan
          0,           0,         326,      -8.593830493,        -6.5918642,      -7.936555088,      -4.832410548,       -10.5663231,   1.230446097e-08,   0.0009893968345,               100,               100,               100,       6409.460359,    0.002865827662,      -0.188282568,                 0,                 0,                 0,     -0.1407308356,    0.002865827662,      -0.188282568,                 0,      -65.69919417,              -nan
          0,           0,         327,      -8.593897274,      -6.592239933,        -7.9368663,      -4.832722588,      -10.56663582,    1.23044794e-08,   0.0009893968344,               100,               100,               100,       6409.460359,    0.002865826768,     -0.1882825704,                 0,                 0,                 0,     -0.1407308373,    0.002865826768,     -0.1882825704,                 0,       -65.6992155,              -nan
          0,           0,         328,      -8.593964057,      -6.592615685,       -7.93717747,      -4.833034561,      -10.56694852,   1.230449786e-08,   0.0009893968343,               100,               100,               100,       6409.460359,    0.002865825874,     -0.1882825727,                 0,                 0,                 0,     -0.1407308391,    0.002865825874,     -0.1882825727,                 0,      -65.69923681,              -nan
          0,           0,         329,      -8.594030843,      -6.592991457,      -7.937488675,      -4.833346524,       -10.5672612,   1.230451635e-08,   0.0009893968343,               100,               100,               100,       6409.460359,     0.00286582498,     -0.1882825751,                 0,                 0,                 0,     -0.1407308409,     0.00286582498,     -0.1882825751,                 0,      -65.69925811,              -nan
          0,           0,         330,      -8.594097631,      -6.593367248,       -7.93779983,       -4.83365843,      -10.56757385,   1.230453486e-08,   0.0009893968342,               100,               100,               100,       6409.460359,    0.002865824088,     -0.1882825774,                 0,                 0,                 0,     -0.1407308427,    0.002865824088,     -0.1882825774,                 0,      -65.69927939,              -nan
          0,           0,         331,      -8.594164421,       -6.59374306,      -7.938111111,      -4.833970405,      -10.56788647,   1.230455341e-08,   0.0009893968342,               100,               100,               100,       6409.460359,    0.002865823196,     -0.1882825797,                 0,                 0,                 0,     -0.1407308444,    0.002865823196,     -0.1882825797,                 0,      -65.69930065,              -nan
          0,           0,         332,      -8.594231213,      -6.594118891,      -7.938422234,      -4.834282258,      -10.56819908,   1.230457198e-08,   0.0009893968341,               100,               100,               100,       6409.460359,    0.002865822304,     -0.1882825821,                 0,                 0,                 0,     -0.1407308462,    0.002865822304,     -0.1882825821,                 0,       -65.6993219,              -nan
          0,           0,         333,      -8.594298007,      -6.594494741,      -7.938733376,      -4.834594106,      -10.56851166,   1.230459058e-08,    0.000989396834,               100,               100,               100,       6409.460359,    0.002865821414,     -0.1882825844,                 0,                 0,                 0,      -0.140730848,    0.002865821414,     -0.1882825844,                 0,      -65.69934313,              -nan
          0,           0,         334,      -8.594364804,      -6.594870612,      -7.939044602,      -4.834905961,      -10.56882421,   1.230460921e-08,    0.000989396834,               100,               100,               100,       6409.460359,    0.002865820524,     -0.1882825868,                 0,                 0,                 0,     -0.1407308497,    0.002865820524,     -0.1882825868,                 0,      -65.69936435,              -nan
          0,           0,         335,      -8.594431603,      -6.595246502,      -7.939355733,      -4.835217734,      -10.56913674,   1.230462786e-08,   0.0009893968339,               100,               100,               100,       6409.460359,    0.002865819635,     -0.1882825891,                 0,                 0,                 0,     -0.1407308515,    0.002865819635,     -0.1882825891,                 0,      -65.69938555,              -nan
          0,           0,         336,      -8.594498404,      -6.595622412,      -7.939666845,      -4.835529535,      -10.56944925,   1.230464655e-08,   0.0009893968339,               100,               100,               100,       6409.460359,    0.002865818746,     -0.1882825914,                 0,                 0,                 0,     -0.1407308533,    0.002865818746,     -0.1882825914,                 0,      -65.69940673,              -nan
          0,           0,         337,      -8.594565207,      -6.595998341,      -7.939978048,      -4.835841306,      -10.56976173,   1.230466526e-08,   0.0009893968338,               100,               100,               100,       6409.460359,    0.002865817858,     -0.1882825938,                 0,                 0,                 0,     -0.1407308551,    0.002865817858,     -0.1882825938,                 0,       -65.6994279,              -nan
          0,           0,         338,      -8.594632012,       -6.59637429,      -7.940289215,      -4.836153017,      -10.57007419,     1.2304684e-08,   0.0009893968337,               100,               100,               100,       6409.460359,    0.002865816971,     -0.1882825961,                 0,                 0,                 0,     -0.1407308568,    0.002865816971,     -0.1882825961,                 0,      -65.69944905,              -nan
          0,           0,         339,       -8.59469882,      -6.596750259,      -7.940600311,      -4.836464721,      -10.57038662,   1.230470277e-08,   0.0009893968337,               100,               100,               100,       6409.460359,    0.002865816085,     -0.1882825984,                 0,                 0,                 0,     -0.1407308586,    0.002865816085,     -0.1882825984,                 0,      -65.69947019,              -nan
          0,           0,         340,      -8.594765629,      -6.597126248,      -7.940911506,      -4.836776397,      -10.57069903,   1.230472157e-08,   0.0009893968336,               100,               100,               100,       6409.460359,    0.002865815199,     -0.1882826007,                 0,                 0,                 0,     -0.1407308603,    0.002865815199,     -0.1882826007,                 0,      -65.69949131,              -nan
          0,           0,         341,      -8.594832441,      -6.597502256,      -7.941222538,      -4.837088047,      -10.57101142,    1.23047404e-08,   0.0009893968336,               100,               100,               100,       6409.460359,    0.002865814314,     -0.1882826031,                 0,                 0,                 0,     -0.1407308621,    0.002865814314,     -0.1882826031,                 0,      -65.69951241,              -nan
          0,           0,         342,      -8.594899256,      -6.597878283,      -7.941533722,      -4.837399676,      -10.57132378,   1.230475925e-08,   0.0009893968335,               100,               100,               100,       6409.460359,    0.002865813429,     -0.1882826054,                 0,                 0,                 0,     -0.1407308639,    0.002865813429,     -0.1882826054,                 0,       -65.6995335,              -nan
          0,           0,         343,      -8.594966072,      -6.598254331,      -7.941844824,      -4.837711272,      -10.57163612,   1.230477814e-08,   0.0009893968335,               100,               100,               100,       6409.460359,    0.002865812545,     -0.1882826077,                 0,                 0,                 0,     -0.1407308656,    0.002865812545,     -0.1882826077,                 0,      -65.69955457,              -nan
          0,           0,         344,       -8.59503289,      -6.598630397,      -7.942155933,      -4.838022829,      -10.57194843,   1.230479705e-08,   0.0009893968334,               100,               100,               100,       6409.460359,    0.002865811662,       -0.18828261,                 0,                 0,                 0,     -0.1407308674,    0.002865811662,       -0.18828261,                 0,      -65.69957562,              -nan
          0,           0,         345,      -8.595099711,      -6.599006484,      -7.942467098,      -4.838334403,      -10.57226072,   1.230481599e-08,   0.0009893968333,               100,               100,               100,       6409.460359,     0.00286581078,     -0.1882826123,                 0,                 0,                 0,     -0.1407308691,     0.00286581078,     -0.1882826123,                 0,      -65.69959666,              -nan
          0,           0,         346,      -8.595166534,       -6.59938259,      -7.942778107,      -4.838645884,      -10.57257298,   1.230483496e-08,   0.0009893968333,               100,               100,               100,       6409.460359,    0.002865809898,     -0.1882826147,                 0,                 0,                 0,     -0.1407308709,    0.002865809898,     -0.1882826147,                 0,      -65.69961768,              -nan
          0,           0,         347,      -8.595233359,      -6.599758716,      -7.943089269,      -4.838957399,      -10.57288522,   1.230485395e-08,   0.0009893968332,               100,               100,               100,       6409.460359,    0.002865809017,      -0.188282617,                 0,                 0,                 0,     -0.1407308727,    0.002865809017,      -0.188282617,                 0,      -65.69963869,              -nan
          0,           0,         348,      -8.595300186,      -6.600134861,      -7.943400259,      -4.839268842,      -10.57319744,   1.230487298e-08,   0.0009893968332,               100,               100,               100,       6409.460359,    0.002865808137,     -0.1882826193,                 0,                 0,                 0,     -0.1407308744,    0.002865808137,     -0.1882826193,                 0,      -65.69965968,              -nan
          0,           0,         349,      -8.595367016,      -6.600511026,      -7.943711395,      -4.839580288,      -10.57350963,   1.230489203e-08,   0.0009893968331,               100,               100,               100,       6409.460359,    0.002865807257,     -0.1882826216,                 0,                 0,                 0,     -0.1407308762,    0.002865807257,     -0.1882826216,                 0,      -65.69968065,              -nan
          0,           0,         350,      -8.595433847,       -6.60088721,      -7.944022472,      -4.839891727,       -10.5738218,   1.230491112e-08,    0.000989396833,               100,               100,               100,       6409.460359,    0.002865806378,     -0.1882826239,                 0,                 0,                 0,     -0.1407308779,    0.002865806378,     -0.1882826239,                 0,      -65.69970161,              -nan
          0,           0,         351,      -8.595500681,      -6.601263414,      -7.944333541,      -4.840203098,      -10.57413394,   1.230493023e-08,    0.000989396833,               100,               100,               100,       6409.460359,    0.002865805499,     -0.1882826262,                 0,                 0,                 0,     -0.1407308797,    0.002865805499,     -0.1882826262,                 0,      -65.69972256,              -nan
          0,           0,         352,      -8.595567517,      -6.601639638,      -7.944644616,      -4.840514441,      -10.57444606,   1.230494936e-08,   0.0009893968329,               100,               100,               100,       6409.460359,    0.002865804622,     -0.1882826285,                 0,                 0,                 0,     -0.1407308814,    0.002865804622,     -0.1882826285,                 0,      -65.69974348,              -nan
          0,           0,         353,      -8.595634355,      -6.602015881,      -7.944955657,      -4.840825778,      -10.57475815,   1.230496853e-08,   0.0009893968329,               100,               100,               100,       6409.460359,    0.002865803745,     -0.1882826308,                 0,                 0,                 0,     -0.1407308832,    0.002865803745,     -0.1882826308,                 0,      -65.69976439,              -nan
          0,           0,         354,      -8.595701196,      -6.602392143,       -7.94526665,      -4.841137074,      -10.57507022,   1.230498773e-08,   0.0009893968328,               100,               100,               100,       6409.460359,    0.002865802868,     -0.1882826331,                 0,                 0,                 0,     -0.1407308849,    0.002865802868,     -0.1882826331,                 0,      -65.69978529,              -nan
          0,           0,         355,      -8.595768038,      -6.602768425,      -7.945577779,      -4.841448399,      -10.57538227,   1.230500695e-08,   0.0009893968328,               100,               100,               100,       6409.460359,    0.002865801993,     -0.1882826354,                 0,                 0,                 0,     -0.1407308867,    0.002865801993,     -0.1882826354,                 0,      -65.69980617,              -nan
          0,           0,         356,      -8.595834883,      -6.603144727,       -7.94588876,      -4.841759635,      -10.57569429,    1.23050262e-08,   0.0009893968327,               100,               100,               100,       6409.460359,    0.002865801117,     -0.1882826377,                 0,                 0,                 0,     -0.1407308884,    0.002865801117,     -0.1882826377,                 0,      -65.69982703,              -nan
          0,           0,         357,       -8.59590173,      -6.603521048,      -7.946199797,      -4.842070844,      -10.57600628,   1.230504548e-08,   0.0009893968326,               100,               100,               100,       6409.460359,    0.002865800243,       -0.18828264,                 0,                 0,                 0,     -0.1407308901,    0.002865800243,       -0.18828264,                 0,      -65.69984788,              -nan
          0,           0,         358,      -8.595968579,      -6.603897388,      -7.946510802,      -4.842382027,      -10.57631825,   1.230506479e-08,   0.0009893968326,               100,               100,               100,       6409.460359,    0.002865799369,     -0.1882826423,                 0,                 0,                 0,     -0.1407308919,    0.002865799369,     -0.1882826423,                 0,      -65.69986871,              -nan
          0,           0,         359,       -8.59603543,      -6.604273748,      -7.946821859,      -4.842693214,       -10.5766302,   1.230508413e-08,   0.0009893968325,               100,               100,               100,       6409.460359,    0.002865798496,     -0.1882826446,                 0,                 0,                 0,     -0.1407308936,    0.002865798496,     -0.1882826446,                 0,      -65.69988952,              -nan
          0,           0,         360,      -8.596102284,      -6.604650127,      -7.947132866,      -4.843004367,      -10.57694212,   1.230510349e-08,   0.0009893968325,               100,               100,               100,       6409.460359,    0.002865797624,     -0.1882826469,                 0,                 0,                 0,     -0.1407308954,    0.002865797624,     -0.1882826469,                 0,      -65.69991032,              -nan
          0,           0,         361,      -8.596169139,      -6.605026526,      -7.947443886,      -4.843315492,      -10.57725402,   1.230512289e-08,   0.0009893968324,               100,               100,               100,       6409.460359,    0.002865796752,     -0.1882826492,                 0,                 0,                 0,     -0.1407308971,    0.002865796752,     -0.1882826492,                 0,      -65.69993111,              -nan
          0,           0,         362,      -8.596235997,      -6.605402944,      -7.947754823,      -4.843626506,      -10.57756589,   1.230514231e-08,   0.0009893968323,               100,               100,               100,       6409.460359,    0.002865795881,     -0.1882826515,                 0,                 0,                 0,     -0.1407308988,    0.002865795881,     -0.1882826515,                 0,      -65.69995187,              -nan
          0,           0,         363,      -8.596302857,      -6.605779382,      -7.948065848,       -4.84393764,      -10.57787774,   1.230516176e-08,   0.0009893968323,               100,               100,               100,       6409.460359,    0.002865795011,     -0.1882826538,                 0,                 0,                 0,     -0.1407309006,    0.002865795011,     -0.1882826538,                 0,      -65.69997263,              -nan
          0,           0,         364,      -8.596369719,      -6.606155839,       -7.94837678,      -4.844248631,      -10.57818957,   1.230518124e-08,   0.0009893968322,               100,               100,               100,       6409.460359,    0.002865794141,     -0.1882826561,                 0,                 0,                 0,     -0.1407309023,    0.002865794141,     -0.1882826561,                 0,      -65.69999336,              -nan
          0,           0,         365,      -8.596436584,      -6.606532315,      -7.948687808,      -4.844559646,      -10.57850137,   1.230520074e-08,   0.0009893968322,               100,               100,               100,       6409.460359,    0.002865793272,     -0.1882826583,                 0,                 0,                 0,      -0.140730904,    0.002865793272,     -0.1882826583,                 0,      -65.70001408,              -nan
          0,           0,         366,       -8.59650345,      -6.606908811,      -7.948998773,       -4.84487067,      -10.57881314,   1.230522028e-08,   0.0009893968321,               100,               100,               100,       6409.460359,    0.002865792404,     -0.1882826606,                 0,                 0,                 0,     -0.1407309058,    0.002865792404,     -0.1882826606,                 0,      -65.70003479,              -nan
          0,           0,         367,      -8.596570319,      -6.607285326,      -7.949309708,      -4.845181568,      -10.57912489,   1.230523984e-08,   0.0009893968321,               100,               100,               100,       6409.460359,    0.002865791536,     -0.1882826629,                 0,                 0,                 0,     -0.1407309075,    0.002865791536,     -0.1882826629,                 0,      -65.70005548,              -nan
          0,           0,         368,      -8.596637189,      -6.607661861,      -7.949620692,      -4.845492534,      -10.57943662,   1.230525943e-08,    0.000989396832,               100,               100,               100,       6409.460359,    0.002865790669,     -0.1882826652,                 0,                 0,                 0,     -0.1407309092,    0.002865790669,     -0.1882826652,                 0,      -65.70007615,              -nan
          0,           0,         369,      -8.596704062,      -6.608038415,      -7.949931709,      -4.845803428,      -10.57974832,   1.230527905e-08,   0.0009893968319,               100,               100,               100,       6409.460359,    0.002865789803,     -0.1882826675,                 0,                 0,                 0,      -0.140730911,    0.002865789803,     -0.1882826675,                 0,      -65.70009681,              -nan
          0,           0,         370,      -8.596770937,      -6.608414988,      -7.950242557,      -4.846114303,         -10.58006,    1.23052987e-08,   0.0009893968319,               100,               100,               100,       6409.460359,    0.002865788937,     -0.1882826697,                 0,                 0,                 0,     -0.1407309127,    0.002865788937,     -0.1882826697,                 0,      -65.70011745,              -nan
          0,           0,         371,      -8.596837815,       -6.60879158,      -7.950553482,      -4.846425108,      -10.58037165,   1.230531838e-08,   0.0009893968318,               100,               100,               100,       6409.460359,    0.002865788072,      -0.188282672,                 0,                 0,                 0,     -0.1407309144,    0.002865788072,      -0.188282672,                 0,      -65.70013807,              -nan
          0,           0,         372,      -8.596904694,      -6.609168192,      -7.950864478,      -4.846735951,      -10.58068328,   1.230533808e-08,   0.0009893968318,               100,               100,               100,       6409.460359,    0.002865787208,     -0.1882826743,                 0,                 0,                 0,     -0.1407309161,    0.002865787208,     -0.1882826743,                 0,      -65.70015868,              -nan
          0,           0,         373,      -8.596971576,      -6.609544824,      -7.951175432,      -4.847046735,      -10.58099488,   1.230535782e-08,   0.0009893968317,               100,               100,               100,       6409.460359,    0.002865786344,     -0.1882826766,                 0,                 0,                 0,     -0.1407309179,    0.002865786344,     -0.1882826766,                 0,      -65.70017928,              -nan
          0,           0,         374,       -8.59703846,      -6.609921474,      -7.951486399,      -4.847357546,      -10.58130646,   1.230537758e-08,   0.0009893968316,               100,               100,               100,       6409.460359,    0.002865785481,     -0.1882826788,                 0,                 0,                 0,     -0.1407309196,    0.002865785481,     -0.1882826788,                 0,      -65.70019986,              -nan
          0,           0,         375,      -8.597105346,      -6.610298144,       -7.95179719,      -4.847668203,      -10.58161801,   1.230539737e-08,   0.0009893968316,               100,               100,               100,       6409.460359,    0.002865784619,     -0.1882826811,                 0,                 0,                 0,     -0.1407309213,    0.002865784619,     -0.1882826811,                 0,      -65.70022042,              -nan
          0,           0,         376,      -8.597172234,      -6.610674833,      -7.952108211,      -4.847978961,      -10.58192954,   1.230541718e-08,   0.0009893968315,               100,               100,               100,       6409.460359,    0.002865783757,     -0.1882826834,                 0,                 0,                 0,      -0.140730923,    0.002865783757,     -0.1882826834,                 0,      -65.70024097,              -nan
          0,           0,         377,      -8.597239124,      -6.611051541,      -7.952419076,       -4.84828963,      -10.58224104,   1.230543703e-08,   0.0009893968315,               100,               100,               100,       6409.460359,    0.002865782896,     -0.1882826856,                 0,                 0,                 0,     -0.1407309248,    0.002865782896,     -0.1882826856,                 0,       -65.7002615,              -nan
          0,           0,         378,      -8.597306016,      -6.611428269,       -7.95272998,      -4.848600283,      -10.58255252,   1.230545691e-08,   0.0009893968314,               100,               100,               100,       6409.460359,    0.002865782035,     -0.1882826879,                 0,                 0,                 0,     -0.1407309265,    0.002865782035,     -0.1882826879,                 0,      -65.70028201,              -nan
          0,           0,         379,      -8.597372911,      -6.611805016,      -7.953040852,      -4.848910904,      -10.58286397,   1.230547681e-08,   0.0009893968314,               100,               100,               100,       6409.460359,    0.002865781176,     -0.1882826902,                 0,                 0,                 0,     -0.1407309282,    0.002865781176,     -0.1882826902,                 0,      -65.70030251,              -nan
          0,           0,         380,      -8.597439808,      -6.612181782,      -7.953351803,      -4.849221528,       -10.5831754,   1.230549674e-08,   0.0009893968313,               100,               100,               100,       6409.460359,    0.002865780317,     -0.1882826924,                 0,                 0,                 0,     -0.1407309299,    0.002865780317,     -0.1882826924,                 0,        -65.700323,              -nan
          0,           0,         381,      -8.597506706,      -6.612558567,      -7.953662625,      -4.849532049,      -10.58348681,    1.23055167e-08,   0.0009893968312,               100,               100,               100,       6409.460359,    0.002865779458,     -0.1882826947,                 0,                 0,                 0,     -0.1407309316,    0.002865779458,     -0.1882826947,                 0,      -65.70034347,              -nan
          0,           0,         382,      -8.597573607,      -6.612935372,      -7.953973514,      -4.849842647,      -10.58379819,   1.230553669e-08,   0.0009893968312,               100,               100,               100,       6409.460359,      0.0028657786,      -0.188282697,                 0,                 0,                 0,     -0.1407309333,      0.0028657786,      -0.188282697,                 0,      -65.70036392,              -nan
          0,           0,         383,      -8.597640511,      -6.613312196,      -7.954284315,      -4.850153106,      -10.58410954,    1.23055567e-08,   0.0009893968311,               100,               100,               100,       6409.460359,    0.002865777743,     -0.1882826992,                 0,                 0,                 0,     -0.1407309351,    0.002865777743,     -0.1882826992,                 0,      -65.70038436,              -nan
          0,           0,         384,      -8.597707416,      -6.613689039,      -7.954595211,      -4.850463621,      -10.58442087,   1.230557675e-08,   0.0009893968311,               100,               100,               100,       6409.460359,    0.002865776887,     -0.1882827015,                 0,                 0,                 0,     -0.1407309368,    0.002865776887,     -0.1882827015,                 0,      -65.70040478,              -nan
          0,           0,         385,      -8.597774323,      -6.614065901,      -7.954906069,       -4.85077408,      -10.58473218,   1.230559682e-08,    0.000989396831,               100,               100,               100,       6409.460359,    0.002865776031,     -0.1882827037,                 0,                 0,                 0,     -0.1407309385,    0.002865776031,     -0.1882827037,                 0,      -65.70042519,              -nan
          0,           0,         386,      -8.597841233,      -6.614442782,      -7.955216892,      -4.851084473,      -10.58504346,   1.230561692e-08,    0.000989396831,               100,               100,               100,       6409.460359,    0.002865775176,      -0.188282706,                 0,                 0,                 0,     -0.1407309402,    0.002865775176,      -0.188282706,                 0,      -65.70044558,              -nan
          0,           0,         387,      -8.597908145,      -6.614819683,      -7.955527813,      -4.851394944,      -10.58535471,   1.230563705e-08,   0.0009893968309,               100,               100,               100,       6409.460359,    0.002865774321,     -0.1882827082,                 0,                 0,                 0,     -0.1407309419,    0.002865774321,     -0.1882827082,                 0,      -65.70046595,              -nan
          0,           0,         388,      -8.597975059,      -6.615196602,      -7.955838605,      -4.851705278,      -10.58566594,    1.23056572e-08,   0.0009893968308,               100,               100,               100,       6409.460359,    0.002865773467,     -0.1882827105,                 0,                 0,                 0,     -0.1407309436,    0.002865773467,     -0.1882827105,                 0,      -65.70048631,              -nan
          0,           0,         389,      -8.598041975,      -6.615573541,      -7.956149438,      -4.852015643,      -10.58597715,   1.230567739e-08,   0.0009893968308,               100,               100,               100,       6409.460359,    0.002865772614,     -0.1882827127,                 0,                 0,                 0,     -0.1407309453,    0.002865772614,     -0.1882827127,                 0,      -65.70050666,              -nan
          0,           0,         390,      -8.598108893,      -6.615950499,        -7.9564602,       -4.85232593,      -10.58628833,    1.23056976e-08,   0.0009893968307,               100,               100,               100,       6409.460359,    0.002865771762,      -0.188282715,                 0,                 0,                 0,      -0.140730947,    0.002865771762,      -0.188282715,                 0,      -65.70052699,              -nan
          0,           0,         391,      -8.598175813,      -6.616327476,      -7.956771067,      -4.852636241,      -10.58659948,   1.230571784e-08,   0.0009893968307,               100,               100,               100,       6409.460359,     0.00286577091,     -0.1882827172,                 0,                 0,                 0,     -0.1407309487,     0.00286577091,     -0.1882827172,                 0,       -65.7005473,              -nan
          0,           0,         392,      -8.598242736,      -6.616704472,      -7.957081819,      -4.852946478,      -10.58691061,   1.230573811e-08,   0.0009893968306,               100,               100,               100,       6409.460359,    0.002865770059,     -0.1882827195,                 0,                 0,                 0,     -0.1407309504,    0.002865770059,     -0.1882827195,                 0,       -65.7005676,              -nan
          0,           0,         393,      -8.598309661,      -6.617081487,      -7.957392671,      -4.853256736,      -10.58722172,   1.230575841e-08,   0.0009893968306,               100,               100,               100,       6409.460359,    0.002865769208,     -0.1882827217,                 0,                 0,                 0,     -0.1407309521,    0.002865769208,     -0.1882827217,                 0,      -65.70058788,              -nan
          0,           0,         394,      -8.598376587,      -6.617458521,      -7.957703439,      -4.853566946,       -10.5875328,   1.230577874e-08,   0.0009893968305,               100,               100,               100,       6409.460359,    0.002865768358,     -0.1882827239,                 0,                 0,                 0,     -0.1407309538,    0.002865768358,     -0.1882827239,                 0,      -65.70060815,              -nan
          0,           0,         395,      -8.598443516,      -6.617835574,      -7.958014259,      -4.853877124,      -10.58784385,   1.230579909e-08,   0.0009893968304,               100,               100,               100,       6409.460359,    0.002865767509,     -0.1882827262,                 0,                 0,                 0,     -0.1407309555,    0.002865767509,     -0.1882827262,                 0,       -65.7006284,              -nan
          0,           0,         396,      -8.598510447,      -6.618212647,       -7.95832504,      -4.854187266,      -10.58815489,   1.230581948e-08,   0.0009893968304,               100,               100,               100,       6409.460359,     0.00286576666,     -0.1882827284,                 0,                 0,                 0,     -0.1407309572,     0.00286576666,     -0.1882827284,                 0,      -65.70064864,              -nan
          0,           0,         397,      -8.598577381,      -6.618589738,      -7.958635784,      -4.854497401,      -10.58846589,   1.230583989e-08,   0.0009893968303,               100,               100,               100,       6409.460359,    0.002865765812,     -0.1882827306,                 0,                 0,                 0,     -0.1407309589,    0.002865765812,     -0.1882827306,                 0,      -65.70066886,              -nan
          0,           0,         398,      -8.598644316,      -6.618966848,      -7.958946525,      -4.854807463,      -10.58877687,   1.230586033e-08,   0.0009893968303,               100,               100,               100,       6409.460359,    0.002865764965,     -0.1882827329,                 0,                 0,                 0,     -0.1407309606,    0.002865764965,     -0.1882827329,                 0,      -65.70068906,              -nan
          0,           0,         399,      -8.598711253,      -6.619343978,      -7.959257286,      -4.855117545,      -10.58908783,   1.230588079e-08,   0.0009893968302,               100,               100,               100,       6409.460359,    0.002865764118,     -0.1882827351,                 0,                 0,                 0,     -0.1407309623,    0.002865764118,     -0.1882827351,                 0,      -65.70070925,              -nan
          0,           0,         400,      -8.598778193,      -6.619721126,      -7.959568032,      -4.855427586,      -10.58939876,   1.230590129e-08,   0.0009893968302,               100,               100,               100,       6409.460359,    0.002865763272,     -0.1882827373,                 0,                 0,                 0,      -0.140730964,    0.002865763272,     -0.1882827373,                 0,      -65.70072943,              -nan
          0,           0,         401,      -8.598845135,      -6.620098294,      -7.959878815,      -4.855737582,      -10.58970966,   1.230592181e-08,   0.0009893968301,               100,               100,               100,       6409.460359,    0.002865762427,     -0.1882827396,                 0,                 0,                 0,     -0.1407309657,    0.002865762427,     -0.1882827396,                 0,      -65.70074958,              -nan
          0,           0,         402,      -8.598912079,       -6.62047548,      -7.960189572,       -4.85604758,      -10.59002054,   1.230594236e-08,   0.0009893968301,               100,               100,               100,       6409.460359,    0.002865761582,     -0.1882827418,                 0,                 0,                 0,     -0.1407309674,    0.002865761582,     -0.1882827418,                 0,      -65.70076973,              -nan
          0,           0,         403,      -8.598979025,      -6.620852686,       -7.96050027,      -4.856357526,       -10.5903314,   1.230596294e-08,     0.00098939683,               100,               100,               100,       6409.460359,    0.002865760738,      -0.188282744,                 0,                 0,                 0,     -0.1407309691,    0.002865760738,      -0.188282744,                 0,      -65.70078986,              -nan
          0,           0,         404,      -8.599045973,       -6.62122991,      -7.960811074,      -4.856667456,      -10.59064223,   1.230598355e-08,   0.0009893968299,               100,               100,               100,       6409.460359,    0.002865759895,     -0.1882827463,                 0,                 0,                 0,     -0.1407309708,    0.002865759895,     -0.1882827463,                 0,      -65.70080997,              -nan
          0,           0,         405,      -8.599112923,      -6.621607153,      -7.961121719,      -4.856977345,      -10.59095303,   1.230600419e-08,   0.0009893968299,               100,               100,               100,       6409.460359,    0.002865759052,     -0.1882827485,                 0,                 0,                 0,     -0.1407309724,    0.002865759052,     -0.1882827485,                 0,      -65.70083007,              -nan
          0,           0,         406,      -8.599179875,      -6.621984415,       -7.96143244,      -4.857287197,      -10.59126381,   1.230602485e-08,   0.0009893968298,               100,               100,               100,       6409.460359,     0.00286575821,     -0.1882827507,                 0,                 0,                 0,     -0.1407309741,     0.00286575821,     -0.1882827507,                 0,      -65.70085015,              -nan
          0,           0,         407,       -8.59924683,      -6.622361696,      -7.961743192,      -4.857597064,      -10.59157456,   1.230604555e-08,   0.0009893968298,               100,               100,               100,       6409.460359,    0.002865757368,     -0.1882827529,                 0,                 0,                 0,     -0.1407309758,    0.002865757368,     -0.1882827529,                 0,      -65.70087022,              -nan
          0,           0,         408,      -8.599313787,      -6.622738996,      -7.962053823,       -4.85790684,      -10.59188529,   1.230606627e-08,   0.0009893968297,               100,               100,               100,       6409.460359,    0.002865756527,     -0.1882827551,                 0,                 0,                 0,     -0.1407309775,    0.002865756527,     -0.1882827551,                 0,      -65.70089027,              -nan
          0,           0,         409,      -8.599380745,      -6.623116315,      -7.962364568,      -4.858216645,        -10.592196,   1.230608702e-08,   0.0009893968297,               100,               100,               100,       6409.460359,    0.002865755687,     -0.1882827574,                 0,                 0,                 0,     -0.1407309792,    0.002865755687,     -0.1882827574,                 0,      -65.70091031,              -nan
          0,           0,         410,      -8.599447706,      -6.623493653,      -7.962675258,      -4.858526381,      -10.59250667,    1.23061078e-08,   0.0009893968296,               100,               100,               100,       6409.460359,    0.002865754847,     -0.1882827596,                 0,                 0,                 0,     -0.1407309809,    0.002865754847,     -0.1882827596,                 0,      -65.70093033,              -nan
          0,           0,         411,      -8.599514669,       -6.62387101,      -7.962985973,      -4.858836138,      -10.59281733,    1.23061286e-08,   0.0009893968295,               100,               100,               100,       6409.460359,    0.002865754008,     -0.1882827618,                 0,                 0,                 0,     -0.1407309826,    0.002865754008,     -0.1882827618,                 0,      -65.70095033,              -nan
          0,           0,         412,      -8.599581635,      -6.624248385,      -7.963296624,      -4.859145802,      -10.59312795,   1.230614943e-08,   0.0009893968295,               100,               100,               100,       6409.460359,     0.00286575317,      -0.188282764,                 0,                 0,                 0,     -0.1407309842,     0.00286575317,      -0.188282764,                 0,      -65.70097033,              -nan
          0,           0,         413,      -8.599648602,       -6.62462578,       -7.96360731,       -4.85945547,      -10.59343856,    1.23061703e-08,   0.0009893968294,               100,               100,               100,       6409.460359,    0.002865752332,     -0.1882827662,                 0,                 0,                 0,     -0.1407309859,    0.002865752332,     -0.1882827662,                 0,       -65.7009903,              -nan
          0,           0,         414,      -8.599715571,      -6.625003193,      -7.963917965,      -4.859765125,      -10.59374913,   1.230619119e-08,   0.0009893968294,               100,               100,               100,       6409.460359,    0.002865751495,     -0.1882827684,                 0,                 0,                 0,     -0.1407309876,    0.002865751495,     -0.1882827684,                 0,      -65.70101026,              -nan
          0,           0,         415,      -8.599782543,      -6.625380625,      -7.964228589,      -4.860074718,      -10.59405969,   1.230621211e-08,   0.0009893968293,               100,               100,               100,       6409.460359,    0.002865750659,     -0.1882827706,                 0,                 0,                 0,     -0.1407309893,    0.002865750659,     -0.1882827706,                 0,      -65.70103021,              -nan
          0,           0,         416,      -8.599849516,      -6.625758076,      -7.964539277,      -4.860384293,      -10.59437021,   1.230623305e-08,   0.0009893968293,               100,               100,               100,       6409.460359,    0.002865749823,     -0.1882827728,                 0,                 0,                 0,     -0.1407309909,    0.002865749823,     -0.1882827728,                 0,      -65.70105014,              -nan
          0,           0,         417,      -8.599916492,      -6.626135545,      -7.964849986,      -4.860693874,      -10.59468071,   1.230625403e-08,   0.0009893968292,               100,               100,               100,       6409.460359,    0.002865748988,      -0.188282775,                 0,                 0,                 0,     -0.1407309926,    0.002865748988,      -0.188282775,                 0,      -65.70107005,              -nan
          0,           0,         418,       -8.59998347,      -6.626513034,      -7.965160608,      -4.861003421,      -10.59499119,   1.230627503e-08,   0.0009893968292,               100,               100,               100,       6409.460359,    0.002865748154,     -0.1882827772,                 0,                 0,                 0,     -0.1407309943,    0.002865748154,     -0.1882827772,                 0,      -65.70108995,              -nan
          0,           0,         419,       -8.60005045,      -6.626890541,      -7.965471113,      -4.861312851,      -10.59530164,   1.230629606e-08,   0.0009893968291,               100,               100,               100,       6409.460359,     0.00286574732,     -0.1882827794,                 0,                 0,                 0,      -0.140730996,     0.00286574732,     -0.1882827794,                 0,      -65.70110984,              -nan
          0,           0,         420,      -8.600117432,      -6.627268067,      -7.965781792,      -4.861622306,      -10.59561207,   1.230631712e-08,    0.000989396829,               100,               100,               100,       6409.460359,    0.002865746487,     -0.1882827816,                 0,                 0,                 0,     -0.1407309976,    0.002865746487,     -0.1882827816,                 0,      -65.70112971,              -nan
          0,           0,         421,      -8.600184416,      -6.627645612,      -7.966092472,      -4.861931787,      -10.59592247,   1.230633821e-08,    0.000989396829,               100,               100,               100,       6409.460359,    0.002865745654,     -0.1882827838,                 0,                 0,                 0,     -0.1407309993,    0.002865745654,     -0.1882827838,                 0,      -65.70114956,              -nan
          0,           0,         422,      -8.600251403,      -6.628023175,      -7.966403001,      -4.862241183,      -10.59623284,   1.230635932e-08,   0.0009893968289,               100,               100,               100,       6409.460359,    0.002865744822,      -0.188282786,                 0,                 0,                 0,      -0.140731001,    0.002865744822,      -0.188282786,                 0,       -65.7011694,              -nan
          0,           0,         423,      -8.600318391,      -6.628400757,      -7.966713684,      -4.862550574,      -10.59654319,   1.230638047e-08,   0.0009893968289,               100,               100,               100,       6409.460359,    0.002865743991,     -0.1882827882,                 0,                 0,                 0,     -0.1407310026,    0.002865743991,     -0.1882827882,                 0,      -65.70118922,              -nan
          0,           0,         424,      -8.600385382,      -6.628778358,      -7.967024234,      -4.862859902,      -10.59685351,   1.230640164e-08,   0.0009893968288,               100,               100,               100,       6409.460359,     0.00286574316,     -0.1882827904,                 0,                 0,                 0,     -0.1407310043,     0.00286574316,     -0.1882827904,                 0,      -65.70120903,              -nan
          0,           0,         425,      -8.600452374,      -6.629155977,       -7.96733476,      -4.863169208,      -10.59716381,   1.230642284e-08,   0.0009893968288,               100,               100,               100,       6409.460359,     0.00286574233,     -0.1882827926,                 0,                 0,                 0,      -0.140731006,     0.00286574233,     -0.1882827926,                 0,      -65.70122883,              -nan
          0,           0,         426,      -8.600519369,      -6.629533616,      -7.967645453,      -4.863478547,      -10.59747408,   1.230644407e-08,   0.0009893968287,               100,               100,               100,       6409.460359,    0.002865741501,     -0.1882827948,                 0,                 0,                 0,     -0.1407310076,    0.002865741501,     -0.1882827948,                 0,       -65.7012486,              -nan
          0,           0,         427,      -8.600586366,      -6.629911272,      -7.967955925,      -4.863787746,      -10.59778433,   1.230646532e-08,   0.0009893968287,               100,               100,               100,       6409.460359,    0.002865740672,      -0.188282797,                 0,                 0,                 0,     -0.1407310093,    0.002865740672,      -0.188282797,                 0,      -65.70126837,              -nan
          0,           0,         428,      -8.600653365,      -6.630288948,      -7.968266599,       -4.86409703,      -10.59809455,   1.230648661e-08,   0.0009893968286,               100,               100,               100,       6409.460359,    0.002865739844,     -0.1882827992,                 0,                 0,                 0,      -0.140731011,    0.002865739844,     -0.1882827992,                 0,      -65.70128812,              -nan
          0,           0,         429,      -8.600720366,      -6.630666642,      -7.968577151,      -4.864406221,      -10.59840475,   1.230650792e-08,   0.0009893968285,               100,               100,               100,       6409.460359,    0.002865739017,     -0.1882828014,                 0,                 0,                 0,     -0.1407310126,    0.002865739017,     -0.1882828014,                 0,      -65.70130785,              -nan
          0,           0,         430,      -8.600787369,      -6.631044355,      -7.968887679,      -4.864715374,      -10.59871492,   1.230652926e-08,   0.0009893968285,               100,               100,               100,       6409.460359,     0.00286573819,     -0.1882828035,                 0,                 0,                 0,     -0.1407310143,     0.00286573819,     -0.1882828035,                 0,      -65.70132757,              -nan
          0,           0,         431,      -8.600854375,      -6.631422086,      -7.969198222,      -4.865024525,      -10.59902506,   1.230655063e-08,   0.0009893968284,               100,               100,               100,       6409.460359,    0.002865737364,     -0.1882828057,                 0,                 0,                 0,     -0.1407310159,    0.002865737364,     -0.1882828057,                 0,      -65.70134727,              -nan
          0,           0,         432,      -8.600921382,      -6.631799836,      -7.969508794,      -4.865333651,      -10.59933518,   1.230657202e-08,   0.0009893968284,               100,               100,               100,       6409.460359,    0.002865736538,     -0.1882828079,                 0,                 0,                 0,     -0.1407310176,    0.002865736538,     -0.1882828079,                 0,      -65.70136696,              -nan
          0,           0,         433,      -8.600988392,      -6.632177604,      -7.969819339,      -4.865642721,      -10.59964527,   1.230659345e-08,   0.0009893968283,               100,               100,               100,       6409.460359,    0.002865735713,     -0.1882828101,                 0,                 0,                 0,     -0.1407310192,    0.002865735713,     -0.1882828101,                 0,      -65.70138663,              -nan
          0,           0,         434,      -8.601055403,      -6.632555392,      -7.970129849,      -4.865951799,      -10.59995534,    1.23066149e-08,   0.0009893968283,               100,               100,               100,       6409.460359,    0.002865734889,     -0.1882828123,                 0,                 0,                 0,     -0.1407310209,    0.002865734889,     -0.1882828123,                 0,      -65.70140629,              -nan
          0,           0,         435,      -8.601122417,      -6.632933197,      -7.970440345,      -4.866260787,      -10.60026538,   1.230663638e-08,   0.0009893968282,               100,               100,               100,       6409.460359,    0.002865734065,     -0.1882828144,                 0,                 0,                 0,     -0.1407310226,    0.002865734065,     -0.1882828144,                 0,      -65.70142594,              -nan
          0,           0,         436,      -8.601189433,      -6.633311021,      -7.970750873,      -4.866569782,       -10.6005754,   1.230665789e-08,   0.0009893968282,               100,               100,               100,       6409.460359,    0.002865733242,     -0.1882828166,                 0,                 0,                 0,     -0.1407310242,    0.002865733242,     -0.1882828166,                 0,      -65.70144557,              -nan
          0,           0,         437,      -8.601256451,      -6.633688864,      -7.971061378,       -4.86687879,      -10.60088539,   1.230667943e-08,   0.0009893968281,               100,               100,               100,       6409.460359,     0.00286573242,     -0.1882828188,                 0,                 0,                 0,     -0.1407310259,     0.00286573242,     -0.1882828188,                 0,      -65.70146518,              -nan
          0,           0,         438,      -8.601323471,      -6.634066725,      -7.971371871,      -4.867187689,      -10.60119536,   1.230670099e-08,    0.000989396828,               100,               100,               100,       6409.460359,    0.002865731598,      -0.188282821,                 0,                 0,                 0,     -0.1407310275,    0.002865731598,      -0.188282821,                 0,      -65.70148478,              -nan
          0,           0,         439,      -8.601390493,      -6.634444605,      -7.971682399,      -4.867496609,       -10.6015053,   1.230672259e-08,    0.000989396828,               100,               100,               100,       6409.460359,    0.002865730777,     -0.1882828231,                 0,                 0,                 0,     -0.1407310292,    0.002865730777,     -0.1882828231,                 0,      -65.70150436,              -nan
          0,           0,         440,      -8.601457517,      -6.634822503,      -7.971992879,      -4.867805531,      -10.60181521,   1.230674421e-08,   0.0009893968279,               100,               100,               100,       6409.460359,    0.002865729956,     -0.1882828253,                 0,                 0,                 0,     -0.1407310308,    0.002865729956,     -0.1882828253,                 0,      -65.70152393,              -nan
          0,           0,         441,      -8.601524544,       -6.63520042,      -7.972303358,      -4.868114308,       -10.6021251,   1.230676586e-08,   0.0009893968279,               100,               100,               100,       6409.460359,    0.002865729137,     -0.1882828275,                 0,                 0,                 0,     -0.1407310325,    0.002865729137,     -0.1882828275,                 0,      -65.70154348,              -nan
          0,           0,         442,      -8.601591572,      -6.635578355,      -7.972613833,      -4.868423137,      -10.60243496,   1.230678754e-08,   0.0009893968278,               100,               100,               100,       6409.460359,    0.002865728317,     -0.1882828296,                 0,                 0,                 0,     -0.1407310341,    0.002865728317,     -0.1882828296,                 0,      -65.70156302,              -nan
          0,           0,         443,      -8.601658602,      -6.635956308,       -7.97292437,      -4.868731959,       -10.6027448,   1.230680924e-08,   0.0009893968278,               100,               100,               100,       6409.460359,    0.002865727499,     -0.1882828318,                 0,                 0,                 0,     -0.1407310358,    0.002865727499,     -0.1882828318,                 0,      -65.70158255,              -nan
          0,           0,         444,      -8.601725635,       -6.63633428,      -7.973234699,      -4.869040697,      -10.60305461,   1.230683098e-08,   0.0009893968277,               100,               100,               100,       6409.460359,    0.002865726681,      -0.188282834,                 0,                 0,                 0,     -0.1407310374,    0.002865726681,      -0.188282834,                 0,      -65.70160206,              -nan
          0,           0,         445,       -8.60179267,      -6.636712271,      -7.973545207,      -4.869349442,       -10.6033644,   1.230685274e-08,   0.0009893968277,               100,               100,               100,       6409.460359,    0.002865725863,     -0.1882828361,                 0,                 0,                 0,      -0.140731039,    0.002865725863,     -0.1882828361,                 0,      -65.70162155,              -nan
          0,           0,         446,      -8.601859707,      -6.637090279,      -7.973855685,      -4.869658104,      -10.60367415,   1.230687453e-08,   0.0009893968276,               100,               100,               100,       6409.460359,    0.002865725046,     -0.1882828383,                 0,                 0,                 0,     -0.1407310407,    0.002865725046,     -0.1882828383,                 0,      -65.70164103,              -nan
          0,           0,         447,      -8.601926745,      -6.637468306,      -7.974166107,      -4.869966801,      -10.60398389,   1.230689635e-08,   0.0009893968276,               100,               100,               100,       6409.460359,     0.00286572423,     -0.1882828405,                 0,                 0,                 0,     -0.1407310423,     0.00286572423,     -0.1882828405,                 0,       -65.7016605,              -nan
          0,           0,         448,      -8.601993786,      -6.637846352,      -7.974476493,      -4.870275405,       -10.6042936,   1.230691819e-08,   0.0009893968275,               100,               100,               100,       6409.460359,    0.002865723415,     -0.1882828426,                 0,                 0,                 0,      -0.140731044,    0.002865723415,     -0.1882828426,                 0,      -65.70167995,              -nan
          0,           0,         449,      -8.602060829,      -6.638224416,      -7.974787009,      -4.870584071,      -10.60460328,   1.230694007e-08,   0.0009893968274,               100,               100,               100,       6409.460359,      0.0028657226,     -0.1882828448,                 0,                 0,                 0,     -0.1407310456,      0.0028657226,     -0.1882828448,                 0,      -65.70169938,              -nan
          0,           0,         450,      -8.602127875,      -6.638602498,      -7.975097343,      -4.870892627,      -10.60491294,   1.230696197e-08,   0.0009893968274,               100,               100,               100,       6409.460359,    0.002865721786,     -0.1882828469,                 0,                 0,                 0,     -0.1407310472,    0.002865721786,     -0.1882828469,                 0,       -65.7017188,              -nan
          0,           0,         451,      -8.602194922,      -6.638980599,      -7.975407815,      -4.871201169,      -10.60522257,    1.23069839e-08,   0.0009893968273,               100,               100,               100,       6409.460359,    0.002865720972,     -0.1882828491,                 0,                 0,                 0,     -0.1407310489,    0.002865720972,     -0.1882828491,                 0,      -65.70173821,              -nan
          0,           0,         452,      -8.602261971,      -6.639358717,      -7.975718266,      -4.871509708,      -10.60553217,   1.230700586e-08,   0.0009893968273,               100,               100,               100,       6409.460359,    0.002865720159,     -0.1882828512,                 0,                 0,                 0,     -0.1407310505,    0.002865720159,     -0.1882828512,                 0,       -65.7017576,              -nan
          0,           0,         453,      -8.602329023,      -6.639736854,      -7.976028539,      -4.871818139,      -10.60584175,   1.230702784e-08,   0.0009893968272,               100,               100,               100,       6409.460359,    0.002865719347,     -0.1882828534,                 0,                 0,                 0,     -0.1407310521,    0.002865719347,     -0.1882828534,                 0,      -65.70177697,              -nan
          0,           0,         454,      -8.602396076,       -6.64011501,      -7.976339068,      -4.872126645,       -10.6061513,   1.230704986e-08,   0.0009893968272,               100,               100,               100,       6409.460359,    0.002865718535,     -0.1882828555,                 0,                 0,                 0,     -0.1407310538,    0.002865718535,     -0.1882828555,                 0,      -65.70179634,              -nan
          0,           0,         455,      -8.602463132,      -6.640493184,      -7.976649318,      -4.872435058,      -10.60646083,    1.23070719e-08,   0.0009893968271,               100,               100,               100,       6409.460359,    0.002865717724,     -0.1882828577,                 0,                 0,                 0,     -0.1407310554,    0.002865717724,     -0.1882828577,                 0,      -65.70181568,              -nan
          0,           0,         456,      -8.602530189,      -6.640871376,      -7.976959771,      -4.872743491,      -10.60677033,   1.230709397e-08,   0.0009893968271,               100,               100,               100,       6409.460359,    0.002865716913,     -0.1882828598,                 0,                 0,                 0,      -0.140731057,    0.002865716913,     -0.1882828598,                 0,      -65.70183501,              -nan
          0,           0,         457,      -8.602597249,      -6.641249586,      -7.977270139,      -4.873051833,       -10.6070798,   1.230711607e-08,    0.000989396827,               100,               100,               100,       6409.460359,    0.002865716103,      -0.188282862,                 0,                 0,                 0,     -0.1407310587,    0.002865716103,      -0.188282862,                 0,      -65.70185433,              -nan
          0,           0,         458,      -8.602664311,      -6.641627814,      -7.977580522,      -4.873360186,      -10.60738925,    1.23071382e-08,    0.000989396827,               100,               100,               100,       6409.460359,    0.002865715294,     -0.1882828641,                 0,                 0,                 0,     -0.1407310603,    0.002865715294,     -0.1882828641,                 0,      -65.70187363,              -nan
          0,           0,         459,      -8.602731375,       -6.64200606,      -7.977890802,       -4.87366844,      -10.60769868,   1.230716035e-08,   0.0009893968269,               100,               100,               100,       6409.460359,    0.002865714485,     -0.1882828662,                 0,                 0,                 0,     -0.1407310619,    0.002865714485,     -0.1882828662,                 0,      -65.70189292,              -nan
          0,           0,         460,      -8.602798441,      -6.642384325,      -7.978201245,      -4.873976777,      -10.60800807,   1.230718253e-08,   0.0009893968268,               100,               100,               100,       6409.460359,    0.002865713677,     -0.1882828684,                 0,                 0,                 0,     -0.1407310636,    0.002865713677,     -0.1882828684,                 0,       -65.7019122,              -nan
          0,           0,         461,      -8.602865509,      -6.642762608,      -7.978511495,      -4.874284975,      -10.60831744,   1.230720474e-08,   0.0009893968268,               100,               100,               100,       6409.460359,     0.00286571287,     -0.1882828705,                 0,                 0,                 0,     -0.1407310652,     0.00286571287,     -0.1882828705,                 0,      -65.70193145,              -nan
          0,           0,         462,      -8.602932579,      -6.643140909,      -7.978821874,      -4.874593217,      -10.60862679,   1.230722698e-08,   0.0009893968267,               100,               100,               100,       6409.460359,    0.002865712063,     -0.1882828727,                 0,                 0,                 0,     -0.1407310668,    0.002865712063,     -0.1882828727,                 0,       -65.7019507,              -nan
          0,           0,         463,      -8.602999651,      -6.643519228,      -7.979132219,      -4.874901392,      -10.60893611,   1.230724925e-08,   0.0009893968267,               100,               100,               100,       6409.460359,    0.002865711257,     -0.1882828748,                 0,                 0,                 0,     -0.1407310684,    0.002865711257,     -0.1882828748,                 0,      -65.70196993,              -nan
          0,           0,         464,      -8.603066725,      -6.643897566,      -7.979442604,      -4.875209571,       -10.6092454,   1.230727154e-08,   0.0009893968266,               100,               100,               100,       6409.460359,    0.002865710451,     -0.1882828769,                 0,                 0,                 0,       -0.14073107,    0.002865710451,     -0.1882828769,                 0,      -65.70198914,              -nan
          0,           0,         465,      -8.603133802,      -6.644275921,      -7.979752833,      -4.875517681,      -10.60955467,   1.230729387e-08,   0.0009893968266,               100,               100,               100,       6409.460359,    0.002865709646,     -0.1882828791,                 0,                 0,                 0,     -0.1407310717,    0.002865709646,     -0.1882828791,                 0,      -65.70200834,              -nan
          0,           0,         466,       -8.60320088,      -6.644654295,      -7.980063163,      -4.875825781,      -10.60986391,   1.230731622e-08,   0.0009893968265,               100,               100,               100,       6409.460359,    0.002865708842,     -0.1882828812,                 0,                 0,                 0,     -0.1407310733,    0.002865708842,     -0.1882828812,                 0,      -65.70202753,              -nan
          0,           0,         467,      -8.603267961,      -6.645032686,       -7.98037353,      -4.876133856,      -10.61017312,    1.23073386e-08,   0.0009893968265,               100,               100,               100,       6409.460359,    0.002865708038,     -0.1882828833,                 0,                 0,                 0,     -0.1407310749,    0.002865708038,     -0.1882828833,                 0,       -65.7020467,              -nan
          0,           0,         468,      -8.603335043,      -6.645411096,       -7.98068366,      -4.876441827,      -10.61048231,     1.2307361e-08,   0.0009893968264,               100,               100,               100,       6409.460359,    0.002865707235,     -0.1882828855,                 0,                 0,                 0,     -0.1407310765,    0.002865707235,     -0.1882828855,                 0,      -65.70206585,              -nan
          0,           0,         469,      -8.603402128,      -6.645789524,      -7.980994105,      -4.876749876,      -10.61079148,   1.230738344e-08,   0.0009893968264,               100,               100,               100,       6409.460359,    0.002865706432,     -0.1882828876,                 0,                 0,                 0,     -0.1407310781,    0.002865706432,     -0.1882828876,                 0,      -65.70208499,              -nan
          0,           0,         470,      -8.603469214,       -6.64616797,      -7.981304267,       -4.87705781,      -10.61110061,    1.23074059e-08,   0.0009893968263,               100,               100,               100,       6409.460359,     0.00286570563,     -0.1882828897,                 0,                 0,                 0,     -0.1407310798,     0.00286570563,     -0.1882828897,                 0,      -65.70210412,              -nan
          0,           0,         471,      -8.603536303,      -6.646546434,      -7.981614616,      -4.877365797,      -10.61140972,   1.230742839e-08,   0.0009893968263,               100,               100,               100,       6409.460359,    0.002865704829,     -0.1882828918,                 0,                 0,                 0,     -0.1407310814,    0.002865704829,     -0.1882828918,                 0,      -65.70212323,              -nan
          0,           0,         472,      -8.603603394,      -6.646924915,      -7.981924898,      -4.877673696,      -10.61171881,   1.230745091e-08,   0.0009893968262,               100,               100,               100,       6409.460359,    0.002865704028,     -0.1882828939,                 0,                 0,                 0,      -0.140731083,    0.002865704028,     -0.1882828939,                 0,      -65.70214233,              -nan
          0,           0,         473,      -8.603670487,      -6.647303415,      -7.982235039,      -4.877981544,      -10.61202786,   1.230747346e-08,   0.0009893968261,               100,               100,               100,       6409.460359,    0.002865703228,     -0.1882828961,                 0,                 0,                 0,     -0.1407310846,    0.002865703228,     -0.1882828961,                 0,      -65.70216141,              -nan
          0,           0,         474,      -8.603737582,      -6.647681933,      -7.982545381,      -4.878289441,      -10.61233689,   1.230749603e-08,   0.0009893968261,               100,               100,               100,       6409.460359,    0.002865702429,     -0.1882828982,                 0,                 0,                 0,     -0.1407310862,    0.002865702429,     -0.1882828982,                 0,      -65.70218048,              -nan
          0,           0,         475,      -8.603804679,      -6.648060469,      -7.982855653,      -4.878597215,       -10.6126459,   1.230751863e-08,    0.000989396826,               100,               100,               100,       6409.460359,     0.00286570163,     -0.1882829003,                 0,                 0,                 0,     -0.1407310878,     0.00286570163,     -0.1882829003,                 0,      -65.70219954,              -nan
          0,           0,         476,      -8.603871778,      -6.648439022,       -7.98316589,       -4.87890503,      -10.61295488,   1.230754126e-08,    0.000989396826,               100,               100,               100,       6409.460359,    0.002865700832,     -0.1882829024,                 0,                 0,                 0,     -0.1407310894,    0.002865700832,     -0.1882829024,                 0,      -65.70221858,              -nan
          0,           0,         477,      -8.603938879,      -6.648817594,      -7.983476054,      -4.879212759,      -10.61326383,   1.230756392e-08,   0.0009893968259,               100,               100,               100,       6409.460359,    0.002865700034,     -0.1882829045,                 0,                 0,                 0,      -0.140731091,    0.002865700034,     -0.1882829045,                 0,       -65.7022376,              -nan
          0,           0,         478,      -8.604005982,      -6.649196183,       -7.98378636,      -4.879520526,      -10.61357276,   1.230758661e-08,   0.0009893968259,               100,               100,               100,       6409.460359,    0.002865699237,     -0.1882829067,                 0,                 0,                 0,     -0.1407310926,    0.002865699237,     -0.1882829067,                 0,      -65.70225661,              -nan
          0,           0,         479,      -8.604073088,      -6.649574791,        -7.9840965,      -4.879828156,      -10.61388166,   1.230760932e-08,   0.0009893968258,               100,               100,               100,       6409.460359,    0.002865698441,     -0.1882829088,                 0,                 0,                 0,     -0.1407310943,    0.002865698441,     -0.1882829088,                 0,      -65.70227561,              -nan
          0,           0,         480,      -8.604140195,      -6.649953416,      -7.984406758,      -4.880135854,      -10.61419053,   1.230763207e-08,   0.0009893968258,               100,               100,               100,       6409.460359,    0.002865697645,     -0.1882829109,                 0,                 0,                 0,     -0.1407310959,    0.002865697645,     -0.1882829109,                 0,      -65.70229459,              -nan
          0,           0,         481,      -8.604207304,      -6.650332059,      -7.984716933,      -4.880443484,      -10.61449938,   1.230765484e-08,   0.0009893968257,               100,               100,               100,       6409.460359,     0.00286569685,      -0.188282913,                 0,                 0,                 0,     -0.1407310975,     0.00286569685,      -0.188282913,                 0,      -65.70231356,              -nan
          0,           0,         482,      -8.604274416,       -6.65071072,      -7.985027098,      -4.880751065,       -10.6148082,   1.230767763e-08,   0.0009893968257,               100,               100,               100,       6409.460359,    0.002865696055,     -0.1882829151,                 0,                 0,                 0,     -0.1407310991,    0.002865696055,     -0.1882829151,                 0,      -65.70233251,              -nan
          0,           0,         483,      -8.604341529,      -6.651089399,      -7.985337244,      -4.881058631,        -10.615117,   1.230770046e-08,   0.0009893968256,               100,               100,               100,       6409.460359,    0.002865695261,     -0.1882829172,                 0,                 0,                 0,     -0.1407311007,    0.002865695261,     -0.1882829172,                 0,      -65.70235145,              -nan
          0,           0,         484,      -8.604408645,      -6.651468095,      -7.985647488,      -4.881366211,      -10.61542577,   1.230772331e-08,   0.0009893968256,               100,               100,               100,       6409.460359,    0.002865694468,     -0.1882829193,                 0,                 0,                 0,     -0.1407311023,    0.002865694468,     -0.1882829193,                 0,      -65.70237037,              -nan
          0,           0,         485,      -8.604475762,       -6.65184681,       -7.98595767,       -4.88167367,      -10.61573451,    1.23077462e-08,   0.0009893968255,               100,               100,               100,       6409.460359,    0.002865693675,     -0.1882829214,                 0,                 0,                 0,     -0.1407311039,    0.002865693675,     -0.1882829214,                 0,      -65.70238928,              -nan
          0,           0,         486,      -8.604542882,      -6.652225542,      -7.986267847,      -4.881981167,      -10.61604322,   1.230776911e-08,   0.0009893968255,               100,               100,               100,       6409.460359,    0.002865692883,     -0.1882829235,                 0,                 0,                 0,     -0.1407311055,    0.002865692883,     -0.1882829235,                 0,      -65.70240818,              -nan
          0,           0,         487,      -8.604610004,      -6.652604292,      -7.986577921,      -4.882288579,      -10.61635191,   1.230779204e-08,   0.0009893968254,               100,               100,               100,       6409.460359,    0.002865692091,     -0.1882829256,                 0,                 0,                 0,     -0.1407311071,    0.002865692091,     -0.1882829256,                 0,      -65.70242706,              -nan
          0,           0,         488,      -8.604677128,      -6.652983059,      -7.986888205,      -4.882596038,      -10.61666058,   1.230781501e-08,   0.0009893968253,               100,               100,               100,       6409.460359,      0.0028656913,     -0.1882829277,                 0,                 0,                 0,     -0.1407311087,      0.0028656913,     -0.1882829277,                 0,      -65.70244593,              -nan
          0,           0,         489,      -8.604744253,      -6.653361845,      -7.987198341,      -4.882903417,      -10.61696921,     1.2307838e-08,   0.0009893968253,               100,               100,               100,       6409.460359,     0.00286569051,     -0.1882829298,                 0,                 0,                 0,     -0.1407311103,     0.00286569051,     -0.1882829298,                 0,      -65.70246478,              -nan
          0,           0,         490,      -8.604811381,      -6.653740648,       -7.98750839,      -4.883210742,      -10.61727782,   1.230786103e-08,   0.0009893968252,               100,               100,               100,       6409.460359,     0.00286568972,     -0.1882829319,                 0,                 0,                 0,     -0.1407311118,     0.00286568972,     -0.1882829319,                 0,      -65.70248362,              -nan
          0,           0,         491,      -8.604878511,      -6.654119468,      -7.987818506,      -4.883518054,      -10.61758641,   1.230788408e-08,   0.0009893968252,               100,               100,               100,       6409.460359,    0.002865688931,      -0.188282934,                 0,                 0,                 0,     -0.1407311134,    0.002865688931,      -0.188282934,                 0,      -65.70250244,              -nan
          0,           0,         492,      -8.604945643,      -6.654498307,      -7.988128719,      -4.883825355,      -10.61789497,   1.230790715e-08,   0.0009893968251,               100,               100,               100,       6409.460359,    0.002865688143,     -0.1882829361,                 0,                 0,                 0,      -0.140731115,    0.002865688143,     -0.1882829361,                 0,      -65.70252125,              -nan
          0,           0,         493,      -8.605012777,      -6.654877163,      -7.988438835,       -4.88413263,       -10.6182035,   1.230793026e-08,   0.0009893968251,               100,               100,               100,       6409.460359,    0.002865687355,     -0.1882829382,                 0,                 0,                 0,     -0.1407311166,    0.002865687355,     -0.1882829382,                 0,      -65.70254004,              -nan
          0,           0,         494,      -8.605079913,      -6.655256036,      -7.988748871,      -4.884439806,        -10.618512,   1.230795339e-08,    0.000989396825,               100,               100,               100,       6409.460359,    0.002865686567,     -0.1882829403,                 0,                 0,                 0,     -0.1407311182,    0.002865686567,     -0.1882829403,                 0,      -65.70255883,              -nan
          0,           0,         495,      -8.605147051,      -6.655634928,      -7.989058997,      -4.884746994,      -10.61882048,   1.230797655e-08,    0.000989396825,               100,               100,               100,       6409.460359,    0.002865685781,     -0.1882829424,                 0,                 0,                 0,     -0.1407311198,    0.002865685781,     -0.1882829424,                 0,      -65.70257759,              -nan
          0,           0,         496,      -8.605214191,      -6.656013837,      -7.989369184,      -4.885054184,      -10.61912893,   1.230799974e-08,   0.0009893968249,               100,               100,               100,       6409.460359,    0.002865684994,     -0.1882829444,                 0,                 0,                 0,     -0.1407311214,    0.002865684994,     -0.1882829444,                 0,      -65.70259634,              -nan
          0,           0,         497,      -8.605281334,      -6.656392763,      -7.989679166,      -4.885361316,      -10.61943735,   1.230802296e-08,   0.0009893968249,               100,               100,               100,       6409.460359,    0.002865684209,     -0.1882829465,                 0,                 0,                 0,      -0.140731123,    0.002865684209,     -0.1882829465,                 0,      -65.70261508,              -nan
          0,           0,         498,      -8.605348478,      -6.656771707,       -7.98998924,      -4.885668388,      -10.61974575,   1.230804621e-08,   0.0009893968248,               100,               100,               100,       6409.460359,    0.002865683424,     -0.1882829486,                 0,                 0,                 0,     -0.1407311246,    0.002865683424,     -0.1882829486,                 0,      -65.70263381,              -nan
          0,           0,         499,      -8.605415624,      -6.657150669,      -7.990299347,      -4.885975449,      -10.62005412,   1.230806948e-08,   0.0009893968248,               100,               100,               100,       6409.460359,     0.00286568264,     -0.1882829507,                 0,                 0,                 0,     -0.1407311261,     0.00286568264,     -0.1882829507,                 0,      -65.70265251,              -nan
          0,           0,         500,      -8.605482772,      -6.657529648,       -7.99060939,      -4.886282507,      -10.62036247,   1.230809278e-08,   0.0009893968247,               100,               100,               100,       6409.460359,    0.002865681856,     -0.1882829528,                 0,                 0,                 0,     -0.1407311277,    0.002865681856,     -0.1882829528,                 0,      -65.70267121,              -nan
          0,           0,         501,      -8.605549923,      -6.657908645,       -7.99091945,      -4.886589468,      -10.62067079,   1.230811611e-08,   0.0009893968247,               100,               100,               100,       6409.460359,    0.002865681073,     -0.1882829549,                 0,                 0,                 0,     -0.1407311293,    0.002865681073,     -0.1882829549,                 0,      -65.70268989,              -nan
          0,           0,         502,      -8.605617075,      -6.658287659,      -7.991229519,      -4.886896462,      -10.62097908,   1.230813947e-08,   0.0009893968246,               100,               100,               100,       6409.460359,     0.00286568029,     -0.1882829569,                 0,                 0,                 0,     -0.1407311309,     0.00286568029,     -0.1882829569,                 0,      -65.70270856,              -nan
          0,           0,         503,       -8.60568423,      -6.658666691,      -7.991539589,      -4.887203442,      -10.62128734,   1.230816285e-08,   0.0009893968246,               100,               100,               100,       6409.460359,    0.002865679508,      -0.188282959,                 0,                 0,                 0,     -0.1407311325,    0.002865679508,      -0.188282959,                 0,      -65.70272721,              -nan
          0,           0,         504,      -8.605751386,       -6.65904574,      -7.991849648,      -4.887510312,      -10.62159558,   1.230818626e-08,   0.0009893968245,               100,               100,               100,       6409.460359,    0.002865678727,     -0.1882829611,                 0,                 0,                 0,     -0.1407311341,    0.002865678727,     -0.1882829611,                 0,      -65.70274585,              -nan
          0,           0,         505,      -8.605818545,      -6.659424806,       -7.99215956,      -4.887817174,      -10.62190379,    1.23082097e-08,   0.0009893968245,               100,               100,               100,       6409.460359,    0.002865677946,     -0.1882829632,                 0,                 0,                 0,     -0.1407311356,    0.002865677946,     -0.1882829632,                 0,      -65.70276447,              -nan
          0,           0,         506,      -8.605885705,       -6.65980389,      -7.992469687,      -4.888124035,      -10.62221198,   1.230823317e-08,   0.0009893968244,               100,               100,               100,       6409.460359,    0.002865677166,     -0.1882829652,                 0,                 0,                 0,     -0.1407311372,    0.002865677166,     -0.1882829652,                 0,      -65.70278308,              -nan
          0,           0,         507,      -8.605952868,      -6.660182992,      -7.992779659,      -4.888430823,      -10.62252014,   1.230825667e-08,   0.0009893968243,               100,               100,               100,       6409.460359,    0.002865676387,     -0.1882829673,                 0,                 0,                 0,     -0.1407311388,    0.002865676387,     -0.1882829673,                 0,      -65.70280168,              -nan
          0,           0,         508,      -8.606020032,      -6.660562111,      -7.993089627,      -4.888737586,      -10.62282827,   1.230828019e-08,   0.0009893968243,               100,               100,               100,       6409.460359,    0.002865675608,     -0.1882829694,                 0,                 0,                 0,     -0.1407311404,    0.002865675608,     -0.1882829694,                 0,      -65.70282026,              -nan
          0,           0,         509,      -8.606087199,      -6.660941247,      -7.993399617,      -4.889044337,      -10.62313637,   1.230830374e-08,   0.0009893968242,               100,               100,               100,       6409.460359,    0.002865674829,     -0.1882829714,                 0,                 0,                 0,     -0.1407311419,    0.002865674829,     -0.1882829714,                 0,      -65.70283883,              -nan
          0,           0,         510,      -8.606154368,        -6.6613204,      -7.993709669,      -4.889351059,      -10.62344445,   1.230832732e-08,   0.0009893968242,               100,               100,               100,       6409.460359,    0.002865674052,     -0.1882829735,                 0,                 0,                 0,     -0.1407311435,    0.002865674052,     -0.1882829735,                 0,      -65.70285738,              -nan
          0,           0,         511,      -8.606221538,      -6.661699571,       -7.99401967,      -4.889657764,       -10.6237525,   1.230835093e-08,   0.0009893968241,               100,               100,               100,       6409.460359,    0.002865673274,     -0.1882829756,                 0,                 0,                 0,     -0.1407311451,    0.002865673274,     -0.1882829756,                 0,      -65.70287592,              -nan
          0,           0,         512,      -8.606288711,      -6.662078759,      -7.994329617,      -4.889964412,      -10.62406053,   1.230837456e-08,   0.0009893968241,               100,               100,               100,       6409.460359,    0.002865672498,     -0.1882829776,                 0,                 0,                 0,     -0.1407311466,    0.002865672498,     -0.1882829776,                 0,      -65.70289444,              -nan
          0,           0,         513,      -8.606355886,      -6.662457965,      -7.994639545,      -4.890270979,      -10.62436853,   1.230839823e-08,    0.000989396824,               100,               100,               100,       6409.460359,    0.002865671722,     -0.1882829797,                 0,                 0,                 0,     -0.1407311482,    0.002865671722,     -0.1882829797,                 0,      -65.70291296,              -nan
          0,           0,         514,      -8.606423063,      -6.662837188,      -7.994949563,      -4.890577609,       -10.6246765,   1.230842192e-08,    0.000989396824,               100,               100,               100,       6409.460359,    0.002865670946,     -0.1882829818,                 0,                 0,                 0,     -0.1407311498,    0.002865670946,     -0.1882829818,                 0,      -65.70293145,              -nan
          0,           0,         515,      -8.606490241,      -6.663216428,      -7.995259454,      -4.890884116,      -10.62498444,   1.230844564e-08,   0.0009893968239,               100,               100,               100,       6409.460359,    0.002865670172,     -0.1882829838,                 0,                 0,                 0,     -0.1407311514,    0.002865670172,     -0.1882829838,                 0,      -65.70294994,              -nan
          0,           0,         516,      -8.606557422,      -6.663595685,      -7.995569472,       -4.89119068,      -10.62529236,   1.230846938e-08,   0.0009893968239,               100,               100,               100,       6409.460359,    0.002865669397,     -0.1882829859,                 0,                 0,                 0,     -0.1407311529,    0.002865669397,     -0.1882829859,                 0,       -65.7029684,              -nan
          0,           0,         517,      -8.606624605,      -6.663974959,      -7.995879369,      -4.891497124,      -10.62560025,   1.230849316e-08,   0.0009893968238,               100,               100,               100,       6409.460359,    0.002865668624,     -0.1882829879,                 0,                 0,                 0,     -0.1407311545,    0.002865668624,     -0.1882829879,                 0,      -65.70298686,              -nan
          0,           0,         518,       -8.60669179,      -6.664354251,      -7.996189274,      -4.891803606,      -10.62590811,   1.230851696e-08,   0.0009893968238,               100,               100,               100,       6409.460359,    0.002865667851,       -0.18828299,                 0,                 0,                 0,     -0.1407311561,    0.002865667851,       -0.18828299,                 0,       -65.7030053,              -nan
          0,           0,         519,      -8.606758977,       -6.66473356,      -7.996499282,      -4.892110024,      -10.62621595,   1.230854079e-08,   0.0009893968237,               100,               100,               100,       6409.460359,    0.002865667078,      -0.188282992,                 0,                 0,                 0,     -0.1407311576,    0.002865667078,      -0.188282992,                 0,      -65.70302373,              -nan
          0,           0,         520,      -8.606826166,      -6.665112886,       -7.99680918,      -4.892416416,      -10.62652376,   1.230856465e-08,   0.0009893968237,               100,               100,               100,       6409.460359,    0.002865666307,     -0.1882829941,                 0,                 0,                 0,     -0.1407311592,    0.002865666307,     -0.1882829941,                 0,      -65.70304214,              -nan
          0,           0,         521,      -8.606893357,      -6.665492229,      -7.997119041,      -4.892722756,      -10.62683154,   1.230858854e-08,   0.0009893968236,               100,               100,               100,       6409.460359,    0.002865665535,     -0.1882829961,                 0,                 0,                 0,     -0.1407311607,    0.002865665535,     -0.1882829961,                 0,      -65.70306054,              -nan
          0,           0,         522,       -8.60696055,      -6.665871589,      -7.997428937,      -4.893029067,       -10.6271393,   1.230861245e-08,   0.0009893968236,               100,               100,               100,       6409.460359,    0.002865664765,     -0.1882829982,                 0,                 0,                 0,     -0.1407311623,    0.002865664765,     -0.1882829982,                 0,      -65.70307892,              -nan
          0,           0,         523,      -8.607027745,      -6.666250967,      -7.997738799,      -4.893335375,      -10.62744703,   1.230863639e-08,   0.0009893968235,               100,               100,               100,       6409.460359,    0.002865663995,     -0.1882830002,                 0,                 0,                 0,     -0.1407311639,    0.002865663995,     -0.1882830002,                 0,      -65.70309729,              -nan
          0,           0,         524,      -8.607094942,      -6.666630361,      -7.998048659,      -4.893641625,      -10.62775473,   1.230866036e-08,   0.0009893968235,               100,               100,               100,       6409.460359,    0.002865663225,     -0.1882830023,                 0,                 0,                 0,     -0.1407311654,    0.002865663225,     -0.1882830023,                 0,      -65.70311565,              -nan
          0,           0,         525,      -8.607162141,      -6.667009773,      -7.998358685,      -4.893947864,       -10.6280624,   1.230868436e-08,   0.0009893968234,               100,               100,               100,       6409.460359,    0.002865662456,     -0.1882830043,                 0,                 0,                 0,      -0.140731167,    0.002865662456,     -0.1882830043,                 0,      -65.70313399,              -nan
          0,           0,         526,      -8.607229342,      -6.667389202,      -7.998668491,      -4.894254047,      -10.62837005,   1.230870838e-08,   0.0009893968234,               100,               100,               100,       6409.460359,    0.002865661688,     -0.1882830064,                 0,                 0,                 0,     -0.1407311685,    0.002865661688,     -0.1882830064,                 0,      -65.70315232,              -nan
          0,           0,         527,      -8.607296545,      -6.667768647,      -7.998978316,      -4.894560181,      -10.62867767,   1.230873243e-08,   0.0009893968233,               100,               100,               100,       6409.460359,     0.00286566092,     -0.1882830084,                 0,                 0,                 0,     -0.1407311701,     0.00286566092,     -0.1882830084,                 0,      -65.70317064,              -nan
          0,           0,         528,       -8.60736375,       -6.66814811,      -7.999288224,      -4.894866362,      -10.62898527,   1.230875651e-08,   0.0009893968233,               100,               100,               100,       6409.460359,    0.002865660153,     -0.1882830105,                 0,                 0,                 0,     -0.1407311716,    0.002865660153,     -0.1882830105,                 0,      -65.70318894,              -nan
          0,           0,         529,      -8.607430957,       -6.66852759,      -7.999598026,      -4.895172407,      -10.62929283,   1.230878062e-08,   0.0009893968232,               100,               100,               100,       6409.460359,    0.002865659386,     -0.1882830125,                 0,                 0,                 0,     -0.1407311732,    0.002865659386,     -0.1882830125,                 0,      -65.70320723,              -nan
          0,           0,         530,      -8.607498166,      -6.668907087,      -7.999907824,      -4.895478482,      -10.62960037,   1.230880476e-08,   0.0009893968232,               100,               100,               100,       6409.460359,     0.00286565862,     -0.1882830145,                 0,                 0,                 0,     -0.1407311747,     0.00286565862,     -0.1882830145,                 0,       -65.7032255,              -nan
          0,           0,         531,      -8.607565377,        -6.6692866,      -8.000217713,      -4.895784503,      -10.62990789,   1.230882892e-08,   0.0009893968231,               100,               100,               100,       6409.460359,    0.002865657855,     -0.1882830166,                 0,                 0,                 0,     -0.1407311763,    0.002865657855,     -0.1882830166,                 0,      -65.70324376,              -nan
          0,           0,         532,      -8.607632591,      -6.669666131,      -8.000527581,      -4.896090506,      -10.63021537,   1.230885311e-08,   0.0009893968231,               100,               100,               100,       6409.460359,     0.00286565709,     -0.1882830186,                 0,                 0,                 0,     -0.1407311778,     0.00286565709,     -0.1882830186,                 0,        -65.703262,              -nan
          0,           0,         533,      -8.607699806,      -6.670045678,       -8.00083738,      -4.896396476,      -10.63052283,   1.230887733e-08,    0.000989396823,               100,               100,               100,       6409.460359,    0.002865656326,     -0.1882830206,                 0,                 0,                 0,     -0.1407311794,    0.002865656326,     -0.1882830206,                 0,      -65.70328023,              -nan
          0,           0,         534,      -8.607767023,      -6.670425243,      -8.001147166,      -4.896702409,      -10.63083026,   1.230890158e-08,   0.0009893968229,               100,               100,               100,       6409.460359,    0.002865655562,     -0.1882830227,                 0,                 0,                 0,     -0.1407311809,    0.002865655562,     -0.1882830227,                 0,      -65.70329845,              -nan
          0,           0,         535,      -8.607834242,      -6.670804824,       -8.00145699,        -4.8970083,      -10.63113767,   1.230892586e-08,   0.0009893968229,               100,               100,               100,       6409.460359,    0.002865654799,     -0.1882830247,                 0,                 0,                 0,     -0.1407311825,    0.002865654799,     -0.1882830247,                 0,      -65.70331666,              -nan
          0,           0,         536,      -8.607901463,      -6.671184422,      -8.001766744,      -4.897314139,      -10.63144504,   1.230895016e-08,   0.0009893968228,               100,               100,               100,       6409.460359,    0.002865654037,     -0.1882830267,                 0,                 0,                 0,      -0.140731184,    0.002865654037,     -0.1882830267,                 0,      -65.70333485,              -nan
          0,           0,         537,      -8.607968686,      -6.671564037,       -8.00207654,      -4.897619982,       -10.6317524,   1.230897449e-08,   0.0009893968228,               100,               100,               100,       6409.460359,    0.002865653275,     -0.1882830288,                 0,                 0,                 0,     -0.1407311856,    0.002865653275,     -0.1882830288,                 0,      -65.70335302,              -nan
          0,           0,         538,      -8.608035911,      -6.671943669,       -8.00238635,      -4.897925774,      -10.63205972,   1.230899885e-08,   0.0009893968227,               100,               100,               100,       6409.460359,    0.002865652514,     -0.1882830308,                 0,                 0,                 0,     -0.1407311871,    0.002865652514,     -0.1882830308,                 0,      -65.70337118,              -nan
          0,           0,         539,      -8.608103139,      -6.672323317,      -8.002696161,      -4.898231554,      -10.63236701,   1.230902323e-08,   0.0009893968227,               100,               100,               100,       6409.460359,    0.002865651753,     -0.1882830328,                 0,                 0,                 0,     -0.1407311887,    0.002865651753,     -0.1882830328,                 0,      -65.70338933,              -nan
          0,           0,         540,      -8.608170368,      -6.672702983,      -8.003005856,      -4.898537271,      -10.63267428,   1.230904765e-08,   0.0009893968226,               100,               100,               100,       6409.460359,    0.002865650993,     -0.1882830348,                 0,                 0,                 0,     -0.1407311902,    0.002865650993,     -0.1882830348,                 0,      -65.70340747,              -nan
          0,           0,         541,      -8.608237599,      -6.673082665,      -8.003315621,      -4.898842962,      -10.63298152,   1.230907209e-08,   0.0009893968226,               100,               100,               100,       6409.460359,    0.002865650233,     -0.1882830369,                 0,                 0,                 0,     -0.1407311917,    0.002865650233,     -0.1882830369,                 0,      -65.70342559,              -nan
          0,           0,         542,      -8.608304832,      -6.673462364,      -8.003625429,      -4.899148643,      -10.63328874,   1.230909656e-08,   0.0009893968225,               100,               100,               100,       6409.460359,    0.002865649474,     -0.1882830389,                 0,                 0,                 0,     -0.1407311933,    0.002865649474,     -0.1882830389,                 0,       -65.7034437,              -nan
          0,           0,         543,      -8.608372068,      -6.673842079,       -8.00393519,      -4.899454279,      -10.63359592,   1.230912105e-08,   0.0009893968225,               100,               100,               100,       6409.460359,    0.002865648716,     -0.1882830409,                 0,                 0,                 0,     -0.1407311948,    0.002865648716,     -0.1882830409,                 0,      -65.70346179,              -nan
          0,           0,         544,      -8.608439305,      -6.674221812,      -8.004244785,      -4.899759817,      -10.63390308,   1.230914558e-08,   0.0009893968224,               100,               100,               100,       6409.460359,    0.002865647958,     -0.1882830429,                 0,                 0,                 0,     -0.1407311964,    0.002865647958,     -0.1882830429,                 0,      -65.70347987,              -nan
          0,           0,         545,      -8.608506544,      -6.674601561,      -8.004554616,      -4.900065439,      -10.63421022,   1.230917013e-08,   0.0009893968224,               100,               100,               100,       6409.460359,    0.002865647201,      -0.188283045,                 0,                 0,                 0,     -0.1407311979,    0.002865647201,      -0.188283045,                 0,      -65.70349794,              -nan
          0,           0,         546,      -8.608573785,      -6.674981326,      -8.004864318,      -4.900370943,      -10.63451732,   1.230919471e-08,   0.0009893968223,               100,               100,               100,       6409.460359,    0.002865646444,      -0.188283047,                 0,                 0,                 0,     -0.1407311994,    0.002865646444,      -0.188283047,                 0,      -65.70351599,              -nan
          0,           0,         547,      -8.608641028,      -6.675361109,         -8.005174,      -4.900676444,       -10.6348244,   1.230921932e-08,   0.0009893968223,               100,               100,               100,       6409.460359,    0.002865645688,      -0.188283049,                 0,                 0,                 0,      -0.140731201,    0.002865645688,      -0.188283049,                 0,      -65.70353403,              -nan
          0,           0,         548,      -8.608708273,      -6.675740908,      -8.005483774,      -4.900981931,      -10.63513145,   1.230924395e-08,   0.0009893968222,               100,               100,               100,       6409.460359,    0.002865644933,      -0.188283051,                 0,                 0,                 0,     -0.1407312025,    0.002865644933,      -0.188283051,                 0,      -65.70355205,              -nan
          0,           0,         549,      -8.608775521,      -6.676120723,      -8.005793449,      -4.901287332,      -10.63543847,   1.230926862e-08,   0.0009893968222,               100,               100,               100,       6409.460359,    0.002865644178,      -0.188283053,                 0,                 0,                 0,      -0.140731204,    0.002865644178,      -0.188283053,                 0,      -65.70357006,              -nan
          0,           0,         550,       -8.60884277,      -6.676500555,      -8.006103086,      -4.901592726,      -10.63574547,   1.230929331e-08,   0.0009893968221,               100,               100,               100,       6409.460359,    0.002865643423,      -0.188283055,                 0,                 0,                 0,     -0.1407312056,    0.002865643423,      -0.188283055,                 0,      -65.70358806,              -nan
          0,           0,         551,      -8.608910021,      -6.676880404,       -8.00641276,      -4.901898065,      -10.63605244,   1.230931803e-08,   0.0009893968221,               100,               100,               100,       6409.460359,     0.00286564267,      -0.188283057,                 0,                 0,                 0,     -0.1407312071,     0.00286564267,      -0.188283057,                 0,      -65.70360604,              -nan
          0,           0,         552,      -8.608977274,      -6.677260269,      -8.006722557,      -4.902203448,      -10.63635938,   1.230934277e-08,    0.000989396822,               100,               100,               100,       6409.460359,    0.002865641916,      -0.188283059,                 0,                 0,                 0,     -0.1407312086,    0.002865641916,      -0.188283059,                 0,      -65.70362401,              -nan
          0,           0,         553,      -8.609044529,      -6.677640151,      -8.007032133,      -4.902508712,      -10.63666629,   1.230936755e-08,    0.000989396822,               100,               100,               100,       6409.460359,    0.002865641164,      -0.188283061,                 0,                 0,                 0,     -0.1407312101,    0.002865641164,      -0.188283061,                 0,      -65.70364197,              -nan
          0,           0,         554,      -8.609111786,      -6.678020049,       -8.00734184,      -4.902813985,      -10.63697318,   1.230939235e-08,   0.0009893968219,               100,               100,               100,       6409.460359,    0.002865640412,      -0.188283063,                 0,                 0,                 0,     -0.1407312117,    0.002865640412,      -0.188283063,                 0,      -65.70365991,              -nan
          0,           0,         555,      -8.609179046,      -6.678399963,      -8.007651457,      -4.903119227,      -10.63728003,   1.230941718e-08,   0.0009893968219,               100,               100,               100,       6409.460359,     0.00286563966,      -0.188283065,                 0,                 0,                 0,     -0.1407312132,     0.00286563966,      -0.188283065,                 0,      -65.70367784,              -nan
          0,           0,         556,      -8.609246307,      -6.678779894,      -8.007961073,      -4.903424375,      -10.63758687,   1.230944203e-08,   0.0009893968218,               100,               100,               100,       6409.460359,    0.002865638909,      -0.188283067,                 0,                 0,                 0,     -0.1407312147,    0.002865638909,      -0.188283067,                 0,      -65.70369576,              -nan
          0,           0,         557,       -8.60931357,      -6.679159842,      -8.008270735,      -4.903729549,      -10.63789367,   1.230946692e-08,   0.0009893968218,               100,               100,               100,       6409.460359,    0.002865638159,      -0.188283069,                 0,                 0,                 0,     -0.1407312162,    0.002865638159,      -0.188283069,                 0,      -65.70371366,              -nan
          0,           0,         558,      -8.609380835,      -6.679539806,       -8.00858029,      -4.904034645,      -10.63820044,   1.230949183e-08,   0.0009893968217,               100,               100,               100,       6409.460359,    0.002865637409,      -0.188283071,                 0,                 0,                 0,     -0.1407312178,    0.002865637409,      -0.188283071,                 0,      -65.70373155,              -nan
          0,           0,         559,      -8.609448102,      -6.679919786,      -8.008889925,      -4.904339765,      -10.63850719,   1.230951677e-08,   0.0009893968217,               100,               100,               100,       6409.460359,     0.00286563666,      -0.188283073,                 0,                 0,                 0,     -0.1407312193,     0.00286563666,      -0.188283073,                 0,      -65.70374942,              -nan
          0,           0,         560,      -8.609515371,      -6.680299783,      -8.009199586,      -4.904644816,      -10.63881391,   1.230954174e-08,   0.0009893968216,               100,               100,               100,       6409.460359,    0.002865635911,      -0.188283075,                 0,                 0,                 0,     -0.1407312208,    0.002865635911,      -0.188283075,                 0,      -65.70376728,              -nan
          0,           0,         561,      -8.609582642,      -6.680679796,       -8.00950911,      -4.904949821,      -10.63912061,   1.230956673e-08,   0.0009893968216,               100,               100,               100,       6409.460359,    0.002865635163,      -0.188283077,                 0,                 0,                 0,     -0.1407312223,    0.002865635163,      -0.188283077,                 0,      -65.70378513,              -nan
          0,           0,         562,      -8.609649915,      -6.681059825,      -8.009818776,       -4.90525479,      -10.63942727,   1.230959176e-08,   0.0009893968215,               100,               100,               100,       6409.460359,    0.002865634416,      -0.188283079,                 0,                 0,                 0,     -0.1407312239,    0.002865634416,      -0.188283079,                 0,      -65.70380297,              -nan
          0,           0,         563,       -8.60971719,      -6.681439871,      -8.010128323,      -4.905559777,      -10.63973391,   1.230961681e-08,   0.0009893968215,               100,               100,               100,       6409.460359,    0.002865633669,      -0.188283081,                 0,                 0,                 0,     -0.1407312254,    0.002865633669,      -0.188283081,                 0,      -65.70382079,              -nan
          0,           0,         564,      -8.609784467,      -6.681819933,      -8.010437926,      -4.905864703,      -10.64004052,   1.230964189e-08,   0.0009893968214,               100,               100,               100,       6409.460359,    0.002865632923,      -0.188283083,                 0,                 0,                 0,     -0.1407312269,    0.002865632923,      -0.188283083,                 0,      -65.70383859,              -nan
          0,           0,         565,      -8.609851746,      -6.682200011,      -8.010747602,       -4.90616961,      -10.64034711,   1.230966699e-08,   0.0009893968214,               100,               100,               100,       6409.460359,    0.002865632177,      -0.188283085,                 0,                 0,                 0,     -0.1407312284,    0.002865632177,      -0.188283085,                 0,      -65.70385639,              -nan
          0,           0,         566,      -8.609919027,      -6.682580105,      -8.011056999,      -4.906474419,      -10.64065366,   1.230969213e-08,   0.0009893968213,               100,               100,               100,       6409.460359,    0.002865631432,      -0.188283087,                 0,                 0,                 0,     -0.1407312299,    0.002865631432,      -0.188283087,                 0,      -65.70387417,              -nan
          0,           0,         567,       -8.60998631,      -6.682960216,      -8.011366601,      -4.906779246,      -10.64096019,   1.230971729e-08,   0.0009893968213,               100,               100,               100,       6409.460359,    0.002865630687,      -0.188283089,                 0,                 0,                 0,     -0.1407312314,    0.002865630687,      -0.188283089,                 0,      -65.70389193,              -nan
          0,           0,         568,      -8.610053595,      -6.683340342,      -8.011676131,         -4.907084,      -10.64126669,   1.230974248e-08,   0.0009893968212,               100,               100,               100,       6409.460359,    0.002865629943,      -0.188283091,                 0,                 0,                 0,     -0.1407312329,    0.002865629943,      -0.188283091,                 0,      -65.70390968,              -nan
          0,           0,         569,      -8.610120882,      -6.683720485,      -8.011985717,      -4.907388806,      -10.64157316,   1.230976769e-08,   0.0009893968212,               100,               100,               100,       6409.460359,      0.0028656292,      -0.188283093,                 0,                 0,                 0,     -0.1407312345,      0.0028656292,      -0.188283093,                 0,      -65.70392742,              -nan
          0,           0,         570,      -8.610188171,      -6.684100644,      -8.012295252,      -4.907693497,      -10.64187961,   1.230979294e-08,   0.0009893968211,               100,               100,               100,       6409.460359,    0.002865628457,     -0.1882830949,                 0,                 0,                 0,      -0.140731236,    0.002865628457,     -0.1882830949,                 0,      -65.70394515,              -nan
          0,           0,         571,      -8.610255462,       -6.68448082,      -8.012604762,      -4.907998159,      -10.64218603,   1.230981821e-08,   0.0009893968211,               100,               100,               100,       6409.460359,    0.002865627714,     -0.1882830969,                 0,                 0,                 0,     -0.1407312375,    0.002865627714,     -0.1882830969,                 0,      -65.70396286,              -nan
          0,           0,         572,      -8.610322755,      -6.684861011,      -8.012914255,      -4.908302821,      -10.64249242,   1.230984351e-08,    0.000989396821,               100,               100,               100,       6409.460359,    0.002865626972,     -0.1882830989,                 0,                 0,                 0,      -0.140731239,    0.002865626972,     -0.1882830989,                 0,      -65.70398056,              -nan
          0,           0,         573,      -8.610390049,      -6.685241218,      -8.013223766,      -4.908607398,      -10.64279878,   1.230986884e-08,    0.000989396821,               100,               100,               100,       6409.460359,    0.002865626231,     -0.1882831009,                 0,                 0,                 0,     -0.1407312405,    0.002865626231,     -0.1882831009,                 0,      -65.70399825,              -nan
          0,           0,         574,      -8.610457346,      -6.685621442,      -8.013533218,      -4.908911983,      -10.64310511,   1.230989419e-08,   0.0009893968209,               100,               100,               100,       6409.460359,    0.002865625491,     -0.1882831029,                 0,                 0,                 0,      -0.140731242,    0.002865625491,     -0.1882831029,                 0,      -65.70401592,              -nan
          0,           0,         575,      -8.610524645,      -6.686001681,      -8.013842775,       -4.90921653,      -10.64341142,   1.230991957e-08,   0.0009893968209,               100,               100,               100,       6409.460359,     0.00286562475,     -0.1882831048,                 0,                 0,                 0,     -0.1407312435,     0.00286562475,     -0.1882831048,                 0,      -65.70403358,              -nan
          0,           0,         576,      -8.610591946,      -6.686381937,      -8.014152252,      -4.909521026,       -10.6437177,   1.230994498e-08,   0.0009893968208,               100,               100,               100,       6409.460359,    0.002865624011,     -0.1882831068,                 0,                 0,                 0,      -0.140731245,    0.002865624011,     -0.1882831068,                 0,      -65.70405122,              -nan
          0,           0,         577,      -8.610659248,      -6.686762208,      -8.014461722,      -4.909825512,      -10.64402395,   1.230997042e-08,   0.0009893968208,               100,               100,               100,       6409.460359,    0.002865623272,     -0.1882831088,                 0,                 0,                 0,     -0.1407312465,    0.002865623272,     -0.1882831088,                 0,      -65.70406885,              -nan
          0,           0,         578,      -8.610726553,      -6.687142496,      -8.014771232,      -4.910129959,      -10.64433017,   1.230999589e-08,   0.0009893968207,               100,               100,               100,       6409.460359,    0.002865622534,     -0.1882831107,                 0,                 0,                 0,      -0.140731248,    0.002865622534,     -0.1882831107,                 0,      -65.70408647,              -nan
          0,           0,         579,       -8.61079386,      -6.687522799,      -8.015080619,      -4.910434352,      -10.64463637,   1.231002138e-08,   0.0009893968207,               100,               100,               100,       6409.460359,    0.002865621796,     -0.1882831127,                 0,                 0,                 0,     -0.1407312495,    0.002865621796,     -0.1882831127,                 0,      -65.70410408,              -nan
          0,           0,         580,      -8.610861168,      -6.687903118,      -8.015390102,      -4.910738703,      -10.64494253,    1.23100469e-08,   0.0009893968206,               100,               100,               100,       6409.460359,    0.002865621058,     -0.1882831147,                 0,                 0,                 0,      -0.140731251,    0.002865621058,     -0.1882831147,                 0,      -65.70412167,              -nan
          0,           0,         581,      -8.610928479,      -6.688283453,      -8.015699551,      -4.911043055,      -10.64524867,   1.231007245e-08,   0.0009893968206,               100,               100,               100,       6409.460359,    0.002865620322,     -0.1882831167,                 0,                 0,                 0,     -0.1407312525,    0.002865620322,     -0.1882831167,                 0,      -65.70413925,              -nan
          0,           0,         582,      -8.610995791,      -6.688663805,      -8.016009039,      -4.911347363,      -10.64555478,   1.231009802e-08,   0.0009893968205,               100,               100,               100,       6409.460359,    0.002865619586,     -0.1882831186,                 0,                 0,                 0,      -0.140731254,    0.002865619586,     -0.1882831186,                 0,      -65.70415681,              -nan
          0,           0,         583,      -8.611063106,      -6.689044171,      -8.016318482,       -4.91165162,      -10.64586087,   1.231012363e-08,   0.0009893968205,               100,               100,               100,       6409.460359,     0.00286561885,     -0.1882831206,                 0,                 0,                 0,     -0.1407312555,     0.00286561885,     -0.1882831206,                 0,      -65.70417436,              -nan
          0,           0,         584,      -8.611130422,      -6.689424554,      -8.016627788,      -4.911955811,      -10.64616692,   1.231014926e-08,   0.0009893968204,               100,               100,               100,       6409.460359,    0.002865618115,     -0.1882831225,                 0,                 0,                 0,      -0.140731257,    0.002865618115,     -0.1882831225,                 0,       -65.7041919,              -nan
          0,           0,         585,      -8.611197741,      -6.689804953,      -8.016937248,      -4.912260033,      -10.64647295,   1.231017491e-08,   0.0009893968204,               100,               100,               100,       6409.460359,    0.002865617381,     -0.1882831245,                 0,                 0,                 0,     -0.1407312585,    0.002865617381,     -0.1882831245,                 0,      -65.70420943,              -nan
          0,           0,         586,      -8.611265061,      -6.690185367,       -8.01724673,      -4.912564176,      -10.64677895,    1.23102006e-08,   0.0009893968203,               100,               100,               100,       6409.460359,    0.002865616647,     -0.1882831265,                 0,                 0,                 0,       -0.14073126,    0.002865616647,     -0.1882831265,                 0,      -65.70422694,              -nan
          0,           0,         587,      -8.611332384,      -6.690565797,      -8.017556055,      -4.912868311,      -10.64708493,   1.231022631e-08,   0.0009893968203,               100,               100,               100,       6409.460359,    0.002865615913,     -0.1882831284,                 0,                 0,                 0,     -0.1407312615,    0.002865615913,     -0.1882831284,                 0,      -65.70424444,              -nan
          0,           0,         588,      -8.611399708,      -6.690946243,      -8.017865452,      -4.913172393,      -10.64739087,   1.231025205e-08,   0.0009893968202,               100,               100,               100,       6409.460359,     0.00286561518,     -0.1882831304,                 0,                 0,                 0,      -0.140731263,     0.00286561518,     -0.1882831304,                 0,      -65.70426192,              -nan
          0,           0,         589,      -8.611467034,      -6.691326705,      -8.018174842,      -4.913476466,      -10.64769679,   1.231027782e-08,   0.0009893968202,               100,               100,               100,       6409.460359,    0.002865614448,     -0.1882831323,                 0,                 0,                 0,     -0.1407312645,    0.002865614448,     -0.1882831323,                 0,       -65.7042794,              -nan
          0,           0,         590,      -8.611534362,      -6.691707182,       -8.01848422,      -4.913780501,      -10.64800267,   1.231030362e-08,   0.0009893968201,               100,               100,               100,       6409.460359,    0.002865613717,     -0.1882831343,                 0,                 0,                 0,      -0.140731266,    0.002865613717,     -0.1882831343,                 0,      -65.70429685,              -nan
          0,           0,         591,      -8.611601693,      -6.692087675,      -8.018793454,      -4.914084419,      -10.64830853,   1.231032944e-08,   0.0009893968201,               100,               100,               100,       6409.460359,    0.002865612985,     -0.1882831363,                 0,                 0,                 0,     -0.1407312675,    0.002865612985,     -0.1882831363,                 0,       -65.7043143,              -nan
          0,           0,         592,      -8.611669025,      -6.692468183,      -8.019103012,      -4.914388412,      -10.64861437,   1.231035529e-08,     0.00098939682,               100,               100,               100,       6409.460359,    0.002865612255,     -0.1882831382,                 0,                 0,                 0,     -0.1407312689,    0.002865612255,     -0.1882831382,                 0,      -65.70433173,              -nan
          0,           0,         593,      -8.611736359,      -6.692848707,      -8.019412273,      -4.914692315,      -10.64892017,   1.231038117e-08,     0.00098939682,               100,               100,               100,       6409.460359,    0.002865611525,     -0.1882831402,                 0,                 0,                 0,     -0.1407312704,    0.002865611525,     -0.1882831402,                 0,      -65.70434915,              -nan
          0,           0,         594,      -8.611803695,      -6.693229247,      -8.019721602,      -4.914996175,      -10.64922595,   1.231040708e-08,   0.0009893968199,               100,               100,               100,       6409.460359,    0.002865610795,     -0.1882831421,                 0,                 0,                 0,     -0.1407312719,    0.002865610795,     -0.1882831421,                 0,      -65.70436656,              -nan
          0,           0,         595,      -8.611871033,      -6.693609802,      -8.020030939,      -4.915300009,       -10.6495317,   1.231043301e-08,   0.0009893968199,               100,               100,               100,       6409.460359,    0.002865610067,     -0.1882831441,                 0,                 0,                 0,     -0.1407312734,    0.002865610067,     -0.1882831441,                 0,      -65.70438395,              -nan
          0,           0,         596,      -8.611938373,      -6.693990373,      -8.020340306,      -4.915603837,      -10.64983742,   1.231045897e-08,   0.0009893968198,               100,               100,               100,       6409.460359,    0.002865609338,      -0.188283146,                 0,                 0,                 0,     -0.1407312749,    0.002865609338,      -0.188283146,                 0,      -65.70440133,              -nan
          0,           0,         597,      -8.612005715,      -6.694370959,      -8.020649586,      -4.915907574,      -10.65014311,   1.231048496e-08,   0.0009893968198,               100,               100,               100,       6409.460359,     0.00286560861,      -0.188283148,                 0,                 0,                 0,     -0.1407312764,     0.00286560861,      -0.188283148,                 0,      -65.70441869,              -nan
          0,           0,         598,      -8.612073059,      -6.694751561,      -8.020958909,      -4.916211341,      -10.65044877,   1.231051098e-08,   0.0009893968197,               100,               100,               100,       6409.460359,    0.002865607883,     -0.1882831499,                 0,                 0,                 0,     -0.1407312778,    0.002865607883,     -0.1882831499,                 0,      -65.70443605,              -nan
          0,           0,         599,      -8.612140405,      -6.695132178,      -8.021268255,      -4.916515052,      -10.65075441,   1.231053702e-08,   0.0009893968197,               100,               100,               100,       6409.460359,    0.002865607157,     -0.1882831518,                 0,                 0,                 0,     -0.1407312793,    0.002865607157,     -0.1882831518,                 0,      -65.70445339,              -nan
          0,           0,         600,      -8.612207752,      -6.695512811,      -8.021577476,      -4.916818673,      -10.65106001,    1.23105631e-08,   0.0009893968196,               100,               100,               100,       6409.460359,     0.00286560643,     -0.1882831538,                 0,                 0,                 0,     -0.1407312808,     0.00286560643,     -0.1882831538,                 0,      -65.70447071,              -nan
          0,           0,         601,      -8.612275102,      -6.695893459,      -8.021886784,      -4.917122322,      -10.65136559,   1.231058919e-08,   0.0009893968196,               100,               100,               100,       6409.460359,    0.002865605705,     -0.1882831557,                 0,                 0,                 0,     -0.1407312823,    0.002865605705,     -0.1882831557,                 0,      -65.70448802,              -nan
          0,           0,         602,      -8.612342454,      -6.696274123,      -8.022196021,       -4.91742591,      -10.65167115,   1.231061532e-08,   0.0009893968195,               100,               100,               100,       6409.460359,     0.00286560498,     -0.1882831577,                 0,                 0,                 0,     -0.1407312838,     0.00286560498,     -0.1882831577,                 0,      -65.70450532,              -nan
          0,           0,         603,      -8.612409807,      -6.696654802,      -8.022505338,      -4.917729457,      -10.65197667,   1.231064147e-08,   0.0009893968195,               100,               100,               100,       6409.460359,    0.002865604255,     -0.1882831596,                 0,                 0,                 0,     -0.1407312852,    0.002865604255,     -0.1882831596,                 0,      -65.70452261,              -nan
          0,           0,         604,      -8.612477163,      -6.697035496,      -8.022814552,      -4.918032993,      -10.65228216,   1.231066766e-08,   0.0009893968194,               100,               100,               100,       6409.460359,    0.002865603532,     -0.1882831615,                 0,                 0,                 0,     -0.1407312867,    0.002865603532,     -0.1882831615,                 0,      -65.70453989,              -nan
          0,           0,         605,       -8.61254452,      -6.697416206,      -8.023123765,      -4.918336447,      -10.65258763,   1.231069386e-08,   0.0009893968194,               100,               100,               100,       6409.460359,    0.002865602808,     -0.1882831635,                 0,                 0,                 0,     -0.1407312882,    0.002865602808,     -0.1882831635,                 0,      -65.70455715,              -nan
          0,           0,         606,       -8.61261188,      -6.697796931,      -8.023433055,      -4.918639898,      -10.65289307,    1.23107201e-08,   0.0009893968193,               100,               100,               100,       6409.460359,    0.002865602085,     -0.1882831654,                 0,                 0,                 0,     -0.1407312897,    0.002865602085,     -0.1882831654,                 0,      -65.70457439,              -nan
          0,           0,         607,      -8.612679241,      -6.698177671,       -8.02374227,      -4.918943324,      -10.65319848,   1.231074637e-08,   0.0009893968193,               100,               100,               100,       6409.460359,    0.002865601363,     -0.1882831673,                 0,                 0,                 0,     -0.1407312911,    0.002865601363,     -0.1882831673,                 0,      -65.70459163,              -nan
          0,           0,         608,      -8.612746605,      -6.698558426,      -8.024051516,      -4.919246714,      -10.65350386,   1.231077266e-08,   0.0009893968193,               100,               100,               100,       6409.460359,    0.002865600641,     -0.1882831693,                 0,                 0,                 0,     -0.1407312926,    0.002865600641,     -0.1882831693,                 0,      -65.70460885,              -nan
          0,           0,         609,       -8.61281397,      -6.698939197,      -8.024360636,      -4.919550012,      -10.65380921,   1.231079898e-08,   0.0009893968192,               100,               100,               100,       6409.460359,     0.00286559992,     -0.1882831712,                 0,                 0,                 0,     -0.1407312941,     0.00286559992,     -0.1882831712,                 0,      -65.70462606,              -nan
          0,           0,         610,      -8.612881337,      -6.699319983,       -8.02467005,      -4.919853389,      -10.65411454,   1.231082532e-08,   0.0009893968192,               100,               100,               100,       6409.460359,      0.0028655992,     -0.1882831731,                 0,                 0,                 0,     -0.1407312956,      0.0028655992,     -0.1882831731,                 0,      -65.70464325,              -nan
          0,           0,         611,      -8.612948706,      -6.699700784,      -8.024979153,      -4.920156632,      -10.65441984,    1.23108517e-08,   0.0009893968191,               100,               100,               100,       6409.460359,     0.00286559848,     -0.1882831751,                 0,                 0,                 0,      -0.140731297,     0.00286559848,     -0.1882831751,                 0,      -65.70466044,              -nan
          0,           0,         612,      -8.613016077,        -6.7000816,      -8.025288384,      -4.920459862,      -10.65472511,    1.23108781e-08,   0.0009893968191,               100,               100,               100,       6409.460359,     0.00286559776,      -0.188283177,                 0,                 0,                 0,     -0.1407312985,     0.00286559776,      -0.188283177,                 0,      -65.70467761,              -nan
          0,           0,         613,      -8.613083451,      -6.700462431,      -8.025597495,      -4.920763042,      -10.65503035,   1.231090453e-08,    0.000989396819,               100,               100,               100,       6409.460359,    0.002865597041,     -0.1882831789,                 0,                 0,                 0,        -0.1407313,    0.002865597041,     -0.1882831789,                 0,      -65.70469476,              -nan
          0,           0,         614,      -8.613150825,      -6.700843277,      -8.025906644,      -4.921066185,      -10.65533556,   1.231093098e-08,    0.000989396819,               100,               100,               100,       6409.460359,    0.002865596323,     -0.1882831808,                 0,                 0,                 0,     -0.1407313014,    0.002865596323,     -0.1882831808,                 0,       -65.7047119,              -nan
          0,           0,         615,      -8.613218202,      -6.701224139,      -8.026215819,      -4.921369287,      -10.65564074,   1.231095747e-08,   0.0009893968189,               100,               100,               100,       6409.460359,    0.002865595605,     -0.1882831828,                 0,                 0,                 0,     -0.1407313029,    0.002865595605,     -0.1882831828,                 0,      -65.70472904,              -nan
          0,           0,         616,      -8.613285581,      -6.701605015,      -8.026525004,      -4.921672438,       -10.6559459,   1.231098398e-08,   0.0009893968189,               100,               100,               100,       6409.460359,    0.002865594888,     -0.1882831847,                 0,                 0,                 0,     -0.1407313044,    0.002865594888,     -0.1882831847,                 0,      -65.70474615,              -nan
          0,           0,         617,      -8.613352962,      -6.701985907,      -8.026834158,      -4.921975504,      -10.65625102,   1.231101052e-08,   0.0009893968188,               100,               100,               100,       6409.460359,    0.002865594171,     -0.1882831866,                 0,                 0,                 0,     -0.1407313058,    0.002865594171,     -0.1882831866,                 0,      -65.70476326,              -nan
          0,           0,         618,      -8.613420345,      -6.702366813,      -8.027143294,      -4.922278467,      -10.65655612,   1.231103708e-08,   0.0009893968188,               100,               100,               100,       6409.460359,    0.002865593455,     -0.1882831885,                 0,                 0,                 0,     -0.1407313073,    0.002865593455,     -0.1882831885,                 0,      -65.70478035,              -nan
          0,           0,         619,       -8.61348773,      -6.702747735,      -8.027452486,      -4.922581466,      -10.65686119,   1.231106367e-08,   0.0009893968187,               100,               100,               100,       6409.460359,    0.002865592739,     -0.1882831904,                 0,                 0,                 0,     -0.1407313087,    0.002865592739,     -0.1882831904,                 0,      -65.70479743,              -nan
          0,           0,         620,      -8.613555116,      -6.703128671,      -8.027761596,      -4.922884411,      -10.65716623,    1.23110903e-08,   0.0009893968187,               100,               100,               100,       6409.460359,    0.002865592024,     -0.1882831923,                 0,                 0,                 0,     -0.1407313102,    0.002865592024,     -0.1882831923,                 0,      -65.70481449,              -nan
          0,           0,         621,      -8.613622505,      -6.703509622,       -8.02807068,      -4.923187339,      -10.65747125,   1.231111694e-08,   0.0009893968186,               100,               100,               100,       6409.460359,    0.002865591309,     -0.1882831943,                 0,                 0,                 0,     -0.1407313117,    0.002865591309,     -0.1882831943,                 0,      -65.70483154,              -nan
          0,           0,         622,      -8.613689895,      -6.703890589,      -8.028379768,      -4.923490175,      -10.65777623,   1.231114362e-08,   0.0009893968186,               100,               100,               100,       6409.460359,    0.002865590595,     -0.1882831962,                 0,                 0,                 0,     -0.1407313131,    0.002865590595,     -0.1882831962,                 0,      -65.70484858,              -nan
          0,           0,         623,      -8.613757288,       -6.70427157,      -8.028688881,      -4.923793019,      -10.65808119,   1.231117032e-08,   0.0009893968185,               100,               100,               100,       6409.460359,    0.002865589882,     -0.1882831981,                 0,                 0,                 0,     -0.1407313146,    0.002865589882,     -0.1882831981,                 0,      -65.70486561,              -nan
          0,           0,         624,      -8.613824682,      -6.704652565,      -8.028997986,      -4.924095796,      -10.65838611,   1.231119705e-08,   0.0009893968185,               100,               100,               100,       6409.460359,    0.002865589169,        -0.1882832,                 0,                 0,                 0,      -0.140731316,    0.002865589169,        -0.1882832,                 0,      -65.70488262,              -nan
          0,           0,         625,      -8.613892078,      -6.705033576,      -8.029307081,      -4.924398559,      -10.65869101,   1.231122381e-08,   0.0009893968184,               100,               100,               100,       6409.460359,    0.002865588457,     -0.1882832019,                 0,                 0,                 0,     -0.1407313175,    0.002865588457,     -0.1882832019,                 0,      -65.70489962,              -nan
          0,           0,         626,      -8.613959476,      -6.705414602,      -8.029616116,      -4.924701311,      -10.65899588,    1.23112506e-08,   0.0009893968184,               100,               100,               100,       6409.460359,    0.002865587745,     -0.1882832038,                 0,                 0,                 0,     -0.1407313189,    0.002865587745,     -0.1882832038,                 0,      -65.70491661,              -nan
          0,           0,         627,      -8.614026876,      -6.705795642,      -8.029925195,      -4.925003973,      -10.65930073,   1.231127741e-08,   0.0009893968183,               100,               100,               100,       6409.460359,    0.002865587033,     -0.1882832057,                 0,                 0,                 0,     -0.1407313204,    0.002865587033,     -0.1882832057,                 0,      -65.70493359,              -nan
          0,           0,         628,      -8.614094278,      -6.706176697,      -8.030234181,      -4.925306583,      -10.65960554,   1.231130425e-08,   0.0009893968183,               100,               100,               100,       6409.460359,    0.002865586323,     -0.1882832076,                 0,                 0,                 0,     -0.1407313219,    0.002865586323,     -0.1882832076,                 0,      -65.70495055,              -nan
          0,           0,         629,      -8.614161682,      -6.706557766,      -8.030543381,      -4.925609265,      -10.65991032,   1.231133112e-08,   0.0009893968182,               100,               100,               100,       6409.460359,    0.002865585612,     -0.1882832095,                 0,                 0,                 0,     -0.1407313233,    0.002865585612,     -0.1882832095,                 0,       -65.7049675,              -nan
          0,           0,         630,      -8.614229088,      -6.706938851,      -8.030852376,      -4.925911822,      -10.66021508,   1.231135801e-08,   0.0009893968182,               100,               100,               100,       6409.460359,    0.002865584903,     -0.1882832114,                 0,                 0,                 0,     -0.1407313248,    0.002865584903,     -0.1882832114,                 0,      -65.70498443,              -nan
          0,           0,         631,      -8.614296496,       -6.70731995,      -8.031161474,      -4.926214393,      -10.66051981,   1.231138493e-08,   0.0009893968181,               100,               100,               100,       6409.460359,    0.002865584194,     -0.1882832133,                 0,                 0,                 0,     -0.1407313262,    0.002865584194,     -0.1882832133,                 0,      -65.70500136,              -nan
          0,           0,         632,      -8.614363906,      -6.707701063,      -8.031470377,      -4.926516861,      -10.66082451,   1.231141188e-08,   0.0009893968181,               100,               100,               100,       6409.460359,    0.002865583485,     -0.1882832152,                 0,                 0,                 0,     -0.1407313277,    0.002865583485,     -0.1882832152,                 0,      -65.70501827,              -nan
          0,           0,         633,      -8.614431317,      -6.708082192,      -8.031779458,      -4.926819339,      -10.66112918,   1.231143886e-08,    0.000989396818,               100,               100,               100,       6409.460359,    0.002865582777,     -0.1882832171,                 0,                 0,                 0,     -0.1407313291,    0.002865582777,     -0.1882832171,                 0,      -65.70503516,              -nan
          0,           0,         634,      -8.614498731,      -6.708463334,      -8.032088441,      -4.927121743,      -10.66143382,   1.231146587e-08,    0.000989396818,               100,               100,               100,       6409.460359,    0.002865582069,      -0.188283219,                 0,                 0,                 0,     -0.1407313306,    0.002865582069,      -0.188283219,                 0,      -65.70505205,              -nan
          0,           0,         635,      -8.614566146,      -6.708844492,      -8.032397534,       -4.92742418,      -10.66173843,    1.23114929e-08,    0.000989396818,               100,               100,               100,       6409.460359,    0.002865581362,     -0.1882832209,                 0,                 0,                 0,      -0.140731332,    0.002865581362,     -0.1882832209,                 0,      -65.70506892,              -nan
          0,           0,         636,      -8.614633564,      -6.709225664,      -8.032706459,       -4.92772654,      -10.66204302,   1.231151996e-08,   0.0009893968179,               100,               100,               100,       6409.460359,    0.002865580656,     -0.1882832228,                 0,                 0,                 0,     -0.1407313334,    0.002865580656,     -0.1882832228,                 0,      -65.70508578,              -nan
          0,           0,         637,      -8.614700983,       -6.70960685,      -8.033015483,      -4.928028845,      -10.66234757,   1.231154704e-08,   0.0009893968179,               100,               100,               100,       6409.460359,     0.00286557995,     -0.1882832247,                 0,                 0,                 0,     -0.1407313349,     0.00286557995,     -0.1882832247,                 0,      -65.70510263,              -nan
          0,           0,         638,      -8.614768404,      -6.709988051,      -8.033324369,      -4.928331111,       -10.6626521,   1.231157416e-08,   0.0009893968178,               100,               100,               100,       6409.460359,    0.002865579245,     -0.1882832266,                 0,                 0,                 0,     -0.1407313363,    0.002865579245,     -0.1882832266,                 0,      -65.70511946,              -nan
          0,           0,         639,      -8.614835828,      -6.710369266,      -8.033633363,       -4.92863337,       -10.6629566,    1.23116013e-08,   0.0009893968178,               100,               100,               100,       6409.460359,     0.00286557854,     -0.1882832285,                 0,                 0,                 0,     -0.1407313378,     0.00286557854,     -0.1882832285,                 0,      -65.70513628,              -nan
          0,           0,         640,      -8.614903253,      -6.710750495,      -8.033942297,      -4.928935549,      -10.66326106,   1.231162847e-08,   0.0009893968177,               100,               100,               100,       6409.460359,    0.002865577835,     -0.1882832304,                 0,                 0,                 0,     -0.1407313392,    0.002865577835,     -0.1882832304,                 0,      -65.70515309,              -nan
          0,           0,         641,       -8.61497068,      -6.711131739,        -8.0342513,      -4.929237772,       -10.6635655,   1.231165566e-08,   0.0009893968177,               100,               100,               100,       6409.460359,    0.002865577132,     -0.1882832323,                 0,                 0,                 0,     -0.1407313407,    0.002865577132,     -0.1882832323,                 0,      -65.70516989,              -nan
          0,           0,         642,      -8.615038109,      -6.711512998,      -8.034560229,      -4.929539867,      -10.66386992,   1.231168289e-08,   0.0009893968176,               100,               100,               100,       6409.460359,    0.002865576428,     -0.1882832341,                 0,                 0,                 0,     -0.1407313421,    0.002865576428,     -0.1882832341,                 0,      -65.70518667,              -nan
          0,           0,         643,      -8.615105539,       -6.71189427,      -8.034869159,      -4.929841979,       -10.6641743,   1.231171014e-08,   0.0009893968176,               100,               100,               100,       6409.460359,    0.002865575726,      -0.188283236,                 0,                 0,                 0,     -0.1407313435,    0.002865575726,      -0.188283236,                 0,      -65.70520344,              -nan
          0,           0,         644,      -8.615172972,      -6.712275557,      -8.035178099,      -4.930144043,      -10.66447865,   1.231173742e-08,   0.0009893968175,               100,               100,               100,       6409.460359,    0.002865575024,     -0.1882832379,                 0,                 0,                 0,      -0.140731345,    0.002865575024,     -0.1882832379,                 0,       -65.7052202,              -nan
          0,           0,         645,      -8.615240407,      -6.712656858,      -8.035486955,         -4.930446,      -10.66478298,   1.231176472e-08,   0.0009893968175,               100,               100,               100,       6409.460359,    0.002865574322,     -0.1882832398,                 0,                 0,                 0,     -0.1407313464,    0.002865574322,     -0.1882832398,                 0,      -65.70523694,              -nan
          0,           0,         646,      -8.615307843,      -6.713038174,      -8.035795889,      -4.930748037,      -10.66508727,   1.231179205e-08,   0.0009893968174,               100,               100,               100,       6409.460359,    0.002865573621,     -0.1882832417,                 0,                 0,                 0,     -0.1407313478,    0.002865573621,     -0.1882832417,                 0,      -65.70525367,              -nan
          0,           0,         647,      -8.615375282,      -6.713419504,      -8.036104836,      -4.931049998,      -10.66539154,   1.231181941e-08,   0.0009893968174,               100,               100,               100,       6409.460359,     0.00286557292,     -0.1882832436,                 0,                 0,                 0,     -0.1407313493,     0.00286557292,     -0.1882832436,                 0,      -65.70527039,              -nan
          0,           0,         648,      -8.615442722,      -6.713800847,      -8.036413636,      -4.931351887,      -10.66569578,    1.23118468e-08,   0.0009893968173,               100,               100,               100,       6409.460359,     0.00286557222,     -0.1882832454,                 0,                 0,                 0,     -0.1407313507,     0.00286557222,     -0.1882832454,                 0,       -65.7052871,              -nan
          0,           0,         649,      -8.615510164,      -6.714182205,      -8.036722508,      -4.931653716,      -10.66599999,   1.231187422e-08,   0.0009893968173,               100,               100,               100,       6409.460359,    0.002865571521,     -0.1882832473,                 0,                 0,                 0,     -0.1407313521,    0.002865571521,     -0.1882832473,                 0,      -65.70530379,              -nan
          0,           0,         650,      -8.615577609,      -6.714563577,      -8.037031436,      -4.931955592,      -10.66630417,   1.231190166e-08,   0.0009893968172,               100,               100,               100,       6409.460359,    0.002865570822,     -0.1882832492,                 0,                 0,                 0,     -0.1407313536,    0.002865570822,     -0.1882832492,                 0,      -65.70532047,              -nan
          0,           0,         651,      -8.615645055,      -6.714944964,      -8.037340276,      -4.932257372,      -10.66660832,   1.231192913e-08,   0.0009893968172,               100,               100,               100,       6409.460359,    0.002865570124,     -0.1882832511,                 0,                 0,                 0,      -0.140731355,    0.002865570124,     -0.1882832511,                 0,      -65.70533714,              -nan
          0,           0,         652,      -8.615712503,      -6.715326364,      -8.037649181,      -4.932559157,      -10.66691244,   1.231195662e-08,   0.0009893968171,               100,               100,               100,       6409.460359,    0.002865569426,     -0.1882832529,                 0,                 0,                 0,     -0.1407313564,    0.002865569426,     -0.1882832529,                 0,       -65.7053538,              -nan
          0,           0,         653,      -8.615779953,      -6.715707778,      -8.037958014,      -4.932860861,      -10.66721654,   1.231198415e-08,   0.0009893968171,               100,               100,               100,       6409.460359,    0.002865568728,     -0.1882832548,                 0,                 0,                 0,     -0.1407313579,    0.002865568728,     -0.1882832548,                 0,      -65.70537044,              -nan
          0,           0,         654,      -8.615847404,      -6.716089206,      -8.038266773,      -4.933162528,       -10.6675206,    1.23120117e-08,   0.0009893968171,               100,               100,               100,       6409.460359,    0.002865568031,     -0.1882832567,                 0,                 0,                 0,     -0.1407313593,    0.002865568031,     -0.1882832567,                 0,      -65.70538707,              -nan
          0,           0,         655,      -8.615914858,      -6.716470649,      -8.038575685,      -4.933464193,      -10.66782464,   1.231203928e-08,    0.000989396817,               100,               100,               100,       6409.460359,    0.002865567335,     -0.1882832586,                 0,                 0,                 0,     -0.1407313607,    0.002865567335,     -0.1882832586,                 0,      -65.70540369,              -nan
          0,           0,         656,      -8.615982314,      -6.716852105,      -8.038884428,      -4.933765773,      -10.66812865,   1.231206688e-08,    0.000989396817,               100,               100,               100,       6409.460359,    0.002865566639,     -0.1882832604,                 0,                 0,                 0,     -0.1407313621,    0.002865566639,     -0.1882832604,                 0,      -65.70542029,              -nan
          0,           0,         657,      -8.616049771,      -6.717233575,      -8.039193395,      -4.934067394,      -10.66843262,   1.231209451e-08,   0.0009893968169,               100,               100,               100,       6409.460359,    0.002865565944,     -0.1882832623,                 0,                 0,                 0,     -0.1407313636,    0.002865565944,     -0.1882832623,                 0,      -65.70543689,              -nan
          0,           0,         658,      -8.616117231,      -6.717615059,      -8.039502069,      -4.934368905,      -10.66873657,   1.231212217e-08,   0.0009893968169,               100,               100,               100,       6409.460359,    0.002865565249,     -0.1882832642,                 0,                 0,                 0,      -0.140731365,    0.002865565249,     -0.1882832642,                 0,      -65.70545347,              -nan
          0,           0,         659,      -8.616184692,      -6.717996557,      -8.039810907,      -4.934670389,      -10.66904049,   1.231214986e-08,   0.0009893968168,               100,               100,               100,       6409.460359,    0.002865564555,      -0.188283266,                 0,                 0,                 0,     -0.1407313664,    0.002865564555,      -0.188283266,                 0,      -65.70547003,              -nan
          0,           0,         660,      -8.616252155,      -6.718378069,      -8.040119656,      -4.934971831,      -10.66934438,   1.231217758e-08,   0.0009893968168,               100,               100,               100,       6409.460359,    0.002865563862,     -0.1882832679,                 0,                 0,                 0,     -0.1407313678,    0.002865563862,     -0.1882832679,                 0,      -65.70548659,              -nan
          0,           0,         661,       -8.61631962,      -6.718759594,       -8.04042844,      -4.935273287,      -10.66964824,   1.231220532e-08,   0.0009893968167,               100,               100,               100,       6409.460359,    0.002865563169,     -0.1882832697,                 0,                 0,                 0,     -0.1407313692,    0.002865563169,     -0.1882832697,                 0,      -65.70550313,              -nan
          0,           0,         662,      -8.616387087,      -6.719141134,      -8.040737181,      -4.935574631,      -10.66995208,   1.231223309e-08,   0.0009893968167,               100,               100,               100,       6409.460359,    0.002865562476,     -0.1882832716,                 0,                 0,                 0,     -0.1407313707,    0.002865562476,     -0.1882832716,                 0,      -65.70551966,              -nan
          0,           0,         663,      -8.616454556,      -6.719522687,      -8.041046058,      -4.935876016,      -10.67025588,   1.231226088e-08,   0.0009893968166,               100,               100,               100,       6409.460359,    0.002865561784,     -0.1882832735,                 0,                 0,                 0,     -0.1407313721,    0.002865561784,     -0.1882832735,                 0,      -65.70553618,              -nan
          0,           0,         664,      -8.616522027,      -6.719904253,      -8.041354779,        -4.9361773,      -10.67055965,   1.231228871e-08,   0.0009893968166,               100,               100,               100,       6409.460359,    0.002865561092,     -0.1882832753,                 0,                 0,                 0,     -0.1407313735,    0.002865561092,     -0.1882832753,                 0,      -65.70555268,              -nan
          0,           0,         665,        -8.6165895,      -6.720285834,      -8.041663424,      -4.936478528,       -10.6708634,   1.231231656e-08,   0.0009893968165,               100,               100,               100,       6409.460359,    0.002865560401,     -0.1882832772,                 0,                 0,                 0,     -0.1407313749,    0.002865560401,     -0.1882832772,                 0,      -65.70556918,              -nan
          0,           0,         666,      -8.616656974,      -6.720667428,      -8.041972213,       -4.93677982,      -10.67116711,   1.231234444e-08,   0.0009893968165,               100,               100,               100,       6409.460359,    0.002865559711,      -0.188283279,                 0,                 0,                 0,     -0.1407313763,    0.002865559711,      -0.188283279,                 0,      -65.70558566,              -nan
          0,           0,         667,      -8.616724451,      -6.721049036,      -8.042281008,      -4.937080993,       -10.6714708,   1.231237234e-08,   0.0009893968164,               100,               100,               100,       6409.460359,    0.002865559021,     -0.1882832809,                 0,                 0,                 0,     -0.1407313778,    0.002865559021,     -0.1882832809,                 0,      -65.70560212,              -nan
          0,           0,         668,      -8.616791929,      -6.721430657,      -8.042589601,      -4.937382111,      -10.67177446,   1.231240027e-08,   0.0009893968164,               100,               100,               100,       6409.460359,    0.002865558331,     -0.1882832827,                 0,                 0,                 0,     -0.1407313792,    0.002865558331,     -0.1882832827,                 0,      -65.70561858,              -nan
          0,           0,         669,      -8.616859409,      -6.721812292,      -8.042898481,       -4.93768329,      -10.67207808,   1.231242823e-08,   0.0009893968163,               100,               100,               100,       6409.460359,    0.002865557643,     -0.1882832846,                 0,                 0,                 0,     -0.1407313806,    0.002865557643,     -0.1882832846,                 0,      -65.70563502,              -nan
          0,           0,         670,      -8.616926891,       -6.72219394,      -8.043207067,      -4.937984323,      -10.67238168,   1.231245622e-08,   0.0009893968163,               100,               100,               100,       6409.460359,    0.002865556954,     -0.1882832864,                 0,                 0,                 0,      -0.140731382,    0.002865556954,     -0.1882832864,                 0,      -65.70565145,              -nan
          0,           0,         671,      -8.616994375,      -6.722575602,      -8.043515764,      -4.938285324,      -10.67268525,   1.231248423e-08,   0.0009893968163,               100,               100,               100,       6409.460359,    0.002865556266,     -0.1882832883,                 0,                 0,                 0,     -0.1407313834,    0.002865556266,     -0.1882832883,                 0,      -65.70566787,              -nan
          0,           0,         672,      -8.617061861,      -6.722957278,      -8.043824431,      -4.938586357,      -10.67298879,   1.231251228e-08,   0.0009893968162,               100,               100,               100,       6409.460359,    0.002865555579,     -0.1882832901,                 0,                 0,                 0,     -0.1407313848,    0.002865555579,     -0.1882832901,                 0,      -65.70568427,              -nan
          0,           0,         673,      -8.617129349,      -6.723338967,       -8.04413301,      -4.938887288,       -10.6732923,   1.231254034e-08,   0.0009893968162,               100,               100,               100,       6409.460359,    0.002865554892,      -0.188283292,                 0,                 0,                 0,     -0.1407313862,    0.002865554892,      -0.188283292,                 0,      -65.70570066,              -nan
          0,           0,         674,      -8.617196839,      -6.723720669,      -8.044441845,      -4.939188261,      -10.67359578,   1.231256844e-08,   0.0009893968161,               100,               100,               100,       6409.460359,    0.002865554206,     -0.1882832938,                 0,                 0,                 0,     -0.1407313876,    0.002865554206,     -0.1882832938,                 0,      -65.70571705,              -nan
          0,           0,         675,       -8.61726433,      -6.724102385,      -8.044750403,      -4.939489103,      -10.67389924,   1.231259656e-08,   0.0009893968161,               100,               100,               100,       6409.460359,     0.00286555352,     -0.1882832957,                 0,                 0,                 0,      -0.140731389,     0.00286555352,     -0.1882832957,                 0,      -65.70573341,              -nan
          0,           0,         676,      -8.617331824,      -6.724484114,      -8.045059094,      -4.939789967,      -10.67420266,   1.231262471e-08,    0.000989396816,               100,               100,               100,       6409.460359,    0.002865552835,     -0.1882832975,                 0,                 0,                 0,     -0.1407313904,    0.002865552835,     -0.1882832975,                 0,      -65.70574977,              -nan
          0,           0,         677,      -8.617399319,      -6.724865856,      -8.045367643,      -4.940090727,      -10.67450605,   1.231265289e-08,    0.000989396816,               100,               100,               100,       6409.460359,     0.00286555215,     -0.1882832994,                 0,                 0,                 0,     -0.1407313918,     0.00286555215,     -0.1882832994,                 0,      -65.70576611,              -nan
          0,           0,         678,      -8.617466816,      -6.725247612,      -8.045676349,      -4.940391571,      -10.67480942,    1.23126811e-08,   0.0009893968159,               100,               100,               100,       6409.460359,    0.002865551466,     -0.1882833012,                 0,                 0,                 0,     -0.1407313933,    0.002865551466,     -0.1882833012,                 0,      -65.70578244,              -nan
          0,           0,         679,      -8.617534315,       -6.72562938,        -8.0459849,        -4.9406922,      -10.67511275,   1.231270933e-08,   0.0009893968159,               100,               100,               100,       6409.460359,    0.002865550782,      -0.188283303,                 0,                 0,                 0,     -0.1407313947,    0.002865550782,      -0.188283303,                 0,      -65.70579876,              -nan
          0,           0,         680,      -8.617601816,      -6.726011163,      -8.046293595,      -4.940992942,      -10.67541606,   1.231273759e-08,   0.0009893968158,               100,               100,               100,       6409.460359,    0.002865550099,     -0.1882833049,                 0,                 0,                 0,     -0.1407313961,    0.002865550099,     -0.1882833049,                 0,      -65.70581507,              -nan
          0,           0,         681,      -8.617669319,      -6.726392958,      -8.046602141,      -4.941293595,      -10.67571933,   1.231276587e-08,   0.0009893968158,               100,               100,               100,       6409.460359,    0.002865549416,     -0.1882833067,                 0,                 0,                 0,     -0.1407313975,    0.002865549416,     -0.1882833067,                 0,      -65.70583136,              -nan
          0,           0,         682,      -8.617736824,      -6.726774766,      -8.046910722,      -4.941594178,      -10.67602258,   1.231279418e-08,   0.0009893968157,               100,               100,               100,       6409.460359,    0.002865548734,     -0.1882833085,                 0,                 0,                 0,     -0.1407313989,    0.002865548734,     -0.1882833085,                 0,      -65.70584764,              -nan
          0,           0,         683,      -8.617804331,      -6.727156588,      -8.047219322,      -4.941894782,       -10.6763258,   1.231282252e-08,   0.0009893968157,               100,               100,               100,       6409.460359,    0.002865548053,     -0.1882833104,                 0,                 0,                 0,     -0.1407314003,    0.002865548053,     -0.1882833104,                 0,      -65.70586391,              -nan
          0,           0,         684,      -8.617871839,      -6.727538423,      -8.047527923,      -4.942195312,      -10.67662899,   1.231285089e-08,   0.0009893968157,               100,               100,               100,       6409.460359,    0.002865547372,     -0.1882833122,                 0,                 0,                 0,     -0.1407314017,    0.002865547372,     -0.1882833122,                 0,      -65.70588017,              -nan
          0,           0,         685,       -8.61793935,       -6.72792027,      -8.047836466,      -4.942495785,      -10.67693214,   1.231287929e-08,   0.0009893968156,               100,               100,               100,       6409.460359,    0.002865546691,      -0.188283314,                 0,                 0,                 0,     -0.1407314031,    0.002865546691,      -0.188283314,                 0,      -65.70589641,              -nan
          0,           0,         686,      -8.618006862,      -6.728302131,      -8.048145035,      -4.942796273,      -10.67723527,   1.231290771e-08,   0.0009893968156,               100,               100,               100,       6409.460359,    0.002865546011,     -0.1882833159,                 0,                 0,                 0,     -0.1407314045,    0.002865546011,     -0.1882833159,                 0,      -65.70591264,              -nan
          0,           0,         687,      -8.618074376,      -6.728684005,      -8.048453547,      -4.943096628,      -10.67753837,   1.231293616e-08,   0.0009893968155,               100,               100,               100,       6409.460359,    0.002865545332,     -0.1882833177,                 0,                 0,                 0,     -0.1407314058,    0.002865545332,     -0.1882833177,                 0,      -65.70592886,              -nan
          0,           0,         688,      -8.618141892,      -6.729065892,      -8.048762161,      -4.943397061,      -10.67784144,   1.231296463e-08,   0.0009893968155,               100,               100,               100,       6409.460359,    0.002865544652,     -0.1882833195,                 0,                 0,                 0,     -0.1407314072,    0.002865544652,     -0.1882833195,                 0,      -65.70594507,              -nan
          0,           0,         689,       -8.61820941,      -6.729447792,      -8.049070599,      -4.943697375,      -10.67814448,   1.231299314e-08,   0.0009893968154,               100,               100,               100,       6409.460359,    0.002865543974,     -0.1882833214,                 0,                 0,                 0,     -0.1407314086,    0.002865543974,     -0.1882833214,                 0,      -65.70596126,              -nan
          0,           0,         690,      -8.618276929,      -6.729829704,      -8.049379191,      -4.943997652,      -10.67844749,   1.231302167e-08,   0.0009893968154,               100,               100,               100,       6409.460359,    0.002865543296,     -0.1882833232,                 0,                 0,                 0,       -0.14073141,    0.002865543296,     -0.1882833232,                 0,      -65.70597745,              -nan
          0,           0,         691,      -8.618344451,       -6.73021163,      -8.049687689,      -4.944297961,      -10.67875047,   1.231305022e-08,   0.0009893968153,               100,               100,               100,       6409.460359,    0.002865542619,      -0.188283325,                 0,                 0,                 0,     -0.1407314114,    0.002865542619,      -0.188283325,                 0,      -65.70599362,              -nan
          0,           0,         692,      -8.618411975,      -6.730593568,      -8.049996209,      -4.944598176,      -10.67905342,   1.231307881e-08,   0.0009893968153,               100,               100,               100,       6409.460359,    0.002865541942,     -0.1882833268,                 0,                 0,                 0,     -0.1407314128,    0.002865541942,     -0.1882833268,                 0,      -65.70600977,              -nan
          0,           0,         693,        -8.6184795,      -6.730975519,      -8.050304697,      -4.944898343,      -10.67935635,   1.231310742e-08,   0.0009893968152,               100,               100,               100,       6409.460359,    0.002865541265,     -0.1882833286,                 0,                 0,                 0,     -0.1407314142,    0.002865541265,     -0.1882833286,                 0,      -65.70602592,              -nan
          0,           0,         694,      -8.618547027,      -6.731357483,      -8.050613134,      -4.945198491,      -10.67965924,   1.231313606e-08,   0.0009893968152,               100,               100,               100,       6409.460359,    0.002865540589,     -0.1882833305,                 0,                 0,                 0,     -0.1407314156,    0.002865540589,     -0.1882833305,                 0,      -65.70604205,              -nan
          0,           0,         695,      -8.618614556,       -6.73173946,      -8.050921599,      -4.945498555,       -10.6799621,   1.231316472e-08,   0.0009893968152,               100,               100,               100,       6409.460359,    0.002865539914,     -0.1882833323,                 0,                 0,                 0,      -0.140731417,    0.002865539914,     -0.1882833323,                 0,      -65.70605817,              -nan
          0,           0,         696,      -8.618682087,       -6.73212145,      -8.051230055,      -4.945798642,      -10.68026493,   1.231319341e-08,   0.0009893968151,               100,               100,               100,       6409.460359,    0.002865539239,     -0.1882833341,                 0,                 0,                 0,     -0.1407314184,    0.002865539239,     -0.1882833341,                 0,      -65.70607428,              -nan
          0,           0,         697,       -8.61874962,      -6.732503452,      -8.051538631,      -4.946098695,      -10.68056774,   1.231322213e-08,   0.0009893968151,               100,               100,               100,       6409.460359,    0.002865538565,     -0.1882833359,                 0,                 0,                 0,     -0.1407314198,    0.002865538565,     -0.1882833359,                 0,      -65.70609038,              -nan
          0,           0,         698,      -8.618817155,      -6.732885467,      -8.051847099,      -4.946398691,      -10.68087051,   1.231325088e-08,    0.000989396815,               100,               100,               100,       6409.460359,    0.002865537891,     -0.1882833377,                 0,                 0,                 0,     -0.1407314211,    0.002865537891,     -0.1882833377,                 0,      -65.70610647,              -nan
          0,           0,         699,      -8.618884691,      -6.733267494,      -8.052155424,      -4.946698576,      -10.68117325,   1.231327965e-08,    0.000989396815,               100,               100,               100,       6409.460359,    0.002865537217,     -0.1882833395,                 0,                 0,                 0,     -0.1407314225,    0.002865537217,     -0.1882833395,                 0,      -65.70612254,              -nan
          0,           0,         700,       -8.61895223,      -6.733649534,      -8.052463847,      -4.946998487,      -10.68147597,   1.231330846e-08,   0.0009893968149,               100,               100,               100,       6409.460359,    0.002865536545,     -0.1882833414,                 0,                 0,                 0,     -0.1407314239,    0.002865536545,     -0.1882833414,                 0,       -65.7061386,              -nan
          0,           0,         701,       -8.61901977,      -6.734031587,      -8.052772299,      -4.947298346,      -10.68177865,   1.231333728e-08,   0.0009893968149,               100,               100,               100,       6409.460359,    0.002865535872,     -0.1882833432,                 0,                 0,                 0,     -0.1407314253,    0.002865535872,     -0.1882833432,                 0,      -65.70615465,              -nan
          0,           0,         702,      -8.619087312,      -6.734413652,      -8.053080675,      -4.947598217,      -10.68208131,   1.231336614e-08,   0.0009893968148,               100,               100,               100,       6409.460359,      0.0028655352,      -0.188283345,                 0,                 0,                 0,     -0.1407314267,      0.0028655352,      -0.188283345,                 0,      -65.70617068,              -nan
          0,           0,         703,      -8.619154856,      -6.734795729,      -8.053389192,      -4.947897978,      -10.68238393,   1.231339502e-08,   0.0009893968148,               100,               100,               100,       6409.460359,    0.002865534529,     -0.1882833468,                 0,                 0,                 0,     -0.1407314281,    0.002865534529,     -0.1882833468,                 0,      -65.70618671,              -nan
          0,           0,         704,      -8.619222402,      -6.735177819,      -8.053697542,       -4.94819772,      -10.68268653,   1.231342393e-08,   0.0009893968147,               100,               100,               100,       6409.460359,    0.002865533858,     -0.1882833486,                 0,                 0,                 0,     -0.1407314294,    0.002865533858,     -0.1882833486,                 0,      -65.70620272,              -nan
          0,           0,         705,       -8.61928995,      -6.735559922,      -8.054005937,      -4.948497462,      -10.68298909,   1.231345287e-08,   0.0009893968147,               100,               100,               100,       6409.460359,    0.002865533188,     -0.1882833504,                 0,                 0,                 0,     -0.1407314308,    0.002865533188,     -0.1882833504,                 0,      -65.70621872,              -nan
          0,           0,         706,      -8.619357499,      -6.735942037,      -8.054314305,      -4.948797113,      -10.68329163,   1.231348183e-08,   0.0009893968147,               100,               100,               100,       6409.460359,    0.002865532518,     -0.1882833522,                 0,                 0,                 0,     -0.1407314322,    0.002865532518,     -0.1882833522,                 0,      -65.70623471,              -nan
          0,           0,         707,      -8.619425051,      -6.736324164,      -8.054622618,      -4.949096706,      -10.68359413,   1.231351082e-08,   0.0009893968146,               100,               100,               100,       6409.460359,    0.002865531849,      -0.188283354,                 0,                 0,                 0,     -0.1407314336,    0.002865531849,      -0.188283354,                 0,      -65.70625068,              -nan
          0,           0,         708,      -8.619492604,      -6.736706303,      -8.054931088,      -4.949396316,      -10.68389661,   1.231353984e-08,   0.0009893968146,               100,               100,               100,       6409.460359,     0.00286553118,     -0.1882833558,                 0,                 0,                 0,     -0.1407314349,     0.00286553118,     -0.1882833558,                 0,      -65.70626664,              -nan
          0,           0,         709,      -8.619560159,      -6.737088455,      -8.055239356,      -4.949695853,      -10.68419905,   1.231356888e-08,   0.0009893968145,               100,               100,               100,       6409.460359,    0.002865530512,     -0.1882833576,                 0,                 0,                 0,     -0.1407314363,    0.002865530512,     -0.1882833576,                 0,       -65.7062826,              -nan
          0,           0,         710,      -8.619627716,      -6.737470619,      -8.055547732,      -4.949995361,      -10.68450147,   1.231359795e-08,   0.0009893968145,               100,               100,               100,       6409.460359,    0.002865529844,     -0.1882833594,                 0,                 0,                 0,     -0.1407314377,    0.002865529844,     -0.1882833594,                 0,      -65.70629854,              -nan
          0,           0,         711,      -8.619695275,      -6.737852795,      -8.055856015,      -4.950294816,      -10.68480386,   1.231362705e-08,   0.0009893968144,               100,               100,               100,       6409.460359,    0.002865529177,     -0.1882833612,                 0,                 0,                 0,     -0.1407314391,    0.002865529177,     -0.1882833612,                 0,      -65.70631446,              -nan
          0,           0,         712,      -8.619762836,      -6.738234984,      -8.056164366,      -4.950594251,      -10.68510621,   1.231365617e-08,   0.0009893968144,               100,               100,               100,       6409.460359,     0.00286552851,      -0.188283363,                 0,                 0,                 0,     -0.1407314404,     0.00286552851,      -0.188283363,                 0,      -65.70633038,              -nan
          0,           0,         713,      -8.619830399,      -6.738617184,       -8.05647271,      -4.950893684,      -10.68540854,   1.231368533e-08,   0.0009893968143,               100,               100,               100,       6409.460359,    0.002865527844,     -0.1882833648,                 0,                 0,                 0,     -0.1407314418,    0.002865527844,     -0.1882833648,                 0,      -65.70634628,              -nan
          0,           0,         714,      -8.619897963,      -6.738999397,      -8.056780986,      -4.951192982,      -10.68571083,    1.23137145e-08,   0.0009893968143,               100,               100,               100,       6409.460359,    0.002865527178,     -0.1882833666,                 0,                 0,                 0,     -0.1407314432,    0.002865527178,     -0.1882833666,                 0,      -65.70636217,              -nan
          0,           0,         715,      -8.619965529,      -6.739381622,      -8.057089277,      -4.951492285,       -10.6860131,   1.231374371e-08,   0.0009893968142,               100,               100,               100,       6409.460359,    0.002865526513,     -0.1882833684,                 0,                 0,                 0,     -0.1407314446,    0.002865526513,     -0.1882833684,                 0,      -65.70637805,              -nan
          0,           0,         716,      -8.620033097,      -6.739763859,      -8.057397638,        -4.9517916,      -10.68631534,   1.231377294e-08,   0.0009893968142,               100,               100,               100,       6409.460359,    0.002865525849,     -0.1882833702,                 0,                 0,                 0,     -0.1407314459,    0.002865525849,     -0.1882833702,                 0,      -65.70639392,              -nan
          0,           0,         717,      -8.620100667,      -6.740146108,       -8.05770576,      -4.952090761,      -10.68661754,    1.23138022e-08,   0.0009893968142,               100,               100,               100,       6409.460359,    0.002865525184,      -0.188283372,                 0,                 0,                 0,     -0.1407314473,    0.002865525184,      -0.188283372,                 0,      -65.70640977,              -nan
          0,           0,         718,      -8.620168239,      -6.740528368,        -8.0580141,      -4.952389969,      -10.68691972,   1.231383149e-08,   0.0009893968141,               100,               100,               100,       6409.460359,    0.002865524521,     -0.1882833738,                 0,                 0,                 0,     -0.1407314487,    0.002865524521,     -0.1882833738,                 0,      -65.70642561,              -nan
          0,           0,         719,      -8.620235813,      -6.740910641,       -8.05832246,      -4.952689163,      -10.68722187,    1.23138608e-08,   0.0009893968141,               100,               100,               100,       6409.460359,    0.002865523857,     -0.1882833756,                 0,                 0,                 0,       -0.14073145,    0.002865523857,     -0.1882833756,                 0,      -65.70644145,              -nan
          0,           0,         720,      -8.620303388,      -6.741292926,      -8.058630591,      -4.952988197,      -10.68752398,   1.231389014e-08,    0.000989396814,               100,               100,               100,       6409.460359,    0.002865523195,     -0.1882833773,                 0,                 0,                 0,     -0.1407314514,    0.002865523195,     -0.1882833773,                 0,      -65.70645726,              -nan
          0,           0,         721,      -8.620370966,      -6.741675222,      -8.058938838,      -4.953287283,      -10.68782607,   1.231391951e-08,    0.000989396814,               100,               100,               100,       6409.460359,    0.002865522533,     -0.1882833791,                 0,                 0,                 0,     -0.1407314528,    0.002865522533,     -0.1882833791,                 0,      -65.70647307,              -nan
          0,           0,         722,      -8.620438545,      -6.742057531,       -8.05924709,      -4.953586327,      -10.68812812,   1.231394891e-08,   0.0009893968139,               100,               100,               100,       6409.460359,    0.002865521871,     -0.1882833809,                 0,                 0,                 0,     -0.1407314541,    0.002865521871,     -0.1882833809,                 0,      -65.70648887,              -nan
          0,           0,         723,      -8.620506126,      -6.742439851,      -8.059555284,      -4.953885301,      -10.68843015,   1.231397833e-08,   0.0009893968139,               100,               100,               100,       6409.460359,     0.00286552121,     -0.1882833827,                 0,                 0,                 0,     -0.1407314555,     0.00286552121,     -0.1882833827,                 0,      -65.70650465,              -nan
          0,           0,         724,      -8.620573709,      -6.742822183,      -8.059863567,      -4.954184237,      -10.68873215,   1.231400778e-08,   0.0009893968138,               100,               100,               100,       6409.460359,    0.002865520549,     -0.1882833845,                 0,                 0,                 0,     -0.1407314568,    0.002865520549,     -0.1882833845,                 0,      -65.70652042,              -nan
          0,           0,         725,      -8.620641294,      -6.743204527,      -8.060171756,      -4.954483152,      -10.68903411,   1.231403725e-08,   0.0009893968138,               100,               100,               100,       6409.460359,    0.002865519889,     -0.1882833863,                 0,                 0,                 0,     -0.1407314582,    0.002865519889,     -0.1882833863,                 0,      -65.70653618,              -nan
          0,           0,         726,       -8.62070888,      -6.743586882,      -8.060479894,      -4.954782013,      -10.68933605,   1.231406675e-08,   0.0009893968138,               100,               100,               100,       6409.460359,    0.002865519229,      -0.188283388,                 0,                 0,                 0,     -0.1407314596,    0.002865519229,      -0.188283388,                 0,      -65.70655193,              -nan
          0,           0,         727,      -8.620776469,      -6.743969249,      -8.060788031,        -4.9550808,      -10.68963795,   1.231409628e-08,   0.0009893968137,               100,               100,               100,       6409.460359,     0.00286551857,     -0.1882833898,                 0,                 0,                 0,     -0.1407314609,     0.00286551857,     -0.1882833898,                 0,      -65.70656766,              -nan
          0,           0,         728,      -8.620844059,      -6.744351628,      -8.061096235,      -4.955379575,      -10.68993983,   1.231412584e-08,   0.0009893968137,               100,               100,               100,       6409.460359,    0.002865517912,     -0.1882833916,                 0,                 0,                 0,     -0.1407314623,    0.002865517912,     -0.1882833916,                 0,      -65.70658338,              -nan
          0,           0,         729,      -8.620911651,      -6.744734018,      -8.061404421,      -4.955678367,      -10.69024167,   1.231415542e-08,   0.0009893968136,               100,               100,               100,       6409.460359,    0.002865517253,     -0.1882833934,                 0,                 0,                 0,     -0.1407314636,    0.002865517253,     -0.1882833934,                 0,       -65.7065991,              -nan
          0,           0,         730,      -8.620979245,       -6.74511642,      -8.061712558,      -4.955977031,      -10.69054349,   1.231418503e-08,   0.0009893968136,               100,               100,               100,       6409.460359,    0.002865516596,     -0.1882833951,                 0,                 0,                 0,      -0.140731465,    0.002865516596,     -0.1882833951,                 0,       -65.7066148,              -nan
          0,           0,         731,      -8.621046841,      -6.745498833,       -8.06202076,      -4.956275729,      -10.69084527,   1.231421467e-08,   0.0009893968135,               100,               100,               100,       6409.460359,    0.002865515939,     -0.1882833969,                 0,                 0,                 0,     -0.1407314663,    0.002865515939,     -0.1882833969,                 0,      -65.70663048,              -nan
          0,           0,         732,      -8.621114439,      -6.745881258,      -8.062328845,      -4.956574266,      -10.69114703,   1.231424433e-08,   0.0009893968135,               100,               100,               100,       6409.460359,    0.002865515282,     -0.1882833987,                 0,                 0,                 0,     -0.1407314677,    0.002865515282,     -0.1882833987,                 0,      -65.70664616,              -nan
          0,           0,         733,      -8.621182038,      -6.746263694,      -8.062636982,      -4.956872884,      -10.69144875,   1.231427402e-08,   0.0009893968134,               100,               100,               100,       6409.460359,    0.002865514626,     -0.1882834005,                 0,                 0,                 0,     -0.1407314691,    0.002865514626,     -0.1882834005,                 0,      -65.70666182,              -nan
          0,           0,         734,      -8.621249639,      -6.746646142,      -8.062945126,      -4.957171413,      -10.69175045,   1.231430374e-08,   0.0009893968134,               100,               100,               100,       6409.460359,     0.00286551397,     -0.1882834022,                 0,                 0,                 0,     -0.1407314704,     0.00286551397,     -0.1882834022,                 0,      -65.70667748,              -nan
          0,           0,         735,      -8.621317243,      -6.747028601,      -8.063253281,      -4.957469943,      -10.69205211,   1.231433348e-08,   0.0009893968134,               100,               100,               100,       6409.460359,    0.002865513315,      -0.188283404,                 0,                 0,                 0,     -0.1407314718,    0.002865513315,      -0.188283404,                 0,      -65.70669312,              -nan
          0,           0,         736,      -8.621384848,      -6.747411072,      -8.063561234,      -4.957768327,      -10.69235374,   1.231436325e-08,   0.0009893968133,               100,               100,               100,       6409.460359,     0.00286551266,     -0.1882834058,                 0,                 0,                 0,     -0.1407314731,     0.00286551266,     -0.1882834058,                 0,      -65.70670874,              -nan
          0,           0,         737,      -8.621452454,      -6.747793553,      -8.063869353,       -4.95806675,      -10.69265535,   1.231439305e-08,   0.0009893968133,               100,               100,               100,       6409.460359,    0.002865512006,     -0.1882834075,                 0,                 0,                 0,     -0.1407314745,    0.002865512006,     -0.1882834075,                 0,      -65.70672436,              -nan
          0,           0,         738,      -8.621520063,      -6.748176046,      -8.064177547,      -4.958365197,      -10.69295692,   1.231442287e-08,   0.0009893968132,               100,               100,               100,       6409.460359,    0.002865511353,     -0.1882834093,                 0,                 0,                 0,     -0.1407314758,    0.002865511353,     -0.1882834093,                 0,      -65.70673996,              -nan
          0,           0,         739,      -8.621587674,       -6.74855855,      -8.064485581,      -4.958663464,      -10.69325846,   1.231445273e-08,   0.0009893968132,               100,               100,               100,       6409.460359,    0.002865510699,     -0.1882834111,                 0,                 0,                 0,     -0.1407314772,    0.002865510699,     -0.1882834111,                 0,      -65.70675556,              -nan
          0,           0,         740,      -8.621655286,      -6.748941066,      -8.064793658,      -4.958961755,      -10.69355997,    1.23144826e-08,   0.0009893968131,               100,               100,               100,       6409.460359,    0.002865510047,     -0.1882834128,                 0,                 0,                 0,     -0.1407314785,    0.002865510047,     -0.1882834128,                 0,      -65.70677114,              -nan
          0,           0,         741,        -8.6217229,      -6.749323592,      -8.065101707,      -4.959260036,      -10.69386145,   1.231451251e-08,   0.0009893968131,               100,               100,               100,       6409.460359,    0.002865509395,     -0.1882834146,                 0,                 0,                 0,     -0.1407314798,    0.002865509395,     -0.1882834146,                 0,      -65.70678671,              -nan
          0,           0,         742,      -8.621790516,       -6.74970613,      -8.065409677,      -4.959558175,      -10.69416291,   1.231454244e-08,    0.000989396813,               100,               100,               100,       6409.460359,    0.002865508743,     -0.1882834164,                 0,                 0,                 0,     -0.1407314812,    0.002865508743,     -0.1882834164,                 0,      -65.70680227,              -nan
          0,           0,         743,      -8.621858134,      -6.750088679,      -8.065717754,      -4.959856396,      -10.69446433,    1.23145724e-08,    0.000989396813,               100,               100,               100,       6409.460359,    0.002865508092,     -0.1882834181,                 0,                 0,                 0,     -0.1407314825,    0.002865508092,     -0.1882834181,                 0,      -65.70681781,              -nan
          0,           0,         744,      -8.621925753,      -6.750471238,      -8.066025786,      -4.960154485,      -10.69476572,   1.231460238e-08,    0.000989396813,               100,               100,               100,       6409.460359,    0.002865507441,     -0.1882834199,                 0,                 0,                 0,     -0.1407314839,    0.002865507441,     -0.1882834199,                 0,      -65.70683334,              -nan
          0,           0,         745,      -8.621993375,      -6.750853809,      -8.066333813,      -4.960452596,      -10.69506708,    1.23146324e-08,   0.0009893968129,               100,               100,               100,       6409.460359,    0.002865506791,     -0.1882834216,                 0,                 0,                 0,     -0.1407314852,    0.002865506791,     -0.1882834216,                 0,      -65.70684887,              -nan
          0,           0,         746,      -8.622060998,      -6.751236391,      -8.066641842,      -4.960750594,      -10.69536841,   1.231466244e-08,   0.0009893968129,               100,               100,               100,       6409.460359,    0.002865506141,     -0.1882834234,                 0,                 0,                 0,     -0.1407314866,    0.002865506141,     -0.1882834234,                 0,      -65.70686438,              -nan
          0,           0,         747,      -8.622128623,      -6.751618984,      -8.066949874,      -4.961048651,      -10.69566971,    1.23146925e-08,   0.0009893968128,               100,               100,               100,       6409.460359,    0.002865505492,     -0.1882834251,                 0,                 0,                 0,     -0.1407314879,    0.002865505492,     -0.1882834251,                 0,      -65.70687988,              -nan
          0,           0,         748,       -8.62219625,      -6.752001587,      -8.067257836,      -4.961346578,      -10.69597097,   1.231472259e-08,   0.0009893968128,               100,               100,               100,       6409.460359,    0.002865504843,     -0.1882834269,                 0,                 0,                 0,     -0.1407314892,    0.002865504843,     -0.1882834269,                 0,      -65.70689536,              -nan
          0,           0,         749,      -8.622263879,      -6.752384202,      -8.067565663,      -4.961644455,      -10.69627221,   1.231475271e-08,   0.0009893968127,               100,               100,               100,       6409.460359,    0.002865504195,     -0.1882834286,                 0,                 0,                 0,     -0.1407314906,    0.002865504195,     -0.1882834286,                 0,      -65.70691084,              -nan
          0,           0,         750,      -8.622331509,      -6.752766827,      -8.067873793,      -4.961942404,      -10.69657342,   1.231478286e-08,   0.0009893968127,               100,               100,               100,       6409.460359,    0.002865503547,     -0.1882834304,                 0,                 0,                 0,     -0.1407314919,    0.002865503547,     -0.1882834304,                 0,       -65.7069263,              -nan
          0,           0,         751,      -8.622399142,      -6.753149463,      -8.068181673,       -4.96224018,       -10.6968746,   1.231481303e-08,   0.0009893968126,               100,               100,               100,       6409.460359,      0.0028655029,     -0.1882834321,                 0,                 0,                 0,     -0.1407314933,      0.0028655029,     -0.1882834321,                 0,      -65.70694175,              -nan
          0,           0,         752,      -8.622466776,       -6.75353211,       -8.06848963,      -4.962537992,      -10.69717574,   1.231484323e-08,   0.0009893968126,               100,               100,               100,       6409.460359,    0.002865502253,     -0.1882834339,                 0,                 0,                 0,     -0.1407314946,    0.002865502253,     -0.1882834339,                 0,      -65.70695719,              -nan
          0,           0,         753,      -8.622534412,      -6.753914767,      -8.068797664,      -4.962835761,      -10.69747686,   1.231487346e-08,   0.0009893968126,               100,               100,               100,       6409.460359,    0.002865501607,     -0.1882834356,                 0,                 0,                 0,     -0.1407314959,    0.002865501607,     -0.1882834356,                 0,      -65.70697262,              -nan
          0,           0,         754,       -8.62260205,      -6.754297435,      -8.069105437,      -4.963133402,      -10.69777794,   1.231490371e-08,   0.0009893968125,               100,               100,               100,       6409.460359,    0.002865500961,     -0.1882834374,                 0,                 0,                 0,     -0.1407314973,    0.002865500961,     -0.1882834374,                 0,      -65.70698804,              -nan
          0,           0,         755,      -8.622669689,      -6.754680114,      -8.069413449,      -4.963431125,        -10.698079,   1.231493399e-08,   0.0009893968125,               100,               100,               100,       6409.460359,    0.002865500316,     -0.1882834391,                 0,                 0,                 0,     -0.1407314986,    0.002865500316,     -0.1882834391,                 0,      -65.70700344,              -nan
          0,           0,         756,      -8.622737331,      -6.755062803,      -8.069721381,      -4.963728751,      -10.69838002,    1.23149643e-08,   0.0009893968124,               100,               100,               100,       6409.460359,    0.002865499671,     -0.1882834409,                 0,                 0,                 0,     -0.1407314999,    0.002865499671,     -0.1882834409,                 0,      -65.70701884,              -nan
          0,           0,         757,      -8.622804974,      -6.755445503,      -8.070029133,      -4.964026251,      -10.69868102,   1.231499463e-08,   0.0009893968124,               100,               100,               100,       6409.460359,    0.002865499027,     -0.1882834426,                 0,                 0,                 0,     -0.1407315013,    0.002865499027,     -0.1882834426,                 0,      -65.70703422,              -nan
          0,           0,         758,       -8.62287262,      -6.755828213,      -8.070337133,      -4.964323843,      -10.69898198,   1.231502499e-08,   0.0009893968123,               100,               100,               100,       6409.460359,    0.002865498383,     -0.1882834444,                 0,                 0,                 0,     -0.1407315026,    0.002865498383,     -0.1882834444,                 0,      -65.70704959,              -nan
          0,           0,         759,      -8.622940266,      -6.756210934,       -8.07064499,      -4.964621326,      -10.69928291,   1.231505538e-08,   0.0009893968123,               100,               100,               100,       6409.460359,     0.00286549774,     -0.1882834461,                 0,                 0,                 0,     -0.1407315039,     0.00286549774,     -0.1882834461,                 0,      -65.70706495,              -nan
          0,           0,         760,      -8.623007915,      -6.756593665,      -8.070952889,      -4.964918782,      -10.69958381,   1.231508579e-08,   0.0009893968123,               100,               100,               100,       6409.460359,    0.002865497097,     -0.1882834478,                 0,                 0,                 0,     -0.1407315052,    0.002865497097,     -0.1882834478,                 0,      -65.70708029,              -nan
          0,           0,         761,      -8.623075566,      -6.756976407,      -8.071260864,       -4.96521627,      -10.69988468,   1.231511623e-08,   0.0009893968122,               100,               100,               100,       6409.460359,    0.002865496455,     -0.1882834496,                 0,                 0,                 0,     -0.1407315066,    0.002865496455,     -0.1882834496,                 0,      -65.70709563,              -nan
          0,           0,         762,      -8.623143218,      -6.757359159,      -8.071568597,      -4.965513569,      -10.70018552,    1.23151467e-08,   0.0009893968122,               100,               100,               100,       6409.460359,    0.002865495813,     -0.1882834513,                 0,                 0,                 0,     -0.1407315079,    0.002865495813,     -0.1882834513,                 0,      -65.70711095,              -nan
          0,           0,         763,      -8.623210872,      -6.757741921,      -8.071876472,      -4.965810908,      -10.70048633,   1.231517719e-08,   0.0009893968121,               100,               100,               100,       6409.460359,    0.002865495171,      -0.188283453,                 0,                 0,                 0,     -0.1407315092,    0.002865495171,      -0.188283453,                 0,      -65.70712627,              -nan
          0,           0,         764,      -8.623278528,      -6.758124694,      -8.072184311,      -4.966108194,      -10.70078711,   1.231520771e-08,   0.0009893968121,               100,               100,               100,       6409.460359,    0.002865494531,     -0.1882834548,                 0,                 0,                 0,     -0.1407315106,    0.002865494531,     -0.1882834548,                 0,      -65.70714157,              -nan
          0,           0,         765,      -8.623346186,      -6.758507476,      -8.072492126,      -4.966405444,      -10.70108786,   1.231523826e-08,    0.000989396812,               100,               100,               100,       6409.460359,     0.00286549389,     -0.1882834565,                 0,                 0,                 0,     -0.1407315119,     0.00286549389,     -0.1882834565,                 0,      -65.70715686,              -nan
          0,           0,         766,      -8.623413846,      -6.758890269,      -8.072799861,       -4.96670258,      -10.70138858,   1.231526883e-08,    0.000989396812,               100,               100,               100,       6409.460359,     0.00286549325,     -0.1882834582,                 0,                 0,                 0,     -0.1407315132,     0.00286549325,     -0.1882834582,                 0,      -65.70717213,              -nan
          0,           0,         767,      -8.623481507,      -6.759273073,      -8.073107852,      -4.966999834,      -10.70168926,   1.231529943e-08,   0.0009893968119,               100,               100,               100,       6409.460359,    0.002865492611,       -0.18828346,                 0,                 0,                 0,     -0.1407315145,    0.002865492611,       -0.18828346,                 0,       -65.7071874,              -nan
          0,           0,         768,       -8.62354917,      -6.759655886,      -8.073415512,      -4.967296913,      -10.70198992,   1.231533006e-08,   0.0009893968119,               100,               100,               100,       6409.460359,    0.002865491972,     -0.1882834617,                 0,                 0,                 0,     -0.1407315158,    0.002865491972,     -0.1882834617,                 0,      -65.70720265,              -nan
          0,           0,         769,      -8.623616835,      -6.760038709,      -8.073723335,      -4.967593973,      -10.70229054,   1.231536071e-08,   0.0009893968119,               100,               100,               100,       6409.460359,    0.002865491334,     -0.1882834634,                 0,                 0,                 0,     -0.1407315172,    0.002865491334,     -0.1882834634,                 0,       -65.7072179,              -nan
          0,           0,         770,      -8.623684502,      -6.760421543,      -8.074031104,      -4.967891032,      -10.70259114,   1.231539139e-08,   0.0009893968118,               100,               100,               100,       6409.460359,    0.002865490696,     -0.1882834652,                 0,                 0,                 0,     -0.1407315185,    0.002865490696,     -0.1882834652,                 0,      -65.70723313,              -nan
          0,           0,         771,      -8.623752171,      -6.760804386,      -8.074338855,      -4.968187973,       -10.7028917,    1.23154221e-08,   0.0009893968118,               100,               100,               100,       6409.460359,    0.002865490058,     -0.1882834669,                 0,                 0,                 0,     -0.1407315198,    0.002865490058,     -0.1882834669,                 0,      -65.70724835,              -nan
          0,           0,         772,      -8.623819841,      -6.761187239,      -8.074646623,      -4.968484951,      -10.70319223,   1.231545283e-08,   0.0009893968117,               100,               100,               100,       6409.460359,    0.002865489421,     -0.1882834686,                 0,                 0,                 0,     -0.1407315211,    0.002865489421,     -0.1882834686,                 0,      -65.70726355,              -nan
          0,           0,         773,      -8.623887514,      -6.761570102,       -8.07495446,       -4.96878185,      -10.70349273,   1.231548359e-08,   0.0009893968117,               100,               100,               100,       6409.460359,    0.002865488785,     -0.1882834703,                 0,                 0,                 0,     -0.1407315224,    0.002865488785,     -0.1882834703,                 0,      -65.70727875,              -nan
          0,           0,         774,      -8.623955188,      -6.761952976,      -8.075262123,       -4.96907875,       -10.7037932,   1.231551438e-08,   0.0009893968116,               100,               100,               100,       6409.460359,    0.002865488149,     -0.1882834721,                 0,                 0,                 0,     -0.1407315238,    0.002865488149,     -0.1882834721,                 0,      -65.70729394,              -nan
          0,           0,         775,      -8.624022864,      -6.762335858,      -8.075569868,      -4.969375531,      -10.70409364,   1.231554519e-08,   0.0009893968116,               100,               100,               100,       6409.460359,    0.002865487513,     -0.1882834738,                 0,                 0,                 0,     -0.1407315251,    0.002865487513,     -0.1882834738,                 0,      -65.70730911,              -nan
          0,           0,         776,      -8.624090541,      -6.762718751,        -8.0758775,      -4.969672292,      -10.70439405,   1.231557603e-08,   0.0009893968116,               100,               100,               100,       6409.460359,    0.002865486878,     -0.1882834755,                 0,                 0,                 0,     -0.1407315264,    0.002865486878,     -0.1882834755,                 0,      -65.70732427,              -nan
          0,           0,         777,      -8.624158221,      -6.763101654,       -8.07618532,       -4.96996904,      -10.70469443,    1.23156069e-08,   0.0009893968115,               100,               100,               100,       6409.460359,    0.002865486244,     -0.1882834772,                 0,                 0,                 0,     -0.1407315277,    0.002865486244,     -0.1882834772,                 0,      -65.70733942,              -nan
          0,           0,         778,      -8.624225902,      -6.763484566,      -8.076492938,      -4.970265708,      -10.70499477,   1.231563779e-08,   0.0009893968115,               100,               100,               100,       6409.460359,    0.002865485609,     -0.1882834789,                 0,                 0,                 0,      -0.140731529,    0.002865485609,     -0.1882834789,                 0,      -65.70735456,              -nan
          0,           0,         779,      -8.624293585,      -6.763867488,      -8.076800649,      -4.970562398,      -10.70529509,   1.231566871e-08,   0.0009893968114,               100,               100,               100,       6409.460359,    0.002865484976,     -0.1882834806,                 0,                 0,                 0,     -0.1407315303,    0.002865484976,     -0.1882834806,                 0,      -65.70736969,              -nan
          0,           0,         780,       -8.62436127,      -6.764250419,      -8.077108285,      -4.970858934,      -10.70559537,   1.231569966e-08,   0.0009893968114,               100,               100,               100,       6409.460359,    0.002865484343,     -0.1882834824,                 0,                 0,                 0,     -0.1407315316,    0.002865484343,     -0.1882834824,                 0,      -65.70738481,              -nan
          0,           0,         781,      -8.624428957,       -6.76463336,      -8.077416095,       -4.97115557,      -10.70589563,   1.231573063e-08,   0.0009893968113,               100,               100,               100,       6409.460359,     0.00286548371,     -0.1882834841,                 0,                 0,                 0,     -0.1407315329,     0.00286548371,     -0.1882834841,                 0,      -65.70739991,              -nan
          0,           0,         782,      -8.624496645,      -6.765016311,      -8.077723634,      -4.971452058,      -10.70619585,   1.231576163e-08,   0.0009893968113,               100,               100,               100,       6409.460359,    0.002865483078,     -0.1882834858,                 0,                 0,                 0,     -0.1407315343,    0.002865483078,     -0.1882834858,                 0,        -65.707415,              -nan
          0,           0,         783,      -8.624564335,      -6.765399271,      -8.078031257,      -4.971748508,      -10.70649604,   1.231579266e-08,   0.0009893968113,               100,               100,               100,       6409.460359,    0.002865482446,     -0.1882834875,                 0,                 0,                 0,     -0.1407315356,    0.002865482446,     -0.1882834875,                 0,      -65.70743009,              -nan
          0,           0,         784,      -8.624632027,       -6.76578224,       -8.07833901,      -4.972044992,       -10.7067962,   1.231582371e-08,   0.0009893968112,               100,               100,               100,       6409.460359,    0.002865481815,     -0.1882834892,                 0,                 0,                 0,     -0.1407315369,    0.002865481815,     -0.1882834892,                 0,      -65.70744516,              -nan
          0,           0,         785,      -8.624699721,      -6.766165219,      -8.078646523,      -4.972341319,      -10.70709633,   1.231585479e-08,   0.0009893968112,               100,               100,               100,       6409.460359,    0.002865481184,     -0.1882834909,                 0,                 0,                 0,     -0.1407315382,    0.002865481184,     -0.1882834909,                 0,      -65.70746022,              -nan
          0,           0,         786,      -8.624767417,      -6.766548208,      -8.078954197,      -4.972637706,      -10.70739643,   1.231588589e-08,   0.0009893968111,               100,               100,               100,       6409.460359,    0.002865480554,     -0.1882834926,                 0,                 0,                 0,     -0.1407315395,    0.002865480554,     -0.1882834926,                 0,      -65.70747526,              -nan
          0,           0,         787,      -8.624835114,      -6.766931205,       -8.07926184,      -4.972933999,       -10.7076965,   1.231591703e-08,   0.0009893968111,               100,               100,               100,       6409.460359,    0.002865479924,     -0.1882834943,                 0,                 0,                 0,     -0.1407315408,    0.002865479924,     -0.1882834943,                 0,       -65.7074903,              -nan
          0,           0,         788,      -8.624902814,      -6.767314212,      -8.079569421,      -4.973230266,      -10.70799653,   1.231594819e-08,    0.000989396811,               100,               100,               100,       6409.460359,    0.002865479295,      -0.188283496,                 0,                 0,                 0,     -0.1407315421,    0.002865479295,      -0.188283496,                 0,      -65.70750533,              -nan
          0,           0,         789,      -8.624970515,      -6.767697228,      -8.079876983,       -4.97352645,      -10.70829654,   1.231597937e-08,    0.000989396811,               100,               100,               100,       6409.460359,    0.002865478666,     -0.1882834977,                 0,                 0,                 0,     -0.1407315434,    0.002865478666,     -0.1882834977,                 0,      -65.70752034,              -nan
          0,           0,         790,      -8.625038217,      -6.768080254,      -8.080184556,      -4.973822658,      -10.70859651,   1.231601058e-08,    0.000989396811,               100,               100,               100,       6409.460359,    0.002865478038,     -0.1882834994,                 0,                 0,                 0,     -0.1407315447,    0.002865478038,     -0.1882834994,                 0,      -65.70753534,              -nan
          0,           0,         791,      -8.625105922,      -6.768463288,      -8.080492192,      -4.974118779,      -10.70889645,   1.231604182e-08,   0.0009893968109,               100,               100,               100,       6409.460359,     0.00286547741,     -0.1882835011,                 0,                 0,                 0,      -0.140731546,     0.00286547741,     -0.1882835011,                 0,      -65.70755033,              -nan
          0,           0,         792,      -8.625173628,      -6.768846332,      -8.080799696,       -4.97441483,      -10.70919636,   1.231607309e-08,   0.0009893968109,               100,               100,               100,       6409.460359,    0.002865476783,     -0.1882835029,                 0,                 0,                 0,     -0.1407315473,    0.002865476783,     -0.1882835029,                 0,      -65.70756531,              -nan
          0,           0,         793,      -8.625241337,      -6.769229385,      -8.081107296,       -4.97471092,      -10.70949624,   1.231610438e-08,   0.0009893968108,               100,               100,               100,       6409.460359,    0.002865476156,     -0.1882835045,                 0,                 0,                 0,     -0.1407315486,    0.002865476156,     -0.1882835045,                 0,      -65.70758028,              -nan
          0,           0,         794,      -8.625309047,      -6.769612446,      -8.081414811,      -4.975006892,      -10.70979609,    1.23161357e-08,   0.0009893968108,               100,               100,               100,       6409.460359,    0.002865475529,     -0.1882835062,                 0,                 0,                 0,     -0.1407315499,    0.002865475529,     -0.1882835062,                 0,      -65.70759524,              -nan
          0,           0,         795,      -8.625376758,      -6.769995517,      -8.081722343,      -4.975302832,      -10.71009591,   1.231616704e-08,   0.0009893968107,               100,               100,               100,       6409.460359,    0.002865474903,     -0.1882835079,                 0,                 0,                 0,     -0.1407315512,    0.002865474903,     -0.1882835079,                 0,      -65.70761019,              -nan
          0,           0,         796,      -8.625444472,      -6.770378597,       -8.08202983,      -4.975598743,       -10.7103957,   1.231619841e-08,   0.0009893968107,               100,               100,               100,       6409.460359,    0.002865474278,     -0.1882835096,                 0,                 0,                 0,     -0.1407315525,    0.002865474278,     -0.1882835096,                 0,      -65.70762512,              -nan
          0,           0,         797,      -8.625512187,      -6.770761685,      -8.082337282,      -4.975894625,      -10.71069545,   1.231622981e-08,   0.0009893968107,               100,               100,               100,       6409.460359,    0.002865473653,     -0.1882835113,                 0,                 0,                 0,     -0.1407315538,    0.002865473653,     -0.1882835113,                 0,      -65.70764004,              -nan
          0,           0,         798,      -8.625579904,      -6.771144783,      -8.082644951,      -4.976190462,      -10.71099517,   1.231626124e-08,   0.0009893968106,               100,               100,               100,       6409.460359,    0.002865473028,      -0.188283513,                 0,                 0,                 0,     -0.1407315551,    0.002865473028,      -0.188283513,                 0,      -65.70765496,              -nan
          0,           0,         799,      -8.625647623,      -6.771527889,      -8.082952353,      -4.976486244,      -10.71129487,   1.231629269e-08,   0.0009893968106,               100,               100,               100,       6409.460359,    0.002865472404,     -0.1882835147,                 0,                 0,                 0,     -0.1407315564,    0.002865472404,     -0.1882835147,                 0,      -65.70766986,              -nan
          0,           0,         800,      -8.625715344,      -6.771911004,      -8.083259906,      -4.976781992,      -10.71159453,   1.231632416e-08,   0.0009893968105,               100,               100,               100,       6409.460359,    0.002865471781,     -0.1882835164,                 0,                 0,                 0,     -0.1407315577,    0.002865471781,     -0.1882835164,                 0,      -65.70768475,              -nan
          0,           0,         801,      -8.625783066,      -6.772294128,      -8.083567175,      -4.977077604,      -10.71189416,   1.231635567e-08,   0.0009893968105,               100,               100,               100,       6409.460359,    0.002865471158,     -0.1882835181,                 0,                 0,                 0,      -0.140731559,    0.002865471158,     -0.1882835181,                 0,      -65.70769962,              -nan
          0,           0,         802,      -8.625850791,      -6.772677261,      -8.083874726,      -4.977373296,      -10.71219376,    1.23163872e-08,   0.0009893968104,               100,               100,               100,       6409.460359,    0.002865470535,     -0.1882835198,                 0,                 0,                 0,     -0.1407315603,    0.002865470535,     -0.1882835198,                 0,      -65.70771449,              -nan
          0,           0,         803,      -8.625918516,      -6.773060402,      -8.084182335,      -4.977668941,      -10.71249332,   1.231641876e-08,   0.0009893968104,               100,               100,               100,       6409.460359,    0.002865469913,     -0.1882835215,                 0,                 0,                 0,     -0.1407315615,    0.002865469913,     -0.1882835215,                 0,      -65.70772935,              -nan
          0,           0,         804,      -8.625986244,      -6.773443552,      -8.084489614,       -4.97796445,      -10.71279286,   1.231645034e-08,   0.0009893968104,               100,               100,               100,       6409.460359,    0.002865469291,     -0.1882835232,                 0,                 0,                 0,     -0.1407315628,    0.002865469291,     -0.1882835232,                 0,      -65.70774419,              -nan
          0,           0,         805,      -8.626053974,       -6.77382671,      -8.084797009,      -4.978259957,      -10.71309236,   1.231648195e-08,   0.0009893968103,               100,               100,               100,       6409.460359,     0.00286546867,     -0.1882835249,                 0,                 0,                 0,     -0.1407315641,     0.00286546867,     -0.1882835249,                 0,      -65.70775902,              -nan
          0,           0,         806,      -8.626121705,      -6.774209877,      -8.085104559,      -4.978555471,      -10.71339183,   1.231651359e-08,   0.0009893968103,               100,               100,               100,       6409.460359,    0.002865468049,     -0.1882835265,                 0,                 0,                 0,     -0.1407315654,    0.002865468049,     -0.1882835265,                 0,      -65.70777385,              -nan
          0,           0,         807,      -8.626189438,      -6.774593052,      -8.085411947,      -4.978850901,      -10.71369128,   1.231654525e-08,   0.0009893968102,               100,               100,               100,       6409.460359,    0.002865467429,     -0.1882835282,                 0,                 0,                 0,     -0.1407315667,    0.002865467429,     -0.1882835282,                 0,      -65.70778866,              -nan
          0,           0,         808,      -8.626257173,      -6.774976236,      -8.085719381,      -4.979146298,      -10.71399069,   1.231657694e-08,   0.0009893968102,               100,               100,               100,       6409.460359,    0.002865466809,     -0.1882835299,                 0,                 0,                 0,      -0.140731568,    0.002865466809,     -0.1882835299,                 0,      -65.70780346,              -nan
          0,           0,         809,       -8.62632491,      -6.775359428,      -8.086026669,      -4.979441589,      -10.71429006,   1.231660865e-08,   0.0009893968102,               100,               100,               100,       6409.460359,     0.00286546619,     -0.1882835316,                 0,                 0,                 0,     -0.1407315693,     0.00286546619,     -0.1882835316,                 0,      -65.70781824,              -nan
          0,           0,         810,      -8.626392648,      -6.775742628,      -8.086334106,      -4.979736898,      -10.71458941,    1.23166404e-08,   0.0009893968101,               100,               100,               100,       6409.460359,    0.002865465571,     -0.1882835333,                 0,                 0,                 0,     -0.1407315706,    0.002865465571,     -0.1882835333,                 0,      -65.70783302,              -nan
          0,           0,         811,      -8.626460389,      -6.776125837,      -8.086641537,      -4.980032169,      -10.71488873,   1.231667216e-08,   0.0009893968101,               100,               100,               100,       6409.460359,    0.002865464953,     -0.1882835349,                 0,                 0,                 0,     -0.1407315718,    0.002865464953,     -0.1882835349,                 0,      -65.70784779,              -nan
          0,           0,         812,       -8.62652813,      -6.776509054,      -8.086948838,      -4.980327352,      -10.71518801,   1.231670396e-08,     0.00098939681,               100,               100,               100,       6409.460359,    0.002865464335,     -0.1882835366,                 0,                 0,                 0,     -0.1407315731,    0.002865464335,     -0.1882835366,                 0,      -65.70786254,              -nan
          0,           0,         813,      -8.626595874,      -6.776892279,      -8.087256173,      -4.980622556,      -10.71548726,   1.231673578e-08,     0.00098939681,               100,               100,               100,       6409.460359,    0.002865463717,     -0.1882835383,                 0,                 0,                 0,     -0.1407315744,    0.002865463717,     -0.1882835383,                 0,      -65.70787729,              -nan
          0,           0,         814,       -8.62666362,      -6.777275512,      -8.087563524,      -4.980917617,      -10.71578648,   1.231676763e-08,   0.0009893968099,               100,               100,               100,       6409.460359,      0.0028654631,       -0.18828354,                 0,                 0,                 0,     -0.1407315757,      0.0028654631,       -0.18828354,                 0,      -65.70789202,              -nan
          0,           0,         815,      -8.626731367,      -6.777658754,      -8.087870877,      -4.981212729,      -10.71608567,    1.23167995e-08,   0.0009893968099,               100,               100,               100,       6409.460359,    0.002865462484,     -0.1882835416,                 0,                 0,                 0,      -0.140731577,    0.002865462484,     -0.1882835416,                 0,      -65.70790674,              -nan
          0,           0,         816,      -8.626799116,      -6.778042003,       -8.08817819,      -4.981507774,      -10.71638483,   1.231683141e-08,   0.0009893968099,               100,               100,               100,       6409.460359,    0.002865461868,     -0.1882835433,                 0,                 0,                 0,     -0.1407315782,    0.002865461868,     -0.1882835433,                 0,      -65.70792145,              -nan
          0,           0,         817,      -8.626866867,      -6.778425261,      -8.088485526,       -4.98180276,      -10.71668396,   1.231686333e-08,   0.0009893968098,               100,               100,               100,       6409.460359,    0.002865461252,      -0.188283545,                 0,                 0,                 0,     -0.1407315795,    0.002865461252,      -0.188283545,                 0,      -65.70793615,              -nan
          0,           0,         818,       -8.62693462,      -6.778808526,      -8.088792841,      -4.982097665,      -10.71698305,   1.231689529e-08,   0.0009893968098,               100,               100,               100,       6409.460359,    0.002865460637,     -0.1882835467,                 0,                 0,                 0,     -0.1407315808,    0.002865460637,     -0.1882835467,                 0,      -65.70795084,              -nan
          0,           0,         819,      -8.627002374,        -6.7791918,      -8.089100013,      -4.982392548,      -10.71728211,   1.231692727e-08,   0.0009893968097,               100,               100,               100,       6409.460359,    0.002865460022,     -0.1882835483,                 0,                 0,                 0,     -0.1407315821,    0.002865460022,     -0.1882835483,                 0,      -65.70796552,              -nan
          0,           0,         820,       -8.62707013,      -6.779575081,      -8.089407356,      -4.982687442,      -10.71758114,   1.231695927e-08,   0.0009893968097,               100,               100,               100,       6409.460359,    0.002865459408,       -0.18828355,                 0,                 0,                 0,     -0.1407315834,    0.002865459408,       -0.18828355,                 0,      -65.70798018,              -nan
          0,           0,         821,      -8.627137888,       -6.77995837,      -8.089714605,       -4.98298224,      -10.71788014,   1.231699131e-08,   0.0009893968096,               100,               100,               100,       6409.460359,    0.002865458794,     -0.1882835517,                 0,                 0,                 0,     -0.1407315846,    0.002865458794,     -0.1882835517,                 0,      -65.70799484,              -nan
          0,           0,         822,      -8.627205648,      -6.780341667,      -8.090021911,      -4.983276965,      -10.71817911,   1.231702337e-08,   0.0009893968096,               100,               100,               100,       6409.460359,    0.002865458181,     -0.1882835533,                 0,                 0,                 0,     -0.1407315859,    0.002865458181,     -0.1882835533,                 0,      -65.70800948,              -nan
          0,           0,         823,      -8.627273409,      -6.780724971,       -8.09032922,      -4.983571773,      -10.71847805,   1.231705545e-08,   0.0009893968096,               100,               100,               100,       6409.460359,    0.002865457568,      -0.188283555,                 0,                 0,                 0,     -0.1407315872,    0.002865457568,      -0.188283555,                 0,      -65.70802411,              -nan
          0,           0,         824,      -8.627341172,      -6.781108283,       -8.09063636,      -4.983866345,      -10.71877695,   1.231708757e-08,   0.0009893968095,               100,               100,               100,       6409.460359,    0.002865456956,     -0.1882835567,                 0,                 0,                 0,     -0.1407315884,    0.002865456956,     -0.1882835567,                 0,      -65.70803874,              -nan
          0,           0,         825,      -8.627408937,      -6.781491604,      -8.090943616,      -4.984161003,      -10.71907582,   1.231711971e-08,   0.0009893968095,               100,               100,               100,       6409.460359,    0.002865456344,     -0.1882835583,                 0,                 0,                 0,     -0.1407315897,    0.002865456344,     -0.1882835583,                 0,      -65.70805335,              -nan
          0,           0,         826,      -8.627476704,      -6.781874931,      -8.091250829,      -4.984455594,      -10.71937467,   1.231715187e-08,   0.0009893968094,               100,               100,               100,       6409.460359,    0.002865455733,       -0.18828356,                 0,                 0,                 0,      -0.140731591,    0.002865455733,       -0.18828356,                 0,      -65.70806795,              -nan
          0,           0,         827,      -8.627544472,      -6.782258266,       -8.09155804,       -4.98475013,      -10.71967347,   1.231718406e-08,   0.0009893968094,               100,               100,               100,       6409.460359,    0.002865455122,     -0.1882835616,                 0,                 0,                 0,     -0.1407315923,    0.002865455122,     -0.1882835616,                 0,      -65.70808253,              -nan
          0,           0,         828,      -8.627612243,      -6.782641609,      -8.091865248,      -4.985044625,      -10.71997225,   1.231721628e-08,   0.0009893968094,               100,               100,               100,       6409.460359,    0.002865454511,     -0.1882835633,                 0,                 0,                 0,     -0.1407315935,    0.002865454511,     -0.1882835633,                 0,      -65.70809711,              -nan
          0,           0,         829,      -8.627680015,      -6.783024959,      -8.092172386,      -4.985339036,        -10.720271,   1.231724853e-08,   0.0009893968093,               100,               100,               100,       6409.460359,    0.002865453901,      -0.188283565,                 0,                 0,                 0,     -0.1407315948,    0.002865453901,      -0.188283565,                 0,      -65.70811168,              -nan
          0,           0,         830,      -8.627747788,      -6.783408316,      -8.092479599,      -4.985633475,      -10.72056971,    1.23172808e-08,   0.0009893968093,               100,               100,               100,       6409.460359,    0.002865453292,     -0.1882835666,                 0,                 0,                 0,     -0.1407315961,    0.002865453292,     -0.1882835666,                 0,      -65.70812623,              -nan
          0,           0,         831,      -8.627815564,      -6.783791681,      -8.092786939,      -4.985927864,      -10.72086839,   1.231731309e-08,   0.0009893968092,               100,               100,               100,       6409.460359,    0.002865452683,     -0.1882835683,                 0,                 0,                 0,     -0.1407315973,    0.002865452683,     -0.1882835683,                 0,      -65.70814078,              -nan
          0,           0,         832,      -8.627883341,      -6.784175053,      -8.093093996,      -4.986222175,      -10.72116704,   1.231734542e-08,   0.0009893968092,               100,               100,               100,       6409.460359,    0.002865452074,     -0.1882835699,                 0,                 0,                 0,     -0.1407315986,    0.002865452074,     -0.1882835699,                 0,      -65.70815531,              -nan
          0,           0,         833,       -8.62795112,      -6.784558433,      -8.093401118,      -4.986516427,      -10.72146566,   1.231737777e-08,   0.0009893968092,               100,               100,               100,       6409.460359,    0.002865451466,     -0.1882835716,                 0,                 0,                 0,     -0.1407315999,    0.002865451466,     -0.1882835716,                 0,      -65.70816984,              -nan
          0,           0,         834,      -8.628018901,      -6.784941819,      -8.093708323,      -4.986810662,      -10.72176425,   1.231741014e-08,   0.0009893968091,               100,               100,               100,       6409.460359,    0.002865450858,     -0.1882835732,                 0,                 0,                 0,     -0.1407316011,    0.002865450858,     -0.1882835732,                 0,      -65.70818435,              -nan
          0,           0,         835,      -8.628086684,      -6.785325213,      -8.094015316,       -4.98710476,       -10.7220628,   1.231744255e-08,   0.0009893968091,               100,               100,               100,       6409.460359,    0.002865450251,     -0.1882835749,                 0,                 0,                 0,     -0.1407316024,    0.002865450251,     -0.1882835749,                 0,      -65.70819885,              -nan
          0,           0,         836,      -8.628154468,      -6.785708614,      -8.094322585,      -4.987398977,      -10.72236132,   1.231747498e-08,    0.000989396809,               100,               100,               100,       6409.460359,    0.002865449644,     -0.1882835765,                 0,                 0,                 0,     -0.1407316036,    0.002865449644,     -0.1882835765,                 0,      -65.70821334,              -nan
          0,           0,         837,      -8.628222254,      -6.786092022,      -8.094629554,      -4.987693007,      -10.72265981,   1.231750743e-08,    0.000989396809,               100,               100,               100,       6409.460359,    0.002865449038,     -0.1882835782,                 0,                 0,                 0,     -0.1407316049,    0.002865449038,     -0.1882835782,                 0,      -65.70822782,              -nan
          0,           0,         838,      -8.628290042,      -6.786475437,      -8.094936719,      -4.987987071,      -10.72295827,   1.231753991e-08,   0.0009893968089,               100,               100,               100,       6409.460359,    0.002865448432,     -0.1882835798,                 0,                 0,                 0,     -0.1407316062,    0.002865448432,     -0.1882835798,                 0,      -65.70824228,              -nan
          0,           0,         839,      -8.628357831,      -6.786858859,       -8.09524373,      -4.988281077,       -10.7232567,   1.231757242e-08,   0.0009893968089,               100,               100,               100,       6409.460359,    0.002865447827,     -0.1882835815,                 0,                 0,                 0,     -0.1407316074,    0.002865447827,     -0.1882835815,                 0,      -65.70825674,              -nan
          0,           0,         840,      -8.628425622,      -6.787242288,      -8.095550841,      -4.988574979,      -10.72355509,   1.231760496e-08,   0.0009893968089,               100,               100,               100,       6409.460359,    0.002865447222,     -0.1882835831,                 0,                 0,                 0,     -0.1407316087,    0.002865447222,     -0.1882835831,                 0,      -65.70827119,              -nan
          0,           0,         841,      -8.628493415,      -6.787625724,      -8.095857981,      -4.988868944,      -10.72385346,   1.231763752e-08,   0.0009893968088,               100,               100,               100,       6409.460359,    0.002865446617,     -0.1882835848,                 0,                 0,                 0,     -0.1407316099,    0.002865446617,     -0.1882835848,                 0,      -65.70828562,              -nan
          0,           0,         842,       -8.62856121,      -6.788009167,      -8.096164961,      -4.989162755,      -10.72415179,    1.23176701e-08,   0.0009893968088,               100,               100,               100,       6409.460359,    0.002865446013,     -0.1882835864,                 0,                 0,                 0,     -0.1407316112,    0.002865446013,     -0.1882835864,                 0,      -65.70830005,              -nan
          0,           0,         843,      -8.628629007,      -6.788392616,      -8.096472101,      -4.989456564,      -10.72445009,   1.231770272e-08,   0.0009893968087,               100,               100,               100,       6409.460359,     0.00286544541,     -0.1882835881,                 0,                 0,                 0,     -0.1407316125,     0.00286544541,     -0.1882835881,                 0,      -65.70831446,              -nan
          0,           0,         844,      -8.628696805,      -6.788776073,      -8.096779116,      -4.989750377,      -10.72474835,   1.231773536e-08,   0.0009893968087,               100,               100,               100,       6409.460359,    0.002865444807,     -0.1882835897,                 0,                 0,                 0,     -0.1407316137,    0.002865444807,     -0.1882835897,                 0,      -65.70832886,              -nan
          0,           0,         845,      -8.628764605,      -6.789159535,      -8.097086028,      -4.990044099,      -10.72504659,   1.231776803e-08,   0.0009893968087,               100,               100,               100,       6409.460359,    0.002865444204,     -0.1882835913,                 0,                 0,                 0,      -0.140731615,    0.002865444204,     -0.1882835913,                 0,      -65.70834325,              -nan
          0,           0,         846,      -8.628832407,      -6.789543005,      -8.097393101,      -4.990337759,      -10.72534479,   1.231780072e-08,   0.0009893968086,               100,               100,               100,       6409.460359,    0.002865443602,      -0.188283593,                 0,                 0,                 0,     -0.1407316162,    0.002865443602,      -0.188283593,                 0,      -65.70835764,              -nan
          0,           0,         847,       -8.62890021,      -6.789926481,      -8.097700138,      -4.990631354,      -10.72564296,   1.231783344e-08,   0.0009893968086,               100,               100,               100,       6409.460359,       0.002865443,     -0.1882835946,                 0,                 0,                 0,     -0.1407316175,       0.002865443,     -0.1882835946,                 0,        -65.708372,              -nan
          0,           0,         848,      -8.628968016,      -6.790309964,      -8.098007105,      -4.990924953,       -10.7259411,   1.231786618e-08,   0.0009893968085,               100,               100,               100,       6409.460359,    0.002865442399,     -0.1882835963,                 0,                 0,                 0,     -0.1407316187,    0.002865442399,     -0.1882835963,                 0,      -65.70838636,              -nan
          0,           0,         849,      -8.629035823,      -6.790693453,      -8.098313998,      -4.991218481,       -10.7262392,   1.231789895e-08,   0.0009893968085,               100,               100,               100,       6409.460359,    0.002865441798,     -0.1882835979,                 0,                 0,                 0,       -0.14073162,    0.002865441798,     -0.1882835979,                 0,      -65.70840071,              -nan
          0,           0,         850,      -8.629103631,      -6.791076949,      -8.098621038,      -4.991511984,      -10.72653728,   1.231793175e-08,   0.0009893968085,               100,               100,               100,       6409.460359,    0.002865441198,     -0.1882835995,                 0,                 0,                 0,     -0.1407316212,    0.002865441198,     -0.1882835995,                 0,      -65.70841505,              -nan
          0,           0,         851,      -8.629171442,      -6.791460451,      -8.098928069,       -4.99180543,      -10.72683532,   1.231796458e-08,   0.0009893968084,               100,               100,               100,       6409.460359,    0.002865440598,     -0.1882836012,                 0,                 0,                 0,     -0.1407316225,    0.002865440598,     -0.1882836012,                 0,      -65.70842938,              -nan
          0,           0,         852,      -8.629239254,      -6.791843959,      -8.099234904,      -4.992098823,      -10.72713333,   1.231799743e-08,   0.0009893968084,               100,               100,               100,       6409.460359,    0.002865439998,     -0.1882836028,                 0,                 0,                 0,     -0.1407316237,    0.002865439998,     -0.1882836028,                 0,      -65.70844369,              -nan
          0,           0,         853,      -8.629307068,      -6.792227474,      -8.099541842,      -4.992392172,      -10.72743131,    1.23180303e-08,   0.0009893968083,               100,               100,               100,       6409.460359,    0.002865439399,     -0.1882836044,                 0,                 0,                 0,      -0.140731625,    0.002865439399,     -0.1882836044,                 0,        -65.708458,              -nan
          0,           0,         854,      -8.629374884,      -6.792610994,       -8.09984889,      -4.992685489,      -10.72772925,   1.231806321e-08,   0.0009893968083,               100,               100,               100,       6409.460359,    0.002865438801,      -0.188283606,                 0,                 0,                 0,     -0.1407316262,    0.002865438801,      -0.188283606,                 0,      -65.70847229,              -nan
          0,           0,         855,      -8.629442701,      -6.792994521,      -8.100155729,      -4.992978738,      -10.72802717,   1.231809614e-08,   0.0009893968082,               100,               100,               100,       6409.460359,    0.002865438203,     -0.1882836077,                 0,                 0,                 0,     -0.1407316275,    0.002865438203,     -0.1882836077,                 0,      -65.70848657,              -nan
          0,           0,         856,       -8.62951052,      -6.793378055,      -8.100462668,      -4.993272003,      -10.72832505,   1.231812909e-08,   0.0009893968082,               100,               100,               100,       6409.460359,    0.002865437605,     -0.1882836093,                 0,                 0,                 0,     -0.1407316287,    0.002865437605,     -0.1882836093,                 0,      -65.70850085,              -nan
          0,           0,         857,      -8.629578341,      -6.793761594,      -8.100769543,      -4.993565108,       -10.7286229,   1.231816208e-08,   0.0009893968082,               100,               100,               100,       6409.460359,    0.002865437008,     -0.1882836109,                 0,                 0,                 0,       -0.14073163,    0.002865437008,     -0.1882836109,                 0,      -65.70851511,              -nan
          0,           0,         858,      -8.629646164,      -6.794145139,      -8.101076466,      -4.993858307,      -10.72892071,   1.231819508e-08,   0.0009893968081,               100,               100,               100,       6409.460359,    0.002865436411,     -0.1882836126,                 0,                 0,                 0,     -0.1407316312,    0.002865436411,     -0.1882836126,                 0,      -65.70852936,              -nan
          0,           0,         859,      -8.629713988,      -6.794528691,      -8.101383321,      -4.994151301,       -10.7292185,   1.231822812e-08,   0.0009893968081,               100,               100,               100,       6409.460359,    0.002865435815,     -0.1882836142,                 0,                 0,                 0,     -0.1407316324,    0.002865435815,     -0.1882836142,                 0,       -65.7085436,              -nan
          0,           0,         860,      -8.629781815,      -6.794912248,      -8.101690165,       -4.99444436,      -10.72951625,   1.231826118e-08,    0.000989396808,               100,               100,               100,       6409.460359,    0.002865435219,     -0.1882836158,                 0,                 0,                 0,     -0.1407316337,    0.002865435219,     -0.1882836158,                 0,      -65.70855783,              -nan
          0,           0,         861,      -8.629849642,      -6.795295811,      -8.101997012,      -4.994737308,      -10.72981397,   1.231829427e-08,    0.000989396808,               100,               100,               100,       6409.460359,    0.002865434624,     -0.1882836174,                 0,                 0,                 0,     -0.1407316349,    0.002865434624,     -0.1882836174,                 0,      -65.70857205,              -nan
          0,           0,         862,      -8.629917472,       -6.79567938,      -8.102303902,      -4.995030297,      -10.73011165,   1.231832738e-08,    0.000989396808,               100,               100,               100,       6409.460359,    0.002865434029,      -0.188283619,                 0,                 0,                 0,     -0.1407316362,    0.002865434029,      -0.188283619,                 0,      -65.70858626,              -nan
          0,           0,         863,      -8.629985303,      -6.796062955,      -8.102610693,      -4.995323142,      -10.73040931,   1.231836052e-08,   0.0009893968079,               100,               100,               100,       6409.460359,    0.002865433434,     -0.1882836207,                 0,                 0,                 0,     -0.1407316374,    0.002865433434,     -0.1882836207,                 0,      -65.70860045,              -nan
          0,           0,         864,      -8.630053136,      -6.796446535,      -8.102917645,      -4.995616045,      -10.73070693,   1.231839369e-08,   0.0009893968079,               100,               100,               100,       6409.460359,     0.00286543284,     -0.1882836223,                 0,                 0,                 0,     -0.1407316386,     0.00286543284,     -0.1882836223,                 0,      -65.70861464,              -nan
          0,           0,         865,      -8.630120971,      -6.796830122,      -8.103224364,      -4.995908833,      -10.73100452,   1.231842688e-08,   0.0009893968078,               100,               100,               100,       6409.460359,    0.002865432247,     -0.1882836239,                 0,                 0,                 0,     -0.1407316399,    0.002865432247,     -0.1882836239,                 0,      -65.70862882,              -nan
          0,           0,         866,      -8.630188808,      -6.797213713,      -8.103531153,      -4.996201572,      -10.73130208,    1.23184601e-08,   0.0009893968078,               100,               100,               100,       6409.460359,    0.002865431654,     -0.1882836255,                 0,                 0,                 0,     -0.1407316411,    0.002865431654,     -0.1882836255,                 0,      -65.70864298,              -nan
          0,           0,         867,      -8.630256646,      -6.797597311,      -8.103837857,      -4.996494214,       -10.7315996,   1.231849335e-08,   0.0009893968078,               100,               100,               100,       6409.460359,    0.002865431061,     -0.1882836271,                 0,                 0,                 0,     -0.1407316424,    0.002865431061,     -0.1882836271,                 0,      -65.70865714,              -nan
          0,           0,         868,      -8.630324486,      -6.797980914,      -8.104144772,      -4.996786906,       -10.7318971,   1.231852662e-08,   0.0009893968077,               100,               100,               100,       6409.460359,    0.002865430469,     -0.1882836287,                 0,                 0,                 0,     -0.1407316436,    0.002865430469,     -0.1882836287,                 0,      -65.70867128,              -nan
          0,           0,         869,      -8.630392328,      -6.798364522,      -8.104451475,      -4.997079544,      -10.73219456,   1.231855991e-08,   0.0009893968077,               100,               100,               100,       6409.460359,    0.002865429877,     -0.1882836304,                 0,                 0,                 0,     -0.1407316448,    0.002865429877,     -0.1882836304,                 0,      -65.70868541,              -nan
          0,           0,         870,      -8.630460171,      -6.798748136,      -8.104758216,      -4.997372059,      -10.73249199,   1.231859324e-08,   0.0009893968076,               100,               100,               100,       6409.460359,    0.002865429286,      -0.188283632,                 0,                 0,                 0,     -0.1407316461,    0.002865429286,      -0.188283632,                 0,      -65.70869953,              -nan
          0,           0,         871,      -8.630528016,      -6.799131755,      -8.105065028,      -4.997664591,      -10.73278938,   1.231862659e-08,   0.0009893968076,               100,               100,               100,       6409.460359,    0.002865428695,     -0.1882836336,                 0,                 0,                 0,     -0.1407316473,    0.002865428695,     -0.1882836336,                 0,      -65.70871365,              -nan
          0,           0,         872,      -8.630595863,      -6.799515379,      -8.105371827,      -4.997957107,      -10.73308674,   1.231865997e-08,   0.0009893968076,               100,               100,               100,       6409.460359,    0.002865428104,     -0.1882836352,                 0,                 0,                 0,     -0.1407316485,    0.002865428104,     -0.1882836352,                 0,      -65.70872775,              -nan
          0,           0,         873,      -8.630663712,      -6.799899009,      -8.105678484,      -4.998249497,      -10.73338407,   1.231869337e-08,   0.0009893968075,               100,               100,               100,       6409.460359,    0.002865427514,     -0.1882836368,                 0,                 0,                 0,     -0.1407316498,    0.002865427514,     -0.1882836368,                 0,      -65.70874184,              -nan
          0,           0,         874,      -8.630731562,      -6.800282644,      -8.105985216,      -4.998541839,      -10.73368137,    1.23187268e-08,   0.0009893968075,               100,               100,               100,       6409.460359,    0.002865426925,     -0.1882836384,                 0,                 0,                 0,      -0.140731651,    0.002865426925,     -0.1882836384,                 0,      -65.70875592,              -nan
          0,           0,         875,      -8.630799414,      -6.800666284,      -8.106291856,      -4.998834215,      -10.73397864,   1.231876025e-08,   0.0009893968074,               100,               100,               100,       6409.460359,    0.002865426336,       -0.18828364,                 0,                 0,                 0,     -0.1407316522,    0.002865426336,       -0.18828364,                 0,      -65.70876999,              -nan
          0,           0,         876,      -8.630867268,       -6.80104993,      -8.106598706,      -4.999126493,      -10.73427587,   1.231879373e-08,   0.0009893968074,               100,               100,               100,       6409.460359,    0.002865425747,     -0.1882836416,                 0,                 0,                 0,     -0.1407316534,    0.002865425747,     -0.1882836416,                 0,      -65.70878405,              -nan
          0,           0,         877,      -8.630935123,       -6.80143358,      -8.106905347,      -4.999418715,      -10.73457307,   1.231882724e-08,   0.0009893968074,               100,               100,               100,       6409.460359,    0.002865425159,     -0.1882836432,                 0,                 0,                 0,     -0.1407316547,    0.002865425159,     -0.1882836432,                 0,      -65.70879809,              -nan
          0,           0,         878,      -8.631002981,      -6.801817235,      -8.107212051,      -4.999710944,      -10.73487024,   1.231886078e-08,   0.0009893968073,               100,               100,               100,       6409.460359,    0.002865424571,     -0.1882836448,                 0,                 0,                 0,     -0.1407316559,    0.002865424571,     -0.1882836448,                 0,      -65.70881213,              -nan
          0,           0,         879,       -8.63107084,      -6.802200895,      -8.107518606,       -5.00000302,      -10.73516737,   1.231889434e-08,   0.0009893968073,               100,               100,               100,       6409.460359,    0.002865423984,     -0.1882836464,                 0,                 0,                 0,     -0.1407316571,    0.002865423984,     -0.1882836464,                 0,      -65.70882616,              -nan
          0,           0,         880,        -8.6311387,       -6.80258456,      -8.107825355,      -5.000295175,      -10.73546447,   1.231892792e-08,   0.0009893968072,               100,               100,               100,       6409.460359,    0.002865423397,      -0.188283648,                 0,                 0,                 0,     -0.1407316583,    0.002865423397,      -0.188283648,                 0,      -65.70884018,              -nan
          0,           0,         881,      -8.631206563,       -6.80296823,      -8.108131891,      -5.000587153,      -10.73576154,   1.231896154e-08,   0.0009893968072,               100,               100,               100,       6409.460359,    0.002865422811,     -0.1882836496,                 0,                 0,                 0,     -0.1407316596,    0.002865422811,     -0.1882836496,                 0,      -65.70885418,              -nan
          0,           0,         882,      -8.631274427,      -6.803351905,       -8.10843856,      -5.000879164,      -10.73605858,   1.231899517e-08,   0.0009893968072,               100,               100,               100,       6409.460359,    0.002865422225,     -0.1882836512,                 0,                 0,                 0,     -0.1407316608,    0.002865422225,     -0.1882836512,                 0,      -65.70886818,              -nan
          0,           0,         883,      -8.631342292,      -6.803735585,      -8.108745189,      -5.001171123,      -10.73635559,   1.231902884e-08,   0.0009893968071,               100,               100,               100,       6409.460359,    0.002865421639,     -0.1882836528,                 0,                 0,                 0,      -0.140731662,    0.002865421639,     -0.1882836528,                 0,      -65.70888216,              -nan
          0,           0,         884,       -8.63141016,      -6.804119269,       -8.10905184,      -5.001463014,      -10.73665256,   1.231906253e-08,   0.0009893968071,               100,               100,               100,       6409.460359,    0.002865421054,     -0.1882836544,                 0,                 0,                 0,     -0.1407316632,    0.002865421054,     -0.1882836544,                 0,      -65.70889613,              -nan
          0,           0,         885,      -8.631478029,      -6.804502957,      -8.109358473,       -5.00175491,       -10.7369495,   1.231909625e-08,    0.000989396807,               100,               100,               100,       6409.460359,    0.002865420469,      -0.188283656,                 0,                 0,                 0,     -0.1407316645,    0.002865420469,      -0.188283656,                 0,       -65.7089101,              -nan
          0,           0,         886,        -8.6315459,      -6.804886651,      -8.109665015,      -5.002046727,       -10.7372464,   1.231912999e-08,    0.000989396807,               100,               100,               100,       6409.460359,    0.002865419885,     -0.1882836576,                 0,                 0,                 0,     -0.1407316657,    0.002865419885,     -0.1882836576,                 0,      -65.70892405,              -nan
          0,           0,         887,      -8.631613773,      -6.805270348,      -8.109971569,      -5.002338405,      -10.73754328,   1.231916376e-08,    0.000989396807,               100,               100,               100,       6409.460359,    0.002865419301,     -0.1882836592,                 0,                 0,                 0,     -0.1407316669,    0.002865419301,     -0.1882836592,                 0,      -65.70893799,              -nan
          0,           0,         888,      -8.631681647,      -6.805654051,      -8.110278244,      -5.002630222,      -10.73784012,   1.231919756e-08,   0.0009893968069,               100,               100,               100,       6409.460359,    0.002865418718,     -0.1882836608,                 0,                 0,                 0,     -0.1407316681,    0.002865418718,     -0.1882836608,                 0,      -65.70895193,              -nan
          0,           0,         889,      -8.631749523,      -6.806037757,       -8.11058472,      -5.002921827,      -10.73813692,   1.231923138e-08,   0.0009893968069,               100,               100,               100,       6409.460359,    0.002865418135,     -0.1882836624,                 0,                 0,                 0,     -0.1407316693,    0.002865418135,     -0.1882836624,                 0,      -65.70896585,              -nan
          0,           0,         890,      -8.631817401,      -6.806421468,      -8.110891257,      -5.003213433,       -10.7384337,   1.231926523e-08,   0.0009893968068,               100,               100,               100,       6409.460359,    0.002865417553,      -0.188283664,                 0,                 0,                 0,     -0.1407316706,    0.002865417553,      -0.188283664,                 0,      -65.70897976,              -nan
          0,           0,         891,      -8.631885281,      -6.806805184,      -8.111197834,      -5.003505003,      -10.73873044,    1.23192991e-08,   0.0009893968068,               100,               100,               100,       6409.460359,    0.002865416971,     -0.1882836656,                 0,                 0,                 0,     -0.1407316718,    0.002865416971,     -0.1882836656,                 0,      -65.70899366,              -nan
          0,           0,         892,      -8.631953162,      -6.807188903,      -8.111504308,      -5.003796564,      -10.73902715,     1.2319333e-08,   0.0009893968068,               100,               100,               100,       6409.460359,    0.002865416389,     -0.1882836672,                 0,                 0,                 0,      -0.140731673,    0.002865416389,     -0.1882836672,                 0,      -65.70900755,              -nan
          0,           0,         893,      -8.632021045,      -6.807572627,      -8.111810856,      -5.004087991,      -10.73932383,   1.231936693e-08,   0.0009893968067,               100,               100,               100,       6409.460359,    0.002865415808,     -0.1882836687,                 0,                 0,                 0,     -0.1407316742,    0.002865415808,     -0.1882836687,                 0,      -65.70902143,              -nan
          0,           0,         894,       -8.63208893,      -6.807956355,      -8.112117244,      -5.004379401,      -10.73962047,   1.231940089e-08,   0.0009893968067,               100,               100,               100,       6409.460359,    0.002865415227,     -0.1882836703,                 0,                 0,                 0,     -0.1407316754,    0.002865415227,     -0.1882836703,                 0,       -65.7090353,              -nan
          0,           0,         895,      -8.632156816,      -6.808340087,      -8.112423924,      -5.004670841,      -10.73991708,   1.231943486e-08,   0.0009893968066,               100,               100,               100,       6409.460359,    0.002865414647,     -0.1882836719,                 0,                 0,                 0,     -0.1407316766,    0.002865414647,     -0.1882836719,                 0,      -65.70904916,              -nan
          0,           0,         896,      -8.632224704,      -6.808723823,      -8.112730376,      -5.004962164,      -10.74021366,   1.231946887e-08,   0.0009893968066,               100,               100,               100,       6409.460359,    0.002865414067,     -0.1882836735,                 0,                 0,                 0,     -0.1407316778,    0.002865414067,     -0.1882836735,                 0,        -65.709063,              -nan
          0,           0,         897,      -8.632292594,      -6.809107562,      -8.113036808,      -5.005253408,      -10.74051021,    1.23195029e-08,   0.0009893968066,               100,               100,               100,       6409.460359,    0.002865413488,     -0.1882836751,                 0,                 0,                 0,      -0.140731679,    0.002865413488,     -0.1882836751,                 0,      -65.70907684,              -nan
          0,           0,         898,      -8.632360485,      -6.809491306,      -8.113343247,      -5.005544663,      -10.74080672,   1.231953696e-08,   0.0009893968065,               100,               100,               100,       6409.460359,    0.002865412909,     -0.1882836767,                 0,                 0,                 0,     -0.1407316803,    0.002865412909,     -0.1882836767,                 0,      -65.70909067,              -nan
          0,           0,         899,      -8.632428378,      -6.809875054,      -8.113649721,      -5.005835827,       -10.7411032,   1.231957104e-08,   0.0009893968065,               100,               100,               100,       6409.460359,    0.002865412331,     -0.1882836782,                 0,                 0,                 0,     -0.1407316815,    0.002865412331,     -0.1882836782,                 0,      -65.70910449,              -nan
          0,           0,         900,      -8.632496273,      -6.810258805,      -8.113956171,      -5.006127013,      -10.74139964,   1.231960515e-08,   0.0009893968064,               100,               100,               100,       6409.460359,    0.002865411753,     -0.1882836798,                 0,                 0,                 0,     -0.1407316827,    0.002865411753,     -0.1882836798,                 0,      -65.70911829,              -nan
          0,           0,         901,       -8.63256417,       -6.81064256,      -8.114262614,      -5.006418062,      -10.74169606,   1.231963929e-08,   0.0009893968064,               100,               100,               100,       6409.460359,    0.002865411175,     -0.1882836814,                 0,                 0,                 0,     -0.1407316839,    0.002865411175,     -0.1882836814,                 0,      -65.70913209,              -nan
          0,           0,         902,      -8.632632068,      -6.811026319,      -8.114568963,      -5.006709123,      -10.74199244,   1.231967345e-08,   0.0009893968064,               100,               100,               100,       6409.460359,    0.002865410598,      -0.188283683,                 0,                 0,                 0,     -0.1407316851,    0.002865410598,      -0.188283683,                 0,      -65.70914587,              -nan
          0,           0,         903,      -8.632699968,      -6.811410082,      -8.114875322,      -5.007000092,      -10.74228879,   1.231970764e-08,   0.0009893968063,               100,               100,               100,       6409.460359,    0.002865410021,     -0.1882836845,                 0,                 0,                 0,     -0.1407316863,    0.002865410021,     -0.1882836845,                 0,      -65.70915965,              -nan
          0,           0,         904,       -8.63276787,      -6.811793848,      -8.115181796,      -5.007291015,       -10.7425851,   1.231974186e-08,   0.0009893968063,               100,               100,               100,       6409.460359,    0.002865409445,     -0.1882836861,                 0,                 0,                 0,     -0.1407316875,    0.002865409445,     -0.1882836861,                 0,      -65.70917341,              -nan
          0,           0,         905,      -8.632835773,      -6.812177617,      -8.115488212,      -5.007581975,      -10.74288138,    1.23197761e-08,   0.0009893968062,               100,               100,               100,       6409.460359,    0.002865408869,     -0.1882836877,                 0,                 0,                 0,     -0.1407316887,    0.002865408869,     -0.1882836877,                 0,      -65.70918717,              -nan
          0,           0,         906,      -8.632903678,       -6.81256139,      -8.115794517,      -5.007872801,      -10.74317763,   1.231981037e-08,   0.0009893968062,               100,               100,               100,       6409.460359,    0.002865408294,     -0.1882836893,                 0,                 0,                 0,     -0.1407316899,    0.002865408294,     -0.1882836893,                 0,      -65.70920091,              -nan
          0,           0,         907,      -8.632971585,      -6.812945166,      -8.116100932,      -5.008163572,      -10.74347384,   1.231984466e-08,   0.0009893968062,               100,               100,               100,       6409.460359,    0.002865407719,     -0.1882836908,                 0,                 0,                 0,     -0.1407316911,    0.002865407719,     -0.1882836908,                 0,      -65.70921465,              -nan
          0,           0,         908,      -8.633039493,      -6.813328946,      -8.116407271,      -5.008454337,      -10.74377003,   1.231987898e-08,   0.0009893968061,               100,               100,               100,       6409.460359,    0.002865407144,     -0.1882836924,                 0,                 0,                 0,     -0.1407316923,    0.002865407144,     -0.1882836924,                 0,      -65.70922837,              -nan
          0,           0,         909,      -8.633107404,      -6.813712729,      -8.116713727,      -5.008745081,      -10.74406618,   1.231991332e-08,   0.0009893968061,               100,               100,               100,       6409.460359,     0.00286540657,      -0.188283694,                 0,                 0,                 0,     -0.1407316935,     0.00286540657,      -0.188283694,                 0,      -65.70924208,              -nan
          0,           0,         910,      -8.633175315,      -6.814096515,       -8.11701978,      -5.009035635,      -10.74436229,    1.23199477e-08,   0.0009893968061,               100,               100,               100,       6409.460359,    0.002865405996,     -0.1882836955,                 0,                 0,                 0,     -0.1407316947,    0.002865405996,     -0.1882836955,                 0,      -65.70925578,              -nan
          0,           0,         911,      -8.633243229,      -6.814480305,      -8.117326323,      -5.009326332,      -10.74465837,   1.231998209e-08,    0.000989396806,               100,               100,               100,       6409.460359,    0.002865405423,     -0.1882836971,                 0,                 0,                 0,     -0.1407316959,    0.002865405423,     -0.1882836971,                 0,      -65.70926948,              -nan
          0,           0,         912,      -8.633311144,      -6.814864097,      -8.117632484,      -5.009616798,      -10.74495442,   1.232001652e-08,    0.000989396806,               100,               100,               100,       6409.460359,     0.00286540485,     -0.1882836987,                 0,                 0,                 0,     -0.1407316971,     0.00286540485,     -0.1882836987,                 0,      -65.70928316,              -nan
          0,           0,         913,      -8.633379061,      -6.815247893,       -8.11793891,      -5.009907404,      -10.74525044,   1.232005097e-08,   0.0009893968059,               100,               100,               100,       6409.460359,    0.002865404278,     -0.1882837002,                 0,                 0,                 0,     -0.1407316983,    0.002865404278,     -0.1882837002,                 0,      -65.70929683,              -nan
          0,           0,         914,       -8.63344698,      -6.815631691,      -8.118245087,      -5.010197779,      -10.74554642,   1.232008544e-08,   0.0009893968059,               100,               100,               100,       6409.460359,    0.002865403706,     -0.1882837018,                 0,                 0,                 0,     -0.1407316995,    0.002865403706,     -0.1882837018,                 0,      -65.70931049,              -nan
          0,           0,         915,        -8.6335149,      -6.816015493,      -8.118551405,      -5.010488277,      -10.74584237,   1.232011995e-08,   0.0009893968059,               100,               100,               100,       6409.460359,    0.002865403135,     -0.1882837034,                 0,                 0,                 0,     -0.1407317007,    0.002865403135,     -0.1882837034,                 0,      -65.70932414,              -nan
          0,           0,         916,      -8.633582822,      -6.816399297,      -8.118857646,      -5.010778543,      -10.74613829,   1.232015448e-08,   0.0009893968058,               100,               100,               100,       6409.460359,    0.002865402563,     -0.1882837049,                 0,                 0,                 0,     -0.1407317019,    0.002865402563,     -0.1882837049,                 0,      -65.70933778,              -nan
          0,           0,         917,      -8.633650746,      -6.816783104,       -8.11916397,      -5.011068936,      -10.74643417,   1.232018903e-08,   0.0009893968058,               100,               100,               100,       6409.460359,    0.002865401993,     -0.1882837065,                 0,                 0,                 0,     -0.1407317031,    0.002865401993,     -0.1882837065,                 0,      -65.70935141,              -nan
          0,           0,         918,      -8.633718671,      -6.817166913,      -8.119470106,      -5.011359137,      -10.74673002,   1.232022361e-08,   0.0009893968057,               100,               100,               100,       6409.460359,    0.002865401423,      -0.188283708,                 0,                 0,                 0,     -0.1407317043,    0.002865401423,      -0.188283708,                 0,      -65.70936504,              -nan
          0,           0,         919,      -8.633786599,      -6.817550726,      -8.119776431,      -5.011649381,      -10.74702584,   1.232025822e-08,   0.0009893968057,               100,               100,               100,       6409.460359,    0.002865400853,     -0.1882837096,                 0,                 0,                 0,     -0.1407317055,    0.002865400853,     -0.1882837096,                 0,      -65.70937865,              -nan
          0,           0,         920,      -8.633854527,      -6.817934541,      -8.120082562,      -5.011939499,      -10.74732163,   1.232029285e-08,   0.0009893968057,               100,               100,               100,       6409.460359,    0.002865400283,     -0.1882837112,                 0,                 0,                 0,     -0.1407317067,    0.002865400283,     -0.1882837112,                 0,      -65.70939225,              -nan
          0,           0,         921,      -8.633922458,      -6.818318359,      -8.120388863,      -5.012229662,      -10.74761738,   1.232032751e-08,   0.0009893968056,               100,               100,               100,       6409.460359,    0.002865399715,     -0.1882837127,                 0,                 0,                 0,     -0.1407317079,    0.002865399715,     -0.1882837127,                 0,      -65.70940583,              -nan
          0,           0,         922,       -8.63399039,      -6.818702179,      -8.120695007,       -5.01251974,      -10.74791309,   1.232036219e-08,   0.0009893968056,               100,               100,               100,       6409.460359,    0.002865399146,     -0.1882837143,                 0,                 0,                 0,     -0.1407317091,    0.002865399146,     -0.1882837143,                 0,      -65.70941941,              -nan
          0,           0,         923,      -8.634058324,      -6.819086001,      -8.121001187,      -5.012809711,      -10.74820878,    1.23203969e-08,   0.0009893968055,               100,               100,               100,       6409.460359,    0.002865398578,     -0.1882837158,                 0,                 0,                 0,     -0.1407317103,    0.002865398578,     -0.1882837158,                 0,      -65.70943298,              -nan
          0,           0,         924,      -8.634126259,      -6.819469826,      -8.121307362,      -5.013099693,      -10.74850443,   1.232043164e-08,   0.0009893968055,               100,               100,               100,       6409.460359,     0.00286539801,     -0.1882837174,                 0,                 0,                 0,     -0.1407317114,     0.00286539801,     -0.1882837174,                 0,      -65.70944654,              -nan
          0,           0,         925,      -8.634194197,      -6.819853654,      -8.121613564,      -5.013389615,      -10.74880005,    1.23204664e-08,   0.0009893968055,               100,               100,               100,       6409.460359,    0.002865397443,     -0.1882837189,                 0,                 0,                 0,     -0.1407317126,    0.002865397443,     -0.1882837189,                 0,      -65.70946009,              -nan
          0,           0,         926,      -8.634262136,      -6.820237484,      -8.121919771,      -5.013679518,      -10.74909563,   1.232050119e-08,   0.0009893968054,               100,               100,               100,       6409.460359,    0.002865396876,     -0.1882837205,                 0,                 0,                 0,     -0.1407317138,    0.002865396876,     -0.1882837205,                 0,      -65.70947363,              -nan
          0,           0,         927,      -8.634330076,      -6.820621315,      -8.122225914,      -5.013969321,      -10.74939118,   1.232053601e-08,   0.0009893968054,               100,               100,               100,       6409.460359,     0.00286539631,      -0.188283722,                 0,                 0,                 0,      -0.140731715,     0.00286539631,      -0.188283722,                 0,      -65.70948716,              -nan
          0,           0,         928,      -8.634398018,      -6.821005149,      -8.122531934,      -5.014259042,       -10.7496867,   1.232057085e-08,   0.0009893968054,               100,               100,               100,       6409.460359,    0.002865395744,     -0.1882837236,                 0,                 0,                 0,     -0.1407317162,    0.002865395744,     -0.1882837236,                 0,      -65.70950067,              -nan
          0,           0,         929,      -8.634465962,      -6.821388985,      -8.122838085,      -5.014548799,      -10.74998218,   1.232060572e-08,   0.0009893968053,               100,               100,               100,       6409.460359,    0.002865395179,     -0.1882837251,                 0,                 0,                 0,     -0.1407317174,    0.002865395179,     -0.1882837251,                 0,      -65.70951418,              -nan
          0,           0,         930,      -8.634533908,      -6.821772823,      -8.123144204,      -5.014838455,      -10.75027763,   1.232064061e-08,   0.0009893968053,               100,               100,               100,       6409.460359,    0.002865394614,     -0.1882837267,                 0,                 0,                 0,     -0.1407317186,    0.002865394614,     -0.1882837267,                 0,      -65.70952768,              -nan
          0,           0,         931,      -8.634601855,      -6.822156664,      -8.123450299,       -5.01512808,      -10.75057305,   1.232067553e-08,   0.0009893968052,               100,               100,               100,       6409.460359,    0.002865394049,     -0.1882837282,                 0,                 0,                 0,     -0.1407317197,    0.002865394049,     -0.1882837282,                 0,      -65.70954117,              -nan
          0,           0,         932,      -8.634669804,      -6.822540506,      -8.123756323,      -5.015417649,      -10.75086843,   1.232071048e-08,   0.0009893968052,               100,               100,               100,       6409.460359,    0.002865393485,     -0.1882837298,                 0,                 0,                 0,     -0.1407317209,    0.002865393485,     -0.1882837298,                 0,      -65.70955465,              -nan
          0,           0,         933,      -8.634737755,       -6.82292435,      -8.124062552,      -5.015707262,      -10.75116378,   1.232074545e-08,   0.0009893968052,               100,               100,               100,       6409.460359,    0.002865392921,     -0.1882837313,                 0,                 0,                 0,     -0.1407317221,    0.002865392921,     -0.1882837313,                 0,      -65.70956811,              -nan
          0,           0,         934,      -8.634805707,      -6.823308195,      -8.124368534,      -5.015996648,       -10.7514591,   1.232078045e-08,   0.0009893968051,               100,               100,               100,       6409.460359,    0.002865392358,     -0.1882837329,                 0,                 0,                 0,     -0.1407317233,    0.002865392358,     -0.1882837329,                 0,      -65.70958157,              -nan
          0,           0,         935,      -8.634873661,      -6.823692042,      -8.124674557,      -5.016286079,      -10.75175438,   1.232081547e-08,   0.0009893968051,               100,               100,               100,       6409.460359,    0.002865391795,     -0.1882837344,                 0,                 0,                 0,     -0.1407317245,    0.002865391795,     -0.1882837344,                 0,      -65.70959502,              -nan
          0,           0,         936,      -8.634941617,      -6.824075892,      -8.124980636,      -5.016575456,      -10.75204963,   1.232085052e-08,    0.000989396805,               100,               100,               100,       6409.460359,    0.002865391232,     -0.1882837359,                 0,                 0,                 0,     -0.1407317256,    0.002865391232,     -0.1882837359,                 0,      -65.70960845,              -nan
          0,           0,         937,      -8.635009574,      -6.824459742,      -8.125286569,      -5.016864766,      -10.75234484,   1.232088559e-08,    0.000989396805,               100,               100,               100,       6409.460359,     0.00286539067,     -0.1882837375,                 0,                 0,                 0,     -0.1407317268,     0.00286539067,     -0.1882837375,                 0,      -65.70962188,              -nan
          0,           0,         938,      -8.635077533,      -6.824843594,      -8.125592648,      -5.017154035,      -10.75264002,    1.23209207e-08,    0.000989396805,               100,               100,               100,       6409.460359,    0.002865390109,      -0.188283739,                 0,                 0,                 0,      -0.140731728,    0.002865390109,      -0.188283739,                 0,       -65.7096353,              -nan
          0,           0,         939,      -8.635145494,      -6.825227448,      -8.125898609,      -5.017443269,      -10.75293517,   1.232095582e-08,   0.0009893968049,               100,               100,               100,       6409.460359,    0.002865389547,     -0.1882837406,                 0,                 0,                 0,     -0.1407317292,    0.002865389547,     -0.1882837406,                 0,       -65.7096487,              -nan
          0,           0,         940,      -8.635213457,      -6.825611303,      -8.126204675,      -5.017732457,      -10.75323029,   1.232099098e-08,   0.0009893968049,               100,               100,               100,       6409.460359,    0.002865388987,     -0.1882837421,                 0,                 0,                 0,     -0.1407317304,    0.002865388987,     -0.1882837421,                 0,       -65.7096621,              -nan
          0,           0,         941,      -8.635281421,      -6.825995159,      -8.126510664,      -5.018021571,      -10.75352537,   1.232102616e-08,   0.0009893968048,               100,               100,               100,       6409.460359,    0.002865388426,     -0.1882837436,                 0,                 0,                 0,     -0.1407317315,    0.002865388426,     -0.1882837436,                 0,      -65.70967549,              -nan
          0,           0,         942,      -8.635349386,      -6.826379017,      -8.126816588,      -5.018310658,      -10.75382042,   1.232106136e-08,   0.0009893968048,               100,               100,               100,       6409.460359,    0.002865387866,     -0.1882837452,                 0,                 0,                 0,     -0.1407317327,    0.002865387866,     -0.1882837452,                 0,      -65.70968886,              -nan
          0,           0,         943,      -8.635417354,      -6.826762876,      -8.127122572,      -5.018599672,      -10.75411543,   1.232109659e-08,   0.0009893968048,               100,               100,               100,       6409.460359,    0.002865387307,     -0.1882837467,                 0,                 0,                 0,     -0.1407317339,    0.002865387307,     -0.1882837467,                 0,      -65.70970223,              -nan
          0,           0,         944,      -8.635485323,      -6.827146736,      -8.127428476,      -5.018888624,      -10.75441041,   1.232113185e-08,   0.0009893968047,               100,               100,               100,       6409.460359,    0.002865386748,     -0.1882837482,                 0,                 0,                 0,     -0.1407317351,    0.002865386748,     -0.1882837482,                 0,      -65.70971558,              -nan
          0,           0,         945,      -8.635553294,      -6.827530597,      -8.127734402,      -5.019177554,      -10.75470536,   1.232116714e-08,   0.0009893968047,               100,               100,               100,       6409.460359,    0.002865386189,     -0.1882837498,                 0,                 0,                 0,     -0.1407317362,    0.002865386189,     -0.1882837498,                 0,      -65.70972893,              -nan
          0,           0,         946,      -8.635621266,      -6.827914459,      -8.128040383,      -5.019466449,      -10.75500027,   1.232120244e-08,   0.0009893968047,               100,               100,               100,       6409.460359,    0.002865385631,     -0.1882837513,                 0,                 0,                 0,     -0.1407317374,    0.002865385631,     -0.1882837513,                 0,      -65.70974227,              -nan
          0,           0,         947,       -8.63568924,      -6.828298322,      -8.128346288,      -5.019755238,      -10.75529515,   1.232123778e-08,   0.0009893968046,               100,               100,               100,       6409.460359,    0.002865385073,     -0.1882837528,                 0,                 0,                 0,     -0.1407317386,    0.002865385073,     -0.1882837528,                 0,      -65.70975559,              -nan
          0,           0,         948,      -8.635757216,      -6.828682186,      -8.128652124,       -5.02004401,      -10.75558999,   1.232127314e-08,   0.0009893968046,               100,               100,               100,       6409.460359,    0.002865384515,     -0.1882837543,                 0,                 0,                 0,     -0.1407317397,    0.002865384515,     -0.1882837543,                 0,      -65.70976891,              -nan
          0,           0,         949,      -8.635825193,      -6.829066051,       -8.12895808,      -5.020332727,      -10.75588481,   1.232130853e-08,   0.0009893968045,               100,               100,               100,       6409.460359,    0.002865383958,     -0.1882837559,                 0,                 0,                 0,     -0.1407317409,    0.002865383958,     -0.1882837559,                 0,      -65.70978221,              -nan
          0,           0,         950,      -8.635893173,      -6.829449917,      -8.129263997,      -5.020621424,      -10.75617958,   1.232134394e-08,   0.0009893968045,               100,               100,               100,       6409.460359,    0.002865383402,     -0.1882837574,                 0,                 0,                 0,     -0.1407317421,    0.002865383402,     -0.1882837574,                 0,      -65.70979551,              -nan
          0,           0,         951,      -8.635961153,      -6.829833784,       -8.12956976,      -5.020910024,      -10.75647433,   1.232137938e-08,   0.0009893968045,               100,               100,               100,       6409.460359,    0.002865382846,     -0.1882837589,                 0,                 0,                 0,     -0.1407317432,    0.002865382846,     -0.1882837589,                 0,      -65.70980879,              -nan
          0,           0,         952,      -8.636029136,      -6.830217651,       -8.12987562,      -5.021198571,      -10.75676904,   1.232141485e-08,   0.0009893968044,               100,               100,               100,       6409.460359,     0.00286538229,     -0.1882837604,                 0,                 0,                 0,     -0.1407317444,     0.00286538229,     -0.1882837604,                 0,      -65.70982207,              -nan
          0,           0,         953,       -8.63609712,      -6.830601518,      -8.130181596,      -5.021487174,      -10.75706371,   1.232145034e-08,   0.0009893968044,               100,               100,               100,       6409.460359,    0.002865381735,      -0.188283762,                 0,                 0,                 0,     -0.1407317456,    0.002865381735,      -0.188283762,                 0,      -65.70983534,              -nan
          0,           0,         954,      -8.636165106,      -6.830985386,      -8.130487367,       -5.02177557,      -10.75735836,   1.232148586e-08,   0.0009893968044,               100,               100,               100,       6409.460359,     0.00286538118,     -0.1882837635,                 0,                 0,                 0,     -0.1407317467,     0.00286538118,     -0.1882837635,                 0,      -65.70984859,              -nan
          0,           0,         955,      -8.636233093,      -6.831369255,      -8.130793139,       -5.02206404,      -10.75765296,    1.23215214e-08,   0.0009893968043,               100,               100,               100,       6409.460359,    0.002865380625,      -0.188283765,                 0,                 0,                 0,     -0.1407317479,    0.002865380625,      -0.188283765,                 0,      -65.70986184,              -nan
          0,           0,         956,      -8.636301082,      -6.831753124,      -8.131098995,      -5.022352368,      -10.75794754,   1.232155697e-08,   0.0009893968043,               100,               100,               100,       6409.460359,    0.002865380071,     -0.1882837665,                 0,                 0,                 0,     -0.1407317491,    0.002865380071,     -0.1882837665,                 0,      -65.70987507,              -nan
          0,           0,         957,      -8.636369073,      -6.832136994,      -8.131404876,       -5.02264074,      -10.75824208,   1.232159256e-08,   0.0009893968042,               100,               100,               100,       6409.460359,    0.002865379518,      -0.188283768,                 0,                 0,                 0,     -0.1407317502,    0.002865379518,      -0.188283768,                 0,       -65.7098883,              -nan
          0,           0,         958,      -8.636437065,      -6.832520863,      -8.131710548,      -5.022928927,      -10.75853659,   1.232162818e-08,   0.0009893968042,               100,               100,               100,       6409.460359,    0.002865378964,     -0.1882837696,                 0,                 0,                 0,     -0.1407317514,    0.002865378964,     -0.1882837696,                 0,      -65.70990152,              -nan
          0,           0,         959,      -8.636505059,      -6.832904733,      -8.132016396,      -5.023217209,      -10.75883106,   1.232166383e-08,   0.0009893968042,               100,               100,               100,       6409.460359,    0.002865378412,     -0.1882837711,                 0,                 0,                 0,     -0.1407317526,    0.002865378412,     -0.1882837711,                 0,      -65.70991472,              -nan
          0,           0,         960,      -8.636573055,      -6.833288603,      -8.132322157,      -5.023505343,       -10.7591255,    1.23216995e-08,   0.0009893968041,               100,               100,               100,       6409.460359,    0.002865377859,     -0.1882837726,                 0,                 0,                 0,     -0.1407317537,    0.002865377859,     -0.1882837726,                 0,      -65.70992792,              -nan
          0,           0,         961,      -8.636641052,      -6.833672473,      -8.132627832,      -5.023793422,       -10.7594199,    1.23217352e-08,   0.0009893968041,               100,               100,               100,       6409.460359,    0.002865377307,     -0.1882837741,                 0,                 0,                 0,     -0.1407317549,    0.002865377307,     -0.1882837741,                 0,       -65.7099411,              -nan
          0,           0,         962,      -8.636709051,      -6.834056343,      -8.132933638,      -5.024081531,      -10.75971428,   1.232177093e-08,   0.0009893968041,               100,               100,               100,       6409.460359,    0.002865376756,     -0.1882837756,                 0,                 0,                 0,      -0.140731756,    0.002865376756,     -0.1882837756,                 0,      -65.70995428,              -nan
          0,           0,         963,      -8.636777052,      -6.834440213,      -8.133239377,      -5.024369527,      -10.76000861,   1.232180668e-08,    0.000989396804,               100,               100,               100,       6409.460359,    0.002865376205,     -0.1882837771,                 0,                 0,                 0,     -0.1407317572,    0.002865376205,     -0.1882837771,                 0,      -65.70996745,              -nan
          0,           0,         964,      -8.636845054,      -6.834824083,      -8.133545043,       -5.02465749,      -10.76030292,   1.232184245e-08,    0.000989396804,               100,               100,               100,       6409.460359,    0.002865375654,     -0.1882837786,                 0,                 0,                 0,     -0.1407317584,    0.002865375654,     -0.1882837786,                 0,       -65.7099806,              -nan
          0,           0,         965,      -8.636913058,      -6.835207953,      -8.133850799,       -5.02494539,      -10.76059719,   1.232187826e-08,   0.0009893968039,               100,               100,               100,       6409.460359,    0.002865375104,     -0.1882837802,                 0,                 0,                 0,     -0.1407317595,    0.002865375104,     -0.1882837802,                 0,      -65.70999375,              -nan
          0,           0,         966,      -8.636981064,      -6.835591822,      -8.134156574,      -5.025233294,      -10.76089142,   1.232191408e-08,   0.0009893968039,               100,               100,               100,       6409.460359,    0.002865374554,     -0.1882837817,                 0,                 0,                 0,     -0.1407317607,    0.002865374554,     -0.1882837817,                 0,      -65.71000689,              -nan
          0,           0,         967,      -8.637049071,      -6.835975691,      -8.134462205,      -5.025521094,      -10.76118562,   1.232194994e-08,   0.0009893968039,               100,               100,               100,       6409.460359,    0.002865374004,     -0.1882837832,                 0,                 0,                 0,     -0.1407317618,    0.002865374004,     -0.1882837832,                 0,      -65.71002001,              -nan
          0,           0,         968,       -8.63711708,       -6.83635956,      -8.134767852,       -5.02580883,      -10.76147979,   1.232198582e-08,   0.0009893968038,               100,               100,               100,       6409.460359,    0.002865373455,     -0.1882837847,                 0,                 0,                 0,      -0.140731763,    0.002865373455,     -0.1882837847,                 0,      -65.71003313,              -nan
          0,           0,         969,      -8.637185091,      -6.836743428,      -8.135073476,      -5.026096489,      -10.76177392,   1.232202172e-08,   0.0009893968038,               100,               100,               100,       6409.460359,    0.002865372907,     -0.1882837862,                 0,                 0,                 0,     -0.1407317641,    0.002865372907,     -0.1882837862,                 0,      -65.71004624,              -nan
          0,           0,         970,      -8.637253103,      -6.837127296,      -8.135379138,      -5.026384178,      -10.76206802,   1.232205766e-08,   0.0009893968038,               100,               100,               100,       6409.460359,    0.002865372358,     -0.1882837877,                 0,                 0,                 0,     -0.1407317653,    0.002865372358,     -0.1882837877,                 0,      -65.71005933,              -nan
          0,           0,         971,      -8.637321117,      -6.837511163,      -8.135684893,       -5.02667182,      -10.76236208,   1.232209361e-08,   0.0009893968037,               100,               100,               100,       6409.460359,    0.002865371811,     -0.1882837892,                 0,                 0,                 0,     -0.1407317664,    0.002865371811,     -0.1882837892,                 0,      -65.71007242,              -nan
          0,           0,         972,      -8.637389133,       -6.83789503,      -8.135990345,      -5.026959295,      -10.76265612,    1.23221296e-08,   0.0009893968037,               100,               100,               100,       6409.460359,    0.002865371263,     -0.1882837907,                 0,                 0,                 0,     -0.1407317676,    0.002865371263,     -0.1882837907,                 0,       -65.7100855,              -nan
          0,           0,         973,       -8.63745715,      -6.838278895,      -8.136296081,      -5.027246866,      -10.76295011,   1.232216561e-08,   0.0009893968036,               100,               100,               100,       6409.460359,    0.002865370716,     -0.1882837922,                 0,                 0,                 0,     -0.1407317687,    0.002865370716,     -0.1882837922,                 0,      -65.71009857,              -nan
          0,           0,         974,      -8.637525169,       -6.83866276,      -8.136601633,      -5.027534276,      -10.76324407,   1.232220164e-08,   0.0009893968036,               100,               100,               100,       6409.460359,     0.00286537017,     -0.1882837937,                 0,                 0,                 0,     -0.1407317699,     0.00286537017,     -0.1882837937,                 0,      -65.71011162,              -nan
          0,           0,         975,      -8.637593189,      -6.839046624,      -8.136907225,      -5.027821663,        -10.763538,    1.23222377e-08,   0.0009893968036,               100,               100,               100,       6409.460359,    0.002865369624,     -0.1882837952,                 0,                 0,                 0,      -0.140731771,    0.002865369624,     -0.1882837952,                 0,      -65.71012467,              -nan
          0,           0,         976,      -8.637661211,      -6.839430488,      -8.137212774,       -5.02810901,       -10.7638319,   1.232227379e-08,   0.0009893968035,               100,               100,               100,       6409.460359,    0.002865369078,     -0.1882837967,                 0,                 0,                 0,     -0.1407317722,    0.002865369078,     -0.1882837967,                 0,      -65.71013771,              -nan
          0,           0,         977,      -8.637729235,       -6.83981435,      -8.137518421,      -5.028396318,      -10.76412575,    1.23223099e-08,   0.0009893968035,               100,               100,               100,       6409.460359,    0.002865368532,     -0.1882837982,                 0,                 0,                 0,     -0.1407317733,    0.002865368532,     -0.1882837982,                 0,      -65.71015074,              -nan
          0,           0,         978,       -8.63779726,      -6.840198211,      -8.137823981,      -5.028683557,      -10.76441958,   1.232234604e-08,   0.0009893968035,               100,               100,               100,       6409.460359,    0.002865367988,     -0.1882837997,                 0,                 0,                 0,     -0.1407317745,    0.002865367988,     -0.1882837997,                 0,      -65.71016376,              -nan
          0,           0,         979,      -8.637865288,      -6.840582071,      -8.138129477,      -5.028970745,      -10.76471337,    1.23223822e-08,   0.0009893968034,               100,               100,               100,       6409.460359,    0.002865367443,     -0.1882838012,                 0,                 0,                 0,     -0.1407317756,    0.002865367443,     -0.1882838012,                 0,      -65.71017677,              -nan
          0,           0,         980,      -8.637933316,      -6.840965929,      -8.138435068,      -5.029257886,      -10.76500713,   1.232241839e-08,   0.0009893968034,               100,               100,               100,       6409.460359,    0.002865366899,     -0.1882838027,                 0,                 0,                 0,     -0.1407317768,    0.002865366899,     -0.1882838027,                 0,      -65.71018976,              -nan
          0,           0,         981,      -8.638001347,      -6.841349787,      -8.138740547,      -5.029544981,      -10.76530085,   1.232245461e-08,   0.0009893968033,               100,               100,               100,       6409.460359,    0.002865366355,     -0.1882838042,                 0,                 0,                 0,     -0.1407317779,    0.002865366355,     -0.1882838042,                 0,      -65.71020275,              -nan
          0,           0,         982,      -8.638069379,      -6.841733643,      -8.139046024,      -5.029831948,      -10.76559454,   1.232249085e-08,   0.0009893968033,               100,               100,               100,       6409.460359,    0.002865365812,     -0.1882838057,                 0,                 0,                 0,     -0.1407317791,    0.002865365812,     -0.1882838057,                 0,      -65.71021573,              -nan
          0,           0,         983,      -8.638137412,      -6.842117498,      -8.139351589,      -5.030119018,      -10.76588819,   1.232252712e-08,   0.0009893968033,               100,               100,               100,       6409.460359,    0.002865365269,     -0.1882838072,                 0,                 0,                 0,     -0.1407317802,    0.002865365269,     -0.1882838072,                 0,       -65.7102287,              -nan
          0,           0,         984,      -8.638205448,      -6.842501351,      -8.139657053,      -5.030405903,      -10.76618181,   1.232256341e-08,   0.0009893968032,               100,               100,               100,       6409.460359,    0.002865364727,     -0.1882838086,                 0,                 0,                 0,     -0.1407317813,    0.002865364727,     -0.1882838086,                 0,      -65.71024166,              -nan
          0,           0,         985,      -8.638273484,      -6.842885202,      -8.139962502,       -5.03069279,       -10.7664754,   1.232259973e-08,   0.0009893968032,               100,               100,               100,       6409.460359,    0.002865364185,     -0.1882838101,                 0,                 0,                 0,     -0.1407317825,    0.002865364185,     -0.1882838101,                 0,      -65.71025461,              -nan
          0,           0,         986,      -8.638341523,      -6.843269053,      -8.140267997,      -5.030979633,      -10.76676895,   1.232263608e-08,   0.0009893968032,               100,               100,               100,       6409.460359,    0.002865363643,     -0.1882838116,                 0,                 0,                 0,     -0.1407317836,    0.002865363643,     -0.1882838116,                 0,      -65.71026755,              -nan
          0,           0,         987,      -8.638409563,      -6.843652901,       -8.14057346,      -5.031266342,      -10.76706246,   1.232267245e-08,   0.0009893968031,               100,               100,               100,       6409.460359,    0.002865363102,     -0.1882838131,                 0,                 0,                 0,     -0.1407317848,    0.002865363102,     -0.1882838131,                 0,      -65.71028048,              -nan
          0,           0,         988,      -8.638477605,      -6.844036748,      -8.140878907,      -5.031553147,      -10.76735595,   1.232270884e-08,   0.0009893968031,               100,               100,               100,       6409.460359,    0.002865362561,     -0.1882838146,                 0,                 0,                 0,     -0.1407317859,    0.002865362561,     -0.1882838146,                 0,       -65.7102934,              -nan
          0,           0,         989,      -8.638545649,      -6.844420592,      -8.141184336,      -5.031839769,      -10.76764939,   1.232274527e-08,    0.000989396803,               100,               100,               100,       6409.460359,    0.002865362021,     -0.1882838161,                 0,                 0,                 0,      -0.140731787,    0.002865362021,     -0.1882838161,                 0,      -65.71030632,              -nan
          0,           0,         990,      -8.638613694,      -6.844804435,      -8.141489687,      -5.032126375,      -10.76794281,   1.232278171e-08,    0.000989396803,               100,               100,               100,       6409.460359,    0.002865361481,     -0.1882838176,                 0,                 0,                 0,     -0.1407317882,    0.002865361481,     -0.1882838176,                 0,      -65.71031922,              -nan
          0,           0,         991,      -8.638681741,      -6.845188276,      -8.141795104,      -5.032412994,      -10.76823619,   1.232281819e-08,    0.000989396803,               100,               100,               100,       6409.460359,    0.002865360941,      -0.188283819,                 0,                 0,                 0,     -0.1407317893,    0.002865360941,      -0.188283819,                 0,      -65.71033211,              -nan
          0,           0,         992,      -8.638749789,      -6.845572115,       -8.14210048,      -5.032699451,      -10.76852953,   1.232285469e-08,   0.0009893968029,               100,               100,               100,       6409.460359,    0.002865360402,     -0.1882838205,                 0,                 0,                 0,     -0.1407317904,    0.002865360402,     -0.1882838205,                 0,      -65.71034499,              -nan
          0,           0,         993,      -8.638817839,      -6.845955952,      -8.142405964,      -5.032985944,      -10.76882284,   1.232289121e-08,   0.0009893968029,               100,               100,               100,       6409.460359,    0.002865359863,      -0.188283822,                 0,                 0,                 0,     -0.1407317916,    0.002865359863,      -0.188283822,                 0,      -65.71035786,              -nan
          0,           0,         994,      -8.638885891,      -6.846339786,      -8.142711255,      -5.033272336,      -10.76911612,   1.232292776e-08,   0.0009893968029,               100,               100,               100,       6409.460359,    0.002865359325,     -0.1882838235,                 0,                 0,                 0,     -0.1407317927,    0.002865359325,     -0.1882838235,                 0,      -65.71037073,              -nan
          0,           0,         995,      -8.638953944,      -6.846723619,      -8.143016668,      -5.033558729,      -10.76940936,   1.232296434e-08,   0.0009893968028,               100,               100,               100,       6409.460359,    0.002865358787,      -0.188283825,                 0,                 0,                 0,     -0.1407317938,    0.002865358787,      -0.188283825,                 0,      -65.71038358,              -nan
          0,           0,         996,      -8.639021999,      -6.847107449,      -8.143321975,      -5.033844964,      -10.76970256,   1.232300094e-08,   0.0009893968028,               100,               100,               100,       6409.460359,    0.002865358249,     -0.1882838264,                 0,                 0,                 0,      -0.140731795,    0.002865358249,     -0.1882838264,                 0,      -65.71039642,              -nan
          0,           0,         997,      -8.639090055,      -6.847491276,      -8.143627252,      -5.034131233,      -10.76999573,   1.232303757e-08,   0.0009893968027,               100,               100,               100,       6409.460359,    0.002865357712,     -0.1882838279,                 0,                 0,                 0,     -0.1407317961,    0.002865357712,     -0.1882838279,                 0,      -65.71040926,              -nan
          0,           0,         998,      -8.639158113,      -6.847875102,      -8.143932653,       -5.03441744,      -10.77028887,   1.232307423e-08,   0.0009893968027,               100,               100,               100,       6409.460359,    0.002865357175,     -0.1882838294,                 0,                 0,                 0,     -0.1407317972,    0.002865357175,     -0.1882838294,                 0,      -65.71042208,              -nan
          0,           0,         999,      -8.639226173,      -6.848258924,      -8.144237941,      -5.034703601,      -10.77058197,   1.232311091e-08,   0.0009893968027,               100,               100,               100,       6409.460359,    0.002865356639,     -0.1882838309,                 0,                 0,                 0,     -0.1407317984,    0.002865356639,     -0.1882838309,                 0,      -65.71043489,              -nan
          0,           0,        1000,      -8.639294235,      -6.848642744,      -8.144543293,      -5.034989695,      -10.77087504,   1.232314761e-08,   0.0009893968026,               100,               100,               100,       6409.460359,    0.002865356103,     -0.1882838324,                 0,                 0,                 0,     -0.1407317995,    0.002865356103,     -0.1882838324,                 0,       -65.7104477,              -nan
          0,           0,        1001,      -8.639362298,      -6.849026562,      -8.144848457,        -5.0352757,      -10.77116807,   1.232318434e-08,   0.0009893968026,               100,               100,               100,       6409.460359,    0.002865355568,     -0.1882838338,                 0,                 0,                 0,     -0.1407318006,    0.002865355568,     -0.1882838338,                 0,      -65.71046049,              -nan
          0,           0,        1002,      -8.639430363,      -6.849410376,      -8.145153812,      -5.035561724,      -10.77146107,    1.23232211e-08,   0.0009893968026,               100,               100,               100,       6409.460359,    0.002865355032,     -0.1882838353,                 0,                 0,                 0,     -0.1407318018,    0.002865355032,     -0.1882838353,                 0,      -65.71047328,              -nan
          0,           0,        1003,      -8.639498429,      -6.849794188,      -8.145459107,      -5.035847657,      -10.77175404,   1.232325788e-08,   0.0009893968025,               100,               100,               100,       6409.460359,    0.002865354498,     -0.1882838368,                 0,                 0,                 0,     -0.1407318029,    0.002865354498,     -0.1882838368,                 0,      -65.71048606,              -nan
          0,           0,        1004,      -8.639566497,      -6.850177997,      -8.145764338,      -5.036133487,      -10.77204697,   1.232329469e-08,   0.0009893968025,               100,               100,               100,       6409.460359,    0.002865353963,     -0.1882838382,                 0,                 0,                 0,      -0.140731804,    0.002865353963,     -0.1882838382,                 0,      -65.71049882,              -nan
          0,           0,        1005,      -8.639634566,      -6.850561803,       -8.14606955,       -5.03641938,      -10.77233986,   1.232333153e-08,   0.0009893968025,               100,               100,               100,       6409.460359,    0.002865353429,     -0.1882838397,                 0,                 0,                 0,     -0.1407318051,    0.002865353429,     -0.1882838397,                 0,      -65.71051158,              -nan
          0,           0,        1006,      -8.639702638,      -6.850945606,      -8.146374824,      -5.036705128,      -10.77263272,   1.232336839e-08,   0.0009893968024,               100,               100,               100,       6409.460359,    0.002865352896,     -0.1882838412,                 0,                 0,                 0,     -0.1407318063,    0.002865352896,     -0.1882838412,                 0,      -65.71052433,              -nan
          0,           0,        1007,       -8.63977071,      -6.851329405,      -8.146680028,      -5.036990881,      -10.77292555,   1.232340527e-08,   0.0009893968024,               100,               100,               100,       6409.460359,    0.002865352363,     -0.1882838426,                 0,                 0,                 0,     -0.1407318074,    0.002865352363,     -0.1882838426,                 0,      -65.71053706,              -nan
          0,           0,        1008,      -8.639838785,      -6.851713202,      -8.146985229,      -5.037276496,      -10.77321834,   1.232344218e-08,   0.0009893968023,               100,               100,               100,       6409.460359,     0.00286535183,     -0.1882838441,                 0,                 0,                 0,     -0.1407318085,     0.00286535183,     -0.1882838441,                 0,      -65.71054979,              -nan
          0,           0,        1009,      -8.639906861,      -6.852096995,      -8.147290415,      -5.037562168,      -10.77351109,   1.232347912e-08,   0.0009893968023,               100,               100,               100,       6409.460359,    0.002865351298,     -0.1882838456,                 0,                 0,                 0,     -0.1407318096,    0.002865351298,     -0.1882838456,                 0,      -65.71056251,              -nan
          0,           0,        1010,      -8.639974939,      -6.852480785,      -8.147595498,       -5.03784764,      -10.77380381,   1.232351608e-08,   0.0009893968023,               100,               100,               100,       6409.460359,    0.002865350766,      -0.188283847,                 0,                 0,                 0,     -0.1407318108,    0.002865350766,      -0.188283847,                 0,      -65.71057522,              -nan
          0,           0,        1011,      -8.640043018,      -6.852864572,      -8.147900822,      -5.038133261,       -10.7740965,   1.232355307e-08,   0.0009893968022,               100,               100,               100,       6409.460359,    0.002865350234,     -0.1882838485,                 0,                 0,                 0,     -0.1407318119,    0.002865350234,     -0.1882838485,                 0,      -65.71058792,              -nan
          0,           0,        1012,      -8.640111099,      -6.853248355,      -8.148205886,       -5.03841867,      -10.77438915,   1.232359008e-08,   0.0009893968022,               100,               100,               100,       6409.460359,    0.002865349703,       -0.18828385,                 0,                 0,                 0,      -0.140731813,    0.002865349703,       -0.18828385,                 0,      -65.71060061,              -nan
          0,           0,        1013,      -8.640179181,      -6.853632134,      -8.148510987,       -5.03870405,      -10.77468177,   1.232362712e-08,   0.0009893968022,               100,               100,               100,       6409.460359,    0.002865349173,     -0.1882838514,                 0,                 0,                 0,     -0.1407318141,    0.002865349173,     -0.1882838514,                 0,      -65.71061329,              -nan
          0,           0,        1014,      -8.640247266,       -6.85401591,      -8.148816145,      -5.038989407,      -10.77497435,   1.232366419e-08,   0.0009893968021,               100,               100,               100,       6409.460359,    0.002865348642,     -0.1882838529,                 0,                 0,                 0,     -0.1407318152,    0.002865348642,     -0.1882838529,                 0,      -65.71062596,              -nan
          0,           0,        1015,      -8.640315351,      -6.854399682,      -8.149121307,      -5.039274692,       -10.7752669,   1.232370128e-08,   0.0009893968021,               100,               100,               100,       6409.460359,    0.002865348112,     -0.1882838543,                 0,                 0,                 0,     -0.1407318164,    0.002865348112,     -0.1882838543,                 0,      -65.71063862,              -nan
          0,           0,        1016,      -8.640383439,       -6.85478345,       -8.14942634,      -5.039559943,      -10.77555941,    1.23237384e-08,   0.0009893968021,               100,               100,               100,       6409.460359,    0.002865347583,     -0.1882838558,                 0,                 0,                 0,     -0.1407318175,    0.002865347583,     -0.1882838558,                 0,      -65.71065127,              -nan
          0,           0,        1017,      -8.640451528,      -6.855167215,      -8.149731465,      -5.039845108,      -10.77585188,   1.232377554e-08,    0.000989396802,               100,               100,               100,       6409.460359,    0.002865347054,     -0.1882838573,                 0,                 0,                 0,     -0.1407318186,    0.002865347054,     -0.1882838573,                 0,      -65.71066391,              -nan
          0,           0,        1018,      -8.640519618,      -6.855550975,      -8.150036575,      -5.040130275,      -10.77614433,   1.232381271e-08,    0.000989396802,               100,               100,               100,       6409.460359,    0.002865346525,     -0.1882838587,                 0,                 0,                 0,     -0.1407318197,    0.002865346525,     -0.1882838587,                 0,      -65.71067655,              -nan
          0,           0,        1019,      -8.640587711,      -6.855934732,      -8.150341556,      -5.040415343,      -10.77643673,    1.23238499e-08,   0.0009893968019,               100,               100,               100,       6409.460359,    0.002865345997,     -0.1882838602,                 0,                 0,                 0,     -0.1407318208,    0.002865345997,     -0.1882838602,                 0,      -65.71068917,              -nan
          0,           0,        1020,      -8.640655805,      -6.856318484,      -8.150646703,      -5.040700372,      -10.77672911,   1.232388712e-08,   0.0009893968019,               100,               100,               100,       6409.460359,    0.002865345469,     -0.1882838616,                 0,                 0,                 0,     -0.1407318219,    0.002865345469,     -0.1882838616,                 0,      -65.71070178,              -nan
          0,           0,        1021,        -8.6407239,      -6.856702233,      -8.150951769,        -5.0409854,      -10.77702144,   1.232392436e-08,   0.0009893968019,               100,               100,               100,       6409.460359,    0.002865344941,     -0.1882838631,                 0,                 0,                 0,      -0.140731823,    0.002865344941,     -0.1882838631,                 0,      -65.71071439,              -nan
          0,           0,        1022,      -8.640791997,      -6.857085977,      -8.151256718,      -5.041270264,      -10.77731375,   1.232396163e-08,   0.0009893968018,               100,               100,               100,       6409.460359,    0.002865344414,     -0.1882838645,                 0,                 0,                 0,     -0.1407318242,    0.002865344414,     -0.1882838645,                 0,      -65.71072698,              -nan
          0,           0,        1023,      -8.640860096,      -6.857469717,      -8.151561716,      -5.041555109,      -10.77760601,   1.232399893e-08,   0.0009893968018,               100,               100,               100,       6409.460359,    0.002865343888,      -0.188283866,                 0,                 0,                 0,     -0.1407318253,    0.002865343888,      -0.188283866,                 0,      -65.71073957,              -nan
          0,           0,        1024,      -8.640928196,      -6.857853452,      -8.151866884,      -5.041839979,      -10.77789825,   1.232403625e-08,   0.0009893968018,               100,               100,               100,       6409.460359,    0.002865343361,     -0.1882838674,                 0,                 0,                 0,     -0.1407318264,    0.002865343361,     -0.1882838674,                 0,      -65.71075214,              -nan
          0,           0,        1025,      -8.640996298,      -6.858237183,      -8.152171767,       -5.04212469,      -10.77819044,    1.23240736e-08,   0.0009893968017,               100,               100,               100,       6409.460359,    0.002865342835,     -0.1882838689,                 0,                 0,                 0,     -0.1407318275,    0.002865342835,     -0.1882838689,                 0,      -65.71076471,              -nan
          0,           0,        1026,      -8.641064402,       -6.85862091,      -8.152476752,      -5.042409425,       -10.7784826,   1.232411097e-08,   0.0009893968017,               100,               100,               100,       6409.460359,     0.00286534231,     -0.1882838703,                 0,                 0,                 0,     -0.1407318286,     0.00286534231,     -0.1882838703,                 0,      -65.71077727,              -nan
          0,           0,        1027,      -8.641132507,      -6.859004632,      -8.152781788,      -5.042694139,      -10.77877473,   1.232414837e-08,   0.0009893968017,               100,               100,               100,       6409.460359,    0.002865341785,     -0.1882838718,                 0,                 0,                 0,     -0.1407318297,    0.002865341785,     -0.1882838718,                 0,      -65.71078982,              -nan
          0,           0,        1028,      -8.641200613,      -6.859388348,      -8.153086724,      -5.042978654,      -10.77906682,   1.232418579e-08,   0.0009893968016,               100,               100,               100,       6409.460359,     0.00286534126,     -0.1882838732,                 0,                 0,                 0,     -0.1407318308,     0.00286534126,     -0.1882838732,                 0,      -65.71080235,              -nan
          0,           0,        1029,      -8.641268722,      -6.859772061,      -8.153391607,      -5.043263195,      -10.77935888,   1.232422324e-08,   0.0009893968016,               100,               100,               100,       6409.460359,    0.002865340736,     -0.1882838747,                 0,                 0,                 0,     -0.1407318319,    0.002865340736,     -0.1882838747,                 0,      -65.71081488,              -nan
          0,           0,        1030,      -8.641336832,      -6.860155768,        -8.1536966,      -5.043547746,       -10.7796509,   1.232426072e-08,   0.0009893968015,               100,               100,               100,       6409.460359,    0.002865340212,     -0.1882838761,                 0,                 0,                 0,      -0.140731833,    0.002865340212,     -0.1882838761,                 0,       -65.7108274,              -nan
          0,           0,        1031,      -8.641404943,      -6.860539471,       -8.15400144,       -5.04383211,      -10.77994289,   1.232429822e-08,   0.0009893968015,               100,               100,               100,       6409.460359,    0.002865339688,     -0.1882838776,                 0,                 0,                 0,     -0.1407318341,    0.002865339688,     -0.1882838776,                 0,      -65.71083991,              -nan
          0,           0,        1032,      -8.641473056,      -6.860923169,       -8.15430649,      -5.044116544,      -10.78023484,   1.232433574e-08,   0.0009893968015,               100,               100,               100,       6409.460359,    0.002865339165,      -0.188283879,                 0,                 0,                 0,     -0.1407318352,    0.002865339165,      -0.188283879,                 0,      -65.71085241,              -nan
          0,           0,        1033,      -8.641541171,      -6.861306861,      -8.154611297,      -5.044400864,      -10.78052676,    1.23243733e-08,   0.0009893968014,               100,               100,               100,       6409.460359,    0.002865338642,     -0.1882838804,                 0,                 0,                 0,     -0.1407318363,    0.002865338642,     -0.1882838804,                 0,       -65.7108649,              -nan
          0,           0,        1034,      -8.641609288,      -6.861690548,      -8.154916296,      -5.044685133,      -10.78081864,   1.232441087e-08,   0.0009893968014,               100,               100,               100,       6409.460359,     0.00286533812,     -0.1882838819,                 0,                 0,                 0,     -0.1407318375,     0.00286533812,     -0.1882838819,                 0,      -65.71087739,              -nan
          0,           0,        1035,      -8.641677406,       -6.86207423,      -8.155221133,       -5.04496935,      -10.78111049,   1.232444848e-08,   0.0009893968014,               100,               100,               100,       6409.460359,    0.002865337598,     -0.1882838833,                 0,                 0,                 0,     -0.1407318386,    0.002865337598,     -0.1882838833,                 0,      -65.71088986,              -nan
          0,           0,        1036,      -8.641745525,      -6.862457907,      -8.155525975,      -5.045253511,       -10.7814023,    1.23244861e-08,   0.0009893968013,               100,               100,               100,       6409.460359,    0.002865337077,     -0.1882838848,                 0,                 0,                 0,     -0.1407318397,    0.002865337077,     -0.1882838848,                 0,      -65.71090232,              -nan
          0,           0,        1037,      -8.641813646,      -6.862841579,      -8.155830837,      -5.045537668,      -10.78169407,   1.232452376e-08,   0.0009893968013,               100,               100,               100,       6409.460359,    0.002865336555,     -0.1882838862,                 0,                 0,                 0,     -0.1407318408,    0.002865336555,     -0.1882838862,                 0,      -65.71091477,              -nan
          0,           0,        1038,      -8.641881769,      -6.863225245,      -8.156135702,      -5.045821686,      -10.78198581,   1.232456144e-08,   0.0009893968013,               100,               100,               100,       6409.460359,    0.002865336035,     -0.1882838876,                 0,                 0,                 0,     -0.1407318419,    0.002865336035,     -0.1882838876,                 0,      -65.71092722,              -nan
          0,           0,        1039,      -8.641949894,      -6.863608905,      -8.156440463,      -5.046105698,      -10.78227752,   1.232459914e-08,   0.0009893968012,               100,               100,               100,       6409.460359,    0.002865335514,     -0.1882838891,                 0,                 0,                 0,      -0.140731843,    0.002865335514,     -0.1882838891,                 0,      -65.71093965,              -nan
          0,           0,        1040,       -8.64201802,       -6.86399256,      -8.156745332,      -5.046389614,      -10.78256919,   1.232463687e-08,   0.0009893968012,               100,               100,               100,       6409.460359,    0.002865334994,     -0.1882838905,                 0,                 0,                 0,     -0.1407318441,    0.002865334994,     -0.1882838905,                 0,      -65.71095208,              -nan
          0,           0,        1041,      -8.642086147,      -6.864376209,      -8.157050153,      -5.046673579,      -10.78286082,   1.232467463e-08,   0.0009893968012,               100,               100,               100,       6409.460359,    0.002865334475,     -0.1882838919,                 0,                 0,                 0,     -0.1407318452,    0.002865334475,     -0.1882838919,                 0,       -65.7109645,              -nan
          0,           0,        1042,      -8.642154276,      -6.864759852,      -8.157354863,      -5.046957322,      -10.78315242,   1.232471241e-08,   0.0009893968011,               100,               100,               100,       6409.460359,    0.002865333955,     -0.1882838934,                 0,                 0,                 0,     -0.1407318463,    0.002865333955,     -0.1882838934,                 0,       -65.7109769,              -nan
          0,           0,        1043,      -8.642222407,       -6.86514349,      -8.157659667,      -5.047241163,      -10.78344399,   1.232475022e-08,   0.0009893968011,               100,               100,               100,       6409.460359,    0.002865333437,     -0.1882838948,                 0,                 0,                 0,     -0.1407318474,    0.002865333437,     -0.1882838948,                 0,       -65.7109893,              -nan
          0,           0,        1044,       -8.64229054,      -6.865527121,      -8.157964498,      -5.047524882,      -10.78373551,   1.232478805e-08,    0.000989396801,               100,               100,               100,       6409.460359,    0.002865332918,     -0.1882838962,                 0,                 0,                 0,     -0.1407318484,    0.002865332918,     -0.1882838962,                 0,      -65.71100169,              -nan
          0,           0,        1045,      -8.642358674,      -6.865910747,      -8.158269194,      -5.047808513,      -10.78402701,   1.232482591e-08,    0.000989396801,               100,               100,               100,       6409.460359,      0.0028653324,     -0.1882838977,                 0,                 0,                 0,     -0.1407318495,      0.0028653324,     -0.1882838977,                 0,      -65.71101407,              -nan
          0,           0,        1046,      -8.642426809,      -6.866294366,      -8.158573839,      -5.048092143,      -10.78431847,   1.232486379e-08,    0.000989396801,               100,               100,               100,       6409.460359,    0.002865331882,     -0.1882838991,                 0,                 0,                 0,     -0.1407318506,    0.002865331882,     -0.1882838991,                 0,      -65.71102644,              -nan
          0,           0,        1047,      -8.642494946,       -6.86667798,      -8.158878655,      -5.048375738,      -10.78460989,    1.23249017e-08,   0.0009893968009,               100,               100,               100,       6409.460359,    0.002865331365,     -0.1882839005,                 0,                 0,                 0,     -0.1407318517,    0.002865331365,     -0.1882839005,                 0,       -65.7110388,              -nan
          0,           0,        1048,      -8.642563085,      -6.867061586,      -8.159183295,      -5.048659203,      -10.78490128,   1.232493963e-08,   0.0009893968009,               100,               100,               100,       6409.460359,    0.002865330848,     -0.1882839019,                 0,                 0,                 0,     -0.1407318528,    0.002865330848,     -0.1882839019,                 0,      -65.71105115,              -nan
          0,           0,        1049,      -8.642631226,      -6.867445187,      -8.159488093,      -5.048942716,      -10.78519263,   1.232497759e-08,   0.0009893968009,               100,               100,               100,       6409.460359,    0.002865330332,     -0.1882839034,                 0,                 0,                 0,     -0.1407318539,    0.002865330332,     -0.1882839034,                 0,      -65.71106349,              -nan
          0,           0,        1050,      -8.642699368,      -6.867828781,      -8.159792656,      -5.049226052,      -10.78548394,   1.232501558e-08,   0.0009893968008,               100,               100,               100,       6409.460359,    0.002865329816,     -0.1882839048,                 0,                 0,                 0,      -0.140731855,    0.002865329816,     -0.1882839048,                 0,      -65.71107582,              -nan
          0,           0,        1051,      -8.642767511,      -6.868212369,      -8.160097395,      -5.049509416,      -10.78577522,   1.232505359e-08,   0.0009893968008,               100,               100,               100,       6409.460359,      0.0028653293,     -0.1882839062,                 0,                 0,                 0,     -0.1407318561,      0.0028653293,     -0.1882839062,                 0,      -65.71108815,              -nan
          0,           0,        1052,      -8.642835656,       -6.86859595,       -8.16040218,      -5.049792757,      -10.78606647,   1.232509162e-08,   0.0009893968008,               100,               100,               100,       6409.460359,    0.002865328785,     -0.1882839076,                 0,                 0,                 0,     -0.1407318572,    0.002865328785,     -0.1882839076,                 0,      -65.71110046,              -nan
          0,           0,        1053,      -8.642903803,      -6.868979524,      -8.160706753,      -5.050075955,      -10.78635768,   1.232512968e-08,   0.0009893968007,               100,               100,               100,       6409.460359,     0.00286532827,     -0.1882839091,                 0,                 0,                 0,     -0.1407318583,     0.00286532827,     -0.1882839091,                 0,      -65.71111277,              -nan
          0,           0,        1054,      -8.642971951,      -6.869363092,      -8.161011346,      -5.050359105,      -10.78664885,   1.232516777e-08,   0.0009893968007,               100,               100,               100,       6409.460359,    0.002865327755,     -0.1882839105,                 0,                 0,                 0,     -0.1407318594,    0.002865327755,     -0.1882839105,                 0,      -65.71112506,              -nan
          0,           0,        1055,      -8.643040101,      -6.869746653,      -8.161316012,       -5.05064227,      -10.78693999,   1.232520588e-08,   0.0009893968007,               100,               100,               100,       6409.460359,    0.002865327241,     -0.1882839119,                 0,                 0,                 0,     -0.1407318605,    0.002865327241,     -0.1882839119,                 0,      -65.71113735,              -nan
          0,           0,        1056,      -8.643108253,      -6.870130207,       -8.16162064,      -5.050925324,       -10.7872311,   1.232524402e-08,   0.0009893968006,               100,               100,               100,       6409.460359,    0.002865326727,     -0.1882839133,                 0,                 0,                 0,     -0.1407318615,    0.002865326727,     -0.1882839133,                 0,      -65.71114962,              -nan
          0,           0,        1057,      -8.643176406,      -6.870513754,      -8.161925282,      -5.051208348,      -10.78752216,   1.232528218e-08,   0.0009893968006,               100,               100,               100,       6409.460359,    0.002865326214,     -0.1882839147,                 0,                 0,                 0,     -0.1407318626,    0.002865326214,     -0.1882839147,                 0,      -65.71116189,              -nan
          0,           0,        1058,      -8.643244561,      -6.870897294,      -8.162229708,      -5.051491225,       -10.7878132,   1.232532037e-08,   0.0009893968005,               100,               100,               100,       6409.460359,    0.002865325701,     -0.1882839161,                 0,                 0,                 0,     -0.1407318637,    0.002865325701,     -0.1882839161,                 0,      -65.71117415,              -nan
          0,           0,        1059,      -8.643312717,      -6.871280827,      -8.162534491,      -5.051774237,      -10.78810419,   1.232535858e-08,   0.0009893968005,               100,               100,               100,       6409.460359,    0.002865325188,     -0.1882839176,                 0,                 0,                 0,     -0.1407318648,    0.002865325188,     -0.1882839176,                 0,       -65.7111864,              -nan
          0,           0,        1060,      -8.643380875,      -6.871664352,       -8.16283894,      -5.052057026,      -10.78839515,   1.232539682e-08,   0.0009893968005,               100,               100,               100,       6409.460359,    0.002865324676,      -0.188283919,                 0,                 0,                 0,     -0.1407318659,    0.002865324676,      -0.188283919,                 0,      -65.71119864,              -nan
          0,           0,        1061,      -8.643449034,      -6.872047871,      -8.163143527,      -5.052339827,      -10.78868608,   1.232543509e-08,   0.0009893968004,               100,               100,               100,       6409.460359,    0.002865324164,     -0.1882839204,                 0,                 0,                 0,      -0.140731867,    0.002865324164,     -0.1882839204,                 0,      -65.71121087,              -nan
          0,           0,        1062,      -8.643517195,      -6.872431382,      -8.163448079,      -5.052622545,      -10.78897697,   1.232547338e-08,   0.0009893968004,               100,               100,               100,       6409.460359,    0.002865323653,     -0.1882839218,                 0,                 0,                 0,     -0.1407318681,    0.002865323653,     -0.1882839218,                 0,       -65.7112231,              -nan
          0,           0,        1063,      -8.643585358,      -6.872814885,        -8.1637526,      -5.052905295,      -10.78926782,   1.232551169e-08,   0.0009893968004,               100,               100,               100,       6409.460359,    0.002865323142,     -0.1882839232,                 0,                 0,                 0,     -0.1407318691,    0.002865323142,     -0.1882839232,                 0,      -65.71123531,              -nan
          0,           0,        1064,      -8.643653522,      -6.873198381,      -8.164057133,      -5.053187886,      -10.78955864,   1.232555003e-08,   0.0009893968003,               100,               100,               100,       6409.460359,    0.002865322631,     -0.1882839246,                 0,                 0,                 0,     -0.1407318702,    0.002865322631,     -0.1882839246,                 0,      -65.71124751,              -nan
          0,           0,        1065,      -8.643721688,      -6.873581869,      -8.164361631,      -5.053470399,      -10.78984942,    1.23255884e-08,   0.0009893968003,               100,               100,               100,       6409.460359,    0.002865322121,      -0.188283926,                 0,                 0,                 0,     -0.1407318713,    0.002865322121,      -0.188283926,                 0,      -65.71125971,              -nan
          0,           0,        1066,      -8.643789855,      -6.873965349,       -8.16466609,      -5.053752933,      -10.79014017,   1.232562679e-08,   0.0009893968003,               100,               100,               100,       6409.460359,    0.002865321611,     -0.1882839274,                 0,                 0,                 0,     -0.1407318724,    0.002865321611,     -0.1882839274,                 0,      -65.71127189,              -nan
          0,           0,        1067,      -8.643858024,      -6.874348822,      -8.164970613,      -5.054035416,      -10.79043088,   1.232566521e-08,   0.0009893968002,               100,               100,               100,       6409.460359,    0.002865321102,     -0.1882839288,                 0,                 0,                 0,     -0.1407318735,    0.002865321102,     -0.1882839288,                 0,      -65.71128407,              -nan
          0,           0,        1068,      -8.643926194,      -6.874732287,         -8.165275,       -5.05431783,      -10.79072156,   1.232570365e-08,   0.0009893968002,               100,               100,               100,       6409.460359,    0.002865320592,     -0.1882839303,                 0,                 0,                 0,     -0.1407318745,    0.002865320592,     -0.1882839303,                 0,      -65.71129624,              -nan
          0,           0,        1069,      -8.643994366,      -6.875115743,      -8.165579516,      -5.054600169,       -10.7910122,   1.232574211e-08,   0.0009893968002,               100,               100,               100,       6409.460359,    0.002865320084,     -0.1882839317,                 0,                 0,                 0,     -0.1407318756,    0.002865320084,     -0.1882839317,                 0,      -65.71130839,              -nan
          0,           0,        1070,       -8.64406254,      -6.875499192,      -8.165883878,      -5.054882408,       -10.7913028,   1.232578061e-08,   0.0009893968001,               100,               100,               100,       6409.460359,    0.002865319575,     -0.1882839331,                 0,                 0,                 0,     -0.1407318767,    0.002865319575,     -0.1882839331,                 0,      -65.71132054,              -nan
          0,           0,        1071,      -8.644130715,      -6.875882633,      -8.166188415,      -5.055164724,      -10.79159337,   1.232581912e-08,   0.0009893968001,               100,               100,               100,       6409.460359,    0.002865319067,     -0.1882839345,                 0,                 0,                 0,     -0.1407318778,    0.002865319067,     -0.1882839345,                 0,      -65.71133268,              -nan
          0,           0,        1072,      -8.644198892,      -6.876266065,      -8.166492804,      -5.055446885,       -10.7918839,   1.232585767e-08,   0.0009893968001,               100,               100,               100,       6409.460359,     0.00286531856,     -0.1882839359,                 0,                 0,                 0,     -0.1407318788,     0.00286531856,     -0.1882839359,                 0,      -65.71134481,              -nan
          0,           0,        1073,      -8.644267071,      -6.876649489,      -8.166797175,      -5.055728971,       -10.7921744,   1.232589624e-08,      0.0009893968,               100,               100,               100,       6409.460359,    0.002865318052,     -0.1882839373,                 0,                 0,                 0,     -0.1407318799,    0.002865318052,     -0.1882839373,                 0,      -65.71135693,              -nan
          0,           0,        1074,      -8.644335251,      -6.877032904,      -8.167101583,      -5.056011062,      -10.79246486,   1.232593483e-08,      0.0009893968,               100,               100,               100,       6409.460359,    0.002865317546,     -0.1882839387,                 0,                 0,                 0,      -0.140731881,    0.002865317546,     -0.1882839387,                 0,      -65.71136905,              -nan
          0,           0,        1075,      -8.644403432,      -6.877416311,       -8.16740601,      -5.056293052,      -10.79275528,   1.232597345e-08,      0.0009893968,               100,               100,               100,       6409.460359,    0.002865317039,     -0.1882839401,                 0,                 0,                 0,     -0.1407318821,    0.002865317039,     -0.1882839401,                 0,      -65.71138115,              -nan
          0,           0,        1076,      -8.644471615,       -6.87779971,       -8.16771033,      -5.056575026,      -10.79304567,   1.232601209e-08,   0.0009893967999,               100,               100,               100,       6409.460359,    0.002865316533,     -0.1882839415,                 0,                 0,                 0,     -0.1407318831,    0.002865316533,     -0.1882839415,                 0,      -65.71139324,              -nan
          0,           0,        1077,        -8.6445398,      -6.878183099,      -8.168014661,      -5.056856873,      -10.79333603,   1.232605076e-08,   0.0009893967999,               100,               100,               100,       6409.460359,    0.002865316027,     -0.1882839429,                 0,                 0,                 0,     -0.1407318842,    0.002865316027,     -0.1882839429,                 0,      -65.71140533,              -nan
          0,           0,        1078,      -8.644607986,       -6.87856648,      -8.168319093,      -5.057138789,      -10.79362634,   1.232608945e-08,   0.0009893967998,               100,               100,               100,       6409.460359,    0.002865315522,     -0.1882839443,                 0,                 0,                 0,     -0.1407318853,    0.002865315522,     -0.1882839443,                 0,      -65.71141741,              -nan
          0,           0,        1079,      -8.644676174,      -6.878949852,      -8.168623318,      -5.057420487,      -10.79391662,   1.232612817e-08,   0.0009893967998,               100,               100,               100,       6409.460359,    0.002865315017,     -0.1882839457,                 0,                 0,                 0,     -0.1407318864,    0.002865315017,     -0.1882839457,                 0,      -65.71142947,              -nan
          0,           0,        1080,      -8.644744364,      -6.879333216,      -8.168927592,       -5.05770226,      -10.79420687,   1.232616692e-08,   0.0009893967998,               100,               100,               100,       6409.460359,    0.002865314513,     -0.1882839471,                 0,                 0,                 0,     -0.1407318874,    0.002865314513,     -0.1882839471,                 0,      -65.71144153,              -nan
          0,           0,        1081,      -8.644812555,       -6.87971657,      -8.169231933,      -5.057983912,      -10.79449708,   1.232620569e-08,   0.0009893967997,               100,               100,               100,       6409.460359,    0.002865314008,     -0.1882839485,                 0,                 0,                 0,     -0.1407318885,    0.002865314008,     -0.1882839485,                 0,      -65.71145358,              -nan
          0,           0,        1082,      -8.644880747,      -6.880099915,      -8.169536219,      -5.058265556,      -10.79478725,   1.232624448e-08,   0.0009893967997,               100,               100,               100,       6409.460359,    0.002865313505,     -0.1882839499,                 0,                 0,                 0,     -0.1407318896,    0.002865313505,     -0.1882839499,                 0,      -65.71146562,              -nan
          0,           0,        1083,      -8.644948941,      -6.880483251,      -8.169840451,      -5.058547058,      -10.79507739,    1.23262833e-08,   0.0009893967997,               100,               100,               100,       6409.460359,    0.002865313001,     -0.1882839512,                 0,                 0,                 0,     -0.1407318906,    0.002865313001,     -0.1882839512,                 0,      -65.71147765,              -nan
          0,           0,        1084,      -8.645017137,      -6.880866578,      -8.170144868,      -5.058828629,      -10.79536749,   1.232632215e-08,   0.0009893967996,               100,               100,               100,       6409.460359,    0.002865312498,     -0.1882839526,                 0,                 0,                 0,     -0.1407318917,    0.002865312498,     -0.1882839526,                 0,      -65.71148967,              -nan
          0,           0,        1085,      -8.645085334,      -6.881249895,       -8.17044901,      -5.059110054,      -10.79565755,   1.232636102e-08,   0.0009893967996,               100,               100,               100,       6409.460359,    0.002865311996,      -0.188283954,                 0,                 0,                 0,     -0.1407318928,    0.002865311996,      -0.188283954,                 0,      -65.71150169,              -nan
          0,           0,        1086,      -8.645153533,      -6.881633203,      -8.170753319,      -5.059391428,      -10.79594758,   1.232639992e-08,   0.0009893967996,               100,               100,               100,       6409.460359,    0.002865311493,     -0.1882839554,                 0,                 0,                 0,     -0.1407318938,    0.002865311493,     -0.1882839554,                 0,      -65.71151369,              -nan
          0,           0,        1087,      -8.645221734,      -6.882016502,      -8.171057415,      -5.059672767,      -10.79623758,   1.232643884e-08,   0.0009893967995,               100,               100,               100,       6409.460359,    0.002865310991,     -0.1882839568,                 0,                 0,                 0,     -0.1407318949,    0.002865310991,     -0.1882839568,                 0,      -65.71152569,              -nan
          0,           0,        1088,      -8.645289935,       -6.88239979,       -8.17136168,      -5.059954032,      -10.79652753,   1.232647778e-08,   0.0009893967995,               100,               100,               100,       6409.460359,     0.00286531049,     -0.1882839582,                 0,                 0,                 0,      -0.140731896,     0.00286531049,     -0.1882839582,                 0,      -65.71153767,              -nan
          0,           0,        1089,      -8.645358139,      -6.882783069,      -8.171665975,      -5.060235257,      -10.79681746,   1.232651676e-08,   0.0009893967995,               100,               100,               100,       6409.460359,    0.002865309989,     -0.1882839596,                 0,                 0,                 0,      -0.140731897,    0.002865309989,     -0.1882839596,                 0,      -65.71154965,              -nan
          0,           0,        1090,      -8.645426344,      -6.883166339,      -8.171970005,      -5.060516393,      -10.79710734,   1.232655575e-08,   0.0009893967994,               100,               100,               100,       6409.460359,    0.002865309488,      -0.188283961,                 0,                 0,                 0,     -0.1407318981,    0.002865309488,      -0.188283961,                 0,      -65.71156162,              -nan
          0,           0,        1091,      -8.645494551,      -6.883549598,      -8.172274268,      -5.060797524,      -10.79739719,   1.232659477e-08,   0.0009893967994,               100,               100,               100,       6409.460359,    0.002865308988,     -0.1882839624,                 0,                 0,                 0,     -0.1407318991,    0.002865308988,     -0.1882839624,                 0,      -65.71157358,              -nan
          0,           0,        1092,      -8.645562759,      -6.883932847,      -8.172578479,      -5.061078585,        -10.797687,   1.232663382e-08,   0.0009893967994,               100,               100,               100,       6409.460359,    0.002865308488,     -0.1882839637,                 0,                 0,                 0,     -0.1407319002,    0.002865308488,     -0.1882839637,                 0,      -65.71158553,              -nan
          0,           0,        1093,      -8.645630969,      -6.884316087,      -8.172882564,      -5.061359597,      -10.79797678,   1.232667289e-08,   0.0009893967993,               100,               100,               100,       6409.460359,    0.002865307988,     -0.1882839651,                 0,                 0,                 0,     -0.1407319013,    0.002865307988,     -0.1882839651,                 0,      -65.71159747,              -nan
          0,           0,        1094,       -8.64569918,      -6.884699316,      -8.173186654,      -5.061640436,      -10.79826652,   1.232671199e-08,   0.0009893967993,               100,               100,               100,       6409.460359,    0.002865307489,     -0.1882839665,                 0,                 0,                 0,     -0.1407319023,    0.002865307489,     -0.1882839665,                 0,       -65.7116094,              -nan
          0,           0,        1095,      -8.645767393,      -6.885082535,      -8.173490801,      -5.061921391,      -10.79855622,   1.232675111e-08,   0.0009893967993,               100,               100,               100,       6409.460359,     0.00286530699,     -0.1882839679,                 0,                 0,                 0,     -0.1407319034,     0.00286530699,     -0.1882839679,                 0,      -65.71162132,              -nan
          0,           0,        1096,      -8.645835607,      -6.885465744,      -8.173794911,      -5.062202204,      -10.79884589,   1.232679026e-08,   0.0009893967992,               100,               100,               100,       6409.460359,    0.002865306491,     -0.1882839693,                 0,                 0,                 0,     -0.1407319044,    0.002865306491,     -0.1882839693,                 0,      -65.71163324,              -nan
          0,           0,        1097,      -8.645903823,      -6.885848942,      -8.174099033,      -5.062482955,      -10.79913552,   1.232682943e-08,   0.0009893967992,               100,               100,               100,       6409.460359,    0.002865305993,     -0.1882839706,                 0,                 0,                 0,     -0.1407319055,    0.002865305993,     -0.1882839706,                 0,      -65.71164514,              -nan
          0,           0,        1098,      -8.645972041,       -6.88623213,      -8.174403154,      -5.062763699,      -10.79942512,   1.232686863e-08,   0.0009893967992,               100,               100,               100,       6409.460359,    0.002865305495,      -0.188283972,                 0,                 0,                 0,     -0.1407319066,    0.002865305495,      -0.188283972,                 0,      -65.71165704,              -nan
          0,           0,        1099,       -8.64604026,      -6.886615307,      -8.174707139,      -5.063044292,      -10.79971468,   1.232690785e-08,   0.0009893967991,               100,               100,               100,       6409.460359,    0.002865304998,     -0.1882839734,                 0,                 0,                 0,     -0.1407319076,    0.002865304998,     -0.1882839734,                 0,      -65.71166893,              -nan
          0,           0,        1100,      -8.646108481,      -6.886998473,      -8.175011229,      -5.063324892,       -10.8000042,    1.23269471e-08,   0.0009893967991,               100,               100,               100,       6409.460359,    0.002865304501,     -0.1882839748,                 0,                 0,                 0,     -0.1407319087,    0.002865304501,     -0.1882839748,                 0,       -65.7116808,              -nan
          0,           0,        1101,      -8.646176703,      -6.887381629,      -8.175315316,      -5.063605443,      -10.80029368,   1.232698637e-08,   0.0009893967991,               100,               100,               100,       6409.460359,    0.002865304004,     -0.1882839762,                 0,                 0,                 0,     -0.1407319097,    0.002865304004,     -0.1882839762,                 0,      -65.71169267,              -nan
          0,           0,        1102,      -8.646244927,      -6.887764773,       -8.17561927,      -5.063885882,      -10.80058313,   1.232702567e-08,    0.000989396799,               100,               100,               100,       6409.460359,    0.002865303508,     -0.1882839775,                 0,                 0,                 0,     -0.1407319108,    0.002865303508,     -0.1882839775,                 0,      -65.71170453,              -nan
          0,           0,        1103,      -8.646313152,      -6.888147907,       -8.17592343,      -5.064166381,      -10.80087255,   1.232706499e-08,    0.000989396799,               100,               100,               100,       6409.460359,    0.002865303012,     -0.1882839789,                 0,                 0,                 0,     -0.1407319118,    0.002865303012,     -0.1882839789,                 0,      -65.71171639,              -nan
          0,           0,        1104,      -8.646381379,       -6.88853103,      -8.176227278,      -5.064446674,      -10.80116193,   1.232710434e-08,    0.000989396799,               100,               100,               100,       6409.460359,    0.002865302517,     -0.1882839803,                 0,                 0,                 0,     -0.1407319129,    0.002865302517,     -0.1882839803,                 0,      -65.71172823,              -nan
          0,           0,        1105,      -8.646449608,      -6.888914142,      -8.176531425,      -5.064727022,      -10.80145127,   1.232714371e-08,   0.0009893967989,               100,               100,               100,       6409.460359,    0.002865302022,     -0.1882839816,                 0,                 0,                 0,     -0.1407319139,    0.002865302022,     -0.1882839816,                 0,      -65.71174006,              -nan
          0,           0,        1106,      -8.646517838,      -6.889297242,      -8.176835286,      -5.065007254,      -10.80174057,   1.232718311e-08,   0.0009893967989,               100,               100,               100,       6409.460359,    0.002865301527,      -0.188283983,                 0,                 0,                 0,      -0.140731915,    0.002865301527,      -0.188283983,                 0,      -65.71175189,              -nan
          0,           0,        1107,      -8.646586069,      -6.889680331,      -8.177139192,       -5.06528737,      -10.80202984,   1.232722253e-08,   0.0009893967989,               100,               100,               100,       6409.460359,    0.002865301032,     -0.1882839844,                 0,                 0,                 0,      -0.140731916,    0.002865301032,     -0.1882839844,                 0,      -65.71176371,              -nan
          0,           0,        1108,      -8.646654303,      -6.890063409,      -8.177443183,      -5.065567601,      -10.80231907,   1.232726198e-08,   0.0009893967988,               100,               100,               100,       6409.460359,    0.002865300538,     -0.1882839858,                 0,                 0,                 0,     -0.1407319171,    0.002865300538,     -0.1882839858,                 0,      -65.71177551,              -nan
          0,           0,        1109,      -8.646722537,      -6.890446475,      -8.177747106,      -5.065847601,      -10.80260827,   1.232730146e-08,   0.0009893967988,               100,               100,               100,       6409.460359,    0.002865300045,     -0.1882839871,                 0,                 0,                 0,     -0.1407319181,    0.002865300045,     -0.1882839871,                 0,      -65.71178731,              -nan
          0,           0,        1110,      -8.646790773,      -6.890829529,      -8.178051112,      -5.066127667,      -10.80289743,   1.232734095e-08,   0.0009893967987,               100,               100,               100,       6409.460359,    0.002865299551,     -0.1882839885,                 0,                 0,                 0,     -0.1407319192,    0.002865299551,     -0.1882839885,                 0,       -65.7117991,              -nan
          0,           0,        1111,      -8.646859011,      -6.891212572,      -8.178355009,      -5.066407601,      -10.80318655,   1.232738048e-08,   0.0009893967987,               100,               100,               100,       6409.460359,    0.002865299058,     -0.1882839899,                 0,                 0,                 0,     -0.1407319202,    0.002865299058,     -0.1882839899,                 0,      -65.71181088,              -nan
          0,           0,        1112,      -8.646927251,      -6.891595603,      -8.178658912,       -5.06668753,      -10.80347564,   1.232742002e-08,   0.0009893967987,               100,               100,               100,       6409.460359,    0.002865298566,     -0.1882839912,                 0,                 0,                 0,     -0.1407319213,    0.002865298566,     -0.1882839912,                 0,      -65.71182266,              -nan
          0,           0,        1113,      -8.646995492,      -6.891978622,      -8.178962731,      -5.066967283,      -10.80376468,    1.23274596e-08,   0.0009893967986,               100,               100,               100,       6409.460359,    0.002865298074,     -0.1882839926,                 0,                 0,                 0,     -0.1407319223,    0.002865298074,     -0.1882839926,                 0,      -65.71183442,              -nan
          0,           0,        1114,      -8.647063734,       -6.89236163,      -8.179266711,      -5.067247143,       -10.8040537,   1.232749919e-08,   0.0009893967986,               100,               100,               100,       6409.460359,    0.002865297582,     -0.1882839939,                 0,                 0,                 0,     -0.1407319234,    0.002865297582,     -0.1882839939,                 0,      -65.71184617,              -nan
          0,           0,        1115,      -8.647131978,      -6.892744625,      -8.179570517,      -5.067526854,      -10.80434267,   1.232753882e-08,   0.0009893967986,               100,               100,               100,       6409.460359,    0.002865297091,     -0.1882839953,                 0,                 0,                 0,     -0.1407319244,    0.002865297091,     -0.1882839953,                 0,      -65.71185792,              -nan
          0,           0,        1116,      -8.647200223,      -6.893127608,      -8.179874286,      -5.067806498,      -10.80463161,   1.232757847e-08,   0.0009893967985,               100,               100,               100,       6409.460359,    0.002865296599,     -0.1882839967,                 0,                 0,                 0,     -0.1407319255,    0.002865296599,     -0.1882839967,                 0,      -65.71186966,              -nan
          0,           0,        1117,      -8.647268471,      -6.893510579,      -8.180178144,      -5.068086122,      -10.80492052,   1.232761814e-08,   0.0009893967985,               100,               100,               100,       6409.460359,    0.002865296109,      -0.188283998,                 0,                 0,                 0,     -0.1407319265,    0.002865296109,      -0.188283998,                 0,      -65.71188139,              -nan
          0,           0,        1118,      -8.647336719,      -6.893893537,      -8.180482004,      -5.068365677,      -10.80520938,   1.232765784e-08,   0.0009893967985,               100,               100,               100,       6409.460359,    0.002865295618,     -0.1882839994,                 0,                 0,                 0,     -0.1407319275,    0.002865295618,     -0.1882839994,                 0,       -65.7118931,              -nan
          0,           0,        1119,      -8.647404969,      -6.894276483,      -8.180785889,      -5.068645181,      -10.80549821,   1.232769756e-08,   0.0009893967984,               100,               100,               100,       6409.460359,    0.002865295129,     -0.1882840008,                 0,                 0,                 0,     -0.1407319286,    0.002865295129,     -0.1882840008,                 0,      -65.71190482,              -nan
          0,           0,        1120,      -8.647473221,      -6.894659417,      -8.181089613,       -5.06892461,      -10.80578701,   1.232773731e-08,   0.0009893967984,               100,               100,               100,       6409.460359,    0.002865294639,     -0.1882840021,                 0,                 0,                 0,     -0.1407319296,    0.002865294639,     -0.1882840021,                 0,      -65.71191652,              -nan
          0,           0,        1121,      -8.647541474,      -6.895042337,      -8.181393484,      -5.069203983,      -10.80607577,   1.232777708e-08,   0.0009893967984,               100,               100,               100,       6409.460359,     0.00286529415,     -0.1882840035,                 0,                 0,                 0,     -0.1407319307,     0.00286529415,     -0.1882840035,                 0,      -65.71192821,              -nan
          0,           0,        1122,      -8.647609729,      -6.895425246,      -8.181697152,      -5.069483308,      -10.80636449,   1.232781688e-08,   0.0009893967983,               100,               100,               100,       6409.460359,    0.002865293661,     -0.1882840048,                 0,                 0,                 0,     -0.1407319317,    0.002865293661,     -0.1882840048,                 0,      -65.71193989,              -nan
          0,           0,        1123,      -8.647677985,      -6.895808141,      -8.182000925,      -5.069762584,      -10.80665317,    1.23278567e-08,   0.0009893967983,               100,               100,               100,       6409.460359,    0.002865293172,     -0.1882840062,                 0,                 0,                 0,     -0.1407319327,    0.002865293172,     -0.1882840062,                 0,      -65.71195157,              -nan
          0,           0,        1124,      -8.647746243,      -6.896191023,      -8.182304689,      -5.070041714,      -10.80694182,   1.232789654e-08,   0.0009893967983,               100,               100,               100,       6409.460359,    0.002865292684,     -0.1882840075,                 0,                 0,                 0,     -0.1407319338,    0.002865292684,     -0.1882840075,                 0,      -65.71196324,              -nan
          0,           0,        1125,      -8.647814503,      -6.896573892,      -8.182608373,      -5.070320892,      -10.80723043,   1.232793642e-08,   0.0009893967982,               100,               100,               100,       6409.460359,    0.002865292196,     -0.1882840089,                 0,                 0,                 0,     -0.1407319348,    0.002865292196,     -0.1882840089,                 0,       -65.7119749,              -nan
          0,           0,        1126,      -8.647882764,      -6.896956749,      -8.182912135,      -5.070600015,        -10.807519,   1.232797631e-08,   0.0009893967982,               100,               100,               100,       6409.460359,    0.002865291709,     -0.1882840102,                 0,                 0,                 0,     -0.1407319359,    0.002865291709,     -0.1882840102,                 0,      -65.71198655,              -nan
          0,           0,        1127,      -8.647951026,      -6.897339592,       -8.18321585,      -5.070879045,      -10.80780754,   1.232801624e-08,   0.0009893967982,               100,               100,               100,       6409.460359,    0.002865291222,     -0.1882840116,                 0,                 0,                 0,     -0.1407319369,    0.002865291222,     -0.1882840116,                 0,      -65.71199819,              -nan
          0,           0,        1128,       -8.64801929,      -6.897722422,       -8.18351958,       -5.07115799,      -10.80809604,   1.232805618e-08,   0.0009893967981,               100,               100,               100,       6409.460359,    0.002865290735,     -0.1882840129,                 0,                 0,                 0,     -0.1407319379,    0.002865290735,     -0.1882840129,                 0,      -65.71200982,              -nan
          0,           0,        1129,      -8.648087556,      -6.898105238,      -8.183823223,      -5.071436897,       -10.8083845,   1.232809615e-08,   0.0009893967981,               100,               100,               100,       6409.460359,    0.002865290249,     -0.1882840143,                 0,                 0,                 0,      -0.140731939,    0.002865290249,     -0.1882840143,                 0,      -65.71202144,              -nan
          0,           0,        1130,      -8.648155823,      -6.898488041,      -8.184126837,      -5.071715735,      -10.80867293,   1.232813615e-08,   0.0009893967981,               100,               100,               100,       6409.460359,    0.002865289763,     -0.1882840156,                 0,                 0,                 0,       -0.14073194,    0.002865289763,     -0.1882840156,                 0,      -65.71203306,              -nan
          0,           0,        1131,      -8.648224091,       -6.89887083,      -8.184430526,      -5.071994552,      -10.80896132,   1.232817617e-08,    0.000989396798,               100,               100,               100,       6409.460359,    0.002865289278,      -0.188284017,                 0,                 0,                 0,      -0.140731941,    0.002865289278,      -0.188284017,                 0,      -65.71204466,              -nan
          0,           0,        1132,      -8.648292362,      -6.899253606,      -8.184734299,      -5.072273323,      -10.80924967,   1.232821622e-08,    0.000989396798,               100,               100,               100,       6409.460359,    0.002865288792,     -0.1882840183,                 0,                 0,                 0,     -0.1407319421,    0.002865288792,     -0.1882840183,                 0,      -65.71205626,              -nan
          0,           0,        1133,      -8.648360634,      -6.899636368,      -8.185037746,      -5.072551937,      -10.80953798,   1.232825629e-08,    0.000989396798,               100,               100,               100,       6409.460359,    0.002865288308,     -0.1882840197,                 0,                 0,                 0,     -0.1407319431,    0.002865288308,     -0.1882840197,                 0,      -65.71206785,              -nan
          0,           0,        1134,      -8.648428907,      -6.900019116,       -8.18534138,      -5.072830575,      -10.80982626,   1.232829638e-08,   0.0009893967979,               100,               100,               100,       6409.460359,    0.002865287823,      -0.188284021,                 0,                 0,                 0,     -0.1407319441,    0.002865287823,      -0.188284021,                 0,      -65.71207943,              -nan
          0,           0,        1135,      -8.648497182,       -6.90040185,      -8.185644983,        -5.0731091,      -10.81011451,    1.23283365e-08,   0.0009893967979,               100,               100,               100,       6409.460359,    0.002865287339,     -0.1882840224,                 0,                 0,                 0,     -0.1407319452,    0.002865287339,     -0.1882840224,                 0,        -65.712091,              -nan
          0,           0,        1136,      -8.648565458,      -6.900784569,      -8.185948504,      -5.073387591,      -10.81040271,   1.232837665e-08,   0.0009893967979,               100,               100,               100,       6409.460359,    0.002865286855,     -0.1882840237,                 0,                 0,                 0,     -0.1407319462,    0.002865286855,     -0.1882840237,                 0,      -65.71210256,              -nan
          0,           0,        1137,      -8.648633736,      -6.901167275,      -8.186252241,      -5.073666108,      -10.81069088,   1.232841682e-08,   0.0009893967978,               100,               100,               100,       6409.460359,    0.002865286372,     -0.1882840251,                 0,                 0,                 0,     -0.1407319472,    0.002865286372,     -0.1882840251,                 0,      -65.71211412,              -nan
          0,           0,        1138,      -8.648702015,      -6.901549967,       -8.18655577,      -5.073944461,      -10.81097901,   1.232845701e-08,   0.0009893967978,               100,               100,               100,       6409.460359,    0.002865285889,     -0.1882840264,                 0,                 0,                 0,     -0.1407319482,    0.002865285889,     -0.1882840264,                 0,      -65.71212566,              -nan
          0,           0,        1139,      -8.648770296,      -6.901932644,      -8.186859278,      -5.074222734,      -10.81126711,   1.232849723e-08,   0.0009893967978,               100,               100,               100,       6409.460359,    0.002865285406,     -0.1882840277,                 0,                 0,                 0,     -0.1407319493,    0.002865285406,     -0.1882840277,                 0,       -65.7121372,              -nan
          0,           0,        1140,      -8.648838578,      -6.902315307,      -8.187162786,      -5.074501013,      -10.81155516,   1.232853748e-08,   0.0009893967977,               100,               100,               100,       6409.460359,    0.002865284924,     -0.1882840291,                 0,                 0,                 0,     -0.1407319503,    0.002865284924,     -0.1882840291,                 0,      -65.71214873,              -nan
          0,           0,        1141,      -8.648906862,      -6.902697955,      -8.187466269,      -5.074779203,      -10.81184318,   1.232857775e-08,   0.0009893967977,               100,               100,               100,       6409.460359,    0.002865284442,     -0.1882840304,                 0,                 0,                 0,     -0.1407319513,    0.002865284442,     -0.1882840304,                 0,      -65.71216024,              -nan
          0,           0,        1142,      -8.648975148,      -6.903080588,      -8.187769792,      -5.075057335,      -10.81213117,   1.232861804e-08,   0.0009893967977,               100,               100,               100,       6409.460359,    0.002865283961,     -0.1882840317,                 0,                 0,                 0,     -0.1407319524,    0.002865283961,     -0.1882840317,                 0,      -65.71217176,              -nan
          0,           0,        1143,      -8.649043435,      -6.903463207,      -8.188073343,      -5.075335492,      -10.81241911,   1.232865836e-08,   0.0009893967976,               100,               100,               100,       6409.460359,    0.002865283479,     -0.1882840331,                 0,                 0,                 0,     -0.1407319534,    0.002865283479,     -0.1882840331,                 0,      -65.71218326,              -nan
          0,           0,        1144,      -8.649111723,      -6.903845811,      -8.188376678,      -5.075613442,      -10.81270702,    1.23286987e-08,   0.0009893967976,               100,               100,               100,       6409.460359,    0.002865282999,     -0.1882840344,                 0,                 0,                 0,     -0.1407319544,    0.002865282999,     -0.1882840344,                 0,      -65.71219475,              -nan
          0,           0,        1145,      -8.649180014,      -6.904228399,      -8.188680264,      -5.075891452,       -10.8129949,   1.232873907e-08,   0.0009893967976,               100,               100,               100,       6409.460359,    0.002865282518,     -0.1882840358,                 0,                 0,                 0,     -0.1407319554,    0.002865282518,     -0.1882840358,                 0,      -65.71220624,              -nan
          0,           0,        1146,      -8.649248305,      -6.904610973,      -8.188983767,      -5.076169325,      -10.81328273,   1.232877947e-08,   0.0009893967975,               100,               100,               100,       6409.460359,    0.002865282038,     -0.1882840371,                 0,                 0,                 0,     -0.1407319564,    0.002865282038,     -0.1882840371,                 0,      -65.71221771,              -nan
          0,           0,        1147,      -8.649316598,      -6.904993532,      -8.189287081,      -5.076447177,      -10.81357053,   1.232881988e-08,   0.0009893967975,               100,               100,               100,       6409.460359,    0.002865281558,     -0.1882840384,                 0,                 0,                 0,     -0.1407319575,    0.002865281558,     -0.1882840384,                 0,      -65.71222918,              -nan
          0,           0,        1148,      -8.649384893,      -6.905376075,      -8.189590461,      -5.076724912,      -10.81385829,   1.232886033e-08,   0.0009893967975,               100,               100,               100,       6409.460359,    0.002865281079,     -0.1882840398,                 0,                 0,                 0,     -0.1407319585,    0.002865281079,     -0.1882840398,                 0,      -65.71224064,              -nan
          0,           0,        1149,      -8.649453189,      -6.905758603,      -8.189893954,      -5.077002699,      -10.81414602,   1.232890079e-08,   0.0009893967974,               100,               100,               100,       6409.460359,      0.0028652806,     -0.1882840411,                 0,                 0,                 0,     -0.1407319595,      0.0028652806,     -0.1882840411,                 0,      -65.71225209,              -nan
          0,           0,        1150,      -8.649521487,      -6.906141116,      -8.190197286,      -5.077280321,       -10.8144337,   1.232894129e-08,   0.0009893967974,               100,               100,               100,       6409.460359,    0.002865280121,     -0.1882840424,                 0,                 0,                 0,     -0.1407319605,    0.002865280121,     -0.1882840424,                 0,      -65.71226353,              -nan
          0,           0,        1151,      -8.649589786,      -6.906523613,      -8.190500743,      -5.077557976,      -10.81472135,    1.23289818e-08,   0.0009893967974,               100,               100,               100,       6409.460359,    0.002865279643,     -0.1882840437,                 0,                 0,                 0,     -0.1407319616,    0.002865279643,     -0.1882840437,                 0,      -65.71227497,              -nan
          0,           0,        1152,      -8.649658087,      -6.906906094,       -8.19080414,      -5.077835518,      -10.81500897,   1.232902234e-08,   0.0009893967973,               100,               100,               100,       6409.460359,    0.002865279165,     -0.1882840451,                 0,                 0,                 0,     -0.1407319626,    0.002865279165,     -0.1882840451,                 0,      -65.71228639,              -nan
          0,           0,        1153,      -8.649726389,       -6.90728856,      -8.191107415,      -5.078112974,      -10.81529654,   1.232906291e-08,   0.0009893967973,               100,               100,               100,       6409.460359,    0.002865278687,     -0.1882840464,                 0,                 0,                 0,     -0.1407319636,    0.002865278687,     -0.1882840464,                 0,      -65.71229781,              -nan
          0,           0,        1154,      -8.649794693,       -6.90767101,      -8.191410856,      -5.078390484,      -10.81558408,    1.23291035e-08,   0.0009893967973,               100,               100,               100,       6409.460359,     0.00286527821,     -0.1882840477,                 0,                 0,                 0,     -0.1407319646,     0.00286527821,     -0.1882840477,                 0,      -65.71230921,              -nan
          0,           0,        1155,      -8.649862998,      -6.908053443,      -8.191714088,      -5.078667766,      -10.81587158,   1.232914412e-08,   0.0009893967972,               100,               100,               100,       6409.460359,    0.002865277733,     -0.1882840491,                 0,                 0,                 0,     -0.1407319656,    0.002865277733,     -0.1882840491,                 0,      -65.71232061,              -nan
          0,           0,        1156,      -8.649931305,      -6.908435861,      -8.192017539,      -5.078945117,      -10.81615905,   1.232918476e-08,   0.0009893967972,               100,               100,               100,       6409.460359,    0.002865277257,     -0.1882840504,                 0,                 0,                 0,     -0.1407319666,    0.002865277257,     -0.1882840504,                 0,        -65.712332,              -nan
          0,           0,        1157,      -8.649999614,      -6.908818263,      -8.192320763,       -5.07922235,      -10.81644647,   1.232922542e-08,   0.0009893967972,               100,               100,               100,       6409.460359,    0.002865276781,     -0.1882840517,                 0,                 0,                 0,     -0.1407319677,    0.002865276781,     -0.1882840517,                 0,      -65.71234339,              -nan
          0,           0,        1158,      -8.650067923,      -6.909200648,      -8.192624124,      -5.079499547,      -10.81673386,   1.232926611e-08,   0.0009893967971,               100,               100,               100,       6409.460359,    0.002865276305,      -0.188284053,                 0,                 0,                 0,     -0.1407319687,    0.002865276305,      -0.188284053,                 0,      -65.71235476,              -nan
          0,           0,        1159,      -8.650136235,      -6.909583017,      -8.192927201,      -5.079776629,      -10.81702121,   1.232930683e-08,   0.0009893967971,               100,               100,               100,       6409.460359,    0.002865275829,     -0.1882840543,                 0,                 0,                 0,     -0.1407319697,    0.002865275829,     -0.1882840543,                 0,      -65.71236613,              -nan
          0,           0,        1160,      -8.650204548,      -6.909965369,      -8.193230636,      -5.080053736,      -10.81730853,   1.232934756e-08,   0.0009893967971,               100,               100,               100,       6409.460359,    0.002865275354,     -0.1882840557,                 0,                 0,                 0,     -0.1407319707,    0.002865275354,     -0.1882840557,                 0,      -65.71237748,              -nan
          0,           0,        1161,      -8.650272862,      -6.910347705,      -8.193533856,      -5.080330764,      -10.81759581,   1.232938833e-08,    0.000989396797,               100,               100,               100,       6409.460359,    0.002865274879,      -0.188284057,                 0,                 0,                 0,     -0.1407319717,    0.002865274879,      -0.188284057,                 0,      -65.71238883,              -nan
          0,           0,        1162,      -8.650341178,      -6.910730024,       -8.19383708,      -5.080607713,      -10.81788305,   1.232942912e-08,    0.000989396797,               100,               100,               100,       6409.460359,    0.002865274405,     -0.1882840583,                 0,                 0,                 0,     -0.1407319727,    0.002865274405,     -0.1882840583,                 0,      -65.71240017,              -nan
          0,           0,        1163,      -8.650409495,      -6.911112326,      -8.194140324,      -5.080884581,      -10.81817025,   1.232946993e-08,    0.000989396797,               100,               100,               100,       6409.460359,    0.002865273931,     -0.1882840596,                 0,                 0,                 0,     -0.1407319737,    0.002865273931,     -0.1882840596,                 0,       -65.7124115,              -nan
          0,           0,        1164,      -8.650477814,      -6.911494612,      -8.194443453,      -5.081161397,      -10.81845742,   1.232951077e-08,   0.0009893967969,               100,               100,               100,       6409.460359,    0.002865273457,     -0.1882840609,                 0,                 0,                 0,     -0.1407319747,    0.002865273457,     -0.1882840609,                 0,      -65.71242283,              -nan
          0,           0,        1165,      -8.650546135,       -6.91187688,      -8.194746747,      -5.081438175,      -10.81874454,   1.232955163e-08,   0.0009893967969,               100,               100,               100,       6409.460359,    0.002865272984,     -0.1882840623,                 0,                 0,                 0,     -0.1407319758,    0.002865272984,     -0.1882840623,                 0,      -65.71243414,              -nan
          0,           0,        1166,      -8.650614457,      -6.912259132,      -8.195049897,      -5.081714873,      -10.81903164,   1.232959252e-08,   0.0009893967969,               100,               100,               100,       6409.460359,    0.002865272511,     -0.1882840636,                 0,                 0,                 0,     -0.1407319768,    0.002865272511,     -0.1882840636,                 0,      -65.71244545,              -nan
          0,           0,        1167,       -8.65068278,      -6.912641366,      -8.195353094,      -5.081991546,      -10.81931869,   1.232963343e-08,   0.0009893967968,               100,               100,               100,       6409.460359,    0.002865272039,     -0.1882840649,                 0,                 0,                 0,     -0.1407319778,    0.002865272039,     -0.1882840649,                 0,      -65.71245674,              -nan
          0,           0,        1168,      -8.650751105,      -6.913023583,      -8.195656156,      -5.082268136,       -10.8196057,   1.232967436e-08,   0.0009893967968,               100,               100,               100,       6409.460359,    0.002865271566,     -0.1882840662,                 0,                 0,                 0,     -0.1407319788,    0.002865271566,     -0.1882840662,                 0,      -65.71246803,              -nan
          0,           0,        1169,      -8.650819432,      -6.913405782,      -8.195959414,      -5.082544685,      -10.81989268,   1.232971532e-08,   0.0009893967968,               100,               100,               100,       6409.460359,    0.002865271094,     -0.1882840675,                 0,                 0,                 0,     -0.1407319798,    0.002865271094,     -0.1882840675,                 0,      -65.71247931,              -nan
          0,           0,        1170,       -8.65088776,      -6.913787964,      -8.196262462,      -5.082821089,      -10.82017962,   1.232975631e-08,   0.0009893967968,               100,               100,               100,       6409.460359,    0.002865270623,     -0.1882840688,                 0,                 0,                 0,     -0.1407319808,    0.002865270623,     -0.1882840688,                 0,      -65.71249058,              -nan
          0,           0,        1171,      -8.650956089,      -6.914170128,      -8.196565611,      -5.083097545,      -10.82046653,   1.232979732e-08,   0.0009893967967,               100,               100,               100,       6409.460359,    0.002865270152,     -0.1882840701,                 0,                 0,                 0,     -0.1407319818,    0.002865270152,     -0.1882840701,                 0,      -65.71250185,              -nan
          0,           0,        1172,       -8.65102442,      -6.914552275,      -8.196868609,      -5.083373825,      -10.82075339,   1.232983835e-08,   0.0009893967967,               100,               100,               100,       6409.460359,    0.002865269681,     -0.1882840715,                 0,                 0,                 0,     -0.1407319828,    0.002865269681,     -0.1882840715,                 0,       -65.7125131,              -nan
          0,           0,        1173,      -8.651092753,      -6.914934404,      -8.197171771,      -5.083650151,      -10.82104022,   1.232987941e-08,   0.0009893967967,               100,               100,               100,       6409.460359,     0.00286526921,     -0.1882840728,                 0,                 0,                 0,     -0.1407319838,     0.00286526921,     -0.1882840728,                 0,      -65.71252435,              -nan
          0,           0,        1174,      -8.651161087,      -6.915316515,      -8.197474788,      -5.083926384,      -10.82132701,    1.23299205e-08,   0.0009893967966,               100,               100,               100,       6409.460359,     0.00286526874,     -0.1882840741,                 0,                 0,                 0,     -0.1407319848,     0.00286526874,     -0.1882840741,                 0,      -65.71253559,              -nan
          0,           0,        1175,      -8.651229423,      -6.915698607,      -8.197777866,      -5.084202507,      -10.82161377,    1.23299616e-08,   0.0009893967966,               100,               100,               100,       6409.460359,    0.002865268271,     -0.1882840754,                 0,                 0,                 0,     -0.1407319858,    0.002865268271,     -0.1882840754,                 0,      -65.71254682,              -nan
          0,           0,        1176,       -8.65129776,      -6.916080682,      -8.198081018,      -5.084478636,      -10.82190048,   1.233000274e-08,   0.0009893967966,               100,               100,               100,       6409.460359,    0.002865267801,     -0.1882840767,                 0,                 0,                 0,     -0.1407319868,    0.002865267801,     -0.1882840767,                 0,      -65.71255804,              -nan
          0,           0,        1177,      -8.651366098,      -6.916462738,       -8.19838392,       -5.08475469,      -10.82218716,   1.233004389e-08,   0.0009893967965,               100,               100,               100,       6409.460359,    0.002865267332,      -0.188284078,                 0,                 0,                 0,     -0.1407319878,    0.002865267332,      -0.188284078,                 0,      -65.71256925,              -nan
          0,           0,        1178,      -8.651434438,      -6.916844776,      -8.198686966,      -5.085030623,       -10.8224738,   1.233008508e-08,   0.0009893967965,               100,               100,               100,       6409.460359,    0.002865266863,     -0.1882840793,                 0,                 0,                 0,     -0.1407319888,    0.002865266863,     -0.1882840793,                 0,      -65.71258046,              -nan
          0,           0,        1179,       -8.65150278,      -6.917226795,      -8.198989957,      -5.085306529,      -10.82276041,   1.233012628e-08,   0.0009893967965,               100,               100,               100,       6409.460359,    0.002865266395,     -0.1882840806,                 0,                 0,                 0,     -0.1407319898,    0.002865266395,     -0.1882840806,                 0,      -65.71259166,              -nan
          0,           0,        1180,      -8.651571123,      -6.917608796,      -8.199292973,      -5.085582439,      -10.82304697,   1.233016751e-08,   0.0009893967964,               100,               100,               100,       6409.460359,    0.002865265927,     -0.1882840819,                 0,                 0,                 0,     -0.1407319908,    0.002865265927,     -0.1882840819,                 0,      -65.71260284,              -nan
          0,           0,        1181,      -8.651639468,      -6.917990779,      -8.199596024,      -5.085858196,       -10.8233335,   1.233020877e-08,   0.0009893967964,               100,               100,               100,       6409.460359,    0.002865265459,     -0.1882840832,                 0,                 0,                 0,     -0.1407319918,    0.002865265459,     -0.1882840832,                 0,      -65.71261402,              -nan
          0,           0,        1182,      -8.651707814,      -6.918372742,      -8.199898844,      -5.086133932,      -10.82361999,   1.233025005e-08,   0.0009893967964,               100,               100,               100,       6409.460359,    0.002865264992,     -0.1882840845,                 0,                 0,                 0,     -0.1407319928,    0.002865264992,     -0.1882840845,                 0,       -65.7126252,              -nan
          0,           0,        1183,      -8.651776161,      -6.918754687,      -8.200201865,      -5.086409678,      -10.82390644,   1.233029136e-08,   0.0009893967963,               100,               100,               100,       6409.460359,    0.002865264525,     -0.1882840858,                 0,                 0,                 0,     -0.1407319938,    0.002865264525,     -0.1882840858,                 0,      -65.71263636,              -nan
          0,           0,        1184,      -8.651844511,      -6.919136612,      -8.200504789,      -5.086685188,      -10.82419286,   1.233033269e-08,   0.0009893967963,               100,               100,               100,       6409.460359,    0.002865264059,     -0.1882840871,                 0,                 0,                 0,     -0.1407319948,    0.002865264059,     -0.1882840871,                 0,      -65.71264751,              -nan
          0,           0,        1185,      -8.651912861,      -6.919518518,      -8.200807805,      -5.086960813,      -10.82447923,   1.233037404e-08,   0.0009893967963,               100,               100,               100,       6409.460359,    0.002865263592,     -0.1882840884,                 0,                 0,                 0,     -0.1407319958,    0.002865263592,     -0.1882840884,                 0,      -65.71265866,              -nan
          0,           0,        1186,      -8.651981213,      -6.919900406,      -8.201110541,      -5.087236269,      -10.82476557,   1.233041542e-08,   0.0009893967962,               100,               100,               100,       6409.460359,    0.002865263126,     -0.1882840897,                 0,                 0,                 0,     -0.1407319968,    0.002865263126,     -0.1882840897,                 0,       -65.7126698,              -nan
          0,           0,        1187,      -8.652049567,      -6.920282273,      -8.201413631,      -5.087511724,      -10.82505187,   1.233045682e-08,   0.0009893967962,               100,               100,               100,       6409.460359,    0.002865262661,      -0.188284091,                 0,                 0,                 0,     -0.1407319978,    0.002865262661,      -0.188284091,                 0,      -65.71268093,              -nan
          0,           0,        1188,      -8.652117922,      -6.920664122,      -8.201716292,      -5.087787031,      -10.82533814,   1.233049825e-08,   0.0009893967962,               100,               100,               100,       6409.460359,    0.002865262196,     -0.1882840923,                 0,                 0,                 0,     -0.1407319988,    0.002865262196,     -0.1882840923,                 0,      -65.71269205,              -nan
          0,           0,        1189,      -8.652186278,       -6.92104595,      -8.202019326,       -5.08806243,      -10.82562436,    1.23305397e-08,   0.0009893967961,               100,               100,               100,       6409.460359,    0.002865261731,     -0.1882840936,                 0,                 0,                 0,     -0.1407319998,    0.002865261731,     -0.1882840936,                 0,      -65.71270316,              -nan
          0,           0,        1190,      -8.652254636,       -6.92142776,      -8.202322194,      -5.088337621,      -10.82591055,   1.233058118e-08,   0.0009893967961,               100,               100,               100,       6409.460359,    0.002865261266,     -0.1882840949,                 0,                 0,                 0,     -0.1407320008,    0.002865261266,     -0.1882840949,                 0,      -65.71271427,              -nan
          0,           0,        1191,      -8.652322996,      -6.921809549,      -8.202624909,      -5.088612786,       -10.8261967,   1.233062268e-08,   0.0009893967961,               100,               100,               100,       6409.460359,    0.002865260802,     -0.1882840962,                 0,                 0,                 0,     -0.1407320018,    0.002865260802,     -0.1882840962,                 0,      -65.71272536,              -nan
          0,           0,        1192,      -8.652391357,      -6.922191319,      -8.202927807,      -5.088888011,      -10.82648282,    1.23306642e-08,    0.000989396796,               100,               100,               100,       6409.460359,    0.002865260338,     -0.1882840975,                 0,                 0,                 0,     -0.1407320028,    0.002865260338,     -0.1882840975,                 0,      -65.71273645,              -nan
          0,           0,        1193,       -8.65245972,      -6.922573068,      -8.203230638,      -5.089162981,      -10.82676889,   1.233070575e-08,    0.000989396796,               100,               100,               100,       6409.460359,    0.002865259875,     -0.1882840988,                 0,                 0,                 0,     -0.1407320038,    0.002865259875,     -0.1882840988,                 0,      -65.71274753,              -nan
          0,           0,        1194,      -8.652528084,      -6.922954797,      -8.203533329,      -5.089437965,      -10.82705493,   1.233074733e-08,    0.000989396796,               100,               100,               100,       6409.460359,    0.002865259412,     -0.1882841001,                 0,                 0,                 0,     -0.1407320047,    0.002865259412,     -0.1882841001,                 0,       -65.7127586,              -nan
          0,           0,        1195,      -8.652596449,      -6.923336507,      -8.203836125,      -5.089712928,      -10.82734093,   1.233078893e-08,   0.0009893967959,               100,               100,               100,       6409.460359,    0.002865258949,     -0.1882841013,                 0,                 0,                 0,     -0.1407320057,    0.002865258949,     -0.1882841013,                 0,      -65.71276967,              -nan
          0,           0,        1196,      -8.652664816,      -6.923718196,      -8.204139001,      -5.089987855,      -10.82762689,   1.233083055e-08,   0.0009893967959,               100,               100,               100,       6409.460359,    0.002865258486,     -0.1882841026,                 0,                 0,                 0,     -0.1407320067,    0.002865258486,     -0.1882841026,                 0,      -65.71278072,              -nan
          0,           0,        1197,      -8.652733185,      -6.924099864,      -8.204441576,      -5.090262595,      -10.82791281,    1.23308722e-08,   0.0009893967959,               100,               100,               100,       6409.460359,    0.002865258024,     -0.1882841039,                 0,                 0,                 0,     -0.1407320077,    0.002865258024,     -0.1882841039,                 0,      -65.71279177,              -nan
          0,           0,        1198,      -8.652801555,      -6.924481511,      -8.204744529,      -5.090537398,       -10.8281987,   1.233091387e-08,   0.0009893967958,               100,               100,               100,       6409.460359,    0.002865257563,     -0.1882841052,                 0,                 0,                 0,     -0.1407320087,    0.002865257563,     -0.1882841052,                 0,      -65.71280281,              -nan
          0,           0,        1199,      -8.652869926,      -6.924863139,      -8.205047272,      -5.090812099,      -10.82848454,   1.233095557e-08,   0.0009893967958,               100,               100,               100,       6409.460359,    0.002865257101,     -0.1882841065,                 0,                 0,                 0,     -0.1407320097,    0.002865257101,     -0.1882841065,                 0,      -65.71281384,              -nan
