cache_key,sample_id,tag,nchordwise,spanwise,cspace,alpha_deg,control_input_deg,diff_input_deg,status,ok,CLa,Clp,Cma,Cmq,Cnb,altitude_m,avl_version,b_ref,beta_deg,c_ref,cache_hit,cd_ind,cd_total,cl,cm,elevon_diff.CY,elevon_diff.Cl,elevon_diff.Cn,elevon_sym.CL,elevon_sym.Cm,geom_config_sha256,hinge_moments.elevon_diff,hinge_moments.elevon_sym,l_over_d,n_sections,n_strips,n_vortices,s_ref,seconds_avl,seconds_total,span_efficiency,src_git_sha,strips_expected,velocity_mps,viscous,vortices_expected,x_np
9132bfb9abed76e447ae5306,lhs30s2000:00,ptest4,10,2,0.0,1.0,4.0,4.0,SUCCESS,True,3.750802,-0.29628,-1.881726,-4.626764,0.001654,0.0,/usr/local/bin/avl:sha256=758a9c634d7bfc26,1.7165,0.0,0.5539,False,0.0004904,0.006704463561152145,-0.00219,0.01555,-0.00044,-0.002512,-6e-06,0.009861,-0.0066,543da140a6d0eacdb86d907fc34529e875e43a4d9c573c356cb8894bc40452b3,-0.0002015,-0.000232,-0.3266480576745284,29,112,1120,0.77939,4.854015999000694,4.854019498998241,0.0012,6bb2627b75bbf1c3cc1a35eaf5559aaeee0e0d51,112,28.0,True,1120,0.277884
7407bceb68fa757ddbe41085,lhs30s2000:01,ptest4,10,2,0.0,1.0,4.0,4.0,SUCCESS,True,3.39477,-0.260217,-1.551148,-3.584548,0.001694,0.0,/usr/local/bin/avl:sha256=758a9c634d7bfc26,1.5594,0.0,0.62927,False,0.0011307,0.0072820740309027035,0.01072,0.00278,-0.000298,-0.003102,1.3e-05,0.013946,-0.008753,543da140a6d0eacdb86d907fc34529e875e43a4d9c573c356cb8894bc40452b3,-0.0004166,-0.0003185,1.4721080772466582,29,112,1120,0.74569,5.2459945709997555,5.245997270998487,0.01,6bb2627b75bbf1c3cc1a35eaf5559aaeee0e0d51,112,28.0,True,1120,0.287528
e9bec84842fd29f614563f26,lhs30s2000:02,ptest4,10,2,0.0,1.0,4.0,4.0,SUCCESS,True,3.955175,-0.319672,-1.875487,-4.572468,0.000943,0.0,/usr/local/bin/avl:sha256=758a9c634d7bfc26,2.2771,0.0,0.65443,False,0.0013423,0.007316295024291849,0.05565,-0.01666,-0.000589,-0.003522,5e-05,0.014002,-0.009252,543da140a6d0eacdb86d907fc34529e875e43a4d9c573c356cb8894bc40452b3,-0.0004926,-0.0005096,7.6063089057000415,29,112,1120,1.2584,4.8105994340003235,4.810603234000155,0.1764,6bb2627b75bbf1c3cc1a35eaf5559aaeee0e0d51,112,28.0,True,1120,0.310321
9e95ca857e4cb0a6d9ad471e,lhs30s2000:03,ptest4,10,2,0.0,1.0,4.0,4.0,SUCCESS,True,3.415283,-0.26487,-1.426383,-3.493702,0.00087,0.0,/usr/local/bin/avl:sha256=758a9c634d7bfc26,1.8196,0.0,0.68536,False,0.0012039,0.007041044794764891,0.04731,-0.01015,-0.000305,-0.00226,6.9e-05,0.009869,-0.006044,543da140a6d0eacdb86d907fc34529e875e43a4d9c573c356cb8894bc40452b3,-0.0003055,-0.0002903,6.719173273144861,28,108,1080,1.069,4.944314234002377,4.944319834001362,0.1883,6bb2627b75bbf1c3cc1a35eaf5559aaeee0e0d51,108,28.0,True,1080,0.28624
51e6a07c98c1423aed71f8ee,normal:2001,smoke,12,2,1.0,4.0,4.0,4.0,SUCCESS,True,4.058898,-0.324865,-2.02645,-4.797788,0.004276,0.0,/usr/local/bin/avl:sha256=758a9c634d7bfc26,2.4887,0.0,0.68797,False,0.0017279,0.007889035369629645,0.13537,-0.04966,-0.000512,-0.001944,-7e-06,0.006787,-0.004507,543da140a6d0eacdb86d907fc34529e875e43a4d9c573c356cb8894bc40452b3,-0.0001439,-0.0002117,17.159258851992572,29,112,1344,1.3292,6.297565855002176,6.297569237998687,0.6952,6bb2627b75bbf1c3cc1a35eaf5559aaeee0e0d51,112,28.0,True,1344,0.343475
37e0666f29fcef4db953af45,extreme:high_ar,stage0_scale,48,2,1.0,4.0,4.0,4.0,SUCCESS,True,4.707241,-0.401004,-3.447574,-9.523656,0.0024,0.0,/usr/local/bin/avl:sha256=758a9c634d7bfc26,2.4999,0.0,0.46449,False,0.0033249,0.010450745330917102,0.23609,-0.15654,-0.000613,-0.003572,-0.000118,0.012308,-0.011913,543da140a6d0eacdb86d907fc34529e875e43a4d9c573c356cb8894bc40452b3,-0.000264,-0.0004159,22.59073324670538,29,112,5376,0.95187,83.06374973700076,83.06375175000358,0.8129,6bb2627b75bbf1c3cc1a35eaf5559aaeee0e0d51,112,28.0,True,5376,0.340195
5a03698cb4c1371aab56c8c8,extreme:max_sweep,stage0_scale,48,2,1.0,4.0,4.0,4.0,SUCCESS,True,3.172357,-0.268841,0.848335,-0.965026,-0.00046,0.0,/usr/local/bin/avl:sha256=758a9c634d7bfc26,1.7165,0.0,0.5539,False,0.002641,0.00911067710059408,0.15989,0.05222,-0.00069,-0.001698,-0.000166,0.006871,0.002705,543da140a6d0eacdb86d907fc34529e875e43a4d9c573c356cb8894bc40452b3,-8.317e-05,-0.0001671,17.549738426090645,29,112,5376,0.7794,82.00150693099931,82.00150915499762,0.8388,6bb2627b75bbf1c3cc1a35eaf5559aaeee0e0d51,112,28.0,True,5376,-0.148122
c7092bf67ec9462a24d21230,extreme:min_chord,stage0_scale,48,2,1.0,4.0,4.0,4.0,SUCCESS,True,3.743878,-0.288872,-1.847792,-4.513723,0.003638,0.0,/usr/local/bin/avl:sha256=758a9c634d7bfc26,1.7166,0.0,0.55705,False,0.0032992,0.009929804296397352,0.18758,-0.07575,-0.000574,-0.002443,1.1e-05,0.009686,-0.006287,543da140a6d0eacdb86d907fc34529e875e43a4d9c573c356cb8894bc40452b3,-0.0001556,-0.000247,18.890603923388117,29,112,5376,0.76513,82.81004768599814,82.81004959500206,0.8789,6bb2627b75bbf1c3cc1a35eaf5559aaeee0e0d51,112,28.0,True,5376,0.274933
7b2b5b4d67110d26d218e545,extreme:narrow_elevon,stage0_scale,48,2,1.0,4.0,4.0,4.0,SUCCESS,True,3.755329,-0.2925,-1.875173,-4.617607,0.004048,0.0,/usr/local/bin/avl:sha256=758a9c634d7bfc26,1.7165,0.0,0.55423,False,0.0025588,0.009024435209599693,0.169,-0.06583,-0.000246,-0.001084,3e-06,0.004197,-0.002815,543da140a6d0eacdb86d907fc34529e875e43a4d9c573c356cb8894bc40452b3,-4.61e-05,-7.44e-05,18.72693371660835,29,112,5376,0.77934,82.79749993500081,82.79750236999826,0.9228,6bb2627b75bbf1c3cc1a35eaf5559aaeee0e0d51,112,28.0,True,5376,0.276745
4eba7180e3bd487b09c3e404,extreme:strong_taper,stage0_scale,48,2,1.0,4.0,4.0,4.0,SUCCESS,True,3.980049,-0.309755,-2.022768,-4.695988,0.003359,0.0,/usr/local/bin/avl:sha256=758a9c634d7bfc26,1.7166,0.0,0.49851,False,0.0033306,0.010608601861977639,0.20694,-0.08574,-0.000531,-0.002776,-6.3e-05,0.010306,-0.006611,543da140a6d0eacdb86d907fc34529e875e43a4d9c573c356cb8894bc40452b3,-0.0001401,-0.000229,19.50681180162817,29,112,5376,0.61198,82.52276255499964,82.5227649940025,0.8511,6bb2627b75bbf1c3cc1a35eaf5559aaeee0e0d51,112,28.0,True,5376,0.253358
203fb2d8855d0532eb3668fd,extreme:wide_elevon,stage0_scale,48,2,1.0,4.0,4.0,4.0,SUCCESS,True,3.739609,-0.2931,-1.868287,-4.607316,0.003365,0.0,/usr/local/bin/avl:sha256=758a9c634d7bfc26,1.7165,0.0,0.55391,False,0.0046932,0.011347664994932796,0.21487,-0.09676,-0.00087,-0.003814,4.6e-05,0.016336,-0.010964,543da140a6d0eacdb86d907fc34529e875e43a4d9c573c356cb8894bc40452b3,-0.0004316,-0.000575,18.93517301541316,28,108,5184,0.77939,77.71992101999786,77.71992387800128,0.8289,6bb2627b75bbf1c3cc1a35eaf5559aaeee0e0d51,108,28.0,True,5184,0.276728
8817029fef3f37cbf5686057,lhs30s2000:01,stage0_scale,48,2,1.0,4.0,4.0,4.0,SUCCESS,True,3.384116,-0.257199,-1.538945,-3.569783,0.004228,0.0,/usr/local/bin/avl:sha256=758a9c634d7bfc26,1.5594,0.0,0.62927,False,0.0043154,0.010836612666116225,0.18578,-0.07652,-0.000488,-0.003168,5.8e-05,0.014262,-0.008888,543da140a6d0eacdb86d907fc34529e875e43a4d9c573c356cb8894bc40452b3,-0.000369,-0.0004543,17.14373353777739,29,112,5376,0.74569,82.1589387339991,82.15894169300009,0.7785,6bb2627b75bbf1c3cc1a35eaf5559aaeee0e0d51,112,28.0,True,5376,0.286164
d1fefcf73110a5c46bfd416f,lhs30s2000:02,stage0_scale,48,2,1.0,4.0,4.0,4.0,SUCCESS,True,3.940328,-0.31721,-1.858288,-4.550983,0.002435,0.0,/usr/local/bin/avl:sha256=758a9c634d7bfc26,2.2771,0.0,0.65443,False,0.0061433,0.012558647081246054,0.25851,-0.11165,-0.000771,-0.003607,6e-05,0.01434,-0.009406,543da140a6d0eacdb86d907fc34529e875e43a4d9c573c356cb8894bc40452b3,-0.0004407,-0.0006878,20.58422362915472,29,112,5376,1.2584,83.19597522899858,83.19597850599894,0.8378,6bb2627b75bbf1c3cc1a35eaf5559aaeee0e0d51,112,28.0,True,5376,0.308634
078bce0588beacdbd4e044ad,lhs30s2000:03,stage0_scale,48,2,1.0,4.0,4.0,4.0,SUCCESS,True,3.399984,-0.261615,-1.412181,-3.474943,0.002772,0.0,/usr/local/bin/avl:sha256=758a9c634d7bfc26,1.8196,0.0,0.68536,False,0.005895,0.012066119671763841,0.22244,-0.08217,-0.000454,-0.00231,0.000116,0.01009,-0.006116,543da140a6d0eacdb86d907fc34529e875e43a4d9c573c356cb8894bc40452b3,-0.0002632,-0.0003665,18.435089825980768,28,108,5184,1.069,78.67309190699962,78.6730951890022,0.8623,6bb2627b75bbf1c3cc1a35eaf5559aaeee0e0d51,108,28.0,True,5184,0.284666
260fcafe63f4521459bbb606,lhs30s2000:04,stage0_scale,48,2,1.0,4.0,4.0,4.0,SUCCESS,True,3.406915,-0.263799,-1.377973,-3.253485,0.003856,0.0,/usr/local/bin/avl:sha256=758a9c634d7bfc26,1.5227,0.0,0.58102,False,0.0038739,0.010292852674006541,0.1688,-0.0611,-0.000636,-0.002641,0.000111,0.012131,-0.006952,543da140a6d0eacdb86d907fc34529e875e43a4d9c573c356cb8894bc40452b3,-0.0003482,-0.0003857,16.399729535261464,29,112,5376,0.73046,84.44823756700134,84.4482404229966,0.7371,6bb2627b75bbf1c3cc1a35eaf5559aaeee0e0d51,112,28.0,True,5376,0.235
fab7371962b3a521365d3b68,lhs30s2000:05,stage0_scale,48,2,1.0,4.0,4.0,4.0,SUCCESS,True,3.652112,-0.287509,-2.450362,-6.734534,0.004029,0.0,/usr/local/bin/avl:sha256=758a9c634d7bfc26,1.7428,0.0,0.57661,False,0.0043529,0.010722973569241713,0.19426,-0.12313,-0.000546,-0.002375,0.000126,0.008818,-0.008063,543da140a6d0eacdb86d907fc34529e875e43a4d9c573c356cb8894bc40452b3,-0.0002625,-0.0004897,18.116243479068586,29,112,5376,0.85687,83.02793857999859,83.02794217599876,0.7651,6bb2627b75bbf1c3cc1a35eaf5559aaeee0e0d51,112,28.0,True,5376,0.386875
b660bece5940191cd266312b,lhs30s2000:06,stage0_scale,48,2,1.0,4.0,4.0,4.0,SUCCESS,True,3.95617,-0.316006,-1.818473,-4.202738,0.003897,0.0,/usr/local/bin/avl:sha256=758a9c634d7bfc26,2.2661,0.0,0.65452,False,0.0031601,0.00950742134694991,0.18568,-0.07307,-0.000529,-0.002224,1.6e-05,0.008701,-0.00556,543da140a6d0eacdb86d907fc34529e875e43a4d9c573c356cb8894bc40452b3,-0.0001147,-0.0001721,19.53000642593465,29,112,5376,1.1337,82.730038452999,82.73004183700323,0.7698,6bb2627b75bbf1c3cc1a35eaf5559aaeee0e0d51,112,28.0,True,5376,0.300853
a6f6dc65aa26d7117d70f74f,lhs30s2000:07,stage0_scale,48,2,1.0,4.0,4.0,4.0,SUCCESS,True,3.808605,-0.295931,-2.080551,-5.102695,0.002832,0.0,/usr/local/bin/avl:sha256=758a9c634d7bfc26,2.027,0.0,0.64408,False,0.0059066,0.012515824977434118,0.24621,-0.12517,-0.000491,-0.00324,7.8e-05,0.013088,-0.009403,543da140a6d0eacdb86d907fc34529e875e43a4d9c573c356cb8894bc40452b3,-0.0002413,-0.0004106,19.671895415916545,29,112,5376,0.99526,83.47936597100124,83.47936945000038,0.789,6bb2627b75bbf1c3cc1a35eaf5559aaeee0e0d51,112,28.0,True,5376,0.351844
92ff815f017b3bfb0f52a352,lhs30s2000:08,stage0_scale,48,2,1.0,4.0,4.0,4.0,SUCCESS,True,3.836999,-0.305733,-2.341364,-6.082372,0.003357,0.0,/usr/local/bin/avl:sha256=758a9c634d7bfc26,2.3388,0.0,0.71355,False,0.0037726,0.00989726327397887,0.18709,-0.09858,-0.000664,-0.002552,8.8e-05,0.009445,-0.007407,543da140a6d0eacdb86d907fc34529e875e43a4d9c573c356cb8894bc40452b3,-0.0002095,-0.0003997,18.903205342822673,29,112,5376,1.3703,83.17367174299943,83.17367364399979,0.7372,6bb2627b75bbf1c3cc1a35eaf5559aaeee0e0d51,112,28.0,True,5376,0.435414
d8fe3942632807166ef4e13b,lhs30s2000:09,stage0_scale,48,2,1.0,4.0,4.0,4.0,SUCCESS,True,3.806849,-0.296471,-1.981943,-4.843071,0.003409,0.0,/usr/local/bin/avl:sha256=758a9c634d7bfc26,1.8585,0.0,0.59077,False,0.0017893,0.008144778870200535,0.13087,-0.05142,-0.000374,-0.002216,-5.2e-05,0.008537,-0.006033,543da140a6d0eacdb86d907fc34529e875e43a4d9c573c356cb8894bc40452b3,-0.0001108,-0.0001507,16.06796232109096,29,112,5376,0.86271,82.96031663599933,82.9603198090008,0.76,6bb2627b75bbf1c3cc1a35eaf5559aaeee0e0d51,112,28.0,True,5376,0.307568
dc1cc64470e930a35d3cb14b,lhs30s2000:10,stage0_scale,48,2,1.0,4.0,4.0,4.0,SUCCESS,True,4.172579,-0.333209,-2.144231,-4.963721,0.003475,0.0,/usr/local/bin/avl:sha256=758a9c634d7bfc26,1.6897,0.0,0.43602,False,0.0035947,0.011171528041777417,0.22998,-0.10226,-0.000341,-0.001471,1e-05,0.005081,-0.003539,543da140a6d0eacdb86d907fc34529e875e43a4d9c573c356cb8894bc40452b3,-4.681e-05,-7.919e-05,20.586261712807698,28,108,5184,0.52879,77.68727747499725,77.68727980399854,0.8716,6bb2627b75bbf1c3cc1a35eaf5559aaeee0e0d51,108,28.0,True,5184,0.224065
95774b55edf39cfb481b150b,lhs30s2000:11,stage0_scale,48,2,1.0,4.0,4.0,4.0,SUCCESS,True,4.563055,-0.402061,-3.200296,-8.725228,0.003197,0.0,/usr/local/bin/avl:sha256=758a9c634d7bfc26,2.4972,0.0,0.48767,False,0.0040663,0.010903400280086765,0.25118,-0.16824,-0.000678,-0.003309,-4.6e-05,0.011878,-0.011768,543da140a6d0eacdb86d907fc34529e875e43a4d9c573c356cb8894bc40452b3,-0.0003009,-0.0004588,23.036850298776816,29,112,5376,1.0411,82.66770697999891,82.66770899100084,0.8237,6bb2627b75bbf1c3cc1a35eaf5559aaeee0e0d51,112,28.0,True,5376,0.342024
f2da36a29a1b799dd87efb30,lhs30s2000:12,stage0_scale,48,2,1.0,4.0,4.0,4.0,SUCCESS,True,4.032711,-0.327518,-2.772576,-7.467545,0.003318,0.0,/usr/local/bin/avl:sha256=758a9c634d7bfc26,2.191,0.0,0.60218,False,0.0034429,0.009926032213114269,0.20509,-0.12494,-0.000445,-0.002487,-1.1e-05,0.008805,-0.00809,543da140a6d0eacdb86d907fc34529e875e43a4d9c573c356cb8894bc40452b3,-0.0001326,-0.000224,20.66183099114218,29,112,5376,1.066,83.0940092210003,83.09401133700158,0.8578,6bb2627b75bbf1c3cc1a35eaf5559aaeee0e0d51,112,28.0,True,5376,0.414015
2e70c36c7bf29967f9ad866d,lhs30s2000:13,stage0_scale,48,2,1.0,4.0,4.0,4.0,SUCCESS,True,3.644736,-0.283496,-1.394156,-3.091944,0.003379,0.0,/usr/local/bin/avl:sha256=758a9c634d7bfc26,1.6585,0.0,0.57986,False,0.0039565,0.010694971223087147,0.18897,-0.06384,-0.000384,-0.002794,2.4e-05,0.012448,-0.006633,543da140a6d0eacdb86d907fc34529e875e43a4d9c573c356cb8894bc40452b3,-0.0002023,-0.0002535,17.6690517494869,29,112,5376,0.72307,82.56844052199813,82.56844327599902,0.7566,6bb2627b75bbf1c3cc1a35eaf5559aaeee0e0d51,112,28.0,True,5376,0.221802
e37f13cc9524846d81430ed0,lhs30s2000:14,stage0_scale,48,2,1.0,4.0,4.0,4.0,SUCCESS,True,4.286701,-0.356781,-2.516993,-6.18736,0.003232,0.0,/usr/local/bin/avl:sha256=758a9c634d7bfc26,2.3053,0.0,0.52855,False,0.0038517,0.010823858767007293,0.25074,-0.12874,-0.000123,-0.001653,-6.9e-05,0.005576,-0.004446,543da140a6d0eacdb86d907fc34529e875e43a4d9c573c356cb8894bc40452b3,-5.553e-05,-8.853e-05,23.165490736473046,29,112,5376,0.91286,82.36249189799855,82.36249412100005,0.8949,6bb2627b75bbf1c3cc1a35eaf5559aaeee0e0d51,112,28.0,True,5376,0.310342
24a5b4c365d8370d6b0116df,lhs30s2000:15,stage0_scale,48,2,1.0,4.0,4.0,4.0,SUCCESS,True,3.990273,-0.305902,-2.221751,-5.395042,0.003078,0.0,/usr/local/bin/avl:sha256=758a9c634d7bfc26,2.1399,0.0,0.6183,False,0.003155,0.009722800624725976,0.19222,-0.08917,-0.000243,-0.002202,-4e-05,0.007453,-0.005377,543da140a6d0eacdb86d907fc34529e875e43a4d9c573c356cb8894bc40452b3,-0.0001055,-0.0002239,19.770023825354073,29,112,5376,0.9679,82.6588318810027,82.6588343149997,0.7736,6bb2627b75bbf1c3cc1a35eaf5559aaeee0e0d51,112,28.0,True,5376,0.344263
68e5dd126c78dc01308510eb,lhs30s2000:16,stage0_scale,48,2,1.0,4.0,4.0,4.0,SUCCESS,True,3.763785,-0.293596,-1.722045,-4.084253,0.003078,0.0,/usr/local/bin/avl:sha256=758a9c634d7bfc26,1.7779,0.0,0.57421,False,0.0036046,0.010223393011554555,0.19579,-0.07426,-0.000532,-0.002491,1.3e-05,0.00997,-0.006231,543da140a6d0eacdb86d907fc34529e875e43a4d9c573c356cb8894bc40452b3,-0.0001646,-0.0002504,19.15117610941071,29,112,5376,0.81117,82.49793335700087,82.49793610699999,0.8654,6bb2627b75bbf1c3cc1a35eaf5559aaeee0e0d51,112,28.0,True,5376,0.262719
3af45cdf12f20c9c0fec8d62,lhs30s2000:17,stage0_scale,48,2,1.0,4.0,4.0,4.0,SUCCESS,True,4.279612,-0.345391,-2.777047,-7.131545,0.004248,0.0,/usr/local/bin/avl:sha256=758a9c634d7bfc26,1.937,0.0,0.47686,False,0.003231,0.010372004604574558,0.20503,-0.11478,-0.000622,-0.002028,4e-05,0.006955,-0.005868,543da140a6d0eacdb86d907fc34529e875e43a4d9c573c356cb8894bc40452b3,-0.0001411,-0.0002698,19.767634880298047,29,112,5376,0.70565,82.64129304500239,82.64129515799868,0.7777,6bb2627b75bbf1c3cc1a35eaf5559aaeee0e0d51,112,28.0,True,5376,0.309433
824f46c66c644d9a22b60b7a,lhs30s2000:18,stage0_scale,48,2,1.0,4.0,4.0,4.0,SUCCESS,True,4.655663,-0.407165,-3.825657,-11.090176,0.003741,0.0,/usr/local/bin/avl:sha256=758a9c634d7bfc26,2.4397,0.0,0.42298,False,0.0024451,0.009722617043268893,0.17008,-0.1361,-0.000864,-0.004082,-8e-05,0.013932,-0.016687,543da140a6d0eacdb86d907fc34529e875e43a4d9c573c356cb8894bc40452b3,-0.0002891,-0.0004014,17.493232454090005,29,112,5376,0.80903,82.78205780599819,82.78206076800052,0.5093,6bb2627b75bbf1c3cc1a35eaf5559aaeee0e0d51,112,28.0,True,5376,0.347569
45897389aa70f53071c6b437,lhs30s2000:19,stage0_scale,48,2,1.0,4.0,4.0,4.0,SUCCESS,True,3.812007,-0.307112,-2.118323,-5.453672,0.003742,0.0,/usr/local/bin/avl:sha256=758a9c634d7bfc26,1.9774,0.0,0.60024,False,0.0030824,0.009380673672579797,0.1702,-0.08513,-0.000599,-0.003008,2.2e-05,0.012356,-0.010315,543da140a6d0eacdb86d907fc34529e875e43a4d9c573c356cb8894bc40452b3,-0.0002267,-0.0002225,18.143686257576952,29,112,5376,1.0205,82.1861367599995,82.18613919599738,0.7804,6bb2627b75bbf1c3cc1a35eaf5559aaeee0e0d51,112,28.0,True,5376,0.333553
b45ba1fea68e9022d598fccd,lhs30s2000:20,stage0_scale,48,2,1.0,4.0,4.0,4.0,SUCCESS,True,3.763081,-0.295497,-1.973682,-4.848818,0.004413,0.0,/usr/local/bin/avl:sha256=758a9c634d7bfc26,1.9066,0.0,0.61083,False,0.005163,0.011683926949051416,0.23698,-0.1107,-0.000908,-0.002591,0.000156,0.010202,-0.007068,543da140a6d0eacdb86d907fc34529e875e43a4d9c573c356cb8894bc40452b3,-0.0001177,-0.0002017,20.28256433246869,29,112,5376,0.92951,82.469071386,82.46907350399852,0.8824,6bb2627b75bbf1c3cc1a35eaf5559aaeee0e0d51,112,28.0,True,5376,0.320369
03f30ff52153c6415edd533b,lhs30s2000:21,stage0_scale,48,2,1.0,4.0,4.0,4.0,SUCCESS,True,3.549714,-0.273544,-1.905839,-4.796055,0.003544,0.0,/usr/local/bin/avl:sha256=758a9c634d7bfc26,1.8852,0.0,0.66939,False,0.0031243,0.009198372967181798,0.1643,-0.07882,-0.000707,-0.002974,6.5e-05,0.012598,-0.009038,543da140a6d0eacdb86d907fc34529e875e43a4d9c573c356cb8894bc40452b3,-0.0002646,-0.0004103,17.861854546036994,29,112,5376,1.0299,82.58363253599964,82.5836347580007,0.7869,6bb2627b75bbf1c3cc1a35eaf5559aaeee0e0d51,112,28.0,True,5376,0.359394
e4c4cc23fdffc99e141dab4d,lhs30s2000:22,stage0_scale,48,2,1.0,4.0,4.0,4.0,SUCCESS,True,4.349872,-0.369887,-3.306236,-9.316474,0.00465,0.0,/usr/local/bin/avl:sha256=758a9c634d7bfc26,2.4177,0.0,0.54688,False,0.0031407,0.009653072354282395,0.1904,-0.13172,-0.001097,-0.00398,-8e-06,0.01365,-0.013954,543da140a6d0eacdb86d907fc34529e875e43a4d9c573c356cb8894bc40452b3,-0.0004927,-0.0008584,19.72429015468146,29,112,5376,1.1101,83.38271814399923,83.38272068600054,0.6792,6bb2627b75bbf1c3cc1a35eaf5559aaeee0e0d51,112,28.0,True,5376,0.415673
4cc8636dbdb92fe87eb44c69,lhs30s2000:23,stage0_scale,48,2,1.0,4.0,4.0,4.0,SUCCESS,True,4.553225,-0.385488,-3.156939,-8.377901,0.002553,0.0,/usr/local/bin/avl:sha256=758a9c634d7bfc26,2.1117,0.0,0.42936,False,0.002545,0.00981027836331127,0.20157,-0.12387,-0.000365,-0.002916,-0.000137,0.009963,-0.009043,543da140a6d0eacdb86d907fc34529e875e43a4d9c573c356cb8894bc40452b3,-0.0002182,-0.0003441,20.546817586118316,29,112,5376,0.70859,85.11503909099702,85.11504173700087,0.8124,6bb2627b75bbf1c3cc1a35eaf5559aaeee0e0d51,112,28.0,True,5376,0.297693
96d50c095bd9eea6ae7ca44c,lhs30s2000:24,stage0_scale,48,2,1.0,4.0,4.0,4.0,SUCCESS,True,3.777588,-0.304846,-1.999398,-4.873493,0.003956,0.0,/usr/local/bin/avl:sha256=758a9c634d7bfc26,2.0589,0.0,0.64506,False,0.0049699,0.011311295031860494,0.24075,-0.11858,-0.000336,-0.00198,9e-06,0.007079,-0.005254,543da140a6d0eacdb86d907fc34529e875e43a4d9c573c356cb8894bc40452b3,-0.0001087,-0.0002016,21.284035057160132,29,112,5376,1.0648,83.92716094099887,83.92716337499951,0.9328,6bb2627b75bbf1c3cc1a35eaf5559aaeee0e0d51,112,28.0,True,5376,0.341416
4157b882db91413beaae0be1,lhs30s2000:25,stage0_scale,48,2,1.0,4.0,4.0,4.0,SUCCESS,True,4.474657,-0.382564,-3.181441,-8.579763,0.003357,0.0,/usr/local/bin/avl:sha256=758a9c634d7bfc26,2.2032,0.0,0.45796,False,0.0028444,0.009863583212970912,0.17058,-0.11289,-0.000519,-0.003174,-4.3e-05,0.010449,-0.010631,543da140a6d0eacdb86d907fc34529e875e43a4d9c573c356cb8894bc40452b3,-0.0002064,-0.0003483,17.293918073878274,29,112,5376,0.8095,82.78325280499848,82.78325534599935,0.5425,6bb2627b75bbf1c3cc1a35eaf5559aaeee0e0d51,112,28.0,True,5376,0.325608
a5de14417682c5770af0376e,lhs30s2000:26,stage0_scale,48,2,1.0,4.0,4.0,4.0,SUCCESS,True,3.826961,-0.303948,-1.872267,-4.497739,0.003202,0.0,/usr/local/bin/avl:sha256=758a9c634d7bfc26,1.5823,0.0,0.49375,False,0.0051987,0.012120783743478532,0.24316,-0.11024,-0.000622,-0.002142,0.000102,0.008466,-0.005779,543da140a6d0eacdb86d907fc34529e875e43a4d9c573c356cb8894bc40452b3,-0.0001152,-0.0001866,20.061408993525674,28,108,5184,0.63267,78.04764290100138,78.04764554299982,0.901,6bb2627b75bbf1c3cc1a35eaf5559aaeee0e0d51,108,28.0,True,5184,0.241558
e775eb9ec15361077932cf66,lhs30s2000:27,stage0_scale,48,2,1.0,4.0,4.0,4.0,SUCCESS,True,4.475958,-0.378439,-2.570883,-6.417018,0.002268,0.0,/usr/local/bin/avl:sha256=758a9c634d7bfc26,2.094,0.0,0.44715,False,0.0039742,0.01115836123551684,0.23379,-0.129,-0.000321,-0.00395,-0.000139,0.014426,-0.011791,543da140a6d0eacdb86d907fc34529e875e43a4d9c573c356cb8894bc40452b3,-0.0004093,-0.0006376,20.952001379544075,29,112,5376,0.76528,81.95691500700195,81.95691712299958,0.756,6bb2627b75bbf1c3cc1a35eaf5559aaeee0e0d51,112,28.0,True,5376,0.256833
0f35f23344bf6f5a841eda66,lhs30s2000:28,stage0_scale,48,2,1.0,4.0,4.0,4.0,SUCCESS,True,4.67266,-0.39806,-2.913865,-7.432049,0.002627,0.0,/usr/local/bin/avl:sha256=758a9c634d7bfc26,2.3812,0.0,0.4533,False,0.0027251,0.009756862341658288,0.18618,-0.10608,-0.000841,-0.004156,-0.000132,0.015364,-0.012726,543da140a6d0eacdb86d907fc34529e875e43a4d9c573c356cb8894bc40452b3,-0.0003957,-0.0005763,19.081954165231835,29,112,5376,0.86502,82.20485037300023,82.20485238499896,0.6199,6bb2627b75bbf1c3cc1a35eaf5559aaeee0e0d51,112,28.0,True,5376,0.282679
1c5bbf0de70928398e31f44b,lhs30s2000:29,stage0_scale,48,2,1.0,4.0,4.0,4.0,SUCCESS,True,3.910334,-0.313109,-2.464521,-6.40548,0.004339,0.0,/usr/local/bin/avl:sha256=758a9c634d7bfc26,1.6313,0.0,0.48403,False,0.0036935,0.010607538589095057,0.20926,-0.11736,-0.000568,-0.002163,4.6e-05,0.00825,-0.006762,543da140a6d0eacdb86d907fc34529e875e43a4d9c573c356cb8894bc40452b3,-0.0001477,-0.0002466,19.72747949417097,29,112,5376,0.63705,82.68708298500133,82.68708478400004,0.8955,6bb2627b75bbf1c3cc1a35eaf5559aaeee0e0d51,112,28.0,True,5376,0.305067
4dbf2e6d2b28ab1cf8e16be1,lhs30s2000:00,stage1,8,2,1.0,-2.0,4.0,4.0,SUCCESS,True,3.729312,-0.296539,-1.859707,-4.600975,0.002072,0.0,/usr/local/bin/avl:sha256=758a9c634d7bfc26,1.7165,0.0,0.5539,False,0.0040753,0.011495340358302368,-0.20515,0.11799,-0.000285,-0.002401,-6.8e-05,0.009382,-0.00632,543da140a6d0eacdb86d907fc34529e875e43a4d9c573c356cb8894bc40452b3,-0.0002029,-0.0001452,-17.846361534813795,29,112,896,0.77939,2.8203970470021886,2.820400324999355,0.8589,6bb2627b75bbf1c3cc1a35eaf5559aaeee0e0d51,112,28.0,True,896,0.276215
b25788758dd45210539d246b,lhs30s2000:00,stage1,8,2,1.0,0.0,4.0,4.0,SUCCESS,True,3.746441,-0.296644,-1.871286,-4.607515,0.001543,0.0,/usr/local/bin/avl:sha256=758a9c634d7bfc26,1.7165,0.0,0.5539,False,0.0009522,0.007371836871546109,-0.07464,0.05285,-0.000377,-0.002409,-3e-05,0.009435,-0.006343,543da140a6d0eacdb86d907fc34529e875e43a4d9c573c356cb8894bc40452b3,-0.0002039,-0.0001984,-10.125020575007055,29,112,896,0.77939,3.0221398459980264,3.022142496000015,0.4769,6bb2627b75bbf1c3cc1a35eaf5559aaeee0e0d51,112,28.0,True,896,0.276664
b2c0d26e51d2d550d74d288f,lhs30s2000:00,stage1,8,2,1.0,4.0,4.0,4.0,SUCCESS,True,3.74156,-0.293337,-1.870239,-4.60901,0.003627,0.0,/usr/local/bin/avl:sha256=758a9c634d7bfc26,1.7165,0.0,0.5539,False,0.0032153,0.00975383007987064,0.18705,-0.07795,-0.000558,-0.002411,1.9e-05,0.00946,-0.006353,543da140a6d0eacdb86d907fc34529e875e43a4d9c573c356cb8894bc40452b3,-0.0002043,-0.0003033,19.17708207630379,29,112,896,0.77939,3.0264580770017346,3.0264602009992814,0.8805,6bb2627b75bbf1c3cc1a35eaf5559aaeee0e0d51,112,28.0,True,896,0.27687
42b42f938b3e67fb1fd25502,lhs30s2000:00,stage1,8,4,1.0,-2.0,4.0,4.0,SUCCESS,True,3.720387,-0.294525,-1.854406,-4.592329,0.002059,0.0,/usr/local/bin/avl:sha256=758a9c634d7bfc26,1.7165,0.0,0.5539,False,0.0040624,0.011470353113512365,-0.20471,0.11774,-0.000285,-0.00239,-6.8e-05,0.009355,-0.006304,543da140a6d0eacdb86d907fc34529e875e43a4d9c573c356cb8894bc40452b3,-0.0002022,-0.0001451,-17.846878642196852,29,224,1792,0.77939,11.157404215002316,11.157407071001217,0.8553,6bb2627b75bbf1c3cc1a35eaf5559aaeee0e0d51,224,28.0,True,1792,0.276089
91a31c7d4e7387c03bc69918,lhs30s2000:00,stage1,8,4,1.0,0.0,4.0,4.0,SUCCESS,True,3.737745,-0.294642,-1.866072,-4.599081,0.001538,0.0,/usr/local/bin/avl:sha256=758a9c634d7bfc26,1.7165,0.0,0.5539,False,0.0009466,0.007359854312637534,-0.07451,0.05279,-0.000376,-0.002398,-2.9e-05,0.009408,-0.006328,543da140a6d0eacdb86d907fc34529e875e43a4d9c573c356cb8894bc40452b3,-0.0002031,-0.000198,-10.123841700515676,29,224,1792,0.77939,11.528904563998367,11.528907105002872,0.4761,6bb2627b75bbf1c3cc1a35eaf5559aaeee0e0d51,224,28.0,True,1792,0.276535
372035633c0a69ee94c93cf6,lhs30s2000:00,stage1,8,4,1.0,4.0,4.0,4.0,SUCCESS,True,3.7334,-0.29139,-1.865289,-4.601058,0.003626,0.0,/usr/local/bin/avl:sha256=758a9c634d7bfc26,1.7165,0.0,0.5539,False,0.0032088,0.009743857913010962,0.18659,-0.07766,-0.000556,-0.0024,2e-05,0.009433,-0.006338,543da140a6d0eacdb86d907fc34529e875e43a4d9c573c356cb8894bc40452b3,-0.0002035,-0.0003024,19.149499270801826,29,224,1792,0.77939,11.555821638998168,11.555824287002906,0.8773,6bb2627b75bbf1c3cc1a35eaf5559aaeee0e0d51,224,28.0,True,1792,0.276741
e2c57baf37ac17c5c838419e,lhs30s2000:00,stage1,8,6,1.0,-2.0,4.0,4.0,SUCCESS,True,3.717271,-0.293842,-1.852543,-4.589276,0.002064,0.0,/usr/local/bin/avl:sha256=758a9c634d7bfc26,1.7165,0.0,0.5539,False,0.0040568,0.011472876639397854,-0.20456,0.11766,-0.000285,-0.002387,-6.8e-05,0.009347,-0.0063,543da140a6d0eacdb86d907fc34529e875e43a4d9c573c356cb8894bc40452b3,-0.000202,-0.000145,-17.829878802805307,29,336,2688,0.77939,23.360339328999544,23.36034196699984,0.8542,6bb2627b75bbf1c3cc1a35eaf5559aaeee0e0d51,336,28.0,True,2688,0.276043
3d28777b593f21f13ec60b61,lhs30s2000:00,stage1,8,6,1.0,0.0,4.0,4.0,SUCCESS,True,3.734772,-0.293966,-1.86429,-4.596193,0.001536,0.0,/usr/local/bin/avl:sha256=758a9c634d7bfc26,1.7165,0.0,0.5539,False,0.0009443,0.007365178142806812,-0.07446,0.05276,-0.000376,-0.002395,-2.9e-05,0.0094,-0.006324,543da140a6d0eacdb86d907fc34529e875e43a4d9c573c356cb8894bc40452b3,-0.0002029,-0.0001978,-10.109735101617497,29,336,2688,0.77939,24.39735900999949,24.39736155099672,0.4759,6bb2627b75bbf1c3cc1a35eaf5559aaeee0e0d51,336,28.0,True,2688,0.276491
1bcdbe62270cc345fee5db59,lhs30s2000:00,stage1,8,6,1.0,4.0,4.0,4.0,SUCCESS,True,3.730743,-0.290742,-1.863666,-4.598459,0.003623,0.0,/usr/local/bin/avl:sha256=758a9c634d7bfc26,1.7165,0.0,0.5539,False,0.0032066,0.009749198559705631,0.18643,-0.07756,-0.000555,-0.002397,1.9e-05,0.009426,-0.006334,543da140a6d0eacdb86d907fc34529e875e43a4d9c573c356cb8894bc40452b3,-0.0002033,-0.0003021,19.122597499504526,29,336,2688,0.77939,24.005939257000136,24.005941372997768,0.8764,6bb2627b75bbf1c3cc1a35eaf5559aaeee0e0d51,336,28.0,True,2688,0.276697
bb9d8fc9ce0a1d44924ff2c1,lhs30s2000:00,stage1,12,2,1.0,-2.0,4.0,4.0,SUCCESS,True,3.73025,-0.296614,-1.859508,-4.599519,0.002069,0.0,/usr/local/bin/avl:sha256=758a9c634d7bfc26,1.7165,0.0,0.5539,False,0.0040831,0.011459511346626407,-0.20332,0.11666,-0.000289,-0.00249,-7.7e-05,0.009737,-0.006542,543da140a6d0eacdb86d907fc34529e875e43a4d9c573c356cb8894bc40452b3,-0.0002214,-0.0001521,-17.742466833880822,29,112,1344,0.77939,6.456750072997238,6.456752816000517,0.8491,6bb2627b75bbf1c3cc1a35eaf5559aaeee0e0d51,112,28.0,True,1344,0.276116
ab8fc0e6378aa89eab628be1,lhs30s2000:00,stage1,12,2,1.0,0.0,4.0,4.0,SUCCESS,True,3.747145,-0.296693,-1.870937,-4.605927,0.00154,0.0,/usr/local/bin/avl:sha256=758a9c634d7bfc26,1.7165,0.0,0.5539,False,0.0009788,0.007387811242409601,-0.07278,0.05152,-0.000384,-0.002498,-3.6e-05,0.009793,-0.006566,543da140a6d0eacdb86d907fc34529e875e43a4d9c573c356cb8894bc40452b3,-0.0002224,-0.0002139,-9.851361602501115,29,112,1344,0.77939,6.660727823000343,6.660730120998778,0.449,6bb2627b75bbf1c3cc1a35eaf5559aaeee0e0d51,112,28.0,True,1344,0.276561
8a30d39bf3b7428c362531bd,lhs30s2000:00,stage1,12,2,1.0,4.0,4.0,4.0,SUCCESS,True,3.741584,-0.293334,-1.869551,-4.607089,0.003635,0.0,/usr/local/bin/avl:sha256=758a9c634d7bfc26,1.7165,0.0,0.5539,False,0.0033499,0.009894890330865798,0.18893,-0.07924,-0.000572,-0.002501,1.9e-05,0.00982,-0.006576,543da140a6d0eacdb86d907fc34529e875e43a4d9c573c356cb8894bc40452b3,-0.0002228,-0.000336,19.093693177240976,29,112,1344,0.77939,6.809386876000644,6.809389097998064,0.8759,6bb2627b75bbf1c3cc1a35eaf5559aaeee0e0d51,112,28.0,True,1344,0.276767
fdc6f049d2a30c3d341ef845,lhs30s2000:00,stage1,12,4,1.0,-2.0,4.0,4.0,SUCCESS,True,3.721499,-0.294602,-1.854277,-4.590974,0.002059,0.0,/usr/local/bin/avl:sha256=758a9c634d7bfc26,1.7165,0.0,0.5539,False,0.0040652,0.011429785994422455,-0.20288,0.1164,-0.000289,-0.002479,-7.7e-05,0.009708,-0.006525,543da140a6d0eacdb86d907fc34529e875e43a4d9c573c356cb8894bc40452b3,-0.0002207,-0.000152,-17.75011361533821,29,224,2688,0.77939,23.29269747899889,23.29270054800145,0.8456,6bb2627b75bbf1c3cc1a35eaf5559aaeee0e0d51,224,28.0,True,2688,0.275987
260c9356fc902e64f1531f1f,lhs30s2000:00,stage1,12,4,1.0,0.0,4.0,4.0,SUCCESS,True,3.73852,-0.29469,-1.865746,-4.597508,0.001538,0.0,/usr/local/bin/avl:sha256=758a9c634d7bfc26,1.7165,0.0,0.5539,False,0.000971,0.007374056229474499,-0.07264,0.05145,-0.000383,-0.002487,-3.5e-05,0.009764,-0.006549,543da140a6d0eacdb86d907fc34529e875e43a4d9c573c356cb8894bc40452b3,-0.0002217,-0.0002135,-9.850752115186484,29,224,2688,0.77939,23.477892880997388,23.47789486700276,0.4482,6bb2627b75bbf1c3cc1a35eaf5559aaeee0e0d51,224,28.0,True,2688,0.27643
769ec7752fff90ac4a0c979c,lhs30s2000:00,stage1,12,4,1.0,4.0,4.0,4.0,SUCCESS,True,3.733303,-0.291373,-1.864532,-4.598983,0.003636,0.0,/usr/local/bin/avl:sha256=758a9c634d7bfc26,1.7165,0.0,0.5539,False,0.003342,0.009883591423353568,0.18848,-0.07895,-0.00057,-0.002489,1.9e-05,0.00979,-0.006559,543da140a6d0eacdb86d907fc34529e875e43a4d9c573c356cb8894bc40452b3,-0.0002221,-0.000335,19.06999105149649,29,224,2688,0.77939,24.45134072699875,24.451342738000676,0.8729,6bb2627b75bbf1c3cc1a35eaf5559aaeee0e0d51,224,28.0,True,2688,0.276636
98d76c7991b804b6437c9e77,lhs30s2000:00,stage1,12,6,1.0,-2.0,4.0,4.0,SUCCESS,True,3.718475,-0.293923,-1.852458,-4.588007,0.002063,0.0,/usr/local/bin/avl:sha256=758a9c634d7bfc26,1.7165,0.0,0.5539,False,0.0040593,0.011431822844535717,-0.20274,0.11632,-0.000289,-0.002475,-7.6e-05,0.0097,-0.006521,543da140a6d0eacdb86d907fc34529e875e43a4d9c573c356cb8894bc40452b3,-0.0002205,-0.000152,-17.73470449613444,29,336,4032,0.77939,49.801947722997284,49.80195100700075,0.8445,6bb2627b75bbf1c3cc1a35eaf5559aaeee0e0d51,336,28.0,True,4032,0.275941
5959ae8b224b67e960232b5a,lhs30s2000:00,stage1,12,6,1.0,0.0,4.0,4.0,SUCCESS,True,3.735588,-0.294015,-1.863979,-4.594651,0.001537,0.0,/usr/local/bin/avl:sha256=758a9c634d7bfc26,1.7165,0.0,0.5539,False,0.0009684,0.007379230405563664,-0.0726,0.05143,-0.000383,-0.002483,-3.5e-05,0.009756,-0.006545,543da140a6d0eacdb86d907fc34529e875e43a4d9c573c356cb8894bc40452b3,-0.0002215,-0.0002134,-9.838424335586854,29,336,4032,0.77939,49.59514738099824,49.595150340002874,0.4481,6bb2627b75bbf1c3cc1a35eaf5559aaeee0e0d51,336,28.0,True,4032,0.276385
7a8ed7f9742004e44bf69dfa,lhs30s2000:00,stage1,12,6,1.0,4.0,4.0,4.0,SUCCESS,True,3.730584,-0.290718,-1.862871,-4.596319,0.003636,0.0,/usr/local/bin/avl:sha256=758a9c634d7bfc26,1.7165,0.0,0.5539,False,0.0033393,0.009888432279871353,0.18832,-0.07885,-0.000569,-0.002486,1.9e-05,0.009782,-0.006555,543da140a6d0eacdb86d907fc34529e875e43a4d9c573c356cb8894bc40452b3,-0.0002219,-0.0003347,19.04447486416421,29,336,4032,0.77939,50.49219435699706,50.49219615699985,0.872,6bb2627b75bbf1c3cc1a35eaf5559aaeee0e0d51,336,28.0,True,4032,0.276591
e30c4ecedd1f6b88d35aade0,lhs30s2000:00,stage1,16,2,1.0,-2.0,4.0,4.0,SUCCESS,True,3.73057,-0.29664,-1.859437,-4.598999,0.002065,0.0,/usr/local/bin/avl:sha256=758a9c634d7bfc26,1.7165,0.0,0.5539,False,0.0040962,0.011460145483545014,-0.20279,0.11642,-0.000287,-0.002515,-8.4e-05,0.009839,-0.006592,543da140a6d0eacdb86d907fc34529e875e43a4d9c573c356cb8894bc40452b3,-0.0002019,-0.0001357,-17.695237838924026,29,112,1792,0.77939,11.345038700997975,11.345041985001444,0.8464,6bb2627b75bbf1c3cc1a35eaf5559aaeee0e0d51,112,28.0,True,1792,0.276082
63ab59275dd42fabe29a84c2,lhs30s2000:00,stage1,16,2,1.0,0.0,4.0,4.0,SUCCESS,True,3.747413,-0.296711,-1.870826,-4.605352,0.00154,0.0,/usr/local/bin/avl:sha256=758a9c634d7bfc26,1.7165,0.0,0.5539,False,0.0009899,0.007395745376091686,-0.07223,0.05129,-0.000383,-0.002523,-4.2e-05,0.009896,-0.006616,543da140a6d0eacdb86d907fc34529e875e43a4d9c573c356cb8894bc40452b3,-0.0002028,-0.0001958,-9.766426009405189,29,112,1792,0.77939,11.573407875999692,11.573409889002505,0.4414,6bb2627b75bbf1c3cc1a35eaf5559aaeee0e0d51,112,28.0,True,1792,0.276525
41266cc3f677bd3475969f99,lhs30s2000:00,stage1,16,2,1.0,4.0,4.0,4.0,SUCCESS,True,3.741622,-0.293333,-1.869349,-4.606384,0.003646,0.0,/usr/local/bin/avl:sha256=758a9c634d7bfc26,1.7165,0.0,0.5539,False,0.0033984,0.009945206943202497,0.18949,-0.07946,-0.000574,-0.002526,1.6e-05,0.009923,-0.006626,543da140a6d0eacdb86d907fc34529e875e43a4d9c573c356cb8894bc40452b3,-0.0002032,-0.0003144,19.053399399548496,29,112,1792,0.77939,11.548901408001257,11.548903525999776,0.8749,6bb2627b75bbf1c3cc1a35eaf5559aaeee0e0d51,112,28.0,True,1792,0.276734
5eb6cf09825432cc10573427,lhs30s2000:00,stage1,16,4,1.0,-2.0,4.0,4.0,SUCCESS,True,3.7219,-0.29463,-1.854246,-4.590492,0.002057,0.0,/usr/local/bin/avl:sha256=758a9c634d7bfc26,1.7165,0.0,0.5539,False,0.0040733,0.011425364081060839,-0.20235,0.11616,-0.000286,-0.002503,-8.4e-05,0.009808,-0.006574,543da140a6d0eacdb86d907fc34529e875e43a4d9c573c356cb8894bc40452b3,-0.0002013,-0.0001357,-17.710595352967687,29,224,3584,0.77939,40.66953866900076,40.669542588002514,0.8429,6bb2627b75bbf1c3cc1a35eaf5559aaeee0e0d51,224,28.0,True,3584,0.275953
65e401a3fa3e71986056f6bb,lhs30s2000:00,stage1,16,4,1.0,0.0,4.0,4.0,SUCCESS,True,3.738811,-0.294705,-1.865652,-4.596927,0.00154,0.0,/usr/local/bin/avl:sha256=758a9c634d7bfc26,1.7165,0.0,0.5539,False,0.0009805,0.007380474434216171,-0.0721,0.05122,-0.000382,-0.002511,-4.1e-05,0.009865,-0.006598,543da140a6d0eacdb86d907fc34529e875e43a4d9c573c356cb8894bc40452b3,-0.0002022,-0.0001954,-9.769019680596893,29,224,3584,0.77939,40.87202446499941,40.87202689100013,0.4407,6bb2627b75bbf1c3cc1a35eaf5559aaeee0e0d51,224,28.0,True,3584,0.276394
34627513f6add167341133d4,lhs30s2000:00,stage1,16,4,1.0,4.0,4.0,4.0,SUCCESS,True,3.733264,-0.291363,-1.864302,-4.598185,0.00365,0.0,/usr/local/bin/avl:sha256=758a9c634d7bfc26,1.7165,0.0,0.5539,False,0.0033897,0.00993310695573401,0.18903,-0.07918,-0.000572,-0.002514,1.6e-05,0.009892,-0.006609,543da140a6d0eacdb86d907fc34529e875e43a4d9c573c356cb8894bc40452b3,-0.0002026,-0.0003135,19.030299466460498,29,224,3584,0.77939,40.590927456996724,40.59092957500252,0.872,6bb2627b75bbf1c3cc1a35eaf5559aaeee0e0d51,224,28.0,True,3584,0.276605
7f9a76288b8b18a88e788d92,lhs30s2000:00,stage1,16,6,1.0,-2.0,4.0,4.0,SUCCESS,True,3.718931,-0.293952,-1.852449,-4.587563,0.002061,0.0,/usr/local/bin/avl:sha256=758a9c634d7bfc26,1.7165,0.0,0.5539,False,0.0040658,0.011425848761937966,-0.2022,0.11608,-0.000286,-0.002499,-8.3e-05,0.0098,-0.00657,543da140a6d0eacdb86d907fc34529e875e43a4d9c573c356cb8894bc40452b3,-0.0002011,-0.0001357,-17.69671594757783,29,336,5376,0.77939,85.8648015439976,85.86480419400323,0.8418,6bb2627b75bbf1c3cc1a35eaf5559aaeee0e0d51,336,28.0,True,5376,0.275905
da3a649896124a7370274eaf,lhs30s2000:00,stage1,16,6,1.0,0.0,4.0,4.0,SUCCESS,True,3.735901,-0.29403,-1.863893,-4.594083,0.001539,0.0,/usr/local/bin/avl:sha256=758a9c634d7bfc26,1.7165,0.0,0.5539,False,0.0009771,0.007384876859369228,-0.07205,0.0512,-0.000382,-0.002508,-4.1e-05,0.009857,-0.006594,543da140a6d0eacdb86d907fc34529e875e43a4d9c573c356cb8894bc40452b3,-0.000202,-0.0001953,-9.756425377437381,29,336,5376,0.77939,85.20396834099665,85.20397035600035,0.4405,6bb2627b75bbf1c3cc1a35eaf5559aaeee0e0d51,336,28.0,True,5376,0.276349
ea0cb374d1ae9d5b5b0a0a56,lhs30s2000:00,stage1,16,6,1.0,4.0,4.0,4.0,SUCCESS,True,3.730509,-0.290705,-1.862621,-4.595484,0.00365,0.0,/usr/local/bin/avl:sha256=758a9c634d7bfc26,1.7165,0.0,0.5539,False,0.0033866,0.009937589898235625,0.18888,-0.07908,-0.000571,-0.00251,1.6e-05,0.009884,-0.006604,543da140a6d0eacdb86d907fc34529e875e43a4d9c573c356cb8894bc40452b3,-0.0002024,-0.0003133,19.006620512035298,29,336,5376,0.77939,86.47859462400083,86.47859727200193,0.871,6bb2627b75bbf1c3cc1a35eaf5559aaeee0e0d51,336,28.0,True,5376,0.276559
4ef7b3fbb73d1c37c81a1bf4,lhs30s2000:01,stage1,8,2,1.0,-2.0,4.0,4.0,SUCCESS,True,3.377564,-0.260541,-1.535728,-3.565255,0.002302,0.0,/usr/local/bin/avl:sha256=758a9c634d7bfc26,1.5594,0.0,0.62927,False,0.0042008,0.010959850155405713,-0.17238,0.08656,-8.1e-05,-0.003018,-8.6e-05,0.01351,-0.008559,543da140a6d0eacdb86d907fc34529e875e43a4d9c573c356cb8894bc40452b3,-0.0004764,-0.0001548,-15.728317226579712,29,112,896,0.74569,3.170303226001124,3.1703055549987766,0.68,6bb2627b75bbf1c3cc1a35eaf5559aaeee0e0d51,112,28.0,True,896,0.28612
2b968751df785df2187338ef,lhs30s2000:01,stage1,8,2,1.0,0.0,4.0,4.0,SUCCESS,True,3.390864,-0.260599,-1.543245,-3.568726,0.001596,0.0,/usr/local/bin/avl:sha256=758a9c634d7bfc26,1.5594,0.0,0.62927,False,0.0014554,0.007728820312892156,-0.05421,0.0328,-0.000219,-0.003024,-2.5e-05,0.013562,-0.00858,543da140a6d0eacdb86d907fc34529e875e43a4d9c573c356cb8894bc40452b3,-0.0004779,-0.0002909,-7.014007028934847,29,112,896,0.74569,2.9920509369985666,2.992053162000957,0.1929,6bb2627b75bbf1c3cc1a35eaf5559aaeee0e0d51,112,28.0,True,896,0.286392
c5618fe695b0bd4b2dc6b061,lhs30s2000:01,stage1,8,2,1.0,4.0,4.0,4.0,SUCCESS,True,3.380946,-0.257233,-1.538059,-3.566206,0.004077,0.0,/usr/local/bin/avl:sha256=758a9c634d7bfc26,1.5594,0.0,0.62927,False,0.0040316,0.010539256612026985,0.18245,-0.07492,-0.000493,-0.003019,6.5e-05,0.013547,-0.008568,543da140a6d0eacdb86d907fc34529e875e43a4d9c573c356cb8894bc40452b3,-0.0004774,-0.0005606,17.311467660043046,29,112,896,0.74569,3.0045499120024033,3.0045521380016,0.7849,6bb2627b75bbf1c3cc1a35eaf5559aaeee0e0d51,112,28.0,True,896,0.286267
c0d2d721012b56e46fda6764,lhs30s2000:01,stage1,8,4,1.0,-2.0,4.0,4.0,SUCCESS,True,3.36867,-0.258709,-1.530591,-3.555942,0.002267,0.0,/usr/local/bin/avl:sha256=758a9c634d7bfc26,1.5594,0.0,0.62927,False,0.0041946,0.0109427490746261,-0.17201,0.08634,-8.2e-05,-0.003011,-8.5e-05,0.013498,-0.008553,543da140a6d0eacdb86d907fc34529e875e43a4d9c573c356cb8894bc40452b3,-0.0004756,-0.000154,-15.719084740675857,29,224,1792,0.74569,12.039600968000741,12.039603616001841,0.678,6bb2627b75bbf1c3cc1a35eaf5559aaeee0e0d51,224,28.0,True,1792,0.285915
5bd6427d544726ca8fea38bc,lhs30s2000:01,stage1,8,4,1.0,0.0,4.0,4.0,SUCCESS,True,3.382068,-0.258776,-1.538156,-3.559514,0.001567,0.0,/usr/local/bin/avl:sha256=758a9c634d7bfc26,1.5594,0.0,0.62927,False,0.0014524,0.007718509645365742,-0.05415,0.03277,-0.000219,-0.003018,-2.5e-05,0.01355,-0.008574,543da140a6d0eacdb86d907fc34529e875e43a4d9c573c356cb8894bc40452b3,-0.0004772,-0.0002895,-7.015603074683221,29,224,1792,0.74569,11.657648572003382,11.657650266999553,0.193,6bb2627b75bbf1c3cc1a35eaf5559aaeee0e0d51,224,28.0,True,1792,0.28619
f3b89c28dabc8d765ec89d55,lhs30s2000:01,stage1,8,4,1.0,4.0,4.0,4.0,SUCCESS,True,3.372385,-0.255466,-1.533122,-3.557202,0.004063,0.0,/usr/local/bin/avl:sha256=758a9c634d7bfc26,1.5594,0.0,0.62927,False,0.0040327,0.010533439084920349,0.1819,-0.07461,-0.000492,-0.003012,6.5e-05,0.013535,-0.008562,543da140a6d0eacdb86d907fc34529e875e43a4d9c573c356cb8894bc40452b3,-0.0004767,-0.000558,17.268813967928832,29,224,1792,0.74569,11.500409301999753,11.500410996999562,0.7814,6bb2627b75bbf1c3cc1a35eaf5559aaeee0e0d51,224,28.0,True,1792,0.286073
6197a685847e345c9c832381,lhs30s2000:01,stage1,8,6,1.0,-2.0,4.0,4.0,SUCCESS,True,3.365636,-0.258087,-1.528844,-3.552822,0.002248,0.0,/usr/local/bin/avl:sha256=758a9c634d7bfc26,1.5594,0.0,0.62927,False,0.0041935,0.010968708277426076,-0.17189,0.08628,-8.3e-05,-0.003009,-8.5e-05,0.013494,-0.008551,543da140a6d0eacdb86d907fc34529e875e43a4d9c573c356cb8894bc40452b3,-0.0004755,-0.0001537,-15.670942799504903,29,336,2688,0.74569,24.68563240399817,24.685634733999905,0.6774,6bb2627b75bbf1c3cc1a35eaf5559aaeee0e0d51,336,28.0,True,2688,0.285847
45291d226fef1d27bb671ad2,lhs30s2000:01,stage1,8,6,1.0,0.0,4.0,4.0,SUCCESS,True,3.379104,-0.258159,-1.536445,-3.556458,0.001551,0.0,/usr/local/bin/avl:sha256=758a9c634d7bfc26,1.5594,0.0,0.62927,False,0.0014518,0.0077434501665925755,-0.05414,0.03276,-0.00022,-0.003016,-2.4e-05,0.013546,-0.008572,543da140a6d0eacdb86d907fc34529e875e43a4d9c573c356cb8894bc40452b3,-0.000477,-0.000289,-6.991715428553438,29,336,2688,0.74569,23.94612888700067,23.9461307950005,0.1932,6bb2627b75bbf1c3cc1a35eaf5559aaeee0e0d51,336,28.0,True,2688,0.286123
3582ad5cc988a9566ee2b6fc,lhs30s2000:01,stage1,8,6,1.0,4.0,4.0,4.0,SUCCESS,True,3.369571,-0.254877,-1.531501,-3.554276,0.004054,0.0,/usr/local/bin/avl:sha256=758a9c634d7bfc26,1.5594,0.0,0.62927,False,0.0040334,0.010560953269189714,0.18171,-0.07449,-0.000492,-0.00301,6.4e-05,0.013532,-0.008561,543da140a6d0eacdb86d907fc34529e875e43a4d9c573c356cb8894bc40452b3,-0.0004765,-0.0005572,17.205833163765305,29,336,2688,0.74569,24.135716077002144,24.135717985001975,0.7803,6bb2627b75bbf1c3cc1a35eaf5559aaeee0e0d51,336,28.0,True,2688,0.286009
266b1da6473724745562ec6f,lhs30s2000:01,stage1,12,2,1.0,-2.0,4.0,4.0,SUCCESS,True,3.379146,-0.260581,-1.53608,-3.566205,0.002331,0.0,/usr/local/bin/avl:sha256=758a9c634d7bfc26,1.5594,0.0,0.62927,False,0.0042268,0.010965548896461681,-0.17133,0.08602,-6.6e-05,-0.00306,-9.9e-05,0.013719,-0.008632,543da140a6d0eacdb86d907fc34529e875e43a4d9c573c356cb8894bc40452b3,-0.0004065,-9.808e-05,-15.624388858024615,29,112,1344,0.74569,6.8850451889993565,6.885047624997242,0.6741,6bb2627b75bbf1c3cc1a35eaf5559aaeee0e0d51,112,28.0,True,1344,0.286051
c9052476abaf07b716764f74,lhs30s2000:01,stage1,12,2,1.0,0.0,4.0,4.0,SUCCESS,True,3.392379,-0.260622,-1.543539,-3.56964,0.001636,0.0,/usr/local/bin/avl:sha256=758a9c634d7bfc26,1.5594,0.0,0.62927,False,0.0014835,0.007753520696772832,-0.05311,0.03225,-0.000208,-0.003067,-3.4e-05,0.013772,-0.008653,543da140a6d0eacdb86d907fc34529e875e43a4d9c573c356cb8894bc40452b3,-0.0004078,-0.0002244,-6.849791478870421,29,112,1344,0.74569,6.752978761000122,6.752981304001878,0.1843,6bb2627b75bbf1c3cc1a35eaf5559aaeee0e0d51,112,28.0,True,1344,0.286319
3bd94321b110740efac8a837,lhs30s2000:01,stage1,12,2,1.0,4.0,4.0,4.0,SUCCESS,True,3.382118,-0.257219,-1.538217,-3.567018,0.004144,0.0,/usr/local/bin/avl:sha256=758a9c634d7bfc26,1.5594,0.0,0.62927,False,0.0041317,0.010643834054996616,0.18365,-0.07549,-0.000492,-0.003061,6.3e-05,0.013757,-0.00864,543da140a6d0eacdb86d907fc34529e875e43a4d9c573c356cb8894bc40452b3,-0.0004075,-0.0004752,17.254120935283446,29,112,1344,0.74569,6.761336061001202,6.7613382849995105,0.7843,6bb2627b75bbf1c3cc1a35eaf5559aaeee0e0d51,112,28.0,True,1344,0.286197
3edb119dd084904995e683fa,lhs30s2000:01,stage1,12,4,1.0,-2.0,4.0,4.0,SUCCESS,True,3.370285,-0.258755,-1.530976,-3.556799,0.002308,0.0,/usr/local/bin/avl:sha256=758a9c634d7bfc26,1.5594,0.0,0.62927,False,0.0042111,0.010938663166589906,-0.17094,0.08579,-6.6e-05,-0.003053,-9.8e-05,0.013705,-0.008625,543da140a6d0eacdb86d907fc34529e875e43a4d9c573c356cb8894bc40452b3,-0.0004059,-9.773e-05,-15.627138106062555,29,224,2688,0.74569,24.95977794600185,24.959780171000602,0.672,6bb2627b75bbf1c3cc1a35eaf5559aaeee0e0d51,224,28.0,True,2688,0.28585
1d0a68210e7f8dce3c1a3ed7,lhs30s2000:01,stage1,12,4,1.0,0.0,4.0,4.0,SUCCESS,True,3.383553,-0.258801,-1.538457,-3.560296,0.001617,0.0,/usr/local/bin/avl:sha256=758a9c634d7bfc26,1.5594,0.0,0.62927,False,0.0014766,0.007739243603436909,-0.05302,0.0322,-0.000208,-0.00306,-3.3e-05,0.013758,-0.008646,543da140a6d0eacdb86d907fc34529e875e43a4d9c573c356cb8894bc40452b3,-0.0004072,-0.0002235,-6.8507986977505695,29,224,2688,0.74569,23.802480467998976,23.802482585997495,0.1843,6bb2627b75bbf1c3cc1a35eaf5559aaeee0e0d51,224,28.0,True,2688,0.286121
65a681876e17bd1d1de2750b,lhs30s2000:01,stage1,12,4,1.0,4.0,4.0,4.0,SUCCESS,True,3.373427,-0.255442,-1.533237,-3.557803,0.004135,0.0,/usr/local/bin/avl:sha256=758a9c634d7bfc26,1.5594,0.0,0.62927,False,0.0041314,0.010636535494951445,0.18312,-0.07519,-0.000491,-0.003054,6.3e-05,0.013743,-0.008633,543da140a6d0eacdb86d907fc34529e875e43a4d9c573c356cb8894bc40452b3,-0.0004069,-0.0004733,17.216132084259634,29,224,2688,0.74569,24.515159269001742,24.515160964001552,0.7809,6bb2627b75bbf1c3cc1a35eaf5559aaeee0e0d51,224,28.0,True,2688,0.286006
6ea9ec43a2f0788fa5d90757,lhs30s2000:01,stage1,12,6,1.0,-2.0,4.0,4.0,SUCCESS,True,3.367275,-0.258137,-1.529244,-3.553662,0.002294,0.0,/usr/local/bin/avl:sha256=758a9c634d7bfc26,1.5594,0.0,0.62927,False,0.0042078,0.010962408020695712,-0.17082,0.08572,-6.7e-05,-0.003051,-9.7e-05,0.0137,-0.008623,543da140a6d0eacdb86d907fc34529e875e43a4d9c573c356cb8894bc40452b3,-0.0004057,-9.755e-05,-15.58234282810057,29,336,4032,0.74569,51.34167783299927,51.341679845001636,0.6713,6bb2627b75bbf1c3cc1a35eaf5559aaeee0e0d51,336,28.0,True,4032,0.285782
0c273598ceda24d86b199ca3,lhs30s2000:01,stage1,12,6,1.0,0.0,4.0,4.0,SUCCESS,True,3.380583,-0.258186,-1.536746,-3.557199,0.001606,0.0,/usr/local/bin/avl:sha256=758a9c634d7bfc26,1.5594,0.0,0.62927,False,0.0014749,0.007763015643902351,-0.05301,0.03219,-0.000209,-0.003058,-3.3e-05,0.013754,-0.008644,543da140a6d0eacdb86d907fc34529e875e43a4d9c573c356cb8894bc40452b3,-0.0004071,-0.0002232,-6.8285319045618555,29,336,4032,0.74569,49.76608466899779,49.76608647100147,0.1844,6bb2627b75bbf1c3cc1a35eaf5559aaeee0e0d51,336,28.0,True,4032,0.286054
d928eb328074eddd32a7e44d,lhs30s2000:01,stage1,12,6,1.0,4.0,4.0,4.0,SUCCESS,True,3.370553,-0.254848,-1.531586,-3.554791,0.00413,0.0,/usr/local/bin/avl:sha256=758a9c634d7bfc26,1.5594,0.0,0.62927,False,0.0041312,0.010663134232415506,0.18293,-0.07508,-0.000491,-0.003052,6.3e-05,0.013739,-0.008631,543da140a6d0eacdb86d907fc34529e875e43a4d9c573c356cb8894bc40452b3,-0.0004068,-0.0004725,17.155368769896945,29,336,4032,0.74569,49.90642213400133,49.90642457099966,0.7798,6bb2627b75bbf1c3cc1a35eaf5559aaeee0e0d51,336,28.0,True,4032,0.285941
95f914e5f609ff344e38dfde,lhs30s2000:01,stage1,16,2,1.0,-2.0,4.0,4.0,SUCCESS,True,3.379987,-0.260603,-1.536393,-3.56705,0.002338,0.0,/usr/local/bin/avl:sha256=758a9c634d7bfc26,1.5594,0.0,0.62927,False,0.0042501,0.010972143176823924,-0.17049,0.08562,-5.7e-05,-0.003104,-0.000107,0.01392,-0.008742,543da140a6d0eacdb86d907fc34529e875e43a4d9c573c356cb8894bc40452b3,-0.0004097,-9.108e-05,-15.53844105499098,29,112,1792,0.74569,11.518178718000854,11.518180835999374,0.6673,6bb2627b75bbf1c3cc1a35eaf5559aaeee0e0d51,112,28.0,True,1792,0.286038
6020ae33727ae066642daa38,lhs30s2000:01,stage1,16,2,1.0,0.0,4.0,4.0,SUCCESS,True,3.39319,-0.260634,-1.543823,-3.57048,0.00165,0.0,/usr/local/bin/avl:sha256=758a9c634d7bfc26,1.5594,0.0,0.62927,False,0.0015089,0.007776533008695935,-0.05224,0.03185,-0.000202,-0.00311,-4e-05,0.013975,-0.008763,543da140a6d0eacdb86d907fc34529e875e43a4d9c573c356cb8894bc40452b3,-0.000411,-0.0002254,-6.7176465324050945,29,112,1792,0.74569,11.273597367999173,11.27359959700334,0.1762,6bb2627b75bbf1c3cc1a35eaf5559aaeee0e0d51,112,28.0,True,1792,0.286303
bd9e56014e50bfb0d51b1630,lhs30s2000:01,stage1,16,2,1.0,4.0,4.0,4.0,SUCCESS,True,3.382739,-0.25721,-1.538428,-3.567827,0.004173,0.0,/usr/local/bin/avl:sha256=758a9c634d7bfc26,1.5594,0.0,0.62927,False,0.0042033,0.010719315976234293,0.18457,-0.07591,-0.000491,-0.003105,6.2e-05,0.01396,-0.00875,543da140a6d0eacdb86d907fc34529e875e43a4d9c573c356cb8894bc40452b3,-0.0004107,-0.0004922,17.21844942431109,29,112,1792,0.74569,11.322485688000597,11.322487489997002,0.7819,6bb2627b75bbf1c3cc1a35eaf5559aaeee0e0d51,112,28.0,True,1792,0.286184
9fa602316af05f07a827721e,lhs30s2000:01,stage1,16,4,1.0,-2.0,4.0,4.0,SUCCESS,True,3.371121,-0.25878,-1.5313,-3.557578,0.00232,0.0,/usr/local/bin/avl:sha256=758a9c634d7bfc26,1.5594,0.0,0.62927,False,0.0042261,0.01093716029319428,-0.17008,0.08539,-5.7e-05,-0.003097,-0.000106,0.013905,-0.008735,543da140a6d0eacdb86d907fc34529e875e43a4d9c573c356cb8894bc40452b3,-0.0004092,-9.089e-05,-15.55065441491549,29,224,3584,0.74569,40.050970409,40.050972950997675,0.6652,6bb2627b75bbf1c3cc1a35eaf5559aaeee0e0d51,224,28.0,True,3584,0.28584
99a16a0bc0c292dfa996b639,lhs30s2000:01,stage1,16,4,1.0,0.0,4.0,4.0,SUCCESS,True,3.384321,-0.258814,-1.538742,-3.561053,0.001635,0.0,/usr/local/bin/avl:sha256=758a9c634d7bfc26,1.5594,0.0,0.62927,False,0.0014992,0.007759435938347022,-0.05214,0.03179,-0.000202,-0.003103,-3.9e-05,0.01396,-0.008756,543da140a6d0eacdb86d907fc34529e875e43a4d9c573c356cb8894bc40452b3,-0.0004105,-0.0002246,-6.719560598770442,29,224,3584,0.74569,39.85614536399953,39.85614737799915,0.1761,6bb2627b75bbf1c3cc1a35eaf5559aaeee0e0d51,224,28.0,True,3584,0.286109
2e0824db923beb69db4750c7,lhs30s2000:01,stage1,16,4,1.0,4.0,4.0,4.0,SUCCESS,True,3.373957,-0.255427,-1.533424,-3.558495,0.004167,0.0,/usr/local/bin/avl:sha256=758a9c634d7bfc26,1.5594,0.0,0.62927,False,0.0042024,0.010711336145950231,0.18406,-0.07561,-0.00049,-0.003098,6.2e-05,0.013945,-0.008743,543da140a6d0eacdb86d907fc34529e875e43a4d9c573c356cb8894bc40452b3,-0.0004102,-0.0004902,17.183663876480047,29,224,3584,0.74569,40.36209399499785,40.36209600800066,0.7786,6bb2627b75bbf1c3cc1a35eaf5559aaeee0e0d51,224,28.0,True,3584,0.285996
8e0e8656159ad5bfd4087421,lhs30s2000:01,stage1,16,6,1.0,-2.0,4.0,4.0,SUCCESS,True,3.368129,-0.258163,-1.529579,-3.554434,0.002309,0.0,/usr/local/bin/avl:sha256=758a9c634d7bfc26,1.5594,0.0,0.62927,False,0.00422,0.010957999328373672,-0.16995,0.08532,-5.7e-05,-0.003094,-0.000106,0.0139,-0.008732,543da140a6d0eacdb86d907fc34529e875e43a4d9c573c356cb8894bc40452b3,-0.000409,-9.078e-05,-15.5092179609782,29,336,5376,0.74569,83.43673518799915,83.43673762500111,0.6646,6bb2627b75bbf1c3cc1a35eaf5559aaeee0e0d51,336,28.0,True,5376,0.285772
f59e55190e93a2bcce511c14,lhs30s2000:01,stage1,16,6,1.0,0.0,4.0,4.0,SUCCESS,True,3.38135,-0.258199,-1.537034,-3.557938,0.001626,0.0,/usr/local/bin/avl:sha256=758a9c634d7bfc26,1.5594,0.0,0.62927,False,0.0014965,0.007782157327428207,-0.05212,0.03178,-0.000202,-0.003101,-3.9e-05,0.013955,-0.008753,543da140a6d0eacdb86d907fc34529e875e43a4d9c573c356cb8894bc40452b3,-0.0004104,-0.0002243,-6.697371667918239,29,336,5376,0.74569,83.78625024699795,83.7862519429982,0.1762,6bb2627b75bbf1c3cc1a35eaf5559aaeee0e0d51,336,28.0,True,5376,0.286042
abb9b4d51cf472e8050d5dfd,lhs30s2000:01,stage1,16,6,1.0,4.0,4.0,4.0,SUCCESS,True,3.371052,-0.25483,-1.531762,-3.55544,0.004163,0.0,/usr/local/bin/avl:sha256=758a9c634d7bfc26,1.5594,0.0,0.62927,False,0.0042021,0.01073780436214149,0.18387,-0.0755,-0.00049,-0.003095,6.2e-05,0.013941,-0.008741,543da140a6d0eacdb86d907fc34529e875e43a4d9c573c356cb8894bc40452b3,-0.00041,-0.0004896,17.123612407046124,29,336,5376,0.74569,83.58130497800084,83.58130688600068,0.7775,6bb2627b75bbf1c3cc1a35eaf5559aaeee0e0d51,336,28.0,True,5376,0.285932
615d1064c34752c63646d4a7,lhs30s2000:02,stage1,8,2,1.0,-2.0,4.0,4.0,SUCCESS,True,3.938475,-0.319422,-1.85555,-4.543151,0.002073,0.0,/usr/local/bin/avl:sha256=758a9c634d7bfc26,2.2771,0.0,0.65443,False,0.0032218,0.009732014090112756,-0.15871,0.08549,-0.000386,-0.003412,-3e-06,0.01353,-0.009019,543da140a6d0eacdb86d907fc34529e875e43a4d9c573c356cb8894bc40452b3,-0.0005655,-0.0003149,-16.308032287092708,29,112,896,1.2584,3.008906555001886,3.0089089939974656,0.6023,6bb2627b75bbf1c3cc1a35eaf5559aaeee0e0d51,112,28.0,True,896,0.308324
243d44082a865f093e002a6d,lhs30s2000:02,stage1,8,2,1.0,0.0,4.0,4.0,SUCCESS,True,3.952384,-0.319861,-1.865204,-4.550992,0.001027,0.0,/usr/local/bin/avl:sha256=758a9c634d7bfc26,2.2771,0.0,0.65443,False,0.0011905,0.00713575480647994,-0.02095,0.02052,-0.000509,-0.003424,2.5e-05,0.013589,-0.00905,543da140a6d0eacdb86d907fc34529e875e43a4d9c573c356cb8894bc40452b3,-0.000568,-0.0004772,-2.9359192640665595,29,112,896,1.2584,2.98403345800034,2.9840352610008267,0.0286,6bb2627b75bbf1c3cc1a35eaf5559aaeee0e0d51,112,28.0,True,896,0.308837
174ee61f59906d64008057ff,lhs30s2000:02,stage1,8,2,1.0,4.0,4.0,4.0,SUCCESS,True,3.939624,-0.317201,-1.859301,-4.553407,0.00246,0.0,/usr/local/bin/avl:sha256=758a9c634d7bfc26,2.2771,0.0,0.65443,False,0.0058629,0.012263229904295061,0.25485,-0.10969,-0.000753,-0.003426,6.6e-05,0.01359,-0.009053,543da140a6d0eacdb86d907fc34529e875e43a4d9c573c356cb8894bc40452b3,-0.0005687,-0.0007993,20.7816376263762,29,112,896,1.2584,2.9978095930018753,2.9978116060010507,0.8447,6bb2627b75bbf1c3cc1a35eaf5559aaeee0e0d51,112,28.0,True,896,0.308857
41940455c3b040fd64e8de52,lhs30s2000:02,stage1,8,4,1.0,-2.0,4.0,4.0,SUCCESS,True,3.929426,-0.317273,-1.85054,-4.534745,0.002032,0.0,/usr/local/bin/avl:sha256=758a9c634d7bfc26,2.2771,0.0,0.65443,False,0.0032162,0.009723611596448165,-0.15814,0.08515,-0.000384,-0.003403,-4e-06,0.013518,-0.009015,543da140a6d0eacdb86d907fc34529e875e43a4d9c573c356cb8894bc40452b3,-0.0005647,-0.0003143,-16.263504401776526,29,224,1792,1.2584,11.359897800997715,11.359899815000972,0.5984,6bb2627b75bbf1c3cc1a35eaf5559aaeee0e0d51,224,28.0,True,1792,0.3082
f7484fb406e29d8ddcdc37fc,lhs30s2000:02,stage1,8,4,1.0,0.0,4.0,4.0,SUCCESS,True,3.943527,-0.317752,-1.860237,-4.54272,0.001017,0.0,/usr/local/bin/avl:sha256=758a9c634d7bfc26,2.2771,0.0,0.65443,False,0.0011897,0.007136402138090144,-0.0207,0.02036,-0.000506,-0.003415,2.5e-05,0.013577,-0.009046,543da140a6d0eacdb86d907fc34529e875e43a4d9c573c356cb8894bc40452b3,-0.0005671,-0.000476,-2.90062129339866,29,224,1792,1.2584,11.412159441999393,11.412161879998166,0.028,6bb2627b75bbf1c3cc1a35eaf5559aaeee0e0d51,224,28.0,True,1792,0.308707
a16765390974b99e1015a840,lhs30s2000:02,stage1,8,4,1.0,4.0,4.0,4.0,SUCCESS,True,3.931169,-0.315199,-1.854561,-4.545549,0.002461,0.0,/usr/local/bin/avl:sha256=758a9c634d7bfc26,2.2771,0.0,0.65443,False,0.0058766,0.012279791106184268,0.2545,-0.10951,-0.000749,-0.003418,6.5e-05,0.013579,-0.009049,543da140a6d0eacdb86d907fc34529e875e43a4d9c573c356cb8894bc40452b3,-0.0005679,-0.0007968,20.725108253008504,29,224,1792,1.2584,11.4098809490024,11.409882856998593,0.8426,6bb2627b75bbf1c3cc1a35eaf5559aaeee0e0d51,224,28.0,True,1792,0.308732
f6da8cdfbf9b8b7195bcec3b,lhs30s2000:02,stage1,8,6,1.0,-2.0,4.0,4.0,SUCCESS,True,3.926273,-0.316531,-1.848794,-4.531823,0.002023,0.0,/usr/local/bin/avl:sha256=758a9c634d7bfc26,2.2771,0.0,0.65443,False,0.0032145,0.009719154267015672,-0.15795,0.08504,-0.000383,-0.003401,-4e-06,0.013515,-0.009015,543da140a6d0eacdb86d907fc34529e875e43a4d9c573c356cb8894bc40452b3,-0.0005644,-0.0003141,-16.2514140284862,29,336,2688,1.2584,24.04444344500007,24.04444545899969,0.5972,6bb2627b75bbf1c3cc1a35eaf5559aaeee0e0d51,336,28.0,True,2688,0.308156
30671925f84c2ca9a384c166,lhs30s2000:02,stage1,8,6,1.0,0.0,4.0,4.0,SUCCESS,True,3.940508,-0.317035,-1.858553,-4.539923,0.001013,0.0,/usr/local/bin/avl:sha256=758a9c634d7bfc26,2.2771,0.0,0.65443,False,0.0011894,0.0071351508934551595,-0.02061,0.02031,-0.000506,-0.003413,2.5e-05,0.013575,-0.009046,543da140a6d0eacdb86d907fc34529e875e43a4d9c573c356cb8894bc40452b3,-0.0005669,-0.0004756,-2.888516347832935,29,336,2688,1.2584,23.967440513999463,23.967442740999104,0.0278,6bb2627b75bbf1c3cc1a35eaf5559aaeee0e0d51,336,28.0,True,2688,0.308664
dbabef97c28b7d81dc729ffb,lhs30s2000:02,stage1,8,6,1.0,4.0,4.0,4.0,SUCCESS,True,3.928424,-0.314545,-1.853028,-4.543022,0.002461,0.0,/usr/local/bin/avl:sha256=758a9c634d7bfc26,2.2771,0.0,0.65443,False,0.0058814,0.012284421440751293,0.25438,-0.10945,-0.000747,-0.003416,6.5e-05,0.013577,-0.009049,543da140a6d0eacdb86d907fc34529e875e43a4d9c573c356cb8894bc40452b3,-0.0005677,-0.000796,20.707527922816247,29,336,2688,1.2584,24.11085003900007,24.110852159999922,0.8419,6bb2627b75bbf1c3cc1a35eaf5559aaeee0e0d51,336,28.0,True,2688,0.308693
8f3bbf0e06b1a6e6cc9f7a08,lhs30s2000:02,stage1,12,2,1.0,-2.0,4.0,4.0,SUCCESS,True,3.93939,-0.319481,-1.855173,-4.541815,0.002069,0.0,/usr/local/bin/avl:sha256=758a9c634d7bfc26,2.2771,0.0,0.65443,False,0.0032272,0.009727900254703506,-0.15734,0.08465,-0.000383,-0.003468,-1.4e-05,0.013764,-0.009111,543da140a6d0eacdb86d907fc34529e875e43a4d9c573c356cb8894bc40452b3,-0.0004796,-0.0002396,-16.17409676090429,29,112,1344,1.2584,6.784366313000646,6.784368220000033,0.5937,6bb2627b75bbf1c3cc1a35eaf5559aaeee0e0d51,112,28.0,True,1344,0.30819
7c14e40a0c8e900328ffbf58,lhs30s2000:02,stage1,12,2,1.0,0.0,4.0,4.0,SUCCESS,True,3.953135,-0.319899,-1.864728,-4.549569,0.001023,0.0,/usr/local/bin/avl:sha256=758a9c634d7bfc26,2.2771,0.0,0.65443,False,0.0012176,0.007158855374713465,-0.01955,0.0197,-0.000509,-0.00348,1.8e-05,0.013825,-0.009142,543da140a6d0eacdb86d907fc34529e875e43a4d9c573c356cb8894bc40452b3,-0.0004818,-0.0003953,-2.730883496970002,29,112,1344,1.2584,6.849509272000432,6.849511180000263,0.0246,6bb2627b75bbf1c3cc1a35eaf5559aaeee0e0d51,112,28.0,True,1344,0.3087
35bef62bbc3418d7e86ade13,lhs30s2000:02,stage1,12,2,1.0,4.0,4.0,4.0,SUCCESS,True,3.939956,-0.317196,-1.858622,-4.551796,0.00246,0.0,/usr/local/bin/avl:sha256=758a9c634d7bfc26,2.2771,0.0,0.65443,False,0.0059631,0.012368894035845599,0.25628,-0.11046,-0.000759,-0.003482,6.4e-05,0.013826,-0.009144,543da140a6d0eacdb86d907fc34529e875e43a4d9c573c356cb8894bc40452b3,-0.0004825,-0.0007045,20.71971829148906,29,112,1344,1.2584,6.758400126000197,6.758402354000282,0.8433,6bb2627b75bbf1c3cc1a35eaf5559aaeee0e0d51,112,28.0,True,1344,0.308718
068315dd748ab42f4542f07b,lhs30s2000:02,stage1,12,4,1.0,-2.0,4.0,4.0,SUCCESS,True,3.93045,-0.317349,-1.850231,-4.53349,0.002032,0.0,/usr/local/bin/avl:sha256=758a9c634d7bfc26,2.2771,0.0,0.65443,False,0.0032172,0.009715272294921036,-0.15678,0.08432,-0.00038,-0.003458,-1.5e-05,0.01375,-0.009106,543da140a6d0eacdb86d907fc34529e875e43a4d9c573c356cb8894bc40452b3,-0.000479,-0.0002394,-16.13747872841008,29,224,2688,1.2584,23.66827377899972,23.668276011998387,0.5899,6bb2627b75bbf1c3cc1a35eaf5559aaeee0e0d51,224,28.0,True,2688,0.308068
3373a25cfcb6e4d0d7e3f675,lhs30s2000:02,stage1,12,4,1.0,0.0,4.0,4.0,SUCCESS,True,3.944285,-0.317791,-1.85978,-4.54129,0.001016,0.0,/usr/local/bin/avl:sha256=758a9c634d7bfc26,2.2771,0.0,0.65443,False,0.0012156,0.007158863704677737,-0.0193,0.01955,-0.000506,-0.00347,1.8e-05,0.013811,-0.009136,543da140a6d0eacdb86d907fc34529e875e43a4d9c573c356cb8894bc40452b3,-0.0004811,-0.0003944,-2.6959585761339495,29,224,2688,1.2584,23.852949741001794,23.85295143699841,0.0241,6bb2627b75bbf1c3cc1a35eaf5559aaeee0e0d51,224,28.0,True,2688,0.308572
a98bdb4e404b32483a94f8bb,lhs30s2000:02,stage1,12,4,1.0,4.0,4.0,4.0,SUCCESS,True,3.931323,-0.315159,-1.853801,-4.543757,0.002464,0.0,/usr/local/bin/avl:sha256=758a9c634d7bfc26,2.2771,0.0,0.65443,False,0.0059752,0.012383857283066553,0.25593,-0.11028,-0.000754,-0.003472,6.4e-05,0.013812,-0.009139,543da140a6d0eacdb86d907fc34529e875e43a4d9c573c356cb8894bc40452b3,-0.0004818,-0.0007024,20.66642033657427,29,224,2688,1.2584,24.036828610998782,24.03683051900225,0.8412,6bb2627b75bbf1c3cc1a35eaf5559aaeee0e0d51,224,28.0,True,2688,0.308594
fd73f09ae1e1cb405cd4f4aa,lhs30s2000:02,stage1,12,6,1.0,-2.0,4.0,4.0,SUCCESS,True,3.927372,-0.316621,-1.848537,-4.53064,0.002015,0.0,/usr/local/bin/avl:sha256=758a9c634d7bfc26,2.2771,0.0,0.65443,False,0.0032146,0.009709976992007882,-0.15659,0.08421,-0.000379,-0.003455,-1.5e-05,0.013746,-0.009105,543da140a6d0eacdb86d907fc34529e875e43a4d9c573c356cb8894bc40452b3,-0.0004787,-0.0002392,-16.126711744928603,29,336,4032,1.2584,49.915207834001194,49.91521016700062,0.5886,6bb2627b75bbf1c3cc1a35eaf5559aaeee0e0d51,336,28.0,True,4032,0.308027
a3f926896162e2d7abe2a75a,lhs30s2000:02,stage1,12,6,1.0,0.0,4.0,4.0,SUCCESS,True,3.941285,-0.317078,-1.858105,-4.538492,0.001014,0.0,/usr/local/bin/avl:sha256=758a9c634d7bfc26,2.2771,0.0,0.65443,False,0.0012149,0.00715721858179812,-0.01922,0.0195,-0.000505,-0.003467,1.8e-05,0.013807,-0.009135,543da140a6d0eacdb86d907fc34529e875e43a4d9c573c356cb8894bc40452b3,-0.0004809,-0.0003941,-2.6854007293949835,29,336,4032,1.2584,49.605465600998286,49.60546772199814,0.0239,6bb2627b75bbf1c3cc1a35eaf5559aaeee0e0d51,336,28.0,True,4032,0.308528
978094f6ad95c44cfa04063c,lhs30s2000:02,stage1,12,6,1.0,4.0,4.0,4.0,SUCCESS,True,3.928485,-0.314488,-1.852219,-4.541126,0.002465,0.0,/usr/local/bin/avl:sha256=758a9c634d7bfc26,2.2771,0.0,0.65443,False,0.0059796,0.012388083378942627,0.2558,-0.11022,-0.000753,-0.00347,6.4e-05,0.013809,-0.009138,543da140a6d0eacdb86d907fc34529e875e43a4d9c573c356cb8894bc40452b3,-0.0004816,-0.0007017,20.64887619620087,29,336,4032,1.2584,50.030376587998035,50.03037870799744,0.8405,6bb2627b75bbf1c3cc1a35eaf5559aaeee0e0d51,336,28.0,True,4032,0.308553
cfa2b44434464e0dab1a6184,lhs30s2000:02,stage1,16,2,1.0,-2.0,4.0,4.0,SUCCESS,True,3.939817,-0.319513,-1.855124,-4.541465,0.002061,0.0,/usr/local/bin/avl:sha256=758a9c634d7bfc26,2.2771,0.0,0.65443,False,0.0032415,0.009735409158344626,-0.15645,0.0842,-0.000382,-0.003516,-2e-05,0.013959,-0.00922,543da140a6d0eacdb86d907fc34529e875e43a4d9c573c356cb8894bc40452b3,-0.0004859,-0.0002392,-16.070202849759035,29,112,1792,1.2584,11.265423170996655,11.265425289999257,0.586,6bb2627b75bbf1c3cc1a35eaf5559aaeee0e0d51,112,28.0,True,1792,0.308148
94f2ca96ce6271efa7d0dc74,lhs30s2000:02,stage1,16,2,1.0,0.0,4.0,4.0,SUCCESS,True,3.953492,-0.319922,-1.86464,-4.549199,0.001013,0.0,/usr/local/bin/avl:sha256=758a9c634d7bfc26,2.2771,0.0,0.65443,False,0.0012437,0.0071834135278375285,-0.01865,0.01925,-0.00051,-0.003528,1.3e-05,0.014021,-0.009252,543da140a6d0eacdb86d907fc34529e875e43a4d9c573c356cb8894bc40452b3,-0.0004881,-0.0004024,-2.5962587184667254,29,112,1792,1.2584,11.299379320000298,11.29938112200034,0.022,6bb2627b75bbf1c3cc1a35eaf5559aaeee0e0d51,112,28.0,True,1792,0.308658
f1bfd9cd706033b626e85b62,lhs30s2000:02,stage1,16,2,1.0,4.0,4.0,4.0,SUCCESS,True,3.940113,-0.317199,-1.858447,-4.551369,0.002451,0.0,/usr/local/bin/avl:sha256=758a9c634d7bfc26,2.2771,0.0,0.65443,False,0.0060326,0.012442272465098613,0.25721,-0.11091,-0.000764,-0.00353,6.3e-05,0.014022,-0.009254,543da140a6d0eacdb86d907fc34529e875e43a4d9c573c356cb8894bc40452b3,-0.0004888,-0.0007265,20.672268729164294,29,112,1792,1.2584,11.69674176099943,11.696743982000044,0.8412,6bb2627b75bbf1c3cc1a35eaf5559aaeee0e0d51,112,28.0,True,1792,0.308677
d00de26515945265b0c0f998,lhs30s2000:02,stage1,16,4,1.0,-2.0,4.0,4.0,SUCCESS,True,3.930912,-0.317385,-1.850213,-4.533164,0.002025,0.0,/usr/local/bin/avl:sha256=758a9c634d7bfc26,2.2771,0.0,0.65443,False,0.0032285,0.00971983831173847,-0.15589,0.08387,-0.000379,-0.003506,-2.1e-05,0.013943,-0.009214,543da140a6d0eacdb86d907fc34529e875e43a4d9c573c356cb8894bc40452b3,-0.0004853,-0.000239,-16.03833263478617,29,224,3584,1.2584,40.22583550499985,40.22583751899947,0.5822,6bb2627b75bbf1c3cc1a35eaf5559aaeee0e0d51,224,28.0,True,3584,0.308029
ccb9c46da7f734655bd9f351,lhs30s2000:02,stage1,16,4,1.0,0.0,4.0,4.0,SUCCESS,True,3.94463,-0.31781,-1.8597,-4.540905,0.001008,0.0,/usr/local/bin/avl:sha256=758a9c634d7bfc26,2.2771,0.0,0.65443,False,0.0012413,0.007183151138344089,-0.01839,0.01909,-0.000507,-0.003518,1.4e-05,0.014006,-0.009245,543da140a6d0eacdb86d907fc34529e875e43a4d9c573c356cb8894bc40452b3,-0.0004875,-0.0004016,-2.5601577421687653,29,224,3584,1.2584,40.3864873800012,40.38648939400082,0.0215,6bb2627b75bbf1c3cc1a35eaf5559aaeee0e0d51,224,28.0,True,3584,0.308531
a6264a8e7ed52a2ae27c4d53,lhs30s2000:02,stage1,16,4,1.0,4.0,4.0,4.0,SUCCESS,True,3.931391,-0.315145,-1.853592,-4.543238,0.002455,0.0,/usr/local/bin/avl:sha256=758a9c634d7bfc26,2.2771,0.0,0.65443,False,0.0060438,0.012456363772497769,0.25685,-0.11072,-0.000759,-0.00352,6.3e-05,0.014007,-0.009247,543da140a6d0eacdb86d907fc34529e875e43a4d9c573c356cb8894bc40452b3,-0.0004882,-0.0007245,20.619982258955503,29,224,3584,1.2584,40.43129201099873,40.43129402199702,0.8391,6bb2627b75bbf1c3cc1a35eaf5559aaeee0e0d51,224,28.0,True,3584,0.308554
b57ac2d803a5c12d480872b4,lhs30s2000:02,stage1,16,6,1.0,-2.0,4.0,4.0,SUCCESS,True,3.927869,-0.316663,-1.848538,-4.530338,0.002009,0.0,/usr/local/bin/avl:sha256=758a9c634d7bfc26,2.2771,0.0,0.65443,False,0.0032244,0.009713075721238803,-0.1557,0.08376,-0.000378,-0.003503,-2.2e-05,0.01394,-0.009213,543da140a6d0eacdb86d907fc34529e875e43a4d9c573c356cb8894bc40452b3,-0.0004851,-0.000239,-16.029937835195017,29,336,5376,1.2584,83.3284652839975,83.32846772299672,0.5809,6bb2627b75bbf1c3cc1a35eaf5559aaeee0e0d51,336,28.0,True,5376,0.307988
f804013c55c71e6592723289,lhs30s2000:02,stage1,16,6,1.0,0.0,4.0,4.0,SUCCESS,True,3.941633,-0.317099,-1.858029,-4.538106,0.001006,0.0,/usr/local/bin/avl:sha256=758a9c634d7bfc26,2.2771,0.0,0.65443,False,0.0012403,0.007181378926563045,-0.01831,0.01904,-0.000506,-0.003515,1.4e-05,0.014002,-0.009244,543da140a6d0eacdb86d907fc34529e875e43a4d9c573c356cb8894bc40452b3,-0.0004873,-0.0004013,-2.5496496128721944,29,336,5376,1.2584,83.61112353700082,83.61112533900086,0.0213,6bb2627b75bbf1c3cc1a35eaf5559aaeee0e0d51,336,28.0,True,5376,0.308489
d83dc4322b62022188184171,lhs30s2000:02,stage1,16,6,1.0,4.0,4.0,4.0,SUCCESS,True,3.928502,-0.314464,-1.851984,-4.540555,0.002457,0.0,/usr/local/bin/avl:sha256=758a9c634d7bfc26,2.2771,0.0,0.65443,False,0.0060479,0.012460267244062843,0.25672,-0.11066,-0.000758,-0.003517,6.3e-05,0.014004,-0.009246,543da140a6d0eacdb86d907fc34529e875e43a4d9c573c356cb8894bc40452b3,-0.000488,-0.0007237,20.603089401820316,29,336,5376,1.2584,83.8005663949989,83.8005685149983,0.8384,6bb2627b75bbf1c3cc1a35eaf5559aaeee0e0d51,336,28.0,True,5376,0.308513
9d6f8f5c8c7ed2a699fdb72b,lhs30s2000:03,stage1,8,2,1.0,-2.0,4.0,4.0,SUCCESS,True,3.401837,-0.265246,-1.410341,-3.472879,0.0018,0.0,/usr/local/bin/avl:sha256=758a9c634d7bfc26,1.8196,0.0,0.68536,False,0.0030245,0.009475543592595372,-0.13778,0.0677,-0.000148,-0.002174,3e-06,0.009467,-0.005849,543da140a6d0eacdb86d907fc34529e875e43a4d9c573c356cb8894bc40452b3,-0.0003206,-0.0001559,-14.54059059025043,28,108,864,1.069,2.741781815999275,2.7417839350018767,0.6244,6bb2627b75bbf1c3cc1a35eaf5559aaeee0e0d51,108,28.0,True,864,0.28414
be0f3797175c891cf1839b32,lhs30s2000:03,stage1,8,2,1.0,0.0,4.0,4.0,SUCCESS,True,3.413704,-0.265316,-1.417825,-3.478034,0.000901,0.0,/usr/local/bin/avl:sha256=758a9c634d7bfc26,1.8196,0.0,0.68536,False,0.0010477,0.00694376946161126,-0.01879,0.01832,-0.000247,-0.00218,4.2e-05,0.0095,-0.005866,543da140a6d0eacdb86d907fc34529e875e43a4d9c573c356cb8894bc40452b3,-0.0003217,-0.0002468,-2.7060230187480756,28,108,864,1.069,2.7209304490024806,2.720932479998737,0.0333,6bb2627b75bbf1c3cc1a35eaf5559aaeee0e0d51,108,28.0,True,864,0.284655
d3325bc4bbffc21328ca8ef0,lhs30s2000:03,stage1,8,2,1.0,4.0,4.0,4.0,SUCCESS,True,3.399802,-0.261622,-1.413564,-3.477904,0.002781,0.0,/usr/local/bin/avl:sha256=758a9c634d7bfc26,1.8196,0.0,0.68536,False,0.0055053,0.011665466017191511,0.21934,-0.08067,-0.000442,-0.002177,0.000111,0.009481,-0.00586,543da140a6d0eacdb86d907fc34529e875e43a4d9c573c356cb8894bc40452b3,-0.0003217,-0.000427,18.802506447385515,28,108,864,1.069,2.736584154998127,2.736585955000919,0.8681,6bb2627b75bbf1c3cc1a35eaf5559aaeee0e0d51,108,28.0,True,864,0.28496
abaab15fe2a0a93dbe96a63c,lhs30s2000:03,stage1,8,4,1.0,-2.0,4.0,4.0,SUCCESS,True,3.386922,-0.263324,-1.403131,-3.459955,0.001791,0.0,/usr/local/bin/avl:sha256=758a9c634d7bfc26,1.8196,0.0,0.68536,False,0.0030155,0.009468711130251235,-0.1375,0.06755,-0.000148,-0.002163,3e-06,0.009445,-0.005841,543da140a6d0eacdb86d907fc34529e875e43a4d9c573c356cb8894bc40452b3,-0.0003184,-0.0001513,-14.52151175683313,28,216,1728,1.069,10.705635315000109,10.705637328999728,0.6244,6bb2627b75bbf1c3cc1a35eaf5559aaeee0e0d51,216,28.0,True,1728,0.283932
991c83358de343dbd672d1e9,lhs30s2000:03,stage1,8,4,1.0,0.0,4.0,4.0,SUCCESS,True,3.398971,-0.263412,-1.41067,-3.46523,0.000901,0.0,/usr/local/bin/avl:sha256=758a9c634d7bfc26,1.8196,0.0,0.68536,False,0.0010387,0.006938918566965571,-0.01902,0.01842,-0.000246,-0.002169,4.2e-05,0.009478,-0.005857,543da140a6d0eacdb86d907fc34529e875e43a4d9c573c356cb8894bc40452b3,-0.0003196,-0.0002415,-2.7410611345908262,28,216,1728,1.069,11.022893473997101,11.022895603000507,0.0345,6bb2627b75bbf1c3cc1a35eaf5559aaeee0e0d51,216,28.0,True,1728,0.284446
00a0c83dde4e4c483f931904,lhs30s2000:03,stage1,8,4,1.0,4.0,4.0,4.0,SUCCESS,True,3.385556,-0.259789,-1.406604,-3.465364,0.002806,0.0,/usr/local/bin/avl:sha256=758a9c634d7bfc26,1.8196,0.0,0.68536,False,0.0054734,0.011635926964188371,0.21809,-0.08007,-0.00044,-0.002166,0.00011,0.00946,-0.005851,543da140a6d0eacdb86d907fc34529e875e43a4d9c573c356cb8894bc40452b3,-0.0003195,-0.0004204,18.742812727444118,28,216,1728,1.069,10.832218023999303,10.832220143001905,0.8614,6bb2627b75bbf1c3cc1a35eaf5559aaeee0e0d51,216,28.0,True,1728,0.28475
212506a82d5205bfe3779ee4,lhs30s2000:03,stage1,8,6,1.0,-2.0,4.0,4.0,SUCCESS,True,3.38188,-0.262672,-1.400684,-3.455614,0.001786,0.0,/usr/local/bin/avl:sha256=758a9c634d7bfc26,1.8196,0.0,0.68536,False,0.0030125,0.009474441967053326,-0.13742,0.06751,-0.000149,-0.002159,3e-06,0.009436,-0.005837,543da140a6d0eacdb86d907fc34529e875e43a4d9c573c356cb8894bc40452b3,-0.0003176,-0.0001496,-14.504284313299708,28,324,2592,1.069,22.462766551998357,22.462768460001826,0.6246,6bb2627b75bbf1c3cc1a35eaf5559aaeee0e0d51,324,28.0,True,2592,0.28386
e5e45cb7c42da4eee4fe1269,lhs30s2000:03,stage1,8,6,1.0,0.0,4.0,4.0,SUCCESS,True,3.394047,-0.262769,-1.408263,-3.460967,0.0009,0.0,/usr/local/bin/avl:sha256=758a9c634d7bfc26,1.8196,0.0,0.68536,False,0.0010352,0.0069436932535705,-0.01912,0.01847,-0.000246,-0.002165,4.2e-05,0.00947,-0.005854,543da140a6d0eacdb86d907fc34529e875e43a4d9c573c356cb8894bc40452b3,-0.0003188,-0.0002396,-2.7535778586083643,28,324,2592,1.069,22.708898965000117,22.708901084999525,0.035,6bb2627b75bbf1c3cc1a35eaf5559aaeee0e0d51,324,28.0,True,2592,0.284373
769b35b82af288ff7b7df5e9,lhs30s2000:03,stage1,8,6,1.0,4.0,4.0,4.0,SUCCESS,True,3.380905,-0.25918,-1.404309,-3.461264,0.002813,0.0,/usr/local/bin/avl:sha256=758a9c634d7bfc26,1.8196,0.0,0.68536,False,0.0054618,0.011632487561075823,0.21766,-0.07986,-0.00044,-0.002162,0.00011,0.009452,-0.005848,543da140a6d0eacdb86d907fc34529e875e43a4d9c573c356cb8894bc40452b3,-0.0003187,-0.000418,18.711389017799203,28,324,2592,1.069,22.776655853998818,22.776658080001653,0.8591,6bb2627b75bbf1c3cc1a35eaf5559aaeee0e0d51,324,28.0,True,2592,0.284676
02fd68e7bd94dd148e7148c2,lhs30s2000:03,stage1,12,2,1.0,-2.0,4.0,4.0,SUCCESS,True,3.402593,-0.265294,-1.409909,-3.47154,0.001806,0.0,/usr/local/bin/avl:sha256=758a9c634d7bfc26,1.8196,0.0,0.68536,False,0.0030519,0.009493163042163516,-0.13654,0.06696,-0.000144,-0.00222,-2e-06,0.00968,-0.005932,543da140a6d0eacdb86d907fc34529e875e43a4d9c573c356cb8894bc40452b3,-0.0003072,-0.0001362,-14.382982720676225,28,108,1296,1.069,6.35717186400143,6.357173770000372,0.6158,6bb2627b75bbf1c3cc1a35eaf5559aaeee0e0d51,108,28.0,True,1296,0.28399
0901f35d966e6480c8c39e8d,lhs30s2000:03,stage1,12,2,1.0,0.0,4.0,4.0,SUCCESS,True,3.414304,-0.265348,-1.417286,-3.476586,0.000905,0.0,/usr/local/bin/avl:sha256=758a9c634d7bfc26,1.8196,0.0,0.68536,False,0.0010853,0.006974323652537041,-0.01752,0.0176,-0.000246,-0.002226,4e-05,0.009714,-0.005948,543da140a6d0eacdb86d907fc34529e875e43a4d9c573c356cb8894bc40452b3,-0.0003083,-0.0002214,-2.512071545980917,28,108,1296,1.069,6.387712448002276,6.387714037999103,0.0286,6bb2627b75bbf1c3cc1a35eaf5559aaeee0e0d51,108,28.0,True,1296,0.284497
151eebde294c06a1c7e11bea,lhs30s2000:03,stage1,12,2,1.0,4.0,4.0,4.0,SUCCESS,True,3.399787,-0.261616,-1.412816,-3.476238,0.002786,0.0,/usr/local/bin/avl:sha256=758a9c634d7bfc26,1.8196,0.0,0.68536,False,0.005663,0.01182742261052705,0.22063,-0.08134,-0.000447,-0.002223,0.000113,0.009695,-0.005942,543da140a6d0eacdb86d907fc34529e875e43a4d9c573c356cb8894bc40452b3,-0.0003082,-0.0003903,18.654106415680733,28,108,1296,1.069,6.433992589001718,6.433994497998356,0.8668,6bb2627b75bbf1c3cc1a35eaf5559aaeee0e0d51,108,28.0,True,1296,0.28481
af45ca509c4a3164be2446f1,lhs30s2000:03,stage1,12,4,1.0,-2.0,4.0,4.0,SUCCESS,True,3.387741,-0.263376,-1.402777,-3.458692,0.001799,0.0,/usr/local/bin/avl:sha256=758a9c634d7bfc26,1.8196,0.0,0.68536,False,0.0030402,0.009482980828600576,-0.13625,0.06682,-0.000144,-0.002209,-2e-06,0.009656,-0.005923,543da140a6d0eacdb86d907fc34529e875e43a4d9c573c356cb8894bc40452b3,-0.0003051,-0.0001318,-14.367845138848258,28,216,2592,1.069,22.579825480999716,22.57982738699866,0.6157,6bb2627b75bbf1c3cc1a35eaf5559aaeee0e0d51,216,28.0,True,2592,0.283792
e0dd771ba7d6d623b8f856d0,lhs30s2000:03,stage1,12,4,1.0,0.0,4.0,4.0,SUCCESS,True,3.399549,-0.263443,-1.410178,-3.463807,0.000908,0.0,/usr/local/bin/avl:sha256=758a9c634d7bfc26,1.8196,0.0,0.68536,False,0.0010753,0.0069687036835079826,-0.01775,0.0177,-0.000245,-0.002214,3.9e-05,0.009691,-0.005939,543da140a6d0eacdb86d907fc34529e875e43a4d9c573c356cb8894bc40452b3,-0.0003062,-0.0002163,-2.547102130631103,28,216,2592,1.069,22.787366820000898,22.787368515997514,0.0296,6bb2627b75bbf1c3cc1a35eaf5559aaeee0e0d51,216,28.0,True,2592,0.284298
37b3e7be0696549270a0ee39,lhs30s2000:03,stage1,12,4,1.0,4.0,4.0,4.0,SUCCESS,True,3.385361,-0.259767,-1.405841,-3.463617,0.002814,0.0,/usr/local/bin/avl:sha256=758a9c634d7bfc26,1.8196,0.0,0.68536,False,0.0056295,0.011796332867848688,0.21938,-0.08075,-0.000445,-0.002211,0.000113,0.009672,-0.005933,543da140a6d0eacdb86d907fc34529e875e43a4d9c573c356cb8894bc40452b3,-0.0003062,-0.000384,18.59730498093418,28,216,2592,1.069,22.749529099997744,22.749531115001446,0.86,6bb2627b75bbf1c3cc1a35eaf5559aaeee0e0d51,216,28.0,True,2592,0.284612
8418c71133ed2f317c0eb671,lhs30s2000:03,stage1,12,6,1.0,-2.0,4.0,4.0,SUCCESS,True,3.382752,-0.262727,-1.400353,-3.454375,0.001797,0.0,/usr/local/bin/avl:sha256=758a9c634d7bfc26,1.8196,0.0,0.68536,False,0.0030363,0.009487812277085606,-0.13617,0.06678,-0.000144,-0.002205,-2e-06,0.009647,-0.005919,543da140a6d0eacdb86d907fc34529e875e43a4d9c573c356cb8894bc40452b3,-0.0003044,-0.0001303,-14.352096776711067,28,324,3888,1.069,47.39652311399914,47.396524915002374,0.616,6bb2627b75bbf1c3cc1a35eaf5559aaeee0e0d51,324,28.0,True,3888,0.283719
018826f55a6d5dad3358bf16,lhs30s2000:03,stage1,12,6,1.0,0.0,4.0,4.0,SUCCESS,True,3.394633,-0.262801,-1.407778,-3.459538,0.000908,0.0,/usr/local/bin/avl:sha256=758a9c634d7bfc26,1.8196,0.0,0.68536,False,0.0010713,0.006972955225485826,-0.01785,0.01775,-0.000245,-0.00221,3.9e-05,0.009682,-0.005935,543da140a6d0eacdb86d907fc34529e875e43a4d9c573c356cb8894bc40452b3,-0.0003055,-0.0002145,-2.5598902363174636,28,324,3888,1.069,47.191547340997204,47.19154914400133,0.0301,6bb2627b75bbf1c3cc1a35eaf5559aaeee0e0d51,324,28.0,True,3888,0.284226
beb1967149a3a3c77336f33e,lhs30s2000:03,stage1,12,6,1.0,4.0,4.0,4.0,SUCCESS,True,3.380635,-0.259152,-1.403519,-3.459454,0.002823,0.0,/usr/local/bin/avl:sha256=758a9c634d7bfc26,1.8196,0.0,0.68536,False,0.0056168,0.011791804865642647,0.21894,-0.08053,-0.000445,-0.002207,0.000112,0.009663,-0.005929,543da140a6d0eacdb86d907fc34529e875e43a4d9c573c356cb8894bc40452b3,-0.0003054,-0.0003817,18.56713221552008,28,324,3888,1.069,47.26159345999986,47.26159526099946,0.8578,6bb2627b75bbf1c3cc1a35eaf5559aaeee0e0d51,324,28.0,True,3888,0.284539
b05e709e061714c8a1dc51aa,lhs30s2000:03,stage1,16,2,1.0,-2.0,4.0,4.0,SUCCESS,True,3.402977,-0.265317,-1.409788,-3.471136,0.001802,0.0,/usr/local/bin/avl:sha256=758a9c634d7bfc26,1.8196,0.0,0.68536,False,0.0030684,0.00950363173681978,-0.1358,0.06663,-0.000142,-0.002254,-6e-06,0.009829,-0.006006,543da140a6d0eacdb86d907fc34529e875e43a4d9c573c356cb8894bc40452b3,-0.0002874,-0.0001162,-14.289274222808114,28,108,1728,1.069,10.642043822001142,10.642045939999662,0.6092,6bb2627b75bbf1c3cc1a35eaf5559aaeee0e0d51,108,28.0,True,1728,0.283933
43dd83ca4d2eb26d4192936d,lhs30s2000:03,stage1,16,2,1.0,0.0,4.0,4.0,SUCCESS,True,3.414619,-0.265364,-1.417122,-3.476142,0.000899,0.0,/usr/local/bin/avl:sha256=758a9c634d7bfc26,1.8196,0.0,0.68536,False,0.0011091,0.006993751607544092,-0.01677,0.01727,-0.000245,-0.002259,3.8e-05,0.009865,-0.006023,543da140a6d0eacdb86d907fc34529e875e43a4d9c573c356cb8894bc40452b3,-0.0002885,-0.0002084,-2.3978546767246303,28,108,1728,1.069,10.756169086002046,10.756171207001898,0.0258,6bb2627b75bbf1c3cc1a35eaf5559aaeee0e0d51,108,28.0,True,1728,0.284437
d2cae9d80c6e0cae95f07054,lhs30s2000:03,stage1,16,2,1.0,4.0,4.0,4.0,SUCCESS,True,3.399815,-0.261614,-1.412565,-3.475709,0.002779,0.0,/usr/local/bin/avl:sha256=758a9c634d7bfc26,1.8196,0.0,0.68536,False,0.0057512,0.011918373750823713,0.22139,-0.08166,-0.00045,-0.002256,0.000114,0.009845,-0.006016,543da140a6d0eacdb86d907fc34529e875e43a4d9c573c356cb8894bc40452b3,-0.0002884,-0.0003915,18.57552084106266,28,108,1728,1.069,10.842188382997847,10.842190399001993,0.8651,6bb2627b75bbf1c3cc1a35eaf5559aaeee0e0d51,108,28.0,True,1728,0.284757
34d1dd4ce94fa46c3c85a78c,lhs30s2000:03,stage1,16,4,1.0,-2.0,4.0,4.0,SUCCESS,True,3.38811,-0.2634,-1.402703,-3.458295,0.001797,0.0,/usr/local/bin/avl:sha256=758a9c634d7bfc26,1.8196,0.0,0.68536,False,0.0030567,0.009492914757793035,-0.1355,0.06648,-0.000142,-0.002241,-5e-06,0.009804,-0.005996,543da140a6d0eacdb86d907fc34529e875e43a4d9c573c356cb8894bc40452b3,-0.0002854,-0.0001116,-14.273803511062159,28,216,3456,1.069,37.917658064001444,37.91765997499897,0.6091,6bb2627b75bbf1c3cc1a35eaf5559aaeee0e0d51,216,28.0,True,3456,0.283746
4f722fe092677df8d5acd878,lhs30s2000:03,stage1,16,4,1.0,0.0,4.0,4.0,SUCCESS,True,3.399814,-0.263457,-1.410047,-3.463344,0.000903,0.0,/usr/local/bin/avl:sha256=758a9c634d7bfc26,1.8196,0.0,0.68536,False,0.0010991,0.00698823180113288,-0.01699,0.01737,-0.000244,-0.002247,3.8e-05,0.00984,-0.006013,543da140a6d0eacdb86d907fc34529e875e43a4d9c573c356cb8894bc40452b3,-0.0002864,-0.0002031,-2.4312301714499096,28,216,3456,1.069,37.899357141999644,37.89935936799884,0.0268,6bb2627b75bbf1c3cc1a35eaf5559aaeee0e0d51,216,28.0,True,3456,0.28425
0af85333b3f025cb703e41d3,lhs30s2000:03,stage1,16,4,1.0,4.0,4.0,4.0,SUCCESS,True,3.385266,-0.259757,-1.405594,-3.46302,0.002809,0.0,/usr/local/bin/avl:sha256=758a9c634d7bfc26,1.8196,0.0,0.68536,False,0.0057179,0.011887458288615847,0.22014,-0.08107,-0.000448,-0.002244,0.000114,0.00982,-0.006006,543da140a6d0eacdb86d907fc34529e875e43a4d9c573c356cb8894bc40452b3,-0.0002864,-0.0003848,18.518676966531984,28,216,3456,1.069,37.96984759000043,37.96984981700007,0.8584,6bb2627b75bbf1c3cc1a35eaf5559aaeee0e0d51,216,28.0,True,3456,0.28457
675c3d4f339146a94b054f86,lhs30s2000:03,stage1,16,6,1.0,-2.0,4.0,4.0,SUCCESS,True,3.383146,-0.262753,-1.400297,-3.453995,0.001795,0.0,/usr/local/bin/avl:sha256=758a9c634d7bfc26,1.8196,0.0,0.68536,False,0.0030519,0.009496972087187949,-0.13543,0.06644,-0.000142,-0.002237,-5e-06,0.009795,-0.005992,543da140a6d0eacdb86d907fc34529e875e43a4d9c573c356cb8894bc40452b3,-0.0002846,-0.00011,-14.260334636836948,28,324,5184,1.069,78.7281398549967,78.72814175100211,0.6093,6bb2627b75bbf1c3cc1a35eaf5559aaeee0e0d51,324,28.0,True,5184,0.283675
c52e30cf6e0545e649d4176d,lhs30s2000:03,stage1,16,6,1.0,0.0,4.0,4.0,SUCCESS,True,3.394897,-0.262815,-1.407656,-3.459077,0.000904,0.0,/usr/local/bin/avl:sha256=758a9c634d7bfc26,1.8196,0.0,0.68536,False,0.0010947,0.0069921372695064855,-0.01709,0.01742,-0.000244,-0.002243,3.8e-05,0.009831,-0.006009,543da140a6d0eacdb86d907fc34529e875e43a4d9c573c356cb8894bc40452b3,-0.0002856,-0.0002012,-2.444173983043991,28,324,5184,1.069,78.84253264800282,78.84253476700178,0.0272,6bb2627b75bbf1c3cc1a35eaf5559aaeee0e0d51,324,28.0,True,5184,0.284179
54469563b2909039ae68d36a,lhs30s2000:03,stage1,16,6,1.0,4.0,4.0,4.0,SUCCESS,True,3.380492,-0.259137,-1.403261,-3.458827,0.002819,0.0,/usr/local/bin/avl:sha256=758a9c634d7bfc26,1.8196,0.0,0.68536,False,0.0057048,0.011882558672236705,0.21971,-0.08086,-0.000447,-0.00224,0.000114,0.009811,-0.006002,543da140a6d0eacdb86d907fc34529e875e43a4d9c573c356cb8894bc40452b3,-0.0002856,-0.0003825,18.49012540652097,28,324,5184,1.069,79.13564061500074,79.13564262900036,0.8562,6bb2627b75bbf1c3cc1a35eaf5559aaeee0e0d51,324,28.0,True,5184,0.284499
0da4d5bcea07618ea28d7077,lhs30s2000:00,stage2,6,2,1.0,-2.0,4.0,4.0,SUCCESS,True,3.72831,-0.29648,-1.860317,-4.603086,0.002079,0.0,/usr/local/bin/avl:sha256=758a9c634d7bfc26,1.7165,0.0,0.5539,False,0.0040809,0.01151503741114272,-0.20608,0.11806,-0.000291,-0.002381,-5.9e-05,0.009293,-0.006309,543da140a6d0eacdb86d907fc34529e875e43a4d9c573c356cb8894bc40452b3,-0.0002751,-0.0002005,-17.89659839060386,29,112,672,0.77939,1.5111523349987692,1.5111549929970352,0.8607,6bb2627b75bbf1c3cc1a35eaf5559aaeee0e0d51,112,28.0,True,672,0.27638
2b2154e3d4710998593b8a31,lhs30s2000:00,stage2,6,2,1.0,0.0,4.0,4.0,SUCCESS,True,3.745661,-0.296605,-1.871997,-4.609826,0.001534,0.0,/usr/local/bin/avl:sha256=758a9c634d7bfc26,1.7165,0.0,0.5539,False,0.0009538,0.007379017896784159,-0.0756,0.05289,-0.00038,-0.002389,-2.2e-05,0.009345,-0.006332,543da140a6d0eacdb86d907fc34529e875e43a4d9c573c356cb8894bc40452b3,-0.0002764,-0.0002683,-10.245265841264208,29,112,672,0.77939,1.4041971789993113,1.404199709999375,0.4847,6bb2627b75bbf1c3cc1a35eaf5559aaeee0e0d51,112,28.0,True,672,0.276827
e868ea80fbe22eea5419c674,lhs30s2000:00,stage2,6,2,1.0,2.0,4.0,4.0,SUCCESS,True,3.750048,-0.295574,-1.875759,-4.612954,0.00205,0.0,/usr/local/bin/avl:sha256=758a9c634d7bfc26,1.7165,0.0,0.5539,False,0.000637,0.00691048248952009,0.05527,-0.01254,-0.00047,-0.002393,7e-06,0.00937,-0.006344,543da140a6d0eacdb86d907fc34529e875e43a4d9c573c356cb8894bc40452b3,-0.0002769,-0.0003357,7.9979943634642385,29,112,672,0.77939,1.3603747759989346,1.3603773270006059,0.3629,6bb2627b75bbf1c3cc1a35eaf5559aaeee0e0d51,112,28.0,True,672,0.277059
fe5df8111d65be6b46aa00e0,lhs30s2000:00,stage2,6,2,1.0,4.0,4.0,4.0,SUCCESS,True,3.741418,-0.293339,-1.871153,-4.611734,0.003583,0.0,/usr/local/bin/avl:sha256=758a9c634d7bfc26,1.7165,0.0,0.5539,False,0.0031455,0.009681345972037458,0.18605,-0.07796,-0.000558,-0.002391,2.3e-05,0.009369,-0.006343,543da140a6d0eacdb86d907fc34529e875e43a4d9c573c356cb8894bc40452b3,-0.0002768,-0.0004022,19.217369210579445,29,112,672,0.77939,1.426376474002609,1.4263790149998385,0.8798,6bb2627b75bbf1c3cc1a35eaf5559aaeee0e0d51,112,28.0,True,672,0.277016
ed84352ecd2566a4343752f7,lhs30s2000:00,stage2,12,2,1.0,2.0,4.0,4.0,SUCCESS,True,3.750939,-0.295616,-1.874428,-4.608686,0.002078,0.0,/usr/local/bin/avl:sha256=758a9c634d7bfc26,1.7165,0.0,0.5539,False,0.00073,0.007008079471107551,0.05813,-0.01387,-0.000479,-0.002502,-1e-06,0.009821,-0.006578,543da140a6d0eacdb86d907fc34529e875e43a4d9c573c356cb8894bc40452b3,-0.0002229,-0.0002753,8.294711873581706,29,112,1344,0.77939,6.464600487001007,6.4646037819984485,0.3707,6bb2627b75bbf1c3cc1a35eaf5559aaeee0e0d51,112,28.0,True,1344,0.276797
851ad1616bb0034fd3cdf44d,lhs30s2000:00,stage2,24,2,1.0,-2.0,4.0,4.0,SUCCESS,True,3.730861,-0.296669,-1.859441,-4.598676,0.002064,0.0,/usr/local/bin/avl:sha256=758a9c634d7bfc26,1.7165,0.0,0.5539,False,0.0041178,0.011464675364059176,-0.20225,0.116,-0.000287,-0.002553,-9e-05,0.009989,-0.00668,543da140a6d0eacdb86d907fc34529e875e43a4d9c573c356cb8894bc40452b3,-0.0001969,-0.0001277,-17.641144958542593,29,112,2688,0.77939,23.051408350998827,23.051411544001894,0.8421,6bb2627b75bbf1c3cc1a35eaf5559aaeee0e0d51,112,28.0,True,2688,0.276061
558f88f2dc415eacd8e1a8c2,lhs30s2000:00,stage2,24,2,1.0,0.0,4.0,4.0,SUCCESS,True,3.74767,-0.296729,-1.870787,-4.604993,0.001538,0.0,/usr/local/bin/avl:sha256=758a9c634d7bfc26,1.7165,0.0,0.5539,False,0.0010075,0.007410238105881564,-0.07169,0.05087,-0.000385,-0.002561,-4.6e-05,0.010048,-0.006704,543da140a6d0eacdb86d907fc34529e875e43a4d9c573c356cb8894bc40452b3,-0.0001978,-0.0001901,-9.67445296300251,29,112,2688,0.77939,23.63135474400042,23.631357491998642,0.4309,6bb2627b75bbf1c3cc1a35eaf5559aaeee0e0d51,112,28.0,True,2688,0.2765
d8811ee919e01e0e6a927768,lhs30s2000:00,stage2,24,2,1.0,2.0,4.0,4.0,SUCCESS,True,3.751291,-0.295632,-1.874183,-4.607637,0.002084,0.0,/usr/local/bin/avl:sha256=758a9c634d7bfc26,1.7165,0.0,0.5539,False,0.0007814,0.007061402839230193,0.05923,-0.01451,-0.000482,-0.002565,-9e-06,0.010077,-0.006716,543da140a6d0eacdb86d907fc34529e875e43a4d9c573c356cb8894bc40452b3,-0.0001983,-0.0002522,8.387851726988716,29,112,2688,0.77939,23.270893000997603,23.27089502000308,0.3696,6bb2627b75bbf1c3cc1a35eaf5559aaeee0e0d51,112,28.0,True,2688,0.276734
f3d21e4ec32b70ed324f810d,lhs30s2000:00,stage2,24,2,1.0,4.0,4.0,4.0,SUCCESS,True,3.741678,-0.293331,-1.869208,-4.605922,0.003648,0.0,/usr/local/bin/avl:sha256=758a9c634d7bfc26,1.7165,0.0,0.5539,False,0.0034521,0.010001065987186525,0.19005,-0.07987,-0.000578,-0.002564,1.4e-05,0.010076,-0.006714,543da140a6d0eacdb86d907fc34529e875e43a4d9c573c356cb8894bc40452b3,-0.0001982,-0.0003137,19.002974307288255,29,112,2688,0.77939,23.440364442998543,23.44036656699609,0.8727,6bb2627b75bbf1c3cc1a35eaf5559aaeee0e0d51,112,28.0,True,2688,0.276709
536ee6acb99d33b70ce1b65e,lhs30s2000:00,stage2,48,2,1.0,-2.0,4.0,4.0,SUCCESS,True,3.731121,-0.29669,-1.85943,-4.598464,0.00206,0.0,/usr/local/bin/avl:sha256=758a9c634d7bfc26,1.7165,0.0,0.5539,False,0.0041347,0.011465615197598984,-0.20162,0.11564,-0.000286,-0.002586,-9.7e-05,0.010122,-0.006754,543da140a6d0eacdb86d907fc34529e875e43a4d9c573c356cb8894bc40452b3,-0.0001859,-0.0001161,-17.584752019431217,29,112,5376,0.77939,84.01228510599685,84.0122878660004,0.8383,6bb2627b75bbf1c3cc1a35eaf5559aaeee0e0d51,112,28.0,True,5376,0.27604
a01184282eeb1c763631ede1,lhs30s2000:00,stage2,48,2,1.0,0.0,4.0,4.0,SUCCESS,True,3.747911,-0.296743,-1.870746,-4.604765,0.001536,0.0,/usr/local/bin/avl:sha256=758a9c634d7bfc26,1.7165,0.0,0.5539,False,0.0010218,0.00742100330048883,-0.07105,0.05051,-0.000385,-0.002595,-5.2e-05,0.010183,-0.006779,543da140a6d0eacdb86d907fc34529e875e43a4d9c573c356cb8894bc40452b3,-0.0001868,-0.0001794,-9.5741771190588,29,112,5376,0.77939,83.95162040699506,83.95162316799542,0.4211,6bb2627b75bbf1c3cc1a35eaf5559aaeee0e0d51,112,28.0,True,5376,0.276476
7c051b5e56737afda8571df3,lhs30s2000:00,stage2,48,2,1.0,2.0,4.0,4.0,SUCCESS,True,3.751465,-0.295637,-1.874105,-4.607381,0.002086,0.0,/usr/local/bin/avl:sha256=758a9c634d7bfc26,1.7165,0.0,0.5539,False,0.0008084,0.0070896920276148755,0.05988,-0.01487,-0.000484,-0.002599,-1.3e-05,0.010212,-0.006791,543da140a6d0eacdb86d907fc34529e875e43a4d9c573c356cb8894bc40452b3,-0.0001872,-0.0002423,8.446065042989591,29,112,5376,0.77939,83.95167339299951,83.95167540599505,0.3695,6bb2627b75bbf1c3cc1a35eaf5559aaeee0e0d51,112,28.0,True,5376,0.27671
82d94c53ee2c4657098ed890,lhs30s2000:01,stage2,6,2,1.0,-2.0,4.0,4.0,SUCCESS,True,3.375801,-0.260479,-1.535591,-3.565089,0.002264,0.0,/usr/local/bin/avl:sha256=758a9c634d7bfc26,1.5594,0.0,0.62927,False,0.0042048,0.011011419065314587,-0.17457,0.08749,-9e-05,-0.002919,-7.8e-05,0.01306,-0.008295,543da140a6d0eacdb86d907fc34529e875e43a4d9c573c356cb8894bc40452b3,-0.0005047,-0.0001873,-15.853542487533389,29,112,672,0.74569,1.4204438329979894,1.420446066003933,0.6951,6bb2627b75bbf1c3cc1a35eaf5559aaeee0e0d51,112,28.0,True,672,0.286243
b3833eeade8432858364b19a,lhs30s2000:01,stage2,6,2,1.0,0.0,4.0,4.0,SUCCESS,True,3.389289,-0.26056,-1.543195,-3.5686,0.001549,0.0,/usr/local/bin/avl:sha256=758a9c634d7bfc26,1.5594,0.0,0.62927,False,0.0014332,0.0077129349058950416,-0.05646,0.03373,-0.000222,-0.002925,-2.1e-05,0.013109,-0.008315,543da140a6d0eacdb86d907fc34529e875e43a4d9c573c356cb8894bc40452b3,-0.0005063,-0.0002808,-7.320170685849726,29,112,672,0.74569,1.4168324010024662,1.4168348419989343,0.2137,6bb2627b75bbf1c3cc1a35eaf5559aaeee0e0d51,112,28.0,True,672,0.286516
bbfdd6a5108856fb8ace8b42,lhs30s2000:01,stage2,6,2,1.0,2.0,4.0,4.0,SUCCESS,True,3.390672,-0.259502,-1.544244,-3.569243,0.002131,0.0,/usr/local/bin/avl:sha256=758a9c634d7bfc26,1.5594,0.0,0.62927,False,0.0013292,0.007575289647605879,0.06191,-0.02017,-0.000353,-0.002926,2.6e-05,0.013121,-0.008319,543da140a6d0eacdb86d907fc34529e875e43a4d9c573c356cb8894bc40452b3,-0.0005067,-0.0003737,8.172624794560331,29,112,672,0.74569,1.4213551139982883,1.4213574629975483,0.274,6bb2627b75bbf1c3cc1a35eaf5559aaeee0e0d51,112,28.0,True,672,0.286594
f52fcea644d2b522f7369ba7,lhs30s2000:01,stage2,6,2,1.0,4.0,4.0,4.0,SUCCESS,True,3.379929,-0.257246,-1.538219,-3.566217,0.004003,0.0,/usr/local/bin/avl:sha256=758a9c634d7bfc26,1.5594,0.0,0.62927,False,0.0038983,0.010396695418141838,0.18011,-0.07399,-0.000484,-0.00292,6e-05,0.013095,-0.008304,543da140a6d0eacdb86d907fc34529e875e43a4d9c573c356cb8894bc40452b3,-0.0005058,-0.0004656,17.32377382968389,29,112,672,0.74569,1.4204209050003556,1.4204230300019844,0.7897,6bb2627b75bbf1c3cc1a35eaf5559aaeee0e0d51,112,28.0,True,672,0.286383
bbf286bbffbe97c8a2fc61c6,lhs30s2000:01,stage2,12,2,1.0,2.0,4.0,4.0,SUCCESS,True,3.393375,-0.259521,-1.544417,-3.570168,0.002244,0.0,/usr/local/bin/avl:sha256=758a9c634d7bfc26,1.5594,0.0,0.62927,False,0.0014503,0.007707834506921459,0.06536,-0.02167,-0.00035,-0.003067,2.2e-05,0.013785,-0.008656,543da140a6d0eacdb86d907fc34529e875e43a4d9c573c356cb8894bc40452b3,-0.0004082,-0.0003503,8.479683877658273,29,112,1344,0.74569,6.591034786004457,6.591037231999508,0.2824,6bb2627b75bbf1c3cc1a35eaf5559aaeee0e0d51,112,28.0,True,1344,0.286398
9186e86ef49d010aed3b9cef,lhs30s2000:01,stage2,24,2,1.0,-2.0,4.0,4.0,SUCCESS,True,3.380811,-0.26062,-1.536755,-3.568139,0.002351,0.0,/usr/local/bin/avl:sha256=758a9c634d7bfc26,1.5594,0.0,0.62927,False,0.0042852,0.010999196983191758,-0.17006,0.08536,-4.8e-05,-0.003135,-0.000115,0.014067,-0.00881,543da140a6d0eacdb86d907fc34529e875e43a4d9c573c356cb8894bc40452b3,-0.0003884,-6.821e-05,-15.461128686019023,29,112,2688,0.74569,23.482581400996423,23.482584067998687,0.6628,6bb2627b75bbf1c3cc1a35eaf5559aaeee0e0d51,112,28.0,True,2688,0.286036
a15125ac99f505d0fb66b86b,lhs30s2000:01,stage2,24,2,1.0,0.0,4.0,4.0,SUCCESS,True,3.394033,-0.260644,-1.544165,-3.571566,0.001667,0.0,/usr/local/bin/avl:sha256=758a9c634d7bfc26,1.5594,0.0,0.62927,False,0.0015335,0.007800026068809608,-0.05178,0.03157,-0.000196,-0.003142,-4.6e-05,0.014124,-0.008831,543da140a6d0eacdb86d907fc34529e875e43a4d9c573c356cb8894bc40452b3,-0.0003897,-0.0002033,-6.638439351767749,29,112,2688,0.74569,23.792711474001408,23.792715934003354,0.1714,6bb2627b75bbf1c3cc1a35eaf5559aaeee0e0d51,112,28.0,True,2688,0.286296
0fdb26884b5daed912e6ccd7,lhs30s2000:01,stage2,24,2,1.0,2.0,4.0,4.0,SUCCESS,True,3.394925,-0.259524,-1.544984,-3.572072,0.002288,0.0,/usr/local/bin/avl:sha256=758a9c634d7bfc26,1.5594,0.0,0.62927,False,0.0015223,0.007784981506792087,0.06674,-0.02237,-0.000343,-0.003142,1.4e-05,0.014137,-0.008834,543da140a6d0eacdb86d907fc34529e875e43a4d9c573c356cb8894bc40452b3,-0.00039,-0.000338,8.572916960916604,29,112,2688,0.74569,23.328753560999758,23.328755795002508,0.2831,6bb2627b75bbf1c3cc1a35eaf5559aaeee0e0d51,112,28.0,True,2688,0.286372
3ee17f2c1d1c66f3fadeec4b,lhs30s2000:01,stage2,24,2,1.0,4.0,4.0,4.0,SUCCESS,True,3.383471,-0.257203,-1.53872,-3.568894,0.004201,0.0,/usr/local/bin/avl:sha256=758a9c634d7bfc26,1.5594,0.0,0.62927,False,0.0042557,0.010774073443316505,0.18508,-0.07621,-0.00049,-0.003136,6e-05,0.014109,-0.008818,543da140a6d0eacdb86d907fc34529e875e43a4d9c573c356cb8894bc40452b3,-0.0003894,-0.0004717,17.178275326757763,29,112,2688,0.74569,23.55974184099614,23.55974375399819,0.78,6bb2627b75bbf1c3cc1a35eaf5559aaeee0e0d51,112,28.0,True,2688,0.286176
f9f0ac17dcf3c80e7a9237b6,lhs30s2000:01,stage2,48,2,1.0,-2.0,4.0,4.0,SUCCESS,True,3.381566,-0.260635,-1.537036,-3.569017,0.002356,0.0,/usr/local/bin/avl:sha256=758a9c634d7bfc26,1.5594,0.0,0.62927,False,0.0043134,0.011018417384495018,-0.16944,0.08507,-3.8e-05,-0.003167,-0.000124,0.014219,-0.00888,543da140a6d0eacdb86d907fc34529e875e43a4d9c573c356cb8894bc40452b3,-0.000368,-4.724e-05,-15.377889045883657,29,112,5376,0.74569,83.8681580160046,83.86816024899599,0.6581,6bb2627b75bbf1c3cc1a35eaf5559aaeee0e0d51,112,28.0,True,5376,0.286024
31af7bc9ddc86cb6a1aa26f3,lhs30s2000:01,stage2,48,2,1.0,0.0,4.0,4.0,SUCCESS,True,3.394803,-0.260653,-1.544431,-3.572452,0.00168,0.0,/usr/local/bin/avl:sha256=758a9c634d7bfc26,1.5594,0.0,0.62927,False,0.0015552,0.007819827222990367,-0.05114,0.03127,-0.000188,-0.003174,-5.2e-05,0.014276,-0.008901,543da140a6d0eacdb86d907fc34529e875e43a4d9c573c356cb8894bc40452b3,-0.0003692,-0.0001835,-6.539786435389251,29,112,5376,0.74569,83.20224923500064,83.2022512600015,0.1659,6bb2627b75bbf1c3cc1a35eaf5559aaeee0e0d51,112,28.0,True,5376,0.28628
243a914b3fd9c00c34d5d9a6,lhs30s2000:01,stage2,48,2,1.0,2.0,4.0,4.0,SUCCESS,True,3.395659,-0.259527,-1.545231,-3.572961,0.002308,0.0,/usr/local/bin/avl:sha256=758a9c634d7bfc26,1.5594,0.0,0.62927,False,0.0015545,0.007819523301734044,0.06741,-0.02267,-0.000339,-0.003175,1e-05,0.014291,-0.008904,543da140a6d0eacdb86d907fc34529e875e43a4d9c573c356cb8894bc40452b3,-0.0003696,-0.0003194,8.62073011343943,29,112,5376,0.74569,84.45020500999817,84.4502071349998,0.2841,6bb2627b75bbf1c3cc1a35eaf5559aaeee0e0d51,112,28.0,True,5376,0.286356
fec3bb0c2ae75755a3405f6e,lhs30s2000:02,stage2,6,2,1.0,-2.0,4.0,4.0,SUCCESS,True,3.93722,-0.31932,-1.85614,-4.54509,0.002094,0.0,/usr/local/bin/avl:sha256=758a9c634d7bfc26,2.2771,0.0,0.65443,False,0.0032193,0.009746558072318367,-0.16112,0.08659,-0.000381,-0.003301,2e-06,0.013082,-0.008743,543da140a6d0eacdb86d907fc34529e875e43a4d9c573c356cb8894bc40452b3,-0.0005835,-0.0003168,-16.530963936654118,29,112,672,1.2584,1.4057020769978408,1.405704095006513,0.6208,6bb2627b75bbf1c3cc1a35eaf5559aaeee0e0d51,112,28.0,True,672,0.30852
63974a124c5203e5370b2180,lhs30s2000:02,stage2,6,2,1.0,0.0,4.0,4.0,SUCCESS,True,3.951424,-0.319795,-1.865928,-4.553047,0.00105,0.0,/usr/local/bin/avl:sha256=758a9c634d7bfc26,2.2771,0.0,0.65443,False,0.0011451,0.007098407361663679,-0.02339,0.0216,-0.000501,-0.003312,2.8e-05,0.013138,-0.008773,543da140a6d0eacdb86d907fc34529e875e43a4d9c573c356cb8894bc40452b3,-0.0005859,-0.0004301,-3.295105339589584,29,112,672,1.2584,1.412816058997123,1.4128187140013324,0.0371,6bb2627b75bbf1c3cc1a35eaf5559aaeee0e0d51,112,28.0,True,672,0.309032
a1efe78a377ec2104479b60e,lhs30s2000:02,stage2,6,2,1.0,2.0,4.0,4.0,SUCCESS,True,3.952136,-0.319104,-1.867401,-4.556733,0.001202,0.0,/usr/local/bin/avl:sha256=758a9c634d7bfc26,2.2771,0.0,0.65443,False,0.0019722,0.008054747988116933,0.11459,-0.04359,-0.000619,-0.003317,4.8e-05,0.013158,-0.008785,543da140a6d0eacdb86d907fc34529e875e43a4d9c573c356cb8894bc40452b3,-0.000587,-0.0005428,14.226391709467903,29,112,672,1.2584,1.4183130439996603,1.4183150690005277,0.504,6bb2627b75bbf1c3cc1a35eaf5559aaeee0e0d51,112,28.0,True,672,0.309221
0c1826208a5592c20ecd5624,lhs30s2000:02,stage2,6,2,1.0,4.0,4.0,4.0,SUCCESS,True,3.939331,-0.31721,-1.860307,-4.555729,0.002477,0.0,/usr/local/bin/avl:sha256=758a9c634d7bfc26,2.2771,0.0,0.65443,False,0.0057079,0.012098224019011422,0.25236,-0.10867,-0.000737,-0.003315,6.1e-05,0.01314,-0.008777,543da140a6d0eacdb86d907fc34529e875e43a4d9c573c356cb8894bc40452b3,-0.0005866,-0.0006543,20.85925997100366,29,112,672,1.2584,1.416662653995445,1.4166652139974758,0.8494,6bb2627b75bbf1c3cc1a35eaf5559aaeee0e0d51,112,28.0,True,672,0.309047
115e7aee9da4e33756bddaae,lhs30s2000:02,stage2,12,2,1.0,2.0,4.0,4.0,SUCCESS,True,3.953331,-0.319148,-1.865957,-4.553027,0.00118,0.0,/usr/local/bin/avl:sha256=758a9c634d7bfc26,2.2771,0.0,0.65443,False,0.0021276,0.00822216672973221,0.11848,-0.04543,-0.000635,-0.003485,4.6e-05,0.013845,-0.009153,543da140a6d0eacdb86d907fc34529e875e43a4d9c573c356cb8894bc40452b3,-0.0004827,-0.0005505,14.409826982900261,29,112,1344,1.2584,6.747060920002696,6.747063162001723,0.5026,6bb2627b75bbf1c3cc1a35eaf5559aaeee0e0d51,112,28.0,True,1344,0.308888
1762a275e71299eaf2133b12,lhs30s2000:02,stage2,24,2,1.0,-2.0,4.0,4.0,SUCCESS,True,3.940129,-0.319536,-1.855117,-4.541262,0.002059,0.0,/usr/local/bin/avl:sha256=758a9c634d7bfc26,2.2771,0.0,0.65443,False,0.0032604,0.00974980984676612,-0.15595,0.08383,-0.00038,-0.003554,-2.7e-05,0.014113,-0.009295,543da140a6d0eacdb86d907fc34529e875e43a4d9c573c356cb8894bc40452b3,-0.0004609,-0.0002129,-15.99518374727344,29,112,2688,1.2584,23.749480698999832,23.74948356799723,0.5804,6bb2627b75bbf1c3cc1a35eaf5559aaeee0e0d51,112,28.0,True,2688,0.308123
e5d94abf01c46773f9d29ab7,lhs30s2000:02,stage2,24,2,1.0,0.0,4.0,4.0,SUCCESS,True,3.953779,-0.319939,-1.864605,-4.548987,0.001008,0.0,/usr/local/bin/avl:sha256=758a9c634d7bfc26,2.2771,0.0,0.65443,False,0.0012662,0.007205454239597126,-0.01813,0.01889,-0.00051,-0.003566,9e-06,0.014177,-0.009326,543da140a6d0eacdb86d907fc34529e875e43a4d9c573c356cb8894bc40452b3,-0.0004629,-0.0003776,-2.5161494885870916,29,112,2688,1.2584,23.65227250400494,23.652275369000563,0.0206,6bb2627b75bbf1c3cc1a35eaf5559aaeee0e0d51,112,28.0,True,2688,0.308629
f8dac7a7f1ce205fe2fab875,lhs30s2000:02,stage2,24,2,1.0,2.0,4.0,4.0,SUCCESS,True,3.953839,-0.319172,-1.86576,-4.552404,0.001162,0.0,/usr/local/bin/avl:sha256=758a9c634d7bfc26,2.2771,0.0,0.65443,False,0.0022054,0.00830501733844986,0.11992,-0.04624,-0.000639,-0.003571,4e-05,0.014198,-0.009338,543da140a6d0eacdb86d907fc34529e875e43a4d9c573c356cb8894bc40452b3,-0.0004639,-0.0005419,14.439464135108379,29,112,2688,1.2584,23.64908856400143,23.649090482998872,0.4987,6bb2627b75bbf1c3cc1a35eaf5559aaeee0e0d51,112,28.0,True,2688,0.308816
8ca4a792caba46b500e6d119,lhs30s2000:02,stage2,24,2,1.0,4.0,4.0,4.0,SUCCESS,True,3.940286,-0.317205,-1.858352,-4.55113,0.002442,0.0,/usr/local/bin/avl:sha256=758a9c634d7bfc26,2.2771,0.0,0.65443,False,0.0060836,0.012495751166393926,0.25774,-0.11127,-0.000767,-0.003568,6.2e-05,0.014178,-0.009328,543da140a6d0eacdb86d907fc34529e875e43a4d9c573c356cb8894bc40452b3,-0.0004636,-0.000705,20.62621098707263,29,112,2688,1.2584,24.05666792199918,24.056670259000384,0.8393,6bb2627b75bbf1c3cc1a35eaf5559aaeee0e0d51,112,28.0,True,2688,0.308648
6d1540769167c432e405acfb,lhs30s2000:02,stage2,48,2,1.0,-2.0,4.0,4.0,SUCCESS,True,3.940318,-0.31955,-1.855115,-4.541093,0.002053,0.0,/usr/local/bin/avl:sha256=758a9c634d7bfc26,2.2771,0.0,0.65443,False,0.0032721,0.009755794935626944,-0.15519,0.08345,-0.000379,-0.003593,-3.4e-05,0.014272,-0.009373,543da140a6d0eacdb86d907fc34529e875e43a4d9c573c356cb8894bc40452b3,-0.000438,-0.0001897,-15.907468435326116,29,112,5376,1.2584,84.45566352899914,84.45566650300316,0.5743,6bb2627b75bbf1c3cc1a35eaf5559aaeee0e0d51,112,28.0,True,5376,0.308108
47a5ba5a4f0158da3a5cbebd,lhs30s2000:02,stage2,48,2,1.0,0.0,4.0,4.0,SUCCESS,True,3.953943,-0.31995,-1.864585,-4.548829,0.001001,0.0,/usr/local/bin/avl:sha256=758a9c634d7bfc26,2.2771,0.0,0.65443,False,0.0012862,0.007224646606425999,-0.01737,0.0185,-0.00051,-0.003605,3e-06,0.014337,-0.009405,543da140a6d0eacdb86d907fc34529e875e43a4d9c573c356cb8894bc40452b3,-0.00044,-0.0003563,-2.4042698482373055,29,112,5376,1.2584,84.4050914890031,84.40509371900407,0.0187,6bb2627b75bbf1c3cc1a35eaf5559aaeee0e0d51,112,28.0,True,5376,0.308613
06d2c997b71630dc4cf283d7,lhs30s2000:02,stage2,48,2,1.0,2.0,4.0,4.0,SUCCESS,True,3.953953,-0.319181,-1.865718,-4.552251,0.001156,0.0,/usr/local/bin/avl:sha256=758a9c634d7bfc26,2.2771,0.0,0.65443,False,0.0022415,0.008343594900112968,0.12069,-0.04663,-0.000641,-0.00361,3.6e-05,0.01436,-0.009416,543da140a6d0eacdb86d907fc34529e875e43a4d9c573c356cb8894bc40452b3,-0.0004409,-0.0005226,14.464987987176357,29,112,5376,1.2584,84.1963277439936,84.19632987699879,0.4978,6bb2627b75bbf1c3cc1a35eaf5559aaeee0e0d51,112,28.0,True,5376,0.3088
8358dc462793beef77bf5cf2,lhs30s2000:03,stage2,6,2,1.0,-2.0,4.0,4.0,SUCCESS,True,3.400897,-0.265188,-1.411032,-3.474796,0.001809,0.0,/usr/local/bin/avl:sha256=758a9c634d7bfc26,1.8196,0.0,0.68536,False,0.0030193,0.009483452021646837,-0.13936,0.06814,-0.000151,-0.002118,6e-06,0.009211,-0.005728,543da140a6d0eacdb86d907fc34529e875e43a4d9c573c356cb8894bc40452b3,-0.0003984,-0.0001972,-14.695070917414693,28,108,648,1.069,1.300337294000201,1.300339523004368,0.6356,6bb2627b75bbf1c3cc1a35eaf5559aaeee0e0d51,108,28.0,True,648,0.284358
4167f76cb274061e12065655,lhs30s2000:03,stage2,6,2,1.0,0.0,4.0,4.0,SUCCESS,True,3.412991,-0.265277,-1.418617,-3.480082,0.000909,0.0,/usr/local/bin/avl:sha256=758a9c634d7bfc26,1.8196,0.0,0.68536,False,0.0010263,0.006931274717163253,-0.0204,0.01873,-0.000247,-0.002124,4.2e-05,0.009244,-0.005745,543da140a6d0eacdb86d907fc34529e875e43a4d9c573c356cb8894bc40452b3,-0.0003998,-0.0002667,-2.9431815693995556,28,108,648,1.069,1.3031441560015082,1.3031462780054426,0.04,6bb2627b75bbf1c3cc1a35eaf5559aaeee0e0d51,108,28.0,True,648,0.284873
6c81858c880e5e9318d3e23e,lhs30s2000:03,stage2,6,2,1.0,2.0,4.0,4.0,SUCCESS,True,3.412639,-0.264095,-1.419868,-3.482008,0.001218,0.0,/usr/local/bin/avl:sha256=758a9c634d7bfc26,1.8196,0.0,0.68536,False,0.0018045,0.007731730518602352,0.09876,-0.03083,-0.000342,-0.002125,7.5e-05,0.009249,-0.005749,543da140a6d0eacdb86d907fc34529e875e43a4d9c573c356cb8894bc40452b3,-0.0004002,-0.0003358,12.77333706372537,28,108,648,1.069,1.297861181999906,1.2978635230028885,0.5284,6bb2627b75bbf1c3cc1a35eaf5559aaeee0e0d51,108,28.0,True,648,0.285154
ec9b0f9ef124ff6df7c62a30,lhs30s2000:03,stage2,6,2,1.0,4.0,4.0,4.0,SUCCESS,True,3.39983,-0.261628,-1.414552,-3.480219,0.002777,0.0,/usr/local/bin/avl:sha256=758a9c634d7bfc26,1.8196,0.0,0.68536,False,0.0053568,0.011511552772575786,0.2177,-0.08032,-0.000436,-0.002121,0.000106,0.009226,-0.005739,543da140a6d0eacdb86d907fc34529e875e43a4d9c573c356cb8894bc40452b3,-0.0003996,-0.000404,18.91143656298317,28,108,648,1.069,1.292818319001526,1.2928203369956464,0.8702,6bb2627b75bbf1c3cc1a35eaf5559aaeee0e0d51,108,28.0,True,648,0.285156
24d46c3057c23ccee418497f,lhs30s2000:03,stage2,12,2,1.0,2.0,4.0,4.0,SUCCESS,True,3.41337,-0.264127,-1.418332,-3.478271,0.001219,0.0,/usr/local/bin/avl:sha256=758a9c634d7bfc26,1.8196,0.0,0.68536,False,0.0019554,0.00789059669746714,0.10168,-0.03191,-0.000347,-0.002227,7.8e-05,0.009719,-0.005952,543da140a6d0eacdb86d907fc34529e875e43a4d9c573c356cb8894bc40452b3,-0.0003086,-0.0003062,12.886224438848714,28,108,1296,1.069,6.4186362870023,6.41863841599843,0.5306,6bb2627b75bbf1c3cc1a35eaf5559aaeee0e0d51,108,28.0,True,1296,0.284784
704017e3a3aa7ec1112e3d14,lhs30s2000:03,stage2,24,2,1.0,-2.0,4.0,4.0,SUCCESS,True,3.403323,-0.265337,-1.409686,-3.470832,0.001805,0.0,/usr/local/bin/avl:sha256=758a9c634d7bfc26,1.8196,0.0,0.68536,False,0.0030847,0.009515861815772927,-0.13539,0.06636,-0.00014,-0.00228,-9e-06,0.009951,-0.006057,543da140a6d0eacdb86d907fc34529e875e43a4d9c573c356cb8894bc40452b3,-0.0002751,-0.0001013,-14.227823251445875,28,108,2592,1.069,22.41229301000567,22.412295242000255,0.6044,6bb2627b75bbf1c3cc1a35eaf5559aaeee0e0d51,108,28.0,True,2592,0.283884
af28623a87fd5168cb095ae7,lhs30s2000:03,stage2,24,2,1.0,0.0,4.0,4.0,SUCCESS,True,3.41493,-0.265377,-1.416987,-3.475807,0.000899,0.0,/usr/local/bin/avl:sha256=758a9c634d7bfc26,1.8196,0.0,0.68536,False,0.0011283,0.007010362733187328,-0.01636,0.017,-0.000244,-0.002286,3.6e-05,0.009987,-0.006074,543da140a6d0eacdb86d907fc34529e875e43a4d9c573c356cb8894bc40452b3,-0.0002761,-0.000194,-2.3336880875722916,28,108,2592,1.069,22.9229276929982,22.922929815002135,0.0242,6bb2627b75bbf1c3cc1a35eaf5559aaeee0e0d51,108,28.0,True,2592,0.284384
95a9dac83eceb5ed008689fe,lhs30s2000:03,stage2,24,2,1.0,2.0,4.0,4.0,SUCCESS,True,3.413796,-0.26414,-1.417956,-3.477418,0.00121,0.0,/usr/local/bin/avl:sha256=758a9c634d7bfc26,1.8196,0.0,0.68536,False,0.0020407,0.00797961491881376,0.10286,-0.03249,-0.000349,-0.002287,7.7e-05,0.009993,-0.006077,543da140a6d0eacdb86d907fc34529e875e43a4d9c573c356cb8894bc40452b3,-0.0002764,-0.0002865,12.89034634459416,28,108,2592,1.069,22.456362370001443,22.456364388999646,0.5278,6bb2627b75bbf1c3cc1a35eaf5559aaeee0e0d51,108,28.0,True,2592,0.284673
9cfd03be8332300b7927dcba,lhs30s2000:03,stage2,24,2,1.0,4.0,4.0,4.0,SUCCESS,True,3.399917,-0.261613,-1.412362,-3.47531,0.002775,0.0,/usr/local/bin/avl:sha256=758a9c634d7bfc26,1.8196,0.0,0.68536,False,0.0058221,0.011991002092294156,0.22182,-0.08191,-0.000452,-0.002283,0.000116,0.009967,-0.006067,543da140a6d0eacdb86d907fc34529e875e43a4d9c573c356cb8894bc40452b3,-0.0002761,-0.0003783,18.498870927772536,28,108,2592,1.069,22.339221991001978,22.339224331000878,0.8635,6bb2627b75bbf1c3cc1a35eaf5559aaeee0e0d51,108,28.0,True,2592,0.284708
868889eb139bb9fee6642422,lhs30s2000:03,stage2,48,2,1.0,-2.0,4.0,4.0,SUCCESS,True,3.403616,-0.265353,-1.40958,-3.470511,0.001804,0.0,/usr/local/bin/avl:sha256=758a9c634d7bfc26,1.8196,0.0,0.68536,False,0.0030933,0.009519568849610506,-0.1348,0.06608,-0.000137,-0.002307,-1.3e-05,0.010073,-0.006107,543da140a6d0eacdb86d907fc34529e875e43a4d9c573c356cb8894bc40452b3,-0.0002622,-8.791e-05,-14.160305170282513,28,108,5184,1.069,79.365511993994,79.36551411799883,0.5994,6bb2627b75bbf1c3cc1a35eaf5559aaeee0e0d51,108,28.0,True,5184,0.283838
332ee4875024d27b2324c6b4,lhs30s2000:03,stage2,48,2,1.0,0.0,4.0,4.0,SUCCESS,True,3.415189,-0.265388,-1.416856,-3.475471,0.000897,0.0,/usr/local/bin/avl:sha256=758a9c634d7bfc26,1.8196,0.0,0.68536,False,0.0011447,0.007023318983212596,-0.01575,0.01673,-0.000243,-0.002313,3.4e-05,0.01011,-0.006124,543da140a6d0eacdb86d907fc34529e875e43a4d9c573c356cb8894bc40452b3,-0.0002632,-0.0001811,-2.242529498894504,28,108,5184,1.069,79.31965511800081,79.31965735000267,0.0223,6bb2627b75bbf1c3cc1a35eaf5559aaeee0e0d51,108,28.0,True,5184,0.284336
0fa52776d915195dfa490d92,lhs30s2000:03,stage2,48,2,1.0,2.0,4.0,4.0,SUCCESS,True,3.413979,-0.264147,-1.4178,-3.477067,0.001208,0.0,/usr/local/bin/avl:sha256=758a9c634d7bfc26,1.8196,0.0,0.68536,False,0.0020786,0.008019290083829175,0.10348,-0.03276,-0.000349,-0.002314,7.6e-05,0.010116,-0.006127,543da140a6d0eacdb86d907fc34529e875e43a4d9c573c356cb8894bc40452b3,-0.0002635,-0.0002742,12.903885371183478,28,108,5184,1.069,79.68444311700296,79.6844452410005,0.5274,6bb2627b75bbf1c3cc1a35eaf5559aaeee0e0d51,108,28.0,True,5184,0.284627
832cbff2871a9645c38ae8c0,lhs30s2000:04,stage2,6,2,1.0,-2.0,4.0,4.0,SUCCESS,True,3.390047,-0.268035,-1.3697,-3.246284,0.00244,0.0,/usr/local/bin/avl:sha256=758a9c634d7bfc26,1.5227,0.0,0.58102,False,0.0050195,0.012039591772222913,-0.19307,0.08512,-0.000277,-0.002422,-1.7e-05,0.011042,-0.006501,543da140a6d0eacdb86d907fc34529e875e43a4d9c573c356cb8894bc40452b3,-0.0005036,-0.0001532,-16.036258010461825,29,112,672,0.73046,1.4276322630030336,1.427634397005022,0.7374,6bb2627b75bbf1c3cc1a35eaf5559aaeee0e0d51,112,28.0,True,672,0.234751
7b71693d2e4097159665673f,lhs30s2000:04,stage2,6,2,1.0,0.0,4.0,4.0,SUCCESS,True,3.406822,-0.267886,-1.378687,-3.251209,0.001724,0.0,/usr/local/bin/avl:sha256=758a9c634d7bfc26,1.5227,0.0,0.58102,False,0.0017511,0.008125775045047835,-0.07441,0.03713,-0.00039,-0.002429,3e-05,0.011095,-0.006524,543da140a6d0eacdb86d907fc34529e875e43a4d9c573c356cb8894bc40452b3,-0.0005057,-0.0002424,-9.157280331720278,29,112,672,0.73046,1.4080461869962164,1.4080483090001508,0.316,6bb2627b75bbf1c3cc1a35eaf5559aaeee0e0d51,112,28.0,True,672,0.235128
86b7787029ae142b004ec5de,lhs30s2000:04,stage2,6,2,1.0,2.0,4.0,4.0,SUCCESS,True,3.41115,-0.266474,-1.381724,-3.253296,0.002131,0.0,/usr/local/bin/avl:sha256=758a9c634d7bfc26,1.5227,0.0,0.58102,False,0.0012567,0.007421343842510968,0.04462,-0.01106,-0.000502,-0.002431,7.2e-05,0.011115,-0.006533,543da140a6d0eacdb86d907fc34529e875e43a4d9c573c356cb8894bc40452b3,-0.0005067,-0.0003312,6.012388180211724,29,112,672,0.73046,1.4271748979954282,1.4271769150000182,0.1582,6bb2627b75bbf1c3cc1a35eaf5559aaeee0e0d51,112,28.0,True,672,0.235347
6709dec67f7c6864c1eadc8b,lhs30s2000:04,stage2,6,2,1.0,4.0,4.0,4.0,SUCCESS,True,3.402982,-0.26377,-1.378497,-3.252096,0.003698,0.0,/usr/local/bin/avl:sha256=758a9c634d7bfc26,1.5227,0.0,0.58102,False,0.0035506,0.009951406643066957,0.16359,-0.05926,-0.000613,-0.002428,0.000107,0.011103,-0.006528,543da140a6d0eacdb86d907fc34529e875e43a4d9c573c356cb8894bc40452b3,-0.0005064,-0.0004191,16.438882046285535,29,112,672,0.73046,1.4317698899976676,1.4317721179977525,0.7455,6bb2627b75bbf1c3cc1a35eaf5559aaeee0e0d51,112,28.0,True,672,0.235361
a721553ba6adf3ee9d297fd2,lhs30s2000:04,stage2,12,2,1.0,-2.0,4.0,4.0,SUCCESS,True,3.393712,-0.268141,-1.369502,-3.246429,0.002482,0.0,/usr/local/bin/avl:sha256=758a9c634d7bfc26,1.5227,0.0,0.58102,False,0.0050133,0.011981438114575384,-0.19014,0.08401,-0.00027,-0.00254,-3e-05,0.011611,-0.00674,543da140a6d0eacdb86d907fc34529e875e43a4d9c573c356cb8894bc40452b3,-0.0003916,-5.869e-05,-15.869547393371356,29,112,1344,0.73046,6.825129992001166,6.825132117999601,0.7217,6bb2627b75bbf1c3cc1a35eaf5559aaeee0e0d51,112,28.0,True,1344,0.234464
0d6e9211122133716941b589,lhs30s2000:04,stage2,12,2,1.0,0.0,4.0,4.0,SUCCESS,True,3.410026,-0.267962,-1.378295,-3.251128,0.00178,0.0,/usr/local/bin/avl:sha256=758a9c634d7bfc26,1.5227,0.0,0.58102,False,0.0017734,0.008133510249118108,-0.07135,0.03604,-0.00039,-0.002548,2.3e-05,0.011667,-0.006763,543da140a6d0eacdb86d907fc34529e875e43a4d9c573c356cb8894bc40452b3,-0.0003933,-0.0001774,-8.772350167965456,29,112,1344,0.73046,6.932066646993917,6.93206866899709,0.2877,6bb2627b75bbf1c3cc1a35eaf5559aaeee0e0d51,112,28.0,True,1344,0.23484
83c9385956c37bd9f20d900f,lhs30s2000:04,stage2,12,2,1.0,2.0,4.0,4.0,SUCCESS,True,3.413788,-0.266521,-1.381131,-3.252977,0.002206,0.0,/usr/local/bin/avl:sha256=758a9c634d7bfc26,1.5227,0.0,0.58102,False,0.0013413,0.007514605253027238,0.04778,-0.01214,-0.000509,-0.00255,7e-05,0.011689,-0.006772,543da140a6d0eacdb86d907fc34529e875e43a4d9c573c356cb8894bc40452b3,-0.0003941,-0.0002958,6.358284752316425,29,112,1344,0.73046,6.775165971004753,6.775168093001412,0.1697,6bb2627b75bbf1c3cc1a35eaf5559aaeee0e0d51,112,28.0,True,1344,0.235064
78a66f8fa59e19d9db282746,lhs30s2000:04,stage2,12,2,1.0,4.0,4.0,4.0,SUCCESS,True,3.404954,-0.263788,-1.377699,-3.251529,0.003796,0.0,/usr/local/bin/avl:sha256=758a9c634d7bfc26,1.5227,0.0,0.58102,False,0.0037298,0.010141406721312172,0.16683,-0.06031,-0.000627,-0.002546,0.000111,0.011675,-0.006767,543da140a6d0eacdb86d907fc34529e875e43a4d9c573c356cb8894bc40452b3,-0.000394,-0.0004135,16.450380562038465,29,112,1344,0.73046,6.796258019996458,6.796260037997854,0.742,6bb2627b75bbf1c3cc1a35eaf5559aaeee0e0d51,112,28.0,True,1344,0.235088
7d8b050c3074ce31022f904f,lhs30s2000:04,stage2,24,2,1.0,-2.0,4.0,4.0,SUCCESS,True,3.395468,-0.268193,-1.36989,-3.247937,0.0025,0.0,/usr/local/bin/avl:sha256=758a9c634d7bfc26,1.5227,0.0,0.58102,False,0.0050546,0.011996619225045753,-0.18897,0.08347,-0.000266,-0.002607,-3.9e-05,0.011929,-0.006878,543da140a6d0eacdb86d907fc34529e875e43a4d9c573c356cb8894bc40452b3,-0.0003674,-2.051e-05,-15.75193781306994,29,112,2688,0.73046,24.552958462998504,24.552960708999308,0.7126,6bb2627b75bbf1c3cc1a35eaf5559aaeee0e0d51,112,28.0,True,2688,0.234409
798b3b33dd149991f11b54f7,lhs30s2000:04,stage2,24,2,1.0,0.0,4.0,4.0,SUCCESS,True,3.411697,-0.267998,-1.378615,-3.252571,0.001802,0.0,/usr/local/bin/avl:sha256=758a9c634d7bfc26,1.5227,0.0,0.58102,False,0.0018109,0.008164642220782338,-0.07012,0.03549,-0.000389,-0.002614,1.7e-05,0.011988,-0.006902,543da140a6d0eacdb86d907fc34529e875e43a4d9c573c356cb8894bc40452b3,-0.000369,-0.0001495,-8.588251402065856,29,112,2688,0.73046,24.11961692100158,24.119629804998112,0.274,6bb2627b75bbf1c3cc1a35eaf5559aaeee0e0d51,112,28.0,True,2688,0.23478
32d389f5718648b0abdeee41,lhs30s2000:04,stage2,24,2,1.0,2.0,4.0,4.0,SUCCESS,True,3.4153,-0.266542,-1.381378,-3.254346,0.002236,0.0,/usr/local/bin/avl:sha256=758a9c634d7bfc26,1.5227,0.0,0.58102,False,0.0013984,0.007575578229031292,0.04907,-0.0127,-0.000512,-0.002616,6.8e-05,0.012011,-0.006911,543da140a6d0eacdb86d907fc34529e875e43a4d9c573c356cb8894bc40452b3,-0.0003698,-0.0002783,6.477393344306433,29,112,2688,0.73046,24.29226279699651,24.292264919000445,0.1723,6bb2627b75bbf1c3cc1a35eaf5559aaeee0e0d51,112,28.0,True,2688,0.235002
10772ebd29128d42da829dc1,lhs30s2000:04,stage2,24,2,1.0,4.0,4.0,4.0,SUCCESS,True,3.406236,-0.263795,-1.377868,-3.252819,0.003835,0.0,/usr/local/bin/avl:sha256=758a9c634d7bfc26,1.5227,0.0,0.58102,False,0.0038295,0.010246159946402014,0.16816,-0.06088,-0.000633,-0.002613,0.000112,0.011996,-0.006905,543da140a6d0eacdb86d907fc34529e875e43a4d9c573c356cb8894bc40452b3,-0.0003697,-0.0004064,16.412002240805364,29,112,2688,0.73046,23.908620504000282,23.90862242499861,0.7381,6bb2627b75bbf1c3cc1a35eaf5559aaeee0e0d51,112,28.0,True,2688,0.235029
0c9cae6feda87d136d9a9af4,lhs30s2000:04,stage2,48,2,1.0,-2.0,4.0,4.0,SUCCESS,True,3.396296,-0.268215,-1.37006,-3.248651,0.002504,0.0,/usr/local/bin/avl:sha256=758a9c634d7bfc26,1.5227,0.0,0.58102,False,0.0050702,0.012001072640853108,-0.18841,0.08327,-0.000262,-0.002635,-4.5e-05,0.012062,-0.006926,543da140a6d0eacdb86d907fc34529e875e43a4d9c573c356cb8894bc40452b3,-0.000346,1.066e-06,-15.699430012499839,29,112,5376,0.73046,85.22767359199497,85.22767625200504,0.709,6bb2627b75bbf1c3cc1a35eaf5559aaeee0e0d51,112,28.0,True,5376,0.234381
6f680358b90fb9550abc1790,lhs30s2000:04,stage2,48,2,1.0,0.0,4.0,4.0,SUCCESS,True,3.412513,-0.268013,-1.378766,-3.253273,0.001812,0.0,/usr/local/bin/avl:sha256=758a9c634d7bfc26,1.5227,0.0,0.58102,False,0.0018239,0.008174600578499502,-0.06954,0.03527,-0.000388,-0.002642,1.3e-05,0.012123,-0.006949,543da140a6d0eacdb86d907fc34529e875e43a4d9c573c356cb8894bc40452b3,-0.0003476,-0.0001282,-8.506837653071546,29,112,5376,0.73046,85.04263650700159,85.0426386379986,0.2683,6bb2627b75bbf1c3cc1a35eaf5559aaeee0e0d51,112,28.0,True,5376,0.234749
921dad9e068b52d54f059e13,lhs30s2000:04,stage2,48,2,1.0,2.0,4.0,4.0,SUCCESS,True,3.416066,-0.266552,-1.381507,-3.255031,0.002251,0.0,/usr/local/bin/avl:sha256=758a9c634d7bfc26,1.5227,0.0,0.58102,False,0.0014211,0.007599941141850362,0.04968,-0.01292,-0.000512,-0.002644,6.5e-05,0.012146,-0.006958,543da140a6d0eacdb86d907fc34529e875e43a4d9c573c356cb8894bc40452b3,-0.0003483,-0.0002573,6.53689273018559,29,112,5376,0.73046,85.3766097819971,85.37661211699742,0.1741,6bb2627b75bbf1c3cc1a35eaf5559aaeee0e0d51,112,28.0,True,5376,0.234971
471a44fb64077c76a4180f45,lhs30s2000:05,stage2,6,2,1.0,-2.0,4.0,4.0,SUCCESS,True,3.638374,-0.29128,-2.441966,-6.717209,0.003969,0.0,/usr/local/bin/avl:sha256=758a9c634d7bfc26,1.7428,0.0,0.57661,False,0.0043194,0.011330795003905894,-0.19216,0.13666,-0.000315,-0.002195,6.3e-05,0.00811,-0.007508,543da140a6d0eacdb86d907fc34529e875e43a4d9c573c356cb8894bc40452b3,-0.0003481,-0.0002359,-16.959092449714216,29,112,672,0.85687,1.4206342240067897,1.4206364679994294,0.7364,6bb2627b75bbf1c3cc1a35eaf5559aaeee0e0d51,112,28.0,True,672,0.387006
0ef3ffe46d265e1edf1fea07,lhs30s2000:05,stage2,6,2,1.0,0.0,4.0,4.0,SUCCESS,True,3.655306,-0.291218,-2.455972,-6.729236,0.002344,0.0,/usr/local/bin/avl:sha256=758a9c634d7bfc26,1.7428,0.0,0.57661,False,0.0014446,0.007768252804307383,-0.06482,0.05115,-0.000385,-0.0022,8.8e-05,0.008141,-0.007529,543da140a6d0eacdb86d907fc34529e875e43a4d9c573c356cb8894bc40452b3,-0.0003494,-0.000308,-8.344218659317866,29,112,672,0.85687,1.4105341989998124,1.4105364269998972,0.2472,6bb2627b75bbf1c3cc1a35eaf5559aaeee0e0d51,112,28.0,True,672,0.387422
eabd5ff4decb18b92f89aaf9,lhs30s2000:05,stage2,6,2,1.0,2.0,4.0,4.0,SUCCESS,True,3.659628,-0.290021,-2.459276,-6.73575,0.002346,0.0,/usr/local/bin/avl:sha256=758a9c634d7bfc26,1.7428,0.0,0.57661,False,0.0012973,0.007396453389594604,0.06288,-0.03467,-0.000453,-0.002201,0.000107,0.008149,-0.007535,543da140a6d0eacdb86d907fc34529e875e43a4d9c573c356cb8894bc40452b3,-0.0003499,-0.0003796,8.501371763994369,29,112,672,0.85687,1.422380804993736,1.422382838994963,0.2485,6bb2627b75bbf1c3cc1a35eaf5559aaeee0e0d51,112,28.0,True,672,0.387485
197f6160d8c5e1281369b434,lhs30s2000:05,stage2,6,2,1.0,4.0,4.0,4.0,SUCCESS,True,3.651286,-0.287654,-2.451321,-6.735564,0.003965,0.0,/usr/local/bin/avl:sha256=758a9c634d7bfc26,1.7428,0.0,0.57661,False,0.0038933,0.01025102737795396,0.19052,-0.12041,-0.000521,-0.002197,0.00012,0.008134,-0.007524,543da140a6d0eacdb86d907fc34529e875e43a4d9c573c356cb8894bc40452b3,-0.0003495,-0.0004503,18.585454216007236,29,112,672,0.85687,1.4197432740038494,1.4197451950021787,0.774,6bb2627b75bbf1c3cc1a35eaf5559aaeee0e0d51,112,28.0,True,672,0.387114
cc1af264a69808495b0f583b,lhs30s2000:05,stage2,12,2,1.0,-2.0,4.0,4.0,SUCCESS,True,3.640447,-0.291405,-2.442558,-6.718365,0.003973,0.0,/usr/local/bin/avl:sha256=758a9c634d7bfc26,1.7428,0.0,0.57661,False,0.0044264,0.011404895320745508,-0.18979,0.13488,-0.000316,-0.002303,5.3e-05,0.008521,-0.007845,543da140a6d0eacdb86d907fc34529e875e43a4d9c573c356cb8894bc40452b3,-0.0002887,-0.0002014,-16.64109969118015,29,112,1344,0.85687,6.6810454500009655,6.681047682999633,0.7221,6bb2627b75bbf1c3cc1a35eaf5559aaeee0e0d51,112,28.0,True,1344,0.386879
28b4cbd86bc70c49a1ea4dd8,lhs30s2000:05,stage2,12,2,1.0,0.0,4.0,4.0,SUCCESS,True,3.657078,-0.29128,-2.456158,-6.729731,0.002361,0.0,/usr/local/bin/avl:sha256=758a9c634d7bfc26,1.7428,0.0,0.57661,False,0.0015228,0.007834805376577556,-0.06239,0.04935,-0.000392,-0.002308,8.4e-05,0.008554,-0.007867,543da140a6d0eacdb86d907fc34529e875e43a4d9c573c356cb8894bc40452b3,-0.0002897,-0.0003035,-7.963184406152225,29,112,1344,0.85687,6.8242675159999635,6.824269536002248,0.2248,6bb2627b75bbf1c3cc1a35eaf5559aaeee0e0d51,112,28.0,True,1344,0.387264
c7265cceb18bd2886e1d7607,lhs30s2000:05,stage2,12,2,1.0,2.0,4.0,4.0,SUCCESS,True,3.660839,-0.290008,-2.459045,-6.735561,0.002378,0.0,/usr/local/bin/avl:sha256=758a9c634d7bfc26,1.7428,0.0,0.57661,False,0.0014328,0.007537224871448915,0.06537,-0.03646,-0.000466,-0.002309,0.000109,0.008562,-0.007872,543da140a6d0eacdb86d907fc34529e875e43a4d9c573c356cb8894bc40452b3,-0.0002901,-0.0004052,8.672953389996659,29,112,1344,0.85687,6.729307029003394,6.729309266003838,0.254,6bb2627b75bbf1c3cc1a35eaf5559aaeee0e0d51,112,28.0,True,1344,0.387321
0e5d455098935b24c344c397,lhs30s2000:05,stage2,12,2,1.0,4.0,4.0,4.0,SUCCESS,True,3.651681,-0.287558,-2.450669,-6.734677,0.004013,0.0,/usr/local/bin/avl:sha256=758a9c634d7bfc26,1.7428,0.0,0.57661,False,0.0041704,0.010536189616540837,0.19303,-0.12219,-0.00054,-0.002305,0.000127,0.008545,-0.00786,543da140a6d0eacdb86d907fc34529e875e43a4d9c573c356cb8894bc40452b3,-0.0002898,-0.000506,18.32066496762367,29,112,1344,0.85687,6.77719451199664,6.77719653800159,0.7695,6bb2627b75bbf1c3cc1a35eaf5559aaeee0e0d51,112,28.0,True,1344,0.38697
a238dd72beee285b74bcac9d,lhs30s2000:05,stage2,24,2,1.0,-2.0,4.0,4.0,SUCCESS,True,3.641162,-0.291426,-2.442734,-6.718985,0.003971,0.0,/usr/local/bin/avl:sha256=758a9c634d7bfc26,1.7428,0.0,0.57661,False,0.0044922,0.011459829729176953,-0.1891,0.13428,-0.000311,-0.002349,4.3e-05,0.0087,-0.007982,543da140a6d0eacdb86d907fc34529e875e43a4d9c573c356cb8894bc40452b3,-0.000272,-0.000183,-16.50111777128308,29,112,2688,0.85687,23.904517984003178,23.904520322997996,0.7158,6bb2627b75bbf1c3cc1a35eaf5559aaeee0e0d51,112,28.0,True,2688,0.386831
8152d37be23b87db047e6d96,lhs30s2000:05,stage2,24,2,1.0,0.0,4.0,4.0,SUCCESS,True,3.657785,-0.291284,-2.456232,-6.730197,0.002362,0.0,/usr/local/bin/avl:sha256=758a9c634d7bfc26,1.7428,0.0,0.57661,False,0.0015654,0.00787366821710127,-0.06167,0.04875,-0.00039,-0.002355,7.7e-05,0.008735,-0.008004,543da140a6d0eacdb86d907fc34529e875e43a4d9c573c356cb8894bc40452b3,-0.000273,-0.0002878,-7.832435695735237,29,112,2688,0.85687,24.148755340000207,24.148757896997267,0.2168,6bb2627b75bbf1c3cc1a35eaf5559aaeee0e0d51,112,28.0,True,2688,0.387201
6eeeb220b17334864350a742,lhs30s2000:05,stage2,24,2,1.0,2.0,4.0,4.0,SUCCESS,True,3.661408,-0.289992,-2.459013,-6.735864,0.002382,0.0,/usr/local/bin/avl:sha256=758a9c634d7bfc26,1.7428,0.0,0.57661,False,0.0014947,0.007600935142143834,0.06611,-0.03707,-0.000467,-0.002356,0.000105,0.008744,-0.008009,543da140a6d0eacdb86d907fc34529e875e43a4d9c573c356cb8894bc40452b3,-0.0002734,-0.0003922,8.697614012445548,29,112,2688,0.85687,24.135496621995117,24.135498744995857,0.2537,6bb2627b75bbf1c3cc1a35eaf5559aaeee0e0d51,112,28.0,True,2688,0.387256
0334a888f90fc765b084caee,lhs30s2000:05,stage2,24,2,1.0,4.0,4.0,4.0,SUCCESS,True,3.651986,-0.28752,-2.450529,-6.734812,0.004023,0.0,/usr/local/bin/avl:sha256=758a9c634d7bfc26,1.7428,0.0,0.57661,False,0.0042938,0.010662344827694237,0.19379,-0.12279,-0.000544,-0.002351,0.000126,0.008726,-0.007996,543da140a6d0eacdb86d907fc34529e875e43a4d9c573c356cb8894bc40452b3,-0.0002731,-0.0004957,18.17517657998195,29,112,2688,0.85687,23.990531661002024,23.990533791002235,0.7663,6bb2627b75bbf1c3cc1a35eaf5559aaeee0e0d51,112,28.0,True,2688,0.386915
10b56553af2df49eda1fd480,lhs30s2000:05,stage2,48,2,1.0,-2.0,4.0,4.0,SUCCESS,True,3.641414,-0.29143,-2.442654,-6.718759,0.003969,0.0,/usr/local/bin/avl:sha256=758a9c634d7bfc26,1.7428,0.0,0.57661,False,0.0045206,0.011482333415051685,-0.18866,0.13393,-0.000308,-0.002373,3.8e-05,0.00879,-0.00805,543da140a6d0eacdb86d907fc34529e875e43a4d9c573c356cb8894bc40452b3,-0.0002614,-0.0001726,-16.430458268412057,29,112,5376,0.85687,83.95532150099461,83.95532351900329,0.7127,6bb2627b75bbf1c3cc1a35eaf5559aaeee0e0d51,112,28.0,True,5376,0.386791
c18f7df7f619c576d220c72b,lhs30s2000:05,stage2,48,2,1.0,0.0,4.0,4.0,SUCCESS,True,3.658054,-0.291284,-2.456124,-6.729958,0.002362,0.0,/usr/local/bin/avl:sha256=758a9c634d7bfc26,1.7428,0.0,0.57661,False,0.0015843,0.00789030816796022,-0.06122,0.0484,-0.000388,-0.002378,7.3e-05,0.008826,-0.008071,543da140a6d0eacdb86d907fc34529e875e43a4d9c573c356cb8894bc40452b3,-0.0002624,-0.0002789,-7.758885799745184,29,112,5376,0.85687,83.46899409700563,83.46899634400324,0.2125,6bb2627b75bbf1c3cc1a35eaf5559aaeee0e0d51,112,28.0,True,5376,0.387155
44ce3dbd5f372fa7e479142e,lhs30s2000:05,stage2,48,2,1.0,2.0,4.0,4.0,SUCCESS,True,3.661636,-0.289987,-2.458876,-6.735606,0.002385,0.0,/usr/local/bin/avl:sha256=758a9c634d7bfc26,1.7428,0.0,0.57661,False,0.0015239,0.0076311645233561095,0.06657,-0.03742,-0.000468,-0.002379,0.000103,0.008835,-0.008076,543da140a6d0eacdb86d907fc34529e875e43a4d9c573c356cb8894bc40452b3,-0.0002628,-0.0003847,8.723439233455707,29,112,5376,0.85687,83.83314941100252,83.83315154400043,0.2543,6bb2627b75bbf1c3cc1a35eaf5559aaeee0e0d51,112,28.0,True,5376,0.38721
04a07c18584386c2e7fa6416,lhs30s2000:06,stage2,6,2,1.0,-2.0,4.0,4.0,SUCCESS,True,3.933663,-0.319419,-1.805786,-4.197299,0.003646,0.0,/usr/local/bin/avl:sha256=758a9c634d7bfc26,2.2661,0.0,0.65452,False,0.0048341,0.01255580455058812,-0.23394,0.12035,-0.000367,-0.00195,9e-06,0.007581,-0.004904,543da140a6d0eacdb86d907fc34529e875e43a4d9c573c356cb8894bc40452b3,-0.0001132,-8.5e-05,-18.632019880322375,29,112,672,1.1337,1.4219777729958878,1.4219797960031428,0.7828,6bb2627b75bbf1c3cc1a35eaf5559aaeee0e0d51,112,28.0,True,672,0.300463
c2ec41e2fb108591808f0a90,lhs30s2000:06,stage2,6,2,1.0,0.0,4.0,4.0,SUCCESS,True,3.953352,-0.31926,-1.818239,-4.204295,0.002526,0.0,/usr/local/bin/avl:sha256=758a9c634d7bfc26,2.2661,0.0,0.65452,False,0.0015194,0.007972013756782597,-0.09625,0.05708,-0.000406,-0.001953,2.3e-05,0.007608,-0.004914,543da140a6d0eacdb86d907fc34529e875e43a4d9c573c356cb8894bc40452b3,-0.0001135,-0.000109,-12.07348644100249,29,112,672,1.1337,1.4075630529987393,1.407565068002441,0.4238,6bb2627b75bbf1c3cc1a35eaf5559aaeee0e0d51,112,28.0,True,672,0.301028
7252d03ce2d76dd564cbbf40,lhs30s2000:06,stage2,6,2,1.0,2.0,4.0,4.0,SUCCESS,True,3.960315,-0.318151,-1.823377,-4.208631,0.002578,0.0,/usr/local/bin/avl:sha256=758a9c634d7bfc26,2.2661,0.0,0.65452,False,0.0008501,0.006936416180522558,0.04191,-0.0065,-0.000444,-0.001953,2.7e-05,0.007614,-0.004915,543da140a6d0eacdb86d907fc34529e875e43a4d9c573c356cb8894bc40452b3,-0.0001135,-0.0001328,6.04202500387494,29,112,672,1.1337,1.4123509240016574,1.4123531610021018,0.143,6bb2627b75bbf1c3cc1a35eaf5559aaeee0e0d51,112,28.0,True,672,0.301348
33c0cf8b64b6a03f33721f87,lhs30s2000:06,stage2,6,2,1.0,4.0,4.0,4.0,SUCCESS,True,3.954475,-0.316014,-1.820431,-4.209083,0.003791,0.0,/usr/local/bin/avl:sha256=758a9c634d7bfc26,2.2661,0.0,0.65452,False,0.0028489,0.009176889032765307,0.18008,-0.07012,-0.000481,-0.001948,2e-05,0.0076,-0.004906,543da140a6d0eacdb86d907fc34529e875e43a4d9c573c356cb8894bc40452b3,-0.0001132,-0.0001562,19.623207751236784,29,112,672,1.1337,1.4147661509996396,1.4147681729955366,0.7826,6bb2627b75bbf1c3cc1a35eaf5559aaeee0e0d51,112,28.0,True,672,0.301306
0f3f18f0377ab78c8d413289,lhs30s2000:06,stage2,12,2,1.0,-2.0,4.0,4.0,SUCCESS,True,3.936034,-0.319571,-1.804963,-4.19316,0.003636,0.0,/usr/local/bin/avl:sha256=758a9c634d7bfc26,2.2661,0.0,0.65452,False,0.0048375,0.012467382071587168,-0.23048,0.11844,-0.000385,-0.002115,-2e-06,0.008228,-0.005297,543da140a6d0eacdb86d907fc34529e875e43a4d9c573c356cb8894bc40452b3,-0.0001249,-8.514e-05,-18.486639671150993,29,112,1344,1.1337,6.738656519999495,6.738658755995857,0.7661,6bb2627b75bbf1c3cc1a35eaf5559aaeee0e0d51,112,28.0,True,1344,0.300145
cdcf134dbc2ad3758e3d6794,lhs30s2000:06,stage2,12,2,1.0,0.0,4.0,4.0,SUCCESS,True,3.955393,-0.319365,-1.817198,-4.199992,0.002535,0.0,/usr/local/bin/avl:sha256=758a9c634d7bfc26,2.2661,0.0,0.65452,False,0.0015484,0.00797721120655308,-0.09271,0.0552,-0.000429,-0.002118,1.6e-05,0.008258,-0.005307,543da140a6d0eacdb86d907fc34529e875e43a4d9c573c356cb8894bc40452b3,-0.0001252,-0.0001156,-11.621856009508818,29,112,1344,1.1337,6.82703966400004,6.827041586002451,0.3884,6bb2627b75bbf1c3cc1a35eaf5559aaeee0e0d51,112,28.0,True,1344,0.300701
274acecb745ef83e2629c8ca,lhs30s2000:06,stage2,12,2,1.0,2.0,4.0,4.0,SUCCESS,True,3.961921,-0.318204,-1.822089,-4.204111,0.002613,0.0,/usr/local/bin/avl:sha256=758a9c634d7bfc26,2.2661,0.0,0.65452,False,0.0009394,0.007033362096697314,0.04551,-0.00834,-0.000472,-0.002117,2.4e-05,0.008266,-0.005308,543da140a6d0eacdb86d907fc34529e875e43a4d9c573c356cb8894bc40452b3,-0.0001252,-0.0001459,6.470589651764173,29,112,1344,1.1337,6.828134672003216,6.82813733099465,0.1541,6bb2627b75bbf1c3cc1a35eaf5559aaeee0e0d51,112,28.0,True,1344,0.301013
d7dd10d0e1d04c4c6154cd6e,lhs30s2000:06,stage2,12,2,1.0,4.0,4.0,4.0,SUCCESS,True,3.955543,-0.31601,-1.818891,-4.204332,0.003857,0.0,/usr/local/bin/avl:sha256=758a9c634d7bfc26,2.2661,0.0,0.65452,False,0.003032,0.0093721198139771,0.18373,-0.07191,-0.000514,-0.002112,2.1e-05,0.008249,-0.005298,543da140a6d0eacdb86d907fc34529e875e43a4d9c573c356cb8894bc40452b3,-0.0001249,-0.0001757,19.603889370470327,29,112,1344,1.1337,6.937599564000266,6.937601480000012,0.7758,6bb2627b75bbf1c3cc1a35eaf5559aaeee0e0d51,112,28.0,True,1344,0.300969
64b6a9b75c5474083f6f253f,lhs30s2000:06,stage2,24,2,1.0,-2.0,4.0,4.0,SUCCESS,True,3.93679,-0.319616,-1.804869,-4.191976,0.00363,0.0,/usr/local/bin/avl:sha256=758a9c634d7bfc26,2.2661,0.0,0.65452,False,0.0048785,0.012468771146021884,-0.22925,0.11762,-0.000389,-0.002193,-1.1e-05,0.008539,-0.005483,543da140a6d0eacdb86d907fc34529e875e43a4d9c573c356cb8894bc40452b3,-0.000122,-7.71e-05,-18.385933731179385,29,112,2688,1.1337,24.053568957002426,24.053571083997667,0.7577,6bb2627b75bbf1c3cc1a35eaf5559aaeee0e0d51,112,28.0,True,2688,0.300072
2641288384915b1b4b9232e6,lhs30s2000:06,stage2,24,2,1.0,0.0,4.0,4.0,SUCCESS,True,3.956125,-0.319397,-1.817042,-4.198791,0.002537,0.0,/usr/local/bin/avl:sha256=758a9c634d7bfc26,2.2661,0.0,0.65452,False,0.0015816,0.008002155460871381,-0.09145,0.05439,-0.000436,-0.002196,9e-06,0.008572,-0.005493,543da140a6d0eacdb86d907fc34529e875e43a4d9c573c356cb8894bc40452b3,-0.0001223,-0.0001112,-11.428170878105098,29,112,2688,1.1337,24.373339475998364,24.373342559003504,0.3731,6bb2627b75bbf1c3cc1a35eaf5559aaeee0e0d51,112,28.0,True,2688,0.300619
7537b40686d2fd852d6e410b,lhs30s2000:06,stage2,24,2,1.0,2.0,4.0,4.0,SUCCESS,True,3.962559,-0.318219,-1.821855,-4.202865,0.002627,0.0,/usr/local/bin/avl:sha256=758a9c634d7bfc26,2.2661,0.0,0.65452,False,0.0009877,0.007084714432452854,0.04679,-0.00915,-0.000481,-0.002196,1.9e-05,0.00858,-0.005493,543da140a6d0eacdb86d907fc34529e875e43a4d9c573c356cb8894bc40452b3,-0.0001223,-0.000145,6.604359349428354,29,112,2688,1.1337,24.023145070997998,24.02314762199967,0.1563,6bb2627b75bbf1c3cc1a35eaf5559aaeee0e0d51,112,28.0,True,2688,0.300926
b5b9d7428c6b661e7cc46af0,lhs30s2000:06,stage2,24,2,1.0,4.0,4.0,4.0,SUCCESS,True,3.956018,-0.316007,-1.818575,-4.203036,0.003883,0.0,/usr/local/bin/avl:sha256=758a9c634d7bfc26,2.2661,0.0,0.65452,False,0.0031181,0.009463139099237532,0.18504,-0.07271,-0.000525,-0.00219,1.8e-05,0.008564,-0.005483,543da140a6d0eacdb86d907fc34529e875e43a4d9c573c356cb8894bc40452b3,-0.000122,-0.0001784,19.55376519984887,29,112,2688,1.1337,23.60770949000289,23.60771163299796,0.7715,6bb2627b75bbf1c3cc1a35eaf5559aaeee0e0d51,112,28.0,True,2688,0.300881
260ece716e022f459d8a2f62,lhs30s2000:06,stage2,48,2,1.0,-2.0,4.0,4.0,SUCCESS,True,3.937018,-0.319628,-1.804837,-4.191671,0.003626,0.0,/usr/local/bin/avl:sha256=758a9c634d7bfc26,2.2661,0.0,0.65452,False,0.0048985,0.01247082626525947,-0.22863,0.11725,-0.00039,-0.002228,-1.7e-05,0.008675,-0.00556,543da140a6d0eacdb86d907fc34529e875e43a4d9c573c356cb8894bc40452b3,-0.0001147,-6.91e-05,-18.333187804636864,29,112,5376,1.1337,83.69236617199931,83.69236829400324,0.7542,6bb2627b75bbf1c3cc1a35eaf5559aaeee0e0d51,112,28.0,True,5376,0.300049
f04bbe03748547cc46e34941,lhs30s2000:06,stage2,48,2,1.0,0.0,4.0,4.0,SUCCESS,True,3.956366,-0.319406,-1.816992,-4.198497,0.002538,0.0,/usr/local/bin/avl:sha256=758a9c634d7bfc26,2.2661,0.0,0.65452,False,0.0015963,0.008012744957834977,-0.09082,0.05402,-0.000437,-0.002231,5e-06,0.008709,-0.00557,543da140a6d0eacdb86d907fc34529e875e43a4d9c573c356cb8894bc40452b3,-0.000115,-0.0001037,-11.334442875433705,29,112,5376,1.1337,84.74154015800013,84.74154218100011,0.3664,6bb2627b75bbf1c3cc1a35eaf5559aaeee0e0d51,112,28.0,True,5376,0.300593
7e2941d5cb652a4bbb716963,lhs30s2000:06,stage2,48,2,1.0,2.0,4.0,4.0,SUCCESS,True,3.962775,-0.318223,-1.82178,-4.202571,0.002633,0.0,/usr/local/bin/avl:sha256=758a9c634d7bfc26,2.2661,0.0,0.65452,False,0.0010097,0.0071081443357488994,0.04743,-0.00951,-0.000484,-0.00223,1.6e-05,0.008718,-0.005571,543da140a6d0eacdb86d907fc34529e875e43a4d9c573c356cb8894bc40452b3,-0.000115,-0.0001381,6.672627588815397,29,112,5376,1.1337,83.97262241299904,83.97262518000207,0.1578,6bb2627b75bbf1c3cc1a35eaf5559aaeee0e0d51,112,28.0,True,5376,0.300897
8b783533745230e97eacbfd5,lhs30s2000:07,stage2,6,2,1.0,-2.0,4.0,4.0,SUCCESS,True,3.809252,-0.299513,-2.082478,-5.10302,0.00206,0.0,/usr/local/bin/avl:sha256=758a9c634d7bfc26,2.027,0.0,0.64408,False,0.0041132,0.010739755204501584,-0.15914,0.09677,-0.000195,-0.002992,3.7e-05,0.012053,-0.008775,543da140a6d0eacdb86d907fc34529e875e43a4d9c573c356cb8894bc40452b3,-0.0003463,-0.0002627,-14.817842396751859,29,112,672,0.99526,1.4262787289990229,1.426280981999298,0.4662,6bb2627b75bbf1c3cc1a35eaf5559aaeee0e0d51,112,28.0,True,672,0.35211
46fc66b58fc58e3381991f81,lhs30s2000:07,stage2,6,2,1.0,0.0,4.0,4.0,SUCCESS,True,3.821663,-0.299435,-2.091582,-5.109249,0.001153,0.0,/usr/local/bin/avl:sha256=758a9c634d7bfc26,2.027,0.0,0.64408,False,0.0018432,0.008073701620509273,-0.02592,0.02389,-0.00029,-0.002996,6.7e-05,0.012078,-0.008788,543da140a6d0eacdb86d907fc34529e875e43a4d9c573c356cb8894bc40452b3,-0.000347,-0.0003438,-3.2104233248051366,29,112,672,0.99526,1.413856188999489,1.413859157000843,0.0276,6bb2627b75bbf1c3cc1a35eaf5559aaeee0e0d51,112,28.0,True,672,0.352501
2a3082f34674c4f2eea40ccd,lhs30s2000:07,stage2,6,2,1.0,2.0,4.0,4.0,SUCCESS,True,3.821376,-0.298268,-2.091571,-5.111125,0.001361,0.0,/usr/local/bin/avl:sha256=758a9c634d7bfc26,2.027,0.0,0.64408,False,0.0022621,0.008557929825833935,0.10752,-0.04915,-0.000385,-0.002994,7.4e-05,0.01207,-0.008783,543da140a6d0eacdb86d907fc34529e875e43a4d9c573c356cb8894bc40452b3,-0.0003468,-0.0004242,12.56378612446996,29,112,672,0.99526,1.4177183319989126,1.4177208940018318,0.3772,6bb2627b75bbf1c3cc1a35eaf5559aaeee0e0d51,112,28.0,True,672,0.352525
c02811338a43c161c2028173,lhs30s2000:07,stage2,6,2,1.0,4.0,4.0,4.0,SUCCESS,True,3.808378,-0.29596,-2.081762,-5.107438,0.002795,0.0,/usr/local/bin/avl:sha256=758a9c634d7bfc26,2.027,0.0,0.64408,False,0.0053734,0.01196187308825104,0.24072,-0.12201,-0.000478,-0.002985,7.8e-05,0.012029,-0.008758,543da140a6d0eacdb86d907fc34529e875e43a4d9c573c356cb8894bc40452b3,-0.0003457,-0.0005035,20.123938636034797,29,112,672,0.99526,1.4176534569996875,1.4176561109998147,0.7973,6bb2627b75bbf1c3cc1a35eaf5559aaeee0e0d51,112,28.0,True,672,0.35207
32c0bcb782ee58bdc0936656,lhs30s2000:07,stage2,12,2,1.0,-2.0,4.0,4.0,SUCCESS,True,3.810776,-0.299622,-2.082074,-5.099717,0.002065,0.0,/usr/local/bin/avl:sha256=758a9c634d7bfc26,2.027,0.0,0.64408,False,0.0041635,0.010774510257622376,-0.15591,0.09493,-0.000184,-0.003128,2.2e-05,0.012618,-0.009116,543da140a6d0eacdb86d907fc34529e875e43a4d9c573c356cb8894bc40452b3,-0.0002817,-0.0002054,-14.470263266926885,29,112,1344,0.99526,6.815372354998544,6.815374388002965,0.4484,6bb2627b75bbf1c3cc1a35eaf5559aaeee0e0d51,112,28.0,True,1344,0.351901
2c90b0c797d9282f04da42c8,lhs30s2000:07,stage2,12,2,1.0,0.0,4.0,4.0,SUCCESS,True,3.822925,-0.299503,-2.090975,-5.105801,0.001166,0.0,/usr/local/bin/avl:sha256=758a9c634d7bfc26,2.027,0.0,0.64408,False,0.0019202,0.00814764935425123,-0.02264,0.02207,-0.000286,-0.003132,5.8e-05,0.012646,-0.009129,543da140a6d0eacdb86d907fc34529e875e43a4d9c573c356cb8894bc40452b3,-0.0002822,-0.000284,-2.7787155553260328,29,112,1344,0.99526,6.866647873001057,6.866649889001565,0.0205,6bb2627b75bbf1c3cc1a35eaf5559aaeee0e0d51,112,28.0,True,1344,0.352282
6de47b47ada7bb2342598303,lhs30s2000:07,stage2,12,2,1.0,2.0,4.0,4.0,SUCCESS,True,3.822214,-0.298293,-2.090756,-5.107521,0.001384,0.0,/usr/local/bin/avl:sha256=758a9c634d7bfc26,2.027,0.0,0.64408,False,0.0024189,0.008725232109962837,0.11083,-0.05094,-0.000388,-0.00313,7.1e-05,0.012638,-0.009124,543da140a6d0eacdb86d907fc34529e875e43a4d9c573c356cb8894bc40452b3,-0.0002821,-0.000362,12.702240880612178,29,112,1344,0.99526,6.7872909550060285,6.787293187000614,0.3822,6bb2627b75bbf1c3cc1a35eaf5559aaeee0e0d51,112,28.0,True,1344,0.352311
69f9ff021b19eabe3efc697f,lhs30s2000:07,stage2,12,2,1.0,4.0,4.0,4.0,SUCCESS,True,3.808635,-0.295943,-2.080741,-5.103679,0.002829,0.0,/usr/local/bin/avl:sha256=758a9c634d7bfc26,2.027,0.0,0.64408,False,0.0056622,0.012262677478875609,0.24405,-0.12377,-0.000488,-0.003121,8e-05,0.012595,-0.009097,543da140a6d0eacdb86d907fc34529e875e43a4d9c573c356cb8894bc40452b3,-0.0002813,-0.0004391,19.90185262724348,29,112,1344,0.99526,6.900230842999008,6.900233723994461,0.7942,6bb2627b75bbf1c3cc1a35eaf5559aaeee0e0d51,112,28.0,True,1344,0.351873
cc976f92beccc31a75396388,lhs30s2000:07,stage2,24,2,1.0,-2.0,4.0,4.0,SUCCESS,True,3.811243,-0.299662,-2.082185,-5.098999,0.002062,0.0,/usr/local/bin/avl:sha256=758a9c634d7bfc26,2.027,0.0,0.64408,False,0.0042305,0.010836382434132048,-0.15458,0.09403,-0.000176,-0.003206,9e-06,0.012938,-0.009316,543da140a6d0eacdb86d907fc34529e875e43a4d9c573c356cb8894bc40452b3,-0.0002531,-0.0001769,-14.264908140664126,29,112,2688,0.99526,24.006669749003777,24.006671883995296,0.4385,6bb2627b75bbf1c3cc1a35eaf5559aaeee0e0d51,112,28.0,True,2688,0.351876
38a980706e5be7ab78c38b87,lhs30s2000:07,stage2,24,2,1.0,0.0,4.0,4.0,SUCCESS,True,3.823354,-0.299526,-2.091011,-5.105056,0.001164,0.0,/usr/local/bin/avl:sha256=758a9c634d7bfc26,2.027,0.0,0.64408,False,0.0019816,0.008209602718263412,-0.02129,0.02117,-0.000281,-0.00321,5e-05,0.012969,-0.009329,543da140a6d0eacdb86d907fc34529e875e43a4d9c573c356cb8894bc40452b3,-0.0002535,-0.0002579,-2.593304539894167,29,112,2688,0.99526,23.774054807996436,23.774057145994448,0.0177,6bb2627b75bbf1c3cc1a35eaf5559aaeee0e0d51,112,28.0,True,2688,0.352249
34854189e57091730e46b166,lhs30s2000:07,stage2,24,2,1.0,2.0,4.0,4.0,SUCCESS,True,3.822496,-0.298301,-2.090712,-5.106744,0.001384,0.0,/usr/local/bin/avl:sha256=758a9c634d7bfc26,2.027,0.0,0.64408,False,0.0025107,0.008821900934626216,0.11219,-0.05184,-0.000386,-0.003208,6.6e-05,0.012961,-0.009323,543da140a6d0eacdb86d907fc34529e875e43a4d9c573c356cb8894bc40452b3,-0.0002534,-0.0003383,12.71721376507993,29,112,2688,0.99526,24.010438651996083,24.010440783997183,0.3812,6bb2627b75bbf1c3cc1a35eaf5559aaeee0e0d51,112,28.0,True,2688,0.352277
c5e31539d795493f51e4ae0b,lhs30s2000:07,stage2,24,2,1.0,4.0,4.0,4.0,SUCCESS,True,3.808663,-0.295935,-2.080617,-5.102868,0.002831,0.0,/usr/local/bin/avl:sha256=758a9c634d7bfc26,2.027,0.0,0.64408,False,0.0058198,0.012425894568254313,0.24542,-0.12467,-0.00049,-0.003198,7.9e-05,0.012917,-0.009296,543da140a6d0eacdb86d907fc34529e875e43a4d9c573c356cb8894bc40452b3,-0.0002527,-0.0004179,19.750690676790324,29,112,2688,0.99526,24.17519543399976,24.175197667005705,0.7907,6bb2627b75bbf1c3cc1a35eaf5559aaeee0e0d51,112,28.0,True,2688,0.35185
dc8a073c55cdbe5827c440fe,lhs30s2000:07,stage2,48,2,1.0,-2.0,4.0,4.0,SUCCESS,True,3.811404,-0.299675,-2.082221,-5.098826,0.002059,0.0,/usr/local/bin/avl:sha256=758a9c634d7bfc26,2.027,0.0,0.64408,False,0.004261,0.010863931499830396,-0.1538,0.09353,-0.000172,-0.003247,3e-06,0.013108,-0.009423,543da140a6d0eacdb86d907fc34529e875e43a4d9c573c356cb8894bc40452b3,-0.0002417,-0.0001649,-14.156937569276929,29,112,5376,0.99526,84.204964372002,84.20496670700231,0.4333,6bb2627b75bbf1c3cc1a35eaf5559aaeee0e0d51,112,28.0,True,5376,0.351868
96a2f38d1d6ed817eb6c85d0,lhs30s2000:07,stage2,48,2,1.0,0.0,4.0,4.0,SUCCESS,True,3.823499,-0.299534,-2.091014,-5.104885,0.001162,0.0,/usr/local/bin/avl:sha256=758a9c634d7bfc26,2.027,0.0,0.64408,False,0.0020119,0.008239895549223853,-0.0205,0.02067,-0.000279,-0.003252,4.5e-05,0.01314,-0.009436,543da140a6d0eacdb86d907fc34529e875e43a4d9c573c356cb8894bc40452b3,-0.0002421,-0.0002474,-2.4878956143965896,29,112,5376,0.99526,84.50183034299698,84.5018329020022,0.0163,6bb2627b75bbf1c3cc1a35eaf5559aaeee0e0d51,112,28.0,True,5376,0.352236
16c06a1dac03f5345fa7894c,lhs30s2000:07,stage2,48,2,1.0,2.0,4.0,4.0,SUCCESS,True,3.822568,-0.298303,-2.090681,-5.106572,0.001383,0.0,/usr/local/bin/avl:sha256=758a9c634d7bfc26,2.027,0.0,0.64408,False,0.0025599,0.00887381770520825,0.11298,-0.05234,-0.000385,-0.003249,6.3e-05,0.013133,-0.00943,543da140a6d0eacdb86d907fc34529e875e43a4d9c573c356cb8894bc40452b3,-0.000242,-0.0003295,12.73183693346432,29,112,5376,0.99526,84.20824738800002,84.20825036300084,0.3812,6bb2627b75bbf1c3cc1a35eaf5559aaeee0e0d51,112,28.0,True,5376,0.352265
fce3b2730f322a84c9bbc28f,lhs30s2000:00,stage3,12,1,1.0,-2.0,4.0,4.0,SUCCESS,True,3.747171,-0.300527,-1.869524,-4.616102,0.002087,0.0,/usr/local/bin/avl:sha256=758a9c634d7bfc26,1.7165,0.0,0.5539,False,0.0041172,0.011510569691648272,-0.20425,0.1172,-0.000291,-0.002515,-7.8e-05,0.009806,-0.006581,543da140a6d0eacdb86d907fc34529e875e43a4d9c573c356cb8894bc40452b3,-0.0002232,-0.000153,-17.74456047542093,29,56,672,0.77939,1.4372746689987252,1.4372776379968855,0.8566,6bb2627b75bbf1c3cc1a35eaf5559aaeee0e0d51,56,28.0,True,672,0.27635
b1963963b46cfec93f3ca3d0,lhs30s2000:00,stage3,12,1,1.0,0.0,4.0,4.0,SUCCESS,True,3.764011,-0.300599,-1.880961,-4.622423,0.001542,0.0,/usr/local/bin/avl:sha256=758a9c634d7bfc26,1.7165,0.0,0.5539,False,0.0009914,0.007383197803966129,-0.07312,0.05172,-0.000387,-0.002523,-3.7e-05,0.009862,-0.006606,543da140a6d0eacdb86d907fc34529e875e43a4d9c573c356cb8894bc40452b3,-0.0002243,-0.0002153,-9.903567795613057,29,56,672,0.77939,1.2833904459985206,1.2833936480019474,0.452,6bb2627b75bbf1c3cc1a35eaf5559aaeee0e0d51,56,28.0,True,672,0.276797
c1034c57763264cf42d5c9d8,lhs30s2000:00,stage3,12,1,1.0,2.0,4.0,4.0,SUCCESS,True,3.767686,-0.299502,-1.884398,-4.625051,0.00208,0.0,/usr/local/bin/avl:sha256=758a9c634d7bfc26,1.7165,0.0,0.5539,False,0.000735,0.0069678836533949035,0.05837,-0.01402,-0.000482,-0.002527,-2e-06,0.00989,-0.006618,543da140a6d0eacdb86d907fc34529e875e43a4d9c573c356cb8894bc40452b3,-0.0002247,-0.0002772,8.377005544798509,29,56,672,0.77939,1.2846336369984783,1.28463693500089,0.3722,6bb2627b75bbf1c3cc1a35eaf5559aaeee0e0d51,56,28.0,True,672,0.277032
2e27141065f7af04f8601be2,lhs30s2000:00,stage3,12,1,1.0,4.0,4.0,4.0,SUCCESS,True,3.758152,-0.297185,-1.879426,-4.623315,0.00363,0.0,/usr/local/bin/avl:sha256=758a9c634d7bfc26,1.7165,0.0,0.5539,False,0.0033607,0.009862388325398715,0.18976,-0.07974,-0.000577,-0.002526,1.8e-05,0.009888,-0.006616,543da140a6d0eacdb86d907fc34529e875e43a4d9c573c356cb8894bc40452b3,-0.0002247,-0.0003384,19.240775534188717,29,56,672,0.77939,1.3029635929997312,1.302967419003835,0.8826,6bb2627b75bbf1c3cc1a35eaf5559aaeee0e0d51,56,28.0,True,672,0.277002
c9fdab9203c3e771283c530e,lhs30s2000:00,stage3,12,4,1.0,2.0,4.0,4.0,SUCCESS,True,3.742471,-0.293629,-1.869313,-4.600422,0.002077,0.0,/usr/local/bin/avl:sha256=758a9c634d7bfc26,1.7165,0.0,0.5539,False,0.0007253,0.006999368868167095,0.05796,-0.01376,-0.000477,-0.002491,-1e-06,0.009791,-0.006561,543da140a6d0eacdb86d907fc34529e875e43a4d9c573c356cb8894bc40452b3,-0.0002222,-0.0002746,8.280746606111904,29,224,2688,0.77939,22.988932422995276,22.988935726003547,0.3703,6bb2627b75bbf1c3cc1a35eaf5559aaeee0e0d51,224,28.0,True,2688,0.276666
06c3953826f13cf9d09ebe41,lhs30s2000:00,stage3,12,8,1.0,-2.0,4.0,4.0,SUCCESS,True,3.716917,-0.29358,-1.85153,-4.586487,0.002062,0.0,/usr/local/bin/avl:sha256=758a9c634d7bfc26,1.7165,0.0,0.5539,False,0.0040562,0.011436420377533865,-0.20266,0.11628,-0.000289,-0.002473,-7.6e-05,0.009696,-0.006519,543da140a6d0eacdb86d907fc34529e875e43a4d9c573c356cb8894bc40452b3,-0.0002204,-0.000152,-17.72057980643252,29,448,5376,0.77939,83.24047791500197,83.24048195900104,0.8439,6bb2627b75bbf1c3cc1a35eaf5559aaeee0e0d51,448,28.0,True,5376,0.275918
5fc5133152b6a3f38f2c1809,lhs30s2000:00,stage3,12,8,1.0,0.0,4.0,4.0,SUCCESS,True,3.734097,-0.293675,-1.863081,-4.593197,0.001536,0.0,/usr/local/bin/avl:sha256=758a9c634d7bfc26,1.7165,0.0,0.5539,False,0.0009671,0.0073855041996487925,-0.07258,0.05142,-0.000383,-0.002482,-3.5e-05,0.009752,-0.006543,543da140a6d0eacdb86d907fc34529e875e43a4d9c573c356cb8894bc40452b3,-0.0002214,-0.0002134,-9.827358842129078,29,448,5376,0.77939,82.2137729810056,82.21377564300201,0.448,6bb2627b75bbf1c3cc1a35eaf5559aaeee0e0d51,448,28.0,True,5376,0.276362
34abfcbbb3f94bd172f722ab,lhs30s2000:00,stage3,12,8,1.0,2.0,4.0,4.0,SUCCESS,True,3.738223,-0.292628,-1.866735,-4.596276,0.002074,0.0,/usr/local/bin/avl:sha256=758a9c634d7bfc26,1.7165,0.0,0.5539,False,0.0007229,0.007010138275847186,0.05787,-0.0137,-0.000477,-0.002486,-1e-06,0.00978,-0.006555,543da140a6d0eacdb86d907fc34529e875e43a4d9c573c356cb8894bc40452b3,-0.0002219,-0.0002743,8.255186662920186,29,448,5376,0.77939,82.39570259999891,82.39570567999908,0.3702,6bb2627b75bbf1c3cc1a35eaf5559aaeee0e0d51,448,28.0,True,5376,0.276598
21b638f0f101affb873e4c2f,lhs30s2000:00,stage3,12,8,1.0,4.0,4.0,4.0,SUCCESS,True,3.729245,-0.290392,-1.86205,-4.595004,0.003635,0.0,/usr/local/bin/avl:sha256=758a9c634d7bfc26,1.7165,0.0,0.5539,False,0.0033379,0.009892727933332464,0.18824,-0.0788,-0.000569,-0.002484,2e-05,0.009779,-0.006554,543da140a6d0eacdb86d907fc34529e875e43a4d9c573c356cb8894bc40452b3,-0.0002218,-0.0003346,19.028118560275566,29,448,5376,0.77939,82.71664186399721,82.71664409499499,0.8716,6bb2627b75bbf1c3cc1a35eaf5559aaeee0e0d51,448,28.0,True,5376,0.276568
a3159da1ae8ec84021d4c0af,lhs30s2000:01,stage3,12,1,1.0,-2.0,4.0,4.0,SUCCESS,True,3.396531,-0.264123,-1.546002,-3.584873,0.002357,0.0,/usr/local/bin/avl:sha256=758a9c634d7bfc26,1.5594,0.0,0.62927,False,0.0042658,0.01106951182844837,-0.1722,0.08651,-6.6e-05,-0.003077,-0.0001,0.01376,-0.008653,543da140a6d0eacdb86d907fc34529e875e43a4d9c573c356cb8894bc40452b3,-0.0004082,-9.937e-05,-15.556241564099537,29,56,672,0.74569,1.331554682001297,1.3315570149934501,0.6787,6bb2627b75bbf1c3cc1a35eaf5559aaeee0e0d51,56,28.0,True,672,0.286425
13b8241f08e7e80b4223fc18,lhs30s2000:01,stage3,12,1,1.0,0.0,4.0,4.0,SUCCESS,True,3.409803,-0.264161,-1.553463,-3.588257,0.001658,0.0,/usr/local/bin/avl:sha256=758a9c634d7bfc26,1.5594,0.0,0.62927,False,0.0014974,0.007803044295516833,-0.05337,0.03239,-0.000209,-0.003083,-3.5e-05,0.013813,-0.008674,543da140a6d0eacdb86d907fc34529e875e43a4d9c573c356cb8894bc40452b3,-0.0004095,-0.0002268,-6.839638220516478,29,56,672,0.74569,1.294805022997025,1.2948075820022495,0.185,6bb2627b75bbf1c3cc1a35eaf5559aaeee0e0d51,56,28.0,True,672,0.286687
dac8d3e50a8505feae6603af,lhs30s2000:01,stage3,12,1,1.0,2.0,4.0,4.0,SUCCESS,True,3.410779,-0.263039,-1.554311,-3.588734,0.002261,0.0,/usr/local/bin/avl:sha256=758a9c634d7bfc26,1.5594,0.0,0.62927,False,0.0014516,0.007742109575029055,0.06571,-0.02187,-0.000351,-0.003084,2.1e-05,0.013826,-0.008677,543da140a6d0eacdb86d907fc34529e875e43a4d9c573c356cb8894bc40452b3,-0.0004098,-0.0003538,8.487350813522088,29,56,672,0.74569,1.2813600700028474,1.2813628330040956,0.2844,6bb2627b75bbf1c3cc1a35eaf5559aaeee0e0d51,56,28.0,True,672,0.286762
000cc879c3793b406e0d6d29,lhs30s2000:01,stage3,12,1,1.0,4.0,4.0,4.0,SUCCESS,True,3.399444,-0.260698,-1.548038,-3.58552,0.004155,0.0,/usr/local/bin/avl:sha256=758a9c634d7bfc26,1.5594,0.0,0.62927,False,0.0041326,0.010672560411028851,0.1846,-0.07603,-0.000493,-0.003078,6.2e-05,0.013798,-0.008661,543da140a6d0eacdb86d907fc34529e875e43a4d9c573c356cb8894bc40452b3,-0.0004092,-0.0004797,17.29669291065688,29,56,672,0.74569,1.2981356689997483,1.298137598001631,0.7914,6bb2627b75bbf1c3cc1a35eaf5559aaeee0e0d51,56,28.0,True,672,0.286557
4831c69c37e606ff35f2424f,lhs30s2000:01,stage3,12,4,1.0,2.0,4.0,4.0,SUCCESS,True,3.384606,-0.257716,-1.539375,-3.560885,0.00223,0.0,/usr/local/bin/avl:sha256=758a9c634d7bfc26,1.5594,0.0,0.62927,False,0.0014485,0.007699515769312453,0.06514,-0.02154,-0.00035,-0.003061,2.2e-05,0.013771,-0.008649,543da140a6d0eacdb86d907fc34529e875e43a4d9c573c356cb8894bc40452b3,-0.0004076,-0.0003489,8.460272301749807,29,224,2688,0.74569,23.138826007001626,23.13882802399894,0.2814,6bb2627b75bbf1c3cc1a35eaf5559aaeee0e0d51,224,28.0,True,2688,0.286202
0d6dc918e4edd6a62db9b814,lhs30s2000:01,stage3,12,8,1.0,-2.0,4.0,4.0,SUCCESS,True,3.365749,-0.257824,-1.528368,-3.55209,0.002285,0.0,/usr/local/bin/avl:sha256=758a9c634d7bfc26,1.5594,0.0,0.62927,False,0.0042067,0.010932260895720875,-0.17076,0.08569,-6.7e-05,-0.00305,-9.7e-05,0.013697,-0.008621,543da140a6d0eacdb86d907fc34529e875e43a4d9c573c356cb8894bc40452b3,-0.0004056,-9.743e-05,-15.619824812892928,29,448,5376,0.74569,82.6825607090068,82.6825627319995,0.6711,6bb2627b75bbf1c3cc1a35eaf5559aaeee0e0d51,448,28.0,True,5376,0.285748
9981394f36da1b56df2c8201,lhs30s2000:01,stage3,12,8,1.0,0.0,4.0,4.0,SUCCESS,True,3.37909,-0.257876,-1.535887,-3.555658,0.001598,0.0,/usr/local/bin/avl:sha256=758a9c634d7bfc26,1.5594,0.0,0.62927,False,0.0014742,0.007735662123497566,-0.05301,0.03219,-0.000209,-0.003056,-3.3e-05,0.013751,-0.008642,543da140a6d0eacdb86d907fc34529e875e43a4d9c573c356cb8894bc40452b3,-0.000407,-0.000223,-6.852677786815268,29,448,5376,0.74569,82.73851488299988,82.7385170109992,0.1845,6bb2627b75bbf1c3cc1a35eaf5559aaeee0e0d51,448,28.0,True,5376,0.28602
541bd9eda988631f2acb8b11,lhs30s2000:01,stage3,12,8,1.0,2.0,4.0,4.0,SUCCESS,True,3.380224,-0.256804,-1.536852,-3.556319,0.002216,0.0,/usr/local/bin/avl:sha256=758a9c634d7bfc26,1.5594,0.0,0.62927,False,0.0014474,0.007696978187219211,0.065,-0.02146,-0.00035,-0.003057,2.2e-05,0.013764,-0.008646,543da140a6d0eacdb86d907fc34529e875e43a4d9c573c356cb8894bc40452b3,-0.0004073,-0.0003481,8.444872574529592,29,448,5376,0.74569,82.57032110699947,82.57032356600394,0.2808,6bb2627b75bbf1c3cc1a35eaf5559aaeee0e0d51,448,28.0,True,5376,0.286104
7d19cab5f6ef58fc152841e1,lhs30s2000:01,stage3,12,8,1.0,4.0,4.0,4.0,SUCCESS,True,3.369133,-0.254552,-1.530771,-3.553313,0.004126,0.0,/usr/local/bin/avl:sha256=758a9c634d7bfc26,1.5594,0.0,0.62927,False,0.0041311,0.010634639968970197,0.18283,-0.07502,-0.00049,-0.003051,6.3e-05,0.013737,-0.00863,543da140a6d0eacdb86d907fc34529e875e43a4d9c573c356cb8894bc40452b3,-0.0004067,-0.0004721,17.19193132381183,29,448,5376,0.74569,82.83380626000144,82.83380828100053,0.7792,6bb2627b75bbf1c3cc1a35eaf5559aaeee0e0d51,448,28.0,True,5376,0.28591
dac08606ed043814303b8caa,lhs30s2000:02,stage3,12,1,1.0,-2.0,4.0,4.0,SUCCESS,True,3.95653,-0.323598,-1.864766,-4.557963,0.002046,0.0,/usr/local/bin/avl:sha256=758a9c634d7bfc26,2.2771,0.0,0.65443,False,0.0032471,0.00981649617065089,-0.15846,0.08531,-0.00039,-0.003492,-1.7e-05,0.013803,-0.009129,543da140a6d0eacdb86d907fc34529e875e43a4d9c573c356cb8894bc40452b3,-0.0004811,-0.0002409,-16.142215842120905,29,56,672,1.2584,1.3466306799964514,1.3466337579957326,0.6013,6bb2627b75bbf1c3cc1a35eaf5559aaeee0e0d51,56,28.0,True,672,0.308441
88de16e9de1a55a476d83e2a,lhs30s2000:02,stage3,12,1,1.0,0.0,4.0,4.0,SUCCESS,True,3.970254,-0.323991,-1.874271,-4.565535,0.001034,0.0,/usr/local/bin/avl:sha256=758a9c634d7bfc26,2.2771,0.0,0.65443,False,0.0012198,0.0072148153874190294,-0.02007,0.02003,-0.000517,-0.003504,1.7e-05,0.013863,-0.009159,543da140a6d0eacdb86d907fc34529e875e43a4d9c573c356cb8894bc40452b3,-0.0004832,-0.0003977,-2.7817759599223346,29,56,672,1.2584,1.2850072900037048,1.2850090969950543,0.0258,6bb2627b75bbf1c3cc1a35eaf5559aaeee0e0d51,56,28.0,True,672,0.308942
a658b5b7bd1dc45a0bcdc1f6,lhs30s2000:02,stage3,12,1,1.0,2.0,4.0,4.0,SUCCESS,True,3.970397,-0.323206,-1.875474,-4.568904,0.001188,0.0,/usr/local/bin/avl:sha256=758a9c634d7bfc26,2.2771,0.0,0.65443,False,0.0021156,0.008257708011273828,0.11856,-0.04544,-0.000644,-0.003508,4.5e-05,0.013884,-0.009171,543da140a6d0eacdb86d907fc34529e875e43a4d9c573c356cb8894bc40452b3,-0.0004841,-0.0005541,14.357494820370988,29,56,672,1.2584,1.295149206998758,1.2951517829933437,0.5027,6bb2627b75bbf1c3cc1a35eaf5559aaeee0e0d51,56,28.0,True,672,0.309129
533a282ac864f0b73df505cb,lhs30s2000:02,stage3,12,1,1.0,4.0,4.0,4.0,SUCCESS,True,3.956939,-0.321206,-1.868083,-4.567589,0.002454,0.0,/usr/local/bin/avl:sha256=758a9c634d7bfc26,2.2771,0.0,0.65443,False,0.0059403,0.012381600254609583,0.25696,-0.1108,-0.000768,-0.003505,6.4e-05,0.013865,-0.009162,543da140a6d0eacdb86d907fc34529e875e43a4d9c573c356cb8894bc40452b3,-0.0004839,-0.0007092,20.753375550493615,29,56,672,1.2584,1.2942726710025454,1.2942745809996268,0.8478,6bb2627b75bbf1c3cc1a35eaf5559aaeee0e0d51,56,28.0,True,672,0.308958
76f6c71d45393f6bea59dfe0,lhs30s2000:02,stage3,12,4,1.0,2.0,4.0,4.0,SUCCESS,True,3.944583,-0.317071,-1.861064,-4.544869,0.001176,0.0,/usr/local/bin/avl:sha256=758a9c634d7bfc26,2.2771,0.0,0.65443,False,0.0021329,0.008229969287403924,0.11843,-0.04542,-0.000631,-0.003475,4.6e-05,0.013831,-0.009148,543da140a6d0eacdb86d907fc34529e875e43a4d9c573c356cb8894bc40452b3,-0.000482,-0.000549,14.390090152737102,29,224,2688,1.2584,23.430118970994954,23.430121416000475,0.5025,6bb2627b75bbf1c3cc1a35eaf5559aaeee0e0d51,224,28.0,True,2688,0.308761
8425665bb4337c0065f9c13f,lhs30s2000:02,stage3,12,8,1.0,-2.0,4.0,4.0,SUCCESS,True,3.925792,-0.31625,-1.847661,-4.529166,0.002013,0.0,/usr/local/bin/avl:sha256=758a9c634d7bfc26,2.2771,0.0,0.65443,False,0.0032134,0.009713277277867482,-0.15649,0.08416,-0.000379,-0.003454,-1.5e-05,0.013745,-0.009104,543da140a6d0eacdb86d907fc34529e875e43a4d9c573c356cb8894bc40452b3,-0.0004786,-0.0002392,-16.110937176330342,29,448,5376,1.2584,82.66764765800326,82.66764979499567,0.588,6bb2627b75bbf1c3cc1a35eaf5559aaeee0e0d51,448,28.0,True,5376,0.308005
ecea2ac97dcbf4d60b2ef8a5,lhs30s2000:02,stage3,12,8,1.0,0.0,4.0,4.0,SUCCESS,True,3.939767,-0.316719,-1.85726,-4.537083,0.001012,0.0,/usr/local/bin/avl:sha256=758a9c634d7bfc26,2.2771,0.0,0.65443,False,0.0012146,0.007161180039130429,-0.01917,0.01947,-0.000505,-0.003466,1.8e-05,0.013806,-0.009135,543da140a6d0eacdb86d907fc34529e875e43a4d9c573c356cb8894bc40452b3,-0.0004808,-0.0003939,-2.6769331165046064,29,448,5376,1.2584,82.52992885200365,82.5299317320023,0.0238,6bb2627b75bbf1c3cc1a35eaf5559aaeee0e0d51,448,28.0,True,5376,0.308507
bd184188960574d5ccb6846e,lhs30s2000:02,stage3,12,8,1.0,2.0,4.0,4.0,SUCCESS,True,3.94021,-0.316032,-1.858622,-4.540809,0.001173,0.0,/usr/local/bin/avl:sha256=758a9c634d7bfc26,2.2771,0.0,0.65443,False,0.0021352,0.008236323249808185,0.1184,-0.04541,-0.000629,-0.003471,4.5e-05,0.013827,-0.009147,543da140a6d0eacdb86d907fc34529e875e43a4d9c573c356cb8894bc40452b3,-0.0004817,-0.0005482,14.37534642690929,29,448,5376,1.2584,82.74730485799955,82.74730740599625,0.5025,6bb2627b75bbf1c3cc1a35eaf5559aaeee0e0d51,448,28.0,True,5376,0.308699
2490ebc568dcdaa0b305833f,lhs30s2000:02,stage3,12,8,1.0,4.0,4.0,4.0,SUCCESS,True,3.927096,-0.314158,-1.851446,-4.539844,0.002465,0.0,/usr/local/bin/avl:sha256=758a9c634d7bfc26,2.2771,0.0,0.65443,False,0.0059819,0.012394905417695265,0.25574,-0.11018,-0.000753,-0.003469,6.4e-05,0.013808,-0.009138,543da140a6d0eacdb86d907fc34529e875e43a4d9c573c356cb8894bc40452b3,-0.0004815,-0.0007013,20.63267055147508,29,448,5376,1.2584,82.6113317920026,82.61133381300169,0.8402,6bb2627b75bbf1c3cc1a35eaf5559aaeee0e0d51,448,28.0,True,5376,0.308534
602ab5776c15b07feb9233f0,lhs30s2000:03,stage3,12,1,1.0,-2.0,4.0,4.0,SUCCESS,True,3.432147,-0.26901,-1.423785,-3.496977,0.001816,0.0,/usr/local/bin/avl:sha256=758a9c634d7bfc26,1.8196,0.0,0.68536,False,0.0030684,0.009460274658525097,-0.13728,0.06735,-0.000146,-0.002245,-3e-06,0.009729,-0.00595,543da140a6d0eacdb86d907fc34529e875e43a4d9c573c356cb8894bc40452b3,-0.0003107,-0.0001446,-14.511206593382632,28,54,648,1.069,1.231921810998756,1.2319243650053977,0.6187,6bb2627b75bbf1c3cc1a35eaf5559aaeee0e0d51,54,28.0,True,648,0.284315
38abdeb7de47de01427cbe53,lhs30s2000:03,stage3,12,1,1.0,0.0,4.0,4.0,SUCCESS,True,3.443805,-0.26905,-1.431177,-3.501983,0.0009,0.0,/usr/local/bin/avl:sha256=758a9c634d7bfc26,1.8196,0.0,0.68536,False,0.0010966,0.006934128389452142,-0.01724,0.0175,-0.000249,-0.002251,4e-05,0.009764,-0.005966,543da140a6d0eacdb86d907fc34529e875e43a4d9c573c356cb8894bc40452b3,-0.0003118,-0.0002309,-2.4862533589981757,28,54,648,1.069,1.2210436249952181,1.2210460640053498,0.0273,6bb2627b75bbf1c3cc1a35eaf5559aaeee0e0d51,54,28.0,True,648,0.284824
00902f60c830a5d83fbd77d2,lhs30s2000:03,stage3,12,1,1.0,2.0,4.0,4.0,SUCCESS,True,3.442739,-0.267798,-1.432185,-3.50362,0.001194,0.0,/usr/local/bin/avl:sha256=758a9c634d7bfc26,1.8196,0.0,0.68536,False,0.0019764,0.00787750943821612,0.10299,-0.03249,-0.000351,-0.002252,7.8e-05,0.009769,-0.00597,543da140a6d0eacdb86d907fc34529e875e43a4d9c573c356cb8894bc40452b3,-0.0003121,-0.000317,13.073929115256297,28,54,648,1.069,1.2219007819949184,1.2219029069965472,0.5396,6bb2627b75bbf1c3cc1a35eaf5559aaeee0e0d51,54,28.0,True,648,0.285113
dcc512bba2aefb912802de6d,lhs30s2000:03,stage3,12,1,1.0,4.0,4.0,4.0,SUCCESS,True,3.428943,-0.265238,-1.42657,-3.501519,0.002733,0.0,/usr/local/bin/avl:sha256=758a9c634d7bfc26,1.8196,0.0,0.68536,False,0.0057082,0.011854640378874903,0.22296,-0.0824,-0.000453,-0.002247,0.000114,0.009744,-0.00596,543da140a6d0eacdb86d907fc34529e875e43a4d9c573c356cb8894bc40452b3,-0.0003117,-0.0004022,18.807824857961705,28,54,648,1.069,1.2238446609990206,1.2238467869974556,0.8807,6bb2627b75bbf1c3cc1a35eaf5559aaeee0e0d51,54,28.0,True,648,0.285138
d4cad460d83590fba424eaea,lhs30s2000:03,stage3,12,4,1.0,2.0,4.0,4.0,SUCCESS,True,3.398757,-0.262244,-1.411276,-3.465566,0.001234,0.0,/usr/local/bin/avl:sha256=758a9c634d7bfc26,1.8196,0.0,0.68536,False,0.0019379,0.007875601010885722,0.10094,-0.03156,-0.000346,-0.002215,7.7e-05,0.009696,-0.005943,543da140a6d0eacdb86d907fc34529e875e43a4d9c573c356cb8894bc40452b3,-0.0003066,-0.0003005,12.816799614464964,28,216,2592,1.069,22.002240227993752,22.002242139998998,0.5265,6bb2627b75bbf1c3cc1a35eaf5559aaeee0e0d51,216,28.0,True,2592,0.284586
6c614f32414871193facafae,lhs30s2000:03,stage3,12,8,1.0,-2.0,4.0,4.0,SUCCESS,True,3.380233,-0.2624,-1.399127,-3.452198,0.001795,0.0,/usr/local/bin/avl:sha256=758a9c634d7bfc26,1.8196,0.0,0.68536,False,0.0030344,0.009481884749517312,-0.13614,0.06676,-0.000144,-0.002202,-2e-06,0.009642,-0.005916,543da140a6d0eacdb86d907fc34529e875e43a4d9c573c356cb8894bc40452b3,-0.000304,-0.0001294,-14.357904952064557,28,432,5184,1.069,77.69620581100025,77.6962082530008,0.6162,6bb2627b75bbf1c3cc1a35eaf5559aaeee0e0d51,432,28.0,True,5184,0.283682
374e1b0d2f55525e2e737a97,lhs30s2000:03,stage3,12,8,1.0,0.0,4.0,4.0,SUCCESS,True,3.39217,-0.262478,-1.406572,-3.457399,0.000908,0.0,/usr/local/bin/avl:sha256=758a9c634d7bfc26,1.8196,0.0,0.68536,False,0.0010693,0.006968600147597832,-0.0179,0.01778,-0.000245,-0.002208,3.9e-05,0.009677,-0.005933,543da140a6d0eacdb86d907fc34529e875e43a4d9c573c356cb8894bc40452b3,-0.0003051,-0.0002136,-2.5686651007190253,28,432,5184,1.069,77.30514229700202,77.30514548200154,0.0303,6bb2627b75bbf1c3cc1a35eaf5559aaeee0e0d51,432,28.0,True,5184,0.284188
7913a622eb3dc60e9d5e1e54,lhs30s2000:03,stage3,12,8,1.0,2.0,4.0,4.0,SUCCESS,True,3.39153,-0.261298,-1.407727,-3.459246,0.00124,0.0,/usr/local/bin/avl:sha256=758a9c634d7bfc26,1.8196,0.0,0.68536,False,0.0019272,0.007869714696021515,0.10053,-0.03136,-0.000345,-0.002209,7.7e-05,0.009682,-0.005937,543da140a6d0eacdb86d907fc34529e875e43a4d9c573c356cb8894bc40452b3,-0.0003054,-0.0002974,12.774287745249813,28,432,5184,1.069,78.02674762000242,78.02674985199701,0.5246,6bb2627b75bbf1c3cc1a35eaf5559aaeee0e0d51,432,28.0,True,5184,0.284475
ffd6fce949141a3961e19df8,lhs30s2000:03,stage3,12,8,1.0,4.0,4.0,4.0,SUCCESS,True,3.378306,-0.258846,-1.402366,-3.457392,0.002827,0.0,/usr/local/bin/avl:sha256=758a9c634d7bfc26,1.8196,0.0,0.68536,False,0.0056102,0.01178225113394394,0.21872,-0.08042,-0.000444,-0.002205,0.000112,0.009658,-0.005927,543da140a6d0eacdb86d907fc34529e875e43a4d9c573c356cb8894bc40452b3,-0.000305,-0.0003806,18.563515368458,28,432,5184,1.069,77.41267124300066,77.41267326199886,0.8567,6bb2627b75bbf1c3cc1a35eaf5559aaeee0e0d51,432,28.0,True,5184,0.284501
a2172ec8697dd670d1020683,lhs30s2000:04,stage3,12,1,1.0,-2.0,4.0,4.0,SUCCESS,True,3.413473,-0.272043,-1.378708,-3.26204,0.002495,0.0,/usr/local/bin/avl:sha256=758a9c634d7bfc26,1.5227,0.0,0.58102,False,0.0050483,0.012134532755026448,-0.19099,0.08441,-0.00027,-0.002551,-3.1e-05,0.011629,-0.006744,543da140a6d0eacdb86d907fc34529e875e43a4d9c573c356cb8894bc40452b3,-0.0003936,-6.136e-05,-15.739378174317164,29,56,672,0.73046,1.3450454300036654,1.3450486199944862,0.7258,6bb2627b75bbf1c3cc1a35eaf5559aaeee0e0d51,56,28.0,True,672,0.234673
4d9fe03e6c95f9b8654c5d74,lhs30s2000:04,stage3,12,1,1.0,0.0,4.0,4.0,SUCCESS,True,3.429743,-0.27186,-1.38749,-3.266655,0.001791,0.0,/usr/local/bin/avl:sha256=758a9c634d7bfc26,1.5227,0.0,0.58102,False,0.0017899,0.008226140020267414,-0.07152,0.03612,-0.00039,-0.002558,2.3e-05,0.011685,-0.006767,543da140a6d0eacdb86d907fc34529e875e43a4d9c573c356cb8894bc40452b3,-0.0003953,-0.000181,-8.694235671139845,29,56,672,0.73046,1.2859536469986779,1.2859557800038601,0.2869,6bb2627b75bbf1c3cc1a35eaf5559aaeee0e0d51,56,28.0,True,672,0.235048
0343d8762b837a9cfb90c564,lhs30s2000:04,stage3,12,1,1.0,2.0,4.0,4.0,SUCCESS,True,3.433395,-0.270401,-1.390291,-3.268429,0.00221,0.0,/usr/local/bin/avl:sha256=758a9c634d7bfc26,1.5227,0.0,0.58102,False,0.0013531,0.007556069479645647,0.0483,-0.01238,-0.000509,-0.00256,7e-05,0.011707,-0.006776,543da140a6d0eacdb86d907fc34529e875e43a4d9c573c356cb8894bc40452b3,-0.0003962,-0.0003004,6.392212264605209,29,56,672,0.73046,1.2853267440004856,1.2853296329994919,0.1715,6bb2627b75bbf1c3cc1a35eaf5559aaeee0e0d51,56,28.0,True,672,0.235272
6b30e9c528e3378d953a096e,lhs30s2000:04,stage3,12,1,1.0,4.0,4.0,4.0,SUCCESS,True,3.424386,-0.267635,-1.386788,-3.266899,0.003789,0.0,/usr/local/bin/avl:sha256=758a9c634d7bfc26,1.5227,0.0,0.58102,False,0.0037503,0.0101750530013988,0.16803,-0.06087,-0.000628,-0.002556,0.000111,0.011692,-0.00677,543da140a6d0eacdb86d907fc34529e875e43a4d9c573c356cb8894bc40452b3,-0.000396,-0.000419,16.51391889328737,29,56,672,0.73046,1.2819775589960045,1.2819797880001715,0.7482,6bb2627b75bbf1c3cc1a35eaf5559aaeee0e0d51,56,28.0,True,672,0.235296
9ea52f4782d44d46ab596220,lhs30s2000:04,stage3,12,4,1.0,-2.0,4.0,4.0,SUCCESS,True,3.383684,-0.266157,-1.364806,-3.238617,0.002469,0.0,/usr/local/bin/avl:sha256=758a9c634d7bfc26,1.5227,0.0,0.58102,False,0.004998,0.011969585943016751,-0.18977,0.08384,-0.000272,-0.002536,-3e-05,0.011604,-0.006739,543da140a6d0eacdb86d907fc34529e875e43a4d9c573c356cb8894bc40452b3,-0.0003907,-5.733e-05,-15.854349590991061,29,224,2688,0.73046,23.31097653699544,23.31097909899836,0.7202,6bb2627b75bbf1c3cc1a35eaf5559aaeee0e0d51,224,28.0,True,2688,0.234352
19b4dac6b72b9625585529be,lhs30s2000:04,stage3,12,4,1.0,0.0,4.0,4.0,SUCCESS,True,3.400112,-0.26598,-1.373632,-3.243403,0.00177,0.0,/usr/local/bin/avl:sha256=758a9c634d7bfc26,1.5227,0.0,0.58102,False,0.0017642,0.008130334411380849,-0.07134,0.03603,-0.000391,-0.002543,2.3e-05,0.011661,-0.006763,543da140a6d0eacdb86d907fc34529e875e43a4d9c573c356cb8894bc40452b3,-0.0003924,-0.0001755,-8.774546825544864,29,224,2688,0.73046,23.70295457100292,23.702956806999282,0.2888,6bb2627b75bbf1c3cc1a35eaf5559aaeee0e0d51,224,28.0,True,2688,0.234728
bf37584f56f9d33ac5213496,lhs30s2000:04,stage3,12,4,1.0,2.0,4.0,4.0,SUCCESS,True,3.404017,-0.26455,-1.376519,-3.245339,0.002201,0.0,/usr/local/bin/avl:sha256=758a9c634d7bfc26,1.5227,0.0,0.58102,False,0.0013324,0.007514376577790992,0.04745,-0.01198,-0.00051,-0.002545,7e-05,0.011683,-0.006772,543da140a6d0eacdb86d907fc34529e875e43a4d9c573c356cb8894bc40452b3,-0.0003932,-0.0002935,6.314562426940403,29,224,2688,0.73046,23.17374784799904,23.173749977002444,0.1686,6bb2627b75bbf1c3cc1a35eaf5559aaeee0e0d51,224,28.0,True,2688,0.234952
bec9ca594392e8b44d59b9a8,lhs30s2000:04,stage3,12,4,1.0,4.0,4.0,4.0,SUCCESS,True,3.395355,-0.261838,-1.373154,-3.243982,0.0038,0.0,/usr/local/bin/avl:sha256=758a9c634d7bfc26,1.5227,0.0,0.58102,False,0.0037158,0.010134701803141431,0.16616,-0.05999,-0.000627,-0.002541,0.000111,0.011669,-0.006766,543da140a6d0eacdb86d907fc34529e875e43a4d9c573c356cb8894bc40452b3,-0.0003931,-0.0004106,16.395154315097436,29,224,2688,0.73046,23.460840934996668,23.4608439260046,0.7391,6bb2627b75bbf1c3cc1a35eaf5559aaeee0e0d51,224,28.0,True,2688,0.234975
b77b60c38af2d2b79d42da11,lhs30s2000:04,stage3,12,8,1.0,-2.0,4.0,4.0,SUCCESS,True,3.378528,-0.265158,-1.362408,-3.234685,0.002456,0.0,/usr/local/bin/avl:sha256=758a9c634d7bfc26,1.5227,0.0,0.58102,False,0.0049918,0.011973656331249239,-0.18962,0.08378,-0.000273,-0.002533,-3e-05,0.0116,-0.006738,543da140a6d0eacdb86d907fc34529e875e43a4d9c573c356cb8894bc40452b3,-0.0003902,-5.646e-05,-15.836432477615341,29,448,5376,0.73046,82.75717027499923,82.75717272800102,0.7196,6bb2627b75bbf1c3cc1a35eaf5559aaeee0e0d51,448,28.0,True,5376,0.234297
9e7b29e7928e324e15494713,lhs30s2000:04,stage3,12,8,1.0,0.0,4.0,4.0,SUCCESS,True,3.395093,-0.264982,-1.37128,-3.239562,0.001759,0.0,/usr/local/bin/avl:sha256=758a9c634d7bfc26,1.5227,0.0,0.58102,False,0.0017598,0.008136496411156617,-0.07136,0.03605,-0.000392,-0.002541,2.3e-05,0.011657,-0.006762,543da140a6d0eacdb86d907fc34529e875e43a4d9c573c356cb8894bc40452b3,-0.000392,-0.0001744,-8.770359672518563,29,448,5376,0.73046,83.03629471200111,83.0362977190016,0.2897,6bb2627b75bbf1c3cc1a35eaf5559aaeee0e0d51,448,28.0,True,5376,0.234673
b145ada34261ac2a28246aa2,lhs30s2000:04,stage3,12,8,1.0,2.0,4.0,4.0,SUCCESS,True,3.399149,-0.263559,-1.37422,-3.241588,0.002195,0.0,/usr/local/bin/avl:sha256=758a9c634d7bfc26,1.5227,0.0,0.58102,False,0.0013271,0.007520155666746617,0.04726,-0.01189,-0.00051,-0.002543,7e-05,0.011679,-0.006771,543da140a6d0eacdb86d907fc34529e875e43a4d9c573c356cb8894bc40452b3,-0.0003928,-0.0002921,6.284444377791146,29,448,5376,0.73046,83.30081347099622,83.30081570000038,0.168,6bb2627b75bbf1c3cc1a35eaf5559aaeee0e0d51,448,28.0,True,5376,0.234895
368875637d5b0aef65253472,lhs30s2000:04,stage3,12,8,1.0,4.0,4.0,4.0,SUCCESS,True,3.39065,-0.260858,-1.370919,-3.240323,0.003798,0.0,/usr/local/bin/avl:sha256=758a9c634d7bfc26,1.5227,0.0,0.58102,False,0.0037075,0.010136822969573673,0.1658,-0.05982,-0.000628,-0.002539,0.000111,0.011665,-0.006765,543da140a6d0eacdb86d907fc34529e875e43a4d9c573c356cb8894bc40452b3,-0.0003926,-0.0004091,16.356209484732975,29,448,5376,0.73046,83.40716867200535,83.40717090699764,0.7377,6bb2627b75bbf1c3cc1a35eaf5559aaeee0e0d51,448,28.0,True,5376,0.234918
ad2acb396d35fd69b06d17df,lhs30s2000:05,stage3,12,1,1.0,-2.0,4.0,4.0,SUCCESS,True,3.667288,-0.294304,-2.463733,-6.767605,0.004014,0.0,/usr/local/bin/avl:sha256=758a9c634d7bfc26,1.7428,0.0,0.57661,False,0.004462,0.011510294159369558,-0.19111,0.13601,-0.000323,-0.002334,5.4e-05,0.008596,-0.007914,543da140a6d0eacdb86d907fc34529e875e43a4d9c573c356cb8894bc40452b3,-0.0002937,-0.0002036,-16.60339843221413,29,56,672,0.85687,1.33858073400188,1.3385830729966983,0.7325,6bb2627b75bbf1c3cc1a35eaf5559aaeee0e0d51,56,28.0,True,672,0.387377
672a907568fd55c13967114f,lhs30s2000:05,stage3,12,1,1.0,0.0,4.0,4.0,SUCCESS,True,3.683924,-0.294154,-2.477344,-6.77881,0.002386,0.0,/usr/local/bin/avl:sha256=758a9c634d7bfc26,1.7428,0.0,0.57661,False,0.0015352,0.007909358575238121,-0.06277,0.04974,-0.0004,-0.002339,8.5e-05,0.008629,-0.007936,543da140a6d0eacdb86d907fc34529e875e43a4d9c573c356cb8894bc40452b3,-0.0002948,-0.0003076,-7.9361681990894235,29,56,672,0.85687,1.2795354920017417,1.2795379439994576,0.2267,6bb2627b75bbf1c3cc1a35eaf5559aaeee0e0d51,56,28.0,True,672,0.387758
0f97bdd0d9219c1db0b74ce2,lhs30s2000:05,stage3,12,1,1.0,2.0,4.0,4.0,SUCCESS,True,3.687628,-0.292838,-2.480168,-6.784481,0.002391,0.0,/usr/local/bin/avl:sha256=758a9c634d7bfc26,1.7428,0.0,0.57661,False,0.0014319,0.007588886400794903,0.06592,-0.03682,-0.000476,-0.00234,0.000111,0.008638,-0.007941,543da140a6d0eacdb86d907fc34529e875e43a4d9c573c356cb8894bc40452b3,-0.0002952,-0.0004111,8.686386449676618,29,56,672,0.85687,1.3274760729982518,1.327478096995037,0.2554,6bb2627b75bbf1c3cc1a35eaf5559aaeee0e0d51,56,28.0,True,672,0.38781
ac1f6b43d4752def9995e843,lhs30s2000:05,stage3,12,1,1.0,4.0,4.0,4.0,SUCCESS,True,3.678351,-0.290326,-2.471644,-6.783417,0.004015,0.0,/usr/local/bin/avl:sha256=758a9c634d7bfc26,1.7428,0.0,0.57661,False,0.004166,0.010567380586683495,0.19452,-0.12327,-0.00055,-0.002336,0.00013,0.00862,-0.007929,543da140a6d0eacdb86d907fc34529e875e43a4d9c573c356cb8894bc40452b3,-0.0002949,-0.0005136,18.407589128106615,29,56,672,0.85687,1.33155511199584,1.331556917000853,0.7759,6bb2627b75bbf1c3cc1a35eaf5559aaeee0e0d51,56,28.0,True,672,0.387452
1bf856e678ecda08d608722f,lhs30s2000:05,stage3,12,4,1.0,-2.0,4.0,4.0,SUCCESS,True,3.62669,-0.289879,-2.431324,-6.692068,0.003948,0.0,/usr/local/bin/avl:sha256=758a9c634d7bfc26,1.7428,0.0,0.57661,False,0.0043988,0.011376515403709916,-0.18912,0.13429,-0.000312,-0.002288,5.3e-05,0.008485,-0.007812,543da140a6d0eacdb86d907fc34529e875e43a4d9c573c356cb8894bc40452b3,-0.0002861,-0.0002002,-16.623719415729653,29,224,2688,0.85687,23.35151932900044,23.351521878998028,0.7171,6bb2627b75bbf1c3cc1a35eaf5559aaeee0e0d51,224,28.0,True,2688,0.38656
1deab875f523970d84e58aff,lhs30s2000:05,stage3,12,4,1.0,0.0,4.0,4.0,SUCCESS,True,3.643399,-0.289777,-2.444997,-6.703693,0.002344,0.0,/usr/local/bin/avl:sha256=758a9c634d7bfc26,1.7428,0.0,0.57661,False,0.0015131,0.007829696447693636,-0.06219,0.04915,-0.000388,-0.002293,8.4e-05,0.008518,-0.007833,543da140a6d0eacdb86d907fc34529e875e43a4d9c573c356cb8894bc40452b3,-0.0002872,-0.0003015,-7.942836662373939,29,224,2688,0.85687,23.537873726003454,23.537875866997638,0.2242,6bb2627b75bbf1c3cc1a35eaf5559aaeee0e0d51,224,28.0,True,2688,0.386951
1943e7539a0a4d52ab94749f,lhs30s2000:05,stage3,12,4,1.0,2.0,4.0,4.0,SUCCESS,True,3.647281,-0.288543,-2.447995,-6.70978,0.002369,0.0,/usr/local/bin/avl:sha256=758a9c634d7bfc26,1.7428,0.0,0.57661,False,0.0014318,0.0075423105183976095,0.06509,-0.03628,-0.000462,-0.002294,0.000108,0.008527,-0.007838,543da140a6d0eacdb86d907fc34529e875e43a4d9c573c356cb8894bc40452b3,-0.0002876,-0.0004023,8.629981468043376,29,224,2688,0.85687,23.62081286100147,23.620815094000136,0.2537,6bb2627b75bbf1c3cc1a35eaf5559aaeee0e0d51,224,28.0,True,2688,0.387014
f17d440b3c85fd5fa594d065,lhs30s2000:05,stage3,12,4,1.0,4.0,4.0,4.0,SUCCESS,True,3.638287,-0.286143,-2.439777,-6.709169,0.004011,0.0,/usr/local/bin/avl:sha256=758a9c634d7bfc26,1.7428,0.0,0.57661,False,0.0041694,0.010540780343974647,0.19228,-0.12162,-0.000535,-0.00229,0.000126,0.00851,-0.007826,543da140a6d0eacdb86d907fc34529e875e43a4d9c573c356cb8894bc40452b3,-0.0002872,-0.0005022,18.241533712436354,29,224,2688,0.85687,23.66245520800294,23.662457439997524,0.7669,6bb2627b75bbf1c3cc1a35eaf5559aaeee0e0d51,224,28.0,True,2688,0.386668
c620c362570b0fac3d480a23,lhs30s2000:05,stage3,12,8,1.0,-2.0,4.0,4.0,SUCCESS,True,3.619586,-0.289076,-2.425405,-6.678254,0.00393,0.0,/usr/local/bin/avl:sha256=758a9c634d7bfc26,1.7428,0.0,0.57661,False,0.0043856,0.01133819053244566,-0.18876,0.13397,-0.000311,-0.002281,5.3e-05,0.00847,-0.007797,543da140a6d0eacdb86d907fc34529e875e43a4d9c573c356cb8894bc40452b3,-0.0002848,-0.0001997,-16.648159109677994,29,448,5376,0.85687,83.1140935450021,83.11409578099847,0.7146,6bb2627b75bbf1c3cc1a35eaf5559aaeee0e0d51,448,28.0,True,5376,0.386376
042d107d1cd58c09f84f6701,lhs30s2000:05,stage3,12,8,1.0,0.0,4.0,4.0,SUCCESS,True,3.636441,-0.289,-2.439201,-6.690203,0.002331,0.0,/usr/local/bin/avl:sha256=758a9c634d7bfc26,1.7428,0.0,0.57661,False,0.0015086,0.007804880822581536,-0.06208,0.04904,-0.000386,-0.002286,8.3e-05,0.008503,-0.007818,543da140a6d0eacdb86d907fc34529e875e43a4d9c573c356cb8894bc40452b3,-0.0002859,-0.0003005,-7.95399717320302,29,448,5376,0.85687,82.8321369080004,82.83213925399468,0.2239,6bb2627b75bbf1c3cc1a35eaf5559aaeee0e0d51,448,28.0,True,5376,0.386773
8f627c70dcd12dc07a33fc9a,lhs30s2000:05,stage3,12,8,1.0,2.0,4.0,4.0,SUCCESS,True,3.640491,-0.287801,-2.442344,-6.696615,0.00236,0.0,/usr/local/bin/avl:sha256=758a9c634d7bfc26,1.7428,0.0,0.57661,False,0.0014317,0.007524183422886929,0.06496,-0.03619,-0.00046,-0.002287,0.000108,0.008512,-0.007824,543da140a6d0eacdb86d907fc34529e875e43a4d9c573c356cb8894bc40452b3,-0.0002863,-0.0004009,8.633495005239482,29,448,5376,0.85687,83.15016143899993,83.15016356299748,0.2538,6bb2627b75bbf1c3cc1a35eaf5559aaeee0e0d51,448,28.0,True,5376,0.38684
2aeefed5e2d13d9a795b5a97,lhs30s2000:05,stage3,12,8,1.0,4.0,4.0,4.0,SUCCESS,True,3.631685,-0.285446,-2.434293,-6.696337,0.004007,0.0,/usr/local/bin/avl:sha256=758a9c634d7bfc26,1.7428,0.0,0.57661,False,0.0041699,0.010522721489753728,0.19192,-0.12134,-0.000532,-0.002283,0.000125,0.008495,-0.007812,543da140a6d0eacdb86d907fc34529e875e43a4d9c573c356cb8894bc40452b3,-0.000286,-0.0005003,18.23862773398288,29,448,5376,0.85687,82.76697698600037,82.76697890799551,0.7659,6bb2627b75bbf1c3cc1a35eaf5559aaeee0e0d51,448,28.0,True,5376,0.3865
df14382ab9da03ddb96319a6,lhs30s2000:06,stage3,12,1,1.0,-2.0,4.0,4.0,SUCCESS,True,3.954496,-0.323817,-1.816231,-4.214189,0.003662,0.0,/usr/local/bin/avl:sha256=758a9c634d7bfc26,2.2661,0.0,0.65452,False,0.0048586,0.012477871481883718,-0.23072,0.11852,-0.000388,-0.002128,-2e-06,0.008275,-0.005326,543da140a6d0eacdb86d907fc34529e875e43a4d9c573c356cb8894bc40452b3,-0.0001264,-8.656e-05,-18.490333093667143,29,56,672,1.1337,1.2945261919958284,1.2945282130021951,0.7667,6bb2627b75bbf1c3cc1a35eaf5559aaeee0e0d51,56,28.0,True,672,0.300609
16e8edfe9dc34fa4bc6b641b,lhs30s2000:06,stage3,12,1,1.0,0.0,4.0,4.0,SUCCESS,True,3.973783,-0.323576,-1.828425,-4.220922,0.002564,0.0,/usr/local/bin/avl:sha256=758a9c634d7bfc26,2.2661,0.0,0.65452,False,0.0015653,0.00799323170429976,-0.09231,0.05489,-0.000432,-0.002131,1.6e-05,0.008305,-0.005336,543da140a6d0eacdb86d907fc34529e875e43a4d9c573c356cb8894bc40452b3,-0.0001267,-0.0001173,-11.54852047518454,29,56,672,1.1337,1.3348284919993603,1.3348308360000374,0.3827,6bb2627b75bbf1c3cc1a35eaf5559aaeee0e0d51,56,28.0,True,672,0.301158
1ed8f0d4963838b5a2b0c280,lhs30s2000:06,stage3,12,1,1.0,2.0,4.0,4.0,SUCCESS,True,3.980199,-0.322366,-1.833253,-4.224971,0.002639,0.0,/usr/local/bin/avl:sha256=758a9c634d7bfc26,2.2661,0.0,0.65452,False,0.0009579,0.007080398566078948,0.04655,-0.00904,-0.000475,-0.002131,2.4e-05,0.008312,-0.005337,543da140a6d0eacdb86d907fc34529e875e43a4d9c573c356cb8894bc40452b3,-0.0001267,-0.0001478,6.574488648564725,29,56,672,1.1337,1.291098902001977,1.291101670001808,0.159,6bb2627b75bbf1c3cc1a35eaf5559aaeee0e0d51,56,28.0,True,672,0.301467
0a883e609afcff925435fcf1,lhs30s2000:06,stage3,12,1,1.0,4.0,4.0,4.0,SUCCESS,True,3.97367,-0.320109,-1.829949,-4.225117,0.003882,0.0,/usr/local/bin/avl:sha256=758a9c634d7bfc26,2.2661,0.0,0.65452,False,0.0030577,0.009417787420785497,0.18541,-0.073,-0.000517,-0.002125,2.1e-05,0.008296,-0.005326,543da140a6d0eacdb86d907fc34529e875e43a4d9c573c356cb8894bc40452b3,-0.0001264,-0.0001779,19.687214386554473,29,56,672,1.1337,1.2886288609952317,1.2886307809967548,0.7859,6bb2627b75bbf1c3cc1a35eaf5559aaeee0e0d51,56,28.0,True,672,0.301418
dac23e575562752ae9ecc208,lhs30s2000:06,stage3,12,4,1.0,-2.0,4.0,4.0,SUCCESS,True,3.926399,-0.31735,-1.799019,-4.18227,0.003622,0.0,/usr/local/bin/avl:sha256=758a9c634d7bfc26,2.2661,0.0,0.65452,False,0.0048285,0.012461711296098688,-0.23043,0.11844,-0.000384,-0.002106,-1e-06,0.008197,-0.005278,543da140a6d0eacdb86d907fc34529e875e43a4d9c573c356cb8894bc40452b3,-0.0001242,-8.447e-05,-18.49103983592842,29,224,2688,1.1337,23.34332428900234,23.34332695199555,0.7667,6bb2627b75bbf1c3cc1a35eaf5559aaeee0e0d51,224,28.0,True,2688,0.299891
103278c358d51ddbb2b0cf0f,lhs30s2000:06,stage3,12,4,1.0,0.0,4.0,4.0,SUCCESS,True,3.945883,-0.317172,-1.811322,-4.189227,0.002521,0.0,/usr/local/bin/avl:sha256=758a9c634d7bfc26,2.2661,0.0,0.65452,False,0.0015375,0.00797211658099318,-0.09299,0.05541,-0.000428,-0.002109,1.6e-05,0.008228,-0.005288,543da140a6d0eacdb86d907fc34529e875e43a4d9c573c356cb8894bc40452b3,-0.0001245,-0.0001148,-11.664405438036777,29,224,2688,1.1337,23.651690545004385,23.65169299399713,0.393,6bb2627b75bbf1c3cc1a35eaf5559aaeee0e0d51,224,28.0,True,2688,0.300451
ab98537c914405c70165a725,lhs30s2000:06,stage3,12,4,1.0,2.0,4.0,4.0,SUCCESS,True,3.952551,-0.316048,-1.816296,-4.193461,0.002598,0.0,/usr/local/bin/avl:sha256=758a9c634d7bfc26,2.2661,0.0,0.65452,False,0.0009251,0.007022901847747536,0.0449,-0.00793,-0.00047,-0.002109,2.4e-05,0.008235,-0.005289,543da140a6d0eacdb86d907fc34529e875e43a4d9c573c356cb8894bc40452b3,-0.0001245,-0.000145,6.393368578033144,29,224,2688,1.1337,23.425701779997326,23.425704223998764,0.1518,6bb2627b75bbf1c3cc1a35eaf5559aaeee0e0d51,224,28.0,True,2688,0.300768
5e2cc333fdb54b61bd8cec47,lhs30s2000:06,stage3,12,4,1.0,4.0,4.0,4.0,SUCCESS,True,3.946327,-0.3139,-1.813203,-4.1938,0.003844,0.0,/usr/local/bin/avl:sha256=758a9c634d7bfc26,2.2661,0.0,0.65452,False,0.0030134,0.00935740102976325,0.18279,-0.0713,-0.000512,-0.002103,2e-05,0.008219,-0.005279,543da140a6d0eacdb86d907fc34529e875e43a4d9c573c356cb8894bc40452b3,-0.0001242,-0.0001747,19.53427019089987,29,224,2688,1.1337,23.469250475995068,23.469252731003508,0.7715,6bb2627b75bbf1c3cc1a35eaf5559aaeee0e0d51,224,28.0,True,2688,0.300729
0783e2d0d2a11f7a8e382f6b,lhs30s2000:06,stage3,12,8,1.0,-2.0,4.0,4.0,SUCCESS,True,3.921352,-0.316195,-1.795899,-4.176631,0.003614,0.0,/usr/local/bin/avl:sha256=758a9c634d7bfc26,2.2661,0.0,0.65452,False,0.0048277,0.012453804357373295,-0.23044,0.11847,-0.000383,-0.002101,-1e-06,0.008175,-0.005264,543da140a6d0eacdb86d907fc34529e875e43a4d9c573c356cb8894bc40452b3,-0.0001239,-8.412e-05,-18.50358279183723,29,448,5376,1.1337,82.98036077999859,82.98036269700242,0.7675,6bb2627b75bbf1c3cc1a35eaf5559aaeee0e0d51,448,28.0,True,5376,0.299756
af5ba9ed4bdd9c08514c0519,lhs30s2000:06,stage3,12,8,1.0,0.0,4.0,4.0,SUCCESS,True,3.941007,-0.316044,-1.808295,-4.183745,0.002512,0.0,/usr/local/bin/avl:sha256=758a9c634d7bfc26,2.2661,0.0,0.65452,False,0.0015327,0.007963103715800668,-0.09318,0.05555,-0.000427,-0.002104,1.6e-05,0.008206,-0.005274,543da140a6d0eacdb86d907fc34529e875e43a4d9c573c356cb8894bc40452b3,-0.0001242,-0.0001144,-11.701467584191953,29,448,5376,1.1337,82.54395486800058,82.54395688999648,0.3961,6bb2627b75bbf1c3cc1a35eaf5559aaeee0e0d51,448,28.0,True,5376,0.30032
553f99ea4d4f9e82c74ea14a,lhs30s2000:06,stage3,12,8,1.0,2.0,4.0,4.0,SUCCESS,True,3.947851,-0.314952,-1.813371,-4.188132,0.002589,0.0,/usr/local/bin/avl:sha256=758a9c634d7bfc26,2.2661,0.0,0.65452,False,0.0009167,0.00700935822642558,0.04455,-0.00769,-0.000469,-0.002103,2.4e-05,0.008213,-0.005275,543da140a6d0eacdb86d907fc34529e875e43a4d9c573c356cb8894bc40452b3,-0.0001242,-0.0001445,6.355788727139754,29,448,5376,1.1337,82.7021503979995,82.70215274399379,0.1506,6bb2627b75bbf1c3cc1a35eaf5559aaeee0e0d51,448,28.0,True,5376,0.300641
a40922408cc11f0d6560d268,lhs30s2000:06,stage3,12,8,1.0,4.0,4.0,4.0,SUCCESS,True,3.941807,-0.312844,-1.81039,-4.188625,0.003835,0.0,/usr/local/bin/avl:sha256=758a9c634d7bfc26,2.2661,0.0,0.65452,False,0.003002,0.009340230068271343,0.18228,-0.07096,-0.00051,-0.002098,2e-05,0.008197,-0.005265,543da140a6d0eacdb86d907fc34529e875e43a4d9c573c356cb8894bc40452b3,-0.0001239,-0.0001742,19.515579238160644,29,448,5376,1.1337,83.05886859900056,83.05887062100373,0.7692,6bb2627b75bbf1c3cc1a35eaf5559aaeee0e0d51,448,28.0,True,5376,0.300607
8b7057593e07dc5e8cb31666,lhs30s2000:07,stage3,12,1,1.0,-2.0,4.0,4.0,SUCCESS,True,3.826748,-0.303297,-2.092938,-5.120174,0.00208,0.0,/usr/local/bin/avl:sha256=758a9c634d7bfc26,2.027,0.0,0.64408,False,0.0041925,0.010845755459877003,-0.15633,0.09523,-0.000188,-0.003149,2.2e-05,0.012665,-0.009148,543da140a6d0eacdb86d907fc34529e875e43a4d9c573c356cb8894bc40452b3,-0.0002834,-0.0002067,-14.413933688467365,29,56,672,0.99526,1.3273585589995491,1.3273608910021721,0.4506,6bb2627b75bbf1c3cc1a35eaf5559aaeee0e0d51,56,28.0,True,672,0.35226
e6b31fcd3e3d9c90afacb0ae,lhs30s2000:07,stage3,12,1,1.0,0.0,4.0,4.0,SUCCESS,True,3.838901,-0.303158,-2.101836,-5.126214,0.001175,0.0,/usr/local/bin/avl:sha256=758a9c634d7bfc26,2.027,0.0,0.64408,False,0.0019285,0.008199551874816486,-0.02251,0.02199,-0.00029,-0.003153,5.8e-05,0.012693,-0.00916,543da140a6d0eacdb86d907fc34529e875e43a4d9c573c356cb8894bc40452b3,-0.000284,-0.0002859,-2.745271978720641,29,56,672,0.99526,1.2756219479997526,1.2756236549976165,0.0202,6bb2627b75bbf1c3cc1a35eaf5559aaeee0e0d51,56,28.0,True,672,0.352638
020eeb5c048d8aa5ce9aba43,lhs30s2000:07,stage3,12,1,1.0,2.0,4.0,4.0,SUCCESS,True,3.838128,-0.301912,-2.101571,-5.127884,0.001382,0.0,/usr/local/bin/avl:sha256=758a9c634d7bfc26,2.027,0.0,0.64408,False,0.0024219,0.008763399187302727,0.11152,-0.0514,-0.000392,-0.003151,7.1e-05,0.012685,-0.009155,543da140a6d0eacdb86d907fc34529e875e43a4d9c573c356cb8894bc40452b3,-0.0002838,-0.0003645,12.725655606511811,29,56,672,0.99526,1.2819525149971014,1.2819544340018183,0.3854,6bb2627b75bbf1c3cc1a35eaf5559aaeee0e0d51,56,28.0,True,672,0.352665
75b6fd0bcf423dad800d15f0,lhs30s2000:07,stage3,12,1,1.0,4.0,4.0,4.0,SUCCESS,True,3.824422,-0.299509,-2.091459,-5.123969,0.002815,0.0,/usr/local/bin/avl:sha256=758a9c634d7bfc26,2.027,0.0,0.64408,False,0.0056749,0.012332223079034978,0.24529,-0.12461,-0.000492,-0.003142,8e-05,0.012641,-0.009128,543da140a6d0eacdb86d907fc34529e875e43a4d9c573c356cb8894bc40452b3,-0.000283,-0.0004421,19.89016890369084,29,56,672,0.99526,1.3331803789988044,1.3331824999986566,0.8008,6bb2627b75bbf1c3cc1a35eaf5559aaeee0e0d51,56,28.0,True,672,0.352226
63531f43c12ef5b5cae6dab2,lhs30s2000:07,stage3,12,4,1.0,-2.0,4.0,4.0,SUCCESS,True,3.802526,-0.297716,-2.076393,-5.089172,0.002054,0.0,/usr/local/bin/avl:sha256=758a9c634d7bfc26,2.027,0.0,0.64408,False,0.0041484,0.010766220766657,-0.15574,0.09481,-0.000183,-0.003118,2.2e-05,0.012599,-0.009103,543da140a6d0eacdb86d907fc34529e875e43a4d9c573c356cb8894bc40452b3,-0.000281,-0.0002051,-14.465614571301284,29,224,2688,0.99526,23.146464537996508,23.14646666400222,0.4477,6bb2627b75bbf1c3cc1a35eaf5559aaeee0e0d51,224,28.0,True,2688,0.351702
71d8e68652896af92a865112,lhs30s2000:07,stage3,12,4,1.0,0.0,4.0,4.0,SUCCESS,True,3.814719,-0.297614,-2.085327,-5.095329,0.00116,0.0,/usr/local/bin/avl:sha256=758a9c634d7bfc26,2.027,0.0,0.64408,False,0.0019137,0.008148244759117487,-0.02276,0.02215,-0.000285,-0.003122,5.8e-05,0.012627,-0.009116,543da140a6d0eacdb86d907fc34529e875e43a4d9c573c356cb8894bc40452b3,-0.0002815,-0.0002833,-2.793239608387153,29,224,2688,0.99526,23.167330755997682,23.167333410994615,0.0208,6bb2627b75bbf1c3cc1a35eaf5559aaeee0e0d51,224,28.0,True,2688,0.352086
4bfce5867de1628a7745b1f9,lhs30s2000:07,stage3,12,4,1.0,2.0,4.0,4.0,SUCCESS,True,3.81408,-0.296431,-2.08516,-5.097124,0.001383,0.0,/usr/local/bin/avl:sha256=758a9c634d7bfc26,2.027,0.0,0.64408,False,0.0024148,0.008729205441286081,0.11043,-0.05067,-0.000385,-0.00312,7.1e-05,0.012619,-0.009111,543da140a6d0eacdb86d907fc34529e875e43a4d9c573c356cb8894bc40452b3,-0.0002814,-0.000361,12.650635930471383,29,224,2688,0.99526,23.675005496996164,23.67500764400029,0.3809,6bb2627b75bbf1c3cc1a35eaf5559aaeee0e0d51,224,28.0,True,2688,0.352117
5b7dbc78d4a8235257fc90ee,lhs30s2000:07,stage3,12,4,1.0,4.0,4.0,4.0,SUCCESS,True,3.800602,-0.294117,-2.075222,-5.093364,0.002834,0.0,/usr/local/bin/avl:sha256=758a9c634d7bfc26,2.027,0.0,0.64408,False,0.0056545,0.012257120344909209,0.24337,-0.12331,-0.000485,-0.003111,8e-05,0.012576,-0.009084,543da140a6d0eacdb86d907fc34529e875e43a4d9c573c356cb8894bc40452b3,-0.0002806,-0.0004378,19.855397773024208,29,224,2688,0.99526,23.410081105001154,23.41008376100217,0.7914,6bb2627b75bbf1c3cc1a35eaf5559aaeee0e0d51,224,28.0,True,2688,0.351682
84046a733bc5f80480b9be2e,lhs30s2000:07,stage3,12,8,1.0,-2.0,4.0,4.0,SUCCESS,True,3.798297,-0.296741,-2.073479,-5.083805,0.002044,0.0,/usr/local/bin/avl:sha256=758a9c634d7bfc26,2.027,0.0,0.64408,False,0.0041415,0.010752629596216302,-0.15566,0.09475,-0.000183,-0.003113,2.2e-05,0.012591,-0.009098,543da140a6d0eacdb86d907fc34529e875e43a4d9c573c356cb8894bc40452b3,-0.0002807,-0.0002049,-14.476458861260742,29,448,5376,0.99526,83.36400526899524,83.36400718799996,0.4474,6bb2627b75bbf1c3cc1a35eaf5559aaeee0e0d51,448,28.0,True,5376,0.351599
dff3a97ba965f8dd846f4b2e,lhs30s2000:07,stage3,12,8,1.0,0.0,4.0,4.0,SUCCESS,True,3.810565,-0.296656,-2.082461,-5.090057,0.001153,0.0,/usr/local/bin/avl:sha256=758a9c634d7bfc26,2.027,0.0,0.64408,False,0.0019099,0.008138286121998765,-0.02282,0.02219,-0.000284,-0.003118,5.8e-05,0.012619,-0.009111,543da140a6d0eacdb86d907fc34529e875e43a4d9c573c356cb8894bc40452b3,-0.0002812,-0.000283,-2.8040301923417017,29,448,5376,0.99526,82.60836513299728,82.60836758300138,0.0209,6bb2627b75bbf1c3cc1a35eaf5559aaeee0e0d51,448,28.0,True,5376,0.351986
e1cc45c1c75757e804007bfc,lhs30s2000:07,stage3,12,8,1.0,2.0,4.0,4.0,SUCCESS,True,3.810014,-0.295497,-2.082356,-5.09195,0.00138,0.0,/usr/local/bin/avl:sha256=758a9c634d7bfc26,2.027,0.0,0.64408,False,0.0024123,0.008720943553926434,0.11022,-0.05053,-0.000384,-0.003116,7.1e-05,0.012612,-0.009106,543da140a6d0eacdb86d907fc34529e875e43a4d9c573c356cb8894bc40452b3,-0.0002811,-0.0003605,12.638540694415525,29,448,5376,0.99526,83.10460315799719,83.10460528600379,0.3804,6bb2627b75bbf1c3cc1a35eaf5559aaeee0e0d51,448,28.0,True,5376,0.352019
91c365c843fb651d195d9014,lhs30s2000:07,stage3,12,8,1.0,4.0,4.0,4.0,SUCCESS,True,3.796633,-0.293214,-2.072491,-5.088291,0.002835,0.0,/usr/local/bin/avl:sha256=758a9c634d7bfc26,2.027,0.0,0.64408,False,0.0056515,0.012248317048331962,0.24301,-0.12307,-0.000484,-0.003107,8e-05,0.012569,-0.00908,543da140a6d0eacdb86d907fc34529e875e43a4d9c573c356cb8894bc40452b3,-0.0002803,-0.0004371,19.84027675321275,29,448,5376,0.99526,83.89421501299512,83.89421745899745,0.7902,6bb2627b75bbf1c3cc1a35eaf5559aaeee0e0d51,448,28.0,True,5376,0.351586
30dc89785bc6ff77ec3c3a5b,lhs30s2000:00,stage4,8,2,0.5,4.0,4.0,4.0,SUCCESS,True,3.74156,-0.29334,-1.874842,-4.621153,0.003613,0.0,/usr/local/bin/avl:sha256=758a9c634d7bfc26,1.7165,0.0,0.5539,False,0.003348,0.009894936982531714,0.1904,-0.0808,-0.000568,-0.00245,2.4e-05,0.009616,-0.006451,543da140a6d0eacdb86d907fc34529e875e43a4d9c573c356cb8894bc40452b3,-0.0002152,-0.0003148,19.242163981046836,29,112,896,0.77939,2.639414268996916,2.63941606899607,0.8814,6bb2627b75bbf1c3cc1a35eaf5559aaeee0e0d51,112,28.0,True,896,0.277552
3ffffdc6cfe6eefb8d421d83,lhs30s2000:00,stage4,12,2,0.5,4.0,4.0,4.0,SUCCESS,True,3.74168,-0.293333,-1.872893,-4.616298,0.003628,0.0,/usr/local/bin/avl:sha256=758a9c634d7bfc26,1.7165,0.0,0.5539,False,0.0033811,0.009927858063950095,0.18961,-0.07975,-0.000577,-0.002517,2.2e-05,0.009886,-0.006611,543da140a6d0eacdb86d907fc34529e875e43a4d9c573c356cb8894bc40452b3,-0.000202,-0.0003159,19.09878231322719,29,112,1344,0.77939,5.959328616998391,5.959330917001353,0.8755,6bb2627b75bbf1c3cc1a35eaf5559aaeee0e0d51,112,28.0,True,1344,0.277254
d788c2d28800e5ea45d560f9,lhs30s2000:00,stage4,16,2,0.5,4.0,4.0,4.0,SUCCESS,True,3.741721,-0.293331,-1.871956,-4.61375,0.003633,0.0,/usr/local/bin/avl:sha256=758a9c634d7bfc26,1.7165,0.0,0.5539,False,0.0034148,0.009962480166352011,0.18963,-0.07966,-0.000582,-0.002552,2.2e-05,0.010029,-0.006696,543da140a6d0eacdb86d907fc34529e875e43a4d9c573c356cb8894bc40452b3,-0.0002029,-0.0003219,19.034416815249465,29,112,1792,0.77939,10.217304669000441,10.217306168997311,0.8728,6bb2627b75bbf1c3cc1a35eaf5559aaeee0e0d51,112,28.0,True,1792,0.277113
4ce093f6980388c9677f2d15,lhs30s2000:00,stage4,24,2,0.0,4.0,4.0,4.0,SUCCESS,True,3.74179,-0.293332,-1.872732,-4.615784,0.003635,0.0,/usr/local/bin/avl:sha256=758a9c634d7bfc26,1.7165,0.0,0.5539,False,0.0034717,0.010022312311451849,0.19062,-0.0802,-0.000587,-0.002585,2.3e-05,0.010159,-0.006766,543da140a6d0eacdb86d907fc34529e875e43a4d9c573c356cb8894bc40452b3,-0.000192,-0.0003097,19.019562958758613,29,112,2688,0.77939,21.45439429399994,21.45439689399791,0.8717,6bb2627b75bbf1c3cc1a35eaf5559aaeee0e0d51,112,28.0,True,2688,0.277222
c3dc0f17b9cd9ea61bca285f,lhs30s2000:00,stage4,24,2,0.5,4.0,4.0,4.0,SUCCESS,True,3.741723,-0.293329,-1.871015,-4.611135,0.003647,0.0,/usr/local/bin/avl:sha256=758a9c634d7bfc26,1.7165,0.0,0.5539,False,0.0034622,0.010011687451740824,0.1902,-0.0798,-0.000584,-0.002576,2e-05,0.010123,-0.006743,543da140a6d0eacdb86d907fc34529e875e43a4d9c573c356cb8894bc40452b3,-0.0001935,-0.0003097,18.997796417119293,29,112,2688,0.77939,21.44684223299555,21.44684393300122,0.8719,6bb2627b75bbf1c3cc1a35eaf5559aaeee0e0d51,112,28.0,True,2688,0.276973
6405b9bbcd3b6e91269fcc72,lhs30s2000:01,stage4,8,2,0.0,4.0,4.0,4.0,SUCCESS,True,3.381592,-0.257275,-1.54568,-3.582932,0.004012,0.0,/usr/local/bin/avl:sha256=758a9c634d7bfc26,1.5594,0.0,0.62927,False,0.0042709,0.01079725075956738,0.18971,-0.07907,-0.000508,-0.00306,7.5e-05,0.013747,-0.008646,543da140a6d0eacdb86d907fc34529e875e43a4d9c573c356cb8894bc40452b3,-0.0004074,-0.0005059,17.570213401953183,29,112,896,0.74569,2.701847655000165,2.701849655000842,0.8025,6bb2627b75bbf1c3cc1a35eaf5559aaeee0e0d51,112,28.0,True,896,0.287631
332e952ee806579e0d4dbefe,lhs30s2000:01,stage4,8,2,0.5,4.0,4.0,4.0,SUCCESS,True,3.381359,-0.257246,-1.541926,-3.575972,0.004045,0.0,/usr/local/bin/avl:sha256=758a9c634d7bfc26,1.5594,0.0,0.62927,False,0.004133,0.010647332488898344,0.18496,-0.07677,-0.000501,-0.003038,7e-05,0.013643,-0.008601,543da140a6d0eacdb86d907fc34529e875e43a4d9c573c356cb8894bc40452b3,-0.0004182,-0.0005127,17.37148719576967,29,112,896,0.74569,2.743901433001156,2.74390323300031,0.7911,6bb2627b75bbf1c3cc1a35eaf5559aaeee0e0d51,112,28.0,True,896,0.286952
b5f209043675359a9720105b,lhs30s2000:01,stage4,12,2,0.0,4.0,4.0,4.0,SUCCESS,True,3.382575,-0.257234,-1.543483,-3.580108,0.004085,0.0,/usr/local/bin/avl:sha256=758a9c634d7bfc26,1.5594,0.0,0.62927,False,0.0042712,0.010794326776009925,0.18739,-0.07781,-0.000509,-0.003117,7.5e-05,0.014014,-0.008787,543da140a6d0eacdb86d907fc34529e875e43a4d9c573c356cb8894bc40452b3,-0.0003964,-0.0004975,17.360045131899174,29,112,1344,0.74569,6.203210177001893,6.203211877000285,0.7892,6bb2627b75bbf1c3cc1a35eaf5559aaeee0e0d51,112,28.0,True,1344,0.287138
35642f40f1c49114e1c0d13c,lhs30s2000:01,stage4,12,2,0.5,4.0,4.0,4.0,SUCCESS,True,3.382509,-0.257221,-1.541036,-3.574413,0.004132,0.0,/usr/local/bin/avl:sha256=758a9c634d7bfc26,1.5594,0.0,0.62927,False,0.0041781,0.010693407402839113,0.18448,-0.076,-0.000501,-0.003092,6.9e-05,0.013898,-0.008722,543da140a6d0eacdb86d907fc34529e875e43a4d9c573c356cb8894bc40452b3,-0.0004146,-0.0004904,17.251750826497112,29,112,1344,0.74569,6.251059476999217,6.251061176997609,0.783,6bb2627b75bbf1c3cc1a35eaf5559aaeee0e0d51,112,28.0,True,1344,0.286689
a0fcce2689d6c04e95dc0802,lhs30s2000:01,stage4,16,2,0.0,4.0,4.0,4.0,SUCCESS,True,3.383203,-0.257219,-1.542529,-3.578395,0.004134,0.0,/usr/local/bin/avl:sha256=758a9c634d7bfc26,1.5594,0.0,0.62927,False,0.0042672,0.010788469543896543,0.18626,-0.07701,-0.000508,-0.003138,7.4e-05,0.014112,-0.00883,543da140a6d0eacdb86d907fc34529e875e43a4d9c573c356cb8894bc40452b3,-0.0003918,-0.0004821,17.26472872191353,29,112,1792,0.74569,10.514868808997562,10.51487050900323,0.7832,6bb2627b75bbf1c3cc1a35eaf5559aaeee0e0d51,112,28.0,True,1792,0.286908
4fb7e14260619e6ea7d5c022,lhs30s2000:01,stage4,16,2,0.5,4.0,4.0,4.0,SUCCESS,True,3.383143,-0.257211,-1.540671,-3.573795,0.004172,0.0,/usr/local/bin/avl:sha256=758a9c634d7bfc26,1.5594,0.0,0.62927,False,0.0042144,0.010730980700780924,0.18455,-0.07593,-0.000501,-0.00312,6.9e-05,0.014033,-0.008786,543da140a6d0eacdb86d907fc34529e875e43a4d9c573c356cb8894bc40452b3,-0.0003897,-0.0004728,17.197868968916303,29,112,1792,0.74569,10.466648633999284,10.4666505339992,0.78,6bb2627b75bbf1c3cc1a35eaf5559aaeee0e0d51,112,28.0,True,1792,0.286567
364bb0fe46c220c347865a6b,lhs30s2000:01,stage4,24,2,0.0,4.0,4.0,4.0,SUCCESS,True,3.383916,-0.257209,-1.541642,-3.576635,0.004186,0.0,/usr/local/bin/avl:sha256=758a9c634d7bfc26,1.5594,0.0,0.62927,False,0.0042813,0.010801979597757255,0.18566,-0.07644,-0.000505,-0.003159,7.2e-05,0.014216,-0.008875,543da140a6d0eacdb86d907fc34529e875e43a4d9c573c356cb8894bc40452b3,-0.000375,-0.000462,17.18759032266154,29,112,2688,0.74569,21.85780679200252,21.857808492000913,0.7788,6bb2627b75bbf1c3cc1a35eaf5559aaeee0e0d51,112,28.0,True,2688,0.286682
00a060d30c40bd8f649d8cd7,lhs30s2000:01,stage4,24,2,0.5,4.0,4.0,4.0,SUCCESS,True,3.383745,-0.257204,-1.540293,-3.573164,0.004207,0.0,/usr/local/bin/avl:sha256=758a9c634d7bfc26,1.5594,0.0,0.62927,False,0.0042701,0.0107893899411108,0.18526,-0.07614,-0.0005,-0.003148,6.8e-05,0.014163,-0.008846,543da140a6d0eacdb86d907fc34529e875e43a4d9c573c356cb8894bc40452b3,-0.000379,-0.0004621,17.170572294741525,29,112,2688,0.74569,21.9546069670032,21.954608966996602,0.7789,6bb2627b75bbf1c3cc1a35eaf5559aaeee0e0d51,112,28.0,True,2688,0.286446
816b90b7af83346d581ce6b5,lhs30s2000:02,stage4,8,2,0.0,4.0,4.0,4.0,SUCCESS,True,3.93949,-0.31723,-1.86969,-4.575913,0.002476,0.0,/usr/local/bin/avl:sha256=758a9c634d7bfc26,2.2771,0.0,0.65443,False,0.0062227,0.012651605138919192,0.26473,-0.11608,-0.000772,-0.003481,7.8e-05,0.013824,-0.009159,543da140a6d0eacdb86d907fc34529e875e43a4d9c573c356cb8894bc40452b3,-0.0004823,-0.0007373,20.924617634930037,29,112,896,1.2584,2.6874832389949006,2.687485139002092,0.8585,6bb2627b75bbf1c3cc1a35eaf5559aaeee0e0d51,112,28.0,True,896,0.310593
720533863debf3ea9de7f048,lhs30s2000:02,stage4,8,2,0.5,4.0,4.0,4.0,SUCCESS,True,3.939672,-0.317207,-1.864479,-4.566625,0.002451,0.0,/usr/local/bin/avl:sha256=758a9c634d7bfc26,2.2771,0.0,0.65443,False,0.0060037,0.012414479658761857,0.25843,-0.11257,-0.000763,-0.003457,7.2e-05,0.013721,-0.009115,543da140a6d0eacdb86d907fc34529e875e43a4d9c573c356cb8894bc40452b3,-0.0005039,-0.0007634,20.81682093035659,29,112,896,1.2584,2.6859704179951223,2.6859720180000295,0.8494,6bb2627b75bbf1c3cc1a35eaf5559aaeee0e0d51,112,28.0,True,896,0.309713
891f01b48bd23b7b90fb0c5c,lhs30s2000:02,stage4,12,2,0.0,4.0,4.0,4.0,SUCCESS,True,3.939968,-0.317213,-1.865914,-4.569983,0.002438,0.0,/usr/local/bin/avl:sha256=758a9c634d7bfc26,2.2771,0.0,0.65443,False,0.0061591,0.01257985797724356,0.26114,-0.11387,-0.000779,-0.003549,7.8e-05,0.014099,-0.009311,543da140a6d0eacdb86d907fc34529e875e43a4d9c573c356cb8894bc40452b3,-0.0004774,-0.0007454,20.758580937272214,29,112,1344,1.2584,6.195668833999662,6.195670433997293,0.8471,6bb2627b75bbf1c3cc1a35eaf5559aaeee0e0d51,112,28.0,True,1344,0.309929
cf789468b9d3b3e94c2c9dd4,lhs30s2000:02,stage4,12,2,0.5,4.0,4.0,4.0,SUCCESS,True,3.940134,-0.317201,-1.86239,-4.561908,0.002444,0.0,/usr/local/bin/avl:sha256=758a9c634d7bfc26,2.2771,0.0,0.65443,False,0.0060149,0.01242412187856032,0.25724,-0.1112,-0.000769,-0.003516,7e-05,0.013965,-0.009228,543da140a6d0eacdb86d907fc34529e875e43a4d9c573c356cb8894bc40452b3,-0.0004906,-0.0007217,20.704883815081217,29,112,1344,1.2584,6.198836989002302,6.198838588999934,0.8424,6bb2627b75bbf1c3cc1a35eaf5559aaeee0e0d51,112,28.0,True,1344,0.30933
95bb9eecc5d3d18c4e4fd6dd,lhs30s2000:02,stage4,16,2,0.0,4.0,4.0,4.0,SUCCESS,True,3.940243,-0.317211,-1.864121,-4.566198,0.002431,0.0,/usr/local/bin/avl:sha256=758a9c634d7bfc26,2.2771,0.0,0.65443,False,0.006122,0.012538504336711304,0.25937,-0.11255,-0.000779,-0.00357,7.6e-05,0.014186,-0.009345,543da140a6d0eacdb86d907fc34529e875e43a4d9c573c356cb8894bc40452b3,-0.0004665,-0.0007176,20.685880311943933,29,112,1792,1.2584,10.518710924996412,10.518712625002081,0.8422,6bb2627b75bbf1c3cc1a35eaf5559aaeee0e0d51,112,28.0,True,1792,0.309609
c2c758cc1f8c47193e69f7b1,lhs30s2000:02,stage4,16,2,0.5,4.0,4.0,4.0,SUCCESS,True,3.940309,-0.317203,-1.861384,-4.559411,0.002438,0.0,/usr/local/bin/avl:sha256=758a9c634d7bfc26,2.2771,0.0,0.65443,False,0.0060433,0.012453375157128826,0.25718,-0.11103,-0.000772,-0.003552,7e-05,0.01411,-0.009303,543da140a6d0eacdb86d907fc34529e875e43a4d9c573c356cb8894bc40452b3,-0.000466,-0.0007114,20.651429572711425,29,112,1792,1.2584,10.469128302000172,10.46913040200161,0.8395,6bb2627b75bbf1c3cc1a35eaf5559aaeee0e0d51,112,28.0,True,1792,0.30915
ea765f74545807490bca4104,lhs30s2000:02,stage4,24,2,0.0,4.0,4.0,4.0,SUCCESS,True,3.940412,-0.317211,-1.862304,-4.561845,0.002428,0.0,/usr/local/bin/avl:sha256=758a9c634d7bfc26,2.2771,0.0,0.65443,False,0.0061166,0.012531307552202567,0.25843,-0.11169,-0.00078,-0.003597,7.4e-05,0.014297,-0.009398,543da140a6d0eacdb86d907fc34529e875e43a4d9c573c356cb8894bc40452b3,-0.0004494,-0.0007001,20.62274817878658,29,112,2688,1.2584,21.950765343004605,21.950767142996483,0.8382,6bb2627b75bbf1c3cc1a35eaf5559aaeee0e0d51,112,28.0,True,2688,0.309294
ed89ef79b2359d18deb30118,lhs30s2000:02,stage4,24,2,0.5,4.0,4.0,4.0,SUCCESS,True,3.94037,-0.317207,-1.860375,-4.556791,0.002438,0.0,/usr/local/bin/avl:sha256=758a9c634d7bfc26,2.2771,0.0,0.65443,False,0.0060972,0.012510180388848376,0.25791,-0.11122,-0.000775,-0.003583,7e-05,0.01424,-0.009364,543da140a6d0eacdb86d907fc34529e875e43a4d9c573c356cb8894bc40452b3,-0.0004525,-0.0006975,20.616009680396132,29,112,2688,1.2584,21.95639754000149,21.956399440001405,0.8383,6bb2627b75bbf1c3cc1a35eaf5559aaeee0e0d51,112,28.0,True,2688,0.308977
603134cdb64aec5bb3691889,lhs30s2000:03,stage4,8,2,0.0,4.0,4.0,4.0,SUCCESS,True,3.399527,-0.261636,-1.422508,-3.494888,0.00277,0.0,/usr/local/bin/avl:sha256=758a9c634d7bfc26,1.8196,0.0,0.68536,False,0.0058055,0.011985596611329218,0.22757,-0.08565,-0.000454,-0.002219,0.000119,0.009678,-0.005943,543da140a6d0eacdb86d907fc34529e875e43a4d9c573c356cb8894bc40452b3,-0.0003098,-0.0004135,18.98695637602993,28,108,864,1.069,2.4784497840009863,2.4784518840024248,0.8827,6bb2627b75bbf1c3cc1a35eaf5559aaeee0e0d51,108,28.0,True,864,0.286786
c0ce80c69e5c8f023fdb3776,lhs30s2000:03,stage4,8,2,0.5,4.0,4.0,4.0,SUCCESS,True,3.399678,-0.261624,-1.417949,-3.487998,0.002766,0.0,/usr/local/bin/avl:sha256=758a9c634d7bfc26,1.8196,0.0,0.68536,False,0.0056332,0.011800186426133685,0.22223,-0.08292,-0.000448,-0.002195,0.000114,0.009566,-0.005887,543da140a6d0eacdb86d907fc34529e875e43a4d9c573c356cb8894bc40452b3,-0.0002987,-0.000395,18.83275331208588,28,108,864,1.069,2.4811892959987745,2.4811912959994515,0.8736,6bb2627b75bbf1c3cc1a35eaf5559aaeee0e0d51,108,28.0,True,864,0.285854
029904c57445d16a362aeb88,lhs30s2000:03,stage4,12,2,0.0,4.0,4.0,4.0,SUCCESS,True,3.399689,-0.261621,-1.419028,-3.490172,0.002754,0.0,/usr/local/bin/avl:sha256=758a9c634d7bfc26,1.8196,0.0,0.68536,False,0.0058081,0.011982240114761917,0.2245,-0.08387,-0.000457,-0.002261,0.000121,0.009869,-0.006031,543da140a6d0eacdb86d907fc34529e875e43a4d9c573c356cb8894bc40452b3,-0.0002858,-0.0003952,18.73606252669063,28,108,1296,1.069,5.78410262199759,5.784104322003259,0.8719,6bb2627b75bbf1c3cc1a35eaf5559aaeee0e0d51,108,28.0,True,1296,0.286071
e125514ba7c40ab6bd035a26,lhs30s2000:03,stage4,12,2,0.5,4.0,4.0,4.0,SUCCESS,True,3.399813,-0.261614,-1.415986,-3.48409,0.002763,0.0,/usr/local/bin/avl:sha256=758a9c634d7bfc26,1.8196,0.0,0.68536,False,0.0057181,0.011885376181950076,0.22152,-0.08197,-0.000453,-0.002253,0.000118,0.009827,-0.00602,543da140a6d0eacdb86d907fc34529e875e43a4d9c573c356cb8894bc40452b3,-0.0003063,-0.0004117,18.638030181696312,28,108,1296,1.069,5.6934234750006,5.6934256750028,0.8656,6bb2627b75bbf1c3cc1a35eaf5559aaeee0e0d51,108,28.0,True,1296,0.285447
c2c30a285562a39cf73c546f,lhs30s2000:03,stage4,16,2,0.0,4.0,4.0,4.0,SUCCESS,True,3.399853,-0.261616,-1.417388,-3.487204,0.002753,0.0,/usr/local/bin/avl:sha256=758a9c634d7bfc26,1.8196,0.0,0.68536,False,0.0058159,0.011987666055230639,0.22315,-0.08289,-0.000458,-0.002283,0.000123,0.009967,-0.006076,543da140a6d0eacdb86d907fc34529e875e43a4d9c573c356cb8894bc40452b3,-0.0002781,-0.0003866,18.614966330550377,28,108,1728,1.069,9.853934683000261,9.853936382998654,0.8664,6bb2627b75bbf1c3cc1a35eaf5559aaeee0e0d51,108,28.0,True,1728,0.285726
88ea39b7e8b49321b345ffb0,lhs30s2000:03,stage4,16,2,0.5,4.0,4.0,4.0,SUCCESS,True,3.399922,-0.261612,-1.415043,-3.481994,0.00277,0.0,/usr/local/bin/avl:sha256=758a9c634d7bfc26,1.8196,0.0,0.68536,False,0.0057591,0.011926369647578997,0.2213,-0.08168,-0.000454,-0.002269,0.000119,0.009903,-0.006042,543da140a6d0eacdb86d907fc34529e875e43a4d9c573c356cb8894bc40452b3,-0.0002864,-0.000384,18.555520794621938,28,108,1728,1.069,9.805106815001636,9.805108515000029,0.8636,6bb2627b75bbf1c3cc1a35eaf5559aaeee0e0d51,108,28.0,True,1728,0.285248
b4d32520795d9c4930742d4c,lhs30s2000:03,stage4,24,2,0.0,4.0,4.0,4.0,SUCCESS,True,3.400009,-0.261613,-1.415728,-3.483721,0.002761,0.0,/usr/local/bin/avl:sha256=758a9c634d7bfc26,1.8196,0.0,0.68536,False,0.0058404,0.012010870031022396,0.22233,-0.08215,-0.000459,-0.002301,0.000123,0.010049,-0.006107,543da140a6d0eacdb86d907fc34529e875e43a4d9c573c356cb8894bc40452b3,-0.0002718,-0.0003757,18.510732313791816,28,108,2592,1.069,20.541974088999268,20.541975888998422,0.8626,6bb2627b75bbf1c3cc1a35eaf5559aaeee0e0d51,108,28.0,True,2592,0.285379
4e995b3304ace842a003fff8,lhs30s2000:03,stage4,24,2,0.5,4.0,4.0,4.0,SUCCESS,True,3.39996,-0.261611,-1.414059,-3.479728,0.002773,0.0,/usr/local/bin/avl:sha256=758a9c634d7bfc26,1.8196,0.0,0.68536,False,0.0058368,0.012006282978550924,0.22195,-0.08182,-0.000456,-0.002294,0.00012,0.010015,-0.006091,543da140a6d0eacdb86d907fc34529e875e43a4d9c573c356cb8894bc40452b3,-0.0002762,-0.0003782,18.4861543240744,28,108,2592,1.069,20.43634788000054,20.43634937999741,0.8624,6bb2627b75bbf1c3cc1a35eaf5559aaeee0e0d51,108,28.0,True,2592,0.285046
5dec507f7b33611f16692add,lhs30s2000:00,stage4_refneutral,48,2,0.0,4.0,4.0,4.0,SUCCESS,True,3.741809,-0.293326,-1.870936,-4.610968,0.003648,0.0,/usr/local/bin/avl:sha256=758a9c634d7bfc26,1.7165,0.0,0.5539,False,0.003503,0.010054154233368761,0.1906,-0.08005,-0.000588,-0.002608,1.9e-05,0.010254,-0.006816,543da140a6d0eacdb86d907fc34529e875e43a4d9c573c356cb8894bc40452b3,-0.0001852,-0.0003034,18.957337989446902,29,112,5376,0.77939,78.65331339900149,78.65331659899675,0.8699,6bb2627b75bbf1c3cc1a35eaf5559aaeee0e0d51,112,28.0,True,5376,0.276955
0d0b8f9b337b0411f17ee1fe,lhs30s2000:01,stage4_refneutral,48,2,0.0,4.0,4.0,4.0,SUCCESS,True,3.384268,-0.257201,-1.540469,-3.573874,0.004228,0.0,/usr/local/bin/avl:sha256=758a9c634d7bfc26,1.5594,0.0,0.62927,False,0.0043182,0.010839850359673118,0.18575,-0.07638,-0.000501,-0.00318,6.9e-05,0.014314,-0.008917,543da140a6d0eacdb86d907fc34529e875e43a4d9c573c356cb8894bc40452b3,-0.0003641,-0.0004493,17.135845407150196,29,112,5376,0.74569,76.66270182399603,76.66270452400204,0.7768,6bb2627b75bbf1c3cc1a35eaf5559aaeee0e0d51,112,28.0,True,5376,0.286434
d674def9ef1198f83957d4ef,lhs30s2000:02,stage4_refneutral,48,2,0.0,4.0,4.0,4.0,SUCCESS,True,3.940394,-0.317211,-1.860343,-4.55673,0.002429,0.0,/usr/local/bin/avl:sha256=758a9c634d7bfc26,2.2771,0.0,0.65443,False,0.0061419,0.01255725165835525,0.2584,-0.1115,-0.00078,-0.003621,7e-05,0.014396,-0.00944,543da140a6d0eacdb86d907fc34529e875e43a4d9c573c356cb8894bc40452b3,-0.0004356,-0.0006835,20.57775116962538,29,112,5376,1.2584,76.49877141600155,76.49877451600332,0.8364,6bb2627b75bbf1c3cc1a35eaf5559aaeee0e0d51,112,28.0,True,5376,0.30897
712b9633439cf01757ea8319,lhs30s2000:03,stage4_refneutral,48,2,0.0,4.0,4.0,4.0,SUCCESS,True,3.400028,-0.261613,-1.413922,-3.479463,0.002768,0.0,/usr/local/bin/avl:sha256=758a9c634d7bfc26,1.8196,0.0,0.68536,False,0.0058913,0.01206232289517957,0.22232,-0.08198,-0.000459,-0.002319,0.000122,0.01013,-0.006137,543da140a6d0eacdb86d907fc34529e875e43a4d9c573c356cb8894bc40452b3,-0.0002598,-0.0003627,18.4309441831345,28,108,5184,1.069,71.5265357610042,71.52653856099641,0.8609,6bb2627b75bbf1c3cc1a35eaf5559aaeee0e0d51,108,28.0,True,5184,0.285013
11bb6047889470e7215cf969,extreme:high_ar,stage6,8,2,0.0,-2.0,4.0,4.0,SUCCESS,True,4.695567,-0.404416,-3.44437,-9.546153,0.003311,0.0,/usr/local/bin/avl:sha256=758a9c634d7bfc26,2.4999,0.0,0.46449,False,0.0036754,0.011630675969335797,-0.24918,0.19907,-0.000447,-0.003424,-4.8e-05,0.011741,-0.011451,543da140a6d0eacdb86d907fc34529e875e43a4d9c573c356cb8894bc40452b3,-0.0003065,-0.0002027,-21.424378140785752,29,112,896,0.95187,3.890660807999666,3.890663302008761,0.8085,6bb2627b75bbf1c3cc1a35eaf5559aaeee0e0d51,112,28.0,True,896,0.340724
1d2080f383f98de94088f240,extreme:high_ar,stage6,8,2,0.0,0.0,4.0,4.0,SUCCESS,True,4.712853,-0.404108,-3.464761,-9.560204,0.00163,0.0,/usr/local/bin/avl:sha256=758a9c634d7bfc26,2.4999,0.0,0.46449,False,0.0009933,0.007717878960446221,-0.08494,0.07837,-0.000505,-0.003432,-6.9e-05,0.011792,-0.011489,543da140a6d0eacdb86d907fc34529e875e43a4d9c573c356cb8894bc40452b3,-0.0003075,-0.0002883,-11.005614422733712,29,112,896,0.95187,3.517474972002674,3.5174795830098446,0.3491,6bb2627b75bbf1c3cc1a35eaf5559aaeee0e0d51,112,28.0,True,896,0.341484
dbd346e16404401b9a6f45b0,extreme:high_ar,stage6,8,2,0.0,4.0,4.0,4.0,SUCCESS,True,4.707069,-0.401046,-3.460708,-9.565692,0.002401,0.0,/usr/local/bin/avl:sha256=758a9c634d7bfc26,2.4999,0.0,0.46449,False,0.0033706,0.010519898367090096,0.24419,-0.16372,-0.000617,-0.003429,-8e-05,0.011803,-0.011487,543da140a6d0eacdb86d907fc34529e875e43a4d9c573c356cb8894bc40452b3,-0.0003072,-0.0004571,23.212201437602413,29,112,896,0.95187,3.335745293996297,3.3357486079912633,0.8296,6bb2627b75bbf1c3cc1a35eaf5559aaeee0e0d51,112,28.0,True,896,0.341504
13321e8bbe94ff5b6f1bec85,extreme:high_ar,stage6,12,2,0.0,-2.0,4.0,4.0,SUCCESS,True,4.69535,-0.404459,-3.440201,-9.537135,0.003332,0.0,/usr/local/bin/avl:sha256=758a9c634d7bfc26,2.4999,0.0,0.46449,False,0.0038362,0.01182182027299871,-0.25397,0.20257,-0.000447,-0.003486,-6.5e-05,0.011954,-0.01164,543da140a6d0eacdb86d907fc34529e875e43a4d9c573c356cb8894bc40452b3,-0.0002875,-0.0001738,-21.483155227801326,29,112,1344,0.95187,7.26340407099633,7.263407192003797,0.8056,6bb2627b75bbf1c3cc1a35eaf5559aaeee0e0d51,112,28.0,True,1344,0.340327
df88871274fd514bd3857a54,extreme:high_ar,stage6,12,2,0.0,0.0,4.0,4.0,SUCCESS,True,4.712857,-0.404121,-3.460559,-9.550552,0.001638,0.0,/usr/local/bin/avl:sha256=758a9c634d7bfc26,2.4999,0.0,0.46449,False,0.001059,0.007801300432946981,-0.08973,0.08201,-0.000506,-0.003495,-8.3e-05,0.012008,-0.011678,543da140a6d0eacdb86d907fc34529e875e43a4d9c573c356cb8894bc40452b3,-0.0002885,-0.0002636,-11.501928527331954,29,112,1344,0.95187,8.155382879005629,8.155385443998966,0.3634,6bb2627b75bbf1c3cc1a35eaf5559aaeee0e0d51,112,28.0,True,1344,0.34107
fa8f312bdf58f36190f57c92,extreme:high_ar,stage6,12,2,0.0,4.0,4.0,4.0,SUCCESS,True,4.707317,-0.401031,-3.456733,-9.55531,0.002391,0.0,/usr/local/bin/avl:sha256=758a9c634d7bfc26,2.4999,0.0,0.46449,False,0.0033118,0.01044666447140636,0.23941,-0.15979,-0.000621,-0.003491,-8.8e-05,0.012021,-0.011675,543da140a6d0eacdb86d907fc34529e875e43a4d9c573c356cb8894bc40452b3,-0.0002882,-0.0004412,22.91736282478401,29,112,1344,0.95187,7.741606903000502,7.7416092900093645,0.8213,6bb2627b75bbf1c3cc1a35eaf5559aaeee0e0d51,112,28.0,True,1344,0.341093
d729d8f40f1a0df0570684de,extreme:high_ar,stage6,16,2,0.0,-2.0,4.0,4.0,SUCCESS,True,4.695234,-0.404476,-3.438021,-9.531255,0.003342,0.0,/usr/local/bin/avl:sha256=758a9c634d7bfc26,2.4999,0.0,0.46449,False,0.0039194,0.011917929341383755,-0.2561,0.20428,-0.000446,-0.003518,-7.5e-05,0.012063,-0.011736,543da140a6d0eacdb86d907fc34529e875e43a4d9c573c356cb8894bc40452b3,-0.0002781,-0.0001587,-21.488632183001766,29,112,1792,0.95187,12.308634920002078,12.30863722799404,0.8038,6bb2627b75bbf1c3cc1a35eaf5559aaeee0e0d51,112,28.0,True,1792,0.34012
423733baa48ac2b4d92e9ecf,extreme:high_ar,stage6,16,2,0.0,0.0,4.0,4.0,SUCCESS,True,4.71286,-0.404124,-3.458383,-9.544409,0.001643,0.0,/usr/local/bin/avl:sha256=758a9c634d7bfc26,2.4999,0.0,0.46449,False,0.0010946,0.007844825059460334,-0.09186,0.0838,-0.000506,-0.003526,-9.1e-05,0.012118,-0.011774,543da140a6d0eacdb86d907fc34529e875e43a4d9c573c356cb8894bc40452b3,-0.000279,-0.0002502,-11.70963014519017,29,112,1792,0.95187,12.838098098989576,12.838100662003853,0.3688,6bb2627b75bbf1c3cc1a35eaf5559aaeee0e0d51,112,28.0,True,1792,0.340855
357a0896981259cfa57ef51c,extreme:high_ar,stage6,16,2,0.0,4.0,4.0,4.0,SUCCESS,True,4.707443,-0.401022,-3.454693,-9.548875,0.002389,0.0,/usr/local/bin/avl:sha256=758a9c634d7bfc26,2.4999,0.0,0.46449,False,0.0032903,0.01041892459311786,0.23729,-0.15786,-0.000623,-0.003523,-9.2e-05,0.012132,-0.011771,543da140a6d0eacdb86d907fc34529e875e43a4d9c573c356cb8894bc40452b3,-0.0002788,-0.0004312,22.774903290569938,29,112,1792,0.95187,13.621438746005879,13.621440837989212,0.8171,6bb2627b75bbf1c3cc1a35eaf5559aaeee0e0d51,112,28.0,True,1792,0.340883
774e7d02064b74a55376c624,extreme:high_ar,stage6,24,4,1.0,-2.0,4.0,4.0,SUCCESS,True,4.687543,-0.402301,-3.424357,-9.492174,0.003373,0.0,/usr/local/bin/avl:sha256=758a9c634d7bfc26,2.4999,0.0,0.46449,False,0.0040215,0.012050643774456159,-0.25764,0.20517,-0.00043,-0.003508,-0.000101,0.012042,-0.011714,543da140a6d0eacdb86d907fc34529e875e43a4d9c573c356cb8894bc40452b3,-0.0002751,-0.0001519,-21.379770643135387,29,224,5376,0.95187,108.71423341199988,108.71423793800932,0.8025,6bb2627b75bbf1c3cc1a35eaf5559aaeee0e0d51,224,28.0,True,5376,0.339324
4816e05d6c17afd160444068,extreme:high_ar,stage6,24,4,1.0,0.0,4.0,4.0,SUCCESS,True,4.70541,-0.401951,-3.444771,-9.505332,0.001656,0.0,/usr/local/bin/avl:sha256=758a9c634d7bfc26,2.4999,0.0,0.46449,False,0.0011283,0.007890889054103104,-0.09366,0.08517,-0.000491,-0.003517,-0.000115,0.012101,-0.011752,543da140a6d0eacdb86d907fc34529e875e43a4d9c573c356cb8894bc40452b3,-0.000276,-0.0002436,-11.869384977767325,29,224,5376,0.95187,112.07766044899472,112.07766455299861,0.3772,6bb2627b75bbf1c3cc1a35eaf5559aaeee0e0d51,224,28.0,True,5376,0.340051
76ec4775e67e1fac3e6691e9,extreme:high_ar,stage6,24,4,1.0,4.0,4.0,4.0,SUCCESS,True,4.700262,-0.398877,-3.441324,-9.509785,0.002402,0.0,/usr/local/bin/avl:sha256=758a9c634d7bfc26,2.4999,0.0,0.46449,False,0.0032676,0.01039385172620068,0.23498,-0.15555,-0.000608,-0.003513,-0.000111,0.01212,-0.011748,543da140a6d0eacdb86d907fc34529e875e43a4d9c573c356cb8894bc40452b3,-0.0002758,-0.0004251,22.60759593170505,29,224,5376,0.95187,111.57960257999366,111.57960760999413,0.8122,6bb2627b75bbf1c3cc1a35eaf5559aaeee0e0d51,224,28.0,True,5376,0.340083
33464e932937c82f2eed0bb7,extreme:high_ar,stage6,48,2,1.0,-2.0,4.0,4.0,SUCCESS,True,4.694821,-0.40449,-3.430873,-9.506424,0.003378,0.0,/usr/local/bin/avl:sha256=758a9c634d7bfc26,2.4999,0.0,0.46449,False,0.0040657,0.012063092228896642,-0.25728,0.20485,-0.000431,-0.003567,-0.000112,0.012226,-0.01188,543da140a6d0eacdb86d907fc34529e875e43a4d9c573c356cb8894bc40452b3,-0.0002633,-0.0001382,-21.327864789402533,29,112,5376,0.95187,113.05555102200015,113.05555472099513,0.801,6bb2627b75bbf1c3cc1a35eaf5559aaeee0e0d51,112,28.0,True,5376,0.339443
2ac836d3cafc0f664f5e1570,extreme:high_ar,stage6,48,2,1.0,0.0,4.0,4.0,SUCCESS,True,4.712667,-0.404123,-3.451239,-9.519507,0.001649,0.0,/usr/local/bin/avl:sha256=758a9c634d7bfc26,2.4999,0.0,0.46449,False,0.0011536,0.007908223123791391,-0.09305,0.08462,-0.000493,-0.003576,-0.000126,0.012287,-0.011918,543da140a6d0eacdb86d907fc34529e875e43a4d9c573c356cb8894bc40452b3,-0.0002642,-0.0002314,-11.766233519646775,29,112,5376,0.95187,105.74834587599616,105.74834847799502,0.3689,6bb2627b75bbf1c3cc1a35eaf5559aaeee0e0d51,112,28.0,True,5376,0.340165
d9e61b8d030b8be92d50fabd,extreme:max_sweep,stage6,8,2,0.0,-2.0,4.0,4.0,SUCCESS,True,3.150009,-0.266709,0.836864,-0.952624,-0.003997,0.0,/usr/local/bin/avl:sha256=758a9c634d7bfc26,1.7165,0.0,0.5539,False,0.0029073,0.01016243214757443,-0.16765,-0.03606,-0.000267,-0.001595,-0.00016,0.006424,0.002498,543da140a6d0eacdb86d907fc34529e875e43a4d9c573c356cb8894bc40452b3,-9.704e-05,-6.581e-05,-16.497035115753732,29,112,896,0.7794,3.8754028960102005,3.875405568993301,0.879,6bb2627b75bbf1c3cc1a35eaf5559aaeee0e0d51,112,28.0,True,896,-0.147156
380c41bdbda25a9d4c3072d8,extreme:max_sweep,stage6,8,2,0.0,0.0,4.0,4.0,SUCCESS,True,3.164988,-0.268438,0.838938,-0.953427,-0.002303,0.0,/usr/local/bin/avl:sha256=758a9c634d7bfc26,1.7165,0.0,0.5539,False,0.000526,0.0069012736249324386,-0.0574,-0.00681,-0.000381,-0.001607,-0.000145,0.006481,0.002516,543da140a6d0eacdb86d907fc34529e875e43a4d9c573c356cb8894bc40452b3,-9.788e-05,-0.0001037,-8.317305343846865,29,112,896,0.7794,3.9295160849869717,3.929519976998563,0.5585,6bb2627b75bbf1c3cc1a35eaf5559aaeee0e0d51,112,28.0,True,896,-0.146822
8d1f86fcc725f8135f70f73f,extreme:max_sweep,stage6,8,2,0.0,4.0,4.0,4.0,SUCCESS,True,3.161623,-0.268321,0.831922,-0.952619,-0.000552,0.0,/usr/local/bin/avl:sha256=758a9c634d7bfc26,1.7165,0.0,0.5539,False,0.0030433,0.009519104616353904,0.1637,0.05161,-0.000608,-0.00162,-0.000128,0.006542,0.002536,543da140a6d0eacdb86d907fc34529e875e43a4d9c573c356cb8894bc40452b3,-9.886e-05,-0.000179,17.19699557863478,29,112,896,0.7794,3.566274668002734,3.566278375001275,0.8392,6bb2627b75bbf1c3cc1a35eaf5559aaeee0e0d51,112,28.0,True,896,-0.14575
5c7c64de878d780f5446cb0f,extreme:max_sweep,stage6,12,2,0.0,-2.0,4.0,4.0,SUCCESS,True,3.153847,-0.266951,0.843148,-0.960406,-0.004032,0.0,/usr/local/bin/avl:sha256=758a9c634d7bfc26,1.7165,0.0,0.5539,False,0.0030269,0.010290008514918972,-0.17038,-0.0366,-0.000285,-0.001629,-0.000172,0.006563,0.00257,543da140a6d0eacdb86d907fc34529e875e43a4d9c573c356cb8894bc40452b3,-9.018e-05,-5.592e-05,-16.557809427754556,29,112,1344,0.7794,8.026982535011484,8.026985653006705,0.8732,6bb2627b75bbf1c3cc1a35eaf5559aaeee0e0d51,112,28.0,True,1344,-0.148081
afcc5339bad82a992ea987f7,extreme:max_sweep,stage6,12,2,0.0,0.0,4.0,4.0,SUCCESS,True,3.168865,-0.268662,0.845134,-0.961206,-0.002316,0.0,/usr/local/bin/avl:sha256=758a9c634d7bfc26,1.7165,0.0,0.5539,False,0.0005837,0.006968244316969104,-0.06,-0.00712,-0.000401,-0.001641,-0.000156,0.006623,0.002589,543da140a6d0eacdb86d907fc34529e875e43a4d9c573c356cb8894bc40452b3,-9.098e-05,-9.573e-05,-8.610490285750702,29,112,1344,0.7794,8.06199690401263,8.061999725992791,0.5661,6bb2627b75bbf1c3cc1a35eaf5559aaeee0e0d51,112,28.0,True,1344,-0.147726
735de35d407987f31d327a4e,extreme:max_sweep,stage6,12,2,0.0,4.0,4.0,4.0,SUCCESS,True,3.165905,-0.268552,0.837858,-0.960371,-0.000508,0.0,/usr/local/bin/avl:sha256=758a9c634d7bfc26,1.7165,0.0,0.5539,False,0.0028636,0.009335183161199639,0.16138,0.05172,-0.000634,-0.001655,-0.000138,0.006688,0.002609,543da140a6d0eacdb86d907fc34529e875e43a4d9c573c356cb8894bc40452b3,-9.191e-05,-0.000175,17.28728801709569,29,112,1344,0.7794,8.110047157999361,8.110050554998452,0.8397,6bb2627b75bbf1c3cc1a35eaf5559aaeee0e0d51,112,28.0,True,1344,-0.146591
218f743be31bada6fecb82fe,extreme:max_sweep,stage6,16,2,0.0,-2.0,4.0,4.0,SUCCESS,True,3.156244,-0.267076,0.846427,-0.963333,-0.004035,0.0,/usr/local/bin/avl:sha256=758a9c634d7bfc26,1.7165,0.0,0.5539,False,0.0030657,0.010331301703048208,-0.17159,-0.03667,-0.000295,-0.001646,-0.000179,0.006633,0.002607,543da140a6d0eacdb86d907fc34529e875e43a4d9c573c356cb8894bc40452b3,-8.679e-05,-5.058e-05,-16.608749306911932,29,112,1792,0.7794,14.217692042002454,14.217694448991097,0.8702,6bb2627b75bbf1c3cc1a35eaf5559aaeee0e0d51,112,28.0,True,1792,-0.148544
f1f74e7595f2ece278f4b725,extreme:max_sweep,stage6,16,2,0.0,0.0,4.0,4.0,SUCCESS,True,3.17126,-0.268777,0.848361,-0.964128,-0.002311,0.0,/usr/local/bin/avl:sha256=758a9c634d7bfc26,1.7165,0.0,0.5539,False,0.0006048,0.006993381823412975,-0.06112,-0.00708,-0.000413,-0.001658,-0.000163,0.006695,0.002626,543da140a6d0eacdb86d907fc34529e875e43a4d9c573c356cb8894bc40452b3,-8.756e-05,-9.115e-05,-8.739691545995361,29,112,1792,0.7794,13.85575440399407,13.855756282006041,0.5679,6bb2627b75bbf1c3cc1a35eaf5559aaeee0e0d51,112,28.0,True,1792,-0.148178
64df6c01cab0594b983e57e0,extreme:max_sweep,stage6,16,2,0.0,4.0,4.0,4.0,SUCCESS,True,3.168499,-0.268669,0.840937,-0.963277,-0.000479,0.0,/usr/local/bin/avl:sha256=758a9c634d7bfc26,1.7165,0.0,0.5539,False,0.0027785,0.00924845309171943,0.16043,0.05198,-0.000648,-0.001672,-0.000144,0.006761,0.002647,543da140a6d0eacdb86d907fc34529e875e43a4d9c573c356cb8894bc40452b3,-8.847e-05,-0.000172,17.346684727594113,29,112,1792,0.7794,14.018805769010214,14.018807768006809,0.8401,6bb2627b75bbf1c3cc1a35eaf5559aaeee0e0d51,112,28.0,True,1792,-0.147009
6dd00ec5bac735591666d150,extreme:max_sweep,stage6,24,4,1.0,-2.0,4.0,4.0,SUCCESS,True,3.150558,-0.265379,0.848079,-0.960483,-0.004044,0.0,/usr/local/bin/avl:sha256=758a9c634d7bfc26,1.7165,0.0,0.5539,False,0.0029726,0.010236507637257386,-0.17234,-0.03709,-0.000323,-0.001639,-0.000196,0.006616,0.002596,543da140a6d0eacdb86d907fc34529e875e43a4d9c573c356cb8894bc40452b3,-8.588e-05,-4.821e-05,-16.83581999907286,29,224,5376,0.7794,102.69318205500895,102.69318436998583,0.8663,6bb2627b75bbf1c3cc1a35eaf5559aaeee0e0d51,224,28.0,True,5376,-0.149102
5ec7333660e9608332ed7f52,extreme:max_sweep,stage6,24,4,1.0,0.0,4.0,4.0,SUCCESS,True,3.165415,-0.267076,0.850024,-0.961279,-0.002319,0.0,/usr/local/bin/avl:sha256=758a9c634d7bfc26,1.7165,0.0,0.5539,False,0.0005875,0.0069740484600652256,-0.06208,-0.00745,-0.000439,-0.001651,-0.000178,0.006679,0.002615,543da140a6d0eacdb86d907fc34529e875e43a4d9c573c356cb8894bc40452b3,-8.666e-05,-8.905e-05,-8.901572788815894,29,224,5376,0.7794,108.2347626999981,108.23476506600855,0.5729,6bb2627b75bbf1c3cc1a35eaf5559aaeee0e0d51,224,28.0,True,5376,-0.148743
61d0f2b9b61ca1bfb5690b28,extreme:max_sweep,stage6,24,4,1.0,4.0,4.0,4.0,SUCCESS,True,3.163144,-0.266977,0.842594,-0.960434,-0.000449,0.0,/usr/local/bin/avl:sha256=758a9c634d7bfc26,1.7165,0.0,0.5539,False,0.0026506,0.009114810551274216,0.15908,0.05173,-0.000671,-0.001665,-0.000157,0.006751,0.002637,543da140a6d0eacdb86d907fc34529e875e43a4d9c573c356cb8894bc40452b3,-8.757e-05,-0.0001705,17.45291348680431,29,224,5376,0.7794,106.86302200499631,106.863024589009,0.8367,6bb2627b75bbf1c3cc1a35eaf5559aaeee0e0d51,224,28.0,True,5376,-0.147548
50d8e388b29a09aeb9e1ba7e,extreme:max_sweep,stage6,48,2,1.0,-2.0,4.0,4.0,SUCCESS,True,3.160046,-0.267252,0.854088,-0.965147,-0.003973,0.0,/usr/local/bin/avl:sha256=758a9c634d7bfc26,1.7165,0.0,0.5539,False,0.0029086,0.010175458530104566,-0.1725,-0.03722,-0.000335,-0.001671,-0.000205,0.006731,0.002663,543da140a6d0eacdb86d907fc34529e875e43a4d9c573c356cb8894bc40452b3,-8.156e-05,-4.341e-05,-16.952552996963306,29,112,5376,0.7794,106.81463235299452,106.81463627199992,0.8684,6bb2627b75bbf1c3cc1a35eaf5559aaeee0e0d51,112,28.0,True,5376,-0.149708
64554922f1644f0768efaf8c,extreme:max_sweep,stage6,48,2,1.0,0.0,4.0,4.0,SUCCESS,True,3.174783,-0.268933,0.85597,-0.965921,-0.002268,0.0,/usr/local/bin/avl:sha256=758a9c634d7bfc26,1.7165,0.0,0.5539,False,0.0005548,0.006946107301621945,-0.06191,-0.00737,-0.000453,-0.001683,-0.000187,0.006797,0.002683,543da140a6d0eacdb86d907fc34529e875e43a4d9c573c356cb8894bc40452b3,-8.23e-05,-8.472e-05,-8.912905791930935,29,112,5376,0.7794,107.86439716099994,107.86440058599692,0.5678,6bb2627b75bbf1c3cc1a35eaf5559aaeee0e0d51,112,28.0,True,5376,-0.149341
3786cb4ecc7c00c4c93a9e8b,extreme:min_chord,stage6,8,2,0.0,-2.0,4.0,4.0,SUCCESS,True,3.731818,-0.291805,-1.847615,-4.528478,0.001879,0.0,/usr/local/bin/avl:sha256=758a9c634d7bfc26,1.7166,0.0,0.55705,False,0.003758,0.011156704065575587,-0.19916,0.11473,-0.000278,-0.002327,-5.8e-05,0.009188,-0.006031,543da140a6d0eacdb86d907fc34529e875e43a4d9c573c356cb8894bc40452b3,-0.0001862,-0.000125,-17.851150198965605,29,112,896,0.76513,3.2856957460026024,3.285698362000403,0.8606,6bb2627b75bbf1c3cc1a35eaf5559aaeee0e0d51,112,28.0,True,896,0.275795
8e34775cf6260f2d7914d4cd,extreme:min_chord,stage6,8,2,0.0,0.0,4.0,4.0,SUCCESS,True,3.748632,-0.291965,-1.859137,-4.535259,0.001486,0.0,/usr/local/bin/avl:sha256=758a9c634d7bfc26,1.7166,0.0,0.55705,False,0.000831,0.00723840939316012,-0.06857,0.05001,-0.000376,-0.002336,-2.1e-05,0.00924,-0.006055,543da140a6d0eacdb86d907fc34529e875e43a4d9c573c356cb8894bc40452b3,-0.0001871,-0.0001762,-9.473075682178838,29,112,896,0.76513,3.2851587689947337,3.285161488005542,0.4634,6bb2627b75bbf1c3cc1a35eaf5559aaeee0e0d51,112,28.0,True,896,0.276271
8ee9e8422e8fc0a9766bf59d,extreme:min_chord,stage6,8,2,0.0,4.0,4.0,4.0,SUCCESS,True,3.743564,-0.288882,-1.858061,-4.537235,0.003589,0.0,/usr/local/bin/avl:sha256=758a9c634d7bfc26,1.7166,0.0,0.55705,False,0.0033362,0.009977194952811536,0.19326,-0.07993,-0.000572,-0.00234,3e-05,0.009266,-0.006068,543da140a6d0eacdb86d907fc34529e875e43a4d9c573c356cb8894bc40452b3,-0.0001875,-0.0002776,19.3701737726935,29,112,896,0.76513,3.594494456992834,3.5944989909912692,0.8901,6bb2627b75bbf1c3cc1a35eaf5559aaeee0e0d51,112,28.0,True,896,0.276484
b0e950990892c2407cc545e1,extreme:min_chord,stage6,12,2,0.0,-2.0,4.0,4.0,SUCCESS,True,3.731947,-0.291885,-1.844178,-4.523445,0.001886,0.0,/usr/local/bin/avl:sha256=758a9c634d7bfc26,1.7166,0.0,0.55705,False,0.0039006,0.011309194997298447,-0.2026,0.11662,-0.000276,-0.002372,-6.9e-05,0.009365,-0.006128,543da140a6d0eacdb86d907fc34529e875e43a4d9c573c356cb8894bc40452b3,-0.000172,-0.0001047,-17.914626111619555,29,112,1344,0.76513,7.930104774000938,7.930107159001636,0.8563,6bb2627b75bbf1c3cc1a35eaf5559aaeee0e0d51,112,28.0,True,1344,0.275273
b14ba0f8ea47e1b0adca57fa,extreme:min_chord,stage6,12,2,0.0,0.0,4.0,4.0,SUCCESS,True,3.74883,-0.292014,-1.85569,-4.529971,0.00149,0.0,/usr/local/bin/avl:sha256=758a9c634d7bfc26,1.7166,0.0,0.55705,False,0.0008839,0.007304523670297296,-0.072,0.05202,-0.000377,-0.002381,-2.9e-05,0.00942,-0.006152,543da140a6d0eacdb86d907fc34529e875e43a4d9c573c356cb8894bc40452b3,-0.0001728,-0.0001586,-9.856905562887933,29,112,1344,0.76513,8.29046995799581,8.290473252010997,0.4726,6bb2627b75bbf1c3cc1a35eaf5559aaeee0e0d51,112,28.0,True,1344,0.275744
68855094bb5ad7e6e1ef04ff,extreme:min_chord,stage6,12,2,0.0,4.0,4.0,4.0,SUCCESS,True,3.743687,-0.288875,-1.854656,-4.531464,0.003597,0.0,/usr/local/bin/avl:sha256=758a9c634d7bfc26,1.7166,0.0,0.55705,False,0.0032807,0.009914996557070607,0.18984,-0.07769,-0.000576,-0.002385,2.7e-05,0.009448,-0.006166,543da140a6d0eacdb86d907fc34529e875e43a4d9c573c356cb8894bc40452b3,-0.0001733,-0.0002652,19.146754001101577,29,112,1344,0.76513,7.890402144999825,7.890406165999593,0.8848,6bb2627b75bbf1c3cc1a35eaf5559aaeee0e0d51,112,28.0,True,1344,0.275969
8e3640e4f233d2a75b1e8bf1,extreme:min_chord,stage6,16,2,0.0,-2.0,4.0,4.0,SUCCESS,True,3.732072,-0.291925,-1.842508,-4.520113,0.001892,0.0,/usr/local/bin/avl:sha256=758a9c634d7bfc26,1.7166,0.0,0.55705,False,0.0039758,0.011387181162538049,-0.2041,0.11761,-0.000275,-0.002395,-7.4e-05,0.009456,-0.006178,543da140a6d0eacdb86d907fc34529e875e43a4d9c573c356cb8894bc40452b3,-0.000165,-9.428e-05,-17.923663203976712,29,112,1792,0.76513,13.970489294006256,13.970492956999806,0.8538,6bb2627b75bbf1c3cc1a35eaf5559aaeee0e0d51,112,28.0,True,1792,0.275014
665e527f0ee6035451fe14dc,extreme:min_chord,stage6,16,2,0.0,0.0,4.0,4.0,SUCCESS,True,3.748992,-0.29204,-1.854026,-4.526524,0.001495,0.0,/usr/local/bin/avl:sha256=758a9c634d7bfc26,1.7166,0.0,0.55705,False,0.0009141,0.00734051131502664,-0.07349,0.05307,-0.000377,-0.002404,-3.4e-05,0.009512,-0.006202,543da140a6d0eacdb86d907fc34529e875e43a4d9c573c356cb8894bc40452b3,-0.0001659,-0.0001492,-10.011564160327609,29,112,1792,0.76513,13.445343354993383,13.445346151012927,0.4752,6bb2627b75bbf1c3cc1a35eaf5559aaeee0e0d51,112,28.0,True,1792,0.275485
2f72f44b72a5bfc180549c0c,extreme:min_chord,stage6,16,2,0.0,4.0,4.0,4.0,SUCCESS,True,3.743799,-0.288873,-1.853028,-4.527801,0.003605,0.0,/usr/local/bin/avl:sha256=758a9c634d7bfc26,1.7166,0.0,0.55705,False,0.0032614,0.00989284948876765,0.18836,-0.07653,-0.000578,-0.002408,2.5e-05,0.009541,-0.006216,543da140a6d0eacdb86d907fc34529e875e43a4d9c573c356cb8894bc40452b3,-0.0001663,-0.0002579,19.0400147312323,29,112,1792,0.76513,14.029400832994725,14.02940314800071,0.882,6bb2627b75bbf1c3cc1a35eaf5559aaeee0e0d51,112,28.0,True,1792,0.275718
fbff629924795928c9dc1c5e,extreme:min_chord,stage6,24,4,1.0,-2.0,4.0,4.0,SUCCESS,True,3.724675,-0.290195,-1.833067,-4.499777,0.001929,0.0,/usr/local/bin/avl:sha256=758a9c634d7bfc26,1.7166,0.0,0.55705,False,0.0040912,0.011497981328497452,-0.20508,0.11793,-0.000266,-0.002386,-9e-05,0.009435,-0.006164,543da140a6d0eacdb86d907fc34529e875e43a4d9c573c356cb8894bc40452b3,-0.000163,-9.002e-05,-17.836174380603182,29,224,5376,0.76513,100.89302550800494,100.89302906200464,0.851,6bb2627b75bbf1c3cc1a35eaf5559aaeee0e0d51,224,28.0,True,5376,0.274149
ffbacb662c874ce0466e9e41,extreme:min_chord,stage6,24,4,1.0,0.0,4.0,4.0,SUCCESS,True,3.741725,-0.2903,-1.844568,-4.506134,0.001517,0.0,/usr/local/bin/avl:sha256=758a9c634d7bfc26,1.7166,0.0,0.55705,False,0.0009552,0.007379133216216455,-0.07473,0.05371,-0.000367,-0.002395,-4.8e-05,0.009494,-0.006188,543da140a6d0eacdb86d907fc34529e875e43a4d9c573c356cb8894bc40452b3,-0.0001639,-0.000145,-10.127205704292292,29,224,5376,0.76513,108.25635797101131,108.2563603590097,0.4815,6bb2627b75bbf1c3cc1a35eaf5559aaeee0e0d51,224,28.0,True,5376,0.274612
851a868a2c9dbdb8ff1b29b1,extreme:min_chord,stage6,24,4,1.0,4.0,4.0,4.0,SUCCESS,True,3.736555,-0.287129,-1.843625,-4.507296,0.003636,0.0,/usr/local/bin/avl:sha256=758a9c634d7bfc26,1.7166,0.0,0.55705,False,0.0032423,0.009860058633167464,0.18661,-0.07522,-0.000569,-0.002399,1.4e-05,0.009527,-0.006201,543da140a6d0eacdb86d907fc34529e875e43a4d9c573c356cb8894bc40452b3,-0.0001643,-0.000254,18.925850944970804,29,224,5376,0.76513,107.91751746000955,107.91752178799652,0.8775,6bb2627b75bbf1c3cc1a35eaf5559aaeee0e0d51,224,28.0,True,5376,0.274851
f291c0bdc89ee66db99f5116,extreme:min_chord,stage6,48,2,1.0,-2.0,4.0,4.0,SUCCESS,True,3.732357,-0.291987,-1.837451,-4.506531,0.00191,0.0,/usr/local/bin/avl:sha256=758a9c634d7bfc26,1.7166,0.0,0.55705,False,0.0041341,0.01154120738359736,-0.20491,0.11784,-0.000265,-0.00243,-9.9e-05,0.009591,-0.006249,543da140a6d0eacdb86d907fc34529e875e43a4d9c573c356cb8894bc40452b3,-0.0001544,-8.036e-05,-17.75464153700444,29,112,5376,0.76513,107.9262869739905,107.92629073299759,0.851,6bb2627b75bbf1c3cc1a35eaf5559aaeee0e0d51,112,28.0,True,5376,0.274239
8fe7736e6522323ebcec904c,extreme:min_chord,stage6,48,2,1.0,0.0,4.0,4.0,SUCCESS,True,3.749371,-0.292082,-1.848884,-4.512761,0.001514,0.0,/usr/local/bin/avl:sha256=758a9c634d7bfc26,1.7166,0.0,0.55705,False,0.0009779,0.007406843311418021,-0.07429,0.05347,-0.000369,-0.002439,-5.5e-05,0.009652,-0.006274,543da140a6d0eacdb86d907fc34529e875e43a4d9c573c356cb8894bc40452b3,-0.0001551,-0.0001362,-10.029913807610622,29,112,5376,0.76513,105.96984682799666,105.96984960899863,0.473,6bb2627b75bbf1c3cc1a35eaf5559aaeee0e0d51,112,28.0,True,5376,0.274693
f623c9e3d602e46a81741c37,extreme:narrow_elevon,stage6,8,2,0.0,-2.0,4.0,4.0,SUCCESS,True,3.740668,-0.295287,-1.874135,-4.635697,0.002015,0.0,/usr/local/bin/avl:sha256=758a9c634d7bfc26,1.7165,0.0,0.55423,False,0.0040695,0.01210865150910163,-0.21815,0.1272,-0.00013,-0.001014,-3e-05,0.003908,-0.002649,543da140a6d0eacdb86d907fc34529e875e43a4d9c573c356cb8894bc40452b3,-5.024e-05,-3.631e-05,-18.016044134726698,29,112,896,0.77934,4.034317851997912,4.034321177001402,0.9565,6bb2627b75bbf1c3cc1a35eaf5559aaeee0e0d51,112,28.0,True,896,0.277676
291d5d2428bdfc382f5be9f8,extreme:narrow_elevon,stage6,8,2,0.0,0.0,4.0,4.0,SUCCESS,True,3.758448,-0.295504,-1.88607,-4.641748,0.001687,0.0,/usr/local/bin/avl:sha256=758a9c634d7bfc26,1.7165,0.0,0.55423,False,0.0008076,0.007524793441402326,-0.08723,0.06155,-0.000167,-0.001018,-1.1e-05,0.003931,-0.002659,543da140a6d0eacdb86d907fc34529e875e43a4d9c573c356cb8894bc40452b3,-5.048e-05,-5.052e-05,-11.59234478385147,29,112,896,0.77934,3.1961127430040506,3.196116063001682,0.7672,6bb2627b75bbf1c3cc1a35eaf5559aaeee0e0d51,112,28.0,True,896,0.278122
7b1a6377407fd57816592d56,extreme:narrow_elevon,stage6,8,2,0.0,4.0,4.0,4.0,SUCCESS,True,3.75545,-0.292513,-1.885937,-4.642837,0.004001,0.0,/usr/local/bin/avl:sha256=758a9c634d7bfc26,1.7165,0.0,0.55423,False,0.0025861,0.00906412446143828,0.17535,-0.07031,-0.00024,-0.001019,1e-05,0.003942,-0.002665,543da140a6d0eacdb86d907fc34529e875e43a4d9c573c356cb8894bc40452b3,-5.06e-05,-7.86e-05,19.345497819011168,29,112,896,0.77934,3.62600360000215,3.6260083109955303,0.9264,6bb2627b75bbf1c3cc1a35eaf5559aaeee0e0d51,112,28.0,True,896,0.278325
2ca09b430e946255d9598a97,extreme:narrow_elevon,stage6,12,2,0.0,-2.0,4.0,4.0,SUCCESS,True,3.740389,-0.295333,-1.870492,-4.630059,0.002021,0.0,/usr/local/bin/avl:sha256=758a9c634d7bfc26,1.7165,0.0,0.55423,False,0.0042158,0.01227632899737367,-0.2218,0.12917,-0.000132,-0.001043,-3.5e-05,0.00402,-0.002718,543da140a6d0eacdb86d907fc34529e875e43a4d9c573c356cb8894bc40452b3,-5.014e-05,-3.274e-05,-18.067290315162673,29,112,1344,0.77934,7.965089414996328,7.965091983998718,0.9546,6bb2627b75bbf1c3cc1a35eaf5559aaeee0e0d51,112,28.0,True,1344,0.277157
40843269f89e3ef9f47d83c5,extreme:narrow_elevon,stage6,12,2,0.0,0.0,4.0,4.0,SUCCESS,True,3.758362,-0.295535,-1.88246,-4.635919,0.001691,0.0,/usr/local/bin/avl:sha256=758a9c634d7bfc26,1.7165,0.0,0.55423,False,0.0008521,0.007584943770802112,-0.09088,0.06365,-0.000169,-0.001047,-1.4e-05,0.004043,-0.002729,543da140a6d0eacdb86d907fc34529e875e43a4d9c573c356cb8894bc40452b3,-5.039e-05,-4.819e-05,-11.981631340477215,29,112,1344,0.77934,8.53414170799806,8.534146420999605,0.7745,6bb2627b75bbf1c3cc1a35eaf5559aaeee0e0d51,112,28.0,True,1344,0.277596
6c778454e40d4e159d44e8ec,extreme:narrow_elevon,stage6,12,2,0.0,4.0,4.0,4.0,SUCCESS,True,3.755427,-0.292507,-1.882453,-4.636653,0.004008,0.0,/usr/local/bin/avl:sha256=758a9c634d7bfc26,1.7165,0.0,0.55423,False,0.0025349,0.00900543131543887,0.1717,-0.06797,-0.000244,-0.001048,9e-06,0.004056,-0.002734,543da140a6d0eacdb86d907fc34529e875e43a4d9c573c356cb8894bc40452b3,-5.051e-05,-7.876e-05,19.066271673810704,29,112,1344,0.77934,8.1738928449995,8.1738954609973,0.9251,6bb2627b75bbf1c3cc1a35eaf5559aaeee0e0d51,112,28.0,True,1344,0.277812
ab922ffb2ddd592366c1c163,extreme:narrow_elevon,stage6,16,2,0.0,-2.0,4.0,4.0,SUCCESS,True,3.740225,-0.295351,-1.868651,-4.626283,0.002024,0.0,/usr/local/bin/avl:sha256=758a9c634d7bfc26,1.7165,0.0,0.55423,False,0.004299,0.012368633370965932,-0.22344,0.13022,-0.000132,-0.001057,-3.7e-05,0.004073,-0.002751,543da140a6d0eacdb86d907fc34529e875e43a4d9c573c356cb8894bc40452b3,-4.944e-05,-3.018e-05,-18.065051594503718,29,112,1792,0.77934,13.802025662000233,13.802029348997166,0.9537,6bb2627b75bbf1c3cc1a35eaf5559aaeee0e0d51,112,28.0,True,1792,0.276896
c51692f88ab8d173e5e03b56,extreme:narrow_elevon,stage6,16,2,0.0,0.0,4.0,4.0,SUCCESS,True,3.758315,-0.295546,-1.880648,-4.632064,0.001695,0.0,/usr/local/bin/avl:sha256=758a9c634d7bfc26,1.7165,0.0,0.55423,False,0.0008805,0.007620166485334,-0.09253,0.06476,-0.00017,-0.00106,-1.6e-05,0.004098,-0.002761,543da140a6d0eacdb86d907fc34529e875e43a4d9c573c356cb8894bc40452b3,-4.969e-05,-4.621e-05,-12.142779318284713,29,112,1792,0.77934,13.048693133998313,13.048695944002247,0.7771,6bb2627b75bbf1c3cc1a35eaf5559aaeee0e0d51,112,28.0,True,1792,0.277333
fc0bed706cd945efe590b169,extreme:narrow_elevon,stage6,16,2,0.0,4.0,4.0,4.0,SUCCESS,True,3.755425,-0.292503,-1.88073,-4.632657,0.004017,0.0,/usr/local/bin/avl:sha256=758a9c634d7bfc26,1.7165,0.0,0.55423,False,0.0025164,0.008983600095833873,0.17005,-0.06673,-0.000246,-0.001062,8e-06,0.004111,-0.002767,543da140a6d0eacdb86d907fc34529e875e43a4d9c573c356cb8894bc40452b3,-4.981e-05,-7.794e-05,18.92893697247948,29,112,1792,0.77934,13.664411931997165,13.664414582999598,0.9244,6bb2627b75bbf1c3cc1a35eaf5559aaeee0e0d51,112,28.0,True,1792,0.277558
03a9de5ee9a5144e1fb245e6,extreme:narrow_elevon,stage6,24,4,1.0,-2.0,4.0,4.0,SUCCESS,True,3.725006,-0.29385,-1.85483,-4.59423,0.002036,0.0,/usr/local/bin/avl:sha256=758a9c634d7bfc26,1.7165,0.0,0.55423,False,0.0044552,0.01259543550948758,-0.22426,0.13038,-0.000129,-0.001067,-4.5e-05,0.004117,-0.002778,543da140a6d0eacdb86d907fc34529e875e43a4d9c573c356cb8894bc40452b3,-4.884e-05,-2.828e-05,-17.804862708484748,29,224,5376,0.77934,98.88834274099645,98.88834608799516,0.9479,6bb2627b75bbf1c3cc1a35eaf5559aaeee0e0d51,224,28.0,True,5376,0.275971
36b92ac33570902b3f0d5f2a,extreme:narrow_elevon,stage6,24,4,1.0,0.0,4.0,4.0,SUCCESS,True,3.743372,-0.294047,-1.866804,-4.599952,0.001708,0.0,/usr/local/bin/avl:sha256=758a9c634d7bfc26,1.7165,0.0,0.55423,False,0.0009396,0.007699734379369028,-0.09387,0.06541,-0.000168,-0.001071,-2.3e-05,0.004143,-0.002788,543da140a6d0eacdb86d907fc34529e875e43a4d9c573c356cb8894bc40452b3,-4.909e-05,-4.446e-05,-12.191329645282178,29,224,5376,0.77934,108.41487452000001,108.41487731199595,0.7792,6bb2627b75bbf1c3cc1a35eaf5559aaeee0e0d51,224,28.0,True,5376,0.27639
83e45d7272a3798a11ec2d69,extreme:narrow_elevon,stage6,24,4,1.0,4.0,4.0,4.0,SUCCESS,True,3.740666,-0.291026,-1.867023,-4.600508,0.004047,0.0,/usr/local/bin/avl:sha256=758a9c634d7bfc26,1.7165,0.0,0.55423,False,0.0025216,0.008997815210058616,0.16767,-0.06512,-0.000245,-0.001072,4e-06,0.004158,-0.002794,543da140a6d0eacdb86d907fc34529e875e43a4d9c573c356cb8894bc40452b3,-4.922e-05,-7.65e-05,18.634523613305873,29,224,5376,0.77934,110.07065767399035,110.07066029199632,0.9163,6bb2627b75bbf1c3cc1a35eaf5559aaeee0e0d51,224,28.0,True,5376,0.276622
bb0010c0ada9d07495999273,extreme:narrow_elevon,stage6,48,2,1.0,-2.0,4.0,4.0,SUCCESS,True,3.739857,-0.295363,-1.863075,-4.611442,0.002037,0.0,/usr/local/bin/avl:sha256=758a9c634d7bfc26,1.7165,0.0,0.55423,False,0.0044862,0.012562867546508105,-0.22449,0.13054,-0.000129,-0.001078,-4.7e-05,0.004156,-0.002799,543da140a6d0eacdb86d907fc34529e875e43a4d9c573c356cb8894bc40452b3,-4.575e-05,-2.455e-05,-17.86932793559523,29,112,5376,0.77934,107.11188633700658,107.1118889250065,0.9529,6bb2627b75bbf1c3cc1a35eaf5559aaeee0e0d51,112,28.0,True,5376,0.276097
673080cca79316db9abd386b,extreme:narrow_elevon,stage6,48,2,1.0,0.0,4.0,4.0,SUCCESS,True,3.758249,-0.295555,-1.875051,-4.617137,0.00171,0.0,/usr/local/bin/avl:sha256=758a9c634d7bfc26,1.7165,0.0,0.55423,False,0.0009492,0.0076918000633118015,-0.09358,0.06527,-0.000168,-0.001082,-2.5e-05,0.004182,-0.00281,543da140a6d0eacdb86d907fc34529e875e43a4d9c573c356cb8894bc40452b3,-4.598e-05,-4.126e-05,-12.166202869255022,29,112,5376,0.77934,107.81233725900529,107.81233965999854,0.7772,6bb2627b75bbf1c3cc1a35eaf5559aaeee0e0d51,112,28.0,True,5376,0.276512
7c7783d65b612396a2973d7b,extreme:strong_taper,stage6,8,2,0.0,-2.0,4.0,4.0,SUCCESS,True,3.969722,-0.312849,-2.021014,-4.710414,0.002307,0.0,/usr/local/bin/avl:sha256=758a9c634d7bfc26,1.7166,0.0,0.49851,False,0.0033816,0.011141466937955364,-0.20438,0.12304,-0.000319,-0.002659,-5e-05,0.009827,-0.006354,543da140a6d0eacdb86d907fc34529e875e43a4d9c573c356cb8894bc40452b3,-0.0001632,-0.000111,-18.34408351594561,29,112,896,0.61198,3.4818234669946833,3.4818255840073107,0.8072,6bb2627b75bbf1c3cc1a35eaf5559aaeee0e0d51,112,28.0,True,896,0.253797
146ef2c71948902a801770a3,extreme:strong_taper,stage6,8,2,0.0,0.0,4.0,4.0,SUCCESS,True,3.985502,-0.312745,-2.033478,-4.717469,0.00157,0.0,/usr/local/bin/avl:sha256=758a9c634d7bfc26,1.7166,0.0,0.49851,False,0.0007933,0.007593752336212642,-0.0655,0.05223,-0.000392,-0.002666,-5.2e-05,0.00987,-0.006375,543da140a6d0eacdb86d907fc34529e875e43a4d9c573c356cb8894bc40452b3,-0.0001638,-0.000158,-8.625511749658655,29,112,896,0.61198,3.4331776879989775,3.4331794650061056,0.3597,6bb2627b75bbf1c3cc1a35eaf5559aaeee0e0d51,112,28.0,True,896,0.254351
a1e3b2fa8c9558ae5e69e667,extreme:strong_taper,stage6,8,2,0.0,4.0,4.0,4.0,SUCCESS,True,3.97934,-0.30977,-2.032079,-4.719624,0.00329,0.0,/usr/local/bin/avl:sha256=758a9c634d7bfc26,1.7166,0.0,0.49851,False,0.0033667,0.010659113550162785,0.21282,-0.08989,-0.000534,-0.002664,-3.6e-05,0.00988,-0.006375,543da140a6d0eacdb86d907fc34529e875e43a4d9c573c356cb8894bc40452b3,-0.0001636,-0.0002506,19.96601302711048,29,112,896,0.61198,3.2595464319892926,3.2595487010112265,0.8586,6bb2627b75bbf1c3cc1a35eaf5559aaeee0e0d51,112,28.0,True,896,0.25457
2d47422325660d78b6a2b23d,extreme:strong_taper,stage6,12,2,0.0,-2.0,4.0,4.0,SUCCESS,True,3.969748,-0.312918,-2.017872,-4.704617,0.002323,0.0,/usr/local/bin/avl:sha256=758a9c634d7bfc26,1.7166,0.0,0.49851,False,0.0035068,0.01127703557668893,-0.20791,0.12493,-0.000318,-0.002708,-6.3e-05,0.010007,-0.006459,543da140a6d0eacdb86d907fc34529e875e43a4d9c573c356cb8894bc40452b3,-0.0001529,-9.581e-05,-18.4365827868608,29,112,1344,0.61198,7.910283339995658,7.910286038008053,0.8016,6bb2627b75bbf1c3cc1a35eaf5559aaeee0e0d51,112,28.0,True,1344,0.253401
351419200d4a12b714e80c05,extreme:strong_taper,stage6,12,2,0.0,0.0,4.0,4.0,SUCCESS,True,3.985673,-0.312782,-2.030331,-4.711441,0.001584,0.0,/usr/local/bin/avl:sha256=758a9c634d7bfc26,1.7166,0.0,0.49851,False,0.0008345,0.007648041546445065,-0.06902,0.05423,-0.000392,-0.002715,-6.3e-05,0.010053,-0.00648,543da140a6d0eacdb86d907fc34529e875e43a4d9c573c356cb8894bc40452b3,-0.0001534,-0.0001451,-9.0245325657366,29,112,1344,0.61198,7.756032431003405,7.756034341000486,0.3703,6bb2627b75bbf1c3cc1a35eaf5559aaeee0e0d51,112,28.0,True,1344,0.253946
3feb462bd999974b5cbb4a03,extreme:strong_taper,stage6,12,2,0.0,4.0,4.0,4.0,SUCCESS,True,3.979593,-0.309761,-2.029034,-4.713247,0.003309,0.0,/usr/local/bin/avl:sha256=758a9c634d7bfc26,1.7166,0.0,0.49851,False,0.0033087,0.010592064145216276,0.20931,-0.08767,-0.000538,-0.002713,-4.1e-05,0.010064,-0.00648,543da140a6d0eacdb86d907fc34529e875e43a4d9c573c356cb8894bc40452b3,-0.0001533,-0.0002424,19.76102081052174,29,112,1344,0.61198,7.836671993994969,7.836676829989301,0.8554,6bb2627b75bbf1c3cc1a35eaf5559aaeee0e0d51,112,28.0,True,1344,0.254172
1bf8bee55015b84bc4822272,extreme:strong_taper,stage6,16,2,0.0,-2.0,4.0,4.0,SUCCESS,True,3.969838,-0.312951,-2.016257,-4.700968,0.002377,0.0,/usr/local/bin/avl:sha256=758a9c634d7bfc26,1.7166,0.0,0.49851,False,0.0035758,0.011349358379633771,-0.20947,0.12593,-0.000317,-0.002732,-6.7e-05,0.010099,-0.006512,543da140a6d0eacdb86d907fc34529e875e43a4d9c573c356cb8894bc40452b3,-0.0001478,-8.781e-05,-18.456549964612122,29,112,1792,0.61198,12.333841007988667,12.33384290500544,0.7986,6bb2627b75bbf1c3cc1a35eaf5559aaeee0e0d51,112,28.0,True,1792,0.253192
6056c2d6365bda43fc4b78e7,extreme:strong_taper,stage6,16,2,0.0,0.0,4.0,4.0,SUCCESS,True,3.985846,-0.312801,-2.028833,-4.707875,0.001595,0.0,/usr/local/bin/avl:sha256=758a9c634d7bfc26,1.7166,0.0,0.49851,False,0.0008596,0.0076792066693206805,-0.07058,0.05529,-0.000392,-0.00274,-6.9e-05,0.010146,-0.006534,543da140a6d0eacdb86d907fc34529e875e43a4d9c573c356cb8894bc40452b3,-0.0001483,-0.000138,-9.191053586560612,29,112,1792,0.61198,13.031065675007994,13.031068486001459,0.3738,6bb2627b75bbf1c3cc1a35eaf5559aaeee0e0d51,112,28.0,True,1792,0.253748
6a6d4f5eb37550b43e468624,extreme:strong_taper,stage6,16,2,0.0,4.0,4.0,4.0,SUCCESS,True,3.97981,-0.309758,-2.027609,-4.709537,0.003324,0.0,/usr/local/bin/avl:sha256=758a9c634d7bfc26,1.7166,0.0,0.49851,False,0.0032869,0.010566390983912244,0.20776,-0.08652,-0.000539,-0.002737,-4.4e-05,0.010159,-0.006533,543da140a6d0eacdb86d907fc34529e875e43a4d9c573c356cb8894bc40452b3,-0.0001482,-0.0002372,19.66234264057832,29,112,1792,0.61198,12.807488024001941,12.80749156200909,0.8536,6bb2627b75bbf1c3cc1a35eaf5559aaeee0e0d51,112,28.0,True,1792,0.25398
f0ae9bbcc335e6f6ac6fb6c0,extreme:strong_taper,stage6,24,4,1.0,-2.0,4.0,4.0,SUCCESS,True,3.962384,-0.311161,-2.006924,-4.679689,0.0024,0.0,/usr/local/bin/avl:sha256=758a9c634d7bfc26,1.7166,0.0,0.49851,False,0.0036914,0.01145883142754196,-0.21046,0.12628,-0.000305,-0.002724,-8.7e-05,0.010079,-0.006498,543da140a6d0eacdb86d907fc34529e875e43a4d9c573c356cb8894bc40452b3,-0.0001461,-8.421e-05,-18.36661978412103,29,224,5376,0.61198,104.8188249310042,104.81882751299418,0.7962,6bb2627b75bbf1c3cc1a35eaf5559aaeee0e0d51,224,28.0,True,5376,0.252494
e116081d4f5ffd5523e5bfa0,extreme:strong_taper,stage6,24,4,1.0,0.0,4.0,4.0,SUCCESS,True,3.978609,-0.311007,-2.019483,-4.686532,0.001618,0.0,/usr/local/bin/avl:sha256=758a9c634d7bfc26,1.7166,0.0,0.49851,False,0.0008978,0.007705542726306452,-0.07183,0.05596,-0.00038,-0.002731,-8.7e-05,0.010129,-0.006519,543da140a6d0eacdb86d907fc34529e875e43a4d9c573c356cb8894bc40452b3,-0.0001466,-0.0001345,-9.321861230458811,29,224,5376,0.61198,107.75355338600639,107.75355860800482,0.3805,6bb2627b75bbf1c3cc1a35eaf5559aaeee0e0d51,224,28.0,True,5376,0.253038
7e6b95770d69257005bae1ce,extreme:strong_taper,stage6,24,4,1.0,4.0,4.0,4.0,SUCCESS,True,3.972722,-0.307976,-2.018381,-4.688167,0.003357,0.0,/usr/local/bin/avl:sha256=758a9c634d7bfc26,1.7166,0.0,0.49851,False,0.0032731,0.010532545267436877,0.20602,-0.08519,-0.000527,-0.002729,-5.8e-05,0.010146,-0.006519,543da140a6d0eacdb86d907fc34529e875e43a4d9c573c356cb8894bc40452b3,-0.0001466,-0.000234,19.560324192191725,29,224,5376,0.61198,109.37222995499906,109.37223634900874,0.8498,6bb2627b75bbf1c3cc1a35eaf5559aaeee0e0d51,224,28.0,True,5376,0.253275
f9d9890f2e430e13f59cc548,extreme:strong_taper,stage6,48,2,1.0,-2.0,4.0,4.0,SUCCESS,True,3.969981,-0.31299,-2.011469,-4.687704,0.002404,0.0,/usr/local/bin/avl:sha256=758a9c634d7bfc26,1.7166,0.0,0.49851,False,0.0037364,0.011504855569905183,-0.21033,0.1262,-0.000305,-0.00277,-9.7e-05,0.010236,-0.00659,543da140a6d0eacdb86d907fc34529e875e43a4d9c573c356cb8894bc40452b3,-0.0001397,-7.679e-05,-18.281846192853457,29,112,5376,0.61198,110.48501306399703,110.48501674900763,0.7953,6bb2627b75bbf1c3cc1a35eaf5559aaeee0e0d51,112,28.0,True,5376,0.252582
384c4956f03060b26b584074,extreme:strong_taper,stage6,48,2,1.0,0.0,4.0,4.0,SUCCESS,True,3.986209,-0.312824,-2.023994,-4.694488,0.00162,0.0,/usr/local/bin/avl:sha256=758a9c634d7bfc26,1.7166,0.0,0.49851,False,0.0009191,0.007742150734436353,-0.07143,0.05573,-0.000381,-0.002778,-9.5e-05,0.010288,-0.006612,543da140a6d0eacdb86d907fc34529e875e43a4d9c573c356cb8894bc40452b3,-0.0001402,-0.0001279,-9.22611848440074,29,112,5376,0.61198,99.25519844400696,99.25520075099485,0.3726,6bb2627b75bbf1c3cc1a35eaf5559aaeee0e0d51,112,28.0,True,5376,0.25312
ef328b2e7e10b997faa164b6,extreme:wide_elevon,stage6,8,2,0.0,-2.0,4.0,4.0,SUCCESS,True,3.733981,-0.296644,-1.871906,-4.621865,0.00192,0.0,/usr/local/bin/avl:sha256=758a9c634d7bfc26,1.7165,0.0,0.55391,False,0.0034345,0.010271597017934116,-0.17275,0.09657,-0.000424,-0.003652,-6e-05,0.015577,-0.010573,543da140a6d0eacdb86d907fc34529e875e43a4d9c573c356cb8894bc40452b3,-0.0004881,-0.0002524,-16.818222102987495,28,108,864,0.77939,3.1641609919970506,3.164163309003925,0.7228,6bb2627b75bbf1c3cc1a35eaf5559aaeee0e0d51,108,28.0,True,864,0.277682
075cd3d2cbefb30e8c07af57,extreme:wide_elevon,stage6,8,2,0.0,0.0,4.0,4.0,SUCCESS,True,3.748837,-0.296649,-1.882421,-4.629091,0.001316,0.0,/usr/local/bin/avl:sha256=758a9c634d7bfc26,1.7165,0.0,0.55391,False,0.0010247,0.0072701754149061245,-0.04211,0.03102,-0.000574,-0.003664,-8e-06,0.015656,-0.010613,543da140a6d0eacdb86d907fc34529e875e43a4d9c573c356cb8894bc40452b3,-0.0004903,-0.0003822,-5.792157354781479,28,108,864,0.77939,2.9155270470000687,2.915530269005103,0.1455,6bb2627b75bbf1c3cc1a35eaf5559aaeee0e0d51,108,28.0,True,864,0.278136
4cad3351b7f98a60766e0122,extreme:wide_elevon,stage6,8,2,0.0,4.0,4.0,4.0,SUCCESS,True,3.739548,-0.29313,-1.878704,-4.631244,0.003326,0.0,/usr/local/bin/avl:sha256=758a9c634d7bfc26,1.7165,0.0,0.55391,False,0.0046651,0.011327647231655311,0.21959,-0.10047,-0.00087,-0.003665,7e-05,0.015681,-0.010627,543da140a6d0eacdb86d907fc34529e875e43a4d9c573c356cb8894bc40452b3,-0.0004911,-0.000639,19.385314135344174,28,108,864,0.77939,2.8971369409991894,2.8971413709950866,0.8479,6bb2627b75bbf1c3cc1a35eaf5559aaeee0e0d51,108,28.0,True,864,0.278276
882dc9f1b60ae146e2cc7887,extreme:wide_elevon,stage6,12,2,0.0,-2.0,4.0,4.0,SUCCESS,True,3.73413,-0.29672,-1.868468,-4.616719,0.001927,0.0,/usr/local/bin/avl:sha256=758a9c634d7bfc26,1.7165,0.0,0.55391,False,0.003573,0.010408839757834371,-0.17565,0.09816,-0.00042,-0.003721,-7.5e-05,0.015874,-0.010738,543da140a6d0eacdb86d907fc34529e875e43a4d9c573c356cb8894bc40452b3,-0.0004579,-0.0001933,-16.875079652157616,28,108,1296,0.77939,7.2137532210035715,7.2137565149969305,0.7166,6bb2627b75bbf1c3cc1a35eaf5559aaeee0e0d51,108,28.0,True,1296,0.277161
ca868d39f3fbbe6251c1d870,extreme:wide_elevon,stage6,12,2,0.0,0.0,4.0,4.0,SUCCESS,True,3.749006,-0.296695,-1.878957,-4.623693,0.001317,0.0,/usr/local/bin/avl:sha256=758a9c634d7bfc26,1.7165,0.0,0.55391,False,0.0010863,0.007341013319244181,-0.04501,0.03273,-0.000573,-0.003733,-1.9e-05,0.015957,-0.010779,543da140a6d0eacdb86d907fc34529e875e43a4d9c573c356cb8894bc40452b3,-0.00046,-0.0003342,-6.131306134809487,28,108,1296,0.77939,7.457124683001894,7.4571280739983195,0.1548,6bb2627b75bbf1c3cc1a35eaf5559aaeee0e0d51,108,28.0,True,1296,0.277611
b66cf5110d9f33447191c02c,extreme:wide_elevon,stage6,12,2,0.0,4.0,4.0,4.0,SUCCESS,True,3.739553,-0.293112,-1.875236,-4.62535,0.003327,0.0,/usr/local/bin/avl:sha256=758a9c634d7bfc26,1.7165,0.0,0.55391,False,0.0046408,0.011297636417695898,0.21669,-0.09851,-0.000876,-0.003734,6.8e-05,0.015983,-0.010793,543da140a6d0eacdb86d907fc34529e875e43a4d9c573c356cb8894bc40452b3,-0.0004608,-0.0006136,19.1801180342988,28,108,1296,0.77939,7.303137869996135,7.303139782998187,0.8381,6bb2627b75bbf1c3cc1a35eaf5559aaeee0e0d51,108,28.0,True,1296,0.277762
fdb4ce1e33e3ab65c30f7f02,extreme:wide_elevon,stage6,16,2,0.0,-2.0,4.0,4.0,SUCCESS,True,3.734273,-0.29676,-1.866802,-4.61333,0.001931,0.0,/usr/local/bin/avl:sha256=758a9c634d7bfc26,1.7165,0.0,0.55391,False,0.0036458,0.010478919860712995,-0.17689,0.09901,-0.000417,-0.003756,-8.3e-05,0.016027,-0.010823,543da140a6d0eacdb86d907fc34529e875e43a4d9c573c356cb8894bc40452b3,-0.0004481,-0.0001678,-16.880556617594387,28,108,1728,0.77939,12.694774342002347,12.694776311996975,0.7131,6bb2627b75bbf1c3cc1a35eaf5559aaeee0e0d51,108,28.0,True,1728,0.276904
b4d341b1a3394a4a605f2cf6,extreme:wide_elevon,stage6,16,2,0.0,0.0,4.0,4.0,SUCCESS,True,3.74916,-0.29672,-1.877287,-4.62019,0.00132,0.0,/usr/local/bin/avl:sha256=758a9c634d7bfc26,1.7165,0.0,0.55391,False,0.0011211,0.007379881440871013,-0.04624,0.03364,-0.000572,-0.003768,-2.5e-05,0.016112,-0.010864,543da140a6d0eacdb86d907fc34529e875e43a4d9c573c356cb8894bc40452b3,-0.0004501,-0.0003131,-6.265683313544196,28,108,1728,0.77939,11.975412712003163,11.975414798995189,0.158,6bb2627b75bbf1c3cc1a35eaf5559aaeee0e0d51,108,28.0,True,1728,0.277353
4ddb36f90366bb16004afc68,extreme:wide_elevon,stage6,16,2,0.0,4.0,4.0,4.0,SUCCESS,True,3.739611,-0.293107,-1.87358,-4.621626,0.003332,0.0,/usr/local/bin/avl:sha256=758a9c634d7bfc26,1.7165,0.0,0.55391,False,0.0046383,0.01129294660430748,0.21547,-0.09749,-0.000879,-0.00377,6.6e-05,0.016139,-0.010877,543da140a6d0eacdb86d907fc34529e875e43a4d9c573c356cb8894bc40452b3,-0.000451,-0.0006017,19.080051252328868,28,108,1728,0.77939,12.674307872002828,12.674310790993331,0.8332,6bb2627b75bbf1c3cc1a35eaf5559aaeee0e0d51,108,28.0,True,1728,0.277512
b17b9e79415cef6fad4f21e1,extreme:wide_elevon,stage6,24,4,1.0,-2.0,4.0,4.0,SUCCESS,True,3.725869,-0.294839,-1.85663,-4.591473,0.001953,0.0,/usr/local/bin/avl:sha256=758a9c634d7bfc26,1.7165,0.0,0.55391,False,0.0037488,0.010593736372655333,-0.17794,0.09941,-0.000401,-0.003734,-0.000107,0.015952,-0.010771,543da140a6d0eacdb86d907fc34529e875e43a4d9c573c356cb8894bc40452b3,-0.0004444,-0.0001571,-16.796717771767536,28,216,5184,0.77939,91.40748583399545,91.40748835300474,0.712,6bb2627b75bbf1c3cc1a35eaf5559aaeee0e0d51,216,28.0,True,5184,0.276016
d0ea4c790f19b1dbc77ef205,extreme:wide_elevon,stage6,24,4,1.0,0.0,4.0,4.0,SUCCESS,True,3.740872,-0.294791,-1.867069,-4.598221,0.001343,0.0,/usr/local/bin/avl:sha256=758a9c634d7bfc26,1.7165,0.0,0.55391,False,0.0011539,0.00742061902564638,-0.04759,0.03439,-0.000556,-0.003746,-4.6e-05,0.016041,-0.010811,543da140a6d0eacdb86d907fc34529e875e43a4d9c573c356cb8894bc40452b3,-0.0004465,-0.0003015,-6.413211598051906,28,216,5184,0.77939,99.47837733400229,99.47838055700413,0.1652,6bb2627b75bbf1c3cc1a35eaf5559aaeee0e0d51,216,28.0,True,5184,0.276455
cea6bb8ed06db7b6034c9f95,extreme:wide_elevon,stage6,24,4,1.0,4.0,4.0,4.0,SUCCESS,True,3.731351,-0.291178,-1.863431,-4.599534,0.003362,0.0,/usr/local/bin/avl:sha256=758a9c634d7bfc26,1.7165,0.0,0.55391,False,0.0046093,0.011261898599487763,0.21355,-0.09602,-0.000863,-0.003748,5e-05,0.016075,-0.010824,543da140a6d0eacdb86d907fc34529e875e43a4d9c573c356cb8894bc40452b3,-0.0004474,-0.0005883,18.96216682413684,28,216,5184,0.77939,98.7484512039955,98.74845493098837,0.828,6bb2627b75bbf1c3cc1a35eaf5559aaeee0e0d51,216,28.0,True,5184,0.27662
7266736718a402d63bd2cfc2,extreme:wide_elevon,stage6,48,2,1.0,-2.0,4.0,4.0,SUCCESS,True,3.734584,-0.29682,-1.861709,-4.599542,0.001949,0.0,/usr/local/bin/avl:sha256=758a9c634d7bfc26,1.7165,0.0,0.55391,False,0.0037907,0.010616709864661993,-0.17752,0.09919,-0.000399,-0.0038,-0.000118,0.016209,-0.01091,543da140a6d0eacdb86d907fc34529e875e43a4d9c573c356cb8894bc40452b3,-0.0004286,-0.0001387,-16.720811085822373,28,108,5184,0.77939,99.91167245600082,99.9116747740045,0.7092,6bb2627b75bbf1c3cc1a35eaf5559aaeee0e0d51,108,28.0,True,5184,0.276125
d27a02956311f4d5ce5a4f2d,extreme:wide_elevon,stage6,48,2,1.0,0.0,4.0,4.0,SUCCESS,True,3.749521,-0.296759,-1.872103,-4.606214,0.001338,0.0,/usr/local/bin/avl:sha256=758a9c634d7bfc26,1.7165,0.0,0.55391,False,0.0011845,0.007445130903670318,-0.04685,0.034,-0.000557,-0.003812,-5.5e-05,0.016301,-0.010951,543da140a6d0eacdb86d907fc34529e875e43a4d9c573c356cb8894bc40452b3,-0.0004307,-0.0002848,-6.292703325995757,28,108,5184,0.77939,102.6773413119954,102.6773443550046,0.158,6bb2627b75bbf1c3cc1a35eaf5559aaeee0e0d51,108,28.0,True,5184,0.276561
a1545cefb780cc69df916ebf,lhs30s2000:00,stage6,8,2,0.0,-2.0,4.0,4.0,SUCCESS,True,3.730659,-0.296525,-1.86971,-4.620897,0.002023,0.0,/usr/local/bin/avl:sha256=758a9c634d7bfc26,1.7165,0.0,0.5539,False,0.003765,0.011087850368840968,-0.19597,0.11258,-0.000299,-0.002481,-5.7e-05,0.009707,-0.006527,543da140a6d0eacdb86d907fc34529e875e43a4d9c573c356cb8894bc40452b3,-0.0002244,-0.0001684,-17.67430056151498,29,112,896,0.77939,3.210482188995229,3.210485488998529,0.8476,6bb2627b75bbf1c3cc1a35eaf5559aaeee0e0d51,112,28.0,True,896,0.277601
3387e27f561925cf00f13141,lhs30s2000:00,stage6,8,2,0.0,0.0,4.0,4.0,SUCCESS,True,3.747282,-0.296639,-1.881114,-4.627747,0.001508,0.0,/usr/local/bin/avl:sha256=758a9c634d7bfc26,1.7165,0.0,0.5539,False,0.0008746,0.007253281859365681,-0.06542,0.0471,-0.000393,-0.002489,-1.9e-05,0.009759,-0.006552,543da140a6d0eacdb86d907fc34529e875e43a4d9c573c356cb8894bc40452b3,-0.0002254,-0.0002265,-9.019365477370426,29,112,896,0.77939,2.959756351003307,2.959759051002038,0.4088,6bb2627b75bbf1c3cc1a35eaf5559aaeee0e0d51,112,28.0,True,896,0.278055
02cc997c85f2f4bb4b4a5239,lhs30s2000:00,stage6,12,2,0.0,-2.0,4.0,4.0,SUCCESS,True,3.730752,-0.296597,-1.866237,-4.615743,0.002031,0.0,/usr/local/bin/avl:sha256=758a9c634d7bfc26,1.7165,0.0,0.5539,False,0.0039065,0.011238750729725331,-0.19934,0.11443,-0.000298,-0.002526,-6.7e-05,0.009889,-0.006628,543da140a6d0eacdb86d907fc34529e875e43a4d9c573c356cb8894bc40452b3,-0.0002073,-0.000145,-17.736846807427302,29,112,1344,0.77939,7.44403998299822,7.44404368299729,0.8434,6bb2627b75bbf1c3cc1a35eaf5559aaeee0e0d51,112,28.0,True,1344,0.277078
3ad78dec806ccbdd20dbf817,lhs30s2000:00,stage6,12,2,0.0,0.0,4.0,4.0,SUCCESS,True,3.747433,-0.296682,-1.877629,-4.622333,0.001513,0.0,/usr/local/bin/avl:sha256=758a9c634d7bfc26,1.7165,0.0,0.5539,False,0.0009287,0.007319859780128868,-0.06879,0.04907,-0.000393,-0.002535,-2.7e-05,0.009944,-0.006652,543da140a6d0eacdb86d907fc34529e875e43a4d9c573c356cb8894bc40452b3,-0.0002082,-0.000206,-9.397721003719683,29,112,1344,0.77939,7.1261548190013855,7.126157418999355,0.4191,6bb2627b75bbf1c3cc1a35eaf5559aaeee0e0d51,112,28.0,True,1344,0.277529
1950e63802dd82ccd3dd121a,lhs30s2000:00,stage6,16,2,0.0,-2.0,4.0,4.0,SUCCESS,True,3.730859,-0.296633,-1.864548,-4.612334,0.002037,0.0,/usr/local/bin/avl:sha256=758a9c634d7bfc26,1.7165,0.0,0.5539,False,0.0039808,0.011315841108021658,-0.20082,0.11541,-0.000296,-0.00255,-7.3e-05,0.009983,-0.00668,543da140a6d0eacdb86d907fc34529e875e43a4d9c573c356cb8894bc40452b3,-0.0001989,-0.0001328,-17.746802741657554,29,112,1792,0.77939,12.851824988996668,12.851827488993877,0.8411,6bb2627b75bbf1c3cc1a35eaf5559aaeee0e0d51,112,28.0,True,1792,0.27682
a6aba7dae4202bcbb7ecab98,lhs30s2000:00,stage6,16,2,0.0,0.0,4.0,4.0,SUCCESS,True,3.74757,-0.296705,-1.875943,-4.618807,0.001518,0.0,/usr/local/bin/avl:sha256=758a9c634d7bfc26,1.7165,0.0,0.5539,False,0.0009591,0.0073558065953786035,-0.07026,0.0501,-0.000393,-0.002558,-3.1e-05,0.010039,-0.006704,543da140a6d0eacdb86d907fc34529e875e43a4d9c573c356cb8894bc40452b3,-0.0001998,-0.0001949,-9.551637755693836,29,112,1792,0.77939,12.673319679997803,12.673322880000342,0.4225,6bb2627b75bbf1c3cc1a35eaf5559aaeee0e0d51,112,28.0,True,1792,0.277269
43f17e7f6ad56ac3ccc462b8,lhs30s2000:00,stage6,24,4,1.0,-2.0,4.0,4.0,SUCCESS,True,3.722236,-0.294659,-1.854297,-4.59017,0.002056,0.0,/usr/local/bin/avl:sha256=758a9c634d7bfc26,1.7165,0.0,0.5539,False,0.0040928,0.011427717719248442,-0.20179,0.11573,-0.000286,-0.00254,-9e-05,0.009958,-0.006662,543da140a6d0eacdb86d907fc34529e875e43a4d9c573c356cb8894bc40452b3,-0.0001964,-0.0001276,-17.65794404075208,29,224,5376,0.77939,114.1653833149976,114.16582591600309,0.8386,6bb2627b75bbf1c3cc1a35eaf5559aaeee0e0d51,224,28.0,True,5376,0.275935
0e0518e47792139e14e1921a,lhs30s2000:00,stage6,24,4,1.0,0.0,4.0,4.0,SUCCESS,True,3.739068,-0.294722,-1.865639,-4.59653,0.001539,0.0,/usr/local/bin/avl:sha256=758a9c634d7bfc26,1.7165,0.0,0.5539,False,0.0009978,0.007394674729039082,-0.07153,0.05079,-0.000383,-0.002549,-4.5e-05,0.010017,-0.006686,543da140a6d0eacdb86d907fc34529e875e43a4d9c573c356cb8894bc40452b3,-0.0001973,-0.0001898,-9.673177336536495,29,224,5376,0.77939,107.16109859800054,107.16110579799715,0.4301,6bb2627b75bbf1c3cc1a35eaf5559aaeee0e0d51,224,28.0,True,5376,0.276373
bb05bfa8ac038721e7668cc2,lhs30s2000:01,stage6,8,2,0.0,-2.0,4.0,4.0,SUCCESS,True,3.379632,-0.260529,-1.543906,-3.581654,0.002198,0.0,/usr/local/bin/avl:sha256=758a9c634d7bfc26,1.5594,0.0,0.62927,False,0.0039321,0.010631267512773976,-0.16526,0.08324,-9.3e-05,-0.003059,-7.1e-05,0.01372,-0.008638,543da140a6d0eacdb86d907fc34529e875e43a4d9c573c356cb8894bc40452b3,-0.0004066,-0.0001351,-15.544712782500506,29,112,896,0.74569,3.163834704006149,3.1638373040041188,0.6693,6bb2627b75bbf1c3cc1a35eaf5559aaeee0e0d51,112,28.0,True,896,0.287467
6c0ed47915210cc41e5ac868,lhs30s2000:01,stage6,8,2,0.0,0.0,4.0,4.0,SUCCESS,True,3.39237,-0.260597,-1.551293,-3.585278,0.00151,0.0,/usr/local/bin/avl:sha256=758a9c634d7bfc26,1.5594,0.0,0.62927,False,0.0013859,0.007635509508480477,-0.04703,0.0292,-0.000232,-0.003065,-1.2e-05,0.013769,-0.008659,543da140a6d0eacdb86d907fc34529e875e43a4d9c573c356cb8894bc40452b3,-0.0004078,-0.0002594,-6.159379403269098,29,112,896,0.74569,3.0187073560009594,3.0187098559981678,0.157,6bb2627b75bbf1c3cc1a35eaf5559aaeee0e0d51,112,28.0,True,896,0.287758
e7858f9a1db10a0fee12f0c2,lhs30s2000:01,stage6,12,2,0.0,-2.0,4.0,4.0,SUCCESS,True,3.380435,-0.26059,-1.54165,-3.579118,0.00225,0.0,/usr/local/bin/avl:sha256=758a9c634d7bfc26,1.5594,0.0,0.62927,False,0.0040501,0.01075283102263479,-0.16767,0.08426,-8e-05,-0.003116,-8.4e-05,0.013984,-0.008779,543da140a6d0eacdb86d907fc34529e875e43a4d9c573c356cb8894bc40452b3,-0.0003955,-9.232e-05,-15.59310284399089,29,112,1344,0.74569,7.228551320004044,7.228554620000068,0.663,6bb2627b75bbf1c3cc1a35eaf5559aaeee0e0d51,112,28.0,True,1344,0.286979
c4b3e312927f292a72d9b6b4,lhs30s2000:01,stage6,12,2,0.0,0.0,4.0,4.0,SUCCESS,True,3.393302,-0.260627,-1.549044,-3.582641,0.001566,0.0,/usr/local/bin/avl:sha256=758a9c634d7bfc26,1.5594,0.0,0.62927,False,0.0014421,0.0077003232225574415,-0.04941,0.0303,-0.000224,-0.003123,-2e-05,0.014035,-0.0088,543da140a6d0eacdb86d907fc34529e875e43a4d9c573c356cb8894bc40452b3,-0.0003968,-0.000228,-6.4166137669724845,29,112,1344,0.74569,7.868562491996272,7.868565491997288,0.1625,6bb2627b75bbf1c3cc1a35eaf5559aaeee0e0d51,112,28.0,True,1344,0.287262
076de9bc4e0d6b85955ce18e,lhs30s2000:01,stage6,16,2,0.0,-2.0,4.0,4.0,SUCCESS,True,3.380923,-0.260616,-1.540613,-3.577522,0.002285,0.0,/usr/local/bin/avl:sha256=758a9c634d7bfc26,1.5594,0.0,0.62927,False,0.0041175,0.010823320588014614,-0.16886,0.08496,-7.2e-05,-0.003137,-9.2e-05,0.01408,-0.008822,543da140a6d0eacdb86d907fc34529e875e43a4d9c573c356cb8894bc40452b3,-0.0003908,-7.724e-05,-15.601496659628651,29,112,1792,0.74569,12.34474983200198,12.344752832002996,0.6609,6bb2627b75bbf1c3cc1a35eaf5559aaeee0e0d51,112,28.0,True,1792,0.286745
8c688a3cc64d18f6fe0edc91,lhs30s2000:01,stage6,16,2,0.0,0.0,4.0,4.0,SUCCESS,True,3.393878,-0.26064,-1.548028,-3.581003,0.001604,0.0,/usr/local/bin/avl:sha256=758a9c634d7bfc26,1.5594,0.0,0.62927,False,0.0014722,0.007734733465231652,-0.05059,0.03104,-0.000217,-0.003143,-2.5e-05,0.014133,-0.008843,543da140a6d0eacdb86d907fc34529e875e43a4d9c573c356cb8894bc40452b3,-0.0003921,-0.0002128,-6.540626154399084,29,112,1792,0.74569,12.852482835005503,12.852486935000343,0.1657,6bb2627b75bbf1c3cc1a35eaf5559aaeee0e0d51,112,28.0,True,1792,0.287025
248e2a5c61d6d5ea571a3a72,lhs30s2000:01,stage6,24,4,1.0,-2.0,4.0,4.0,SUCCESS,True,3.371906,-0.258798,-1.531689,-3.558618,0.002336,0.0,/usr/local/bin/avl:sha256=758a9c634d7bfc26,1.5594,0.0,0.62927,False,0.0042534,0.010956218377426837,-0.16963,0.08512,-4.8e-05,-0.003127,-0.000114,0.014051,-0.008802,543da140a6d0eacdb86d907fc34529e875e43a4d9c573c356cb8894bc40452b3,-0.000388,-6.816e-05,-15.482531851454306,29,224,5376,0.74569,111.11625338099839,111.11626268099644,0.6606,6bb2627b75bbf1c3cc1a35eaf5559aaeee0e0d51,224,28.0,True,5376,0.285846
582831b611e834a4aab072be,lhs30s2000:01,stage6,24,4,1.0,0.0,4.0,4.0,SUCCESS,True,3.385094,-0.258822,-1.539101,-3.562075,0.001655,0.0,/usr/local/bin/avl:sha256=758a9c634d7bfc26,1.5594,0.0,0.62927,False,0.0015216,0.007780649681018052,-0.05166,0.0315,-0.000195,-0.003134,-4.5e-05,0.014108,-0.008823,543da140a6d0eacdb86d907fc34529e875e43a4d9c573c356cb8894bc40452b3,-0.0003893,-0.0002027,-6.639548381934167,29,224,5376,0.74569,110.09889785799896,110.098903858001,0.1712,6bb2627b75bbf1c3cc1a35eaf5559aaeee0e0d51,224,28.0,True,5376,0.28611
92f02337b4d1a6fa1d641704,lhs30s2000:01,stage6,24,4,1.0,4.0,4.0,4.0,SUCCESS,True,3.374586,-0.255415,-1.533715,-3.559467,0.004197,0.0,/usr/local/bin/avl:sha256=758a9c634d7bfc26,1.5594,0.0,0.62927,False,0.0042543,0.010765588174931508,0.18458,-0.07592,-0.000489,-0.003128,6e-05,0.014093,-0.00881,543da140a6d0eacdb86d907fc34529e875e43a4d9c573c356cb8894bc40452b3,-0.000389,-0.00047,17.145370694172435,29,224,5376,0.74569,104.72508142000152,104.72508632000245,0.7767,6bb2627b75bbf1c3cc1a35eaf5559aaeee0e0d51,224,28.0,True,5376,0.285997
9f739d783f869cce47fb70c3,lhs30s2000:02,stage6,8,2,0.0,-2.0,4.0,4.0,SUCCESS,True,3.940052,-0.319409,-1.866881,-4.565211,0.001963,0.0,/usr/local/bin/avl:sha256=758a9c634d7bfc26,2.2771,0.0,0.65443,False,0.002954,0.009417243578892974,-0.1489,0.08024,-0.0004,-0.003467,1.1e-05,0.013774,-0.009126,543da140a6d0eacdb86d907fc34529e875e43a4d9c573c356cb8894bc40452b3,-0.0004797,-0.0002788,-15.811420693602114,29,112,896,1.2584,3.221880600001896,3.2218840999994427,0.58,6bb2627b75bbf1c3cc1a35eaf5559aaeee0e0d51,112,28.0,True,896,0.310083
bdc0ca078884f638f1b23a19,lhs30s2000:02,stage6,8,2,0.0,0.0,4.0,4.0,SUCCESS,True,3.953357,-0.31986,-1.876246,-4.573176,0.000995,0.0,/usr/local/bin/avl:sha256=758a9c634d7bfc26,2.2771,0.0,0.65443,False,0.0011434,0.007063730897236853,-0.01109,0.01488,-0.000525,-0.003479,4.1e-05,0.01383,-0.009157,543da140a6d0eacdb86d907fc34529e875e43a4d9c573c356cb8894bc40452b3,-0.0004818,-0.0004324,-1.5699918585995565,29,112,896,1.2584,3.4302148679998936,3.4302188680012478,0.0088,6bb2627b75bbf1c3cc1a35eaf5559aaeee0e0d51,112,28.0,True,896,0.310589
bf394e95e0b76cfda9efe792,lhs30s2000:02,stage6,12,2,0.0,-2.0,4.0,4.0,SUCCESS,True,3.940271,-0.319501,-1.862993,-4.559833,0.00198,0.0,/usr/local/bin/avl:sha256=758a9c634d7bfc26,2.2771,0.0,0.65443,False,0.0031024,0.009577334441567522,-0.15253,0.08204,-0.000398,-0.003535,0.0,0.014044,-0.009278,543da140a6d0eacdb86d907fc34529e875e43a4d9c573c356cb8894bc40452b3,-0.0004747,-0.000245,-15.926143221854057,29,112,1344,1.2584,6.844003773003351,6.844007273000898,0.5767,6bb2627b75bbf1c3cc1a35eaf5559aaeee0e0d51,112,28.0,True,1344,0.30942
ad1fae272494f4fa8c6c3b3a,lhs30s2000:02,stage6,12,2,0.0,0.0,4.0,4.0,SUCCESS,True,3.953688,-0.319916,-1.872374,-4.567605,0.00099,0.0,/usr/local/bin/avl:sha256=758a9c634d7bfc26,2.2771,0.0,0.65443,False,0.0012128,0.007143166153157486,-0.01472,0.01682,-0.000526,-0.003547,3.4e-05,0.014103,-0.009309,543da140a6d0eacdb86d907fc34529e875e43a4d9c573c356cb8894bc40452b3,-0.0004768,-0.0004126,-2.060710850676956,29,112,1344,1.2584,7.0250297829988995,7.025032983001438,0.0142,6bb2627b75bbf1c3cc1a35eaf5559aaeee0e0d51,112,28.0,True,1344,0.309922
84311cfed17f433e82413d71,lhs30s2000:02,stage6,16,2,0.0,-2.0,4.0,4.0,SUCCESS,True,3.940353,-0.319535,-1.861038,-4.55622,0.002005,0.0,/usr/local/bin/avl:sha256=758a9c634d7bfc26,2.2771,0.0,0.65443,False,0.0031734,0.009655002111719149,-0.15432,0.08316,-0.000394,-0.003556,-6e-06,0.014129,-0.009312,543da140a6d0eacdb86d907fc34529e875e43a4d9c573c356cb8894bc40452b3,-0.0004638,-0.0002238,-15.98342477964742,29,112,1792,1.2584,12.90976164899621,12.90976434899494,0.5767,6bb2627b75bbf1c3cc1a35eaf5559aaeee0e0d51,112,28.0,True,1792,0.309089
63f498d7ac0065fa53e232f3,lhs30s2000:02,stage6,16,2,0.0,0.0,4.0,4.0,SUCCESS,True,3.95385,-0.319938,-1.870479,-4.563955,0.000994,0.0,/usr/local/bin/avl:sha256=758a9c634d7bfc26,2.2771,0.0,0.65443,False,0.0012426,0.007177917583830005,-0.0165,0.01801,-0.000524,-0.003568,2.8e-05,0.014189,-0.009343,543da140a6d0eacdb86d907fc34529e875e43a4d9c573c356cb8894bc40452b3,-0.0004659,-0.0003891,-2.2987168363663355,29,112,1792,1.2584,12.484941588998481,12.484945689000597,0.0173,6bb2627b75bbf1c3cc1a35eaf5559aaeee0e0d51,112,28.0,True,1792,0.309596
b4e86eed66025d9c8f391dbd,lhs30s2000:02,stage6,24,4,1.0,-2.0,4.0,4.0,SUCCESS,True,3.931277,-0.317412,-1.850257,-4.533029,0.002023,0.0,/usr/local/bin/avl:sha256=758a9c634d7bfc26,2.2771,0.0,0.65443,False,0.0032464,0.009733291361335262,-0.15538,0.0835,-0.000377,-0.003543,-2.7e-05,0.014097,-0.009288,543da140a6d0eacdb86d907fc34529e875e43a4d9c573c356cb8894bc40452b3,-0.0004605,-0.0002127,-15.963767468960693,29,224,5376,1.2584,110.39271757199458,110.39298767199944,0.5766,6bb2627b75bbf1c3cc1a35eaf5559aaeee0e0d51,224,28.0,True,5376,0.308007
fb32b2d07d03776e08daebd7,lhs30s2000:02,stage6,24,4,1.0,0.0,4.0,4.0,SUCCESS,True,3.944931,-0.317826,-1.859698,-4.540725,0.001003,0.0,/usr/local/bin/avl:sha256=758a9c634d7bfc26,2.2771,0.0,0.65443,False,0.0012642,0.007205697886159758,-0.01787,0.01873,-0.000506,-0.003555,9e-06,0.01416,-0.009319,543da140a6d0eacdb86d907fc34529e875e43a4d9c573c356cb8894bc40452b3,-0.0004625,-0.0003768,-2.4799818535722333,29,224,5376,1.2584,110.81952777699917,110.81953197700204,0.02,6bb2627b75bbf1c3cc1a35eaf5559aaeee0e0d51,224,28.0,True,5376,0.308508
71b202ce642adf61a58e7522,lhs30s2000:02,stage6,24,4,1.0,4.0,4.0,4.0,SUCCESS,True,3.931511,-0.315136,-1.853491,-4.542959,0.002447,0.0,/usr/local/bin/avl:sha256=758a9c634d7bfc26,2.2771,0.0,0.65443,False,0.0060944,0.012509462160587988,0.25738,-0.11109,-0.000762,-0.003557,6.2e-05,0.014162,-0.009321,543da140a6d0eacdb86d907fc34529e875e43a4d9c573c356cb8894bc40452b3,-0.0004632,-0.000703,20.57482541582765,29,224,5376,1.2584,111.2326023880014,111.23260578799818,0.8372,6bb2627b75bbf1c3cc1a35eaf5559aaeee0e0d51,224,28.0,True,5376,0.308527
e359ef01bf86219b1a1a5a98,lhs30s2000:03,stage6,8,2,0.0,-2.0,4.0,4.0,SUCCESS,True,3.402766,-0.265199,-1.419902,-3.489439,0.001741,0.0,/usr/local/bin/avl:sha256=758a9c634d7bfc26,1.8196,0.0,0.68536,False,0.0027685,0.009176645913181127,-0.12957,0.06368,-0.000153,-0.002217,1.1e-05,0.00967,-0.005933,543da140a6d0eacdb86d907fc34529e875e43a4d9c573c356cb8894bc40452b3,-0.0003089,-0.0001667,-14.11953792549504,28,108,864,1.069,3.099525605000963,3.099528904996987,0.6056,6bb2627b75bbf1c3cc1a35eaf5559aaeee0e0d51,108,28.0,True,864,0.285988
2971c8cf8c5b6bc1adff0713,lhs30s2000:03,stage6,8,2,0.0,0.0,4.0,4.0,SUCCESS,True,3.414094,-0.265281,-1.427234,-3.494764,0.000864,0.0,/usr/local/bin/avl:sha256=758a9c634d7bfc26,1.8196,0.0,0.68536,False,0.0010233,0.006885997786589592,-0.01056,0.01397,-0.000254,-0.002223,5.1e-05,0.009702,-0.00595,543da140a6d0eacdb86d907fc34529e875e43a4d9c573c356cb8894bc40452b3,-0.00031,-0.0002495,-1.53354681881622,28,108,864,1.069,3.0370732949959347,3.037076694999996,0.0114,6bb2627b75bbf1c3cc1a35eaf5559aaeee0e0d51,108,28.0,True,864,0.286511
cbda5b2c585afe05b20e8468,lhs30s2000:03,stage6,12,2,0.0,-2.0,4.0,4.0,SUCCESS,True,3.403033,-0.265268,-1.416373,-3.485205,0.001766,0.0,/usr/local/bin/avl:sha256=758a9c634d7bfc26,1.8196,0.0,0.68536,False,0.0028864,0.009305790496924628,-0.13267,0.0651,-0.000149,-0.002259,6e-06,0.009859,-0.006021,543da140a6d0eacdb86d907fc34529e875e43a4d9c573c356cb8894bc40452b3,-0.0002849,-0.0001263,-14.256714681449655,28,108,1296,1.069,6.936785249999957,6.936788450002496,0.603,6bb2627b75bbf1c3cc1a35eaf5559aaeee0e0d51,108,28.0,True,1296,0.285255
2a3c753ee9179f4b32d27cca,lhs30s2000:03,stage6,12,2,0.0,0.0,4.0,4.0,SUCCESS,True,3.414435,-0.265326,-1.423702,-3.490362,0.000872,0.0,/usr/local/bin/avl:sha256=758a9c634d7bfc26,1.8196,0.0,0.68536,False,0.0010666,0.0069390541513913665,-0.01365,0.01551,-0.000252,-0.002265,4.8e-05,0.009892,-0.006038,543da140a6d0eacdb86d907fc34529e875e43a4d9c573c356cb8894bc40452b3,-0.0002859,-0.0002164,-1.9671268882176118,28,108,1296,1.069,7.380094595995615,7.380097896006191,0.0177,6bb2627b75bbf1c3cc1a35eaf5559aaeee0e0d51,108,28.0,True,1296,0.285773
fd32cc898d0f45a1716e5934,lhs30s2000:03,stage6,16,2,0.0,-2.0,4.0,4.0,SUCCESS,True,3.403239,-0.265301,-1.414678,-3.48245,0.001778,0.0,/usr/local/bin/avl:sha256=758a9c634d7bfc26,1.8196,0.0,0.68536,False,0.0029542,0.009378472457968289,-0.13405,0.0659,-0.000147,-0.002281,3e-06,0.009956,-0.006066,543da140a6d0eacdb86d907fc34529e875e43a4d9c573c356cb8894bc40452b3,-0.0002772,-0.0001089,-14.29337246558807,28,108,1728,1.069,11.97155512899917,11.971557529002894,0.6013,6bb2627b75bbf1c3cc1a35eaf5559aaeee0e0d51,108,28.0,True,1728,0.284896
750103a0e48fed3d569926c1,lhs30s2000:03,stage6,16,2,0.0,0.0,4.0,4.0,SUCCESS,True,3.41469,-0.265348,-1.422016,-3.487532,0.000878,0.0,/usr/local/bin/avl:sha256=758a9c634d7bfc26,1.8196,0.0,0.68536,False,0.0010935,0.006970244197118943,-0.01501,0.01637,-0.000251,-0.002287,4.6e-05,0.00999,-0.006083,543da140a6d0eacdb86d907fc34529e875e43a4d9c573c356cb8894bc40452b3,-0.0002781,-0.0002019,-2.1534396178263284,28,108,1728,1.069,11.686860983005317,11.686864583003626,0.0207,6bb2627b75bbf1c3cc1a35eaf5559aaeee0e0d51,108,28.0,True,1728,0.285414
e67d28ca46bd171b6d910c21,lhs30s2000:03,stage6,24,4,1.0,-2.0,4.0,4.0,SUCCESS,True,3.388427,-0.263421,-1.402683,-3.458086,0.001801,0.0,/usr/local/bin/avl:sha256=758a9c634d7bfc26,1.8196,0.0,0.68536,False,0.0030773,0.009509252273223634,-0.13509,0.06621,-0.000139,-0.002268,-9e-06,0.009925,-0.006047,543da140a6d0eacdb86d907fc34529e875e43a4d9c573c356cb8894bc40452b3,-0.0002731,-9.663e-05,-14.206164282799547,28,216,5184,1.069,103.3050212800008,103.30546767899796,0.6042,6bb2627b75bbf1c3cc1a35eaf5559aaeee0e0d51,216,28.0,True,5184,0.283715
7b22312e5524effa81381d54,lhs30s2000:03,stage6,24,4,1.0,0.0,4.0,4.0,SUCCESS,True,3.400071,-0.263469,-1.40998,-3.463079,0.000904,0.0,/usr/local/bin/avl:sha256=758a9c634d7bfc26,1.8196,0.0,0.68536,False,0.0011202,0.007006678372859884,-0.01657,0.0171,-0.000243,-0.002273,3.6e-05,0.009961,-0.006063,543da140a6d0eacdb86d907fc34529e875e43a4d9c573c356cb8894bc40452b3,-0.0002741,-0.0001887,-2.364886629331139,28,216,5184,1.069,100.44701173499925,100.44701723499747,0.0251,6bb2627b75bbf1c3cc1a35eaf5559aaeee0e0d51,216,28.0,True,5184,0.284215
49d49aa9005c48a3ac18db53,lhs30s2000:03,stage6,24,4,1.0,4.0,4.0,4.0,SUCCESS,True,3.385249,-0.259749,-1.405431,-3.462642,0.002805,0.0,/usr/local/bin/avl:sha256=758a9c634d7bfc26,1.8196,0.0,0.68536,False,0.0057908,0.011962139272900166,0.22058,-0.08133,-0.000449,-0.00227,0.000115,0.009941,-0.006056,543da140a6d0eacdb86d907fc34529e875e43a4d9c573c356cb8894bc40452b3,-0.0002741,-0.0003716,18.43984549650887,28,216,5184,1.069,99.91644160100259,99.91644590099895,0.8568,6bb2627b75bbf1c3cc1a35eaf5559aaeee0e0d51,216,28.0,True,5184,0.284538
7ddba161c846cbfeacfcd958,lhs30s2000:04,stage6,8,2,0.0,-2.0,4.0,4.0,SUCCESS,True,3.393451,-0.268074,-1.378373,-3.262355,0.002325,0.0,/usr/local/bin/avl:sha256=758a9c634d7bfc26,1.5227,0.0,0.58102,False,0.0046653,0.011591095525510848,-0.18374,0.08149,-0.000282,-0.002538,-1.2e-05,0.011605,-0.006744,543da140a6d0eacdb86d907fc34529e875e43a4d9c573c356cb8894bc40452b3,-0.0003926,-0.0001037,-15.851823461864026,29,112,896,0.73046,3.1469381930000964,3.1469406929973047,0.7182,6bb2627b75bbf1c3cc1a35eaf5559aaeee0e0d51,112,28.0,True,896,0.236001
75ddfcc83e40546ddd8e11fd,lhs30s2000:04,stage6,8,2,0.0,0.0,4.0,4.0,SUCCESS,True,3.409513,-0.267909,-1.387176,-3.26733,0.001631,0.0,/usr/local/bin/avl:sha256=758a9c634d7bfc26,1.5227,0.0,0.58102,False,0.0016328,0.007968758941217666,-0.06497,0.03321,-0.000401,-0.002545,3.8e-05,0.011658,-0.006767,543da140a6d0eacdb86d907fc34529e875e43a4d9c573c356cb8894bc40452b3,-0.0003943,-0.0002202,-8.153088891163303,29,112,896,0.73046,3.4379017790051876,3.4379034789963043,0.2608,6bb2627b75bbf1c3cc1a35eaf5559aaeee0e0d51,112,28.0,True,896,0.236389
18da9d58d73da4c8f642862a,lhs30s2000:04,stage6,8,2,0.0,4.0,4.0,4.0,SUCCESS,True,3.404347,-0.263778,-1.386452,-3.2682,0.003643,0.0,/usr/local/bin/avl:sha256=758a9c634d7bfc26,1.5227,0.0,0.58102,False,0.0038684,0.010294290710106345,0.17316,-0.06375,-0.000636,-0.002544,0.000121,0.01166,-0.006771,543da140a6d0eacdb86d907fc34529e875e43a4d9c573c356cb8894bc40452b3,-0.0003947,-0.0004517,16.820974351346173,29,112,896,0.73046,3.3774735889965086,3.377476088993717,0.7663,6bb2627b75bbf1c3cc1a35eaf5559aaeee0e0d51,112,28.0,True,896,0.236624
dbd7539d13deace7ae607502,lhs30s2000:04,stage6,12,2,0.0,-2.0,4.0,4.0,SUCCESS,True,3.394428,-0.268133,-1.37548,-3.259356,0.0024,0.0,/usr/local/bin/avl:sha256=758a9c634d7bfc26,1.5227,0.0,0.58102,False,0.0048104,0.011740061485410206,-0.18641,0.0825,-0.000278,-0.002587,-2e-05,0.011834,-0.006846,543da140a6d0eacdb86d907fc34529e875e43a4d9c573c356cb8894bc40452b3,-0.0003722,-4.913e-05,-15.878111050070594,29,112,1344,0.73046,7.698400156994467,7.69840215700242,0.7131,6bb2627b75bbf1c3cc1a35eaf5559aaeee0e0d51,112,28.0,True,1344,0.235437
d1686fa21576ba77ccda28bf,lhs30s2000:04,stage6,12,2,0.0,0.0,4.0,4.0,SUCCESS,True,3.41051,-0.26795,-1.384255,-3.264171,0.001702,0.0,/usr/local/bin/avl:sha256=758a9c634d7bfc26,1.5227,0.0,0.58102,False,0.0017068,0.008051190056161155,-0.0676,0.03431,-0.000399,-0.002594,3.3e-05,0.011889,-0.00687,543da140a6d0eacdb86d907fc34529e875e43a4d9c573c356cb8894bc40452b3,-0.0003738,-0.0001764,-8.396274281001384,29,112,1344,0.73046,7.628104142000666,7.628106641997874,0.2656,6bb2627b75bbf1c3cc1a35eaf5559aaeee0e0d51,112,28.0,True,1344,0.235822
a7847748999e59a49f4becd9,lhs30s2000:04,stage6,12,2,0.0,4.0,4.0,4.0,SUCCESS,True,3.405212,-0.26378,-1.38352,-3.264733,0.003718,0.0,/usr/local/bin/avl:sha256=758a9c634d7bfc26,1.5227,0.0,0.58102,False,0.0038557,0.01027714914858244,0.1706,-0.06245,-0.00064,-0.002592,0.000122,0.011891,-0.006873,543da140a6d0eacdb86d907fc34529e875e43a4d9c573c356cb8894bc40452b3,-0.0003744,-0.0004298,16.599934235996894,29,112,1344,0.73046,7.680694123999274,7.680696423994959,0.7501,6bb2627b75bbf1c3cc1a35eaf5559aaeee0e0d51,112,28.0,True,1344,0.236064
022d857dee74ee30c647f377,lhs30s2000:04,stage6,16,2,0.0,-2.0,4.0,4.0,SUCCESS,True,3.395076,-0.268164,-1.374165,-3.257548,0.00244,0.0,/usr/local/bin/avl:sha256=758a9c634d7bfc26,1.5227,0.0,0.58102,False,0.0048891,0.011820599883777472,-0.18765,0.08315,-0.000275,-0.002608,-2.5e-05,0.011937,-0.006888,543da140a6d0eacdb86d907fc34529e875e43a4d9c573c356cb8894bc40452b3,-0.0003699,-3.111e-05,-15.874828844983567,29,112,1792,0.73046,13.610455673995602,13.610458674003894,0.7108,6bb2627b75bbf1c3cc1a35eaf5559aaeee0e0d51,112,28.0,True,1792,0.235168
a8ae93d964a3776105c9fd68,lhs30s2000:04,stage6,16,2,0.0,0.0,4.0,4.0,SUCCESS,True,3.411179,-0.267972,-1.382941,-3.262291,0.001743,0.0,/usr/local/bin/avl:sha256=758a9c634d7bfc26,1.5227,0.0,0.58102,False,0.0017462,0.008094651370824976,-0.06882,0.03502,-0.000398,-0.002616,3e-05,0.011993,-0.006912,543da140a6d0eacdb86d907fc34529e875e43a4d9c573c356cb8894bc40452b3,-0.0003715,-0.0001606,-8.50191031673624,29,112,1792,0.73046,12.906227614003,12.90623021400097,0.2677,6bb2627b75bbf1c3cc1a35eaf5559aaeee0e0d51,112,28.0,True,1792,0.235552
4f20649614a87ac2b571835b,lhs30s2000:04,stage6,16,2,0.0,4.0,4.0,4.0,SUCCESS,True,3.405819,-0.263785,-1.382226,-3.262713,0.003766,0.0,/usr/local/bin/avl:sha256=758a9c634d7bfc26,1.5227,0.0,0.58102,False,0.0038498,0.010269279349289047,0.16943,-0.06165,-0.000641,-0.002614,0.000121,0.011997,-0.006915,543da140a6d0eacdb86d907fc34529e875e43a4d9c573c356cb8894bc40452b3,-0.0003721,-0.0004185,16.498723448566995,29,112,1792,0.73046,12.611130379002134,12.611132478996296,0.7425,6bb2627b75bbf1c3cc1a35eaf5559aaeee0e0d51,112,28.0,True,1792,0.235801
af7979c48181ac0afd1106d9,lhs30s2000:04,stage6,24,4,1.0,-2.0,4.0,4.0,SUCCESS,True,3.385434,-0.266203,-1.365221,-3.240022,0.002494,0.0,/usr/local/bin/avl:sha256=758a9c634d7bfc26,1.5227,0.0,0.58102,False,0.0050258,0.011970977853244896,-0.18856,0.08329,-0.000266,-0.002602,-3.9e-05,0.01192,-0.006876,543da140a6d0eacdb86d907fc34529e875e43a4d9c573c356cb8894bc40452b3,-0.0003666,-1.944e-05,-15.751428355444519,29,224,5376,0.73046,104.9047247999988,104.9047275999983,0.711,6bb2627b75bbf1c3cc1a35eaf5559aaeee0e0d51,224,28.0,True,5376,0.234302
587a081435098e08ac1d5751,lhs30s2000:04,stage6,24,4,1.0,0.0,4.0,4.0,SUCCESS,True,3.401675,-0.266009,-1.373952,-3.244697,0.001798,0.0,/usr/local/bin/avl:sha256=758a9c634d7bfc26,1.5227,0.0,0.58102,False,0.0017968,0.008156477325350932,-0.07007,0.03547,-0.000389,-0.002609,1.7e-05,0.011979,-0.0069,543da140a6d0eacdb86d907fc34529e875e43a4d9c573c356cb8894bc40452b3,-0.0003683,-0.0001479,-8.590718419852314,29,224,5376,0.73046,109.21641289899708,109.21641559899581,0.2749,6bb2627b75bbf1c3cc1a35eaf5559aaeee0e0d51,224,28.0,True,5376,0.234675
3fbf6cf6f5bc4060864ea6f9,lhs30s2000:04,stage6,24,4,1.0,4.0,4.0,4.0,SUCCESS,True,3.396364,-0.261833,-1.373267,-3.24503,0.003842,0.0,/usr/local/bin/avl:sha256=758a9c634d7bfc26,1.5227,0.0,0.58102,False,0.0038156,0.010239592131499513,0.16752,-0.06057,-0.000633,-0.002607,0.000112,0.011988,-0.006903,543da140a6d0eacdb86d907fc34529e875e43a4d9c573c356cb8894bc40452b3,-0.0003689,-0.0004037,16.360026634719866,29,224,5376,0.73046,104.51767310799914,104.51767610800016,0.7353,6bb2627b75bbf1c3cc1a35eaf5559aaeee0e0d51,224,28.0,True,5376,0.234925
48b599112e1c3da12ee81779,lhs30s2000:05,stage6,8,2,0.0,-2.0,4.0,4.0,SUCCESS,True,3.641677,-0.29132,-2.452253,-6.743376,0.003907,0.0,/usr/local/bin/avl:sha256=758a9c634d7bfc26,1.7428,0.0,0.57661,False,0.0040105,0.010938315502690258,-0.1819,0.12908,-0.000334,-0.002304,7.3e-05,0.008536,-0.007861,543da140a6d0eacdb86d907fc34529e875e43a4d9c573c356cb8894bc40452b3,-0.0002891,-0.0002194,-16.62961723450581,29,112,896,0.85687,3.534720864998235,3.5347231650011963,0.7162,6bb2627b75bbf1c3cc1a35eaf5559aaeee0e0d51,112,28.0,True,896,0.388283
986fb605893d619e01a8823c,lhs30s2000:05,stage6,8,2,0.0,0.0,4.0,4.0,SUCCESS,True,3.657871,-0.291235,-2.465867,-6.75563,0.002355,0.0,/usr/local/bin/avl:sha256=758a9c634d7bfc26,1.7428,0.0,0.57661,False,0.0013757,0.007656824073563665,-0.05446,0.04321,-0.000407,-0.00231,0.000101,0.008568,-0.007882,543da140a6d0eacdb86d907fc34529e875e43a4d9c573c356cb8894bc40452b3,-0.0002902,-0.0003209,-7.112609546304104,29,112,896,0.85687,3.620627625998168,3.6206298260003678,0.1899,6bb2627b75bbf1c3cc1a35eaf5559aaeee0e0d51,112,28.0,True,896,0.388711
42b418f9bc5eefb52c93e468,lhs30s2000:05,stage6,8,2,0.0,4.0,4.0,4.0,SUCCESS,True,3.652376,-0.287639,-2.460224,-6.762178,0.004107,0.0,/usr/local/bin/avl:sha256=758a9c634d7bfc26,1.7428,0.0,0.57661,False,0.0043014,0.010684967132669481,0.20101,-0.12901,-0.00055,-0.002307,0.000136,0.008556,-0.007876,543da140a6d0eacdb86d907fc34529e875e43a4d9c573c356cb8894bc40452b3,-0.0002902,-0.0005218,18.812411634417504,29,112,896,0.85687,3.336995803998434,3.3369977039983496,0.7955,6bb2627b75bbf1c3cc1a35eaf5559aaeee0e0d51,112,28.0,True,896,0.388404
0909be9717185e5127865ce6,lhs30s2000:05,stage6,12,2,0.0,-2.0,4.0,4.0,SUCCESS,True,3.641748,-0.291387,-2.449544,-6.739474,0.003911,0.0,/usr/local/bin/avl:sha256=758a9c634d7bfc26,1.7428,0.0,0.57661,False,0.0042052,0.0111525586550114,-0.18573,0.13184,-0.00033,-0.002338,6.5e-05,0.008663,-0.007961,543da140a6d0eacdb86d907fc34529e875e43a4d9c573c356cb8894bc40452b3,-0.0002877,-0.0002068,-16.65357751035385,29,112,1344,0.85687,7.909233617996506,7.9092355180036975,0.7142,6bb2627b75bbf1c3cc1a35eaf5559aaeee0e0d51,112,28.0,True,1344,0.387847
6660be61de63492ad36287c2,lhs30s2000:05,stage6,12,2,0.0,0.0,4.0,4.0,SUCCESS,True,3.658066,-0.291267,-2.463105,-6.751193,0.002336,0.0,/usr/local/bin/avl:sha256=758a9c634d7bfc26,1.7428,0.0,0.57661,False,0.0014589,0.007753962344815196,-0.05828,0.04606,-0.000406,-0.002344,9.5e-05,0.008695,-0.007982,543da140a6d0eacdb86d907fc34529e875e43a4d9c573c356cb8894bc40452b3,-0.0002888,-0.0003116,-7.516157212056853,29,112,1344,0.85687,7.922516235004878,7.922518434999802,0.203,6bb2627b75bbf1c3cc1a35eaf5559aaeee0e0d51,112,28.0,True,1344,0.388254
0fb54cebb57da1388c1c11f2,lhs30s2000:05,stage6,12,2,0.0,4.0,4.0,4.0,SUCCESS,True,3.652412,-0.287578,-2.457411,-6.756715,0.00405,0.0,/usr/local/bin/avl:sha256=758a9c634d7bfc26,1.7428,0.0,0.57661,False,0.0042967,0.010672452643671164,0.1972,-0.12596,-0.000554,-0.00234,0.000136,0.008684,-0.007975,543da140a6d0eacdb86d907fc34529e875e43a4d9c573c356cb8894bc40452b3,-0.0002888,-0.0005192,18.47747716331549,29,112,1344,0.85687,8.130613638997602,8.130615838999802,0.7788,6bb2627b75bbf1c3cc1a35eaf5559aaeee0e0d51,112,28.0,True,1344,0.387957
8b80012c8d054d0a680e5cc7,lhs30s2000:05,stage6,16,2,0.0,-2.0,4.0,4.0,SUCCESS,True,3.641749,-0.291413,-2.448032,-6.736083,0.003922,0.0,/usr/local/bin/avl:sha256=758a9c634d7bfc26,1.7428,0.0,0.57661,False,0.0043122,0.011269227974265238,-0.18753,0.13331,-0.000326,-0.002351,6e-05,0.008712,-0.007995,543da140a6d0eacdb86d907fc34529e875e43a4d9c573c356cb8894bc40452b3,-0.0002734,-0.0001885,-16.640891499244614,29,112,1792,0.85687,13.934390109003289,13.934393008996267,0.7136,6bb2627b75bbf1c3cc1a35eaf5559aaeee0e0d51,112,28.0,True,1792,0.387607
c1f3c0778f51d2c07bc4e9ed,lhs30s2000:05,stage6,16,2,0.0,0.0,4.0,4.0,SUCCESS,True,3.658154,-0.291278,-2.461588,-6.747568,0.002337,0.0,/usr/local/bin/avl:sha256=758a9c634d7bfc26,1.7428,0.0,0.57661,False,0.0015048,0.007806775820923447,-0.06009,0.04759,-0.000403,-0.002357,9.1e-05,0.008745,-0.008016,543da140a6d0eacdb86d907fc34529e875e43a4d9c573c356cb8894bc40452b3,-0.0002744,-0.0002936,-7.697159669802339,29,112,1792,0.85687,12.197505406002165,12.197507706005126,0.2093,6bb2627b75bbf1c3cc1a35eaf5559aaeee0e0d51,112,28.0,True,1792,0.388006
4fc2a5242dc4a12bf91e3a47,lhs30s2000:05,stage6,16,2,0.0,4.0,4.0,4.0,SUCCESS,True,3.652445,-0.28755,-2.455911,-6.752647,0.004033,0.0,/usr/local/bin/avl:sha256=758a9c634d7bfc26,1.7428,0.0,0.57661,False,0.0042965,0.010668565414462813,0.1954,-0.12433,-0.000555,-0.002353,0.000136,0.008734,-0.008009,543da140a6d0eacdb86d907fc34529e875e43a4d9c573c356cb8894bc40452b3,-0.0002745,-0.0005021,18.315489703527195,29,112,1792,0.85687,13.233688022002752,13.233690221997676,0.771,6bb2627b75bbf1c3cc1a35eaf5559aaeee0e0d51,112,28.0,True,1792,0.387716
2fd2eac1663ab27884c4ff7f,lhs30s2000:05,stage6,24,4,1.0,-2.0,4.0,4.0,SUCCESS,True,3.627605,-0.289924,-2.431991,-6.693956,0.003948,0.0,/usr/local/bin/avl:sha256=758a9c634d7bfc26,1.7428,0.0,0.57661,False,0.0044687,0.011435669909108817,-0.18843,0.13371,-0.000307,-0.002333,4.3e-05,0.008663,-0.007948,543da140a6d0eacdb86d907fc34529e875e43a4d9c573c356cb8894bc40452b3,-0.0002695,-0.000182,-16.47739061180058,29,224,5376,0.85687,107.47576388200105,107.47576778200164,0.711,6bb2627b75bbf1c3cc1a35eaf5559aaeee0e0d51,224,28.0,True,5376,0.386569
ccd396c0a66555b941909e93,lhs30s2000:05,stage6,24,4,1.0,0.0,4.0,4.0,SUCCESS,True,3.644219,-0.289793,-2.445487,-6.705257,0.002348,0.0,/usr/local/bin/avl:sha256=758a9c634d7bfc26,1.7428,0.0,0.57661,False,0.001557,0.007870000248482374,-0.06148,0.04855,-0.000385,-0.002339,7.7e-05,0.008698,-0.007969,543da140a6d0eacdb86d907fc34529e875e43a4d9c573c356cb8894bc40452b3,-0.0002705,-0.0002859,-7.811943844837312,29,224,5376,0.85687,104.12722035999468,104.1272257600067,0.2162,6bb2627b75bbf1c3cc1a35eaf5559aaeee0e0d51,224,28.0,True,5376,0.386942
3cdfc83f50992eb20b71a3c6,lhs30s2000:05,stage6,24,4,1.0,4.0,4.0,4.0,SUCCESS,True,3.638515,-0.286086,-2.439898,-6.710057,0.004025,0.0,/usr/local/bin/avl:sha256=758a9c634d7bfc26,1.7428,0.0,0.57661,False,0.0042945,0.0106686014020809,0.19304,-0.12224,-0.000539,-0.002336,0.000125,0.008689,-0.007961,543da140a6d0eacdb86d907fc34529e875e43a4d9c573c356cb8894bc40452b3,-0.0002706,-0.0004919,18.0942180445834,29,224,5376,0.85687,112.23829728800047,112.23829918800038,0.7638,6bb2627b75bbf1c3cc1a35eaf5559aaeee0e0d51,224,28.0,True,5376,0.386663
11cd6a59dbdbe9c557786b25,lhs30s2000:06,stage6,8,2,0.0,-2.0,4.0,4.0,SUCCESS,True,3.936719,-0.319525,-1.815334,-4.213731,0.003585,0.0,/usr/local/bin/avl:sha256=758a9c634d7bfc26,2.2661,0.0,0.65452,False,0.0045122,0.012077901658611983,-0.2235,0.11524,-0.000396,-0.00209,1.6e-05,0.008138,-0.005244,543da140a6d0eacdb86d907fc34529e875e43a4d9c573c356cb8894bc40452b3,-0.0001195,-9.022e-05,-18.504869994585224,29,112,896,1.1337,3.4060728829936124,3.4060752830046113,0.7665,6bb2627b75bbf1c3cc1a35eaf5559aaeee0e0d51,112,28.0,True,896,0.301817
4b5755285baf6827816a4b9d,lhs30s2000:06,stage6,8,2,0.0,0.0,4.0,4.0,SUCCESS,True,3.95564,-0.319348,-1.82754,-4.220882,0.002491,0.0,/usr/local/bin/avl:sha256=758a9c634d7bfc26,2.2661,0.0,0.65452,False,0.0014155,0.007811546382521622,-0.08572,0.05164,-0.000438,-0.002093,3.1e-05,0.008166,-0.005254,543da140a6d0eacdb86d907fc34529e875e43a4d9c573c356cb8894bc40452b3,-0.0001198,-0.0001185,-10.973499458672995,29,112,896,1.1337,3.4303887140049483,3.430391114001395,0.365,6bb2627b75bbf1c3cc1a35eaf5559aaeee0e0d51,112,28.0,True,896,0.302393
e859e1ec8f2d6609e251f536,lhs30s2000:06,stage6,8,2,0.0,4.0,4.0,4.0,SUCCESS,True,3.95526,-0.316066,-1.828984,-4.225734,0.003803,0.0,/usr/local/bin/avl:sha256=758a9c634d7bfc26,2.2661,0.0,0.65452,False,0.0031679,0.00952082394832143,0.19072,-0.07619,-0.000519,-0.002087,3e-05,0.008153,-0.005246,543da140a6d0eacdb86d907fc34529e875e43a4d9c573c356cb8894bc40452b3,-0.0001195,-0.0001741,20.031879702347076,29,112,896,1.1337,3.8719484510002076,3.8719519509977545,0.7926,6bb2627b75bbf1c3cc1a35eaf5559aaeee0e0d51,112,28.0,True,896,0.302661
b5cda0a72603f50d332bde65,lhs30s2000:06,stage6,12,2,0.0,-2.0,4.0,4.0,SUCCESS,True,3.936944,-0.319601,-1.811807,-4.208253,0.003608,0.0,/usr/local/bin/avl:sha256=758a9c634d7bfc26,2.2661,0.0,0.65452,False,0.0046637,0.012239332455291886,-0.22662,0.11653,-0.000401,-0.002153,9e-06,0.008386,-0.005394,543da140a6d0eacdb86d907fc34529e875e43a4d9c573c356cb8894bc40452b3,-0.0001232,-8.582e-05,-18.515715691832273,29,112,1344,1.1337,7.722728370994446,7.722731070993177,0.7602,6bb2627b75bbf1c3cc1a35eaf5559aaeee0e0d51,112,28.0,True,1344,0.301213
d9c12d165b551a66e6a10f79,lhs30s2000:06,stage6,12,2,0.0,0.0,4.0,4.0,SUCCESS,True,3.955977,-0.319389,-1.823992,-4.21522,0.002512,0.0,/usr/local/bin/avl:sha256=758a9c634d7bfc26,2.2661,0.0,0.65452,False,0.0014904,0.007899345946256214,-0.08883,0.05306,-0.000445,-0.002156,2.6e-05,0.008415,-0.005404,543da140a6d0eacdb86d907fc34529e875e43a4d9c573c356cb8894bc40452b3,-0.0001235,-0.0001174,-11.245234808598267,29,112,1344,1.1337,7.328220247996796,7.328223348005849,0.3677,6bb2627b75bbf1c3cc1a35eaf5559aaeee0e0d51,112,28.0,True,1344,0.30178
43b7312ba5c5a89aa743e85c,lhs30s2000:06,stage6,12,2,0.0,4.0,4.0,4.0,SUCCESS,True,3.955664,-0.316032,-1.825443,-4.21971,0.003833,0.0,/usr/local/bin/avl:sha256=758a9c634d7bfc26,2.2661,0.0,0.65452,False,0.0031414,0.00949016590021599,0.18764,-0.07452,-0.00053,-0.00215,2.9e-05,0.008403,-0.005395,543da140a6d0eacdb86d907fc34529e875e43a4d9c573c356cb8894bc40452b3,-0.0001232,-0.0001798,19.77204634491473,29,112,1344,1.1337,7.613083233998623,7.613085434000823,0.7801,6bb2627b75bbf1c3cc1a35eaf5559aaeee0e0d51,112,28.0,True,1344,0.302044
cf13b4b5f9bdf43029e49d5d,lhs30s2000:06,stage6,16,2,0.0,-2.0,4.0,4.0,SUCCESS,True,3.937053,-0.319629,-1.810081,-4.204774,0.003619,0.0,/usr/local/bin/avl:sha256=758a9c634d7bfc26,2.2661,0.0,0.65452,False,0.0047406,0.012319209232820157,-0.22798,0.11726,-0.000402,-0.002183,4e-06,0.008504,-0.005464,543da140a6d0eacdb86d907fc34529e875e43a4d9c573c356cb8894bc40452b3,-0.0001228,-8.108e-05,-18.5060579531865,29,112,1792,1.1337,12.494150472004549,12.494153371997527,0.7572,6bb2627b75bbf1c3cc1a35eaf5559aaeee0e0d51,112,28.0,True,1792,0.300918
59e58df3a5d1cb36ea1aac82,lhs30s2000:06,stage6,16,2,0.0,0.0,4.0,4.0,SUCCESS,True,3.956164,-0.319406,-1.822277,-4.211675,0.002524,0.0,/usr/local/bin/avl:sha256=758a9c634d7bfc26,2.2661,0.0,0.65452,False,0.0015283,0.007942791336564082,-0.09018,0.05384,-0.000447,-0.002187,2.2e-05,0.008535,-0.005474,543da140a6d0eacdb86d907fc34529e875e43a4d9c573c356cb8894bc40452b3,-0.000123,-0.0001143,-11.35369118723574,29,112,1792,1.1337,12.617061663993809,12.617064263999055,0.3684,6bb2627b75bbf1c3cc1a35eaf5559aaeee0e0d51,112,28.0,True,1792,0.301482
46d3c1238f747b69a80d19e0,lhs30s2000:06,stage6,16,2,0.0,4.0,4.0,4.0,SUCCESS,True,3.955914,-0.316021,-1.823771,-4.216036,0.003854,0.0,/usr/local/bin/avl:sha256=758a9c634d7bfc26,2.2661,0.0,0.65452,False,0.0031322,0.009479328188787174,0.18631,-0.07362,-0.000534,-0.00218,2.8e-05,0.008523,-0.005465,543da140a6d0eacdb86d907fc34529e875e43a4d9c573c356cb8894bc40452b3,-0.0001227,-0.0001798,19.65434641458883,29,112,1792,1.1337,12.700444359004905,12.700446859002113,0.7744,6bb2627b75bbf1c3cc1a35eaf5559aaeee0e0d51,112,28.0,True,1792,0.301749
ff073263d9cd90a0f6e9e477,lhs30s2000:06,stage6,24,4,1.0,-2.0,4.0,4.0,SUCCESS,True,3.927299,-0.317411,-1.799063,-4.181165,0.00362,0.0,/usr/local/bin/avl:sha256=758a9c634d7bfc26,2.2661,0.0,0.65452,False,0.0048583,0.012451456121348417,-0.22918,0.11762,-0.000388,-0.002185,-1.1e-05,0.008508,-0.005463,543da140a6d0eacdb86d907fc34529e875e43a4d9c573c356cb8894bc40452b3,-0.0001214,-7.649e-05,-18.405879422171644,29,224,5376,1.1337,104.03065998799866,104.0306625880039,0.7584,6bb2627b75bbf1c3cc1a35eaf5559aaeee0e0d51,224,28.0,True,5376,0.299829
ee70ffcf0e97ffd9b9ebbf6a,lhs30s2000:06,stage6,24,4,1.0,0.0,4.0,4.0,SUCCESS,True,3.946668,-0.31721,-1.811263,-4.188033,0.002526,0.0,/usr/local/bin/avl:sha256=758a9c634d7bfc26,2.2661,0.0,0.65452,False,0.0015665,0.00799203552802295,-0.09172,0.05459,-0.000434,-0.002188,9e-06,0.00854,-0.005473,543da140a6d0eacdb86d907fc34529e875e43a4d9c573c356cb8894bc40452b3,-0.0001217,-0.0001104,-11.476425458620236,29,224,5376,1.1337,105.51206940799602,105.51207290800085,0.3776,6bb2627b75bbf1c3cc1a35eaf5559aaeee0e0d51,224,28.0,True,5376,0.300381
09305638a4142859dc63f6ec,lhs30s2000:06,stage6,24,4,1.0,4.0,4.0,4.0,SUCCESS,True,3.946707,-0.313882,-1.812901,-4.192369,0.003872,0.0,/usr/local/bin/avl:sha256=758a9c634d7bfc26,2.2661,0.0,0.65452,False,0.0030983,0.009447264161124699,0.18411,-0.0721,-0.000523,-0.002182,1.8e-05,0.008532,-0.005463,543da140a6d0eacdb86d907fc34529e875e43a4d9c573c356cb8894bc40452b3,-0.0001213,-0.0001774,19.48818164285158,29,224,5376,1.1337,105.9670805900023,105.96708319000027,0.7672,6bb2627b75bbf1c3cc1a35eaf5559aaeee0e0d51,224,28.0,True,5376,0.30065
f8a0a561d5eed320e7d9b4a5,lhs30s2000:07,stage6,8,2,0.0,-2.0,4.0,4.0,SUCCESS,True,3.811833,-0.299578,-2.091766,-5.121948,0.002034,0.0,/usr/local/bin/avl:sha256=758a9c634d7bfc26,2.027,0.0,0.64408,False,0.0038382,0.010419924912022156,-0.1484,0.09036,-0.000206,-0.003118,4.7e-05,0.012591,-0.009103,543da140a6d0eacdb86d907fc34529e875e43a4d9c573c356cb8894bc40452b3,-0.0002833,-0.0002236,-14.241945239814648,29,112,896,0.99526,3.5514646240044385,3.551469324003847,0.4374,6bb2627b75bbf1c3cc1a35eaf5559aaeee0e0d51,112,28.0,True,896,0.353441
1962418ea49587d85af9bf33,lhs30s2000:07,stage6,8,2,0.0,0.0,4.0,4.0,SUCCESS,True,3.823432,-0.299487,-2.100497,-5.128304,0.001159,0.0,/usr/local/bin/avl:sha256=758a9c634d7bfc26,2.027,0.0,0.64408,False,0.0018055,0.008011498079944862,-0.0151,0.01717,-0.000306,-0.003123,7.9e-05,0.012615,-0.009116,543da140a6d0eacdb86d907fc34529e875e43a4d9c573c356cb8894bc40452b3,-0.0002838,-0.0002979,-1.8847910652066115,29,112,896,0.99526,3.5036326280023786,3.5036357280041557,0.0098,6bb2627b75bbf1c3cc1a35eaf5559aaeee0e0d51,112,28.0,True,896,0.353839
e16e40367d12785980e63096,lhs30s2000:07,stage6,8,2,0.0,4.0,4.0,4.0,SUCCESS,True,3.808534,-0.295996,-2.089729,-5.126562,0.002855,0.0,/usr/local/bin/avl:sha256=758a9c634d7bfc26,2.027,0.0,0.64408,False,0.0058038,0.01242156320958201,0.2516,-0.12933,-0.000502,-0.003111,9.2e-05,0.012558,-0.009084,543da140a6d0eacdb86d907fc34529e875e43a4d9c573c356cb8894bc40452b3,-0.0002827,-0.0004443,20.255099600178777,29,112,896,0.99526,3.733938739998848,3.7339416399991023,0.8144,6bb2627b75bbf1c3cc1a35eaf5559aaeee0e0d51,112,28.0,True,896,0.353402
44d15e22424588d583a8297a,lhs30s2000:07,stage6,12,2,0.0,-2.0,4.0,4.0,SUCCESS,True,3.811642,-0.299632,-2.088654,-5.116509,0.002029,0.0,/usr/local/bin/avl:sha256=758a9c634d7bfc26,2.027,0.0,0.64408,False,0.0040056,0.010600013621503548,-0.15168,0.09228,-0.000199,-0.003175,3.7e-05,0.01282,-0.009246,543da140a6d0eacdb86d907fc34529e875e43a4d9c573c356cb8894bc40452b3,-0.0002641,-0.0001968,-14.309415573985376,29,112,1344,0.99526,7.74210751800274,7.742110218001471,0.4364,6bb2627b75bbf1c3cc1a35eaf5559aaeee0e0d51,112,28.0,True,1344,0.352933
fed6f6dde384b3a9e5b574fd,lhs30s2000:07,stage6,12,2,0.0,0.0,4.0,4.0,SUCCESS,True,3.82343,-0.299511,-2.097432,-5.122707,0.001145,0.0,/usr/local/bin/avl:sha256=758a9c634d7bfc26,2.027,0.0,0.64408,False,0.0018914,0.008109817238846084,-0.01838,0.01919,-0.000302,-0.003179,7.2e-05,0.012845,-0.009259,543da140a6d0eacdb86d907fc34529e875e43a4d9c573c356cb8894bc40452b3,-0.0002646,-0.0002757,-2.2663889282189573,29,112,1344,0.99526,7.62432104999607,7.624323550000554,0.0137,6bb2627b75bbf1c3cc1a35eaf5559aaeee0e0d51,112,28.0,True,1344,0.353323
9833b888bbf16e93ff548a57,lhs30s2000:07,stage6,12,2,0.0,4.0,4.0,4.0,SUCCESS,True,3.808665,-0.295959,-2.086826,-5.120705,0.002828,0.0,/usr/local/bin/avl:sha256=758a9c634d7bfc26,2.027,0.0,0.64408,False,0.0058091,0.012421017121694133,0.24832,-0.12709,-0.000503,-0.003167,9.2e-05,0.012788,-0.009227,543da140a6d0eacdb86d907fc34529e875e43a4d9c573c356cb8894bc40452b3,-0.0002637,-0.0004314,19.99192156061782,29,112,1344,0.99526,7.54435466099676,7.544356960999721,0.8008,6bb2627b75bbf1c3cc1a35eaf5559aaeee0e0d51,112,28.0,True,1344,0.352899
6e51616c6d25802c8d8a6b66,lhs30s2000:07,stage6,16,2,0.0,-2.0,4.0,4.0,SUCCESS,True,3.811564,-0.299655,-2.087115,-5.112973,0.002031,0.0,/usr/local/bin/avl:sha256=758a9c634d7bfc26,2.027,0.0,0.64408,False,0.0040948,0.01069498195843743,-0.15312,0.09329,-0.000195,-0.003203,3.1e-05,0.012936,-0.009319,543da140a6d0eacdb86d907fc34529e875e43a4d9c573c356cb8894bc40452b3,-0.0002549,-0.0001828,-14.316994698546582,29,112,1792,0.99526,12.5494655529983,12.549467452998215,0.4355,6bb2627b75bbf1c3cc1a35eaf5559aaeee0e0d51,112,28.0,True,1792,0.35268
2161c2bd0ec9b4689bd70021,lhs30s2000:07,stage6,16,2,0.0,0.0,4.0,4.0,SUCCESS,True,3.823455,-0.299523,-2.095929,-5.119109,0.001144,0.0,/usr/local/bin/avl:sha256=758a9c634d7bfc26,2.027,0.0,0.64408,False,0.0019388,0.008163045283150004,-0.01983,0.02026,-0.000299,-0.003208,6.8e-05,0.012963,-0.009332,543da140a6d0eacdb86d907fc34529e875e43a4d9c573c356cb8894bc40452b3,-0.0002554,-0.0002635,-2.4292404748669827,29,112,1792,0.99526,12.892680256001768,12.89268255600473,0.0155,6bb2627b75bbf1c3cc1a35eaf5559aaeee0e0d51,112,28.0,True,1792,0.353068
5a0ff6dd6e64a645fa354c34,lhs30s2000:07,stage6,16,2,0.0,4.0,4.0,4.0,SUCCESS,True,3.808754,-0.295946,-2.085428,-5.117009,0.002823,0.0,/usr/local/bin/avl:sha256=758a9c634d7bfc26,2.027,0.0,0.64408,False,0.0058199,0.012429370617911429,0.24688,-0.12592,-0.000504,-0.003196,9.2e-05,0.012907,-0.009299,543da140a6d0eacdb86d907fc34529e875e43a4d9c573c356cb8894bc40452b3,-0.0002545,-0.0004228,19.862630827359183,29,112,1792,0.99526,12.410202885002946,12.410206385000492,0.7942,6bb2627b75bbf1c3cc1a35eaf5559aaeee0e0d51,112,28.0,True,1792,0.352655
b3eb981f1ed0e3d4b3e1e6c9,lhs30s2000:07,stage6,24,4,1.0,-2.0,4.0,4.0,SUCCESS,True,3.803067,-0.297758,-2.076581,-5.088441,0.002053,0.0,/usr/local/bin/avl:sha256=758a9c634d7bfc26,2.027,0.0,0.64408,False,0.0042057,0.010817780220995027,-0.15438,0.09389,-0.000174,-0.003195,9e-06,0.012918,-0.009303,543da140a6d0eacdb86d907fc34529e875e43a4d9c573c356cb8894bc40452b3,-0.0002525,-0.0001767,-14.270949940393596,29,224,5376,0.99526,102.11692571800086,102.11692891799612,0.4377,6bb2627b75bbf1c3cc1a35eaf5559aaeee0e0d51,224,28.0,True,5376,0.351684
be9d94894a07c2c3fc9888c8,lhs30s2000:07,stage6,24,4,1.0,0.0,4.0,4.0,SUCCESS,True,3.815162,-0.297633,-2.085411,-5.094524,0.00116,0.0,/usr/local/bin/avl:sha256=758a9c634d7bfc26,2.027,0.0,0.64408,False,0.0019731,0.0082079255426534,-0.02138,0.02122,-0.000279,-0.003199,4.9e-05,0.012949,-0.009316,543da140a6d0eacdb86d907fc34529e875e43a4d9c573c356cb8894bc40452b3,-0.000253,-0.0002573,-2.604799457414233,29,224,5376,0.99526,114.75997282400203,114.7599776240022,0.0179,6bb2627b75bbf1c3cc1a35eaf5559aaeee0e0d51,224,28.0,True,5376,0.35206
fe7305398805d54f5cbfcd95,lhs30s2000:07,stage6,24,4,1.0,4.0,4.0,4.0,SUCCESS,True,3.800576,-0.29409,-2.075092,-5.092397,0.002838,0.0,/usr/local/bin/avl:sha256=758a9c634d7bfc26,2.027,0.0,0.64408,False,0.0058092,0.012417474987644605,0.24476,-0.12423,-0.000487,-0.003188,7.8e-05,0.012897,-0.009283,543da140a6d0eacdb86d907fc34529e875e43a4d9c573c356cb8894bc40452b3,-0.0002521,-0.0004167,19.710931589839028,29,224,5376,0.99526,110.39985375199467,110.39985685199645,0.7879,6bb2627b75bbf1c3cc1a35eaf5559aaeee0e0d51,224,28.0,True,5376,0.351662
1eb65f461e67a527ab7b457b,lhs30s2000:08,stage6,8,2,0.0,-2.0,4.0,4.0,SUCCESS,True,3.819294,-0.309033,-2.337789,-6.091235,0.003097,0.0,/usr/local/bin/avl:sha256=758a9c634d7bfc26,2.3388,0.0,0.71355,False,0.0048574,0.011826906183848263,-0.20825,0.14234,-0.000435,-0.002449,5.5e-05,0.009039,-0.00714,543da140a6d0eacdb86d907fc34529e875e43a4d9c573c356cb8894bc40452b3,-0.0002317,-0.0001927,-17.608155232042197,29,112,896,1.3703,3.1110016309976345,3.111004430997127,0.7084,6bb2627b75bbf1c3cc1a35eaf5559aaeee0e0d51,112,28.0,True,896,0.436764
06497bf7b4a1f04ca81ddb5b,lhs30s2000:08,stage6,8,2,0.0,0.0,4.0,4.0,SUCCESS,True,3.838081,-0.309144,-2.352694,-6.102677,0.001992,0.0,/usr/local/bin/avl:sha256=758a9c634d7bfc26,2.3388,0.0,0.71355,False,0.0017001,0.007855720417278379,-0.07457,0.06045,-0.00051,-0.002457,7.6e-05,0.00908,-0.007166,543da140a6d0eacdb86d907fc34529e875e43a4d9c573c356cb8894bc40452b3,-0.0002328,-0.0002658,-9.492445764233912,29,112,896,1.3703,3.41840116000094,3.41840336000314,0.2614,6bb2627b75bbf1c3cc1a35eaf5559aaeee0e0d51,112,28.0,True,896,0.437397
07d9ee40413aadb6f576abf8,lhs30s2000:08,stage6,8,2,0.0,4.0,4.0,4.0,SUCCESS,True,3.836605,-0.305796,-2.351034,-6.108848,0.003374,0.0,/usr/local/bin/avl:sha256=758a9c634d7bfc26,2.3388,0.0,0.71355,False,0.0037479,0.009882325026857663,0.19363,-0.10399,-0.000657,-0.002458,0.000102,0.009087,-0.007172,543da140a6d0eacdb86d907fc34529e875e43a4d9c573c356cb8894bc40452b3,-0.0002331,-0.0004106,19.59356724999052,29,112,896,1.3703,3.67053676800424,3.6705388679984026,0.7675,6bb2627b75bbf1c3cc1a35eaf5559aaeee0e0d51,112,28.0,True,896,0.437257
2aecb71ccd76e912e0133bbe,lhs30s2000:08,stage6,12,2,0.0,-2.0,4.0,4.0,SUCCESS,True,3.819485,-0.309129,-2.334789,-6.08624,0.003097,0.0,/usr/local/bin/avl:sha256=758a9c634d7bfc26,2.3388,0.0,0.71355,False,0.0050538,0.012048685036853895,-0.21201,0.14485,-0.000438,-0.002495,4.7e-05,0.00921,-0.007261,543da140a6d0eacdb86d907fc34529e875e43a4d9c573c356cb8894bc40452b3,-0.0002206,-0.0001752,-17.59611105705849,29,112,1344,1.3703,7.665397092001513,7.665399192002951,0.7054,6bb2627b75bbf1c3cc1a35eaf5559aaeee0e0d51,112,28.0,True,1344,0.436182
b3eeb888a8eda40076153677,lhs30s2000:08,stage6,12,2,0.0,0.0,4.0,4.0,SUCCESS,True,3.838361,-0.309197,-2.349685,-6.097311,0.00198,0.0,/usr/local/bin/avl:sha256=758a9c634d7bfc26,2.3388,0.0,0.71355,False,0.0018007,0.007971967328534729,-0.07832,0.06306,-0.000514,-0.002503,7e-05,0.009253,-0.007287,543da140a6d0eacdb86d907fc34529e875e43a4d9c573c356cb8894bc40452b3,-0.0002216,-0.0002549,-9.824425611939311,29,112,1344,1.3703,8.287501187995076,8.287503088002268,0.2705,6bb2627b75bbf1c3cc1a35eaf5559aaeee0e0d51,112,28.0,True,1344,0.436806
153892c7b67a7c1f9ed44a4b,lhs30s2000:08,stage6,12,2,0.0,4.0,4.0,4.0,SUCCESS,True,3.836828,-0.305762,-2.348059,-6.10277,0.003346,0.0,/usr/local/bin/avl:sha256=758a9c634d7bfc26,2.3388,0.0,0.71355,False,0.0037349,0.009863474215729588,0.1899,-0.10117,-0.000664,-0.002504,0.000101,0.009261,-0.007293,543da140a6d0eacdb86d907fc34529e875e43a4d9c573c356cb8894bc40452b3,-0.0002219,-0.0004128,19.25285105902752,29,112,1344,1.3703,7.705291379999835,7.7052936800027965,0.7506,6bb2627b75bbf1c3cc1a35eaf5559aaeee0e0d51,112,28.0,True,1344,0.436678
2d2cd8d9ee04890883b00fb6,lhs30s2000:08,stage6,16,2,0.0,-2.0,4.0,4.0,SUCCESS,True,3.819591,-0.309172,-2.333269,-6.082745,0.003102,0.0,/usr/local/bin/avl:sha256=758a9c634d7bfc26,2.3388,0.0,0.71355,False,0.0051547,0.012160834475374593,-0.21372,0.14615,-0.000438,-0.002518,4.2e-05,0.009297,-0.007323,543da140a6d0eacdb86d907fc34529e875e43a4d9c573c356cb8894bc40452b3,-0.0002197,-0.0001697,-17.574451854663266,29,112,1792,1.3703,13.629414455004735,13.629416955001943,0.7038,6bb2627b75bbf1c3cc1a35eaf5559aaeee0e0d51,112,28.0,True,1792,0.435886
58853facdb932f1aa76072ad,lhs30s2000:08,stage6,16,2,0.0,0.0,4.0,4.0,SUCCESS,True,3.838526,-0.309221,-2.348178,-6.093658,0.00198,0.0,/usr/local/bin/avl:sha256=758a9c634d7bfc26,2.3388,0.0,0.71355,False,0.0018528,0.008031150024712615,-0.08002,0.06441,-0.000516,-0.002527,6.7e-05,0.009341,-0.007349,543da140a6d0eacdb86d907fc34529e875e43a4d9c573c356cb8894bc40452b3,-0.0002207,-0.000252,-9.963703797559605,29,112,1792,1.3703,13.097253120002279,13.097255920001771,0.2742,6bb2627b75bbf1c3cc1a35eaf5559aaeee0e0d51,112,28.0,True,1792,0.436507
f84426f18a9504aad8eb84f3,lhs30s2000:08,stage6,16,2,0.0,4.0,4.0,4.0,SUCCESS,True,3.836976,-0.305748,-2.346601,-6.098819,0.00334,0.0,/usr/local/bin/avl:sha256=758a9c634d7bfc26,2.3388,0.0,0.71355,False,0.0037337,0.009859760552065744,0.18821,-0.09972,-0.000667,-0.002528,0.0001,0.00935,-0.007355,543da140a6d0eacdb86d907fc34529e875e43a4d9c573c356cb8894bc40452b3,-0.000221,-0.0004151,19.088698858976613,29,112,1792,1.3703,12.397617914000875,12.397619914001552,0.7424,6bb2627b75bbf1c3cc1a35eaf5559aaeee0e0d51,112,28.0,True,1792,0.43639
8936874ba31cd69d1169bbc5,lhs30s2000:08,stage6,24,4,1.0,-2.0,4.0,4.0,SUCCESS,True,3.810518,-0.30706,-2.321634,-6.054447,0.003131,0.0,/usr/local/bin/avl:sha256=758a9c634d7bfc26,2.3388,0.0,0.71355,False,0.0052669,0.012291968715360374,-0.21522,0.14697,-0.000426,-0.002503,2.5e-05,0.009251,-0.007287,543da140a6d0eacdb86d907fc34529e875e43a4d9c573c356cb8894bc40452b3,-0.0002175,-0.000165,-17.50899347238456,29,224,5376,1.3703,104.36019568999473,104.36019809000572,0.7055,6bb2627b75bbf1c3cc1a35eaf5559aaeee0e0d51,224,28.0,True,5376,0.434745
a2d4f780682754969370d0e8,lhs30s2000:08,stage6,24,4,1.0,0.0,4.0,4.0,SUCCESS,True,3.829621,-0.307113,-2.336538,-6.065248,0.001998,0.0,/usr/local/bin/avl:sha256=758a9c634d7bfc26,2.3388,0.0,0.71355,False,0.00189,0.008080340262863247,-0.08183,0.06564,-0.000503,-0.002512,5.1e-05,0.009298,-0.007312,543da140a6d0eacdb86d907fc34529e875e43a4d9c573c356cb8894bc40452b3,-0.0002185,-0.0002466,-10.127048779874494,29,224,5376,1.3703,108.53751743099565,108.53752063100546,0.2838,6bb2627b75bbf1c3cc1a35eaf5559aaeee0e0d51,224,28.0,True,5376,0.435353
7fb99f55c611b32cbab99f44,lhs30s2000:08,stage6,24,4,1.0,4.0,4.0,4.0,SUCCESS,True,3.828209,-0.303669,-2.335109,-6.070256,0.003356,0.0,/usr/local/bin/avl:sha256=758a9c634d7bfc26,2.3388,0.0,0.71355,False,0.0036984,0.009825741411882364,0.18578,-0.09768,-0.000655,-0.002513,8.9e-05,0.00931,-0.007318,543da140a6d0eacdb86d907fc34529e875e43a4d9c573c356cb8894bc40452b3,-0.0002188,-0.0004085,18.90747906059633,29,224,5376,1.3703,107.68170975099929,107.68171485100174,0.7356,6bb2627b75bbf1c3cc1a35eaf5559aaeee0e0d51,224,28.0,True,5376,0.435247
ca29be88fb3a70539033f86d,lhs30s2000:08,stage6,48,2,1.0,-2.0,4.0,4.0,SUCCESS,True,3.819648,-0.309216,-2.328117,-6.066846,0.00314,0.0,/usr/local/bin/avl:sha256=758a9c634d7bfc26,2.3388,0.0,0.71355,False,0.0053281,0.0123408356123905,-0.21485,0.14674,-0.00043,-0.002543,1.9e-05,0.009384,-0.007376,543da140a6d0eacdb86d907fc34529e875e43a4d9c573c356cb8894bc40452b3,-0.0002082,-0.0001556,-17.409680085543425,29,112,5376,1.3703,106.82808079299866,106.82808429299621,0.7033,6bb2627b75bbf1c3cc1a35eaf5559aaeee0e0d51,112,28.0,True,5376,0.434917
f581e91f8dbe7ba8c238d874,lhs30s2000:08,stage6,48,2,1.0,0.0,4.0,4.0,SUCCESS,True,3.838746,-0.309248,-2.34297,-6.077556,0.002007,0.0,/usr/local/bin/avl:sha256=758a9c634d7bfc26,2.3388,0.0,0.71355,False,0.0019231,0.008105790352093285,-0.08115,0.06519,-0.000509,-0.002551,4.7e-05,0.009432,-0.007402,543da140a6d0eacdb86d907fc34529e875e43a4d9c573c356cb8894bc40452b3,-0.0002091,-0.0002374,-10.01136181360074,29,112,5376,1.3703,105.48709587900521,105.48709807900013,0.2771,6bb2627b75bbf1c3cc1a35eaf5559aaeee0e0d51,112,28.0,True,5376,0.435514
c0641f922723bf7974d0212b,lhs30s2000:09,stage6,8,2,0.0,-2.0,4.0,4.0,SUCCESS,True,3.784757,-0.298045,-1.981548,-4.864785,0.002736,0.0,/usr/local/bin/avl:sha256=758a9c634d7bfc26,1.8585,0.0,0.59077,False,0.0058975,0.014377427484164753,-0.26253,0.15371,-0.000187,-0.002076,-8.4e-05,0.007952,-0.005679,543da140a6d0eacdb86d907fc34529e875e43a4d9c573c356cb8894bc40452b3,-0.0001163,-7.627e-05,-18.2598730050386,29,112,896,0.86271,3.5024759829975665,3.5024788830050966,0.9162,6bb2627b75bbf1c3cc1a35eaf5559aaeee0e0d51,112,28.0,True,896,0.309301
6967dc5db7adf644a36f7f1b,lhs30s2000:09,stage6,8,2,0.0,0.0,4.0,4.0,SUCCESS,True,3.804456,-0.298374,-1.993054,-4.86841,0.001493,0.0,/usr/local/bin/avl:sha256=758a9c634d7bfc26,1.8585,0.0,0.59077,False,0.0017839,0.008603039111808593,-0.13004,0.08429,-0.00025,-0.002083,-6.8e-05,0.007998,-0.0057,543da140a6d0eacdb86d907fc34529e875e43a4d9c573c356cb8894bc40452b3,-0.0001168,-0.0001039,-15.115588608856392,29,112,896,0.86271,3.302088668999204,3.302091369005211,0.7498,6bb2627b75bbf1c3cc1a35eaf5559aaeee0e0d51,112,28.0,True,896,0.309487
0139eb17b8b8f850ab63c6b8,lhs30s2000:09,stage6,8,2,0.0,4.0,4.0,4.0,SUCCESS,True,3.805362,-0.296526,-1.991383,-4.86502,0.003355,0.0,/usr/local/bin/avl:sha256=758a9c634d7bfc26,1.8585,0.0,0.59077,False,0.001779,0.008141469549852247,0.13589,-0.055,-0.000376,-0.002085,-3.1e-05,0.008022,-0.005707,543da140a6d0eacdb86d907fc34529e875e43a4d9c573c356cb8894bc40452b3,-0.000117,-0.0001583,16.691089878542403,29,112,896,0.86271,3.152992750001431,3.1529952499986393,0.7796,6bb2627b75bbf1c3cc1a35eaf5559aaeee0e0d51,112,28.0,True,896,0.309154
e2ba1b1b5a3069c7eb3ac069,lhs30s2000:09,stage6,12,2,0.0,-2.0,4.0,4.0,SUCCESS,True,3.785083,-0.298142,-1.978444,-4.86036,0.00272,0.0,/usr/local/bin/avl:sha256=758a9c634d7bfc26,1.8585,0.0,0.59077,False,0.0060627,0.014550694200258958,-0.26563,0.15534,-0.000184,-0.002134,-9.6e-05,0.008179,-0.00583,543da140a6d0eacdb86d907fc34529e875e43a4d9c573c356cb8894bc40452b3,-0.0001176,-7e-05,-18.255486394269255,29,112,1344,0.86271,8.017432139997254,8.017434339999454,0.9121,6bb2627b75bbf1c3cc1a35eaf5559aaeee0e0d51,112,28.0,True,1344,0.30879
2933156a083c43cd2e719056,lhs30s2000:09,stage6,12,2,0.0,0.0,4.0,4.0,SUCCESS,True,3.805008,-0.298424,-1.98995,-4.863795,0.001482,0.0,/usr/local/bin/avl:sha256=758a9c634d7bfc26,1.8585,0.0,0.59077,False,0.00186,0.008681454550875062,-0.13312,0.08602,-0.00025,-0.002142,-7.7e-05,0.008227,-0.005851,543da140a6d0eacdb86d907fc34529e875e43a4d9c573c356cb8894bc40452b3,-0.0001181,-0.0001,-15.333835962613191,29,112,1344,0.86271,8.021470771003806,8.021472670996445,0.7473,6bb2627b75bbf1c3cc1a35eaf5559aaeee0e0d51,112,28.0,True,1344,0.30896
f27f2c98835886752c78ddd2,lhs30s2000:09,stage6,12,2,0.0,4.0,4.0,4.0,SUCCESS,True,3.806127,-0.296503,-1.988424,-4.860194,0.00336,0.0,/usr/local/bin/avl:sha256=758a9c634d7bfc26,1.8585,0.0,0.59077,False,0.0017562,0.008114034531051457,0.13285,-0.05306,-0.000381,-0.002144,-3.5e-05,0.008253,-0.005858,543da140a6d0eacdb86d907fc34529e875e43a4d9c573c356cb8894bc40452b3,-0.0001183,-0.0001594,16.372865988134343,29,112,1344,0.86271,7.570961210003588,7.5709632099969895,0.7698,6bb2627b75bbf1c3cc1a35eaf5559aaeee0e0d51,112,28.0,True,1344,0.308632
28926f6b8288c5c3c31686fc,lhs30s2000:09,stage6,16,2,0.0,-2.0,4.0,4.0,SUCCESS,True,3.785236,-0.298183,-1.976893,-4.857235,0.002714,0.0,/usr/local/bin/avl:sha256=758a9c634d7bfc26,1.8585,0.0,0.59077,False,0.0061507,0.014641476215109986,-0.26701,0.15622,-0.000182,-0.002163,-0.000103,0.008289,-0.005901,543da140a6d0eacdb86d907fc34529e875e43a4d9c573c356cb8894bc40452b3,-0.0001168,-6.51e-05,-18.2365491072851,29,112,1792,0.86271,12.83518960600486,12.835191906000546,0.91,6bb2627b75bbf1c3cc1a35eaf5559aaeee0e0d51,112,28.0,True,1792,0.308536
08fbe586380ec6cf0f01894d,lhs30s2000:09,stage6,16,2,0.0,0.0,4.0,4.0,SUCCESS,True,3.805289,-0.298445,-1.988418,-4.860597,0.001481,0.0,/usr/local/bin/avl:sha256=758a9c634d7bfc26,1.8585,0.0,0.59077,False,0.0019015,0.008722839045884648,-0.13449,0.08695,-0.000249,-0.00217,-8.3e-05,0.008338,-0.005923,543da140a6d0eacdb86d907fc34529e875e43a4d9c573c356cb8894bc40452b3,-0.0001174,-9.626e-05,-15.418145318576192,29,112,1792,0.86271,12.9467368839978,12.946739184000762,0.7456,6bb2627b75bbf1c3cc1a35eaf5559aaeee0e0d51,112,28.0,True,1792,0.308699
c6e11a2cf459815e0fad5a21,lhs30s2000:09,stage6,16,2,0.0,4.0,4.0,4.0,SUCCESS,True,3.806526,-0.296494,-1.986992,-4.856928,0.00337,0.0,/usr/local/bin/avl:sha256=758a9c634d7bfc26,1.8585,0.0,0.59077,False,0.0017497,0.00810550881688206,0.13151,-0.05202,-0.000382,-0.002173,-3.7e-05,0.008365,-0.00593,543da140a6d0eacdb86d907fc34529e875e43a4d9c573c356cb8894bc40452b3,-0.0001176,-0.0001579,16.224767990640203,29,112,1792,0.86271,12.64763417100039,12.647636470996076,0.765,6bb2627b75bbf1c3cc1a35eaf5559aaeee0e0d51,112,28.0,True,1792,0.308377
353cd7ba799e7b53bd933ca0,lhs30s2000:09,stage6,24,4,1.0,-2.0,4.0,4.0,SUCCESS,True,3.776988,-0.296176,-1.966421,-4.833882,0.002727,0.0,/usr/local/bin/avl:sha256=758a9c634d7bfc26,1.8585,0.0,0.59077,False,0.0063006,0.014717944819363863,-0.26791,0.15643,-0.000168,-0.002163,-0.000119,0.008291,-0.0059,543da140a6d0eacdb86d907fc34529e875e43a4d9c573c356cb8894bc40452b3,-0.0001159,-6.152e-05,-18.202949072585227,29,224,5376,0.86271,106.6897663560012,106.68976985599875,0.9074,6bb2627b75bbf1c3cc1a35eaf5559aaeee0e0d51,224,28.0,True,5376,0.307572
d0a6fc87a9057582ee48eedb,lhs30s2000:09,stage6,24,4,1.0,0.0,4.0,4.0,SUCCESS,True,3.797309,-0.296448,-1.977995,-4.837293,0.001487,0.0,/usr/local/bin/avl:sha256=758a9c634d7bfc26,1.8585,0.0,0.59077,False,0.0019644,0.00879217449416547,-0.13568,0.08753,-0.000236,-0.00217,-9.7e-05,0.008343,-0.005921,543da140a6d0eacdb86d907fc34529e875e43a4d9c573c356cb8894bc40452b3,-0.0001165,-9.305e-05,-15.431904825141709,29,224,5376,0.86271,107.15866675000143,107.15866955000092,0.7474,6bb2627b75bbf1c3cc1a35eaf5559aaeee0e0d51,224,28.0,True,5376,0.307726
7f5796608b0455f7221d2aa0,lhs30s2000:09,stage6,24,4,1.0,4.0,4.0,4.0,SUCCESS,True,3.798816,-0.294514,-1.976743,-4.833674,0.003391,0.0,/usr/local/bin/avl:sha256=758a9c634d7bfc26,1.8585,0.0,0.59077,False,0.0017365,0.008083392538182613,0.12978,-0.05072,-0.000371,-0.002172,-4.8e-05,0.008374,-0.005929,543da140a6d0eacdb86d907fc34529e875e43a4d9c573c356cb8894bc40452b3,-0.0001167,-0.0001554,16.055140139115206,29,224,5376,0.86271,103.26913028000126,103.26913267999771,0.7581,6bb2627b75bbf1c3cc1a35eaf5559aaeee0e0d51,224,28.0,True,5376,0.307409
ccc652d3e704f0299180325b,lhs30s2000:09,stage6,48,2,1.0,-2.0,4.0,4.0,SUCCESS,True,3.785113,-0.298204,-1.971805,-4.843438,0.00272,0.0,/usr/local/bin/avl:sha256=758a9c634d7bfc26,1.8585,0.0,0.59077,False,0.0063729,0.014855193706269663,-0.26767,0.15628,-0.000166,-0.002206,-0.000128,0.008451,-0.006004,543da140a6d0eacdb86d907fc34529e875e43a4d9c573c356cb8894bc40452b3,-0.0001101,-5.393e-05,-18.018613913262495,29,112,5376,0.86271,102.3645629599996,102.36456675999943,0.9076,6bb2627b75bbf1c3cc1a35eaf5559aaeee0e0d51,112,28.0,True,5376,0.307752
433c942992a05ee8302c3335,lhs30s2000:09,stage6,48,2,1.0,0.0,4.0,4.0,SUCCESS,True,3.805496,-0.29845,-1.983301,-4.84674,0.001493,0.0,/usr/local/bin/avl:sha256=758a9c634d7bfc26,1.8585,0.0,0.59077,False,0.0020025,0.008815785234272061,-0.13515,0.08719,-0.000236,-0.002213,-0.000104,0.008505,-0.006026,543da140a6d0eacdb86d907fc34529e875e43a4d9c573c356cb8894bc40452b3,-0.0001106,-8.641e-05,-15.330455133434251,29,112,5376,0.86271,103.76461730700248,103.76462000700121,0.7414,6bb2627b75bbf1c3cc1a35eaf5559aaeee0e0d51,112,28.0,True,5376,0.307888
b1163e06c691e428d54fca6c,lhs30s2000:10,stage6,8,2,0.0,-2.0,4.0,4.0,SUCCESS,True,4.15973,-0.337734,-2.13848,-4.971859,0.003088,0.0,/usr/local/bin/avl:sha256=758a9c634d7bfc26,1.6897,0.0,0.43602,False,0.0031864,0.011528642095948578,-0.20088,0.1189,-0.000275,-0.001374,1.7e-05,0.004731,-0.003313,543da140a6d0eacdb86d907fc34529e875e43a4d9c573c356cb8894bc40452b3,-4.859e-05,-4.24e-05,-17.4244285084185,28,108,864,0.52879,2.8548666880014935,2.8548692879994633,0.7272,6bb2627b75bbf1c3cc1a35eaf5559aaeee0e0d51,108,28.0,True,864,0.224154
7f76e5c103346e6134d9b96f,lhs30s2000:10,stage6,8,2,0.0,0.0,4.0,4.0,SUCCESS,True,4.176407,-0.33711,-2.15192,-4.979388,0.002447,0.0,/usr/local/bin/avl:sha256=758a9c634d7bfc26,1.6897,0.0,0.43602,False,0.000846,0.007962408428946298,-0.05535,0.044,-0.000294,-0.001375,3.6e-05,0.004743,-0.003315,543da140a6d0eacdb86d907fc34529e875e43a4d9c573c356cb8894bc40452b3,-4.868e-05,-5.379e-05,-6.951414323181702,28,108,864,0.52879,3.0414955060041393,3.0414984060043935,0.2144,6bb2627b75bbf1c3cc1a35eaf5559aaeee0e0d51,108,28.0,True,864,0.224662
b176f289657f44b38db040c7,lhs30s2000:10,stage6,8,2,0.0,4.0,4.0,4.0,SUCCESS,True,4.172289,-0.333245,-2.155009,-4.989279,0.003389,0.0,/usr/local/bin/avl:sha256=758a9c634d7bfc26,1.6897,0.0,0.43602,False,0.003599,0.01119189476625904,0.23636,-0.10656,-0.00033,-0.00137,1.9e-05,0.004728,-0.003309,543da140a6d0eacdb86d907fc34529e875e43a4d9c573c356cb8894bc40452b3,-4.849e-05,-7.617e-05,21.118854754832974,28,108,864,0.52879,3.030615255003795,3.030617855001765,0.8824,6bb2627b75bbf1c3cc1a35eaf5559aaeee0e0d51,108,28.0,True,864,0.225207
ba4ff752e0fb53750482cfc6,lhs30s2000:10,stage6,12,2,0.0,-2.0,4.0,4.0,SUCCESS,True,4.159602,-0.337771,-2.134902,-4.965903,0.003115,0.0,/usr/local/bin/avl:sha256=758a9c634d7bfc26,1.6897,0.0,0.43602,False,0.00332,0.011680933091906789,-0.20458,0.12076,-0.000281,-0.001422,1.3e-05,0.004895,-0.003425,543da140a6d0eacdb86d907fc34529e875e43a4d9c573c356cb8894bc40452b3,-5.119e-05,-4.176e-05,-17.51401179942933,28,108,1296,0.52879,7.3172276400000555,7.317229640000733,0.7219,6bb2627b75bbf1c3cc1a35eaf5559aaeee0e0d51,108,28.0,True,1296,0.223786
3446568892944c50fa27b86d,lhs30s2000:10,stage6,12,2,0.0,0.0,4.0,4.0,SUCCESS,True,4.176486,-0.337129,-2.148364,-4.973248,0.002469,0.0,/usr/local/bin/avl:sha256=758a9c634d7bfc26,1.6897,0.0,0.43602,False,0.0008956,0.00802934533431954,-0.05905,0.04598,-0.000301,-0.001423,3.3e-05,0.004908,-0.003427,543da140a6d0eacdb86d907fc34529e875e43a4d9c573c356cb8894bc40452b3,-5.128e-05,-5.528e-05,-7.354273298920739,28,108,1296,0.52879,7.018696159000683,7.018698259002122,0.2259,6bb2627b75bbf1c3cc1a35eaf5559aaeee0e0d51,108,28.0,True,1296,0.224287
9ddf73c78d7a71a023ceb344,lhs30s2000:10,stage6,12,2,0.0,4.0,4.0,4.0,SUCCESS,True,4.172525,-0.333228,-2.151557,-4.982785,0.003419,0.0,/usr/local/bin/avl:sha256=758a9c634d7bfc26,1.6897,0.0,0.43602,False,0.0035654,0.011148640738358542,0.23268,-0.10434,-0.000339,-0.001418,1.9e-05,0.004893,-0.00342,543da140a6d0eacdb86d907fc34529e875e43a4d9c573c356cb8894bc40452b3,-5.109e-05,-8.188e-05,20.87070571746295,28,108,1296,0.52879,7.815390176998335,7.815392776996305,0.8766,6bb2627b75bbf1c3cc1a35eaf5559aaeee0e0d51,108,28.0,True,1296,0.224833
26504efc463168198ab0beae,lhs30s2000:10,stage6,16,2,0.0,-2.0,4.0,4.0,SUCCESS,True,4.159487,-0.337781,-2.133073,-4.962171,0.003127,0.0,/usr/local/bin/avl:sha256=758a9c634d7bfc26,1.6897,0.0,0.43602,False,0.0033926,0.011761092482009756,-0.20624,0.12175,-0.000284,-0.001445,1e-05,0.004973,-0.003477,543da140a6d0eacdb86d907fc34529e875e43a4d9c573c356cb8894bc40452b3,-5.08e-05,-3.958e-05,-17.535785924264527,28,108,1728,0.52879,12.423034738007118,12.423037338005088,0.7194,6bb2627b75bbf1c3cc1a35eaf5559aaeee0e0d51,108,28.0,True,1728,0.223601
47a74d7d8d50f0117625ab0e,lhs30s2000:10,stage6,16,2,0.0,0.0,4.0,4.0,SUCCESS,True,4.176504,-0.337133,-2.146567,-4.96945,0.00248,0.0,/usr/local/bin/avl:sha256=758a9c634d7bfc26,1.6897,0.0,0.43602,False,0.0009225,0.00806384719742063,-0.06071,0.04704,-0.000304,-0.001446,3.1e-05,0.004986,-0.003479,543da140a6d0eacdb86d907fc34529e875e43a4d9c573c356cb8894bc40452b3,-5.089e-05,-5.412e-05,-7.528664484046674,28,108,1728,0.52879,12.940507608996995,12.940509908999957,0.2308,6bb2627b75bbf1c3cc1a35eaf5559aaeee0e0d51,108,28.0,True,1728,0.224098
393b553cad4258516a997009,lhs30s2000:10,stage6,16,2,0.0,4.0,4.0,4.0,SUCCESS,True,4.172657,-0.33322,-2.14985,-4.978862,0.003439,0.0,/usr/local/bin/avl:sha256=758a9c634d7bfc26,1.6897,0.0,0.43602,False,0.0035523,0.011131326990923342,0.23102,-0.10316,-0.000343,-0.00144,1.8e-05,0.004972,-0.003472,543da140a6d0eacdb86d907fc34529e875e43a4d9c573c356cb8894bc40452b3,-5.07e-05,-8.276e-05,20.754039494875798,28,108,1728,0.52879,12.022812034003437,12.0228141339976,0.8739,6bb2627b75bbf1c3cc1a35eaf5559aaeee0e0d51,108,28.0,True,1728,0.224648
26b0f94f947995aa4e25ba70,lhs30s2000:10,stage6,24,4,1.0,-2.0,4.0,4.0,SUCCESS,True,4.143759,-0.335696,-2.118449,-4.928414,0.00313,0.0,/usr/local/bin/avl:sha256=758a9c634d7bfc26,1.6897,0.0,0.43602,False,0.0035165,0.011915485737623613,-0.2074,0.12222,-0.000278,-0.001456,-0.0,0.005014,-0.003504,543da140a6d0eacdb86d907fc34529e875e43a4d9c573c356cb8894bc40452b3,-4.956e-05,-3.684e-05,-17.4059207124999,28,216,5184,0.52879,97.72372835200076,97.72373205199983,0.7203,6bb2627b75bbf1c3cc1a35eaf5559aaeee0e0d51,216,28.0,True,5184,0.22291
54b3bfc866010df34bec2da5,lhs30s2000:10,stage6,24,4,1.0,0.0,4.0,4.0,SUCCESS,True,4.161131,-0.33507,-2.131929,-4.935625,0.00249,0.0,/usr/local/bin/avl:sha256=758a9c634d7bfc26,1.6897,0.0,0.43602,False,0.000951,0.00810862621896782,-0.06242,0.04802,-0.000299,-0.001456,2.2e-05,0.005028,-0.003506,543da140a6d0eacdb86d907fc34529e875e43a4d9c573c356cb8894bc40452b3,-4.965e-05,-5.195e-05,-7.6979747634668625,28,216,5184,0.52879,98.96734732000186,98.96735192000051,0.2421,6bb2627b75bbf1c3cc1a35eaf5559aaeee0e0d51,216,28.0,True,5184,0.223392
318aa5019885a2b51585114c,lhs30s2000:10,stage6,24,4,1.0,4.0,4.0,4.0,SUCCESS,True,4.157615,-0.331217,-2.135395,-4.945,0.003465,0.0,/usr/local/bin/avl:sha256=758a9c634d7bfc26,1.6897,0.0,0.43602,False,0.0035344,0.011125589668354932,0.22826,-0.10116,-0.000339,-0.001451,1.1e-05,0.005016,-0.003498,543da140a6d0eacdb86d907fc34529e875e43a4d9c573c356cb8894bc40452b3,-4.947e-05,-8.175e-05,20.516665345770505,28,216,5184,0.52879,102.5079809050003,102.50798500500241,0.8642,6bb2627b75bbf1c3cc1a35eaf5559aaeee0e0d51,216,28.0,True,5184,0.223945
d90fa01d8a05f05dd2f7f4bb,lhs30s2000:10,stage6,48,2,1.0,-2.0,4.0,4.0,SUCCESS,True,4.158968,-0.337769,-2.12743,-4.947225,0.003139,0.0,/usr/local/bin/avl:sha256=758a9c634d7bfc26,1.6897,0.0,0.43602,False,0.0035476,0.011917116624832592,-0.20726,0.12205,-0.000279,-0.001475,-3e-06,0.005077,-0.003546,543da140a6d0eacdb86d907fc34529e875e43a4d9c573c356cb8894bc40452b3,-4.69e-05,-3.426e-05,-17.391790860560747,28,108,5184,0.52879,99.59246807699674,99.59247377599968,0.7179,6bb2627b75bbf1c3cc1a35eaf5559aaeee0e0d51,108,28.0,True,5184,0.223037
3cafb3f9917a0ef35715c53f,lhs30s2000:10,stage6,48,2,1.0,0.0,4.0,4.0,SUCCESS,True,4.176336,-0.337125,-2.140907,-4.954431,0.002495,0.0,/usr/local/bin/avl:sha256=758a9c634d7bfc26,1.6897,0.0,0.43602,False,0.0009723,0.008118222318869855,-0.06175,0.04754,-0.000301,-0.001476,2e-05,0.005093,-0.003547,543da140a6d0eacdb86d907fc34529e875e43a4d9c573c356cb8894bc40452b3,-4.698e-05,-4.937e-05,-7.606345031531025,28,108,5184,0.52879,98.65797128599661,98.65797688600287,0.2335,6bb2627b75bbf1c3cc1a35eaf5559aaeee0e0d51,108,28.0,True,5184,0.223516
aa696d7677a4137af5afb4c6,lhs30s2000:11,stage6,8,2,0.0,-2.0,4.0,4.0,SUCCESS,True,4.552786,-0.407625,-3.190587,-8.73713,0.004637,0.0,/usr/local/bin/avl:sha256=758a9c634d7bfc26,2.4972,0.0,0.48767,False,0.0032449,0.010973025203864553,-0.21998,0.16222,-0.000607,-0.003184,4e-06,0.011367,-0.011363,543da140a6d0eacdb86d907fc34529e875e43a4d9c573c356cb8894bc40452b3,-0.0003498,-0.0002411,-20.047342999132635,29,112,896,1.0411,3.504869015996519,3.504871215998719,0.7903,6bb2627b75bbf1c3cc1a35eaf5559aaeee0e0d51,112,28.0,True,896,0.341756
0829674bdf86eeb4a450733e,lhs30s2000:11,stage6,8,2,0.0,0.0,4.0,4.0,SUCCESS,True,4.570009,-0.406735,-3.211474,-8.751842,0.00262,0.0,/usr/local/bin/avl:sha256=758a9c634d7bfc26,2.4972,0.0,0.48767,False,0.0009024,0.007447980839303547,-0.06072,0.05043,-0.000633,-0.003188,9e-06,0.011405,-0.011383,543da140a6d0eacdb86d907fc34529e875e43a4d9c573c356cb8894bc40452b3,-0.0003505,-0.000336,-8.152545140768362,29,112,896,1.0411,3.270676651998656,3.2706791519958642,0.2199,6bb2627b75bbf1c3cc1a35eaf5559aaeee0e0d51,112,28.0,True,896,0.342697
6559a1eb6add336c5c558aaa,lhs30s2000:11,stage6,8,2,0.0,4.0,4.0,4.0,SUCCESS,True,4.56425,-0.402144,-3.213582,-8.76605,0.003164,0.0,/usr/local/bin/avl:sha256=758a9c634d7bfc26,2.4972,0.0,0.48767,False,0.0040804,0.010937262385585449,0.25844,-0.17416,-0.000681,-0.003177,-1.8e-05,0.011388,-0.011362,543da140a6d0eacdb86d907fc34529e875e43a4d9c573c356cb8894bc40452b3,-0.0003494,-0.0005228,23.629313340841666,29,112,896,1.0411,3.778137761997641,3.778142862000095,0.842,6bb2627b75bbf1c3cc1a35eaf5559aaeee0e0d51,112,28.0,True,896,0.343354
b15bee0e5659150e20885550,lhs30s2000:11,stage6,12,2,0.0,-2.0,4.0,4.0,SUCCESS,True,4.552184,-0.407621,-3.186176,-8.727271,0.004698,0.0,/usr/local/bin/avl:sha256=758a9c634d7bfc26,2.4972,0.0,0.48767,False,0.0033673,0.011123670528000132,-0.2242,0.16497,-0.000606,-0.003242,-8e-06,0.011575,-0.011543,543da140a6d0eacdb86d907fc34529e875e43a4d9c573c356cb8894bc40452b3,-0.0003298,-0.0002105,-20.1552175997708,29,112,1344,1.0411,7.603125258996442,7.603127458998642,0.7879,6bb2627b75bbf1c3cc1a35eaf5559aaeee0e0d51,112,28.0,True,1344,0.341329
d3bbb779de11d06af4521293,lhs30s2000:11,stage6,12,2,0.0,0.0,4.0,4.0,SUCCESS,True,4.569517,-0.406723,-3.207192,-8.741901,0.002642,0.0,/usr/local/bin/avl:sha256=758a9c634d7bfc26,2.4972,0.0,0.48767,False,0.0009514,0.00751156974455528,-0.06496,0.05334,-0.000635,-0.003245,-2e-06,0.011615,-0.011563,543da140a6d0eacdb86d907fc34529e875e43a4d9c573c356cb8894bc40452b3,-0.0003305,-0.0003068,-8.647992657870999,29,112,1344,1.0411,8.062700185000722,8.06270228500216,0.2355,6bb2627b75bbf1c3cc1a35eaf5559aaeee0e0d51,112,28.0,True,1344,0.342277
3eab4a8b613df655ba811423,lhs30s2000:11,stage6,12,2,0.0,4.0,4.0,4.0,SUCCESS,True,4.563821,-0.402111,-3.209325,-8.755199,0.003171,0.0,/usr/local/bin/avl:sha256=758a9c634d7bfc26,2.4972,0.0,0.48767,False,0.0040352,0.010879653797170055,0.25416,-0.17096,-0.000688,-0.003234,-2.3e-05,0.011598,-0.011541,543da140a6d0eacdb86d907fc34529e875e43a4d9c573c356cb8894bc40452b3,-0.0003294,-0.0004968,23.361037468500186,29,112,1344,1.0411,7.69824190500367,7.698244305000117,0.8326,6bb2627b75bbf1c3cc1a35eaf5559aaeee0e0d51,112,28.0,True,1344,0.342932
e9fcf2c34df0118d95473217,lhs30s2000:11,stage6,16,2,0.0,-2.0,4.0,4.0,SUCCESS,True,4.551886,-0.407614,-3.184016,-8.721427,0.004713,0.0,/usr/local/bin/avl:sha256=758a9c634d7bfc26,2.4972,0.0,0.48767,False,0.0034308,0.011198887924341502,-0.22606,0.16634,-0.000605,-0.003271,-1.6e-05,0.011681,-0.011634,543da140a6d0eacdb86d907fc34529e875e43a4d9c573c356cb8894bc40452b3,-0.0003195,-0.0001944,-20.185932882553818,29,112,1792,1.0411,13.635388976996182,13.635390777002613,0.7864,6bb2627b75bbf1c3cc1a35eaf5559aaeee0e0d51,112,28.0,True,1792,0.341119
1b0d6000b06ab64a56f6986e,lhs30s2000:11,stage6,16,2,0.0,0.0,4.0,4.0,SUCCESS,True,4.569291,-0.406713,-3.20503,-8.735841,0.002652,0.0,/usr/local/bin/avl:sha256=758a9c634d7bfc26,2.4972,0.0,0.48767,False,0.0009779,0.007544699107728868,-0.06683,0.05478,-0.000635,-0.003275,-8e-06,0.011722,-0.011654,543da140a6d0eacdb86d907fc34529e875e43a4d9c573c356cb8894bc40452b3,-0.0003202,-0.0002911,-8.857874786754406,29,112,1792,1.0411,13.416626873993664,13.416628874001617,0.2417,6bb2627b75bbf1c3cc1a35eaf5559aaeee0e0d51,112,28.0,True,1792,0.342063
c6c99f673993f2d06ec30edb,lhs30s2000:11,stage6,16,2,0.0,4.0,4.0,4.0,SUCCESS,True,4.563646,-0.402092,-3.207207,-8.748769,0.003177,0.0,/usr/local/bin/avl:sha256=758a9c634d7bfc26,2.4972,0.0,0.48767,False,0.0040194,0.010858619983105475,0.25228,-0.16937,-0.00069,-0.003263,-2.6e-05,0.011706,-0.011631,543da140a6d0eacdb86d907fc34529e875e43a4d9c573c356cb8894bc40452b3,-0.0003192,-0.0004822,23.23315489376303,29,112,1792,1.0411,12.979293673000939,12.979295673001616,0.828,6bb2627b75bbf1c3cc1a35eaf5559aaeee0e0d51,112,28.0,True,1792,0.342719
bef2e85f9a540ff37e55165f,lhs30s2000:11,stage6,24,4,1.0,-2.0,4.0,4.0,SUCCESS,True,4.540396,-0.404682,-3.166855,-8.671924,0.004725,0.0,/usr/local/bin/avl:sha256=758a9c634d7bfc26,2.4972,0.0,0.48767,False,0.0035194,0.011289796331487294,-0.22736,0.16699,-0.000583,-0.003265,-3.9e-05,0.011664,-0.011613,543da140a6d0eacdb86d907fc34529e875e43a4d9c573c356cb8894bc40452b3,-0.0003122,-0.0001834,-20.138538670169975,29,224,5376,1.0411,101.84650279000198,101.84650849099853,0.7856,6bb2627b75bbf1c3cc1a35eaf5559aaeee0e0d51,224,28.0,True,5376,0.340139
94cf3519a61e70224051db00,lhs30s2000:11,stage6,24,4,1.0,0.0,4.0,4.0,SUCCESS,True,4.55805,-0.403803,-3.187875,-8.686308,0.002662,0.0,/usr/local/bin/avl:sha256=758a9c634d7bfc26,2.4972,0.0,0.48767,False,0.0010013,0.007566699260382677,-0.06853,0.05603,-0.000614,-0.003269,-2.8e-05,0.011707,-0.011632,543da140a6d0eacdb86d907fc34529e875e43a4d9c573c356cb8894bc40452b3,-0.0003129,-0.0002791,-9.056789181354906,29,224,5376,1.0411,112.35373340499791,112.35373610499664,0.2512,6bb2627b75bbf1c3cc1a35eaf5559aaeee0e0d51,224,28.0,True,5376,0.341071
e8c94635fcb82b64501fe952,lhs30s2000:11,stage6,24,4,1.0,4.0,4.0,4.0,SUCCESS,True,4.552666,-0.399232,-3.190239,-8.699152,0.003184,0.0,/usr/local/bin/avl:sha256=758a9c634d7bfc26,2.4972,0.0,0.48767,False,0.0040046,0.0108304143539531,0.24981,-0.16692,-0.000673,-0.003257,-4.2e-05,0.011696,-0.011608,543da140a6d0eacdb86d907fc34529e875e43a4d9c573c356cb8894bc40452b3,-0.000312,-0.0004681,23.065599508556144,29,224,5376,1.0411,105.46375017600076,105.46375307600101,0.8223,6bb2627b75bbf1c3cc1a35eaf5559aaeee0e0d51,224,28.0,True,5376,0.341728
ea8c06e50e1655eba098ea10,lhs30s2000:11,stage6,48,2,1.0,-2.0,4.0,4.0,SUCCESS,True,4.551108,-0.407583,-3.177328,-8.698737,0.004714,0.0,/usr/local/bin/avl:sha256=758a9c634d7bfc26,2.4972,0.0,0.48767,False,0.0035596,0.01132799586779108,-0.2271,0.16675,-0.000583,-0.003317,-4.8e-05,0.011844,-0.011774,543da140a6d0eacdb86d907fc34529e875e43a4d9c573c356cb8894bc40452b3,-0.0003011,-0.0001711,-20.047676804483483,29,112,5376,1.0411,106.71957465099695,106.71957795100025,0.7834,6bb2627b75bbf1c3cc1a35eaf5559aaeee0e0d51,112,28.0,True,5376,0.340461
ccf1ee259c25a88915b386a5,lhs30s2000:11,stage6,48,2,1.0,0.0,4.0,4.0,SUCCESS,True,4.568731,-0.406688,-3.198227,-8.712826,0.002656,0.0,/usr/local/bin/avl:sha256=758a9c634d7bfc26,2.4972,0.0,0.48767,False,0.0010278,0.007597896876313551,-0.06789,0.05543,-0.000616,-0.003321,-3.6e-05,0.011889,-0.011793,543da140a6d0eacdb86d907fc34529e875e43a4d9c573c356cb8894bc40452b3,-0.0003018,-0.0002678,-8.935367392475031,29,112,5376,1.0411,107.00069489499583,107.00069769499532,0.243,6bb2627b75bbf1c3cc1a35eaf5559aaeee0e0d51,112,28.0,True,5376,0.341379
aab2679eb3e292aadc65500b,lhs30s2000:12,stage6,8,2,0.0,-2.0,4.0,4.0,SUCCESS,True,4.02424,-0.330573,-2.774111,-7.487756,0.002877,0.0,/usr/local/bin/avl:sha256=758a9c634d7bfc26,2.191,0.0,0.60218,False,0.0037295,0.011116513225292406,-0.21111,0.1612,-0.000282,-0.002351,-2.6e-05,0.008289,-0.007672,543da140a6d0eacdb86d907fc34529e875e43a4d9c573c356cb8894bc40452b3,-0.0001417,-0.0001281,-18.990666922401562,29,112,896,1.066,3.366716466000071,3.366718466000748,0.8428,6bb2627b75bbf1c3cc1a35eaf5559aaeee0e0d51,112,28.0,True,896,0.415116
14d4a3e2c7beff030337409d,lhs30s2000:12,stage6,8,2,0.0,0.0,4.0,4.0,SUCCESS,True,4.040307,-0.330614,-2.788948,-7.497032,0.001685,0.0,/usr/local/bin/avl:sha256=758a9c634d7bfc26,2.191,0.0,0.60218,False,0.000892,0.007220541429412464,-0.07032,0.06407,-0.000335,-0.002357,-8e-06,0.008327,-0.007696,543da140a6d0eacdb86d907fc34529e875e43a4d9c573c356cb8894bc40452b3,-0.0001422,-0.0001633,-9.738881867439398,29,112,896,1.066,3.5151764479960548,3.5151801480024005,0.3938,6bb2627b75bbf1c3cc1a35eaf5559aaeee0e0d51,112,28.0,True,896,0.415677
a5a5c58c577feb33cbb13f95,lhs30s2000:12,stage6,8,2,0.0,4.0,4.0,4.0,SUCCESS,True,4.033092,-0.32756,-2.782367,-7.497655,0.003355,0.0,/usr/local/bin/avl:sha256=758a9c634d7bfc26,2.191,0.0,0.60218,False,0.0034391,0.009934625926292337,0.2118,-0.1307,-0.000438,-0.002357,6e-06,0.008334,-0.007697,543da140a6d0eacdb86d907fc34529e875e43a4d9c573c356cb8894bc40452b3,-0.0001422,-0.0002325,21.31937342899483,29,112,896,1.066,3.989968451001914,3.989970550996077,0.8787,6bb2627b75bbf1c3cc1a35eaf5559aaeee0e0d51,112,28.0,True,896,0.415438
f91715ede4e7674b56a33e66,lhs30s2000:12,stage6,12,2,0.0,-2.0,4.0,4.0,SUCCESS,True,4.023964,-0.330632,-2.771074,-7.481907,0.002885,0.0,/usr/local/bin/avl:sha256=758a9c634d7bfc26,2.191,0.0,0.60218,False,0.0038833,0.011289890789918988,-0.21506,0.16403,-0.000283,-0.002408,-3.6e-05,0.008493,-0.007849,543da140a6d0eacdb86d907fc34529e875e43a4d9c573c356cb8894bc40452b3,-0.0001395,-0.0001216,-19.048899940824246,29,112,1344,1.066,7.590816016003373,7.590818115997536,0.8373,6bb2627b75bbf1c3cc1a35eaf5559aaeee0e0d51,112,28.0,True,1344,0.41469
0c9698c497caa0c6e5c60dbf,lhs30s2000:12,stage6,12,2,0.0,0.0,4.0,4.0,SUCCESS,True,4.040203,-0.330649,-2.785953,-7.490842,0.001676,0.0,/usr/local/bin/avl:sha256=758a9c634d7bfc26,2.191,0.0,0.60218,False,0.0009589,0.0073021346229536375,-0.07428,0.067,-0.000338,-0.002415,-1.6e-05,0.008533,-0.007873,543da140a6d0eacdb86d907fc34529e875e43a4d9c573c356cb8894bc40452b3,-0.00014,-0.0001586,-10.172367921909732,29,112,1344,1.066,7.848924564001209,7.8489269639976555,0.4026,6bb2627b75bbf1c3cc1a35eaf5559aaeee0e0d51,112,28.0,True,1344,0.415241
3f4f87857f64a1818f795b17,lhs30s2000:12,stage6,12,2,0.0,4.0,4.0,4.0,SUCCESS,True,4.033122,-0.327546,-2.779521,-7.49085,0.003321,0.0,/usr/local/bin/avl:sha256=758a9c634d7bfc26,2.191,0.0,0.60218,False,0.0034016,0.009889209634302296,0.20784,-0.12756,-0.000445,-0.002414,4e-06,0.008542,-0.007874,543da140a6d0eacdb86d907fc34529e875e43a4d9c573c356cb8894bc40452b3,-0.00014,-0.0002316,21.016846409957164,29,112,1344,1.066,7.084164914995199,7.0841670150039135,0.8682,6bb2627b75bbf1c3cc1a35eaf5559aaeee0e0d51,112,28.0,True,1344,0.41501
224d74fd8284b1e7e662b47f,lhs30s2000:12,stage6,16,2,0.0,-2.0,4.0,4.0,SUCCESS,True,4.023817,-0.330656,-2.7695,-7.477864,0.002893,0.0,/usr/local/bin/avl:sha256=758a9c634d7bfc26,2.191,0.0,0.60218,False,0.0039631,0.011378565759190645,-0.21684,0.16546,-0.000283,-0.002436,-4.2e-05,0.008593,-0.007935,543da140a6d0eacdb86d907fc34529e875e43a4d9c573c356cb8894bc40452b3,-0.0001376,-0.0001168,-19.05688331808031,29,112,1792,1.066,13.552841405995423,13.552844305995677,0.8346,6bb2627b75bbf1c3cc1a35eaf5559aaeee0e0d51,112,28.0,True,1792,0.41447
4fdfbb61f5d8d443615ad03d,lhs30s2000:12,stage6,16,2,0.0,0.0,4.0,4.0,SUCCESS,True,4.04015,-0.330661,-2.784411,-7.486652,0.001677,0.0,/usr/local/bin/avl:sha256=758a9c634d7bfc26,2.191,0.0,0.60218,False,0.0009948,0.007344710526016444,-0.07606,0.06849,-0.000338,-0.002443,-2.1e-05,0.008634,-0.007959,543da140a6d0eacdb86d907fc34529e875e43a4d9c573c356cb8894bc40452b3,-0.0001381,-0.0001547,-10.355751902077033,29,112,1792,1.066,13.27290947399888,13.272912273998372,0.4057,6bb2627b75bbf1c3cc1a35eaf5559aaeee0e0d51,112,28.0,True,1792,0.415017
643ef9214a4c273d92458792,lhs30s2000:12,stage6,16,2,0.0,4.0,4.0,4.0,SUCCESS,True,4.033138,-0.327538,-2.778079,-7.486406,0.003311,0.0,/usr/local/bin/avl:sha256=758a9c634d7bfc26,2.191,0.0,0.60218,False,0.0033892,0.009873387049231887,0.20605,-0.12597,-0.000447,-0.002443,2e-06,0.008644,-0.00796,543da140a6d0eacdb86d907fc34529e875e43a4d9c573c356cb8894bc40452b3,-0.0001381,-0.0002293,20.869231498022753,29,112,1792,1.066,11.65713636399596,11.657138964001206,0.8628,6bb2627b75bbf1c3cc1a35eaf5559aaeee0e0d51,112,28.0,True,1792,0.414793
f4cea6c41f4ef471e9e7de14,lhs30s2000:12,stage6,24,4,1.0,-2.0,4.0,4.0,SUCCESS,True,4.014478,-0.328454,-2.75655,-7.443147,0.00292,0.0,/usr/local/bin/avl:sha256=758a9c634d7bfc26,2.191,0.0,0.60218,False,0.0040615,0.011472378290403186,-0.2178,0.16594,-0.000271,-0.00243,-5.7e-05,0.00858,-0.007921,543da140a6d0eacdb86d907fc34529e875e43a4d9c573c356cb8894bc40452b3,-0.0001363,-0.0001134,-18.984729625085055,29,224,5376,1.066,104.6414275720017,104.64142997300223,0.8303,6bb2627b75bbf1c3cc1a35eaf5559aaeee0e0d51,224,28.0,True,5376,0.413491
12cd639ec4935aac5314ac8a,lhs30s2000:12,stage6,24,4,1.0,0.0,4.0,4.0,SUCCESS,True,4.030989,-0.328464,-2.771496,-7.451941,0.001692,0.0,/usr/local/bin/avl:sha256=758a9c634d7bfc26,2.191,0.0,0.60218,False,0.001032,0.007382554213337034,-0.07734,0.06942,-0.000328,-0.002437,-3.4e-05,0.008624,-0.007945,543da140a6d0eacdb86d907fc34529e875e43a4d9c573c356cb8894bc40452b3,-0.0001368,-0.0001513,-10.476049042793425,29,224,5376,1.066,105.26956124100252,105.26956394099398,0.4102,6bb2627b75bbf1c3cc1a35eaf5559aaeee0e0d51,224,28.0,True,5376,0.41403
e50ff12b4cc38bb5798ef0fa,lhs30s2000:12,stage6,24,4,1.0,4.0,4.0,4.0,SUCCESS,True,4.024131,-0.325362,-2.765353,-7.451688,0.003315,0.0,/usr/local/bin/avl:sha256=758a9c634d7bfc26,2.191,0.0,0.60218,False,0.0033825,0.009861225902041217,0.20414,-0.12414,-0.000438,-0.002437,-8e-06,0.008636,-0.007946,543da140a6d0eacdb86d907fc34529e875e43a4d9c573c356cb8894bc40452b3,-0.0001368,-0.000226,20.701280147911852,29,224,5376,1.066,107.69514457399782,107.69514717399579,0.8577,6bb2627b75bbf1c3cc1a35eaf5559aaeee0e0d51,224,28.0,True,5376,0.413817
479be72616778f2c7671d2db,lhs30s2000:12,stage6,48,2,1.0,-2.0,4.0,4.0,SUCCESS,True,4.023267,-0.330674,-2.764007,-7.459373,0.002925,0.0,/usr/local/bin/avl:sha256=758a9c634d7bfc26,2.191,0.0,0.60218,False,0.0041109,0.01152376836113277,-0.21777,0.16592,-0.000273,-0.002481,-6.5e-05,0.008747,-0.008065,543da140a6d0eacdb86d907fc34529e875e43a4d9c573c356cb8894bc40452b3,-0.0001321,-0.0001081,-18.897464195348814,29,112,5376,1.066,104.63781219299563,104.63781479300087,0.8312,6bb2627b75bbf1c3cc1a35eaf5559aaeee0e0d51,112,28.0,True,5376,0.413704
45cb605a2450509d246f8a22,lhs30s2000:12,stage6,48,2,1.0,0.0,4.0,4.0,SUCCESS,True,4.039811,-0.330668,-2.778883,-7.468009,0.001697,0.0,/usr/local/bin/avl:sha256=758a9c634d7bfc26,2.191,0.0,0.60218,False,0.0010544,0.007407591644770202,-0.077,0.06913,-0.000331,-0.002488,-4e-05,0.008792,-0.008089,543da140a6d0eacdb86d907fc34529e875e43a4d9c573c356cb8894bc40452b3,-0.0001326,-0.0001471,-10.394741461533236,29,112,5376,1.066,107.03903670499858,107.03903880500002,0.4036,6bb2627b75bbf1c3cc1a35eaf5559aaeee0e0d51,112,28.0,True,5376,0.414227
99b2de36a2dfde5c31c94dc7,lhs30s2000:13,stage6,8,2,0.0,-2.0,4.0,4.0,SUCCESS,True,3.635859,-0.286081,-1.400697,-3.106598,0.001817,0.0,/usr/local/bin/avl:sha256=758a9c634d7bfc26,1.6585,0.0,0.57986,False,0.0045709,0.011536171342984708,-0.18903,0.08122,-7.8e-05,-0.002659,-4.9e-05,0.011812,-0.006374,543da140a6d0eacdb86d907fc34529e875e43a4d9c573c356cb8894bc40452b3,-0.0002254,-0.0001235,-16.38585232308911,29,112,896,0.72307,3.26793616800569,3.267939468001714,0.6485,6bb2627b75bbf1c3cc1a35eaf5559aaeee0e0d51,112,28.0,True,896,0.223387
6b221e9e9a0015471be5b237,lhs30s2000:13,stage6,8,2,0.0,0.0,4.0,4.0,SUCCESS,True,3.649968,-0.286352,-1.407531,-3.10938,0.001255,0.0,/usr/local/bin/avl:sha256=758a9c634d7bfc26,1.6585,0.0,0.57986,False,0.0016736,0.008136906472118292,-0.06183,0.03219,-0.000184,-0.002664,-6e-06,0.011849,-0.006387,543da140a6d0eacdb86d907fc34529e875e43a4d9c573c356cb8894bc40452b3,-0.0002259,-0.0001805,-7.598710912048092,29,112,896,0.72307,3.5039861490004114,3.5039892490021884,0.1927,6bb2627b75bbf1c3cc1a35eaf5559aaeee0e0d51,112,28.0,True,896,0.223609
451b9d09a358bd0167317a9f,lhs30s2000:13,stage6,8,2,0.0,4.0,4.0,4.0,SUCCESS,True,3.640767,-0.283507,-1.402817,-3.106531,0.003152,0.0,/usr/local/bin/avl:sha256=758a9c634d7bfc26,1.6585,0.0,0.57986,False,0.0039306,0.010674138539080892,0.19296,-0.06606,-0.000395,-0.002658,3.9e-05,0.01182,-0.006373,543da140a6d0eacdb86d907fc34529e875e43a4d9c573c356cb8894bc40452b3,-0.0002255,-0.0002932,18.077337041628375,29,112,896,0.72307,3.382833282004867,3.3828354819997912,0.786,6bb2627b75bbf1c3cc1a35eaf5559aaeee0e0d51,112,28.0,True,896,0.223423
0bc47806e6d28bb1cf7b1285,lhs30s2000:13,stage6,12,2,0.0,-2.0,4.0,4.0,SUCCESS,True,3.637052,-0.286161,-1.397628,-3.103134,0.001887,0.0,/usr/local/bin/avl:sha256=758a9c634d7bfc26,1.6585,0.0,0.57986,False,0.0047134,0.011678570922057995,-0.19171,0.08207,-7e-05,-0.002719,-5.9e-05,0.012083,-0.006492,543da140a6d0eacdb86d907fc34529e875e43a4d9c573c356cb8894bc40452b3,-0.0002169,-0.0001005,-16.41553588015689,29,112,1344,0.72307,7.833773184000165,7.833775084000081,0.6427,6bb2627b75bbf1c3cc1a35eaf5559aaeee0e0d51,112,28.0,True,1344,0.222824
0e4a6bc181e9854b991cb7de,lhs30s2000:13,stage6,12,2,0.0,0.0,4.0,4.0,SUCCESS,True,3.651323,-0.2864,-1.404477,-3.105857,0.001326,0.0,/usr/local/bin/avl:sha256=758a9c634d7bfc26,1.6585,0.0,0.57986,False,0.0017507,0.008223268880489853,-0.06447,0.03315,-0.000179,-0.002724,-1.3e-05,0.012122,-0.006506,543da140a6d0eacdb86d907fc34529e875e43a4d9c573c356cb8894bc40452b3,-0.0002175,-0.0001596,-7.839947949769529,29,112,1344,0.72307,7.880860941004357,7.8808638410046115,0.1969,6bb2627b75bbf1c3cc1a35eaf5559aaeee0e0d51,112,28.0,True,1344,0.223041
0f1712baf5fcd2d8a947c9e2,lhs30s2000:13,stage6,12,2,0.0,4.0,4.0,4.0,SUCCESS,True,3.642307,-0.283494,-1.399844,-3.102905,0.003236,0.0,/usr/local/bin/avl:sha256=758a9c634d7bfc26,1.6585,0.0,0.57986,False,0.0039219,0.01066133792521747,0.19042,-0.06489,-0.000396,-0.002718,3.8e-05,0.012094,-0.006491,543da140a6d0eacdb86d907fc34529e875e43a4d9c573c356cb8894bc40452b3,-0.000217,-0.0002766,17.860797709975582,29,112,1344,0.72307,7.117989402999228,7.117991402999905,0.7704,6bb2627b75bbf1c3cc1a35eaf5559aaeee0e0d51,112,28.0,True,1344,0.222855
b49741fbec73a7b8adbb681d,lhs30s2000:13,stage6,16,2,0.0,-2.0,4.0,4.0,SUCCESS,True,3.637814,-0.286198,-1.396243,-3.101188,0.001924,0.0,/usr/local/bin/avl:sha256=758a9c634d7bfc26,1.6585,0.0,0.57986,False,0.0047915,0.011756360902695155,-0.1929,0.08262,-6.5e-05,-0.002748,-6.4e-05,0.012219,-0.00655,543da140a6d0eacdb86d907fc34529e875e43a4d9c573c356cb8894bc40452b3,-0.0002119,-8.829e-05,-16.408138674594237,29,112,1792,0.72307,13.11628753900004,13.116289438999956,0.6397,6bb2627b75bbf1c3cc1a35eaf5559aaeee0e0d51,112,28.0,True,1792,0.222557
9d607f0ad83ea8264763c8b1,lhs30s2000:13,stage6,16,2,0.0,0.0,4.0,4.0,SUCCESS,True,3.65218,-0.286425,-1.403114,-3.103888,0.001366,0.0,/usr/local/bin/avl:sha256=758a9c634d7bfc26,1.6585,0.0,0.57986,False,0.0017925,0.008269447195802753,-0.06563,0.03374,-0.000176,-0.002754,-1.7e-05,0.012259,-0.006564,543da140a6d0eacdb86d907fc34529e875e43a4d9c573c356cb8894bc40452b3,-0.0002125,-0.0001483,-7.936443446100146,29,112,1792,0.72307,13.086402287997771,13.086403987996164,0.1983,6bb2627b75bbf1c3cc1a35eaf5559aaeee0e0d51,112,28.0,True,1792,0.222772
48b10b3beaaa30b7914d15a5,lhs30s2000:13,stage6,16,2,0.0,4.0,4.0,4.0,SUCCESS,True,3.643263,-0.283493,-1.398547,-3.100899,0.003289,0.0,/usr/local/bin/avl:sha256=758a9c634d7bfc26,1.6585,0.0,0.57986,False,0.0039202,0.01065799182967786,0.18932,-0.0642,-0.000395,-0.002748,3.7e-05,0.012232,-0.006549,543da140a6d0eacdb86d907fc34529e875e43a4d9c573c356cb8894bc40452b3,-0.0002121,-0.0002672,17.763196202949448,29,112,1792,0.72307,13.375164887002029,13.37516688699543,0.7629,6bb2627b75bbf1c3cc1a35eaf5559aaeee0e0d51,112,28.0,True,1792,0.22259
69bc8d41740593cfce2bde1a,lhs30s2000:13,stage6,24,4,1.0,-2.0,4.0,4.0,SUCCESS,True,3.628771,-0.284272,-1.387489,-3.084611,0.001965,0.0,/usr/local/bin/avl:sha256=758a9c634d7bfc26,1.6585,0.0,0.57986,False,0.004924,0.011895452980761537,-0.19372,0.08267,-5e-05,-0.002746,-8.2e-05,0.012218,-0.006544,543da140a6d0eacdb86d907fc34529e875e43a4d9c573c356cb8894bc40452b3,-0.0002093,-8.075e-05,-16.28521421700397,29,224,5376,0.72307,104.97369059800258,104.97369289799826,0.6393,6bb2627b75bbf1c3cc1a35eaf5559aaeee0e0d51,224,28.0,True,5376,0.221712
1a1b65620805e39f421db2b6,lhs30s2000:13,stage6,24,4,1.0,0.0,4.0,4.0,SUCCESS,True,3.643362,-0.284503,-1.394351,-3.087288,0.00141,0.0,/usr/local/bin/avl:sha256=758a9c634d7bfc26,1.6585,0.0,0.57986,False,0.0018426,0.008322395515000502,-0.06676,0.0341,-0.000162,-0.002751,-3.3e-05,0.012262,-0.006557,543da140a6d0eacdb86d907fc34529e875e43a4d9c573c356cb8894bc40452b3,-0.0002099,-0.0001406,-8.021728825513044,29,224,5376,0.72307,109.60877253400395,109.60877473399887,0.2031,6bb2627b75bbf1c3cc1a35eaf5559aaeee0e0d51,224,28.0,True,5376,0.221917
9698410c77e458a1bacd3947,lhs30s2000:13,stage6,24,4,1.0,4.0,4.0,4.0,SUCCESS,True,3.634631,-0.281594,-1.38989,-3.084304,0.003356,0.0,/usr/local/bin/avl:sha256=758a9c634d7bfc26,1.6585,0.0,0.57986,False,0.0039037,0.010631388963293393,0.18759,-0.06324,-0.000383,-0.002745,2.6e-05,0.01224,-0.006543,543da140a6d0eacdb86d907fc34529e875e43a4d9c573c356cb8894bc40452b3,-0.0002095,-0.0002592,17.644919271384495,29,224,5376,0.72307,106.09539350900013,106.09539560900157,0.7558,6bb2627b75bbf1c3cc1a35eaf5559aaeee0e0d51,224,28.0,True,5376,0.221738
5e32fa6e4bfc0b6320dc2295,lhs30s2000:13,stage6,48,2,1.0,-2.0,4.0,4.0,SUCCESS,True,3.639017,-0.286234,-1.391851,-3.092272,0.001979,0.0,/usr/local/bin/avl:sha256=758a9c634d7bfc26,1.6585,0.0,0.57986,False,0.0049782,0.011936351458092721,-0.1934,0.08252,-4.5e-05,-0.002795,-8.9e-05,0.012425,-0.006634,543da140a6d0eacdb86d907fc34529e875e43a4d9c573c356cb8894bc40452b3,-0.0002021,-7.145e-05,-16.202606020692933,29,112,5376,0.72307,107.85769845000323,107.85770175000653,0.6357,6bb2627b75bbf1c3cc1a35eaf5559aaeee0e0d51,112,28.0,True,5376,0.221783
c277daf52dd712f8d6133ae3,lhs30s2000:13,stage6,48,2,1.0,0.0,4.0,4.0,SUCCESS,True,3.653628,-0.286453,-1.398701,-3.094949,0.001428,0.0,/usr/local/bin/avl:sha256=758a9c634d7bfc26,1.6585,0.0,0.57986,False,0.0018779,0.00835711877775748,-0.06608,0.0338,-0.000158,-0.0028,-3.8e-05,0.01247,-0.006647,543da140a6d0eacdb86d907fc34529e875e43a4d9c573c356cb8894bc40452b3,-0.0002026,-0.0001325,-7.90703132949029,29,112,5376,0.72307,106.92545606599742,106.92545796600461,0.1965,6bb2627b75bbf1c3cc1a35eaf5559aaeee0e0d51,112,28.0,True,5376,0.221983
f508a9d09d37490f735326a0,lhs30s2000:14,stage6,8,2,0.0,-2.0,4.0,4.0,SUCCESS,True,4.286736,-0.35985,-2.523389,-6.213032,0.002144,0.0,/usr/local/bin/avl:sha256=758a9c634d7bfc26,2.3053,0.0,0.52855,False,0.0023797,0.010365993689173875,-0.19265,0.13157,-0.0001,-0.001535,-5.1e-05,0.005153,-0.004138,543da140a6d0eacdb86d907fc34529e875e43a4d9c573c356cb8894bc40452b3,-5.914e-05,-5.25e-05,-18.584807764372986,29,112,896,0.91286,4.054295893001836,4.054299392999383,0.8402,6bb2627b75bbf1c3cc1a35eaf5559aaeee0e0d51,112,28.0,True,896,0.311128
290a2af766aad8287aa11799,lhs30s2000:14,stage6,8,2,0.0,0.0,4.0,4.0,SUCCESS,True,4.299085,-0.359673,-2.534744,-6.217144,0.001298,0.0,/usr/local/bin/avl:sha256=758a9c634d7bfc26,2.3053,0.0,0.52855,False,0.0003932,0.006980304627385435,-0.04276,0.04326,-0.000109,-0.001536,-3.4e-05,0.005169,-0.004142,543da140a6d0eacdb86d907fc34529e875e43a4d9c573c356cb8894bc40452b3,-5.926e-05,-6.386e-05,-6.125807150628084,29,112,896,0.91286,3.781773823997355,3.7817768239983707,0.2529,6bb2627b75bbf1c3cc1a35eaf5559aaeee0e0d51,112,28.0,True,896,0.311631
88aa0282242cbf2e18341d2a,lhs30s2000:14,stage6,8,2,0.0,4.0,4.0,4.0,SUCCESS,True,4.285813,-0.356778,-2.527689,-6.216202,0.003204,0.0,/usr/local/bin/avl:sha256=758a9c634d7bfc26,2.3053,0.0,0.52855,False,0.0038708,0.010857983127945156,0.2572,-0.13372,-0.000126,-0.001531,-5.4e-05,0.005159,-0.004132,543da140a6d0eacdb86d907fc34529e875e43a4d9c573c356cb8894bc40452b3,-5.905e-05,-8.606e-05,23.687640418048282,29,112,896,0.91286,3.698463950000587,3.698467549002089,0.896,6bb2627b75bbf1c3cc1a35eaf5559aaeee0e0d51,112,28.0,True,896,0.311726
0f16d3fa5ccb2be208e3fc5d,lhs30s2000:14,stage6,12,2,0.0,-2.0,4.0,4.0,SUCCESS,True,4.286914,-0.359904,-2.519805,-6.206201,0.002164,0.0,/usr/local/bin/avl:sha256=758a9c634d7bfc26,2.3053,0.0,0.52855,False,0.0024877,0.01048377793640123,-0.1964,0.13374,-0.0001,-0.001595,-5.9e-05,0.005356,-0.004298,543da140a6d0eacdb86d907fc34529e875e43a4d9c573c356cb8894bc40452b3,-6.286e-05,-5.125e-05,-18.73370469991262,29,112,1344,0.91286,8.899085845005175,8.899089145001199,0.8311,6bb2627b75bbf1c3cc1a35eaf5559aaeee0e0d51,112,28.0,True,1344,0.310674
1df5b857e04b091cd56d17e7,lhs30s2000:14,stage6,12,2,0.0,0.0,4.0,4.0,SUCCESS,True,4.299458,-0.359713,-2.531229,-6.210155,0.001309,0.0,/usr/local/bin/avl:sha256=758a9c634d7bfc26,2.3053,0.0,0.52855,False,0.0004259,0.007029976874068959,-0.0465,0.04556,-0.000109,-0.001596,-4.1e-05,0.005373,-0.004302,543da140a6d0eacdb86d907fc34529e875e43a4d9c573c356cb8894bc40452b3,-6.298e-05,-6.589e-05,-6.614531005289885,29,112,1344,0.91286,9.70779468800174,9.707797388000472,0.2694,6bb2627b75bbf1c3cc1a35eaf5559aaeee0e0d51,112,28.0,True,1344,0.311172
867f0bba9ffaa914ca755d0f,lhs30s2000:14,stage6,12,2,0.0,4.0,4.0,4.0,SUCCESS,True,4.286371,-0.356787,-2.524367,-6.208913,0.003209,0.0,/usr/local/bin/avl:sha256=758a9c634d7bfc26,2.3053,0.0,0.52855,False,0.0038212,0.010799280344541883,0.25349,-0.13118,-0.000128,-0.001591,-5.8e-05,0.005363,-0.004291,543da140a6d0eacdb86d907fc34529e875e43a4d9c573c356cb8894bc40452b3,-6.276e-05,-9.462e-05,23.47286040482481,29,112,1344,0.91286,8.282371180001064,8.282373879999795,0.8955,6bb2627b75bbf1c3cc1a35eaf5559aaeee0e0d51,112,28.0,True,1344,0.311276
8415382fffff0c02ae7b0e60,lhs30s2000:14,stage6,16,2,0.0,-2.0,4.0,4.0,SUCCESS,True,4.286973,-0.359925,-2.517983,-6.201899,0.002173,0.0,/usr/local/bin/avl:sha256=758a9c634d7bfc26,2.3053,0.0,0.52855,False,0.0025444,0.01054396763707691,-0.19808,0.13489,-9.9e-05,-0.001624,-6.3e-05,0.005451,-0.004372,543da140a6d0eacdb86d907fc34529e875e43a4d9c573c356cb8894bc40452b3,-6.113e-05,-4.676e-05,-18.78609711428453,29,112,1792,0.91286,14.060978351997619,14.060980752001342,0.8269,6bb2627b75bbf1c3cc1a35eaf5559aaeee0e0d51,112,28.0,True,1792,0.310445
ad319edf644806947fe0b871,lhs30s2000:14,stage6,16,2,0.0,0.0,4.0,4.0,SUCCESS,True,4.29962,-0.359727,-2.529451,-6.205788,0.001315,0.0,/usr/local/bin/avl:sha256=758a9c634d7bfc26,2.3053,0.0,0.52855,False,0.0004441,0.007055847830069884,-0.04818,0.04677,-0.000109,-0.001625,-4.4e-05,0.005469,-0.004376,543da140a6d0eacdb86d907fc34529e875e43a4d9c573c356cb8894bc40452b3,-6.124e-05,-6.299e-05,-6.828378553555456,29,112,1792,0.91286,13.017363496001053,13.017366095999023,0.2762,6bb2627b75bbf1c3cc1a35eaf5559aaeee0e0d51,112,28.0,True,1792,0.310941
9a260fec780e070636271fbe,lhs30s2000:14,stage6,16,2,0.0,4.0,4.0,4.0,SUCCESS,True,4.286618,-0.356787,-2.522706,-6.204421,0.003216,0.0,/usr/local/bin/avl:sha256=758a9c634d7bfc26,2.3053,0.0,0.52855,False,0.003802,0.010776201321348215,0.25183,-0.12985,-0.000129,-0.00162,-6e-05,0.00546,-0.004365,543da140a6d0eacdb86d907fc34529e875e43a4d9c573c356cb8894bc40452b3,-6.104e-05,-9.492e-05,23.369088279847897,29,112,1792,0.91286,12.93214066499786,12.932142564997775,0.8954,6bb2627b75bbf1c3cc1a35eaf5559aaeee0e0d51,112,28.0,True,1792,0.311053
157bfce35f748585fd173744,lhs30s2000:14,stage6,24,4,1.0,-2.0,4.0,4.0,SUCCESS,True,4.276536,-0.357329,-2.504412,-6.168485,0.002187,0.0,/usr/local/bin/avl:sha256=758a9c634d7bfc26,2.3053,0.0,0.52855,False,0.0026261,0.010631320317466431,-0.19937,0.13558,-9.1e-05,-0.001621,-7.3e-05,0.005441,-0.004361,543da140a6d0eacdb86d907fc34529e875e43a4d9c573c356cb8894bc40452b3,-5.737e-05,-4.22e-05,-18.753079960581246,29,224,5376,0.91286,100.42447380399972,100.42447620399616,0.8258,6bb2627b75bbf1c3cc1a35eaf5559aaeee0e0d51,224,28.0,True,5376,0.309525
e953098f25b1a81ef3d9b833,lhs30s2000:14,stage6,24,4,1.0,0.0,4.0,4.0,SUCCESS,True,4.289395,-0.357139,-2.515898,-6.172326,0.001325,0.0,/usr/local/bin/avl:sha256=758a9c634d7bfc26,2.3053,0.0,0.52855,False,0.0004603,0.007076572671683548,-0.04983,0.04793,-0.000102,-0.001622,-5.3e-05,0.00546,-0.004365,543da140a6d0eacdb86d907fc34529e875e43a4d9c573c356cb8894bc40452b3,-5.748e-05,-5.821e-05,-7.041544305676609,29,224,5376,0.91286,108.90938088700204,108.90938648700103,0.2917,6bb2627b75bbf1c3cc1a35eaf5559aaeee0e0d51,224,28.0,True,5376,0.310013
f31f60488c2626113774a03d,lhs30s2000:14,stage6,24,4,1.0,4.0,4.0,4.0,SUCCESS,True,4.276565,-0.35423,-2.509374,-6.170948,0.00322,0.0,/usr/local/bin/avl:sha256=758a9c634d7bfc26,2.3053,0.0,0.52855,False,0.0037837,0.010749841314723254,0.24948,-0.12774,-0.000123,-0.001617,-6.6e-05,0.005453,-0.004354,543da140a6d0eacdb86d907fc34529e875e43a4d9c573c356cb8894bc40452b3,-5.729e-05,-8.973e-05,23.20778444034387,29,224,5376,0.91286,107.51584230599838,107.51584840599389,0.8917,6bb2627b75bbf1c3cc1a35eaf5559aaeee0e0d51,224,28.0,True,5376,0.310136
b8036903d0b7431a4560bb21,lhs30s2000:14,stage6,48,2,1.0,-2.0,4.0,4.0,SUCCESS,True,4.286937,-0.359932,-2.512215,-6.185063,0.002189,0.0,/usr/local/bin/avl:sha256=758a9c634d7bfc26,2.3053,0.0,0.52855,False,0.0026542,0.010653803778936717,-0.19919,0.13539,-9e-05,-0.001657,-7.8e-05,0.005564,-0.004454,543da140a6d0eacdb86d907fc34529e875e43a4d9c573c356cb8894bc40452b3,-5.561e-05,-4.009e-05,-18.696608660449705,29,112,5376,0.91286,108.34840132200043,108.34840472199721,0.8243,6bb2627b75bbf1c3cc1a35eaf5559aaeee0e0d51,112,28.0,True,5376,0.309736
85cc459bd81c9d196cdfa945,lhs30s2000:14,stage6,48,2,1.0,0.0,4.0,4.0,SUCCESS,True,4.299789,-0.359734,-2.523674,-6.188862,0.001327,0.0,/usr/local/bin/avl:sha256=758a9c634d7bfc26,2.3053,0.0,0.52855,False,0.0004786,0.007095681879943754,-0.04929,0.04747,-0.000101,-0.001658,-5.7e-05,0.005583,-0.004458,543da140a6d0eacdb86d907fc34529e875e43a4d9c573c356cb8894bc40452b3,-5.572e-05,-5.64e-05,-6.946478271428751,29,112,5376,0.91286,110.47431060199597,110.47431450200384,0.2802,6bb2627b75bbf1c3cc1a35eaf5559aaeee0e0d51,112,28.0,True,5376,0.310219
2aaba26d7fa8e28c7354afd2,lhs30s2000:15,stage6,8,2,0.0,-2.0,4.0,4.0,SUCCESS,True,3.981839,-0.309028,-2.225406,-5.417871,0.001925,0.0,/usr/local/bin/avl:sha256=758a9c634d7bfc26,2.1399,0.0,0.6183,False,0.0044167,0.012117522287786852,-0.21958,0.14002,-0.000106,-0.002126,-3.5e-05,0.007172,-0.005204,543da140a6d0eacdb86d907fc34529e875e43a4d9c573c356cb8894bc40452b3,-0.0001164,-0.0001098,-18.120866195667148,29,112,896,0.9679,3.2025647100017522,3.202567309999722,0.7158,6bb2627b75bbf1c3cc1a35eaf5559aaeee0e0d51,112,28.0,True,896,0.345559
bc2dd76acad47e5648afa561,lhs30s2000:15,stage6,8,2,0.0,0.0,4.0,4.0,SUCCESS,True,3.997024,-0.308938,-2.236873,-5.422289,0.001246,0.0,/usr/local/bin/avl:sha256=758a9c634d7bfc26,2.1399,0.0,0.6183,False,0.0014301,0.008075076893793753,-0.08029,0.06212,-0.000155,-0.002128,-1.5e-05,0.007188,-0.005209,543da140a6d0eacdb86d907fc34529e875e43a4d9c573c356cb8894bc40452b3,-0.0001166,-0.0001487,-9.94293937457219,29,112,896,0.9679,3.4044428990018787,3.4044450989968027,0.2982,6bb2627b75bbf1c3cc1a35eaf5559aaeee0e0d51,112,28.0,True,896,0.34602
f2da8ef8a704de1b7b5d70b9,lhs30s2000:15,stage6,8,2,0.0,4.0,4.0,4.0,SUCCESS,True,3.989808,-0.305946,-2.231618,-5.41919,0.003039,0.0,/usr/local/bin/avl:sha256=758a9c634d7bfc26,2.1399,0.0,0.6183,False,0.0031433,0.009722910024929131,0.1988,-0.0941,-0.000252,-0.002119,-2.2e-05,0.007165,-0.005191,543da140a6d0eacdb86d907fc34529e875e43a4d9c573c356cb8894bc40452b3,-0.0001161,-0.0002255,20.44655349995888,29,112,896,0.9679,3.9674013309995644,3.9674046309955884,0.7912,6bb2627b75bbf1c3cc1a35eaf5559aaeee0e0d51,112,28.0,True,896,0.345832
87376303023e04709009c852,lhs30s2000:15,stage6,12,2,0.0,-2.0,4.0,4.0,SUCCESS,True,3.981578,-0.309064,-2.222126,-5.412687,0.001924,0.0,/usr/local/bin/avl:sha256=758a9c634d7bfc26,2.1399,0.0,0.6183,False,0.0045976,0.012324105539618862,-0.22334,0.14226,-0.000102,-0.002166,-4.5e-05,0.007306,-0.005296,543da140a6d0eacdb86d907fc34529e875e43a4d9c573c356cb8894bc40452b3,-0.0001114,-0.0001023,-18.122207675195476,29,112,1344,0.9679,7.631658437996521,7.631660438004474,0.7134,6bb2627b75bbf1c3cc1a35eaf5559aaeee0e0d51,112,28.0,True,1344,0.345073
c60b7d76de40339f1dd6c018,lhs30s2000:15,stage6,12,2,0.0,0.0,4.0,4.0,SUCCESS,True,3.99706,-0.308958,-2.233673,-5.416966,0.001244,0.0,/usr/local/bin/avl:sha256=758a9c634d7bfc26,2.1399,0.0,0.6183,False,0.0015027,0.00816908788127282,-0.08405,0.06446,-0.000153,-0.002167,-2.3e-05,0.007324,-0.0053,543da140a6d0eacdb86d907fc34529e875e43a4d9c573c356cb8894bc40452b3,-0.0001116,-0.0001447,-10.288786364103139,29,112,1344,0.9679,8.205322002002504,8.20532540199929,0.3085,6bb2627b75bbf1c3cc1a35eaf5559aaeee0e0d51,112,28.0,True,1344,0.345522
f001423dafc9b10baf161159,lhs30s2000:15,stage6,12,2,0.0,4.0,4.0,4.0,SUCCESS,True,3.990082,-0.305929,-2.228644,-5.413633,0.003042,0.0,/usr/local/bin/avl:sha256=758a9c634d7bfc26,2.1399,0.0,0.6183,False,0.0031165,0.009689170609723831,0.19505,-0.09153,-0.000252,-0.002158,-2.6e-05,0.007302,-0.005282,543da140a6d0eacdb86d907fc34529e875e43a4d9c573c356cb8894bc40452b3,-0.000111,-0.0002282,20.13072200465252,29,112,1344,0.9679,7.720258877998276,7.7202613779954845,0.7818,6bb2627b75bbf1c3cc1a35eaf5559aaeee0e0d51,112,28.0,True,1344,0.345347
7c8795caa5cbe1764b1f3ec2,lhs30s2000:15,stage6,16,2,0.0,-2.0,4.0,4.0,SUCCESS,True,3.981444,-0.309077,-2.220412,-5.409231,0.001925,0.0,/usr/local/bin/avl:sha256=758a9c634d7bfc26,2.1399,0.0,0.6183,False,0.0047004,0.012438347811205317,-0.22503,0.14341,-0.0001,-0.002186,-5.1e-05,0.007374,-0.005342,543da140a6d0eacdb86d907fc34529e875e43a4d9c573c356cb8894bc40452b3,-0.0001105,-9.947e-05,-18.091631092457273,29,112,1792,0.9679,13.531247621998773,13.531249322004442,0.712,6bb2627b75bbf1c3cc1a35eaf5559aaeee0e0d51,112,28.0,True,1792,0.344818
76ca21e60440b720cb176a0e,lhs30s2000:15,stage6,16,2,0.0,0.0,4.0,4.0,SUCCESS,True,3.997091,-0.308963,-2.23201,-5.413455,0.001246,0.0,/usr/local/bin/avl:sha256=758a9c634d7bfc26,2.1399,0.0,0.6183,False,0.0015459,0.008221706069483308,-0.08575,0.06568,-0.000151,-0.002188,-2.8e-05,0.007393,-0.005347,543da140a6d0eacdb86d907fc34529e875e43a4d9c573c356cb8894bc40452b3,-0.0001106,-0.0001432,-10.429708782497128,29,112,1792,0.9679,13.512073458005034,13.512075657999958,0.3125,6bb2627b75bbf1c3cc1a35eaf5559aaeee0e0d51,112,28.0,True,1792,0.345262
1bda5da68353e0cf7b8bc255,lhs30s2000:15,stage6,16,2,0.0,4.0,4.0,4.0,SUCCESS,True,3.990238,-0.305918,-2.227113,-5.410033,0.003049,0.0,/usr/local/bin/avl:sha256=758a9c634d7bfc26,2.1399,0.0,0.6183,False,0.0031094,0.009679014013888161,0.19336,-0.09021,-0.000252,-0.002179,-2.8e-05,0.007371,-0.005329,543da140a6d0eacdb86d907fc34529e875e43a4d9c573c356cb8894bc40452b3,-0.0001101,-0.0002295,19.97724145481687,29,112,1792,0.9679,12.673233378998702,12.673235479000141,0.7771,6bb2627b75bbf1c3cc1a35eaf5559aaeee0e0d51,112,28.0,True,1792,0.345097
1a70023f08ed3f5a792e8a4b,lhs30s2000:15,stage6,24,4,1.0,-2.0,4.0,4.0,SUCCESS,True,3.969396,-0.30775,-2.207624,-5.378913,0.001942,0.0,/usr/local/bin/avl:sha256=758a9c634d7bfc26,2.1399,0.0,0.6183,False,0.0048494,0.01259842476957624,-0.22577,0.14362,-8.9e-05,-0.002173,-6.6e-05,0.007346,-0.005321,543da140a6d0eacdb86d907fc34529e875e43a4d9c573c356cb8894bc40452b3,-0.0001093,-9.781e-05,-17.92049435777152,29,224,5376,0.9679,105.25903399300296,105.25903629299864,0.7092,6bb2627b75bbf1c3cc1a35eaf5559aaeee0e0d51,224,28.0,True,5376,0.343873
98c5e9619db21310c949b69f,lhs30s2000:15,stage6,24,4,1.0,0.0,4.0,4.0,SUCCESS,True,3.98533,-0.307637,-2.219223,-5.383108,0.00126,0.0,/usr/local/bin/avl:sha256=758a9c634d7bfc26,2.1399,0.0,0.6183,False,0.0015929,0.008275593612909958,-0.0869,0.06633,-0.000141,-0.002174,-4.1e-05,0.007367,-0.005325,543da140a6d0eacdb86d907fc34529e875e43a4d9c573c356cb8894bc40452b3,-0.0001095,-0.0001412,-10.50075729485262,29,224,5376,0.9679,106.60902597499808,106.60902917499334,0.3183,6bb2627b75bbf1c3cc1a35eaf5559aaeee0e0d51,224,28.0,True,5376,0.344298
8253e6ad0bd865a1ae01dea1,lhs30s2000:15,stage6,24,4,1.0,4.0,4.0,4.0,SUCCESS,True,3.978621,-0.304603,-2.214493,-5.379698,0.003065,0.0,/usr/local/bin/avl:sha256=758a9c634d7bfc26,2.1399,0.0,0.6183,False,0.00311,0.00968294333908169,0.19139,-0.08867,-0.000243,-0.002165,-3.7e-05,0.007349,-0.005307,543da140a6d0eacdb86d907fc34529e875e43a4d9c573c356cb8894bc40452b3,-0.000109,-0.0002269,19.765684182775672,29,224,5376,0.9679,105.54119859099592,105.54120299100032,0.7742,6bb2627b75bbf1c3cc1a35eaf5559aaeee0e0d51,224,28.0,True,5376,0.344143
641ca112c3cb7c4b3899f0da,lhs30s2000:15,stage6,48,2,1.0,-2.0,4.0,4.0,SUCCESS,True,3.981113,-0.309085,-2.214978,-5.394403,0.00194,0.0,/usr/local/bin/avl:sha256=758a9c634d7bfc26,2.1399,0.0,0.6183,False,0.0049235,0.01266863311226786,-0.22617,0.14388,-8.7e-05,-0.002209,-7.3e-05,0.00745,-0.005391,543da140a6d0eacdb86d907fc34529e875e43a4d9c573c356cb8894bc40452b3,-0.0001059,-9.36e-05,-17.852754752285385,29,112,5376,0.9679,104.07968876900122,104.07969096899615,0.7115,6bb2627b75bbf1c3cc1a35eaf5559aaeee0e0d51,112,28.0,True,5376,0.344003
299c743f7371ce175535be10,lhs30s2000:15,stage6,48,2,1.0,0.0,4.0,4.0,SUCCESS,True,3.997125,-0.308966,-2.226571,-5.398552,0.001262,0.0,/usr/local/bin/avl:sha256=758a9c634d7bfc26,2.1399,0.0,0.6183,False,0.0016288,0.008310895186932699,-0.08689,0.06634,-0.000139,-0.002211,-4.7e-05,0.007472,-0.005395,543da140a6d0eacdb86d907fc34529e875e43a4d9c573c356cb8894bc40452b3,-0.000106,-0.0001374,-10.454950765907622,29,112,5376,0.9679,108.06044608599768,108.06044838499656,0.3155,6bb2627b75bbf1c3cc1a35eaf5559aaeee0e0d51,112,28.0,True,5376,0.344418
d7a5441e4f001925f3e823b3,lhs30s2000:16,stage6,8,2,0.0,-2.0,4.0,4.0,SUCCESS,True,3.753977,-0.296052,-1.724053,-4.099163,0.001808,0.0,/usr/local/bin/avl:sha256=758a9c634d7bfc26,1.7779,0.0,0.57421,False,0.0037428,0.011000039766923429,-0.1932,0.10356,-0.000256,-0.002376,-4.6e-05,0.009476,-0.005992,543da140a6d0eacdb86d907fc34529e875e43a4d9c573c356cb8894bc40452b3,-0.0001977,-0.0001328,-17.56357286824933,29,112,896,0.81117,3.238388265002868,3.238390265003545,0.8228,6bb2627b75bbf1c3cc1a35eaf5559aaeee0e0d51,112,28.0,True,896,0.263713
129dad682ac63eafb3356b6b,lhs30s2000:16,stage6,8,2,0.0,0.0,4.0,4.0,SUCCESS,True,3.769746,-0.296359,-1.73415,-4.10473,0.0012,0.0,/usr/local/bin/avl:sha256=758a9c634d7bfc26,1.7779,0.0,0.57421,False,0.000898,0.0072746847287858945,-0.06185,0.04318,-0.000348,-0.002384,-1.3e-05,0.009524,-0.006014,543da140a6d0eacdb86d907fc34529e875e43a4d9c573c356cb8894bc40452b3,-0.0001985,-0.0001854,-8.50208666160608,29,112,896,0.81117,3.436391678995278,3.4363937790039927,0.3574,6bb2627b75bbf1c3cc1a35eaf5559aaeee0e0d51,112,28.0,True,896,0.264148
4053e749df22b8f05bb08bf1,lhs30s2000:16,stage6,8,2,0.0,4.0,4.0,4.0,SUCCESS,True,3.762127,-0.293577,-1.731698,-4.105068,0.003039,0.0,/usr/local/bin/avl:sha256=758a9c634d7bfc26,1.7779,0.0,0.57421,False,0.0036956,0.010324844126094116,0.20137,-0.07798,-0.000531,-0.002387,3e-05,0.009539,-0.006022,543da140a6d0eacdb86d907fc34529e875e43a4d9c573c356cb8894bc40452b3,-0.0001988,-0.0002893,19.503442138276444,29,112,896,0.81117,3.1386412030042266,3.138643902995682,0.882,6bb2627b75bbf1c3cc1a35eaf5559aaeee0e0d51,112,28.0,True,896,0.264308
dc59c57032cd8716f07f5cba,lhs30s2000:16,stage6,12,2,0.0,-2.0,4.0,4.0,SUCCESS,True,3.754463,-0.296136,-1.720733,-4.094541,0.001829,0.0,/usr/local/bin/avl:sha256=758a9c634d7bfc26,1.7779,0.0,0.57421,False,0.0038698,0.01113789355393031,-0.19666,0.10523,-0.000253,-0.00242,-5.6e-05,0.009656,-0.006084,543da140a6d0eacdb86d907fc34529e875e43a4d9c573c356cb8894bc40452b3,-0.0001829,-0.0001116,-17.656839603266196,29,112,1344,0.81117,7.150480226002401,7.1504819259935175,0.8181,6bb2627b75bbf1c3cc1a35eaf5559aaeee0e0d51,112,28.0,True,1344,0.263171
80484412051915177f95d100,lhs30s2000:16,stage6,12,2,0.0,0.0,4.0,4.0,SUCCESS,True,3.770331,-0.296415,-1.730845,-4.099934,0.001212,0.0,/usr/local/bin/avl:sha256=758a9c634d7bfc26,1.7779,0.0,0.57421,False,0.0009532,0.007341517329171907,-0.06529,0.04497,-0.000348,-0.002429,-2e-05,0.009707,-0.006106,543da140a6d0eacdb86d907fc34529e875e43a4d9c573c356cb8894bc40452b3,-0.0001837,-0.0001658,-8.893256948473953,29,112,1344,0.81117,7.140952820998791,7.140954722002789,0.3677,6bb2627b75bbf1c3cc1a35eaf5559aaeee0e0d51,112,28.0,True,1344,0.263603
ab2ec227a530f15f6c6f933b,lhs30s2000:16,stage6,12,2,0.0,4.0,4.0,4.0,SUCCESS,True,3.762865,-0.293583,-1.728485,-4.099959,0.003041,0.0,/usr/local/bin/avl:sha256=758a9c634d7bfc26,1.7779,0.0,0.57421,False,0.0036218,0.010244090197185566,0.19797,-0.07597,-0.000535,-0.002431,2.7e-05,0.009723,-0.006114,543da140a6d0eacdb86d907fc34529e875e43a4d9c573c356cb8894bc40452b3,-0.000184,-0.0002731,19.325288648316448,29,112,1344,0.81117,7.861457846003759,7.861461045999022,0.8738,6bb2627b75bbf1c3cc1a35eaf5559aaeee0e0d51,112,28.0,True,1344,0.263766
0bd2e4fcf6584d9c9d0c338e,lhs30s2000:16,stage6,16,2,0.0,-2.0,4.0,4.0,SUCCESS,True,3.75477,-0.296176,-1.719157,-4.091626,0.001841,0.0,/usr/local/bin/avl:sha256=758a9c634d7bfc26,1.7779,0.0,0.57421,False,0.0039322,0.01120426401075654,-0.19818,0.10612,-0.000252,-0.002443,-6.2e-05,0.00975,-0.006132,543da140a6d0eacdb86d907fc34529e875e43a4d9c573c356cb8894bc40452b3,-0.0001756,-0.0001006,-17.6879088005905,29,112,1792,0.81117,13.220249035999586,13.220251236001786,0.8155,6bb2627b75bbf1c3cc1a35eaf5559aaeee0e0d51,112,28.0,True,1792,0.262908
feb8106b53aee0ab367a4791,lhs30s2000:16,stage6,16,2,0.0,0.0,4.0,4.0,SUCCESS,True,3.770689,-0.296441,-1.729286,-4.096944,0.001222,0.0,/usr/local/bin/avl:sha256=758a9c634d7bfc26,1.7779,0.0,0.57421,False,0.0009815,0.007374953345840783,-0.0668,0.04591,-0.000347,-0.002452,-2.5e-05,0.009801,-0.006154,543da140a6d0eacdb86d907fc34529e875e43a4d9c573c356cb8894bc40452b3,-0.0001764,-0.0001554,-9.057684417444197,29,112,1792,0.81117,12.43164319999778,12.431646399003512,0.371,6bb2627b75bbf1c3cc1a35eaf5559aaeee0e0d51,112,28.0,True,1792,0.263341
d97bd623def52721fb49c152,lhs30s2000:16,stage6,16,2,0.0,4.0,4.0,4.0,SUCCESS,True,3.763293,-0.293588,-1.726992,-4.09684,0.003049,0.0,/usr/local/bin/avl:sha256=758a9c634d7bfc26,1.7779,0.0,0.57421,False,0.0035917,0.010211155860627595,0.19649,-0.07492,-0.000537,-0.002454,2.6e-05,0.009819,-0.006162,543da140a6d0eacdb86d907fc34529e875e43a4d9c573c356cb8894bc40452b3,-0.0001767,-0.000264,19.242679544010347,29,112,1792,0.81117,12.361889895000786,12.361892196000554,0.8696,6bb2627b75bbf1c3cc1a35eaf5559aaeee0e0d51,112,28.0,True,1792,0.263508
ea0d6eee8450b3da530a0348,lhs30s2000:16,stage6,24,4,1.0,-2.0,4.0,4.0,SUCCESS,True,3.746312,-0.294387,-1.709723,-4.07144,0.001868,0.0,/usr/local/bin/avl:sha256=758a9c634d7bfc26,1.7779,0.0,0.57421,False,0.0040086,0.011280386785820832,-0.19907,0.10632,-0.000241,-0.002432,-7.7e-05,0.009706,-0.006102,543da140a6d0eacdb86d907fc34529e875e43a4d9c573c356cb8894bc40452b3,-0.0001724,-9.443e-05,-17.647444522933032,29,224,5376,0.81117,106.78079186700052,106.78079466599593,0.8131,6bb2627b75bbf1c3cc1a35eaf5559aaeee0e0d51,224,28.0,True,5376,0.262056
990ba65c9232facf26dbd666,lhs30s2000:16,stage6,24,4,1.0,0.0,4.0,4.0,SUCCESS,True,3.76236,-0.294648,-1.719844,-4.076722,0.001242,0.0,/usr/local/bin/avl:sha256=758a9c634d7bfc26,1.7779,0.0,0.57421,False,0.0010105,0.007408997816490019,-0.06798,0.04644,-0.000337,-0.00244,-3.8e-05,0.009761,-0.006124,543da140a6d0eacdb86d907fc34529e875e43a4d9c573c356cb8894bc40452b3,-0.0001732,-0.0001495,-9.175330008695457,29,224,5376,0.81117,108.53501645100187,108.53501905099984,0.3772,6bb2627b75bbf1c3cc1a35eaf5559aaeee0e0d51,224,28.0,True,5376,0.262483
bf5afc76ff861c2d45deca38,lhs30s2000:16,stage6,24,4,1.0,4.0,4.0,4.0,SUCCESS,True,3.755108,-0.291804,-1.71765,-4.076587,0.00308,0.0,/usr/local/bin/avl:sha256=758a9c634d7bfc26,1.7779,0.0,0.57421,False,0.0035736,0.01018620605432021,0.19474,-0.07373,-0.000526,-0.002443,1.6e-05,0.009782,-0.006132,543da140a6d0eacdb86d907fc34529e875e43a4d9c573c356cb8894bc40452b3,-0.0001735,-0.0002586,19.118011059417572,29,224,5376,0.81117,106.9240720999951,106.92407550099597,0.8635,6bb2627b75bbf1c3cc1a35eaf5559aaeee0e0d51,224,28.0,True,5376,0.262654
c542b4143d2d6bf3d1b65833,lhs30s2000:16,stage6,48,2,1.0,-2.0,4.0,4.0,SUCCESS,True,3.755169,-0.29622,-1.714244,-4.07925,0.001865,0.0,/usr/local/bin/avl:sha256=758a9c634d7bfc26,1.7779,0.0,0.57421,False,0.0040383,0.011306978361511455,-0.19893,0.10626,-0.000242,-0.002479,-8.5e-05,0.009892,-0.006201,543da140a6d0eacdb86d907fc34529e875e43a4d9c573c356cb8894bc40452b3,-0.0001636,-8.549e-05,-17.593559803488304,29,112,5376,0.81117,108.07927748600196,108.0792812869986,0.8124,6bb2627b75bbf1c3cc1a35eaf5559aaeee0e0d51,112,28.0,True,5376,0.262129
a76cc29b2c38f184ea39ca8d,lhs30s2000:16,stage6,48,2,1.0,0.0,4.0,4.0,SUCCESS,True,3.771207,-0.296472,-1.724335,-4.084481,0.001243,0.0,/usr/local/bin/avl:sha256=758a9c634d7bfc26,1.7779,0.0,0.57421,False,0.0010274,0.007423180809029263,-0.06753,0.04622,-0.000339,-0.002488,-4.4e-05,0.009947,-0.006224,543da140a6d0eacdb86d907fc34529e875e43a4d9c573c356cb8894bc40452b3,-0.0001643,-0.0001408,-9.097178384481648,29,112,5376,0.81117,109.65437187600037,109.65438497500145,0.3691,6bb2627b75bbf1c3cc1a35eaf5559aaeee0e0d51,112,28.0,True,5376,0.262551
d695471940b139a7a79394de,lhs30s2000:17,stage6,8,2,0.0,-2.0,4.0,4.0,SUCCESS,True,4.256718,-0.350333,-2.762501,-7.133251,0.004878,0.0,/usr/local/bin/avl:sha256=758a9c634d7bfc26,1.937,0.0,0.47686,False,0.0041922,0.012394995119403176,-0.23501,0.17027,-0.000519,-0.001964,4.7e-05,0.006703,-0.005691,543da140a6d0eacdb86d907fc34529e875e43a4d9c573c356cb8894bc40452b3,-0.0001528,-8.849e-05,-18.960072007782752,29,112,896,0.70565,3.403836240999226,3.4038387410037103,0.7686,6bb2627b75bbf1c3cc1a35eaf5559aaeee0e0d51,112,28.0,True,896,0.309468
8b80e430624ea87c280adc8d,lhs30s2000:17,stage6,8,2,0.0,0.0,4.0,4.0,SUCCESS,True,4.277516,-0.349621,-2.781965,-7.147073,0.003765,0.0,/usr/local/bin/avl:sha256=758a9c634d7bfc26,1.937,0.0,0.47686,False,0.0013025,0.00825091603987305,-0.08603,0.07347,-0.000554,-0.001967,6.9e-05,0.006727,-0.0057,543da140a6d0eacdb86d907fc34529e875e43a4d9c573c356cb8894bc40452b3,-0.0001533,-0.0001525,-10.42672105548703,29,112,896,0.70565,3.305738212999131,3.305740313997376,0.3367,6bb2627b75bbf1c3cc1a35eaf5559aaeee0e0d51,112,28.0,True,896,0.310133
7ac84f7951e72e0abf752044,lhs30s2000:17,stage6,8,2,0.0,4.0,4.0,4.0,SUCCESS,True,4.280343,-0.345454,-2.788613,-7.165668,0.004195,0.0,/usr/local/bin/avl:sha256=758a9c634d7bfc26,1.937,0.0,0.47686,False,0.0032628,0.010422489765928508,0.213,-0.12126,-0.000619,-0.001963,5.6e-05,0.006723,-0.005698,543da140a6d0eacdb86d907fc34529e875e43a4d9c573c356cb8894bc40452b3,-0.0001531,-0.0002796,20.436575596006303,29,112,896,0.70565,3.371725252000033,3.3717273520014714,0.7964,6bb2627b75bbf1c3cc1a35eaf5559aaeee0e0d51,112,28.0,True,896,0.310669
79168da19a86e31572aa06f6,lhs30s2000:17,stage6,12,2,0.0,-2.0,4.0,4.0,SUCCESS,True,4.256033,-0.350363,-2.758785,-7.125554,0.004906,0.0,/usr/local/bin/avl:sha256=758a9c634d7bfc26,1.937,0.0,0.47686,False,0.0043661,0.012606169974772478,-0.23944,0.17324,-0.000523,-0.002,3.9e-05,0.006825,-0.005788,543da140a6d0eacdb86d907fc34529e875e43a4d9c573c356cb8894bc40452b3,-0.0001531,-8.065e-05,-18.99387367290528,29,112,1344,0.70565,7.592819181998493,7.592822480000905,0.7672,6bb2627b75bbf1c3cc1a35eaf5559aaeee0e0d51,112,28.0,True,1344,0.309101
74c80bb2d31c7a77d2c13dda,lhs30s2000:17,stage6,12,2,0.0,0.0,4.0,4.0,SUCCESS,True,4.27705,-0.349628,-2.778263,-7.138976,0.003782,0.0,/usr/local/bin/avl:sha256=758a9c634d7bfc26,1.937,0.0,0.47686,False,0.0013706,0.008338078860860238,-0.09048,0.07657,-0.000559,-0.002003,6.3e-05,0.00685,-0.005798,543da140a6d0eacdb86d907fc34529e875e43a4d9c573c356cb8894bc40452b3,-0.0001536,-0.0001496,-10.851420514229245,29,112,1344,0.70565,7.568027075998543,7.568029674999707,0.3503,6bb2627b75bbf1c3cc1a35eaf5559aaeee0e0d51,112,28.0,True,1344,0.309754
94a964d5f54041ce0e5989e8,lhs30s2000:17,stage6,12,2,0.0,4.0,4.0,4.0,SUCCESS,True,4.280016,-0.345418,-2.785016,-7.156832,0.004209,0.0,/usr/local/bin/avl:sha256=758a9c634d7bfc26,1.937,0.0,0.47686,False,0.0032189,0.010367983862067779,0.20853,-0.11791,-0.000627,-0.001998,5.4e-05,0.006847,-0.005795,543da140a6d0eacdb86d907fc34529e875e43a4d9c573c356cb8894bc40452b3,-0.0001534,-0.0002863,20.112878528189665,29,112,1344,0.70565,8.427411869000935,8.427413568002521,0.7857,6bb2627b75bbf1c3cc1a35eaf5559aaeee0e0d51,112,28.0,True,1344,0.310292
01dad08c5b7efe413e2b7d42,lhs30s2000:17,stage6,16,2,0.0,-2.0,4.0,4.0,SUCCESS,True,4.255677,-0.350369,-2.756799,-7.120581,0.00492,0.0,/usr/local/bin/avl:sha256=758a9c634d7bfc26,1.937,0.0,0.47686,False,0.0044588,0.012719584061559892,-0.24155,0.17483,-0.000523,-0.00201,3.4e-05,0.006859,-0.005813,543da140a6d0eacdb86d907fc34529e875e43a4d9c573c356cb8894bc40452b3,-0.0001478,-7.377e-05,-18.990400852021022,29,112,1792,0.70565,13.496115768000891,13.496117467999284,0.7674,6bb2627b75bbf1c3cc1a35eaf5559aaeee0e0d51,112,28.0,True,1792,0.308904
4bde8d35ce17d81572516da4,lhs30s2000:17,stage6,16,2,0.0,0.0,4.0,4.0,SUCCESS,True,4.276847,-0.349628,-2.776312,-7.133846,0.003794,0.0,/usr/local/bin/avl:sha256=758a9c634d7bfc26,1.937,0.0,0.47686,False,0.0014061,0.00838263815934384,-0.09259,0.07823,-0.000559,-0.002013,5.9e-05,0.006886,-0.005822,543da140a6d0eacdb86d907fc34529e875e43a4d9c573c356cb8894bc40452b3,-0.0001483,-0.0001417,-11.045448728667013,29,112,1792,0.70565,13.09708240400505,13.097085104003781,0.3576,6bb2627b75bbf1c3cc1a35eaf5559aaeee0e0d51,112,28.0,True,1792,0.309551
385af813bb6ea802840b80e2,lhs30s2000:17,stage6,16,2,0.0,4.0,4.0,4.0,SUCCESS,True,4.279948,-0.345405,-2.783184,-7.151441,0.004222,0.0,/usr/local/bin/avl:sha256=758a9c634d7bfc26,1.937,0.0,0.47686,False,0.0031974,0.010341405887851053,0.20641,-0.11611,-0.000627,-0.002008,5.2e-05,0.006883,-0.005819,543da140a6d0eacdb86d907fc34529e875e43a4d9c573c356cb8894bc40452b3,-0.0001481,-0.0002765,19.959568576888348,29,112,1792,0.70565,12.139334533996589,12.139337433000037,0.7812,6bb2627b75bbf1c3cc1a35eaf5559aaeee0e0d51,112,28.0,True,1792,0.310093
d88e746138f553665354c360,lhs30s2000:17,stage6,24,4,1.0,-2.0,4.0,4.0,SUCCESS,True,4.240039,-0.348493,-2.739656,-7.075492,0.004923,0.0,/usr/local/bin/avl:sha256=758a9c634d7bfc26,1.937,0.0,0.47686,False,0.0045945,0.012855769672693638,-0.24266,0.17541,-0.000511,-0.002006,1.7e-05,0.006854,-0.005807,543da140a6d0eacdb86d907fc34529e875e43a4d9c573c356cb8894bc40452b3,-0.0001461,-7.031e-05,-18.875571527656035,29,224,5376,0.70565,105.76482812099857,105.76483102099883,0.7663,6bb2627b75bbf1c3cc1a35eaf5559aaeee0e0d51,224,28.0,True,5376,0.308116
e0b0ccfbe366943a6cd254ae,lhs30s2000:17,stage6,24,4,1.0,0.0,4.0,4.0,SUCCESS,True,4.26157,-0.347777,-2.75916,-7.088665,0.003806,0.0,/usr/local/bin/avl:sha256=758a9c634d7bfc26,1.937,0.0,0.47686,False,0.0014434,0.00841832539194657,-0.09424,0.07941,-0.000547,-0.002009,4.4e-05,0.006882,-0.005816,543da140a6d0eacdb86d907fc34529e875e43a4d9c573c356cb8894bc40452b3,-0.0001465,-0.0001377,-11.194625488123224,29,224,5376,0.70565,105.45453396199446,105.45453686200199,0.3677,6bb2627b75bbf1c3cc1a35eaf5559aaeee0e0d51,224,28.0,True,5376,0.308742
f880dc6913e561eb980fa6b2,lhs30s2000:17,stage6,24,4,1.0,4.0,4.0,4.0,SUCCESS,True,4.265053,-0.343625,-2.766268,-7.106234,0.004247,0.0,/usr/local/bin/avl:sha256=758a9c634d7bfc26,1.937,0.0,0.47686,False,0.0031696,0.010293133813148891,0.2037,-0.11374,-0.000617,-0.002004,4.1e-05,0.006882,-0.005812,543da140a6d0eacdb86d907fc34529e875e43a4d9c573c356cb8894bc40452b3,-0.0001464,-0.0002714,19.789891368145323,29,224,5376,0.70565,108.3216261829948,108.321628882004,0.775,6bb2627b75bbf1c3cc1a35eaf5559aaeee0e0d51,224,28.0,True,5376,0.309284
7008ba0644a2c7f160346054,lhs30s2000:17,stage6,48,2,1.0,-2.0,4.0,4.0,SUCCESS,True,4.254789,-0.350347,-2.750573,-7.10098,0.00494,0.0,/usr/local/bin/avl:sha256=758a9c634d7bfc26,1.937,0.0,0.47686,False,0.0046437,0.012915084869619963,-0.24287,0.17552,-0.000514,-0.00203,1.3e-05,0.006926,-0.005864,543da140a6d0eacdb86d907fc34529e875e43a4d9c573c356cb8894bc40452b3,-0.0001408,-6.431e-05,-18.80514161941753,29,112,5376,0.70565,108.43732236900541,108.43732527099928,0.7676,6bb2627b75bbf1c3cc1a35eaf5559aaeee0e0d51,112,28.0,True,5376,0.308271
d088a4b57c521be47396cace,lhs30s2000:17,stage6,48,2,1.0,0.0,4.0,4.0,SUCCESS,True,4.276347,-0.349611,-2.770083,-7.114124,0.003811,0.0,/usr/local/bin/avl:sha256=758a9c634d7bfc26,1.937,0.0,0.47686,False,0.0014725,0.008454763803445927,-0.09394,0.07913,-0.000551,-0.002033,4.1e-05,0.006955,-0.005872,543da140a6d0eacdb86d907fc34529e875e43a4d9c573c356cb8894bc40452b3,-0.0001413,-0.0001331,-11.11089584332476,29,112,5376,0.70565,106.9740311209971,106.97403342100006,0.362,6bb2627b75bbf1c3cc1a35eaf5559aaeee0e0d51,112,28.0,True,5376,0.308893
f0a1588c157b6263719647da,lhs30s2000:18,stage6,8,2,0.0,-2.0,4.0,4.0,SUCCESS,True,4.62701,-0.413509,-3.800194,-11.097524,0.00854,0.0,/usr/local/bin/avl:sha256=758a9c634d7bfc26,2.4397,0.0,0.42298,False,0.0053516,0.014356061834140807,-0.30913,0.25858,-0.000949,-0.003942,5.9e-05,0.01336,-0.016117,543da140a6d0eacdb86d907fc34529e875e43a4d9c573c356cb8894bc40452b3,-0.0003335,-0.0001688,-21.53306412102822,29,112,896,0.80903,3.382036427996354,3.3820399289979832,0.7675,6bb2627b75bbf1c3cc1a35eaf5559aaeee0e0d51,112,28.0,True,896,0.347394
effd8f8f031b46433e883db5,lhs30s2000:18,stage6,8,2,0.0,0.0,4.0,4.0,SUCCESS,True,4.649292,-0.411744,-3.827266,-11.11268,0.004773,0.0,/usr/local/bin/avl:sha256=758a9c634d7bfc26,2.4397,0.0,0.42298,False,0.0021215,0.009236265814048138,-0.1472,0.1252,-0.000929,-0.003943,2.6e-05,0.013399,-0.016141,543da140a6d0eacdb86d907fc34529e875e43a4d9c573c356cb8894bc40452b3,-0.0003338,-0.0002671,-15.937176664633485,29,112,896,0.80903,3.614887176998309,3.614890479002497,0.445,6bb2627b75bbf1c3cc1a35eaf5559aaeee0e0d51,112,28.0,True,896,0.348192
f1923a69d11f4e49c8f8e283,lhs30s2000:18,stage6,8,2,0.0,4.0,4.0,4.0,SUCCESS,True,4.656617,-0.407288,-3.838647,-11.134626,0.003685,0.0,/usr/local/bin/avl:sha256=758a9c634d7bfc26,2.4397,0.0,0.42298,False,0.0024398,0.009734166717825012,0.17793,-0.14275,-0.000883,-0.003923,-3.3e-05,0.013373,-0.016092,543da140a6d0eacdb86d907fc34529e875e43a4d9c573c356cb8894bc40452b3,-0.0003321,-0.0004608,18.278914380434653,29,112,896,0.80903,3.5490668000056758,3.549069999004132,0.5482,6bb2627b75bbf1c3cc1a35eaf5559aaeee0e0d51,112,28.0,True,896,0.348678
415083691428b2efc5f22b2c,lhs30s2000:18,stage6,12,2,0.0,-2.0,4.0,4.0,SUCCESS,True,4.626269,-0.413539,-3.796423,-11.088159,0.008612,0.0,/usr/local/bin/avl:sha256=758a9c634d7bfc26,2.4397,0.0,0.42298,False,0.005532,0.014581345647599667,-0.31376,0.26189,-0.000944,-0.004011,3.6e-05,0.013595,-0.016381,543da140a6d0eacdb86d907fc34529e875e43a4d9c573c356cb8894bc40452b3,-0.0003158,-0.0001409,-21.51790428557944,29,112,1344,0.80903,8.364652721000311,8.36465541999496,0.7633,6bb2627b75bbf1c3cc1a35eaf5559aaeee0e0d51,112,28.0,True,1344,0.347105
81a4f2cc1b9fa33b31a2e3d1,lhs30s2000:18,stage6,12,2,0.0,0.0,4.0,4.0,SUCCESS,True,4.648746,-0.411726,-3.823207,-11.102007,0.004808,0.0,/usr/local/bin/avl:sha256=758a9c634d7bfc26,2.4397,0.0,0.42298,False,0.0022233,0.009354338463452969,-0.15184,0.12864,-0.000928,-0.004012,9e-06,0.013636,-0.016403,543da140a6d0eacdb86d907fc34529e875e43a4d9c573c356cb8894bc40452b3,-0.0003161,-0.0002403,-16.232040415603187,29,112,1344,0.80903,7.836548922001384,7.836551620996033,0.4481,6bb2627b75bbf1c3cc1a35eaf5559aaeee0e0d51,112,28.0,True,1344,0.347864
86a52ee467204555abc307d8,lhs30s2000:18,stage6,12,2,0.0,4.0,4.0,4.0,SUCCESS,True,4.656338,-0.407234,-3.834643,-11.122827,0.003704,0.0,/usr/local/bin/avl:sha256=758a9c634d7bfc26,2.4397,0.0,0.42298,False,0.0024268,0.009710401105964966,0.17326,-0.13902,-0.000887,-0.003992,-4.3e-05,0.013612,-0.016351,543da140a6d0eacdb86d907fc34529e875e43a4d9c573c356cb8894bc40452b3,-0.0003145,-0.0004366,17.84272329322923,29,112,1344,0.80903,8.069617849003407,8.069620046997443,0.5264,6bb2627b75bbf1c3cc1a35eaf5559aaeee0e0d51,112,28.0,True,1344,0.348335
58904fa84cb79abf71e5997b,lhs30s2000:18,stage6,16,2,0.0,-2.0,4.0,4.0,SUCCESS,True,4.625902,-0.413548,-3.794428,-11.082186,0.008642,0.0,/usr/local/bin/avl:sha256=758a9c634d7bfc26,2.4397,0.0,0.42298,False,0.0056259,0.014692949181114393,-0.31581,0.2635,-0.000941,-0.004047,2.3e-05,0.013716,-0.016516,543da140a6d0eacdb86d907fc34529e875e43a4d9c573c356cb8894bc40452b3,-0.0003067,-0.0001264,-21.49398300553077,29,112,1792,0.80903,12.944624237003154,12.944626937001885,0.761,6bb2627b75bbf1c3cc1a35eaf5559aaeee0e0d51,112,28.0,True,1792,0.34695
df32f3ecae784d657ecc17cc,lhs30s2000:18,stage6,16,2,0.0,0.0,4.0,4.0,SUCCESS,True,4.648507,-0.411716,-3.8211,-11.095467,0.004825,0.0,/usr/local/bin/avl:sha256=758a9c634d7bfc26,2.4397,0.0,0.42298,False,0.0022757,0.00941480408557935,-0.1539,0.13032,-0.000926,-0.004047,-1e-06,0.013758,-0.016537,543da140a6d0eacdb86d907fc34529e875e43a4d9c573c356cb8894bc40452b3,-0.0003071,-0.0002261,-16.346596126809324,29,112,1792,0.80903,13.140688598999986,13.14069159799692,0.449,6bb2627b75bbf1c3cc1a35eaf5559aaeee0e0d51,112,28.0,True,1792,0.34769
7a3577a6e0ea27e0df429cb0,lhs30s2000:18,stage6,16,2,0.0,4.0,4.0,4.0,SUCCESS,True,4.656272,-0.40721,-3.832613,-11.115865,0.003716,0.0,/usr/local/bin/avl:sha256=758a9c634d7bfc26,2.4397,0.0,0.42298,False,0.0024232,0.0097021617962593,0.17119,-0.1372,-0.000889,-0.004027,-4.9e-05,0.013735,-0.016483,543da140a6d0eacdb86d907fc34529e875e43a4d9c573c356cb8894bc40452b3,-0.0003055,-0.0004232,17.6445212515424,29,112,1792,0.80903,12.813105124994763,12.813107524998486,0.5164,6bb2627b75bbf1c3cc1a35eaf5559aaeee0e0d51,112,28.0,True,1792,0.348156
d43214c1a79a2e4dee59661f,lhs30s2000:18,stage6,24,4,1.0,-2.0,4.0,4.0,SUCCESS,True,4.615069,-0.410835,-3.776228,-11.021502,0.008634,0.0,/usr/local/bin/avl:sha256=758a9c634d7bfc26,2.4397,0.0,0.42298,False,0.0057436,0.014853341168730948,-0.31748,0.26467,-0.000899,-0.004032,-1.4e-05,0.013662,-0.016454,543da140a6d0eacdb86d907fc34529e875e43a4d9c573c356cb8894bc40452b3,-0.0002994,-0.0001159,-21.37431547511711,29,224,5376,0.80903,99.89479241200024,99.89479661200312,0.7622,6bb2627b75bbf1c3cc1a35eaf5559aaeee0e0d51,224,28.0,True,5376,0.346096
415c372fd2e52b8991dd16d6,lhs30s2000:18,stage6,24,4,1.0,0.0,4.0,4.0,SUCCESS,True,4.637981,-0.409017,-3.80268,-11.034031,0.004824,0.0,/usr/local/bin/avl:sha256=758a9c634d7bfc26,2.4397,0.0,0.42298,False,0.0023193,0.00947752649239996,-0.15595,0.13212,-0.000887,-0.004033,-3.3e-05,0.013708,-0.016473,543da140a6d0eacdb86d907fc34529e875e43a4d9c573c356cb8894bc40452b3,-0.0002998,-0.0002144,-16.454715280939233,29,224,5376,0.80903,104.26088643800176,104.26089013800083,0.4568,6bb2627b75bbf1c3cc1a35eaf5559aaeee0e0d51,224,28.0,True,5376,0.346799
ab7f976f5430522e1e377bb7,lhs30s2000:18,stage6,24,4,1.0,4.0,4.0,4.0,SUCCESS,True,4.646157,-0.404589,-3.81452,-11.054458,0.003706,0.0,/usr/local/bin/avl:sha256=758a9c634d7bfc26,2.4397,0.0,0.42298,False,0.0023998,0.009682460580837283,0.16842,-0.13413,-0.000857,-0.004013,-7.3e-05,0.013689,-0.016418,543da140a6d0eacdb86d907fc34529e875e43a4d9c573c356cb8894bc40452b3,-0.0002983,-0.0004091,17.39433882471185,29,224,5376,0.80903,108.12156402300025,108.12156742300431,0.5079,6bb2627b75bbf1c3cc1a35eaf5559aaeee0e0d51,224,28.0,True,5376,0.347267
59f3cdcf1bae0262d641dd01,lhs30s2000:18,stage6,48,2,1.0,-2.0,4.0,4.0,SUCCESS,True,4.624808,-0.413524,-3.787806,-11.057764,0.008658,0.0,/usr/local/bin/avl:sha256=758a9c634d7bfc26,2.4397,0.0,0.42298,False,0.0058028,0.014867632751830926,-0.31683,0.26389,-0.000901,-0.004102,-2.6e-05,0.013902,-0.016725,543da140a6d0eacdb86d907fc34529e875e43a4d9c573c356cb8894bc40452b3,-0.0002902,-0.0001058,-21.310050180045163,29,112,5376,0.80903,106.5206241909982,106.52062728799501,0.7585,6bb2627b75bbf1c3cc1a35eaf5559aaeee0e0d51,112,28.0,True,5376,0.346427
2d726c0b24abc7be65271562,lhs30s2000:18,stage6,48,2,1.0,0.0,4.0,4.0,SUCCESS,True,4.647705,-0.411681,-3.814252,-11.070385,0.004834,0.0,/usr/local/bin/avl:sha256=758a9c634d7bfc26,2.4397,0.0,0.42298,False,0.0023572,0.009500590361040498,-0.15496,0.13093,-0.000891,-0.004103,-4.5e-05,0.01395,-0.016745,543da140a6d0eacdb86d907fc34529e875e43a4d9c573c356cb8894bc40452b3,-0.0002905,-0.0002051,-16.310565355543744,29,112,5376,0.80903,108.81942878499831,108.81943198399676,0.4475,6bb2627b75bbf1c3cc1a35eaf5559aaeee0e0d51,112,28.0,True,5376,0.347127
d18a7021c98e91558dd2ded4,lhs30s2000:19,stage6,8,2,0.0,-2.0,4.0,4.0,SUCCESS,True,3.795212,-0.31038,-2.116233,-5.467607,0.00402,0.0,/usr/local/bin/avl:sha256=758a9c634d7bfc26,1.9774,0.0,0.60024,False,0.0047645,0.012148143723078592,-0.22478,0.13503,-0.000392,-0.002774,-9e-06,0.011342,-0.009559,543da140a6d0eacdb86d907fc34529e875e43a4d9c573c356cb8894bc40452b3,-0.0002509,-0.0001855,-18.503238447284033,29,112,896,1.0205,3.3345918060003896,3.3345948069982114,0.8705,6bb2627b75bbf1c3cc1a35eaf5559aaeee0e0d51,112,28.0,True,896,0.334698
6d97346f3a86c27cd9423dc6,lhs30s2000:19,stage6,8,2,0.0,0.0,4.0,4.0,SUCCESS,True,3.814198,-0.310352,-2.129911,-5.476353,0.00215,0.0,/usr/local/bin/avl:sha256=758a9c634d7bfc26,1.9774,0.0,0.60024,False,0.0013368,0.007699278222878019,-0.09193,0.06088,-0.000455,-0.002782,6e-06,0.011398,-0.009591,543da140a6d0eacdb86d907fc34529e875e43a4d9c573c356cb8894bc40452b3,-0.0002519,-0.0002157,-11.940080269710817,29,112,896,1.0205,3.332261841998843,3.332264443000895,0.5259,6bb2627b75bbf1c3cc1a35eaf5559aaeee0e0d51,112,28.0,True,896,0.335185
b22ad715da9a5ddc04b480fa,lhs30s2000:19,stage6,8,2,0.0,4.0,4.0,4.0,SUCCESS,True,3.81271,-0.307252,-2.129172,-5.479562,0.003732,0.0,/usr/local/bin/avl:sha256=758a9c634d7bfc26,1.9774,0.0,0.60024,False,0.0030132,0.009315415765215608,0.1746,-0.08801,-0.000579,-0.00278,3.4e-05,0.011408,-0.009592,543da140a6d0eacdb86d907fc34529e875e43a4d9c573c356cb8894bc40452b3,-0.0002519,-0.0002746,18.743124773020675,29,112,896,1.0205,3.2336714880002546,3.2336738890007837,0.8161,6bb2627b75bbf1c3cc1a35eaf5559aaeee0e0d51,112,28.0,True,896,0.335199
7dada69b909751ab4982e273,lhs30s2000:19,stage6,12,2,0.0,-2.0,4.0,4.0,SUCCESS,True,3.795261,-0.310452,-2.113051,-5.462893,0.004023,0.0,/usr/local/bin/avl:sha256=758a9c634d7bfc26,1.9774,0.0,0.60024,False,0.0049151,0.012289762468230672,-0.22743,0.13612,-0.000397,-0.002891,-2e-05,0.011822,-0.009951,543da140a6d0eacdb86d907fc34529e875e43a4d9c573c356cb8894bc40452b3,-0.0002626,-0.0001519,-18.50564651578189,29,112,1344,1.0205,7.55827087599755,7.558274476003135,0.8612,6bb2627b75bbf1c3cc1a35eaf5559aaeee0e0d51,112,28.0,True,1344,0.33419
ed2bc875ccb3ca5a7afd2071,lhs30s2000:19,stage6,12,2,0.0,0.0,4.0,4.0,SUCCESS,True,3.814237,-0.310388,-2.12661,-5.471257,0.002144,0.0,/usr/local/bin/avl:sha256=758a9c634d7bfc26,1.9774,0.0,0.60024,False,0.0014232,0.007789686850045798,-0.09458,0.06209,-0.000465,-0.002899,-1e-06,0.011881,-0.009984,543da140a6d0eacdb86d907fc34529e875e43a4d9c573c356cb8894bc40452b3,-0.0002636,-0.0001934,-12.141694758813562,29,112,1344,1.0205,7.554383610993682,7.554386711999541,0.516,6bb2627b75bbf1c3cc1a35eaf5559aaeee0e0d51,112,28.0,True,1344,0.334662
96fb11af02caf74f37bbe5e8,lhs30s2000:19,stage6,12,2,0.0,4.0,4.0,4.0,SUCCESS,True,3.81256,-0.307197,-2.125697,-5.473749,0.003715,0.0,/usr/local/bin/avl:sha256=758a9c634d7bfc26,1.9774,0.0,0.60024,False,0.0030274,0.009326558564271042,0.17195,-0.08657,-0.000598,-0.002897,3.4e-05,0.011892,-0.009985,543da140a6d0eacdb86d907fc34529e875e43a4d9c573c356cb8894bc40452b3,-0.0002637,-0.0002751,18.436596823475746,29,112,1344,1.0205,7.713374022998323,7.7133769240026595,0.7967,6bb2627b75bbf1c3cc1a35eaf5559aaeee0e0d51,112,28.0,True,1344,0.334665
bfd8b4971d87faf17ca34b3f,lhs30s2000:19,stage6,16,2,0.0,-2.0,4.0,4.0,SUCCESS,True,3.795232,-0.310475,-2.111373,-5.459389,0.004046,0.0,/usr/local/bin/avl:sha256=758a9c634d7bfc26,1.9774,0.0,0.60024,False,0.0049941,0.012368852581895365,-0.22877,0.13693,-0.000396,-0.002937,-2.5e-05,0.012011,-0.010096,543da140a6d0eacdb86d907fc34529e875e43a4d9c573c356cb8894bc40452b3,-0.0002436,-0.0001151,-18.495652566419704,29,112,1792,1.0205,14.291301592005766,14.291304593003588,0.8578,6bb2627b75bbf1c3cc1a35eaf5559aaeee0e0d51,112,28.0,True,1792,0.333928
2cf754e45ed2f625dbef9928,lhs30s2000:19,stage6,16,2,0.0,0.0,4.0,4.0,SUCCESS,True,3.814231,-0.310397,-2.124944,-5.467679,0.002147,0.0,/usr/local/bin/avl:sha256=758a9c634d7bfc26,1.9774,0.0,0.60024,False,0.0014658,0.00783542228558074,-0.09592,0.06295,-0.000466,-0.002945,-5e-06,0.012072,-0.010129,543da140a6d0eacdb86d907fc34529e875e43a4d9c573c356cb8894bc40452b3,-0.0002445,-0.0001603,-12.241841792818022,29,112,1792,1.0205,12.976474753995717,12.976477254000201,0.5136,6bb2627b75bbf1c3cc1a35eaf5559aaeee0e0d51,112,28.0,True,1792,0.3344
33f0a8ff0de6107161ddb77f,lhs30s2000:19,stage6,16,2,0.0,4.0,4.0,4.0,SUCCESS,True,3.812503,-0.307169,-2.124004,-5.469867,0.003716,0.0,/usr/local/bin/avl:sha256=758a9c634d7bfc26,1.9774,0.0,0.60024,False,0.0030288,0.009326233406455883,0.17061,-0.08559,-0.000604,-0.002943,3.3e-05,0.012084,-0.010131,543da140a6d0eacdb86d907fc34529e875e43a4d9c573c356cb8894bc40452b3,-0.0002446,-0.0002495,18.293558885401577,29,112,1792,1.0205,12.2441821839966,12.244184183997277,0.7882,6bb2627b75bbf1c3cc1a35eaf5559aaeee0e0d51,112,28.0,True,1792,0.334403
ea55185e03a2dc22329e952c,lhs30s2000:19,stage6,24,4,1.0,-2.0,4.0,4.0,SUCCESS,True,3.78451,-0.308205,-2.098216,-5.427215,0.004042,0.0,/usr/local/bin/avl:sha256=758a9c634d7bfc26,1.9774,0.0,0.60024,False,0.005119,0.012487858900991168,-0.22966,0.13723,-0.000376,-0.002936,-4.2e-05,0.012016,-0.010085,543da140a6d0eacdb86d907fc34529e875e43a4d9c573c356cb8894bc40452b3,-0.0002335,-9.838e-05,-18.390662628464817,29,224,5376,1.0205,104.33655436799745,104.33655766799347,0.8557,6bb2627b75bbf1c3cc1a35eaf5559aaeee0e0d51,224,28.0,True,5376,0.332787
3f30d71e2e1d95da8073c234,lhs30s2000:19,stage6,24,4,1.0,0.0,4.0,4.0,SUCCESS,True,3.803687,-0.30814,-2.111734,-5.43537,0.002157,0.0,/usr/local/bin/avl:sha256=758a9c634d7bfc26,1.9774,0.0,0.60024,False,0.0015158,0.007884008183655707,-0.09719,0.06372,-0.000449,-0.002945,-2e-05,0.01208,-0.010118,543da140a6d0eacdb86d907fc34529e875e43a4d9c573c356cb8894bc40452b3,-0.0002344,-0.0001425,-12.327485935578308,29,224,5376,1.0205,106.29338704499969,106.29339154500485,0.5183,6bb2627b75bbf1c3cc1a35eaf5559aaeee0e0d51,224,28.0,True,5376,0.333242
11f274ffcc099743efa071e7,lhs30s2000:19,stage6,24,4,1.0,4.0,4.0,4.0,SUCCESS,True,3.8021,-0.304937,-2.110896,-5.437454,0.003726,0.0,/usr/local/bin/avl:sha256=758a9c634d7bfc26,1.9774,0.0,0.60024,False,0.0030137,0.009303219577033253,0.16861,-0.0839,-0.000591,-0.002943,2.3e-05,0.012095,-0.010119,543da140a6d0eacdb86d907fc34529e875e43a4d9c573c356cb8894bc40452b3,-0.0002346,-0.0002295,18.123833217507357,29,224,5376,1.0205,105.57219062300283,105.57219702200382,0.7787,6bb2627b75bbf1c3cc1a35eaf5559aaeee0e0d51,224,28.0,True,5376,0.333249
775e9246ae79f5067e04c22f,lhs30s2000:19,stage6,48,2,1.0,-2.0,4.0,4.0,SUCCESS,True,3.794755,-0.310469,-2.105991,-5.443824,0.004052,0.0,/usr/local/bin/avl:sha256=758a9c634d7bfc26,1.9774,0.0,0.60024,False,0.0051615,0.012523672537428957,-0.22914,0.1368,-0.000377,-0.003001,-4.9e-05,0.012275,-0.01028,543da140a6d0eacdb86d907fc34529e875e43a4d9c573c356cb8894bc40452b3,-0.0002257,-8.737e-05,-18.296549938939975,29,112,5376,1.0205,105.81113111299783,105.8111341210024,0.853,6bb2627b75bbf1c3cc1a35eaf5559aaeee0e0d51,112,28.0,True,5376,0.333118
e8f376a99214aeccbfcf15af,lhs30s2000:19,stage6,48,2,1.0,0.0,4.0,4.0,SUCCESS,True,3.81389,-0.310382,-2.11943,-5.451874,0.002156,0.0,/usr/local/bin/avl:sha256=758a9c634d7bfc26,1.9774,0.0,0.60024,False,0.0015479,0.007916209555569802,-0.09631,0.06301,-0.000452,-0.00301,-2.5e-05,0.01234,-0.010314,543da140a6d0eacdb86d907fc34529e875e43a4d9c573c356cb8894bc40452b3,-0.0002266,-0.0001328,-12.166176163469146,29,112,5376,1.0205,106.70047581400286,106.70048021899856,0.5054,6bb2627b75bbf1c3cc1a35eaf5559aaeee0e0d51,112,28.0,True,5376,0.333562
057d5b62e9b8bf531827529e,lhs30s2000:20,stage6,8,2,0.0,-2.0,4.0,4.0,SUCCESS,True,3.748771,-0.300967,-1.965659,-4.844527,0.003447,0.0,/usr/local/bin/avl:sha256=758a9c634d7bfc26,1.9066,0.0,0.61083,False,0.0029401,0.009697530140830926,-0.15326,0.0935,-0.000618,-0.002391,0.0001,0.00939,-0.006545,543da140a6d0eacdb86d907fc34529e875e43a4d9c573c356cb8894bc40452b3,-0.0001219,-0.0001269,-15.804024094207975,29,112,896,0.92951,3.387425203996827,3.3874276040005498,0.6453,6bb2627b75bbf1c3cc1a35eaf5559aaeee0e0d51,112,28.0,True,896,0.320285
dc8da9e1de9d2399f22ba8b0,lhs30s2000:20,stage6,8,2,0.0,0.0,4.0,4.0,SUCCESS,True,3.766531,-0.300348,-1.980336,-4.858208,0.00282,0.0,/usr/local/bin/avl:sha256=758a9c634d7bfc26,1.9066,0.0,0.61083,False,0.0008903,0.007055142604031653,-0.02206,0.0246,-0.000701,-0.0024,0.00013,0.009435,-0.006571,543da140a6d0eacdb86d907fc34529e875e43a4d9c573c356cb8894bc40452b3,-0.0001224,-0.0001489,-3.1267971801723524,29,112,896,0.92951,3.2970638780025183,3.2970665770044434,0.045,6bb2627b75bbf1c3cc1a35eaf5559aaeee0e0d51,112,28.0,True,896,0.321155
c9e955265c0e8b28f0af27ea,lhs30s2000:20,stage6,8,2,0.0,4.0,4.0,4.0,SUCCESS,True,3.763619,-0.295529,-1.983904,-4.873272,0.004417,0.0,/usr/local/bin/avl:sha256=758a9c634d7bfc26,1.9066,0.0,0.61083,False,0.0050376,0.011563439752479598,0.24109,-0.11398,-0.00086,-0.002401,0.000159,0.009444,-0.006585,543da140a6d0eacdb86d907fc34529e875e43a4d9c573c356cb8894bc40452b3,-0.0001227,-0.000192,20.849332478971238,29,112,896,0.92951,3.4636576320044696,3.463660531997448,0.9015,6bb2627b75bbf1c3cc1a35eaf5559aaeee0e0d51,112,28.0,True,896,0.321982
562d9cf3649fa66f529c4e0d,lhs30s2000:20,stage6,12,2,0.0,-2.0,4.0,4.0,SUCCESS,True,3.749142,-0.30106,-1.962559,-4.839647,0.003468,0.0,/usr/local/bin/avl:sha256=758a9c634d7bfc26,1.9066,0.0,0.61083,False,0.0030772,0.009834975483918259,-0.15581,0.09487,-0.000637,-0.002483,9.7e-05,0.009752,-0.006788,543da140a6d0eacdb86d907fc34529e875e43a4d9c573c356cb8894bc40452b3,-0.00013,-0.0001298,-15.842439084344848,29,112,1344,0.92951,7.620534661997226,7.620536362002895,0.6348,6bb2627b75bbf1c3cc1a35eaf5559aaeee0e0d51,112,28.0,True,1344,0.319748
2f500ff2d68c231350bea0e6,lhs30s2000:20,stage6,12,2,0.0,0.0,4.0,4.0,SUCCESS,True,3.766749,-0.3004,-1.977108,-4.852905,0.002826,0.0,/usr/local/bin/avl:sha256=758a9c634d7bfc26,1.9066,0.0,0.61083,False,0.0009624,0.007137300175080635,-0.02459,0.02608,-0.000722,-0.002491,0.000129,0.0098,-0.006814,543da140a6d0eacdb86d907fc34529e875e43a4d9c573c356cb8894bc40452b3,-0.0001306,-0.0001571,-3.445280343659105,29,112,1344,0.92951,8.116796692003845,8.116798491995723,0.051,6bb2627b75bbf1c3cc1a35eaf5559aaeee0e0d51,112,28.0,True,1344,0.320613
e066912a7891afab98dc96cb,lhs30s2000:20,stage6,12,2,0.0,4.0,4.0,4.0,SUCCESS,True,3.763293,-0.295502,-1.980462,-4.867131,0.004402,0.0,/usr/local/bin/avl:sha256=758a9c634d7bfc26,1.9066,0.0,0.61083,False,0.0050586,0.011580714284019664,0.23856,-0.11227,-0.000887,-0.002493,0.000163,0.00981,-0.006828,543da140a6d0eacdb86d907fc34529e875e43a4d9c573c356cb8894bc40452b3,-0.0001309,-0.0002106,20.599765623195726,29,112,1344,0.92951,7.991755668001133,7.991758468000626,0.8913,6bb2627b75bbf1c3cc1a35eaf5559aaeee0e0d51,112,28.0,True,1344,0.321451
1a23ad17388c4104d5f8b88b,lhs30s2000:20,stage6,16,2,0.0,-2.0,4.0,4.0,SUCCESS,True,3.749379,-0.301104,-1.961041,-4.836349,0.00348,0.0,/usr/local/bin/avl:sha256=758a9c634d7bfc26,1.9066,0.0,0.61083,False,0.003148,0.009906058249944486,-0.15693,0.09564,-0.000644,-0.002526,9.4e-05,0.009923,-0.0069,543da140a6d0eacdb86d907fc34529e875e43a4d9c573c356cb8894bc40452b3,-0.0001282,-0.0001247,-15.841820837352682,29,112,1792,0.92951,12.636734202002117,12.636736000997189,0.63,6bb2627b75bbf1c3cc1a35eaf5559aaeee0e0d51,112,28.0,True,1792,0.31948
d7e8e1d487091850dfb9766f,lhs30s2000:20,stage6,16,2,0.0,0.0,4.0,4.0,SUCCESS,True,3.76693,-0.300427,-1.975545,-4.849424,0.002832,0.0,/usr/local/bin/avl:sha256=758a9c634d7bfc26,1.9066,0.0,0.61083,False,0.0010001,0.00717961721039555,-0.02571,0.02691,-0.000731,-0.002535,0.000128,0.009972,-0.006927,543da140a6d0eacdb86d907fc34529e875e43a4d9c573c356cb8894bc40452b3,-0.0001288,-0.0001544,-3.5809708577184085,29,112,1792,0.92951,12.792136708005273,12.792139707999013,0.0536,6bb2627b75bbf1c3cc1a35eaf5559aaeee0e0d51,112,28.0,True,1792,0.320344
f4f715850f957fc0a057f90f,lhs30s2000:20,stage6,16,2,0.0,4.0,4.0,4.0,SUCCESS,True,3.76323,-0.295494,-1.978832,-4.863291,0.004401,0.0,/usr/local/bin/avl:sha256=758a9c634d7bfc26,1.9066,0.0,0.61083,False,0.0050743,0.011594898465935055,0.23745,-0.11133,-0.000899,-0.002536,0.000165,0.009983,-0.006941,543da140a6d0eacdb86d907fc34529e875e43a4d9c573c356cb8894bc40452b3,-0.000129,-0.000213,20.478833919728608,29,112,1792,0.92951,12.96502374800184,12.965027033998922,0.8864,6bb2627b75bbf1c3cc1a35eaf5559aaeee0e0d51,112,28.0,True,1792,0.321192
d780dc0ea78b807f65d3385f,lhs30s2000:20,stage6,24,4,1.0,-2.0,4.0,4.0,SUCCESS,True,3.740337,-0.299019,-1.950666,-4.813285,0.00352,0.0,/usr/local/bin/avl:sha256=758a9c634d7bfc26,1.9066,0.0,0.61083,False,0.0032293,0.009995788153929392,-0.15805,0.09614,-0.000635,-0.002523,7.9e-05,0.00992,-0.006895,543da140a6d0eacdb86d907fc34529e875e43a4d9c573c356cb8894bc40452b3,-0.000122,-0.0001163,-15.811659627647249,29,224,5376,0.92951,102.92383218600298,102.92383438300021,0.6306,6bb2627b75bbf1c3cc1a35eaf5559aaeee0e0d51,224,28.0,True,5376,0.318558
36a2b86cc3ddba043d52c37d,lhs30s2000:20,stage6,24,4,1.0,0.0,4.0,4.0,SUCCESS,True,3.758021,-0.298346,-1.965132,-4.826264,0.00286,0.0,/usr/local/bin/avl:sha256=758a9c634d7bfc26,1.9066,0.0,0.61083,False,0.0010226,0.0072088816557456525,-0.02714,0.02777,-0.000722,-0.002532,0.000115,0.009972,-0.006922,543da140a6d0eacdb86d907fc34529e875e43a4d9c573c356cb8894bc40452b3,-0.0001226,-0.0001465,-3.7648003249392734,29,224,5376,0.92951,106.86202956099442,106.86203315600142,0.0591,6bb2627b75bbf1c3cc1a35eaf5559aaeee0e0d51,224,28.0,True,5376,0.319411
719ee0c106cba76d728544b1,lhs30s2000:20,stage6,24,4,1.0,4.0,4.0,4.0,SUCCESS,True,3.754365,-0.293446,-1.96847,-4.839977,0.00443,0.0,/usr/local/bin/avl:sha256=758a9c634d7bfc26,1.9066,0.0,0.61083,False,0.0050631,0.011582034099737296,0.23539,-0.10974,-0.000892,-0.002534,0.000156,0.009987,-0.006935,543da140a6d0eacdb86d907fc34529e875e43a4d9c573c356cb8894bc40452b3,-0.0001229,-0.000206,20.3237184395217,29,224,5376,0.92951,107.52781355999468,107.52781725800014,0.8808,6bb2627b75bbf1c3cc1a35eaf5559aaeee0e0d51,224,28.0,True,5376,0.320265
c78c37e623d75d685c6fbbbf,lhs30s2000:20,stage6,48,2,1.0,-2.0,4.0,4.0,SUCCESS,True,3.749587,-0.301147,-1.95616,-4.822531,0.003515,0.0,/usr/local/bin/avl:sha256=758a9c634d7bfc26,1.9066,0.0,0.61083,False,0.0032782,0.010033017709035374,-0.15741,0.09575,-0.000646,-0.00258,7.6e-05,0.010132,-0.007028,543da140a6d0eacdb86d907fc34529e875e43a4d9c573c356cb8894bc40452b3,-0.0001169,-0.0001111,-15.689197862996117,29,112,5376,0.92951,109.75602313800482,109.75602553800127,0.6252,6bb2627b75bbf1c3cc1a35eaf5559aaeee0e0d51,112,28.0,True,5376,0.318668
4374fcc8ca472eb39c219b51,lhs30s2000:20,stage6,48,2,1.0,0.0,4.0,4.0,SUCCESS,True,3.767197,-0.300456,-1.970551,-4.835374,0.002855,0.0,/usr/local/bin/avl:sha256=758a9c634d7bfc26,1.9066,0.0,0.61083,False,0.0010573,0.007238854315420003,-0.02618,0.02719,-0.000735,-0.002589,0.000113,0.010186,-0.007055,543da140a6d0eacdb86d907fc34529e875e43a4d9c573c356cb8894bc40452b3,-0.0001175,-0.0001416,-3.616594402823124,29,112,5376,0.92951,111.39048676299717,111.3904890729973,0.0539,6bb2627b75bbf1c3cc1a35eaf5559aaeee0e0d51,112,28.0,True,5376,0.319511
a33a872b705cfdd6181bea5b,lhs30s2000:21,stage6,8,2,0.0,-2.0,4.0,4.0,SUCCESS,True,3.535645,-0.277305,-1.904414,-4.809933,0.002352,0.0,/usr/local/bin/avl:sha256=758a9c634d7bfc26,1.8852,0.0,0.66939,False,0.004671,0.011866170716459404,-0.20324,0.11833,-0.00032,-0.002837,-5.4e-05,0.011956,-0.008674,543da140a6d0eacdb86d907fc34529e875e43a4d9c573c356cb8894bc40452b3,-0.0003102,-0.0002162,-17.127682118890178,29,112,896,1.0299,3.4007279659999767,3.4007307660067454,0.8131,6bb2627b75bbf1c3cc1a35eaf5559aaeee0e0d51,112,28.0,True,896,0.360555
9b9b4fa92f06330559cdfe38,lhs30s2000:21,stage6,8,2,0.0,0.0,4.0,4.0,SUCCESS,True,3.552827,-0.277264,-1.916299,-4.816847,0.001622,0.0,/usr/local/bin/avl:sha256=758a9c634d7bfc26,1.8852,0.0,0.66939,False,0.0013681,0.007595472505986136,-0.07948,0.05162,-0.000447,-0.002847,-4e-06,0.012023,-0.008709,543da140a6d0eacdb86d907fc34529e875e43a4d9c573c356cb8894bc40452b3,-0.0003117,-0.000295,-10.464128457756948,29,112,896,1.0299,3.340810155001236,3.3408124549969216,0.429,6bb2627b75bbf1c3cc1a35eaf5559aaeee0e0d51,112,28.0,True,896,0.36105
524c534172e21ca0ae9bacc6,lhs30s2000:21,stage6,8,2,0.0,4.0,4.0,4.0,SUCCESS,True,3.549319,-0.273515,-1.914756,-4.817768,0.003491,0.0,/usr/local/bin/avl:sha256=758a9c634d7bfc26,1.8852,0.0,0.66939,False,0.0030825,0.009161328647456054,0.16872,-0.08231,-0.0007,-0.002849,8.4e-05,0.012052,-0.008724,543da140a6d0eacdb86d907fc34529e875e43a4d9c573c356cb8894bc40452b3,-0.0003123,-0.0004506,18.41654267548307,29,112,896,1.0299,3.294423794002796,3.294426193999243,0.8127,6bb2627b75bbf1c3cc1a35eaf5559aaeee0e0d51,112,28.0,True,896,0.361116
8df311f2618e97e8c599289e,lhs30s2000:21,stage6,12,2,0.0,-2.0,4.0,4.0,SUCCESS,True,3.535924,-0.277387,-1.901607,-4.80571,0.002352,0.0,/usr/local/bin/avl:sha256=758a9c634d7bfc26,1.8852,0.0,0.66939,False,0.0048172,0.012017359955601353,-0.20598,0.11995,-0.000317,-0.002891,-6.6e-05,0.012187,-0.008813,543da140a6d0eacdb86d907fc34529e875e43a4d9c573c356cb8894bc40452b3,-0.0002867,-0.0001821,-17.140203901772257,29,112,1344,1.0299,7.998519086999295,7.998521086999972,0.8078,6bb2627b75bbf1c3cc1a35eaf5559aaeee0e0d51,112,28.0,True,1344,0.359995
5f2f22aa2b100abc222c8780,lhs30s2000:21,stage6,12,2,0.0,0.0,4.0,4.0,SUCCESS,True,3.553132,-0.277322,-1.913453,-4.812328,0.00162,0.0,/usr/local/bin/avl:sha256=758a9c634d7bfc26,1.8852,0.0,0.66939,False,0.0014371,0.00767486034203324,-0.08222,0.05334,-0.000448,-0.002901,-1.3e-05,0.012257,-0.008849,543da140a6d0eacdb86d907fc34529e875e43a4d9c573c356cb8894bc40452b3,-0.000288,-0.0002664,-10.712898520081488,29,112,1344,1.0299,8.187315974995727,8.18731797500368,0.4308,6bb2627b75bbf1c3cc1a35eaf5559aaeee0e0d51,112,28.0,True,1344,0.360483
bc096de9b878d45ea22b2074,lhs30s2000:21,stage6,12,2,0.0,4.0,4.0,4.0,SUCCESS,True,3.549445,-0.273527,-1.911877,-4.812679,0.003493,0.0,/usr/local/bin/avl:sha256=758a9c634d7bfc26,1.8852,0.0,0.66939,False,0.0030728,0.009148049322796248,0.166,-0.08039,-0.000707,-0.002904,8.1e-05,0.012289,-0.008865,543da140a6d0eacdb86d907fc34529e875e43a4d9c573c356cb8894bc40452b3,-0.0002886,-0.0004333,18.145945014347543,29,112,1344,1.0299,7.691788233998523,7.691790333999961,0.7994,6bb2627b75bbf1c3cc1a35eaf5559aaeee0e0d51,112,28.0,True,1344,0.36056
44396bff6d3ec4eba04bf1db,lhs30s2000:21,stage6,16,2,0.0,-2.0,4.0,4.0,SUCCESS,True,3.536149,-0.27743,-1.90025,-4.802827,0.002357,0.0,/usr/local/bin/avl:sha256=758a9c634d7bfc26,1.8852,0.0,0.66939,False,0.0048945,0.012095407631291358,-0.20717,0.1208,-0.000315,-0.002919,-7.3e-05,0.012307,-0.008885,543da140a6d0eacdb86d907fc34529e875e43a4d9c573c356cb8894bc40452b3,-0.0002758,-0.0001648,-17.127988267550567,29,112,1792,1.0299,13.35232611399988,13.352328313994803,0.805,6bb2627b75bbf1c3cc1a35eaf5559aaeee0e0d51,112,28.0,True,1792,0.359715
fc3e8233ce7fb1d4f581dfce,lhs30s2000:21,stage6,16,2,0.0,0.0,4.0,4.0,SUCCESS,True,3.55337,-0.277353,-1.912083,-4.809308,0.001624,0.0,/usr/local/bin/avl:sha256=758a9c634d7bfc26,1.8852,0.0,0.66939,False,0.0014752,0.007717272122049506,-0.0834,0.05423,-0.000447,-0.002929,-1.9e-05,0.012379,-0.008921,543da140a6d0eacdb86d907fc34529e875e43a4d9c573c356cb8894bc40452b3,-0.0002771,-0.0002514,-10.80692745843607,29,112,1792,1.0299,14.0061463489983,14.006148248998215,0.4306,6bb2627b75bbf1c3cc1a35eaf5559aaeee0e0d51,112,28.0,True,1792,0.360201
71645aa4355d8196cdc99508,lhs30s2000:21,stage6,16,2,0.0,4.0,4.0,4.0,SUCCESS,True,3.549582,-0.273535,-1.910503,-4.809398,0.003502,0.0,/usr/local/bin/avl:sha256=758a9c634d7bfc26,1.8852,0.0,0.66939,False,0.0030751,0.009148965993383532,0.16484,-0.0794,-0.00071,-0.002932,8e-05,0.012412,-0.008936,543da140a6d0eacdb86d907fc34529e875e43a4d9c573c356cb8894bc40452b3,-0.0002777,-0.0004228,18.017336616969732,29,112,1792,1.0299,12.193823501002043,12.193826487993647,0.7928,6bb2627b75bbf1c3cc1a35eaf5559aaeee0e0d51,112,28.0,True,1792,0.360287
b080474087e808f720ee61b6,lhs30s2000:21,stage6,24,4,1.0,-2.0,4.0,4.0,SUCCESS,True,3.528295,-0.275611,-1.890747,-4.781647,0.002407,0.0,/usr/local/bin/avl:sha256=758a9c634d7bfc26,1.8852,0.0,0.66939,False,0.0050089,0.012205984816124192,-0.20807,0.12107,-0.000304,-0.002905,-9.1e-05,0.012259,-0.00885,543da140a6d0eacdb86d907fc34529e875e43a4d9c573c356cb8894bc40452b3,-0.000273,-0.0001585,-17.04655569660697,29,224,5376,1.0299,108.04767358100071,108.04767577799794,0.8026,6bb2627b75bbf1c3cc1a35eaf5559aaeee0e0d51,224,28.0,True,5376,0.358713
1aec21f2154df2b67f966f74,lhs30s2000:21,stage6,24,4,1.0,0.0,4.0,4.0,SUCCESS,True,3.545619,-0.275521,-1.902536,-4.788038,0.001662,0.0,/usr/local/bin/avl:sha256=758a9c634d7bfc26,1.8852,0.0,0.66939,False,0.0015213,0.007760211693083162,-0.08457,0.05484,-0.000436,-0.002915,-3.5e-05,0.012334,-0.008885,543da140a6d0eacdb86d907fc34529e875e43a4d9c573c356cb8894bc40452b3,-0.0002744,-0.0002448,-10.897898581217701,29,224,5376,1.0299,107.63450041000033,107.63450332199864,0.4358,6bb2627b75bbf1c3cc1a35eaf5559aaeee0e0d51,224,28.0,True,5376,0.359186
ff6b91c67b45bc31157308b8,lhs30s2000:21,stage6,24,4,1.0,4.0,4.0,4.0,SUCCESS,True,3.541837,-0.271697,-1.900973,-4.787968,0.003537,0.0,/usr/local/bin/avl:sha256=758a9c634d7bfc26,1.8852,0.0,0.66939,False,0.0030608,0.009123500617178416,0.16312,-0.07813,-0.000699,-0.002917,6.8e-05,0.012371,-0.008901,543da140a6d0eacdb86d907fc34529e875e43a4d9c573c356cb8894bc40452b3,-0.000275,-0.0004158,17.879102204790268,29,224,5376,1.0299,106.85607151199656,106.85607488200185,0.7871,6bb2627b75bbf1c3cc1a35eaf5559aaeee0e0d51,224,28.0,True,5376,0.359274
fe875e19fd6804ae27cb030a,lhs30s2000:21,stage6,48,2,1.0,-2.0,4.0,4.0,SUCCESS,True,3.536477,-0.277505,-1.895857,-4.790106,0.002394,0.0,/usr/local/bin/avl:sha256=758a9c634d7bfc26,1.8852,0.0,0.66939,False,0.0050628,0.012257834979841719,-0.20774,0.1209,-0.000303,-0.002961,-0.000101,0.012481,-0.008987,543da140a6d0eacdb86d907fc34529e875e43a4d9c573c356cb8894bc40452b3,-0.0002628,-0.0001457,-16.947527874345923,29,112,5376,1.0299,106.81023432099755,106.81023651499709,0.8018,6bb2627b75bbf1c3cc1a35eaf5559aaeee0e0d51,112,28.0,True,5376,0.35885
4e4abad77c13247a7b37d233,lhs30s2000:21,stage6,48,2,1.0,0.0,4.0,4.0,SUCCESS,True,3.553792,-0.277405,-1.907575,-4.796362,0.001659,0.0,/usr/local/bin/avl:sha256=758a9c634d7bfc26,1.8852,0.0,0.66939,False,0.001551,0.007793827868221687,-0.08395,0.05449,-0.000438,-0.002971,-4.2e-05,0.012559,-0.009023,543da140a6d0eacdb86d907fc34529e875e43a4d9c573c356cb8894bc40452b3,-0.000264,-0.0002345,-10.771343865867905,29,112,5376,1.0299,104.66968298999564,104.66968580200046,0.4273,6bb2627b75bbf1c3cc1a35eaf5559aaeee0e0d51,112,28.0,True,5376,0.359309
cba4060ff85ae28c27f11084,lhs30s2000:22,stage6,8,2,0.0,-2.0,4.0,4.0,SUCCESS,True,4.324544,-0.375772,-3.286795,-9.315769,0.006925,0.0,/usr/local/bin/avl:sha256=758a9c634d7bfc26,2.4177,0.0,0.54688,False,0.0047993,0.012686539634990838,-0.2575,0.20868,-0.000957,-0.00386,5.5e-05,0.013148,-0.013551,543da140a6d0eacdb86d907fc34529e875e43a4d9c573c356cb8894bc40452b3,-0.0005264,-0.0003677,-20.29710286718274,29,112,896,1.1101,3.725591712995083,3.7255949130048975,0.8195,6bb2627b75bbf1c3cc1a35eaf5559aaeee0e0d51,112,28.0,True,896,0.415649
21a54baaca23da065215bccb,lhs30s2000:22,stage6,8,2,0.0,0.0,4.0,4.0,SUCCESS,True,4.346574,-0.374686,-3.31167,-9.336727,0.004387,0.0,/usr/local/bin/avl:sha256=758a9c634d7bfc26,2.4177,0.0,0.54688,False,0.0016208,0.008141672427104429,-0.10612,0.09339,-0.001007,-0.003868,4.1e-05,0.013208,-0.013593,543da140a6d0eacdb86d907fc34529e875e43a4d9c573c356cb8894bc40452b3,-0.0005278,-0.0005434,-13.034177062530308,29,112,896,1.1101,3.480991151998751,3.480994252000528,0.4184,6bb2627b75bbf1c3cc1a35eaf5559aaeee0e0d51,112,28.0,True,896,0.416672
458bd588db1d2fd8ca0a76ef,lhs30s2000:22,stage6,8,2,0.0,4.0,4.0,4.0,SUCCESS,True,4.351387,-0.369984,-3.318708,-9.357399,0.0046,0.0,/usr/local/bin/avl:sha256=758a9c634d7bfc26,2.4177,0.0,0.54688,False,0.0030759,0.009602642873346137,0.1978,-0.13839,-0.0011,-0.00386,3e-05,0.013222,-0.013589,543da140a6d0eacdb86d907fc34529e875e43a4d9c573c356cb8894bc40452b3,-0.000527,-0.0008906,20.5984959150183,29,112,896,1.1101,3.726129602000583,3.7261344020007527,0.7077,6bb2627b75bbf1c3cc1a35eaf5559aaeee0e0d51,112,28.0,True,896,0.417095
868a66f4878a822673a5ef38,lhs30s2000:22,stage6,12,2,0.0,-2.0,4.0,4.0,SUCCESS,True,4.323855,-0.375815,-3.2832,-9.307609,0.006953,0.0,/usr/local/bin/avl:sha256=758a9c634d7bfc26,2.4177,0.0,0.54688,False,0.0049935,0.01291332800895574,-0.26162,0.21176,-0.000958,-0.003922,3.5e-05,0.01336,-0.013752,543da140a6d0eacdb86d907fc34529e875e43a4d9c573c356cb8894bc40452b3,-0.0005299,-0.0003524,-20.25968827079739,29,112,1344,1.1101,8.078441673998896,8.078446473999065,0.8173,6bb2627b75bbf1c3cc1a35eaf5559aaeee0e0d51,112,28.0,True,1344,0.41526
e2413a04b2502a757fddb497,lhs30s2000:22,stage6,12,2,0.0,0.0,4.0,4.0,SUCCESS,True,4.346054,-0.374697,-3.307954,-9.327782,0.004402,0.0,/usr/local/bin/avl:sha256=758a9c634d7bfc26,2.4177,0.0,0.54688,False,0.0017066,0.008244246825172899,-0.11026,0.09659,-0.001011,-0.00393,2.6e-05,0.013423,-0.013794,543da140a6d0eacdb86d907fc34529e875e43a4d9c573c356cb8894bc40452b3,-0.0005314,-0.0005375,-13.3741750263145,29,112,1344,1.1101,7.540235843000119,7.540239941998152,0.4272,6bb2627b75bbf1c3cc1a35eaf5559aaeee0e0d51,112,28.0,True,1344,0.416254
d277255072f124279ff91c3c,lhs30s2000:22,stage6,12,2,0.0,4.0,4.0,4.0,SUCCESS,True,4.350818,-0.369941,-3.314946,-9.347231,0.004611,0.0,/usr/local/bin/avl:sha256=758a9c634d7bfc26,2.4177,0.0,0.54688,False,0.0030748,0.009593212167155068,0.19362,-0.13492,-0.00111,-0.003922,2.2e-05,0.013439,-0.013787,543da140a6d0eacdb86d907fc34529e875e43a4d9c573c356cb8894bc40452b3,-0.0005306,-0.0009032,20.183020726145298,29,112,1344,1.1101,7.436616954000783,7.436620053005754,0.6919,6bb2627b75bbf1c3cc1a35eaf5559aaeee0e0d51,112,28.0,True,1344,0.416677
4a176ce61b1bdc5729e90b3f,lhs30s2000:22,stage6,16,2,0.0,-2.0,4.0,4.0,SUCCESS,True,4.323457,-0.375828,-3.281197,-9.301972,0.006965,0.0,/usr/local/bin/avl:sha256=758a9c634d7bfc26,2.4177,0.0,0.54688,False,0.0051,0.013038403006824538,-0.2636,0.21345,-0.000955,-0.003943,2.3e-05,0.013431,-0.01381,543da140a6d0eacdb86d907fc34529e875e43a4d9c573c356cb8894bc40452b3,-0.0005102,-0.0003282,-20.217199902628177,29,112,1792,1.1101,13.53726283099968,13.537266632003593,0.817,6bb2627b75bbf1c3cc1a35eaf5559aaeee0e0d51,112,28.0,True,1792,0.415045
8a587fe1a7782137e7bd9ee4,lhs30s2000:22,stage6,16,2,0.0,0.0,4.0,4.0,SUCCESS,True,4.345797,-0.374698,-3.305919,-9.321794,0.004412,0.0,/usr/local/bin/avl:sha256=758a9c634d7bfc26,2.4177,0.0,0.54688,False,0.0017509,0.0082969060081877,-0.11226,0.09835,-0.001009,-0.00395,1.6e-05,0.013495,-0.013851,543da140a6d0eacdb86d907fc34529e875e43a4d9c573c356cb8894bc40452b3,-0.0005117,-0.0005123,-13.530344912816608,29,112,1792,1.1101,13.756482648997917,13.756484949997684,0.4325,6bb2627b75bbf1c3cc1a35eaf5559aaeee0e0d51,112,28.0,True,1792,0.416023
b07734e643ba09fea897a45c,lhs30s2000:22,stage6,16,2,0.0,4.0,4.0,4.0,SUCCESS,True,4.350606,-0.369925,-3.312968,-9.340775,0.004621,0.0,/usr/local/bin/avl:sha256=758a9c634d7bfc26,2.4177,0.0,0.54688,False,0.0030731,0.00958735859073972,0.19162,-0.13303,-0.00111,-0.003942,1.7e-05,0.013512,-0.013844,543da140a6d0eacdb86d907fc34529e875e43a4d9c573c356cb8894bc40452b3,-0.0005108,-0.0008763,19.986735469045957,29,112,1792,1.1101,13.34781939000095,13.347821290000866,0.6851,6bb2627b75bbf1c3cc1a35eaf5559aaeee0e0d51,112,28.0,True,1792,0.416449
e27d0799585ff22b7d792e80,lhs30s2000:22,stage6,24,4,1.0,-2.0,4.0,4.0,SUCCESS,True,4.308608,-0.373504,-3.261823,-9.246115,0.006981,0.0,/usr/local/bin/avl:sha256=758a9c634d7bfc26,2.4177,0.0,0.54688,False,0.0052456,0.013206008789220023,-0.26436,0.2136,-0.000921,-0.003904,-4e-06,0.01333,-0.013703,543da140a6d0eacdb86d907fc34529e875e43a4d9c573c356cb8894bc40452b3,-0.0005038,-0.0003233,-20.018160234437772,29,224,5376,1.1101,101.98003344699828,101.9800369470031,0.8108,6bb2627b75bbf1c3cc1a35eaf5559aaeee0e0d51,224,28.0,True,5376,0.414016
c5f3846209e0072e76639c3a,lhs30s2000:22,stage6,24,4,1.0,0.0,4.0,4.0,SUCCESS,True,4.33125,-0.372418,-3.286635,-9.266177,0.004421,0.0,/usr/local/bin/avl:sha256=758a9c634d7bfc26,2.4177,0.0,0.54688,False,0.0017983,0.008357628818450966,-0.11353,0.09918,-0.000977,-0.003912,-1e-05,0.013397,-0.013743,543da140a6d0eacdb86d907fc34529e875e43a4d9c573c356cb8894bc40452b3,-0.0005052,-0.0005053,-13.583996426039183,29,224,5376,1.1101,108.84474090800359,108.84474450400012,0.436,6bb2627b75bbf1c3cc1a35eaf5559aaeee0e0d51,224,28.0,True,5376,0.414985
cf49118b77954f395953a4fe,lhs30s2000:22,stage6,24,4,1.0,4.0,4.0,4.0,SUCCESS,True,4.336203,-0.367686,-3.293802,-9.284995,0.00463,0.0,/usr/local/bin/avl:sha256=758a9c634d7bfc26,2.4177,0.0,0.54688,False,0.0030948,0.009611342852766193,0.18934,-0.13085,-0.001082,-0.003904,-2e-06,0.013418,-0.013735,543da140a6d0eacdb86d907fc34529e875e43a4d9c573c356cb8894bc40452b3,-0.0005044,-0.0008653,19.69964061218636,29,224,5376,1.1101,107.6725727219964,107.67257591000089,0.6815,6bb2627b75bbf1c3cc1a35eaf5559aaeee0e0d51,224,28.0,True,5376,0.415415
f204336858d9dcf6702392d6,lhs30s2000:22,stage6,48,2,1.0,-2.0,4.0,4.0,SUCCESS,True,4.322499,-0.375815,-3.274744,-9.278796,0.00698,0.0,/usr/local/bin/avl:sha256=758a9c634d7bfc26,2.4177,0.0,0.54688,False,0.0053258,0.013269001394769933,-0.26475,0.21406,-0.00093,-0.00398,-2e-05,0.013557,-0.013924,543da140a6d0eacdb86d907fc34529e875e43a4d9c573c356cb8894bc40452b3,-0.000492,-0.0003019,-19.95251881609968,29,112,5376,1.1101,110.60334328599856,110.60334580399649,0.8156,6bb2627b75bbf1c3cc1a35eaf5559aaeee0e0d51,112,28.0,True,5376,0.414321
fa2c5b05d3634301050afcb1,lhs30s2000:22,stage6,48,2,1.0,0.0,4.0,4.0,SUCCESS,True,4.345176,-0.374679,-3.299305,-9.298133,0.004428,0.0,/usr/local/bin/avl:sha256=758a9c634d7bfc26,2.4177,0.0,0.54688,False,0.0018362,0.008386446509810786,-0.11343,0.09919,-0.000988,-0.003988,-2.1e-05,0.013627,-0.013964,543da140a6d0eacdb86d907fc34529e875e43a4d9c573c356cb8894bc40452b3,-0.0004935,-0.0004887,-13.525394798298093,29,112,5376,1.1101,111.93772256100056,111.93772698100656,0.4335,6bb2627b75bbf1c3cc1a35eaf5559aaeee0e0d51,112,28.0,True,5376,0.41525
f0ad3fa3da18a8185204cfc9,lhs30s2000:23,stage6,8,2,0.0,-2.0,4.0,4.0,SUCCESS,True,4.540322,-0.387839,-3.160652,-8.413915,0.003054,0.0,/usr/local/bin/avl:sha256=758a9c634d7bfc26,2.1117,0.0,0.42936,False,0.0043226,0.013173757499849476,-0.26795,0.20215,-0.000282,-0.002801,-8.6e-05,0.009519,-0.008713,543da140a6d0eacdb86d907fc34529e875e43a4d9c573c356cb8894bc40452b3,-0.0002433,-0.0001345,-20.339679093308167,29,112,896,0.70859,3.784877220998169,3.784879621001892,0.83,6bb2627b75bbf1c3cc1a35eaf5559aaeee0e0d51,112,28.0,True,896,0.29889
5c093de255b930449c5428e9,lhs30s2000:23,stage6,8,2,0.0,0.0,4.0,4.0,SUCCESS,True,4.557634,-0.387722,-3.175856,-8.418366,0.001472,0.0,/usr/local/bin/avl:sha256=758a9c634d7bfc26,2.1117,0.0,0.42936,False,0.0011914,0.008328112956017684,-0.10912,0.09147,-0.000314,-0.002807,-9.4e-05,0.009561,-0.008736,543da140a6d0eacdb86d907fc34529e875e43a4d9c573c356cb8894bc40452b3,-0.000244,-0.0002114,-13.102608066951426,29,112,896,0.70859,3.446143889996165,3.446146490998217,0.5032,6bb2627b75bbf1c3cc1a35eaf5559aaeee0e0d51,112,28.0,True,896,0.299187
c2097083bc6debe503d65bf5,lhs30s2000:23,stage6,8,2,0.0,4.0,4.0,4.0,SUCCESS,True,4.552799,-0.385522,-3.168498,-8.41405,0.002555,0.0,/usr/local/bin/avl:sha256=758a9c634d7bfc26,2.1117,0.0,0.42936,False,0.0025629,0.009847365655339113,0.2092,-0.13031,-0.000375,-0.002804,-0.000104,0.009571,-0.008731,543da140a6d0eacdb86d907fc34529e875e43a4d9c573c356cb8894bc40452b3,-0.0002438,-0.0003632,21.24426037603006,29,112,896,0.70859,3.5624956030005706,3.562498801999027,0.8321,6bb2627b75bbf1c3cc1a35eaf5559aaeee0e0d51,112,28.0,True,896,0.298811
fcfe43b307c0c44eaa27c15b,lhs30s2000:23,stage6,12,2,0.0,-2.0,4.0,4.0,SUCCESS,True,4.539991,-0.387896,-3.15681,-8.405624,0.003073,0.0,/usr/local/bin/avl:sha256=758a9c634d7bfc26,2.1117,0.0,0.42936,False,0.0044899,0.013381538738431861,-0.27235,0.2052,-0.00028,-0.002852,-0.000101,0.009694,-0.008861,543da140a6d0eacdb86d907fc34529e875e43a4d9c573c356cb8894bc40452b3,-0.0002303,-0.0001096,-20.352666858693098,29,112,1344,0.70859,7.883076115998847,7.883078515005764,0.8251,6bb2627b75bbf1c3cc1a35eaf5559aaeee0e0d51,112,28.0,True,1344,0.298549
acbaf5e098586b409111e71f,lhs30s2000:23,stage6,12,2,0.0,0.0,4.0,4.0,SUCCESS,True,4.557591,-0.387742,-3.172074,-8.409769,0.001469,0.0,/usr/local/bin/avl:sha256=758a9c634d7bfc26,2.1117,0.0,0.42936,False,0.0012684,0.008422913773282291,-0.11353,0.09464,-0.000313,-0.002859,-0.000107,0.009738,-0.008884,543da140a6d0eacdb86d907fc34529e875e43a4d9c573c356cb8894bc40452b3,-0.000231,-0.0001927,-13.478708562839646,29,112,1344,0.70859,7.927872999003739,7.927874798995617,0.5071,6bb2627b75bbf1c3cc1a35eaf5559aaeee0e0d51,112,28.0,True,1344,0.298834
88a26bcea7f6433b58108caf,lhs30s2000:23,stage6,12,2,0.0,4.0,4.0,4.0,SUCCESS,True,4.553133,-0.38551,-3.165041,-8.40514,0.002542,0.0,/usr/local/bin/avl:sha256=758a9c634d7bfc26,2.1117,0.0,0.42936,False,0.0025253,0.009798209060009177,0.2048,-0.12688,-0.000376,-0.002856,-0.000111,0.009749,-0.008879,543da140a6d0eacdb86d907fc34529e875e43a4d9c573c356cb8894bc40452b3,-0.0002308,-0.0003573,20.901778962430935,29,112,1344,0.70859,8.35992714400345,8.359929543999897,0.822,6bb2627b75bbf1c3cc1a35eaf5559aaeee0e0d51,112,28.0,True,1344,0.298463
277b80f57738ae8042b40db5,lhs30s2000:23,stage6,16,2,0.0,-2.0,4.0,4.0,SUCCESS,True,4.539824,-0.387917,-3.154835,-8.400355,0.003079,0.0,/usr/local/bin/avl:sha256=758a9c634d7bfc26,2.1117,0.0,0.42936,False,0.0045762,0.013484787847825933,-0.2743,0.20671,-0.000278,-0.002879,-0.000109,0.009783,-0.008936,543da140a6d0eacdb86d907fc34529e875e43a4d9c573c356cb8894bc40452b3,-0.0002257,-9.858e-05,-20.341439783513067,29,112,1792,0.70859,12.952817611003411,12.95282061099715,0.8224,6bb2627b75bbf1c3cc1a35eaf5559aaeee0e0d51,112,28.0,True,1792,0.298373
7845a9c6bc17bd3e4483b904,lhs30s2000:23,stage6,16,2,0.0,0.0,4.0,4.0,SUCCESS,True,4.557575,-0.387747,-3.170128,-8.404343,0.001469,0.0,/usr/local/bin/avl:sha256=758a9c634d7bfc26,2.1117,0.0,0.42936,False,0.0013091,0.008471613037648653,-0.11548,0.09622,-0.000312,-0.002885,-0.000114,0.009829,-0.008959,543da140a6d0eacdb86d907fc34529e875e43a4d9c573c356cb8894bc40452b3,-0.0002265,-0.0001842,-13.631406378784762,29,112,1792,0.70859,12.942082428999129,12.942084128000715,0.5079,6bb2627b75bbf1c3cc1a35eaf5559aaeee0e0d51,112,28.0,True,1792,0.298652
898c9be53db951e8ea78f9c9,lhs30s2000:23,stage6,16,2,0.0,4.0,4.0,4.0,SUCCESS,True,4.553304,-0.385503,-3.163279,-8.399612,0.00254,0.0,/usr/local/bin/avl:sha256=758a9c634d7bfc26,2.1117,0.0,0.42936,False,0.002513,0.009780967270611134,0.20285,-0.12518,-0.000377,-0.002882,-0.000115,0.009841,-0.008954,543da140a6d0eacdb86d907fc34529e875e43a4d9c573c356cb8894bc40452b3,-0.0002263,-0.0003539,20.73925762020524,29,112,1792,0.70859,13.117914500006009,13.117916600000171,0.8169,6bb2627b75bbf1c3cc1a35eaf5559aaeee0e0d51,112,28.0,True,1792,0.298286
55dfa1bb8164f7f38ee3e323,lhs30s2000:23,stage6,24,4,1.0,-2.0,4.0,4.0,SUCCESS,True,4.530758,-0.385423,-3.140719,-8.3615,0.003097,0.0,/usr/local/bin/avl:sha256=758a9c634d7bfc26,2.1117,0.0,0.42936,False,0.0046897,0.01363726233942925,-0.27582,0.20754,-0.000262,-0.002865,-0.000131,0.00974,-0.008895,543da140a6d0eacdb86d907fc34529e875e43a4d9c573c356cb8894bc40452b3,-0.0002233,-9.366e-05,-20.225467042789447,29,224,5376,0.70859,103.49600422700314,103.49600682800519,0.8218,6bb2627b75bbf1c3cc1a35eaf5559aaeee0e0d51,224,28.0,True,5376,0.297632
23245d7298822e763e91e32c,lhs30s2000:23,stage6,24,4,1.0,0.0,4.0,4.0,SUCCESS,True,4.548763,-0.38526,-3.156095,-8.365553,0.001473,0.0,/usr/local/bin/avl:sha256=758a9c634d7bfc26,2.1117,0.0,0.42936,False,0.0013521,0.008533630921891203,-0.11732,0.09754,-0.000297,-0.002871,-0.000134,0.009788,-0.008918,543da140a6d0eacdb86d907fc34529e875e43a4d9c573c356cb8894bc40452b3,-0.000224,-0.000179,-13.747958058397002,29,224,5376,0.70859,107.5978803409962,107.59788516200206,0.5151,6bb2627b75bbf1c3cc1a35eaf5559aaeee0e0d51,224,28.0,True,5376,0.297906
e678024991bdab1415cdb7e0,lhs30s2000:23,stage6,24,4,1.0,4.0,4.0,4.0,SUCCESS,True,4.544805,-0.383055,-3.149547,-8.360913,0.002548,0.0,/usr/local/bin/avl:sha256=758a9c634d7bfc26,2.1117,0.0,0.42936,False,0.0024912,0.009767492961686199,0.20042,-0.12289,-0.000363,-0.002868,-0.00013,0.009805,-0.008912,543da140a6d0eacdb86d907fc34529e875e43a4d9c573c356cb8894bc40452b3,-0.0002238,-0.000348,20.519083124622057,29,224,5376,0.70859,108.18053326499648,108.18053932399926,0.8088,6bb2627b75bbf1c3cc1a35eaf5559aaeee0e0d51,224,28.0,True,5376,0.297546
b26008b4bd251a9ea3d812ec,lhs30s2000:23,stage6,48,2,1.0,-2.0,4.0,4.0,SUCCESS,True,4.539356,-0.387922,-3.148338,-8.378749,0.0031,0.0,/usr/local/bin/avl:sha256=758a9c634d7bfc26,2.1117,0.0,0.42936,False,0.0047357,0.013652555525175396,-0.27557,0.20734,-0.000262,-0.002912,-0.000142,0.009895,-0.009026,543da140a6d0eacdb86d907fc34529e875e43a4d9c573c356cb8894bc40452b3,-0.0002177,-8.639e-05,-20.18449948742909,29,112,5376,0.70859,106.63001492799958,106.63001853400056,0.8205,6bb2627b75bbf1c3cc1a35eaf5559aaeee0e0d51,112,28.0,True,5376,0.297789
ce2046a737d02e6d9c0874a0,lhs30s2000:23,stage6,48,2,1.0,0.0,4.0,4.0,SUCCESS,True,4.557395,-0.387739,-3.163637,-8.382655,0.001477,0.0,/usr/local/bin/avl:sha256=758a9c634d7bfc26,2.1117,0.0,0.42936,False,0.0013734,0.008541472423619103,-0.11677,0.09708,-0.000297,-0.002919,-0.000143,0.009944,-0.009049,543da140a6d0eacdb86d907fc34529e875e43a4d9c573c356cb8894bc40452b3,-0.0002184,-0.0001728,-13.670945032510383,29,112,5376,0.70859,107.83201754099719,107.83202001700556,0.5076,6bb2627b75bbf1c3cc1a35eaf5559aaeee0e0d51,112,28.0,True,5376,0.298052
0092589d1f06678084be306a,lhs30s2000:24,stage6,8,2,0.0,-2.0,4.0,4.0,SUCCESS,True,3.778777,-0.309061,-2.005777,-4.888263,0.002638,0.0,/usr/local/bin/avl:sha256=758a9c634d7bfc26,2.0589,0.0,0.64506,False,0.002357,0.009344751799740451,-0.15096,0.08889,-0.000234,-0.001873,3e-06,0.00667,-0.00499,543da140a6d0eacdb86d907fc34529e875e43a4d9c573c356cb8894bc40452b3,-0.0001166,-0.0001291,-16.15452215693871,29,112,896,1.0648,3.518944281997392,3.5189464959985344,0.7625,6bb2627b75bbf1c3cc1a35eaf5559aaeee0e0d51,112,28.0,True,896,0.342397
11c7fdee6ddfdaf60d81117f,lhs30s2000:24,stage6,8,2,0.0,0.0,4.0,4.0,SUCCESS,True,3.791122,-0.308767,-2.015573,-4.895322,0.001604,0.0,/usr/local/bin/avl:sha256=758a9c634d7bfc26,2.0589,0.0,0.64506,False,0.0005035,0.006622148449717187,-0.0188,0.01868,-0.000267,-0.001876,1.3e-05,0.006692,-0.005,543da140a6d0eacdb86d907fc34529e875e43a4d9c573c356cb8894bc40452b3,-0.0001169,-0.0001544,-2.83895780089359,29,112,896,1.0648,3.4951596039973083,3.4951618810009677,0.0571,6bb2627b75bbf1c3cc1a35eaf5559aaeee0e0d51,112,28.0,True,896,0.342949
0106ac146e5fb0e6dacca707,lhs30s2000:24,stage6,8,2,0.0,4.0,4.0,4.0,SUCCESS,True,3.777492,-0.304913,-2.008664,-4.896699,0.003932,0.0,/usr/local/bin/avl:sha256=758a9c634d7bfc26,2.0589,0.0,0.64506,False,0.0049797,0.011329827596312823,0.24569,-0.12201,-0.00033,-0.001871,1.7e-05,0.006678,-0.00499,543da140a6d0eacdb86d907fc34529e875e43a4d9c573c356cb8894bc40452b3,-0.0001165,-0.0002039,21.685237300517908,29,112,896,1.0648,3.2709170320013072,3.2709203970007366,0.9457,6bb2627b75bbf1c3cc1a35eaf5559aaeee0e0d51,112,28.0,True,896,0.343007
ccb89578ff58c1d66a1875ba,lhs30s2000:24,stage6,12,2,0.0,-2.0,4.0,4.0,SUCCESS,True,3.778833,-0.309121,-2.002771,-4.882953,0.002664,0.0,/usr/local/bin/avl:sha256=758a9c634d7bfc26,2.0589,0.0,0.64506,False,0.0024541,0.009449992216617364,-0.1539,0.09037,-0.000235,-0.001922,-4e-06,0.006846,-0.005111,543da140a6d0eacdb86d907fc34529e875e43a4d9c573c356cb8894bc40452b3,-0.0001166,-0.0001267,-16.285727699264573,29,112,1344,1.0648,7.910939392997534,7.910942087000876,0.7539,6bb2627b75bbf1c3cc1a35eaf5559aaeee0e0d51,112,28.0,True,1344,0.341879
8a74e13f47fa2f98f6036e00,lhs30s2000:24,stage6,12,2,0.0,0.0,4.0,4.0,SUCCESS,True,3.791238,-0.3088,-2.012538,-4.889772,0.001618,0.0,/usr/local/bin/avl:sha256=758a9c634d7bfc26,2.0589,0.0,0.64506,False,0.0005346,0.006663816355453266,-0.02174,0.02026,-0.000269,-0.001925,9e-06,0.00687,-0.005122,543da140a6d0eacdb86d907fc34529e875e43a4d9c573c356cb8894bc40452b3,-0.0001168,-0.000154,-3.2623948260832987,29,112,1344,1.0648,8.485584629001096,8.485587237999425,0.0689,6bb2627b75bbf1c3cc1a35eaf5559aaeee0e0d51,112,28.0,True,1344,0.342422
79af56fd2d518e9f06dbaaea,lhs30s2000:24,stage6,12,2,0.0,4.0,4.0,4.0,SUCCESS,True,3.777547,-0.304882,-2.00562,-4.890691,0.003931,0.0,/usr/local/bin/avl:sha256=758a9c634d7bfc26,2.0589,0.0,0.64506,False,0.0049384,0.011282788243506803,0.24275,-0.12021,-0.000336,-0.00192,1.6e-05,0.006856,-0.005111,543da140a6d0eacdb86d907fc34529e875e43a4d9c573c356cb8894bc40452b3,-0.0001165,-0.0002073,21.515071874162096,29,112,1344,1.0648,7.587853972996527,7.5878567899999325,0.939,6bb2627b75bbf1c3cc1a35eaf5559aaeee0e0d51,112,28.0,True,1344,0.342482
1d7d3f5a266b839df0aa2097,lhs30s2000:24,stage6,16,2,0.0,-2.0,4.0,4.0,SUCCESS,True,3.778896,-0.309144,-2.001309,-4.879626,0.002679,0.0,/usr/local/bin/avl:sha256=758a9c634d7bfc26,2.0589,0.0,0.64506,False,0.002507,0.00950590971117833,-0.15521,0.09118,-0.000235,-0.001946,-7e-06,0.006932,-0.005169,543da140a6d0eacdb86d907fc34529e875e43a4d9c573c356cb8894bc40452b3,-0.0001153,-0.0001235,-16.327737661707765,29,112,1792,1.0648,13.446417134000512,13.446419138999772,0.7498,6bb2627b75bbf1c3cc1a35eaf5559aaeee0e0d51,112,28.0,True,1792,0.341624
a7f8c7d75fd2eb73d2f748d1,lhs30s2000:24,stage6,16,2,0.0,0.0,4.0,4.0,SUCCESS,True,3.791341,-0.308812,-2.011076,-4.886342,0.001628,0.0,/usr/local/bin/avl:sha256=758a9c634d7bfc26,2.0589,0.0,0.64506,False,0.0005534,0.006687527509299777,-0.02304,0.02112,-0.00027,-0.001949,6e-06,0.006956,-0.00518,543da140a6d0eacdb86d907fc34529e875e43a4d9c573c356cb8894bc40452b3,-0.0001156,-0.0001517,-3.445219472811174,29,112,1792,1.0648,12.835157661997073,12.835159671994916,0.074,6bb2627b75bbf1c3cc1a35eaf5559aaeee0e0d51,112,28.0,True,1792,0.342164
a411f272526dd75e03d1772b,lhs30s2000:24,stage6,16,2,0.0,4.0,4.0,4.0,SUCCESS,True,3.777626,-0.304867,-2.004181,-4.887069,0.003937,0.0,/usr/local/bin/avl:sha256=758a9c634d7bfc26,2.0589,0.0,0.64506,False,0.0049232,0.011265198655035924,0.24146,-0.11925,-0.000338,-0.001943,1.5e-05,0.006943,-0.005169,543da140a6d0eacdb86d907fc34529e875e43a4d9c573c356cb8894bc40452b3,-0.0001152,-0.0002068,21.4341537503255,29,112,1792,1.0648,12.203552125996794,12.203554517996963,0.9359,6bb2627b75bbf1c3cc1a35eaf5559aaeee0e0d51,112,28.0,True,1792,0.342229
af1f5aea166617fc37229cb7,lhs30s2000:24,stage6,24,4,1.0,-2.0,4.0,4.0,SUCCESS,True,3.767967,-0.306735,-1.989378,-4.851577,0.002698,0.0,/usr/local/bin/avl:sha256=758a9c634d7bfc26,2.0589,0.0,0.64506,False,0.0025986,0.00960226623438703,-0.156,0.09146,-0.000225,-0.001941,-1.7e-05,0.006916,-0.005155,543da140a6d0eacdb86d907fc34529e875e43a4d9c573c356cb8894bc40452b3,-0.0001141,-0.0001203,-16.246164831520982,29,224,5376,1.0648,102.38279815999704,102.38280045099964,0.7467,6bb2627b75bbf1c3cc1a35eaf5559aaeee0e0d51,224,28.0,True,5376,0.340572
70c2d0ed624afa0e8308f29a,lhs30s2000:24,stage6,24,4,1.0,0.0,4.0,4.0,SUCCESS,True,3.780555,-0.306411,-1.999118,-4.858219,0.001644,0.0,/usr/local/bin/avl:sha256=758a9c634d7bfc26,2.0589,0.0,0.64506,False,0.0005806,0.0067191122102448824,-0.02422,0.02182,-0.000261,-0.001944,-2e-06,0.006941,-0.005165,543da140a6d0eacdb86d907fc34529e875e43a4d9c573c356cb8894bc40452b3,-0.0001143,-0.0001487,-3.6046428816995877,29,224,5376,1.0648,103.55484674599575,103.5548503559985,0.0803,6bb2627b75bbf1c3cc1a35eaf5559aaeee0e0d51,224,28.0,True,5376,0.3411
38731cded14ecf0b6124a40d,lhs30s2000:24,stage6,24,4,1.0,4.0,4.0,4.0,SUCCESS,True,3.766916,-0.302497,-1.992322,-4.858856,0.003948,0.0,/usr/local/bin/avl:sha256=758a9c634d7bfc26,2.0589,0.0,0.64506,False,0.0049051,0.01124474767611004,0.23954,-0.11772,-0.000331,-0.001938,1e-05,0.00693,-0.005154,543da140a6d0eacdb86d907fc34529e875e43a4d9c573c356cb8894bc40452b3,-0.000114,-0.0002041,21.302389960151196,29,224,5376,1.0648,102.96079634899797,102.96080007099954,0.9306,6bb2627b75bbf1c3cc1a35eaf5559aaeee0e0d51,224,28.0,True,5376,0.341172
fcdf4d939278d15253c103d9,lhs30s2000:24,stage6,48,2,1.0,-2.0,4.0,4.0,SUCCESS,True,3.778929,-0.30916,-1.996659,-4.866441,0.002709,0.0,/usr/local/bin/avl:sha256=758a9c634d7bfc26,2.0589,0.0,0.64506,False,0.0026288,0.009624351606550376,-0.15593,0.09135,-0.000227,-0.001983,-2.1e-05,0.007064,-0.005256,543da140a6d0eacdb86d907fc34529e875e43a4d9c573c356cb8894bc40452b3,-0.0001088,-0.0001147,-16.201610911001357,29,112,5376,1.0648,104.19952637700044,104.1995295989982,0.7454,6bb2627b75bbf1c3cc1a35eaf5559aaeee0e0d51,112,28.0,True,5376,0.340827
92f610ee21cb0c2000894cf2,lhs30s2000:24,stage6,48,2,1.0,0.0,4.0,4.0,SUCCESS,True,3.791505,-0.308822,-2.00636,-4.873014,0.001651,0.0,/usr/local/bin/avl:sha256=758a9c634d7bfc26,2.0589,0.0,0.64506,False,0.0005987,0.006735152066025059,-0.02376,0.02146,-0.000264,-0.001986,-5e-06,0.00709,-0.005266,543da140a6d0eacdb86d907fc34529e875e43a4d9c573c356cb8894bc40452b3,-0.000109,-0.000144,-3.527759992213901,29,112,5376,1.0648,105.91083987700404,105.91084187500383,0.0758,6bb2627b75bbf1c3cc1a35eaf5559aaeee0e0d51,112,28.0,True,5376,0.341347
08d14de2e9dec1e8e01d2bcd,lhs30s2000:25,stage6,8,2,0.0,-2.0,4.0,4.0,SUCCESS,True,4.453527,-0.386027,-3.175746,-8.603735,0.004945,0.0,/usr/local/bin/avl:sha256=758a9c634d7bfc26,2.2032,0.0,0.45796,False,0.0056811,0.014303406189738445,-0.29013,0.21539,-0.000501,-0.003047,3.3e-05,0.009978,-0.010231,543da140a6d0eacdb86d907fc34529e875e43a4d9c573c356cb8894bc40452b3,-0.0002308,-0.000195,-20.283979644523075,29,112,896,0.8095,3.5608368089961004,3.5608388210021076,0.777,6bb2627b75bbf1c3cc1a35eaf5559aaeee0e0d51,112,28.0,True,896,0.326567
f9cc98fab3f1289b8c0dd949,lhs30s2000:25,stage6,8,2,0.0,0.0,4.0,4.0,SUCCESS,True,4.473737,-0.385706,-3.195128,-8.614713,0.002721,0.0,/usr/local/bin/avl:sha256=758a9c634d7bfc26,2.2032,0.0,0.45796,False,0.0022067,0.009163534544493191,-0.13428,0.10414,-0.00051,-0.003049,1.5e-05,0.010005,-0.010245,543da140a6d0eacdb86d907fc34529e875e43a4d9c573c356cb8894bc40452b3,-0.000231,-0.0002558,-14.653734249378186,29,112,896,0.8095,3.540327693001018,3.540330713003641,0.4347,6bb2627b75bbf1c3cc1a35eaf5559aaeee0e0d51,112,28.0,True,896,0.327076
a9f56f1827e4d752d85f6712,lhs30s2000:25,stage6,8,2,0.0,4.0,4.0,4.0,SUCCESS,True,4.475199,-0.382667,-3.193226,-8.618271,0.003345,0.0,/usr/local/bin/avl:sha256=758a9c634d7bfc26,2.2032,0.0,0.45796,False,0.0028191,0.009855278209201457,0.1784,-0.11918,-0.000526,-0.003035,-1.8e-05,0.009978,-0.01021,543da140a6d0eacdb86d907fc34529e875e43a4d9c573c356cb8894bc40452b3,-0.0002299,-0.0003752,18.101975024249995,29,112,896,0.8095,3.482013327004097,3.4820159939990845,0.5813,6bb2627b75bbf1c3cc1a35eaf5559aaeee0e0d51,112,28.0,True,896,0.326775
8c4230bbc7ebc563f7d00a49,lhs30s2000:25,stage6,12,2,0.0,-2.0,4.0,4.0,SUCCESS,True,4.452912,-0.386061,-3.1719,-8.59455,0.004994,0.0,/usr/local/bin/avl:sha256=758a9c634d7bfc26,2.2032,0.0,0.45796,False,0.0058885,0.014556698357810422,-0.29475,0.21851,-0.000497,-0.003107,1.9e-05,0.010179,-0.010419,543da140a6d0eacdb86d907fc34529e875e43a4d9c573c356cb8894bc40452b3,-0.0002218,-0.0001812,-20.24841023389424,29,112,1344,0.8095,8.16868648200034,8.168688570993254,0.7738,6bb2627b75bbf1c3cc1a35eaf5559aaeee0e0d51,112,28.0,True,1344,0.326217
98ed5693dfe36a1235384e52,lhs30s2000:25,stage6,12,2,0.0,0.0,4.0,4.0,SUCCESS,True,4.473375,-0.385712,-3.191352,-8.605223,0.002731,0.0,/usr/local/bin/avl:sha256=758a9c634d7bfc26,2.2032,0.0,0.45796,False,0.0023182,0.009292222603574051,-0.13892,0.1074,-0.000509,-0.00311,3e-06,0.010207,-0.010433,543da140a6d0eacdb86d907fc34529e875e43a4d9c573c356cb8894bc40452b3,-0.0002221,-0.0002436,-14.950136896910696,29,112,1344,0.8095,7.991517279995605,7.9915191830004915,0.4401,6bb2627b75bbf1c3cc1a35eaf5559aaeee0e0d51,112,28.0,True,1344,0.326716
04d9b0e845e9c51993332327,lhs30s2000:25,stage6,12,2,0.0,4.0,4.0,4.0,SUCCESS,True,4.475135,-0.382624,-3.189641,-8.608132,0.003338,0.0,/usr/local/bin/avl:sha256=758a9c634d7bfc26,2.2032,0.0,0.45796,False,0.0028085,0.009833946949380532,0.17374,-0.11567,-0.000529,-0.003096,-2.4e-05,0.010181,-0.010397,543da140a6d0eacdb86d907fc34529e875e43a4d9c573c356cb8894bc40452b3,-0.0002209,-0.0003663,17.66737210342022,29,112,1344,0.8095,7.722365399997216,7.722367511996708,0.5595,6bb2627b75bbf1c3cc1a35eaf5559aaeee0e0d51,112,28.0,True,1344,0.326413
b410423172a0df2ad1113030,lhs30s2000:25,stage6,16,2,0.0,-2.0,4.0,4.0,SUCCESS,True,4.45259,-0.38607,-3.169951,-8.58898,0.005007,0.0,/usr/local/bin/avl:sha256=758a9c634d7bfc26,2.2032,0.0,0.45796,False,0.005994,0.014681038967922454,-0.29681,0.22005,-0.000494,-0.003138,1e-05,0.01028,-0.010514,543da140a6d0eacdb86d907fc34529e875e43a4d9c573c356cb8894bc40452b3,-0.0002168,-0.0001727,-20.217233987902304,29,112,1792,0.8095,12.929355897998903,12.929359190005925,0.7722,6bb2627b75bbf1c3cc1a35eaf5559aaeee0e0d51,112,28.0,True,1792,0.32604
cd757a52306e7e4373ec343e,lhs30s2000:25,stage6,16,2,0.0,0.0,4.0,4.0,SUCCESS,True,4.473195,-0.385711,-3.189422,-8.599458,0.002738,0.0,/usr/local/bin/avl:sha256=758a9c634d7bfc26,2.2032,0.0,0.45796,False,0.0023743,0.009356037544686375,-0.14098,0.109,-0.000507,-0.00314,-5e-06,0.01031,-0.010527,543da140a6d0eacdb86d907fc34529e875e43a4d9c573c356cb8894bc40452b3,-0.000217,-0.0002358,-15.068344833659578,29,112,1792,0.8095,12.218949378999241,12.218952085000637,0.4421,6bb2627b75bbf1c3cc1a35eaf5559aaeee0e0d51,112,28.0,True,1792,0.326532
793e11d02cc1633e54424b11,lhs30s2000:25,stage6,16,2,0.0,4.0,4.0,4.0,SUCCESS,True,4.475116,-0.382604,-3.187844,-8.602136,0.00334,0.0,/usr/local/bin/avl:sha256=758a9c634d7bfc26,2.2032,0.0,0.45796,False,0.002807,0.009827797720153705,0.17167,-0.11393,-0.00053,-0.003126,-2.8e-05,0.010285,-0.01049,543da140a6d0eacdb86d907fc34529e875e43a4d9c573c356cb8894bc40452b3,-0.0002159,-0.0003598,17.46779948960072,29,112,1792,0.8095,13.367211226002837,13.367214745994715,0.5495,6bb2627b75bbf1c3cc1a35eaf5559aaeee0e0d51,112,28.0,True,1792,0.32623
8e77a35e58f3c835b2e684f0,lhs30s2000:25,stage6,24,4,1.0,-2.0,4.0,4.0,SUCCESS,True,4.44217,-0.383472,-3.153802,-8.541329,0.005019,0.0,/usr/local/bin/avl:sha256=758a9c634d7bfc26,2.2032,0.0,0.45796,False,0.0061324,0.014856518755176079,-0.29838,0.22095,-0.00047,-0.003122,-9e-06,0.010229,-0.010457,543da140a6d0eacdb86d907fc34529e875e43a4d9c573c356cb8894bc40452b3,-0.0002129,-0.0001667,-20.084112901351336,29,224,5376,0.8095,106.14846405700519,106.14846725199459,0.7731,6bb2627b75bbf1c3cc1a35eaf5559aaeee0e0d51,224,28.0,True,5376,0.32514
ba7708daf4b799953667a0c6,lhs30s2000:25,stage6,24,4,1.0,0.0,4.0,4.0,SUCCESS,True,4.46305,-0.383134,-3.173349,-8.551864,0.002731,0.0,/usr/local/bin/avl:sha256=758a9c634d7bfc26,2.2032,0.0,0.45796,False,0.0024223,0.009424030952205642,-0.14292,0.11046,-0.000486,-0.003124,-2.2e-05,0.010261,-0.01047,543da140a6d0eacdb86d907fc34529e875e43a4d9c573c356cb8894bc40452b3,-0.0002131,-0.0002291,-15.165484995202648,29,224,5376,0.8095,108.66373999299685,108.66374259800068,0.4501,6bb2627b75bbf1c3cc1a35eaf5559aaeee0e0d51,224,28.0,True,5376,0.325625
6540f1e7a0f5e566950d4788,lhs30s2000:25,stage6,24,4,1.0,4.0,4.0,4.0,SUCCESS,True,4.465249,-0.380088,-3.172038,-8.55451,0.003329,0.0,/usr/local/bin/avl:sha256=758a9c634d7bfc26,2.2032,0.0,0.45796,False,0.0027773,0.009804239437401729,0.16904,-0.11136,-0.000512,-0.00311,-4e-05,0.010239,-0.010433,543da140a6d0eacdb86d907fc34529e875e43a4d9c573c356cb8894bc40452b3,-0.0002121,-0.0003518,17.241520984803504,29,224,5376,0.8095,105.73245960699569,105.73246192000079,0.5415,6bb2627b75bbf1c3cc1a35eaf5559aaeee0e0d51,224,28.0,True,5376,0.32533
07958ee1f5b6c39fae351894,lhs30s2000:25,stage6,48,2,1.0,-2.0,4.0,4.0,SUCCESS,True,4.451836,-0.386056,-3.163369,-8.566482,0.005083,0.0,/usr/local/bin/avl:sha256=758a9c634d7bfc26,2.2032,0.0,0.45796,False,0.0061976,0.014885579110940274,-0.29785,0.22043,-0.000473,-0.003186,-1e-05,0.010438,-0.010655,543da140a6d0eacdb86d907fc34529e875e43a4d9c573c356cb8894bc40452b3,-0.0002072,-0.0001595,-20.00929878375325,29,112,5376,0.8095,106.52950831599446,106.52951070899871,0.77,6bb2627b75bbf1c3cc1a35eaf5559aaeee0e0d51,112,28.0,True,5376,0.325418
d4cc51a84e9a108f8a1937e2,lhs30s2000:25,stage6,48,2,1.0,0.0,4.0,4.0,SUCCESS,True,4.472719,-0.385693,-3.183029,-8.577387,0.002748,0.0,/usr/local/bin/avl:sha256=758a9c634d7bfc26,2.2032,0.0,0.45796,False,0.0024626,0.009448168819284557,-0.14205,0.1096,-0.00049,-0.003188,-2.9e-05,0.010471,-0.01067,543da140a6d0eacdb86d907fc34529e875e43a4d9c573c356cb8894bc40452b3,-0.0002075,-0.0002231,-15.034659383949963,29,112,5376,0.8095,109.83533262899437,109.83533473800344,0.4412,6bb2627b75bbf1c3cc1a35eaf5559aaeee0e0d51,112,28.0,True,5376,0.325912
99492e49fc71bc43a777a49f,lhs30s2000:26,stage6,8,2,0.0,-2.0,4.0,4.0,SUCCESS,True,3.817969,-0.30792,-1.871734,-4.501631,0.002903,0.0,/usr/local/bin/avl:sha256=758a9c634d7bfc26,1.5823,0.0,0.49375,False,0.0026555,0.009764098704874088,-0.1534,0.08384,-0.000407,-0.001987,6.1e-05,0.007837,-0.005389,543da140a6d0eacdb86d907fc34529e875e43a4d9c573c356cb8894bc40452b3,-0.0001195,-0.0001116,-15.710615453265039,28,108,864,0.63267,3.0559579460023087,3.055961213001865,0.6954,6bb2627b75bbf1c3cc1a35eaf5559aaeee0e0d51,108,28.0,True,864,0.242058
fa86486146abb15583bc2523,lhs30s2000:26,stage6,8,2,0.0,0.0,4.0,4.0,SUCCESS,True,3.83383,-0.307788,-1.883454,-4.511829,0.001984,0.0,/usr/local/bin/avl:sha256=758a9c634d7bfc26,1.5823,0.0,0.49375,False,0.0007373,0.007234529095609498,-0.01981,0.01828,-0.000471,-0.001994,8.6e-05,0.007872,-0.005408,543da140a6d0eacdb86d907fc34529e875e43a4d9c573c356cb8894bc40452b3,-0.00012,-0.0001358,-2.738257008603687,28,108,864,0.63267,3.2705640850035707,3.270567358005792,0.043,6bb2627b75bbf1c3cc1a35eaf5559aaeee0e0d51,108,28.0,True,864,0.242566
bf96d88bd3a845f9fd87ba77,lhs30s2000:26,stage6,8,2,0.0,4.0,4.0,4.0,SUCCESS,True,3.826985,-0.304021,-1.882544,-4.521092,0.003219,0.0,/usr/local/bin/avl:sha256=758a9c634d7bfc26,1.5823,0.0,0.49375,False,0.0051138,0.012045796901834372,0.2479,-0.11338,-0.000596,-0.001995,0.000105,0.007875,-0.005416,543da140a6d0eacdb86d907fc34529e875e43a4d9c573c356cb8894bc40452b3,-0.0001202,-0.0001834,20.579792438825613,28,108,864,0.63267,3.3129224209988024,3.3129247140022926,0.9205,6bb2627b75bbf1c3cc1a35eaf5559aaeee0e0d51,108,28.0,True,864,0.242882
1524eebbb1be9fc13cad8569,lhs30s2000:26,stage6,12,2,0.0,-2.0,4.0,4.0,SUCCESS,True,3.818584,-0.308004,-1.868691,-4.497116,0.002927,0.0,/usr/local/bin/avl:sha256=758a9c634d7bfc26,1.5823,0.0,0.49375,False,0.0027787,0.009893611416247354,-0.15632,0.08517,-0.000415,-0.002055,5.8e-05,0.008108,-0.005564,543da140a6d0eacdb86d907fc34529e875e43a4d9c573c356cb8894bc40452b3,-0.0001252,-0.0001108,-15.800094972730609,28,108,1296,0.63267,7.413832539998111,7.413835446997837,0.6866,6bb2627b75bbf1c3cc1a35eaf5559aaeee0e0d51,108,28.0,True,1296,0.241625
87a5ff219b2e4c7e81d17cd3,lhs30s2000:26,stage6,12,2,0.0,0.0,4.0,4.0,SUCCESS,True,3.83441,-0.307833,-1.880317,-4.506986,0.001989,0.0,/usr/local/bin/avl:sha256=758a9c634d7bfc26,1.5823,0.0,0.49375,False,0.0007873,0.007294412889080307,-0.02271,0.01972,-0.000482,-0.002062,8.5e-05,0.008145,-0.005584,543da140a6d0eacdb86d907fc34529e875e43a4d9c573c356cb8894bc40452b3,-0.0001258,-0.000139,-3.1133417240470083,28,108,1296,0.63267,7.568213078993722,7.5682151910004904,0.0514,6bb2627b75bbf1c3cc1a35eaf5559aaeee0e0d51,108,28.0,True,1296,0.242125
79cffe24fc5d00e7d7023694,lhs30s2000:26,stage6,12,2,0.0,4.0,4.0,4.0,SUCCESS,True,3.827201,-0.30398,-1.879273,-4.515613,0.003198,0.0,/usr/local/bin/avl:sha256=758a9c634d7bfc26,1.5823,0.0,0.49375,False,0.0051146,0.012040147856482684,0.24503,-0.11172,-0.000612,-0.002064,0.000108,0.008149,-0.005592,543da140a6d0eacdb86d907fc34529e875e43a4d9c573c356cb8894bc40452b3,-0.000126,-0.0001948,20.351078983475304,28,108,1296,0.63267,7.108006655005738,7.108009272000345,0.9104,6bb2627b75bbf1c3cc1a35eaf5559aaeee0e0d51,108,28.0,True,1296,0.242446
d2cd357350c1e9e63d62a40c,lhs30s2000:26,stage6,16,2,0.0,-2.0,4.0,4.0,SUCCESS,True,3.818836,-0.308038,-1.867175,-4.49413,0.002939,0.0,/usr/local/bin/avl:sha256=758a9c634d7bfc26,1.5823,0.0,0.49375,False,0.0028485,0.00996675402231525,-0.15761,0.08592,-0.000419,-0.002087,5.5e-05,0.008238,-0.005646,543da140a6d0eacdb86d907fc34529e875e43a4d9c573c356cb8894bc40452b3,-0.0001243,-0.0001061,-15.813573772074253,28,108,1728,0.63267,12.428116224000405,12.428118226998777,0.6823,6bb2627b75bbf1c3cc1a35eaf5559aaeee0e0d51,108,28.0,True,1728,0.241413
dbf2890796463f8c243e0eb7,lhs30s2000:26,stage6,16,2,0.0,0.0,4.0,4.0,SUCCESS,True,3.834674,-0.307852,-1.878773,-4.503859,0.001995,0.0,/usr/local/bin/avl:sha256=758a9c634d7bfc26,1.5823,0.0,0.49375,False,0.000816,0.007327741758876209,-0.024,0.02052,-0.000487,-0.002095,8.4e-05,0.008276,-0.005666,543da140a6d0eacdb86d907fc34529e875e43a4d9c573c356cb8894bc40452b3,-0.0001249,-0.0001363,-3.2752245902946053,28,108,1728,0.63267,12.560632997003268,12.560634905996267,0.055,6bb2627b75bbf1c3cc1a35eaf5559aaeee0e0d51,108,28.0,True,1728,0.24191
a872aff271eece286992b1b4,lhs30s2000:26,stage6,16,2,0.0,4.0,4.0,4.0,SUCCESS,True,3.827311,-0.303964,-1.877698,-4.512219,0.003195,0.0,/usr/local/bin/avl:sha256=758a9c634d7bfc26,1.5823,0.0,0.49375,False,0.0051202,0.01204287875158484,0.24376,-0.11081,-0.000619,-0.002096,0.000109,0.00828,-0.005674,543da140a6d0eacdb86d907fc34529e875e43a4d9c573c356cb8894bc40452b3,-0.0001252,-0.000196,20.241007572040967,28,108,1728,0.63267,12.76425616099732,12.764258643001085,0.9054,6bb2627b75bbf1c3cc1a35eaf5559aaeee0e0d51,108,28.0,True,1728,0.242236
1f5c2167a8d35352d33b2ffb,lhs30s2000:26,stage6,24,4,1.0,-2.0,4.0,4.0,SUCCESS,True,3.803688,-0.306074,-1.853983,-4.46312,0.002957,0.0,/usr/local/bin/avl:sha256=758a9c634d7bfc26,1.5823,0.0,0.49375,False,0.0029692,0.01008855655125074,-0.15818,0.0859,-0.00041,-0.002088,4.3e-05,0.008256,-0.005657,543da140a6d0eacdb86d907fc34529e875e43a4d9c573c356cb8894bc40452b3,-0.0001217,-0.0001006,-15.679150847441049,28,216,5184,0.63267,95.659995299,95.65999826399639,0.6783,6bb2627b75bbf1c3cc1a35eaf5559aaeee0e0d51,216,28.0,True,5184,0.240662
28049874ecac9a3e1d48eac9,lhs30s2000:26,stage6,24,4,1.0,0.0,4.0,4.0,SUCCESS,True,3.81968,-0.305896,-1.865488,-4.472704,0.002013,0.0,/usr/local/bin/avl:sha256=758a9c634d7bfc26,1.5823,0.0,0.49375,False,0.000852,0.0073654653800040715,-0.02509,0.02096,-0.000478,-0.002095,7.3e-05,0.008296,-0.005677,543da140a6d0eacdb86d907fc34529e875e43a4d9c573c356cb8894bc40452b3,-0.0001222,-0.0001319,-3.4064378427621,28,216,5184,0.63267,104.37340410000616,104.37340848700114,0.0595,6bb2627b75bbf1c3cc1a35eaf5559aaeee0e0d51,216,28.0,True,5184,0.241142
dafb425bb35bd16134512996,lhs30s2000:26,stage6,24,4,1.0,4.0,4.0,4.0,SUCCESS,True,3.812191,-0.302036,-1.864398,-4.480842,0.003229,0.0,/usr/local/bin/avl:sha256=758a9c634d7bfc26,1.5823,0.0,0.49375,False,0.0051491,0.012064160319617248,0.24162,-0.10944,-0.000611,-0.002097,0.000102,0.008303,-0.005685,543da140a6d0eacdb86d907fc34529e875e43a4d9c573c356cb8894bc40452b3,-0.0001225,-0.0001936,20.02791687102395,28,216,5184,0.63267,101.57817930199963,101.57818270799908,0.8989,6bb2627b75bbf1c3cc1a35eaf5559aaeee0e0d51,216,28.0,True,5184,0.241474
6413fefaa4e53516102df86d,lhs30s2000:26,stage6,48,2,1.0,-2.0,4.0,4.0,SUCCESS,True,3.818786,-0.308071,-1.862016,-4.480233,0.002963,0.0,/usr/local/bin/avl:sha256=758a9c634d7bfc26,1.5823,0.0,0.49375,False,0.0030051,0.010122037967879291,-0.15821,0.08593,-0.000416,-0.002133,4e-05,0.008416,-0.005751,543da140a6d0eacdb86d907fc34529e875e43a4d9c573c356cb8894bc40452b3,-0.0001144,-9.306e-05,-15.630251585901451,28,108,5184,0.63267,99.43605001400283,99.43605363099778,0.6778,6bb2627b75bbf1c3cc1a35eaf5559aaeee0e0d51,108,28.0,True,5184,0.240749
c5dbd96d7c3f6cf0200aca5b,lhs30s2000:26,stage6,48,2,1.0,0.0,4.0,4.0,SUCCESS,True,3.834751,-0.307874,-1.873497,-4.489753,0.002009,0.0,/usr/local/bin/avl:sha256=758a9c634d7bfc26,1.5823,0.0,0.49375,False,0.000871,0.007385344754513182,-0.02459,0.02071,-0.000486,-0.00214,7.2e-05,0.008458,-0.005771,543da140a6d0eacdb86d907fc34529e875e43a4d9c573c356cb8894bc40452b3,-0.0001149,-0.0001245,-3.329566975864337,28,108,5184,0.63267,98.52001885799837,98.52002309800446,0.0559,6bb2627b75bbf1c3cc1a35eaf5559aaeee0e0d51,108,28.0,True,5184,0.241225
77414f3bbe1e2516d6f638a7,lhs30s2000:27,stage6,8,2,0.0,-2.0,4.0,4.0,SUCCESS,True,4.4723,-0.381098,-2.581672,-6.449604,0.002298,0.0,/usr/local/bin/avl:sha256=758a9c634d7bfc26,2.094,0.0,0.44715,False,0.00409,0.011648455636904403,-0.22914,0.13772,-0.000148,-0.0038,-0.000106,0.013823,-0.011403,543da140a6d0eacdb86d907fc34529e875e43a4d9c573c356cb8894bc40452b3,-0.0004651,-0.0003069,-19.671277218418833,29,112,896,0.76528,3.6262372659984976,3.6262395529993228,0.7112,6bb2627b75bbf1c3cc1a35eaf5559aaeee0e0d51,112,28.0,True,896,0.258122
310c5ccc64796c808747e5e6,lhs30s2000:27,stage6,8,2,0.0,0.0,4.0,4.0,SUCCESS,True,4.486508,-0.381172,-2.592872,-6.453518,0.001,0.0,/usr/local/bin/avl:sha256=758a9c634d7bfc26,2.094,0.0,0.44715,False,0.0013897,0.008143976071490732,-0.07274,0.04738,-0.000216,-0.003805,-8.6e-05,0.013868,-0.011423,543da140a6d0eacdb86d907fc34529e875e43a4d9c573c356cb8894bc40452b3,-0.0004663,-0.0004332,-8.931755123230015,29,112,896,0.76528,3.282599020996713,3.2826014189995476,0.2139,6bb2627b75bbf1c3cc1a35eaf5559aaeee0e0d51,112,28.0,True,896,0.258421
e77333db94d78e8379dd8720,lhs30s2000:27,stage6,8,2,0.0,4.0,4.0,4.0,SUCCESS,True,4.474612,-0.378478,-2.582746,-6.448107,0.002274,0.0,/usr/local/bin/avl:sha256=758a9c634d7bfc26,2.094,0.0,0.44715,False,0.003991,0.011192202294790989,0.24037,-0.13355,-0.00035,-0.003796,-0.000102,0.013848,-0.0114,543da140a6d0eacdb86d907fc34529e875e43a4d9c573c356cb8894bc40452b3,-0.0004651,-0.0006823,21.476559632224628,29,112,896,0.76528,3.717705119001039,3.717707928000891,0.7839,6bb2627b75bbf1c3cc1a35eaf5559aaeee0e0d51,112,28.0,True,896,0.258096
10c8cf6fb35149b11ecc70c1,lhs30s2000:27,stage6,12,2,0.0,-2.0,4.0,4.0,SUCCESS,True,4.472589,-0.381124,-2.577721,-6.442344,0.002323,0.0,/usr/local/bin/avl:sha256=758a9c634d7bfc26,2.094,0.0,0.44715,False,0.0042412,0.0118281488957053,-0.23314,0.13979,-0.000137,-0.003869,-0.000123,0.014075,-0.011583,543da140a6d0eacdb86d907fc34529e875e43a4d9c573c356cb8894bc40452b3,-0.0004365,-0.0002597,-19.710607471694168,29,112,1344,0.76528,8.695627909000905,8.695631027003401,0.707,6bb2627b75bbf1c3cc1a35eaf5559aaeee0e0d51,112,28.0,True,1344,0.25771
aa7084e13b6018a301bb62c1,lhs30s2000:27,stage6,12,2,0.0,0.0,4.0,4.0,SUCCESS,True,4.487019,-0.381188,-2.588982,-6.446098,0.001009,0.0,/usr/local/bin/avl:sha256=758a9c634d7bfc26,2.094,0.0,0.44715,False,0.0014648,0.008231216747858261,-0.07673,0.04958,-0.000208,-0.003875,-0.0001,0.014123,-0.011604,543da140a6d0eacdb86d907fc34529e875e43a4d9c573c356cb8894bc40452b3,-0.0004376,-0.0003957,-9.32182960920874,29,112,1344,0.76528,8.200908913000603,8.200911026004178,0.2229,6bb2627b75bbf1c3cc1a35eaf5559aaeee0e0d51,112,28.0,True,1344,0.258004
195dd0424dae99f8dbbf0046,lhs30s2000:27,stage6,12,2,0.0,4.0,4.0,4.0,SUCCESS,True,4.47543,-0.378467,-2.579049,-6.440409,0.002259,0.0,/usr/local/bin/avl:sha256=758a9c634d7bfc26,2.094,0.0,0.44715,False,0.0039573,0.011147726438357566,0.23643,-0.13108,-0.000347,-0.003865,-0.000109,0.014104,-0.01158,543da140a6d0eacdb86d907fc34529e875e43a4d9c573c356cb8894bc40452b3,-0.0004365,-0.0006643,21.208808926857206,29,112,1344,0.76528,7.882587783999043,7.8825903850010945,0.7693,6bb2627b75bbf1c3cc1a35eaf5559aaeee0e0d51,112,28.0,True,1344,0.257679
38441f75bc2e13538390aaba,lhs30s2000:27,stage6,16,2,0.0,-2.0,4.0,4.0,SUCCESS,True,4.472798,-0.381134,-2.575784,-6.437961,0.002335,0.0,/usr/local/bin/avl:sha256=758a9c634d7bfc26,2.094,0.0,0.44715,False,0.0043195,0.011918255772548562,-0.2349,0.14085,-0.000131,-0.003904,-0.000133,0.014204,-0.011676,543da140a6d0eacdb86d907fc34529e875e43a4d9c573c356cb8894bc40452b3,-0.0004242,-0.0002373,-19.70925985168463,29,112,1792,0.76528,13.158401179003704,13.158403282999643,0.7046,6bb2627b75bbf1c3cc1a35eaf5559aaeee0e0d51,112,28.0,True,1792,0.257505
3d9ca7a99f8b78407eae8c4c,lhs30s2000:27,stage6,16,2,0.0,0.0,4.0,4.0,SUCCESS,True,4.487337,-0.381193,-2.587084,-6.441645,0.001014,0.0,/usr/local/bin/avl:sha256=758a9c634d7bfc26,2.094,0.0,0.44715,False,0.0015047,0.008276616000105094,-0.07848,0.05071,-0.000203,-0.00391,-0.000108,0.014254,-0.011696,543da140a6d0eacdb86d907fc34529e875e43a4d9c573c356cb8894bc40452b3,-0.0004253,-0.0003771,-9.482136177273837,29,112,1792,0.76528,12.947062122999341,12.947063998995873,0.2262,6bb2627b75bbf1c3cc1a35eaf5559aaeee0e0d51,112,28.0,True,1792,0.257796
bfd057fd92dfb96215b896cd,lhs30s2000:27,stage6,16,2,0.0,4.0,4.0,4.0,SUCCESS,True,4.475886,-0.37846,-2.577258,-6.435838,0.002257,0.0,/usr/local/bin/avl:sha256=758a9c634d7bfc26,2.094,0.0,0.44715,False,0.0039467,0.011132559497261954,0.23471,-0.12983,-0.000345,-0.0039,-0.000113,0.014236,-0.011672,543da140a6d0eacdb86d907fc34529e875e43a4d9c573c356cb8894bc40452b3,-0.0004242,-0.0006536,21.08320194091276,29,112,1792,0.76528,12.525676937002572,12.52567943300528,0.7621,6bb2627b75bbf1c3cc1a35eaf5559aaeee0e0d51,112,28.0,True,1792,0.257474
4418db14d8f16dceea3bd1c0,lhs30s2000:27,stage6,24,4,1.0,-2.0,4.0,4.0,SUCCESS,True,4.463533,-0.37906,-2.562946,-6.404766,0.002349,0.0,/usr/local/bin/avl:sha256=758a9c634d7bfc26,2.094,0.0,0.44715,False,0.0044194,0.012048706272362613,-0.23622,0.14131,-0.000106,-0.003888,-0.000162,0.014149,-0.011626,543da140a6d0eacdb86d907fc34529e875e43a4d9c573c356cb8894bc40452b3,-0.0004201,-0.0002277,-19.605424404929078,29,224,5376,0.76528,101.24758873899555,101.24759165100113,0.7044,6bb2627b75bbf1c3cc1a35eaf5559aaeee0e0d51,224,28.0,True,5376,0.256753
aef88aa2d745630820cea62a,lhs30s2000:27,stage6,24,4,1.0,0.0,4.0,4.0,SUCCESS,True,4.478269,-0.379124,-2.574243,-6.408383,0.001025,0.0,/usr/local/bin/avl:sha256=758a9c634d7bfc26,2.094,0.0,0.44715,False,0.001538,0.008319174677297007,-0.08011,0.05162,-0.000179,-0.003894,-0.000133,0.014203,-0.011646,543da140a6d0eacdb86d907fc34529e875e43a4d9c573c356cb8894bc40452b3,-0.0004211,-0.0003672,-9.629560997032536,29,224,5376,0.76528,106.3457430999988,106.3457470229987,0.233,6bb2627b75bbf1c3cc1a35eaf5559aaeee0e0d51,224,28.0,True,5376,0.257036
4c13a4cdf89b2680871bbddb,lhs30s2000:27,stage6,24,4,1.0,4.0,4.0,4.0,SUCCESS,True,4.46698,-0.376414,-2.5646,-6.402554,0.002268,0.0,/usr/local/bin/avl:sha256=758a9c634d7bfc26,2.094,0.0,0.44715,False,0.0039348,0.011120706663137622,0.23245,-0.12802,-0.000323,-0.003884,-0.000132,0.01419,-0.011622,543da140a6d0eacdb86d907fc34529e875e43a4d9c573c356cb8894bc40452b3,-0.0004201,-0.0006429,20.902448651983057,29,224,5376,0.76528,105.29589880099957,105.2959013879954,0.7557,6bb2627b75bbf1c3cc1a35eaf5559aaeee0e0d51,224,28.0,True,5376,0.25672
5b2c631d6d9de468e5d1c200,lhs30s2000:27,stage6,48,2,1.0,-2.0,4.0,4.0,SUCCESS,True,4.472671,-0.381131,-2.569431,-6.419384,0.002347,0.0,/usr/local/bin/avl:sha256=758a9c634d7bfc26,2.094,0.0,0.44715,False,0.0044622,0.01206172249250731,-0.23583,0.141,-9.8e-05,-0.003954,-0.000175,0.014382,-0.011796,543da140a6d0eacdb86d907fc34529e875e43a4d9c573c356cb8894bc40452b3,-0.0004092,-0.0002136,-19.55193382591057,29,112,5376,0.76528,106.4955061169967,106.49550871300016,0.7015,6bb2627b75bbf1c3cc1a35eaf5559aaeee0e0d51,112,28.0,True,5376,0.256877
f8b3461e991ed94f6e7e2b56,lhs30s2000:27,stage6,48,2,1.0,0.0,4.0,4.0,SUCCESS,True,4.487401,-0.38119,-2.580692,-6.42297,0.001023,0.0,/usr/local/bin/avl:sha256=758a9c634d7bfc26,2.094,0.0,0.44715,False,0.0015674,0.008342402263279642,-0.0794,0.05109,-0.000173,-0.00396,-0.000144,0.014438,-0.011816,543da140a6d0eacdb86d907fc34529e875e43a4d9c573c356cb8894bc40452b3,-0.0004102,-0.000356,-9.517642220333972,29,112,5376,0.76528,103.6471613360045,103.64716616700025,0.2261,6bb2627b75bbf1c3cc1a35eaf5559aaeee0e0d51,112,28.0,True,5376,0.257156
7d678547d871a55dbaf14c18,lhs30s2000:28,stage6,8,2,0.0,-2.0,4.0,4.0,SUCCESS,True,4.646446,-0.403041,-2.893447,-7.441337,0.004583,0.0,/usr/local/bin/avl:sha256=758a9c634d7bfc26,2.3812,0.0,0.4533,False,0.0056367,0.01430068523410718,-0.29587,0.19448,-0.000691,-0.003995,-4.3e-05,0.014683,-0.012255,543da140a6d0eacdb86d907fc34529e875e43a4d9c573c356cb8894bc40452b3,-0.0004436,-0.0002344,-20.689218394538823,29,112,896,0.86502,3.048837957001524,3.048840654999367,0.747,6bb2627b75bbf1c3cc1a35eaf5559aaeee0e0d51,112,28.0,True,896,0.282282
bad2a8172a8ee859029da04a,lhs30s2000:28,stage6,8,2,0.0,0.0,4.0,4.0,SUCCESS,True,4.668645,-0.402085,-2.916964,-7.456088,0.002471,0.0,/usr/local/bin/avl:sha256=758a9c634d7bfc26,2.3812,0.0,0.4533,False,0.002099,0.009077495207799505,-0.13325,0.09289,-0.000745,-0.004002,-6.8e-05,0.014741,-0.012292,543da140a6d0eacdb86d907fc34529e875e43a4d9c573c356cb8894bc40452b3,-0.0004448,-0.0003631,-14.679159498262234,29,112,896,0.86502,3.239994534997095,3.2399987439930555,0.4109,6bb2627b75bbf1c3cc1a35eaf5559aaeee0e0d51,112,28.0,True,896,0.283223
7a0bd113fcaa61e4c5135c33,lhs30s2000:28,stage6,8,2,0.0,4.0,4.0,4.0,SUCCESS,True,4.673029,-0.398096,-2.927232,-7.469102,0.002568,0.0,/usr/local/bin/avl:sha256=758a9c634d7bfc26,2.3812,0.0,0.4533,False,0.0027016,0.009746856220420187,0.19315,-0.11138,-0.000847,-0.003993,-8.5e-05,0.014742,-0.012284,543da140a6d0eacdb86d907fc34529e875e43a4d9c573c356cb8894bc40452b3,-0.0004439,-0.0006174,19.81664606843593,29,112,896,0.86502,3.13785098700464,3.1378531959999236,0.6554,6bb2627b75bbf1c3cc1a35eaf5559aaeee0e0d51,112,28.0,True,896,0.283954
fa614e6a36b1a37f226399c8,lhs30s2000:28,stage6,12,2,0.0,-2.0,4.0,4.0,SUCCESS,True,4.646055,-0.40309,-2.889242,-7.433105,0.004601,0.0,/usr/local/bin/avl:sha256=758a9c634d7bfc26,2.3812,0.0,0.4533,False,0.0058307,0.014529574819148013,-0.29996,0.19691,-0.000692,-0.004068,-6.4e-05,0.014952,-0.012458,543da140a6d0eacdb86d907fc34529e875e43a4d9c573c356cb8894bc40452b3,-0.000419,-0.0001889,-20.644788559448642,29,112,1344,0.86502,7.544020341003488,7.5440224560006754,0.7422,6bb2627b75bbf1c3cc1a35eaf5559aaeee0e0d51,112,28.0,True,1344,0.281896
bf428d4f40eebdbf949352a9,lhs30s2000:28,stage6,12,2,0.0,0.0,4.0,4.0,SUCCESS,True,4.668393,-0.402097,-2.912585,-7.447159,0.002488,0.0,/usr/local/bin/avl:sha256=758a9c634d7bfc26,2.3812,0.0,0.4533,False,0.0022087,0.00920153005508879,-0.13736,0.09546,-0.000748,-0.004075,-8.4e-05,0.015013,-0.012494,543da140a6d0eacdb86d907fc34529e875e43a4d9c573c356cb8894bc40452b3,-0.0004202,-0.0003273,-14.92795210988142,29,112,1344,0.86502,8.14976185499836,8.149764023000898,0.413,6bb2627b75bbf1c3cc1a35eaf5559aaeee0e0d51,112,28.0,True,1344,0.282813
d4b0a02a71dd0fc1b97933a2,lhs30s2000:28,stage6,12,2,0.0,4.0,4.0,4.0,SUCCESS,True,4.672904,-0.398082,-2.922922,-7.459499,0.002588,0.0,/usr/local/bin/avl:sha256=758a9c634d7bfc26,2.3812,0.0,0.4533,False,0.0026937,0.00973026099255527,0.18903,-0.10851,-0.000854,-0.004066,-9.5e-05,0.015017,-0.012484,543da140a6d0eacdb86d907fc34529e875e43a4d9c573c356cb8894bc40452b3,-0.0004194,-0.000601,19.42702257880122,29,112,1344,0.86502,7.550033949002682,7.550037026994687,0.6362,6bb2627b75bbf1c3cc1a35eaf5559aaeee0e0d51,112,28.0,True,1344,0.283543
74f44df6b54f9ae6b4e8823d,lhs30s2000:28,stage6,16,2,0.0,-2.0,4.0,4.0,SUCCESS,True,4.645861,-0.403111,-2.887095,-7.427833,0.004609,0.0,/usr/local/bin/avl:sha256=758a9c634d7bfc26,2.3812,0.0,0.4533,False,0.005929,0.014641321440612708,-0.30176,0.19813,-0.000692,-0.004106,-7.6e-05,0.015089,-0.012561,543da140a6d0eacdb86d907fc34529e875e43a4d9c573c356cb8894bc40452b3,-0.0004084,-0.0001672,-20.610161536578623,29,112,1792,0.86502,12.519868121999025,12.519870329997502,0.7396,6bb2627b75bbf1c3cc1a35eaf5559aaeee0e0d51,112,28.0,True,1792,0.281698
41b76d2715542d49c5c48442,lhs30s2000:28,stage6,16,2,0.0,0.0,4.0,4.0,SUCCESS,True,4.668286,-0.402102,-2.910381,-7.441599,0.002496,0.0,/usr/local/bin/avl:sha256=758a9c634d7bfc26,2.3812,0.0,0.4533,False,0.0022643,0.009263687080578972,-0.13916,0.09676,-0.000749,-0.004113,-9.3e-05,0.015153,-0.012597,543da140a6d0eacdb86d907fc34529e875e43a4d9c573c356cb8894bc40452b3,-0.0004095,-0.0003094,-15.022096362877429,29,112,1792,0.86502,12.996887565997895,12.996891112001322,0.4133,6bb2627b75bbf1c3cc1a35eaf5559aaeee0e0d51,112,28.0,True,1792,0.282606
d3f862e371a8a53533f494fb,lhs30s2000:28,stage6,16,2,0.0,4.0,4.0,4.0,SUCCESS,True,4.672878,-0.398074,-2.920781,-7.453665,0.0026,0.0,/usr/local/bin/avl:sha256=758a9c634d7bfc26,2.3812,0.0,0.4533,False,0.0026945,0.009727426866515967,0.18723,-0.10706,-0.000857,-0.004103,-0.0001,0.015158,-0.012586,543da140a6d0eacdb86d907fc34529e875e43a4d9c573c356cb8894bc40452b3,-0.0004088,-0.000591,19.247638925406736,29,112,1792,0.86502,13.117264389999036,13.11726737999561,0.6271,6bb2627b75bbf1c3cc1a35eaf5559aaeee0e0d51,112,28.0,True,1792,0.283337
20f283014cddb9388b53e086,lhs30s2000:28,stage6,24,4,1.0,-2.0,4.0,4.0,SUCCESS,True,4.636754,-0.400574,-2.87341,-7.392427,0.00462,0.0,/usr/local/bin/avl:sha256=758a9c634d7bfc26,2.3812,0.0,0.4533,False,0.0060508,0.014780253669603779,-0.30348,0.19892,-0.000668,-0.004092,-0.00011,0.015043,-0.012524,543da140a6d0eacdb86d907fc34529e875e43a4d9c573c356cb8894bc40452b3,-0.0004048,-0.0001582,-20.532800504237596,29,224,5376,0.86502,101.21379232500476,101.21379423500184,0.7404,6bb2627b75bbf1c3cc1a35eaf5559aaeee0e0d51,224,28.0,True,5376,0.280913
94fdcbc7d8857b7567578680,lhs30s2000:28,stage6,24,4,1.0,0.0,4.0,4.0,SUCCESS,True,4.659483,-0.399565,-2.896591,-7.405904,0.002513,0.0,/usr/local/bin/avl:sha256=758a9c634d7bfc26,2.3812,0.0,0.4533,False,0.0023114,0.009312505069360016,-0.14119,0.09802,-0.000725,-0.004099,-0.000123,0.015111,-0.012559,543da140a6d0eacdb86d907fc34529e875e43a4d9c573c356cb8894bc40452b3,-0.0004059,-0.0003001,-15.161334028643166,29,224,5376,0.86502,107.96148925799935,107.96149157399486,0.4204,6bb2627b75bbf1c3cc1a35eaf5559aaeee0e0d51,224,28.0,True,5376,0.281798
4568aa7e8b51584be7dbf47a,lhs30s2000:28,stage6,24,4,1.0,4.0,4.0,4.0,SUCCESS,True,4.664482,-0.395574,-2.907183,-7.417921,0.002623,0.0,/usr/local/bin/avl:sha256=758a9c634d7bfc26,2.3812,0.0,0.4533,False,0.0026707,0.009693420150364535,0.18459,-0.10484,-0.000836,-0.004089,-0.000123,0.015123,-0.012546,543da140a6d0eacdb86d907fc34529e875e43a4d9c573c356cb8894bc40452b3,-0.0004052,-0.0005812,19.042814314930755,29,224,5376,0.86502,108.60375160900003,108.60375381099584,0.6178,6bb2627b75bbf1c3cc1a35eaf5559aaeee0e0d51,224,28.0,True,5376,0.282526
5491e9b5cb3f582e5771a879,lhs30s2000:28,stage6,48,2,1.0,-2.0,4.0,4.0,SUCCESS,True,4.645219,-0.403118,-2.880362,-7.406879,0.004608,0.0,/usr/local/bin/avl:sha256=758a9c634d7bfc26,2.3812,0.0,0.4533,False,0.006103,0.014814364053683773,-0.30276,0.1984,-0.000669,-0.004159,-0.000124,0.01528,-0.012705,543da140a6d0eacdb86d907fc34529e875e43a4d9c573c356cb8894bc40452b3,-0.0003953,-0.0001444,-20.43692182147468,29,112,5376,0.86502,108.84717191499658,108.84717432600155,0.7369,6bb2627b75bbf1c3cc1a35eaf5559aaeee0e0d51,112,28.0,True,5376,0.28108
e8cf832575c6122a3018512c,lhs30s2000:28,stage6,48,2,1.0,0.0,4.0,4.0,SUCCESS,True,4.667919,-0.402095,-2.903499,-7.420295,0.0025,0.0,/usr/local/bin/avl:sha256=758a9c634d7bfc26,2.3812,0.0,0.4533,False,0.0023459,0.009349264007974789,-0.14018,0.09726,-0.000728,-0.004166,-0.000135,0.01535,-0.01274,543da140a6d0eacdb86d907fc34529e875e43a4d9c573c356cb8894bc40452b3,-0.0003964,-0.0002893,-14.993693608441099,29,112,5376,0.86502,112.29492223300622,112.29492451901024,0.4117,6bb2627b75bbf1c3cc1a35eaf5559aaeee0e0d51,112,28.0,True,5376,0.28196
f69616f0028cd7744b4ded5f,lhs30s2000:29,stage6,8,2,0.0,-2.0,4.0,4.0,SUCCESS,True,3.89747,-0.317263,-2.461311,-6.41483,0.003298,0.0,/usr/local/bin/avl:sha256=758a9c634d7bfc26,1.6313,0.0,0.48403,False,0.0033264,0.011047318372925344,-0.19424,0.13656,-0.000396,-0.00207,8e-06,0.007863,-0.006504,543da140a6d0eacdb86d907fc34529e875e43a4d9c573c356cb8894bc40452b3,-0.0001779,-0.0001346,-17.582547496416996,29,112,896,0.63705,3.62778861100378,3.6277909310010727,0.8365,6bb2627b75bbf1c3cc1a35eaf5559aaeee0e0d51,112,28.0,True,896,0.305675
2243c02254fdeb8f8e5f0c39,lhs30s2000:29,stage6,8,2,0.0,0.0,4.0,4.0,SUCCESS,True,3.914875,-0.31701,-2.476175,-6.425881,0.002545,0.0,/usr/local/bin/avl:sha256=758a9c634d7bfc26,1.6313,0.0,0.48403,False,0.0007342,0.0073889110433402886,-0.05785,0.05036,-0.000452,-0.002077,4e-05,0.007903,-0.006525,543da140a6d0eacdb86d907fc34529e875e43a4d9c573c356cb8894bc40452b3,-0.0001786,-0.0001834,-7.829299833314528,29,112,896,0.63705,3.509380636001879,3.5093829530014773,0.3359,6bb2627b75bbf1c3cc1a35eaf5559aaeee0e0d51,112,28.0,True,896,0.306154
5212dd7d47e63367625ad678,lhs30s2000:29,stage6,8,2,0.0,4.0,4.0,4.0,SUCCESS,True,3.911238,-0.313199,-2.474932,-6.434814,0.004305,0.0,/usr/local/bin/avl:sha256=758a9c634d7bfc26,1.6313,0.0,0.48403,False,0.0036252,0.010553841440599548,0.21563,-0.12273,-0.00056,-0.002078,5.9e-05,0.007916,-0.006534,543da140a6d0eacdb86d907fc34529e875e43a4d9c573c356cb8894bc40452b3,-0.0001788,-0.0002797,20.431423118646965,29,112,896,0.63705,3.9198047000027145,3.919806712998252,0.9097,6bb2627b75bbf1c3cc1a35eaf5559aaeee0e0d51,112,28.0,True,896,0.306285
b8c7b81e10bd7fcddc0ce1c8,lhs30s2000:29,stage6,12,2,0.0,-2.0,4.0,4.0,SUCCESS,True,3.897188,-0.317319,-2.458194,-6.409027,0.003314,0.0,/usr/local/bin/avl:sha256=758a9c634d7bfc26,1.6313,0.0,0.48403,False,0.0034726,0.011206600218225322,-0.19788,0.13904,-0.000398,-0.002107,0.0,0.008004,-0.006605,543da140a6d0eacdb86d907fc34529e875e43a4d9c573c356cb8894bc40452b3,-0.0001644,-0.0001161,-17.657451514883814,29,112,1344,0.63705,7.568404173005547,7.568406566999329,0.8325,6bb2627b75bbf1c3cc1a35eaf5559aaeee0e0d51,112,28.0,True,1344,0.30531
2109faa8aeb53096d510a837,lhs30s2000:29,stage6,12,2,0.0,0.0,4.0,4.0,SUCCESS,True,3.914701,-0.317036,-2.473028,-6.419663,0.002553,0.0,/usr/local/bin/avl:sha256=758a9c634d7bfc26,1.6313,0.0,0.48403,False,0.0007832,0.007449664341829473,-0.0615,0.05295,-0.000455,-0.002113,3.4e-05,0.008045,-0.006626,543da140a6d0eacdb86d907fc34529e875e43a4d9c573c356cb8894bc40452b3,-0.0001651,-0.0001666,-8.255405502591673,29,112,1344,0.63705,7.8855949390053865,7.885597742002574,0.3498,6bb2627b75bbf1c3cc1a35eaf5559aaeee0e0d51,112,28.0,True,1344,0.305778
146c39e3abbf9319accb62cf,lhs30s2000:29,stage6,12,2,0.0,4.0,4.0,4.0,SUCCESS,True,3.910886,-0.313159,-2.471788,-6.427809,0.004304,0.0,/usr/local/bin/avl:sha256=758a9c634d7bfc26,1.6313,0.0,0.48403,False,0.0036113,0.01053103739586395,0.21196,-0.11991,-0.000566,-0.002114,5.8e-05,0.008059,-0.006635,543da140a6d0eacdb86d907fc34529e875e43a4d9c573c356cb8894bc40452b3,-0.0001653,-0.0002664,20.127171904569156,29,112,1344,0.63705,8.307163628996932,8.307165640995663,0.9027,6bb2627b75bbf1c3cc1a35eaf5559aaeee0e0d51,112,28.0,True,1344,0.305923
9ed1be3eab7d517635297a80,lhs30s2000:29,stage6,16,2,0.0,-2.0,4.0,4.0,SUCCESS,True,3.897038,-0.317341,-2.456532,-6.405014,0.003325,0.0,/usr/local/bin/avl:sha256=758a9c634d7bfc26,1.6313,0.0,0.48403,False,0.0035571,0.011297236911336047,-0.19954,0.14033,-0.000398,-0.002126,-4e-06,0.008076,-0.006656,543da140a6d0eacdb86d907fc34529e875e43a4d9c573c356cb8894bc40452b3,-0.0001577,-0.0001064,-17.66272598919958,29,112,1792,0.63705,12.83952039200085,12.8395229739981,0.8305,6bb2627b75bbf1c3cc1a35eaf5559aaeee0e0d51,112,28.0,True,1792,0.305115
988bfc408c79ef5cb137c1c0,lhs30s2000:29,stage6,16,2,0.0,0.0,4.0,4.0,SUCCESS,True,3.914639,-0.317045,-2.471372,-6.415479,0.00256,0.0,/usr/local/bin/avl:sha256=758a9c634d7bfc26,1.6313,0.0,0.48403,False,0.0008136,0.007485689127756795,-0.06316,0.05429,-0.000456,-0.002132,3.1e-05,0.008118,-0.006678,543da140a6d0eacdb86d907fc34529e875e43a4d9c573c356cb8894bc40452b3,-0.0001584,-0.0001575,-8.437432936642253,29,112,1792,0.63705,14.319101531997148,14.319103942994843,0.3553,6bb2627b75bbf1c3cc1a35eaf5559aaeee0e0d51,112,28.0,True,1792,0.305578
f5147df79468de15673eb8c5,lhs30s2000:29,stage6,16,2,0.0,4.0,4.0,4.0,SUCCESS,True,3.910762,-0.31314,-2.470171,-6.423304,0.00431,0.0,/usr/local/bin/avl:sha256=758a9c634d7bfc26,1.6313,0.0,0.48403,False,0.0036117,0.01052755590546204,0.2103,-0.11845,-0.000569,-0.002133,5.7e-05,0.008133,-0.006686,543da140a6d0eacdb86d907fc34529e875e43a4d9c573c356cb8894bc40452b3,-0.0001586,-0.0002586,19.976146589816683,29,112,1792,0.63705,13.723954728004173,13.72395678999601,0.8991,6bb2627b75bbf1c3cc1a35eaf5559aaeee0e0d51,112,28.0,True,1792,0.305733
386dc8d05f586c726901acfb,lhs30s2000:29,stage6,24,4,1.0,-2.0,4.0,4.0,SUCCESS,True,3.881975,-0.315301,-2.440629,-6.364688,0.003346,0.0,/usr/local/bin/avl:sha256=758a9c634d7bfc26,1.6313,0.0,0.48403,False,0.0037116,0.011459488905469186,-0.20052,0.14079,-0.000388,-0.00212,-1.8e-05,0.008068,-0.006648,543da140a6d0eacdb86d907fc34529e875e43a4d9c573c356cb8894bc40452b3,-0.0001546,-0.0001009,-17.498162584223046,29,224,5376,0.63705,108.3975998140013,108.39760190200468,0.8265,6bb2627b75bbf1c3cc1a35eaf5559aaeee0e0d51,224,28.0,True,5376,0.304316
72a37f76c8a1122c33a82c19,lhs30s2000:29,stage6,24,4,1.0,0.0,4.0,4.0,SUCCESS,True,3.899827,-0.315012,-2.455426,-6.375016,0.002578,0.0,/usr/local/bin/avl:sha256=758a9c634d7bfc26,1.6313,0.0,0.48403,False,0.0008659,0.007538708576984804,-0.06466,0.05531,-0.000447,-0.002126,1.8e-05,0.008112,-0.006669,543da140a6d0eacdb86d907fc34529e875e43a4d9c573c356cb8894bc40452b3,-0.0001553,-0.0001521,-8.577065864756046,29,224,5376,0.63705,108.42460436499096,108.42460778499662,0.3639,6bb2627b75bbf1c3cc1a35eaf5559aaeee0e0d51,224,28.0,True,5376,0.30476
73baa8b511ece4bf718f584c,lhs30s2000:29,stage6,24,4,1.0,4.0,4.0,4.0,SUCCESS,True,3.896007,-0.311132,-2.45434,-6.382647,0.004331,0.0,/usr/local/bin/avl:sha256=758a9c634d7bfc26,1.6313,0.0,0.48403,False,0.0036266,0.010534527919766551,0.20777,-0.11633,-0.000561,-0.002127,4.8e-05,0.00813,-0.006676,543da140a6d0eacdb86d907fc34529e875e43a4d9c573c356cb8894bc40452b3,-0.0001556,-0.0002535,19.722763239361587,29,224,5376,0.63705,107.36169664599583,107.3617006699933,0.8895,6bb2627b75bbf1c3cc1a35eaf5559aaeee0e0d51,224,28.0,True,5376,0.304924
f7f21198f8b76ba8834bce55,lhs30s2000:29,stage6,48,2,1.0,-2.0,4.0,4.0,SUCCESS,True,3.896663,-0.317361,-2.451053,-6.387878,0.003357,0.0,/usr/local/bin/avl:sha256=758a9c634d7bfc26,1.6313,0.0,0.48403,False,0.003757,0.011498732149347364,-0.20056,0.14083,-0.000392,-0.002155,-2.4e-05,0.008186,-0.006733,543da140a6d0eacdb86d907fc34529e875e43a4d9c573c356cb8894bc40452b3,-0.0001468,-9.255e-05,-17.441922935076214,29,112,5376,0.63705,110.27275105399895,110.27275826600089,0.8284,6bb2627b75bbf1c3cc1a35eaf5559aaeee0e0d51,112,28.0,True,5376,0.304464
378006c81e1871a2979018d5,lhs30s2000:29,stage6,48,2,1.0,0.0,4.0,4.0,SUCCESS,True,3.914529,-0.317054,-2.465809,-6.398097,0.002587,0.0,/usr/local/bin/avl:sha256=758a9c634d7bfc26,1.6313,0.0,0.48403,False,0.0008796,0.007555321313310344,-0.06419,0.05499,-0.000452,-0.002162,1.4e-05,0.008232,-0.006755,543da140a6d0eacdb86d907fc34529e875e43a4d9c573c356cb8894bc40452b3,-0.0001474,-0.0001442,-8.495998692592376,29,112,5376,0.63705,106.81746116900467,106.81746368399763,0.3569,6bb2627b75bbf1c3cc1a35eaf5559aaeee0e0d51,112,28.0,True,5376,0.304899
fe07bee534e1746bcdcfa694,lhs30s2000:00,stage6b,8,2,0.0,-2.0,0.0,0.0,SUCCESS,True,3.723812,-0.295873,-1.865966,-4.620341,0.001899,0.0,/usr/local/bin/avl:sha256=758a9c634d7bfc26,1.7165,0.0,0.5539,False,0.0046157,0.013208112605377062,-0.23482,0.13865,-0.000339,-0.002481,-0.000102,0.009701,-0.006532,543da140a6d0eacdb86d907fc34529e875e43a4d9c573c356cb8894bc40452b3,-2.952e-19,5.938e-05,-17.77846744768091,29,112,896,0.77939,2.9803013740020106,2.9803043749998324,0.9944,6bb2627b75bbf1c3cc1a35eaf5559aaeee0e0d51,112,28.0,True,896,0.277554
13bef1e1d28fe3aa715a07f4,lhs30s2000:00,stage6b,8,2,0.0,0.0,0.0,0.0,SUCCESS,True,3.743233,-0.29621,-1.878684,-4.626405,0.001692,0.0,/usr/local/bin/avl:sha256=758a9c634d7bfc26,1.7165,0.0,0.5539,False,0.0010002,0.008190021889412561,-0.10445,0.07327,-0.000433,-0.002488,-6.1e-05,0.009756,-0.006554,543da140a6d0eacdb86d907fc34529e875e43a4d9c573c356cb8894bc40452b3,5.506e-20,2.302e-06,-12.753323667550271,29,112,896,0.77939,2.7585614580020774,2.7585643519996665,0.9154,6bb2627b75bbf1c3cc1a35eaf5559aaeee0e0d51,112,28.0,True,896,0.277996
4a2b77ad2df0c9e74c51402b,lhs30s2000:00,stage6b,8,2,0.0,4.0,0.0,0.0,SUCCESS,True,3.743195,-0.293527,-1.880198,-4.627483,0.004325,0.0,/usr/local/bin/avl:sha256=758a9c634d7bfc26,1.7165,0.0,0.5539,False,0.002197,0.008617469439333727,0.15717,-0.05813,-0.000619,-0.00249,4e-06,0.009784,-0.006563,543da140a6d0eacdb86d907fc34529e875e43a4d9c573c356cb8894bc40452b3,7.395e-19,-0.0001119,18.23853291345723,29,112,896,0.77939,2.845635777004645,2.845639574996312,0.9005,6bb2627b75bbf1c3cc1a35eaf5559aaeee0e0d51,112,28.0,True,896,0.278223
6f0cbb12b9ce3e5265f05d54,lhs30s2000:00,stage6b,12,2,0.0,-2.0,0.0,0.0,SUCCESS,True,3.723777,-0.295929,-1.862438,-4.615189,0.0019,0.0,/usr/local/bin/avl:sha256=758a9c634d7bfc26,1.7165,0.0,0.5539,False,0.0047703,0.013403098244380797,-0.23892,0.1409,-0.00034,-0.002527,-0.000114,0.009883,-0.006633,543da140a6d0eacdb86d907fc34529e875e43a4d9c573c356cb8894bc40452b3,1.546e-18,6.583e-05,-17.825729219001015,29,112,1344,0.77939,5.943847661008476,5.943851157993777,0.9946,6bb2627b75bbf1c3cc1a35eaf5559aaeee0e0d51,112,28.0,True,1344,0.277032
74714181ad02a4a113ddb7ac,lhs30s2000:00,stage6b,12,2,0.0,0.0,0.0,0.0,SUCCESS,True,3.743314,-0.296242,-1.87516,-4.620974,0.001693,0.0,/usr/local/bin/avl:sha256=758a9c634d7bfc26,1.7165,0.0,0.5539,False,0.001051,0.008269219232305688,-0.10856,0.07564,-0.000436,-0.002534,-7e-05,0.009941,-0.006655,543da140a6d0eacdb86d907fc34529e875e43a4d9c573c356cb8894bc40452b3,1.246e-18,5.773e-06,-13.128204362497046,29,112,1344,0.77939,6.293247068999335,6.2932499300077325,0.9273,6bb2627b75bbf1c3cc1a35eaf5559aaeee0e0d51,112,28.0,True,1344,0.277469
7a0baf2e2903ff43a32c970f,lhs30s2000:00,stage6b,12,2,0.0,4.0,0.0,0.0,SUCCESS,True,3.743298,-0.293512,-1.876746,-4.621534,0.004336,0.0,/usr/local/bin/avl:sha256=758a9c634d7bfc26,1.7165,0.0,0.5539,False,0.0021097,0.008522519912850933,0.15308,-0.05551,-0.000626,-0.002536,1e-06,0.00997,-0.006664,543da140a6d0eacdb86d907fc34529e875e43a4d9c573c356cb8894bc40452b3,6.505e-19,-0.0001145,17.96182368188707,29,112,1344,0.77939,6.027456347001134,6.027459813005407,0.904,6bb2627b75bbf1c3cc1a35eaf5559aaeee0e0d51,112,28.0,True,1344,0.277705
b27ae4949bc9005f773f7b0d,lhs30s2000:00,stage6b,16,2,0.0,-2.0,0.0,0.0,SUCCESS,True,3.723818,-0.295958,-1.860721,-4.611782,0.001902,0.0,/usr/local/bin/avl:sha256=758a9c634d7bfc26,1.7165,0.0,0.5539,False,0.0048507,0.013501921183311023,-0.24077,0.14208,-0.000339,-0.00255,-0.000121,0.009977,-0.006684,543da140a6d0eacdb86d907fc34529e875e43a4d9c573c356cb8894bc40452b3,-2.395e-18,6.979e-05,-17.832277105690892,29,112,1792,0.77939,10.187967924008262,10.187971362000098,0.9948,6bb2627b75bbf1c3cc1a35eaf5559aaeee0e0d51,112,28.0,True,1792,0.276774
3090fcdb70cfeaa14bb9babf,lhs30s2000:00,stage6b,16,2,0.0,0.0,0.0,0.0,SUCCESS,True,3.743416,-0.29626,-1.873454,-4.617439,0.001697,0.0,/usr/local/bin/avl:sha256=758a9c634d7bfc26,1.7165,0.0,0.5539,False,0.0010789,0.008309937472828382,-0.11041,0.07688,-0.000437,-0.002558,-7.5e-05,0.010036,-0.006707,543da140a6d0eacdb86d907fc34529e875e43a4d9c573c356cb8894bc40452b3,-1.914e-18,8.567e-06,-13.286501897398837,29,112,1792,0.77939,11.24491404199216,11.244917391988565,0.9323,6bb2627b75bbf1c3cc1a35eaf5559aaeee0e0d51,112,28.0,True,1792,0.277209
50b882e742e9d1ba316a5703,lhs30s2000:00,stage6b,16,2,0.0,4.0,0.0,0.0,SUCCESS,True,3.743402,-0.293507,-1.875095,-4.617767,0.004347,0.0,/usr/local/bin/avl:sha256=758a9c634d7bfc26,1.7165,0.0,0.5539,False,0.0020725,0.008481850770277742,0.15123,-0.05416,-0.000629,-0.00256,-2e-06,0.010066,-0.006715,543da140a6d0eacdb86d907fc34529e875e43a4d9c573c356cb8894bc40452b3,-8.674e-19,-0.000114,17.829835031988885,29,112,1792,0.77939,10.638324105006177,10.638326504005818,0.906,6bb2627b75bbf1c3cc1a35eaf5559aaeee0e0d51,112,28.0,True,1792,0.277453
bb115f3123f4c30ecfe0e311,lhs30s2000:00,stage6b,24,4,1.0,-2.0,0.0,0.0,SUCCESS,True,3.715175,-0.293983,-1.850457,-4.589565,0.001927,0.0,/usr/local/bin/avl:sha256=758a9c634d7bfc26,1.7165,0.0,0.5539,False,0.0049738,0.01362862680694038,-0.24165,0.14232,-0.000329,-0.002541,-0.000137,0.009952,-0.006667,543da140a6d0eacdb86d907fc34529e875e43a4d9c573c356cb8894bc40452b3,-9.843e-19,7.247e-05,-17.731060027041,29,224,5376,0.77939,86.43809449700348,86.43855989199074,0.9902,6bb2627b75bbf1c3cc1a35eaf5559aaeee0e0d51,224,28.0,True,5376,0.275887
00bfe2fed486c98749eeecf9,lhs30s2000:00,stage6b,24,4,1.0,0.0,0.0,0.0,SUCCESS,True,3.734898,-0.294275,-1.86315,-4.595141,0.001714,0.0,/usr/local/bin/avl:sha256=758a9c634d7bfc26,1.7165,0.0,0.5539,False,0.0011249,0.008357072397547132,-0.11159,0.07749,-0.000427,-0.002548,-8.9e-05,0.010014,-0.00669,543da140a6d0eacdb86d907fc34529e875e43a4d9c573c356cb8894bc40452b3,-5.655e-19,1.12e-05,-13.352762150624967,29,224,5376,0.77939,88.93817890099308,88.93818295099481,0.932,6bb2627b75bbf1c3cc1a35eaf5559aaeee0e0d51,224,28.0,True,5376,0.276313
f5e41608d2643745416d1e78,lhs30s2000:00,stage6b,24,4,1.0,4.0,0.0,0.0,SUCCESS,True,3.734914,-0.291521,-1.864837,-4.595344,0.004371,0.0,/usr/local/bin/avl:sha256=758a9c634d7bfc26,1.7165,0.0,0.5539,False,0.0020479,0.008450967169496535,0.14946,-0.05283,-0.00062,-0.002551,-1.2e-05,0.010048,-0.006697,543da140a6d0eacdb86d907fc34529e875e43a4d9c573c356cb8894bc40452b3,2.919e-19,-0.0001115,17.68554971311101,29,224,5376,0.77939,85.58712095298688,85.5871232609934,0.9044,6bb2627b75bbf1c3cc1a35eaf5559aaeee0e0d51,224,28.0,True,5376,0.276562
bb479f7f844699b3bd0620f2,lhs30s2000:00,stage6b,48,2,1.0,-2.0,0.0,0.0,SUCCESS,True,3.723956,-0.296002,-1.855572,-4.597929,0.001913,0.0,/usr/local/bin/avl:sha256=758a9c634d7bfc26,1.7165,0.0,0.5539,False,0.005025,0.013695006851981087,-0.24214,0.14259,-0.000331,-0.002586,-0.000147,0.010116,-0.006759,543da140a6d0eacdb86d907fc34529e875e43a4d9c573c356cb8894bc40452b3,-1.444e-18,7.361e-05,-17.680896593707992,29,112,5376,0.77939,85.3184295079991,85.31843187700724,0.9951,6bb2627b75bbf1c3cc1a35eaf5559aaeee0e0d51,112,28.0,True,5376,0.275998
0b931909d5fd6b02527c1aa5,lhs30s2000:00,stage6b,48,2,1.0,0.0,0.0,0.0,SUCCESS,True,3.743686,-0.296287,-1.868225,-4.603381,0.001713,0.0,/usr/local/bin/avl:sha256=758a9c634d7bfc26,1.7165,0.0,0.5539,False,0.0011451,0.008387975772259538,-0.11177,0.07757,-0.00043,-0.002594,-9.7e-05,0.010179,-0.006782,543da140a6d0eacdb86d907fc34529e875e43a4d9c573c356cb8894bc40452b3,-1.008e-18,1.123e-05,-13.325026565961526,29,112,5376,0.77939,89.00277808999817,89.00278068699117,0.9359,6bb2627b75bbf1c3cc1a35eaf5559aaeee0e0d51,112,28.0,True,5376,0.276415
f1f74fd03af02f34fcd6aabf,lhs30s2000:00,stage6b,48,2,1.0,4.0,0.0,0.0,SUCCESS,True,3.743459,-0.293499,-1.869794,-4.603362,0.004382,0.0,/usr/local/bin/avl:sha256=758a9c634d7bfc26,1.7165,0.0,0.5539,False,0.002081,0.008488097226949648,0.14989,-0.05309,-0.000627,-0.002597,-1.6e-05,0.010215,-0.006789,543da140a6d0eacdb86d907fc34529e875e43a4d9c573c356cb8894bc40452b3,-1.709e-19,-0.0001137,17.658845792211277,29,112,5376,0.77939,88.01097127699177,88.01097329899494,0.9066,6bb2627b75bbf1c3cc1a35eaf5559aaeee0e0d51,112,28.0,True,5376,0.276664
3bc51fdcd3e4e6f3e619e7bf,lhs30s2000:01,stage6b,8,2,0.0,-2.0,0.0,0.0,SUCCESS,True,3.372645,-0.259882,-1.540327,-3.580938,0.002277,0.0,/usr/local/bin/avl:sha256=758a9c634d7bfc26,1.5594,0.0,0.62927,False,0.0048167,0.01306417518759636,-0.22015,0.11776,-0.000131,-0.003059,-0.000144,0.013711,-0.008641,543da140a6d0eacdb86d907fc34529e875e43a4d9c573c356cb8894bc40452b3,-9.026e-21,0.0002866,-16.8514274218413,29,112,896,0.74569,2.994989450991852,2.9949929529975634,0.9702,6bb2627b75bbf1c3cc1a35eaf5559aaeee0e0d51,112,28.0,True,896,0.287395
8916389f685f2fbdaecb5907,lhs30s2000:01,stage6b,8,2,0.0,0.0,0.0,0.0,SUCCESS,True,3.389558,-0.260265,-1.549449,-3.583552,0.001681,0.0,/usr/local/bin/avl:sha256=758a9c634d7bfc26,1.5594,0.0,0.62927,False,0.0011388,0.008066445877866498,-0.10209,0.06381,-0.00027,-0.003064,-7e-05,0.013765,-0.008659,543da140a6d0eacdb86d907fc34529e875e43a4d9c573c356cb8894bc40452b3,-6.031e-19,0.0001636,-12.656131528772109,29,112,896,0.74569,2.886909927998204,2.8869125229975907,0.9043,6bb2627b75bbf1c3cc1a35eaf5559aaeee0e0d51,112,28.0,True,896,0.287654
a776ce206136f1b9093e81c5,lhs30s2000:01,stage6b,8,2,0.0,4.0,0.0,0.0,SUCCESS,True,3.387158,-0.257746,-1.548292,-3.580663,0.004262,0.0,/usr/local/bin/avl:sha256=758a9c634d7bfc26,1.5594,0.0,0.62927,False,0.0017557,0.008066028930700127,0.13474,-0.04448,-0.000547,-0.003058,3.5e-05,0.013753,-0.008645,543da140a6d0eacdb86d907fc34529e875e43a4d9c573c356cb8894bc40452b3,-1.72e-18,-8.336e-05,16.704626422447586,29,112,896,0.74569,2.9859177010075655,2.9859206010005437,0.9655,6bb2627b75bbf1c3cc1a35eaf5559aaeee0e0d51,112,28.0,True,896,0.287643
b71bbcbad2b36010125bef8a,lhs30s2000:01,stage6b,12,2,0.0,-2.0,0.0,0.0,SUCCESS,True,3.373312,-0.259931,-1.538011,-3.578389,0.00233,0.0,/usr/local/bin/avl:sha256=758a9c634d7bfc26,1.5594,0.0,0.62927,False,0.004947,0.013230464598765269,-0.22362,0.11934,-0.00012,-0.003116,-0.000159,0.013975,-0.008782,543da140a6d0eacdb86d907fc34529e875e43a4d9c573c356cb8894bc40452b3,-3.06e-18,0.0003199,-16.901900785923218,29,112,1344,0.74569,6.007640677999007,6.007643488002941,0.9676,6bb2627b75bbf1c3cc1a35eaf5559aaeee0e0d51,112,28.0,True,1344,0.286906
7a21b4b24e310c2bae08792d,lhs30s2000:01,stage6b,12,2,0.0,0.0,0.0,0.0,SUCCESS,True,3.390441,-0.260288,-1.547169,-3.580887,0.001738,0.0,/usr/local/bin/avl:sha256=758a9c634d7bfc26,1.5594,0.0,0.62927,False,0.0011819,0.008134591872317683,-0.10554,0.06547,-0.000264,-0.003122,-8e-05,0.014031,-0.0088,543da140a6d0eacdb86d907fc34529e875e43a4d9c573c356cb8894bc40452b3,-1.351e-18,0.0001856,-12.974221897862696,29,112,1344,0.74569,6.148166283994215,6.148170601998572,0.9009,6bb2627b75bbf1c3cc1a35eaf5559aaeee0e0d51,112,28.0,True,1344,0.287156
3e0fba73fe614936b7340333,lhs30s2000:01,stage6b,12,2,0.0,4.0,0.0,0.0,SUCCESS,True,3.388268,-0.257715,-1.546134,-3.5778,0.004335,0.0,/usr/local/bin/avl:sha256=758a9c634d7bfc26,1.5594,0.0,0.62927,False,0.0016924,0.00799580787002544,0.13137,-0.04266,-0.00055,-0.003116,3.4e-05,0.01402,-0.008785,543da140a6d0eacdb86d907fc34529e875e43a4d9c573c356cb8894bc40452b3,2.064e-18,-8.432e-05,16.429859513317947,29,112,1344,0.74569,6.206086817008327,6.206090681997011,0.9639,6bb2627b75bbf1c3cc1a35eaf5559aaeee0e0d51,112,28.0,True,1344,0.287148
e8b09ee5a8b54f9f21dbdd8e,lhs30s2000:01,stage6b,16,2,0.0,-2.0,0.0,0.0,SUCCESS,True,3.373745,-0.259952,-1.536955,-3.576787,0.002365,0.0,/usr/local/bin/avl:sha256=758a9c634d7bfc26,1.5594,0.0,0.62927,False,0.0050204,0.01332094026837442,-0.2252,0.12021,-0.000113,-0.003137,-0.000168,0.014071,-0.008825,543da140a6d0eacdb86d907fc34529e875e43a4d9c573c356cb8894bc40452b3,1.7e-18,0.0003304,-16.90571352043767,29,112,1792,0.74569,10.400753412002814,10.400757453011465,0.9664,6bb2627b75bbf1c3cc1a35eaf5559aaeee0e0d51,112,28.0,True,1792,0.286672
b1ef0a2389a68da46640f1c8,lhs30s2000:01,stage6b,16,2,0.0,0.0,0.0,0.0,SUCCESS,True,3.390996,-0.260299,-1.546142,-3.579238,0.001776,0.0,/usr/local/bin/avl:sha256=758a9c634d7bfc26,1.5594,0.0,0.62927,False,0.0012078,0.008171669264515593,-0.1071,0.06638,-0.000259,-0.003142,-8.7e-05,0.014129,-0.008843,543da140a6d0eacdb86d907fc34529e875e43a4d9c573c356cb8894bc40452b3,1.371e-18,0.0001962,-13.106257305966576,29,112,1792,0.74569,10.56926974299131,10.56927319499664,0.8993,6bb2627b75bbf1c3cc1a35eaf5559aaeee0e0d51,112,28.0,True,1792,0.286919
ea456abca9d784536703d8cd,lhs30s2000:01,stage6b,16,2,0.0,4.0,0.0,0.0,SUCCESS,True,3.388942,-0.257702,-1.545189,-3.57607,0.004383,0.0,/usr/local/bin/avl:sha256=758a9c634d7bfc26,1.5594,0.0,0.62927,False,0.0016639,0.007964349009603976,0.12985,-0.04168,-0.000549,-0.003136,3.2e-05,0.014119,-0.008828,543da140a6d0eacdb86d907fc34529e875e43a4d9c573c356cb8894bc40452b3,5.189e-19,-7.339e-05,16.303906300868743,29,112,1792,0.74569,10.721849743000348,10.721851843991317,0.9631,6bb2627b75bbf1c3cc1a35eaf5559aaeee0e0d51,112,28.0,True,1792,0.286916
96160525fec94bcec1994e44,lhs30s2000:01,stage6b,24,4,1.0,-2.0,0.0,0.0,SUCCESS,True,3.364679,-0.258132,-1.528023,-3.557846,0.002413,0.0,/usr/local/bin/avl:sha256=758a9c634d7bfc26,1.5594,0.0,0.62927,False,0.0051783,0.013473983864498896,-0.22586,0.12028,-8.9e-05,-0.003128,-0.00019,0.014042,-0.008805,543da140a6d0eacdb86d907fc34529e875e43a4d9c573c356cb8894bc40452b3,8.275e-18,0.0003366,-16.762674074079413,29,224,5376,0.74569,87.6220992969902,87.62245312500454,0.9629,6bb2627b75bbf1c3cc1a35eaf5559aaeee0e0d51,224,28.0,True,5376,0.285774
fe7887d6d2a19e904a191a22,lhs30s2000:01,stage6b,24,4,1.0,0.0,0.0,0.0,SUCCESS,True,3.382173,-0.258479,-1.537205,-3.560279,0.001823,0.0,/usr/local/bin/avl:sha256=758a9c634d7bfc26,1.5594,0.0,0.62927,False,0.0012725,0.008235803059761942,-0.10807,0.06676,-0.000237,-0.003133,-0.000106,0.014103,-0.008823,543da140a6d0eacdb86d907fc34529e875e43a4d9c573c356cb8894bc40452b3,5.146e-18,0.0002034,-13.121974774749384,29,224,5376,0.74569,86.98530915800075,86.98531163998996,0.899,6bb2627b75bbf1c3cc1a35eaf5559aaeee0e0d51,224,28.0,True,5376,0.286005
c652e7ebefc8cbb9b5a66719,lhs30s2000:01,stage6b,24,4,1.0,4.0,0.0,0.0,SUCCESS,True,3.380306,-0.255893,-1.536354,-3.557114,0.004442,0.0,/usr/local/bin/avl:sha256=758a9c634d7bfc26,1.5594,0.0,0.62927,False,0.0016523,0.007944141579722428,0.12827,-0.04068,-0.000531,-0.003127,1.8e-05,0.014099,-0.008808,543da140a6d0eacdb86d907fc34529e875e43a4d9c573c356cb8894bc40452b3,-1.591e-18,-6.417e-05,16.146489675789717,29,224,5376,0.74569,89.46514331699291,89.4651465319912,0.9579,6bb2627b75bbf1c3cc1a35eaf5559aaeee0e0d51,224,28.0,True,5376,0.286004
bfcfd85f36af1494249ad28b,lhs30s2000:01,stage6b,48,2,1.0,-2.0,0.0,0.0,SUCCESS,True,3.374268,-0.259962,-1.533349,-3.56827,0.002436,0.0,/usr/local/bin/avl:sha256=758a9c634d7bfc26,1.5594,0.0,0.62927,False,0.0052432,0.013558828855476993,-0.22635,0.12054,-8.1e-05,-0.003168,-0.000202,0.014209,-0.008883,543da140a6d0eacdb86d907fc34529e875e43a4d9c573c356cb8894bc40452b3,5.793e-19,0.0003379,-16.69391968972066,29,112,5376,0.74569,85.77330121101113,85.77330559599795,0.9661,6bb2627b75bbf1c3cc1a35eaf5559aaeee0e0d51,112,28.0,True,5376,0.285955
19f0032a618fe10493290632,lhs30s2000:01,stage6b,48,2,1.0,0.0,0.0,0.0,SUCCESS,True,3.391867,-0.260307,-1.542527,-3.570669,0.001851,0.0,/usr/local/bin/avl:sha256=758a9c634d7bfc26,1.5594,0.0,0.62927,False,0.0012947,0.008268574098526804,-0.10822,0.06684,-0.000231,-0.003173,-0.000115,0.014272,-0.008901,543da140a6d0eacdb86d907fc34529e875e43a4d9c573c356cb8894bc40452b3,-3.367e-19,0.0002029,-13.088109111736854,29,112,5376,0.74569,85.51243209300446,85.51243420499668,0.8999,6bb2627b75bbf1c3cc1a35eaf5559aaeee0e0d51,112,28.0,True,5376,0.286174
98d188606fb37caea4aa1fc2,lhs30s2000:01,stage6b,48,2,1.0,4.0,0.0,0.0,SUCCESS,True,3.389933,-0.257686,-1.541614,-3.567434,0.004476,0.0,/usr/local/bin/avl:sha256=758a9c634d7bfc26,1.5594,0.0,0.62927,False,0.0016697,0.007968181813270366,0.12879,-0.04098,-0.000531,-0.003167,1.5e-05,0.014268,-0.008886,543da140a6d0eacdb86d907fc34529e875e43a4d9c573c356cb8894bc40452b3,-1.453e-18,-6.816e-05,16.163034807452636,29,112,5376,0.74569,87.51124176599842,87.51124429400079,0.9627,6bb2627b75bbf1c3cc1a35eaf5559aaeee0e0d51,112,28.0,True,5376,0.286168
ba8e9c876737ef9a53939ad6,lhs30s2000:02,stage6b,8,2,0.0,-2.0,0.0,0.0,SUCCESS,True,3.931511,-0.318137,-1.861279,-4.561594,0.002253,0.0,/usr/local/bin/avl:sha256=758a9c634d7bfc26,2.2771,0.0,0.65443,False,0.0032792,0.010953328751828511,-0.20401,0.1167,-0.000464,-0.003464,-4.7e-05,0.013756,-0.009121,543da140a6d0eacdb86d907fc34529e875e43a4d9c573c356cb8894bc40452b3,8.303e-19,0.0002131,-18.625388192237292,29,112,896,1.2584,3.0731802570080617,3.073184756998671,0.981,6bb2627b75bbf1c3cc1a35eaf5559aaeee0e0d51,112,28.0,True,896,0.309824
9b9bcab152075f87980550df,lhs30s2000:02,stage6b,8,2,0.0,0.0,0.0,0.0,SUCCESS,True,3.948818,-0.318975,-1.872844,-4.569034,0.00153,0.0,/usr/local/bin/avl:sha256=758a9c634d7bfc26,2.2771,0.0,0.65443,False,0.000423,0.006890106447917775,-0.06643,0.0515,-0.000589,-0.003475,-1.6e-05,0.013817,-0.009151,543da140a6d0eacdb86d907fc34529e875e43a4d9c573c356cb8894bc40452b3,8e-19,6.153e-05,-9.641360478556248,29,112,896,1.2584,2.8963859119976405,2.8963891050079837,0.8246,6bb2627b75bbf1c3cc1a35eaf5559aaeee0e0d51,112,28.0,True,896,0.310383
155e79f50b647e52607d184f,lhs30s2000:02,stage6b,8,2,0.0,4.0,0.0,0.0,SUCCESS,True,3.943024,-0.317245,-1.870975,-4.571095,0.003555,0.0,/usr/local/bin/avl:sha256=758a9c634d7bfc26,2.2771,0.0,0.65443,False,0.0033965,0.009584410924243593,0.20936,-0.07938,-0.000837,-0.003477,3.6e-05,0.013821,-0.009152,543da140a6d0eacdb86d907fc34529e875e43a4d9c573c356cb8894bc40452b3,7.702e-19,-0.0002427,21.843804658920423,29,112,896,1.2584,2.7349164399929577,2.734919539987459,0.9755,6bb2627b75bbf1c3cc1a35eaf5559aaeee0e0d51,112,28.0,True,896,0.310528
c608338c0369a6a31bf144ce,lhs30s2000:02,stage6b,12,2,0.0,-2.0,0.0,0.0,SUCCESS,True,3.931602,-0.318208,-1.857321,-4.556207,0.002272,0.0,/usr/local/bin/avl:sha256=758a9c634d7bfc26,2.2771,0.0,0.65443,False,0.0034245,0.01113477651659351,-0.20873,0.11911,-0.000465,-0.003532,-6e-05,0.014026,-0.009273,543da140a6d0eacdb86d907fc34529e875e43a4d9c573c356cb8894bc40452b3,-1.907e-18,0.0002432,-18.745773629936966,29,112,1344,1.2584,6.353526847000467,6.353529849002371,0.9786,6bb2627b75bbf1c3cc1a35eaf5559aaeee0e0d51,112,28.0,True,1344,0.309158
769017bdc7613d928a246732,lhs30s2000:02,stage6b,12,2,0.0,0.0,0.0,0.0,SUCCESS,True,3.949101,-0.319018,-1.86893,-4.563431,0.001535,0.0,/usr/local/bin/avl:sha256=758a9c634d7bfc26,2.2771,0.0,0.65443,False,0.0004681,0.0069639614056225384,-0.07115,0.05404,-0.000593,-0.003543,-2.5e-05,0.01409,-0.009303,543da140a6d0eacdb86d907fc34529e875e43a4d9c573c356cb8894bc40452b3,-1.092e-18,7.777e-05,-10.216886030206194,29,112,1344,1.2584,6.0398540619935375,6.039857096999185,0.8308,6bb2627b75bbf1c3cc1a35eaf5559aaeee0e0d51,112,28.0,True,1344,0.309712
292d0eb4cf9742da63ae3ba3,lhs30s2000:02,stage6b,12,2,0.0,4.0,0.0,0.0,SUCCESS,True,3.943616,-0.317233,-1.867232,-4.565121,0.003535,0.0,/usr/local/bin/avl:sha256=758a9c634d7bfc26,2.2771,0.0,0.65443,False,0.0032662,0.009444320874223108,0.20467,-0.07657,-0.000846,-0.003545,3.4e-05,0.014096,-0.009303,543da140a6d0eacdb86d907fc34529e875e43a4d9c573c356cb8894bc40452b3,2.867e-19,-0.0002544,21.671224720733157,29,112,1344,1.2584,5.895422967005288,5.895425445007277,0.975,6bb2627b75bbf1c3cc1a35eaf5559aaeee0e0d51,112,28.0,True,1344,0.309861
48db6d06b2cb455d10846d3b,lhs30s2000:02,stage6b,16,2,0.0,-2.0,0.0,0.0,SUCCESS,True,3.931638,-0.318236,-1.855376,-4.552636,0.002281,0.0,/usr/local/bin/avl:sha256=758a9c634d7bfc26,2.2771,0.0,0.65443,False,0.003496,0.011222845893467545,-0.21086,0.12037,-0.000463,-0.003553,-6.8e-05,0.014111,-0.009308,543da140a6d0eacdb86d907fc34529e875e43a4d9c573c356cb8894bc40452b3,-6.515e-18,0.0002535,-18.788460788072904,29,112,1792,1.2584,10.282571051997365,10.282574286000454,0.9774,6bb2627b75bbf1c3cc1a35eaf5559aaeee0e0d51,112,28.0,True,1792,0.308831
1ef00549f68f468976ce0511,lhs30s2000:02,stage6b,16,2,0.0,0.0,0.0,0.0,SUCCESS,True,3.949243,-0.319035,-1.867022,-4.559772,0.001539,0.0,/usr/local/bin/avl:sha256=758a9c634d7bfc26,2.2771,0.0,0.65443,False,0.0004914,0.0070002243558730205,-0.07328,0.05537,-0.000593,-0.003564,-3.1e-05,0.014176,-0.009338,543da140a6d0eacdb86d907fc34529e875e43a4d9c573c356cb8894bc40452b3,-2.838e-18,9.029e-05,-10.468235912827542,29,112,1792,1.2584,10.992399273003684,10.992403537005885,0.8326,6bb2627b75bbf1c3cc1a35eaf5559aaeee0e0d51,112,28.0,True,1792,0.309384
2ab72799192b4a0a1307d826,lhs30s2000:02,stage6b,16,2,0.0,4.0,0.0,0.0,SUCCESS,True,3.943921,-0.317231,-1.865441,-4.561321,0.003531,0.0,/usr/local/bin/avl:sha256=758a9c634d7bfc26,2.2771,0.0,0.65443,False,0.0032089,0.009382809967947402,0.20256,-0.07511,-0.000848,-0.003566,3.1e-05,0.014183,-0.009338,543da140a6d0eacdb86d907fc34529e875e43a4d9c573c356cb8894bc40452b3,4.307e-18,-0.0002376,21.588415484483306,29,112,1792,1.2584,10.334119554012432,10.334121656997013,0.9745,6bb2627b75bbf1c3cc1a35eaf5559aaeee0e0d51,112,28.0,True,1792,0.30954
a090aabf4b283483139a85e0,lhs30s2000:02,stage6b,24,4,1.0,-2.0,0.0,0.0,SUCCESS,True,3.922537,-0.316111,-1.84465,-4.529497,0.002252,0.0,/usr/local/bin/avl:sha256=758a9c634d7bfc26,2.2771,0.0,0.65443,False,0.0035812,0.011301949937541501,-0.2118,0.12061,-0.000445,-0.003539,-9.2e-05,0.014078,-0.009284,543da140a6d0eacdb86d907fc34529e875e43a4d9c573c356cb8894bc40452b3,-8.147e-19,0.0002611,-18.74012901937102,29,224,5376,1.2584,88.11525127598725,88.11565068000345,0.9713,6bb2627b75bbf1c3cc1a35eaf5559aaeee0e0d51,224,28.0,True,5376,0.307758
e0aa7efb4613c382aafc753f,lhs30s2000:02,stage6b,24,4,1.0,0.0,0.0,0.0,SUCCESS,True,3.940303,-0.316921,-1.856238,-4.536506,0.001542,0.0,/usr/local/bin/avl:sha256=758a9c634d7bfc26,2.2771,0.0,0.65443,False,0.0005218,0.007038477859903586,-0.07453,0.05599,-0.000575,-0.003551,-5e-05,0.014147,-0.009314,543da140a6d0eacdb86d907fc34529e875e43a4d9c573c356cb8894bc40452b3,1.959e-19,9.913e-05,-10.588937194017246,29,224,5376,1.2584,87.26395231900096,87.26395539598889,0.8282,6bb2627b75bbf1c3cc1a35eaf5559aaeee0e0d51,224,28.0,True,5376,0.308295
63dfeab7898f873a98d77ee5,lhs30s2000:02,stage6b,24,4,1.0,4.0,0.0,0.0,SUCCESS,True,3.935173,-0.315151,-1.854797,-4.538052,0.003535,0.0,/usr/local/bin/avl:sha256=758a9c634d7bfc26,2.2771,0.0,0.65443,False,0.0031831,0.009356259800177463,0.20069,-0.07374,-0.000831,-0.003552,1.8e-05,0.014159,-0.009314,543da140a6d0eacdb86d907fc34529e875e43a4d9c573c356cb8894bc40452b3,1.825e-18,-0.0002263,21.449810531788938,29,224,5376,1.2584,87.11116636700172,87.11116917899926,0.9712,6bb2627b75bbf1c3cc1a35eaf5559aaeee0e0d51,224,28.0,True,5376,0.308458
6b35c43a457d6679e80274f7,lhs30s2000:02,stage6b,48,2,1.0,-2.0,0.0,0.0,SUCCESS,True,3.931483,-0.318232,-1.849455,-4.537559,0.002295,0.0,/usr/local/bin/avl:sha256=758a9c634d7bfc26,2.2771,0.0,0.65443,False,0.003603,0.011345448129944636,-0.21232,0.12089,-0.00045,-0.003589,-9.9e-05,0.014254,-0.009369,543da140a6d0eacdb86d907fc34529e875e43a4d9c573c356cb8894bc40452b3,-4.099e-20,0.000262,-18.71411314636508,29,112,5376,1.2584,87.29852257498715,87.29852684600337,0.9773,6bb2627b75bbf1c3cc1a35eaf5559aaeee0e0d51,112,28.0,True,5376,0.307858
410ce91808d84b2ea4c68fa8,lhs30s2000:02,stage6b,48,2,1.0,0.0,0.0,0.0,SUCCESS,True,3.949267,-0.319032,-1.861093,-4.544607,0.001549,0.0,/usr/local/bin/avl:sha256=758a9c634d7bfc26,2.2771,0.0,0.65443,False,0.0005277,0.00704711336167173,-0.07474,0.0561,-0.000582,-0.003601,-5.7e-05,0.014324,-0.009399,543da140a6d0eacdb86d907fc34529e875e43a4d9c573c356cb8894bc40452b3,5.899e-19,9.74e-05,-10.605760992366104,29,112,5376,1.2584,85.94788072200026,85.947884720008,0.8353,6bb2627b75bbf1c3cc1a35eaf5559aaeee0e0d51,112,28.0,True,5376,0.3084
63cdbb13dfded847f0d64963,lhs30s2000:02,stage6b,48,2,1.0,4.0,0.0,0.0,SUCCESS,True,3.944042,-0.317225,-1.859601,-4.546059,0.003542,0.0,/usr/local/bin/avl:sha256=758a9c634d7bfc26,2.2771,0.0,0.65443,False,0.0031914,0.009362522436097392,0.20111,-0.07397,-0.000842,-0.003602,1.5e-05,0.014337,-0.009399,543da140a6d0eacdb86d907fc34529e875e43a4d9c573c356cb8894bc40452b3,1.609e-18,-0.0002333,21.480322356784576,29,112,5376,1.2584,86.80848257499747,86.80848692299332,0.9737,6bb2627b75bbf1c3cc1a35eaf5559aaeee0e0d51,112,28.0,True,5376,0.308561
e90d0e6beb3d3a66b57b8d85,lhs30s2000:03,stage6b,8,2,0.0,-2.0,0.0,0.0,SUCCESS,True,3.397823,-0.264797,-1.416973,-3.488839,0.001882,0.0,/usr/local/bin/avl:sha256=758a9c634d7bfc26,1.8196,0.0,0.68536,False,0.0030581,0.01018333229236331,-0.16827,0.0874,-0.000208,-0.002216,-1.3e-05,0.009663,-0.005933,543da140a6d0eacdb86d907fc34529e875e43a4d9c573c356cb8894bc40452b3,3.705e-18,0.00015,-16.52406060894125,28,108,864,1.069,2.705219722003676,2.7052229230030207,0.9231,6bb2627b75bbf1c3cc1a35eaf5559aaeee0e0d51,108,28.0,True,864,0.285813
4bb53153b4b7acd7b42543f9,lhs30s2000:03,stage6b,8,2,0.0,0.0,0.0,0.0,SUCCESS,True,3.412225,-0.265079,-1.425772,-3.493899,0.001309,0.0,/usr/local/bin/avl:sha256=758a9c634d7bfc26,1.8196,0.0,0.68536,False,0.0004491,0.006633250981956494,-0.04937,0.03776,-0.000309,-0.002222,2.7e-05,0.009697,-0.005949,543da140a6d0eacdb86d907fc34529e875e43a4d9c573c356cb8894bc40452b3,1.833e-18,6.826e-05,-7.442805968641065,28,108,864,1.069,2.569665489005274,2.5696679839893477,0.5593,6bb2627b75bbf1c3cc1a35eaf5559aaeee0e0d51,108,28.0,True,864,0.286374
7f71824625bd3118737794f4,lhs30s2000:03,stage6b,8,2,0.0,4.0,0.0,0.0,SUCCESS,True,3.403824,-0.261871,-1.424144,-3.493704,0.003733,0.0,/usr/local/bin/avl:sha256=758a9c634d7bfc26,1.8196,0.0,0.68536,False,0.0035024,0.009540543089228335,0.18884,-0.06187,-0.000508,-0.002218,0.0001,0.00968,-0.005942,543da140a6d0eacdb86d907fc34529e875e43a4d9c573c356cb8894bc40452b3,-2.113e-18,-9.588e-05,19.793422474367116,28,108,864,1.069,2.6260523420060053,2.6260555409971857,0.9911,6bb2627b75bbf1c3cc1a35eaf5559aaeee0e0d51,108,28.0,True,864,0.286753
dd37138d2d3cb81223416947,lhs30s2000:03,stage6b,12,2,0.0,-2.0,0.0,0.0,SUCCESS,True,3.398007,-0.26486,-1.413408,-3.484617,0.001908,0.0,/usr/local/bin/avl:sha256=758a9c634d7bfc26,1.8196,0.0,0.68536,False,0.0031835,0.01033365589395199,-0.17212,0.08916,-0.000206,-0.002259,-1.9e-05,0.009852,-0.006021,543da140a6d0eacdb86d907fc34529e875e43a4d9c573c356cb8894bc40452b3,-1.648e-18,0.0001672,-16.656254259514988,28,108,1296,1.069,5.524284076003823,5.5242865740001434,0.9201,6bb2627b75bbf1c3cc1a35eaf5559aaeee0e0d51,108,28.0,True,1296,0.285079
5675f104620d4503a1d0bd8f,lhs30s2000:03,stage6b,12,2,0.0,0.0,0.0,0.0,SUCCESS,True,3.412553,-0.265122,-1.422225,-3.489504,0.001322,0.0,/usr/local/bin/avl:sha256=758a9c634d7bfc26,1.8196,0.0,0.68536,False,0.0004776,0.006684691887945621,-0.05322,0.03965,-0.000309,-0.002264,2.4e-05,0.009888,-0.006037,543da140a6d0eacdb86d907fc34529e875e43a4d9c573c356cb8894bc40452b3,-1.128e-18,7.811e-05,-7.96147390068503,28,108,1296,1.069,5.481912431001547,5.481915771000786,0.5736,6bb2627b75bbf1c3cc1a35eaf5559aaeee0e0d51,108,28.0,True,1296,0.285634
f82cd3ff05eaf4da71b26f3c,lhs30s2000:03,stage6b,12,2,0.0,4.0,0.0,0.0,SUCCESS,True,3.404114,-0.261863,-1.420692,-3.488988,0.003731,0.0,/usr/local/bin/avl:sha256=758a9c634d7bfc26,1.8196,0.0,0.68536,False,0.0034461,0.009476937700707247,0.18502,-0.05974,-0.000513,-0.00226,0.000102,0.009871,-0.00603,543da140a6d0eacdb86d907fc34529e875e43a4d9c573c356cb8894bc40452b3,-1.395e-19,-0.0001008,19.523184159603822,28,108,1296,1.069,5.071326418998069,5.071329380996758,0.9871,6bb2627b75bbf1c3cc1a35eaf5559aaeee0e0d51,108,28.0,True,1296,0.286034
d419dcfcc587351eaf4c8247,lhs30s2000:03,stage6b,16,2,0.0,-2.0,0.0,0.0,SUCCESS,True,3.398169,-0.264889,-1.411694,-3.481866,0.001921,0.0,/usr/local/bin/avl:sha256=758a9c634d7bfc26,1.8196,0.0,0.68536,False,0.0032547,0.010416444318239947,-0.17389,0.09014,-0.000204,-0.00228,-2.2e-05,0.009949,-0.006066,543da140a6d0eacdb86d907fc34529e875e43a4d9c573c356cb8894bc40452b3,1.045e-18,0.0001772,-16.693796336577734,28,108,1728,1.069,9.531030974001624,9.531034165993333,0.9189,6bb2627b75bbf1c3cc1a35eaf5559aaeee0e0d51,108,28.0,True,1728,0.28472
552042fd682c90023944b05b,lhs30s2000:03,stage6b,16,2,0.0,0.0,0.0,0.0,SUCCESS,True,3.412802,-0.265143,-1.420531,-3.486676,0.001332,0.0,/usr/local/bin/avl:sha256=758a9c634d7bfc26,1.8196,0.0,0.68536,False,0.0004963,0.006713822471241118,-0.05498,0.04069,-0.000309,-0.002286,2.2e-05,0.009986,-0.006082,543da140a6d0eacdb86d907fc34529e875e43a4d9c573c356cb8894bc40452b3,1.16e-18,8.525e-05,-8.189075632474445,28,108,1728,1.069,9.246813359990483,9.246816893006326,0.5798,6bb2627b75bbf1c3cc1a35eaf5559aaeee0e0d51,108,28.0,True,1728,0.285273
d0cfa5f25c01b9ea8ee73bce,lhs30s2000:03,stage6b,16,2,0.0,4.0,0.0,0.0,SUCCESS,True,3.404346,-0.261861,-1.419067,-3.486018,0.003737,0.0,/usr/local/bin/avl:sha256=758a9c634d7bfc26,1.8196,0.0,0.68536,False,0.0034223,0.009449887808796912,0.18328,-0.05858,-0.000515,-0.002282,0.000102,0.009969,-0.006075,543da140a6d0eacdb86d907fc34529e875e43a4d9c573c356cb8894bc40452b3,1.278e-18,-9.956e-05,19.394939253076046,28,108,1728,1.069,9.593534284998896,9.593536771004437,0.9851,6bb2627b75bbf1c3cc1a35eaf5559aaeee0e0d51,108,28.0,True,1728,0.285687
8038aff0014b5e7bf21acb31,lhs30s2000:03,stage6b,24,4,1.0,-2.0,0.0,0.0,SUCCESS,True,3.38334,-0.263009,-1.399709,-3.457485,0.001942,0.0,/usr/local/bin/avl:sha256=758a9c634d7bfc26,1.8196,0.0,0.68536,False,0.0033989,0.010567617229691014,-0.17481,0.09036,-0.000196,-0.002267,-3.4e-05,0.009917,-0.006047,543da140a6d0eacdb86d907fc34529e875e43a4d9c573c356cb8894bc40452b3,4.812e-18,0.0001854,-16.542045023058737,28,216,5184,1.069,80.9478004870034,80.94842761599284,0.9165,6bb2627b75bbf1c3cc1a35eaf5559aaeee0e0d51,216,28.0,True,5184,0.28354
210b8aeed94f80977e4ee31c,lhs30s2000:03,stage6b,24,4,1.0,0.0,0.0,0.0,SUCCESS,True,3.398172,-0.263263,-1.408501,-3.462211,0.001351,0.0,/usr/local/bin/avl:sha256=758a9c634d7bfc26,1.8196,0.0,0.68536,False,0.0005384,0.006768738146496777,-0.05642,0.04133,-0.0003,-0.002273,1.2e-05,0.009957,-0.006063,543da140a6d0eacdb86d907fc34529e875e43a4d9c573c356cb8894bc40452b3,3.653e-18,9.437e-05,-8.33537932460878,28,216,5184,1.069,82.7472175659932,82.74722209799802,0.5949,6bb2627b75bbf1c3cc1a35eaf5559aaeee0e0d51,216,28.0,True,5184,0.284075
be2252d2c55805039949d32e,lhs30s2000:03,stage6b,24,4,1.0,4.0,0.0,0.0,SUCCESS,True,3.389746,-0.259993,-1.407107,-3.461447,0.003775,0.0,/usr/local/bin/avl:sha256=758a9c634d7bfc26,1.8196,0.0,0.68536,False,0.0034009,0.009428693035430202,0.18082,-0.0571,-0.000507,-0.002269,9.5e-05,0.009943,-0.006055,543da140a6d0eacdb86d907fc34529e875e43a4d9c573c356cb8894bc40452b3,1.444e-18,-8.858e-05,19.177631440596553,28,216,5184,1.069,82.06090534599207,82.0609079660062,0.9755,6bb2627b75bbf1c3cc1a35eaf5559aaeee0e0d51,216,28.0,True,5184,0.284499
cb840380e6b42ff6e948647f,lhs30s2000:03,stage6b,48,2,1.0,-2.0,0.0,0.0,SUCCESS,True,3.398478,-0.264935,-1.406584,-3.469939,0.001947,0.0,/usr/local/bin/avl:sha256=758a9c634d7bfc26,1.8196,0.0,0.68536,False,0.0034072,0.010578915796771886,-0.17511,0.09048,-0.000195,-0.002307,-3.9e-05,0.010065,-0.006107,543da140a6d0eacdb86d907fc34529e875e43a4d9c573c356cb8894bc40452b3,-1.898e-18,0.0001834,-16.552735966896922,28,108,5184,1.069,81.18245395699341,81.18245835599373,0.9194,6bb2627b75bbf1c3cc1a35eaf5559aaeee0e0d51,108,28.0,True,5184,0.283663
2c5ad699580c7d611d80aca0,lhs30s2000:03,stage6b,48,2,1.0,0.0,0.0,0.0,SUCCESS,True,3.413289,-0.265181,-1.415367,-3.474624,0.001353,0.0,/usr/local/bin/avl:sha256=758a9c634d7bfc26,1.8196,0.0,0.68536,False,0.0005414,0.0067672734523278755,-0.05619,0.04121,-0.000302,-0.002312,9e-06,0.010106,-0.006123,543da140a6d0eacdb86d907fc34529e875e43a4d9c573c356cb8894bc40452b3,-8.225e-19,9.115e-05,-8.303196316187162,28,108,5184,1.069,80.59930398900178,80.59930680699472,0.5876,6bb2627b75bbf1c3cc1a35eaf5559aaeee0e0d51,108,28.0,True,5184,0.284196
d39706039afd91f53414c115,lhs30s2000:03,stage6b,48,2,1.0,4.0,0.0,0.0,SUCCESS,True,3.404575,-0.261866,-1.413874,-3.473763,0.003763,0.0,/usr/local/bin/avl:sha256=758a9c634d7bfc26,1.8196,0.0,0.68536,False,0.0034566,0.00948208284300289,0.18209,-0.0577,-0.000513,-0.002309,9.5e-05,0.010092,-0.006115,543da140a6d0eacdb86d907fc34529e875e43a4d9c573c356cb8894bc40452b3,1.54e-18,-9.421e-05,19.20358670293306,28,108,5184,1.069,81.20254976399883,81.2025522699987,0.9839,6bb2627b75bbf1c3cc1a35eaf5559aaeee0e0d51,108,28.0,True,5184,0.284623
2e40e199cc49a8b05757fbe6,lhs30s2000:04,stage6b,8,2,0.0,-2.0,0.0,0.0,SUCCESS,True,3.386041,-0.2676,-1.374641,-3.261672,0.002412,0.0,/usr/local/bin/avl:sha256=758a9c634d7bfc26,1.5227,0.0,0.58102,False,0.005594,0.013719058762921725,-0.23017,0.10843,-0.000336,-0.002539,-5e-05,0.011598,-0.006747,543da140a6d0eacdb86d907fc34529e875e43a4d9c573c356cb8894bc40452b3,-5.007e-18,0.0003024,-16.777390051136504,29,112,896,0.73046,2.8448691180092283,2.8448719500011066,0.9406,6bb2627b75bbf1c3cc1a35eaf5559aaeee0e0d51,112,28.0,True,896,0.235877
df35dbb7a171de093724e0d9,lhs30s2000:04,stage6b,8,2,0.0,0.0,0.0,0.0,SUCCESS,True,3.405767,-0.267671,-1.38501,-3.266214,0.001982,0.0,/usr/local/bin/avl:sha256=758a9c634d7bfc26,1.5227,0.0,0.58102,False,0.0015366,0.008438718247686085,-0.11159,0.06025,-0.000455,-0.002545,3e-06,0.011654,-0.006769,543da140a6d0eacdb86d907fc34529e875e43a4d9c573c356cb8894bc40452b3,-2.28e-18,0.0001877,-13.223572197187437,29,112,896,0.73046,2.812223207001807,2.8122252309985925,0.8185,6bb2627b75bbf1c3cc1a35eaf5559aaeee0e0d51,112,28.0,True,896,0.236279
3aad730d0dbd9f19f1dcb124,lhs30s2000:04,stage6b,8,2,0.0,4.0,0.0,0.0,SUCCESS,True,3.407978,-0.264084,-1.387717,-3.266603,0.004412,0.0,/usr/local/bin/avl:sha256=758a9c634d7bfc26,1.5227,0.0,0.58102,False,0.0017105,0.007969872906247885,0.12654,-0.03668,-0.00069,-0.002543,9.4e-05,0.011664,-0.006771,543da140a6d0eacdb86d907fc34529e875e43a4d9c573c356cb8894bc40452b3,3.253e-18,-4.338e-05,15.877292083390754,29,112,896,0.73046,3.146313420991646,3.1463154450029833,0.9175,6bb2627b75bbf1c3cc1a35eaf5559aaeee0e0d51,112,28.0,True,896,0.236588
fe9ded34d7cf011d93c7bcb1,lhs30s2000:04,stage6b,12,2,0.0,-2.0,0.0,0.0,SUCCESS,True,3.386873,-0.267645,-1.371686,-3.258656,0.002488,0.0,/usr/local/bin/avl:sha256=758a9c634d7bfc26,1.5227,0.0,0.58102,False,0.0057568,0.013923448293921045,-0.23375,0.10984,-0.000334,-0.002587,-5.9e-05,0.011826,-0.006849,543da140a6d0eacdb86d907fc34529e875e43a4d9c573c356cb8894bc40452b3,-3.437e-18,0.0003381,-16.7882262400511,29,112,1344,0.73046,6.469205051995232,6.469207128000562,0.9383,6bb2627b75bbf1c3cc1a35eaf5559aaeee0e0d51,112,28.0,True,1344,0.235312
6284db3eab73b37c56dab354,lhs30s2000:04,stage6b,12,2,0.0,0.0,0.0,0.0,SUCCESS,True,3.406695,-0.267703,-1.38205,-3.263031,0.002057,0.0,/usr/local/bin/avl:sha256=758a9c634d7bfc26,1.5227,0.0,0.58102,False,0.001606,0.008530918878668954,-0.11514,0.06176,-0.000456,-0.002593,-3e-06,0.011885,-0.006872,543da140a6d0eacdb86d907fc34529e875e43a4d9c573c356cb8894bc40452b3,-2.841e-18,0.0002125,-13.49678758379717,29,112,1344,0.73046,6.59981223999057,6.599814928005799,0.8174,6bb2627b75bbf1c3cc1a35eaf5559aaeee0e0d51,112,28.0,True,1344,0.23571
16fcdfde60e3596fa81a4ef9,lhs30s2000:04,stage6b,12,2,0.0,4.0,0.0,0.0,SUCCESS,True,3.408929,-0.264089,-1.384794,-3.2631,0.004495,0.0,/usr/local/bin/avl:sha256=758a9c634d7bfc26,1.5227,0.0,0.58102,False,0.0016485,0.007901972053580083,0.12306,-0.03497,-0.000697,-0.002591,9.4e-05,0.011896,-0.006874,543da140a6d0eacdb86d907fc34529e875e43a4d9c573c356cb8894bc40452b3,-1.415e-18,-4.029e-05,15.573327666255944,29,112,1344,0.73046,6.058560278004734,6.05856289199437,0.9071,6bb2627b75bbf1c3cc1a35eaf5559aaeee0e0d51,112,28.0,True,1344,0.236024
0ae2897da609c780cb073b9a,lhs30s2000:04,stage6b,16,2,0.0,-2.0,0.0,0.0,SUCCESS,True,3.387455,-0.267671,-1.370346,-3.25684,0.002528,0.0,/usr/local/bin/avl:sha256=758a9c634d7bfc26,1.5227,0.0,0.58102,False,0.0058437,0.014029839263586828,-0.2354,0.11066,-0.000332,-0.002608,-6.5e-05,0.011929,-0.006891,543da140a6d0eacdb86d907fc34529e875e43a4d9c573c356cb8894bc40452b3,3.487e-18,0.0003542,-16.778524370621927,29,112,1792,0.73046,10.845317083003465,10.8453192050074,0.9374,6bb2627b75bbf1c3cc1a35eaf5559aaeee0e0d51,112,28.0,True,1792,0.235042
212255c41c62bb34531d5232,lhs30s2000:04,stage6b,16,2,0.0,0.0,0.0,0.0,SUCCESS,True,3.407333,-0.267721,-1.380719,-3.261139,0.002099,0.0,/usr/local/bin/avl:sha256=758a9c634d7bfc26,1.5227,0.0,0.58102,False,0.0016431,0.008578729568123911,-0.11677,0.06263,-0.000455,-0.002615,-7e-06,0.01199,-0.006914,543da140a6d0eacdb86d907fc34529e875e43a4d9c573c356cb8894bc40452b3,2.184e-18,0.0002264,-13.611572561266378,29,112,1792,0.73046,10.464046465989668,10.464049043992418,0.8173,6bb2627b75bbf1c3cc1a35eaf5559aaeee0e0d51,112,28.0,True,1792,0.235439
76cf561ecb9f2c6285a17c40,lhs30s2000:04,stage6b,16,2,0.0,4.0,0.0,0.0,SUCCESS,True,3.409576,-0.264095,-1.383503,-3.261065,0.004546,0.0,/usr/local/bin/avl:sha256=758a9c634d7bfc26,1.5227,0.0,0.58102,False,0.0016193,0.007870207302562262,0.12147,-0.03401,-0.000699,-0.002613,9.3e-05,0.012002,-0.006916,543da140a6d0eacdb86d907fc34529e875e43a4d9c573c356cb8894bc40452b3,-3.97e-19,-3.089e-05,15.434155077523007,29,112,1792,0.73046,10.499020824994659,10.499023528987891,0.9022,6bb2627b75bbf1c3cc1a35eaf5559aaeee0e0d51,112,28.0,True,1792,0.235759
4d3030247cb5930dcaf096a1,lhs30s2000:04,stage6b,24,4,1.0,-2.0,0.0,0.0,SUCCESS,True,3.377776,-0.265708,-1.361396,-3.239277,0.002579,0.0,/usr/local/bin/avl:sha256=758a9c634d7bfc26,1.5227,0.0,0.58102,False,0.0060001,0.01420396962000469,-0.23626,0.11074,-0.000323,-0.002602,-7.9e-05,0.011912,-0.006879,543da140a6d0eacdb86d907fc34529e875e43a4d9c573c356cb8894bc40452b3,4.909e-18,0.0003625,-16.633378296392188,29,224,5376,0.73046,86.19434921500215,86.19435208999494,0.9353,6bb2627b75bbf1c3cc1a35eaf5559aaeee0e0d51,224,28.0,True,5376,0.234176
30f2a98fe45602a7838fedf6,lhs30s2000:04,stage6b,24,4,1.0,0.0,0.0,0.0,SUCCESS,True,3.3978,-0.265755,-1.371724,-3.243513,0.00215,0.0,/usr/local/bin/avl:sha256=758a9c634d7bfc26,1.5227,0.0,0.58102,False,0.0017086,0.008660844136857112,-0.11796,0.06302,-0.000447,-0.002609,-2e-05,0.011976,-0.006902,543da140a6d0eacdb86d907fc34529e875e43a4d9c573c356cb8894bc40452b3,2.236e-18,0.0002358,-13.619919506230241,29,224,5376,0.73046,85.11654294100299,85.11654555199493,0.8209,6bb2627b75bbf1c3cc1a35eaf5559aaeee0e0d51,224,28.0,True,5376,0.234562
2501a8f4662ee80a0dfd13b4,lhs30s2000:04,stage6b,24,4,1.0,4.0,0.0,0.0,SUCCESS,True,3.400107,-0.26214,-1.374532,-3.243351,0.004616,0.0,/usr/local/bin/avl:sha256=758a9c634d7bfc26,1.5227,0.0,0.58102,False,0.0015902,0.00784949663578026,0.11962,-0.03298,-0.000691,-0.002607,8.4e-05,0.011992,-0.006904,543da140a6d0eacdb86d907fc34529e875e43a4d9c573c356cb8894bc40452b3,-3.614e-18,-1.935e-05,15.239193740747362,29,224,5376,0.73046,89.99070336500881,89.99070689998916,0.8968,6bb2627b75bbf1c3cc1a35eaf5559aaeee0e0d51,224,28.0,True,5376,0.234882
318ed94c85c12ea78d708138,lhs30s2000:04,stage6b,48,2,1.0,-2.0,0.0,0.0,SUCCESS,True,3.388577,-0.267714,-1.366221,-3.247942,0.00259,0.0,/usr/local/bin/avl:sha256=758a9c634d7bfc26,1.5227,0.0,0.58102,False,0.0060465,0.014250200805435377,-0.23668,0.11091,-0.000321,-0.002635,-8.6e-05,0.012054,-0.006929,543da140a6d0eacdb86d907fc34529e875e43a4d9c573c356cb8894bc40452b3,1.032e-18,0.0003626,-16.60888876104289,29,112,5376,0.73046,87.25527436600532,87.25527699499798,0.9377,6bb2627b75bbf1c3cc1a35eaf5559aaeee0e0d51,112,28.0,True,5376,0.234256
c6b65fa3afd8a59eb47d8a90,lhs30s2000:04,stage6b,48,2,1.0,0.0,0.0,0.0,SUCCESS,True,3.408623,-0.267758,-1.37653,-3.252116,0.002166,0.0,/usr/local/bin/avl:sha256=758a9c634d7bfc26,1.5227,0.0,0.58102,False,0.0017245,0.00866978342501094,-0.11801,0.06303,-0.000446,-0.002642,-2.5e-05,0.012119,-0.006951,543da140a6d0eacdb86d907fc34529e875e43a4d9c573c356cb8894bc40452b3,-7.374e-20,0.0002351,-13.611643361189394,29,112,5376,0.73046,86.42403019600897,86.42403333299444,0.8196,6bb2627b75bbf1c3cc1a35eaf5559aaeee0e0d51,112,28.0,True,5376,0.234636
0bbaf5c15cf81020d0971249,lhs30s2000:04,stage6b,48,2,1.0,4.0,0.0,0.0,SUCCESS,True,3.410736,-0.264112,-1.379253,-3.251827,0.004636,0.0,/usr/local/bin/avl:sha256=758a9c634d7bfc26,1.5227,0.0,0.58102,False,0.001611,0.007860646601137347,0.12033,-0.03331,-0.000695,-0.00264,8.2e-05,0.012136,-0.006953,543da140a6d0eacdb86d907fc34529e875e43a4d9c573c356cb8894bc40452b3,-1.696e-18,-2.184e-05,15.307901004300284,29,112,5376,0.73046,85.09130419399298,85.09130611100409,0.8999,6bb2627b75bbf1c3cc1a35eaf5559aaeee0e0d51,112,28.0,True,5376,0.234954
29b07ecbbb1521d0a25acbcc,lhs30s2000:05,stage6b,8,2,0.0,-2.0,0.0,0.0,SUCCESS,True,3.636721,-0.290609,-2.448118,-6.741187,0.004166,0.0,/usr/local/bin/avl:sha256=758a9c634d7bfc26,1.7428,0.0,0.57661,False,0.0042578,0.012169691805046127,-0.21603,0.16047,-0.000358,-0.002303,3e-05,0.008528,-0.00786,543da140a6d0eacdb86d907fc34529e875e43a4d9c573c356cb8894bc40452b3,-5.188e-20,7.468e-05,-17.75147665698681,29,112,896,0.85687,3.026205991001916,3.0262094310019165,0.9509,6bb2627b75bbf1c3cc1a35eaf5559aaeee0e0d51,112,28.0,True,896,0.388157
ac021f1221822e7e0d4a9281,lhs30s2000:05,stage6b,8,2,0.0,0.0,0.0,0.0,SUCCESS,True,3.655507,-0.290834,-2.463412,-6.752357,0.002705,0.0,/usr/local/bin/avl:sha256=758a9c634d7bfc26,1.7428,0.0,0.57661,False,0.00092,0.007603454514119189,-0.08872,0.07472,-0.000431,-0.002308,6.3e-05,0.008562,-0.00788,543da140a6d0eacdb86d907fc34529e875e43a4d9c573c356cb8894bc40452b3,2.326e-19,-2.572e-05,-11.668380449340747,29,112,896,0.85687,2.9356784940027865,2.9356805179995717,0.7463,6bb2627b75bbf1c3cc1a35eaf5559aaeee0e0d51,112,28.0,True,896,0.388575
d86e6f107addf6960a75801e,lhs30s2000:05,stage6b,8,2,0.0,4.0,0.0,0.0,SUCCESS,True,3.655231,-0.287938,-2.461796,-6.758136,0.00457,0.0,/usr/local/bin/avl:sha256=758a9c634d7bfc26,1.7428,0.0,0.57661,False,0.0024328,0.008684493875702205,0.16676,-0.09746,-0.000575,-0.002305,0.000107,0.008557,-0.007873,543da140a6d0eacdb86d907fc34529e875e43a4d9c573c356cb8894bc40452b3,7.982e-19,-0.0002267,19.20204014036641,29,112,896,0.85687,3.1119000110047637,3.1119018309982494,0.936,6bb2627b75bbf1c3cc1a35eaf5559aaeee0e0d51,112,28.0,True,896,0.388349
77209e2f88b3036baf8376cc,lhs30s2000:05,stage6b,12,2,0.0,-2.0,0.0,0.0,SUCCESS,True,3.63675,-0.290672,-2.445396,-6.737355,0.004172,0.0,/usr/local/bin/avl:sha256=758a9c634d7bfc26,1.7428,0.0,0.57661,False,0.0044587,0.012416710635633717,-0.22037,0.16363,-0.000355,-0.002337,2.1e-05,0.008654,-0.00796,543da140a6d0eacdb86d907fc34529e875e43a4d9c573c356cb8894bc40452b3,-3.067e-19,8.615e-05,-17.74785661571092,29,112,1344,0.85687,6.063361848006025,6.063363930006744,0.9485,6bb2627b75bbf1c3cc1a35eaf5559aaeee0e0d51,112,28.0,True,1344,0.387722
55db20212fc88398f285955a,lhs30s2000:05,stage6b,12,2,0.0,0.0,0.0,0.0,SUCCESS,True,3.655707,-0.290866,-2.460658,-6.747976,0.002689,0.0,/usr/local/bin/avl:sha256=758a9c634d7bfc26,1.7428,0.0,0.57661,False,0.0009944,0.007706145227676744,-0.09306,0.07797,-0.000431,-0.002342,5.6e-05,0.00869,-0.00798,543da140a6d0eacdb86d907fc34529e875e43a4d9c573c356cb8894bc40452b3,-9.103e-19,-1.755e-05,-12.076076592194697,29,112,1344,0.85687,6.77914072299609,6.779142411993234,0.7489,6bb2627b75bbf1c3cc1a35eaf5559aaeee0e0d51,112,28.0,True,1344,0.388119
37af8ea84e3257b89383e156,lhs30s2000:05,stage6b,12,2,0.0,4.0,0.0,0.0,SUCCESS,True,3.655367,-0.287888,-2.459038,-6.752712,0.004516,0.0,/usr/local/bin/avl:sha256=758a9c634d7bfc26,1.7428,0.0,0.57661,False,0.0023895,0.00863152942278176,0.16244,-0.09402,-0.000579,-0.002339,0.000106,0.008685,-0.007972,543da140a6d0eacdb86d907fc34529e875e43a4d9c573c356cb8894bc40452b3,-2.156e-18,-0.0002252,18.819376270821888,29,112,1344,0.85687,6.240629501000512,6.240631510008825,0.9256,6bb2627b75bbf1c3cc1a35eaf5559aaeee0e0d51,112,28.0,True,1344,0.387899
730967679e8af711619c8e42,lhs30s2000:05,stage6b,16,2,0.0,-2.0,0.0,0.0,SUCCESS,True,3.636733,-0.290697,-2.443883,-6.733995,0.004184,0.0,/usr/local/bin/avl:sha256=758a9c634d7bfc26,1.7428,0.0,0.57661,False,0.0045696,0.012550021039388846,-0.22238,0.16523,-0.000352,-0.00235,1.5e-05,0.008703,-0.007994,543da140a6d0eacdb86d907fc34529e875e43a4d9c573c356cb8894bc40452b3,1.377e-18,9.013e-05,-17.7194922065907,29,112,1792,0.85687,11.464131925007678,11.464134148001904,0.9474,6bb2627b75bbf1c3cc1a35eaf5559aaeee0e0d51,112,28.0,True,1792,0.387484
a6712675f3834c58588958be,lhs30s2000:05,stage6b,16,2,0.0,0.0,0.0,0.0,SUCCESS,True,3.655798,-0.290878,-2.459146,-6.744376,0.002689,0.0,/usr/local/bin/avl:sha256=758a9c634d7bfc26,1.7428,0.0,0.57661,False,0.0010375,0.007762277183194456,-0.09506,0.07963,-0.000429,-0.002355,5.2e-05,0.00874,-0.008014,543da140a6d0eacdb86d907fc34529e875e43a4d9c573c356cb8894bc40452b3,1.302e-18,-1.394e-05,-12.246406274412298,29,112,1792,0.85687,10.563558203008142,10.563559993999661,0.7501,6bb2627b75bbf1c3cc1a35eaf5559aaeee0e0d51,112,28.0,True,1792,0.387871
ee957b1d729c28e22e39d47f,lhs30s2000:05,stage6b,16,2,0.0,4.0,0.0,0.0,SUCCESS,True,3.655443,-0.287865,-2.457559,-6.748663,0.004499,0.0,/usr/local/bin/avl:sha256=758a9c634d7bfc26,1.7428,0.0,0.57661,False,0.0023731,0.00861072506303689,0.16045,-0.09225,-0.00058,-0.002351,0.000105,0.008735,-0.008005,543da140a6d0eacdb86d907fc34529e875e43a4d9c573c356cb8894bc40452b3,1.132e-18,-0.0002223,18.63373860219518,29,112,1792,0.85687,10.118057076004334,10.118059080996318,0.9204,6bb2627b75bbf1c3cc1a35eaf5559aaeee0e0d51,112,28.0,True,1792,0.387658
375902454d0673cdfb78ae68,lhs30s2000:05,stage6b,24,4,1.0,-2.0,0.0,0.0,SUCCESS,True,3.622596,-0.289211,-2.42787,-6.691868,0.004208,0.0,/usr/local/bin/avl:sha256=758a9c634d7bfc26,1.7428,0.0,0.57661,False,0.0047416,0.012728038472561813,-0.22308,0.16544,-0.000332,-0.002332,-1e-06,0.008654,-0.007947,543da140a6d0eacdb86d907fc34529e875e43a4d9c573c356cb8894bc40452b3,1.097e-18,9.271e-05,-17.526659781937315,29,224,5376,0.85687,87.16274573199917,87.16274821398838,0.9393,6bb2627b75bbf1c3cc1a35eaf5559aaeee0e0d51,224,28.0,True,5376,0.386448
592740a493ae06461ef40daf,lhs30s2000:05,stage6b,24,4,1.0,0.0,0.0,0.0,SUCCESS,True,3.641869,-0.289395,-2.443067,-6.702082,0.002697,0.0,/usr/local/bin/avl:sha256=758a9c634d7bfc26,1.7428,0.0,0.57661,False,0.001102,0.007839324349863418,-0.09626,0.08039,-0.000411,-0.002337,3.8e-05,0.008692,-0.007967,543da140a6d0eacdb86d907fc34529e875e43a4d9c573c356cb8894bc40452b3,5.826e-19,-1.012e-05,-12.279119437337366,29,224,5376,0.85687,87.21096291700087,87.21096552499512,0.7471,6bb2627b75bbf1c3cc1a35eaf5559aaeee0e0d51,224,28.0,True,5376,0.386809
b73d0795505f78201f9fb61b,lhs30s2000:05,stage6b,24,4,1.0,4.0,0.0,0.0,SUCCESS,True,3.641518,-0.286397,-2.441544,-6.706098,0.004484,0.0,/usr/local/bin/avl:sha256=758a9c634d7bfc26,1.7428,0.0,0.57661,False,0.0023773,0.008618057681792352,0.15828,-0.09037,-0.000565,-0.002334,9.5e-05,0.00869,-0.007958,543da140a6d0eacdb86d907fc34529e875e43a4d9c573c356cb8894bc40452b3,-3.417e-19,-0.0002161,18.366087330142065,29,224,5376,0.85687,87.53123617000529,87.53123849199619,0.9151,6bb2627b75bbf1c3cc1a35eaf5559aaeee0e0d51,224,28.0,True,5376,0.386605
49cd7072702da48b3fc262ad,lhs30s2000:05,stage6b,48,2,1.0,-2.0,0.0,0.0,SUCCESS,True,3.636336,-0.290707,-2.438491,-6.716692,0.004233,0.0,/usr/local/bin/avl:sha256=758a9c634d7bfc26,1.7428,0.0,0.57661,False,0.004794,0.0127927060087958,-0.22382,0.16606,-0.000334,-0.002371,-8e-06,0.008782,-0.00805,543da140a6d0eacdb86d907fc34529e875e43a4d9c573c356cb8894bc40452b3,7.171e-19,9.415e-05,-17.49590742147201,29,112,5376,0.85687,86.4962062889972,86.49620891999803,0.9475,6bb2627b75bbf1c3cc1a35eaf5559aaeee0e0d51,112,28.0,True,5376,0.386671
3910686938928f452bfca183,lhs30s2000:05,stage6b,48,2,1.0,0.0,0.0,0.0,SUCCESS,True,3.655677,-0.290881,-2.453679,-6.726779,0.002716,0.0,/usr/local/bin/avl:sha256=758a9c634d7bfc26,1.7428,0.0,0.57661,False,0.0011181,0.007853690665106173,-0.09651,0.08065,-0.000415,-0.002376,3.4e-05,0.008821,-0.008069,543da140a6d0eacdb86d907fc34529e875e43a4d9c573c356cb8894bc40452b3,5.905e-19,-1.108e-05,-12.288490101703704,29,112,5376,0.85687,86.03561721800361,86.03561964600522,0.7532,6bb2627b75bbf1c3cc1a35eaf5559aaeee0e0d51,112,28.0,True,5376,0.387021
95127309ab620fc449e11ba2,lhs30s2000:05,stage6b,48,2,1.0,4.0,0.0,0.0,SUCCESS,True,3.655171,-0.287828,-2.452031,-6.730554,0.004496,0.0,/usr/local/bin/avl:sha256=758a9c634d7bfc26,1.7428,0.0,0.57661,False,0.0024011,0.008635566968224592,0.15899,-0.09085,-0.000572,-0.002373,9.5e-05,0.008819,-0.00806,543da140a6d0eacdb86d907fc34529e875e43a4d9c573c356cb8894bc40452b3,2.103e-19,-0.0002218,18.411066764350178,29,112,5376,0.85687,85.16301873300108,85.1630216610065,0.9172,6bb2627b75bbf1c3cc1a35eaf5559aaeee0e0d51,112,28.0,True,5376,0.386815
442e28420f5804da11a22b79,lhs30s2000:06,stage6b,8,2,0.0,-2.0,0.0,0.0,SUCCESS,True,3.932411,-0.319012,-1.813046,-4.214219,0.003769,0.0,/usr/local/bin/avl:sha256=758a9c634d7bfc26,2.2661,0.0,0.65452,False,0.0049064,0.013594774691357534,-0.25602,0.13615,-0.000396,-0.00209,-2.5e-05,0.008133,-0.005247,543da140a6d0eacdb86d907fc34529e875e43a4d9c573c356cb8894bc40452b3,1.164e-18,3.036e-05,-18.83223560613748,29,112,896,1.1337,2.941009411995765,2.9410141669941368,0.9263,6bb2627b75bbf1c3cc1a35eaf5559aaeee0e0d51,112,28.0,True,896,0.301767
b6c43e3188190e1c29724f74,lhs30s2000:06,stage6b,8,2,0.0,0.0,0.0,0.0,SUCCESS,True,3.953481,-0.31909,-1.826161,-4.220516,0.002616,0.0,/usr/local/bin/avl:sha256=758a9c634d7bfc26,2.2661,0.0,0.65452,False,0.001301,0.008347690322440822,-0.11835,0.07261,-0.000438,-0.002092,-5e-06,0.008163,-0.005255,543da140a6d0eacdb86d907fc34529e875e43a4d9c573c356cb8894bc40452b3,8.355e-19,2.375e-06,-14.177574326379068,29,112,896,1.1337,2.9415471899992554,2.941549720009789,0.7572,6bb2627b75bbf1c3cc1a35eaf5559aaeee0e0d51,112,28.0,True,896,0.30233
76845f10c528274a8dde865a,lhs30s2000:06,stage6b,8,2,0.0,4.0,0.0,0.0,SUCCESS,True,3.957434,-0.31645,-1.83011,-4.224718,0.003871,0.0,/usr/local/bin/avl:sha256=758a9c634d7bfc26,2.2661,0.0,0.65452,False,0.0020273,0.008253328481840216,0.15809,-0.0552,-0.000519,-0.002086,5e-06,0.008155,-0.005245,543da140a6d0eacdb86d907fc34529e875e43a4d9c573c356cb8894bc40452b3,1.912e-19,-5.356e-05,19.154696235324348,29,112,896,1.1337,3.0404891299986048,3.0404912550002337,0.8407,6bb2627b75bbf1c3cc1a35eaf5559aaeee0e0d51,112,28.0,True,896,0.302681
492576ca1195439893b38a42,lhs30s2000:06,stage6b,12,2,0.0,-2.0,0.0,0.0,SUCCESS,True,3.932521,-0.319073,-1.809465,-4.208776,0.003797,0.0,/usr/local/bin/avl:sha256=758a9c634d7bfc26,2.2661,0.0,0.65452,False,0.0050615,0.013795465876415933,-0.26013,0.13804,-0.000401,-0.002153,-3.5e-05,0.00838,-0.005396,543da140a6d0eacdb86d907fc34529e875e43a4d9c573c356cb8894bc40452b3,1.42e-18,3.858e-05,-18.856195385521975,29,112,1344,1.1337,6.135628792995703,6.135630670003593,0.9246,6bb2627b75bbf1c3cc1a35eaf5559aaeee0e0d51,112,28.0,True,1344,0.301163
7bfd5c32fe2b7ed53f86fb19,lhs30s2000:06,stage6b,12,2,0.0,0.0,0.0,0.0,SUCCESS,True,3.953772,-0.319125,-1.822584,-4.214864,0.002639,0.0,/usr/local/bin/avl:sha256=758a9c634d7bfc26,2.2661,0.0,0.65452,False,0.0013624,0.008441308667684212,-0.12245,0.07463,-0.000445,-0.002155,-1.2e-05,0.008412,-0.005405,543da140a6d0eacdb86d907fc34529e875e43a4d9c573c356cb8894bc40452b3,7.766e-19,7.244e-06,-14.506044598128993,29,112,1344,1.1337,6.145391400001245,6.145394377992488,0.7632,6bb2627b75bbf1c3cc1a35eaf5559aaeee0e0d51,112,28.0,True,1344,0.301716
94fa3c96c3279184f72609bd,lhs30s2000:06,stage6b,12,2,0.0,4.0,0.0,0.0,SUCCESS,True,3.95793,-0.316429,-1.826609,-4.218684,0.003901,0.0,/usr/local/bin/avl:sha256=758a9c634d7bfc26,2.2661,0.0,0.65452,False,0.0019533,0.008171314891928889,0.15401,-0.05293,-0.00053,-0.002149,2e-06,0.008405,-0.005394,543da140a6d0eacdb86d907fc34529e875e43a4d9c573c356cb8894bc40452b3,-5.187e-19,-5.54e-05,18.84763982748008,29,112,1344,1.1337,6.129128337997827,6.129130842993618,0.8372,6bb2627b75bbf1c3cc1a35eaf5559aaeee0e0d51,112,28.0,True,1344,0.302064
7243de4c2c4a61330924d286,lhs30s2000:06,stage6b,16,2,0.0,-2.0,0.0,0.0,SUCCESS,True,3.932571,-0.319094,-1.807712,-4.205311,0.003809,0.0,/usr/local/bin/avl:sha256=758a9c634d7bfc26,2.2661,0.0,0.65452,False,0.0051399,0.013893909341326543,-0.26196,0.13904,-0.000402,-0.002183,-4.1e-05,0.008499,-0.005467,543da140a6d0eacdb86d907fc34529e875e43a4d9c573c356cb8894bc40452b3,-2.193e-18,4.295e-05,-18.854304685925708,29,112,1792,1.1337,10.663906679998036,10.663908799993806,0.9239,6bb2627b75bbf1c3cc1a35eaf5559aaeee0e0d51,112,28.0,True,1792,0.300867
82d5d4c49ca402110ff807ef,lhs30s2000:06,stage6b,16,2,0.0,0.0,0.0,0.0,SUCCESS,True,3.953933,-0.319137,-1.820852,-4.211319,0.002652,0.0,/usr/local/bin/avl:sha256=758a9c634d7bfc26,2.2661,0.0,0.65452,False,0.0013934,0.008486531608999355,-0.12428,0.07569,-0.000448,-0.002186,-1.7e-05,0.008532,-0.005475,543da140a6d0eacdb86d907fc34529e875e43a4d9c573c356cb8894bc40452b3,-1.231e-18,1.003e-05,-14.644380734788053,29,112,1792,1.1337,10.821155754005304,10.8211590120045,0.766,6bb2627b75bbf1c3cc1a35eaf5559aaeee0e0d51,112,28.0,True,1792,0.301417
93898833e72343f2d2da1ede,lhs30s2000:06,stage6b,16,2,0.0,4.0,0.0,0.0,SUCCESS,True,3.958221,-0.316423,-1.824952,-4.215001,0.003922,0.0,/usr/local/bin/avl:sha256=758a9c634d7bfc26,2.2661,0.0,0.65452,False,0.0019202,0.008134754665814859,0.15221,-0.05175,-0.000535,-0.002179,0.0,0.008526,-0.005465,543da140a6d0eacdb86d907fc34529e875e43a4d9c573c356cb8894bc40452b3,7.008e-19,-5.579e-05,18.711074427313797,29,112,1792,1.1337,10.613913445995422,10.613916336995317,0.8361,6bb2627b75bbf1c3cc1a35eaf5559aaeee0e0d51,112,28.0,True,1792,0.301768
d4e8454694ba643639abe7e8,lhs30s2000:06,stage6b,24,4,1.0,-2.0,0.0,0.0,SUCCESS,True,3.92278,-0.316872,-1.796689,-4.18169,0.003808,0.0,/usr/local/bin/avl:sha256=758a9c634d7bfc26,2.2661,0.0,0.65452,False,0.005268,0.014042239354000525,-0.26318,0.1394,-0.000388,-0.002185,-5.6e-05,0.008502,-0.005466,543da140a6d0eacdb86d907fc34529e875e43a4d9c573c356cb8894bc40452b3,5.92e-20,4.618e-05,-18.742024926745184,29,224,5376,1.1337,86.85300856699178,86.85301221899863,0.9236,6bb2627b75bbf1c3cc1a35eaf5559aaeee0e0d51,224,28.0,True,5376,0.299779
02ac44edc6269a8cff87ef5d,lhs30s2000:06,stage6b,24,4,1.0,0.0,0.0,0.0,SUCCESS,True,3.94441,-0.316939,-1.809836,-4.187671,0.002651,0.0,/usr/local/bin/avl:sha256=758a9c634d7bfc26,2.2661,0.0,0.65452,False,0.0014369,0.008548289773185995,-0.12584,0.07643,-0.000434,-0.002187,-3e-05,0.008537,-0.005474,543da140a6d0eacdb86d907fc34529e875e43a4d9c573c356cb8894bc40452b3,-1.528e-19,1.255e-05,-14.721073260142742,29,224,5376,1.1337,87.14993932499783,87.14994183499948,0.7759,6bb2627b75bbf1c3cc1a35eaf5559aaeee0e0d51,224,28.0,True,5376,0.300316
5270f827bf5302fa8f56744d,lhs30s2000:06,stage6b,24,4,1.0,4.0,0.0,0.0,SUCCESS,True,3.949009,-0.314281,-1.814077,-4.191326,0.003937,0.0,/usr/local/bin/avl:sha256=758a9c634d7bfc26,2.2661,0.0,0.65452,False,0.0018816,0.008097435599708484,0.14999,-0.05025,-0.000524,-0.002181,-1e-05,0.008534,-0.005463,543da140a6d0eacdb86d907fc34529e875e43a4d9c573c356cb8894bc40452b3,-6.213e-19,-5.473e-05,18.523148242809093,29,224,5376,1.1337,86.88320705099613,86.88320997499977,0.8336,6bb2627b75bbf1c3cc1a35eaf5559aaeee0e0d51,224,28.0,True,5376,0.300669
da722fbf6e588f9d255ded80,lhs30s2000:06,stage6b,48,2,1.0,-2.0,0.0,0.0,SUCCESS,True,3.932418,-0.319078,-1.802426,-4.192219,0.003818,0.0,/usr/local/bin/avl:sha256=758a9c634d7bfc26,2.2661,0.0,0.65452,False,0.00531,0.014081150752682889,-0.2633,0.13941,-0.000391,-0.002227,-6.3e-05,0.00867,-0.005563,543da140a6d0eacdb86d907fc34529e875e43a4d9c573c356cb8894bc40452b3,-7.486e-20,4.697e-05,-18.698755849186067,29,112,5376,1.1337,87.29970014900027,87.29970318199776,0.9244,6bb2627b75bbf1c3cc1a35eaf5559aaeee0e0d51,112,28.0,True,5376,0.299999
855ae9c35584009feabf9c55,lhs30s2000:06,stage6b,48,2,1.0,0.0,0.0,0.0,SUCCESS,True,3.954072,-0.319129,-1.81554,-4.198135,0.002666,0.0,/usr/local/bin/avl:sha256=758a9c634d7bfc26,2.2661,0.0,0.65452,False,0.001458,0.008563680639172094,-0.12562,0.07625,-0.000438,-0.00223,-3.6e-05,0.008706,-0.005572,543da140a6d0eacdb86d907fc34529e875e43a4d9c573c356cb8894bc40452b3,-9.214e-20,1.264e-05,-14.66892628216277,29,112,5376,1.1337,86.2892783730058,86.28928120499768,0.7704,6bb2627b75bbf1c3cc1a35eaf5559aaeee0e0d51,112,28.0,True,5376,0.300527
5972f9d6f00c320fa30ccb37,lhs30s2000:06,stage6b,48,2,1.0,4.0,0.0,0.0,SUCCESS,True,3.958525,-0.316413,-1.819671,-4.201684,0.003962,0.0,/usr/local/bin/avl:sha256=758a9c634d7bfc26,2.2661,0.0,0.65452,False,0.0019132,0.008125287703933904,0.15089,-0.05082,-0.00053,-0.002223,-1.3e-05,0.008703,-0.00556,543da140a6d0eacdb86d907fc34529e875e43a4d9c573c356cb8894bc40452b3,-9.865e-20,-5.603e-05,18.57041934982139,29,112,5376,1.1337,88.91598315699957,88.91598548099864,0.836,6bb2627b75bbf1c3cc1a35eaf5559aaeee0e0d51,112,28.0,True,5376,0.300872
a06ba32334c696285d63f7cd,lhs30s2000:07,stage6b,8,2,0.0,-2.0,0.0,0.0,SUCCESS,True,3.807692,-0.298973,-2.088596,-5.121998,0.002268,0.0,/usr/local/bin/avl:sha256=758a9c634d7bfc26,2.027,0.0,0.64408,False,0.0037131,0.011349320215807516,-0.19878,0.12674,-0.000235,-0.003118,-1.8e-05,0.012581,-0.009102,543da140a6d0eacdb86d907fc34529e875e43a4d9c573c356cb8894bc40452b3,1.062e-18,6.481e-05,-17.514705393820506,29,112,896,0.99526,2.862843591996352,2.8628462049964583,0.8092,6bb2627b75bbf1c3cc1a35eaf5559aaeee0e0d51,112,28.0,True,896,0.353289
bb5e7af4c67dbed0c8835e91,lhs30s2000:07,stage6b,8,2,0.0,0.0,0.0,0.0,SUCCESS,True,3.822747,-0.299261,-2.099192,-5.127202,0.001546,0.0,/usr/local/bin/avl:sha256=758a9c634d7bfc26,2.027,0.0,0.64408,False,0.0008304,0.007168241849306466,-0.06556,0.05362,-0.000334,-0.003121,3.6e-05,0.012608,-0.009112,543da140a6d0eacdb86d907fc34529e875e43a4d9c573c356cb8894bc40452b3,2.511e-19,-8.982e-06,-9.145896773327058,29,112,896,0.99526,3.2293898679927224,3.2293947050056886,0.3993,6bb2627b75bbf1c3cc1a35eaf5559aaeee0e0d51,112,28.0,True,896,0.353683
607d209a49fa4d65f10d5696,lhs30s2000:07,stage6b,8,2,0.0,4.0,0.0,0.0,SUCCESS,True,3.814761,-0.296652,-2.093271,-5.125077,0.003301,0.0,/usr/local/bin/avl:sha256=758a9c634d7bfc26,2.027,0.0,0.64408,False,0.0031337,0.009540843719843482,0.20133,-0.09295,-0.00053,-0.003109,5.5e-05,0.01256,-0.00908,543da140a6d0eacdb86d907fc34529e875e43a4d9c573c356cb8894bc40452b3,-1.463e-18,-0.0001565,21.10190732725919,29,112,896,0.99526,3.0148289060016396,3.0148316390113905,0.9487,6bb2627b75bbf1c3cc1a35eaf5559aaeee0e0d51,112,28.0,True,896,0.353424
6fd2e0dee068f9997bcb89b6,lhs30s2000:07,stage6b,12,2,0.0,-2.0,0.0,0.0,SUCCESS,True,3.807441,-0.299019,-2.085446,-5.116585,0.00227,0.0,/usr/local/bin/avl:sha256=758a9c634d7bfc26,2.027,0.0,0.64408,False,0.0038727,0.011548441679361128,-0.20298,0.12923,-0.00023,-0.003174,-3e-05,0.012809,-0.009246,543da140a6d0eacdb86d907fc34529e875e43a4d9c573c356cb8894bc40452b3,-1.006e-18,7.288e-05,-17.57639737340121,29,112,1344,0.99526,7.207365180001943,7.207370233008987,0.8065,6bb2627b75bbf1c3cc1a35eaf5559aaeee0e0d51,112,28.0,True,1344,0.352779
638b8ed1b39869ba31bc15ab,lhs30s2000:07,stage6b,12,2,0.0,0.0,0.0,0.0,SUCCESS,True,3.822757,-0.299282,-2.096118,-5.121615,0.001539,0.0,/usr/local/bin/avl:sha256=758a9c634d7bfc26,2.027,0.0,0.64408,False,0.0008891,0.007252121526343761,-0.06977,0.05622,-0.000332,-0.003177,2.8e-05,0.012839,-0.009256,543da140a6d0eacdb86d907fc34529e875e43a4d9c573c356cb8894bc40452b3,-3.97e-19,-5.486e-06,-9.620633044627883,29,112,1344,0.99526,6.419500764997792,6.419505010009743,0.4129,6bb2627b75bbf1c3cc1a35eaf5559aaeee0e0d51,112,28.0,True,1344,0.353164
c1571cababf1cd03a5769c68,lhs30s2000:07,stage6b,12,2,0.0,4.0,0.0,0.0,SUCCESS,True,3.815045,-0.296628,-2.090431,-5.119218,0.003281,0.0,/usr/local/bin/avl:sha256=758a9c634d7bfc26,2.027,0.0,0.64408,False,0.0030732,0.0094713240094162,0.19714,-0.09014,-0.000534,-0.003165,5.4e-05,0.01279,-0.009223,543da140a6d0eacdb86d907fc34529e875e43a4d9c573c356cb8894bc40452b3,7.687e-19,-0.0001621,20.814407764321796,29,112,1344,0.99526,6.554415377002442,6.554418207990238,0.9417,6bb2627b75bbf1c3cc1a35eaf5559aaeee0e0d51,112,28.0,True,1344,0.352918
244350606206ff7da02eaa25,lhs30s2000:07,stage6b,16,2,0.0,-2.0,0.0,0.0,SUCCESS,True,3.807328,-0.299037,-2.083883,-5.113055,0.002276,0.0,/usr/local/bin/avl:sha256=758a9c634d7bfc26,2.027,0.0,0.64408,False,0.0039575,0.011651654070514855,-0.20489,0.13053,-0.000226,-0.003203,-3.7e-05,0.012926,-0.009319,543da140a6d0eacdb86d907fc34529e875e43a4d9c573c356cb8894bc40452b3,-5.33e-19,7.784e-05,-17.58462779275994,29,112,1792,0.99526,11.299689899999066,11.299692732995027,0.8053,6bb2627b75bbf1c3cc1a35eaf5559aaeee0e0d51,112,28.0,True,1792,0.352526
f4a28c373986b83b3da652a6,lhs30s2000:07,stage6b,16,2,0.0,0.0,0.0,0.0,SUCCESS,True,3.822784,-0.299292,-2.094608,-5.118015,0.001542,0.0,/usr/local/bin/avl:sha256=758a9c634d7bfc26,2.027,0.0,0.64408,False,0.0009217,0.007296397228229715,-0.07169,0.05758,-0.00033,-0.003206,2.3e-05,0.012957,-0.009329,543da140a6d0eacdb86d907fc34529e875e43a4d9c573c356cb8894bc40452b3,-8.576e-20,-2.341e-06,-9.825397077153617,29,112,1792,0.99526,10.524574993993156,10.524577118005254,0.4188,6bb2627b75bbf1c3cc1a35eaf5559aaeee0e0d51,112,28.0,True,1792,0.352907
2ec04ec24745cb0a495491eb,lhs30s2000:07,stage6b,16,2,0.0,4.0,0.0,0.0,SUCCESS,True,3.81521,-0.29662,-2.089062,-5.115514,0.003281,0.0,/usr/local/bin/avl:sha256=758a9c634d7bfc26,2.027,0.0,0.64408,False,0.0030488,0.009442819112517981,0.19523,-0.08868,-0.000535,-0.003194,5.2e-05,0.012909,-0.009295,543da140a6d0eacdb86d907fc34529e875e43a4d9c573c356cb8894bc40452b3,8.64e-19,-0.0001626,20.67496980231159,29,112,1792,0.99526,10.77976795900031,10.779770360008115,0.9384,6bb2627b75bbf1c3cc1a35eaf5559aaeee0e0d51,112,28.0,True,1792,0.352671
8282efa5f893fa074f9f7ca4,lhs30s2000:07,stage6b,24,4,1.0,-2.0,0.0,0.0,SUCCESS,True,3.798798,-0.297139,-2.073349,-5.088502,0.002297,0.0,/usr/local/bin/avl:sha256=758a9c634d7bfc26,2.027,0.0,0.64408,False,0.0040834,0.011796384291251781,-0.20609,0.13106,-0.000206,-0.003194,-5.9e-05,0.012908,-0.009302,543da140a6d0eacdb86d907fc34529e875e43a4d9c573c356cb8894bc40452b3,4.94e-19,8.16e-05,-17.470607510882523,29,224,5376,0.99526,77.30091234199062,77.30091455898946,0.8034,6bb2627b75bbf1c3cc1a35eaf5559aaeee0e0d51,224,28.0,True,5376,0.351531
5de35e1a2998d5d0faac313e,lhs30s2000:07,stage6b,24,4,1.0,0.0,0.0,0.0,SUCCESS,True,3.814471,-0.297399,-2.084087,-5.093413,0.001554,0.0,/usr/local/bin/avl:sha256=758a9c634d7bfc26,2.027,0.0,0.64408,False,0.000964,0.007357391051887331,-0.07317,0.05847,-0.000311,-0.003197,4e-06,0.012942,-0.009312,543da140a6d0eacdb86d907fc34529e875e43a4d9c573c356cb8894bc40452b3,2e-20,1.437e-06,-9.945101393139938,29,224,5376,0.99526,85.71808202800457,85.71808483499626,0.4273,6bb2627b75bbf1c3cc1a35eaf5559aaeee0e0d51,224,28.0,True,5376,0.3519
091e1e53c5529da7cd0b583e,lhs30s2000:07,stage6b,24,4,1.0,4.0,0.0,0.0,SUCCESS,True,3.807034,-0.294759,-2.078713,-5.090885,0.003294,0.0,/usr/local/bin/avl:sha256=758a9c634d7bfc26,2.027,0.0,0.64408,False,0.0030324,0.009431551157381533,0.19317,-0.08706,-0.000519,-0.003186,3.9e-05,0.012899,-0.009279,543da140a6d0eacdb86d907fc34529e875e43a4d9c573c356cb8894bc40452b3,-9.48e-19,-0.0001588,20.481254544096593,29,224,5376,0.99526,86.36618126499525,86.36618371000804,0.9339,6bb2627b75bbf1c3cc1a35eaf5559aaeee0e0d51,224,28.0,True,5376,0.351678
14158f038c2fcf0ffd445618,lhs30s2000:07,stage6b,48,2,1.0,-2.0,0.0,0.0,SUCCESS,True,3.807083,-0.299045,-2.078949,-5.098902,0.002312,0.0,/usr/local/bin/avl:sha256=758a9c634d7bfc26,2.027,0.0,0.64408,False,0.0041305,0.011840736868070762,-0.20627,0.13118,-0.000205,-0.003246,-6.7e-05,0.013097,-0.009423,543da140a6d0eacdb86d907fc34529e875e43a4d9c573c356cb8894bc40452b3,-4.055e-20,8.274e-05,-17.42036853772328,29,112,5376,0.99526,85.4674918110104,85.46749429999909,0.8062,6bb2627b75bbf1c3cc1a35eaf5559aaeee0e0d51,112,28.0,True,5376,0.351713
2b64e7671bbd569cc3afc254,lhs30s2000:07,stage6b,48,2,1.0,0.0,0.0,0.0,SUCCESS,True,3.822812,-0.299297,-2.089675,-5.103775,0.001567,0.0,/usr/local/bin/avl:sha256=758a9c634d7bfc26,2.027,0.0,0.64408,False,0.0009795,0.007364424885305761,-0.07307,0.0584,-0.000312,-0.003249,-2e-06,0.013133,-0.009433,543da140a6d0eacdb86d907fc34529e875e43a4d9c573c356cb8894bc40452b3,9.318e-20,6.878e-07,-9.922023937781834,29,112,5376,0.99526,87.24879656999838,87.24879877800413,0.4258,6bb2627b75bbf1c3cc1a35eaf5559aaeee0e0d51,112,28.0,True,5376,0.352073
cd6eec509cb0f2336dab4136,lhs30s2000:07,stage6b,48,2,1.0,4.0,0.0,0.0,SUCCESS,True,3.815182,-0.296612,-2.084219,-5.101176,0.003297,0.0,/usr/local/bin/avl:sha256=758a9c634d7bfc26,2.027,0.0,0.64408,False,0.0030763,0.009467388155492721,0.19385,-0.08752,-0.000524,-0.003237,3.7e-05,0.01309,-0.009398,543da140a6d0eacdb86d907fc34529e875e43a4d9c573c356cb8894bc40452b3,3.759e-19,-0.0001634,20.475552160342502,29,112,5376,0.99526,86.83401617400523,86.83401859700098,0.9368,6bb2627b75bbf1c3cc1a35eaf5559aaeee0e0d51,112,28.0,True,5376,0.351856
459ac2c25ed111bd2a3bdf9e,lhs30s2000:00,timing/c12s2u/4,12,2,0.0,4.0,4.0,4.0,SUCCESS,True,3.741643,-0.29334,-1.876048,-4.623765,0.003614,0.0,/usr/local/bin/avl:sha256=758a9c634d7bfc26,1.7165,0.0,0.5539,False,0.0034854,0.010040153540423438,0.19293,-0.08216,-0.000583,-0.002537,2.7e-05,0.009967,-0.006663,543da140a6d0eacdb86d907fc34529e875e43a4d9c573c356cb8894bc40452b3,-0.0002086,-0.0003266,19.215841592783377,29,112,1344,0.77939,6.800863248994574,6.800865285011241,0.8781,6bb2627b75bbf1c3cc1a35eaf5559aaeee0e0d51,112,28.0,True,1344,0.277724
1ab002612bcb3dedc4e88a3a,lhs30s2000:00,timing/c16s2u/4,16,2,0.0,4.0,4.0,4.0,SUCCESS,True,3.741722,-0.293335,-1.874394,-4.620015,0.003622,0.0,/usr/local/bin/avl:sha256=758a9c634d7bfc26,1.7165,0.0,0.5539,False,0.003468,0.01001999745126544,0.19147,-0.081,-0.000585,-0.002561,2.5e-05,0.010063,-0.006714,543da140a6d0eacdb86d907fc34529e875e43a4d9c573c356cb8894bc40452b3,-0.0002001,-0.0003178,19.108787295731197,29,112,1792,0.77939,11.474160583005869,11.47416272299597,0.8746,6bb2627b75bbf1c3cc1a35eaf5559aaeee0e0d51,112,28.0,True,1792,0.277473
4a82bf777a9ae9dfcbd7be68,lhs30s2000:00,timing/c24s4c/4,24,4,1.0,4.0,4.0,4.0,SUCCESS,True,3.73324,-0.291354,-1.864146,-4.59761,0.003652,0.0,/usr/local/bin/avl:sha256=758a9c634d7bfc26,1.7165,0.0,0.5539,False,0.0034436,0.009989227670046397,0.18961,-0.0796,-0.000576,-0.002551,1.5e-05,0.010045,-0.006697,543da140a6d0eacdb86d907fc34529e875e43a4d9c573c356cb8894bc40452b3,-0.0001976,-0.0003128,18.981447441483663,29,224,5376,0.77939,84.65897172100085,84.65897386199504,0.8698,6bb2627b75bbf1c3cc1a35eaf5559aaeee0e0d51,224,28.0,True,5376,0.276583
0f8432ee5d522f0497d8c094,lhs30s2000:00,timing/c48s2c/4,48,2,1.0,4.0,4.0,4.0,SUCCESS,True,3.741741,-0.293328,-1.869092,-4.605637,0.003653,0.0,/usr/local/bin/avl:sha256=758a9c634d7bfc26,1.7165,0.0,0.5539,False,0.003507,0.010058221204291368,0.1907,-0.08023,-0.000581,-0.002597,1.1e-05,0.010212,-0.006789,543da140a6d0eacdb86d907fc34529e875e43a4d9c573c356cb8894bc40452b3,-0.0001871,-0.0003046,18.959614839116615,29,112,5376,0.77939,83.43445961800171,83.4344623049983,0.8711,6bb2627b75bbf1c3cc1a35eaf5559aaeee0e0d51,112,28.0,True,5376,0.276687
e6930e4d9cf4b151a5f4abb5,lhs30s2000:00,timing/c8s2u/4,8,2,0.0,4.0,4.0,4.0,SUCCESS,True,3.741588,-0.293355,-1.879505,-4.629681,0.003609,0.0,/usr/local/bin/avl:sha256=758a9c634d7bfc26,1.7165,0.0,0.5539,False,0.0035364,0.010097856405831008,0.19629,-0.08437,-0.000579,-0.002491,3e-05,0.009781,-0.006562,543da140a6d0eacdb86d907fc34529e875e43a4d9c573c356cb8894bc40452b3,-0.0002258,-0.0003411,19.43877909440783,29,112,896,0.77939,2.9144357469922397,2.9144392859889194,0.885,6bb2627b75bbf1c3cc1a35eaf5559aaeee0e0d51,112,28.0,True,896,0.27824
