"Time_Iter","Outer_Iter","Inner_Iter",    "rms[Rho]"    ,    "rms[RhoU]"   ,    "rms[RhoV]"   ,    "rms[RhoE]"   ,     "rms[nu]"    ,    "rms[LM_1]"   ,    "rms[LM_2]"   ,     "Min DT"     ,     "Max DT"     ,     "Min CFL"    ,     "Max CFL"    ,     "Avg CFL"    ,    "RefForce"    ,       "CD"       ,       "CL"       ,       "CSF"      ,       "CMx"      ,       "CMy"      ,       "CMz"      ,       "CFx"      ,       "CFy"      ,       "CFz"      ,      "CEff"      ,     "Buffet"     
          0,           0,           0,      -11.32976261,      -9.681190967,      -10.29939904,      -10.98285195,      -12.47947092,      -5.455806874,      -3.436754428,   2.487471893e-06,      0.1615068751,                40,                40,                40,    0.001789260784,     0.01076888184,      0.6052101216,                 0,                 0,                 0,     0.07814688959,    -0.01035920692,      0.6052172725,                 0,       56.19990364,    0.002390236486
          0,           0,           1,      -11.29538953,      -9.681217405,       -10.3003588,      -10.93887809,      -12.47949035,      -5.455950301,      -3.436610301,   9.949887575e-05,       6.460275004,                40,                40,                40,    0.001789260784,     0.01076845511,      0.6052045159,                 0,                 0,                 0,     0.07814612637,    -0.01035943775,      0.6052116554,                 0,       56.20161013,    0.002390236486
          0,           0,           2,      -11.35019208,      -9.681199924,      -10.29981272,      -11.00965282,      -12.47949187,      -5.455988223,      -3.436470098,   9.949887629e-05,       6.460275006,                40,                40,                40,    0.001789260784,     0.01076803109,      0.6051989141,                 0,                 0,                 0,     0.07814536747,    -0.01035966601,      0.6052060421,                 0,       56.20330303,    0.002390236486
          0,           0,           3,      -11.33721025,      -9.681201232,      -10.29902134,      -10.99270949,      -12.47949336,      -5.456026104,      -3.436331933,   9.949887682e-05,       6.460275007,                40,                40,                40,    0.001789260784,     0.01076760864,       0.605193316,                 0,                 0,                 0,     0.07814461195,    -0.01035989283,      0.6052004327,                 0,       56.20498815,    0.002390236486
          0,           0,           4,      -11.32472985,      -9.681204851,      -10.29900086,       -10.9764872,      -12.47949491,       -5.45606394,      -3.436196692,   9.949887736e-05,       6.460275008,                40,                40,                40,    0.001789260784,      0.0107671863,      0.6051877183,                 0,                 0,                 0,     0.07814385676,    -0.01036011956,      0.6051948236,                 0,       56.20667291,    0.002390236486
          0,           0,           5,      -11.32694003,       -9.68120672,      -10.29907909,      -10.97930265,      -12.47949642,      -5.456101734,      -3.436064891,    9.94988779e-05,       6.460275009,                40,                40,                40,    0.001789260784,     0.01076676375,      0.6051821199,                 0,                 0,                 0,     0.07814310089,    -0.01036034647,       0.605189214,                 0,       56.20835877,    0.002390236486
          0,           0,           6,      -11.33025214,      -9.681208793,      -10.29898918,      -10.98360713,      -12.47949788,      -5.456139488,      -3.435936726,   9.949887843e-05,        6.46027501,                40,                40,                40,    0.001789260784,     0.01076634137,      0.6051765218,                 0,                 0,                 0,     0.07814234489,    -0.01036057322,      0.6051836046,                 0,       56.21004395,    0.002390236486
          0,           0,           7,      -11.32997187,      -9.681211557,       -10.2988611,      -10.98329225,      -12.47949927,      -5.456177201,      -3.435812077,   9.949887897e-05,       6.460275011,                40,                40,                40,    0.001789260784,     0.01076591945,      0.6051709242,                 0,                 0,                 0,     0.07814158934,    -0.01036079953,      0.6051779956,                 0,       56.21172692,    0.002390236486
          0,           0,           8,      -11.32906385,      -9.681214449,      -10.29876836,       -10.9821547,      -12.47950062,      -5.456214874,      -3.435690799,   9.949887951e-05,       6.460275012,                40,                40,                40,    0.001789260784,     0.01076549801,      0.6051653263,                 0,                 0,                 0,     0.07814083422,    -0.01036102535,      0.6051723864,                 0,       56.21340746,    0.002390236486
          0,           0,           9,       -11.3289471,       -9.68121725,      -10.29868804,      -10.98203116,      -12.47950192,      -5.456252505,      -3.435572737,   9.949888004e-05,       6.460275013,                40,                40,                40,    0.001789260784,     0.01076507695,      0.6051597269,                 0,                 0,                 0,     0.07814007917,    -0.01036125074,      0.6051667757,                 0,       56.21508603,    0.002390236486
          0,           0,          10,      -11.32906443,      -9.681220038,      -10.29860043,      -10.98221047,      -12.47950316,      -5.456290097,      -3.435457627,   9.949888058e-05,       6.460275014,                40,                40,                40,    0.001789260784,     0.01076465617,      0.6051541251,                 0,                 0,                 0,     0.07813932392,    -0.01036147576,      0.6051611627,                 0,       56.21676305,    0.002390236486
          0,           0,          11,      -11.32900993,      -9.681222853,      -10.29850913,      -10.98216995,      -12.47950434,      -5.456327648,      -3.435345422,   9.949888111e-05,       6.460275016,                40,                40,                40,    0.001789260784,     0.01076423565,      0.6051485209,                 0,                 0,                 0,     0.07813856839,    -0.01036170044,      0.6051555472,                 0,        56.2184386,    0.002390236486
          0,           0,          12,      -11.32888077,      -9.681225664,      -10.29841916,      -10.98203287,      -12.47950546,      -5.456365158,      -3.435235929,   9.949888165e-05,       6.460275017,                40,                40,                40,    0.001789260784,     0.01076381542,      0.6051429144,                 0,                 0,                 0,     0.07813781264,    -0.01036192475,      0.6051499294,                 0,       56.22011255,    0.002390236486
          0,           0,          13,      -11.32878956,      -9.681228452,      -10.29833015,      -10.98194334,      -12.47950653,      -5.456402629,      -3.435128992,   9.949888218e-05,       6.460275018,                40,                40,                40,    0.001789260784,     0.01076339551,      0.6051373057,                 0,                 0,                 0,     0.07813705677,    -0.01036214866,      0.6051443095,                 0,       56.22178476,    0.002390236486
          0,           0,          14,      -11.32871354,      -9.681231211,      -10.29824091,      -10.98187319,      -12.47950753,       -5.45644006,      -3.435024461,   9.949888272e-05,       6.460275019,                40,                40,                40,    0.001789260784,     0.01076297595,      0.6051316951,                 0,                 0,                 0,      0.0781363008,    -0.01036237217,      0.6051386877,                 0,       56.22345512,    0.002390236486
          0,           0,          15,      -11.32863248,      -9.681233935,       -10.2981515,      -10.98179719,      -12.47950848,      -5.456477451,      -3.434922149,   9.949888325e-05,        6.46027502,                40,                40,                40,    0.001789260784,     0.01076255673,      0.6051260828,                 0,                 0,                 0,     0.07813554473,    -0.01036259526,      0.6051330641,                 0,       56.22512363,    0.002390236486
          0,           0,          16,      -11.32854771,      -9.681236618,      -10.29806229,      -10.98171644,      -12.47950936,      -5.456514802,         -3.434822,   9.949888379e-05,       6.460275021,                40,                40,                40,    0.001789260784,     0.01076213786,      0.6051204687,                 0,                 0,                 0,     0.07813478854,    -0.01036281795,      0.6051274388,                 0,       56.22679032,    0.002390236486
          0,           0,          17,      -11.32846352,       -9.68123926,       -10.2979733,      -10.98163625,      -12.47951018,      -5.456552114,      -3.434723873,   9.949888432e-05,       6.460275022,                40,                40,                40,    0.001789260784,     0.01076171931,      0.6051148528,                 0,                 0,                 0,     0.07813403217,    -0.01036304024,      0.6051218118,                 0,       56.22845524,    0.002390236486
          0,           0,          18,      -11.32838049,      -9.681241858,      -10.29788449,      -10.98155745,      -12.47951093,      -5.456589386,      -3.434627627,   9.949888486e-05,       6.460275023,                40,                40,                40,    0.001789260784,     0.01076130109,      0.6051092352,                 0,                 0,                 0,     0.07813327559,    -0.01036326216,       0.605116183,                 0,       56.23011845,    0.002390236486
          0,           0,          19,      -11.32829741,      -9.681244414,      -10.29779579,      -10.98147863,      -12.47951162,      -5.456626619,      -3.434533063,   9.949888539e-05,       6.460275024,                40,                40,                40,    0.001789260784,     0.01076088319,      0.6051036159,                 0,                 0,                 0,     0.07813251878,     -0.0103634837,      0.6051105525,                 0,       56.23177998,    0.002390236486
          0,           0,          20,      -11.32821438,       -9.68124693,      -10.29770721,      -10.98139991,      -12.47951225,      -5.456663813,      -3.434440193,   9.949888593e-05,       6.460275026,                40,                40,                40,    0.001789260784,      0.0107604656,      0.6050979949,                 0,                 0,                 0,     0.07813176172,    -0.01036370486,      0.6051049204,                 0,       56.23343985,    0.002390236486
          0,           0,          21,      -11.32813148,      -9.681249409,      -10.29761869,      -10.98132144,       -12.4795128,      -5.456700968,      -3.434348943,   9.949888646e-05,       6.460275027,                40,                40,                40,    0.001789260784,     0.01076004831,      0.6050923722,                 0,                 0,                 0,     0.07813100443,    -0.01036392566,      0.6050992865,                 0,       56.23509807,    0.002390236486
          0,           0,          22,      -11.32804898,      -9.681251854,      -10.29753022,      -10.98124362,      -12.47951329,      -5.456738084,       -3.43425923,     9.9498887e-05,       6.460275028,                40,                40,                40,    0.001789260784,     0.01075963134,      0.6050867478,                 0,                 0,                 0,     0.07813024691,    -0.01036414609,       0.605093651,                 0,       56.23675463,    0.002390236486
          0,           0,          23,       -11.3279667,      -9.681254267,      -10.29744175,      -10.98116625,      -12.47951372,      -5.456775161,      -3.434170967,   9.949888753e-05,       6.460275029,                40,                40,                40,    0.001789260784,     0.01075921469,      0.6050811218,                 0,                 0,                 0,     0.07812948919,    -0.01036436615,       0.605088014,                 0,       56.23840953,    0.002390236486
          0,           0,          24,      -11.32788441,      -9.681256652,      -10.29735326,      -10.98108906,      -12.47951407,      -5.456812199,      -3.434084073,   9.949888807e-05,        6.46027503,                40,                40,                40,    0.001789260784,     0.01075879835,      0.6050754943,                 0,                 0,                 0,     0.07812873129,    -0.01036458583,      0.6050823753,                 0,       56.24006272,    0.002390236486
          0,           0,          25,      -11.32780215,       -9.68125901,      -10.29726475,      -10.98101197,      -12.47951435,      -5.456849199,      -3.433998476,    9.94988886e-05,       6.460275031,                40,                40,                40,    0.001789260784,     0.01075838235,      0.6050698652,                 0,                 0,                 0,     0.07812797326,    -0.01036480513,      0.6050767351,                 0,       56.24171419,    0.002390236486
          0,           0,          26,       -11.3277196,      -9.681261342,      -10.29717622,      -10.98093475,      -12.47951456,       -5.45688616,       -3.43391412,   9.949888913e-05,       6.460275032,                40,                40,                40,    0.001789260784,     0.01075796668,      0.6050642346,                 0,                 0,                 0,     0.07812721511,    -0.01036502404,      0.6050710934,                 0,       56.24336388,    0.002390236486
          0,           0,          27,      -11.32763678,      -9.681263648,      -10.29708766,      -10.98085729,       -12.4795147,      -5.456923082,      -3.433830934,   9.949888966e-05,       6.460275033,                40,                40,                40,    0.001789260784,     0.01075755135,      0.6050586025,                 0,                 0,                 0,     0.07812645688,    -0.01036524256,      0.6050654503,                 0,       56.24501178,    0.002390236486
          0,           0,          28,      -11.32755408,      -9.681265929,      -10.29699909,      -10.98077988,      -12.47951477,      -5.456959967,      -3.433748922,    9.94988902e-05,       6.460275035,                40,                40,                40,    0.001789260784,     0.01075713637,      0.6050529689,                 0,                 0,                 0,     0.07812569859,    -0.01036546068,      0.6050598057,                 0,       56.24665784,    0.002390236486
          0,           0,          29,      -11.32747125,      -9.681268183,      -10.29691052,      -10.98070213,      -12.47951477,      -5.456996814,      -3.433668179,   9.949889073e-05,       6.460275036,                40,                40,                40,    0.001789260784,     0.01075672175,      0.6050473339,                 0,                 0,                 0,     0.07812494026,    -0.01036567839,      0.6050541596,                 0,       56.24830205,    0.002390236486
          0,           0,          30,      -11.32738842,       -9.68127041,      -10.29682197,      -10.98062421,      -12.47951469,      -5.457033624,      -3.433588346,   9.949889126e-05,       6.460275037,                40,                40,                40,    0.001789260784,     0.01075630748,      0.6050416975,                 0,                 0,                 0,     0.07812418191,     -0.0103658957,      0.6050485122,                 0,       56.24994439,    0.002390236486
          0,           0,          31,      -11.32730562,      -9.681272604,      -10.29673343,      -10.98054615,      -12.47951453,      -5.457070398,      -3.433509445,   9.949889179e-05,       6.460275038,                40,                40,                40,    0.001789260784,     0.01075589357,      0.6050360597,                 0,                 0,                 0,     0.07812342355,     -0.0103661126,      0.6050428634,                 0,       56.25158485,    0.002390236486
          0,           0,          32,      -11.32723405,      -9.681274773,      -10.29664493,      -10.98048183,      -12.47951431,      -5.457107135,       -3.43343145,   9.949889232e-05,       6.460275039,                40,                40,                40,    0.001789260784,     0.01075548002,      0.6050304205,                 0,                 0,                 0,      0.0781226652,     -0.0103663291,      0.6050372132,                 0,       56.25322343,    0.002390236486
          0,           0,          33,      -11.32713921,      -9.681276919,      -10.29655643,      -10.98038714,        -12.479514,      -5.457143824,      -3.433354317,   9.949889285e-05,        6.46027504,                40,                40,                40,    0.001789260784,     0.01075506682,      0.6050247799,                 0,                 0,                 0,     0.07812190685,    -0.01036654518,      0.6050315616,                 0,       56.25486014,    0.002390236486
          0,           0,          34,      -11.32704775,      -9.681279042,      -10.29646786,      -10.98029723,      -12.47951362,      -5.457180477,      -3.433277969,   9.949889339e-05,       6.460275041,                40,                40,                40,    0.001789260784,     0.01075465398,      0.6050191379,                 0,                 0,                 0,     0.07812114851,    -0.01036676087,      0.6050259086,                 0,       56.25649501,    0.002390236486
          0,           0,          35,      -11.32697223,       -9.68128113,      -10.29637931,      -10.98022716,      -12.47951316,      -5.457217093,      -3.433202411,   9.949889392e-05,       6.460275042,                40,                40,                40,    0.001789260784,     0.01075424148,      0.6050134945,                 0,                 0,                 0,     0.07812039016,    -0.01036697617,      0.6050202543,                 0,       56.25812807,    0.002390236486
          0,           0,          36,      -11.32689334,      -9.681283181,      -10.29629084,       -10.9801523,      -12.47951263,      -5.457254138,      -3.433127609,   9.949889445e-05,       6.460275043,                40,                40,                40,    0.001789260784,     0.01075382932,      0.6050078498,                 0,                 0,                 0,      0.0781196318,    -0.01036719108,      0.6050145986,                 0,       56.25975936,    0.002390236486
          0,           0,          37,       -11.3268124,      -9.681285197,      -10.29620243,      -10.98007451,      -12.47951202,      -5.457291833,      -3.433053524,   9.949889498e-05,       6.460275045,                40,                40,                40,    0.001789260784,     0.01075341749,      0.6050022035,                 0,                 0,                 0,     0.07811887342,    -0.01036740561,      0.6050089414,                 0,       56.26138892,    0.002390236486
          0,           0,          38,      -11.32673242,      -9.681287176,      -10.29611407,      -10.97999776,      -12.47951132,      -5.457329493,      -3.432980139,   9.949889551e-05,       6.460275046,                40,                40,                40,    0.001789260784,     0.01075300598,      0.6049965559,                 0,                 0,                 0,       0.078118115,    -0.01036761977,      0.6050032828,                 0,       56.26301677,    0.002390236486
          0,           0,          39,      -11.32665375,      -9.681289119,      -10.29602576,       -10.9799225,      -12.47951055,      -5.457367115,       -3.43290743,   9.949889604e-05,       6.460275047,                40,                40,                40,    0.001789260784,     0.01075259479,      0.6049909068,                 0,                 0,                 0,     0.07811735653,    -0.01036783355,      0.6049976228,                 0,       56.26464295,    0.002390236486
          0,           0,          40,       -11.3265759,      -9.681291025,      -10.29593751,       -10.9798482,       -12.4795097,        -5.4574047,      -3.432835333,   9.949889657e-05,       6.460275048,                40,                40,                40,    0.001789260784,     0.01075218392,      0.6049852562,                 0,                 0,                 0,       0.078116598,    -0.01036804697,      0.6049919613,                 0,       56.26626745,    0.002390236486
          0,           0,          41,      -11.32649848,      -9.681292895,      -10.29584932,      -10.97977446,      -12.47950877,      -5.457442248,      -3.432763826,   9.949889711e-05,       6.460275049,                40,                40,                40,    0.001789260784,     0.01075177336,      0.6049796041,                 0,                 0,                 0,     0.07811583939,    -0.01036826003,      0.6049862984,                 0,       56.26789031,    0.002390236486
          0,           0,          42,       -11.3264216,      -9.681294729,      -10.29576117,      -10.97970153,      -12.47950776,       -5.45747976,      -3.432692812,   9.949889764e-05,        6.46027505,                40,                40,                40,    0.001789260784,     0.01075136311,      0.6049739505,                 0,                 0,                 0,      0.0781150807,    -0.01036847272,      0.6049806339,                 0,       56.26951153,    0.002390236486
          0,           0,          43,      -11.32634496,      -9.681296528,      -10.29567308,      -10.97962919,      -12.47950667,      -5.457517234,      -3.432622359,   9.949889817e-05,       6.460275051,                40,                40,                40,    0.001789260784,     0.01075095317,      0.6049682954,                 0,                 0,                 0,     0.07811432191,    -0.01036868505,      0.6049749679,                 0,        56.2711311,    0.002390236486
          0,           0,          44,      -11.32626948,      -9.681298292,      -10.29558498,      -10.97955853,       -12.4795055,      -5.457554671,        -3.4325524,    9.94988987e-05,       6.460275052,                40,                40,                40,    0.001789260784,     0.01075054354,      0.6049626387,                 0,                 0,                 0,     0.07811356301,    -0.01036889701,      0.6049693004,                 0,       56.27274903,    0.002390236486
          0,           0,          45,      -11.32619135,      -9.681300021,      -10.29549698,      -10.97948503,      -12.47950425,      -5.457592072,      -3.432482941,   9.949889923e-05,       6.460275054,                40,                40,                40,    0.001789260784,     0.01075013423,      0.6049569805,                 0,                 0,                 0,     0.07811280401,    -0.01036910861,      0.6049636313,                 0,       56.27436531,    0.002390236486
          0,           0,          46,      -11.32611279,      -9.681301716,      -10.29540902,      -10.97941175,      -12.47950291,      -5.457629436,      -3.432413955,   9.949889976e-05,       6.460275055,                40,                40,                40,    0.001789260784,     0.01074972522,      0.6049513207,                 0,                 0,                 0,     0.07811204488,    -0.01036931984,      0.6049579607,                 0,       56.27597992,    0.002390236486
          0,           0,          47,      -11.32603353,      -9.681303377,      -10.29532106,       -10.9793382,       -12.4795015,      -5.457666763,      -3.432345426,   9.949890029e-05,       6.460275056,                40,                40,                40,    0.001789260784,     0.01074931653,      0.6049456593,                 0,                 0,                 0,     0.07811128564,     -0.0103695307,      0.6049522885,                 0,       56.27759285,    0.002390236486
          0,           0,          48,      -11.32595258,      -9.681305006,      -10.29523314,       -10.9792631,          -12.4795,      -5.457704054,      -3.432277332,   9.949890081e-05,       6.460275057,                40,                40,                40,    0.001789260784,     0.01074890816,      0.6049399963,                 0,                 0,                 0,     0.07811052628,    -0.01036974119,      0.6049466147,                 0,       56.27920409,    0.002390236486
          0,           0,          49,      -11.32586974,        -9.6813066,      -10.29514523,      -10.97918628,      -12.47949842,      -5.457741308,       -3.43220966,   9.949890134e-05,       6.460275058,                40,                40,                40,    0.001789260784,     0.01074850012,      0.6049343318,                 0,                 0,                 0,     0.07810976681,     -0.0103699513,      0.6049409394,                 0,       56.28081363,    0.002390236486
          0,           0,          50,      -11.32578498,      -9.681308162,      -10.29505735,       -10.9791076,      -12.47949677,      -5.457778525,      -3.432142388,   9.949890187e-05,       6.460275059,                40,                40,                40,    0.001789260784,     0.01074809239,      0.6049286657,                 0,                 0,                 0,     0.07810900721,    -0.01037016103,      0.6049352625,                 0,       56.28242144,    0.002390236486
          0,           0,          51,      -11.32569857,       -9.68130969,      -10.29496948,      -10.97902731,      -12.47949503,      -5.457815706,      -3.432075503,    9.94989024e-05,        6.46027506,                40,                40,                40,    0.001789260784,     0.01074768499,       0.604922998,                 0,                 0,                 0,     0.07810824751,    -0.01037037038,      0.6049295841,                 0,       56.28402753,    0.002390236486
          0,           0,          52,      -11.32561045,      -9.681311185,      -10.29488162,      -10.97894522,      -12.47949321,      -5.457852851,      -3.432008965,   9.949890293e-05,       6.460275061,                40,                40,                40,    0.001789260784,     0.01074727792,      0.6049173288,                 0,                 0,                 0,      0.0781074877,    -0.01037057935,      0.6049239041,                 0,       56.28563188,    0.002390236486
          0,           0,          53,      -11.32552069,      -9.681312646,      -10.29479378,      -10.97886124,       -12.4794913,      -5.457889959,      -3.431941166,   9.949890346e-05,       6.460275063,                40,                40,                40,    0.001789260784,     0.01074687118,      0.6049116579,                 0,                 0,                 0,     0.07810672779,    -0.01037078794,      0.6049182225,                 0,       56.28723449,    0.002390236486
          0,           0,          54,      -11.32542988,      -9.681314074,      -10.29470594,      -10.97877598,      -12.47948932,      -5.457927031,      -3.431872928,   9.949890399e-05,       6.460275064,                40,                40,                40,    0.001789260784,     0.01074646476,      0.6049059855,                 0,                 0,                 0,     0.07810596778,    -0.01037099614,      0.6049125394,                 0,       56.28883533,    0.002390236486
          0,           0,          55,      -11.32533834,      -9.681315469,      -10.29461812,      -10.97868967,      -12.47948725,      -5.457964066,      -3.431805029,   9.949890451e-05,       6.460275065,                40,                40,                40,    0.001789260784,     0.01074605868,      0.6049003116,                 0,                 0,                 0,     0.07810520767,    -0.01037120395,      0.6049068547,                 0,       56.29043441,    0.002390236486
          0,           0,          56,       -11.3252466,      -9.681316831,      -10.29453031,      -10.97860284,      -12.47948511,      -5.458001065,       -3.43173741,   9.949890504e-05,       6.460275066,                40,                40,                40,    0.001789260784,     0.01074565294,      0.6048946361,                 0,                 0,                 0,     0.07810444747,    -0.01037141138,      0.6049011685,                 0,       56.29203172,    0.002390236486
          0,           0,          57,      -11.32515501,      -9.681318159,      -10.29444252,      -10.97851582,      -12.47948288,      -5.458038028,      -3.431670066,   9.949890557e-05,       6.460275067,                40,                40,                40,    0.001789260784,     0.01074524753,       0.604888959,                 0,                 0,                 0,     0.07810368719,    -0.01037161842,      0.6048954807,                 0,       56.29362724,    0.002390236486
          0,           0,          58,       -11.3250642,      -9.681319454,      -10.29435475,      -10.97842928,      -12.47948057,      -5.458074954,      -3.431603016,    9.94989061e-05,       6.460275068,                40,                40,                40,    0.001789260784,     0.01074484246,      0.6048832804,                 0,                 0,                 0,     0.07810292683,    -0.01037182506,      0.6048897914,                 0,       56.29522098,    0.002390236486
          0,           0,          59,      -11.32497454,      -9.681320716,      -10.29426699,      -10.97834363,      -12.47947818,      -5.458111845,      -3.431536255,   9.949890663e-05,       6.460275069,                40,                40,                40,    0.001789260784,     0.01074443772,      0.6048776003,                 0,                 0,                 0,     0.07810216639,    -0.01037203132,      0.6048841006,                 0,       56.29681292,    0.002390236486
          0,           0,          60,      -11.32488609,      -9.681321945,      -10.29417926,      -10.97825893,      -12.47947571,      -5.458148699,      -3.431469778,   9.949890715e-05,        6.46027507,                40,                40,                40,    0.001789260784,     0.01074403332,      0.6048719186,                 0,                 0,                 0,     0.07810140588,    -0.01037223718,      0.6048784083,                 0,       56.29840307,    0.002390236486
          0,           0,          61,       -11.3247995,       -9.68132314,      -10.29409156,      -10.97817598,      -12.47947316,      -5.458185518,      -3.431403573,   9.949890768e-05,       6.460275072,                40,                40,                40,    0.001789260784,     0.01074362926,      0.6048662354,                 0,                 0,                 0,      0.0781006453,    -0.01037244265,      0.6048727144,                 0,       56.29999141,    0.002390236486
          0,           0,          62,      -11.32471454,      -9.681324302,      -10.29400389,      -10.97809454,      -12.47947053,        -5.4582223,      -3.431337626,   9.949890821e-05,       6.460275073,                40,                40,                40,    0.001789260784,     0.01074322555,      0.6048605506,                 0,                 0,                 0,     0.07809988465,    -0.01037264773,      0.6048670191,                 0,       56.30157796,    0.002390236486
          0,           0,          63,      -11.32463136,       -9.68132543,      -10.29391625,      -10.97801485,      -12.47946782,      -5.458259047,      -3.431271941,   9.949890873e-05,       6.460275074,                40,                40,                40,    0.001789260784,     0.01074282217,      0.6048548643,                 0,                 0,                 0,     0.07809912393,    -0.01037285241,      0.6048613222,                 0,       56.30316271,    0.002390236486
          0,           0,          64,      -11.32454989,      -9.681326525,      -10.29382865,      -10.97793691,      -12.47946503,      -5.458295757,      -3.431206482,   9.949890926e-05,       6.460275075,                40,                40,                40,    0.001789260784,     0.01074241912,      0.6048491765,                 0,                 0,                 0,     0.07809836315,    -0.01037305671,      0.6048556238,                 0,       56.30474566,    0.002390236486
          0,           0,          65,      -11.32446986,      -9.681327587,      -10.29374109,      -10.97786051,      -12.47946216,      -5.458332432,      -3.431141256,   9.949890979e-05,       6.460275076,                40,                40,                40,    0.001789260784,     0.01074201642,      0.6048434872,                 0,                 0,                 0,      0.0780976023,    -0.01037326061,      0.6048499239,                 0,       56.30632682,    0.002390236486
          0,           0,          66,      -11.32439102,      -9.681328615,      -10.29365358,      -10.97778538,      -12.47945921,      -5.458369072,      -3.431076254,   9.949891031e-05,       6.460275077,                40,                40,                40,    0.001789260784,     0.01074161405,      0.6048377964,                 0,                 0,                 0,     0.07809684139,    -0.01037346413,      0.6048442225,                 0,       56.30790619,    0.002390236486
          0,           0,          67,      -11.32431719,      -9.681329613,      -10.29356608,      -10.97771579,      -12.47945618,      -5.458405675,      -3.431011472,   9.949891084e-05,       6.460275078,                40,                40,                40,    0.001789260784,     0.01074121202,      0.6048321041,                 0,                 0,                 0,     0.07809608041,    -0.01037366726,      0.6048385196,                 0,       56.30948379,    0.002390236486
          0,           0,          68,      -11.32423493,      -9.681330579,      -10.29347862,       -10.9776357,      -12.47945307,      -5.458442243,      -3.430946822,   9.949891137e-05,       6.460275079,                40,                40,                40,    0.001789260784,     0.01074081032,      0.6048264103,                 0,                 0,                 0,     0.07809531937,    -0.01037387001,      0.6048328153,                 0,       56.31105963,    0.002390236486
          0,           0,          69,      -11.32415667,      -9.681331513,       -10.2933912,      -10.97756139,      -12.47944988,      -5.458478775,      -3.430882401,   9.949891189e-05,       6.460275081,                40,                40,                40,    0.001789260784,     0.01074040895,       0.604820715,                 0,                 0,                 0,     0.07809455826,    -0.01037407237,      0.6048271094,                 0,       56.31263372,    0.002390236486
          0,           0,          70,      -11.32408055,      -9.681332414,      -10.29330382,      -10.97748998,      -12.47944661,      -5.458515272,      -3.430818194,   9.949891242e-05,       6.460275082,                40,                40,                40,    0.001789260784,      0.0107400079,      0.6048150182,                 0,                 0,                 0,     0.07809379708,    -0.01037427435,      0.6048214021,                 0,       56.31420607,    0.002390236486
          0,           0,          71,      -11.32400343,      -9.681333282,      -10.29321647,      -10.97741742,      -12.47944327,      -5.458551733,      -3.430754197,   9.949891294e-05,       6.460275083,                40,                40,                40,    0.001789260784,     0.01073960718,      0.6048093199,                 0,                 0,                 0,     0.07809303582,    -0.01037447596,      0.6048156933,                 0,        56.3157767,    0.002390236486
          0,           0,          72,      -11.32392529,      -9.681334119,      -10.29312916,      -10.97734382,      -12.47943985,      -5.458588159,      -3.430690404,   9.949891347e-05,       6.460275084,                40,                40,                40,    0.001789260784,     0.01073920679,      0.6048036201,                 0,                 0,                 0,     0.07809227449,     -0.0103746772,       0.604809983,                 0,       56.31734561,    0.002390236486
          0,           0,          73,      -11.32384637,      -9.681334923,      -10.29304187,      -10.97726954,      -12.47943635,      -5.458624548,      -3.430626809,   9.949891399e-05,       6.460275085,                40,                40,                40,    0.001789260784,     0.01073880671,      0.6047979189,                 0,                 0,                 0,     0.07809151307,    -0.01037487805,      0.6048042713,                 0,        56.3189128,    0.002390236486
          0,           0,          74,      -11.32376662,      -9.681335695,      -10.29295461,      -10.97719454,      -12.47943277,      -5.458660903,      -3.430563399,   9.949891452e-05,       6.460275086,                40,                40,                40,    0.001789260784,     0.01073840696,      0.6047922161,                 0,                 0,                 0,     0.07809075158,    -0.01037507854,       0.604798558,                 0,       56.32047829,    0.002390236486
          0,           0,          75,      -11.32368592,      -9.681336435,      -10.29286737,      -10.97711867,      -12.47942912,      -5.458697222,      -3.430500178,   9.949891504e-05,       6.460275087,                40,                40,                40,    0.001789260784,     0.01073800753,      0.6047865118,                 0,                 0,                 0,     0.07808999001,    -0.01037527865,      0.6047928433,                 0,       56.32204206,    0.002390236486
          0,           0,          76,      -11.32360425,       -9.68133715,      -10.29278015,      -10.97704183,      -12.47942539,      -5.458733506,      -3.430437135,   9.949891557e-05,       6.460275088,                40,                40,                40,    0.001789260784,     0.01073760842,      0.6047808061,                 0,                 0,                 0,     0.07808922836,    -0.01037547839,      0.6047871271,                 0,       56.32360414,    0.002390236486
          0,           0,          77,       -11.3235215,      -9.681337838,      -10.29269295,      -10.97696393,      -12.47942158,      -5.458769754,      -3.430374265,   9.949891609e-05,        6.46027509,                40,                40,                40,    0.001789260784,     0.01073720963,      0.6047750988,                 0,                 0,                 0,     0.07808846663,    -0.01037567775,      0.6047814094,                 0,       56.32516451,    0.002390236486
          0,           0,          78,      -11.32343808,      -9.681338495,      -10.29260577,      -10.97688536,       -12.4794177,      -5.458805971,      -3.430311565,   9.949891662e-05,       6.460275091,                40,                40,                40,    0.001789260784,     0.01073681116,      0.6047693901,                 0,                 0,                 0,     0.07808770482,    -0.01037587675,      0.6047756902,                 0,       56.32672319,    0.002390236486
          0,           0,          79,      -11.32335393,      -9.681339119,      -10.29251861,      -10.97680605,      -12.47941374,      -5.458842151,      -3.430249064,   9.949891714e-05,       6.460275092,                40,                40,                40,    0.001789260784,       0.010736413,      0.6047636799,                 0,                 0,                 0,     0.07808694293,    -0.01037607538,      0.6047699696,                 0,       56.32828018,    0.002390236486
          0,           0,          80,      -11.32326917,       -9.68133971,      -10.29243147,      -10.97672618,      -12.47940971,      -5.458878296,      -3.430186722,   9.949891767e-05,       6.460275093,                40,                40,                40,    0.001789260784,     0.01073601517,      0.6047579682,                 0,                 0,                 0,     0.07808618096,    -0.01037627364,      0.6047642475,                 0,       56.32983548,    0.002390236486
          0,           0,          81,      -11.32318395,      -9.681340266,      -10.29234434,      -10.97664585,       -12.4794056,      -5.458914405,      -3.430124541,   9.949891819e-05,       6.460275094,                40,                40,                40,    0.001789260784,     0.01073561765,       0.604752255,                 0,                 0,                 0,     0.07808541891,    -0.01037647152,      0.6047585239,                 0,       56.33138908,    0.002390236486
          0,           0,          82,      -11.32309846,      -9.681340789,      -10.29225724,      -10.97656525,      -12.47940142,       -5.45895048,      -3.430062514,   9.949891871e-05,       6.460275095,                40,                40,                40,    0.001789260784,     0.01073522046,      0.6047465403,                 0,                 0,                 0,     0.07808465678,    -0.01037666904,      0.6047527989,                 0,       56.33294098,    0.002390236486
          0,           0,          83,      -11.32301287,      -9.681341281,      -10.29217016,      -10.97648455,      -12.47939716,      -5.458986519,       -3.43000064,   9.949891924e-05,       6.460275096,                40,                40,                40,    0.001789260784,     0.01073482358,      0.6047408242,                 0,                 0,                 0,     0.07808389458,    -0.01037686618,      0.6047470723,                 0,       56.33449117,    0.002390236486
          0,           0,          84,      -11.32292727,      -9.681341739,      -10.29208311,      -10.97640384,      -12.47939283,      -5.459022524,      -3.429938911,   9.949891976e-05,       6.460275098,                40,                40,                40,    0.001789260784,     0.01073442702,      0.6047351065,                 0,                 0,                 0,     0.07808313229,    -0.01037706296,      0.6047413443,                 0,       56.33603966,    0.002390236486
          0,           0,          85,      -11.32284181,      -9.681342166,       -10.2919961,      -10.97632327,      -12.47938825,      -5.459058494,      -3.429877322,   9.949892028e-05,       6.460275099,                40,                40,                40,    0.001789260784,     0.01073403079,      0.6047293874,                 0,                 0,                 0,     0.07808236994,    -0.01037725935,      0.6047356148,                 0,       56.33758644,    0.002390236486
          0,           0,          86,      -11.32275645,      -9.681342559,      -10.29190912,      -10.97624278,      -12.47938353,      -5.459094429,      -3.429815877,   9.949892081e-05,         6.4602751,                40,                40,                40,    0.001789260784,     0.01073363488,      0.6047236668,                 0,                 0,                 0,     0.07808160751,    -0.01037745538,      0.6047298839,                 0,       56.33913149,    0.002390236486
          0,           0,          87,      -11.32267163,      -9.681342921,      -10.29182217,      -10.97616289,      -12.47937873,       -5.45913033,       -3.42975456,   9.949892133e-05,       6.460275101,                40,                40,                40,    0.001789260784,     0.01073323929,      0.6047179447,                 0,                 0,                 0,     0.07808084501,    -0.01037765102,      0.6047241515,                 0,       56.34067481,    0.002390236486
          0,           0,          88,      -11.32258707,       -9.68134325,      -10.29173526,      -10.97608325,      -12.47937385,      -5.459166195,      -3.429693379,   9.949892185e-05,       6.460275102,                40,                40,                40,    0.001789260784,     0.01073284404,      0.6047122211,                 0,                 0,                 0,     0.07808008243,    -0.01037784629,      0.6047184176,                 0,       56.34221638,    0.002390236486
          0,           0,          89,      -11.32250295,      -9.681343546,      -10.29164839,      -10.97600406,      -12.47936889,      -5.459202026,      -3.429632319,   9.949892238e-05,       6.460275103,                40,                40,                40,    0.001789260784,     0.01073244911,       0.604706496,                 0,                 0,                 0,     0.07807931979,    -0.01037804117,      0.6047126822,                 0,       56.34375621,    0.002390236486
          0,           0,          90,      -11.32242885,      -9.681343811,      -10.29156171,      -10.97593742,      -12.47936386,      -5.459237822,      -3.429571379,    9.94989229e-05,       6.460275104,                40,                40,                40,    0.001789260784,     0.01073205451,      0.6047007694,                 0,                 0,                 0,     0.07807855708,    -0.01037823568,      0.6047069453,                 0,       56.34529429,    0.002390236486
          0,           0,          91,       -11.3223372,      -9.681344038,      -10.29147519,      -10.97584805,      -12.47935875,      -5.459273583,      -3.429510558,   9.949892342e-05,       6.460275105,                40,                40,                40,    0.001789260784,     0.01073166024,      0.6046950414,                 0,                 0,                 0,     0.07807779429,     -0.0103784298,       0.604701207,                 0,        56.3468306,    0.002390236486
          0,           0,          92,      -11.32225551,      -9.681344235,      -10.29138846,      -10.97577135,      -12.47935357,      -5.459309309,      -3.429449854,   9.949892394e-05,       6.460275107,                40,                40,                40,    0.001789260784,      0.0107312663,      0.6046893118,                 0,                 0,                 0,     0.07807703145,    -0.01037862354,      0.6046954672,                 0,       56.34836513,    0.002390236486
          0,           0,          93,      -11.32217749,      -9.681344402,      -10.29130169,      -10.97569957,      -12.47934759,      -5.459345001,      -3.429389259,   9.949892446e-05,       6.460275108,                40,                40,                40,    0.001789260784,      0.0107308727,      0.6046835808,                 0,                 0,                 0,     0.07807626853,    -0.01037881689,      0.6046897259,                 0,       56.34989788,    0.002390236486
          0,           0,          94,      -11.32209609,      -9.681344535,      -10.29121499,      -10.97562358,      -12.47933898,      -5.459380659,      -3.429328777,   9.949892499e-05,       6.460275109,                40,                40,                40,    0.001789260784,     0.01073047943,      0.6046778483,                 0,                 0,                 0,     0.07807550555,    -0.01037900986,      0.6046839832,                 0,       56.35142884,    0.002390236486
          0,           0,          95,      -11.32201416,      -9.681344637,      -10.29112834,      -10.97554673,      -12.47933028,      -5.459416283,      -3.429268428,   9.949892551e-05,        6.46027511,                40,                40,                40,    0.001789260784,     0.01073008651,      0.6046721143,                 0,                 0,                 0,     0.07807474252,    -0.01037920243,       0.604678239,                 0,       56.35295801,    0.002390236486
          0,           0,          96,      -11.32193306,      -9.681344708,      -10.29104173,      -10.97547086,      -12.47932151,      -5.459451873,      -3.429208181,   9.949892603e-05,       6.460275111,                40,                40,                40,    0.001789260784,     0.01072969392,      0.6046663788,                 0,                 0,                 0,     0.07807397941,    -0.01037939462,      0.6046724933,                 0,       56.35448537,    0.002390236486
          0,           0,          97,       -11.3218524,      -9.681344748,      -10.29095516,      -10.97539555,      -12.47931265,      -5.459487429,      -3.429148044,   9.949892655e-05,       6.460275112,                40,                40,                40,    0.001789260784,     0.01072930166,      0.6046606419,                 0,                 0,                 0,     0.07807321625,    -0.01037958642,      0.6046667462,                 0,       56.35601095,    0.002390236486
          0,           0,          98,      -11.32177182,      -9.681344756,       -10.2908686,      -10.97532035,      -12.47930372,      -5.459522951,      -3.429088012,   9.949892707e-05,       6.460275113,                40,                40,                40,    0.001789260784,     0.01072890974,      0.6046549034,                 0,                 0,                 0,     0.07807245301,    -0.01037977783,      0.6046609975,                 0,       56.35753475,    0.002390236486
          0,           0,          99,      -11.32169109,      -9.681344732,      -10.29078208,      -10.97524495,      -12.47929472,       -5.45955844,      -3.429028051,   9.949892759e-05,       6.460275115,                40,                40,                40,    0.001789260784,     0.01072851815,      0.6046491634,                 0,                 0,                 0,     0.07807168971,    -0.01037996886,      0.6046552474,                 0,       56.35905678,    0.002390236486
          0,           0,         100,      -11.32161037,      -9.681344677,      -10.29069558,      -10.97516957,      -12.47928564,      -5.459593894,      -3.428968194,   9.949892811e-05,       6.460275116,                40,                40,                40,    0.001789260784,     0.01072812689,       0.604643422,                 0,                 0,                 0,     0.07807092634,    -0.01038015951,      0.6046494958,                 0,       56.36057704,    0.002390236486
          0,           0,         101,      -11.32152959,      -9.681344589,       -10.2906091,      -10.97509415,      -12.47927649,      -5.459629331,      -3.428908376,   9.949892863e-05,       6.460275117,                40,                40,                40,    0.001789260784,     0.01072773596,       0.604637679,                 0,                 0,                 0,     0.07807016289,    -0.01038034978,      0.6046437427,                 0,       56.36209555,    0.002390236486
          0,           0,         102,       -11.3214487,      -9.681344469,      -10.29052265,       -10.9750186,      -12.47926727,      -5.459664754,      -3.428848658,   9.949892915e-05,       6.460275118,                40,                40,                40,    0.001789260784,     0.01072734535,      0.6046319346,                 0,                 0,                 0,     0.07806939937,    -0.01038053966,      0.6046379881,                 0,       56.36361231,    0.002390236486
          0,           0,         103,      -11.32136766,      -9.681344316,      -10.29043623,      -10.97494287,      -12.47925798,      -5.459700143,      -3.428789039,   9.949892968e-05,       6.460275119,                40,                40,                40,    0.001789260784,     0.01072695507,      0.6046261887,                 0,                 0,                 0,     0.07806863578,    -0.01038072917,       0.604632232,                 0,       56.36512733,    0.002390236486
          0,           0,         104,      -11.32128646,      -9.681344129,      -10.29034983,      -10.97486698,      -12.47924863,      -5.459735498,      -3.428729526,    9.94989302e-05,        6.46027512,                40,                40,                40,    0.001789260784,     0.01072656512,      0.6046204412,                 0,                 0,                 0,     0.07806787211,    -0.01038091831,      0.6046264745,                 0,       56.36664062,    0.002390236486
          0,           0,         105,      -11.32121394,      -9.681343921,      -10.29026346,      -10.97480123,      -12.47923921,       -5.45977082,      -3.428670108,   9.949893072e-05,       6.460275121,                40,                40,                40,    0.001789260784,     0.01072617549,      0.6046146922,                 0,                 0,                 0,     0.07806710836,    -0.01038110706,      0.6046207154,                 0,       56.36815217,    0.002390236486
          0,           0,         106,      -11.32111085,      -9.681343691,      -10.29017699,      -10.97469759,      -12.47922972,      -5.459806108,      -3.428610782,   9.949893124e-05,       6.460275123,                40,                40,                40,    0.001789260784,     0.01072578618,      0.6046089417,                 0,                 0,                 0,     0.07806634452,    -0.01038129545,      0.6046149548,                 0,       56.36966202,    0.002390236486
          0,           0,         107,      -11.32103422,       -9.68134343,      -10.29009048,      -10.97462774,      -12.47922018,      -5.459841363,      -3.428551548,   9.949893176e-05,       6.460275124,                40,                40,                40,    0.001789260784,     0.01072539718,      0.6046031897,                 0,                 0,                 0,      0.0780655806,    -0.01038148346,      0.6046091928,                 0,       56.37117016,    0.002390236486
          0,           0,         108,      -11.32095644,      -9.681343134,      -10.29000404,      -10.97455626,      -12.47921058,      -5.459876585,      -3.428492397,   9.949893227e-05,       6.460275125,                40,                40,                40,    0.001789260784,     0.01072500851,      0.6045974362,                 0,                 0,                 0,     0.07806481659,    -0.01038167111,      0.6046034292,                 0,       56.37267662,    0.002390236486
          0,           0,         109,      -11.32087395,      -9.681342803,      -10.28991764,      -10.97447873,      -12.47920093,      -5.459911779,       -3.42843334,   9.949893279e-05,       6.460275126,                40,                40,                40,    0.001789260784,     0.01072462014,      0.6045916811,                 0,                 0,                 0,     0.07806405248,    -0.01038185839,      0.6045976641,                 0,       56.37418139,    0.002390236486
          0,           0,         110,      -11.32079077,      -9.681342439,      -10.28983128,      -10.97440045,      -12.47919122,      -5.459946943,        -3.4283743,   9.949893331e-05,       6.460275127,                40,                40,                40,    0.001789260784,     0.01072423209,      0.6045859245,                 0,                 0,                 0,     0.07806328829,     -0.0103820453,      0.6045918974,                 0,       56.37568448,    0.002390236486
          0,           0,         111,      -11.32070825,      -9.681342041,      -10.28974495,      -10.97432311,      -12.47918147,      -5.459982074,      -3.428315135,   9.949893383e-05,       6.460275128,                40,                40,                40,    0.001789260784,     0.01072384435,      0.6045801664,                 0,                 0,                 0,       0.078062524,    -0.01038223185,      0.6045861293,                 0,       56.37718588,    0.002390236486
          0,           0,         112,      -11.32062594,      -9.681341609,      -10.28965866,      -10.97424604,      -12.47917168,      -5.460017173,      -3.428256007,   9.949893435e-05,       6.460275129,                40,                40,                40,    0.001789260784,     0.01072345693,      0.6045744068,                 0,                 0,                 0,     0.07806175963,    -0.01038241802,      0.6045803596,                 0,       56.37868558,    0.002390236486
          0,           0,         113,      -11.32054338,      -9.681341142,      -10.28957241,      -10.97416876,      -12.47916184,       -5.46005224,      -3.428196957,   9.949893487e-05,       6.460275131,                40,                40,                40,    0.001789260784,     0.01072306983,      0.6045686456,                 0,                 0,                 0,     0.07806099517,    -0.01038260383,      0.6045745885,                 0,       56.38018359,    0.002390236486
          0,           0,         114,      -11.32046079,      -9.681340642,       -10.2894862,      -10.97409143,      -12.47915197,      -5.460087273,      -3.428137993,   9.949893539e-05,       6.460275132,                40,                40,                40,    0.001789260784,     0.01072268304,      0.6045628829,                 0,                 0,                 0,     0.07806023062,    -0.01038278926,      0.6045688158,                 0,       56.38167988,    0.002390236486
          0,           0,         115,      -11.32037812,      -9.681340107,      -10.28940002,      -10.97401403,      -12.47914206,      -5.460122274,      -3.428079134,   9.949893591e-05,       6.460275133,                40,                40,                40,    0.001789260784,     0.01072229658,      0.6045571187,                 0,                 0,                 0,     0.07805946599,    -0.01038297433,      0.6045630416,                 0,       56.38317447,    0.002390236486
          0,           0,         116,      -11.32029552,      -9.681339539,      -10.28931387,      -10.97393676,      -12.47913213,      -5.460157242,      -3.428020358,   9.949893643e-05,       6.460275134,                40,                40,                40,    0.001789260784,     0.01072191043,      0.6045513529,                 0,                 0,                 0,     0.07805870127,    -0.01038315902,      0.6045572659,                 0,       56.38466734,    0.002390236486
          0,           0,         117,      -11.32021283,      -9.681338937,      -10.28922776,      -10.97385941,      -12.47912216,      -5.460192177,      -3.427961659,   9.949893694e-05,       6.460275135,                40,                40,                40,    0.001789260784,      0.0107215246,      0.6045455857,                 0,                 0,                 0,     0.07805793647,    -0.01038334333,      0.6045514886,                 0,        56.3861585,    0.002390236486
          0,           0,         118,      -11.32013015,      -9.681338301,      -10.28914166,      -10.97378209,      -12.47911218,      -5.460227079,      -3.427903016,   9.949893746e-05,       6.460275136,                40,                40,                40,    0.001789260784,      0.0107211391,      0.6045398169,                 0,                 0,                 0,     0.07805717158,    -0.01038352728,      0.6045457099,                 0,       56.38764794,    0.002390236486
          0,           0,         119,      -11.32004744,      -9.681337631,       -10.2890556,      -10.97370473,      -12.47910218,       -5.46026198,      -3.427844431,   9.949893798e-05,       6.460275137,                40,                40,                40,    0.001789260784,     0.01072075391,      0.6045340466,                 0,                 0,                 0,     0.07805640662,    -0.01038371085,      0.6045399297,                 0,       56.38913564,    0.002390236486
          0,           0,         120,      -11.31996473,      -9.681336928,      -10.28896956,      -10.97362739,      -12.47909217,      -5.460296849,      -3.427785929,    9.94989385e-05,       6.460275139,                40,                40,                40,    0.001789260784,     0.01072036905,      0.6045282748,                 0,                 0,                 0,     0.07805564159,    -0.01038389404,       0.604534148,                 0,       56.39062162,    0.002390236486
          0,           0,         121,      -11.31988205,      -9.681336192,      -10.28888354,      -10.97355009,      -12.47908214,      -5.460331681,      -3.427727508,   9.949893902e-05,        6.46027514,                40,                40,                40,    0.001789260784,     0.01071998451,      0.6045225015,                 0,                 0,                 0,     0.07805487648,    -0.01038407686,      0.6045283648,                 0,       56.39210585,    0.002390236486
          0,           0,         122,      -11.31979936,      -9.681335422,      -10.28879755,      -10.97347273,      -12.47907211,      -5.460366484,      -3.427669167,   9.949893953e-05,       6.460275141,                40,                40,                40,    0.001789260784,      0.0107196003,      0.6045167266,                 0,                 0,                 0,     0.07805411129,     -0.0103842593,        0.60452258,                 0,       56.39358834,    0.002390236486
          0,           0,         123,      -11.31971668,      -9.681334619,      -10.28871157,       -10.9733954,      -12.47906207,      -5.460401255,      -3.427610901,   9.949894005e-05,       6.460275142,                40,                40,                40,    0.001789260784,     0.01071921642,      0.6045109503,                 0,                 0,                 0,     0.07805334604,    -0.01038444136,      0.6045167939,                 0,       56.39506908,    0.002390236486
          0,           0,         124,      -11.31963863,      -9.681333784,      -10.28862561,      -10.97332341,      -12.47905204,      -5.460435993,      -3.427552711,   9.949894057e-05,       6.460275143,                40,                40,                40,    0.001789260784,     0.01071883286,      0.6045051725,                 0,                 0,                 0,     0.07805258073,    -0.01038462304,      0.6045110062,                 0,       56.39654806,    0.002390236486
          0,           0,         125,      -11.31955133,      -9.681332916,      -10.28853965,      -10.97323929,      -12.47904201,        -5.4604707,      -3.427494512,   9.949894108e-05,       6.460275144,                40,                40,                40,    0.001789260784,     0.01071844963,      0.6044993933,                 0,                 0,                 0,     0.07805181535,    -0.01038480434,      0.6045052171,                 0,       56.39802528,    0.002390236486
          0,           0,         126,      -11.31946585,      -9.681332016,      -10.28845371,      -10.97315829,      -12.47903198,      -5.460505375,      -3.427436321,    9.94989416e-05,       6.460275145,                40,                40,                40,    0.001789260784,     0.01071806673,      0.6044936125,                 0,                 0,                 0,      0.0780510499,    -0.01038498526,      0.6044994264,                 0,       56.39950076,    0.002390236486
          0,           0,         127,      -11.31938452,      -9.681331082,      -10.28836781,      -10.97308272,      -12.47902197,      -5.460540018,      -3.427378201,   9.949894212e-05,       6.460275147,                40,                40,                40,    0.001789260784,     0.01071768415,      0.6044878302,                 0,                 0,                 0,     0.07805028438,    -0.01038516581,      0.6044936344,                 0,       56.40097448,    0.002390236486
          0,           0,         128,      -11.31930261,      -9.681330113,      -10.28828193,      -10.97300625,      -12.47901197,      -5.460574629,      -3.427320146,   9.949894263e-05,       6.460275148,                40,                40,                40,    0.001789260784,      0.0107173019,      0.6044820465,                 0,                 0,                 0,      0.0780495188,    -0.01038534598,      0.6044878408,                 0,       56.40244647,    0.002390236486
          0,           0,         129,      -11.31921992,       -9.68132911,      -10.28819608,      -10.97292867,      -12.47900199,      -5.460609209,      -3.427262153,   9.949894315e-05,       6.460275149,                40,                40,                40,    0.001789260784,     0.01071691997,      0.6044762612,                 0,                 0,                 0,     0.07804875315,    -0.01038552578,      0.6044820458,                 0,       56.40391671,    0.002390236486
          0,           0,         130,       -11.3191369,      -9.681328073,      -10.28811026,      -10.97285075,      -12.47899202,      -5.460643758,      -3.427204217,   9.949894367e-05,        6.46027515,                40,                40,                40,    0.001789260784,     0.01071653837,      0.6044704745,                 0,                 0,                 0,     0.07804798742,    -0.01038570519,      0.6044762492,                 0,        56.4053852,    0.002390236486
          0,           0,         131,      -11.31905415,         -9.681327,      -10.28802448,      -10.97277309,      -12.47898208,      -5.460678275,      -3.427146339,   9.949894418e-05,       6.460275151,                40,                40,                40,    0.001789260784,     0.01071615709,      0.6044646863,                 0,                 0,                 0,     0.07804722163,    -0.01038588423,      0.6044704513,                 0,       56.40685195,    0.002390236486
          0,           0,         132,      -11.31897175,      -9.681325894,      -10.28793873,      -10.97269573,      -12.47897215,      -5.460712761,      -3.427088519,    9.94989447e-05,       6.460275152,                40,                40,                40,    0.001789260784,     0.01071577614,      0.6044588967,                 0,                 0,                 0,     0.07804645577,    -0.01038606289,      0.6044646518,                 0,       56.40831694,    0.002390236486
          0,           0,         133,       -11.3188893,      -9.681324753,      -10.28785302,      -10.97261824,      -12.47896226,      -5.460747215,      -3.427030763,   9.949894521e-05,       6.460275153,                40,                40,                40,    0.001789260784,     0.01071539551,      0.6044531055,                 0,                 0,                 0,     0.07804568985,    -0.01038624118,      0.6044588509,                 0,       56.40978019,    0.002390236486
          0,           0,         134,      -11.31880691,      -9.681323577,      -10.28776733,      -10.97254081,      -12.47895239,      -5.460781637,      -3.426973079,   9.949894573e-05,       6.460275155,                40,                40,                40,    0.001789260784,     0.01071501521,      0.6044473129,                 0,                 0,                 0,     0.07804492386,    -0.01038641909,      0.6044530486,                 0,       56.41124169,    0.002390236486
          0,           0,         135,      -11.31872448,      -9.681322367,      -10.28768168,      -10.97246331,      -12.47894255,      -5.460816029,      -3.426915476,   9.949894624e-05,       6.460275156,                40,                40,                40,    0.001789260784,     0.01071463524,      0.6044415188,                 0,                 0,                 0,      0.0780441578,    -0.01038659662,      0.6044472447,                 0,       56.41270146,    0.002390236486
          0,           0,         136,      -11.31864208,      -9.681321121,      -10.28759606,      -10.97238578,      -12.47893274,       -5.46085039,       -3.42685793,   9.949894676e-05,       6.460275157,                40,                40,                40,    0.001789260784,     0.01071425558,      0.6044357232,                 0,                 0,                 0,     0.07804339168,    -0.01038677378,      0.6044414395,                 0,        56.4141595,    0.002390236486
          0,           0,         137,       -11.3185597,      -9.681319837,      -10.28751046,       -10.9723083,      -12.47892296,       -5.46088472,      -3.426800464,   9.949894727e-05,       6.460275158,                40,                40,                40,    0.001789260784,     0.01071387625,      0.6044299262,                 0,                 0,                 0,     0.07804262549,    -0.01038695057,      0.6044356327,                 0,       56.41561581,    0.002390236486
          0,           0,         138,      -11.31847742,      -9.681318518,      -10.28742491,      -10.97223114,      -12.47891322,      -5.460919019,       -3.42674305,   9.949894779e-05,       6.460275159,                40,                40,                40,    0.001789260784,     0.01071349723,      0.6044241277,                 0,                 0,                 0,     0.07804185924,    -0.01038712699,      0.6044298245,                 0,        56.4170704,    0.002390236486
          0,           0,         139,      -11.31839517,      -9.681317165,      -10.28733936,      -10.97215385,      -12.47890351,      -5.460953286,      -3.426685689,    9.94989483e-05,        6.46027516,                40,                40,                40,    0.001789260784,     0.01071311854,      0.6044183277,                 0,                 0,                 0,     0.07804109293,    -0.01038730304,      0.6044240149,                 0,       56.41852327,    0.002390236486
          0,           0,         140,      -11.31831281,      -9.681315777,      -10.28725384,      -10.97207631,      -12.47889383,      -5.460987522,      -3.426628375,   9.949894882e-05,       6.460275161,                40,                40,                40,    0.001789260784,     0.01071274017,      0.6044125263,                 0,                 0,                 0,     0.07804032654,    -0.01038747871,      0.6044182037,                 0,       56.41997442,    0.002390236486
          0,           0,         141,      -11.31823038,      -9.681314355,      -10.28716834,      -10.97199866,      -12.47888419,      -5.461021727,      -3.426571124,   9.949894933e-05,       6.460275163,                40,                40,                40,    0.001789260784,     0.01071236211,      0.6044067234,                 0,                 0,                 0,     0.07803956009,    -0.01038765402,      0.6044123912,                 0,       56.42142386,    0.002390236486
          0,           0,         142,       -11.3181479,      -9.681312899,      -10.28708287,      -10.97192097,      -12.47887459,        -5.4610559,      -3.426513927,   9.949894985e-05,       6.460275164,                40,                40,                40,    0.001789260784,     0.01071198438,       0.604400919,                 0,                 0,                 0,     0.07803879357,    -0.01038782895,      0.6044065771,                 0,        56.4228716,    0.002390236486
          0,           0,         143,      -11.31806542,      -9.681311409,      -10.28699742,      -10.97184327,      -12.47886502,      -5.461090042,      -3.426456797,   9.949895036e-05,       6.460275165,                40,                40,                40,    0.001789260784,     0.01071160696,      0.6043951131,                 0,                 0,                 0,     0.07803802698,    -0.01038800352,      0.6044007616,                 0,       56.42431762,    0.002390236486
          0,           0,         144,      -11.31798293,      -9.681309884,      -10.28691199,       -10.9717656,      -12.47885549,      -5.461124153,      -3.426399735,   9.949895088e-05,       6.460275166,                40,                40,                40,    0.001789260784,     0.01071122986,      0.6043893057,                 0,                 0,                 0,     0.07803726032,    -0.01038817772,      0.6043949446,                 0,       56.42576192,    0.002390236486
          0,           0,         145,      -11.31790029,      -9.681308325,      -10.28682658,      -10.97168775,        -12.478846,      -5.461158232,      -3.426342732,   9.949895139e-05,       6.460275167,                40,                40,                40,    0.001789260784,     0.01071085307,      0.6043834969,                 0,                 0,                 0,     0.07803649359,    -0.01038835155,      0.6043891262,                 0,       56.42720451,    0.002390236486
          0,           0,         146,      -11.31781762,      -9.681306732,       -10.2867412,      -10.97160987,      -12.47883655,       -5.46119228,      -3.426285771,    9.94989519e-05,       6.460275168,                40,                40,                40,    0.001789260784,     0.01071047661,      0.6043776866,                 0,                 0,                 0,     0.07803572679,      -0.010388525,      0.6043833063,                 0,       56.42864538,    0.002390236486
          0,           0,         147,      -11.31773494,      -9.681305105,      -10.28665586,      -10.97153199,      -12.47882713,      -5.461226298,      -3.426228854,   9.949895242e-05,       6.460275169,                40,                40,                40,    0.001789260784,     0.01071010047,      0.6043718748,                 0,                 0,                 0,     0.07803495993,    -0.01038869809,      0.6043774849,                 0,       56.43008452,    0.002390236486
          0,           0,         148,      -11.31765192,      -9.681303441,      -10.28657054,      -10.97145372,      -12.47881775,      -5.461260284,      -3.426171978,   9.949895293e-05,       6.460275171,                40,                40,                40,    0.001789260784,     0.01070972465,      0.6043660616,                 0,                 0,                 0,     0.07803419301,     -0.0103888708,      0.6043716621,                 0,       56.43152194,    0.002390236486
          0,           0,         149,      -11.31756927,      -9.681301743,      -10.28648524,      -10.97137593,      -12.47880842,      -5.461294239,      -3.426115142,   9.949895344e-05,       6.460275172,                40,                40,                40,    0.001789260784,     0.01070934915,      0.6043602469,                 0,                 0,                 0,     0.07803342602,    -0.01038904314,      0.6043658379,                 0,       56.43295762,    0.002390236486
          0,           0,         150,      -11.31748631,       -9.68130001,      -10.28639996,      -10.97129781,      -12.47879911,      -5.461328163,       -3.42605835,   9.949895396e-05,       6.460275173,                40,                40,                40,    0.001789260784,     0.01070897398,      0.6043544307,                 0,                 0,                 0,     0.07803265896,     -0.0103892151,      0.6043600121,                 0,       56.43439157,    0.002390236486
          0,           0,         151,      -11.31740327,      -9.681298242,      -10.28631471,      -10.97121961,      -12.47878985,      -5.461362056,      -3.426001598,   9.949895447e-05,       6.460275174,                40,                40,                40,    0.001789260784,     0.01070859912,      0.6043486131,                 0,                 0,                 0,     0.07803189184,    -0.01038938669,       0.604354185,                 0,       56.43582378,    0.002390236486
          0,           0,         152,      -11.31732015,      -9.681296441,      -10.28622949,      -10.97114136,      -12.47877829,      -5.461395919,      -3.425944885,   9.949895498e-05,       6.460275175,                40,                40,                40,    0.001789260784,     0.01070822459,       0.604342794,                 0,                 0,                 0,     0.07803112466,    -0.01038955791,      0.6043483563,                 0,       56.43725424,    0.002390236486
          0,           0,         153,      -11.31723685,      -9.681294605,      -10.28614429,      -10.97106295,      -12.47876619,      -5.461429742,      -3.425888185,   9.949895549e-05,       6.460275176,                40,                40,                40,    0.001789260784,     0.01070785039,      0.6043369734,                 0,                 0,                 0,     0.07803035742,    -0.01038972875,      0.6043425262,                 0,       56.43868297,    0.002390236486
          0,           0,         154,      -11.31715357,      -9.681292735,      -10.28605911,      -10.97098457,      -12.47875409,      -5.461463524,      -3.425831491,   9.949895601e-05,       6.460275178,                40,                40,                40,    0.001789260784,     0.01070747651,      0.6043311513,                 0,                 0,                 0,     0.07802959012,    -0.01038989922,      0.6043366947,                 0,       56.44010995,    0.002390236486
          0,           0,         155,       -11.3170701,       -9.68129083,      -10.28597396,      -10.97090602,      -12.47874199,      -5.461497264,      -3.425774839,   9.949895652e-05,       6.460275179,                40,                40,                40,    0.001789260784,     0.01070710295,      0.6043253278,                 0,                 0,                 0,     0.07802882276,    -0.01039006931,      0.6043308616,                 0,       56.44153518,    0.002390236486
          0,           0,         156,      -11.31698657,      -9.681288892,      -10.28588884,       -10.9708274,      -12.47872989,      -5.461530963,      -3.425718226,   9.949895703e-05,        6.46027518,                40,                40,                40,    0.001789260784,     0.01070672971,      0.6043195028,                 0,                 0,                 0,     0.07802805534,    -0.01039023903,      0.6043250272,                 0,       56.44295868,    0.002390236486
          0,           0,         157,      -11.31690288,       -9.68128692,      -10.28580373,      -10.97074863,      -12.47871779,      -5.461564622,      -3.425661655,   9.949895754e-05,       6.460275181,                40,                40,                40,    0.001789260784,      0.0107063568,      0.6043136764,                 0,                 0,                 0,     0.07802728785,    -0.01039040838,      0.6043191913,                 0,       56.44438042,    0.002390236486
          0,           0,         158,      -11.31681914,      -9.681284914,      -10.28571866,      -10.97066981,      -12.47870569,      -5.461598239,      -3.425605125,   9.949895805e-05,       6.460275182,                40,                40,                40,    0.001789260784,     0.01070598422,      0.6043078484,                 0,                 0,                 0,     0.07802652031,    -0.01039057734,      0.6043133539,                 0,       56.44580042,    0.002390236486
          0,           0,         159,      -11.31673518,      -9.681282873,      -10.28563361,      -10.97059078,       -12.4786936,      -5.461631817,      -3.425548626,   9.949895857e-05,       6.460275183,                40,                40,                40,    0.001789260784,     0.01070561195,      0.6043020191,                 0,                 0,                 0,     0.07802575271,    -0.01039074594,      0.6043075151,                 0,       56.44721868,    0.002390236486
          0,           0,         160,      -11.31665118,      -9.681280799,      -10.28554858,      -10.97051171,      -12.47868151,      -5.461665355,      -3.425492116,   9.949895908e-05,       6.460275184,                40,                40,                40,    0.001789260784,     0.01070524002,      0.6042961882,                 0,                 0,                 0,     0.07802498505,    -0.01039091416,      0.6043016748,                 0,       56.44863519,    0.002390236486
          0,           0,         161,      -11.31656703,      -9.681278691,      -10.28546358,       -10.9704325,      -12.47866941,      -5.461698853,       -3.42543564,   9.949895959e-05,       6.460275186,                40,                40,                40,    0.001789260784,      0.0107048684,      0.6042903559,                 0,                 0,                 0,     0.07802421733,      -0.010391082,       0.604295833,                 0,       56.45004995,    0.002390236486
          0,           0,         162,      -11.31648287,       -9.68127655,      -10.28537861,      -10.97035327,      -12.47865731,      -5.461732312,      -3.425379201,    9.94989601e-05,       6.460275187,                40,                40,                40,    0.001789260784,     0.01070449711,      0.6042845221,                 0,                 0,                 0,     0.07802344955,    -0.01039124947,      0.6042899899,                 0,       56.45146298,    0.002390236486
          0,           0,         163,      -11.31639854,      -9.681274374,      -10.28529366,      -10.97027386,      -12.47864521,      -5.461765732,      -3.425322799,   9.949896061e-05,       6.460275188,                40,                40,                40,    0.001789260784,     0.01070412614,      0.6042786868,                 0,                 0,                 0,      0.0780226817,    -0.01039141657,      0.6042841452,                 0,       56.45287426,    0.002390236486
          0,           0,         164,      -11.31631413,      -9.681272165,      -10.28520874,      -10.97019435,      -12.47863311,      -5.461799113,      -3.425266315,   9.949896112e-05,       6.460275189,                40,                40,                40,    0.001789260784,     0.01070375549,      0.6042728501,                 0,                 0,                 0,      0.0780219138,    -0.01039158329,      0.6042782991,                 0,       56.45428381,    0.002390236486
          0,           0,         165,      -11.31622973,      -9.681269922,      -10.28512385,      -10.97011488,        -12.478621,      -5.461832451,      -3.425209804,   9.949896163e-05,        6.46027519,                40,                40,                40,    0.001789260784,     0.01070338516,      0.6042670119,                 0,                 0,                 0,     0.07802114584,    -0.01039174964,      0.6042724515,                 0,       56.45569163,    0.002390236486
          0,           0,         166,      -11.31614518,      -9.681267646,      -10.28503898,      -10.97003523,      -12.47860889,      -5.461865759,      -3.425153349,   9.949896214e-05,       6.460275191,                40,                40,                40,    0.001789260784,     0.01070301515,      0.6042611723,                 0,                 0,                 0,     0.07802037782,    -0.01039191562,      0.6042666025,                 0,       56.45709771,    0.002390236486
          0,           0,         167,      -11.31606071,      -9.681265336,      -10.28495414,      -10.96995568,      -12.47859678,      -5.461899032,       -3.42509694,   9.949896265e-05,       6.460275193,                40,                40,                40,    0.001789260784,     0.01070264547,      0.6042553311,                 0,                 0,                 0,     0.07801960974,    -0.01039208123,       0.604260752,                 0,       56.45850206,    0.002390236486
          0,           0,         168,      -11.31597614,      -9.681262993,      -10.28486933,        -10.969876,      -12.47858465,      -5.461932269,      -3.425040576,   9.949896316e-05,       6.460275194,                40,                40,                40,    0.001789260784,      0.0107022761,      0.6042494885,                 0,                 0,                 0,     0.07801884159,    -0.01039224647,      0.6042549001,                 0,       56.45990468,    0.002390236486
          0,           0,         169,      -11.31589165,      -9.681260617,      -10.28478455,       -10.9697964,      -12.47857252,       -5.46196547,      -3.424984259,   9.949896367e-05,       6.460275195,                40,                40,                40,    0.001789260784,     0.01070190705,      0.6042436445,                 0,                 0,                 0,     0.07801807339,    -0.01039241134,      0.6042490467,                 0,       56.46130558,    0.002390236486
          0,           0,         170,      -11.31580713,      -9.681258207,       -10.2846998,      -10.96971675,      -12.47855723,      -5.461998635,      -3.424927981,   9.949896418e-05,       6.460275196,                40,                40,                40,    0.001789260784,     0.01070153832,      0.6042377989,                 0,                 0,                 0,     0.07801730512,    -0.01039257583,      0.6042431919,                 0,       56.46270476,    0.002390236486
          0,           0,         171,      -11.31572256,      -9.681255764,      -10.28461507,      -10.96963702,       -12.4785417,      -5.462031764,      -3.424871749,   9.949896469e-05,       6.460275197,                40,                40,                40,    0.001789260784,     0.01070116991,      0.6042319519,                 0,                 0,                 0,      0.0780165368,    -0.01039273996,      0.6042373356,                 0,       56.46410222,    0.002390236486
          0,           0,         172,      -11.31563814,      -9.681253288,      -10.28453037,      -10.96955745,      -12.47852616,      -5.462064858,       -3.42481564,    9.94989652e-05,       6.460275198,                40,                40,                40,    0.001789260784,     0.01070080182,      0.6042261034,                 0,                 0,                 0,      0.0780157684,    -0.01039290372,      0.6042314778,                 0,       56.46549795,    0.002390236486
          0,           0,         173,      -11.31555381,      -9.681250779,       -10.2844457,      -10.96947798,       -12.4785106,      -5.462097917,      -3.424759747,   9.949896571e-05,         6.4602752,                40,                40,                40,    0.001789260784,     0.01070043405,      0.6042202534,                 0,                 0,                 0,     0.07801499995,    -0.01039306711,      0.6042256185,                 0,       56.46689197,    0.002390236486
          0,           0,         174,      -11.31546949,      -9.681248238,      -10.28436106,       -10.9693985,      -12.47849502,      -5.462130942,      -3.424703893,   9.949896622e-05,       6.460275201,                40,                40,                40,    0.001789260784,     0.01070006659,       0.604214402,                 0,                 0,                 0,     0.07801423144,    -0.01039323013,      0.6042197578,                 0,       56.46828426,    0.002390236486
          0,           0,         175,       -11.3153853,      -9.681245665,      -10.28427645,      -10.96931913,      -12.47847942,      -5.462163933,      -3.424648072,   9.949896673e-05,       6.460275202,                40,                40,                40,    0.001789260784,     0.01069969946,      0.6042085491,                 0,                 0,                 0,     0.07801346286,    -0.01039339278,      0.6042138957,                 0,       56.46967483,    0.002390236486
          0,           0,         176,      -11.31530122,      -9.681243059,      -10.28419187,       -10.9692399,      -12.47846381,       -5.46219689,      -3.424592289,   9.949896724e-05,       6.460275203,                40,                40,                40,    0.001789260784,     0.01069933264,      0.6042026947,                 0,                 0,                 0,     0.07801269422,    -0.01039355506,      0.6042080321,                 0,       56.47106368,    0.002390236486
          0,           0,         177,      -11.31521726,      -9.681240421,      -10.28410732,      -10.96916079,      -12.47844818,      -5.462229814,      -3.424536494,   9.949896775e-05,       6.460275204,                40,                40,                40,    0.001789260784,     0.01069896614,      0.6041968389,                 0,                 0,                 0,     0.07801192552,    -0.01039371697,       0.604202167,                 0,        56.4724508,    0.002390236486
          0,           0,         178,      -11.31513339,       -9.68123775,      -10.28402281,      -10.96908173,      -12.47843254,      -5.462262705,      -3.424480678,   9.949896826e-05,       6.460275205,                40,                40,                40,    0.001789260784,     0.01069859996,      0.6041909815,                 0,                 0,                 0,     0.07801115676,    -0.01039387851,      0.6041963005,                 0,        56.4738362,    0.002390236486
          0,           0,         179,      -11.31506425,      -9.681235052,      -10.28393832,      -10.96902118,      -12.47841687,      -5.462295562,      -3.424424907,   9.949896877e-05,       6.460275206,                40,                40,                40,    0.001789260784,      0.0106982341,      0.6041851227,                 0,                 0,                 0,     0.07801038794,    -0.01039403968,      0.6041904325,                 0,       56.47521987,    0.002390236486
          0,           0,         180,      -11.31496478,      -9.681232328,      -10.28385382,      -10.96892133,       -12.4784012,      -5.462328387,      -3.424369162,   9.949896928e-05,       6.460275208,                40,                40,                40,    0.001789260784,     0.01069786855,      0.6041792625,                 0,                 0,                 0,     0.07800961906,    -0.01039420048,       0.604184563,                 0,       56.47660181,    0.002390236486
          0,           0,         181,      -11.31486674,      -9.681229589,      -10.28376919,      -10.96882438,      -12.47838551,      -5.462361178,      -3.424313603,   9.949896978e-05,       6.460275209,                40,                40,                40,    0.001789260784,     0.01069750333,      0.6041734008,                 0,                 0,                 0,     0.07800885012,    -0.01039436091,      0.6041786921,                 0,       56.47798203,    0.002390236486
          0,           0,         182,      -11.31479245,      -9.681226817,      -10.28368457,      -10.96875745,      -12.47836981,      -5.462393938,      -3.424258241,   9.949897029e-05,        6.46027521,                40,                40,                40,    0.001789260784,     0.01069713842,      0.6041675376,                 0,                 0,                 0,     0.07800808112,    -0.01039452097,      0.6041728198,                 0,       56.47936052,    0.002390236486
          0,           0,         183,      -11.31471228,      -9.681224012,      -10.28360003,      -10.96868278,      -12.47835409,      -5.462426664,      -3.424202915,    9.94989708e-05,       6.460275211,                40,                40,                40,    0.001789260784,     0.01069677384,      0.6041616729,                 0,                 0,                 0,     0.07800731206,    -0.01039468066,       0.604166946,                 0,        56.4807373,    0.002390236486
          0,           0,         184,      -11.31462801,      -9.681221176,      -10.28351553,      -10.96860288,      -12.47833837,      -5.462459359,      -3.424147623,   9.949897131e-05,       6.460275212,                40,                40,                40,    0.001789260784,     0.01069640956,      0.6041558068,                 0,                 0,                 0,     0.07800654294,    -0.01039483999,      0.6041610708,                 0,       56.48211236,    0.002390236486
          0,           0,         185,      -11.31454774,      -9.681218312,      -10.28343105,      -10.96852656,      -12.47832263,      -5.462492022,      -3.424092363,   9.949897182e-05,       6.460275213,                40,                40,                40,    0.001789260784,     0.01069604561,      0.6041499393,                 0,                 0,                 0,     0.07800577376,    -0.01039499894,      0.6041551941,                 0,        56.4834857,    0.002390236486
          0,           0,         186,       -11.3144575,      -9.681215419,      -10.28334659,      -10.96843872,      -12.47830689,      -5.462524653,      -3.424037131,   9.949897232e-05,       6.460275215,                40,                40,                40,    0.001789260784,     0.01069568198,      0.6041440703,                 0,                 0,                 0,     0.07800500453,    -0.01039515753,      0.6041493159,                 0,        56.4848573,    0.002390236486
          0,           0,         187,      -11.31437583,      -9.681212496,      -10.28326219,      -10.96836239,      -12.47829114,      -5.462557252,      -3.423981951,   9.949897283e-05,       6.460275216,                40,                40,                40,    0.001789260784,     0.01069531866,      0.6041381998,                 0,                 0,                 0,     0.07800423524,    -0.01039531575,      0.6041434364,                 0,       56.48622717,    0.002390236486
          0,           0,         188,      -11.31429458,      -9.681209539,      -10.28317783,      -10.96828657,      -12.47827539,       -5.46258982,      -3.423926707,   9.949897334e-05,       6.460275217,                40,                40,                40,    0.001789260784,     0.01069495567,      0.6041323279,                 0,                 0,                 0,     0.07800346589,    -0.01039547359,      0.6041375554,                 0,       56.48759531,    0.002390236486
          0,           0,         189,      -11.31421226,      -9.681206552,      -10.28309352,      -10.96820918,      -12.47825963,      -5.462622357,      -3.423871492,   9.949897385e-05,       6.460275218,                40,                40,                40,    0.001789260784,       0.010694593,      0.6041264545,                 0,                 0,                 0,     0.07800269649,    -0.01039563106,      0.6041316729,                 0,        56.4889617,    0.002390236486
          0,           0,         190,      -11.31412958,      -9.681203534,      -10.28300927,      -10.96813132,      -12.47824388,      -5.462654861,       -3.42381632,   9.949897435e-05,       6.460275219,                40,                40,                40,    0.001789260784,     0.01069423065,      0.6041205797,                 0,                 0,                 0,     0.07800192702,    -0.01039578816,       0.604125789,                 0,       56.49032636,    0.002390236486
          0,           0,         191,      -11.31404725,      -9.681200485,      -10.28292506,      -10.96805396,      -12.47822813,      -5.462687335,      -3.423761181,   9.949897486e-05,        6.46027522,                40,                40,                40,    0.001789260784,     0.01069386862,      0.6041147035,                 0,                 0,                 0,      0.0780011575,    -0.01039594489,      0.6041199037,                 0,       56.49168928,    0.002390236486
          0,           0,         192,      -11.31396515,      -9.681197405,      -10.28284091,       -10.9679769,      -12.47821239,      -5.462719776,      -3.423706078,   9.949897537e-05,       6.460275222,                40,                40,                40,    0.001789260784,     0.01069350691,      0.6041088257,                 0,                 0,                 0,     0.07800038793,    -0.01039610125,       0.604114017,                 0,       56.49305046,    0.002390236486
          0,           0,         193,      -11.31388298,      -9.681194295,      -10.28275681,      -10.96789972,      -12.47819666,      -5.462752187,      -3.423650926,   9.949897587e-05,       6.460275223,                40,                40,                40,    0.001789260784,     0.01069314553,      0.6041029466,                 0,                 0,                 0,      0.0779996183,    -0.01039625724,      0.6041081288,                 0,        56.4944099,    0.002390236486
          0,           0,         194,      -11.31380104,      -9.681191154,      -10.28267276,      -10.96782283,      -12.47818094,      -5.462784566,      -3.423595807,   9.949897638e-05,       6.460275224,                40,                40,                40,    0.001789260784,     0.01069278446,       0.604097066,                 0,                 0,                 0,     0.07799884861,    -0.01039641286,      0.6041022392,                 0,        56.4957676,    0.002390236486
          0,           0,         195,      -11.31371908,      -9.681187984,      -10.28258875,      -10.96774591,      -12.47816525,      -5.462816914,      -3.423540724,   9.949897689e-05,       6.460275225,                40,                40,                40,    0.001789260784,     0.01069242372,       0.604091184,                 0,                 0,                 0,     0.07799807887,     -0.0103965681,      0.6040963481,                 0,       56.49712357,    0.002390236486
          0,           0,         196,      -11.31363721,      -9.681184783,       -10.2825048,      -10.96766912,      -12.47814958,      -5.462849231,      -3.423485642,   9.949897739e-05,       6.460275226,                40,                40,                40,    0.001789260784,     0.01069206329,      0.6040853005,                 0,                 0,                 0,     0.07799730908,    -0.01039672298,      0.6040904557,                 0,       56.49847779,    0.002390236486
          0,           0,         197,      -11.31355541,      -9.681181552,      -10.28242088,      -10.96759241,      -12.47813394,      -5.462881519,      -3.423430532,    9.94989779e-05,       6.460275227,                40,                40,                40,    0.001789260784,     0.01069170319,      0.6040794156,                 0,                 0,                 0,     0.07799653925,    -0.01039687748,      0.6040845618,                 0,       56.49983029,    0.002390236486
          0,           0,         198,      -11.31347381,      -9.681178286,      -10.28233701,      -10.96751596,      -12.47811834,      -5.462913787,      -3.423375452,    9.94989784e-05,       6.460275229,                40,                40,                40,    0.001789260784,      0.0106913434,      0.6040735292,                 0,                 0,                 0,     0.07799576936,    -0.01039703162,      0.6040786665,                 0,       56.50118104,    0.002390236486
          0,           0,         199,       -11.3133922,       -9.68117499,      -10.28225317,      -10.96743947,       -12.4781028,      -5.462946023,       -3.42332041,   9.949897891e-05,        6.46027523,                40,                40,                40,    0.001789260784,     0.01069098394,      0.6040676415,                 0,                 0,                 0,     0.07799499943,    -0.01039718538,      0.6040727697,                 0,       56.50253006,    0.002390236486
          0,           0,         200,      -11.31331074,      -9.681171664,      -10.28216938,      -10.96736312,      -12.47808732,      -5.462978228,      -3.423265395,   9.949897941e-05,       6.460275231,                40,                40,                40,    0.001789260784,      0.0106906248,      0.6040617522,                 0,                 0,                 0,     0.07799422945,    -0.01039733877,      0.6040668716,                 0,       56.50387735,    0.002390236486
          0,           0,         201,      -11.31322929,      -9.681168309,      -10.28208564,      -10.96728679,      -12.47807192,      -5.463010402,      -3.423210413,   9.949897992e-05,       6.460275232,                40,                40,                40,    0.001789260784,     0.01069026597,      0.6040558616,                 0,                 0,                 0,     0.07799345942,     -0.0103974918,       0.604060972,                 0,       56.50522291,    0.002390236486
          0,           0,         202,      -11.31314794,      -9.681164924,      -10.28200194,       -10.9672106,      -12.47805665,      -5.463042545,       -3.42315546,   9.949898043e-05,       6.460275233,                40,                40,                40,    0.001789260784,     0.01068990746,      0.6040499695,                 0,                 0,                 0,     0.07799268934,    -0.01039764446,       0.604055071,                 0,       56.50656675,    0.002390236486
          0,           0,         203,      -11.31306677,      -9.681161508,      -10.28191828,      -10.96713455,      -12.47804156,      -5.463074657,      -3.423100523,   9.949898093e-05,       6.460275234,                40,                40,                40,    0.001789260784,     0.01068954927,       0.604044076,                 0,                 0,                 0,     0.07799191921,    -0.01039779675,      0.6040491686,                 0,       56.50790885,    0.002390236486
          0,           0,         204,      -11.31298571,      -9.681158063,      -10.28183466,      -10.96705864,      -12.47802684,      -5.463106738,      -3.423045621,   9.949898144e-05,       6.460275236,                40,                40,                40,    0.001789260784,      0.0106891914,       0.604038181,                 0,                 0,                 0,     0.07799114903,    -0.01039794867,      0.6040432647,                 0,       56.50924924,    0.002390236486
          0,           0,         205,      -11.31290471,      -9.681154589,      -10.28175109,       -10.9669828,      -12.47801311,      -5.463138783,      -3.422990752,   9.949898194e-05,       6.460275237,                40,                40,                40,    0.001789260784,     0.01068883385,      0.6040322846,                 0,                 0,                 0,      0.0779903788,    -0.01039810023,      0.6040373594,                 0,        56.5105879,    0.002390236486
          0,           0,         206,      -11.31282388,      -9.681151084,      -10.28166756,      -10.96690716,      -12.47800364,      -5.463170797,      -3.422935907,   9.949898245e-05,       6.460275238,                40,                40,                40,    0.001789260784,     0.01068847661,      0.6040263868,                 0,                 0,                 0,     0.07798960853,    -0.01039825141,      0.6040314527,                 0,       56.51192483,    0.002390236486
          0,           0,         207,       -11.3127432,      -9.681147547,      -10.28158408,      -10.96683171,      -12.47799236,      -5.463202782,      -3.422881644,   9.949898295e-05,       6.460275239,                40,                40,                40,    0.001789260784,     0.01068811969,      0.6040204875,                 0,                 0,                 0,      0.0779888382,    -0.01039840223,      0.6040255446,                 0,       56.51326004,    0.002390236486
          0,           0,         208,      -11.31266267,      -9.681143979,      -10.28150064,      -10.96675642,      -12.47797699,      -5.463234736,      -3.422828315,   9.949898345e-05,        6.46027524,                40,                40,                40,    0.001789260784,     0.01068776309,      0.6040145868,                 0,                 0,                 0,     0.07798806782,    -0.01039855269,       0.604019635,                 0,       56.51459352,    0.002390236486
          0,           0,         209,      -11.31258233,      -9.681140382,      -10.28141723,      -10.96668134,      -12.47796163,      -5.463266659,      -3.422774987,   9.949898396e-05,       6.460275241,                40,                40,                40,    0.001789260784,     0.01068740681,      0.6040086847,                 0,                 0,                 0,     0.07798729739,    -0.01039870277,       0.604013724,                 0,       56.51592528,    0.002390236486
          0,           0,         210,      -11.31250222,      -9.681136756,      -10.28133387,      -10.96660655,      -12.47794534,      -5.463298551,      -3.422721644,   9.949898446e-05,       6.460275243,                40,                40,                40,    0.001789260784,     0.01068705084,      0.6040027811,                 0,                 0,                 0,     0.07798652691,    -0.01039885249,      0.6040078116,                 0,       56.51725531,    0.002390236486
          0,           0,         211,      -11.31242227,      -9.681133101,      -10.28125054,      -10.96653192,      -12.47792889,      -5.463330412,      -3.422668388,   9.949898497e-05,       6.460275244,                40,                40,                40,    0.001789260784,      0.0106866952,      0.6039968761,                 0,                 0,                 0,     0.07798575638,    -0.01039900184,      0.6040018978,                 0,       56.51858362,    0.002390236486
          0,           0,         212,      -11.31234232,      -9.681129418,      -10.28116726,      -10.96645728,      -12.47791128,      -5.463362242,      -3.422615146,   9.949898547e-05,       6.460275245,                40,                40,                40,    0.001789260784,     0.01068633986,      0.6039909696,                 0,                 0,                 0,      0.0779849858,    -0.01039915082,      0.6039959825,                 0,       56.51991021,    0.002390236486
          0,           0,         213,      -11.31226252,      -9.681125707,      -10.28108401,      -10.96638279,      -12.47788616,      -5.463394041,      -3.422561901,   9.949898597e-05,       6.460275246,                40,                40,                40,    0.001789260784,     0.01068598485,      0.6039850617,                 0,                 0,                 0,     0.07798421516,    -0.01039929943,      0.6039900658,                 0,       56.52123507,    0.002390236486
          0,           0,         214,      -11.31218279,       -9.68112197,       -10.2810008,      -10.96630839,      -12.47786726,      -5.463425809,      -3.422508667,   9.949898648e-05,       6.460275247,                40,                40,                40,    0.001789260784,     0.01068563015,      0.6039791524,                 0,                 0,                 0,     0.07798344448,    -0.01039944768,      0.6039841477,                 0,        56.5225582,    0.002390236486
          0,           0,         215,      -11.31210307,      -9.681118206,      -10.28091764,      -10.96623404,      -12.47785001,      -5.463457545,      -3.422455417,   9.949898698e-05,       6.460275248,                40,                40,                40,    0.001789260784,     0.01068527578,      0.6039732416,                 0,                 0,                 0,     0.07798267375,    -0.01039959556,      0.6039782282,                 0,       56.52387961,    0.002390236486
          0,           0,         216,      -11.31202333,      -9.681114412,      -10.28083453,      -10.96615962,      -12.47783328,      -5.463489251,      -3.422402174,   9.949898748e-05,        6.46027525,                40,                40,                40,    0.001789260784,     0.01068492172,      0.6039673294,                 0,                 0,                 0,     0.07798190298,    -0.01039974307,      0.6039723072,                 0,       56.52519929,    0.002390236486
          0,           0,         217,      -11.31194347,      -9.681110589,      -10.28075146,      -10.96608511,       -12.4778168,      -5.463520925,      -3.422348926,   9.949898799e-05,       6.460275251,                40,                40,                40,    0.001789260784,     0.01068456797,      0.6039614157,                 0,                 0,                 0,     0.07798113215,    -0.01039989021,      0.6039663848,                 0,       56.52651723,    0.002390236486
          0,           0,         218,      -11.31186371,      -9.681106737,      -10.28066844,      -10.96601078,      -12.47780048,      -5.463552568,      -3.422295672,   9.949898849e-05,       6.460275252,                40,                40,                40,    0.001789260784,     0.01068421455,      0.6039555007,                 0,                 0,                 0,     0.07798036127,    -0.01040003699,       0.603960461,                 0,       56.52783345,    0.002390236486
          0,           0,         219,      -11.31178394,      -9.681102856,      -10.28058546,      -10.96593651,      -12.47778428,       -5.46358418,      -3.422242415,   9.949898899e-05,       6.460275253,                40,                40,                40,    0.001789260784,     0.01068386144,      0.6039495841,                 0,                 0,                 0,     0.07797959035,     -0.0104001834,      0.6039545358,                 0,       56.52914794,    0.002390236486
          0,           0,         220,      -11.31170418,      -9.681098945,      -10.28050252,       -10.9658623,      -12.47776817,       -5.46361576,      -3.422189156,    9.94989895e-05,       6.460275254,                40,                40,                40,    0.001789260784,     0.01068350866,      0.6039436662,                 0,                 0,                 0,     0.07797881937,    -0.01040032943,      0.6039486091,                 0,       56.53046069,    0.002390236486
          0,           0,         221,      -11.31162444,      -9.681095005,      -10.28041962,      -10.96578818,      -12.47775213,       -5.46364731,      -3.422135862,      9.949899e-05,       6.460275255,                40,                40,                40,    0.001789260784,     0.01068315619,      0.6039377468,                 0,                 0,                 0,     0.07797804835,     -0.0104004751,       0.603942681,                 0,       56.53177171,    0.002390236486
          0,           0,         222,      -11.31154457,      -9.681091034,      -10.28033676,        -10.965714,      -12.47773617,      -5.463678828,      -3.422082504,    9.94989905e-05,       6.460275257,                40,                40,                40,    0.001789260784,     0.01068280404,       0.603931826,                 0,                 0,                 0,     0.07797727729,     -0.0104006204,      0.6039367515,                 0,       56.53308098,    0.002390236486
          0,           0,         223,      -11.31146477,      -9.681087033,      -10.28025394,      -10.96563998,      -12.47772026,      -5.463710615,      -3.422029146,     9.9498991e-05,       6.460275258,                40,                40,                40,    0.001789260784,     0.01068245221,      0.6039259038,                 0,                 0,                 0,     0.07797650618,    -0.01040076534,      0.6039308206,                 0,       56.53438853,    0.002390236486
          0,           0,         224,      -11.31138495,      -9.681083001,      -10.28017115,      -10.96556597,      -12.47770441,      -5.463742379,      -3.421975791,   9.949899151e-05,       6.460275259,                40,                40,                40,    0.001789260784,      0.0106821007,      0.6039199801,                 0,                 0,                 0,     0.07797573502,     -0.0104009099,      0.6039248883,                 0,       56.53569433,    0.002390236486
          0,           0,         225,      -11.31130497,      -9.681078939,      -10.28008841,      -10.96549182,      -12.47768862,      -5.463774111,       -3.42192237,   9.949899201e-05,        6.46027526,                40,                40,                40,    0.001789260784,     0.01068174951,       0.603914055,                 0,                 0,                 0,     0.07797496381,     -0.0104010541,      0.6039189545,                 0,       56.53699841,    0.002390236486
          0,           0,         226,      -11.31122504,      -9.681074846,      -10.28000571,      -10.96541776,      -12.47767263,       -5.46380581,      -3.421868963,   9.949899251e-05,       6.460275261,                40,                40,                40,    0.001789260784,     0.01068139863,      0.6039081284,                 0,                 0,                 0,     0.07797419256,    -0.01040119792,      0.6039130194,                 0,       56.53830076,    0.002390236486
          0,           0,         227,      -11.31114503,      -9.681070723,      -10.27992304,      -10.96534367,       -12.4776539,      -5.463837478,      -3.421815592,   9.949899301e-05,       6.460275263,                40,                40,                40,    0.001789260784,     0.01068104808,      0.6039022005,                 0,                 0,                 0,     0.07797342126,    -0.01040134138,      0.6039070828,                 0,       56.53960137,    0.002390236486
          0,           0,         228,      -11.31106594,      -9.681066569,      -10.27984043,      -10.96527076,      -12.47763521,      -5.463869114,      -3.421762223,   9.949899351e-05,       6.460275264,                40,                40,                40,    0.001789260784,     0.01068069784,      0.6038962711,                 0,                 0,                 0,     0.07797264992,    -0.01040148448,      0.6039011448,                 0,       56.54090026,    0.002390236486
          0,           0,         229,      -11.31098663,      -9.681062383,      -10.27975791,      -10.96519753,      -12.47761655,      -5.463900719,      -3.421708877,   9.949899401e-05,       6.460275265,                40,                40,                40,    0.001789260784,     0.01068034791,      0.6038903403,                 0,                 0,                 0,     0.07797187853,     -0.0104016272,      0.6038952053,                 0,       56.54219742,    0.002390236486
          0,           0,         230,      -11.31090686,      -9.681058163,      -10.27967537,      -10.96512388,      -12.47759792,      -5.463932292,      -3.421655571,   9.949899452e-05,       6.460275266,                40,                40,                40,    0.001789260784,     0.01067999831,       0.603884408,                 0,                 0,                 0,     0.07797110709,    -0.01040176956,      0.6038892645,                 0,       56.54349285,    0.002390236486
          0,           0,         231,       -11.3108262,      -9.681053912,      -10.27959285,      -10.96504934,      -12.47757933,      -5.463963835,      -3.421602285,   9.949899502e-05,       6.460275267,                40,                40,                40,    0.001789260784,     0.01067964902,      0.6038784743,                 0,                 0,                 0,      0.0779703356,    -0.01040191156,      0.6038833222,                 0,       56.54478655,    0.002390236486
          0,           0,         232,      -11.31074565,      -9.681049631,      -10.27951038,      -10.96497483,      -12.47756076,      -5.463995346,       -3.42154902,   9.949899552e-05,       6.460275268,                40,                40,                40,    0.001789260784,     0.01067930005,      0.6038725392,                 0,                 0,                 0,     0.07796956407,    -0.01040205318,      0.6038773786,                 0,       56.54607851,    0.002390236486
          0,           0,         233,      -11.31066541,      -9.681045319,      -10.27942795,      -10.96490061,      -12.47754242,      -5.464026826,      -3.421495766,   9.949899602e-05,        6.46027527,                40,                40,                40,    0.001789260784,      0.0106789514,      0.6038666027,                 0,                 0,                 0,      0.0779687925,    -0.01040219444,      0.6038714335,                 0,       56.54736875,    0.002390236486
          0,           0,         234,      -11.31058516,      -9.681040977,      -10.27934555,      -10.96482637,      -12.47752419,      -5.464058276,      -3.421442527,   9.949899652e-05,       6.460275271,                40,                40,                40,    0.001789260784,     0.01067860307,      0.6038606647,                 0,                 0,                 0,     0.07796802088,    -0.01040233533,       0.603865487,                 0,       56.54865725,    0.002390236486
          0,           0,         235,      -11.31050478,      -9.681036604,      -10.27926318,      -10.96475204,      -12.47750599,      -5.464089694,      -3.421389306,   9.949899702e-05,       6.460275272,                40,                40,                40,    0.001789260784,     0.01067825505,      0.6038547254,                 0,                 0,                 0,     0.07796724922,    -0.01040247585,      0.6038595391,                 0,       56.54994402,    0.002390236486
          0,           0,         236,      -11.31042442,      -9.681032202,      -10.27918085,      -10.96467771,      -12.47748783,      -5.464121082,      -3.421336175,   9.949899752e-05,       6.460275273,                40,                40,                40,    0.001789260784,     0.01067790735,      0.6038487846,                 0,                 0,                 0,     0.07796647752,    -0.01040261601,      0.6038535898,                 0,       56.55122906,    0.002390236486
          0,           0,         237,      -11.31034409,      -9.681027768,      -10.27909855,       -10.9646034,       -12.4774697,      -5.464152439,      -3.421282963,   9.949899802e-05,       6.460275274,                40,                40,                40,    0.001789260784,     0.01067755997,      0.6038428423,                 0,                 0,                 0,     0.07796570577,     -0.0104027558,      0.6038476391,                 0,       56.55251238,    0.002390236486
          0,           0,         238,      -11.31026368,      -9.681023294,      -10.27901628,        -10.964529,       -12.4774516,      -5.464183766,      -3.421229739,   9.949899852e-05,       6.460275275,                40,                40,                40,    0.001789260784,      0.0106772129,      0.6038368987,                 0,                 0,                 0,     0.07796493398,    -0.01040289522,      0.6038416869,                 0,       56.55379397,    0.002390236486
          0,           0,         239,       -11.3101833,      -9.681018787,      -10.27893404,       -10.9644546,      -12.47743354,      -5.464215063,      -3.421176562,   9.949899902e-05,       6.460275277,                40,                40,                40,    0.001789260784,     0.01067686616,      0.6038309537,                 0,                 0,                 0,     0.07796416214,    -0.01040303428,      0.6038357334,                 0,       56.55507383,    0.002390236486
          0,           0,         240,      -11.31010286,       -9.68101425,      -10.27885184,       -10.9643801,       -12.4774155,      -5.464246329,      -3.421123412,   9.949899952e-05,       6.460275278,                40,                40,                40,    0.001789260784,     0.01067651972,      0.6038250072,                 0,                 0,                 0,     0.07796339026,    -0.01040317297,      0.6038297785,                 0,       56.55635196,    0.002390236486
          0,           0,         241,      -11.31002256,      -9.681009682,      -10.27876967,      -10.96430577,      -12.47739749,      -5.464277566,        -3.4210703,   9.949900002e-05,       6.460275279,                40,                40,                40,    0.001789260784,     0.01067617361,      0.6038190593,                 0,                 0,                 0,     0.07796261834,     -0.0104033113,      0.6038238222,                 0,       56.55762837,    0.002390236486
          0,           0,         242,      -11.30994218,      -9.681005083,      -10.27868754,      -10.96423129,      -12.47737951,      -5.464308772,      -3.421017202,   9.949900052e-05,        6.46027528,                40,                40,                40,    0.001789260784,     0.01067582781,        0.60381311,                 0,                 0,                 0,     0.07796184638,    -0.01040344926,      0.6038178644,                 0,       56.55890305,    0.002390236486
          0,           0,         243,      -11.30986186,      -9.681000454,      -10.27860544,      -10.96415686,      -12.47736157,       -5.46433995,      -3.420964123,   9.949900102e-05,       6.460275281,                40,                40,                40,    0.001789260784,     0.01067548233,      0.6038071593,                 0,                 0,                 0,     0.07796107438,    -0.01040358686,      0.6038119053,                 0,         56.560176,    0.002390236486
          0,           0,         244,      -11.30978159,      -9.680995795,      -10.27852338,      -10.96408249,      -12.47734364,      -5.464371098,      -3.420911057,   9.949900152e-05,       6.460275282,                40,                40,                40,    0.001789260784,     0.01067513716,      0.6038012072,                 0,                 0,                 0,     0.07796030233,    -0.01040372409,      0.6038059448,                 0,       56.56144723,    0.002390236486
          0,           0,         245,      -11.30970141,      -9.680991105,      -10.27844135,      -10.96400817,      -12.47732575,      -5.464402217,      -3.420858009,   9.949900202e-05,       6.460275284,                40,                40,                40,    0.001789260784,     0.01067479231,      0.6037952537,                 0,                 0,                 0,     0.07795953024,    -0.01040386095,      0.6037999828,                 0,       56.56271673,    0.002390236486
          0,           0,         246,      -11.30962131,      -9.680986385,      -10.27835935,      -10.96393392,      -12.47730789,      -5.464433306,      -3.420804977,   9.949900252e-05,       6.460275285,                40,                40,                40,    0.001789260784,     0.01067444778,      0.6037892988,                 0,                 0,                 0,      0.0779587581,    -0.01040399745,      0.6037940195,                 0,       56.56398451,    0.002390236486
          0,           0,         247,      -11.30954115,      -9.680981634,      -10.27827739,      -10.96385957,      -12.47729005,      -5.464464367,       -3.42075196,   9.949900302e-05,       6.460275286,                40,                40,                40,    0.001789260784,     0.01067410356,      0.6037833424,                 0,                 0,                 0,     0.07795798593,    -0.01040413358,      0.6037880548,                 0,       56.56525055,    0.002390236486
          0,           0,         248,      -11.30946747,      -9.680976854,      -10.27819545,      -10.96379276,      -12.47727225,      -5.464495399,      -3.420698946,   9.949900351e-05,       6.460275287,                40,                40,                40,    0.001789260784,     0.01067375966,      0.6037773847,                 0,                 0,                 0,     0.07795721371,    -0.01040426935,      0.6037820887,                 0,       56.56651488,    0.002390236486
          0,           0,         249,      -11.30938076,      -9.680972044,      -10.27811349,      -10.96370867,      -12.47725448,      -5.464526402,      -3.420645948,   9.949900401e-05,       6.460275288,                40,                40,                40,    0.001789260784,     0.01067341608,      0.6037714255,                 0,                 0,                 0,     0.07795644145,    -0.01040440476,      0.6037761212,                 0,       56.56777748,    0.002390236486
          0,           0,         250,      -11.30929641,      -9.680967207,      -10.27803157,      -10.96362891,      -12.47723674,      -5.464557377,      -3.420592962,   9.949900451e-05,        6.46027529,                40,                40,                40,    0.001789260784,     0.01067307281,       0.603765465,                 0,                 0,                 0,     0.07795566915,     -0.0104045398,      0.6037701522,                 0,       56.56903836,    0.002390236486
          0,           0,         251,      -11.30921871,      -9.680962339,      -10.27794967,      -10.96355781,      -12.47721904,      -5.464588323,      -3.420539985,   9.949900501e-05,       6.460275291,                40,                40,                40,    0.001789260784,     0.01067272985,       0.603759503,                 0,                 0,                 0,     0.07795489681,    -0.01040467448,      0.6037641819,                 0,       56.57029754,    0.002390236486
          0,           0,         252,      -11.30913999,      -9.680957441,      -10.27786781,      -10.96348517,      -12.47720138,      -5.464619242,      -3.420487027,   9.949900551e-05,       6.460275292,                40,                40,                40,    0.001789260784,      0.0106723872,      0.6037535396,                 0,                 0,                 0,     0.07795412441,    -0.01040480879,      0.6037582102,                 0,       56.57155501,    0.002390236486
          0,           0,         253,      -11.30906007,      -9.680952514,      -10.27778598,      -10.96341085,      -12.47718377,      -5.464650132,      -3.420434084,   9.949900601e-05,       6.460275293,                40,                40,                40,    0.001789260784,     0.01067204487,      0.6037475748,                 0,                 0,                 0,     0.07795335198,    -0.01040494275,      0.6037522371,                 0,       56.57281076,    0.002390236486
          0,           0,         254,      -11.30898006,      -9.680947557,      -10.27770418,       -10.9633364,      -12.47716623,      -5.464680994,      -3.420381129,    9.94990065e-05,       6.460275294,                40,                40,                40,    0.001789260784,     0.01067170285,      0.6037416086,                 0,                 0,                 0,      0.0779525795,    -0.01040507634,      0.6037462626,                 0,       56.57406481,    0.002390236486
          0,           0,         255,      -11.30890035,      -9.680942569,      -10.27762242,      -10.96326234,      -12.47714877,      -5.464711828,      -3.420328089,     9.9499007e-05,       6.460275295,                40,                40,                40,    0.001789260784,     0.01067136115,       0.603735641,                 0,                 0,                 0,     0.07795180697,    -0.01040520957,      0.6037402867,                 0,       56.57531712,    0.002390236486
          0,           0,         256,      -11.30884357,      -9.680937563,      -10.27754068,      -10.96321661,      -12.47713144,      -5.464742635,       -3.42027506,    9.94990075e-05,       6.460275297,                40,                40,                40,    0.001789260784,     0.01067101976,      0.6037296719,                 0,                 0,                 0,      0.0779510344,    -0.01040534243,      0.6037343094,                 0,       56.57656771,    0.002390236486
          0,           0,         257,      -11.30872835,      -9.680932535,      -10.27745886,      -10.96309694,      -12.47711431,      -5.464773415,      -3.420222054,     9.9499008e-05,       6.460275298,                40,                40,                40,    0.001789260784,     0.01067067869,      0.6037237015,                 0,                 0,                 0,     0.07795026179,    -0.01040547493,      0.6037283307,                 0,       56.57781658,    0.002390236486
          0,           0,         258,      -11.30864085,      -9.680927486,      -10.27737726,      -10.96302153,      -12.47709759,      -5.464804168,      -3.420169062,   9.949900849e-05,       6.460275299,                40,                40,                40,    0.001789260784,     0.01067033793,      0.6037177297,                 0,                 0,                 0,     0.07794948914,    -0.01040560707,      0.6037223506,                 0,       56.57906371,    0.002390236486
          0,           0,         259,      -11.30851984,      -9.680922398,       -10.2772958,      -10.96291009,      -12.47708233,      -5.464834893,      -3.420116086,   9.949900899e-05,         6.4602753,                40,                40,                40,    0.001789260784,     0.01066999749,      0.6037117564,                 0,                 0,                 0,     0.07794871645,    -0.01040573883,      0.6037163691,                 0,       56.58030912,    0.002390236486
          0,           0,         260,      -11.30843926,      -9.680917281,      -10.27721392,      -10.96283785,      -12.47707866,      -5.464865592,      -3.420063128,   9.949900949e-05,       6.460275301,                40,                40,                40,    0.001789260784,     0.01066965737,      0.6037057818,                 0,                 0,                 0,     0.07794794373,    -0.01040587024,      0.6037103862,                 0,       56.58155281,    0.002390236486
          0,           0,         261,      -11.30836891,      -9.680912146,      -10.27713214,      -10.96277288,      -12.47706055,      -5.464896246,      -3.420010185,   9.949900999e-05,       6.460275303,                40,                40,                40,    0.001789260784,     0.01066931756,      0.6036998058,                 0,                 0,                 0,     0.07794717097,    -0.01040600129,       0.603704402,                 0,       56.58279479,    0.002390236486
          0,           0,         262,      -11.30829054,      -9.680906984,      -10.27705051,      -10.96269896,      -12.47703282,      -5.464926883,      -3.419957241,   9.949901048e-05,       6.460275304,                40,                40,                40,    0.001789260784,     0.01066897805,      0.6036938283,                 0,                 0,                 0,     0.07794639817,    -0.01040613197,      0.6036984163,                 0,       56.58403506,    0.002390236486
          0,           0,         263,      -11.30821036,      -9.680901785,      -10.27696892,      -10.96262408,      -12.47700317,      -5.464957497,      -3.419904299,   9.949901098e-05,       6.460275305,                40,                40,                40,    0.001789260784,     0.01066863887,      0.6036878495,                 0,                 0,                 0,     0.07794562532,    -0.01040626229,      0.6036924293,                 0,       56.58527363,    0.002390236486
          0,           0,         264,      -11.30813122,      -9.680896556,      -10.27688734,      -10.96255046,      -12.47698056,      -5.464988088,      -3.419851373,   9.949901148e-05,       6.460275306,                40,                40,                40,    0.001789260784,     0.01066829999,      0.6036818692,                 0,                 0,                 0,     0.07794485244,    -0.01040639225,      0.6036864409,                 0,       56.58651047,    0.002390236486
          0,           0,         265,       -11.3080527,      -9.680891297,      -10.27680581,      -10.96247722,      -12.47695867,      -5.465018653,      -3.419798473,   9.949901197e-05,       6.460275307,                40,                40,                40,    0.001789260784,     0.01066796144,      0.6036758876,                 0,                 0,                 0,     0.07794407951,    -0.01040652185,       0.603680451,                 0,       56.58774558,    0.002390236486
          0,           0,         266,      -11.30797401,       -9.68088601,      -10.27672433,      -10.96240377,      -12.47693704,      -5.465049192,      -3.419745607,   9.949901247e-05,       6.460275308,                40,                40,                40,    0.001789260784,     0.01066762319,      0.6036699045,                 0,                 0,                 0,     0.07794330654,    -0.01040665108,      0.6036744598,                 0,       56.58897897,    0.002390236486
          0,           0,         267,      -11.30789536,      -9.680880693,       -10.2766429,      -10.96233038,      -12.47691555,      -5.465079707,      -3.419692757,   9.949901297e-05,        6.46027531,                40,                40,                40,    0.001789260784,     0.01066728527,      0.6036639201,                 0,                 0,                 0,     0.07794253354,    -0.01040677994,      0.6036684672,                 0,       56.59021062,    0.002390236486
          0,           0,         268,      -11.30781679,      -9.680875346,      -10.27656151,      -10.96225709,      -12.47689415,      -5.465110197,      -3.419639879,   9.949901346e-05,       6.460275311,                40,                40,                40,    0.001789260784,     0.01066694766,      0.6036579342,                 0,                 0,                 0,     0.07794176049,    -0.01040690844,      0.6036624732,                 0,       56.59144056,    0.002390236486
          0,           0,         269,      -11.30773821,       -9.68086997,      -10.27648016,      -10.96218372,       -12.4768728,      -5.465140661,      -3.419586988,   9.949901396e-05,       6.460275312,                40,                40,                40,    0.001789260784,     0.01066661036,      0.6036519469,                 0,                 0,                 0,     0.07794098739,    -0.01040703658,      0.6036564778,                 0,       56.59266877,    0.002390236486
          0,           0,         270,      -11.30765975,      -9.680864565,      -10.27639885,      -10.96211048,       -12.4768515,      -5.465171102,      -3.419534127,   9.949901445e-05,       6.460275313,                40,                40,                40,    0.001789260784,     0.01066627338,      0.6036459582,                 0,                 0,                 0,     0.07794021425,    -0.01040716436,       0.603650481,                 0,       56.59389526,    0.002390236486
          0,           0,         271,      -11.30758134,      -9.680859132,      -10.27631758,      -10.96203726,       -12.4768301,      -5.465201517,       -3.41948129,   9.949901495e-05,       6.460275314,                40,                40,                40,    0.001789260784,     0.01066593671,      0.6036399681,                 0,                 0,                 0,     0.07793944106,    -0.01040729177,      0.6036444828,                 0,       56.59512003,    0.002390236486
          0,           0,         272,      -11.30750295,      -9.680853669,      -10.27623635,      -10.96196405,      -12.47680862,      -5.465231909,       -3.41942848,   9.949901544e-05,       6.460275316,                40,                40,                40,    0.001789260784,     0.01066560035,      0.6036339766,                 0,                 0,                 0,     0.07793866783,    -0.01040741882,      0.6036384832,                 0,       56.59634308,    0.002390236486
          0,           0,         273,      -11.30742469,      -9.680848177,      -10.27615515,      -10.96189097,      -12.47678716,      -5.465262277,      -3.419375695,   9.949901594e-05,       6.460275317,                40,                40,                40,    0.001789260784,     0.01066526431,      0.6036279837,                 0,                 0,                 0,     0.07793789455,    -0.01040754551,      0.6036324822,                 0,       56.59756441,    0.002390236486
          0,           0,         274,      -11.30734641,      -9.680842657,      -10.27607399,      -10.96181786,      -12.47676571,      -5.465292621,      -3.419322934,   9.949901643e-05,       6.460275318,                40,                40,                40,    0.001789260784,     0.01066492858,      0.6036219893,                 0,                 0,                 0,     0.07793712123,    -0.01040767183,      0.6036264798,                 0,       56.59878403,    0.002390236486
          0,           0,         275,      -11.30726822,      -9.680837107,      -10.27599286,      -10.96174483,      -12.47674429,       -5.46532294,        -3.4192702,   9.949901693e-05,       6.460275319,                40,                40,                40,    0.001789260784,     0.01066459316,      0.6036159936,                 0,                 0,                 0,     0.07793634787,     -0.0104077978,       0.603620476,                 0,       56.60000193,    0.002390236486
          0,           0,         276,      -11.30719007,      -9.680831528,      -10.27591178,      -10.96167184,      -12.47672288,      -5.465353236,      -3.419217493,   9.949901742e-05,        6.46027532,                40,                40,                40,    0.001789260784,     0.01066425806,      0.6036099964,                 0,                 0,                 0,     0.07793557447,     -0.0104079234,      0.6036144708,                 0,       56.60121811,    0.002390236486
          0,           0,         277,      -11.30711196,      -9.680825921,      -10.27583072,       -10.9615989,       -12.4767015,      -5.465383507,      -3.419164808,   9.949901792e-05,       6.460275321,                40,                40,                40,    0.001789260784,     0.01066392327,      0.6036039979,                 0,                 0,                 0,     0.07793480102,    -0.01040804864,      0.6036084642,                 0,       56.60243257,    0.002390236486
          0,           0,         278,       -11.3070339,      -9.680820284,      -10.27574971,      -10.96152602,      -12.47668014,      -5.465413756,      -3.419112146,   9.949901841e-05,       6.460275323,                40,                40,                40,    0.001789260784,     0.01066358879,      0.6035979979,                 0,                 0,                 0,     0.07793402754,    -0.01040817351,      0.6036024562,                 0,       56.60364532,    0.002390236486
          0,           0,         279,      -11.30695582,      -9.680814619,      -10.27566873,      -10.96145312,       -12.4766588,      -5.465443981,      -3.419059503,   9.949901891e-05,       6.460275324,                40,                40,                40,    0.001789260784,     0.01066325463,      0.6035919966,                 0,                 0,                 0,     0.07793325402,    -0.01040829803,      0.6035964469,                 0,       56.60485635,    0.002390236486
          0,           0,         280,      -11.30687788,      -9.680808924,      -10.27558779,      -10.96138037,      -12.47663749,      -5.465474184,       -3.41900688,    9.94990194e-05,       6.460275325,                40,                40,                40,    0.001789260784,     0.01066292078,      0.6035859938,                 0,                 0,                 0,     0.07793248045,    -0.01040842218,      0.6035904361,                 0,       56.60606566,    0.002390236486
          0,           0,         281,      -11.30679993,        -9.6808032,      -10.27550688,      -10.96130762,      -12.47661621,      -5.465504364,      -3.418954276,    9.94990199e-05,       6.460275326,                40,                40,                40,    0.001789260784,     0.01066258724,      0.6035799897,                 0,                 0,                 0,     0.07793170685,    -0.01040854598,       0.603584424,                 0,       56.60727326,    0.002390236486
          0,           0,         282,      -11.30672202,      -9.680797448,      -10.27542601,      -10.96123497,      -12.47659496,      -5.465534521,      -3.418901661,   9.949902039e-05,       6.460275327,                40,                40,                40,    0.001789260784,     0.01066225402,      0.6035739841,                 0,                 0,                 0,     0.07793093321,    -0.01040866941,      0.6035784104,                 0,       56.60847915,    0.002390236486
          0,           0,         283,      -11.30664425,      -9.680791666,      -10.27534518,      -10.96116242,      -12.47657374,      -5.465564656,      -3.418849084,   9.949902089e-05,       6.460275329,                40,                40,                40,    0.001789260784,      0.0106619211,      0.6035679771,                 0,                 0,                 0,     0.07793015953,    -0.01040879248,      0.6035723955,                 0,       56.60968331,    0.002390236486
          0,           0,         284,      -11.30656638,      -9.680785855,      -10.27526439,      -10.96108979,      -12.47655255,      -5.465594769,      -3.418796535,   9.949902138e-05,        6.46027533,                40,                40,                40,    0.001789260784,      0.0106615885,      0.6035619688,                 0,                 0,                 0,     0.07792938581,    -0.01040891519,      0.6035663792,                 0,       56.61088577,    0.002390236486
          0,           0,         285,      -11.30648866,      -9.680780016,      -10.27518364,      -10.96101735,       -12.4765314,      -5.465624859,      -3.418744011,   9.949902187e-05,       6.460275331,                40,                40,                40,    0.001789260784,     0.01066125621,       0.603555959,                 0,                 0,                 0,     0.07792861205,    -0.01040903754,      0.6035603615,                 0,        56.6120865,    0.002390236486
          0,           0,         286,      -11.30647635,       -9.68077421,      -10.27510276,      -10.96102776,      -12.47651028,      -5.465654928,      -3.418691509,   9.949902237e-05,       6.460275332,                40,                40,                40,    0.001789260784,     0.01066092424,      0.6035499478,                 0,                 0,                 0,     0.07792783826,    -0.01040915952,      0.6035543424,                 0,       56.61328553,    0.002390236486
          0,           0,         287,       -11.3065487,      -9.680768523,      -10.27502147,       -10.9611438,      -12.47648921,      -5.465684975,      -3.418639028,   9.949902286e-05,       6.460275333,                40,                40,                40,    0.001789260784,     0.01066059257,      0.6035439352,                 0,                 0,                 0,     0.07792706443,    -0.01040928115,      0.6035483219,                 0,       56.61448284,    0.002390236486
          0,           0,         288,      -11.30649534,      -9.680762776,      -10.27494068,      -10.96109822,      -12.47646818,      -5.465715001,      -3.418586565,   9.949902335e-05,       6.460275335,                40,                40,                40,    0.001789260784,     0.01066026122,      0.6035379212,                 0,                 0,                 0,     0.07792629055,    -0.01040940242,         0.6035423,                 0,       56.61567844,    0.002390236486
          0,           0,         289,      -11.30640068,      -9.680756952,      -10.27486038,      -10.96100255,      -12.47644719,      -5.465745006,      -3.418534121,   9.949902385e-05,       6.460275336,                40,                40,                40,    0.001789260784,     0.01065993018,      0.6035319059,                 0,                 0,                 0,     0.07792551664,    -0.01040952332,      0.6035362767,                 0,       56.61687233,    0.002390236486
          0,           0,         290,       -11.3063278,      -9.680751079,      -10.27478036,      -10.96093498,      -12.47642625,       -5.46577499,      -3.418481664,   9.949902434e-05,       6.460275337,                40,                40,                40,    0.001789260784,     0.01065959945,      0.6035258891,                 0,                 0,                 0,      0.0779247427,    -0.01040964387,      0.6035302521,                 0,        56.6180645,    0.002390236486
          0,           0,         291,      -11.30625343,       -9.68074517,          -10.2747,      -10.96086494,      -12.47640535,      -5.465804953,      -3.418429222,   9.949902483e-05,       6.460275338,                40,                40,                40,    0.001789260784,     0.01065926904,      0.6035198709,                 0,                 0,                 0,     0.07792396872,    -0.01040976405,      0.6035242261,                 0,       56.61925494,    0.002390236486
          0,           0,         292,      -11.30618984,       -9.68073923,      -10.27461946,      -10.96080891,      -12.47638451,      -5.465834895,      -3.418376808,   9.949902533e-05,       6.460275339,                40,                40,                40,    0.001789260784,     0.01065893894,      0.6035138514,                 0,                 0,                 0,     0.07792319471,    -0.01040988387,      0.6035181987,                 0,       56.62044365,    0.002390236486
          0,           0,         293,      -11.30611926,      -9.680733252,      -10.27453899,       -10.9607445,      -12.47636372,      -5.465864816,      -3.418324408,   9.949902582e-05,        6.46027534,                40,                40,                40,    0.001789260784,     0.01065860915,      0.6035078305,                 0,                 0,                 0,     0.07792242067,    -0.01041000332,      0.6035121699,                 0,       56.62163063,    0.002390236486
          0,           0,         294,      -11.30604571,      -9.680727241,       -10.2744586,      -10.96067642,      -12.47634298,      -5.465894717,      -3.418271999,   9.949902631e-05,       6.460275342,                40,                40,                40,    0.001789260784,     0.01065827968,      0.6035018082,                 0,                 0,                 0,     0.07792164659,    -0.01041012242,      0.6035061398,                 0,       56.62281588,    0.002390236486
          0,           0,         295,      -11.30597272,      -9.680721199,      -10.27437826,      -10.96060902,       -12.4763223,      -5.465924598,      -3.418219606,    9.94990268e-05,       6.460275343,                40,                40,                40,    0.001789260784,     0.01065795053,      0.6034957844,                 0,                 0,                 0,     0.07792087248,    -0.01041024115,      0.6035001082,                 0,       56.62399942,    0.002390236486
          0,           0,         296,      -11.30590011,      -9.680715127,      -10.27429795,      -10.96054221,      -12.47630167,       -5.46595446,       -3.41816725,    9.94990273e-05,       6.460275344,                40,                40,                40,    0.001789260784,     0.01065762168,      0.6034897593,                 0,                 0,                 0,     0.07792009833,    -0.01041035952,      0.6034940753,                 0,       56.62518124,    0.002390236486
          0,           0,         297,      -11.30582711,      -9.680709025,      -10.27421768,      -10.96047509,       -12.4762811,      -5.465984303,      -3.418114926,   9.949902779e-05,       6.460275345,                40,                40,                40,    0.001789260784,     0.01065729315,      0.6034837328,                 0,                 0,                 0,     0.07791932414,    -0.01041047753,       0.603488041,                 0,       56.62636136,    0.002390236486
          0,           0,         298,       -11.3057537,      -9.680702894,      -10.27413746,       -10.9604075,       -12.4762606,      -5.466014136,      -3.418062628,   9.949902828e-05,       6.460275346,                40,                40,                40,    0.001789260784,     0.01065696492,      0.6034777049,                 0,                 0,                 0,     0.07791854991,    -0.01041059519,      0.6034820053,                 0,       56.62753977,    0.002390236486
          0,           0,         299,      -11.30567994,      -9.680696734,      -10.27405727,      -10.96033967,      -12.47624016,      -5.466043949,      -3.418010351,   9.949902877e-05,       6.460275348,                40,                40,                40,    0.001789260784,     0.01065663701,      0.6034716756,                 0,                 0,                 0,     0.07791777564,    -0.01041071248,      0.6034759682,                 0,       56.62871648,    0.002390236486
          0,           0,         300,      -11.30560597,      -9.680690545,      -10.27397712,      -10.96027158,      -12.47621978,      -5.466073743,      -3.417958097,   9.949902926e-05,       6.460275349,                40,                40,                40,    0.001789260784,      0.0106563094,      0.6034656449,                 0,                 0,                 0,     0.07791700134,    -0.01041082942,      0.6034699298,                 0,       56.62989148,    0.002390236486
          0,           0,         301,      -11.30553172,      -9.680684326,      -10.27389701,      -10.96020326,      -12.47619947,      -5.466103518,      -3.417905866,   9.949902976e-05,        6.46027535,                40,                40,                40,    0.001789260784,     0.01065598211,      0.6034596129,                 0,                 0,                 0,       0.077916227,      -0.010410946,        0.60346389,                 0,       56.63106477,    0.002390236486
          0,           0,         302,      -11.30545725,      -9.680678078,      -10.27381694,      -10.96013473,      -12.47617923,      -5.466133275,      -3.417853654,   9.949903025e-05,       6.460275351,                40,                40,                40,    0.001789260784,     0.01065565512,      0.6034535794,                 0,                 0,                 0,     0.07791545263,    -0.01041106222,      0.6034578488,                 0,       56.63223635,    0.002390236486
          0,           0,         303,      -11.30538242,        -9.6806718,      -10.27373692,      -10.96006585,      -12.47615906,      -5.466163013,       -3.41780146,   9.949903074e-05,       6.460275352,                40,                40,                40,    0.001789260784,     0.01065532845,      0.6034475446,                 0,                 0,                 0,     0.07791467824,    -0.01041117808,      0.6034518062,                 0,       56.63340621,    0.002447506314
          0,           0,         304,      -11.30530747,      -9.680665493,      -10.27365693,      -10.95999686,      -12.47613896,      -5.466192732,      -3.417749292,   9.949903123e-05,       6.460275354,                40,                40,                40,    0.001789260784,     0.01065500209,      0.6034415084,                 0,                 0,                 0,     0.07791390381,    -0.01041129358,      0.6034457623,                 0,       56.63457436,    0.002447506314
          0,           0,         305,       -11.3052322,      -9.680659155,      -10.27357698,      -10.95992755,      -12.47611894,      -5.466222433,      -3.417697131,   9.949903172e-05,       6.460275355,                40,                40,                40,    0.001789260784,     0.01065467605,      0.6034354708,                 0,                 0,                 0,     0.07791312936,    -0.01041140871,       0.603439717,                 0,       56.63574078,    0.002447506314
          0,           0,         306,      -11.30515675,      -9.680652787,      -10.27349708,      -10.95985806,      -12.47609899,      -5.466252116,      -3.417644985,   9.949903221e-05,       6.460275356,                40,                40,                40,    0.001789260784,     0.01065435032,      0.6034294318,                 0,                 0,                 0,     0.07791235488,    -0.01041152349,      0.6034336703,                 0,       56.63690548,    0.002447506314
          0,           0,         307,      -11.30508108,      -9.680646389,      -10.27341721,      -10.95978836,      -12.47607913,      -5.466281782,      -3.417592857,    9.94990327e-05,       6.460275357,                40,                40,                40,    0.001789260784,      0.0106540249,      0.6034233914,                 0,                 0,                 0,     0.07791158036,    -0.01041163791,      0.6034276223,                 0,       56.63806846,    0.002447506314
          0,           0,         308,      -11.30500517,       -9.68063996,      -10.27333737,       -10.9597184,      -12.47605934,      -5.466311429,      -3.417540707,   9.949903319e-05,       6.460275358,                40,                40,                40,    0.001789260784,     0.01065369979,      0.6034173497,                 0,                 0,                 0,     0.07791080581,    -0.01041175197,      0.6034215729,                 0,       56.63922973,    0.002447506314
          0,           0,         309,      -11.30492899,      -9.680633501,      -10.27325757,      -10.95964819,      -12.47603965,      -5.466341059,      -3.417488561,   9.949903368e-05,        6.46027536,                40,                40,                40,    0.001789260784,     0.01065337499,      0.6034113066,                 0,                 0,                 0,     0.07791003123,    -0.01041186566,      0.6034155222,                 0,       56.64038928,    0.002447506314
          0,           0,         310,      -11.30485268,       -9.68062701,       -10.2731778,      -10.95957784,      -12.47602003,      -5.466370672,      -3.417436437,   9.949903417e-05,       6.460275361,                40,                40,                40,    0.001789260784,     0.01065305051,      0.6034052621,                 0,                 0,                 0,     0.07790925662,      -0.010411979,      0.6034094701,                 0,       56.64154711,    0.002447506314
          0,           0,         311,      -11.30477614,      -9.680620487,      -10.27309805,      -10.95950727,      -12.47600051,      -5.466400267,      -3.417384328,   9.949903466e-05,       6.460275362,                40,                40,                40,    0.001789260784,     0.01065272633,      0.6033992163,                 0,                 0,                 0,     0.07790848198,    -0.01041209198,      0.6034034166,                 0,       56.64270323,    0.002447506314
          0,           0,         312,      -11.30469934,      -9.680613933,      -10.27301832,      -10.95943641,      -12.47598107,      -5.466429846,      -3.417332236,   9.949903515e-05,       6.460275363,                40,                40,                40,    0.001789260784,     0.01065240247,      0.6033931691,                 0,                 0,                 0,     0.07790770731,     -0.0104122046,      0.6033973617,                 0,       56.64385763,    0.002447506314
          0,           0,         313,      -11.30462238,      -9.680607347,      -10.27293862,      -10.95936538,      -12.47596173,      -5.466459407,      -3.417280159,   9.949903564e-05,       6.460275364,                40,                40,                40,    0.001789260784,     0.01065207892,      0.6033871205,                 0,                 0,                 0,      0.0779069326,    -0.01041231686,      0.6033913055,                 0,       56.64501031,    0.002447506314
          0,           0,         314,      -11.30454526,      -9.680600728,      -10.27285894,       -10.9592942,      -12.47594249,      -5.466488971,      -3.417228095,   9.949903613e-05,       6.460275366,                40,                40,                40,    0.001789260784,     0.01065175569,      0.6033810705,                 0,                 0,                 0,     0.07790615787,    -0.01041242875,       0.603385248,                 0,       56.64616128,    0.002447506314
          0,           0,         315,      -11.30447389,      -9.680594077,      -10.27277924,      -10.95922859,      -12.47592334,      -5.466518521,      -3.417176017,   9.949903662e-05,       6.460275367,                40,                40,                40,    0.001789260784,     0.01065143276,      0.6033750191,                 0,                 0,                 0,      0.0779053831,    -0.01041254029,       0.603379189,                 0,       56.64731052,    0.002447506314
          0,           0,         316,      -11.30438498,      -9.680587395,      -10.27269954,      -10.95914189,       -12.4759043,      -5.466548058,      -3.417121079,   9.949903711e-05,       6.460275368,                40,                40,                40,    0.001789260784,     0.01065111015,      0.6033689664,                 0,                 0,                 0,     0.07790460831,    -0.01041265148,      0.6033731287,                 0,       56.64845806,    0.002447506314
          0,           0,         317,      -11.30430772,      -9.680580683,      -10.27261984,      -10.95907095,      -12.47588535,      -5.466577578,      -3.417066092,    9.94990376e-05,       6.460275369,                40,                40,                40,    0.001789260784,     0.01065078784,      0.6033629123,                 0,                 0,                 0,     0.07790383347,     -0.0104127623,      0.6033670671,                 0,       56.64960389,    0.002447506314
          0,           0,         318,      -11.30423199,      -9.680573937,      -10.27254017,      -10.95900185,      -12.47586652,      -5.466607083,      -3.417011116,   9.949903809e-05,        6.46027537,                40,                40,                40,    0.001789260784,     0.01065046585,      0.6033568569,                 0,                 0,                 0,     0.07790305861,    -0.01041287277,      0.6033610041,                 0,       56.65074802,    0.002447506314
          0,           0,         319,      -11.30415418,      -9.680567159,      -10.27246052,      -10.95892987,      -12.47584779,      -5.466636572,       -3.41695616,   9.949903858e-05,       6.460275372,                40,                40,                40,    0.001789260784,     0.01065014416,         0.6033508,                 0,                 0,                 0,      0.0779022837,    -0.01041298288,      0.6033549397,                 0,       56.65189044,    0.002447506314
          0,           0,         320,      -11.30407552,      -9.680560347,       -10.2723809,      -10.95885681,      -12.47582917,      -5.466666046,      -3.416901216,   9.949903907e-05,       6.460275373,                40,                40,                40,    0.001789260784,     0.01064982278,      0.6033447418,                 0,                 0,                 0,     0.07790150875,    -0.01041309263,       0.603348874,                 0,       56.65303116,    0.002447506314
          0,           0,         321,       -11.3039969,      -9.680553502,       -10.2723013,      -10.95878384,      -12.47581067,      -5.466695506,       -3.41684624,   9.949903956e-05,       6.460275374,                40,                40,                40,    0.001789260784,     0.01064950172,      0.6033386822,                 0,                 0,                 0,     0.07790073377,    -0.01041320202,      0.6033428069,                 0,       56.65417015,    0.002447506314
          0,           0,         322,      -11.30391818,      -9.680546622,      -10.27222174,      -10.95871074,      -12.47579228,      -5.466724951,      -3.416791297,   9.949904005e-05,       6.460275375,                40,                40,                40,    0.001789260784,     0.01064918096,      0.6033326213,                 0,                 0,                 0,     0.07789995875,    -0.01041331106,      0.6033367384,                 0,       56.65530743,    0.002447506314
          0,           0,         323,       -11.3038394,      -9.680539708,      -10.27214221,      -10.95863755,      -12.47577402,      -5.466754384,      -3.416736369,   9.949904054e-05,       6.460275376,                40,                40,                40,    0.001789260784,     0.01064886052,      0.6033265589,                 0,                 0,                 0,      0.0778991837,    -0.01041341973,      0.6033306686,                 0,       56.65644297,    0.002447506314
          0,           0,         324,      -11.30376039,       -9.68053276,      -10.27206271,      -10.95856401,      -12.47575587,      -5.466783807,      -3.416681461,   9.949904103e-05,       6.460275378,                40,                40,                40,    0.001789260784,      0.0106485404,      0.6033204952,                 0,                 0,                 0,     0.07789840861,    -0.01041352804,      0.6033245974,                 0,       56.65757679,    0.002447506314
          0,           0,         325,      -11.30368121,      -9.680525778,      -10.27198324,      -10.95849027,      -12.47573785,      -5.466813226,      -3.416626572,   9.949904152e-05,       6.460275379,                40,                40,                40,    0.001789260784,     0.01064822058,      0.6033144301,                 0,                 0,                 0,     0.07789763349,    -0.01041363599,      0.6033185248,                 0,       56.65870888,    0.002447506314
          0,           0,         326,      -11.30360202,      -9.680518761,       -10.2719038,       -10.9584165,      -12.47571996,      -5.466842655,      -3.416571703,     9.9499042e-05,        6.46027538,                40,                40,                40,    0.001789260784,     0.01064790108,      0.6033083637,                 0,                 0,                 0,     0.07789685834,    -0.01041374358,      0.6033124509,                 0,       56.65983924,    0.002447506314
          0,           0,         327,      -11.30352221,      -9.680511709,      -10.27182439,      -10.95834208,      -12.47570219,      -5.466871994,      -3.416516851,   9.949904249e-05,       6.460275381,                40,                40,                40,    0.001789260784,      0.0106475819,      0.6033022959,                 0,                 0,                 0,     0.07789608316,    -0.01041385081,      0.6033063756,                 0,       56.66096789,    0.002447506314
          0,           0,         328,      -11.30344256,      -9.680504623,      -10.27174501,      -10.95826778,      -12.47568456,       -5.46690132,      -3.416462016,   9.949904298e-05,       6.460275382,                40,                40,                40,    0.001789260784,     0.01064726302,      0.6032962267,                 0,                 0,                 0,     0.07789530794,    -0.01041395768,       0.603300299,                 0,       56.66209482,    0.002447506314
          0,           0,         329,      -11.30336308,      -9.680497503,      -10.27166566,      -10.95819358,      -12.47565947,       -5.46693063,      -3.416407766,   9.949904347e-05,       6.460275384,                40,                40,                40,    0.001789260784,     0.01064694445,      0.6032901561,                 0,                 0,                 0,      0.0778945327,    -0.01041406419,       0.603294221,                 0,       56.66322003,    0.002447506314
          0,           0,         330,      -11.30328359,      -9.680490351,      -10.27158634,       -10.9581193,      -12.47562991,      -5.466959921,      -3.416354256,   9.949904396e-05,       6.460275385,                40,                40,                40,    0.001789260784,     0.01064662619,      0.6032840841,                 0,                 0,                 0,     0.07789375743,    -0.01041417035,      0.6032881417,                 0,       56.66434353,    0.002447506314
          0,           0,         331,      -11.30320396,      -9.680483162,      -10.27150705,      -10.95804484,      -12.47559941,      -5.466989191,      -3.416300557,   9.949904444e-05,       6.460275386,                40,                40,                40,    0.001789260784,     0.01064630825,      0.6032780108,                 0,                 0,                 0,     0.07789298212,    -0.01041427615,      0.6032820609,                 0,       56.66546533,    0.002447506314
          0,           0,         332,      -11.30312426,      -9.680475942,      -10.27142779,       -10.9579703,      -12.47556126,      -5.467018439,       -3.41624668,   9.949904493e-05,       6.460275387,                40,                40,                40,    0.001789260784,     0.01064599061,      0.6032719361,                 0,                 0,                 0,     0.07789220678,    -0.01041438159,      0.6032759789,                 0,       56.66658541,    0.002447506314
          0,           0,         333,      -11.30304459,      -9.680468691,      -10.27134855,      -10.95789572,      -12.47552313,      -5.467047661,      -3.416192628,   9.949904542e-05,       6.460275388,                40,                40,                40,    0.001789260784,     0.01064567328,        0.60326586,                 0,                 0,                 0,     0.07789143141,    -0.01041448667,      0.6032698954,                 0,       56.66770379,    0.002447506314
          0,           0,         334,      -11.30299534,      -9.680461418,      -10.27126935,      -10.95785973,      -12.47548504,      -5.467076858,      -3.416138324,   9.949904591e-05,        6.46027539,                40,                40,                40,    0.001789260784,     0.01064535626,      0.6032597826,                 0,                 0,                 0,     0.07789065601,     -0.0104145914,      0.6032638106,                 0,       56.66882046,    0.002447506314
          0,           0,         335,      -11.30287719,      -9.680454119,      -10.27119008,      -10.95773551,      -12.47544701,      -5.467105988,      -3.416083855,   9.949904639e-05,       6.460275391,                40,                40,                40,    0.001789260784,     0.01064503955,      0.6032537037,                 0,                 0,                 0,     0.07788988058,    -0.01041469577,      0.6032577244,                 0,       56.66993543,    0.002447506314
          0,           0,         336,      -11.30278762,      -9.680446807,      -10.27111068,      -10.95764839,      -12.47540905,      -5.467135095,      -3.416029231,   9.949904688e-05,       6.460275392,                40,                40,                40,    0.001789260784,     0.01064472314,      0.6032476235,                 0,                 0,                 0,     0.07788910511,    -0.01041479979,      0.6032516369,                 0,        56.6710487,    0.002447506314
          0,           0,         337,      -11.30271831,      -9.680439465,      -10.27103131,      -10.95758677,      -12.47537043,      -5.467164187,      -3.415974447,   9.949904737e-05,       6.460275393,                40,                40,                40,    0.001789260784,     0.01064440704,      0.6032415419,                 0,                 0,                 0,      0.0778883296,    -0.01041490345,      0.6032455479,                 0,       56.67216029,    0.002447506314
          0,           0,         338,        -11.302641,      -9.680432091,      -10.27095204,      -10.95751474,      -12.47533105,      -5.467193257,      -3.415919509,   9.949904786e-05,       6.460275394,                40,                40,                40,    0.001789260784,     0.01064409124,      0.6032354589,                 0,                 0,                 0,     0.07788755405,    -0.01041500676,      0.6032394576,                 0,        56.6732702,    0.002447506314
          0,           0,         339,      -11.30255993,      -9.680424688,      -10.27087283,      -10.95743792,      -12.47529175,      -5.467222301,      -3.415864414,   9.949904834e-05,       6.460275396,                40,                40,                40,    0.001789260784,     0.01064377575,      0.6032293745,                 0,                 0,                 0,     0.07788677847,    -0.01041510972,      0.6032333659,                 0,       56.67437843,    0.002447506314
          0,           0,         340,      -11.30247954,      -9.680417257,      -10.27079366,      -10.95736205,      -12.47525254,      -5.467251318,      -3.415809162,   9.949904883e-05,       6.460275397,                40,                40,                40,    0.001789260784,     0.01064346056,      0.6032232888,                 0,                 0,                 0,     0.07788600284,    -0.01041521233,      0.6032272729,                 0,       56.67548497,    0.002447506314
          0,           0,         341,       -11.3024002,      -9.680409796,      -10.27071455,      -10.95728746,      -12.47521343,      -5.467280306,      -3.415753752,   9.949904932e-05,       6.460275398,                40,                40,                40,    0.001789260784,     0.01064314567,      0.6032172016,                 0,                 0,                 0,     0.07788522718,    -0.01041531458,      0.6032211784,                 0,       56.67658982,    0.002447506314
          0,           0,         342,      -11.30232102,      -9.680402305,       -10.2706355,      -10.95721306,      -12.47517442,      -5.467309266,      -3.415698169,    9.94990498e-05,       6.460275399,                40,                40,                40,    0.001789260784,     0.01064283109,      0.6032111131,                 0,                 0,                 0,     0.07788445149,    -0.01041541648,      0.6032150826,                 0,       56.67769297,    0.002447506314
          0,           0,         343,      -11.30224187,      -9.680394785,      -10.27055651,      -10.95713863,      -12.47513552,      -5.467338196,      -3.415642389,   9.949905029e-05,         6.4602754,                40,                40,                40,    0.001789260784,     0.01064251683,      0.6032050231,                 0,                 0,                 0,     0.07788367576,    -0.01041551802,      0.6032089854,                 0,        56.6787944,    0.002447506314
          0,           0,         344,      -11.30216286,      -9.680387236,      -10.27047758,      -10.95706439,      -12.47509672,      -5.467367095,      -3.415586461,   9.949905077e-05,       6.460275402,                40,                40,                40,    0.001789260784,     0.01064220287,      0.6031989318,                 0,                 0,                 0,     0.07788289999,    -0.01041561921,      0.6032028869,                 0,       56.67989413,    0.002447506314
          0,           0,         345,      -11.30208406,      -9.680379657,      -10.27039871,      -10.95699038,      -12.47505803,      -5.467395965,      -3.415530387,   9.949905126e-05,       6.460275403,                40,                40,                40,    0.001789260784,     0.01064188922,      0.6031928391,                 0,                 0,                 0,     0.07788212419,    -0.01041572003,      0.6031967869,                 0,       56.68099214,    0.002447506314
          0,           0,         346,       -11.3020055,      -9.680372048,       -10.2703199,      -10.95691665,      -12.47501945,      -5.467424802,      -3.415474167,   9.949905175e-05,       6.460275404,                40,                40,                40,    0.001789260784,     0.01064157588,       0.603186745,                 0,                 0,                 0,     0.07788134836,     -0.0104158205,      0.6031906856,                 0,       56.68208845,    0.002447506314
          0,           0,         347,      -11.30192703,      -9.680364411,      -10.27024114,      -10.95684302,      -12.47498099,      -5.467453606,      -3.415417804,   9.949905223e-05,       6.460275405,                40,                40,                40,    0.001789260784,     0.01064126284,      0.6031806496,                 0,                 0,                 0,     0.07788057249,    -0.01041592062,      0.6031845829,                 0,       56.68318304,    0.002447506314
          0,           0,         348,      -11.30184874,      -9.680356746,      -10.27016243,       -10.9567696,      -12.47494264,      -5.467482386,      -3.415361296,   9.949905272e-05,       6.460275407,                40,                40,                40,    0.001789260784,     0.01064095012,      0.6031745527,                 0,                 0,                 0,     0.07787979658,    -0.01041602037,      0.6031784789,                 0,       56.68427593,    0.002447506314
          0,           0,         349,      -11.30177069,      -9.680349051,      -10.27008377,      -10.95669645,      -12.47490441,      -5.467511127,      -3.415304751,    9.94990532e-05,       6.460275408,                40,                40,                40,    0.001789260784,      0.0106406377,      0.6031684545,                 0,                 0,                 0,     0.07787902064,    -0.01041611978,      0.6031723735,                 0,       56.68536711,    0.002447506314
          0,           0,         350,      -11.30169269,      -9.680341328,      -10.27000516,      -10.95662337,       -12.4748663,      -5.467539831,      -3.415248217,   9.949905369e-05,       6.460275409,                40,                40,                40,    0.001789260784,     0.01064032559,      0.6031623549,                 0,                 0,                 0,     0.07787824466,    -0.01041621882,      0.6031662667,                 0,       56.68645659,    0.002447506314
          0,           0,         351,      -11.30161489,      -9.680333577,      -10.26992659,       -10.9565505,      -12.47482831,      -5.467568498,       -3.41519148,   9.949905417e-05,        6.46027541,                40,                40,                40,    0.001789260784,     0.01064001379,      0.6031562539,                 0,                 0,                 0,     0.07787746865,    -0.01041631751,      0.6031601585,                 0,       56.68754437,    0.002447506314
          0,           0,         352,       -11.3015372,      -9.680325798,      -10.26984807,       -10.9564778,      -12.47479044,      -5.467597128,      -3.415134563,   9.949905466e-05,       6.460275411,                40,                40,                40,    0.001789260784,      0.0106397023,      0.6031501515,                 0,                 0,                 0,     0.07787669261,    -0.01041641585,       0.603154049,                 0,       56.68863044,    0.002447506314
          0,           0,         353,      -11.30145967,       -9.68031799,      -10.26976959,      -10.95640526,      -12.47475269,       -5.46762572,      -3.415077515,   9.949905514e-05,       6.460275413,                40,                40,                40,    0.001789260784,     0.01063939111,      0.6031440478,                 0,                 0,                 0,     0.07787591654,    -0.01041651383,      0.6031479381,                 0,       56.68971481,    0.002447506314
          0,           0,         354,      -11.30138225,      -9.680310153,      -10.26969115,      -10.95633286,      -12.47471506,      -5.467654274,      -3.415020318,   9.949905563e-05,       6.460275414,                40,                40,                40,    0.001789260784,     0.01063908023,      0.6031379427,                 0,                 0,                 0,     0.07787514044,    -0.01041661145,      0.6031418259,                 0,       56.69079747,    0.002447506314
          0,           0,         355,      -11.30130487,      -9.680302288,      -10.26961275,      -10.95626048,      -12.47467756,      -5.467682787,      -3.414962944,   9.949905611e-05,       6.460275415,                40,                40,                40,    0.001789260784,     0.01063876966,      0.6031318362,                 0,                 0,                 0,     0.07787436431,    -0.01041670872,      0.6031357123,                 0,       56.69187842,    0.002447506314
          0,           0,         356,       -11.3012276,      -9.680294394,       -10.2695344,      -10.95618824,      -12.47464018,      -5.467711279,      -3.414905394,    9.94990566e-05,       6.460275416,                40,                40,                40,    0.001789260784,      0.0106384594,      0.6031257283,                 0,                 0,                 0,     0.07787358814,    -0.01041680563,      0.6031295973,                 0,       56.69295765,    0.002447506314
          0,           0,         357,      -11.30115048,      -9.680286471,      -10.26945609,       -10.9561162,      -12.47460292,       -5.46773973,      -3.414847674,   9.949905708e-05,       6.460275417,                40,                40,                40,    0.001789260784,     0.01063814945,      0.6031196191,                 0,                 0,                 0,     0.07787281195,    -0.01041690218,       0.603123481,                 0,       56.69403518,    0.002447506314
          0,           0,         358,      -11.30107344,       -9.68027852,      -10.26937782,      -10.95604422,      -12.47456579,       -5.46776814,       -3.41478978,   9.949905757e-05,       6.460275419,                40,                40,                40,    0.001789260784,      0.0106378398,      0.6031135085,                 0,                 0,                 0,     0.07787203574,    -0.01041699838,      0.6031173633,                 0,         56.695111,    0.002447506314
          0,           0,         359,      -11.30099647,      -9.680270539,       -10.2692996,      -10.95597232,      -12.47452878,      -5.467796508,      -3.414731739,   9.949905805e-05,        6.46027542,                40,                40,                40,    0.001789260784,     0.01063753047,      0.6031073965,                 0,                 0,                 0,     0.07787125949,    -0.01041709422,      0.6031112443,                 0,       56.69618511,    0.002447506314
          0,           0,         360,      -11.30091958,       -9.68026253,      -10.26922142,      -10.95590052,       -12.4744919,      -5.467824833,      -3.414673545,   9.949905854e-05,       6.460275421,                40,                40,                40,    0.001789260784,     0.01063722144,      0.6031012832,                 0,                 0,                 0,     0.07787048321,    -0.01041718971,      0.6031051239,                 0,       56.69725751,    0.002447506314
          0,           0,         361,      -11.30084273,      -9.680254492,      -10.26914329,      -10.95582875,      -12.47445515,      -5.467853115,      -3.414615179,   9.949905902e-05,       6.460275422,                40,                40,                40,    0.001789260784,     0.01063691272,      0.6030951685,                 0,                 0,                 0,     0.07786970691,    -0.01041728484,      0.6030990021,                 0,        56.6983282,    0.002447506314
          0,           0,         362,      -11.30076594,      -9.680246424,      -10.26906519,      -10.95575705,      -12.47441852,      -5.467881352,      -3.414556647,    9.94990595e-05,       6.460275424,                40,                40,                40,    0.001789260784,     0.01063660431,      0.6030890525,                 0,                 0,                 0,     0.07786893058,    -0.01041737962,      0.6030928791,                 0,       56.69939718,    0.002447506314
          0,           0,         363,      -11.30068929,      -9.680238328,      -10.26898714,      -10.95568552,      -12.47438201,      -5.467909546,      -3.414497952,   9.949905999e-05,       6.460275425,                40,                40,                40,    0.001789260784,     0.01063629621,      0.6030829351,                 0,                 0,                 0,     0.07786815422,    -0.01041747404,      0.6030867546,                 0,       56.70046445,    0.002447506314
          0,           0,         364,      -11.30061271,      -9.680230202,      -10.26890912,      -10.95561407,      -12.47434564,      -5.467937694,      -3.414439109,   9.949906047e-05,       6.460275426,                40,                40,                40,    0.001789260784,     0.01063598841,      0.6030768163,                 0,                 0,                 0,     0.07786737783,     -0.0104175681,      0.6030806288,                 0,       56.70153001,    0.002447506314
          0,           0,         365,      -11.30053557,      -9.680222047,      -10.26883114,      -10.95554198,      -12.47430938,        -5.4679658,      -3.414380152,   9.949906096e-05,       6.460275427,                40,                40,                40,    0.001789260784,     0.01063568093,      0.6030706962,                 0,                 0,                 0,     0.07786660142,    -0.01041766181,      0.6030745017,                 0,       56.70259386,    0.002447506314
          0,           0,         366,      -11.30045832,       -9.68021386,      -10.26875319,      -10.95546976,      -12.47427326,      -5.467993868,      -3.414320948,   9.949906144e-05,       6.460275428,                40,                40,                40,    0.001789260784,     0.01063537375,      0.6030645747,                 0,                 0,                 0,     0.07786582499,    -0.01041775517,      0.6030683732,                 0,         56.703656,    0.002447506314
          0,           0,         367,      -11.30038169,      -9.680205643,      -10.26867529,      -10.95539818,      -12.47423726,      -5.468021889,      -3.414261566,   9.949906192e-05,        6.46027543,                40,                40,                40,    0.001789260784,     0.01063506688,      0.6030584519,                 0,                 0,                 0,     0.07786504853,    -0.01041784817,      0.6030622434,                 0,       56.70471644,    0.002447506314
          0,           0,         368,      -11.30030533,      -9.680197398,      -10.26859742,      -10.95532697,      -12.47420139,      -5.468049863,      -3.414202042,   9.949906241e-05,       6.460275431,                40,                40,                40,    0.001789260784,     0.01063476032,      0.6030523277,                 0,                 0,                 0,     0.07786427205,    -0.01041794081,      0.6030561123,                 0,       56.70577516,    0.002447506314
          0,           0,         369,      -11.30022909,      -9.680189124,      -10.26851958,       -10.9552559,      -12.47416564,       -5.46807779,      -3.414142375,   9.949906289e-05,       6.460275432,                40,                40,                40,    0.001789260784,     0.01063445407,      0.6030462022,                 0,                 0,                 0,     0.07786349554,     -0.0104180331,      0.6030499798,                 0,       56.70683218,    0.002447506314
          0,           0,         370,      -11.30015266,       -9.68018082,      -10.26844178,      -10.95518459,      -12.47413002,      -5.468105668,      -3.414082573,   9.949906337e-05,       6.460275433,                40,                40,                40,    0.001789260784,     0.01063414812,      0.6030400753,                 0,                 0,                 0,     0.07786271901,    -0.01041812503,       0.603043846,                 0,       56.70788749,    0.002447506314
          0,           0,         371,      -11.30007633,      -9.680172487,      -10.26836402,      -10.95511341,      -12.47409453,      -5.468133498,      -3.414022636,   9.949906385e-05,       6.460275435,                40,                40,                40,    0.001789260784,     0.01063384248,      0.6030339471,                 0,                 0,                 0,     0.07786194246,    -0.01041821661,      0.6030377108,                 0,       56.70894109,    0.002447506314
          0,           0,         372,      -11.30000022,      -9.680164125,      -10.26828629,      -10.95504245,      -12.47405917,      -5.468161279,      -3.413962549,   9.949906434e-05,       6.460275436,                40,                40,                40,    0.001789260784,     0.01063353715,      0.6030278175,                 0,                 0,                 0,     0.07786116589,    -0.01041830784,      0.6030315743,                 0,       56.70999299,    0.002447506314
          0,           0,         373,      -11.29992406,      -9.680155734,      -10.26820859,      -10.95497142,      -12.47401878,      -5.468189011,      -3.413902315,   9.949906482e-05,       6.460275437,                40,                40,                40,    0.001789260784,     0.01063323213,      0.6030216866,                 0,                 0,                 0,     0.07786038929,    -0.01041839871,      0.6030254365,                 0,       56.71104318,    0.002447506314
          0,           0,         374,      -11.29984793,      -9.680147314,      -10.26813093,      -10.95490042,       -12.4739764,      -5.468216692,      -3.413841904,    9.94990653e-05,       6.460275438,                40,                40,                40,    0.001789260784,     0.01063292742,      0.6030155543,                 0,                 0,                 0,     0.07785961267,    -0.01041848922,      0.6030192974,                 0,       56.71209166,    0.002447506314
          0,           0,         375,      -11.29977196,      -9.680138865,       -10.2680533,      -10.95482959,      -12.47393406,      -5.468244322,      -3.413781185,   9.949906578e-05,       6.460275439,                40,                40,                40,    0.001789260784,     0.01063262301,      0.6030094207,                 0,                 0,                 0,     0.07785883603,    -0.01041857938,      0.6030131569,                 0,       56.71313843,    0.002447506314
          0,           0,         376,      -11.29969602,      -9.680130388,      -10.26797571,      -10.95475878,      -12.47389179,        -5.4682719,      -3.413720262,   9.949906627e-05,       6.460275441,                40,                40,                40,    0.001789260784,     0.01063231891,      0.6030032858,                 0,                 0,                 0,     0.07785805937,    -0.01041866919,      0.6030070151,                 0,       56.71418349,    0.002447506314
          0,           0,         377,      -11.29962013,      -9.680121881,      -10.26789814,      -10.95468804,      -12.47384957,      -5.468299426,      -3.413659229,   9.949906675e-05,       6.460275442,                40,                40,                40,    0.001789260784,     0.01063201512,      0.6029971495,                 0,                 0,                 0,     0.07785728269,    -0.01041875864,      0.6030008719,                 0,       56.71522685,    0.002447506314
          0,           0,         378,      -11.29954433,      -9.680113345,      -10.26782062,      -10.95461737,      -12.47380743,        -5.4683269,      -3.413597949,   9.949906723e-05,       6.460275443,                40,                40,                40,    0.001789260784,     0.01063171164,      0.6029910119,                 0,                 0,                 0,       0.077856506,    -0.01041884774,      0.6029947274,                 0,       56.71626849,    0.002447506314
          0,           0,         379,      -11.29946863,      -9.680104779,      -10.26774312,      -10.95454679,      -12.47376536,       -5.46835432,      -3.413536289,   9.949906771e-05,       6.460275444,                40,                40,                40,    0.001789260784,     0.01063140846,      0.6029848729,                 0,                 0,                 0,     0.07785572928,    -0.01041893649,      0.6029885817,                 0,       56.71730843,    0.002447506314
          0,           0,         380,      -11.29939301,      -9.680096169,      -10.26766566,      -10.95447627,      -12.47372336,      -5.468381688,       -3.41347445,   9.949906819e-05,       6.460275446,                40,                40,                40,    0.001789260784,      0.0106311056,      0.6029787326,                 0,                 0,                 0,     0.07785495254,    -0.01041902488,      0.6029824345,                 0,       56.71834667,    0.002447506314
          0,           0,         381,      -11.29931735,       -9.68008753,      -10.26758823,      -10.95440569,      -12.47367198,      -5.468409001,      -3.413412508,   9.949906868e-05,       6.460275447,                40,                40,                40,    0.001789260784,     0.01063080303,       0.602972591,                 0,                 0,                 0,     0.07785417579,    -0.01041911292,      0.6029762861,                 0,        56.7193832,    0.002447506314
          0,           0,         382,      -11.29924183,      -9.680078862,      -10.26751084,      -10.95433526,      -12.47362004,      -5.468436254,      -3.413350458,   9.949906916e-05,       6.460275448,                40,                40,                40,    0.001789260784,     0.01063050078,       0.602966448,                 0,                 0,                 0,     0.07785339901,     -0.0104192006,      0.6029701363,                 0,       56.72041803,    0.002447506314
          0,           0,         383,      -11.29916639,      -9.680070164,      -10.26743347,      -10.95426488,      -12.47356815,      -5.468463446,      -3.413288242,   9.949906964e-05,       6.460275449,                40,                40,                40,    0.001789260784,     0.01063019883,      0.6029603037,                 0,                 0,                 0,     0.07785262221,    -0.01041928793,      0.6029639852,                 0,       56.72145116,    0.002447506314
          0,           0,         384,      -11.29910117,      -9.680061438,      -10.26735611,      -10.95420638,      -12.47351632,      -5.468490575,      -3.413225881,   9.949907012e-05,        6.46027545,                40,                40,                40,    0.001789260784,     0.01062989719,      0.6029541581,                 0,                 0,                 0,      0.0778518454,    -0.01041937491,      0.6029578328,                 0,       56.72248258,    0.002447506314
          0,           0,         385,       -11.2990128,       -9.68005268,      -10.26727874,      -10.95411809,      -12.47346455,      -5.468517641,      -3.413163422,    9.94990706e-05,       6.460275452,                40,                40,                40,    0.001789260784,     0.01062959585,      0.6029480111,                 0,                 0,                 0,     0.07785106856,    -0.01041946154,       0.602951679,                 0,        56.7235123,    0.002447506314
          0,           0,         386,      -11.29893352,      -9.680043898,      -10.26720138,        -10.954043,      -12.47341285,      -5.468544642,      -3.413100864,   9.949907108e-05,       6.460275453,                40,                40,                40,    0.001789260784,     0.01062929482,      0.6029418628,                 0,                 0,                 0,     0.07785029171,    -0.01041954781,      0.6029455239,                 0,       56.72454033,    0.002447506314
          0,           0,         387,      -11.29886448,      -9.680035112,      -10.26712421,      -10.95397575,      -12.47336123,      -5.468571578,      -3.413038212,   9.949907156e-05,       6.460275454,                40,                40,                40,    0.001789260784,     0.01062899409,      0.6029357131,                 0,                 0,                 0,     0.07784951482,    -0.01041963374,      0.6029393675,                 0,       56.72556668,    0.002447506314
          0,           0,         388,      -11.29877907,      -9.680026327,      -10.26704709,      -10.95388121,      -12.47330968,      -5.468598448,      -3.412975468,   9.949907204e-05,       6.460275455,                40,                40,                40,    0.001789260784,     0.01062869366,      0.6029295621,                 0,                 0,                 0,     0.07784873791,    -0.01041971931,      0.6029332098,                 0,       56.72659135,    0.002447506314
          0,           0,         389,      -11.29870077,      -9.680017504,      -10.26696991,      -10.95380278,       -12.4732582,      -5.468625251,      -3.412912617,   9.949907253e-05,       6.460275457,                40,                40,                40,    0.001789260784,     0.01062839354,      0.6029234098,                 0,                 0,                 0,     0.07784796098,    -0.01041980454,      0.6029270507,                 0,       56.72761434,    0.002447506314
          0,           0,         390,      -11.29862185,      -9.680008649,      -10.26689278,      -10.95373019,      -12.47320681,      -5.468651985,       -3.41284967,   9.949907301e-05,       6.460275458,                40,                40,                40,    0.001789260784,     0.01062809372,      0.6029172561,                 0,                 0,                 0,     0.07784718402,    -0.01041988942,      0.6029208903,                 0,       56.72863563,    0.002447506314
          0,           0,         391,      -11.29854564,      -9.679999761,      -10.26681568,      -10.95365985,      -12.47315549,      -5.468678651,      -3.412786629,   9.949907349e-05,       6.460275459,                40,                40,                40,    0.001789260784,     0.01062779421,       0.602911101,                 0,                 0,                 0,     0.07784640703,    -0.01041997394,      0.6029147286,                 0,       56.72965521,    0.002447506314
          0,           0,         392,      -11.29847093,      -9.679990843,      -10.26673856,       -10.9535896,      -12.47310425,      -5.468705246,      -3.412723495,   9.949907397e-05,        6.46027546,                40,                40,                40,    0.001789260784,       0.010627495,      0.6029049447,                 0,                 0,                 0,     0.07784563003,    -0.01042005811,      0.6029085655,                 0,       56.73067307,    0.002447506314
          0,           0,         393,      -11.29839546,      -9.679981895,      -10.26666147,      -10.95351841,      -12.47305308,      -5.468731771,      -3.412660299,   9.949907445e-05,       6.460275461,                40,                40,                40,    0.001789260784,     0.01062719611,       0.602898787,                 0,                 0,                 0,     0.07784485301,    -0.01042014192,      0.6029024011,                 0,       56.73168922,    0.002447506314
          0,           0,         394,      -11.29831965,      -9.679972915,      -10.26658442,      -10.95344722,      -12.47300199,      -5.468758224,      -3.412597008,   9.949907493e-05,       6.460275463,                40,                40,                40,    0.001789260784,     0.01062689752,      0.6028926279,                 0,                 0,                 0,     0.07784407598,    -0.01042022538,      0.6028962354,                 0,       56.73270365,    0.002447506314
          0,           0,         395,      -11.29824385,      -9.679963904,      -10.26650739,      -10.95337611,      -12.47295098,      -5.468784605,      -3.412533625,   9.949907541e-05,       6.460275464,                40,                40,                40,    0.001789260784,     0.01062659925,      0.6028864675,                 0,                 0,                 0,     0.07784329893,    -0.01042030848,      0.6028900684,                 0,       56.73371636,    0.002447506314
          0,           0,         396,      -11.29816844,      -9.679954864,       -10.2664304,      -10.95330536,      -12.47290004,      -5.468810912,      -3.412470149,   9.949907589e-05,       6.460275465,                40,                40,                40,    0.001789260784,     0.01062630128,      0.6028803059,                 0,                 0,                 0,     0.07784252187,    -0.01042039122,         0.6028839,                 0,       56.73472735,    0.002447506314
          0,           0,         397,        -11.298093,      -9.679945794,      -10.26635343,      -10.95323455,      -12.47284919,      -5.468837145,       -3.41240658,   9.949907637e-05,       6.460275466,                40,                40,                40,    0.001789260784,     0.01062600362,      0.6028741428,                 0,                 0,                 0,     0.07784174479,    -0.01042047361,      0.6028777304,                 0,       56.73573663,    0.002447506314
          0,           0,         398,      -11.29801781,      -9.679936694,       -10.2662765,      -10.95316404,      -12.47279841,      -5.468863303,       -3.41234292,   9.949907685e-05,       6.460275468,                40,                40,                40,    0.001789260784,     0.01062570627,      0.6028679785,                 0,                 0,                 0,      0.0778409677,    -0.01042055565,      0.6028715594,                 0,       56.73674419,    0.002447506314
          0,           0,         399,      -11.29794251,      -9.679927565,       -10.2661996,      -10.95309342,      -12.47274771,      -5.468889385,      -3.412279134,   9.949907733e-05,       6.460275469,                40,                40,                40,    0.001789260784,     0.01062540923,      0.6028618128,                 0,                 0,                 0,      0.0778401906,    -0.01042063733,      0.6028653871,                 0,       56.73775005,    0.002447506314
          0,           0,         400,      -11.29786747,      -9.679918404,      -10.26612273,      -10.95302309,       -12.4726971,       -5.46891539,      -3.412215259,   9.949907781e-05,        6.46027547,                40,                40,                40,    0.001789260784,     0.01062511249,      0.6028556457,                 0,                 0,                 0,     0.07783941348,    -0.01042071866,      0.6028592135,                 0,        56.7387542,    0.002447506314
          0,           0,         401,      -11.29779246,      -9.679909208,      -10.26604588,      -10.95295279,      -12.47264659,      -5.468941319,      -3.412151304,   9.949907828e-05,       6.460275471,                40,                40,                40,    0.001789260784,     0.01062481606,      0.6028494774,                 0,                 0,                 0,     0.07783863634,    -0.01042079964,      0.6028530385,                 0,       56.73975664,    0.002447506314
          0,           0,         402,      -11.29771761,      -9.679899983,      -10.26596907,      -10.95288266,      -12.47259619,      -5.468967169,      -3.412087275,   9.949907876e-05,       6.460275473,                40,                40,                40,    0.001789260784,     0.01062451993,      0.6028433077,                 0,                 0,                 0,     0.07783785918,    -0.01042088027,      0.6028468622,                 0,       56.74075738,    0.002447506314
          0,           0,         403,      -11.29764289,      -9.679890728,      -10.26589229,      -10.95281266,      -12.47254596,      -5.468992941,      -3.412023163,   9.949907924e-05,       6.460275474,                40,                40,                40,    0.001789260784,     0.01062422411,      0.6028371367,                 0,                 0,                 0,     0.07783708201,    -0.01042096054,      0.6028406846,                 0,       56.74175641,    0.002447506314
          0,           0,         404,      -11.29756831,      -9.679881444,      -10.26581554,      -10.95274282,      -12.47249598,      -5.469018634,      -3.411958972,   9.949907972e-05,       6.460275475,                40,                40,                40,    0.001789260784,      0.0106239286,      0.6028309643,                 0,                 0,                 0,     0.07783630482,    -0.01042104046,      0.6028345057,                 0,       56.74275374,    0.002447506314
          0,           0,         405,      -11.29749382,       -9.67987213,      -10.26573883,      -10.95267309,      -12.47244659,      -5.469044247,      -3.411894702,    9.94990802e-05,       6.460275476,                40,                40,                40,    0.001789260784,      0.0106236334,      0.6028247906,                 0,                 0,                 0,     0.07783552761,    -0.01042112003,      0.6028283255,                 0,       56.74374935,    0.002447506314
          0,           0,         406,      -11.29741992,      -9.679862786,      -10.26566217,      -10.95260403,      -12.47240071,      -5.469069781,      -3.411830229,   9.949908068e-05,       6.460275477,                40,                40,                40,    0.001789260784,      0.0106233385,      0.6028186156,                 0,                 0,                 0,     0.07783475039,    -0.01042119924,      0.6028221439,                 0,       56.74474326,    0.002447506314
          0,           0,         407,      -11.29734954,      -9.679853399,      -10.26558561,      -10.95253926,      -12.47235687,      -5.469095241,      -3.411765536,   9.949908116e-05,       6.460275479,                40,                40,                40,    0.001789260784,      0.0106230439,      0.6028124392,                 0,                 0,                 0,     0.07783397315,     -0.0104212781,      0.6028159611,                 0,       56.74573547,    0.002447506314
          0,           0,         408,      -11.29727819,      -9.679843983,      -10.26550898,      -10.95247325,      -12.47230636,       -5.46912062,      -3.411700778,   9.949908164e-05,        6.46027548,                40,                40,                40,    0.001789260784,     0.01062274962,      0.6028062615,                 0,                 0,                 0,     0.07783319589,    -0.01042135661,      0.6028097769,                 0,       56.74672596,    0.002447506314
          0,           0,         409,      -11.29720379,      -9.679834539,      -10.26543239,       -10.9524035,      -12.47225422,      -5.469145917,       -3.41163595,   9.949908211e-05,       6.460275481,                40,                40,                40,    0.001789260784,     0.01062245564,      0.6028000825,                 0,                 0,                 0,     0.07783241862,    -0.01042143476,      0.6028035913,                 0,       56.74771474,    0.002447506314
          0,           0,         410,      -11.29712964,      -9.679825066,      -10.26535586,      -10.95233412,       -12.4721931,      -5.469171133,      -3.411571055,   9.949908259e-05,       6.460275482,                40,                40,                40,    0.001789260784,     0.01062216197,      0.6027939022,                 0,                 0,                 0,     0.07783164133,    -0.01042151256,      0.6027974045,                 0,        56.7487018,    0.002447506314
          0,           0,         411,      -11.29705626,      -9.679815563,      -10.26527938,      -10.95226565,      -12.47213807,      -5.469196269,      -3.411506138,   9.949908307e-05,       6.460275484,                40,                40,                40,    0.001789260784,     0.01062186861,      0.6027877205,                 0,                 0,                 0,     0.07783086403,    -0.01042159001,      0.6027912163,                 0,       56.74968715,    0.002447506314
          0,           0,         412,      -11.29698313,      -9.679806031,      -10.26520292,      -10.95219747,      -12.47208483,      -5.469221324,      -3.411441158,   9.949908355e-05,       6.460275485,                40,                40,                40,    0.001789260784,     0.01062157555,      0.6027815375,                 0,                 0,                 0,     0.07783008671,     -0.0104216671,      0.6027850269,                 0,       56.75067079,    0.002447506314
          0,           0,         413,      -11.29690992,      -9.679796471,       -10.2651265,       -10.9521292,      -12.47203197,      -5.469246302,      -3.411376118,   9.949908403e-05,       6.460275486,                40,                40,                40,    0.001789260784,      0.0106212828,      0.6027753531,                 0,                 0,                 0,     0.07782930937,    -0.01042174384,      0.6027788361,                 0,       56.75165272,    0.002447506314
          0,           0,         414,      -11.29685291,       -9.67978689,      -10.26505011,      -10.95208056,      -12.47197927,      -5.469271211,      -3.411311008,   9.949908451e-05,       6.460275487,                40,                40,                40,    0.001789260784,     0.01062099036,      0.6027691674,                 0,                 0,                 0,     0.07782853202,    -0.01042182023,       0.602772644,                 0,       56.75263296,    0.002447506314
          0,           0,         415,      -11.29674056,      -9.679777299,      -10.26497355,      -10.95196246,      -12.47192665,      -5.469296072,      -3.411245846,   9.949908498e-05,       6.460275489,                40,                40,                40,    0.001789260784,     0.01062069822,      0.6027629804,                 0,                 0,                 0,     0.07782775464,    -0.01042189627,      0.6027664505,                 0,        56.7536115,    0.002447506314
          0,           0,         416,      -11.29667886,      -9.679767687,      -10.26489693,       -10.9519089,      -12.47187406,      -5.469320753,      -3.411180628,   9.949908546e-05,        6.46027549,                40,                40,                40,    0.001789260784,     0.01062040638,      0.6027567921,                 0,                 0,                 0,     0.07782697725,    -0.01042197196,      0.6027602558,                 0,       56.75458834,    0.002447506314
          0,           0,         417,      -11.29661431,      -9.679758044,      -10.26482041,      -10.95185127,      -12.47182149,      -5.469345349,      -3.411115348,   9.949908594e-05,       6.460275491,                40,                40,                40,    0.001789260784,     0.01062011484,      0.6027506024,                 0,                 0,                 0,     0.07782619983,    -0.01042204731,      0.6027540597,                 0,       56.75556351,    0.002447506314
          0,           0,         418,      -11.29654108,      -9.679748372,      -10.26474397,      -10.95178253,      -12.47176892,      -5.469369859,      -3.411050011,   9.949908642e-05,       6.460275492,                40,                40,                40,    0.001789260784,      0.0106198236,      0.6027444114,                 0,                 0,                 0,     0.07782542239,     -0.0104221223,      0.6027478623,                 0,       56.75653701,    0.002447506314
          0,           0,         419,      -11.29646729,      -9.679738675,      -10.26466758,       -10.9517132,      -12.47171346,      -5.469394283,      -3.410984619,   9.949908689e-05,       6.460275494,                40,                40,                40,    0.001789260784,     0.01061953267,       0.602738219,                 0,                 0,                 0,     0.07782464493,    -0.01042219695,      0.6027416635,                 0,       56.75750882,    0.002447506314
          0,           0,         420,      -11.29639511,       -9.67972895,      -10.26459124,      -10.95164598,      -12.47165606,      -5.469418616,      -3.410919143,   9.949908737e-05,       6.460275495,                40,                40,                40,    0.001789260784,     0.01061924203,      0.6027320253,                 0,                 0,                 0,     0.07782386745,    -0.01042227125,      0.6027354635,                 0,       56.75847895,    0.002447506314
          0,           0,         421,      -11.29632337,      -9.679719197,      -10.26451496,      -10.95157931,       -12.4715986,      -5.469442857,      -3.410853521,   9.949908785e-05,       6.460275496,                40,                40,                40,    0.001789260784,      0.0106189517,      0.6027258303,                 0,                 0,                 0,     0.07782308995,    -0.01042234521,      0.6027292621,                 0,       56.75944739,    0.002447506314
          0,           0,         422,      -11.29625163,      -9.679709415,      -10.26443874,      -10.95151264,      -12.47154107,      -5.469467003,      -3.410787849,   9.949908832e-05,       6.460275497,                40,                40,                40,    0.001789260784,     0.01061866167,      0.6027196339,                 0,                 0,                 0,     0.07782231243,    -0.01042241881,      0.6027230594,                 0,       56.76041412,    0.002447506314
          0,           0,         423,      -11.29617941,      -9.679699605,      -10.26436258,       -10.9514456,      -12.47148349,      -5.469491055,      -3.410722149,    9.94990888e-05,       6.460275499,                40,                40,                40,    0.001789260784,     0.01061837195,      0.6027134363,                 0,                 0,                 0,      0.0778215349,    -0.01042249206,      0.6027168554,                 0,       56.76137915,    0.002447506314
          0,           0,         424,      -11.29610771,      -9.679689766,      -10.26428649,      -10.95137918,      -12.47142583,      -5.469515012,      -3.410656422,   9.949908928e-05,         6.4602755,                40,                40,                40,    0.001789260784,     0.01061808253,      0.6027072373,                 0,                 0,                 0,     0.07782075735,    -0.01042256495,        0.60271065,                 0,       56.76234248,    0.002447506314
          0,           0,         425,      -11.29603655,      -9.679679898,      -10.26421046,      -10.95131327,      -12.47136809,      -5.469538874,      -3.410590802,   9.949908975e-05,       6.460275501,                40,                40,                40,    0.001789260784,     0.01061779342,      0.6027010369,                 0,                 0,                 0,     0.07781997977,     -0.0104226375,      0.6027044434,                 0,        56.7633041,    0.002447506314
          0,           0,         426,      -11.29596609,      -9.679670002,      -10.26413447,       -10.9512483,      -12.47131028,      -5.469562618,      -3.410525173,   9.949909023e-05,       6.460275502,                40,                40,                40,    0.001789260784,     0.01061750462,      0.6026948353,                 0,                 0,                 0,     0.07781920219,     -0.0104227097,      0.6026982354,                 0,       56.76426402,    0.002447506314
          0,           0,         427,       -11.2958955,      -9.679660077,      -10.26405854,      -10.95118315,      -12.47125239,      -5.469586195,      -3.410459464,   9.949909071e-05,       6.460275504,                40,                40,                40,    0.001789260784,     0.01061721611,      0.6026886323,                 0,                 0,                 0,     0.07781842458,    -0.01042278154,      0.6026920262,                 0,       56.76522225,    0.002447506314
          0,           0,         428,      -11.29582451,      -9.679650123,      -10.26398266,      -10.95111756,       -12.4711944,      -5.469609717,      -3.410393708,   9.949909118e-05,       6.460275505,                40,                40,                40,    0.001789260784,     0.01061692791,       0.602682428,                 0,                 0,                 0,     0.07781764695,    -0.01042285304,      0.6026858156,                 0,       56.76617879,    0.002447506314
          0,           0,         429,      -11.29575358,       -9.67964014,      -10.26390682,      -10.95105209,      -12.47113632,      -5.469633152,      -3.410327929,   9.949909166e-05,       6.460275506,                40,                40,                40,    0.001789260784,     0.01061664001,      0.6026762224,                 0,                 0,                 0,     0.07781686931,    -0.01042292419,      0.6026796037,                 0,       56.76713363,    0.002447506314
          0,           0,         430,      -11.29568277,      -9.679630128,      -10.26383102,       -10.9509868,      -12.47107815,      -5.469656495,      -3.410262123,   9.949909213e-05,       6.460275507,                40,                40,                40,    0.001789260784,     0.01061635242,      0.6026700154,                 0,                 0,                 0,     0.07781609165,    -0.01042299499,      0.6026733905,                 0,       56.76808679,    0.002447506314
          0,           0,         431,      -11.29561195,      -9.679620086,      -10.26375527,      -10.95092153,      -12.47101987,      -5.469679745,      -3.410196287,   9.949909261e-05,       6.460275509,                40,                40,                40,    0.001789260784,     0.01061606512,      0.6026638072,                 0,                 0,                 0,     0.07781531397,    -0.01042306545,       0.602667176,                 0,       56.76903826,    0.002447506314
          0,           0,         432,      -11.29554112,      -9.679610015,      -10.26367955,      -10.95085624,      -12.47096149,      -5.469702894,      -3.410130444,   9.949909309e-05,        6.46027551,                40,                40,                40,    0.001789260784,     0.01061577813,      0.6026575976,                 0,                 0,                 0,     0.07781453628,    -0.01042313555,      0.6026609602,                 0,       56.76998804,    0.002447506314
          0,           0,         433,      -11.29547034,      -9.679599914,      -10.26360388,      -10.95079104,        -12.470903,      -5.469725947,      -3.410064591,   9.949909356e-05,       6.460275511,                40,                40,                40,    0.001789260784,     0.01061549144,      0.6026513867,                 0,                 0,                 0,     0.07781375858,    -0.01042320531,       0.602654743,                 0,       56.77093613,    0.002447506314
          0,           0,         434,      -11.29539945,      -9.679589784,      -10.26352824,      -10.95072573,       -12.4708444,      -5.469748903,      -3.409998716,   9.949909404e-05,       6.460275512,                40,                40,                40,    0.001789260784,     0.01061520506,      0.6026451744,                 0,                 0,                 0,     0.07781298086,    -0.01042327472,      0.6026485246,                 0,       56.77188253,    0.002447506314
          0,           0,         435,      -11.29532856,      -9.679579623,      -10.26345264,      -10.95066043,      -12.47078567,      -5.469771763,      -3.409932817,   9.949909451e-05,       6.460275514,                40,                40,                40,    0.001789260784,     0.01061491897,      0.6026389609,                 0,                 0,                 0,     0.07781220314,    -0.01042334378,      0.6026423049,                 0,       56.77282724,    0.002447506314
          0,           0,         436,      -11.29525767,      -9.679569431,      -10.26337707,      -10.95059511,      -12.47072683,      -5.469794527,      -3.409866906,   9.949909499e-05,       6.460275515,                40,                40,                40,    0.001789260784,     0.01061463319,      0.6026327461,                 0,                 0,                 0,     0.07781142539,    -0.01042341249,      0.6026360838,                 0,       56.77377026,    0.002447506314
          0,           0,         437,      -11.29518662,      -9.679559196,      -10.26330155,      -10.95052964,      -12.47066786,      -5.469817195,       -3.40980098,   9.949909546e-05,       6.460275516,                40,                40,                40,    0.001789260784,     0.01061434771,      0.6026265299,                 0,                 0,                 0,     0.07781064764,    -0.01042348086,      0.6026298615,                 0,       56.77471159,    0.002447506314
          0,           0,         438,      -11.29511547,      -9.679548931,      -10.26322607,      -10.95046405,      -12.47060876,      -5.469839773,      -3.409735029,   9.949909594e-05,       6.460275517,                40,                40,                40,    0.001789260784,     0.01061406253,      0.6026203124,                 0,                 0,                 0,     0.07780986987,    -0.01042354887,      0.6026236378,                 0,       56.77565122,    0.002447506314
          0,           0,         439,      -11.29504424,      -9.679538635,      -10.26315062,      -10.95039836,      -12.47054953,      -5.469862279,      -3.409669059,   9.949909641e-05,       6.460275519,                40,                40,                40,    0.001789260784,     0.01061377766,      0.6026140936,                 0,                 0,                 0,     0.07780909209,    -0.01042361654,      0.6026174129,                 0,       56.77658915,    0.002447506314
          0,           0,         440,      -11.29497302,      -9.679528308,      -10.26307522,      -10.95033267,      -12.47049016,       -5.46988469,      -3.409603042,   9.949909689e-05,        6.46027552,                40,                40,                40,    0.001789260784,     0.01061349309,      0.6026078735,                 0,                 0,                 0,      0.0778083143,    -0.01042368386,      0.6026111866,                 0,       56.77752539,    0.002447506314
          0,           0,         441,      -11.29490164,       -9.67951795,      -10.26299984,       -10.9502668,      -12.47043065,      -5.469907006,      -3.409536998,   9.949909736e-05,       6.460275521,                40,                40,                40,    0.001789260784,     0.01061320883,      0.6026016521,                 0,                 0,                 0,      0.0778075365,    -0.01042375082,      0.6026049591,                 0,       56.77845993,    0.002447506314
          0,           0,         442,      -11.29483025,      -9.679507562,      -10.26292451,      -10.95020097,        -12.470371,      -5.469929228,      -3.409470943,   9.949909784e-05,       6.460275522,                40,                40,                40,    0.001789260784,     0.01061292486,      0.6025954293,                 0,                 0,                 0,     0.07780675869,    -0.01042381744,      0.6025987302,                 0,       56.77939277,    0.002447506314
          0,           0,         443,      -11.29475868,      -9.679497141,      -10.26284921,      -10.95013489,       -12.4703112,      -5.469951357,      -3.409404773,   9.949909831e-05,       6.460275524,                40,                40,                40,    0.001789260784,     0.01061264121,      0.6025892053,                 0,                 0,                 0,     0.07780598087,    -0.01042388371,      0.6025925001,                 0,       56.78032391,    0.002447506314
          0,           0,         444,      -11.29468719,       -9.67948669,      -10.26277394,       -10.9500689,      -12.47025126,      -5.469973392,      -3.409338558,   9.949909879e-05,       6.460275525,                40,                40,                40,    0.001789260784,     0.01061235785,      0.6025829799,                 0,                 0,                 0,     0.07780520304,    -0.01042394963,      0.6025862686,                 0,       56.78125335,    0.002447506314
          0,           0,         445,      -11.29461555,      -9.679476209,      -10.26269871,      -10.95000273,      -12.47019116,      -5.469995335,      -3.409272347,   9.949909926e-05,       6.460275526,                40,                40,                40,    0.001789260784,      0.0106120748,      0.6025767533,                 0,                 0,                 0,      0.0778044252,     -0.0104240152,      0.6025800358,                 0,       56.78218109,    0.002447506314
          0,           0,         446,      -11.29454384,      -9.679465696,      -10.26262351,      -10.94993648,       -12.4701309,      -5.470017185,      -3.409206137,   9.949909973e-05,       6.460275527,                40,                40,                40,    0.001789260784,     0.01061179206,      0.6025705253,                 0,                 0,                 0,     0.07780364734,    -0.01042408042,      0.6025738018,                 0,       56.78310714,    0.002447506314
          0,           0,         447,       -11.2944721,      -9.679455151,      -10.26254835,      -10.94987013,      -12.47007049,      -5.470038944,      -3.409139996,   9.949910021e-05,       6.460275529,                40,                40,                40,    0.001789260784,     0.01061150961,       0.602564296,                 0,                 0,                 0,     0.07780286948,    -0.01042414529,      0.6025675664,                 0,       56.78403148,    0.002447506314
          0,           0,         448,       -11.2944002,      -9.679444575,      -10.26247321,      -10.94980363,      -12.47000992,      -5.470060612,      -3.409073858,   9.949910068e-05,        6.46027553,                40,                40,                40,    0.001789260784,     0.01061122748,      0.6025580653,                 0,                 0,                 0,      0.0778020916,    -0.01042420981,      0.6025613297,                 0,       56.78495412,    0.002447506314
          0,           0,         449,      -11.29432827,      -9.679433967,       -10.2623981,      -10.94973704,      -12.46994918,      -5.470082189,      -3.409007725,   9.949910116e-05,       6.460275531,                40,                40,                40,    0.001789260784,     0.01061094564,      0.6025518334,                 0,                 0,                 0,     0.07780131371,    -0.01042427398,      0.6025550918,                 0,       56.78587506,    0.002447506314
          0,           0,         450,      -11.29425626,      -9.679423328,      -10.26232302,      -10.94967039,      -12.46988828,      -5.470103676,      -3.408941597,   9.949910163e-05,       6.460275532,                40,                40,                40,    0.001789260784,     0.01061066411,      0.6025456002,                 0,                 0,                 0,     0.07780053581,    -0.01042433781,      0.6025488525,                 0,       56.78679431,    0.002447506314
          0,           0,         451,      -11.29418414,      -9.679412658,      -10.26224797,      -10.94960354,      -12.46982721,      -5.470125073,       -3.40887547,    9.94991021e-05,       6.460275534,                40,                40,                40,    0.001789260784,     0.01061038288,      0.6025393656,                 0,                 0,                 0,      0.0777997579,    -0.01042440128,      0.6025426119,                 0,       56.78771185,    0.002447506314
          0,           0,         452,      -11.29411192,      -9.679401957,      -10.26217295,      -10.94953658,      -12.46976598,      -5.470146382,      -3.408809354,   9.949910258e-05,       6.460275535,                40,                40,                40,    0.001789260784,     0.01061010196,      0.6025331297,                 0,                 0,                 0,     0.07779897997,    -0.01042446441,        0.60253637,                 0,       56.78862769,    0.002447506314
          0,           0,         453,      -11.29403971,      -9.679391224,      -10.26209795,       -10.9494696,      -12.46970457,      -5.470167602,      -3.408743271,   9.949910305e-05,       6.460275536,                40,                40,                40,    0.001789260784,     0.01060982134,      0.6025268925,                 0,                 0,                 0,     0.07779820203,    -0.01042452718,      0.6025301269,                 0,       56.78954183,    0.002447506314
          0,           0,         454,      -11.29396731,       -9.67938046,      -10.26202299,      -10.94940242,      -12.46964298,      -5.470188735,      -3.408677209,   9.949910352e-05,       6.460275537,                40,                40,                40,    0.001789260784,     0.01060954102,       0.602520654,                 0,                 0,                 0,     0.07779742408,     -0.0104245896,      0.6025238824,                 0,       56.79045426,    0.002447506314
          0,           0,         455,      -11.29389488,      -9.679369665,      -10.26194805,      -10.94933518,      -12.46958123,      -5.470209781,      -3.408611156,     9.9499104e-05,       6.460275539,                40,                40,                40,    0.001789260784,     0.01060926101,      0.6025144142,                 0,                 0,                 0,     0.07779664612,    -0.01042465168,      0.6025176366,                 0,       56.79136499,    0.002447506314
          0,           0,         456,      -11.29383438,      -9.679358839,      -10.26187312,      -10.94928183,      -12.46951929,       -5.47023074,      -3.408545087,   9.949910447e-05,        6.46027554,                40,                40,                40,    0.001789260784,      0.0106089813,      0.6025081731,                 0,                 0,                 0,     0.07779586815,    -0.01042471341,      0.6025113895,                 0,       56.79227403,    0.002447506314
          0,           0,         457,      -11.29374601,      -9.679347978,      -10.26179817,      -10.94919264,      -12.46945718,      -5.470251614,       -3.40847898,   9.949910494e-05,       6.460275541,                40,                40,                40,    0.001789260784,     0.01060870189,      0.6025019307,                 0,                 0,                 0,     0.07779509017,    -0.01042477478,      0.6025051412,                 0,       56.79318137,    0.002447506314
          0,           0,         458,      -11.29366867,      -9.679337092,      -10.26172324,      -10.94911936,      -12.46939489,      -5.470272402,      -3.408412883,   9.949910542e-05,       6.460275542,                40,                40,                40,    0.001789260784,     0.01060842279,       0.602495687,                 0,                 0,                 0,     0.07779431218,    -0.01042483582,      0.6024988915,                 0,       56.79408702,    0.002447506314
          0,           0,         459,      -11.29359991,      -9.679326174,      -10.26164834,      -10.94905718,      -12.46933242,      -5.470293106,      -3.408346799,   9.949910589e-05,       6.460275544,                40,                40,                40,    0.001789260784,     0.01060814398,      0.6024894419,                 0,                 0,                 0,     0.07779353417,    -0.01042489651,      0.6024926405,                 0,       56.79499101,    0.002447506314
          0,           0,         460,      -11.29352835,      -9.679315222,      -10.26157347,      -10.94899101,       -12.4692656,      -5.470313726,      -3.408280733,   9.949910636e-05,       6.460275545,                40,                40,                40,    0.001789260784,     0.01060786547,      0.6024831956,                 0,                 0,                 0,     0.07779275614,    -0.01042495685,      0.6024863883,                 0,       56.79589331,    0.002447506314
          0,           0,         461,      -11.29345516,      -9.679304238,      -10.26149862,      -10.94892266,      -12.46919619,      -5.470334262,      -3.408214685,   9.949910683e-05,       6.460275546,                40,                40,                40,    0.001789260784,     0.01060758726,      0.6024769479,                 0,                 0,                 0,      0.0777919781,    -0.01042501685,      0.6024801347,                 0,       56.79679395,    0.002447506314
          0,           0,         462,      -11.29338198,      -9.679293224,      -10.26142379,      -10.94885437,      -12.46912651,      -5.470354716,      -3.408148654,   9.949910731e-05,       6.460275547,                40,                40,                40,    0.001789260784,     0.01060730935,       0.602470699,                 0,                 0,                 0,     0.07779120005,    -0.01042507651,      0.6024738798,                 0,        56.7976929,    0.002447506314
          0,           0,         463,      -11.29330877,       -9.67928218,        -10.261349,      -10.94878609,      -12.46905659,      -5.470375087,       -3.40808264,   9.949910778e-05,       6.460275549,                40,                40,                40,    0.001789260784,     0.01060703174,      0.6024644487,                 0,                 0,                 0,     0.07779042198,    -0.01042513582,      0.6024676237,                 0,       56.79859016,    0.002447506314
          0,           0,         464,      -11.29323571,      -9.679271105,      -10.26127425,      -10.94871795,      -12.46898642,      -5.470395376,      -3.408016656,   9.949910825e-05,        6.46027555,                40,                40,                40,    0.001789260784,     0.01060675444,      0.6024581971,                 0,                 0,                 0,      0.0777896439,    -0.01042519478,      0.6024613663,                 0,       56.79948572,    0.002447506314
          0,           0,         465,      -11.29315828,      -9.679259998,      -10.26119954,      -10.94864479,      -12.46891601,      -5.470415584,       -3.40795068,   9.949910872e-05,       6.460275551,                40,                40,                40,    0.001789260784,     0.01060647743,      0.6024519443,                 0,                 0,                 0,     0.07778886582,    -0.01042525339,      0.6024551075,                 0,       56.80037959,    0.002447506314
          0,           0,         466,      -11.29290848,      -9.679248768,      -10.26112518,      -10.94836787,      -12.46884536,      -5.470435712,      -3.407884723,   9.949910919e-05,       6.460275552,                40,                40,                40,    0.001789260784,     0.01060620073,      0.6024456901,                 0,                 0,                 0,     0.07778808773,    -0.01042531165,      0.6024488475,                 0,       56.80127176,    0.002447506314
          0,           0,         467,      -11.29278315,      -9.679237526,      -10.26105111,      -10.94823698,      -12.46877447,       -5.47045576,      -3.407818783,   9.949910967e-05,       6.460275554,                40,                40,                40,    0.001789260784,     0.01060592434,      0.6024394346,                 0,                 0,                 0,     0.07778730964,    -0.01042536957,      0.6024425862,                 0,       56.80216222,    0.002447506314
          0,           0,         468,      -11.29273801,      -9.679226261,      -10.26097682,      -10.94820368,      -12.46870335,      -5.470475729,      -3.407752862,   9.949911014e-05,       6.460275555,                40,                40,                40,    0.001789260784,     0.01060564824,      0.6024331779,                 0,                 0,                 0,     0.07778653155,    -0.01042542714,      0.6024363237,                 0,       56.80305099,    0.002447506314
          0,           0,         469,      -11.29267702,      -9.679214955,      -10.26090236,      -10.94815046,      -12.46863199,      -5.470495619,      -3.407686802,   9.949911061e-05,       6.460275556,                40,                40,                40,    0.001789260784,     0.01060537245,      0.6024269199,                 0,                 0,                 0,     0.07778575345,    -0.01042548436,      0.6024300598,                 0,       56.80393807,    0.002447506314
          0,           0,         470,      -11.29259671,      -9.679203609,       -10.2608279,      -10.94807326,      -12.46856041,      -5.470515432,      -3.407620741,   9.949911108e-05,       6.460275558,                40,                40,                40,    0.001789260784,     0.01060509696,      0.6024206606,                 0,                 0,                 0,     0.07778497535,    -0.01042554124,      0.6024237947,                 0,       56.80482347,    0.002508909601
          0,           0,         471,      -11.29251714,      -9.679192233,      -10.26075344,        -10.947997,       -12.4684886,      -5.470535168,      -3.407554724,   9.949911155e-05,       6.460275559,                40,                40,                40,    0.001789260784,     0.01060482176,      0.6024143999,                 0,                 0,                 0,     0.07778419724,    -0.01042559777,      0.6024175283,                 0,       56.80570719,    0.002508909601
          0,           0,         472,      -11.29244123,      -9.679180827,      -10.26067898,      -10.94792524,      -12.46841656,      -5.470554828,      -3.407488747,   9.949911202e-05,        6.46027556,                40,                40,                40,    0.001789260784,     0.01060454687,       0.602408138,                 0,                 0,                 0,     0.07778341912,    -0.01042565396,      0.6024112606,                 0,       56.80658924,    0.002508909601
          0,           0,         473,      -11.29236404,      -9.679169391,      -10.26060453,      -10.94785186,      -12.46833387,       -5.47057441,      -3.407422798,    9.94991125e-05,       6.460275561,                40,                40,                40,    0.001789260784,     0.01060427227,      0.6024018748,                 0,                 0,                 0,       0.077782641,    -0.01042570981,      0.6024049916,                 0,       56.80746961,    0.002508909601
          0,           0,         474,      -11.29228618,      -9.679157925,      -10.26053008,      -10.94777775,      -12.46824977,      -5.470593903,       -3.40735688,   9.949911297e-05,       6.460275563,                40,                40,                40,    0.001789260784,     0.01060399798,      0.6023956103,                 0,                 0,                 0,     0.07778186286,    -0.01042576531,      0.6023987214,                 0,       56.80834828,    0.002508909601
          0,           0,         475,      -11.29220823,      -9.679146431,      -10.26045562,      -10.94770355,      -12.46816542,      -5.470613321,      -3.407291024,   9.949911344e-05,       6.460275564,                40,                40,                40,    0.001789260784,     0.01060372397,      0.6023893445,                 0,                 0,                 0,     0.07778108471,    -0.01042582047,      0.6023924498,                 0,       56.80922532,    0.002508909601
          0,           0,         476,      -11.29213005,      -9.679134909,      -10.26038116,      -10.94762906,      -12.46808083,      -5.470632656,      -3.407225142,   9.949911391e-05,       6.460275565,                40,                40,                40,    0.001789260784,     0.01060345026,      0.6023830774,                 0,                 0,                 0,     0.07778030655,    -0.01042587529,      0.6023861769,                 0,        56.8101007,    0.002508909601
          0,           0,         477,       -11.2920616,      -9.679123357,      -10.26030681,      -10.94756707,      -12.46799602,      -5.470651908,      -3.407159293,   9.949911438e-05,       6.460275566,                40,                40,                40,    0.001789260784,     0.01060317685,      0.6023768089,                 0,                 0,                 0,     0.07777952838,    -0.01042592977,      0.6023799028,                 0,       56.81097443,    0.002508909601
          0,           0,         478,      -11.29196861,      -9.679111757,      -10.26023275,      -10.94747341,      -12.46791089,      -5.470671076,      -3.407093483,   9.949911485e-05,       6.460275568,                40,                40,                40,    0.001789260784,     0.01060290374,      0.6023705392,                 0,                 0,                 0,      0.0777787502,    -0.01042598391,      0.6023736274,                 0,       56.81184648,    0.002508909601
          0,           0,         479,      -11.29188789,      -9.679100134,      -10.26015836,      -10.94739528,      -12.46782544,      -5.470690159,      -3.407027728,   9.949911532e-05,       6.460275569,                40,                40,                40,    0.001789260784,     0.01060263092,      0.6023642682,                 0,                 0,                 0,     0.07777797202,    -0.01042603771,      0.6023673507,                 0,       56.81271685,    0.002508909601
          0,           0,         480,      -11.29181831,      -9.679088485,      -10.26008382,      -10.94733168,      -12.46773977,      -5.470709158,      -3.406962015,   9.949911579e-05,        6.46027557,                40,                40,                40,    0.001789260784,      0.0106023584,      0.6023579959,                 0,                 0,                 0,     0.07777719383,    -0.01042609116,      0.6023610727,                 0,       56.81358553,    0.002508909601
          0,           0,         481,      -11.29174153,      -9.679076807,      -10.26000934,      -10.94725922,      -12.46765389,      -5.470728072,      -3.406896336,   9.949911626e-05,       6.460275571,                40,                40,                40,    0.001789260784,     0.01060208619,      0.6023517224,                 0,                 0,                 0,     0.07777641565,    -0.01042614426,      0.6023547934,                 0,        56.8144525,    0.002508909601
          0,           0,         482,      -11.29166219,      -9.679065101,      -10.25993493,      -10.94718344,      -12.46756779,      -5.470746906,      -3.406830712,   9.949911673e-05,       6.460275573,                40,                40,                40,    0.001789260784,     0.01060181428,      0.6023454475,                 0,                 0,                 0,     0.07777563746,    -0.01042619701,      0.6023485129,                 0,       56.81531777,    0.002508909601
          0,           0,         483,      -11.29158365,      -9.679053369,      -10.25986054,      -10.94710858,      -12.46748149,      -5.470765656,      -3.406765137,    9.94991172e-05,       6.460275574,                40,                40,                40,    0.001789260784,     0.01060154268,      0.6023391714,                 0,                 0,                 0,     0.07777485928,    -0.01042624942,      0.6023422311,                 0,       56.81618133,    0.002508909601
          0,           0,         484,       -11.2915057,      -9.679041611,      -10.25978618,      -10.94703452,      -12.46739498,      -5.470784322,      -3.406699605,   9.949911767e-05,       6.460275575,                40,                40,                40,    0.001789260784,     0.01060127138,      0.6023328939,                 0,                 0,                 0,     0.07777408109,    -0.01042630147,      0.6023359481,                 0,       56.81704318,    0.002508909601
          0,           0,         485,      -11.29142766,      -9.679029825,      -10.25971185,       -10.9469604,      -12.46730826,      -5.470802903,      -3.406634139,   9.949911814e-05,       6.460275577,                40,                40,                40,    0.001789260784,     0.01060100039,      0.6023266152,                 0,                 0,                 0,     0.07777330291,    -0.01042635318,      0.6023296637,                 0,       56.81790334,    0.002508909601
          0,           0,         486,      -11.29134938,      -9.679018014,      -10.25963754,      -10.94688597,      -12.46722135,        -5.4708214,      -3.406568733,   9.949911861e-05,       6.460275578,                40,                40,                40,    0.001789260784,     0.01060072969,      0.6023203352,                 0,                 0,                 0,     0.07777252472,    -0.01042640454,      0.6023233781,                 0,        56.8187618,    0.002508909601
          0,           0,         487,        -11.291271,      -9.679006175,      -10.25956325,      -10.94681144,      -12.46713424,      -5.470839814,      -3.406503372,   9.949911908e-05,       6.460275579,                40,                40,                40,    0.001789260784,     0.01060045929,       0.602314054,                 0,                 0,                 0,     0.07777174653,    -0.01042645556,      0.6023170912,                 0,       56.81961859,    0.002508909601
          0,           0,         488,      -11.29119261,      -9.678994311,      -10.25948899,       -10.9467369,      -12.46704694,      -5.470858143,      -3.406438058,   9.949911955e-05,        6.46027558,                40,                40,                40,    0.001789260784,      0.0106001892,      0.6023077714,                 0,                 0,                 0,     0.07777096834,    -0.01042650623,       0.602310803,                 0,        56.8204737,    0.002508909601
          0,           0,         489,      -11.29111416,       -9.67898242,      -10.25941476,      -10.94666229,      -12.46695946,      -5.470876388,      -3.406372747,   9.949912002e-05,       6.460275582,                40,                40,                40,    0.001789260784,      0.0105999194,      0.6023014875,                 0,                 0,                 0,     0.07777019016,    -0.01042655657,      0.6023045136,                 0,       56.82132712,    0.002508909601
          0,           0,         490,      -11.29103572,      -9.678970504,      -10.25934055,      -10.94658771,      -12.46687179,       -5.47089455,      -3.406307465,   9.949912049e-05,       6.460275583,                40,                40,                40,    0.001789260784,      0.0105996499,      0.6022952024,                 0,                 0,                 0,     0.07776941197,    -0.01042660655,      0.6022982229,                 0,       56.82217886,    0.002508909601
          0,           0,         491,      -11.29095727,      -9.678958561,      -10.25926638,      -10.94651314,      -12.46678394,      -5.470912629,      -3.406242119,   9.949912096e-05,       6.460275584,                40,                40,                40,    0.001789260784,      0.0105993807,       0.602288916,                 0,                 0,                 0,      0.0777686338,    -0.01042665619,       0.602291931,                 0,       56.82302891,    0.002508909601
          0,           0,         492,      -11.29087887,      -9.678946593,      -10.25919225,      -10.94643862,      -12.46669592,      -5.470930624,      -3.406176806,   9.949912143e-05,       6.460275585,                40,                40,                40,    0.001789260784,     0.01059911181,      0.6022826284,                 0,                 0,                 0,     0.07776785563,    -0.01042670549,      0.6022856377,                 0,       56.82387726,    0.002508909601
          0,           0,         493,      -11.29080059,        -9.6789346,      -10.25911816,      -10.94636425,      -12.46660772,      -5.470948537,      -3.406111545,    9.94991219e-05,       6.460275587,                40,                40,                40,    0.001789260784,     0.01059884321,      0.6022763394,                 0,                 0,                 0,     0.07776707746,    -0.01042675444,      0.6022793433,                 0,       56.82472392,    0.002508909601
          0,           0,         494,      -11.29075486,      -9.678922588,       -10.2590441,      -10.94633134,      -12.46651937,      -5.470966376,      -3.406046338,   9.949912237e-05,       6.460275588,                40,                40,                40,    0.001789260784,     0.01059857492,      0.6022700492,                 0,                 0,                 0,     0.07776629929,    -0.01042680304,      0.6022730475,                 0,       56.82556889,    0.002508909601
          0,           0,         495,       -11.2906409,       -9.67891055,      -10.25897004,      -10.94621053,      -12.46643085,      -5.470984139,      -3.405978001,   9.949912283e-05,       6.460275589,                40,                40,                40,    0.001789260784,     0.01059830693,      0.6022637577,                 0,                 0,                 0,     0.07776552112,     -0.0104268513,      0.6022667505,                 0,       56.82641217,    0.002508909601
          0,           0,         496,      -11.29054113,      -9.678898516,      -10.25889578,       -10.9461091,      -12.46634219,      -5.471001818,      -3.405909554,    9.94991233e-05,       6.460275591,                40,                40,                40,    0.001789260784,     0.01059803923,       0.602257465,                 0,                 0,                 0,     0.07776474295,    -0.01042689922,      0.6022604522,                 0,       56.82725377,    0.002508909601
          0,           0,         497,      -11.29047917,      -9.678886459,      -10.25882155,      -10.94605549,      -12.46625337,      -5.471019416,      -3.405841146,   9.949912377e-05,       6.460275592,                40,                40,                40,    0.001789260784,     0.01059777184,      0.6022511709,                 0,                 0,                 0,     0.07776396478,    -0.01042694679,      0.6022541527,                 0,       56.82809367,    0.002508909601
          0,           0,         498,      -11.29040666,      -9.678874376,      -10.25874745,      -10.94598809,      -12.46616441,      -5.471036933,      -3.405772828,   9.949912424e-05,       6.460275593,                40,                40,                40,    0.001789260784,     0.01059750475,      0.6022448756,                 0,                 0,                 0,      0.0777631866,    -0.01042699402,      0.6022478519,                 0,        56.8289319,    0.002508909601
          0,           0,         499,      -11.29032749,      -9.678862271,      -10.25867343,       -10.9459123,      -12.46607532,      -5.471054367,      -3.405704573,   9.949912471e-05,       6.460275594,                40,                40,                40,    0.001789260784,     0.01059723795,       0.602238579,                 0,                 0,                 0,     0.07776240842,     -0.0104270409,      0.6022415498,                 0,       56.82976845,    0.002508909601
          0,           0,         500,      -11.29024913,      -9.678850146,      -10.25859948,      -10.94583771,       -12.4659861,      -5.471071721,       -3.40563639,   9.949912518e-05,       6.460275596,                40,                40,                40,    0.001789260784,     0.01059697146,      0.6022322811,                 0,                 0,                 0,     0.07776163023,    -0.01042708744,      0.6022352464,                 0,       56.83060331,    0.002508909601
          0,           0,         501,       -11.2901725,      -9.678837999,      -10.25852559,      -10.94576535,      -12.46589675,      -5.471088994,      -3.405568306,   9.949912565e-05,       6.460275597,                40,                40,                40,    0.001789260784,     0.01059670526,      0.6022259819,                 0,                 0,                 0,     0.07776085203,    -0.01042713364,      0.6022289418,                 0,       56.83143648,    0.002508909601
          0,           0,         502,      -11.29009621,       -9.67882583,      -10.25845179,      -10.94569345,      -12.46580729,      -5.471106186,      -3.405500329,   9.949912611e-05,       6.460275598,                40,                40,                40,    0.001789260784,     0.01059643937,      0.6022196815,                 0,                 0,                 0,     0.07776007384,    -0.01042717948,       0.602222636,                 0,       56.83226794,    0.002508909601
          0,           0,         503,       -11.2900201,       -9.67881364,      -10.25837807,      -10.94562174,      -12.46571772,      -5.471123299,      -3.405432419,   9.949912658e-05,       6.460275599,                40,                40,                40,    0.001789260784,     0.01059617378,      0.6022133798,                 0,                 0,                 0,     0.07775929564,    -0.01042722498,      0.6022163288,                 0,        56.8330977,    0.002508909601
          0,           0,         504,      -11.28994428,      -9.678801428,      -10.25830442,      -10.94555049,      -12.46562805,      -5.471140334,      -3.405364572,   9.949912705e-05,       6.460275601,                40,                40,                40,    0.001789260784,      0.0105959085,      0.6022070768,                 0,                 0,                 0,     0.07775851743,    -0.01042727013,      0.6022100204,                 0,       56.83392574,    0.002508909601
          0,           0,         505,      -11.28987149,      -9.678789189,      -10.25823093,      -10.94548293,      -12.46553829,      -5.471157289,      -3.405296789,   9.949912752e-05,       6.460275602,                40,                40,                40,    0.001789260784,     0.01059564352,      0.6022007726,                 0,                 0,                 0,     0.07775773922,    -0.01042731494,      0.6022037108,                 0,       56.83475208,    0.002508909601
          0,           0,         506,      -11.28979725,      -9.678776925,      -10.25815745,      -10.94541348,      -12.46544844,      -5.471174164,      -3.405229063,   9.949912799e-05,       6.460275603,                40,                40,                40,    0.001789260784,     0.01059537885,      0.6021944671,                 0,                 0,                 0,       0.077756961,    -0.01042735939,      0.6021973999,                 0,        56.8355767,    0.002508909601
          0,           0,         507,      -11.28972254,      -9.678764639,        -10.258084,      -10.94534377,       -12.4653585,      -5.471190961,      -3.405161406,   9.949912845e-05,       6.460275605,                40,                40,                40,    0.001789260784,     0.01059511448,      0.6021881603,                 0,                 0,                 0,     0.07775618278,    -0.01042740349,      0.6021910877,                 0,       56.83639961,    0.002508909601
          0,           0,         508,      -11.28964747,       -9.67875233,      -10.25801065,      -10.94527373,       -12.4652685,      -5.471207679,      -3.405093814,   9.949912892e-05,       6.460275606,                40,                40,                40,    0.001789260784,     0.01059485041,      0.6021818522,                 0,                 0,                 0,     0.07775540456,    -0.01042744725,      0.6021847742,                 0,        56.8372208,    0.002508909601
          0,           0,         509,      -11.28957302,      -9.678740001,      -10.25793737,      -10.94520444,      -12.46517844,      -5.471224318,      -3.405026288,   9.949912939e-05,       6.460275607,                40,                40,                40,    0.001789260784,     0.01059458665,      0.6021755429,                 0,                 0,                 0,     0.07775462634,    -0.01042749066,      0.6021784596,                 0,       56.83804029,    0.002508909601
          0,           0,         510,      -11.28949908,      -9.678727649,      -10.25786416,      -10.94513581,      -12.46508831,       -5.47124088,      -3.404958829,   9.949912986e-05,       6.460275608,                40,                40,                40,    0.001789260784,     0.01059432319,      0.6021692323,                 0,                 0,                 0,     0.07775384812,    -0.01042753372,      0.6021721436,                 0,       56.83885807,    0.002508909601
          0,           0,         511,      -11.28942514,      -9.678715275,      -10.25779101,      -10.94506718,      -12.46499773,      -5.471257365,      -3.404891437,   9.949913032e-05,        6.46027561,                40,                40,                40,    0.001789260784,     0.01059406003,      0.6021629204,                 0,                 0,                 0,     0.07775306991,    -0.01042757644,      0.6021658264,                 0,       56.83967417,    0.002508909601
          0,           0,         512,      -11.28935137,      -9.678702879,      -10.25771791,      -10.94499886,      -12.46490715,      -5.471273771,      -3.404824141,   9.949913079e-05,       6.460275611,                40,                40,                40,    0.001789260784,     0.01059379717,      0.6021566073,                 0,                 0,                 0,     0.07775229169,    -0.01042761881,       0.602159508,                 0,       56.84048858,    0.002508909601
          0,           0,         513,      -11.28927775,       -9.67869046,      -10.25764487,      -10.94493074,      -12.46481655,      -5.471290101,      -3.404756916,   9.949913126e-05,       6.460275612,                40,                40,                40,    0.001789260784,     0.01059353461,      0.6021502929,                 0,                 0,                 0,     0.07775151348,    -0.01042766084,      0.6021531883,                 0,       56.84130132,    0.002508909601
          0,           0,         514,      -11.28920422,      -9.678678018,      -10.25757188,      -10.94486272,      -12.46472589,      -5.471306354,      -3.404689758,   9.949913172e-05,       6.460275614,                40,                40,                40,    0.001789260784,     0.01059327235,      0.6021439773,                 0,                 0,                 0,     0.07775073527,    -0.01042770254,      0.6021468673,                 0,       56.84211239,    0.002508909601
          0,           0,         515,      -11.28913083,      -9.678665553,      -10.25749894,      -10.94479488,      -12.46463519,      -5.471322531,      -3.404622678,   9.949913219e-05,       6.460275615,                40,                40,                40,    0.001789260784,     0.01059301038,      0.6021376603,                 0,                 0,                 0,     0.07774995706,    -0.01042774389,      0.6021405451,                 0,       56.84292179,    0.002508909601
          0,           0,         516,      -11.28905744,      -9.678653064,      -10.25742605,      -10.94472708,      -12.46454446,      -5.471338633,      -3.404557476,   9.949913266e-05,       6.460275616,                40,                40,                40,    0.001789260784,      0.0105927487,      0.6021313421,                 0,                 0,                 0,     0.07774917886,     -0.0104277849,      0.6021342216,                 0,       56.84372952,    0.002508909601
          0,           0,         517,      -11.28898417,       -9.67864055,       -10.2573532,      -10.94465939,      -12.46445371,      -5.471354659,      -3.404496835,   9.949913312e-05,       6.460275617,                40,                40,                40,    0.001789260784,     0.01059248733,      0.6021250227,                 0,                 0,                 0,     0.07774840066,    -0.01042782558,      0.6021278969,                 0,       56.84453558,    0.002508909601
          0,           0,         518,      -11.28891027,      -9.678628011,      -10.25728039,       -10.9445911,      -12.46436295,      -5.471370609,      -3.404436265,   9.949913359e-05,       6.460275619,                40,                40,                40,    0.001789260784,     0.01059222624,       0.602118702,                 0,                 0,                 0,     0.07774762246,    -0.01042786591,      0.6021215709,                 0,       56.84533998,    0.002508909601
          0,           0,         519,      -11.28883664,      -9.678615446,      -10.25720764,      -10.94452312,      -12.46427219,      -5.471386486,      -3.404375759,   9.949913406e-05,        6.46027562,                40,                40,                40,    0.001789260784,     0.01059196546,        0.60211238,                 0,                 0,                 0,     0.07774684427,     -0.0104279059,      0.6021152437,                 0,       56.84614272,    0.002508909601
          0,           0,         520,      -11.28876346,      -9.678602857,      -10.25713493,      -10.94445556,      -12.46418144,      -5.471402329,      -3.404315311,   9.949913452e-05,       6.460275621,                40,                40,                40,    0.001789260784,     0.01059170497,      0.6021060567,                 0,                 0,                 0,     0.07774606608,    -0.01042794556,      0.6021089152,                 0,       56.84694378,    0.002508909601
          0,           0,         521,      -11.28869029,      -9.678590243,      -10.25706227,      -10.94438796,      -12.46409071,      -5.471418111,      -3.404254924,   9.949913499e-05,       6.460275623,                40,                40,                40,    0.001789260784,     0.01059144477,      0.6020997322,                 0,                 0,                 0,      0.0777452879,    -0.01042798487,      0.6021025854,                 0,       56.84774319,    0.002508909601
          0,           0,         522,      -11.28861706,      -9.678577601,      -10.25698967,       -10.9443203,      -12.46400001,      -5.471433801,      -3.404194601,   9.949913546e-05,       6.460275624,                40,                40,                40,    0.001789260784,     0.01059118487,      0.6020934064,                 0,                 0,                 0,     0.07774450971,    -0.01042802385,      0.6020962544,                 0,       56.84854093,    0.002508909601
          0,           0,         523,      -11.28854373,      -9.678564931,      -10.25691709,      -10.94425254,      -12.46390934,      -5.471449426,      -3.404134339,   9.949913592e-05,       6.460275625,                40,                40,                40,    0.001789260784,     0.01059092526,      0.6020870794,                 0,                 0,                 0,     0.07774373153,    -0.01042806249,      0.6020899222,                 0,       56.84933701,    0.002508909601
          0,           0,         524,      -11.28847044,      -9.678552232,      -10.25684455,      -10.94418484,      -12.46381872,      -5.471464982,      -3.404074155,   9.949913639e-05,       6.460275626,                40,                40,                40,    0.001789260784,     0.01059066595,      0.6020807511,                 0,                 0,                 0,     0.07774295335,    -0.01042810079,      0.6020835887,                 0,       56.85013142,    0.002508909601
          0,           0,         525,      -11.28839711,      -9.678539506,      -10.25677205,      -10.94411709,      -12.46372815,      -5.471480467,       -3.40401404,   9.949913685e-05,       6.460275628,                40,                40,                40,    0.001789260784,     0.01059040693,      0.6020744215,                 0,                 0,                 0,     0.07774217518,    -0.01042813874,      0.6020772539,                 0,       56.85092416,    0.002508909601
          0,           0,         526,      -11.28832379,      -9.678526753,       -10.2566996,      -10.94404937,      -12.46363737,      -5.471495881,      -3.403953987,   9.949913732e-05,       6.460275629,                40,                40,                40,    0.001789260784,     0.01059014822,      0.6020680906,                 0,                 0,                 0,     0.07774139701,    -0.01042817636,      0.6020709179,                 0,       56.85171524,    0.002508909601
          0,           0,         527,      -11.28825045,      -9.678513971,      -10.25662717,      -10.94398163,      -12.46354661,      -5.471511223,      -3.403893998,   9.949913778e-05,        6.46027563,                40,                40,                40,    0.001789260784,     0.01058988979,      0.6020617585,                 0,                 0,                 0,     0.07774061884,    -0.01042821364,      0.6020645806,                 0,       56.85250463,    0.002508909601
          0,           0,         528,        -11.288177,      -9.678501162,      -10.25655478,      -10.94391374,      -12.46345593,      -5.471526494,      -3.403834045,   9.949913825e-05,       6.460275632,                40,                40,                40,    0.001789260784,     0.01058963167,      0.6020554251,                 0,                 0,                 0,     0.07773984068,    -0.01042825058,      0.6020582421,                 0,       56.85329236,    0.002508909601
          0,           0,         529,      -11.28810362,      -9.678488324,      -10.25648243,      -10.94384595,      -12.46336535,      -5.471541694,      -3.403774162,   9.949913872e-05,       6.460275633,                40,                40,                40,    0.001789260784,     0.01058937384,      0.6020490905,                 0,                 0,                 0,     0.07773906252,    -0.01042828717,      0.6020519023,                 0,       56.85407842,    0.002508909601
          0,           0,         530,      -11.28803016,      -9.678475458,      -10.25641011,      -10.94377805,      -12.46327486,      -5.471556824,      -3.403714337,   9.949913918e-05,       6.460275634,                40,                40,                40,    0.001789260784,      0.0105891163,      0.6020427546,                 0,                 0,                 0,     0.07773828437,    -0.01042832343,      0.6020455612,                 0,        56.8548628,    0.002508909601
          0,           0,         531,      -11.28796649,      -9.678462561,      -10.25633777,      -10.94372029,      -12.46318449,      -5.471571884,       -3.40365457,   9.949913965e-05,       6.460275635,                40,                40,                40,    0.001789260784,     0.01058885907,      0.6020364174,                 0,                 0,                 0,     0.07773750622,    -0.01042835934,       0.602039219,                 0,        56.8556455,    0.002508909601
          0,           0,         532,      -11.28787373,      -9.678449636,      -10.25626545,      -10.94362705,      -12.46309424,      -5.471586874,      -3.403594867,   9.949914011e-05,       6.460275637,                40,                40,                40,    0.001789260784,     0.01058860213,       0.602030079,                 0,                 0,                 0,     0.07773672807,    -0.01042839492,      0.6020328754,                 0,       56.85642652,    0.002508909601
          0,           0,         533,      -11.28780169,      -9.678436687,      -10.25619314,      -10.94356154,      -12.46300412,      -5.471601795,      -3.403535237,   9.949914058e-05,       6.460275638,                40,                40,                40,    0.001789260784,     0.01058834549,      0.6020237393,                 0,                 0,                 0,     0.07773594992,    -0.01042843015,      0.6020265306,                 0,       56.85720587,    0.002508909601
          0,           0,         534,       -11.2877322,      -9.678423709,      -10.25612086,      -10.94349903,      -12.46291415,      -5.471616648,       -3.40347567,   9.949914104e-05,       6.460275639,                40,                40,                40,    0.001789260784,     0.01058808914,      0.6020173983,                 0,                 0,                 0,     0.07773517177,    -0.01042846504,      0.6020201846,                 0,       56.85798355,    0.002508909601
          0,           0,         535,      -11.28765935,      -9.678410701,      -10.25604862,      -10.94343187,      -12.46282433,      -5.471632706,      -3.403416166,   9.949914151e-05,       6.460275641,                40,                40,                40,    0.001789260784,     0.01058783309,      0.6020110561,                 0,                 0,                 0,     0.07773439361,     -0.0104284996,      0.6020138373,                 0,       56.85875957,    0.002508909601
          0,           0,         536,      -11.28758534,      -9.678397666,      -10.25597641,      -10.94336318,      -12.46273468,      -5.471648981,      -3.403356729,   9.949914197e-05,       6.460275642,                40,                40,                40,    0.001789260784,     0.01058757733,      0.6020047126,                 0,                 0,                 0,     0.07773361545,    -0.01042853381,      0.6020074887,                 0,       56.85953392,    0.002508909601
          0,           0,         537,      -11.28751162,      -9.678384601,      -10.25590425,      -10.94329489,      -12.46264521,       -5.47166519,      -3.403297352,   9.949914243e-05,       6.460275643,                40,                40,                40,    0.001789260784,     0.01058732188,      0.6019983678,                 0,                 0,                 0,     0.07773283727,    -0.01042856769,      0.6020011388,                 0,       56.86030658,    0.002508909601
          0,           0,         538,      -11.28743824,      -9.678371503,      -10.25583212,      -10.94322698,      -12.46255593,      -5.471681334,      -3.403238034,    9.94991429e-05,       6.460275644,                40,                40,                40,    0.001789260784,     0.01058706672,      0.6019920217,                 0,                 0,                 0,      0.0777320591,    -0.01042860121,      0.6019947877,                 0,       56.86107756,    0.002508909601
          0,           0,         539,      -11.28736483,      -9.678358372,      -10.25576005,      -10.94315898,      -12.46246686,      -5.471697414,      -3.403178829,   9.949914336e-05,       6.460275646,                40,                40,                40,    0.001789260784,     0.01058681186,      0.6019856744,                 0,                 0,                 0,     0.07773128092,     -0.0104286344,      0.6019884354,                 0,       56.86184683,    0.002508909601
          0,           0,         540,      -11.28729136,      -9.678345212,      -10.25568802,      -10.94309086,      -12.46237799,      -5.471713431,      -3.403119679,   9.949914383e-05,       6.460275647,                40,                40,                40,    0.001789260784,     0.01058655731,      0.6019793258,                 0,                 0,                 0,     0.07773050274,    -0.01042866724,      0.6019820818,                 0,       56.86261439,    0.002508909601
          0,           0,         541,        -11.287218,      -9.678332021,      -10.25561602,       -10.9430228,      -12.46228935,      -5.471729384,       -3.40306054,   9.949914429e-05,       6.460275648,                40,                40,                40,    0.001789260784,     0.01058630305,       0.601972976,                 0,                 0,                 0,     0.07772972457,    -0.01042869973,      0.6019757269,                 0,       56.86338025,    0.002508909601
          0,           0,         542,       -11.2871447,        -9.6783188,      -10.25554408,      -10.94295474,      -12.46220095,      -5.471745275,       -3.40300148,   9.949914476e-05,        6.46027565,                40,                40,                40,    0.001789260784,      0.0105860491,      0.6019666249,                 0,                 0,                 0,      0.0777289464,    -0.01042873187,      0.6019693708,                 0,       56.86414441,    0.002508909601
          0,           0,         543,      -11.28707146,      -9.678305549,      -10.25547217,       -10.9428867,      -12.46211279,      -5.471761103,      -3.402942488,   9.949914522e-05,       6.460275651,                40,                40,                40,    0.001789260784,     0.01058579545,      0.6019602725,                 0,                 0,                 0,     0.07772816824,    -0.01042876367,      0.6019630135,                 0,       56.86490686,    0.002508909601
          0,           0,         544,      -11.28699836,      -9.678292267,      -10.25540031,      -10.94281881,      -12.46202489,      -5.471776887,      -3.402883557,   9.949914568e-05,       6.460275652,                40,                40,                40,    0.001789260784,      0.0105855421,      0.6019539189,                 0,                 0,                 0,     0.07772739009,    -0.01042879513,      0.6019566549,                 0,       56.86566762,    0.002508909601
          0,           0,         545,      -11.28692536,      -9.678278955,      -10.25532848,      -10.94275094,      -12.46193725,      -5.471792627,      -3.402824611,   9.949914615e-05,       6.460275653,                40,                40,                40,    0.001789260784,     0.01058528905,       0.601947564,                 0,                 0,                 0,     0.07772661193,    -0.01042882624,      0.6019502951,                 0,       56.86642669,    0.002508909601
          0,           0,         546,      -11.28685239,      -9.678265613,      -10.25525669,      -10.94268305,       -12.4618499,      -5.471808306,       -3.40276571,   9.949914661e-05,       6.460275655,                40,                40,                40,    0.001789260784,      0.0105850363,      0.6019412079,                 0,                 0,                 0,     0.07772583379,    -0.01042885701,       0.601943934,                 0,       56.86718407,    0.002508909601
          0,           0,         547,      -11.28677956,      -9.678252239,      -10.25518492,      -10.94261526,      -12.46176284,      -5.471823924,      -3.402706846,   9.949914708e-05,       6.460275656,                40,                40,                40,    0.001789260784,     0.01058478385,      0.6019348505,                 0,                 0,                 0,     0.07772505565,    -0.01042888744,      0.6019375717,                 0,       56.86793976,    0.002508909601
          0,           0,         548,      -11.28670681,      -9.678238835,       -10.2551132,      -10.94254752,      -12.46167607,      -5.471839483,      -3.402648045,   9.949914754e-05,       6.460275657,                40,                40,                40,    0.001789260784,      0.0105845317,      0.6019284919,                 0,                 0,                 0,     0.07772427751,    -0.01042891753,      0.6019312082,                 0,       56.86869376,    0.002508909601
          0,           0,         549,      -11.28663416,      -9.678225399,       -10.2550415,      -10.94247982,      -12.46158961,      -5.471854983,      -3.402589313,     9.9499148e-05,       6.460275659,                40,                40,                40,    0.001789260784,     0.01058427984,       0.601922132,                 0,                 0,                 0,     0.07772349938,    -0.01042894727,      0.6019248434,                 0,       56.86944609,    0.002508909601
          0,           0,         550,      -11.28656163,      -9.678211932,      -10.25496984,      -10.94241218,      -12.46150348,      -5.471870425,       -3.40253065,   9.949914847e-05,        6.46027566,                40,                40,                40,    0.001789260784,     0.01058402829,      0.6019157709,                 0,                 0,                 0,     0.07772272126,    -0.01042897668,      0.6019184773,                 0,       56.87019674,    0.002508909601
          0,           0,         551,      -11.28648919,      -9.678198434,      -10.25489821,      -10.94234458,      -12.46141766,      -5.471885808,      -3.402472057,   9.949914893e-05,       6.460275661,                40,                40,                40,    0.001789260784,     0.01058377702,      0.6019094085,                 0,                 0,                 0,     0.07772194314,    -0.01042900574,        0.60191211,                 0,       56.87094571,    0.002508909601
          0,           0,         552,      -11.28641686,      -9.678184905,      -10.25482662,      -10.94227703,      -12.46133219,      -5.471901146,      -3.402413526,   9.949914939e-05,       6.460275663,                40,                40,                40,    0.001789260784,     0.01058352606,      0.6019030449,                 0,                 0,                 0,     0.07772116502,    -0.01042903447,      0.6019057415,                 0,         56.871693,    0.002508909601
          0,           0,         553,       -11.2863446,      -9.678171344,      -10.25475506,      -10.94220948,      -12.46124706,        -5.4719165,      -3.402355038,   9.949914985e-05,       6.460275664,                40,                40,                40,    0.001789260784,     0.01058327539,        0.60189668,                 0,                 0,                 0,     0.07772038691,    -0.01042906285,      0.6018993718,                 0,       56.87243862,    0.002508909601
          0,           0,         554,      -11.28627248,      -9.678157752,      -10.25468354,      -10.94214203,      -12.46116228,      -5.471931797,      -3.402296553,   9.949915032e-05,       6.460275665,                40,                40,                40,    0.001789260784,     0.01058302501,      0.6018903138,                 0,                 0,                 0,      0.0777196088,     -0.0104290909,      0.6018930008,                 0,       56.87318258,    0.002508909601
          0,           0,         555,      -11.28620044,      -9.678144129,      -10.25461206,      -10.94207459,      -12.46107787,      -5.471947039,      -3.402238136,   9.949915078e-05,       6.460275666,                40,                40,                40,    0.001789260784,     0.01058277493,      0.6018839464,                 0,                 0,                 0,     0.07771883069,    -0.01042911861,      0.6018866285,                 0,       56.87392486,    0.002508909601
          0,           0,         556,      -11.28612862,      -9.678130474,      -10.25454061,      -10.94200736,      -12.46099383,      -5.471962225,      -3.402179786,   9.949915124e-05,       6.460275668,                40,                40,                40,    0.001789260784,     0.01058252515,      0.6018775778,                 0,                 0,                 0,     0.07771805259,    -0.01042914598,       0.601880255,                 0,       56.87466547,    0.002508909601
          0,           0,         557,      -11.28605683,      -9.678116788,      -10.25446921,      -10.94194012,      -12.46091016,      -5.471977356,      -3.402121504,   9.949915171e-05,       6.460275669,                40,                40,                40,    0.001789260784,     0.01058227566,      0.6018712079,                 0,                 0,                 0,      0.0777172745,    -0.01042917301,      0.6018738803,                 0,       56.87540442,    0.002508909601
          0,           0,         558,      -11.28598526,       -9.67810307,      -10.25439785,      -10.94187303,      -12.46082688,      -5.471992433,      -3.402063288,   9.949915217e-05,        6.46027567,                40,                40,                40,    0.001789260784,     0.01058202647,      0.6018648368,                 0,                 0,                 0,     0.07771649641,     -0.0104291997,      0.6018675044,                 0,        56.8761417,    0.002508909601
          0,           0,         559,      -11.28591384,      -9.678089321,      -10.25432652,      -10.94180602,      -12.46074399,      -5.472007457,      -3.402005139,   9.949915263e-05,       6.460275672,                40,                40,                40,    0.001789260784,     0.01058177756,      0.6018584644,                 0,                 0,                 0,     0.07771571833,    -0.01042922606,      0.6018611272,                 0,       56.87687732,    0.002508909601
          0,           0,         560,      -11.28584247,      -9.678075541,      -10.25425524,      -10.94173903,       -12.4606615,      -5.472022427,      -3.401947077,   9.949915309e-05,       6.460275673,                40,                40,                40,    0.001789260784,     0.01058152896,      0.6018520907,                 0,                 0,                 0,     0.07771494024,    -0.01042925208,      0.6018547488,                 0,       56.87761128,    0.002508909601
          0,           0,         561,      -11.28577137,      -9.678061729,      -10.25418399,      -10.94167228,      -12.46057942,      -5.472037345,      -3.401889085,   9.949915356e-05,       6.460275674,                40,                40,                40,    0.001789260784,     0.01058128064,      0.6018457159,                 0,                 0,                 0,     0.07771416216,    -0.01042927777,      0.6018483691,                 0,       56.87834359,    0.002508909601
          0,           0,         562,      -11.28570029,      -9.678047886,      -10.25411279,      -10.94160547,      -12.46049775,      -5.472052212,      -3.401831156,   9.949915402e-05,       6.460275676,                40,                40,                40,    0.001789260784,     0.01058103262,      0.6018393397,                 0,                 0,                 0,     0.07771338409,    -0.01042930311,      0.6018419882,                 0,       56.87907423,    0.002508909601
          0,           0,         563,      -11.28562947,      -9.678034012,      -10.25404162,      -10.94153891,       -12.4604165,      -5.472067027,      -3.401773286,   9.949915448e-05,       6.460275677,                40,                40,                40,    0.001789260784,     0.01058078489,      0.6018329623,                 0,                 0,                 0,     0.07771260601,    -0.01042932812,       0.601835606,                 0,       56.87980322,    0.002508909601
          0,           0,         564,      -11.28555873,      -9.678020107,      -10.25397049,      -10.94147237,      -12.46033567,      -5.472081792,      -3.401715475,   9.949915494e-05,       6.460275678,                40,                40,                40,    0.001789260784,     0.01058053745,      0.6018265837,                 0,                 0,                 0,     0.07771182794,     -0.0104293528,      0.6018292226,                 0,       56.88053055,    0.002508909601
          0,           0,         565,      -11.28548816,      -9.678006171,      -10.25389939,        -10.941406,      -12.46025526,      -5.472096506,      -3.401657724,    9.94991554e-05,       6.460275679,                40,                40,                40,    0.001789260784,     0.01058029031,      0.6018202038,                 0,                 0,                 0,     0.07771104987,    -0.01042937714,       0.601822838,                 0,       56.88125622,    0.002508909601
          0,           0,         566,      -11.28541772,      -9.677992204,      -10.25382834,      -10.94133971,       -12.4601753,      -5.472111172,      -3.401600036,   9.949915587e-05,       6.460275681,                40,                40,                40,    0.001789260784,     0.01058004346,      0.6018138227,                 0,                 0,                 0,     0.07771027181,    -0.01042940114,      0.6018164521,                 0,       56.88198023,    0.002508909601
          0,           0,         567,      -11.28534744,      -9.677978207,      -10.25375733,      -10.94127352,      -12.46009577,      -5.472125789,      -3.401542407,   9.949915633e-05,       6.460275682,                40,                40,                40,    0.001789260784,      0.0105797969,      0.6018074403,                 0,                 0,                 0,     0.07770949375,    -0.01042942481,       0.601810065,                 0,       56.88270258,    0.002508909601
          0,           0,         568,      -11.28527724,      -9.677964178,      -10.25368635,      -10.94120738,      -12.46001669,      -5.472140358,      -3.401484779,   9.949915679e-05,       6.460275683,                40,                40,                40,    0.001789260784,     0.01057955063,      0.6018010566,                 0,                 0,                 0,     0.07770871569,    -0.01042944813,      0.6018036767,                 0,       56.88342327,    0.002508909601
          0,           0,         569,      -11.28520722,      -9.677950119,      -10.25361542,      -10.94114138,      -12.45993805,      -5.472154879,      -3.401427167,   9.949915725e-05,       6.460275685,                40,                40,                40,    0.001789260784,     0.01057930466,      0.6017946717,                 0,                 0,                 0,     0.07770793763,    -0.01042947113,      0.6017972871,                 0,       56.88414229,    0.002508909601
          0,           0,         570,      -11.28513727,      -9.677936029,      -10.25354452,      -10.94107542,      -12.45985987,      -5.472169354,      -3.401369667,   9.949915771e-05,       6.460275686,                40,                40,                40,    0.001789260784,     0.01057905899,      0.6017882856,                 0,                 0,                 0,     0.07770715958,    -0.01042949378,      0.6017908963,                 0,       56.88485964,    0.002508909601
          0,           0,         571,      -11.28506745,      -9.677921909,      -10.25347366,      -10.94100957,      -12.45978214,      -5.472183783,      -3.401312247,   9.949915817e-05,       6.460275687,                40,                40,                40,    0.001789260784,     0.01057881361,      0.6017818982,                 0,                 0,                 0,     0.07770638152,    -0.01042951609,      0.6017845042,                 0,       56.88557532,    0.002508909601
          0,           0,         572,      -11.28499769,      -9.677907759,      -10.25340284,      -10.94094373,      -12.45970487,      -5.472198166,      -3.401254901,   9.949915863e-05,       6.460275689,                40,                40,                40,    0.001789260784,     0.01057856852,      0.6017755096,                 0,                 0,                 0,     0.07770560347,    -0.01042953807,      0.6017781109,                 0,       56.88628933,    0.002508909601
          0,           0,         573,       -11.2849281,      -9.677893577,      -10.25333206,      -10.94087806,      -12.45962807,      -5.472212505,      -3.401197633,    9.94991591e-05,        6.46027569,                40,                40,                40,    0.001789260784,     0.01057832373,      0.6017691197,                 0,                 0,                 0,     0.07770482543,    -0.01042955971,      0.6017717164,                 0,       56.88700166,    0.002508909601
          0,           0,         574,      -11.28485858,      -9.677879364,      -10.25326132,      -10.94081243,      -12.45954906,        -5.4722268,      -3.401140435,   9.949915956e-05,       6.460275691,                40,                40,                40,    0.001789260784,     0.01057807924,      0.6017627286,                 0,                 0,                 0,     0.07770404739,      -0.010429581,      0.6017653206,                 0,       56.88771232,    0.002508909601
          0,           0,         575,      -11.28478911,      -9.677865121,      -10.25319062,      -10.94074678,      -12.45946991,      -5.472241052,      -3.401083307,   9.949916002e-05,       6.460275693,                40,                40,                40,    0.001789260784,     0.01057783504,      0.6017563362,                 0,                 0,                 0,     0.07770326935,    -0.01042960196,      0.6017589236,                 0,        56.8884213,    0.002508909601
          0,           0,         576,      -11.28473957,      -9.677850852,      -10.25311995,      -10.94070581,      -12.45939123,      -5.472255261,      -3.401026242,   9.949916048e-05,       6.460275694,                40,                40,                40,    0.001789260784,     0.01057759114,      0.6017499425,                 0,                 0,                 0,     0.07770249131,    -0.01042962258,      0.6017525253,                 0,       56.88912862,    0.002508909601
          0,           0,         577,      -11.28462106,      -9.677836578,       -10.2530491,      -10.94057771,        -12.459313,      -5.472269429,      -3.400969115,   9.949916094e-05,       6.460275695,                40,                40,                40,    0.001789260784,     0.01057734753,      0.6017435476,                 0,                 0,                 0,     0.07770171328,    -0.01042964287,      0.6017461258,                 0,       56.88983426,    0.002508909601
          0,           0,         578,      -11.28456633,      -9.677822282,      -10.25297816,      -10.94053086,      -12.45923524,      -5.472283558,      -3.400912078,    9.94991614e-05,       6.460275696,                40,                40,                40,    0.001789260784,     0.01057710421,      0.6017371515,                 0,                 0,                 0,     0.07770093523,    -0.01042966281,      0.6017397251,                 0,       56.89053825,    0.002508909601
          0,           0,         579,      -11.28450729,      -9.677807943,      -10.25290735,      -10.94047791,      -12.45915794,      -5.472297656,       -3.40085503,   9.949916186e-05,       6.460275698,                40,                40,                40,    0.001789260784,     0.01057686118,      0.6017307541,                 0,                 0,                 0,     0.07770015718,    -0.01042968243,      0.6017333231,                 0,       56.89124059,    0.002508909601
          0,           0,         580,      -11.28443726,      -9.677793571,      -10.25283663,      -10.94041094,      -12.45908111,      -5.472311694,      -3.400798028,   9.949916232e-05,       6.460275699,                40,                40,                40,    0.001789260784,     0.01057661844,      0.6017243554,                 0,                 0,                 0,     0.07769937912,    -0.01042970171,      0.6017269198,                 0,       56.89194129,    0.002508909601
          0,           0,         581,      -11.28436618,      -9.677779171,      -10.25276596,      -10.94034279,      -12.45900475,      -5.472325692,      -3.400741127,   9.949916278e-05,         6.4602757,                40,                40,                40,    0.001789260784,     0.01057637599,      0.6017179554,                 0,                 0,                 0,     0.07769860106,    -0.01042972065,      0.6017205153,                 0,       56.89264034,    0.002508909601
          0,           0,         582,        -11.284297,      -9.677764743,      -10.25269534,      -10.94027707,      -12.45892582,      -5.472339651,      -3.400684323,   9.949916324e-05,       6.460275702,                40,                40,                40,    0.001789260784,     0.01057613383,      0.6017115542,                 0,                 0,                 0,       0.077697823,    -0.01042973926,      0.6017141095,                 0,       56.89333775,    0.002508909601
          0,           0,         583,       -11.2842286,      -9.677750284,       -10.2526248,      -10.94021267,      -12.45884462,      -5.472353571,      -3.400627608,    9.94991637e-05,       6.460275703,                40,                40,                40,    0.001789260784,     0.01057589197,      0.6017051517,                 0,                 0,                 0,     0.07769704493,    -0.01042975754,      0.6017077025,                 0,       56.89403349,    0.002508909601
          0,           0,         584,      -11.28416004,      -9.677735795,      -10.25255431,      -10.94014782,      -12.45876382,      -5.472367454,      -3.400570979,   9.949916416e-05,       6.460275704,                40,                40,                40,    0.001789260784,      0.0105756504,       0.601698748,                 0,                 0,                 0,     0.07769626687,    -0.01042977548,      0.6017012943,                 0,       56.89472755,    0.002508909601
          0,           0,         585,      -11.28409145,      -9.677721277,      -10.25248388,      -10.94008277,      -12.45868345,      -5.472381298,      -3.400514439,   9.949916462e-05,       6.460275706,                40,                40,                40,    0.001789260784,     0.01057540912,       0.601692343,                 0,                 0,                 0,     0.07769548881,    -0.01042979307,      0.6016948848,                 0,       56.89541995,    0.002508909601
          0,           0,         586,      -11.28402303,      -9.677706729,      -10.25241351,      -10.94001796,      -12.45860349,      -5.472395105,      -3.400457977,   9.949916508e-05,       6.460275707,                40,                40,                40,    0.001789260784,     0.01057516814,      0.6016859368,                 0,                 0,                 0,     0.07769471075,    -0.01042981033,       0.601688474,                 0,       56.89611066,    0.002508909601
          0,           0,         587,      -11.28395471,      -9.677692152,      -10.25234321,      -10.93995333,      -12.45852396,      -5.472408876,        -3.4004016,   9.949916554e-05,       6.460275708,                40,                40,                40,    0.001789260784,     0.01057492746,      0.6016795293,                 0,                 0,                 0,     0.07769393268,    -0.01042982725,       0.601682062,                 0,        56.8967997,    0.002508909601
          0,           0,         588,      -11.28388651,      -9.677677543,      -10.25227295,      -10.93988887,      -12.45844485,      -5.472422612,      -3.400345307,     9.9499166e-05,        6.46027571,                40,                40,                40,    0.001789260784,     0.01057468706,      0.6016731205,                 0,                 0,                 0,     0.07769315461,    -0.01042984384,      0.6016756488,                 0,       56.89748707,    0.002508909601
          0,           0,         589,      -11.28381825,      -9.677662904,      -10.25220274,      -10.93982432,      -12.45836618,      -5.472436313,      -3.400289093,   9.949916646e-05,       6.460275711,                40,                40,                40,    0.001789260784,     0.01057444697,      0.6016667105,                 0,                 0,                 0,     0.07769237653,    -0.01042986008,      0.6016692343,                 0,       56.89817277,    0.002508909601
          0,           0,         590,      -11.28375016,      -9.677648236,      -10.25213257,      -10.93976003,      -12.45828793,      -5.472449978,      -3.400232959,   9.949916692e-05,       6.460275712,                40,                40,                40,    0.001789260784,     0.01057420716,      0.6016602992,                 0,                 0,                 0,     0.07769159845,    -0.01042987599,      0.6016628186,                 0,       56.89885681,    0.002508909601
          0,           0,         591,      -11.28368206,      -9.677633538,      -10.25206244,      -10.93969573,      -12.45821011,      -5.472463611,      -3.400176897,   9.949916738e-05,       6.460275714,                40,                40,                40,    0.001789260784,     0.01057396765,      0.6016538867,                 0,                 0,                 0,     0.07769082037,    -0.01042989156,      0.6016564016,                 0,       56.89953919,    0.002508909601
          0,           0,         592,      -11.28361408,       -9.67761881,      -10.25199236,      -10.93963161,      -12.45813273,       -5.47247721,      -3.400120922,   9.949916784e-05,       6.460275715,                40,                40,                40,    0.001789260784,     0.01057372843,      0.6016474729,                 0,                 0,                 0,     0.07769004229,     -0.0104299068,      0.6016499833,                 0,       56.90021991,    0.002508909601
          0,           0,         593,       -11.2835461,      -9.677604053,       -10.2519223,      -10.93956756,      -12.45805578,      -5.472490778,      -3.400065024,    9.94991683e-05,       6.460275716,                40,                40,                40,    0.001789260784,      0.0105734895,      0.6016410579,                 0,                 0,                 0,     0.07768926422,     -0.0104299217,      0.6016435639,                 0,       56.90089896,    0.002508909601
          0,           0,         594,      -11.28347808,      -9.677589266,      -10.25185228,      -10.93950346,      -12.45797926,      -5.472504313,      -3.400009205,   9.949916876e-05,       6.460275718,                40,                40,                40,    0.001789260784,     0.01057325087,      0.6016346416,                 0,                 0,                 0,     0.07768848615,    -0.01042993626,      0.6016371432,                 0,       56.90157637,    0.002508909601
          0,           0,         595,        -11.283408,      -9.677574458,      -10.25178226,      -10.93943671,      -12.45790318,      -5.472517818,      -3.399953424,   9.949916922e-05,       6.460275719,                40,                40,                40,    0.001789260784,     0.01057301252,      0.6016282241,                 0,                 0,                 0,     0.07768770808,    -0.01042995049,      0.6016307212,                 0,       56.90225211,    0.002508909601
          0,           0,         596,      -11.28333896,       -9.67755962,      -10.25171234,       -10.9393714,      -12.45782753,      -5.472531292,      -3.399897532,   9.949916967e-05,        6.46027572,                40,                40,                40,    0.001789260784,     0.01057277447,      0.6016218053,                 0,                 0,                 0,     0.07768693001,    -0.01042996439,       0.601624298,                 0,       56.90292621,    0.002508909601
          0,           0,         597,      -11.28327166,      -9.677544752,      -10.25164247,      -10.93930832,      -12.45775218,      -5.472544624,      -3.399841574,   9.949917013e-05,       6.460275722,                40,                40,                40,    0.001789260784,      0.0105725367,      0.6016153852,                 0,                 0,                 0,     0.07768615195,    -0.01042997795,      0.6016178736,                 0,       56.90359865,    0.002508909601
          0,           0,         598,      -11.28320439,      -9.677529853,       -10.2515726,      -10.93924531,      -12.45766444,      -5.472557987,      -3.399785695,   9.949917059e-05,       6.460275723,                40,                40,                40,    0.001789260784,     0.01057229923,      0.6016089639,                 0,                 0,                 0,     0.07768537389,    -0.01042999118,      0.6016114479,                 0,       56.90426943,    0.002508909601
          0,           0,         599,      -11.28313662,      -9.677514925,      -10.25150277,      -10.93918171,      -12.45757708,       -5.47257132,       -3.39972989,   9.949917105e-05,       6.460275724,                40,                40,                40,    0.001789260784,     0.01057206205,      0.6016025414,                 0,                 0,                 0,     0.07768459585,    -0.01043000407,       0.601605021,                 0,       56.90493856,    0.002508909601
          0,           0,         600,      -11.28306885,      -9.677499966,      -10.25143298,      -10.93911815,      -12.45749011,      -5.472584617,      -3.399674146,   9.949917151e-05,       6.460275725,                40,                40,                40,    0.001789260784,     0.01057182516,      0.6015961177,                 0,                 0,                 0,     0.07768381781,    -0.01043001663,      0.6015985929,                 0,       56.90560602,    0.002641949426
          0,           0,         601,      -11.28300119,      -9.677484977,      -10.25136322,      -10.93905477,      -12.45740356,      -5.472597878,      -3.399618486,   9.949917197e-05,       6.460275727,                40,                40,                40,    0.001789260784,     0.01057158857,      0.6015896926,                 0,                 0,                 0,     0.07768303977,    -0.01043002885,      0.6015921636,                 0,       56.90627183,    0.002641949426
          0,           0,         602,      -11.28293338,      -9.677469957,      -10.25129349,      -10.93899122,      -12.45731741,      -5.472611102,      -3.399562893,   9.949917243e-05,       6.460275728,                40,                40,                40,    0.001789260784,     0.01057135226,      0.6015832664,                 0,                 0,                 0,     0.07768226175,    -0.01043004074,       0.601585733,                 0,       56.90693598,    0.002784793121
          0,           0,         603,      -11.28286532,      -9.677454907,      -10.25122397,      -10.93893289,      -12.45723168,      -5.472624286,      -3.399507375,   9.949917288e-05,       6.460275729,                40,                40,                40,    0.001789260784,     0.01057111625,      0.6015768389,                 0,                 0,                 0,     0.07768148374,     -0.0104300523,      0.6015793012,                 0,       56.90759847,    0.002784793121
          0,           0,         604,      -11.28273964,      -9.677439816,      -10.25115473,      -10.93881251,      -12.45714636,      -5.472637428,      -3.399451928,   9.949917334e-05,       6.460275731,                40,                40,                40,    0.001789260784,     0.01057088053,      0.6015704102,                 0,                 0,                 0,     0.07768070574,    -0.01043006351,      0.6015728681,                 0,       56.90825929,    0.002908722834
          0,           0,         605,      -11.28266298,      -9.677424691,      -10.25108506,       -10.9387424,      -12.45706147,       -5.47265053,      -3.399396557,    9.94991738e-05,       6.460275732,                40,                40,                40,    0.001789260784,     0.01057064511,      0.6015639802,                 0,                 0,                 0,     0.07767992775,    -0.01043007439,      0.6015664339,                 0,       56.90891845,    0.002908722834
          0,           0,         606,      -11.28260974,      -9.677409549,      -10.25101541,      -10.93869526,      -12.45697698,       -5.47266359,      -3.399341254,   9.949917426e-05,       6.460275733,                40,                40,                40,    0.001789260784,     0.01057040997,       0.601557549,                 0,                 0,                 0,     0.07767914978,    -0.01043008494,      0.6015599984,                 0,       56.90957594,    0.002908722834
          0,           0,         607,      -11.28254553,      -9.677394379,       -10.2509459,      -10.93863512,      -12.45689291,      -5.472676608,      -3.399286042,   9.949917472e-05,       6.460275735,                40,                40,                40,    0.001789260784,     0.01057017513,      0.6015511166,                 0,                 0,                 0,     0.07767837181,    -0.01043009515,      0.6015535617,                 0,       56.91023179,    0.003062120611
          0,           0,         608,      -11.28249268,      -9.677379178,      -10.25087639,      -10.93858979,      -12.45680926,      -5.472689583,      -3.399230894,   9.949917517e-05,       6.460275736,                40,                40,                40,    0.001789260784,     0.01056994058,       0.601544683,                 0,                 0,                 0,     0.07767759386,    -0.01043010503,      0.6015471238,                 0,       56.91088598,    0.003062120611
          0,           0,         609,       -11.2824036,      -9.677363939,      -10.25080684,      -10.93849765,      -12.45672601,      -5.472702514,      -3.399175812,   9.949917563e-05,       6.460275737,                40,                40,                40,    0.001789260784,     0.01056970631,      0.6015382481,                 0,                 0,                 0,     0.07767681591,    -0.01043011457,      0.6015406847,                 0,       56.91153853,    0.003062120611
          0,           0,         610,      -11.28233005,      -9.677348679,      -10.25073728,      -10.93842742,      -12.45664318,      -5.472715407,      -3.399120788,   9.949917609e-05,       6.460275739,                40,                40,                40,    0.001789260784,     0.01056947234,       0.601531812,                 0,                 0,                 0,     0.07767603797,    -0.01043012379,      0.6015342443,                 0,       56.91218944,    0.003062120611
          0,           0,         611,      -11.28226879,       -9.67733339,      -10.25066774,      -10.93837307,      -12.45656076,      -5.472728262,      -3.399065777,   9.949917655e-05,        6.46027574,                40,                40,                40,    0.001789260784,     0.01056923865,      0.6015253746,                 0,                 0,                 0,     0.07767526003,    -0.01043013267,      0.6015278027,                 0,       56.91283871,    0.003062120611
          0,           0,         612,      -11.28220344,      -9.677318071,      -10.25059823,      -10.93831318,      -12.45647875,      -5.472741075,       -3.39901083,   9.949917701e-05,       6.460275741,                40,                40,                40,    0.001789260784,     0.01056900525,      0.6015189361,                 0,                 0,                 0,      0.0776744821,    -0.01043014123,      0.6015213599,                 0,       56.91348635,    0.003062120611
          0,           0,         613,      -11.28213537,      -9.677302724,      -10.25052874,      -10.93824968,      -12.45639714,      -5.472753846,      -3.398955088,   9.949917746e-05,       6.460275743,                40,                40,                40,    0.001789260784,     0.01056877214,      0.6015124962,                 0,                 0,                 0,     0.07767370418,    -0.01043014945,      0.6015149159,                 0,       56.91413237,    0.003062120611
          0,           0,         614,      -11.28206726,      -9.677287348,      -10.25045929,      -10.93818624,      -12.45631594,      -5.472766578,      -3.398896607,   9.949917792e-05,       6.460275744,                40,                40,                40,    0.001789260784,     0.01056853931,      0.6015060552,                 0,                 0,                 0,     0.07767292626,    -0.01043015735,      0.6015084707,                 0,       56.91477673,    0.003177582163
          0,           0,         615,      -11.28199946,      -9.677271943,      -10.25038986,      -10.93812318,      -12.45623514,      -5.472779268,      -3.398838193,   9.949917838e-05,       6.460275745,                40,                40,                40,    0.001789260784,     0.01056830677,      0.6014996129,                 0,                 0,                 0,     0.07767214834,    -0.01043016491,      0.6015020242,                 0,       56.91541945,    0.003177582163
          0,           0,         616,      -11.28193159,      -9.677256508,      -10.25032047,      -10.93806003,      -12.45615474,      -5.472791917,      -3.398779844,   9.949917883e-05,       6.460275747,                40,                40,                40,    0.001789260784,     0.01056807453,      0.6014931694,                 0,                 0,                 0,     0.07767137043,    -0.01043017213,      0.6014955765,                 0,       56.91606049,    0.003177582163
          0,           0,         617,      -11.28186361,      -9.677241044,      -10.25025112,      -10.93799672,      -12.45607475,      -5.472804525,      -3.398721582,   9.949917929e-05,       6.460275748,                40,                40,                40,    0.001789260784,     0.01056784259,      0.6014867247,                 0,                 0,                 0,     0.07767059253,    -0.01043017902,      0.6014891276,                 0,       56.91669986,    0.003342345828
          0,           0,         618,      -11.28179546,      -9.677225551,       -10.2501818,      -10.93793321,      -12.45599516,       -5.47281709,      -3.398663395,   9.949917975e-05,       6.460275749,                40,                40,                40,    0.001789260784,     0.01056761093,      0.6014802787,                 0,                 0,                 0,     0.07766981464,    -0.01043018557,      0.6014826775,                 0,       56.91733755,    0.003342345828
          0,           0,         619,      -11.28172718,      -9.677210029,      -10.25011251,      -10.93786965,      -12.45591597,      -5.472829617,      -3.398605248,    9.94991802e-05,       6.460275751,                40,                40,                40,    0.001789260784,     0.01056737958,      0.6014738315,                 0,                 0,                 0,     0.07766903676,    -0.01043019178,      0.6014762261,                 0,       56.91797357,    0.003342345828
          0,           0,         620,       -11.2816586,      -9.677194478,      -10.25004326,      -10.93780582,      -12.45583718,      -5.472842103,      -3.398547159,   9.949918066e-05,       6.460275752,                40,                40,                40,    0.001789260784,     0.01056714852,      0.6014673831,                 0,                 0,                 0,      0.0776682589,    -0.01043019766,      0.6014697736,                 0,       56.91860791,    0.003342345828
          0,           0,         621,      -11.28159017,      -9.677178898,      -10.24997404,      -10.93774204,      -12.45575879,      -5.472854549,      -3.398489143,   9.949918112e-05,       6.460275753,                40,                40,                40,    0.001789260784,     0.01056691775,      0.6014609335,                 0,                 0,                 0,     0.07766748105,     -0.0104302032,      0.6014633198,                 0,       56.91924057,    0.003342345828
          0,           0,         622,      -11.28152204,       -9.67716329,      -10.24990484,      -10.93767852,      -12.45568079,      -5.472866955,      -3.398431182,   9.949918157e-05,       6.460275755,                40,                40,                40,    0.001789260784,     0.01056668728,      0.6014544826,                 0,                 0,                 0,     0.07766670323,     -0.0104302084,      0.6014568649,                 0,       56.91987157,    0.003342345828
          0,           0,         623,      -11.28145379,      -9.677147657,      -10.24983568,      -10.93761483,       -12.4556032,      -5.472879322,      -3.398373198,   9.949918203e-05,       6.460275756,                40,                40,                40,    0.001789260784,      0.0105664571,      0.6014480306,                 0,                 0,                 0,     0.07766592542,    -0.01043021327,      0.6014504087,                 0,        56.9205009,    0.003342345828
          0,           0,         624,       -11.2813855,      -9.677132006,      -10.24976653,      -10.93755109,        -12.455526,       -5.47289165,      -3.398315278,   9.949918249e-05,       6.460275757,                40,                40,                40,    0.001789260784,     0.01056622721,      0.6014415773,                 0,                 0,                 0,     0.07766514763,     -0.0104302178,      0.6014439514,                 0,       56.92112857,    0.003342345828
          0,           0,         625,      -11.28131713,      -9.677116326,      -10.24969742,      -10.93748719,       -12.4554492,      -5.472903939,      -3.398257394,   9.949918294e-05,       6.460275759,                40,                40,                40,    0.001789260784,     0.01056599761,      0.6014351229,                 0,                 0,                 0,     0.07766436985,      -0.010430222,      0.6014374928,                 0,       56.92175458,    0.003342345828
          0,           0,         626,      -11.28124881,      -9.677100618,      -10.24962832,      -10.93742331,       -12.4553728,      -5.472916188,      -3.398199498,    9.94991834e-05,        6.46027576,                40,                40,                40,    0.001789260784,      0.0105657683,      0.6014286672,                 0,                 0,                 0,     0.07766359208,    -0.01043022586,      0.6014310331,                 0,       56.92237894,    0.003342345828
          0,           0,         627,      -11.28118052,      -9.677084882,      -10.24955925,      -10.93735947,       -12.4552968,      -5.472928398,       -3.39814166,   9.949918386e-05,       6.460275761,                40,                40,                40,    0.001789260784,     0.01056553929,      0.6014222103,                 0,                 0,                 0,     0.07766281434,     -0.0104302294,      0.6014245721,                 0,       56.92300164,    0.003342345828
          0,           0,         628,      -11.28111221,      -9.677069118,       -10.2494902,      -10.93729555,      -12.45522119,      -5.472940569,      -3.398083913,   9.949918431e-05,       6.460275763,                40,                40,                40,    0.001789260784,     0.01056531057,      0.6014157521,                 0,                 0,                 0,     0.07766203661,    -0.01043023259,      0.6014181099,                 0,       56.92362268,    0.003342345828
          0,           0,         629,      -11.28104406,      -9.677053326,      -10.24942119,      -10.93723174,      -12.45514599,      -5.472952701,      -3.398026259,   9.949918477e-05,       6.460275764,                40,                40,                40,    0.001789260784,     0.01056508213,      0.6014092928,                 0,                 0,                 0,     0.07766125889,    -0.01043023546,      0.6014116466,                 0,       56.92424207,    0.003342345828
          0,           0,         630,       -11.2809757,      -9.677037507,       -10.2493522,      -10.93716762,      -12.45507118,      -5.472964794,      -3.397968702,   9.949918522e-05,       6.460275765,                40,                40,                40,    0.001789260784,     0.01056485399,      0.6014028322,                 0,                 0,                 0,      0.0776604812,      -0.010430238,       0.601405182,                 0,       56.92485982,    0.003519354467
          0,           0,         631,      -11.28090743,       -9.67702166,      -10.24928324,      -10.93710358,      -12.45499676,      -5.472976848,       -3.39791123,   9.949918568e-05,       6.460275767,                40,                40,                40,    0.001789260784,     0.01056462614,      0.6013963705,                 0,                 0,                 0,     0.07765970352,    -0.01043024019,      0.6013987162,                 0,       56.92547588,    0.003626942224
          0,           0,         632,       -11.2808393,      -9.677005786,      -10.24921431,      -10.93703971,      -12.45492275,      -5.472988864,      -3.397853838,   9.949918614e-05,       6.460275768,                40,                40,                40,    0.001789260784,     0.01056439859,      0.6013899075,                 0,                 0,                 0,     0.07765892587,    -0.01043024205,      0.6013922492,                 0,       56.92609027,    0.003626942224
          0,           0,         633,      -11.28077112,      -9.676989884,      -10.24914541,      -10.93697572,      -12.45484913,       -5.47300084,      -3.397796516,   9.949918659e-05,       6.460275769,                40,                40,                40,    0.001789260784,     0.01056417133,      0.6013834433,                 0,                 0,                 0,     0.07765814823,    -0.01043024358,       0.601385781,                 0,       56.92670299,    0.003626942224
          0,           0,         634,      -11.28070305,      -9.676973954,      -10.24907654,      -10.93691178,      -12.45477591,      -5.473012778,      -3.397739256,   9.949918705e-05,       6.460275771,                40,                40,                40,    0.001789260784,     0.01056394436,      0.6013769779,                 0,                 0,                 0,     0.07765737061,    -0.01043024477,      0.6013793117,                 0,       56.92731404,    0.003626942224
          0,           0,         635,      -11.28063504,      -9.676957997,       -10.2490077,      -10.93684785,       -12.4547031,      -5.473024678,      -3.397681991,    9.94991875e-05,       6.460275772,                40,                40,                40,    0.001789260784,     0.01056371768,      0.6013705113,                 0,                 0,                 0,     0.07765659301,    -0.01043024563,      0.6013728411,                 0,       56.92792344,    0.003626942224
          0,           0,         636,      -11.28056706,      -9.676942014,      -10.24893889,      -10.93678391,      -12.45463068,      -5.473036539,      -3.397624708,   9.949918796e-05,       6.460275773,                40,                40,                40,    0.001789260784,     0.01056349129,      0.6013640435,                 0,                 0,                 0,     0.07765581543,    -0.01043024616,      0.6013663693,                 0,       56.92853119,    0.003626942224
          0,           0,         637,      -11.28049929,      -9.676926003,      -10.24887011,      -10.93672015,      -12.45455866,      -5.473048362,      -3.397567494,   9.949918841e-05,       6.460275775,                40,                40,                40,    0.001789260784,     0.01056326519,      0.6013575745,                 0,                 0,                 0,     0.07765503787,    -0.01043024635,      0.6013598963,                 0,       56.92913729,    0.003626942224
          0,           0,         638,      -11.28043152,      -9.676909965,      -10.24880137,      -10.93665635,      -12.45448705,      -5.473060146,      -3.397510326,   9.949918887e-05,       6.460275776,                40,                40,                40,    0.001789260784,     0.01056303939,      0.6013511042,                 0,                 0,                 0,     0.07765426032,    -0.01043024621,      0.6013534222,                 0,       56.92974174,    0.003626942224
          0,           0,         639,      -11.28036394,      -9.676893901,      -10.24873266,      -10.93659272,      -12.45441584,      -5.473071892,      -3.397453238,   9.949918932e-05,       6.460275777,                40,                40,                40,    0.001789260784,     0.01056281387,      0.6013446328,                 0,                 0,                 0,     0.07765348279,    -0.01043024574,      0.6013469468,                 0,       56.93034453,    0.003626942224
          0,           0,         640,      -11.28029639,      -9.676877811,      -10.24866398,      -10.93652904,      -12.45434503,        -5.4730836,      -3.397396223,   9.949918978e-05,       6.460275779,                40,                40,                40,    0.001789260784,     0.01056258864,      0.6013381601,                 0,                 0,                 0,     0.07765270528,    -0.01043024494,      0.6013404702,                 0,       56.93094567,    0.003626942224
          0,           0,         641,        -11.280229,      -9.676861694,      -10.24859533,      -10.93646553,      -12.45427463,       -5.47309527,      -3.397339278,   9.949919023e-05,        6.46027578,                40,                40,                40,    0.001789260784,      0.0105623637,      0.6013316862,                 0,                 0,                 0,     0.07765192779,     -0.0104302438,      0.6013339924,                 0,       56.93154516,    0.003626942224
          0,           0,         642,      -11.28016169,      -9.676845551,      -10.24852672,      -10.93640204,      -12.45420463,      -5.473106901,      -3.397282404,   9.949919069e-05,       6.460275781,                40,                40,                40,    0.001789260784,     0.01056213906,      0.6013252111,                 0,                 0,                 0,     0.07765115031,    -0.01043024234,      0.6013275134,                 0,         56.932143,    0.003626942224
          0,           0,         643,       -11.2800945,      -9.676829382,      -10.24845814,      -10.93633865,      -12.45413504,      -5.473118495,      -3.397225608,   9.949919114e-05,       6.460275783,                40,                40,                40,    0.001789260784,      0.0105619147,      0.6013187348,                 0,                 0,                 0,     0.07765037285,    -0.01043024054,      0.6013210332,                 0,       56.93273918,    0.005611424903
          0,           0,         644,      -11.28002747,      -9.676813188,       -10.2483896,      -10.93627541,      -12.45406585,       -5.47313005,      -3.397168887,    9.94991916e-05,       6.460275784,                40,                40,                40,    0.001789260784,     0.01056169063,      0.6013122573,                 0,                 0,                 0,     0.07764959541,     -0.0104302384,      0.6013145518,                 0,        56.9333337,    0.005611424903
          0,           0,         645,      -11.27996048,      -9.676796967,      -10.24832109,      -10.93621217,      -12.45399707,      -5.473141568,      -3.397112238,   9.949919205e-05,       6.460275785,                40,                40,                40,    0.001789260784,     0.01056146686,      0.6013057786,                 0,                 0,                 0,     0.07764881798,    -0.01043023594,      0.6013080692,                 0,       56.93392657,    0.005801631187
          0,           0,         646,      -11.27989372,       -9.67678072,      -10.24825262,      -10.93614916,       -12.4539287,      -5.473153048,      -3.397055659,   9.949919251e-05,       6.460275787,                40,                40,                40,    0.001789260784,     0.01056124337,      0.6012992987,                 0,                 0,                 0,     0.07764804058,    -0.01043023314,      0.6013015855,                 0,       56.93451778,    0.005801631187
          0,           0,         647,      -11.27982694,      -9.676764448,      -10.24818419,      -10.93608609,      -12.45386074,      -5.473164491,      -3.396999147,   9.949919296e-05,       6.460275788,                40,                40,                40,    0.001789260784,     0.01056102018,      0.6012928175,                 0,                 0,                 0,     0.07764726319,    -0.01043023001,      0.6012951005,                 0,       56.93510733,    0.005801631187
          0,           0,         648,      -11.27976034,      -9.676748151,      -10.24811579,      -10.93602323,      -12.45379319,      -5.473175896,      -3.396942705,   9.949919341e-05,       6.460275789,                40,                40,                40,    0.001789260784,     0.01056079728,      0.6012863352,                 0,                 0,                 0,     0.07764648582,    -0.01043022655,      0.6012886143,                 0,       56.93569522,    0.005801631187
          0,           0,         649,      -11.27969383,      -9.676731827,      -10.24804743,      -10.93596042,      -12.45372605,      -5.473187268,      -3.396886331,   9.949919387e-05,       6.460275791,                40,                40,                40,    0.001789260784,     0.01056057467,      0.6012798516,                 0,                 0,                 0,     0.07764570847,    -0.01043022275,      0.6012821269,                 0,       56.93628146,    0.005801631187
          0,           0,         650,       -11.2796274,      -9.676715479,      -10.24797911,       -10.9358977,      -12.45365931,      -5.473198603,      -3.396830081,   9.949919432e-05,       6.460275792,                40,                40,                40,    0.001789260784,     0.01056035235,      0.6012733668,                 0,                 0,                 0,     0.07764493114,    -0.01043021862,      0.6012756383,                 0,       56.93686604,    0.006929197575
          0,           0,         651,      -11.27956113,      -9.676699105,      -10.24791082,      -10.93583515,      -12.45359299,        -5.4732099,      -3.396774228,   9.949919478e-05,       6.460275793,                40,                40,                40,    0.001789260784,     0.01056013032,      0.6012668809,                 0,                 0,                 0,     0.07764415383,    -0.01043021416,      0.6012691486,                 0,       56.93744896,     0.00780297764
          0,           0,         652,      -11.27949491,      -9.676682705,      -10.24784256,      -10.93577268,      -12.45352708,       -5.47322116,      -3.396718478,   9.949919523e-05,       6.460275795,                40,                40,                40,    0.001789260784,     0.01055990858,      0.6012603937,                 0,                 0,                 0,     0.07764337654,    -0.01043020936,      0.6012626576,                 0,       56.93803023,     0.00780297764
          0,           0,         653,      -11.27942877,       -9.67666628,      -10.24777435,      -10.93571026,      -12.45346159,      -5.473232383,      -3.396662794,   9.949919568e-05,       6.460275796,                40,                40,                40,    0.001789260784,     0.01055968713,      0.6012539053,                 0,                 0,                 0,     0.07764259927,    -0.01043020423,      0.6012561654,                 0,       56.93860983,     0.00780297764
          0,           0,         654,      -11.27936275,       -9.67664983,      -10.24770617,      -10.93564799,      -12.45339651,       -5.47324357,      -3.396607001,   9.949919614e-05,       6.460275797,                40,                40,                40,    0.001789260784,     0.01055946597,      0.6012474157,                 0,                 0,                 0,     0.07764182202,    -0.01043019878,      0.6012496721,                 0,       56.93918779,     0.00780297764
          0,           0,         655,      -11.27930313,      -9.676633336,      -10.24763841,       -10.9355942,      -12.45333184,      -5.473254722,      -3.396551223,   9.949919659e-05,       6.460275799,                40,                40,                40,    0.001789260784,      0.0105592451,      0.6012409249,                 0,                 0,                 0,     0.07764104479,    -0.01043019298,      0.6012431775,                 0,       56.93976408,     0.00780297764
          0,           0,         656,      -11.27921727,      -9.676616805,       -10.2475705,      -10.93550609,      -12.45326759,      -5.473265837,      -3.396495508,   9.949919705e-05,         6.4602758,                40,                40,                40,    0.001789260784,     0.01055902453,      0.6012344329,                 0,                 0,                 0,     0.07764026759,    -0.01043018686,      0.6012366818,                 0,       56.94033871,     0.00780297764
          0,           0,         657,      -11.27917295,       -9.67660026,      -10.24750231,       -10.9354713,      -12.45320375,      -5.473276931,      -3.396439864,    9.94991975e-05,       6.460275802,                40,                40,                40,    0.001789260784,     0.01055880424,      0.6012279398,                 0,                 0,                 0,     0.07763949042,     -0.0104301804,      0.6012301849,                 0,       56.94091168,     0.00780297764
          0,           0,         658,      -11.27910107,      -9.676583685,      -10.24743413,       -10.9354008,      -12.45314033,      -5.473287989,       -3.39638428,   9.949919795e-05,       6.460275803,                40,                40,                40,    0.001789260784,     0.01055858425,      0.6012214454,                 0,                 0,                 0,     0.07763871327,     -0.0104301736,      0.6012236868,                 0,       56.94148297,    0.007903241659
          0,           0,         659,      -11.27899623,      -9.676567122,      -10.24736581,      -10.93528972,      -12.45307733,      -5.473299011,       -3.39632875,   9.949919841e-05,       6.460275804,                40,                40,                40,    0.001789260784,     0.01055836455,      0.6012149498,                 0,                 0,                 0,     0.07763793614,    -0.01043016648,      0.6012171875,                 0,        56.9420526,    0.007903241659
          0,           0,         660,       -11.2789535,      -9.676550537,      -10.24729748,       -10.9352573,      -12.45301474,      -5.473309997,      -3.396273272,   9.949919886e-05,       6.460275806,                40,                40,                40,    0.001789260784,     0.01055814515,       0.601208453,                 0,                 0,                 0,     0.07763715904,    -0.01043015901,       0.601210687,                 0,       56.94262057,    0.007903241659
          0,           0,         661,      -11.27889782,      -9.676533922,      -10.24722932,      -10.93520773,      -12.45295256,      -5.473320948,      -3.396217848,   9.949919931e-05,       6.460275807,                40,                40,                40,    0.001789260784,     0.01055792603,       0.601201955,                 0,                 0,                 0,     0.07763638196,    -0.01043015122,      0.6012041853,                 0,        56.9431869,    0.007903241659
          0,           0,         662,      -11.27883122,      -9.676517285,      -10.24716123,      -10.93514442,      -12.45289081,      -5.473331863,      -3.396162484,   9.949919977e-05,       6.460275808,                40,                40,                40,    0.001789260784,     0.01055770719,      0.6011954558,                 0,                 0,                 0,     0.07763560489,     -0.0104301431,      0.6011976825,                 0,       56.94375159,     0.00810767885
          0,           0,         663,      -11.27876456,      -9.676500626,       -10.2470932,      -10.93508123,      -12.45282947,      -5.473342743,      -3.396107182,   9.949920022e-05,        6.46027581,                40,                40,                40,    0.001789260784,     0.01055748865,      0.6011889554,                 0,                 0,                 0,     0.07763482785,    -0.01043013466,      0.6011911784,                 0,       56.94431464,     0.00810767885
          0,           0,         664,       -11.2786999,      -9.676483938,      -10.24702523,      -10.93502071,      -12.45276855,      -5.473353588,      -3.396051897,   9.949920067e-05,       6.460275811,                40,                40,                40,    0.001789260784,     0.01055727039,      0.6011824538,                 0,                 0,                 0,     0.07763405082,    -0.01043012588,      0.6011846731,                 0,       56.94487607,     0.00810767885
          0,           0,         665,      -11.27863559,      -9.676467222,      -10.24695733,       -10.9349607,      -12.45270805,      -5.473364395,      -3.395996589,   9.949920112e-05,       6.460275812,                40,                40,                40,    0.001789260784,     0.01055705241,       0.601175951,                 0,                 0,                 0,     0.07763327382,    -0.01043011678,      0.6011781666,                 0,       56.94543585,     0.01014306576
          0,           0,         666,      -11.27857099,      -9.676450481,       -10.2468895,      -10.93490032,      -12.45264796,      -5.473375166,      -3.395941334,   9.949920158e-05,       6.460275814,                40,                40,                40,    0.001789260784,     0.01055683473,       0.601169447,                 0,                 0,                 0,     0.07763249685,    -0.01043010734,       0.601171659,                 0,       56.94599398,     0.01014306576
          0,           0,         667,      -11.27850644,      -9.676433714,      -10.24682172,      -10.93484009,      -12.45258829,      -5.473385902,      -3.395886095,   9.949920203e-05,       6.460275815,                40,                40,                40,    0.001789260784,     0.01055661734,      0.6011629418,                 0,                 0,                 0,     0.07763171991,    -0.01043009757,      0.6011651502,                 0,       56.94655045,     0.01014306576
          0,           0,         668,      -11.27844162,       -9.67641692,      -10.24675402,      -10.93477968,      -12.45252903,      -5.473396604,      -3.395830933,   9.949920248e-05,       6.460275816,                40,                40,                40,    0.001789260784,     0.01055640024,      0.6011564354,                 0,                 0,                 0,     0.07763094299,    -0.01043008747,      0.6011586402,                 0,       56.94710524,     0.01014306576
          0,           0,         669,      -11.27837691,      -9.676400098,      -10.24668637,      -10.93471943,       -12.4524702,      -5.473407271,      -3.395775843,   9.949920293e-05,       6.460275818,                40,                40,                40,    0.001789260784,     0.01055618343,      0.6011499278,                 0,                 0,                 0,     0.07763016611,    -0.01043007703,       0.601152129,                 0,       56.94765836,     0.01014306576
          0,           0,         670,      -11.27831243,       -9.67638325,      -10.24661879,      -10.93465944,      -12.45241177,      -5.473417905,      -3.395720841,   9.949920339e-05,       6.460275819,                40,                40,                40,    0.001789260784,     0.01055596692,      0.6011434191,                 0,                 0,                 0,     0.07762938925,    -0.01043006626,      0.6011456167,                 0,       56.94820981,     0.01014306576
          0,           0,         671,      -11.27824807,      -9.676366374,      -10.24655126,      -10.93459967,      -12.45235377,      -5.473428504,      -3.395665915,   9.949920384e-05,        6.46027582,                40,                40,                40,    0.001789260784,      0.0105557507,      0.6011369091,                 0,                 0,                 0,     0.07762861242,    -0.01043005515,      0.6011391032,                 0,       56.94875959,     0.01014306576
          0,           0,         672,      -11.27818353,      -9.676349471,      -10.24648378,      -10.93453972,      -12.45229618,      -5.473439069,      -3.395611055,   9.949920429e-05,       6.460275822,                40,                40,                40,    0.001789260784,     0.01055553478,       0.601130398,                 0,                 0,                 0,     0.07762783562,    -0.01043004371,      0.6011325885,                 0,        56.9493077,     0.01014306576
          0,           0,         673,      -11.27811895,      -9.676332539,      -10.24641636,      -10.93447978,        -12.452239,      -5.473449601,      -3.395556258,   9.949920474e-05,       6.460275823,                40,                40,                40,    0.001789260784,     0.01055531914,      0.6011238857,                 0,                 0,                 0,     0.07762705885,    -0.01043003194,      0.6011260726,                 0,       56.94985416,     0.01014306576
          0,           0,         674,      -11.27805434,       -9.67631558,      -10.24634897,      -10.93441982,      -12.45218223,        -5.4734601,      -3.395501524,    9.94992052e-05,       6.460275825,                40,                40,                40,    0.001789260784,      0.0105551038,      0.6011173722,                 0,                 0,                 0,      0.0776262821,    -0.01043001984,      0.6011195556,                 0,       56.95039895,     0.01014306576
          0,           0,         675,      -11.27798922,      -9.676298592,      -10.24628161,       -10.9343594,      -12.45212588,      -5.473470565,      -3.395446857,   9.949920565e-05,       6.460275826,                40,                40,                40,    0.001789260784,     0.01055488874,      0.6011108575,                 0,                 0,                 0,     0.07762550538,     -0.0104300074,      0.6011130373,                 0,       56.95094209,     0.01014306576
          0,           0,         676,      -11.27792367,      -9.676281574,      -10.24621429,       -10.9342985,      -12.45206994,      -5.473480999,      -3.395392259,    9.94992061e-05,       6.460275827,                40,                40,                40,    0.001789260784,     0.01055467398,      0.6011043417,                 0,                 0,                 0,     0.07762472869,    -0.01042999463,      0.6011065179,                 0,       56.95148356,     0.01014306576
          0,           0,         677,      -11.27785853,      -9.676264527,      -10.24614701,      -10.93423805,      -12.45201441,        -5.4734914,      -3.395337728,   9.949920655e-05,       6.460275829,                40,                40,                40,    0.001789260784,     0.01055445951,      0.6010978246,                 0,                 0,                 0,     0.07762395203,    -0.01042998153,      0.6010999974,                 0,       56.95202337,     0.01014306576
          0,           0,         678,      -11.27779344,      -9.676247452,      -10.24607977,      -10.93417769,      -12.45195928,       -5.47350177,      -3.395283262,     9.9499207e-05,        6.46027583,                40,                40,                40,    0.001789260784,     0.01055424533,      0.6010913064,                 0,                 0,                 0,     0.07762317541,     -0.0104299681,      0.6010934757,                 0,       56.95256153,     0.01014306576
          0,           0,         679,      -11.27772836,       -9.67623035,      -10.24601256,      -10.93411743,      -12.45190457,      -5.473512108,      -3.395228786,   9.949920746e-05,       6.460275831,                40,                40,                40,    0.001789260784,     0.01055403144,       0.601084787,                 0,                 0,                 0,     0.07762239882,    -0.01042995434,      0.6010869528,                 0,       56.95309802,     0.01014306576
          0,           0,         680,       -11.2776631,      -9.676213219,      -10.24594538,      -10.93405703,      -12.45185026,      -5.473522414,      -3.395174224,   9.949920791e-05,       6.460275833,                40,                40,                40,    0.001789260784,     0.01055381784,      0.6010782665,                 0,                 0,                 0,     0.07762162227,    -0.01042994024,      0.6010804288,                 0,       56.95363286,     0.01014306576
          0,           0,         681,      -11.27759788,       -9.67619606,      -10.24587824,      -10.93399671,      -12.45179636,       -5.47353269,      -3.395119727,   9.949920836e-05,       6.460275834,                40,                40,                40,    0.001789260784,     0.01055360453,      0.6010717447,                 0,                 0,                 0,     0.07762084575,    -0.01042992581,      0.6010739036,                 0,       56.95416603,      0.0103628555
          0,           0,         682,      -11.27753246,      -9.676178872,      -10.24581113,      -10.93393634,      -12.45174285,      -5.473542936,      -3.395065286,   9.949920881e-05,       6.460275835,                40,                40,                40,    0.001789260784,     0.01055339152,      0.6010652218,                 0,                 0,                 0,     0.07762006927,    -0.01042991105,      0.6010673772,                 0,       56.95469754,      0.0103628555
          0,           0,         683,        -11.277467,      -9.676161657,      -10.24574406,      -10.93387604,      -12.45168976,      -5.473553151,       -3.39501091,   9.949920926e-05,       6.460275837,                40,                40,                40,    0.001789260784,     0.01055317879,      0.6010586978,                 0,                 0,                 0,     0.07761929282,    -0.01042989596,      0.6010608497,                 0,       56.95522739,      0.0103628555
          0,           0,         684,      -11.27740159,      -9.676144413,      -10.24567702,      -10.93381565,      -12.45163706,      -5.473563336,      -3.394956698,   9.949920971e-05,       6.460275838,                40,                40,                40,    0.001789260784,     0.01055296636,      0.6010521726,                 0,                 0,                 0,     0.07761851642,    -0.01042988054,       0.601054321,                 0,       56.95575558,      0.0103628555
          0,           0,         685,      -11.27733623,      -9.676127141,      -10.24561001,      -10.93375525,      -12.45158476,      -5.473573493,      -3.394902551,   9.949921016e-05,       6.460275839,                40,                40,                40,    0.001789260784,     0.01055275422,      0.6010456462,                 0,                 0,                 0,     0.07761774004,    -0.01042986478,      0.6010477912,                 0,       56.95628211,      0.0103628555
          0,           0,         686,      -11.27727082,      -9.676109841,      -10.24554304,       -10.9336949,      -12.45153285,      -5.473583621,      -3.394848465,   9.949921061e-05,       6.460275841,                40,                40,                40,    0.001789260784,     0.01055254236,      0.6010391186,                 0,                 0,                 0,     0.07761696371,     -0.0104298487,      0.6010412602,                 0,       56.95680698,      0.0103628555
          0,           0,         687,      -11.27720544,      -9.676092512,      -10.24547611,       -10.9336346,      -12.45148123,       -5.47359372,      -3.394802782,   9.949921107e-05,       6.460275842,                40,                40,                40,    0.001789260784,      0.0105523308,      0.6010325899,                 0,                 0,                 0,     0.07761618742,    -0.01042983228,      0.6010347281,                 0,       56.95733019,      0.0103628555
          0,           0,         688,      -11.27714816,      -9.676075142,      -10.24540915,      -10.93358156,      -12.45142996,      -5.473603793,      -3.394759992,   9.949921152e-05,       6.460275844,                40,                40,                40,    0.001789260784,     0.01055211953,        0.60102606,                 0,                 0,                 0,     0.07761541116,    -0.01042981553,      0.6010281948,                 0,       56.95785174,      0.0103628555
          0,           0,         689,      -11.27705956,      -9.676057743,      -10.24534221,      -10.93349122,      -12.45137906,       -5.47361384,      -3.394716834,   9.949921197e-05,       6.460275845,                40,                40,                40,    0.001789260784,     0.01055190855,      0.6010195289,                 0,                 0,                 0,     0.07761463494,    -0.01042979845,      0.6010216604,                 0,       56.95837164,      0.0103628555
          0,           0,         690,      -11.27699939,      -9.676040319,      -10.24527526,      -10.93343852,      -12.45132854,       -5.47362386,      -3.394673342,   9.949921242e-05,       6.460275846,                40,                40,                40,    0.001789260784,     0.01055169786,      0.6010129967,                 0,                 0,                 0,     0.07761385876,    -0.01042978105,      0.6010151248,                 0,        56.9588899,      0.0103628555
          0,           0,         691,      -11.27693928,      -9.676022865,      -10.24520834,      -10.93338538,      -12.45127841,      -5.473633853,      -3.394629519,   9.949921287e-05,       6.460275848,                40,                40,                40,    0.001789260784,     0.01055148745,      0.6010064633,                 0,                 0,                 0,      0.0776130826,    -0.01042976331,       0.601008588,                 0,       56.95940653,      0.0103628555
          0,           0,         692,      -11.27687406,      -9.676005383,      -10.24514146,      -10.93332537,      -12.45122864,      -5.473643818,      -3.394585374,   9.949921332e-05,       6.460275849,                40,                40,                40,    0.001789260784,     0.01055127733,      0.6009999288,                 0,                 0,                 0,     0.07761230648,    -0.01042974526,      0.6010020501,                 0,       56.95992154,     0.01110426597
          0,           0,         693,      -11.27680775,      -9.675987873,      -10.24507462,      -10.93326397,      -12.45117925,      -5.473653758,      -3.394540927,   9.949921377e-05,        6.46027585,                40,                40,                40,    0.001789260784,     0.01055106749,       0.600993393,                 0,                 0,                 0,     0.07761153038,    -0.01042972688,       0.600995511,                 0,       56.96043492,     0.01110426597
          0,           0,         694,      -11.27674201,      -9.675970335,      -10.24500781,       -10.9332034,      -12.45113023,      -5.473663671,      -3.394496198,   9.949921422e-05,       6.460275852,                40,                40,                40,    0.001789260784,     0.01055085794,      0.6009868561,                 0,                 0,                 0,     0.07761075432,    -0.01042970817,      0.6009889708,                 0,       56.96094666,     0.01245011955
          0,           0,         695,      -11.27667648,      -9.675952767,      -10.24494104,      -10.93314306,      -12.45108158,      -5.473673559,      -3.394451214,   9.949921467e-05,       6.460275853,                40,                40,                40,    0.001789260784,     0.01055064867,      0.6009803181,                 0,                 0,                 0,     0.07760997829,    -0.01042968913,      0.6009824294,                 0,       56.96145675,     0.01254357113
          0,           0,         696,      -11.27661074,       -9.67593517,       -10.2448743,      -10.93308242,      -12.45103329,      -5.473683421,      -3.394406016,   9.949921512e-05,       6.460275854,                40,                40,                40,    0.001789260784,      0.0105504397,      0.6009737788,                 0,                 0,                 0,     0.07760920229,    -0.01042966975,      0.6009758869,                 0,       56.96196517,     0.01254357113
          0,           0,         697,      -11.27654498,      -9.675917543,      -10.24480761,      -10.93302171,      -12.45098537,      -5.473693259,      -3.394360555,   9.949921557e-05,       6.460275856,                40,                40,                40,    0.001789260784,     0.01055023102,      0.6009672385,                 0,                 0,                 0,     0.07760842634,    -0.01042965005,      0.6009693432,                 0,       56.96247192,     0.01254357113
          0,           0,         698,      -11.27647914,      -9.675899887,      -10.24474096,      -10.93296088,      -12.45093781,      -5.473703073,      -3.394314842,   9.949921602e-05,       6.460275857,                40,                40,                40,    0.001789260784,     0.01055002264,      0.6009606969,                 0,                 0,                 0,     0.07760765043,    -0.01042963001,      0.6009627984,                 0,         56.962977,     0.01254357113
          0,           0,         699,      -11.27641327,      -9.675882201,      -10.24467434,      -10.93289996,      -12.45089061,      -5.473712863,      -3.394268876,   9.949921647e-05,       6.460275859,                40,                40,                40,    0.001789260784,     0.01054981455,      0.6009541542,                 0,                 0,                 0,     0.07760687456,    -0.01042960964,      0.6009562524,                 0,        56.9634804,     0.01254357113
          0,           0,         700,      -11.27634734,      -9.675864486,      -10.24460775,      -10.93283896,      -12.45084376,      -5.473722628,      -3.394222685,   9.949921692e-05,        6.46027586,                40,                40,                40,    0.001789260784,     0.01054960675,      0.6009476104,                 0,                 0,                 0,     0.07760609875,    -0.01042958893,      0.6009497053,                 0,       56.96398213,     0.01277993215
          0,           0,         701,      -11.27628134,       -9.67584674,      -10.24454119,      -10.93277782,      -12.45079727,      -5.473732371,      -3.394176285,   9.949921737e-05,       6.460275861,                40,                40,                40,    0.001789260784,     0.01054939924,      0.6009410654,                 0,                 0,                 0,     0.07760532298,     -0.0104295679,      0.6009431571,                 0,       56.96448219,     0.01277993215
          0,           0,         702,      -11.27621541,      -9.675828966,      -10.24447466,      -10.93271672,      -12.45075114,      -5.473742092,      -3.394129651,   9.949921782e-05,       6.460275863,                40,                40,                40,    0.001789260784,     0.01054919203,      0.6009345193,                 0,                 0,                 0,     0.07760454727,    -0.01042954653,      0.6009366077,                 0,       56.96498059,     0.01277993215
          0,           0,         703,      -11.27614936,      -9.675811161,      -10.24440816,      -10.93265544,      -12.45070534,      -5.473751791,      -3.394081966,   9.949921827e-05,       6.460275864,                40,                40,                40,    0.001789260784,     0.01054898511,       0.600927972,                 0,                 0,                 0,      0.0776037716,    -0.01042952482,      0.6009300572,                 0,       56.96547731,     0.01277993215
          0,           0,         704,      -11.27608376,       -9.67579337,      -10.24434189,      -10.93258699,       -12.4506599,      -5.473761468,      -3.394030862,   9.949921872e-05,       6.460275865,                40,                40,                40,    0.001789260784,     0.01054877848,      0.6009214236,                 0,                 0,                 0,     0.07760299598,    -0.01042950279,      0.6009235056,                 0,       56.96597238,     0.01277993215
          0,           0,         705,        -11.276007,      -9.675775566,      -10.24427555,      -10.93250207,       -12.4506148,      -5.473771124,      -3.393979542,   9.949921917e-05,       6.460275867,                40,                40,                40,    0.001789260784,     0.01054857214,      0.6009148741,                 0,                 0,                 0,     0.07760222041,    -0.01042948043,      0.6009169528,                 0,       56.96646579,     0.01277993215
          0,           0,         706,      -11.27593739,      -9.675757715,       -10.2442092,      -10.93243445,      -12.45057004,      -5.473780772,       -3.39392801,   9.949921962e-05,       6.460275868,                40,                40,                40,    0.001789260784,     0.01054836609,      0.6009083234,                 0,                 0,                 0,     0.07760144489,    -0.01042945773,      0.6009103989,                 0,       56.96695753,     0.01277993215
          0,           0,         707,      -11.27586838,      -9.675739822,      -10.24414289,      -10.93237134,      -12.45052561,       -5.47379041,      -3.393876269,   9.949922007e-05,       6.460275869,                40,                40,                40,    0.001789260784,     0.01054816034,      0.6009017715,                 0,                 0,                 0,     0.07760066942,    -0.01042943471,      0.6009038439,                 0,       56.96744761,     0.01277993215
          0,           0,         708,      -11.27580167,      -9.675721895,      -10.24407656,      -10.93230933,      -12.45048153,      -5.473800029,      -3.393824321,   9.949922052e-05,       6.460275871,                40,                40,                40,    0.001789260784,     0.01054795488,      0.6008952186,                 0,                 0,                 0,       0.077599894,    -0.01042941135,      0.6008972877,                 0,       56.96793602,     0.01277993215
          0,           0,         709,      -11.27573545,      -9.675703938,      -10.24401022,      -10.93224672,      -12.45043777,      -5.473809628,      -3.393772173,   9.949922097e-05,       6.460275872,                40,                40,                40,    0.001789260784,     0.01054774971,      0.6008886645,                 0,                 0,                 0,     0.07759911864,    -0.01042938766,      0.6008907305,                 0,       56.96842275,     0.01277993215
          0,           0,         710,      -11.27566855,      -9.675685948,      -10.24394389,      -10.93218343,      -12.45039435,      -5.473819209,      -3.393719834,   9.949922142e-05,       6.460275874,                40,                40,                40,    0.001789260784,     0.01054754483,      0.6008821092,                 0,                 0,                 0,     0.07759834333,    -0.01042936364,      0.6008841721,                 0,       56.96890781,     0.01277993215
          0,           0,         711,      -11.27560136,      -9.675667926,      -10.24387758,      -10.93212004,      -12.45035125,      -5.473828772,      -3.393667308,   9.949922187e-05,       6.460275875,                40,                40,                40,    0.001789260784,     0.01054734025,      0.6008755529,                 0,                 0,                 0,     0.07759756808,    -0.01042933928,      0.6008776126,                 0,        56.9693912,     0.01277993215
          0,           0,         712,      -11.27553436,      -9.675649872,      -10.24381129,      -10.93205682,      -12.45030848,      -5.473838317,      -3.393614597,   9.949922232e-05,       6.460275876,                40,                40,                40,    0.001789260784,     0.01054713596,      0.6008689954,                 0,                 0,                 0,     0.07759679289,    -0.01042931459,       0.600871052,                 0,        56.9698729,     0.01277993215
          0,           0,         713,      -11.27546761,      -9.675631787,      -10.24374502,      -10.93199371,      -12.45026603,      -5.473847844,       -3.39356164,   9.949922277e-05,       6.460275878,                40,                40,                40,    0.001789260784,     0.01054693197,      0.6008624368,                 0,                 0,                 0,     0.07759601776,    -0.01042928957,      0.6008644902,                 0,       56.97035293,     0.01277993215
          0,           0,         714,      -11.27540087,      -9.675613671,      -10.24367877,      -10.93193058,      -12.45022391,      -5.473857356,      -3.393508475,   9.949922321e-05,       6.460275879,                40,                40,                40,    0.001789260784,     0.01054672827,       0.600855877,                 0,                 0,                 0,     0.07759524268,    -0.01042926421,      0.6008579274,                 0,       56.97083129,     0.01277993215
          0,           0,         715,       -11.2753341,      -9.675595523,      -10.24361254,      -10.93186732,       -12.4501821,       -5.47386685,      -3.393455148,   9.949922366e-05,        6.46027588,                40,                40,                40,    0.001789260784,     0.01054652487,      0.6008493162,                 0,                 0,                 0,     0.07759446765,    -0.01042923852,      0.6008513634,                 0,       56.97130798,     0.01277993215
          0,           0,         716,      -11.27526743,      -9.675577344,      -10.24354634,       -10.9318041,       -12.4501406,       -5.47387633,      -3.393401562,   9.949922411e-05,       6.460275882,                40,                40,                40,    0.001789260784,     0.01054632175,      0.6008427542,                 0,                 0,                 0,     0.07759369269,     -0.0104292125,      0.6008447984,                 0,       56.97178299,     0.01277993215
          0,           0,         717,      -11.27520087,      -9.675559134,      -10.24348016,      -10.93174092,      -12.45009942,      -5.473885794,      -3.393347826,   9.949922456e-05,       6.460275883,                40,                40,                40,    0.001789260784,     0.01054611893,      0.6008361911,                 0,                 0,                 0,     0.07759291777,    -0.01042918615,      0.6008382322,                 0,       56.97225634,     0.01277993215
          0,           0,         718,      -11.27513438,      -9.675540884,      -10.24341401,      -10.93167776,      -12.45005855,      -5.473895243,      -3.393293952,   9.949922501e-05,       6.460275885,                40,                40,                40,    0.001789260784,      0.0105459164,      0.6008296269,                 0,                 0,                 0,     0.07759214291,    -0.01042915947,      0.6008316649,                 0,       56.97272801,     0.01277993215
          0,           0,         719,       -11.2750679,      -9.675522604,      -10.24334788,      -10.93161454,      -12.45001799,      -5.473904678,      -3.393239953,   9.949922546e-05,       6.460275886,                40,                40,                40,    0.001789260784,     0.01054571417,      0.6008230615,                 0,                 0,                 0,      0.0775913681,    -0.01042913245,      0.6008250965,                 0,       56.97319802,     0.01371812797
          0,           0,         720,      -11.27500162,      -9.675504293,      -10.24328178,      -10.93155145,      -12.44997774,      -5.473914099,       -3.39318583,   9.949922591e-05,       6.460275887,                40,                40,                40,    0.001789260784,     0.01054551222,      0.6008164951,                 0,                 0,                 0,     0.07759059335,    -0.01042910511,       0.600818527,                 0,       56.97366636,     0.01371812797
          0,           0,         721,      -11.27493535,      -9.675485952,       -10.2432157,      -10.93148832,      -12.44993779,      -5.473923521,      -3.393131576,   9.949922636e-05,       6.460275889,                40,                40,                40,    0.001789260784,     0.01054531057,      0.6008099275,                 0,                 0,                 0,     0.07758981865,    -0.01042907743,      0.6008119563,                 0,       56.97413304,     0.01371812797
          0,           0,         722,      -11.27486921,      -9.675467579,      -10.24314965,      -10.93142525,      -12.44989815,      -5.473932933,      -3.393077196,    9.94992268e-05,        6.46027589,                40,                40,                40,    0.001789260784,     0.01054510921,      0.6008033588,                 0,                 0,                 0,     0.07758904401,    -0.01042904942,      0.6008053846,                 0,       56.97459804,     0.01371812797
          0,           0,         723,      -11.27480315,      -9.675449176,      -10.24308362,      -10.93136225,      -12.44985881,      -5.473942334,      -3.393022688,   9.949922725e-05,       6.460275891,                40,                40,                40,    0.001789260784,     0.01054490815,       0.600796789,                 0,                 0,                 0,     0.07758826942,    -0.01042902108,      0.6007988118,                 0,       56.97506137,     0.01371812797
          0,           0,         724,      -11.27473727,      -9.675430743,      -10.24301762,       -10.9312994,      -12.44981978,      -5.473951726,      -3.392968057,    9.94992277e-05,       6.460275893,                40,                40,                40,    0.001789260784,     0.01054470738,      0.6007902181,                 0,                 0,                 0,     0.07758749489,    -0.01042899241,      0.6007922379,                 0,       56.97552303,     0.01371812797
          0,           0,         725,      -11.27467057,      -9.675412279,       -10.2429516,      -10.93123587,      -12.44978104,      -5.473961125,      -3.392913304,   9.949922815e-05,       6.460275894,                40,                40,                40,    0.001789260784,      0.0105445069,      0.6007836461,                 0,                 0,                 0,     0.07758672042,     -0.0104289634,      0.6007856629,                 0,       56.97598301,     0.01371812797
          0,           0,         726,       -11.2746033,      -9.675393781,      -10.24288566,      -10.93117132,       -12.4497426,      -5.473970513,       -3.39285843,    9.94992286e-05,       6.460275896,                40,                40,                40,    0.001789260784,     0.01054430672,      0.6007770729,                 0,                 0,                 0,     0.07758594601,    -0.01042893407,      0.6007790868,                 0,       56.97644133,     0.01371812797
          0,           0,         727,      -11.27453783,      -9.675375254,      -10.24281975,      -10.93110869,      -12.44970401,      -5.473979891,      -3.392803434,   9.949922904e-05,       6.460275897,                40,                40,                40,    0.001789260784,     0.01054410682,      0.6007704987,                 0,                 0,                 0,     0.07758517166,     -0.0104289044,      0.6007725096,                 0,       56.97689797,     0.01371812797
          0,           0,         728,      -11.27447265,      -9.675356696,      -10.24275386,      -10.93104638,      -12.44966399,      -5.473989258,      -3.392748318,   9.949922949e-05,       6.460275898,                40,                40,                40,    0.001789260784,     0.01054390723,      0.6007639234,                 0,                 0,                 0,     0.07758439736,     -0.0104288744,      0.6007659313,                 0,       56.97735293,     0.01371812797
          0,           0,         729,      -11.27440725,      -9.675338109,        -10.242688,      -10.93098378,       -12.4496199,      -5.473998616,      -3.392693087,   9.949922994e-05,         6.4602759,                40,                40,                40,    0.001789260784,     0.01054370792,      0.6007573469,                 0,                 0,                 0,     0.07758362312,    -0.01042884407,      0.6007593519,                 0,       56.97780623,     0.01378396816
          0,           0,         730,      -11.27434175,      -9.675319494,      -10.24262216,      -10.93092102,      -12.44957604,      -5.474007965,      -3.392637744,   9.949923039e-05,       6.460275901,                40,                40,                40,    0.001789260784,     0.01054350891,      0.6007507694,                 0,                 0,                 0,     0.07758284894,     -0.0104288134,      0.6007527714,                 0,       56.97825785,     0.01378396816
          0,           0,         731,      -11.27427644,       -9.67530085,      -10.24255636,      -10.93085848,      -12.44953242,      -5.474017305,      -3.392582293,   9.949923083e-05,       6.460275903,                40,                40,                40,    0.001789260784,     0.01054331019,      0.6007441907,                 0,                 0,                 0,     0.07758207482,    -0.01042878241,      0.6007461898,                 0,       56.97870781,     0.01378396816
          0,           0,         732,      -11.27421138,      -9.675282178,      -10.24249059,       -10.9307962,      -12.44948904,      -5.474026637,      -3.392526749,   9.949923128e-05,       6.460275904,                40,                40,                40,    0.001789260784,     0.01054311176,      0.6007376109,                 0,                 0,                 0,     0.07758130076,    -0.01042875109,      0.6007396071,                 0,        56.9791561,     0.01378396816
          0,           0,         733,      -11.27414642,      -9.675263477,      -10.24242484,      -10.93073403,       -12.4494459,      -5.474035962,      -3.392471094,   9.949923173e-05,       6.460275905,                40,                40,                40,    0.001789260784,     0.01054291363,      0.6007310301,                 0,                 0,                 0,     0.07758052676,    -0.01042871943,      0.6007330233,                 0,       56.97960271,     0.01378396816
          0,           0,         734,      -11.27408153,      -9.675244747,      -10.24235914,      -10.93067191,      -12.44940299,      -5.474045279,      -3.392415335,   9.949923218e-05,       6.460275907,                40,                40,                40,    0.001789260784,     0.01054271579,      0.6007244481,                 0,                 0,                 0,     0.07757975282,    -0.01042868745,      0.6007264385,                 0,       56.98004767,     0.01378396816
          0,           0,         735,      -11.27401674,      -9.675225988,      -10.24229346,       -10.9306099,      -12.44935139,       -5.47405459,      -3.392359521,   9.949923263e-05,       6.460275908,                40,                40,                40,    0.001789260784,     0.01054251824,       0.600717865,                 0,                 0,                 0,     0.07757897895,    -0.01042865513,      0.6007198525,                 0,       56.98049095,     0.01378396816
          0,           0,         736,      -11.27395203,      -9.675207202,      -10.24222781,      -10.93054797,      -12.44929447,      -5.474063884,      -3.392303631,   9.949923307e-05,       6.460275909,                40,                40,                40,    0.001789260784,     0.01054232098,      0.6007112809,                 0,                 0,                 0,     0.07757820513,    -0.01042862249,      0.6007132655,                 0,       56.98093258,     0.01525800111
          0,           0,         737,      -11.27388744,      -9.675188387,       -10.2421622,      -10.93048616,      -12.44923773,      -5.474073157,      -3.392247675,   9.949923352e-05,       6.460275911,                40,                40,                40,    0.001789260784,     0.01054212401,      0.6007046956,                 0,                 0,                 0,     0.07757743138,    -0.01042858951,      0.6007066773,                 0,       56.98137255,     0.01525800111
          0,           0,         738,      -11.27382298,      -9.675169545,      -10.24209662,      -10.93042455,      -12.44918119,      -5.474082407,      -3.392191628,   9.949923397e-05,       6.460275912,                40,                40,                40,    0.001789260784,     0.01054192733,      0.6006981092,                 0,                 0,                 0,      0.0775766577,    -0.01042855621,      0.6007000881,                 0,       56.98181085,     0.01525800111
          0,           0,         739,      -11.27378718,      -9.675150679,      -10.24203107,      -10.93039984,      -12.44912484,      -5.474091636,      -3.392135482,   9.949923441e-05,       6.460275914,                40,                40,                40,    0.001789260784,     0.01054173095,      0.6006915218,                 0,                 0,                 0,     0.07757588408,    -0.01042852258,      0.6006934978,                 0,        56.9822475,     0.01553159898
          0,           0,         740,      -11.27369484,      -9.675131778,      -10.24196553,      -10.93030195,       -12.4490687,      -5.474100843,      -3.392079242,   9.949923486e-05,       6.460275915,                40,                40,                40,    0.001789260784,     0.01054153485,      0.6006849332,                 0,                 0,                 0,     0.07757511052,    -0.01042848862,      0.6006869064,                 0,       56.98268249,     0.01553159898
          0,           0,         741,      -11.27359373,      -9.675112887,      -10.24189977,       -10.9301941,      -12.44901277,      -5.474110029,      -3.392022889,   9.949923531e-05,       6.460275916,                40,                40,                40,    0.001789260784,     0.01054133904,      0.6006783435,                 0,                 0,                 0,     0.07757433703,    -0.01042845433,      0.6006803139,                 0,       56.98311584,     0.01553159898
          0,           0,         742,      -11.27355374,       -9.67509397,      -10.24183399,      -10.93016364,      -12.44895705,      -5.474119194,      -3.391966443,   9.949923576e-05,       6.460275918,                40,                40,                40,    0.001789260784,     0.01054114352,      0.6006717527,                 0,                 0,                 0,     0.07757356359,    -0.01042841972,      0.6006737203,                 0,       56.98354754,     0.01553159898
          0,           0,         743,      -11.27349881,      -9.675075021,      -10.24176838,      -10.93011355,      -12.44890154,      -5.474128338,      -3.391909907,    9.94992362e-05,       6.460275919,                40,                40,                40,    0.001789260784,     0.01054094828,      0.6006651609,                 0,                 0,                 0,     0.07757279022,    -0.01042838478,      0.6006671257,                 0,        56.9839776,     0.01561871109
          0,           0,         744,      -11.27343259,      -9.675056046,      -10.24170284,      -10.93004919,      -12.44884624,       -5.47413746,      -3.391853286,   9.949923665e-05,       6.460275921,                40,                40,                40,    0.001789260784,     0.01054075334,      0.6006585679,                 0,                 0,                 0,      0.0775720169,    -0.01042834951,      0.6006605299,                 0,       56.98440602,     0.01561871109
          0,           0,         745,      -11.27336691,      -9.675037047,      -10.24163735,      -10.92998574,      -12.44879116,      -5.474146563,      -3.391796565,    9.94992371e-05,       6.460275922,                40,                40,                40,    0.001789260784,     0.01054055867,      0.6006519737,                 0,                 0,                 0,     0.07757124363,    -0.01042831393,       0.600653933,                 0,       56.98483281,     0.01625017901
          0,           0,         746,      -11.27330379,      -9.675018022,      -10.24157193,       -10.9299256,      -12.44873629,      -5.474155645,      -3.391739708,   9.949923754e-05,       6.460275923,                40,                40,                40,    0.001789260784,      0.0105403643,      0.6006453785,                 0,                 0,                 0,     0.07757047043,    -0.01042827801,       0.600647335,                 0,       56.98525796,     0.01625017901
          0,           0,         747,      -11.27324113,      -9.674998969,      -10.24150656,      -10.92986605,      -12.44868175,      -5.474164707,      -3.391682752,   9.949923799e-05,       6.460275925,                40,                40,                40,    0.001789260784,     0.01054017021,      0.6006387822,                 0,                 0,                 0,     0.07756969728,    -0.01042824177,      0.6006407359,                 0,       56.98568146,     0.01625017901
          0,           0,         748,       -11.2731785,      -9.674979888,      -10.24144127,      -10.92980657,      -12.44862727,      -5.474173751,      -3.391625684,   9.949923844e-05,       6.460275926,                40,                40,                40,    0.001789260784,     0.01053997642,      0.6006321847,                 0,                 0,                 0,      0.0775689242,     -0.0104282052,      0.6006341357,                 0,       56.98610329,     0.01625017901
          0,           0,         749,       -11.2731159,      -9.674960779,      -10.24137603,      -10.92974716,        -12.448573,      -5.474182829,       -3.39156853,   9.949923888e-05,       6.460275927,                40,                40,                40,    0.001789260784,     0.01053978292,      0.6006255862,                 0,                 0,                 0,     0.07756815117,     -0.0104281683,      0.6006275344,                 0,       56.98652344,     0.01625017901
          0,           0,         750,      -11.27305362,      -9.674941642,      -10.24131086,      -10.92968819,      -12.44851881,       -5.47419192,      -3.391511284,   9.949923933e-05,       6.460275929,                40,                40,                40,    0.001789260784,     0.01053958971,      0.6006189866,                 0,                 0,                 0,     0.07756737821,    -0.01042813107,      0.6006209321,                 0,       56.98694192,     0.01625017901
          0,           0,         751,      -11.27299162,      -9.674922476,      -10.24124575,      -10.92962958,      -12.44846489,      -5.474200965,       -3.39145394,   9.949923978e-05,        6.46027593,                40,                40,                40,    0.001789260784,     0.01053939679,      0.6006123858,                 0,                 0,                 0,     0.07756660531,     -0.0104280935,      0.6006143286,                 0,       56.98735872,     0.01625017901
          0,           0,         752,      -11.27292975,      -9.674903282,      -10.24118068,      -10.92957118,      -12.44841121,      -5.474209978,      -3.391396518,   9.949924022e-05,       6.460275932,                40,                40,                40,    0.001789260784,     0.01053920417,       0.600605784,                 0,                 0,                 0,     0.07756583247,     -0.0104280556,      0.6006077241,                 0,       56.98777385,     0.01625017901
          0,           0,         753,       -11.2728678,      -9.674884061,      -10.24111567,       -10.9295127,      -12.44835775,      -5.474218973,       -3.39133902,   9.949924067e-05,       6.460275933,                40,                40,                40,    0.001789260784,     0.01053901185,      0.6005991811,                 0,                 0,                 0,     0.07756505969,    -0.01042801738,      0.6006011185,                 0,       56.98818731,     0.01625017901
          0,           0,         754,      -11.27280732,       -9.67486481,      -10.24105069,      -10.92945618,      -12.44830389,      -5.474227946,      -3.391281443,   9.949924111e-05,       6.460275934,                40,                40,                40,    0.001789260784,     0.01053881981,       0.600592577,                 0,                 0,                 0,     0.07756428697,    -0.01042797882,      0.6005945118,                 0,       56.98859909,     0.01625017901
          0,           0,         755,      -11.27274589,      -9.674845532,      -10.24098575,      -10.92939836,      -12.44825015,        -5.4742369,      -3.391223788,   9.949924156e-05,       6.460275936,                40,                40,                40,    0.001789260784,     0.01053862807,      0.6005859719,                 0,                 0,                 0,     0.07756351431,    -0.01042793993,       0.600587904,                 0,        56.9890092,     0.01625017901
          0,           0,         756,      -11.27268386,      -9.674826224,      -10.24092087,      -10.92933983,      -12.44819662,      -5.474245831,      -3.391166057,   9.949924201e-05,       6.460275937,                40,                40,                40,    0.001789260784,     0.01053843662,      0.6005793657,                 0,                 0,                 0,     0.07756274171,    -0.01042790071,      0.6005812951,                 0,       56.98941765,     0.01625017901
          0,           0,         757,      -11.27262233,      -9.674806888,      -10.24085602,      -10.92928204,       -12.4481433,      -5.474254743,      -3.391108249,   9.949924245e-05,       6.460275939,                40,                40,                40,    0.001789260784,     0.01053824546,      0.6005727583,                 0,                 0,                 0,     0.07756196918,    -0.01042786116,      0.6005746851,                 0,       56.98982443,     0.01654469009
          0,           0,         758,      -11.27256099,      -9.674787524,      -10.24079121,      -10.92922448,      -12.44809019,      -5.474263636,      -3.391050364,    9.94992429e-05,        6.46027594,                40,                40,                40,    0.001789260784,     0.01053805459,      0.6005661499,                 0,                 0,                 0,     0.07756119671,    -0.01042782128,       0.600568074,                 0,       56.99022954,     0.01654469009
          0,           0,         759,      -11.27249964,      -9.674768132,      -10.24072644,      -10.92916693,       -12.4480373,       -5.47427251,        -3.3909924,   9.949924334e-05,       6.460275941,                40,                40,                40,    0.001789260784,     0.01053786401,      0.6005595404,                 0,                 0,                 0,      0.0775604243,    -0.01042778107,      0.6005614619,                 0,         56.990633,     0.01654469009
          0,           0,         760,      -11.27243836,      -9.674748711,       -10.2406617,      -10.92910948,      -12.44798463,      -5.474281371,      -3.390934359,   9.949924379e-05,       6.460275943,                40,                40,                40,    0.001789260784,     0.01053767372,      0.6005529298,                 0,                 0,                 0,     0.07755965196,    -0.01042774053,      0.6005548487,                 0,       56.99103479,     0.01654469009
          0,           0,         761,      -11.27237714,      -9.674729262,        -10.240597,      -10.92905211,      -12.44793218,      -5.474290224,      -3.390876282,   9.949924424e-05,       6.460275944,                40,                40,                40,    0.001789260784,     0.01053748373,      0.6005463181,                 0,                 0,                 0,     0.07755887968,    -0.01042769967,      0.6005482344,                 0,       56.99143491,     0.01654469009
          0,           0,         762,      -11.27231602,      -9.674709782,      -10.24053233,      -10.92899489,      -12.44787995,      -5.474299134,      -3.390818153,   9.949924468e-05,       6.460275946,                40,                40,                40,    0.001789260784,     0.01053729402,      0.6005397053,                 0,                 0,                 0,     0.07755810747,    -0.01042765848,       0.600541619,                 0,       56.99183338,     0.01654469009
          0,           0,         763,      -11.27225493,      -9.674690267,      -10.24046771,      -10.92893772,      -12.44782794,      -5.474307877,       -3.39076011,   9.949924513e-05,       6.460275947,                40,                40,                40,    0.001789260784,     0.01053710461,      0.6005330914,                 0,                 0,                 0,     0.07755733532,    -0.01042761695,      0.6005350025,                 0,       56.99223018,     0.01654469009
          0,           0,         764,      -11.27219389,      -9.674670723,      -10.24040312,       -10.9288806,      -12.44777616,      -5.474316599,      -3.390701994,   9.949924557e-05,       6.460275948,                40,                40,                40,    0.001789260784,     0.01053691549,      0.6005264765,                 0,                 0,                 0,     0.07755656324,     -0.0104275751,       0.600528385,                 0,       56.99262532,     0.01654469009
          0,           0,         765,       -11.2721329,      -9.674651151,      -10.24033856,      -10.92882354,      -12.44772461,      -5.474325299,      -3.390643802,   9.949924602e-05,        6.46027595,                40,                40,                40,    0.001789260784,     0.01053672666,      0.6005198604,                 0,                 0,                 0,     0.07755579123,    -0.01042753292,      0.6005217664,                 0,        56.9930188,     0.01654469009
          0,           0,         766,      -11.27207198,      -9.674631549,      -10.24027405,      -10.92876658,      -12.44767329,      -5.474333976,      -3.390585577,   9.949924646e-05,       6.460275951,                40,                40,                40,    0.001789260784,     0.01053653812,      0.6005132433,                 0,                 0,                 0,     0.07755501928,    -0.01042749041,      0.6005151467,                 0,       56.99341061,     0.01654469009
          0,           0,         767,      -11.27201109,      -9.674611919,      -10.24020957,      -10.92870962,      -12.44762221,      -5.474342629,      -3.390527291,   9.949924691e-05,       6.460275953,                40,                40,                40,    0.001789260784,     0.01053634987,      0.6005066251,                 0,                 0,                 0,      0.0775542474,    -0.01042744758,       0.600508526,                 0,       56.99380077,     0.01712818022
          0,           0,         768,      -11.27195025,      -9.674592259,      -10.24014512,      -10.92865272,      -12.44757137,      -5.474351272,      -3.390468925,   9.949924735e-05,       6.460275954,                40,                40,                40,    0.001789260784,     0.01053616191,      0.6005000058,                 0,                 0,                 0,     0.07755347559,    -0.01042740441,      0.6005019041,                 0,       56.99418926,     0.01712818022
          0,           0,         769,      -11.27191434,      -9.674572564,      -10.24008074,      -10.92862587,      -12.44752076,      -5.474359992,      -3.390410491,    9.94992478e-05,       6.460275955,                40,                40,                40,    0.001789260784,     0.01053597424,      0.6004933854,                 0,                 0,                 0,     0.07755270384,    -0.01042736092,      0.6004952812,                 0,        56.9945761,     0.01712818022
          0,           0,         770,      -11.27182477,      -9.674552818,      -10.24001637,      -10.92852974,       -12.4474704,       -5.47436869,      -3.390351988,   9.949924824e-05,       6.460275957,                40,                40,                40,    0.001789260784,     0.01053578685,      0.6004867639,                 0,                 0,                 0,     0.07755193215,     -0.0104273171,      0.6004886572,                 0,       56.99496129,     0.01712818022
          0,           0,         771,       -11.2717585,      -9.674533051,      -10.23995191,      -10.92846626,      -12.44742029,      -5.474377368,      -3.390293422,   9.949924869e-05,       6.460275958,                40,                40,                40,    0.001789260784,     0.01053559976,      0.6004801413,                 0,                 0,                 0,     0.07755116054,    -0.01042727295,      0.6004820322,                 0,       56.99534482,     0.01712818022
          0,           0,         772,      -11.27170555,      -9.674513253,      -10.23988744,      -10.92842019,      -12.44737042,      -5.474386025,      -3.390234781,   9.949924913e-05,        6.46027596,                40,                40,                40,    0.001789260784,     0.01053541296,      0.6004735177,                 0,                 0,                 0,     0.07755038899,    -0.01042722848,      0.6004754061,                 0,        56.9957267,     0.01712818022
          0,           0,         773,      -11.27164727,       -9.67449342,      -10.23982305,      -10.92836668,      -12.44732081,       -5.47439466,      -3.390175996,   9.949924958e-05,       6.460275961,                40,                40,                40,    0.001789260784,     0.01053522645,       0.600466893,                 0,                 0,                 0,      0.0775496175,    -0.01042718368,      0.6004687789,                 0,       56.99610692,     0.01744532138
          0,           0,         774,      -11.27158619,       -9.67447356,       -10.2397587,      -10.92830936,      -12.44727146,      -5.474403275,      -3.390117127,   9.949925002e-05,       6.460275962,                40,                40,                40,    0.001789260784,     0.01053504022,      0.6004602672,                 0,                 0,                 0,     0.07754884609,    -0.01042713856,      0.6004621506,                 0,        56.9964855,     0.01744532138
          0,           0,         775,      -11.27152543,      -9.674453672,      -10.23969439,      -10.92825248,      -12.44722237,      -5.474411868,      -3.390058192,   9.949925047e-05,       6.460275964,                40,                40,                40,    0.001789260784,     0.01053485428,      0.6004536403,                 0,                 0,                 0,     0.07754807474,    -0.01042709311,      0.6004555213,                 0,       56.99686243,     0.01744532138
          0,           0,         776,      -11.27146516,      -9.674433755,      -10.23963012,      -10.92819625,      -12.44717357,       -5.47442044,      -3.389999195,   9.949925091e-05,       6.460275965,                40,                40,                40,    0.001789260784,     0.01053466864,      0.6004470124,                 0,                 0,                 0,     0.07754730345,    -0.01042704733,      0.6004488909,                 0,        56.9972377,     0.01744532138
          0,           0,         777,      -11.27140477,      -9.674413809,      -10.23956588,      -10.92813978,      -12.44712508,       -5.47442899,      -3.389940139,   9.949925136e-05,       6.460275967,                40,                40,                40,    0.001789260784,     0.01053448328,      0.6004403833,                 0,                 0,                 0,     0.07754653223,    -0.01042700122,      0.6004422594,                 0,       56.99761132,     0.01744532138
          0,           0,         778,      -11.27134441,      -9.674393833,      -10.23950167,      -10.92808325,      -12.44707676,      -5.474437519,      -3.389881021,    9.94992518e-05,       6.460275968,                40,                40,                40,    0.001789260784,     0.01053429821,      0.6004337532,                 0,                 0,                 0,     0.07754576109,    -0.01042695479,      0.6004356269,                 0,       56.99798327,     0.01744532138
          0,           0,         779,      -11.27128388,      -9.674373829,       -10.2394375,      -10.92802649,       -12.4470287,      -5.474446026,      -3.389821835,   9.949925225e-05,       6.460275969,                40,                40,                40,    0.001789260784,     0.01053411344,       0.600427122,                 0,                 0,                 0,     0.07754499001,    -0.01042690803,      0.6004289933,                 0,       56.99835355,     0.01744532138
          0,           0,         780,       -11.2712234,      -9.674353795,      -10.23937337,      -10.92796967,      -12.44698091,      -5.474454512,      -3.389762546,   9.949925269e-05,       6.460275971,                40,                40,                40,    0.001789260784,     0.01053392896,      0.6004204898,                 0,                 0,                 0,     0.07754421902,    -0.01042686093,      0.6004223587,                 0,       56.99872216,     0.01744532138
          0,           0,         781,      -11.27116287,      -9.674333732,      -10.23930926,      -10.92791278,      -12.44693338,      -5.474462976,      -3.389703153,   9.949925314e-05,       6.460275972,                40,                40,                40,    0.001789260784,     0.01053374477,      0.6004138565,                 0,                 0,                 0,     0.07754344811,    -0.01042681351,       0.600415723,                 0,       56.99908909,     0.01744532138
          0,           0,         782,      -11.27110239,      -9.674313639,      -10.23924518,      -10.92785589,      -12.44688614,      -5.474471419,      -3.389643691,   9.949925358e-05,       6.460275974,                40,                40,                40,    0.001789260784,     0.01053356088,      0.6004072222,                 0,                 0,                 0,     0.07754267727,    -0.01042676576,      0.6004090863,                 0,       56.99945434,     0.01744532138
          0,           0,         783,      -11.27104183,      -9.674293516,      -10.23918114,      -10.92779882,      -12.44683918,      -5.474479839,      -3.389584182,   9.949925402e-05,       6.460275975,                40,                40,                40,    0.001789260784,     0.01053337727,      0.6004005867,                 0,                 0,                 0,     0.07754190652,    -0.01042671767,      0.6004024485,                 0,       56.99981793,     0.01906276355
          0,           0,         784,       -11.2709812,      -9.674273363,      -10.23911712,      -10.92774161,      -12.44679249,      -5.474488237,      -3.389524595,   9.949925447e-05,       6.460275976,                40,                40,                40,    0.001789260784,     0.01053319396,      0.6003939503,                 0,                 0,                 0,     0.07754113584,    -0.01042666926,      0.6003958097,                 0,       57.00017985,     0.01906276355
          0,           0,         785,      -11.27092064,      -9.674253181,      -10.23905313,      -10.92768439,      -12.44674608,      -5.474496615,      -3.389464791,   9.949925491e-05,       6.460275978,                40,                40,                40,    0.001789260784,     0.01053301094,      0.6003873128,                 0,                 0,                 0,     0.07754036523,    -0.01042662052,      0.6003891698,                 0,       57.00054011,     0.01960232007
          0,           0,         786,      -11.27085995,      -9.674232969,      -10.23898916,      -10.92762696,      -12.44669995,      -5.474504972,      -3.389404805,   9.949925536e-05,       6.460275979,                40,                40,                40,    0.001789260784,     0.01053282821,      0.6003806742,                 0,                 0,                 0,      0.0775395947,    -0.01042657146,      0.6003825289,                 0,       57.00089871,     0.01960232007
          0,           0,         787,      -11.27079926,      -9.674212727,      -10.23892521,      -10.92756944,      -12.44665411,      -5.474513307,      -3.389344807,    9.94992558e-05,       6.460275981,                40,                40,                40,    0.001789260784,     0.01053264577,      0.6003740345,                 0,                 0,                 0,     0.07753882424,    -0.01042652207,      0.6003758869,                 0,       57.00125566,     0.01994396745
          0,           0,         788,      -11.27073854,      -9.674192455,      -10.23886128,      -10.92751184,      -12.44660855,      -5.474521619,      -3.389284807,   9.949925624e-05,       6.460275982,                40,                40,                40,    0.001789260784,     0.01053246362,      0.6003673938,                 0,                 0,                 0,     0.07753805386,    -0.01042647235,      0.6003692439,                 0,       57.00161095,     0.01994396745
          0,           0,         789,      -11.27067777,      -9.674172154,      -10.23879737,       -10.9274541,      -12.44656327,      -5.474529909,        -3.3892248,   9.949925669e-05,       6.460275983,                40,                40,                40,    0.001789260784,     0.01053228176,       0.600360752,                 0,                 0,                 0,     0.07753728354,     -0.0104264223,      0.6003625998,                 0,       57.00196459,     0.01994396745
          0,           0,         790,      -11.27061699,      -9.674151823,      -10.23873349,       -10.9273963,      -12.44651829,      -5.474538176,      -3.389164746,   9.949925713e-05,       6.460275985,                40,                40,                40,    0.001789260784,     0.01053210019,      0.6003541092,                 0,                 0,                 0,      0.0775365133,    -0.01042637193,      0.6003559547,                 0,       57.00231657,     0.01994396745
          0,           0,         791,      -11.27055622,      -9.674131462,      -10.23866963,      -10.92733847,      -12.44647359,      -5.474546421,      -3.389104391,   9.949925757e-05,       6.460275986,                40,                40,                40,    0.001789260784,     0.01053191891,      0.6003474653,                 0,                 0,                 0,     0.07753574313,    -0.01042632124,      0.6003493085,                 0,       57.00266691,     0.01994396745
          0,           0,         792,      -11.27049528,      -9.674111072,      -10.23860579,      -10.92728035,      -12.44642917,      -5.474554643,      -3.389043948,   9.949925802e-05,       6.460275988,                40,                40,                40,    0.001789260784,     0.01053173791,      0.6003408203,                 0,                 0,                 0,     0.07753497303,    -0.01042627022,      0.6003426613,                 0,       57.00301558,     0.01994396745
          0,           0,         793,      -11.27043441,      -9.674090652,      -10.23854197,      -10.92722226,      -12.44638495,      -5.474562841,      -3.388983493,   9.949925846e-05,       6.460275989,                40,                40,                40,    0.001789260784,     0.01053155721,      0.6003341743,                 0,                 0,                 0,       0.077534203,    -0.01042621887,       0.600336013,                 0,       57.00336261,     0.01994396745
          0,           0,         794,      -11.27037349,      -9.674070203,      -10.23847818,      -10.92716404,      -12.44634105,      -5.474571017,      -3.388923026,   9.949925891e-05,        6.46027599,                40,                40,                40,    0.001789260784,     0.01053137679,      0.6003275272,                 0,                 0,                 0,     0.07753343303,     -0.0104261672,      0.6003293637,                 0,       57.00370799,     0.01994396745
          0,           0,         795,      -11.27031245,      -9.674049723,      -10.23841441,      -10.92710566,      -12.44629749,       -5.47457917,       -3.38886255,   9.949925935e-05,       6.460275992,                40,                40,                40,    0.001789260784,     0.01053119666,      0.6003208791,                 0,                 0,                 0,     0.07753266314,     -0.0104261152,      0.6003227133,                 0,       57.00405171,     0.01994396745
          0,           0,         796,      -11.27025131,      -9.674029208,      -10.23835066,      -10.92704711,      -12.44625423,        -5.4745873,      -3.388802061,   9.949925979e-05,       6.460275993,                40,                40,                40,    0.001789260784,     0.01053101682,      0.6003142299,                 0,                 0,                 0,     0.07753189332,    -0.01042606287,      0.6003160619,                 0,       57.00439378,     0.01994396745
          0,           0,         797,       -11.2701901,      -9.674008664,      -10.23828694,      -10.92698845,      -12.44621127,      -5.474595408,      -3.388741424,   9.949926024e-05,       6.460275995,                40,                40,                40,    0.001789260784,     0.01053083727,      0.6003075796,                 0,                 0,                 0,     0.07753112356,    -0.01042601022,      0.6003094094,                 0,       57.00473419,     0.02081144625
          0,           0,         798,      -11.27012887,      -9.673988089,      -10.23822324,      -10.92692976,      -12.44616861,      -5.474603492,      -3.388680748,   9.949926068e-05,       6.460275996,                40,                40,                40,    0.001789260784,     0.01053065801,      0.6003009283,                 0,                 0,                 0,     0.07753035387,    -0.01042595725,      0.6003027559,                 0,       57.00507296,     0.02081144625
          0,           0,         799,      -11.27006747,      -9.673967485,      -10.23815957,       -10.9268708,      -12.44612625,      -5.474611554,      -3.388620055,   9.949926112e-05,       6.460275998,                40,                40,                40,    0.001789260784,     0.01053047904,      0.6002942759,                 0,                 0,                 0,     0.07752958425,    -0.01042590395,      0.6002961013,                 0,       57.00541007,     0.02089265776
          0,           0,         800,      -11.27000617,      -9.673946857,      -10.23809591,      -10.92681197,      -12.44608418,      -5.474619592,       -3.38855921,   9.949926157e-05,       6.460275999,                40,                40,                40,    0.001789260784,     0.01053030036,      0.6002876225,                 0,                 0,                 0,      0.0775288147,    -0.01042585032,      0.6002894457,                 0,       57.00574553,     0.02089265776
          0,           0,         801,      -11.26994491,      -9.673926214,      -10.23803229,      -10.92675319,      -12.44604241,      -5.474627608,      -3.388498389,   9.949926201e-05,          6.460276,                40,                40,                40,    0.001789260784,     0.01053012196,       0.600280968,                 0,                 0,                 0,     0.07752804522,    -0.01042579637,       0.600282789,                 0,       57.00607934,     0.02089265776
          0,           0,         802,      -11.26988366,      -9.673905542,      -10.23796869,      -10.92669439,      -12.44600093,        -5.4746356,      -3.388437587,   9.949926245e-05,       6.460276002,                40,                40,                40,    0.001789260784,     0.01052994386,      0.6002743125,                 0,                 0,                 0,      0.0775272758,    -0.01042574209,      0.6002761313,                 0,       57.00641149,     0.02128967243
          0,           0,         803,      -11.26982234,      -9.673884844,      -10.23790513,      -10.92663542,      -12.44595975,      -5.474643569,      -3.388376803,   9.949926289e-05,       6.460276003,                40,                40,                40,    0.001789260784,     0.01052976604,      0.6002676559,                 0,                 0,                 0,     0.07752650646,    -0.01042568749,      0.6002694726,                 0,       57.00674199,     0.02175196042
          0,           0,         804,      -11.26976092,       -9.67386412,      -10.23784159,      -10.92657637,      -12.44591887,      -5.474651516,       -3.38831604,   9.949926334e-05,       6.460276005,                40,                40,                40,    0.001789260784,     0.01052958851,      0.6002609982,                 0,                 0,                 0,     0.07752573718,    -0.01042563256,      0.6002628128,                 0,       57.00707085,     0.02218025287
          0,           0,         805,      -11.26969944,      -9.673843369,      -10.23777808,      -10.92651722,      -12.44587829,      -5.474659438,       -3.38825527,   9.949926378e-05,       6.460276006,                40,                40,                40,    0.001789260784,     0.01052941127,      0.6002543395,                 0,                 0,                 0,     0.07752496797,     -0.0104255773,      0.6002561519,                 0,       57.00739805,     0.02218025287
          0,           0,         806,        -11.269638,      -9.673822591,      -10.23771461,      -10.92645813,        -12.445838,      -5.474667333,       -3.38819451,   9.949926422e-05,       6.460276007,                40,                40,                40,    0.001789260784,     0.01052923432,      0.6002476797,                 0,                 0,                 0,     0.07752419882,    -0.01042552173,        0.60024949,                 0,       57.00772361,     0.02218025287
          0,           0,         807,      -11.26957657,      -9.673801787,      -10.23765116,      -10.92639901,      -12.44579801,      -5.474675215,      -3.388133803,   9.949926467e-05,       6.460276009,                40,                40,                40,    0.001789260784,     0.01052905765,      0.6002410188,                 0,                 0,                 0,     0.07752342974,    -0.01042546583,       0.600242827,                 0,       57.00804752,     0.02218025287
          0,           0,         808,      -11.26951507,      -9.673780957,      -10.23758774,      -10.92633985,      -12.44575832,      -5.474683075,      -3.388073126,   9.949926511e-05,        6.46027601,                40,                40,                40,    0.001789260784,     0.01052888127,      0.6002343569,                 0,                 0,                 0,     0.07752266073,     -0.0104254096,       0.600236163,                 0,       57.00836978,     0.02218025287
          0,           0,         809,      -11.26945353,        -9.6737601,      -10.23752435,      -10.92628063,      -12.44571892,      -5.474690912,      -3.388012468,   9.949926555e-05,       6.460276012,                40,                40,                40,    0.001789260784,     0.01052870518,       0.600227694,                 0,                 0,                 0,     0.07752189179,    -0.01042535305,       0.600229498,                 0,        57.0086904,     0.02218025287
          0,           0,         810,      -11.26939485,      -9.673739212,      -10.23746101,      -10.92622489,      -12.44567982,        -5.4746991,      -3.387951835,   9.949926599e-05,       6.460276013,                40,                40,                40,    0.001789260784,     0.01052852938,      0.6002210299,                 0,                 0,                 0,     0.07752112291,    -0.01042529617,      0.6002228319,                 0,       57.00900936,     0.02218025287
          0,           0,         811,      -11.26959094,      -9.673718024,      -10.23739902,      -10.92647278,      -12.44564101,      -5.474707717,      -3.387891204,   9.949926643e-05,       6.460276015,                40,                40,                40,    0.001789260784,     0.01052835386,      0.6002143648,                 0,                 0,                 0,     0.07752035411,    -0.01042523897,      0.6002161647,                 0,       57.00932668,     0.02218025287
          0,           0,         812,      -11.26964688,      -9.673697095,       -10.2373352,      -10.92655607,      -12.44560249,      -5.474716312,      -3.387830576,   9.949926688e-05,       6.460276016,                40,                40,                40,    0.001789260784,     0.01052817865,      0.6002076987,                 0,                 0,                 0,      0.0775195854,    -0.01042518144,      0.6002094965,                 0,        57.0096423,     0.02218025287
          0,           0,         813,      -11.26954898,      -9.673676185,      -10.23727117,      -10.92645692,      -12.44556396,      -5.474724883,      -3.387769949,   9.949926732e-05,       6.460276017,                40,                40,                40,    0.001789260784,     0.01052800372,      0.6002010316,                 0,                 0,                 0,     0.07751881676,    -0.01042512358,      0.6002028273,                 0,       57.00995627,     0.02218025287
          0,           0,         814,      -11.26945715,      -9.673655229,      -10.23720766,       -10.9263637,      -12.44552566,      -5.474733431,      -3.387709325,   9.949926776e-05,       6.460276019,                40,                40,                40,    0.001789260784,     0.01052782907,      0.6001943633,                 0,                 0,                 0,     0.07751804817,     -0.0104250654,      0.6001961571,                 0,       57.01026861,     0.02218025287
          0,           0,         815,      -11.26940131,      -9.673634241,      -10.23714432,      -10.92631283,      -12.44548758,      -5.474741956,      -3.387648704,    9.94992682e-05,        6.46027602,                40,                40,                40,    0.001789260784,     0.01052765471,       0.600187694,                 0,                 0,                 0,     0.07751727966,     -0.0104250069,      0.6001894857,                 0,       57.01057931,     0.02218025287
          0,           0,         816,      -11.26934619,      -9.673613223,      -10.23708092,      -10.92626275,      -12.44544975,      -5.474750462,      -3.387588115,   9.949926865e-05,       6.460276022,                40,                40,                40,    0.001789260784,     0.01052748064,      0.6001810236,                 0,                 0,                 0,      0.0775165112,    -0.01042494807,      0.6001828133,                 0,       57.01088837,     0.02218025287
          0,           0,         817,      -11.26928151,      -9.673592172,      -10.23701754,      -10.92620121,      -12.44541216,      -5.474758946,      -3.387527514,   9.949926909e-05,       6.460276023,                40,                40,                40,    0.001789260784,     0.01052730685,      0.6001743521,                 0,                 0,                 0,     0.07751574282,    -0.01042488892,      0.6001761398,                 0,       57.01119578,     0.02218025287
          0,           0,         818,      -11.26921498,      -9.673571082,      -10.23695423,      -10.92613734,       -12.4453748,      -5.474767408,      -3.387466787,   9.949926953e-05,       6.460276025,                40,                40,                40,    0.001789260784,     0.01052713335,      0.6001676796,                 0,                 0,                 0,      0.0775149745,    -0.01042482945,      0.6001694653,                 0,       57.01150155,     0.02218025287
          0,           0,         819,      -11.26915022,      -9.673549957,      -10.23689098,      -10.92607551,       -12.4453377,      -5.474775849,      -3.387406081,   9.949926997e-05,       6.460276026,                40,                40,                40,    0.001789260784,     0.01052696014,       0.600161006,                 0,                 0,                 0,     0.07751420625,    -0.01042476965,      0.6001627897,                 0,       57.01180568,     0.02218025287
          0,           0,         820,      -11.26908582,      -9.673528797,      -10.23682776,      -10.92601404,      -12.44530083,      -5.474784275,      -3.387345397,   9.949927041e-05,       6.460276027,                40,                40,                40,    0.001789260784,     0.01052678721,      0.6001543313,                 0,                 0,                 0,     0.07751343806,    -0.01042470953,      0.6001561131,                 0,       57.01210816,     0.02218025287
          0,           0,         821,      -11.26906398,       -9.67350761,      -10.23676461,      -10.92600744,       -12.4452642,      -5.474792677,      -3.387284737,   9.949927086e-05,       6.460276029,                40,                40,                40,    0.001789260784,     0.01052661457,      0.6001476556,                 0,                 0,                 0,     0.07751266994,    -0.01042464908,      0.6001494354,                 0,       57.01240901,     0.02218025287
          0,           0,         822,      -11.26892406,      -9.673486409,      -10.23670136,      -10.92584962,      -12.44522781,      -5.474801057,      -3.387224095,    9.94992713e-05,        6.46027603,                40,                40,                40,    0.001789260784,     0.01052644222,      0.6001409787,                 0,                 0,                 0,     0.07751190189,    -0.01042458832,      0.6001427566,                 0,       57.01270823,     0.02218025287
          0,           0,         823,      -11.26886865,      -9.673465196,      -10.23663797,      -10.92579985,      -12.44519166,      -5.474809416,      -3.387163477,   9.949927174e-05,       6.460276032,                40,                40,                40,    0.001789260784,     0.01052627014,      0.6001343009,                 0,                 0,                 0,      0.0775111339,    -0.01042452723,      0.6001360768,                 0,       57.01300581,     0.02218025287
          0,           0,         824,      -11.26881966,      -9.673443951,      -10.23657472,      -10.92575752,      -12.44515574,      -5.474817754,      -3.387102896,   9.949927218e-05,       6.460276033,                40,                40,                40,    0.001789260784,     0.01052609835,      0.6001276219,                 0,                 0,                 0,     0.07751036597,    -0.01042446582,      0.6001293959,                 0,       57.01330178,     0.02218025287
          0,           0,         825,       -11.2687697,      -9.673422663,      -10.23651189,      -10.92571457,      -12.44512005,      -5.474826072,      -3.387042341,   9.949927262e-05,       6.460276035,                40,                40,                40,    0.001789260784,     0.01052592684,      0.6001209419,                 0,                 0,                 0,      0.0775095981,     -0.0104244041,      0.6001227139,                 0,       57.01359613,     0.02218025287
          0,           0,         826,      -11.26866937,      -9.673401324,      -10.23644909,      -10.92560638,      -12.44508459,      -5.474834369,      -3.386981809,   9.949927306e-05,       6.460276036,                40,                40,                40,    0.001789260784,     0.01052575561,      0.6001142607,                 0,                 0,                 0,     0.07750883029,    -0.01042434206,      0.6001160309,                 0,       57.01388888,     0.02218025287
          0,           0,         827,      -11.26860576,      -9.673379973,      -10.23638595,       -10.9255453,      -12.44504935,      -5.474842646,        -3.3869211,    9.94992735e-05,       6.460276037,                40,                40,                40,    0.001789260784,     0.01052558466,      0.6001075785,                 0,                 0,                 0,     0.07750806255,     -0.0104242797,      0.6001093468,                 0,          57.01418,     0.02218025287
          0,           0,         828,      -11.26854951,      -9.673358598,      -10.23632277,      -10.92549422,      -12.44501434,      -5.474850904,      -3.386860406,   9.949927395e-05,       6.460276039,                40,                40,                40,    0.001789260784,       0.010525414,      0.6001008953,                 0,                 0,                 0,     0.07750729487,    -0.01042421701,      0.6001026617,                 0,       57.01446948,     0.02218025287
          0,           0,         829,      -11.26848627,      -9.673337195,      -10.23625973,      -10.92543433,      -12.44497954,      -5.474859142,      -3.386799709,   9.949927439e-05,        6.46027604,                40,                40,                40,    0.001789260784,     0.01052524363,       0.600094211,                 0,                 0,                 0,     0.07750652726,    -0.01042415401,      0.6000959755,                 0,       57.01475731,     0.02218025287
          0,           0,         830,      -11.26842186,      -9.673315768,      -10.23619681,      -10.92537274,      -12.44494496,      -5.474867361,      -3.386739059,   9.949927483e-05,       6.460276042,                40,                40,                40,    0.001789260784,     0.01052507354,      0.6000875256,                 0,                 0,                 0,     0.07750575972,    -0.01042409067,      0.6000892883,                 0,       57.01504347,     0.02218025287
          0,           0,         831,      -11.26835845,      -9.673294319,      -10.23613395,      -10.92531241,      -12.44491059,      -5.474875561,       -3.38667834,   9.949927527e-05,       6.460276043,                40,                40,                40,    0.001789260784,     0.01052490375,      0.6000808392,                 0,                 0,                 0,     0.07750499225,      -0.010424027,         0.6000826,                 0,       57.01532797,     0.02218025287
          0,           0,         832,      -11.26829556,      -9.673272847,      -10.23607117,      -10.92525281,      -12.44487643,      -5.474883742,      -3.386617558,   9.949927571e-05,       6.460276045,                40,                40,                40,    0.001789260784,     0.01052473425,      0.6000741517,                 0,                 0,                 0,     0.07750422485,    -0.01042396301,      0.6000759107,                 0,        57.0156108,     0.02218025287
          0,           0,         833,      -11.26823245,      -9.673251351,      -10.23600845,      -10.92519301,      -12.44484247,      -5.474891905,      -3.386556803,   9.949927615e-05,       6.460276046,                40,                40,                40,    0.001789260784,     0.01052456503,      0.6000674631,                 0,                 0,                 0,     0.07750345751,     -0.0104238987,      0.6000692203,                 0,       57.01589199,     0.02218025287
          0,           0,         834,      -11.26816918,      -9.673229833,      -10.23594578,      -10.92513306,      -12.44480872,      -5.474900049,      -3.386496071,   9.949927659e-05,       6.460276047,                40,                40,                40,    0.001789260784,      0.0105243961,      0.6000607735,                 0,                 0,                 0,     0.07750269023,    -0.01042383406,      0.6000625288,                 0,       57.01617153,     0.02218025287
          0,           0,         835,      -11.26810587,      -9.673208293,      -10.23588317,       -10.9250731,      -12.44477517,      -5.474908176,      -3.386432191,   9.949927703e-05,       6.460276049,                40,                40,                40,    0.001789260784,     0.01052422746,      0.6000540828,                 0,                 0,                 0,     0.07750192301,     -0.0104237691,      0.6000558363,                 0,       57.01644944,     0.02218025287
          0,           0,         836,      -11.26804252,       -9.67318673,       -10.2358206,      -10.92501311,      -12.44474182,      -5.474916285,      -3.386367221,   9.949927747e-05,        6.46027605,                40,                40,                40,    0.001789260784,      0.0105240591,      0.6000473911,                 0,                 0,                 0,     0.07750115586,    -0.01042370382,      0.6000491428,                 0,       57.01672572,     0.02395870424
          0,           0,         837,      -11.26797906,      -9.673165144,      -10.23575807,        -10.924953,      -12.44470866,      -5.474924376,      -3.386302281,   9.949927791e-05,       6.460276052,                40,                40,                40,    0.001789260784,     0.01052389102,      0.6000406983,                 0,                 0,                 0,     0.07750038878,    -0.01042363822,      0.6000424482,                 0,       57.01700037,     0.02395870424
          0,           0,         838,      -11.26791554,      -9.673143538,      -10.23569558,      -10.92489286,      -12.44467569,       -5.47493245,      -3.386237374,   9.949927836e-05,       6.460276053,                40,                40,                40,    0.001789260784,     0.01052372323,      0.6000340044,                 0,                 0,                 0,     0.07749962177,     -0.0104235723,      0.6000357526,                 0,       57.01727339,     0.02395870424
          0,           0,         839,        -11.267852,      -9.673121907,      -10.23563313,      -10.92483272,      -12.44464292,      -5.474940507,      -3.386172498,    9.94992788e-05,       6.460276055,                40,                40,                40,    0.001789260784,     0.01052355572,      0.6000273095,                 0,                 0,                 0,     0.07749885483,    -0.01042350605,      0.6000290559,                 0,       57.01754477,     0.02395870424
          0,           0,         840,      -11.26778861,      -9.673100253,      -10.23557073,      -10.92477274,      -12.44461033,      -5.474948547,       -3.38610744,   9.949927924e-05,       6.460276056,                40,                40,                40,    0.001789260784,      0.0105233885,      0.6000206136,                 0,                 0,                 0,     0.07749808796,    -0.01042343949,      0.6000223582,                 0,       57.01781452,     0.02395870424
          0,           0,         841,      -11.26772505,      -9.673078575,      -10.23550836,      -10.92471247,      -12.44457793,      -5.474956572,      -3.386042419,   9.949927968e-05,       6.460276057,                40,                40,                40,    0.001789260784,     0.01052322156,      0.6000139166,                 0,                 0,                 0,     0.07749732117,     -0.0104233726,      0.6000156595,                 0,       57.01808263,     0.02395870424
          0,           0,         842,       -11.2676616,      -9.673056874,      -10.23544604,       -10.9246523,      -12.44454572,       -5.47496458,      -3.385977434,   9.949928012e-05,       6.460276059,                40,                40,                40,    0.001789260784,     0.01052305491,      0.6000072186,                 0,                 0,                 0,     0.07749655444,     -0.0104233054,      0.6000089597,                 0,       57.01834911,     0.02395870424
          0,           0,         843,      -11.26759814,      -9.673035148,      -10.23538377,      -10.92459209,      -12.44451369,      -5.474972583,      -3.385912463,   9.949928056e-05,        6.46027606,                40,                40,                40,    0.001789260784,     0.01052288854,      0.6000005195,                 0,                 0,                 0,     0.07749578778,    -0.01042323787,      0.6000022589,                 0,       57.01861395,     0.02395870424
          0,           0,         844,      -11.26753472,      -9.673013401,      -10.23532153,      -10.92453189,      -12.44448184,      -5.474980594,      -3.385847417,     9.9499281e-05,       6.460276062,                40,                40,                40,    0.001789260784,     0.01052272246,      0.5999938194,                 0,                 0,                 0,     0.07749502119,    -0.01042317002,       0.599995557,                 0,       57.01887716,     0.02395870424
          0,           0,         845,      -11.26747136,      -9.672991629,      -10.23525933,      -10.92447172,      -12.44445018,      -5.474988591,      -3.385782341,   9.949928144e-05,       6.460276063,                40,                40,                40,    0.001789260784,     0.01052255666,      0.5999871182,                 0,                 0,                 0,     0.07749425467,    -0.01042310185,      0.5999888542,                 0,       57.01913873,     0.02395870424
          0,           0,         846,      -11.26740807,      -9.672969833,      -10.23519717,      -10.92441159,      -12.44441869,      -5.474996572,       -3.38571732,   9.949928188e-05,       6.460276065,                40,                40,                40,    0.001789260784,     0.01052239115,      0.5999804159,                 0,                 0,                 0,     0.07749348822,    -0.01042303335,      0.5999821502,                 0,       57.01939866,     0.02395870424
          0,           0,         847,      -11.26734492,      -9.672948014,      -10.23513505,      -10.92435159,      -12.44438739,      -5.475004538,      -3.385652367,   9.949928232e-05,       6.460276066,                40,                40,                40,    0.001789260784,     0.01052222592,      0.5999737126,                 0,                 0,                 0,     0.07749272184,    -0.01042296454,      0.5999754452,                 0,       57.01965696,     0.02395870424
          0,           0,         848,      -11.26728179,       -9.67292617,      -10.23507298,      -10.92429156,      -12.44435626,      -5.475012489,      -3.385587405,   9.949928276e-05,       6.460276067,                40,                40,                40,    0.001789260784,     0.01052206098,      0.5999670083,                 0,                 0,                 0,     0.07749195552,     -0.0104228954,      0.5999687392,                 0,       57.01991361,     0.02410502623
          0,           0,         849,      -11.26721884,      -9.672904303,      -10.23501094,      -10.92423169,       -12.4443253,      -5.475020426,      -3.385522465,    9.94992832e-05,       6.460276069,                40,                40,                40,    0.001789260784,     0.01052189633,      0.5999603029,                 0,                 0,                 0,     0.07749118928,    -0.01042282594,      0.5999620322,                 0,       57.02016862,     0.02410502623
          0,           0,         850,      -11.26715595,      -9.672882411,      -10.23494893,      -10.92417184,      -12.44429453,      -5.475028349,      -3.385457608,   9.949928364e-05,        6.46027607,                40,                40,                40,    0.001789260784,     0.01052173196,      0.5999535964,                 0,                 0,                 0,     0.07749042311,    -0.01042275615,      0.5999553241,                 0,       57.02042199,     0.02410502623
          0,           0,         851,      -11.26709339,      -9.672860496,      -10.23488697,      -10.92411233,      -12.44426393,      -5.475036257,      -3.385392853,   9.949928408e-05,       6.460276072,                40,                40,                40,    0.001789260784,     0.01052156788,       0.599946889,                 0,                 0,                 0,     0.07748965701,    -0.01042268605,       0.599948615,                 0,        57.0206737,     0.02410502623
          0,           0,         852,      -11.26705242,      -9.672838556,      -10.23482503,      -10.92407927,       -12.4442335,      -5.475044152,      -3.385328181,   9.949928452e-05,       6.460276073,                40,                40,                40,    0.001789260784,     0.01052140409,      0.5999401804,                 0,                 0,                 0,     0.07748889099,    -0.01042261562,      0.5999419048,                 0,       57.02092377,     0.02410502623
          0,           0,         853,      -11.26696325,      -9.672816573,      -10.23476307,      -10.92398281,      -12.44420324,      -5.475052033,      -3.385263592,   9.949928496e-05,       6.460276075,                40,                40,                40,    0.001789260784,     0.01052124058,      0.5999334709,                 0,                 0,                 0,     0.07748812504,    -0.01042254486,      0.5999351936,                 0,       57.02117219,     0.02410502623
          0,           0,         854,      -11.26688909,      -9.672794581,      -10.23470109,      -10.92390879,      -12.44417316,      -5.475059912,      -3.385199097,    9.94992854e-05,       6.460276076,                40,                40,                40,    0.001789260784,     0.01052107736,      0.5999267603,                 0,                 0,                 0,     0.07748735916,    -0.01042247378,      0.5999284814,                 0,       57.02141896,     0.02410502623
          0,           0,         855,      -11.26683699,      -9.672772564,      -10.23463913,      -10.92386325,      -12.44414325,       -5.47506781,      -3.385134683,   9.949928584e-05,       6.460276078,                40,                40,                40,    0.001789260784,     0.01052091443,      0.5999200486,                 0,                 0,                 0,     0.07748659335,    -0.01042240238,      0.5999217682,                 0,       57.02166409,     0.02410502623
          0,           0,         856,      -11.26677911,       -9.67275052,      -10.23457722,      -10.92380958,      -12.44411351,      -5.475075696,      -3.385070358,   9.949928628e-05,       6.460276079,                40,                40,                40,    0.001789260784,     0.01052075178,      0.5999133359,                 0,                 0,                 0,     0.07748582762,    -0.01042233067,      0.5999150539,                 0,       57.02190761,     0.02410502623
          0,           0,         857,      -11.26671683,      -9.672728453,      -10.23451535,         -10.92375,      -12.44408395,       -5.47508357,      -3.385006122,   9.949928672e-05,        6.46027608,                40,                40,                40,    0.001789260784,     0.01052058941,      0.5999066222,                 0,                 0,                 0,     0.07748506194,    -0.01042225863,      0.5999083386,                 0,       57.02214952,     0.02410502623
          0,           0,         858,      -11.26665459,      -9.672706362,      -10.23445352,      -10.92369049,      -12.44405455,      -5.475091432,      -3.384941971,   9.949928716e-05,       6.460276082,                40,                40,                40,    0.001789260784,     0.01052042732,      0.5998999074,                 0,                 0,                 0,     0.07748429632,    -0.01042218628,      0.5999016222,                 0,       57.02238981,     0.02410502623
          0,           0,         859,      -11.26659312,      -9.672684246,      -10.23439174,      -10.92363197,      -12.44402532,      -5.475099281,       -3.38487791,    9.94992876e-05,       6.460276083,                40,                40,                40,    0.001789260784,     0.01052026551,      0.5998931915,                 0,                 0,                 0,     0.07748353077,    -0.01042211361,      0.5998949048,                 0,       57.02262847,     0.02410502623
          0,           0,         860,      -11.26653176,      -9.672662104,         -10.23433,       -10.9235735,      -12.44399627,       -5.47510712,      -3.384813943,   9.949928803e-05,       6.460276085,                40,                40,                40,    0.001789260784,     0.01052010399,      0.5998864746,                 0,                 0,                 0,     0.07748276528,    -0.01042204062,      0.5998881863,                 0,        57.0228655,     0.02410502623
          0,           0,         861,      -11.26647044,      -9.672639935,      -10.23426831,      -10.92351497,      -12.44396738,      -5.475114947,      -3.384750068,   9.949928847e-05,       6.460276086,                40,                40,                40,    0.001789260784,     0.01051994275,      0.5998797567,                 0,                 0,                 0,     0.07748199986,    -0.01042196731,      0.5998814668,                 0,       57.02310089,     0.02410502623
          0,           0,         862,      -11.26640914,      -9.672617741,      -10.23420667,      -10.92345642,      -12.44393153,      -5.475122763,      -3.384686287,   9.949928891e-05,       6.460276088,                40,                40,                40,    0.001789260784,      0.0105197818,      0.5998730377,                 0,                 0,                 0,     0.07748123451,    -0.01042189367,      0.5998747463,                 0,       57.02333462,     0.02410502623
          0,           0,         863,      -11.26634788,       -9.67259552,      -10.23414507,      -10.92339785,      -12.44388678,      -5.475130561,      -3.384622597,   9.949928935e-05,       6.460276089,                40,                40,                40,    0.001789260784,     0.01051962114,      0.5998663176,                 0,                 0,                 0,     0.07748046923,    -0.01042181971,      0.5998680248,                 0,       57.02356671,     0.02410502623
          0,           0,         864,      -11.26628681,      -9.672573272,      -10.23408352,      -10.92333946,      -12.44384211,      -5.475138333,      -3.384559005,   9.949928979e-05,       6.460276091,                40,                40,                40,    0.001789260784,     0.01051946076,      0.5998595966,                 0,                 0,                 0,     0.07747970403,    -0.01042174542,      0.5998613022,                 0,       57.02379716,     0.02410502623
          0,           0,         865,      -11.26622571,      -9.672550998,      -10.23402201,      -10.92328097,      -12.44379754,      -5.475146077,      -3.384495502,   9.949929023e-05,       6.460276092,                40,                40,                40,    0.001789260784,     0.01051930067,      0.5998528744,                 0,                 0,                 0,      0.0774789389,    -0.01042167082,      0.5998545786,                 0,       57.02402597,     0.02410502623
          0,           0,         866,      -11.26616468,      -9.672528698,      -10.23396053,      -10.92322252,      -12.44375309,      -5.475153794,      -3.384432045,   9.949929067e-05,       6.460276094,                40,                40,                40,    0.001789260784,     0.01051914086,      0.5998461513,                 0,                 0,                 0,     0.07747817384,     -0.0104215959,      0.5998478539,                 0,       57.02425315,     0.02410502623
          0,           0,         867,      -11.26610378,      -9.672506371,       -10.2338991,       -10.9231642,      -12.44370875,      -5.475161484,       -3.38436868,   9.949929111e-05,       6.460276095,                40,                40,                40,    0.001789260784,     0.01051898133,      0.5998394271,                 0,                 0,                 0,     0.07747740886,    -0.01042152065,      0.5998411283,                 0,       57.02447871,     0.02410502623
          0,           0,         868,      -11.26604265,      -9.672484015,       -10.2338377,      -10.92310561,      -12.44366432,      -5.475169147,      -3.384305419,   9.949929155e-05,       6.460276096,                40,                40,                40,    0.001789260784,     0.01051882209,      0.5998327019,                 0,                 0,                 0,     0.07747664396,    -0.01042144509,      0.5998344016,                 0,       57.02470265,     0.02410502623
          0,           0,         869,      -11.26598102,      -9.672461628,      -10.23377631,      -10.92304643,      -12.44361609,      -5.475176783,      -3.384242357,   9.949929199e-05,       6.460276098,                40,                40,                40,    0.001789260784,     0.01051866313,      0.5998259756,                 0,                 0,                 0,     0.07747587912,    -0.01042136921,      0.5998276739,                 0,       57.02492496,     0.02410502623
          0,           0,         870,      -11.26592124,      -9.672439217,      -10.23371513,      -10.92299566,      -12.44356627,       -5.47518439,      -3.384181781,   9.949929242e-05,       6.460276099,                40,                40,                40,    0.001789260784,     0.01051850445,      0.5998192483,                 0,                 0,                 0,     0.07747511437,    -0.01042129302,      0.5998209451,                 0,       57.02514565,     0.02410502623
          0,           0,         871,      -11.26579711,      -9.672416776,      -10.23365416,      -10.92287149,      -12.44351651,      -5.475191967,      -3.384121075,   9.949929286e-05,       6.460276101,                40,                40,                40,    0.001789260784,     0.01051834606,        0.59981252,                 0,                 0,                 0,      0.0774743497,     -0.0104212165,      0.5998142154,                 0,        57.0253647,     0.02410502623
          0,           0,         872,      -11.26572525,      -9.672394308,      -10.23359292,      -10.92280297,      -12.44346684,      -5.475199514,      -3.384060314,    9.94992933e-05,       6.460276102,                40,                40,                40,    0.001789260784,     0.01051818795,      0.5998057906,                 0,                 0,                 0,      0.0774735851,    -0.01042113966,      0.5998074846,                 0,       57.02558212,     0.02410502623
          0,           0,         873,      -11.26568006,      -9.672371824,      -10.23353167,      -10.92276248,      -12.44341726,      -5.475207038,      -3.383999518,   9.949929374e-05,       6.460276104,                40,                40,                40,    0.001789260784,     0.01051803012,      0.5997990603,                 0,                 0,                 0,     0.07747282059,     -0.0104210625,      0.5998007528,                 0,       57.02579793,     0.02410502623
          0,           0,         874,       -11.2656234,      -9.672349315,      -10.23347052,      -10.92270808,      -12.44336777,      -5.475214531,       -3.38393869,   9.949929418e-05,       6.460276105,                40,                40,                40,    0.001789260784,     0.01051787257,      0.5997923289,                 0,                 0,                 0,     0.07747205614,    -0.01042098503,        0.59979402,                 0,       57.02601213,     0.02410502623
          0,           0,         875,       -11.2655614,       -9.67232678,      -10.23340941,      -10.92264819,      -12.44331837,      -5.475221995,      -3.383877856,   9.949929462e-05,       6.460276107,                40,                40,                40,    0.001789260784,      0.0105177153,      0.5997855964,                 0,                 0,                 0,     0.07747129176,    -0.01042090725,      0.5997872862,                 0,       57.02622472,     0.02410502623
          0,           0,         876,      -11.26550065,      -9.672304219,      -10.23334832,      -10.92258989,      -12.44326908,      -5.475229428,      -3.383817004,   9.949929506e-05,       6.460276108,                40,                40,                40,    0.001789260784,     0.01051755831,      0.5997788629,                 0,                 0,                 0,     0.07747052745,    -0.01042082915,      0.5997805513,                 0,        57.0264357,     0.02410502623
          0,           0,         877,       -11.2654411,      -9.672281632,      -10.23328726,      -10.92253284,      -12.44321988,      -5.475236831,      -3.383756139,   9.949929549e-05,       6.460276109,                40,                40,                40,    0.001789260784,     0.01051740161,      0.5997721284,                 0,                 0,                 0,     0.07746976322,    -0.01042075073,      0.5997738154,                 0,       57.02664507,     0.02410502623
          0,           0,         878,      -11.26538149,      -9.672259021,      -10.23322624,       -10.9224756,      -12.44317078,      -5.475244204,      -3.383695253,   9.949929593e-05,       6.460276111,                40,                40,                40,    0.001789260784,     0.01051724518,      0.5997653928,                 0,                 0,                 0,     0.07746899905,    -0.01042067199,      0.5997670785,                 0,       57.02685282,     0.02410502623
          0,           0,         879,      -11.26532158,      -9.672236385,      -10.23316527,      -10.92241805,      -12.44312178,      -5.475251548,      -3.383634377,   9.949929637e-05,       6.460276112,                40,                40,                40,    0.001789260784,     0.01051708903,      0.5997586562,                 0,                 0,                 0,     0.07746823496,    -0.01042059294,      0.5997603406,                 0,       57.02705896,     0.02410502623
          0,           0,         880,      -11.26526175,      -9.672213722,      -10.23310433,      -10.92236058,      -12.44307288,      -5.475258861,      -3.383573506,   9.949929681e-05,       6.460276114,                40,                40,                40,    0.001789260784,     0.01051693316,      0.5997519186,                 0,                 0,                 0,     0.07746747094,    -0.01042051357,      0.5997536016,                 0,       57.02726349,     0.02410502623
          0,           0,         881,      -11.26520204,      -9.672191034,      -10.23304342,      -10.92230319,      -12.44302409,      -5.475266145,      -3.383512636,   9.949929725e-05,       6.460276115,                40,                40,                40,    0.001789260784,     0.01051677758,      0.5997451799,                 0,                 0,                 0,       0.077466707,    -0.01042043389,      0.5997468616,                 0,       57.02746639,     0.02410502623
          0,           0,         882,      -11.26514244,       -9.67216832,      -10.23298256,      -10.92224593,      -12.44297541,      -5.475273399,      -3.383451775,   9.949929768e-05,       6.460276117,                40,                40,                40,    0.001789260784,     0.01051662228,      0.5997384402,                 0,                 0,                 0,     0.07746594312,    -0.01042035388,      0.5997401206,                 0,       57.02766767,     0.02410502623
          0,           0,         883,      -11.26508281,       -9.67214558,      -10.23292173,      -10.92218856,      -12.44292683,      -5.475280623,      -3.383390885,   9.949929812e-05,       6.460276118,                40,                40,                40,    0.001789260784,     0.01051646726,      0.5997316994,                 0,                 0,                 0,     0.07746517931,    -0.01042027356,      0.5997333785,                 0,       57.02786732,     0.02410502623
          0,           0,         884,      -11.26502326,      -9.672122814,      -10.23286095,      -10.92213129,      -12.44287837,      -5.475287818,      -3.383329858,   9.949929856e-05,        6.46027612,                40,                40,                40,    0.001789260784,     0.01051631252,      0.5997249576,                 0,                 0,                 0,     0.07746441558,    -0.01042019291,      0.5997266354,                 0,       57.02806534,     0.02410502623
          0,           0,         885,      -11.26496378,      -9.672100022,       -10.2328002,      -10.92207406,      -12.44283001,      -5.475294982,      -3.383268856,     9.9499299e-05,       6.460276121,                40,                40,                40,    0.001789260784,     0.01051615807,      0.5997182148,                 0,                 0,                 0,     0.07746365191,    -0.01042011195,      0.5997198913,                 0,       57.02826172,     0.02410502623
          0,           0,         886,      -11.26490446,      -9.672077205,       -10.2327395,        -10.922017,      -12.44278177,      -5.475302117,      -3.383207885,   9.949929944e-05,       6.460276123,                40,                40,                40,    0.001789260784,     0.01051600391,      0.5997114709,                 0,                 0,                 0,     0.07746288832,    -0.01042003066,      0.5997131462,                 0,       57.02845646,     0.02410502623
          0,           0,         887,      -11.26484514,      -9.672054365,      -10.23267884,      -10.92195996,      -12.44273113,      -5.475309222,      -3.383146943,   9.949929987e-05,       6.460276124,                40,                40,                40,    0.001789260784,     0.01051585002,       0.599704726,                 0,                 0,                 0,     0.07746212479,    -0.01041994906,         0.5997064,                 0,       57.02864958,     0.02410502623
          0,           0,         888,      -11.26478586,      -9.672031501,      -10.23261821,      -10.92190292,      -12.44267857,      -5.475316298,      -3.383086034,   9.949930031e-05,       6.460276126,                40,                40,                40,    0.001789260784,     0.01051569643,      0.5996979801,                 0,                 0,                 0,     0.07746136134,    -0.01041986713,      0.5996996528,                 0,       57.02884106,     0.02410502623
          0,           0,         889,      -11.26472675,      -9.672008611,      -10.23255763,      -10.92184608,      -12.44262607,      -5.475323344,      -3.383025171,   9.949930075e-05,       6.460276127,                40,                40,                40,    0.001789260784,     0.01051554311,      0.5996912331,                 0,                 0,                 0,     0.07746059795,    -0.01041978489,      0.5996929046,                 0,       57.02903091,     0.02410502623
          0,           0,         890,      -11.26466761,      -9.671985696,      -10.23249709,      -10.92178921,      -12.44257364,       -5.47533036,      -3.382964225,   9.949930119e-05,       6.460276128,                40,                40,                40,    0.001789260784,     0.01051539008,      0.5996844851,                 0,                 0,                 0,     0.07745983462,    -0.01041970232,      0.5996861553,                 0,       57.02921913,     0.02410502623
          0,           0,         891,      -11.26460861,      -9.671962756,      -10.23243658,       -10.9217325,      -12.44252129,      -5.475337346,      -3.382903346,   9.949930162e-05,        6.46027613,                40,                40,                40,    0.001789260784,     0.01051523733,       0.599677736,                 0,                 0,                 0,     0.07745907137,    -0.01041961944,       0.599679405,                 0,       57.02940572,     0.02410502623
          0,           0,         892,      -11.26454973,      -9.671939791,      -10.23237611,      -10.92167594,      -12.44246901,      -5.475344302,      -3.382842526,   9.949930206e-05,       6.460276131,                40,                40,                40,    0.001789260784,     0.01051508487,      0.5996709859,                 0,                 0,                 0,     0.07745830819,    -0.01041953623,      0.5996726537,                 0,       57.02959067,     0.02410502623
          0,           0,         893,      -11.26449084,        -9.6719168,      -10.23231567,      -10.92161936,      -12.44241682,      -5.475351229,      -3.382781785,    9.94993025e-05,       6.460276133,                40,                40,                40,    0.001789260784,     0.01051493269,      0.5996642347,                 0,                 0,                 0,     0.07745754507,    -0.01041945271,      0.5996659013,                 0,         57.029774,     0.02410502623
          0,           0,         894,       -11.2644321,      -9.671893783,      -10.23225528,        -10.921563,      -12.44236472,      -5.475358136,      -3.382721122,   9.949930294e-05,       6.460276134,                40,                40,                40,    0.001789260784,     0.01051478079,      0.5996574825,                 0,                 0,                 0,     0.07745678203,    -0.01041936887,      0.5996591479,                 0,        57.0299557,     0.02410502623
          0,           0,         895,        -11.264249,      -9.671870667,      -10.23219535,      -10.92136115,       -12.4423127,      -5.475365013,      -3.382660536,   9.949930337e-05,       6.460276136,                40,                40,                40,    0.001789260784,     0.01051462918,      0.5996507293,                 0,                 0,                 0,     0.07745601907,     -0.0104192847,      0.5996523935,                 0,       57.03013575,     0.02410502623
          0,           0,         896,      -11.26409984,      -9.671847503,      -10.23213563,       -10.9211962,      -12.44226078,      -5.475371861,      -3.382600033,   9.949930381e-05,       6.460276137,                40,                40,                40,    0.001789260784,     0.01051447785,       0.599643975,                 0,                 0,                 0,     0.07745525618,    -0.01041920022,      0.5996456381,                 0,       57.03031417,     0.02410502623
          0,           0,         897,      -11.26405235,      -9.671824325,      -10.23207572,      -10.92115458,      -12.44220896,      -5.475378678,      -3.382539604,   9.949930425e-05,       6.460276139,                40,                40,                40,    0.001789260784,     0.01051432681,      0.5996372198,                 0,                 0,                 0,     0.07745449336,    -0.01041911541,      0.5996388817,                 0,       57.03049095,     0.02410502623
          0,           0,         898,       -11.2640112,      -9.671801115,      -10.23201564,      -10.92112016,      -12.44215723,      -5.475385466,       -3.38247924,   9.949930469e-05,        6.46027614,                40,                40,                40,    0.001789260784,     0.01051417604,      0.5996304634,                 0,                 0,                 0,     0.07745373062,    -0.01041903029,      0.5996321242,                 0,       57.03066611,     0.02410502623
          0,           0,         899,      -11.26395099,      -9.671777871,      -10.23195555,      -10.92106191,       -12.4421056,      -5.475392224,       -3.38241896,   9.949930512e-05,       6.460276142,                40,                40,                40,    0.001789260784,     0.01051402556,      0.5996237061,                 0,                 0,                 0,     0.07745296794,    -0.01041894485,      0.5996253657,                 0,       57.03083965,     0.02606493762
          0,           0,         900,      -11.26388632,      -9.671754599,       -10.2318955,      -10.92099809,      -12.44205408,      -5.475398952,      -3.382358784,   9.949930556e-05,       6.460276143,                40,                40,                40,    0.001789260784,     0.01051387536,      0.5996169476,                 0,                 0,                 0,     0.07745220533,    -0.01041885909,      0.5996186062,                 0,       57.03101159,     0.02606493762
          0,           0,         901,      -11.26382481,      -9.671731302,      -10.23183547,      -10.92093825,      -12.44200267,      -5.475405651,      -3.382298709,     9.9499306e-05,       6.460276145,                40,                40,                40,    0.001789260784,     0.01051372544,      0.5996101882,                 0,                 0,                 0,     0.07745144278,    -0.01041877302,      0.5996118456,                 0,       57.03118193,     0.02606493762
          0,           0,         902,      -11.26377531,      -9.671707976,      -10.23177545,      -10.92089405,      -12.44195137,       -5.47541232,      -3.382238763,   9.949930643e-05,       6.460276146,                40,                40,                40,    0.001789260784,     0.01051357579,      0.5996034276,                 0,                 0,                 0,      0.0774506803,    -0.01041868664,      0.5996050839,                 0,       57.03135067,     0.02606493762
          0,           0,         903,      -11.26365677,      -9.671684666,      -10.23171525,      -10.92076221,      -12.44190017,      -5.475418959,      -3.382178965,   9.949930687e-05,       6.460276148,                40,                40,                40,    0.001789260784,     0.01051342641,      0.5995966661,                 0,                 0,                 0,     0.07744991787,    -0.01041859995,      0.5995983213,                 0,       57.03151784,     0.02606493762
          0,           0,         904,      -11.26362569,      -9.671661333,      -10.23165495,      -10.92074124,       -12.4418491,      -5.475425569,      -3.382119275,   9.949930731e-05,       6.460276149,                40,                40,                40,    0.001789260784,     0.01051327731,      0.5995899034,                 0,                 0,                 0,      0.0774491555,    -0.01041851295,      0.5995915575,                 0,       57.03168343,     0.02606493762
          0,           0,         905,      -11.26357765,      -9.671637971,       -10.2315948,      -10.92069779,      -12.44179814,      -5.475432149,      -3.382059644,   9.949930774e-05,        6.46027615,                40,                40,                40,    0.001789260784,     0.01051312848,      0.5995831397,                 0,                 0,                 0,     0.07744839319,    -0.01041842564,      0.5995847927,                 0,       57.03184745,     0.02606493762
          0,           0,         906,      -11.26351351,      -9.671614589,      -10.23153472,      -10.92063406,       -12.4417473,        -5.4754387,      -3.382000132,   9.949930818e-05,       6.460276152,                40,                40,                40,    0.001789260784,     0.01051297992,      0.5995763749,                 0,                 0,                 0,     0.07744763094,    -0.01041833802,      0.5995780269,                 0,       57.03200991,     0.02606493762
          0,           0,         907,      -11.26344956,      -9.671591191,      -10.23147467,      -10.92057081,      -12.44169658,      -5.475445221,      -3.381940742,   9.949930862e-05,       6.460276153,                40,                40,                40,    0.001789260784,     0.01051283163,      0.5995696091,                 0,                 0,                 0,     0.07744686875,     -0.0104182501,        0.59957126,                 0,        57.0321708,     0.02606493762
          0,           0,         908,      -11.26338866,      -9.671567765,      -10.23141466,      -10.92051147,      -12.44164599,      -5.475451713,      -3.381881481,   9.949930905e-05,       6.460276155,                40,                40,                40,    0.001789260784,     0.01051268361,      0.5995628422,                 0,                 0,                 0,     0.07744610662,    -0.01041816186,      0.5995644921,                 0,       57.03233011,     0.02606493762
          0,           0,         909,       -11.2633283,      -9.671544311,       -10.2313547,      -10.92045285,      -12.44159552,      -5.475458176,      -3.381822353,   9.949930949e-05,       6.460276156,                40,                40,                40,    0.001789260784,     0.01051253587,      0.5995560743,                 0,                 0,                 0,     0.07744534457,    -0.01041807332,      0.5995577232,                 0,       57.03248783,     0.02606493762
          0,           0,         910,       -11.2632675,      -9.671520829,      -10.23129479,      -10.92039369,      -12.44154518,       -5.47546461,      -3.381763367,   9.949930993e-05,       6.460276158,                40,                40,                40,    0.001789260784,     0.01051238841,      0.5995493054,                 0,                 0,                 0,     0.07744458258,    -0.01041798445,      0.5995509532,                 0,       57.03264394,     0.02606493762
          0,           0,         911,      -11.26320673,      -9.671497324,      -10.23123492,       -10.9203346,      -12.44149498,      -5.475471015,      -3.381704558,   9.949931036e-05,       6.460276159,                40,                40,                40,    0.001789260784,     0.01051224124,      0.5995425354,                 0,                 0,                 0,     0.07744382067,    -0.01041789527,      0.5995441822,                 0,       57.03279843,     0.02606493762
          0,           0,         912,      -11.26314594,      -9.671473792,      -10.23117509,      -10.92027552,      -12.44144491,      -5.475477391,      -3.381645964,    9.94993108e-05,       6.460276161,                40,                40,                40,    0.001789260784,     0.01051209434,      0.5995357644,                 0,                 0,                 0,     0.07744305884,    -0.01041780578,      0.5995374102,                 0,       57.03295129,     0.02606493762
          0,           0,         913,      -11.26308533,       -9.67145023,      -10.23111531,      -10.92021671,      -12.44139498,      -5.475483738,       -3.38158752,   9.949931124e-05,       6.460276162,                40,                40,                40,    0.001789260784,     0.01051194773,      0.5995289924,                 0,                 0,                 0,     0.07744229708,    -0.01041771596,      0.5995306372,                 0,       57.03310251,     0.02606493762
          0,           0,         914,      -11.26302479,      -9.671426639,      -10.23105557,      -10.92015799,      -12.44134518,      -5.475490057,       -3.38152923,   9.949931167e-05,       6.460276164,                40,                40,                40,    0.001789260784,      0.0105118014,      0.5995222193,                 0,                 0,                 0,      0.0774415354,    -0.01041762582,      0.5995238631,                 0,       57.03325211,     0.02606493762
          0,           0,         915,      -11.26296419,      -9.671403021,      -10.23099586,      -10.92009922,      -12.44129553,      -5.475496348,      -3.381471091,   9.949931211e-05,       6.460276165,                40,                40,                40,    0.001789260784,     0.01051165535,      0.5995154452,                 0,                 0,                 0,     0.07744077379,    -0.01041753537,      0.5995170881,                 0,       57.03340009,     0.02606493762
          0,           0,         916,      -11.26290364,      -9.671379374,      -10.23093618,      -10.92004056,      -12.44124601,      -5.475502611,      -3.381413107,   9.949931254e-05,       6.460276167,                40,                40,                40,    0.001789260784,     0.01051150958,      0.5995086701,                 0,                 0,                 0,     0.07744001226,     -0.0104174446,       0.599510312,                 0,       57.03354645,     0.02606493762
          0,           0,         917,      -11.26284314,      -9.671355706,      -10.23087653,      -10.91998201,      -12.44119665,      -5.475508846,      -3.381355283,   9.949931298e-05,       6.460276168,                40,                40,                40,    0.001789260784,      0.0105113641,       0.599501894,                 0,                 0,                 0,     0.07743925081,    -0.01041735351,       0.599503535,                 0,        57.0336912,     0.02606493762
          0,           0,         918,      -11.26278263,      -9.671332009,      -10.23081691,       -10.9199234,      -12.44114743,      -5.475515053,      -3.381297615,   9.949931342e-05,        6.46027617,                40,                40,                40,    0.001789260784,     0.01051121889,      0.5994951169,                 0,                 0,                 0,     0.07743848944,    -0.01041726211,      0.5994967569,                 0,       57.03383433,     0.02606493762
          0,           0,         919,       -11.2627221,      -9.671308285,      -10.23075731,      -10.91986477,      -12.44109835,      -5.475521233,      -3.381240123,   9.949931385e-05,       6.460276171,                40,                40,                40,    0.001789260784,     0.01051107396,      0.5994883387,                 0,                 0,                 0,     0.07743772815,     -0.0104171704,      0.5994899778,                 0,       57.03397586,     0.02606493762
          0,           0,         920,      -11.26266164,      -9.671284536,      -10.23069774,      -10.91980625,      -12.44104943,      -5.475527386,      -3.381182799,   9.949931429e-05,       6.460276173,                40,                40,                40,    0.001789260784,     0.01051092931,      0.5994815595,                 0,                 0,                 0,     0.07743696694,    -0.01041707837,      0.5994831977,                 0,       57.03411579,     0.02606493762
          0,           0,         921,       -11.2626011,      -9.671260761,       -10.2306382,       -10.9197476,      -12.44100066,      -5.475533512,      -3.381125508,   9.949931472e-05,       6.460276174,                40,                40,                40,    0.001789260784,     0.01051078494,      0.5994747793,                 0,                 0,                 0,     0.07743620581,    -0.01041698603,      0.5994764166,                 0,       57.03425412,     0.02606493762
          0,           0,         922,      -11.26254059,      -9.671236957,      -10.23057869,      -10.91968899,      -12.44095205,      -5.475539611,      -3.381068341,   9.949931516e-05,       6.460276176,                40,                40,                40,    0.001789260784,     0.01051064085,      0.5994679981,                 0,                 0,                 0,     0.07743544476,    -0.01041689337,      0.5994696344,                 0,       57.03439084,     0.02606493762
          0,           0,         923,      -11.26248029,      -9.671213125,      -10.23051921,      -10.91963064,      -12.44090359,      -5.475545682,      -3.381011357,   9.949931559e-05,       6.460276177,                40,                40,                40,    0.001789260784,     0.01051049703,      0.5994612158,                 0,                 0,                 0,     0.07743468379,     -0.0104168004,      0.5994628513,                 0,       57.03452596,     0.02606493762
          0,           0,         924,      -11.26242012,      -9.671189266,      -10.23045977,      -10.91957246,      -12.44085529,      -5.475551725,      -3.380954555,   9.949931603e-05,       6.460276179,                40,                40,                40,    0.001789260784,      0.0105103535,      0.5994544326,                 0,                 0,                 0,      0.0774339229,    -0.01041670712,      0.5994560672,                 0,       57.03465946,     0.02606493762
          0,           0,         925,      -11.26236004,      -9.671165378,      -10.23040036,      -10.91951439,      -12.44080714,       -5.47555775,      -3.380897937,   9.949931647e-05,        6.46027618,                40,                40,                40,    0.001789260784,     0.01051021024,      0.5994476483,                 0,                 0,                 0,      0.0774331621,    -0.01041661352,      0.5994492821,                 0,       57.03479135,     0.02606493762
          0,           0,         926,      -11.26230077,      -9.671141463,      -10.23034099,      -10.91945739,      -12.44075916,      -5.475563751,      -3.380841508,    9.94993169e-05,       6.460276181,                40,                40,                40,    0.001789260784,     0.01051006727,      0.5994408631,                 0,                 0,                 0,     0.07743240138,     -0.0104165196,      0.5994424959,                 0,       57.03492162,     0.02606493762
          0,           0,         927,      -11.26224133,      -9.671117522,      -10.23028165,      -10.91940012,      -12.44071133,      -5.475569727,      -3.380785271,   9.949931734e-05,       6.460276183,                40,                40,                40,    0.001789260784,     0.01050992458,      0.5994340768,                 0,                 0,                 0,     0.07743164074,    -0.01041642537,      0.5994357088,                 0,       57.03505027,     0.02606493762
          0,           0,         928,      -11.26218122,      -9.671093554,      -10.23022237,      -10.91934187,      -12.44066367,      -5.475575678,      -3.380729225,   9.949931777e-05,       6.460276184,                40,                40,                40,    0.001789260784,     0.01050978217,      0.5994272895,                 0,                 0,                 0,     0.07743088018,    -0.01041633082,      0.5994289207,                 0,       57.03517731,     0.02606493762
          0,           0,         929,      -11.26212154,      -9.671069559,      -10.23016314,      -10.91928422,      -12.44061618,      -5.475581606,      -3.380673321,   9.949931821e-05,       6.460276186,                40,                40,                40,    0.001789260784,     0.01050964004,      0.5994205012,                 0,                 0,                 0,      0.0774301197,    -0.01041623595,      0.5994221316,                 0,       57.03530272,     0.02606493762
          0,           0,         930,       -11.2620624,      -9.671045538,      -10.23010396,      -10.91922726,      -12.44056885,      -5.475587509,      -3.380617594,   9.949931864e-05,       6.460276187,                40,                40,                40,    0.001789260784,     0.01050949819,      0.5994137119,                 0,                 0,                 0,     0.07742935929,    -0.01041614077,      0.5994153414,                 0,       57.03542651,     0.02606493762
          0,           0,         931,      -11.26200319,      -9.671021491,      -10.23004482,      -10.91917031,      -12.44052168,       -5.47559339,      -3.380562067,   9.949931908e-05,       6.460276189,                40,                40,                40,    0.001789260784,     0.01050935663,      0.5994069215,                 0,                 0,                 0,     0.07742859896,    -0.01041604527,      0.5994085503,                 0,       57.03554867,     0.02606493762
          0,           0,         932,      -11.26194377,      -9.670997418,      -10.22998573,      -10.91911329,      -12.44047468,      -5.475599248,       -3.38050675,   9.949931951e-05,        6.46027619,                40,                40,                40,    0.001789260784,     0.01050921535,      0.5994001302,                 0,                 0,                 0,      0.0774278387,    -0.01041594945,      0.5994017582,                 0,       57.03566921,     0.02606493762
          0,           0,         933,      -11.26188495,      -9.670973319,      -10.22992669,      -10.91905681,      -12.44042785,      -5.475605083,      -3.380451635,   9.949931995e-05,       6.460276192,                40,                40,                40,    0.001789260784,     0.01050907435,      0.5993933379,                 0,                 0,                 0,     0.07742707853,    -0.01041585331,       0.599394965,                 0,       57.03578811,     0.02606493762
          0,           0,         934,      -11.26182685,      -9.670949194,      -10.22986771,      -10.91900107,      -12.44038119,      -5.475610897,      -3.380396725,   9.949932038e-05,       6.460276193,                40,                40,                40,    0.001789260784,     0.01050893364,      0.5993865445,                 0,                 0,                 0,     0.07742631843,    -0.01041575686,      0.5993881709,                 0,       57.03590538,     0.02606493762
          0,           0,         935,      -11.26176889,      -9.670925052,      -10.22980877,      -10.91894547,       -12.4403347,      -5.475616689,      -3.380341954,   9.949932082e-05,       6.460276195,                40,                40,                40,    0.001789260784,      0.0105087932,      0.5993797502,                 0,                 0,                 0,     0.07742555842,    -0.01041566008,      0.5993813758,                 0,       57.03602103,     0.02606493762
          0,           0,         936,      -11.26171105,      -9.670900887,      -10.22974988,      -10.91889001,      -12.44028837,       -5.47562246,      -3.380287341,   9.949932125e-05,       6.460276196,                40,                40,                40,    0.001789260784,     0.01050865306,      0.5993729548,                 0,                 0,                 0,     0.07742479848,    -0.01041556299,      0.5993745797,                 0,       57.03613504,     0.02606493762
          0,           0,         937,      -11.26167095,      -9.670876684,      -10.22969099,      -10.91885439,      -12.44024222,      -5.475628209,      -3.380232947,   9.949932169e-05,       6.460276198,                40,                40,                40,    0.001789260784,     0.01050851319,      0.5993661584,                 0,                 0,                 0,     0.07742403862,    -0.01041546558,      0.5993677826,                 0,       57.03624743,     0.02606493762
          0,           0,         938,      -11.26157769,      -9.670852465,      -10.22963212,      -10.91875271,      -12.44019624,      -5.475633939,      -3.380178777,   9.949932212e-05,       6.460276199,                40,                40,                40,    0.001789260784,     0.01050837361,      0.5993593611,                 0,                 0,                 0,     0.07742327884,    -0.01041536786,      0.5993609845,                 0,       57.03635819,     0.02606493762
          0,           0,         939,      -11.26152498,       -9.67082823,      -10.22957324,      -10.91870477,      -12.44015044,      -5.475639649,      -3.380124827,   9.949932256e-05,       6.460276201,                40,                40,                40,    0.001789260784,     0.01050823431,      0.5993525627,                 0,                 0,                 0,     0.07742251914,    -0.01041526981,      0.5993541854,                 0,       57.03646734,     0.02606493762
          0,           0,         940,      -11.26147653,      -9.670803968,      -10.22951441,      -10.91866176,       -12.4401048,       -5.47564534,      -3.380071096,   9.949932299e-05,       6.460276202,                40,                40,                40,    0.001789260784,     0.01050809528,      0.5993457633,                 0,                 0,                 0,     0.07742175952,    -0.01041517146,      0.5993473853,                 0,       57.03657488,     0.02606493762
          0,           0,         941,      -11.26142105,       -9.67077968,      -10.22945564,      -10.91860923,      -12.44005935,      -5.475651012,      -3.380017594,   9.949932343e-05,       6.460276204,                40,                40,                40,    0.001789260784,     0.01050795653,       0.599338963,                 0,                 0,                 0,     0.07742099997,    -0.01041507279,      0.5993405843,                 0,       57.03668083,     0.02606493762
          0,           0,         942,      -11.26136357,      -9.670755366,      -10.22939693,      -10.91855438,      -12.44001406,      -5.475656667,      -3.379964324,   9.949932386e-05,       6.460276205,                40,                40,                40,    0.001789260784,     0.01050781806,      0.5993321616,                 0,                 0,                 0,     0.07742024049,    -0.01041497381,      0.5993337822,                 0,       57.03678519,     0.02606493762
          0,           0,         943,      -11.26130691,      -9.670731027,      -10.22933828,      -10.91850061,      -12.43996896,        -5.4756623,       -3.37991118,    9.94993243e-05,       6.460276207,                40,                40,                40,    0.001789260784,     0.01050767987,      0.5993253592,                 0,                 0,                 0,     0.07741948108,    -0.01041487452,      0.5993269791,                 0,       57.03688795,     0.02606493762
          0,           0,         944,      -11.26125097,      -9.670706662,      -10.22927968,       -10.9184475,      -12.43992402,      -5.475667917,       -3.37985822,   9.949932473e-05,       6.460276208,                40,                40,                40,    0.001789260784,     0.01050754195,      0.5993185557,                 0,                 0,                 0,     0.07741872175,    -0.01041477492,       0.599320175,                 0,        57.0369891,     0.02606493762
          0,           0,         945,      -11.26119502,      -9.670682268,      -10.22922114,      -10.91839426,      -12.43987926,      -5.475673517,       -3.37980548,   9.949932517e-05,        6.46027621,                40,                40,                40,    0.001789260784,     0.01050740432,      0.5993117513,                 0,                 0,                 0,     0.07741796249,      -0.010414675,      0.5993133699,                 0,       57.03708863,     0.02606493762
          0,           0,         946,      -11.26113907,      -9.670657847,      -10.22916266,      -10.91834097,      -12.43983468,      -5.475679311,      -3.379752953,    9.94993256e-05,       6.460276211,                40,                40,                40,    0.001789260784,     0.01050726696,      0.5993049459,                 0,                 0,                 0,     0.07741720331,    -0.01041457476,      0.5993065638,                 0,       57.03718654,     0.02606493762
          0,           0,         947,      -11.26108315,      -9.670633397,      -10.22910423,      -10.91828771,      -12.43979027,       -5.47568511,      -3.379705127,   9.949932603e-05,       6.460276213,                40,                40,                40,    0.001789260784,     0.01050712989,      0.5992981394,                 0,                 0,                 0,     0.07741644422,    -0.01041447421,      0.5992997568,                 0,       57.03728283,     0.02606493762
          0,           0,         948,      -11.26102626,      -9.670608918,      -10.22904585,      -10.91823329,      -12.43974605,      -5.475690893,      -3.379661845,   9.949932647e-05,       6.460276214,                40,                40,                40,    0.001789260784,      0.0105069931,       0.599291332,                 0,                 0,                 0,     0.07741568521,    -0.01041437334,      0.5992929487,                 0,       57.03737749,     0.02606493762
          0,           0,         949,      -11.26096375,      -9.670584407,      -10.22898751,      -10.91817231,        -12.439702,       -5.47569666,      -3.379618376,    9.94993269e-05,       6.460276216,                40,                40,                40,    0.001789260784,      0.0105068566,      0.5992845236,                 0,                 0,                 0,     0.07741492629,    -0.01041427215,      0.5992861397,                 0,       57.03747054,     0.02606493762
          0,           0,         950,      -11.26090466,       -9.67055987,      -10.22892922,      -10.91811519,      -12.43965812,      -5.475702413,      -3.379574723,   9.949932734e-05,       6.460276217,                40,                40,                40,    0.001789260784,     0.01050672037,      0.5992777142,                 0,                 0,                 0,     0.07741416747,    -0.01041417065,      0.5992793297,                 0,       57.03756197,     0.02606493762
          0,           0,         951,       -11.2608503,      -9.670535304,      -10.22887098,      -10.91806357,      -12.43961443,       -5.47570815,       -3.37953089,   9.949932777e-05,       6.460276219,                40,                40,                40,    0.001789260784,     0.01050658442,      0.5992709038,                 0,                 0,                 0,     0.07741340873,    -0.01041406884,      0.5992725187,                 0,       57.03765181,     0.02606493762
          0,           0,         952,      -11.26079521,      -9.670510706,      -10.22881277,      -10.91801097,      -12.43957092,      -5.475713872,      -3.379486882,   9.949932821e-05,        6.46027622,                40,                40,                40,    0.001789260784,     0.01050644875,      0.5992640924,                 0,                 0,                 0,     0.07741265007,    -0.01041396671,      0.5992657067,                 0,       57.03774004,     0.02606493762
          0,           0,         953,      -11.26073932,      -9.670486078,      -10.22875459,      -10.91795739,      -12.43952759,      -5.475719583,      -3.379442707,   9.949932864e-05,       6.460276222,                40,                40,                40,    0.001789260784,     0.01050631335,        0.59925728,                 0,                 0,                 0,      0.0774118915,    -0.01041386428,      0.5992588937,                 0,       57.03782669,     0.02606493762
          0,           0,         954,      -11.26068359,      -9.670461419,      -10.22869645,      -10.91790393,      -12.43948444,      -5.475725282,      -3.379398374,   9.949932907e-05,       6.460276223,                40,                40,                40,    0.001789260784,     0.01050617823,      0.5992504666,                 0,                 0,                 0,     0.07741113302,    -0.01041376153,      0.5992520797,                 0,       57.03791174,     0.02606493762
          0,           0,         955,      -11.26062818,      -9.670436729,      -10.22863833,      -10.91785086,      -12.43944147,      -5.475730967,      -3.379353893,   9.949932951e-05,       6.460276225,                40,                40,                40,    0.001789260784,     0.01050604338,      0.5992436522,                 0,                 0,                 0,     0.07741037461,    -0.01041365848,      0.5992452648,                 0,       57.03799521,     0.02606493762
          0,           0,         956,      -11.26057257,      -9.670412008,      -10.22858023,      -10.91779748,      -12.43939868,      -5.475736641,      -3.379309272,   9.949932994e-05,       6.460276226,                40,                40,                40,    0.001789260784,     0.01050590881,      0.5992368368,                 0,                 0,                 0,      0.0774096163,    -0.01041355511,      0.5992384488,                 0,       57.03807708,     0.02606493762
          0,           0,         957,      -11.26051634,      -9.670387256,      -10.22852216,      -10.91774309,      -12.43935609,      -5.475742303,      -3.379264505,   9.949933038e-05,       6.460276228,                40,                40,                40,    0.001789260784,     0.01050577452,      0.5992300204,                 0,                 0,                 0,     0.07740885806,    -0.01041345143,      0.5992316319,                 0,       57.03815737,     0.02606493762
          0,           0,         958,      -11.26046012,      -9.670362471,      -10.22846412,      -10.91768869,      -12.43931367,      -5.475747953,      -3.379219593,   9.949933081e-05,       6.460276229,                40,                40,                40,    0.001789260784,      0.0105056405,      0.5992232029,                 0,                 0,                 0,     0.07740809991,    -0.01041334744,      0.5992248139,                 0,       57.03823606,     0.02606493762
          0,           0,         959,      -11.26040388,      -9.670337653,       -10.2284061,      -10.91763432,      -12.43927145,      -5.475753592,      -3.379174535,   9.949933124e-05,       6.460276231,                40,                40,                40,    0.001789260784,     0.01050550676,      0.5992163845,                 0,                 0,                 0,     0.07740734184,    -0.01041324314,       0.599217995,                 0,       57.03831315,     0.02606493762
          0,           0,         960,      -11.26034735,       -9.67031281,      -10.22834811,      -10.91757941,      -12.43922941,       -5.47575922,      -3.379129335,   9.949933168e-05,       6.460276232,                40,                40,                40,    0.001789260784,      0.0105053733,      0.5992095651,                 0,                 0,                 0,     0.07740658386,    -0.01041313853,      0.5992111751,                 0,       57.03838865,     0.02606493762
          0,           0,         961,      -11.26029126,      -9.670287932,      -10.22829017,      -10.91752492,      -12.43918756,      -5.475764839,      -3.379083995,   9.949933211e-05,       6.460276234,                40,                40,                40,    0.001789260784,     0.01050524011,      0.5992027447,                 0,                 0,                 0,     0.07740582597,    -0.01041303361,      0.5992043542,                 0,       57.03846255,     0.02606493762
          0,           0,         962,      -11.26023486,       -9.67026302,      -10.22823224,         -10.91747,      -12.43914591,      -5.475770448,      -3.379038519,   9.949933254e-05,       6.460276235,                40,                40,                40,    0.001789260784,      0.0105051072,      0.5991959233,                 0,                 0,                 0,     0.07740506815,    -0.01041292838,      0.5991975323,                 0,       57.03853486,     0.02606493762
          0,           0,         963,      -11.26017836,      -9.670238074,      -10.22817435,      -10.91741487,      -12.43910444,      -5.475776048,      -3.378992912,   9.949933298e-05,       6.460276237,                40,                40,                40,    0.001789260784,     0.01050497457,      0.5991891009,                 0,                 0,                 0,     0.07740431043,    -0.01041282283,      0.5991907094,                 0,       57.03860557,     0.02606493762
          0,           0,         964,      -11.26012182,      -9.670213094,      -10.22811648,      -10.91735965,      -12.43906317,      -5.475781653,      -3.378947174,   9.949933341e-05,       6.460276238,                40,                40,                40,    0.001789260784,     0.01050484221,      0.5991822775,                 0,                 0,                 0,     0.07740355278,    -0.01041271697,      0.5991838856,                 0,       57.03867468,     0.02606493762
          0,           0,         965,      -11.26006527,       -9.67018808,      -10.22805864,      -10.91730436,      -12.43902209,      -5.475787274,        -3.3789013,   9.949933385e-05,        6.46027624,                40,                40,                40,    0.001789260784,     0.01050471013,      0.5991754531,                 0,                 0,                 0,     0.07740279522,     -0.0104126108,      0.5991770607,                 0,       57.03874219,     0.02823020763
          0,           0,         966,      -11.26000872,      -9.670163031,      -10.22800083,      -10.91724901,      -12.43898121,      -5.475792886,      -3.378855293,   9.949933428e-05,       6.460276241,                40,                40,                40,    0.001789260784,     0.01050457833,      0.5991686277,                 0,                 0,                 0,     0.07740203774,    -0.01041250432,      0.5991702349,                 0,       57.03880809,     0.02823020763
          0,           0,         967,      -11.25995242,      -9.670137948,      -10.22794305,      -10.91719381,      -12.43894054,      -5.475798491,       -3.37880917,   9.949933471e-05,       6.460276243,                40,                40,                40,    0.001789260784,     0.01050444681,      0.5991618013,                 0,                 0,                 0,     0.07740128034,    -0.01041239752,       0.599163408,                 0,       57.03887239,     0.02823020763
          0,           0,         968,      -11.25988657,      -9.670112894,      -10.22788553,      -10.91711591,      -12.43890006,      -5.475804087,      -3.378762931,   9.949933515e-05,       6.460276244,                40,                40,                40,    0.001789260784,     0.01050431557,      0.5991549739,                 0,                 0,                 0,     0.07740052303,    -0.01041229041,      0.5991565802,                 0,       57.03893508,     0.02823020763
          0,           0,         969,      -11.25982758,      -9.670087801,      -10.22782784,      -10.91704933,      -12.43885978,      -5.475809678,      -3.378716578,   9.949933558e-05,       6.460276246,                40,                40,                40,    0.001789260784,     0.01050418461,      0.5991481455,                 0,                 0,                 0,      0.0773997658,    -0.01041218299,      0.5991497514,                 0,       57.03899617,     0.02823020763
          0,           0,         970,      -11.25976761,      -9.670062652,      -10.22777023,      -10.91699153,      -12.43881972,      -5.475815265,      -3.378670122,   9.949933601e-05,       6.460276247,                40,                40,                40,    0.001789260784,     0.01050405392,      0.5991413161,                 0,                 0,                 0,     0.07739900865,    -0.01041207525,      0.5991429216,                 0,       57.03905564,     0.02823020763
          0,           0,         971,      -11.25970884,      -9.670037459,      -10.22771264,      -10.91693529,      -12.43877986,      -5.475820846,      -3.378623565,   9.949933645e-05,       6.460276249,                40,                40,                40,    0.001789260784,     0.01050392352,      0.5991344857,                 0,                 0,                 0,     0.07739825159,     -0.0104119672,      0.5991360908,                 0,       57.03911349,     0.02823020763
          0,           0,         972,      -11.25965205,      -9.670012232,      -10.22765503,      -10.91687899,      -12.43874021,      -5.475826421,      -3.378576921,   9.949933688e-05,        6.46027625,                40,                40,                40,    0.001789260784,      0.0105037934,      0.5991276544,                 0,                 0,                 0,     0.07739749462,    -0.01041185883,      0.5991292591,                 0,       57.03916972,     0.02823020763
          0,           0,         973,      -11.25959485,       -9.66998697,      -10.22759739,      -10.91682184,      -12.43870077,      -5.475831991,      -3.378530177,   9.949933731e-05,       6.460276252,                40,                40,                40,    0.001789260784,     0.01050366356,       0.599120822,                 0,                 0,                 0,     0.07739673773,    -0.01041175014,      0.5991224264,                 0,       57.03922432,     0.02823020763
          0,           0,         974,      -11.25953687,      -9.669961672,      -10.22753978,      -10.91676436,      -12.43865611,      -5.475837557,      -3.378483333,   9.949933775e-05,       6.460276253,                40,                40,                40,    0.001789260784,     0.01050353401,      0.5991139886,                 0,                 0,                 0,     0.07739598092,    -0.01041164113,      0.5991155926,                 0,       57.03927729,     0.02823020763
          0,           0,         975,      -11.25947883,      -9.669936339,      -10.22748219,      -10.91670699,      -12.43859953,      -5.475843113,      -3.378436389,   9.949933818e-05,       6.460276255,                40,                40,                40,    0.001789260784,     0.01050340473,      0.5991071543,                 0,                 0,                 0,     0.07739522421,    -0.01041153181,       0.599108758,                 0,       57.03932863,     0.02823020763
          0,           0,         976,      -11.25942106,      -9.669910972,      -10.22742462,      -10.91664989,      -12.43854307,      -5.475848649,      -3.378389352,   9.949933861e-05,       6.460276256,                40,                40,                40,    0.001789260784,     0.01050327574,       0.599100319,                 0,                 0,                 0,     0.07739446759,    -0.01041142218,      0.5991019223,                 0,       57.03937834,     0.02823020763
          0,           0,         977,       -11.2593633,      -9.669885571,      -10.22736706,      -10.91659276,      -12.43848676,      -5.475854166,      -3.378342221,   9.949933904e-05,       6.460276258,                40,                40,                40,    0.001789260784,     0.01050314704,      0.5990934827,                 0,                 0,                 0,     0.07739371105,    -0.01041131222,      0.5990950857,                 0,       57.03942643,     0.02823020763
          0,           0,         978,      -11.25930536,      -9.669860138,      -10.22730952,       -10.9165355,       -12.4384306,      -5.475859663,         -3.378295,   9.949933948e-05,       6.460276259,                40,                40,                40,    0.001789260784,     0.01050301861,      0.5990866454,                 0,                 0,                 0,      0.0773929546,    -0.01041120195,       0.599088248,                 0,        57.0394729,     0.02823020763
          0,           0,         979,      -11.25924748,      -9.669834671,      -10.22725201,      -10.91647839,      -12.43837462,       -5.47586514,      -3.378247688,   9.949933991e-05,       6.460276261,                40,                40,                40,    0.001789260784,     0.01050289047,      0.5990798071,                 0,                 0,                 0,     0.07739219823,    -0.01041109136,      0.5990814095,                 0,       57.03951774,     0.02823020763
          0,           0,         980,      -11.25918963,      -9.669809172,      -10.22719452,      -10.91642134,      -12.43831882,      -5.475870597,      -3.378200288,   9.949934034e-05,       6.460276262,                40,                40,                40,    0.001789260784,      0.0105027626,      0.5990729678,                 0,                 0,                 0,     0.07739144195,    -0.01041098046,      0.5990745699,                 0,       57.03956097,     0.02823020763
          0,           0,         981,      -11.25919858,      -9.669783657,      -10.22713707,      -10.91645112,      -12.43826321,      -5.475876035,      -3.378152802,   9.949934078e-05,       6.460276264,                40,                40,                40,    0.001789260784,     0.01050263502,      0.5990661276,                 0,                 0,                 0,     0.07739068575,    -0.01041086924,      0.5990677293,                 0,       57.03960258,     0.02823020763
          0,           0,         982,      -11.25905858,      -9.669758106,      -10.22707964,      -10.91628932,      -12.43820779,      -5.475881457,      -3.378105231,   9.949934121e-05,       6.460276265,                40,                40,                40,    0.001789260784,     0.01050250772,      0.5990592863,                 0,                 0,                 0,     0.07738992963,    -0.01041075771,      0.5990608878,                 0,       57.03964258,     0.02823020763
          0,           0,         983,      -11.25898475,      -9.669732559,      -10.22702205,      -10.91621268,      -12.43815257,       -5.47588686,      -3.378057576,   9.949934164e-05,       6.460276267,                40,                40,                40,    0.001789260784,     0.01050238069,       0.599052444,                 0,                 0,                 0,     0.07738917359,    -0.01041064587,      0.5990540453,                 0,       57.03968098,     0.02823020763
          0,           0,         984,      -11.25894799,      -9.669706983,       -10.2269645,      -10.91618254,      -12.43809755,        -5.4758941,      -3.378009841,   9.949934207e-05,       6.460276268,                40,                40,                40,    0.001789260784,     0.01050225394,      0.5990456008,                 0,                 0,                 0,     0.07738841762,    -0.01041053372,      0.5990472017,                 0,       57.03971779,     0.02823020763
          0,           0,         985,      -11.25889555,      -9.669681373,      -10.22690708,      -10.91613213,      -12.43804274,       -5.47590163,      -3.377962024,   9.949934251e-05,        6.46027627,                40,                40,                40,    0.001789260784,     0.01050212746,      0.5990387565,                 0,                 0,                 0,     0.07738766173,    -0.01041042126,      0.5990403572,                 0,       57.03975302,     0.02823020763
          0,           0,         986,      -11.25883692,      -9.669655738,       -10.2268497,      -10.91607404,      -12.43798815,      -5.475909142,       -3.37791413,   9.949934294e-05,       6.460276271,                40,                40,                40,    0.001789260784,     0.01050200126,      0.5990319112,                 0,                 0,                 0,     0.07738690592,    -0.01041030849,      0.5990335117,                 0,       57.03978667,     0.02823020763
          0,           0,         987,      -11.25877946,      -9.669630075,      -10.22679235,      -10.91601759,      -12.43793377,      -5.475916636,       -3.37786616,   9.949934337e-05,       6.460276273,                40,                40,                40,    0.001789260784,     0.01050187532,       0.599025065,                 0,                 0,                 0,     0.07738615019,    -0.01041019541,      0.5990266652,                 0,       57.03981874,     0.02823020763
          0,           0,         988,      -11.25874101,      -9.669604364,      -10.22673534,      -10.91598633,      -12.43787961,      -5.475924109,      -3.377818118,    9.94993438e-05,       6.460276274,                40,                40,                40,    0.001789260784,     0.01050174967,      0.5990182177,                 0,                 0,                 0,     0.07738539454,    -0.01041008203,      0.5990198178,                 0,       57.03984922,     0.02823020763
          0,           0,         989,      -11.25864352,      -9.669578595,      -10.22667842,      -10.91587843,      -12.43782568,      -5.475931563,      -3.377770005,   9.949934424e-05,       6.460276276,                40,                40,                40,    0.001789260784,     0.01050162429,      0.5990113695,                 0,                 0,                 0,     0.07738463898,    -0.01040996833,      0.5990129693,                 0,        57.0398781,     0.02823020763
          0,           0,         990,      -11.25858699,      -9.669552813,       -10.2266211,      -10.91582273,      -12.43777197,      -5.475938999,      -3.377721818,   9.949934467e-05,       6.460276277,                40,                40,                40,    0.001789260784,     0.01050149919,      0.5990045203,                 0,                 0,                 0,      0.0773838835,    -0.01040985431,      0.5990061199,                 0,       57.03990536,     0.02823020763
          0,           0,         991,      -11.25854326,      -9.669527003,      -10.22656369,      -10.91578381,       -12.4377185,      -5.475946415,      -3.377673563,    9.94993451e-05,       6.460276279,                40,                40,                40,    0.001789260784,     0.01050137438,      0.5989976701,                 0,                 0,                 0,     0.07738312812,    -0.01040973998,      0.5989992696,                 0,         57.039931,     0.02823020763
          0,           0,         992,      -11.25848931,      -9.669501159,      -10.22650643,      -10.91573226,      -12.43766526,      -5.475953811,      -3.377625243,   9.949934553e-05,        6.46027628,                40,                40,                40,    0.001789260784,     0.01050124985,      0.5989908189,                 0,                 0,                 0,     0.07738237284,    -0.01040962534,      0.5989924182,                 0,       57.03995499,     0.02823020763
          0,           0,         993,      -11.25843173,      -9.669475289,      -10.22644927,      -10.91567617,      -12.43761227,      -5.475961186,      -3.377576859,   9.949934597e-05,       6.460276282,                40,                40,                40,    0.001789260784,     0.01050112561,      0.5989839668,                 0,                 0,                 0,     0.07738161765,    -0.01040951037,       0.598985566,                 0,       57.03997735,     0.02823020763
          0,           0,         994,      -11.25837586,      -9.669449392,      -10.22639216,      -10.91562222,      -12.43755951,       -5.47596854,       -3.37752841,    9.94993464e-05,       6.460276283,                40,                40,                40,    0.001789260784,     0.01050100165,      0.5989771137,                 0,                 0,                 0,     0.07738086255,    -0.01040939508,      0.5989787127,                 0,       57.03999807,     0.02823020763
          0,           0,         995,      -11.25832117,       -9.66942347,       -10.2263351,      -10.91556991,      -12.43750701,      -5.475975872,        -3.3774799,   9.949934683e-05,       6.460276285,                40,                40,                40,    0.001789260784,     0.01050087797,      0.5989702597,                 0,                 0,                 0,     0.07738010755,    -0.01040927948,      0.5989718585,                 0,       57.04001716,     0.02823020763
          0,           0,         996,      -11.25826638,       -9.66939752,      -10.22627809,      -10.91551758,      -12.43745476,      -5.475983183,      -3.377431333,   9.949934726e-05,       6.460276286,                40,                40,                40,    0.001789260784,     0.01050075457,      0.5989634046,                 0,                 0,                 0,     0.07737935264,    -0.01040916357,      0.5989650034,                 0,       57.04003464,     0.02823020763
          0,           0,         997,      -11.25821136,      -9.669371542,      -10.22622113,      -10.91546503,      -12.43740276,      -5.475990471,      -3.377382716,   9.949934769e-05,       6.460276288,                40,                40,                40,    0.001789260784,     0.01050063145,      0.5989565486,                 0,                 0,                 0,     0.07737859783,    -0.01040904734,      0.5989581473,                 0,       57.04005052,     0.02823020763
          0,           0,         998,      -11.25815619,      -9.669345536,      -10.22616419,      -10.91541236,      -12.43735103,      -5.475997737,      -3.377334057,   9.949934813e-05,       6.460276289,                40,                40,                40,    0.001789260784,     0.01050050861,      0.5989496917,                 0,                 0,                 0,     0.07737784311,     -0.0104089308,      0.5989512902,                 0,       57.04006481,     0.02823020763
          0,           0,         999,      -11.25810071,      -9.669319502,      -10.22610728,      -10.91535944,      -12.43729956,       -5.47600498,      -3.377285334,   9.949934856e-05,       6.460276291,                40,                40,                40,    0.001789260784,     0.01050038604,      0.5989428337,                 0,                 0,                 0,     0.07737708848,    -0.01040881396,      0.5989444321,                 0,       57.04007751,     0.02823020763
          0,           0,        1000,      -11.25804516,       -9.66929344,       -10.2260504,      -10.91530645,      -12.43724797,      -5.476012199,      -3.377236493,   9.949934899e-05,       6.460276292,                40,                40,                40,    0.001789260784,     0.01050026375,      0.5989359748,                 0,                 0,                 0,     0.07737633396,    -0.01040869681,      0.5989375731,                 0,       57.04008863,     0.02823020763
          0,           0,        1001,      -11.25798985,      -9.669267349,      -10.22599355,      -10.91525373,      -12.43719512,      -5.476019394,      -3.377187618,   9.949934942e-05,       6.460276294,                40,                40,                40,    0.001789260784,     0.01050014173,      0.5989291149,                 0,                 0,                 0,     0.07737557953,    -0.01040857935,      0.5989307131,                 0,       57.04009816,     0.02823020763
          0,           0,        1002,      -11.25793456,      -9.669241228,      -10.22593673,      -10.91520104,      -12.43714251,      -5.476026564,      -3.377138707,   9.949934985e-05,       6.460276295,                40,                40,                40,    0.001789260784,     0.01050001998,      0.5989222541,                 0,                 0,                 0,     0.07737482521,    -0.01040846158,      0.5989238522,                 0,       57.04010611,     0.02823020763
          0,           0,        1003,      -11.25787917,      -9.669215077,      -10.22587994,      -10.91514824,      -12.43709015,      -5.476033711,      -3.377089757,   9.949935029e-05,       6.460276297,                40,                40,                40,    0.001789260784,     0.01049989852,      0.5989153923,                 0,                 0,                 0,     0.07737407098,     -0.0104083435,      0.5989169904,                 0,       57.04011247,     0.02823020763
          0,           0,        1004,        -11.257824,        -9.6691889,      -10.22582319,      -10.91509573,      -12.43703804,      -5.476040833,      -3.377040776,   9.949935072e-05,       6.460276298,                40,                40,                40,    0.001789260784,     0.01049977732,      0.5989085295,                 0,                 0,                 0,     0.07737331685,    -0.01040822511,      0.5989101275,                 0,       57.04011723,     0.02823020763
          0,           0,        1005,      -11.25776999,      -9.669162707,      -10.22576651,      -10.91504482,      -12.43698619,      -5.476047929,      -3.376991762,   9.949935115e-05,         6.4602763,                40,                40,                40,    0.001789260784,     0.01049965641,      0.5989016657,                 0,                 0,                 0,     0.07737256282,    -0.01040810641,      0.5989032637,                 0,        57.0401204,     0.02823020763
          0,           0,        1006,      -11.25771554,      -9.669136482,      -10.22570988,      -10.91499329,       -12.4369346,      -5.476054999,      -3.376942717,   9.949935158e-05,       6.460276301,                40,                40,                40,    0.001789260784,     0.01049953577,       0.598894801,                 0,                 0,                 0,     0.07737180889,     -0.0104079874,       0.598896399,                 0,       57.04012197,     0.02823020763
          0,           0,        1007,      -11.25766047,      -9.669110226,      -10.22565329,      -10.91494086,      -12.43688327,      -5.476062043,       -3.37689346,   9.949935201e-05,       6.460276303,                40,                40,                40,    0.001789260784,     0.01049941541,      0.5988879353,                 0,                 0,                 0,     0.07737105505,    -0.01040786807,      0.5988895333,                 0,       57.04012194,     0.02823020763
          0,           0,        1008,      -11.25760545,      -9.669083941,      -10.22559673,      -10.91488848,      -12.43683222,      -5.476069061,      -3.376844015,   9.949935244e-05,       6.460276304,                40,                40,                40,    0.001789260784,     0.01049929532,      0.5988810687,                 0,                 0,                 0,     0.07737030131,    -0.01040774844,      0.5988826666,                 0,       57.04012033,     0.02823020763
          0,           0,        1009,      -11.25755057,      -9.669057626,      -10.22554019,      -10.91483626,      -12.43678143,       -5.47607605,       -3.37679445,   9.949935288e-05,       6.460276306,                40,                40,                40,    0.001789260784,     0.01049917552,      0.5988742011,                 0,                 0,                 0,     0.07736954766,     -0.0104076285,       0.598875799,                 0,       57.04011712,     0.02823020763
          0,           0,        1010,      -11.25749572,      -9.669031281,      -10.22548369,      -10.91478409,      -12.43673093,      -5.476083013,      -3.376744896,   9.949935331e-05,       6.460276307,                40,                40,                40,    0.001789260784,     0.01049905598,      0.5988673325,                 0,                 0,                 0,      0.0773687941,    -0.01040750825,      0.5988689304,                 0,       57.04011231,     0.02823020763
          0,           0,        1011,      -11.25744088,      -9.669004907,      -10.22542722,      -10.91473187,       -12.4366807,      -5.476089947,      -3.376695354,   9.949935374e-05,       6.460276309,                40,                40,                40,    0.001789260784,     0.01049893673,      0.5988604629,                 0,                 0,                 0,     0.07736804063,    -0.01040738769,      0.5988620609,                 0,        57.0401059,     0.02823020763
          0,           0,        1012,       -11.2573861,      -9.668978503,      -10.22537077,      -10.91467968,      -12.43663076,      -5.476096853,      -3.376645842,   9.949935417e-05,        6.46027631,                40,                40,                40,    0.001789260784,     0.01049881775,      0.5988535924,                 0,                 0,                 0,     0.07736728726,    -0.01040726681,      0.5988551904,                 0,       57.04009788,     0.02823020763
          0,           0,        1013,      -11.25733141,      -9.668952071,      -10.22531435,      -10.91462761,      -12.43658111,       -5.47610373,      -3.376596338,    9.94993546e-05,       6.460276312,                40,                40,                40,    0.001789260784,     0.01049869906,      0.5988467209,                 0,                 0,                 0,     0.07736653399,    -0.01040714563,       0.598848319,                 0,       57.04008826,     0.02823020763
          0,           0,        1014,      -11.25727671,       -9.66892561,      -10.22525796,      -10.91457544,       -12.4365317,      -5.476110578,      -3.376546866,   9.949935503e-05,       6.460276314,                40,                40,                40,    0.001789260784,     0.01049858064,      0.5988398484,                 0,                 0,                 0,     0.07736578081,    -0.01040702412,      0.5988414466,                 0,       57.04007702,     0.02823020763
          0,           0,        1015,      -11.25722211,       -9.66889912,      -10.22520159,      -10.91452333,      -12.43648255,      -5.476117397,      -3.376497429,   9.949935546e-05,       6.460276315,                40,                40,                40,    0.001789260784,     0.01049846251,       0.598832975,                 0,                 0,                 0,     0.07736502772,    -0.01040690231,      0.5988345732,                 0,       57.04006416,     0.02823020763
          0,           0,        1016,      -11.25716745,      -9.668872602,      -10.22514524,      -10.91447111,      -12.43643368,      -5.476124187,      -3.376447796,    9.94993559e-05,       6.460276317,                40,                40,                40,    0.001789260784,     0.01049834465,      0.5988261006,                 0,                 0,                 0,     0.07736427474,    -0.01040678018,      0.5988276989,                 0,       57.04004969,     0.02823020763
          0,           0,        1017,      -11.25711293,      -9.668846054,      -10.22508892,        -10.914419,      -12.43638511,      -5.476130947,      -3.376398219,   9.949935633e-05,       6.460276318,                40,                40,                40,    0.001789260784,     0.01049822708,      0.5988192253,                 0,                 0,                 0,     0.07736352185,    -0.01040665773,      0.5988208237,                 0,       57.04003359,     0.02823020763
          0,           0,        1018,      -11.25705843,      -9.668819476,      -10.22503264,      -10.91436678,      -12.43633682,      -5.476137677,      -3.376348709,   9.949935676e-05,        6.46027632,                40,                40,                40,    0.001789260784,     0.01049810979,       0.598812349,                 0,                 0,                 0,     0.07736276906,    -0.01040653498,      0.5988139475,                 0,       57.04001587,     0.02823020763
          0,           0,        1019,      -11.25700754,      -9.668792858,      -10.22497653,      -10.91431852,      -12.43628884,      -5.476144385,      -3.376299138,   9.949935719e-05,       6.460276321,                40,                40,                40,    0.001789260784,     0.01049799278,      0.5988054718,                 0,                 0,                 0,     0.07736201636,     -0.0104064119,      0.5988070703,                 0,       57.03999654,     0.02823020763
          0,           0,        1020,      -11.25695443,      -9.668766205,      -10.22492031,       -10.9142674,      -12.43624115,      -5.476151071,      -3.376249539,   9.949935762e-05,       6.460276323,                40,                40,                40,    0.001789260784,     0.01049787605,      0.5987985936,                 0,                 0,                 0,     0.07736126376,    -0.01040628852,      0.5988001922,                 0,       57.03997559,     0.02823020763
          0,           0,        1021,      -11.25690034,      -9.668739526,      -10.22486407,      -10.91421563,      -12.43619375,      -5.476157727,      -3.376200015,   9.949935805e-05,       6.460276324,                40,                40,                40,    0.001789260784,      0.0104977596,      0.5987917144,                 0,                 0,                 0,     0.07736051126,    -0.01040616481,      0.5987933132,                 0,         57.039953,     0.02823020763
          0,           0,        1022,      -11.25687152,      -9.668712812,      -10.22480785,      -10.91419396,      -12.43614666,      -5.476164351,      -3.376150561,   9.949935848e-05,       6.460276326,                40,                40,                40,    0.001789260784,     0.01049764344,      0.5987848343,                 0,                 0,                 0,     0.07735975886,    -0.01040604079,      0.5987864332,                 0,       57.03992877,     0.02823020763
          0,           0,        1023,      -11.25677488,      -9.668686056,      -10.22475163,      -10.91408574,      -12.43609986,      -5.476170944,      -3.376101177,   9.949935891e-05,       6.460276327,                40,                40,                40,    0.001789260784,     0.01049752757,      0.5987779532,                 0,                 0,                 0,     0.07735900657,    -0.01040591645,      0.5987795523,                 0,        57.0399029,     0.02823020763
          0,           0,        1024,      -11.25671942,      -9.668659286,      -10.22469537,      -10.91403267,      -12.43605337,      -5.476177505,      -3.376051863,   9.949935934e-05,       6.460276329,                40,                40,                40,    0.001789260784,     0.01049741198,      0.5987710712,                 0,                 0,                 0,     0.07735825438,    -0.01040579179,      0.5987726705,                 0,       57.03987541,     0.02823020763
          0,           0,        1025,      -11.25667568,      -9.668632489,      -10.22463913,      -10.91399424,      -12.43600717,      -5.476184035,      -3.376002615,   9.949935977e-05,        6.46027633,                40,                40,                40,    0.001789260784,     0.01049729666,      0.5987641883,                 0,                 0,                 0,      0.0773575023,    -0.01040566682,      0.5987657877,                 0,       57.03984632,     0.02823020763
          0,           0,        1026,      -11.25662398,      -9.668605664,      -10.22458294,      -10.91394494,      -12.43596127,      -5.476190533,      -3.375953301,   9.949936021e-05,       6.460276332,                40,                40,                40,    0.001789260784,     0.01049718162,      0.5987573044,                 0,                 0,                 0,     0.07735675031,    -0.01040554155,       0.598758904,                 0,       57.03981565,     0.02823020763
          0,           0,        1027,      -11.25656897,      -9.668578811,      -10.22452679,       -10.9138914,      -12.43591567,      -5.476196999,       -3.37590404,   9.949936064e-05,       6.460276333,                40,                40,                40,    0.001789260784,     0.01049706685,      0.5987504195,                 0,                 0,                 0,     0.07735599841,    -0.01040541597,      0.5987520193,                 0,        57.0397834,     0.02823020763
          0,           0,        1028,      -11.25651471,       -9.66855193,      -10.22447068,      -10.91383897,      -12.43587037,      -5.476203433,      -3.375854852,   9.949936107e-05,       6.460276335,                40,                40,                40,    0.001789260784,     0.01049695236,      0.5987435337,                 0,                 0,                 0,     0.07735524661,    -0.01040529008,      0.5987451337,                 0,       57.03974957,     0.02823020763
          0,           0,        1029,      -11.25646082,       -9.66852502,      -10.22441459,      -10.91378668,      -12.43582537,      -5.476209835,      -3.375805728,    9.94993615e-05,       6.460276336,                40,                40,                40,    0.001789260784,     0.01049683814,       0.598736647,                 0,                 0,                 0,     0.07735449491,    -0.01040516389,      0.5987382471,                 0,       57.03971415,     0.02823020763
          0,           0,        1030,      -11.25640697,      -9.668498082,      -10.22435855,       -10.9137342,      -12.43578067,      -5.476216205,      -3.375756684,   9.949936193e-05,       6.460276338,                40,                40,                40,    0.001789260784,      0.0104967242,      0.5987297593,                 0,                 0,                 0,     0.07735374331,    -0.01040503738,      0.5987313597,                 0,       57.03967712,     0.02823020763
          0,           0,        1031,      -11.25635286,       -9.66847111,      -10.22430256,      -10.91368137,      -12.43573627,      -5.476222547,      -3.375707641,   9.949936236e-05,        6.46027634,                40,                40,                40,    0.001789260784,     0.01049661054,      0.5987228706,                 0,                 0,                 0,     0.07735299182,    -0.01040491056,      0.5987244712,                 0,       57.03963847,     0.02823020763
          0,           0,        1032,       -11.2562977,      -9.668444107,      -10.22424659,      -10.91362738,      -12.43569216,      -5.476228858,       -3.37565858,   9.949936279e-05,       6.460276341,                40,                40,                40,    0.001789260784,     0.01049649717,       0.598715981,                 0,                 0,                 0,     0.07735224044,    -0.01040478342,      0.5987175819,                 0,       57.03959819,     0.02823020763
          0,           0,        1033,       -11.2562433,      -9.668417074,      -10.22419069,      -10.91357405,      -12.43564835,      -5.476235136,      -3.375609592,   9.949936322e-05,       6.460276343,                40,                40,                40,    0.001789260784,     0.01049638408,      0.5987090905,                 0,                 0,                 0,     0.07735148917,    -0.01040465597,      0.5987106916,                 0,       57.03955629,     0.03062894417
          0,           0,        1034,      -11.25618964,      -9.668390012,      -10.22413482,      -10.91352132,      -12.43560483,       -5.47624138,      -3.375560692,   9.949936365e-05,       6.460276344,                40,                40,                40,    0.001789260784,     0.01049627127,       0.598702199,                 0,                 0,                 0,     0.07735073802,     -0.0104045282,      0.5987038004,                 0,       57.03951278,     0.03062894417
          0,           0,        1035,      -11.25613579,       -9.66836292,      -10.22407899,       -10.9134683,       -12.4355616,      -5.476247592,      -3.375511862,   9.949936408e-05,       6.460276346,                40,                40,                40,    0.001789260784,     0.01049615874,      0.5986953066,                 0,                 0,                 0,     0.07734998697,    -0.01040440012,      0.5986969083,                 0,       57.03946764,     0.03062894417
          0,           0,        1036,      -11.25608179,      -9.668335799,      -10.22402319,      -10.91341502,      -12.43551867,      -5.476253773,      -3.375463075,   9.949936451e-05,       6.460276347,                40,                40,                40,    0.001789260784,     0.01049604649,      0.5986884133,                 0,                 0,                 0,     0.07734923604,    -0.01040427173,      0.5986900152,                 0,        57.0394209,     0.03062894417
          0,           0,        1037,      -11.25602785,      -9.668308648,      -10.22396741,      -10.91336176,      -12.43547602,      -5.476259921,      -3.375414355,   9.949936494e-05,       6.460276349,                40,                40,                40,    0.001789260784,     0.01049593451,       0.598681519,                 0,                 0,                 0,     0.07734848522,    -0.01040414302,      0.5986831213,                 0,       57.03937255,     0.03062894417
          0,           0,        1038,       -11.2559738,      -9.668281468,      -10.22391167,      -10.91330826,      -12.43543366,      -5.476266039,      -3.375365669,   9.949936537e-05,        6.46027635,                40,                40,                40,    0.001789260784,     0.01049582282,      0.5986746238,                 0,                 0,                 0,      0.0773477345,    -0.01040401401,      0.5986762264,                 0,        57.0393226,     0.03062894417
          0,           0,        1039,      -11.25591983,      -9.668254258,      -10.22385594,      -10.91325478,      -12.43539159,      -5.476272124,      -3.375316916,    9.94993658e-05,       6.460276352,                40,                40,                40,    0.001789260784,     0.01049571141,      0.5986677277,                 0,                 0,                 0,      0.0773469839,    -0.01040388469,      0.5986693305,                 0,       57.03927104,     0.03062894417
          0,           0,        1040,       -11.2558657,       -9.66822702,      -10.22380024,      -10.91320106,       -12.4353498,      -5.476278178,      -3.375268257,   9.949936623e-05,       6.460276353,                40,                40,                40,    0.001789260784,     0.01049560027,      0.5986608306,                 0,                 0,                 0,     0.07734623341,    -0.01040375505,      0.5986624338,                 0,       57.03921789,     0.03062894417
          0,           0,        1041,      -11.25581158,      -9.668199752,      -10.22374455,      -10.91314731,      -12.43530829,      -5.476284199,      -3.375219606,   9.949936666e-05,       6.460276355,                40,                40,                40,    0.001789260784,     0.01049548941,      0.5986539326,                 0,                 0,                 0,     0.07734548303,    -0.01040362511,      0.5986555361,                 0,       57.03916314,     0.03062894417
          0,           0,        1042,      -11.25575741,      -9.668172455,      -10.22368889,       -10.9130934,      -12.43526706,      -5.476290192,      -3.375170927,   9.949936709e-05,       6.460276356,                40,                40,                40,    0.001789260784,     0.01049537883,      0.5986470337,                 0,                 0,                 0,     0.07734473276,    -0.01040349485,      0.5986486375,                 0,       57.03910678,     0.03062894417
          0,           0,        1043,       -11.2557032,      -9.668145128,      -10.22363326,      -10.91303938,       -12.4352261,      -5.476296159,      -3.375122348,   9.949936752e-05,       6.460276358,                40,                40,                40,    0.001789260784,     0.01049526852,      0.5986401338,                 0,                 0,                 0,      0.0773439826,    -0.01040336429,       0.598641738,                 0,       57.03904883,     0.03062894417
          0,           0,        1044,      -11.25564886,      -9.668117771,      -10.22357764,      -10.91298514,      -12.43518418,      -5.476302095,      -3.375073866,   9.949936795e-05,       6.460276359,                40,                40,                40,    0.001789260784,      0.0104951585,       0.598633233,                 0,                 0,                 0,     0.07734323255,    -0.01040323341,      0.5986348376,                 0,       57.03898929,     0.03062894417
          0,           0,        1045,      -11.25559454,      -9.668090384,      -10.22352205,      -10.91293087,      -12.43513962,      -5.476308002,      -3.375025488,   9.949936838e-05,       6.460276361,                40,                40,                40,    0.001789260784,     0.01049504874,      0.5986263313,                 0,                 0,                 0,      0.0773424826,    -0.01040310223,      0.5986279362,                 0,       57.03892815,     0.03062894417
          0,           0,        1046,      -11.25554014,      -9.668062975,      -10.22346648,      -10.91287645,      -12.43509527,       -5.47631388,      -3.374977201,   9.949936881e-05,       6.460276363,                40,                40,                40,    0.001789260784,     0.01049493927,      0.5986194286,                 0,                 0,                 0,     0.07734173277,    -0.01040297074,      0.5986210339,                 0,       57.03886541,     0.03062894417
          0,           0,        1047,      -11.25548577,      -9.668035542,      -10.22341094,      -10.91282204,      -12.43505114,      -5.476319729,       -3.37492902,   9.949936924e-05,       6.460276364,                40,                40,                40,    0.001789260784,     0.01049483008,       0.598612525,                 0,                 0,                 0,     0.07734098305,    -0.01040283893,      0.5986141307,                 0,       57.03880107,     0.03062894417
          0,           0,        1048,      -11.25543133,       -9.66800808,      -10.22335541,      -10.91276754,      -12.43500731,       -5.47632555,      -3.374880936,   9.949936967e-05,       6.460276366,                40,                40,                40,    0.001789260784,     0.01049472116,      0.5986056204,                 0,                 0,                 0,     0.07734023343,    -0.01040270682,      0.5986072265,                 0,       57.03873514,     0.03062894417
          0,           0,        1049,      -11.25537675,      -9.667980589,      -10.22329991,      -10.91271284,      -12.43496373,      -5.476331342,       -3.37483295,    9.94993701e-05,       6.460276367,                40,                40,                40,    0.001789260784,     0.01049461252,       0.598598715,                 0,                 0,                 0,     0.07733948393,     -0.0104025744,      0.5986003215,                 0,        57.0386676,     0.03062894417
          0,           0,        1050,      -11.25532212,       -9.66795307,      -10.22324444,      -10.91265807,      -12.43492036,      -5.476337107,      -3.374785061,   9.949937053e-05,       6.460276369,                40,                40,                40,    0.001789260784,     0.01049450416,      0.5985918086,                 0,                 0,                 0,     0.07733873454,    -0.01040244166,      0.5985934155,                 0,       57.03859846,     0.03062894417
          0,           0,        1051,      -11.25526746,       -9.66792552,        -10.223189,      -10.91260335,       -12.4348772,      -5.476342845,      -3.374737248,   9.949937096e-05,        6.46027637,                40,                40,                40,    0.001789260784,     0.01049439607,      0.5985849012,                 0,                 0,                 0,     0.07733798527,    -0.01040230862,      0.5985865086,                 0,       57.03852772,     0.03062894417
          0,           0,        1052,      -11.25521269,       -9.66789794,      -10.22313359,      -10.91254875,      -12.43483426,      -5.476348556,      -3.374689549,   9.949937139e-05,       6.460276372,                40,                40,                40,    0.001789260784,     0.01049428827,       0.598577993,                 0,                 0,                 0,      0.0773372361,    -0.01040217526,      0.5985796008,                 0,       57.03845537,     0.03062894417
          0,           0,        1053,      -11.25515781,      -9.667870335,      -10.22307819,       -10.9124938,      -12.43479152,       -5.47635424,      -3.374641936,   9.949937182e-05,       6.460276373,                40,                40,                40,    0.001789260784,     0.01049418074,      0.5985710838,                 0,                 0,                 0,     0.07733648706,     -0.0104020416,      0.5985726921,                 0,       57.03838142,     0.03062894417
          0,           0,        1054,      -11.25510265,      -9.667842706,      -10.22302281,      -10.91243838,      -12.43474899,      -5.476359903,      -3.374596491,   9.949937225e-05,       6.460276375,                40,                40,                40,    0.001789260784,     0.01049407349,      0.5985641737,                 0,                 0,                 0,     0.07733573813,    -0.01040190762,      0.5985657825,                 0,       57.03830586,     0.03062894417
          0,           0,        1055,      -11.25504736,      -9.667815049,      -10.22296745,      -10.91238292,      -12.43470666,       -5.47636554,      -3.374552364,   9.949937268e-05,       6.460276376,                40,                40,                40,    0.001789260784,     0.01049396653,      0.5985572628,                 0,                 0,                 0,     0.07733498932,    -0.01040177333,       0.598558872,                 0,       57.03822869,     0.03062894417
          0,           0,        1056,       -11.2549921,      -9.667787362,      -10.22291213,      -10.91232759,      -12.43466453,      -5.476371153,      -3.374508289,   9.949937311e-05,       6.460276378,                40,                40,                40,    0.001789260784,     0.01049385985,      0.5985503509,                 0,                 0,                 0,     0.07733424064,    -0.01040163873,      0.5985519606,                 0,       57.03814989,     0.03062894417
          0,           0,        1057,       -11.2549368,      -9.667759646,      -10.22285684,      -10.91227223,       -12.4346226,      -5.476376743,      -3.374464253,   9.949937354e-05,        6.46027638,                40,                40,                40,    0.001789260784,     0.01049375344,       0.598543438,                 0,                 0,                 0,     0.07733349207,    -0.01040150381,      0.5985450483,                 0,       57.03806949,     0.03062894417
          0,           0,        1058,      -11.25488148,      -9.667731902,      -10.22280157,      -10.91221688,      -12.43458086,      -5.476382311,      -3.374420294,   9.949937397e-05,       6.460276381,                40,                40,                40,    0.001789260784,     0.01049364732,      0.5985365243,                 0,                 0,                 0,     0.07733274362,    -0.01040136858,       0.598538135,                 0,       57.03798746,     0.03062894417
          0,           0,        1059,      -11.25489426,      -9.667704144,      -10.22274635,      -10.91225051,      -12.43453931,      -5.476387858,      -3.374376359,    9.94993744e-05,       6.460276383,                40,                40,                40,    0.001789260784,     0.01049354148,      0.5985296097,                 0,                 0,                 0,      0.0773319953,    -0.01040123304,      0.5985312209,                 0,       57.03790382,     0.03062894417
          0,           0,        1060,      -11.25474899,       -9.66767636,      -10.22269113,      -10.91208086,      -12.43449794,      -5.476393388,      -3.374332474,   9.949937483e-05,       6.460276384,                40,                40,                40,    0.001789260784,     0.01049343592,      0.5985226941,                 0,                 0,                 0,     0.07733124708,    -0.01040109719,      0.5985243059,                 0,       57.03781857,     0.03062894417
          0,           0,        1061,      -11.25468627,       -9.66764858,      -10.22263575,      -10.91201683,      -12.43445676,      -5.476398912,      -3.374288617,   9.949937526e-05,       6.460276386,                40,                40,                40,    0.001789260784,     0.01049333064,      0.5985157777,                 0,                 0,                 0,     0.07733049899,    -0.01040096103,        0.59851739,                 0,       57.03773171,     0.03062894417
          0,           0,        1062,      -11.25465215,       -9.66762077,      -10.22258044,      -10.91198823,      -12.43441576,      -5.476404447,      -3.374244799,   9.949937569e-05,       6.460276387,                40,                40,                40,    0.001789260784,     0.01049322563,      0.5985088603,                 0,                 0,                 0,     0.07732975101,    -0.01040082455,      0.5985104731,                 0,       57.03764325,     0.03062894417
          0,           0,        1063,      -11.25460121,       -9.66759293,      -10.22252525,      -10.91193806,      -12.43437494,      -5.476409861,      -3.374201025,   9.949937612e-05,       6.460276389,                40,                40,                40,    0.001789260784,     0.01049312091,       0.598501942,                 0,                 0,                 0,     0.07732900314,    -0.01040068777,      0.5985035554,                 0,       57.03755319,     0.03062894417
          0,           0,        1064,       -11.2545443,      -9.667565065,      -10.22247011,      -10.91188072,      -12.43433429,      -5.476415252,      -3.374157296,   9.949937655e-05,        6.46027639,                40,                40,                40,    0.001789260784,     0.01049301646,      0.5984950227,                 0,                 0,                 0,     0.07732825539,    -0.01040055067,      0.5984966367,                 0,       57.03746154,     0.03062894417
          0,           0,        1065,      -11.25448873,      -9.667537172,        -10.222415,      -10.91182529,      -12.43429382,      -5.476420621,      -3.374113614,   9.949937698e-05,       6.460276392,                40,                40,                40,    0.001789260784,     0.01049291229,      0.5984881026,                 0,                 0,                 0,     0.07732750775,    -0.01040041327,      0.5984897171,                 0,        57.0373683,     0.03062894417
          0,           0,        1066,      -11.25443433,       -9.66750925,      -10.22235993,      -10.91177139,      -12.43425351,      -5.476425968,      -3.374069978,   9.949937741e-05,       6.460276393,                40,                40,                40,    0.001789260784,     0.01049280839,      0.5984811815,                 0,                 0,                 0,     0.07732676023,    -0.01040027557,      0.5984827967,                 0,       57.03727346,     0.03062894417
          0,           0,        1067,      -11.25442305,      -9.667481339,      -10.22230473,      -10.91177337,      -12.43421337,      -5.476431294,      -3.374026385,   9.949937784e-05,       6.460276395,                40,                40,                40,    0.001789260784,     0.01049270477,      0.5984742595,                 0,                 0,                 0,     0.07732601282,    -0.01040013754,      0.5984758753,                 0,       57.03717701,     0.03062894417
          0,           0,        1068,       -11.2545512,      -9.667453594,      -10.22224864,      -10.91195533,       -12.4341734,      -5.476436599,      -3.373982833,   9.949937826e-05,       6.460276397,                40,                40,                40,    0.001789260784,     0.01049260144,      0.5984673366,                 0,                 0,                 0,     0.07732526554,    -0.01039999921,       0.598468953,                 0,       57.03707895,     0.03062894417
          0,           0,        1069,      -11.25451922,       -9.66742579,      -10.22219359,      -10.91192726,      -12.43413359,      -5.476441884,      -3.373939321,   9.949937869e-05,       6.460276398,                40,                40,                40,    0.001789260784,     0.01049249838,      0.5984604128,                 0,                 0,                 0,     0.07732451837,    -0.01039986057,      0.5984620298,                 0,       57.03697927,     0.03062894417
          0,           0,        1070,      -11.25444071,      -9.667397881,      -10.22213919,      -10.91184031,      -12.43409395,      -5.476447149,      -3.373895855,   9.949937912e-05,         6.4602764,                40,                40,                40,    0.001789260784,     0.01049239561,      0.5984534881,                 0,                 0,                 0,     0.07732377133,    -0.01039972161,      0.5984551057,                 0,       57.03687796,     0.03062894417
          0,           0,        1071,      -11.25438535,      -9.667369919,      -10.22208456,      -10.91178409,      -12.43405446,      -5.476452394,      -3.373852432,   9.949937955e-05,       6.460276401,                40,                40,                40,    0.001789260784,     0.01049229313,      0.5984465625,                 0,                 0,                 0,     0.07732302441,    -0.01039958233,      0.5984481808,                 0,       57.03677501,     0.03062894417
          0,           0,        1072,      -11.25434093,      -9.667341927,      -10.22202975,      -10.91174224,      -12.43401513,       -5.47645762,      -3.373809078,   9.949937998e-05,       6.460276403,                40,                40,                40,    0.001789260784,     0.01049219093,       0.598439636,                 0,                 0,                 0,     0.07732227763,    -0.01039944273,      0.5984412549,                 0,       57.03667042,     0.03062894417
          0,           0,        1073,      -11.25429168,      -9.667313897,      -10.22197497,      -10.91169417,      -12.43397596,      -5.476462826,       -3.37376579,   9.949938041e-05,       6.460276404,                40,                40,                40,    0.001789260784,     0.01049208902,      0.5984327086,                 0,                 0,                 0,     0.07732153097,    -0.01039930282,      0.5984343282,                 0,       57.03656419,     0.03062894417
          0,           0,        1074,      -11.25423914,      -9.667285828,      -10.22192022,      -10.91164194,      -12.43393694,      -5.476468014,      -3.373722551,   9.949938084e-05,       6.460276406,                40,                40,                40,    0.001789260784,     0.01049198738,      0.5984257804,                 0,                 0,                 0,     0.07732078445,     -0.0103991626,      0.5984274006,                 0,       57.03645635,     0.03062894417
          0,           0,        1075,       -11.2541872,       -9.66725772,       -10.2218655,      -10.91159065,      -12.43389807,      -5.476473185,      -3.373680708,   9.949938127e-05,       6.460276407,                40,                40,                40,    0.001789260784,     0.01049188603,      0.5984188512,                 0,                 0,                 0,     0.07732003805,    -0.01039902207,      0.5984204722,                 0,        57.0363469,     0.03062894417
          0,           0,        1076,      -11.25413508,      -9.667229574,      -10.22181079,      -10.91153917,      -12.43385936,      -5.476478339,      -3.373638852,    9.94993817e-05,       6.460276409,                40,                40,                40,    0.001789260784,     0.01049178496,      0.5984119212,                 0,                 0,                 0,     0.07731929178,    -0.01039888123,      0.5984135428,                 0,       57.03623584,     0.03062894417
          0,           0,        1077,      -11.25408332,      -9.667201394,      -10.22175605,      -10.91148829,      -12.43382079,      -5.476483477,      -3.373597018,   9.949938213e-05,        6.46027641,                40,                40,                40,    0.001789260784,     0.01049168416,      0.5984049903,                 0,                 0,                 0,     0.07731854565,    -0.01039874007,      0.5984066126,                 0,       57.03612318,     0.03062894417
          0,           0,        1078,       -11.2540312,      -9.667173182,      -10.22170133,      -10.91143719,      -12.43378238,      -5.476488598,      -3.373555176,   9.949938255e-05,       6.460276412,                40,                40,                40,    0.001789260784,     0.01049158365,      0.5983980584,                 0,                 0,                 0,     0.07731779965,    -0.01039859861,      0.5983996815,                 0,       57.03600891,     0.03062894417
          0,           0,        1079,      -11.25397861,      -9.667144944,      -10.22164664,      -10.91138565,      -12.43374411,      -5.476493703,      -3.373513347,   9.949938298e-05,       6.460276414,                40,                40,                40,    0.001789260784,     0.01049148341,      0.5983911257,                 0,                 0,                 0,     0.07731705378,    -0.01039845683,      0.5983927495,                 0,       57.03589303,     0.03062894417
          0,           0,        1080,      -11.25392588,      -9.667116675,      -10.22159197,      -10.91133399,        -12.433706,      -5.476498792,      -3.373471547,   9.949938341e-05,       6.460276415,                40,                40,                40,    0.001789260784,     0.01049138346,      0.5983841922,                 0,                 0,                 0,     0.07731630806,    -0.01039831475,      0.5983858167,                 0,       57.03577555,     0.03062894417
          0,           0,        1081,      -11.25387307,      -9.667088378,      -10.22153733,      -10.91128231,      -12.43366803,      -5.476503866,      -3.373429687,   9.949938384e-05,       6.460276417,                40,                40,                40,    0.001789260784,     0.01049128378,      0.5983772577,                 0,                 0,                 0,     0.07731556248,    -0.01039817236,       0.598378883,                 0,       57.03565646,     0.03062894417
          0,           0,        1082,      -11.25382474,      -9.667060055,      -10.22148278,      -10.91123924,      -12.43363021,      -5.476508926,      -3.373387888,   9.949938427e-05,       6.460276418,                40,                40,                40,    0.001789260784,     0.01049118439,      0.5983703224,                 0,                 0,                 0,     0.07731481705,    -0.01039802965,      0.5983719484,                 0,       57.03553578,     0.03062894417
          0,           0,        1083,      -11.25370896,      -9.667031708,      -10.22142848,      -10.91112319,      -12.43359254,      -5.476513972,      -3.373346231,    9.94993847e-05,        6.46027642,                40,                40,                40,    0.001789260784,     0.01049108527,      0.5983633862,                 0,                 0,                 0,     0.07731407176,    -0.01039788664,       0.598365013,                 0,       57.03541348,     0.03062894417
          0,           0,        1084,      -11.25363339,      -9.667003327,      -10.22137404,      -10.91104742,      -12.43354697,      -5.476519004,      -3.373304594,   9.949938513e-05,       6.460276421,                40,                40,                40,    0.001789260784,     0.01049098643,      0.5983564491,                 0,                 0,                 0,     0.07731332662,    -0.01039774331,      0.5983580767,                 0,       57.03528957,     0.03062894417
          0,           0,        1085,      -11.25359951,      -9.666974939,      -10.22131957,      -10.91101792,      -12.43349068,      -5.476524017,      -3.373262988,   9.949938555e-05,       6.460276423,                40,                40,                40,    0.001789260784,     0.01049088788,      0.5983495112,                 0,                 0,                 0,     0.07731258164,    -0.01039759968,      0.5983511396,                 0,       57.03516405,     0.03062894417
          0,           0,        1086,      -11.25355419,      -9.666946529,      -10.22126517,       -10.9109745,      -12.43343444,      -5.476529002,      -3.373221255,   9.949938598e-05,       6.460276424,                40,                40,                40,    0.001789260784,     0.01049078961,      0.5983425725,                 0,                 0,                 0,      0.0773118368,    -0.01039745573,      0.5983442016,                 0,       57.03503692,     0.03062894417
          0,           0,        1087,      -11.25349988,      -9.666918091,      -10.22121082,      -10.91092121,      -12.43337828,       -5.47653396,      -3.373179475,   9.949938641e-05,       6.460276426,                40,                40,                40,    0.001789260784,     0.01049069161,      0.5983356328,                 0,                 0,                 0,      0.0773110921,    -0.01039731148,      0.5983372628,                 0,       57.03490819,     0.03062894417
          0,           0,        1088,      -11.25344606,      -9.666889628,       -10.2211565,      -10.91086864,      -12.43332221,      -5.476538892,      -3.373137755,   9.949938684e-05,       6.460276428,                40,                40,                40,    0.001789260784,     0.01049059389,      0.5983286923,                 0,                 0,                 0,     0.07731034755,    -0.01039716692,      0.5983303231,                 0,       57.03477786,     0.03062894417
          0,           0,        1089,      -11.25339394,       -9.66686114,       -10.2211022,      -10.91081788,      -12.43326624,      -5.476543795,      -3.373096093,   9.949938727e-05,       6.460276429,                40,                40,                40,    0.001789260784,     0.01049049646,      0.5983217509,                 0,                 0,                 0,     0.07730960315,    -0.01039702205,      0.5983233825,                 0,       57.03464593,     0.03062894417
          0,           0,        1090,      -11.25334186,      -9.666832627,      -10.22104795,      -10.91076715,      -12.43321038,      -5.476548672,       -3.37305458,    9.94993877e-05,       6.460276431,                40,                40,                40,    0.001789260784,      0.0104903993,      0.5983148087,                 0,                 0,                 0,      0.0773088589,    -0.01039687686,      0.5983164412,                 0,       57.03451238,     0.03062894417
          0,           0,        1091,      -11.25328942,      -9.666804089,      -10.22099373,        -10.910716,      -12.43315464,      -5.476553521,      -3.373013246,   9.949938812e-05,       6.460276432,                40,                40,                40,    0.001789260784,     0.01049030242,      0.5983078656,                 0,                 0,                 0,      0.0773081148,    -0.01039673137,      0.5983094989,                 0,       57.03437723,     0.03062894417
          0,           0,        1092,      -11.25323697,      -9.666775526,      -10.22093955,       -10.9106648,      -12.43309902,      -5.476558343,      -3.372971952,   9.949938855e-05,       6.460276434,                40,                40,                40,    0.001789260784,     0.01049020583,      0.5983009217,                 0,                 0,                 0,     0.07730737085,    -0.01039658557,      0.5983025559,                 0,       57.03424047,     0.03062894417
          0,           0,        1093,      -11.25318452,      -9.666746938,      -10.22088539,      -10.91061357,      -12.43304352,      -5.476563137,      -3.372930617,   9.949938898e-05,       6.460276435,                40,                40,                40,    0.001789260784,     0.01049010952,      0.5982939769,                 0,                 0,                 0,     0.07730662706,    -0.01039643945,       0.598295612,                 0,       57.03410208,     0.03062894417
          0,           0,        1094,      -11.25313212,      -9.666718325,      -10.22083127,      -10.91056232,      -12.43298815,      -5.476567903,      -3.372889326,   9.949938941e-05,       6.460276437,                40,                40,                40,    0.001789260784,     0.01049001349,      0.5982870313,                 0,                 0,                 0,     0.07730588342,    -0.01039629302,      0.5982886672,                 0,       57.03396207,     0.03062894417
          0,           0,        1095,      -11.25307966,      -9.666689685,      -10.22077718,      -10.91051089,      -12.43293291,      -5.476572641,      -3.372848103,   9.949938984e-05,       6.460276438,                40,                40,                40,    0.001789260784,     0.01048991774,      0.5982800849,                 0,                 0,                 0,     0.07730513993,    -0.01039614628,      0.5982817217,                 0,       57.03382043,     0.03062894417
          0,           0,        1096,      -11.25302718,       -9.66666102,      -10.22072311,      -10.91045938,      -12.43287781,       -5.47657735,      -3.372807007,   9.949939027e-05,        6.46027644,                40,                40,                40,    0.001789260784,     0.01048982228,      0.5982731376,                 0,                 0,                 0,      0.0773043966,    -0.01039599922,      0.5982747753,                 0,       57.03367716,     0.03062894417
          0,           0,        1097,      -11.25297453,      -9.666632328,      -10.22066908,      -10.91040755,      -12.43282285,      -5.476582031,      -3.372765994,   9.949939069e-05,       6.460276442,                40,                40,                40,    0.001789260784,     0.01048972711,      0.5982661894,                 0,                 0,                 0,     0.07730365342,    -0.01039585185,       0.598267828,                 0,       57.03353225,     0.03062894417
          0,           0,        1098,      -11.25292191,       -9.66660361,      -10.22061507,       -10.9103557,      -12.43276803,      -5.476586683,      -3.372725051,   9.949939112e-05,       6.460276443,                40,                40,                40,    0.001789260784,     0.01048963222,      0.5982592405,                 0,                 0,                 0,     0.07730291039,    -0.01039570417,        0.59826088,                 0,       57.03338571,     0.03062894417
          0,           0,        1099,      -11.25286926,      -9.666574865,      -10.22056109,      -10.91030373,      -12.43271335,      -5.476591305,      -3.372684172,   9.949939155e-05,       6.460276445,                40,                40,                40,    0.001789260784,     0.01048953762,      0.5982522907,                 0,                 0,                 0,     0.07730216752,    -0.01039555617,      0.5982539311,                 0,       57.03323753,     0.03062894417
          0,           0,        1100,      -11.25281655,      -9.666546094,      -10.22050713,       -10.9102516,      -12.43265883,      -5.476595898,      -3.372643348,   9.949939198e-05,       6.460276446,                40,                40,                40,    0.001789260784,     0.01048944331,        0.59824534,                 0,                 0,                 0,      0.0773014248,    -0.01039540785,      0.5982469814,                 0,        57.0330877,     0.03062894417
          0,           0,        1101,      -11.25276388,      -9.666517295,      -10.22045321,      -10.91019944,      -12.43260446,      -5.476600462,      -3.372602591,   9.949939241e-05,       6.460276448,                40,                40,                40,    0.001789260784,     0.01048934928,      0.5982383886,                 0,                 0,                 0,     0.07730068224,    -0.01039525921,      0.5982400309,                 0,       57.03293622,     0.03062894417
          0,           0,        1102,      -11.25271113,      -9.666488468,      -10.22039931,      -10.91014709,      -12.43255025,      -5.476604995,      -3.372561892,   9.949939283e-05,       6.460276449,                40,                40,                40,    0.001789260784,     0.01048925555,      0.5982314363,                 0,                 0,                 0,     0.07729993984,    -0.01039511026,      0.5982330796,                 0,       57.03278309,     0.03062894417
          0,           0,        1103,      -11.25265835,      -9.666459613,      -10.22034543,       -10.9100946,      -12.43249621,      -5.476609498,      -3.372521253,   9.949939326e-05,       6.460276451,                40,                40,                40,    0.001789260784,      0.0104891621,      0.5982244832,                 0,                 0,                 0,     0.07729919759,    -0.01039496099,      0.5982261275,                 0,       57.03262831,     0.03062894417
          0,           0,        1104,      -11.25260549,      -9.666430731,      -10.22029158,      -10.91004194,      -12.43244233,      -5.476613971,      -3.372480667,   9.949939369e-05,       6.460276453,                40,                40,                40,    0.001789260784,     0.01048906894,      0.5982175293,                 0,                 0,                 0,      0.0772984555,    -0.01039481141,      0.5982191745,                 0,       57.03247188,     0.03062894417
          0,           0,        1105,      -11.25255264,       -9.66640182,      -10.22023776,      -10.90998918,      -12.43238862,      -5.476618412,       -3.37244014,   9.949939412e-05,       6.460276454,                40,                40,                40,    0.001789260784,     0.01048897607,      0.5982105745,                 0,                 0,                 0,     0.07729771358,    -0.01039466151,      0.5982122208,                 0,        57.0323138,     0.03062894417
          0,           0,        1106,      -11.25249971,       -9.66637288,      -10.22018396,      -10.90993625,      -12.43233509,      -5.476622821,      -3.372399669,   9.949939455e-05,       6.460276456,                40,                40,                40,    0.001789260784,     0.01048888349,       0.598203619,                 0,                 0,                 0,     0.07729697182,    -0.01039451129,      0.5982052663,                 0,       57.03215407,     0.03062894417
          0,           0,        1107,      -11.25244679,      -9.666343911,      -10.22013018,      -10.90988323,      -12.43228174,      -5.476627199,      -3.372359252,   9.949939497e-05,       6.460276457,                40,                40,                40,    0.001789260784,     0.01048879119,      0.5981966627,                 0,                 0,                 0,     0.07729623023,    -0.01039436075,      0.5981983109,                 0,        57.0319927,     0.03329443631
          0,           0,        1108,      -11.25240776,      -9.666314889,      -10.22007637,      -10.90984473,      -12.43222858,      -5.476631545,      -3.372318886,    9.94993954e-05,       6.460276459,                40,                40,                40,    0.001789260784,     0.01048869919,      0.5981897055,                 0,                 0,                 0,      0.0772954888,     -0.0103942099,      0.5981913548,                 0,       57.03182968,     0.03329443631
          0,           0,        1109,      -11.25231604,      -9.666285841,      -10.22002255,       -10.9097415,      -12.43217561,      -5.476635858,      -3.372278573,   9.949939583e-05,        6.46027646,                40,                40,                40,    0.001789260784,     0.01048860747,      0.5981827476,                 0,                 0,                 0,     0.07729474754,    -0.01039405873,      0.5981843979,                 0,       57.03166502,     0.03329443631
          0,           0,        1110,      -11.25227277,      -9.666256772,      -10.21996868,      -10.90970188,      -12.43212283,      -5.476640138,       -3.37223831,   9.949939626e-05,       6.460276462,                40,                40,                40,    0.001789260784,     0.01048851604,      0.5981757888,                 0,                 0,                 0,     0.07729400645,    -0.01039390725,      0.5981774402,                 0,       57.03149872,     0.03329443631
          0,           0,        1111,       -11.2522298,      -9.666227672,      -10.21991485,      -10.90966184,      -12.43207025,      -5.476644385,      -3.372198098,   9.949939668e-05,       6.460276464,                40,                40,                40,    0.001789260784,     0.01048842489,      0.5981688293,                 0,                 0,                 0,     0.07729326552,    -0.01039375546,      0.5981704817,                 0,        57.0313308,     0.03329443631
          0,           0,        1112,      -11.25217805,      -9.666198544,      -10.21986107,         -10.90961,      -12.43201788,      -5.476648599,      -3.372157921,   9.949939711e-05,       6.460276465,                40,                40,                40,    0.001789260784,     0.01048833402,      0.5981618689,                 0,                 0,                 0,     0.07729252476,    -0.01039360336,      0.5981635224,                 0,       57.03116128,     0.03329443631
          0,           0,        1113,      -11.25212423,      -9.666169388,      -10.21980732,      -10.90955551,      -12.43196572,      -5.476652778,      -3.372117794,   9.949939754e-05,       6.460276467,                40,                40,                40,    0.001789260784,     0.01048824343,      0.5981549077,                 0,                 0,                 0,     0.07729178415,    -0.01039345096,      0.5981565623,                 0,       57.03099016,     0.03329443631
          0,           0,        1114,      -11.25207137,      -9.666140204,      -10.21975361,      -10.90950231,      -12.43191377,      -5.476656924,      -3.372077719,   9.949939797e-05,       6.460276468,                40,                40,                40,    0.001789260784,     0.01048815312,      0.5981479457,                 0,                 0,                 0,      0.0772910437,    -0.01039329824,      0.5981496014,                 0,       57.03081743,     0.03329443631
          0,           0,        1115,      -11.25201842,      -9.666110996,      -10.21969994,      -10.90944894,      -12.43186203,      -5.476661035,      -3.372037691,    9.94993984e-05,        6.46027647,                40,                40,                40,    0.001789260784,     0.01048806309,      0.5981409829,                 0,                 0,                 0,     0.07729030341,    -0.01039314521,      0.5981426397,                 0,       57.03064308,     0.03329443631
          0,           0,        1116,      -11.25196595,      -9.666081772,      -10.21964631,      -10.90939614,      -12.43181049,      -5.476665112,      -3.371997698,   9.949939882e-05,       6.460276471,                40,                40,                40,    0.001789260784,     0.01048797335,      0.5981340193,                 0,                 0,                 0,     0.07728956329,    -0.01039299187,      0.5981356772,                 0,        57.0304671,     0.03329443631
          0,           0,        1117,      -11.25191349,      -9.666052521,      -10.21959273,      -10.90934325,      -12.43175919,      -5.476669153,      -3.371957749,   9.949939925e-05,       6.460276473,                40,                40,                40,    0.001789260784,      0.0104878839,      0.5981270549,                 0,                 0,                 0,     0.07728882333,    -0.01039283821,      0.5981287139,                 0,       57.03028947,     0.03329443631
          0,           0,        1118,      -11.25186079,      -9.666023243,      -10.21953919,      -10.90929004,      -12.43170813,       -5.47667316,      -3.371917846,   9.949939968e-05,       6.460276474,                40,                40,                40,    0.001789260784,     0.01048779474,      0.5981200897,                 0,                 0,                 0,     0.07728808355,    -0.01039268424,      0.5981217499,                 0,       57.03011019,     0.03329443631
          0,           0,        1119,      -11.25180803,      -9.665993936,       -10.2194857,      -10.90923673,       -12.4316573,       -5.47667713,      -3.371877991,   9.949940011e-05,       6.460276476,                40,                40,                40,    0.001789260784,     0.01048770587,      0.5981131237,                 0,                 0,                 0,     0.07728734394,    -0.01039252995,       0.598114785,                 0,       57.02992927,     0.03329443631
          0,           0,        1120,      -11.25175526,      -9.665964601,      -10.21943225,      -10.90918337,      -12.43160673,      -5.476681066,      -3.371838171,   9.949940053e-05,       6.460276478,                40,                40,                40,    0.001789260784,     0.01048761728,      0.5981061569,                 0,                 0,                 0,     0.07728660452,    -0.01039237535,      0.5981078193,                 0,       57.02974671,     0.03329443631
          0,           0,        1121,      -11.25170246,      -9.665935239,      -10.21937884,      -10.90912993,       -12.4315564,      -5.476684965,      -3.371798372,   9.949940096e-05,       6.460276479,                40,                40,                40,    0.001789260784,     0.01048752898,      0.5980991893,                 0,                 0,                 0,     0.07728586526,    -0.01039222043,      0.5981008529,                 0,       57.02956251,     0.03329443631
          0,           0,        1122,      -11.25164969,       -9.66590585,      -10.21932546,      -10.90907652,       -12.4315065,      -5.476688829,      -3.371758497,   9.949940139e-05,       6.460276481,                40,                40,                40,    0.001789260784,     0.01048744096,      0.5980922209,                 0,                 0,                 0,     0.07728512619,     -0.0103920652,      0.5980938857,                 0,       57.02937667,      0.0333478548
          0,           0,        1123,      -11.25159692,      -9.665876434,      -10.21927212,      -10.90902313,      -12.43145712,      -5.476692657,      -3.371718533,   9.949940182e-05,       6.460276482,                40,                40,                40,    0.001789260784,     0.01048735323,      0.5980852518,                 0,                 0,                 0,      0.0772843873,    -0.01039190965,      0.5980869177,                 0,        57.0291892,      0.0333478548
          0,           0,        1124,      -11.25154415,      -9.665846991,      -10.21921881,      -10.90896976,      -12.43140801,      -5.476696448,      -3.371678513,   9.949940224e-05,       6.460276484,                40,                40,                40,    0.001789260784,     0.01048726579,      0.5980782818,                 0,                 0,                 0,     0.07728364859,    -0.01039175379,       0.598079949,                 0,        57.0290001,      0.0333478548
          0,           0,        1125,      -11.25149144,      -9.665817522,      -10.21916554,      -10.90891647,      -12.43135918,      -5.476700203,      -3.371638482,   9.949940267e-05,       6.460276485,                40,                40,                40,    0.001789260784,     0.01048717863,      0.5980713111,                 0,                 0,                 0,     0.07728291006,    -0.01039159762,      0.5980729794,                 0,       57.02880937,      0.0333478548
          0,           0,        1126,      -11.25143873,      -9.665788028,      -10.21911231,      -10.90886317,      -12.43131063,      -5.476703921,      -3.371598429,    9.94994031e-05,       6.460276487,                40,                40,                40,    0.001789260784,     0.01048709176,      0.5980643395,                 0,                 0,                 0,     0.07728217171,    -0.01039144114,      0.5980660091,                 0,       57.02861702,      0.0333478548
          0,           0,        1127,      -11.25138607,      -9.665758507,       -10.2190591,      -10.90880992,      -12.43126238,      -5.476707604,       -3.37155836,   9.949940353e-05,       6.460276489,                40,                40,                40,    0.001789260784,     0.01048700517,      0.5980573672,                 0,                 0,                 0,     0.07728143353,    -0.01039128435,       0.598059038,                 0,       57.02842303,      0.0333478548
          0,           0,        1128,      -11.25133267,       -9.66572896,      -10.21900593,      -10.90875608,      -12.43121441,       -5.47671125,      -3.371518243,   9.949940395e-05,        6.46027649,                40,                40,                40,    0.001789260784,     0.01048691887,      0.5980503941,                 0,                 0,                 0,     0.07728069553,    -0.01039112724,      0.5980520662,                 0,       57.02822743,      0.0333478548
          0,           0,        1129,      -11.25127948,      -9.665699386,       -10.2189528,      -10.90870244,      -12.43116675,      -5.476714859,      -3.371478007,   9.949940438e-05,       6.460276492,                40,                40,                40,    0.001789260784,     0.01048683285,      0.5980434202,                 0,                 0,                 0,      0.0772799577,    -0.01039096982,      0.5980450935,                 0,        57.0280302,      0.0333478548
          0,           0,        1130,      -11.25122692,      -9.665669785,      -10.21889971,       -10.9086494,      -12.43111939,      -5.476718432,      -3.371437746,   9.949940481e-05,       6.460276493,                40,                40,                40,    0.001789260784,     0.01048674711,      0.5980364455,                 0,                 0,                 0,     0.07727922005,    -0.01039081209,      0.5980381201,                 0,       57.02783135,      0.0333478548
          0,           0,        1131,      -11.25117456,      -9.665640159,      -10.21884665,      -10.90859658,      -12.43107233,      -5.476721969,      -3.371397427,   9.949940523e-05,       6.460276495,                40,                40,                40,    0.001789260784,     0.01048666166,      0.5980294701,                 0,                 0,                 0,     0.07727848258,    -0.01039065405,      0.5980311459,                 0,       57.02763087,      0.0333478548
          0,           0,        1132,       -11.2511221,      -9.665610506,      -10.21879364,      -10.90854371,      -12.43102559,      -5.476725469,      -3.371357099,   9.949940566e-05,       6.460276496,                40,                40,                40,    0.001789260784,     0.01048657649,      0.5980224938,                 0,                 0,                 0,     0.07727774528,     -0.0103904957,      0.5980241709,                 0,       57.02742877,      0.0333478548
          0,           0,        1133,      -11.25106963,      -9.665580827,      -10.21874066,      -10.90849089,      -12.43097915,      -5.476728933,      -3.371316757,   9.949940609e-05,       6.460276498,                40,                40,                40,    0.001789260784,     0.01048649161,      0.5980155168,                 0,                 0,                 0,     0.07727700816,    -0.01039033703,      0.5980171951,                 0,       57.02722503,      0.0333478548
          0,           0,        1134,      -11.25101727,      -9.665551122,      -10.21868772,      -10.90843826,      -12.43093304,      -5.476732361,        -3.3712764,   9.949940652e-05,         6.4602765,                40,                40,                40,    0.001789260784,     0.01048640701,      0.5980085389,                 0,                 0,                 0,     0.07727627122,    -0.01039017805,      0.5980102186,                 0,       57.02701966,      0.0333478548
          0,           0,        1135,      -11.25103781,      -9.665521419,      -10.21863485,      -10.90848159,      -12.43088724,      -5.476735753,      -3.371236013,   9.949940694e-05,       6.460276501,                40,                40,                40,    0.001789260784,      0.0104863227,      0.5980015603,                 0,                 0,                 0,     0.07727553445,    -0.01039001876,      0.5980032413,                 0,       57.02681266,      0.0333478548
          0,           0,        1136,      -11.25090103,      -9.665491696,      -10.21858201,      -10.90832221,      -12.43084177,      -5.476739109,       -3.37119557,   9.949940737e-05,       6.460276503,                40,                40,                40,    0.001789260784,     0.01048623868,      0.5979945809,                 0,                 0,                 0,     0.07727479786,    -0.01038985916,      0.5979962632,                 0,       57.02660404,      0.0333478548
          0,           0,        1137,      -11.25085595,      -9.665461967,      -10.21852906,      -10.90827931,      -12.43079662,       -5.47674243,      -3.371155115,    9.94994078e-05,       6.460276504,                40,                40,                40,    0.001789260784,     0.01048615493,      0.5979876007,                 0,                 0,                 0,     0.07727406143,    -0.01038969925,      0.5979892843,                 0,       57.02639381,      0.0333478548
          0,           0,        1138,      -11.25082263,      -9.665432211,       -10.2184762,      -10.90825042,       -12.4307518,      -5.476745715,      -3.371114646,   9.949940822e-05,       6.460276506,                40,                40,                40,    0.001789260784,     0.01048607147,      0.5979806197,                 0,                 0,                 0,     0.07727332517,    -0.01038953903,      0.5979823046,                 0,       57.02618197,      0.0333478548
          0,           0,        1139,      -11.25077295,       -9.66540243,      -10.21842343,      -10.90820079,      -12.43070731,      -5.476748964,      -3.371074163,   9.949940865e-05,       6.460276508,                40,                40,                40,    0.001789260784,     0.01048598829,      0.5979736379,                 0,                 0,                 0,     0.07727258908,     -0.0103893785,      0.5979753242,                 0,       57.02596852,      0.0333478548
          0,           0,        1140,      -11.25071941,      -9.665372634,      -10.21837069,       -10.9081466,      -12.43066316,      -5.476752178,      -3.371033669,   9.949940908e-05,       6.460276509,                40,                40,                40,    0.001789260784,     0.01048590539,      0.5979666553,                 0,                 0,                 0,     0.07727185316,    -0.01038921766,       0.597968343,                 0,       57.02575345,      0.0333478548
          0,           0,        1141,      -11.25066776,      -9.665342815,      -10.21831799,      -10.90809499,      -12.43061934,      -5.476755358,       -3.37099022,   9.949940951e-05,       6.460276511,                40,                40,                40,    0.001789260784,     0.01048582277,      0.5979596719,                 0,                 0,                 0,     0.07727111742,    -0.01038905651,       0.597961361,                 0,       57.02553676,      0.0333478548
          0,           0,        1142,      -11.25061709,      -9.665312969,      -10.21826535,      -10.90804463,      -12.43057586,      -5.476758503,      -3.370944745,   9.949940993e-05,       6.460276512,                40,                40,                40,    0.001789260784,     0.01048574044,      0.5979526878,                 0,                 0,                 0,     0.07727038186,    -0.01038889504,      0.5979543782,                 0,       57.02531843,      0.0333478548
          0,           0,        1143,      -11.25056611,      -9.665283097,      -10.21821276,      -10.90799397,      -12.43053271,      -5.476761613,      -3.370899262,   9.949941036e-05,       6.460276514,                40,                40,                40,    0.001789260784,      0.0104856584,      0.5979457029,                 0,                 0,                 0,     0.07726964648,    -0.01038873326,      0.5979473947,                 0,       57.02509847,      0.0333478548
          0,           0,        1144,      -11.25051524,      -9.665253201,      -10.21816022,      -10.90794354,      -12.43048991,      -5.476764689,      -3.370853768,   9.949941079e-05,       6.460276515,                40,                40,                40,    0.001789260784,     0.01048557665,      0.5979387172,                 0,                 0,                 0,     0.07726891128,    -0.01038857117,      0.5979404104,                 0,       57.02487686,      0.0333478548
          0,           0,        1145,      -11.25047955,      -9.665223262,       -10.2181081,      -10.90791375,      -12.43044745,      -5.476767732,      -3.370808256,   9.949941121e-05,       6.460276517,                40,                40,                40,    0.001789260784,     0.01048549519,      0.5979317308,                 0,                 0,                 0,     0.07726817627,    -0.01038840876,      0.5979334254,                 0,       57.02465358,      0.0333478548
          0,           0,        1146,       -11.2503741,      -9.665193263,      -10.21805605,      -10.90779298,      -12.43040534,      -5.476770741,      -3.370762735,   9.949941164e-05,       6.460276519,                40,                40,                40,    0.001789260784,     0.01048541402,      0.5979247436,                 0,                 0,                 0,     0.07726744144,    -0.01038824603,      0.5979264397,                 0,       57.02442863,      0.0333478548
          0,           0,        1147,      -11.25032144,      -9.665163253,      -10.21800362,       -10.9077395,      -12.43036357,      -5.476773717,      -3.370717209,   9.949941207e-05,        6.46027652,                40,                40,                40,    0.001789260784,     0.01048533315,      0.5979177557,                 0,                 0,                 0,      0.0772667068,    -0.01038808297,      0.5979194532,                 0,         57.024202,      0.0333478548
          0,           0,        1148,      -11.25028535,       -9.66513322,      -10.21795113,        -10.907708,      -12.43032214,       -5.47677666,      -3.370671676,   9.949941249e-05,       6.460276522,                40,                40,                40,    0.001789260784,     0.01048525258,       0.597910767,                 0,                 0,                 0,     0.07726597235,     -0.0103879196,       0.597912466,                 0,       57.02397368,      0.0333478548
          0,           0,        1149,      -11.25023793,      -9.665103159,      -10.21789876,      -10.90766256,      -12.43028106,       -5.47677957,      -3.370626132,   9.949941292e-05,       6.460276523,                40,                40,                40,    0.001789260784,      0.0104851723,      0.5979037776,                 0,                 0,                 0,     0.07726523809,     -0.0103877559,      0.5979054781,                 0,       57.02374369,      0.0333478548
          0,           0,        1150,      -11.25018575,      -9.665073075,      -10.21784648,      -10.90761103,      -12.43024032,      -5.476782448,      -3.370580592,   9.949941335e-05,       6.460276525,                40,                40,                40,    0.001789260784,     0.01048509231,      0.5978967875,                 0,                 0,                 0,     0.07726450402,    -0.01038759189,      0.5978984894,                 0,       57.02351203,      0.0333478548
          0,           0,        1151,      -11.25013505,      -9.665042977,      -10.21779426,      -10.90756131,      -12.43019987,      -5.476785295,      -3.370535078,   9.949941377e-05,       6.460276526,                40,                40,                40,    0.001789260784,     0.01048501262,      0.5978897966,                 0,                 0,                 0,     0.07726377014,    -0.01038742755,         0.5978915,                 0,        57.0232787,      0.0333478548
          0,           0,        1152,      -11.25008558,      -9.665012859,      -10.21774206,      -10.90751326,      -12.43015946,      -5.476788109,      -3.370489556,    9.94994142e-05,       6.460276528,                40,                40,                40,    0.001789260784,     0.01048493322,       0.597882805,                 0,                 0,                 0,     0.07726303645,     -0.0103872629,      0.5978845098,                 0,        57.0230437,      0.0333478548
          0,           0,        1153,      -11.25003602,      -9.664982715,      -10.21768991,      -10.90746519,      -12.43011939,      -5.476790893,      -3.370443978,   9.949941463e-05,        6.46027653,                40,                40,                40,    0.001789260784,     0.01048485411,      0.5978758126,                 0,                 0,                 0,     0.07726230294,    -0.01038709794,      0.5978775189,                 0,       57.02280705,      0.0333478548
          0,           0,        1154,      -11.24998612,      -9.664952546,       -10.2176378,      -10.90741676,      -12.43007965,      -5.476793646,      -3.370398389,   9.949941505e-05,       6.460276531,                40,                40,                40,    0.001789260784,     0.01048477528,      0.5978688195,                 0,                 0,                 0,     0.07726156963,    -0.01038693266,      0.5978705273,                 0,       57.02256877,      0.0333478548
          0,           0,        1155,      -11.24993616,      -9.664922351,      -10.21758571,      -10.90736824,      -12.43004024,      -5.476796369,      -3.370352786,   9.949941548e-05,       6.460276533,                40,                40,                40,    0.001789260784,     0.01048469674,      0.5978618256,                 0,                 0,                 0,     0.07726083651,    -0.01038676706,       0.597863535,                 0,       57.02232886,      0.0333478548
          0,           0,        1156,      -11.24988621,      -9.664892129,      -10.21753365,      -10.90731976,      -12.43000118,      -5.476799062,      -3.370307168,   9.949941591e-05,       6.460276534,                40,                40,                40,    0.001789260784,     0.01048461849,       0.597854831,                 0,                 0,                 0,     0.07726010358,    -0.01038660116,      0.5978565419,                 0,       57.02208732,      0.0333478548
          0,           0,        1157,      -11.24983625,      -9.664861879,      -10.21748162,      -10.90727123,      -12.42996244,       -5.47680173,      -3.370261527,   9.949941633e-05,       6.460276536,                40,                40,                40,    0.001789260784,     0.01048454052,      0.5978478356,                 0,                 0,                 0,     0.07725937085,    -0.01038643495,      0.5978495481,                 0,       57.02184416,      0.0333478548
          0,           0,        1158,      -11.24978611,      -9.664831605,      -10.21742963,      -10.90722248,      -12.42992404,      -5.476804383,      -3.370215857,   9.949941676e-05,       6.460276538,                40,                40,                40,    0.001789260784,     0.01048446284,      0.5978408396,                 0,                 0,                 0,     0.07725863832,    -0.01038626842,      0.5978425535,                 0,       57.02159937,      0.0333478548
          0,           0,        1159,      -11.24973592,      -9.664801311,      -10.21737767,      -10.90717363,      -12.42988598,      -5.476807007,      -3.370170169,   9.949941719e-05,       6.460276539,                40,                40,                40,    0.001789260784,     0.01048438544,      0.5978338427,                 0,                 0,                 0,     0.07725790598,    -0.01038610159,      0.5978355583,                 0,       57.02135295,      0.0333478548
          0,           0,        1160,      -11.24968565,       -9.66477099,      -10.21732575,      -10.90712462,      -12.42984725,      -5.476809603,      -3.370124474,   9.949941761e-05,       6.460276541,                40,                40,                40,    0.001789260784,     0.01048430833,      0.5978268452,                 0,                 0,                 0,     0.07725717384,    -0.01038593444,      0.5978285623,                 0,       57.02110489,      0.0333478548
          0,           0,        1161,       -11.2496354,       -9.66474064,      -10.21727388,      -10.90707561,      -12.42980572,      -5.476812169,      -3.370078794,   9.949941804e-05,       6.460276542,                40,                40,                40,    0.001789260784,     0.01048423151,      0.5978198469,                 0,                 0,                 0,      0.0772564419,    -0.01038576697,      0.5978215656,                 0,        57.0208552,      0.0333478548
          0,           0,        1162,      -11.24958515,      -9.664710263,      -10.21722203,      -10.90702656,       -12.4297645,      -5.476814699,      -3.370033142,   9.949941847e-05,       6.460276544,                40,                40,                40,    0.001789260784,     0.01048415498,      0.5978128479,                 0,                 0,                 0,     0.07725571016,     -0.0103855992,      0.5978145682,                 0,       57.02060385,      0.0333478548
          0,           0,        1163,      -11.24953487,      -9.664679859,      -10.21717023,      -10.90697741,      -12.42972358,      -5.476817193,      -3.369987481,   9.949941889e-05,       6.460276546,                40,                40,                40,    0.001789260784,     0.01048407874,      0.5978058482,                 0,                 0,                 0,     0.07725497861,    -0.01038543111,      0.5978075701,                 0,       57.02035086,      0.0333478548
          0,           0,        1164,       -11.2494847,      -9.664649427,      -10.21711847,      -10.90692835,      -12.42968297,      -5.476819524,      -3.369941795,   9.949941932e-05,       6.460276547,                40,                40,                40,    0.001789260784,     0.01048400279,      0.5977988477,                 0,                 0,                 0,     0.07725424726,     -0.0103852627,      0.5978005712,                 0,       57.02009623,      0.0333478548
          0,           0,        1165,      -11.24943455,      -9.664618971,      -10.21706674,      -10.90687929,      -12.42964267,       -5.47682189,      -3.369896087,   9.949941975e-05,       6.460276549,                40,                40,                40,    0.001789260784,     0.01048392712,      0.5977918465,                 0,                 0,                 0,     0.07725351611,    -0.01038509398,      0.5977935717,                 0,       57.01983996,      0.0333478548
          0,           0,        1166,      -11.24938446,      -9.664588488,      -10.21701504,      -10.90683028,      -12.42960266,      -5.476824231,      -3.369850368,   9.949942017e-05,        6.46027655,                40,                40,                40,    0.001789260784,     0.01048385174,      0.5977848446,                 0,                 0,                 0,     0.07725278516,    -0.01038492495,      0.5977865714,                 0,       57.01958205,      0.0333478548
          0,           0,        1167,      -11.24933448,      -9.664557982,      -10.21696339,      -10.90678131,      -12.42956296,      -5.476826543,      -3.369804644,    9.94994206e-05,       6.460276552,                40,                40,                40,    0.001789260784,     0.01048377665,       0.597777842,                 0,                 0,                 0,     0.07725205441,    -0.01038475561,      0.5977795704,                 0,        57.0193225,      0.0333478548
          0,           0,        1168,      -11.24928447,      -9.664527455,      -10.21691177,      -10.90673221,      -12.42952356,      -5.476828823,      -3.369758916,   9.949942103e-05,       6.460276553,                40,                40,                40,    0.001789260784,     0.01048370185,      0.5977708387,                 0,                 0,                 0,     0.07725132386,    -0.01038458595,      0.5977725687,                 0,        57.0190613,      0.0333478548
          0,           0,        1169,      -11.24923455,      -9.664496914,      -10.21686019,      -10.90668314,      -12.42948446,      -5.476831071,      -3.369713183,   9.949942145e-05,       6.460276555,                40,                40,                40,    0.001789260784,     0.01048362734,      0.5977638346,                 0,                 0,                 0,     0.07725059351,    -0.01038441597,      0.5977655663,                 0,       57.01879846,      0.0333478548
          0,           0,        1170,      -11.24918445,      -9.664466347,      -10.21680864,      -10.90663383,      -12.42944566,      -5.476833286,      -3.369667408,   9.949942188e-05,       6.460276557,                40,                40,                40,    0.001789260784,     0.01048355312,      0.5977568298,                 0,                 0,                 0,     0.07724986336,    -0.01038424568,      0.5977585632,                 0,       57.01853396,      0.0333478548
          0,           0,        1171,      -11.24913448,      -9.664435755,      -10.21675712,      -10.90658469,      -12.42940715,      -5.476835468,      -3.369621641,   9.949942231e-05,       6.460276558,                40,                40,                40,    0.001789260784,     0.01048347919,      0.5977498243,                 0,                 0,                 0,     0.07724913341,    -0.01038407508,      0.5977515594,                 0,       57.01826782,      0.0333478548
          0,           0,        1172,       -11.2490847,      -9.664405136,      -10.21670563,      -10.90653565,      -12.42936894,      -5.476837618,      -3.369575893,   9.949942273e-05,        6.46027656,                40,                40,                40,    0.001789260784,     0.01048340556,      0.5977428181,                 0,                 0,                 0,     0.07724840366,    -0.01038390416,      0.5977445549,                 0,       57.01800002,      0.0333478548
          0,           0,        1173,      -11.24903497,      -9.664374492,      -10.21665418,      -10.90648655,      -12.42933102,      -5.476839735,      -3.369530362,   9.949942316e-05,       6.460276561,                40,                40,                40,    0.001789260784,     0.01048333221,      0.5977358112,                 0,                 0,                 0,     0.07724767411,    -0.01038373293,      0.5977375497,                 0,       57.01773056,      0.0333478548
          0,           0,        1174,      -11.24898511,      -9.664343821,      -10.21660276,      -10.90643718,       -12.4292934,      -5.476841821,      -3.369484924,   9.949942358e-05,       6.460276563,                40,                40,                40,    0.001789260784,     0.01048325915,      0.5977288036,                 0,                 0,                 0,     0.07724694476,    -0.01038356138,      0.5977305438,                 0,       57.01745945,      0.0333478548
          0,           0,        1175,      -11.24893542,      -9.664313124,      -10.21655137,      -10.90638798,      -12.42925606,      -5.476843874,      -3.369439486,   9.949942401e-05,       6.460276565,                40,                40,                40,    0.001789260784,     0.01048318639,      0.5977217952,                 0,                 0,                 0,     0.07724621561,    -0.01038338951,      0.5977235372,                 0,       57.01718668,      0.0333478548
          0,           0,        1176,      -11.24888578,      -9.664282401,      -10.21650002,      -10.90633871,      -12.42921898,      -5.476845897,       -3.36939403,   9.949942444e-05,       6.460276566,                40,                40,                40,    0.001789260784,     0.01048311391,      0.5977147862,                 0,                 0,                 0,     0.07724548666,    -0.01038321733,      0.5977165299,                 0,       57.01691226,      0.0333478548
          0,           0,        1177,      -11.24883615,      -9.664251652,      -10.21644869,      -10.90628939,      -12.42918218,      -5.476847889,      -3.369348527,   9.949942486e-05,       6.460276568,                40,                40,                40,    0.001789260784,     0.01048304173,      0.5977077765,                 0,                 0,                 0,     0.07724475792,    -0.01038304483,      0.5977095219,                 0,       57.01663618,      0.0333478548
          0,           0,        1178,      -11.24878648,      -9.664220877,      -10.21639739,      -10.90623996,      -12.42914567,      -5.476849851,      -3.369302961,   9.949942529e-05,       6.460276569,                40,                40,                40,    0.001789260784,     0.01048296984,       0.597700766,                 0,                 0,                 0,     0.07724402938,    -0.01038287201,      0.5977025132,                 0,       57.01635844,      0.0333478548
          0,           0,        1179,      -11.24873695,      -9.664190074,      -10.21634613,      -10.90619061,      -12.42910944,      -5.476851784,      -3.369257369,   9.949942572e-05,       6.460276571,                40,                40,                40,    0.001789260784,     0.01048289824,      0.5976937549,                 0,                 0,                 0,     0.07724330104,    -0.01038269888,      0.5976955039,                 0,       57.01607904,      0.0333478548
          0,           0,        1180,      -11.24868752,      -9.664159242,      -10.21629491,      -10.90614117,       -12.4290735,      -5.476853688,      -3.369211824,   9.949942614e-05,       6.460276573,                40,                40,                40,    0.001789260784,     0.01048282694,       0.597686743,                 0,                 0,                 0,     0.07724257291,    -0.01038252544,      0.5976884938,                 0,         57.015798,      0.0333478548
          0,           0,        1181,      -11.24863802,      -9.664128382,      -10.21624373,      -10.90609149,      -12.42903783,      -5.476855563,      -3.369166185,   9.949942657e-05,       6.460276574,                40,                40,                40,    0.001789260784,     0.01048275591,      0.5976797305,                 0,                 0,                 0,     0.07724184497,    -0.01038235168,       0.597681483,                 0,       57.01551533,      0.0333478548
          0,           0,        1182,      -11.24858847,      -9.664097495,      -10.21619257,      -10.90604164,      -12.42900123,      -5.476857411,      -3.369120559,   9.949942699e-05,       6.460276576,                40,                40,                40,    0.001789260784,     0.01048268518,      0.5976727172,                 0,                 0,                 0,     0.07724111722,    -0.01038217761,      0.5976744715,                 0,       57.01523102,     0.03631982469
          0,           0,        1183,      -11.24853894,      -9.664066579,      -10.21614145,      -10.90599168,      -12.42896406,      -5.476859226,      -3.369074961,   9.949942742e-05,       6.460276577,                40,                40,                40,    0.001789260784,     0.01048261473,      0.5976657032,                 0,                 0,                 0,     0.07724038966,    -0.01038200323,      0.5976674594,                 0,        57.0149451,     0.03631982469
          0,           0,        1184,      -11.24848946,      -9.664035636,      -10.21609035,      -10.90594169,      -12.42892682,      -5.476861005,      -3.369029388,   9.949942785e-05,       6.460276579,                40,                40,                40,    0.001789260784,     0.01048254456,      0.5976586885,                 0,                 0,                 0,     0.07723966229,    -0.01038182855,      0.5976604465,                 0,       57.01465754,     0.03631982469
          0,           0,        1185,      -11.24843996,      -9.664004664,      -10.21603929,      -10.90589155,      -12.42888862,       -5.47686275,      -3.368983871,   9.949942827e-05,       6.460276581,                40,                40,                40,    0.001789260784,     0.01048247469,       0.597651673,                 0,                 0,                 0,     0.07723893512,    -0.01038165355,      0.5976534329,                 0,       57.01436836,     0.03631982469
          0,           0,        1186,      -11.24839066,      -9.663973667,      -10.21598826,      -10.90584158,      -12.42884814,      -5.476864466,      -3.368938384,    9.94994287e-05,       6.460276582,                40,                40,                40,    0.001789260784,     0.01048240509,      0.5976446569,                 0,                 0,                 0,     0.07723820814,    -0.01038147824,      0.5976464186,                 0,       57.01407755,     0.03631982469
          0,           0,        1187,      -11.24834118,      -9.663942646,      -10.21593726,      -10.90579125,      -12.42880786,      -5.476866137,      -3.368892925,   9.949942913e-05,       6.460276584,                40,                40,                40,    0.001789260784,     0.01048233579,      0.5976376401,                 0,                 0,                 0,     0.07723748136,    -0.01038130262,      0.5976394036,                 0,       57.01378512,     0.03631982469
          0,           0,        1188,      -11.24829166,      -9.663911598,      -10.21588629,      -10.90574076,      -12.42876778,      -5.476867816,      -3.368847489,   9.949942955e-05,       6.460276585,                40,                40,                40,    0.001789260784,     0.01048226677,      0.5976306225,                 0,                 0,                 0,     0.07723675478,    -0.01038112669,      0.5976323879,                 0,       57.01349106,     0.03631982469
          0,           0,        1189,       -11.2482422,      -9.663880521,      -10.21583535,      -10.90569022,       -12.4287279,       -5.47686947,      -3.368802087,   9.949942998e-05,       6.460276587,                40,                40,                40,    0.001789260784,     0.01048219803,      0.5976236043,                 0,                 0,                 0,     0.07723602839,    -0.01038095045,      0.5976253715,                 0,       57.01319537,     0.03631982469
          0,           0,        1190,      -11.24819267,      -9.663849416,      -10.21578445,      -10.90563952,      -12.42868823,      -5.476871093,      -3.368756753,    9.94994304e-05,       6.460276589,                40,                40,                40,    0.001789260784,     0.01048212958,      0.5976165853,                 0,                 0,                 0,     0.07723530219,    -0.01038077389,      0.5976183545,                 0,       57.01289805,     0.03631982469
          0,           0,        1191,      -11.24814319,      -9.663818284,      -10.21573357,      -10.90558877,      -12.42864877,      -5.476872687,      -3.368711449,   9.949943083e-05,        6.46027659,                40,                40,                40,    0.001789260784,     0.01048206142,      0.5976095656,                 0,                 0,                 0,      0.0772345762,    -0.01038059703,      0.5976113367,                 0,       57.01259911,     0.03631982469
          0,           0,        1192,      -11.24809368,      -9.663787123,      -10.21568273,       -10.9055379,      -12.42860951,      -5.476874251,      -3.368666165,   9.949943126e-05,       6.460276592,                40,                40,                40,    0.001789260784,     0.01048199355,      0.5976025452,                 0,                 0,                 0,      0.0772338504,    -0.01038041986,      0.5976043182,                 0,       57.01229852,     0.03631982469
          0,           0,        1193,      -11.24804409,      -9.663755934,      -10.21563192,      -10.90548683,      -12.42857047,      -5.476875788,      -3.368620902,   9.949943168e-05,       6.460276593,                40,                40,                40,    0.001789260784,     0.01048192596,      0.5975955242,                 0,                 0,                 0,     0.07723312479,    -0.01038024237,       0.597597299,                 0,       57.01199631,     0.03631982469
          0,           0,        1194,      -11.24801641,      -9.663724693,      -10.21558108,      -10.90546104,      -12.42853164,        -5.4768773,      -3.368575657,   9.949943211e-05,       6.460276595,                40,                40,                40,    0.001789260784,     0.01048185866,      0.5975885024,                 0,                 0,                 0,     0.07723239939,    -0.01038006457,      0.5975902792,                 0,       57.01169245,     0.03631982469
          0,           0,        1195,       -11.2479204,      -9.663693415,      -10.21553024,      -10.90534955,       -12.4284917,      -5.476878787,      -3.368530427,   9.949943253e-05,       6.460276597,                40,                40,                40,    0.001789260784,     0.01048179165,      0.5975814799,                 0,                 0,                 0,      0.0772316742,    -0.01037988646,      0.5975832586,                 0,       57.01138696,     0.03631982469
          0,           0,        1196,      -11.24787642,      -9.663662121,      -10.21547934,      -10.90530669,      -12.42844821,      -5.476880254,      -3.368485217,   9.949943296e-05,       6.460276598,                40,                40,                40,    0.001789260784,     0.01048172493,      0.5975744567,                 0,                 0,                 0,      0.0772309492,    -0.01037970804,      0.5975762374,                 0,       57.01107983,     0.03631982469
          0,           0,        1197,      -11.24783832,      -9.663630797,      -10.21542848,      -10.90527061,      -12.42840483,      -5.476881704,      -3.368440022,   9.949943339e-05,         6.4602766,                40,                40,                40,    0.001789260784,     0.01048165849,      0.5975674328,                 0,                 0,                 0,      0.0772302244,     -0.0103795293,      0.5975692155,                 0,       57.01077108,     0.03631982469
          0,           0,        1198,      -11.24779075,      -9.663599445,      -10.21537768,      -10.90522182,      -12.42836156,      -5.476883152,      -3.368394845,   9.949943381e-05,       6.460276601,                40,                40,                40,    0.001789260784,     0.01048159233,      0.5975604082,                 0,                 0,                 0,     0.07722949979,    -0.01037935026,      0.5975621929,                 0,       57.01046073,     0.03631982469
          0,           0,        1199,      -11.24774038,      -9.663568066,      -10.21532692,      -10.90516945,      -12.42831842,      -5.476884612,       -3.36834968,   9.949943424e-05,       6.460276603,                40,                40,                40,    0.001789260784,     0.01048152646,      0.5975533829,                 0,                 0,                 0,     0.07722877536,    -0.01037917092,      0.5975551695,                 0,       57.01014878,     0.03631982469
