#
# ADflow, multiblock structured flow solver
#
# This code solves the 3D RANS, laminar NS or Euler equations
# on multiblock structured hexahedral grids.
# This is a parallel executable running on 1 processors.
# It has been compiled with the following options:
# - Optimized mode.
# - Size of standard integers: 4 bytes.
# - Size of standard floating point types: 8 bytes.
# - With cgns support
# - With support for signals.
#
+----------------------------------------+
|          All ADFLOW Options:           |
+----------------------------------------+
{'ADPC': False,
 'ANKADPC': False,
 'ANKAMGLevels': 2,
 'ANKAMGNSmooth': 1,
 'ANKASMOverlap': 1,
 'ANKASMOverlapCoarse': 0,
 'ANKCFL0': 5.0,
 'ANKCFLCutback': 0.5,
 'ANKCFLExponent': 0.5,
 'ANKCFLFactor': 10.0,
 'ANKCFLLimit': 100000.0,
 'ANKCFLMin': 1.0,
 'ANKCFLReset': True,
 'ANKCharTimeStepType': 'None',
 'ANKConstCFLStep': 0.4,
 'ANKCoupledSwitchTol': 1e-16,
 'ANKGlobalPreconditioner': 'additive Schwarz',
 'ANKInnerPreconIts': 1,
 'ANKInnerPreconItsCoarse': 1,
 'ANKJacobianLag': 10,
 'ANKLinResMax': 0.1,
 'ANKLinearSolveBuffer': 0.01,
 'ANKLinearSolveTol': 0.05,
 'ANKMaxIter': 40,
 'ANKNSubiterTurb': 1,
 'ANKOuterPreconIts': 1,
 'ANKPCILUFill': 1,
 'ANKPCILUFillCoarse': 0,
 'ANKPCUpdateCutoff': 1e-16,
 'ANKPCUpdateTol': 0.5,
 'ANKPCUpdateTolAfterCutoff': 0.0001,
 'ANKPhysicalLSTol': 0.2,
 'ANKPhysicalLSTolTurb': 0.99,
 'ANKSecondOrdSwitchTol': 1e-16,
 'ANKStepFactor': 1.0,
 'ANKStepMin': 0.01,
 'ANKSubspaceSize': 10,
 'ANKSwitchTol': 1.0,
 'ANKTurbCFLScale': 1.0,
 'ANKTurbKSPDebug': False,
 'ANKUnsteadyLSTol': 1.0,
 'ANKUseApproxSA': False,
 'ANKUseFullVisc': True,
 'ANKUseMatrixFree': True,
 'ANKUseTurbDADI': True,
 'ASMOverlap': 1,
 'ASMOverlapCoarse': 0,
 'CFL': 1.7,
 'CFLCoarse': 1.0,
 'CFLLimit': 1.5,
 'GMRESOrthogonalizationType': 'modified Gram-Schmidt',
 'ILUFill': 2,
 'ILUFillCoarse': 0,
 'L2Convergence': 1e-08,
 'L2ConvergenceCoarse': 0.01,
 'L2ConvergenceRel': 1e-16,
 'MGCycle': 'sg',
 'MGStartLevel': -1,
 'NKADPC': False,
 'NKAMGLevels': 2,
 'NKAMGNSmooth': 1,
 'NKASMOverlap': 1,
 'NKASMOverlapCoarse': 0,
 'NKFixedStep': 0.25,
 'NKGlobalPreconditioner': 'additive Schwarz',
 'NKInnerPreconIts': 1,
 'NKInnerPreconItsCoarse': 1,
 'NKJacobianLag': 20,
 'NKLS': 'cubic',
 'NKLinearSolveTol': 0.3,
 'NKOuterPreconIts': 1,
 'NKPCILUFill': 1,
 'NKPCILUFillCoarse': 0,
 'NKSubspaceSize': 20,
 'NKSwitchTol': 1e-06,
 'NKUseEW': True,
 'NKViscPC': False,
 'RKReset': False,
 'SAKappa': 0.41,
 'SAcb1': 0.1355,
 'SAcb2': 0.622,
 'SAcrot': 2.0,
 'SAct1': 1.0,
 'SAct2': 2.0,
 'SAct3': 1.2,
 'SAct4': 0.5,
 'SAcv1': 7.1,
 'SAcw2': 0.3,
 'SAcw3': 2.0,
 'SAsigma': 0.66666666667,
 'TSStability': False,
 'acousticScaleFactor': 1.0,
 'adjointAMGLevels': 2,
 'adjointAMGNSmooth': 1,
 'adjointDivTol': 100000.0,
 'adjointL2Convergence': 1e-06,
 'adjointL2ConvergenceAbs': 1e-16,
 'adjointL2ConvergenceRel': 1e-16,
 'adjointMaxIter': 500,
 'adjointMaxL2DeviationFactor': 1.0,
 'adjointMonitorStep': 10,
 'adjointSolver': 'GMRES',
 'adjointSubspaceSize': 100,
 'alphaFollowing': True,
 'alphaMode': False,
 'altitudeMode': False,
 'applyAdjointPCSubspaceSize': 20,
 'applyPCSubspaceSize': 10,
 'approxPC': True,
 'backgroundVolScale': 1.0,
 'betaMode': False,
 'blockSplitting': True,
 'cavExponent': 0,
 'cavSensorOffset': 0.0,
 'cavSensorSharpness': 10.0,
 'cavitationNumber': 1.4,
 'closedSurfaceFamilies': None,
 'coarseDiscretization': 'central plus scalar dissipation',
 'computeCavitation': False,
 'computeSepSensorKs': False,
 'coupledSolution': False,
 'cpMinRho': 100.0,
 'cutCallback': None,
 'debugZipper': False,
 'deltaT': 0.01,
 'designSurfaceFamily': None,
 'discretization': 'central plus scalar dissipation',
 'dissContMagnitude': 1.0,
 'dissContMidpoint': 3.0,
 'dissContSharpness': 3.0,
 'dissipationLumpingParameter': 6.0,
 'dissipationScalingExponent': 0.67,
 'eddyVisInfRatio': 0.009,
 'equationMode': 'steady',
 'equationType': 'RANS',
 'eulerWallTreatment': 'linear pressure extrapolation',
 'explicitSurfaceCallback': None,
 'firstRun': True,
 'flowType': 'external',
 'forcesAsTractions': True,
 'frozenTurbulence': False,
 'globalPreconditioner': 'additive Schwarz',
 'gridFile': '/home/mike_kara/aeris/AERIS_MESH_STUDY/artifacts/strategy_studies/S6_bounded_mesh_atlas/m2_coupled_family_20260831/candidate_c03/lhs100_seed42_083/wing_vol_deformed.cgns',
 'gridPrecision': 'double',
 'gridPrecisionSurface': 'single',
 'infChangeCorrection': True,
 'infChangeCorrectionTol': 1e-12,
 'infChangeCorrectionType': 'offset',
 'innerPreconIts': 1,
 'innerPreconItsCoarse': 1,
 'isoVariables': [],
 'isosurface': {},
 'liftIndex': 3,
 'limiter': 'van Albada',
 'loadBalanceIter': 10,
 'loadImbalance': 0.1,
 'localPreconditioner': 'ILU',
 'lowSpeedPreconditioner': False,
 'machMode': False,
 'matrixOrdering': 'RCM',
 'maxL2DeviationFactor': 1.0,
 'meshMaxSkewness': 1.0,
 'meshSurfaceFamily': None,
 'monitorVariables': ['resrho',
                      'resmom',
                      'resrhoe',
                      'resturb',
                      'cl',
                      'cd',
                      'cmy',
                      'cdp',
                      'cdv'],
 'nCycles': 20000,
 'nCyclesCoarse': 500,
 'nFloodIter': -1,
 'nRKReset': 5,
 'nRefine': 10,
 'nSaveSurface': 1,
 'nSaveVolume': 1,
 'nSubiter': 1,
 'nSubiterTurb': 3,
 'nTimeStepsCoarse': 48,
 'nTimeStepsFine': 400,
 'nearWallDist': 0.1,
 'numberSolutions': True,
 'outerPreconIts': 3,
 'outputDirectory': '/home/mike_kara/aeris/AERIS_MESH_STUDY/05_s6_cfd_qualification/studies/canary/m2_a_c03_measurement_20260901_003',
 'outputSurfaceFamily': 'allSurfaces',
 'overlapFactor': 0.9,
 'oversetDebugPrint': False,
 'oversetLoadBalance': True,
 'oversetPriority': {},
 'oversetProjTol': 1e-12,
 'oversetUpdateMode': 'frozen',
 'pMode': False,
 'partitionLikeNProc': -1,
 'partitionOnly': False,
 'preconditionerSide': 'right',
 'printAllOptions': True,
 'printBadlySkewedCells': False,
 'printIntro': True,
 'printIterations': True,
 'printNegativeVolumes': False,
 'printTiming': True,
 'printWarnings': True,
 'qMode': False,
 'rMode': False,
 'recomputeOverlapMatrix': True,
 'resAveraging': 'alternate',
 'restartAdjoint': True,
 'restartFile': None,
 'restrictionRelaxation': 0.8,
 'selfZipCutoff': 120.0,
 'sepSensorKsOffset': 0.0,
 'sepSensorKsPhi': 90.0,
 'sepSensorKsRho': 1000.0,
 'sepSensorKsSharpness': 25.0,
 'sepSensorOffset': 0.0,
 'sepSensorSharpness': 10.0,
 'setMonitor': True,
 'skipAfterFailedAdjoint': True,
 'smoothParameter': 1.5,
 'smoother': 'DADI',
 'solutionPrecision': 'single',
 'solutionPrecisionSurface': 'single',
 'storeConvHist': True,
 'storeRindLayer': True,
 'surfaceVariables': ['cp', 'cf', 'yplus', 'vx', 'vy', 'vz'],
 'timeAccuracy': 2,
 'timeIntegrationScheme': 'BDF',
 'timeIntervals': 1,
 'timeLimit': -1.0,
 'turbResScale': 10000.0,
 'turbulenceModel': 'SA',
 'turbulenceOrder': 'first order',
 'turbulenceProduction': 'strain',
 'updateWallAssociations': False,
 'useALE': True,
 'useANKSolver': True,
 'useApproxWallDistance': True,
 'useBlockettes': True,
 'useDiagTSPC': True,
 'useDissContinuation': False,
 'useExternalDynamicMesh': False,
 'useGridMotion': False,
 'useLinResMonitor': False,
 'useMatrixFreedrdw': True,
 'useNKSolver': True,
 'useOversetWallScaling': False,
 'useQCR': False,
 'useRotationSA': False,
 'useSkewnessCheck': False,
 'useTSInterpolatedGridVelocity': False,
 'useWallFunctions': False,
 'useZipperMesh': True,
 'useft2SA': True,
 'verifyExtra': True,
 'verifySpatial': True,
 'verifyState': True,
 'vis2': 0.25,
 'vis2Coarse': 0.5,
 'vis4': 0.0156,
 'viscPC': False,
 'viscWallTreatment': 'constant pressure extrapolation',
 'viscousSurfaceVelocities': True,
 'volumeVariables': ['resrho'],
 'wallDistCutoff': 1e+20,
 'windAxis': False,
 'writeSolutionDigits': 3,
 'writeSolutionEachIter': False,
 'writeSurfaceSolution': True,
 'writeTecplotSurfaceSolution': False,
 'writeVolumeSolution': False,
 'zipperSurfaceFamily': None}
-> Alpha... 0.000000 
#
#                      Warning
# It is assumed that the grid is given in meters.
#
#
# Specified load imbalance tolerance 0.100 achieved.
# Continuing with 0.000 load imbalance for the cells and 0.000 for the faces
#
#
# Grid level: 1, Total number of cells: 943104
#
+--------------------------------------------------+
  CGNS Surface Families by Boundary Condition Type
+--------------------------------------------------+
| Wall Types           : wall 
| Inflow Types         : 
| Outflow Types        : 
| Symmetry Types       : sym 
| Farfield Types       : far 
| Overset Types        : 
+--------------------------------------------------+
+--------------------------------------------------+
|
| Initialization Times:
|
| Library Load Time             :      0.026 sec
| Set Defaults Time             :      0.000 sec
| Base Class Init Time          :      0.001 sec
| Introductory Time             :      0.003 sec
| Partitioning Time             :      0.038 sec
| Preprocessing Time            :      9.190 sec
| Family Setup Time             :      0.020 sec
| Cut Callback Time             :      0.000 sec
| Explicit Surface Cut Time     :      0.000 sec
| Overset Preprocessing Time    :      0.004 sec
| Initialize Flow Time          :      0.214 sec
|
| Total Init Time               :      9.497 sec
+--------------------------------------------------+
+----------------------------------------------------------------------+
|  Switching to Aero Problem: aeris_cfd                                |
+----------------------------------------------------------------------+

+------------------------------------------------------------------------------+
| pyADFLOW Warning: 'zipperSurfaceFamily' option was not given. Using all wall |
| boundary conditions for the zipper mesh.                                     |
+------------------------------------------------------------------------------+

-> Alpha... 8.000000 
+----------------------------------------+
|      All Modified ADFLOW Options:      |
+----------------------------------------+
{'ANKPCILUFill': 1,
 'ANKSubspaceSize': 10,
 'ANKSwitchTol': 1.0,
 'NKPCILUFill': 1,
 'NKSubspaceSize': 20,
 'NKSwitchTol': 1e-06,
 'gridFile': '/home/mike_kara/aeris/AERIS_MESH_STUDY/artifacts/strategy_studies/S6_bounded_mesh_atlas/m2_coupled_family_20260831/candidate_c03/lhs100_seed42_083/wing_vol_deformed.cgns',
 'liftIndex': 3,
 'monitorVariables': ['resrho',
                      'resmom',
                      'resrhoe',
                      'resturb',
                      'cl',
                      'cd',
                      'cmy',
                      'cdp',
                      'cdv'],
 'nCycles': 20000,
 'outputDirectory': '/home/mike_kara/aeris/AERIS_MESH_STUDY/05_s6_cfd_qualification/studies/canary/m2_a_c03_measurement_20260901_003',
 'surfaceVariables': ['cp', 'cf', 'yplus', 'vx', 'vy', 'vz'],
 'turbResScale': 10000.0,
 'useNKSolver': True,
 'writeVolumeSolution': False}
#
# Grid 1: Performing 20000 iterations, unless converged earlier. Minimum required iteration before NK switch:      5. Switch to NK at totalR of:   1.41E+00
#
#--------------------------------------------------------------------------------------------------------------------------------------------------------------------------------------------------------------------------------------------------------------------------------------------------------------------------------------------------------------------
#  Grid  | Iter | Iter |  Iter  |   CFL   | Step | Lin  |        Res rho         |        Res rhou        |        Res rhov        |        Res rhow        |        Res rhoE        |       Res nuturb       |         C_lift         |        C_drag          |        C_drag_p        |        C_drag_v        |          C_My          |        totalRes        |
#  level |      | Tot  |  Type  |         |      | Res  |                        |                        |                        |                        |                        |                        |                        |                        |                        |                        |                        |                        |
#--------------------------------------------------------------------------------------------------------------------------------------------------------------------------------------------------------------------------------------------------------------------------------------------------------------------------------------------------------------------
      1       0      0     None     ----    ----   ----   3.9630185060621000E+02   1.3584090529341756E+02   1.0158582711240727E+00   2.0623986052990638E+01   1.3889998363981317E+03   6.3442967842559917E-04   3.0886115295800921E-02   1.0102992563762916E+00   0.0000000000000000E+00   1.0102992563762916E+00   1.5993338436328709E-02   1.4090820471454472E+06 
      1       1      3     *ANK   5.00E+00  1.00  0.002   1.3065625377285212E+02   1.0985292340541478E+02   4.4621965560951978E+01   1.1571682301253179E+02   4.5827748745621614E+02   2.9140561527354348E-05   4.0388181259840925E+00   3.1116809132069081E+00   2.2946418697745439E+00   8.1703904343236544E-01  -5.1107294945656401E-01   4.8995544553880743E+05 
      1       2      6     *ANK   2.25E+01  1.00  0.009   2.9823544869564337E+01   3.8837069210375020E+01   1.1375677288283995E+01   2.7742737338938301E+01   1.0608531853409423E+02   4.3309307740096887E-06   4.1006324642624250E+00   2.8971035458512060E+00   2.3205307897293377E+00   5.7657275612186787E-01  -5.2525134237408011E-01   1.1714535670032262E+05 
      1       3      9     *ANK   1.29E+02  1.00  0.028   3.1385575000165216E+00   2.2576163322420921E+01   2.2205372087026625E+00   4.8664481329862070E+00   1.0923797880340230E+01   1.1919483739564561E-06   3.5098999384786413E+00   2.2253927987419724E+00   1.8829031002072611E+00   3.4248969853471112E-01  -4.5062447731369587E-01   2.5089829955245754E+04 
      1       4     15     *ANK   7.91E+02  0.49  0.037   2.3978211354244805E+00   2.3465518910361840E+01   2.0353100773533606E+00   4.4431745928099184E+00   8.5090658888916284E+00   5.9697446665821414E-07   2.9843276668343122E+00   1.5625631405591871E+00   1.3077640952819676E+00   2.5479904527721953E-01  -3.7014705484655119E-01   2.4809966021013250E+04 
      1       5     19      ANK   7.91E+02  1.00  0.029   1.8876033206767682E+00   2.3716161768087797E+01   1.9347763194070366E+00   4.4072127528141101E+00   6.8137349777607543E+00   3.8901204989464020E-07   1.9348276262993462E+00   6.2344286844791064E-01   4.8876413657711970E-01   1.3467873187079094E-01  -1.9935550730827351E-01   2.4483655905295040E+04 
      1       6     23      ANK   7.91E+02  1.00  0.022   1.1486962294151717E+00   1.7023521663786006E+01   1.2921161270020751E+00   3.0988583070209166E+00   4.1709182966553096E+00   2.9845646285040431E-07   9.7982894533940101E-01   2.4810377443695886E-01   1.5253180027903568E-01   9.5571974157923179E-02  -3.6187436292881715E-02   1.7366466013581241E+04 
      1       7     27      ANK   7.91E+02  1.00  0.027   6.8113689825666635E-01   1.1857455323501853E+01   8.6697304449576340E-01   2.1104325536135606E+00   2.4617978177554556E+00   2.4243904922344431E-07   1.6562716391336912E-01   5.0554485699254470E-02  -2.7086725382203490E-02   7.7641211081457939E-02   9.9114084523170026E-02   1.1985920628888747E+04 
      1       8     31     *ANK   2.63E+03  1.00  0.039   4.2608084726155038E-01   9.1014483392626850E+00   6.6588230328422437E-01   1.5905473911581820E+00   1.5319902948258992E+00   2.0260328377707411E-07  -4.0598383503040686E-01  -4.1746851226620897E-02  -1.0299726967900007E-01   6.1250418452379156E-02   1.9092796576956306E-01   9.1275439333402719E+03 
      1       9     35      ANK   2.63E+03  1.00  0.046   2.7790333818009394E-01   6.6146295184254527E+00   4.8250119097041855E-01   1.1464897374138590E+00   9.9548909632453575E-01   1.7198089181287328E-07  -5.3156832065836634E-01  -2.3507718112510699E-02  -7.7941693583440483E-02   5.4433975470929818E-02   1.8962455331685504E-01   6.6129117803350400E+03 
      1      10     40      ANK   2.63E+03  1.00  0.023   2.2837437771446170E-01   6.0490022296012702E+00   4.4750766511801410E-01   1.0368285024102339E+00   8.5620239465724157E-01   1.4765792499906348E-07  -2.0673169374409889E-01   5.2265146319473488E-02   1.2520143790226477E-02   3.9745002529247002E-02   9.7435447103017506E-02   6.0375375688001441E+03 
      1      11     45      ANK   2.63E+03  1.00  0.022   1.7452812456158862E-01   4.6482592811763341E+00   3.5221542162205333E-01   8.0924610628690985E-01   6.4415445855992193E-01   1.2802482911016764E-07   3.9872707647373440E-01   1.1435838831779231E-01   7.9347487069729730E-02   3.5010901248062568E-02   1.2162762621533697E-02   4.6402234371722088E+03 
      1      12     50     *ANK   1.08E+04  1.00  0.029   1.8763788906096798E-01   3.8473513509306634E+00   2.9598661734068810E-01   6.6592920192640159E-01   6.7425398195165109E-01   1.1397142104763484E-07   7.3784069717977951E-01   1.3035656246297780E-01   1.0067900095540799E-01   2.9677561507569797E-02  -2.4216388585517615E-02   3.8629967556392025E+03 
      1      13     55      ANK   1.08E+04  1.00  0.034   1.2825773518911687E-01   3.0258437775916200E+00   2.3533895672210361E-01   5.0883596501229977E-01   4.6270243365547498E-01   1.0316453712359943E-07   3.4271137817321012E-01   9.5757046592780129E-02   6.8186199130661762E-02   2.7570847462118391E-02   6.1550649252254425E-02   3.0246735101472232E+03 
      1      14     60      ANK   1.08E+04  1.00  0.039   1.2165663983619945E-01   2.4471048520169902E+00   2.0053367955238205E-01   4.3305632336653754E-01   4.3764815328702483E-01   9.4655365089329137E-08  -7.1654811768824553E-03   3.9594019670465525E-02   1.3989496558403623E-02   2.5604523112061871E-02   1.1682219912123662E-01   2.4610975896799723E+03 
      1      15     66      ANK   1.08E+04  1.00  0.039   8.6735993023682900E-02   2.1920774212952630E+00   1.8122867744712279E-01   3.7095486729722371E-01   3.2473340972719317E-01   9.3002095940803811E-08   2.0928096139065316E-01   4.0593736388007277E-02   1.8565915534758236E-02   2.2027820853249034E-02   4.0136458742727421E-02   2.1906866113013061E+03 
      1      16     72     *ANK   3.64E+04  1.00  0.045   7.0912323605327870E-02   1.7867559867789360E+00   1.4821252812977545E-01   3.0216299649764800E-01   2.5904151930670716E-01   9.7544030063974512E-08   4.0686710018670269E-01   8.7310101775946863E-02   6.6343488313315810E-02   2.0966613462631050E-02   3.7644614789527409E-02   1.7848555954155681E+03 
      1      17     78      ANK   3.64E+04  1.00  0.050   7.7438453295834972E-02   1.4601203351693992E+00   1.2435213193941012E-01   2.5222121220877414E-01   2.8021252623988907E-01   1.0985286451589554E-07   5.0468434403073525E-01   9.8723727077527801E-02   7.8563174573502204E-02   2.0160552504025583E-02   8.5493936262906918E-03   1.4713734751908180E+03 
      1      18     85      ANK   3.64E+04  1.00  0.042   6.4824193990560983E-02   1.4215860138100378E+00   1.2127026473989656E-01   2.3140916267353540E-01   2.3810560296088515E-01   1.3171180462676172E-07   2.1278220866674635E-01   3.2285118402304393E-02   1.5014558807233611E-02   1.7270559595070789E-02   7.4242355937771093E-02   1.4239844637983972E+03 
      1      19     91      ANK   3.64E+04  1.00  0.038   6.3018830056793249E-02   1.2205947505887076E+00   1.0641464449019557E-01   2.0944414150711496E-01   2.3092878511331877E-01   1.6344145540203839E-07   2.8732541632543518E-01   6.1221207673724833E-02   4.5122174048612372E-02   1.6099033625112488E-02   3.1035340874263122E-02   1.2292996456473684E+03 
      1      20     97      ANK   3.64E+04  1.00  0.049   5.6101695961250607E-02   1.0203217813760779E+00   9.1886120663516618E-02   1.7717369031130198E-01   1.9957442385508953E-01   2.0484727975676940E-07   4.5855257826228185E-01   6.1048182440283365E-02   4.5528218845373294E-02   1.5519963594910065E-02   3.2379553124623053E-02   1.0295279784709612E+03 
      1      21    105     *ANK   1.00E+05  1.00  0.043   5.4387398602031338E-02   9.4951536436527495E-01   8.4836288184833408E-02   1.5896282519006633E-01   1.9364606662732955E-01   2.5559640252987629E-07   3.0964524855855868E-01   5.4182316067904024E-02   4.0021545998281886E-02   1.4160770069622141E-02   4.7632914221250690E-02   9.5867797139290371E+02 
      1      22    113      ANK   1.00E+05  1.00  0.043   4.8036631008868229E-02   8.3088435878575895E-01   7.4697073839683215E-02   1.3973835631046816E-01   1.7075675917246508E-01   3.1302282791431560E-07   2.9988542105181532E-01   3.4366660231499785E-02   2.0967565091649966E-02   1.3399095139849814E-02   5.5942811796796790E-02   8.3931637186978662E+02 
      1      23    121      ANK   1.00E+05  1.00  0.049   4.6827141286834961E-02   7.0788728647078936E-01   6.6253801628202144E-02   1.2497262500361606E-01   1.6768491244861089E-01   3.7422456027713997E-07   3.7670005526905848E-01   5.6693313400406196E-02   4.3763534600382667E-02   1.2929778800023552E-02   3.4258197728446980E-02   7.2115364588551211E+02 
      1      24    130      ANK   1.00E+05  1.00  0.050   4.0349947316112918E-02   6.2896472260650349E-01   5.8692589247328668E-02   1.0522367602420689E-01   1.4387640292147355E-01   4.3585005098982968E-07   3.6087974874597889E-01   5.0001944953911491E-02   3.7586924488449081E-02   1.2415020465462400E-02   4.5971798756354751E-02   6.3863580970659075E+02 
      1      25    137      ANK   1.00E+05  1.00  0.049   2.7542099817000849E-02   6.1933527250647591E-01   5.6914735113025181E-02   1.0808064493539482E-01   1.0141844431589732E-01   4.9575461694796020E-07   3.4538908014529912E-01   4.2717992504890979E-02   3.1547888347334095E-02   1.1170104157556907E-02   4.9004182316092611E-02   6.2150067240218334E+02 
      1      26    146      ANK   1.00E+05  1.00  0.043   3.5982336531787722E-02   5.9791764052114249E-01   5.5560212190638010E-02   9.8645971287332004E-02   1.3415669885436893E-01   5.5250982120197199E-07   3.4456582513925865E-01   4.6803649812403807E-02   3.6621592468002451E-02   1.0182057344401387E-02   4.6116249453450518E-02   6.0619914515415974E+02 
      1      27    154      ANK   1.00E+05  1.00  0.047   3.3631735656172571E-02   4.3640984406896632E-01   4.4525787002095536E-02   8.1066250892256705E-02   1.1513534179011077E-01   6.0806454549890185E-07   4.0984406087419456E-01   5.1490959106212111E-02   4.0730694922661605E-02   1.0760264183550498E-02   4.7654883516408023E-02   4.4865200286163423E+02 
      1      28    178     *ANK   1.00E+05  0.00  0.035   3.3631735656172543E-02   4.3640984406896627E-01   4.4525787002095481E-02   8.1066250892256858E-02   1.1513534179011084E-01   6.0806454549890185E-07   4.0984406087419456E-01   5.1490959106212104E-02   4.0730694922661598E-02   1.0760264183550498E-02   4.7654883516408036E-02   4.4865200286163429E+02 
      1      29    197     *ANK   5.00E+04  0.04  0.050   3.2526172559851116E-02   4.3737180182437468E-01   4.4419455842456143E-02   8.0846805942250716E-02   1.1149109361714570E-01   6.5863275221498220E-07   4.0590452930183452E-01   5.0522415199799775E-02   3.9815763352419452E-02   1.0706651847380315E-02   4.8022926630494830E-02   4.4854996991659397E+02 
      1      30    220      ANK   5.00E+04  0.00  0.049   3.2526172559851144E-02   4.3737180182437496E-01   4.4419455842455949E-02   8.0846805942250619E-02   1.1149109361714571E-01   6.5863275221498220E-07   4.0590452930183452E-01   5.0522415199799761E-02   3.9815763352419445E-02   1.0706651847380315E-02   4.8022926630494830E-02   4.4854996991659385E+02 
      1      31    236     *ANK   2.50E+04  0.12  0.048   2.9664482440336298E-02   4.3989348600841766E-01   4.4153044463065935E-02   8.0315515609120591E-02   1.0217923117345359E-01   6.9924466758027903E-07   3.9535377878815353E-01   4.7946194958417877E-02   3.7383333457113109E-02   1.0562861501304777E-02   4.8988306151329340E-02   4.4848777271218438E+02 
      1      32    259      ANK   2.50E+04  0.00  0.046   2.9664482440336277E-02   4.3989348600841743E-01   4.4153044463066032E-02   8.0315515609121438E-02   1.0217923117345337E-01   6.9924466758027892E-07   3.9535377878815353E-01   4.7946194958417891E-02   3.7383333457113123E-02   1.0562861501304777E-02   4.8988306151329340E-02   4.4848777271218427E+02 
      1      33    274     *ANK   1.25E+04  0.17  0.044   2.6680231379381900E-02   4.4211398401779489E-01   4.3850681461651143E-02   7.9729883630496712E-02   9.2783024686540413E-02   7.2585833711394633E-07   3.8391292968204754E-01   4.5200612469643235E-02   3.4814629195215850E-02   1.0385983274427404E-02   4.9946989451452761E-02   4.4832151070201843E+02 
      1      34    283      ANK   1.25E+04  1.00  0.050   2.5303672246558741E-02   4.1377948698592343E-01   4.1100041617496398E-02   7.5857140751894259E-02   9.1358751968424093E-02   7.3330414226445991E-07   3.3116492249441987E-01   3.5001383124794588E-02   2.5106626279811736E-02   9.8947568449828487E-03   5.3127671773049473E-02   4.2073533203266936E+02 
      1      35    292      ANK   1.25E+04  1.00  0.045   2.5155956955519299E-02   3.8646962894236875E-01   3.8536981967700223E-02   6.8572601635267169E-02   9.0652044969477291E-02   7.2790792081428854E-07   3.9828050183099012E-01   5.3694986527289781E-02   4.4267130288766908E-02   9.4278562385228682E-03   4.3572036428197305E-02   3.9381867207005013E+02 
      1      36    300      ANK   1.25E+04  1.00  0.047   2.0132929875919196E-02   3.4884531236318994E-01   3.5897700549274263E-02   6.5060138710398063E-02   7.1418268472951060E-02   7.1069167028559494E-07   3.2351442572176103E-01   2.1478937620186378E-02   1.2395445679354290E-02   9.0834919408320849E-03   6.0757327059298413E-02   3.5385985338794035E+02 
      1      37    310      ANK   1.25E+04  1.00  0.044   2.1030720991580380E-02   3.4039052775303735E-01   3.4442955662396947E-02   6.1701515497764238E-02   7.8022193326449815E-02   6.8032151583878961E-07   4.2236904958633298E-01   5.4564015039811772E-02   4.6013099844331475E-02   8.5509151954803013E-03   4.1276182244212506E-02   3.4667649660593383E+02 
      1      38    319      ANK   1.25E+04  1.00  0.050   2.0241986357789694E-02   2.7089003701555137E-01   3.0284433763912721E-02   5.3558904922191224E-02   6.9721080112333272E-02   6.4181288493321620E-07   3.3628188840395939E-01   3.2289818631055199E-02   2.3586410879282906E-02   8.7034077517722797E-03   5.8286850915243910E-02   2.7890203538536178E+02 
      1      39    342      ANK   1.25E+04  0.00  0.041   2.0241986357789586E-02   2.7089003701555159E-01   3.0284433763912714E-02   5.3558904922190204E-02   6.9721080112333425E-02   6.4181288493321610E-07   3.3628188840395939E-01   3.2289818631055199E-02   2.3586410879282906E-02   8.7034077517722797E-03   5.8286850915243910E-02   2.7890203538536178E+02 
      1      40    355     *ANK   6.25E+03  0.34  0.038   1.7454827549305479E-02   2.7360483160629756E-01   2.9752549905741294E-02   5.2287642329350854E-02   6.1853695153866753E-02   6.0035241939398159E-07   3.6734136254060440E-01   3.8071796006660261E-02   2.9564107979544358E-02   8.5076880271159044E-03   5.2205050859207923E-02   2.7918312160848131E+02 
      1      41    364      ANK   6.25E+03  1.00  0.045   1.6097429830132823E-02   2.4401324686448531E-01   2.6847849865358098E-02   4.6621850644718472E-02   5.7827887903263812E-02   5.4546291047463558E-07   3.7792192899446975E-01   3.9677170410627710E-02   3.1281411371485796E-02   8.3957590391419180E-03   5.0617696164671218E-02   2.4962112366962268E+02 
      1      42    374      ANK   6.25E+03  1.00  0.043   1.3292523334477042E-02   2.3330422804886028E-01   2.6218402237149597E-02   4.4297344719327163E-02   4.7719413078913420E-02   4.9278312133351715E-07   3.6846503331277042E-01   3.6077875594858172E-02   2.7970619164039846E-02   8.1072564308183343E-03   5.5747524534244870E-02   2.3700209056495865E+02 
      1      43    384      ANK   6.25E+03  1.00  0.047   1.4472145056184119E-02   2.0400047259436405E-01   2.3514175978754871E-02   4.1434669817034649E-02   5.2805760694156260E-02   4.4116365207960688E-07   4.0595067705602361E-01   4.2196282070682670E-02   3.4113965516563732E-02   8.0823165541189512E-03   4.7564200596937001E-02   2.1032043448273092E+02 
      1      44    394      ANK   6.25E+03  1.00  0.045   1.6093193698781229E-02   1.9155629983247380E-01   2.3078910251841708E-02   3.9077326024632188E-02   5.7543068468676448E-02   3.9417469170733838E-07   3.6706443257669574E-01   4.1335852433252433E-02   3.3450740335295694E-02   7.8851120979567396E-03   5.5167520079026533E-02   1.9982564923230245E+02 
      1      45    409      ANK   6.25E+03  0.24  0.039   1.5088542265597634E-02   1.9267564457598960E-01   2.3126447279158122E-02   3.8642891716317580E-02   5.4387629859005408E-02   3.5650724891207838E-07   3.7386222657252466E-01   4.1490729458897584E-02   3.3696680558295750E-02   7.7940489006018462E-03   5.4245894396137348E-02   1.9985201914271997E+02 
      1      46    420      ANK   6.25E+03  1.00  0.040   1.2820260632872388E-02   1.8552161394461233E-01   2.2682088651357176E-02   3.6451457939062126E-02   4.6896874640228042E-02   3.1877536413965029E-07   3.9094238054949754E-01   4.0104264384957053E-02   3.2516943870957521E-02   7.5873205139995363E-03   5.2058697175556091E-02   1.9088504198975420E+02 
      1      47    431      ANK   6.25E+03  1.00  0.042   1.0925142745662813E-02   1.5773840590283963E-01   1.9673816297702852E-02   3.2110571388528693E-02   3.8837137111725734E-02   2.9244825615618655E-07   3.8463343888675072E-01   3.7584025584235375E-02   2.9946792387769029E-02   7.6372331964663460E-03   5.2922511582854777E-02   1.6231559554707871E+02 
      1      48    442      ANK   6.25E+03  1.00  0.048   1.0151342239042870E-02   1.4011393295271218E-01   1.8024106983560228E-02   2.8576007222956310E-02   3.7029930075006989E-02   2.7139220844884589E-07   3.8977747113435374E-01   4.0404725559965882E-02   3.2793469457859520E-02   7.6112561021063696E-03   5.1431386185360362E-02   1.4487505339904467E+02 
      1      49    453      ANK   6.25E+03  1.00  0.048   9.5781459835406341E-03   1.2942625635236046E-01   1.7296549724951444E-02   2.6373598790663859E-02   3.4494637581769239E-02   2.5572300032041138E-07   3.6716773423924759E-01   3.4567691604653374E-02   2.7045875523226928E-02   7.5218160814264383E-03   5.6995904079601568E-02   1.3398168530924545E+02 
#--------------------------------------------------------------------------------------------------------------------------------------------------------------------------------------------------------------------------------------------------------------------------------------------------------------------------------------------------------------------
#  Grid  | Iter | Iter |  Iter  |   CFL   | Step | Lin  |        Res rho         |        Res rhou        |        Res rhov        |        Res rhow        |        Res rhoE        |       Res nuturb       |         C_lift         |        C_drag          |        C_drag_p        |        C_drag_v        |          C_My          |        totalRes        |
#  level |      | Tot  |  Type  |         |      | Res  |                        |                        |                        |                        |                        |                        |                        |                        |                        |                        |                        |                        |
#--------------------------------------------------------------------------------------------------------------------------------------------------------------------------------------------------------------------------------------------------------------------------------------------------------------------------------------------------------------------
      1      50    478     *ANK   2.07E+04  0.00  0.046   9.5781459835405404E-03   1.2942625635236052E-01   1.7296549724951392E-02   2.6373598790663852E-02   3.4494637581769211E-02   2.5572300032041138E-07   3.6716773423924759E-01   3.4567691604653374E-02   2.7045875523226928E-02   7.5218160814264383E-03   5.6995904079601568E-02   1.3398168530924551E+02 
      1      51    493     *ANK   1.03E+04  0.24  0.049   9.4913452516345170E-03   1.2953865186514105E-01   1.7318576462076102E-02   2.6001586564621315E-02   3.4266422198543069E-02   2.4206843409595314E-07   3.7465816462870949E-01   3.5487199333586697E-02   2.8014509248381114E-02   7.4726900852055862E-03   5.6242517402807467E-02   1.3395478446589985E+02 
      1      52    518      ANK   1.03E+04  0.00  0.045   9.4913452516345517E-03   1.2953865186514102E-01   1.7318576462076112E-02   2.6001586564621496E-02   3.4266422198543076E-02   2.4206843409595314E-07   3.7465816462870954E-01   3.5487199333586704E-02   2.8014509248381121E-02   7.4726900852055862E-03   5.6242517402807481E-02   1.3395478446589991E+02 
      1      53    529     *ANK   5.17E+03  1.00  0.047   8.8768301187719199E-03   1.0980431483560986E-01   1.5450590667104851E-02   2.2999114533574904E-02   3.0840178510017274E-02   2.2756214997387729E-07   3.9755937354388504E-01   3.8380053735669224E-02   3.0782853834897775E-02   7.5971999007714373E-03   5.2932778297976345E-02   1.1432933047393792E+02 
      1      54    542      ANK   5.17E+03  1.00  0.048   8.4179089393385895E-03   1.0130178724175706E-01   1.4522404934739108E-02   2.1753100421781493E-02   3.0985642331061391E-02   2.1751365565399945E-07   3.9259533031576188E-01   3.7963589286446907E-02   3.0385602576374751E-02   7.5779867100721522E-03   5.2407354075649747E-02   1.0630208230054086E+02 
      1      55    553      ANK   5.17E+03  1.00  0.048   8.4100205938487868E-03   9.7762313582958976E-02   1.4244457683618521E-02   2.0229155622449504E-02   3.1003788063712272E-02   2.1038233845394417E-07   3.8969300979027260E-01   3.7724342124859027E-02   3.0235724642221580E-02   7.4886174826374573E-03   5.3968266116126276E-02   1.0280275809990789E+02 
      1      56    566      ANK   5.17E+03  1.00  0.049   7.5250947492608543E-03   8.2355803315680834E-02   1.2844876538611332E-02   1.8109616029682710E-02   2.7157122416755202E-02   2.0364102009021733E-07   3.9285479401203105E-01   3.9356343107355786E-02   3.1784459345904820E-02   7.5718837614509619E-03   5.2758990595528590E-02   8.7260236403519556E+01 
      1      57    580      ANK   5.17E+03  1.00  0.046   8.4123530915384912E-03   8.0945322938444572E-02   1.3149403388455666E-02   1.7728299987404370E-02   3.1149705882534733E-02   1.9826020295416797E-07   3.9110609037389665E-01   3.8944184078094572E-02   3.1481270946989735E-02   7.4629131311048291E-03   5.2513130502395658E-02   8.7317697421738842E+01 
      1      58    605      ANK   5.17E+03  0.00  0.045   8.4123530915384773E-03   8.0945322938444669E-02   1.3149403388455643E-02   1.7728299987404123E-02   3.1149705882534750E-02   1.9826020295416797E-07   3.9110609037389665E-01   3.8944184078094565E-02   3.1481270946989735E-02   7.4629131311048291E-03   5.2513130502395651E-02   8.7317697421738842E+01 
      1      59    616     *ANK   2.58E+03  1.00  0.047   6.1947878566242344E-03   6.6223071380143328E-02   1.0513221835347013E-02   1.5126944293366239E-02   2.0655820688933253E-02   1.9167369790680013E-07   3.8791784998138684E-01   3.8687252898966080E-02   3.0992937093388687E-02   7.6943158055774001E-03   5.3761412223633752E-02   6.9986190744091516E+01 
      1      60    629      ANK   2.58E+03  1.00  0.044   6.5529360836884499E-03   5.9763442619793307E-02   1.0134033439003400E-02   1.3943875048074515E-02   2.3312731132551674E-02   1.8554936350500463E-07   3.9167902443715374E-01   3.9551367882696913E-02   3.1907068304925582E-02   7.6442995777713258E-03   5.3248279782106535E-02   6.4845865895068926E+01 
      1      61    641      ANK   2.58E+03  1.00  0.048   6.7197186817031084E-03   5.6162548162133952E-02   9.7253473893181650E-03   1.3064408058633020E-02   2.4261590417853234E-02   1.8008169096531305E-07   3.9320789074868356E-01   3.9339028504319029E-02   3.1714521575576665E-02   7.6245069287423622E-03   5.3477912231353252E-02   6.1852370952263996E+01 
      1      62    653      ANK   2.58E+03  1.00  0.044   6.9235218421386949E-03   5.3782899615024041E-02   9.4392312631702262E-03   1.2441278240495146E-02   2.4989509582221923E-02   1.7545032291138707E-07   3.9968792867782599E-01   3.9904307056162575E-02   3.2327751505342096E-02   7.5765555508204721E-03   5.2618876933873709E-02   5.9959050574396876E+01 
      1      63    666      ANK   2.58E+03  1.00  0.047   6.2985939744421814E-03   4.7344206872919237E-02   8.5005933115590761E-03   1.1269372213407120E-02   2.2333922956539576E-02   1.7082547814013348E-07   4.0137827641291801E-01   4.0086586396953255E-02   3.2472225440063306E-02   7.6143609568899689E-03   5.2258176420113732E-02   5.3032595463484235E+01 
      1      64    681      ANK   2.58E+03  1.00  0.043   6.9824017319428068E-03   4.6033067702630187E-02   8.3134696074099040E-03   1.0894130217643506E-02   2.5106301782315807E-02   1.6668847044724893E-07   3.9802963813046704E-01   3.8970058897361659E-02   3.1413227045814673E-02   7.5568318515469822E-03   5.3001937249913082E-02   5.3090988299046991E+01 
      1      65    694      ANK   2.58E+03  1.00  0.043   6.5605863243943328E-03   4.2397996238948452E-02   7.8100259679133510E-03   1.0190386848262867E-02   2.3409001129302304E-02   1.6300945119130519E-07   3.9794734649876273E-01   3.8860002522307098E-02   3.1309484130028806E-02   7.5505183922783053E-03   5.2931816781337765E-02   4.9098655295767408E+01 
      1      66    707      ANK   2.58E+03  1.00  0.048   6.0769801557096761E-03   3.9263910929348764E-02   7.3890979431468990E-03   9.4891109500493051E-03   2.1711673868953091E-02   1.5959867646765180E-07   3.9834579773725537E-01   3.9056155512879102E-02   3.1511049689969581E-02   7.5451058229095199E-03   5.2455060221971793E-02   4.5520985672348573E+01 
      1      67    721      ANK   2.58E+03  1.00  0.047   6.3342702306581318E-03   3.7628851338513077E-02   7.2997781567468011E-03   9.1807372644146668E-03   2.2876104405348058E-02   1.5654289301823483E-07   3.9880471146302776E-01   3.9667698659024406E-02   3.2151769210941671E-02   7.5159294480827352E-03   5.2143963913120060E-02   4.4708029202031639E+01 
      1      68    734      ANK   2.58E+03  1.00  0.049   6.3096328709115572E-03   3.4388811425296401E-02   6.9041335473173805E-03   8.7175834406514625E-03   2.2662437470913403E-02   1.5341116668583542E-07   3.9991774544053810E-01   3.9951654189908092E-02   3.2431830100704682E-02   7.5198240892034368E-03   5.1843092511174575E-02   4.1905418385245369E+01 
      1      69    766     *ANK   8.56E+03  0.00  0.044   6.3096328709115685E-03   3.4388811425296421E-02   6.9041335473173831E-03   8.7175834406514746E-03   2.2662437470913451E-02   1.5341116668583537E-07   3.9991774544053810E-01   3.9951654189908092E-02   3.2431830100704682E-02   7.5198240892034368E-03   5.1843092511174575E-02   4.1905418385245369E+01 
      1      70    795     *ANK   4.28E+03  0.00  0.044   6.3096328709115685E-03   3.4388811425296463E-02   6.9041335473173848E-03   8.7175834406514382E-03   2.2662437470913437E-02   1.5341116668583539E-07   3.9991774544053810E-01   3.9951654189908092E-02   3.2431830100704682E-02   7.5198240892034368E-03   5.1843092511174575E-02   4.1905418385245369E+01 
      1      71    807     *ANK   2.14E+03  1.00  0.050   5.4950427389362771E-03   3.0820686602205952E-02   6.2516687161679827E-03   8.1593020278602404E-03   1.9541269129566764E-02   1.4977107688902753E-07   3.9789298164630305E-01   3.9708451870283427E-02   3.2155924188850459E-02   7.5525276814329672E-03   5.1876887374429782E-02   3.7232274721641737E+01 
      1      72    820      ANK   2.14E+03  1.00  0.048   5.5748424722378131E-03   2.9416759291272968E-02   6.1478284133044073E-03   7.9042941338742165E-03   1.9861335376692605E-02   1.4637973842338131E-07   3.9572250729880709E-01   3.9478143076161341E-02   3.1951988117772001E-02   7.5261549583893316E-03   5.2291872027599690E-02   3.6249684561433213E+01 
      1      73    834      ANK   2.14E+03  1.00  0.046   5.3529050767726245E-03   2.7220717764648954E-02   5.7558062588682728E-03   7.7743898971358348E-03   1.8775518716961145E-02   1.4264728202368422E-07   3.9545694066021103E-01   3.8929221556816003E-02   3.1407853706851750E-02   7.5213678499642545E-03   5.2673619618419536E-02   3.3888958949565797E+01 
      1      74    847      ANK   2.14E+03  1.00  0.048   5.1999267257415273E-03   2.5408551111117977E-02   5.3908517772108472E-03   7.5263021384579815E-03   1.8143842699079659E-02   1.3874157614911661E-07   3.9456368633583377E-01   3.8648448302788269E-02   3.1132982967197551E-02   7.5154653355907122E-03   5.2646435568246101E-02   3.2054297863999672E+01 
      1      75    861      ANK   2.14E+03  1.00  0.048   4.8127377752037121E-03   2.3849832051506970E-02   5.2042730668884285E-03   6.9690643331345916E-03   1.6835876841940555E-02   1.3473286069300306E-07   3.9507820445724207E-01   3.9044446263001416E-02   3.1536843596924762E-02   7.5076026660766673E-03   5.2238895113743855E-02   2.9977918373633464E+01 
      1      76    875      ANK   2.14E+03  1.00  0.047   5.1521758784025653E-03   2.3147321993172560E-02   5.2017648828808893E-03   6.7585082162838848E-03   1.8201022850562441E-02   1.3082490639645315E-07   3.9618962795451146E-01   3.9365608539080402E-02   3.1878364445817646E-02   7.4872440932627748E-03   5.2040011199994352E-02   3.0215704129894686E+01 
      1      77    900      ANK   2.14E+03  0.00  0.045   5.1521758784025609E-03   2.3147321993172564E-02   5.2017648828808919E-03   6.7585082162838761E-03   1.8201022850562434E-02   1.3082490639645317E-07   3.9618962795451146E-01   3.9365608539080402E-02   3.1878364445817646E-02   7.4872440932627748E-03   5.2040011199994352E-02   3.0215704129894672E+01 
      1      78    910     *ANK   1.07E+03  1.00  0.049   3.2210776266951516E-03   2.3375035366311150E-02   4.4690253589280008E-03   6.4734481258915139E-03   9.6933851002568953E-03   1.2478844632554575E-07   3.9319721186166101E-01   3.9097136598600167E-02   3.1496480106144246E-02   7.6006564924559223E-03   5.2546542772784907E-02   2.5952479224331586E+01 
      1      79    920      ANK   1.07E+03  1.00  0.045   3.2560633624205350E-03   1.9548020444153161E-02   4.0249563058262529E-03   6.1027762598916567E-03   1.0042748826249647E-02   1.1962236070738918E-07   3.9403229126262934E-01   3.9022177713200858E-02   3.1415112701411320E-02   7.6070650117895586E-03   5.2465874057712671E-02   2.2743215191995827E+01 
      1      80    931      ANK   1.07E+03  1.00  0.044   3.6830223237963068E-03   1.6720874100309344E-02   3.8295105505546587E-03   5.8436324245512488E-03   1.2171843160678123E-02   1.1476982640378890E-07   3.9516965877382443E-01   3.9044141258493592E-02   3.1450150176315923E-02   7.5939910821776584E-03   5.2145613597519437E-02   2.1528485407206841E+01 
      1      81    942      ANK   1.07E+03  1.00  0.044   3.8482223396071138E-03   1.5553503838465734E-02   3.7152322916203266E-03   5.7281963745115403E-03   1.2960672116580897E-02   1.1007616206237669E-07   3.9483332346034106E-01   3.8942430471195472E-02   3.1359123936419903E-02   7.5833065347755508E-03   5.2121962860388726E-02   2.1110218612588440E+01 
      1      82    954      ANK   1.07E+03  1.00  0.045   3.7441773042561563E-03   1.4736641096001523E-02   3.6180615882448128E-03   5.5157733006646155E-03   1.2496036941278991E-02   1.0537834140707466E-07   3.9425240100660047E-01   3.9110715605960002E-02   3.1530935764163569E-02   7.5797798417964512E-03   5.2261730891742693E-02   2.0183805695810985E+01 
      1      83    964      ANK   1.07E+03  1.00  0.047   3.5811231004795317E-03   1.4046046743985349E-02   3.5280791379469476E-03   5.3386397925780909E-03   1.1940995470034733E-02   1.0084696738229504E-07   3.9399234346166861E-01   3.8983333359473474E-02   3.1410235311579326E-02   7.5730980478941673E-03   5.2397192588159967E-02   1.9292838156082631E+01 
      1      84    975      ANK   1.07E+03  1.00  0.041   3.6875190153218850E-03   1.3802283047278846E-02   3.4674060796802994E-03   5.1852786668118598E-03   1.2367253797043815E-02   9.6531120636731466E-08   3.9445570496196258E-01   3.8912507627135294E-02   3.1356346869741820E-02   7.5561607573934641E-03   5.2330453384770020E-02   1.9347094868336985E+01 
      1      85    986      ANK   1.07E+03  1.00  0.050   3.4471630890907834E-03   1.2705765530188850E-02   3.2323132468604545E-03   4.9154484150892921E-03   1.1284285618850897E-02   9.2146777890377314E-08   3.9538288744579503E-01   3.9035613111810773E-02   3.1476970908705090E-02   7.5586422031056885E-03   5.2206577571936516E-02   1.7804201950513463E+01 
      1      86   1011      ANK   1.07E+03  0.00  0.040   3.4471630890907843E-03   1.2705765530188852E-02   3.2323132468604549E-03   4.9154484150892930E-03   1.1284285618850904E-02   9.2146777890377314E-08   3.9538288744579503E-01   3.9035613111810773E-02   3.1476970908705090E-02   7.5586422031056885E-03   5.2206577571936516E-02   1.7804201950513477E+01 
      1      87   1019     *ANK   5.35E+02  1.00  0.046   3.1632684500505631E-03   1.3367078559666856E-02   3.0648229096039668E-03   4.4783673001837550E-03   9.1478504897109635E-03   8.6608609546746522E-08   3.9449545943913689E-01   3.9419433415125313E-02   3.1807707293884602E-02   7.6117261212407233E-03   5.2162924774453355E-02   1.6892376312373553E+01 
      1      88   1027      ANK   5.35E+02  1.00  0.049   2.4091892716657541E-03   1.2381024838245743E-02   2.8288085087291299E-03   4.1971010456672061E-03   6.5372236235317618E-03   8.1674348554016020E-08   3.9476945747375453E-01   3.9217651292148423E-02   3.1590852961951528E-02   7.6267983301969138E-03   5.2204619025784202E-02   1.4667493443365128E+01 
      1      89   1036      ANK   5.35E+02  1.00  0.040   2.5021005490713567E-03   1.0270306840812931E-02   2.6084885669402382E-03   3.9359531158516519E-03   6.8296899571719727E-03   7.7046875365321828E-08   3.9448675664627286E-01   3.9279015221279377E-02   3.1655885554497318E-02   7.6231296667820343E-03   5.2289314237597570E-02   1.3075173973123750E+01 
      1      90   1045      ANK   5.35E+02  1.00  0.039   2.6673470482138631E-03   9.2476328614570086E-03   2.4895767410441573E-03   3.7975490543045347E-03   7.8120690795478358E-03   7.2695607192321685E-08   3.9488654668712558E-01   3.9377290558752928E-02   3.1758197831144863E-02   7.6190927276080988E-03   5.2115968456649592E-02   1.2839927568515826E+01 
      1      91   1054      ANK   5.35E+02  1.00  0.042   2.5900942055544700E-03   8.6936301781029741E-03   2.3981033187299087E-03   3.6651410120018225E-03   7.7970575387783982E-03   6.8567393800431660E-08   3.9446081945156286E-01   3.9263951406968957E-02   3.1647220704897776E-02   7.6167307020711819E-03   5.2167951605510104E-02   1.2388590219233489E+01 
      1      92   1063      ANK   5.35E+02  1.00  0.039   2.6668566027235525E-03   8.2955189756444662E-03   2.3365977231591126E-03   3.5439417226622626E-03   7.9689887626050240E-03   6.4676874911186915E-08   3.9456775674934819E-01   3.9258132832813306E-02   3.1645978629060149E-02   7.6121542037531666E-03   5.2198099309037883E-02   1.2201962452392694E+01 
      1      93   1072      ANK   5.35E+02  1.00  0.039   2.6856618350136682E-03   7.9865883835104103E-03   2.2767093476514341E-03   3.4014218049179582E-03   7.9934275476028199E-03   6.1013609698463836E-08   3.9444633865998113E-01   3.9317626386901498E-02   3.1709904909178237E-02   7.6077214777232702E-03   5.2169821920534154E-02   1.1973694043202546E+01 
      1      94   1081      ANK   5.35E+02  1.00  0.039   2.6015388318640009E-03   7.7347803057619775E-03   2.2171719494459329E-03   3.2517299130268768E-03   7.8151119068710865E-03   5.7599738095269067E-08   3.9446858962644371E-01   3.9279156471810503E-02   3.1676084661764775E-02   7.6030718100457148E-03   5.2165222707227753E-02   1.1633058315410315E+01 
      1      95   1090      ANK   5.35E+02  1.00  0.039   2.5985187136030605E-03   7.5271323526738881E-03   2.1625666631600797E-03   3.1200897231119821E-03   7.7407434159917935E-03   5.4423108424979093E-08   3.9435134735347660E-01   3.9260050065139433E-02   3.1661871528332046E-02   7.5981785368073708E-03   5.2157619044064525E-02   1.1409786149893709E+01 
      1      96   1099      ANK   5.35E+02  1.00  0.038   2.5881604392169245E-03   7.3708947499087586E-03   2.1170332892499924E-03   2.9895073844221263E-03   7.6605554242878491E-03   5.1470967530472380E-08   3.9441317973713436E-01   3.9272826467927006E-02   3.1680372279933942E-02   7.5924541879930701E-03   5.2127597043906307E-02   1.1216369553754575E+01 
      1      97   1123     *ANK   1.25E+03  0.00  0.039   2.5881604392169249E-03   7.3708947499087690E-03   2.1170332892499933E-03   2.9895073844221250E-03   7.6605554242878500E-03   5.1470967530472380E-08   3.9441317973713436E-01   3.9272826467927006E-02   3.1680372279933942E-02   7.5924541879930701E-03   5.2127597043906307E-02   1.1216369553754568E+01 
      1      98   1145     *ANK   6.27E+02  0.00  0.044   2.5881604392169215E-03   7.3708947499087586E-03   2.1170332892499963E-03   2.9895073844221341E-03   7.6605554242878673E-03   5.1470967530472380E-08   3.9441317973713436E-01   3.9272826467927006E-02   3.1680372279933942E-02   7.5924541879930701E-03   5.2127597043906307E-02   1.1216369553754575E+01 
      1      99   1153     *ANK   3.54E+02  1.00  0.035   2.0390643963388369E-03   6.5223570645501355E-03   1.8980811899447201E-03   2.6792911459522289E-03   4.7766963937781008E-03   4.8145602608810204E-08   3.9437758252507915E-01   3.9304343494194122E-02   3.1699261131786206E-02   7.6050823624079188E-03   5.2121571524676405E-02   8.7147631334188169E+00 
#--------------------------------------------------------------------------------------------------------------------------------------------------------------------------------------------------------------------------------------------------------------------------------------------------------------------------------------------------------------------
#  Grid  | Iter | Iter |  Iter  |   CFL   | Step | Lin  |        Res rho         |        Res rhou        |        Res rhov        |        Res rhow        |        Res rhoE        |       Res nuturb       |         C_lift         |        C_drag          |        C_drag_p        |        C_drag_v        |          C_My          |        totalRes        |
#  level |      | Tot  |  Type  |         |      | Res  |                        |                        |                        |                        |                        |                        |                        |                        |                        |                        |                        |                        |
#--------------------------------------------------------------------------------------------------------------------------------------------------------------------------------------------------------------------------------------------------------------------------------------------------------------------------------------------------------------------
      1     100   1161      ANK   3.54E+02  1.00  0.042   1.9723608795249844E-03   6.1357851688867773E-03   1.8057767512155737E-03   2.4991879265215695E-03   4.4718644121467420E-03   4.5166115725713314E-08   3.9442811961824215E-01   3.9303212593063609E-02   3.1696182667969100E-02   7.6070299250944988E-03   5.2098536293256177E-02   8.1971196551870662E+00 
      1     101   1169      ANK   3.54E+02  1.00  0.043   2.0227518954444761E-03   5.8209658015217318E-03   1.7323581741156685E-03   2.3704635404469829E-03   4.8232449840997851E-03   4.2429450037853082E-08   3.9437655375142389E-01   3.9299400778985465E-02   3.1693469155346217E-02   7.6059316236392312E-03   5.2094055328484115E-02   8.1273677558470343E+00 
      1     102   1177      ANK   3.54E+02  1.00  0.042   2.0725323367664760E-03   5.6113475057321376E-03   1.6770731507881724E-03   2.2766243174311366E-03   5.1223437660689979E-03   3.9899091640886328E-08   3.9433231828445203E-01   3.9296919291406905E-02   3.1693240795750609E-02   7.6036784956563241E-03   5.2091207047481637E-02   8.1352984373840638E+00 
      1     103   1185      ANK   3.54E+02  1.00  0.041   2.0977785713227740E-03   5.4645705887061361E-03   1.6316065753209181E-03   2.1931422105099080E-03   5.2857671765918985E-03   3.7549500627757175E-08   3.9432539585389109E-01   3.9296088919238831E-02   3.1695203092988816E-02   7.6008858262500111E-03   5.2077009551628417E-02   8.1143318826033486E+00 
      1     104   1193      ANK   3.54E+02  1.00  0.040   2.1023542963066180E-03   5.3532901575269526E-03   1.5919411050240842E-03   2.1116492196175994E-03   5.3534091941591462E-03   3.5371805574917851E-08   3.9430806382372641E-01   3.9290610249009386E-02   3.1692854040246556E-02   7.5977562087628289E-03   5.2067132034833465E-02   8.0583793215772399E+00 
      1     105   1201      ANK   3.54E+02  1.00  0.040   2.1019420929551343E-03   5.2633057939755522E-03   1.5555985771131074E-03   2.0309570909822897E-03   5.3578840184075648E-03   3.3361356066979135E-08   3.9427528040014465E-01   3.9286797735233019E-02   3.1692438015901582E-02   7.5943597193314288E-03   5.2058759225891107E-02   7.9777129160622646E+00 
      1     106   1209      ANK   3.54E+02  1.00  0.039   2.0936547646896028E-03   5.1867099144402946E-03   1.5213734601843252E-03   1.9529249452779796E-03   5.3249813621024543E-03   3.1513941504442787E-08   3.9425936328563371E-01   3.9284145709547066E-02   3.1693385111422272E-02   7.5907605981248060E-03   5.2048252191535575E-02   7.8816827866939070E+00 
      1     107   1217      ANK   3.54E+02  1.00  0.039   2.0788459292418403E-03   5.1193631980859331E-03   1.4888435698955276E-03   1.8781891724251290E-03   5.2700710839056562E-03   2.9821830188511874E-08   3.9424104665773335E-01   3.9279716156070739E-02   3.1692724345718327E-02   7.5869918103524028E-03   5.2039336063049640E-02   7.7773525965141053E+00 
      1     108   1225      ANK   3.54E+02  1.00  0.038   2.0623750242764823E-03   5.0582176378915020E-03   1.4576379113192511E-03   1.8070683410074746E-03   5.2016986011684122E-03   2.8275127188595232E-08   3.9421924175160117E-01   3.9274352721043904E-02   3.1691258679127005E-02   7.5830940419169129E-03   5.2030532783955620E-02   7.6693126902229256E+00 
      1     109   1248     *ANK   7.34E+02  0.00  0.035   2.0623750242764788E-03   5.0582176378915081E-03   1.4576379113192515E-03   1.8070683410074738E-03   5.2016986011684018E-03   2.8275127188595232E-08   3.9421924175160117E-01   3.9274352721043904E-02   3.1691258679127005E-02   7.5830940419169129E-03   5.2030532783955620E-02   7.6693126902229176E+00 
      1     110   1269     *ANK   4.29E+02  0.01  0.046   2.0641228795756019E-03   5.0615166390493727E-03   1.4596998927178682E-03   1.8087407048428534E-03   5.2113231014287564E-03   2.5861588004556863E-08   3.9421907361826619E-01   3.9274197299264832E-02   3.1691206917494892E-02   7.5829903817699546E-03   5.2030434641931675E-02   7.6779044201891882E+00 
      1     111   1290      ANK   4.29E+02  0.01  0.046   2.0657696967256146E-03   5.0640829744943751E-03   1.4620449158716049E-03   1.8109053180339215E-03   5.2203661107335696E-03   2.4123004920798990E-08   3.9421890291958983E-01   3.9274048005115823E-02   3.1691158815375015E-02   7.5828891897408183E-03   5.2030339624262609E-02   7.6860756977861238E+00 
      1     112   1306      ANK   4.29E+02  0.06  0.046   2.0749768833496470E-03   5.0895810217320182E-03   1.4681068685893270E-03   1.8138832758751676E-03   5.2706832835760021E-03   2.2446186978851514E-08   3.9421787462982222E-01   3.9273203526516025E-02   3.1690894197200024E-02   7.5823093293159952E-03   5.2029793177800661E-02   7.7377837096173412E+00 
      1     113   1319      ANK   4.29E+02  0.17  0.045   2.0989841740455904E-03   5.1647003620119390E-03   1.4825446186509767E-03   1.8176366963043096E-03   5.4003159791916611E-03   2.0614332329674929E-08   3.9421481924299806E-01   3.9270915840658949E-02   3.1690195739607241E-02   7.5807201010516878E-03   5.2028261542851194E-02   7.8768310541447315E+00 
      1     114   1329      ANK   4.29E+02  0.49  0.045   2.1536705493965234E-03   5.3628480979031673E-03   1.5203101655831693E-03   1.8204008317067551E-03   5.6890895127802276E-03   1.8611922647896189E-08   3.9420556291996656E-01   3.9264946811261248E-02   3.1688414535242418E-02   7.5765322760188158E-03   5.2023996393721100E-02   8.2073307252166714E+00 
      1     115   1337      ANK   4.29E+02  1.00  0.042   2.1940877795061206E-03   5.5779072946642409E-03   1.5618959397048066E-03   1.8012261178922059E-03   5.9078191064696013E-03   1.7442468255741387E-08   3.9418491907466541E-01   3.9254904961987989E-02   3.1685418190981883E-02   7.5694867710061238E-03   5.2015744823016997E-02   8.4963946736297480E+00 
      1     116   1345      ANK   4.29E+02  1.00  0.040   2.1547319061388150E-03   5.5188789936004333E-03   1.5371392704649745E-03   1.7459858073618855E-03   5.7371383311752028E-03   1.7089507323266016E-08   3.9416192105107445E-01   3.9246781099569111E-02   3.1682856272752698E-02   7.5639248268164214E-03   5.2007909069008387E-02   8.3232662141019151E+00 
      1     117   1353      ANK   4.29E+02  1.00  0.040   2.1106926557646791E-03   5.4254274000431722E-03   1.4999843983452303E-03   1.6814826934336037E-03   5.5402283263131201E-03   1.6963741521634238E-08   3.9413762829072108E-01   3.9239274224030347E-02   3.1680668338607013E-02   7.5586058854233357E-03   5.2000915235532366E-02   8.1071214109151253E+00 
      1     118   1361      ANK   4.29E+02  1.00  0.040   2.0738368095653422E-03   5.3404220481231513E-03   1.4628838765018031E-03   1.6184749459518700E-03   5.3764742825591141E-03   1.6888865790688769E-08   3.9411233451907657E-01   3.9231912634543224E-02   3.1678637593689454E-02   7.5532750408537587E-03   5.1994725203059040E-02   7.9202863746733545E+00 
      1     119   1369      ANK   4.29E+02  1.00  0.040   2.0413971554049185E-03   5.2661540357755452E-03   1.4277205336428703E-03   1.5593483851287905E-03   5.2349863043478408E-03   1.6815246257799399E-08   3.9408719012317783E-01   3.9224278859185606E-02   3.1676380313338220E-02   7.5478985458473551E-03   5.1988845253634591E-02   7.7571164664151455E+00 
      1     120   1377     *ANK   4.29E+02  1.00  0.040   2.0117725870931556E-03   5.1989538128416109E-03   1.3944407396017501E-03   1.5042405547815599E-03   5.1058486127379876E-03   1.6725148898540137E-08   3.9406262085475563E-01   3.9216712733661716E-02   3.1674223043633584E-02   7.5424896900281608E-03   5.1983191746403160E-02   7.6084736763052190E+00 
      1     121   1385      ANK   4.29E+02  1.00  0.040   1.9838474585505937E-03   5.1352339022109981E-03   1.3627979871543524E-03   1.4528758246994677E-03   4.9845924661338498E-03   1.6610048631614602E-08   3.9403826156884647E-01   3.9209358175314055E-02   3.1672288374845189E-02   7.5370698004688678E-03   5.1977760381797355E-02   7.4687887803245268E+00 
      1     122   1393      ANK   4.29E+02  1.00  0.040   1.9569481716619624E-03   5.0724791134020841E-03   1.3325545337597264E-03   1.4049267076218363E-03   4.8690590014424445E-03   1.6466532289607937E-08   3.9401372620292824E-01   3.9202023609882293E-02   3.1670361871452349E-02   7.5316617384299451E-03   5.1972509227523993E-02   7.3347448799601098E+00 
      1     123   1401      ANK   4.29E+02  1.00  0.040   1.9310447341089642E-03   5.0091688690499982E-03   1.3035442003427222E-03   1.3600160555971724E-03   4.7574675926976458E-03   1.6295076334195330E-08   3.9399062590861061E-01   3.9194844850200548E-02   3.1668559335284098E-02   7.5262855149164460E-03   5.1967080150908763E-02   7.2040726523154524E+00 
      1     124   1409      ANK   4.29E+02  1.00  0.039   1.9058119693945096E-03   4.9446796312410564E-03   1.2756473238957284E-03   1.3178234830977429E-03   4.6484287404906137E-03   1.6098210708729203E-08   3.9396778075524508E-01   3.9187922306903863E-02   3.1666969656982277E-02   7.5209526499215931E-03   5.1961687274115487E-02   7.0752874311463234E+00 
      1     125   1417      ANK   4.29E+02  1.00  0.039   1.8809519579147912E-03   4.8788030539528892E-03   1.2487548147777445E-03   1.2780959242228974E-03   4.5415141681495984E-03   1.5879410037354478E-08   3.9394454194041173E-01   3.9181188097757516E-02   3.1665517381773964E-02   7.5156707159835566E-03   5.1956309931401046E-02   6.9478060185195591E+00 
      1     126   1425      ANK   4.29E+02  1.00  0.039   1.8566230639214436E-03   4.8113871095151334E-03   1.2227820924538811E-03   1.2406102144989579E-03   4.4368150358129023E-03   1.5642224003920602E-08   3.9392233370362606E-01   3.9174675971246457E-02   3.1664227731658376E-02   7.5104482395880771E-03   5.1950722233020538E-02   6.8215333793166204E+00 
      1     127   1433      ANK   4.29E+02  1.00  0.039   1.8328294763521374E-03   4.7424897573727070E-03   1.1976811498200794E-03   1.2051565616878906E-03   4.3342043525272820E-03   1.5390125548663439E-08   3.9390075110168943E-01   3.9168372127566395E-02   3.1663080160881978E-02   7.5052919666843956E-03   5.1945057942314736E-02   6.6963521805978505E+00 
      1     128   1441      ANK   4.29E+02  1.00  0.039   1.8094471837369805E-03   4.6723437338093542E-03   1.1734099575704824E-03   1.1715452966715803E-03   4.2334282365581333E-03   1.5126321282824224E-08   3.9387884882780083E-01   3.9162219690153884E-02   3.1662014828346421E-02   7.5002048618074534E-03   5.1939449346350780E-02   6.5721620500492861E+00 
      1     129   1449      ANK   4.29E+02  1.00  0.038   1.7865105816243399E-03   4.6011950230764667E-03   1.1499161920665573E-03   1.1396183892780503E-03   4.1344996173338080E-03   1.4853738234538464E-08   3.9385723893798474E-01   3.9156257588533507E-02   3.1661068845771440E-02   7.4951887427620826E-03   5.1933788230447218E-02   6.4490852872795621E+00 
      1     130   1471     *ANK   6.32E+02  0.00  0.037   1.7865105816243479E-03   4.6011950230764676E-03   1.1499161920665573E-03   1.1396183892780510E-03   4.1344996173338045E-03   1.4853738234538469E-08   3.9385723893798474E-01   3.9156257588533507E-02   3.1661068845771440E-02   7.4951887427620826E-03   5.1933788230447218E-02   6.4490852872795612E+00 
      1     131   1479     *ANK   4.67E+02  1.00  0.041   1.8343469512821569E-03   4.8824369189064262E-03   1.1977511356167331E-03   1.1498215533558697E-03   4.4321330433733574E-03   1.4711489035760042E-08   3.9383714697849453E-01   3.9145672900184898E-02   3.1658499195288015E-02   7.4871737048968854E-03   5.1927472675599030E-02   6.8411760138070985E+00 
      1     132   1487      ANK   4.67E+02  1.00  0.038   1.8075019279248515E-03   4.8323077836998646E-03   1.1831851383243394E-03   1.1294056115754569E-03   4.3169365470806234E-03   1.4510686992110195E-08   3.9381762478025856E-01   3.9138516684407418E-02   3.1657343580293720E-02   7.4811731041137062E-03   5.1921443487760705E-02   6.7247704439979330E+00 
      1     133   1495      ANK   4.67E+02  1.00  0.038   1.7686055571540602E-03   4.7235020386708088E-03   1.1557410737993319E-03   1.0990873799372222E-03   4.1380427654932822E-03   1.4277442175312553E-08   3.9379578328561815E-01   3.9132042271830217E-02   3.1656294688808220E-02   7.4757475830219975E-03   5.1915570876998912E-02   6.5237571334942315E+00 
      1     134   1503      ANK   4.67E+02  1.00  0.038   1.7346104633104123E-03   4.6119438598448423E-03   1.1277843915258093E-03   1.0678935098281605E-03   3.9810798696663322E-03   1.4027403440172725E-08   3.9377418251577578E-01   3.9126089911568220E-02   3.1655525576235348E-02   7.4705643353328750E-03   5.1909884820419812E-02   6.3354858785770141E+00 
      1     135   1511      ANK   4.67E+02  1.00  0.038   1.7051963543689816E-03   4.5062823816844240E-03   1.1014302720716825E-03   1.0381262997956520E-03   3.8480688625663448E-03   1.3768716657101442E-08   3.9375330204212333E-01   3.9120410827228926E-02   3.1654876784494260E-02   7.4655340427346693E-03   5.1904134943375424E-02   6.1674150529631939E+00 
      1     136   1519      ANK   4.67E+02  1.00  0.039   1.6788226728605398E-03   4.4065684460527811E-03   1.0766895168223844E-03   1.0100907267254718E-03   3.7314603761552890E-03   1.3505306449551711E-08   3.9373245183543942E-01   3.9114853552077264E-02   3.1654227252713163E-02   7.4606262993640897E-03   5.1898434657617981E-02   6.0146039851119344E+00 
      1     137   1527      ANK   4.67E+02  1.00  0.039   1.6546729722515482E-03   4.3115979772685858E-03   1.0532805939881366E-03   9.8359261532506817E-04   3.6260669433900985E-03   1.3239093110532223E-08   3.9371224657276804E-01   3.9109463500288086E-02   3.1653634959334098E-02   7.4558285409539963E-03   5.1892711566630750E-02   5.8728054869061479E+00 
      1     138   1535      ANK   4.67E+02  1.00  0.039   1.6320117605891616E-03   4.2202941753480185E-03   1.0309670797382887E-03   9.5840290208162946E-04   3.5284227980254116E-03   1.2971189199948867E-08   3.9369250240794867E-01   3.9104198462046359E-02   3.1653064236051763E-02   7.4511342259945936E-03   5.1887087432272272E-02   5.7389392895670515E+00 
      1     139   1543      ANK   4.67E+02  1.00  0.039   1.6104258100040939E-03   4.1319763161279440E-03   1.0095765486874493E-03   9.3432828092069491E-04   3.4362454267045212E-03   1.2702502141601164E-08   3.9367305092179877E-01   3.9099056923197519E-02   3.1652518604872851E-02   7.4465383183246608E-03   5.1881549865911189E-02   5.6110143563356605E+00 
      1     140   1551      ANK   4.67E+02  1.00  0.039   1.5896979053051092E-03   4.0461698466810877E-03   9.8898063048859924E-04   9.1121949826970621E-04   3.3482026734783159E-03   1.2433881500292232E-08   3.9365413774341634E-01   3.9094064701371355E-02   3.1652027385485615E-02   7.4420373158857510E-03   5.1876079125412124E-02   5.4878135360943157E+00 
      1     141   1573     *ANK   6.59E+02  0.00  0.035   1.5896979053051099E-03   4.0461698466810877E-03   9.8898063048859946E-04   9.1121949826970567E-04   3.3482026734783159E-03   1.2433881500292234E-08   3.9365413774341634E-01   3.9094064701371355E-02   3.1652027385485615E-02   7.4420373158857510E-03   5.1876079125412124E-02   5.4878135360943201E+00 
      1     142   1581     *ANK   5.07E+02  1.00  0.041   1.6190730387122072E-03   4.2622308348577746E-03   1.0330113126434813E-03   9.2221744426006192E-04   3.5664928444542666E-03   1.2273143715619770E-08   3.9363618209935614E-01   3.9085279721930204E-02   3.1650231146091910E-02   7.4350485758383099E-03   5.1870268005022799E-02   5.7813593372942549E+00 
      1     143   1589      ANK   5.07E+02  1.00  0.038   1.5950924169889687E-03   4.1925972072236958E-03   1.0187901053703746E-03   9.0701648513323953E-04   3.4642658019320900E-03   1.2072844495362735E-08   3.9361916844240424E-01   3.9079305359101035E-02   3.1649471563214057E-02   7.4298337958869851E-03   5.1864717792930941E-02   5.6625203458607469E+00 
      1     144   1597      ANK   5.07E+02  1.00  0.038   1.5635110985609748E-03   4.0783188051404379E-03   9.9363064449393902E-04   8.8393201852912011E-04   3.3173215671659499E-03   1.1851228184956761E-08   3.9360076293247115E-01   3.9073937885635388E-02   3.1648812108315487E-02   7.4251257773198910E-03   5.1859431809984653E-02   5.4819331116184227E+00 
      1     145   1605      ANK   5.07E+02  1.00  0.039   1.5358751339874649E-03   3.9654162997957805E-03   9.6845070531089068E-04   8.5995356378610352E-04   3.1896655212924488E-03   1.1619795100415658E-08   3.9358253025832241E-01   3.9068997681205246E-02   3.1648358388457171E-02   7.4206392927480833E-03   5.1854489053800835E-02   5.3145445736750574E+00 
      1     146   1613      ANK   5.07E+02  1.00  0.039   1.5118077266970855E-03   3.8600161679520433E-03   9.4491091470842302E-04   8.3687997389433248E-04   3.0818012728107240E-03   1.1384459377248219E-08   3.9356528348486453E-01   3.9064326876328409E-02   3.1648027801732238E-02   7.4162990745961751E-03   5.1849577529767793E-02   5.1652146598721389E+00 
      1     147   1621      ANK   5.07E+02  1.00  0.039   1.4900787161664852E-03   3.7615665940760137E-03   9.2291536307770490E-04   8.1499948338903177E-04   2.9874811604719167E-03   1.1148052048381198E-08   3.9354828359559857E-01   3.9059770783438953E-02   3.1647692212239655E-02   7.4120785711992735E-03   5.1844821949872229E-02   5.0296177119246082E+00 
      1     148   1629      ANK   5.07E+02  1.00  0.039   1.4700724463779025E-03   3.6687243900017661E-03   9.0216205504805083E-04   7.9419421928107400E-04   2.9024120017736637E-03   1.0911980371663873E-08   3.9353174457682322E-01   3.9055370757419459E-02   3.1647405288162227E-02   7.4079654692572527E-03   5.1840193052972265E-02   4.9041083843644966E+00 
      1     149   1637      ANK   5.07E+02  1.00  0.039   1.4512245150475683E-03   3.5803232700907066E-03   8.8240701940989512E-04   7.7430871417108514E-04   2.8237789559834138E-03   1.0676984849221503E-08   3.9351578234521950E-01   3.9051102764086104E-02   3.1647149744283912E-02   7.4039530198022124E-03   5.1835719103683897E-02   4.7860417487434876E+00 
#--------------------------------------------------------------------------------------------------------------------------------------------------------------------------------------------------------------------------------------------------------------------------------------------------------------------------------------------------------------------
#  Grid  | Iter | Iter |  Iter  |   CFL   | Step | Lin  |        Res rho         |        Res rhou        |        Res rhov        |        Res rhow        |        Res rhoE        |       Res nuturb       |         C_lift         |        C_drag          |        C_drag_p        |        C_drag_v        |          C_My          |        totalRes        |
#  level |      | Tot  |  Type  |         |      | Res  |                        |                        |                        |                        |                        |                        |                        |                        |                        |                        |                        |                        |
#--------------------------------------------------------------------------------------------------------------------------------------------------------------------------------------------------------------------------------------------------------------------------------------------------------------------------------------------------------------------
      1     150   1645      ANK   5.07E+02  1.00  0.039   1.4332377629173137E-03   3.4955720789217434E-03   8.6348106301507356E-04   7.5520632697131072E-04   2.7497339000975519E-03   1.0443653509323463E-08   3.9350038387780056E-01   3.9046963794917476E-02   3.1646927322058094E-02   7.4000364728593979E-03   5.1831349016300432E-02   4.6736818264019764E+00 
      1     151   1653      ANK   5.07E+02  1.00  0.039   1.4159274779450720E-03   3.4138999031184990E-03   8.4526052674858303E-04   7.3678053860799591E-04   2.6791206824953056E-03   1.0212511106463895E-08   3.9348547304602743E-01   3.9042947567755809E-02   3.1646735249602084E-02   7.3962123181537482E-03   5.1827084143150591E-02   4.5658849830402382E+00 
      1     152   1675     *ANK   7.46E+02  0.00  0.036   1.4159274779450722E-03   3.4138999031185029E-03   8.4526052674858249E-04   7.3678053860799764E-04   2.6791206824953095E-03   1.0212511106463894E-08   3.9348547304602743E-01   3.9042947567755809E-02   3.1646735249602084E-02   7.3962123181537482E-03   5.1827084143150591E-02   4.5658849830402399E+00 
      1     153   1684     *ANK   5.56E+02  0.70  0.042   1.4329935660969398E-03   3.5639107424826765E-03   8.7977060351609700E-04   7.4625463312707108E-04   2.8277536463048548E-03   9.5938321074237748E-09   3.9347593269733089E-01   3.9037587531926612E-02   3.1645752879381608E-02   7.3918346525450032E-03   5.1823836611335952E-02   4.7666050359876877E+00 
      1     154   1692      ANK   5.56E+02  1.00  0.040   1.4250183226471296E-03   3.5783083749849139E-03   8.8623108566624495E-04   7.4211374071317024E-04   2.8233608063471015E-03   9.5809037310592777E-09   3.9346299365141713E-01   3.9031954982409370E-02   3.1645089302821387E-02   7.3868656795879999E-03   5.1819437011341972E-02   4.7725799741708563E+00 
      1     155   1700      ANK   5.56E+02  1.00  0.039   1.3998459816350508E-03   3.4777955019198148E-03   8.6511633045425877E-04   7.2500617871776958E-04   2.7082052770630773E-03   9.4943733871619241E-09   3.9344939888805686E-01   3.9027493732486630E-02   3.1644741416349459E-02   7.3827523161371800E-03   5.1815215548275638E-02   4.6240815285331269E+00 
      1     156   1708      ANK   5.56E+02  1.00  0.039   1.3756885693907148E-03   3.3688758498072366E-03   8.4102580634675436E-04   7.0527205054137789E-04   2.5964249968555941E-03   9.3581934993425624E-09   3.9343569064981337E-01   3.9023463059091025E-02   3.1644541277499869E-02   7.3789217815911573E-03   5.1811198652453344E-02   4.4711012360728208E+00 
      1     157   1716      ANK   5.56E+02  1.00  0.039   1.3546575185861120E-03   3.2673330128542518E-03   8.1836583189724438E-04   6.8582217002304251E-04   2.5028115470722423E-03   9.1972343265514221E-09   3.9342270760130582E-01   3.9019698000665980E-02   3.1644453234270911E-02   7.3752447663950659E-03   5.1807228989239791E-02   4.3346987280698217E+00 
      1     158   1724      ANK   5.56E+02  1.00  0.040   1.3358088224642713E-03   3.1736435890300867E-03   7.9741470167062425E-04   6.6728653110889808E-04   2.4226353703785380E-03   9.0266149201597630E-09   3.9341012298788752E-01   3.9016059893800858E-02   3.1644375575007447E-02   7.3716843187934047E-03   5.1803287856316133E-02   4.2124055768848372E+00 
      1     159   1732      ANK   5.56E+02  1.00  0.040   1.3184743600313984E-03   3.0863475513409951E-03   7.7785636904121008E-04   6.4967101554299603E-04   2.3514245422435395E-03   8.8532196180322913E-09   3.9339788402031989E-01   3.9012544902537416E-02   3.1644319317489358E-02   7.3682255850480464E-03   5.1799394414039135E-02   4.1004557622095215E+00 
      1     160   1740      ANK   5.56E+02  1.00  0.040   1.3021769463939107E-03   3.0040548883452467E-03   7.5938984059318486E-04   6.3285032643490538E-04   2.2863118041963940E-03   8.6793669326705544E-09   3.9338615363936225E-01   3.9009136096017034E-02   3.1644274815404265E-02   7.3648612806127721E-03   5.1795565520879071E-02   3.9960703583659067E+00 
      1     161   1748      ANK   5.56E+02  1.00  0.040   1.2866279950041522E-03   2.9257443660713513E-03   7.4179807666222442E-04   6.1670300724214983E-04   2.2253943122955665E-03   8.5055480139129083E-09   3.9337482857589862E-01   3.9005827965475359E-02   3.1644240977413092E-02   7.3615869880622872E-03   5.1791797419178949E-02   3.8973387255573329E+00 
      1     162   1756      ANK   5.56E+02  1.00  0.040   1.2716438729110566E-03   2.8507301477872205E-03   7.2493270135002956E-04   6.0113149591761576E-04   2.1674725544655938E-03   8.3318252799043339E-09   3.9336385175567667E-01   3.9002619072041236E-02   3.1644219929091125E-02   7.3583991429501247E-03   5.1788080816626066E-02   3.8030221213853928E+00 
      1     163   1778     *ANK   8.16E+02  0.00  0.036   1.2716438729110555E-03   2.8507301477872192E-03   7.2493270135003021E-04   6.0113149591761511E-04   2.1674725544655942E-03   8.3318252799043339E-09   3.9336385175567667E-01   3.9002619072041236E-02   3.1644219929091125E-02   7.3583991429501247E-03   5.1788080816626066E-02   3.8030221213853936E+00 
      1     164   1786     *ANK   6.09E+02  1.00  0.043   1.2874192716745897E-03   3.0293070649140162E-03   7.6937193613353986E-04   6.1217716611392968E-04   2.3381206692962152E-03   8.2485117219622324E-09   3.9335409030437141E-01   3.8996424441830005E-02   3.1643215650438268E-02   7.3532087913917299E-03   5.1784072244455852E-02   4.0362864560680700E+00 
      1     165   1794      ANK   6.09E+02  1.00  0.039   1.2691272962433967E-03   2.9593874483605344E-03   7.5555698971614996E-04   6.0159700893201902E-04   2.2631984804943545E-03   8.1291492996864663E-09   3.9334495794740199E-01   3.8992547883394006E-02   3.1643012416641643E-02   7.3495354667523849E-03   5.1780316502018191E-02   3.9364084009103761E+00 
      1     166   1802      ANK   6.09E+02  1.00  0.039   1.2467012973799978E-03   2.8579403124604119E-03   7.3265068661573448E-04   5.8524373739159315E-04   2.1586685230310021E-03   7.9891741210341232E-09   3.9333441731142349E-01   3.8989079748892451E-02   3.1642808914137656E-02   7.3462708347547777E-03   5.1776652961665517E-02   3.7945936471757999E+00 
      1     167   1810      ANK   6.09E+02  1.00  0.040   1.2270447841658694E-03   2.7611683601618266E-03   7.1053144544625869E-04   5.6829515205551989E-04   2.0698911251504980E-03   7.8386634124166991E-09   3.9332402755782653E-01   3.8985910956496950E-02   3.1642727256163766E-02   7.3431837003331947E-03   5.1773204569000433E-02   3.6657111042717436E+00 
      1     168   1818      ANK   6.09E+02  1.00  0.040   1.2097261257937274E-03   2.6724147183552305E-03   6.9029558265591132E-04   5.5200094608618669E-04   1.9960217346790643E-03   7.6829535373720268E-09   3.9331416004601782E-01   3.8982946629008607E-02   3.1642730195118034E-02   7.3402164338905885E-03   5.1769766323413756E-02   3.5518149511354662E+00 
      1     169   1826      ANK   6.09E+02  1.00  0.041   1.1938976198088503E-03   2.5905644900321980E-03   6.7166289539914226E-04   5.3657368084314406E-04   1.9322810047942610E-03   7.5247660153102870E-09   3.9330435269000374E-01   3.8980062412133046E-02   3.1642714419357419E-02   7.3373479927756552E-03   5.1766373538611521E-02   3.4492168629376496E+00 
      1     170   1834      ANK   6.09E+02  1.00  0.041   1.1791933522075323E-03   2.5142385074668153E-03   6.5427920573208492E-04   5.2192809979417039E-04   1.8754551065056143E-03   7.3655178337661799E-09   3.9329485750748255E-01   3.8977295755345615E-02   3.1642727762138965E-02   7.3345679932066568E-03   5.1763029645768434E-02   3.3550078547504363E+00 
      1     171   1842      ANK   6.09E+02  1.00  0.041   1.1652239542122595E-03   2.4422589810002000E-03   6.3786667443708166E-04   5.0794688512683706E-04   1.8233053118188224E-03   7.2060410143903536E-09   3.9328561454891858E-01   3.8974595821991538E-02   3.1642724807250631E-02   7.3318710147408971E-03   5.1759814080644916E-02   3.2669570931991618E+00 
      1     172   1850      ANK   6.09E+02  1.00  0.041   1.1518305386470442E-03   2.3738513317563396E-03   6.2224247177565853E-04   4.9453369258309874E-04   1.7743462450633130E-03   7.0468964712728894E-09   3.9327663608897739E-01   3.8971999194545949E-02   3.1642746442057959E-02   7.3292527524879726E-03   5.1756660205403600E-02   3.1836217825166133E+00 
      1     173   1858      ANK   6.09E+02  1.00  0.041   1.1388523787239529E-03   2.3084742138034316E-03   6.0727879099496500E-04   4.8160764964125642E-04   1.7276879302673368E-03   6.8885767758970104E-09   3.9326789916112082E-01   3.8969499220439324E-02   3.1642789607720045E-02   7.3267096127192814E-03   5.1753566778198042E-02   3.1040535866540231E+00 
      1     174   1880     *ANK   9.29E+02  0.00  0.038   1.1388523787239538E-03   2.3084742138034329E-03   6.0727879099496500E-04   4.8160764964125637E-04   1.7276879302673353E-03   6.8885767758970137E-09   3.9326789916112082E-01   3.8969499220439324E-02   3.1642789607720045E-02   7.3267096127192814E-03   5.1753566778198042E-02   3.1040535866540253E+00 
      1     175   1888     *ANK   6.74E+02  1.00  0.044   1.1502500456479045E-03   2.4742257317446684E-03   6.5157226235085523E-04   4.9234361933962799E-04   1.8829946796150058E-03   6.8139204209256993E-09   3.9326043027802154E-01   3.8964316262893782E-02   3.1641942162188755E-02   7.3223741007050281E-03   5.1750191267098199E-02   3.3164137605922437E+00 
      1     176   1896      ANK   6.74E+02  1.00  0.041   1.1339557110779657E-03   2.4083595833626326E-03   6.3801204202806742E-04   4.8342272602735413E-04   1.8179303975622474E-03   6.7067238063497169E-09   3.9325341310164252E-01   3.8961256398580384E-02   3.1641825214503635E-02   7.3194311840767464E-03   5.1747081044661594E-02   3.2261839590374262E+00 
      1     177   1904      ANK   6.74E+02  1.00  0.041   1.1145697162871985E-03   2.3163978639980259E-03   6.1629659815848337E-04   4.6954170967663763E-04   1.7282759877042819E-03   6.5813487776825321E-09   3.9324487137659281E-01   3.8958528772100584E-02   3.1641682293221521E-02   7.3168464788790884E-03   5.1744071064786235E-02   3.1014855738719151E+00 
      1     178   1912      ANK   6.74E+02  1.00  0.042   1.0975593694116060E-03   2.2301654331234760E-03   5.9574396134457017E-04   4.5522366052667924E-04   1.6531951479372550E-03   6.4470966601964552E-09   3.9323650690919093E-01   3.8956082313912961E-02   3.1641668662754842E-02   7.3144136511581409E-03   5.1741240551785798E-02   2.9897133059328858E+00 
      1     179   1920      ANK   6.74E+02  1.00  0.042   1.0824764762743407E-03   2.1519037405906072E-03   5.7718725432848650E-04   4.4151261449191511E-04   1.5914623488643585E-03   6.3088295917522474E-09   3.9322848645523595E-01   3.8953831050404175E-02   3.1641748181460490E-02   7.3120828689436724E-03   5.1738446983205545E-02   2.8918410544832853E+00 
      1     180   1928      ANK   6.74E+02  1.00  0.043   1.0686279957317496E-03   2.0803220371538329E-03   5.6026665756889649E-04   4.2858545056653134E-04   1.5388070926523783E-03   6.1690144537087017E-09   3.9322057759970702E-01   3.8951661546558866E-02   3.1641825884975938E-02   7.3098356615829124E-03   5.1735645133717603E-02   2.8043832998791731E+00 
      1     181   1936      ANK   6.74E+02  1.00  0.043   1.0557132488219231E-03   2.0140929333537999E-03   5.4461661586549461E-04   4.1635814278376623E-04   1.4923696767948351E-03   6.0289098305065541E-09   3.9321300438370382E-01   3.8949591122523206E-02   3.1641928701872539E-02   7.3076624206506596E-03   5.1732881736206930E-02   2.7246993616745723E+00 
      1     182   1944      ANK   6.74E+02  1.00  0.043   1.0434069963042823E-03   1.9521007687348659E-03   5.2995324050467986E-04   4.0472512615710889E-04   1.4501013433178235E-03   5.8892362185877036E-09   3.9320553651199569E-01   3.8947558992229785E-02   3.1642001029339034E-02   7.3055579628907479E-03   5.1730279030177385E-02   2.6507391002207052E+00 
      1     183   1952      ANK   6.74E+02  1.00  0.044   1.0315966061147262E-03   1.8935868985572918E-03   5.1608569623921711E-04   3.9360063577088101E-04   1.4106204138578848E-03   5.7504674632721670E-09   3.9319836094787464E-01   3.8945630318159022E-02   3.1642112093932993E-02   7.3035182242260415E-03   5.1727720273735824E-02   2.5811539968869015E+00 
      1     184   1960      ANK   6.74E+02  1.00  0.044   1.0201194679648079E-03   1.8379634455908888E-03   5.0286688067217649E-04   3.8290525447869924E-04   1.3730530733170395E-03   5.6129805847953830E-09   3.9319153343987512E-01   3.8943792590750384E-02   3.1642252168881543E-02   7.3015404218688467E-03   5.1725172391974591E-02   2.5149726599149060E+00 
      1     185   1982     *ANK   1.04E+03  0.00  0.042   1.0201194679648094E-03   1.8379634455908892E-03   5.0286688067216955E-04   3.8290525447869843E-04   1.3730530733170399E-03   5.6129805847953847E-09   3.9319153343987512E-01   3.8943792590750384E-02   3.1642252168881543E-02   7.3015404218688467E-03   5.1725172391974591E-02   2.5149726599149047E+00 
      1     186   1990     *ANK   7.49E+02  1.00  0.047   1.0263071752968915E-03   1.9729520145793157E-03   5.4139406750148308E-04   3.9133523217079066E-04   1.4998396094396188E-03   5.5457359597289616E-09   3.9318609982437308E-01   3.8939771492237957E-02   3.1641658040217818E-02   7.2981134520201402E-03   5.1722313254046880E-02   2.6850956947530418E+00 
      1     187   1998      ANK   7.49E+02  1.00  0.044   1.0118220393449777E-03   1.9124012991933858E-03   5.2800471400192149E-04   3.8357793069818390E-04   1.4441202103908177E-03   5.4511090308773605E-09   3.9318080572853426E-01   3.8937537498289397E-02   3.1641683894116687E-02   7.2958536041727255E-03   5.1719722227440250E-02   2.6050041388936460E+00 
      1     188   2006      ANK   7.49E+02  1.00  0.044   9.9521490818070156E-04   1.8327116308013776E-03   5.0810658599570544E-04   3.7194602458262641E-04   1.3697389062706624E-03   5.3413773266011508E-09   3.9317407115121666E-01   3.8935510778020509E-02   3.1641628887756304E-02   7.2938818902642229E-03   5.1717235108141038E-02   2.4995823001302702E+00 
      1     189   2014      ANK   7.49E+02  1.00  0.045   9.8051801312176875E-04   1.7590741683374904E-03   4.8962508043763511E-04   3.6004791478989065E-04   1.3079135330896583E-03   5.2243508978679233E-09   3.9316742912240515E-01   3.8933710676161290E-02   3.1641679156969561E-02   7.2920315191917131E-03   5.1714915958750454E-02   2.4060831827243163E+00 
      1     190   2022      ANK   7.49E+02  1.00  0.046   9.6731425981355017E-04   1.6928092455817843E-03   4.7312523360797565E-04   3.4870436295052779E-04   1.2573178141743230E-03   5.1041638331819208E-09   3.9316087080465495E-01   3.8932066575668320E-02   3.1641804300104021E-02   7.2902622755643080E-03   5.1712657129464927E-02   2.3246871544210945E+00 
      1     191   2030      ANK   7.49E+02  1.00  0.047   9.5510194767617926E-04   1.6327391144696547E-03   4.5824211103505114E-04   3.3806208080809603E-04   1.2145583880067696E-03   4.9830094821835549E-09   3.9315457787221569E-01   3.8930487204413299E-02   3.1641929030046742E-02   7.2885581743665582E-03   5.1710311222987630E-02   2.2525241958081876E+00 
      1     192   2038      ANK   7.49E+02  1.00  0.048   9.4366773651789358E-04   1.5777095833123735E-03   4.4463502419494377E-04   3.2803798464603803E-04   1.1772733246470707E-03   4.8620189401736206E-09   3.9314865207726246E-01   3.8928994532629116E-02   3.1642084004257588E-02   7.2869105283715208E-03   5.1708002401310835E-02   2.1873889064764520E+00 
      1     193   2046      ANK   7.49E+02  1.00  0.048   9.3271558587316311E-04   1.5266988269454396E-03   4.3202324265427576E-04   3.1853923628828094E-04   1.1436420174388833E-03   4.7418791906042406E-09   3.9314261401708256E-01   3.8927500596483526E-02   3.1642185864635047E-02   7.2853147318484683E-03   5.1705931171103010E-02   2.1274393442779345E+00 
      1     194   2054      ANK   7.49E+02  1.00  0.048   9.2219170472061958E-04   1.4789717925852968E-03   4.2021125827352998E-04   3.0949040052515546E-04   1.1124118926986168E-03   4.6229926278430545E-09   3.9313693440884456E-01   3.8926077374660119E-02   3.1642309908757479E-02   7.2837674659026411E-03   5.1703922267043262E-02   2.0714467203839493E+00 
      1     195   2062      ANK   7.49E+02  1.00  0.048   9.1195665070378849E-04   1.4339180526333475E-03   4.0903068552498986E-04   3.0081928701194315E-04   1.0827291463639992E-03   4.5056719948866685E-09   3.9313156038062980E-01   3.8924733373755592E-02   3.1642466490381715E-02   7.2822668833738688E-03   5.1701894881458856E-02   2.0184476181736293E+00 
      1     196   2084     *ANK   1.18E+03  0.00  0.047   9.1195665070378806E-04   1.4339180526333469E-03   4.0903068552499019E-04   3.0081928701194337E-04   1.0827291463639996E-03   4.5056719948866693E-09   3.9313156038062980E-01   3.8924733373755592E-02   3.1642466490381715E-02   7.2822668833738688E-03   5.1701894881458856E-02   2.0184476181736302E+00 
      1     197   2096     *ANK   8.36E+02  0.34  0.037   9.1632117399292434E-04   1.5069715308584737E-03   4.2998004438725917E-04   3.0434239789570156E-04   1.1491777116318272E-03   3.9017246248808168E-09   3.9312843370912620E-01   3.8923650407781285E-02   3.1642583697604129E-02   7.2810667101771516E-03   5.1701404855648392E-02   2.1076651516322293E+00 
      1     198   2104      ANK   8.36E+02  1.00  0.049   9.0983559116123011E-04   1.5207765190956418E-03   4.3836325472079978E-04   3.0515305677854103E-04   1.1663494916061780E-03   3.9837996324624319E-09   3.9312399607366055E-01   3.8921453378882302E-02   3.1642466268876755E-02   7.2789871100055643E-03   5.1699707691118771E-02   2.1249457015090067E+00 
      1     199   2112      ANK   8.36E+02  1.00  0.048   8.9576481184627332E-04   1.4576675568774965E-03   4.2232946126389518E-04   2.9677019098252186E-04   1.1084717474026864E-03   4.0143013765017258E-09   3.9312175069299687E-01   3.8919789364896581E-02   3.1642354251462203E-02   7.2774351134343700E-03   5.1697133133746916E-02   2.0426062568449259E+00 
#--------------------------------------------------------------------------------------------------------------------------------------------------------------------------------------------------------------------------------------------------------------------------------------------------------------------------------------------------------------------
#  Grid  | Iter | Iter |  Iter  |   CFL   | Step | Lin  |        Res rho         |        Res rhou        |        Res rhov        |        Res rhow        |        Res rhoE        |       Res nuturb       |         C_lift         |        C_drag          |        C_drag_p        |        C_drag_v        |          C_My          |        totalRes        |
#  level |      | Tot  |  Type  |         |      | Res  |                        |                        |                        |                        |                        |                        |                        |                        |                        |                        |                        |                        |
#--------------------------------------------------------------------------------------------------------------------------------------------------------------------------------------------------------------------------------------------------------------------------------------------------------------------------------------------------------------------
      1     200   2120      ANK   8.36E+02  1.00  0.050   8.8213281563049586E-04   1.3941154500634100E-03   4.0509534946062310E-04   2.8700596638802972E-04   1.0529861032071025E-03   3.9903051602364148E-09   3.9311585715806197E-01   3.8918065367458989E-02   3.1642045410969225E-02   7.2760199564897779E-03   5.1694609461073009E-02   1.9612518794828777E+00 
      1     201   2129      ANK   8.36E+02  1.00  0.037   8.7983120400298960E-04   1.4390942887099396E-03   4.1788098907851189E-04   2.8241234506189627E-04   1.0945389052562854E-03   3.9469469873398396E-09   3.9310424804708050E-01   3.8916669798216411E-02   3.1642761261402912E-02   7.2739085368135024E-03   5.1694455187089428E-02   2.0135667578244654E+00 
      1     202   2137      ANK   8.36E+02  1.00  0.050   8.5944875932258253E-04   1.2876405061753406E-03   3.7549260832163536E-04   2.7008237923607694E-04   9.7499354207336651E-04   3.8765033579872976E-09   3.9309857907141632E-01   3.8916430965607200E-02   3.1643270666568343E-02   7.2731602990388595E-03   5.1694393795811241E-02   1.8330356765187055E+00 
      1     203   2146      ANK   8.36E+02  1.00  0.039   8.5519684533933186E-04   1.3207102721351392E-03   3.8482736599098808E-04   2.6460981027689838E-04   1.0064172089116915E-03   3.8095609795995627E-09   3.9309031938106165E-01   3.8914946449609064E-02   3.1643630154702847E-02   7.2713162949062287E-03   5.1693188299318460E-02   1.8700534704304024E+00 
      1     204   2155      ANK   8.36E+02  1.00  0.036   8.4531249854366672E-04   1.2893004734699795E-03   3.7707548512127935E-04   2.5948234701430765E-04   9.8838131002852237E-04   3.7411160155012596E-09   3.9307456186502787E-01   3.8913302241487181E-02   3.1643439134689130E-02   7.2698631067980597E-03   5.1692569720272807E-02   1.8335343125552075E+00 
      1     205   2163      ANK   8.36E+02  1.00  0.048   8.2944371551109722E-04   1.1678454968656481E-03   3.4326505553209833E-04   2.4837906891348393E-04   8.8821829475936196E-04   3.6597129645978114E-09   3.9307239481031286E-01   3.8912692077502503E-02   3.1643531972657304E-02   7.2691601048452126E-03   5.1692829261163600E-02   1.6881099595404092E+00 
      1     206   2172      ANK   8.36E+02  1.00  0.037   8.2600947082506638E-04   1.2011793391692711E-03   3.5399440944708366E-04   2.4414460087143449E-04   9.2340259884455763E-04   3.5852423669816022E-09   3.9307266257559498E-01   3.8912041590193590E-02   3.1644553535267496E-02   7.2674880549260835E-03   5.1689482871775508E-02   1.7274203020803236E+00 
      1     207   2194     *ANK   1.16E+03  0.00  0.044   8.2600947082506974E-04   1.2011793391692709E-03   3.5399440944708312E-04   2.4414460087143449E-04   9.2340259884455677E-04   3.5852423669816017E-09   3.9307266257559498E-01   3.8912041590193590E-02   3.1644553535267496E-02   7.2674880549260835E-03   5.1689482871775508E-02   1.7274203020803245E+00 
      1     208   2202     *ANK   9.03E+02  1.00  0.050   8.1700560244873238E-04   1.1768242164158821E-03   3.4915663560889000E-04   2.4286636928186271E-04   9.1470156357000704E-04   3.5337814008163323E-09   3.9306393936187461E-01   3.8909700879857290E-02   3.1643559045142357E-02   7.2661418347149242E-03   5.1689693355210599E-02   1.7019090795260063E+00 
      1     209   2211      ANK   9.03E+02  1.00  0.039   8.1339412486247154E-04   1.2035584667725945E-03   3.5890080537482542E-04   2.4007505129062558E-04   9.3748990117090104E-04   3.4750633781858915E-09   3.9307022010656489E-01   3.8909522765551617E-02   3.1645079180251445E-02   7.2644435853001631E-03   5.1683409171734397E-02   1.7308847419340947E+00 
      1     210   2219      ANK   9.03E+02  1.00  0.050   7.9593863766225779E-04   1.0772692284524536E-03   3.2252661214044912E-04   2.2960854036051365E-04   8.3620025655679225E-04   3.3977157492271069E-09   3.9306864125014407E-01   3.8909950107121782E-02   3.1646117489163447E-02   7.2638326179583291E-03   5.1682984116437611E-02   1.5812387361122746E+00 
      1     211   2228      ANK   9.03E+02  1.00  0.041   7.9174310766385605E-04   1.0955000202337046E-03   3.2792440057920923E-04   2.2378031471241238E-04   8.5665785474301924E-04   3.3240346779883666E-09   3.9307212500894106E-01   3.8909295636482891E-02   3.1646933975250931E-02   7.2623616612319496E-03   5.1675756928258862E-02   1.6015071543491999E+00 
      1     212   2237      ANK   9.03E+02  1.00  0.038   7.8319908060051752E-04   1.0661836289311221E-03   3.1926024615472185E-04   2.1733008023576452E-04   8.4037068267925829E-04   3.2497298531960961E-09   3.9306805126174316E-01   3.8907960855236123E-02   3.1646768450941769E-02   7.2611924042943754E-03   5.1671858179818911E-02   1.5678910668651727E+00 
      1     213   2246      ANK   9.03E+02  1.00  0.037   7.7244078112160988E-04   1.0258012861100953E-03   3.0740181875856546E-04   2.1118292393243544E-04   8.0871927672905260E-04   3.1744433897449265E-09   3.9305398490346138E-01   3.8905737463014956E-02   3.1645579063590848E-02   7.2601583994240894E-03   5.1673441105118713E-02   1.5179134633956128E+00 
      1     214   2255      ANK   9.03E+02  1.00  0.040   7.6122265163221681E-04   9.7445171691128087E-04   2.9269743501772916E-04   2.0454983793714759E-04   7.6561184066755968E-04   3.0964242094458182E-09   3.9304476214328254E-01   3.8904176338743067E-02   3.1644889962954170E-02   7.2592863757888915E-03   5.1676630773562236E-02   1.4546457069880301E+00 
      1     215   2264      ANK   9.03E+02  1.00  0.043   7.4998502310818821E-04   9.2790658763155056E-04   2.7985099864205203E-04   1.9813698522419326E-04   7.2739112243956302E-04   3.0164088270748518E-09   3.9303163142014652E-01   3.8901954544551635E-02   3.1643484322021284E-02   7.2584702225303626E-03   5.1679403180945285E-02   1.3975818735817092E+00 
      1     216   2287      *NK     ----    0.10  0.401   7.1654797251791819E-04   8.3704341230990843E-04   2.5343272775598698E-04   1.7781408751820285E-04   6.5585172218757422E-04   2.8511801312995653E-09   3.9301426637001458E-01   3.8900967383627957E-02   3.1642450481074037E-02   7.2585169025539192E-03   5.1677708133702184E-02   1.2813406218660550E+00 
      1     217   2290       NK     ----    1.00  0.752   6.7495518946708816E-04   6.1647770126268034E-04   1.9079850668403316E-04   1.5498335344499870E-04   2.8156287880317168E-04   2.5959210500393359E-09   3.9301089804320699E-01   3.8904462317017156E-02   3.1643613637479182E-02   7.2608486795379791E-03   5.1678758745445273E-02   9.5940350387711115E-01 
      1     218   2311       NK     ----    0.01  0.686   6.7425189449815410E-04   6.1309857471590428E-04   1.8981764927287809E-04   1.5421339952061426E-04   2.8028854426917152E-04   4.9174220780069790E-09   3.9301096726282903E-01   3.8904536188049489E-02   3.1643653596303521E-02   7.2608825917459688E-03   5.1678677629312719E-02   9.5709707269876632E-01 
      1     219   2323       NK     ----    0.05  0.785   6.7206169804866970E-04   5.9249880018515588E-04   1.8386571185126347E-04   1.4882906337937456E-04   2.7221534742338831E-04   1.6143085004416087E-08   3.9301139791856143E-01   3.8905060412779573E-02   3.1643934955757416E-02   7.2611254570221695E-03   5.1678800437990363E-02   9.5093923227220389E-01 
      1     220   2347       NK     ----    0.01  0.800   6.7171687414810594E-04   5.9032030606568763E-04   1.8331818271965483E-04   1.4831855520342846E-04   2.7117611258319383E-04   1.3929088409214301E-08   3.9301146607436804E-01   3.8905096314831591E-02   3.1643947511731968E-02   7.2611488030996183E-03   5.1678776666012408E-02   9.4566053847000009E-01 
      1     221   2371       NK     ----    0.01  0.745   6.7105545192657412E-04   5.9006872230727282E-04   1.8416046783881565E-04   1.4776197956714753E-04   2.6953322355564288E-04   9.7171675164757163E-08   3.9301145931842574E-01   3.8905147236187383E-02   3.1643989663072143E-02   7.2611575731152418E-03   5.1678844113761536E-02   1.3284077576858968E+00 
      1     222   2374       NK     ----    1.00  0.781   6.7197465721616190E-04   5.9155440042895106E-04   1.8319193311547972E-04   1.4830157275497749E-04   2.7344942725732749E-04   1.8936582034507032E-08   3.9301162557328945E-01   3.8904976455130760E-02   3.1643929336242639E-02   7.2610471188881342E-03   5.1678794877072873E-02   9.5530961403215731E-01 
      1     223   2397       NK     ----    0.10  0.741   6.6460833073110333E-04   5.4808213421018970E-04   1.7063021292825579E-04   1.3796894189855826E-04   2.5511166857888077E-04   1.6333234234836510E-08   3.9301324449096248E-01   3.8906147014460310E-02   3.1644606414044311E-02   7.2615406004159925E-03   5.1677856604161333E-02   9.1204444011212882E-01 
      1     224   2416       NK     ----    0.10  0.789   6.5978824906326179E-04   5.1129525139472539E-04   1.6008916314016544E-04   1.2852637096943419E-04   2.4088303486354822E-04   1.6675108609834195E-08   3.9301349607934349E-01   3.8906993785474187E-02   3.1645022881021341E-02   7.2619709044528550E-03   5.1677959142911074E-02   8.8192864949031036E-01 
      1     225   2442       NK     ----    0.01  0.787   6.5939189711046247E-04   5.0907642662004833E-04   1.5945454267547631E-04   1.2805111245917564E-04   2.3996238457654095E-04   1.7704767952745002E-08   3.9301376351943090E-01   3.8907104416600689E-02   3.1645099943377462E-02   7.2620044732232252E-03   5.1678001698897975E-02   8.8192097699774208E-01 
      1     226   2467       NK     ----    0.03  0.823   6.5828322085687973E-04   5.0143487492117862E-04   1.5730063267524531E-04   1.2611953541483950E-04   2.3753725387178355E-04   1.8330628707482652E-08   3.9301379468426756E-01   3.8907290128646792E-02   3.1645196054833270E-02   7.2620940738135327E-03   5.1678041404558943E-02   8.7695652278833824E-01 
      1     227   2491       NK     ----    0.05  0.821   6.5593448965896425E-04   4.8747403464712171E-04   1.5324423256902366E-04   1.2244319971072457E-04   2.2995911264218474E-04   2.2282553181251384E-08   3.9301401702532890E-01   3.8907614318738827E-02   3.1645364346361095E-02   7.2622499723777236E-03   5.1677721870628759E-02   8.7342255148200409E-01 
      1     228   2512       NK     ----    0.10  0.799   6.5043754314232747E-04   4.5699518978921117E-04   1.4466323188588786E-04   1.1447577444652853E-04   2.1854695950692987E-04   2.5670457118747909E-08   3.9301446695955761E-01   3.8908324319403276E-02   3.1645756878119484E-02   7.2625674412837952E-03   5.1677977410239155E-02   8.5746680133264264E-01 
      1     229   2535       NK     ----    0.10  0.891   6.4908619308117041E-04   4.4461207185327452E-04   1.4102274764367273E-04   1.1073892226841418E-04   2.1018275871213335E-04   2.6654197932011900E-08   3.9301461344433997E-01   3.8908584286117383E-02   3.1645849898081800E-02   7.2627343880355731E-03   5.1677962564166444E-02   8.5015388973611306E-01 
      1     230   2559       NK     ----    0.05  0.812   6.4664977631566291E-04   4.3096258481145307E-04   1.3719641515152499E-04   1.0741255192937790E-04   2.0674201115544673E-04   2.5624484556065113E-08   3.9301454611706960E-01   3.8908913077122569E-02   3.1646007615591512E-02   7.2629054615310504E-03   5.1677792908337961E-02   8.3689601288075977E-01 
      1     231   2583       NK     ----    0.05  0.869   6.4543297749971944E-04   4.2268082910826418E-04   1.3479769826033018E-04   1.0509952964731878E-04   2.0280942014492542E-04   2.5228611471536782E-08   3.9301460848041386E-01   3.8909099007016612E-02   3.1646087282889111E-02   7.2630117241275043E-03   5.1677746558245127E-02   8.2930591449556867E-01 
      1     232   2608       NK     ----    0.03  0.900   6.4497716166817931E-04   4.1984069748984555E-04   1.3399289973494875E-04   1.0428405415429603E-04   2.0142140524152604E-04   2.5373198658902061E-08   3.9301460248218195E-01   3.8909158983905616E-02   3.1646110511950189E-02   7.2630484719554463E-03   5.1677728129448326E-02   8.2748574425432941E-01 
      1     233   2631       NK     ----    0.16  0.925   6.4399616337409971E-04   4.1109387986355925E-04   1.3145370193689670E-04   1.0106298330046058E-04   1.9332363378299659E-04   2.2337730202782935E-08   3.9301468637447695E-01   3.8909325376446140E-02   3.1646135435321826E-02   7.2631899411242954E-03   5.1677583576501658E-02   8.1163596707737973E-01 
      1     234   2653       NK     ----    1.00  0.863   6.1030562492973904E-04   2.9005863089433221E-04   9.7174761309508763E-05   7.0740258926764405E-05   1.8987222911721259E-04   4.2798470319183787E-08   3.9301342505638071E-01   3.8914347191933429E-02   3.1648499507456240E-02   7.2658476844771865E-03   5.1674676104150587E-02   8.0684724955872433E-01 
      1     235   2678       NK     ----    0.03  0.850   6.1015932721275774E-04   2.8963179740448038E-04   9.7049124974681102E-05   7.0651995533945508E-05   1.8966351031071517E-04   4.0693062095960818E-08   3.9301339093174864E-01   3.8914331142401969E-02   3.1648494951209513E-02   7.2658361911924381E-03   5.1674677379635513E-02   7.9618654195161098E-01 
      1     236   2687      *NK     ----    0.10  0.797   6.0426300928910135E-04   2.7845992929494942E-04   9.3597997121139893E-05   6.7568645044744507E-05   1.8546677188659906E-04   3.7183175465920097E-08   3.9301327108256756E-01   3.8913842044108513E-02   3.1648356825689061E-02   7.2654852184194530E-03   5.1674828470743651E-02   7.6999256799563565E-01 
      1     237   2707       NK     ----    0.01  0.799   6.0371863330058498E-04   2.7770775361940226E-04   9.3344441232288031E-05   6.7351828450900653E-05   1.8508790207733071E-04   3.6884348208928518E-08   3.9301313115167846E-01   3.8913785421724384E-02   3.1648332587389222E-02   7.2654528343351803E-03   5.1674818050069460E-02   7.6784225811160467E-01 
      1     238   2729       NK     ----    0.01  0.791   6.0320086727354174E-04   2.7692615463953017E-04   9.3091228358208760E-05   6.7134354896341100E-05   1.8474056116675157E-04   3.6770246008452975E-08   3.9301301748649664E-01   3.8913742182363403E-02   3.1648320997844925E-02   7.2654211845184849E-03   5.1674811769563275E-02   7.6654921379469398E-01 
      1     239   2753       NK     ----    0.01  0.795   6.0262184320805266E-04   2.7618978624394276E-04   9.2837107781833621E-05   6.6948799041542618E-05   1.8440647978070775E-04   3.7658151450231685E-08   3.9301283872926823E-01   3.8913721227148056E-02   3.1648339626714247E-02   7.2653816004337847E-03   5.1674737165302333E-02   7.6980731605478248E-01 
      1     240   2774       NK     ----    0.01  0.784   6.0208130737689290E-04   2.7540492168038044E-04   9.2578451432891184E-05   6.6729181458778455E-05   1.8397866067585385E-04   3.7404892235567461E-08   3.9301271164432000E-01   3.8913672019073725E-02   3.1648323074981881E-02   7.2653489440918538E-03   5.1674740836320496E-02   7.6783229993729762E-01 
      1     241   2793       NK     ----    0.01  0.795   6.0159749932907141E-04   2.7468370605291260E-04   9.2345068926624524E-05   6.6529462199205029E-05   1.8362588488511785E-04   3.7261450531284101E-08   3.9301260475489502E-01   3.8913630611105088E-02   3.1648311263693260E-02   7.2653193474118199E-03   5.1674744494589649E-02   7.6644952148910395E-01 
      1     242   2809       NK     ----    0.05  0.795   5.9762733005698466E-04   2.6906509169325377E-04   9.0522326058246265E-05   6.4988278085925254E-05   1.8092331360628148E-04   3.7566444953135599E-08   3.9301171112289057E-01   3.8913291184733412E-02   3.1648215343896315E-02   7.2650758408371041E-03   5.1674755535127924E-02   7.6209646407238074E-01 
      1     243   2823       NK     ----    0.41  0.793   5.6301864483694597E-04   2.3976885734547089E-04   8.0948052875957395E-05   5.7476318909809967E-05   1.6729894478793172E-04   2.4235300587035395E-08   3.9300331974612501E-01   3.8910472093836877E-02   3.1647587947241963E-02   7.2628841465948845E-03   5.1673862835387330E-02   6.6652663112021648E-01 
      1     244   2841       NK     ----    0.01  0.777   5.6203573917789002E-04   2.3911352804159762E-04   8.0713005969432940E-05   5.7255303576613249E-05   1.6674283784775664E-04   2.4190777467155833E-08   3.9300298308022508E-01   3.8910382363676048E-02   3.1647572726579871E-02   7.2628096370961964E-03   5.1673822015712620E-02   6.6519214444533181E-01 
      1     245   2859       NK     ----    0.01  0.783   5.6108155698977522E-04   2.3847717148609284E-04   8.0485382187427457E-05   5.7039844219592522E-05   1.6620097424968090E-04   2.4095023030029094E-08   3.9300263436539135E-01   3.8910286734712612E-02   3.1647549364056490E-02   7.2627373706561334E-03   5.1673790887255870E-02   6.6371624238922022E-01 
      1     246   2875       NK     ----    0.01  0.790   5.5935065672966101E-04   2.3736004553158723E-04   8.0096069041512647E-05   5.6690679480547620E-05   1.6530556226158999E-04   2.3832653853824491E-08   3.9300191029700843E-01   3.8910180166653222E-02   3.1647574968885255E-02   7.2626051977679844E-03   5.1673630905489959E-02   6.6077728732255880E-01 
      1     247   2892       NK     ----    0.01  0.760   5.5833793819964103E-04   2.3670751362674816E-04   7.9871943068129958E-05   5.6491946731587391E-05   1.6479655894292164E-04   2.3731027414085491E-08   3.9300148607062535E-01   3.8910121641001848E-02   3.1647594054428303E-02   7.2625275865735531E-03   5.1673520039661205E-02   6.5924048426915682E-01 
      1     248   2909       NK     ----    0.01  0.759   5.5728766008310282E-04   2.3603659726751579E-04   7.9647169065646768E-05   5.6289741919841456E-05   1.6429074846767674E-04   2.3986216552347369E-08   3.9300104087804283E-01   3.8910065724353765E-02   3.1647619153101839E-02   7.2624465712519369E-03   5.1673390631918441E-02   6.5888537782158696E-01 
      1     249   2929       NK     ----    0.01  0.774   5.5524291898151107E-04   2.3459288197360493E-04   7.9154757735021451E-05   5.5874725960702692E-05   1.6344766489661828E-04   2.3460302845622608E-08   3.9300132947952099E-01   3.8909881054098192E-02   3.1647596284976272E-02   7.2622847691219119E-03   5.1673349435903126E-02   6.5468480361664716E-01 
#--------------------------------------------------------------------------------------------------------------------------------------------------------------------------------------------------------------------------------------------------------------------------------------------------------------------------------------------------------------------
#  Grid  | Iter | Iter |  Iter  |   CFL   | Step | Lin  |        Res rho         |        Res rhou        |        Res rhov        |        Res rhow        |        Res rhoE        |       Res nuturb       |         C_lift         |        C_drag          |        C_drag_p        |        C_drag_v        |          C_My          |        totalRes        |
#  level |      | Tot  |  Type  |         |      | Res  |                        |                        |                        |                        |                        |                        |                        |                        |                        |                        |                        |                        |
#--------------------------------------------------------------------------------------------------------------------------------------------------------------------------------------------------------------------------------------------------------------------------------------------------------------------------------------------------------------------
      1     250   2945       NK     ----    0.10  0.742   5.3613187620666768E-04   2.2138643905293527E-04   7.5021948617661662E-05   5.1931522669602614E-05   1.5839145801036181E-04   2.3689390572887392E-08   3.9299932796391451E-01   3.8907219944139065E-02   3.1646449329695445E-02   7.2607706144436224E-03   5.1673331769609337E-02   6.3383316099856146E-01 
      1     251   2971       NK     ----    0.01  0.804   5.3464581835755895E-04   2.2044183020419539E-04   7.4710806003784963E-05   5.1713284667915953E-05   1.5782816680041462E-04   2.3634258987349435E-08   3.9299795879803073E-01   3.8907086787338341E-02   3.1646436324279263E-02   7.2606504630590707E-03   5.1673547515389211E-02   6.3195794706293440E-01 
      1     252   2998       NK     ----    0.01  0.865   5.3421760377145538E-04   2.2018041852434747E-04   7.4630237648150774E-05   5.1650173818016934E-05   1.5775144490418850E-04   2.3787200572957326E-08   3.9299737838826737E-01   3.8907045289209213E-02   3.1646430529609602E-02   7.2606147595996300E-03   5.1673633985683295E-02   6.3203973554005444E-01 
      1     253   3025       NK     ----    0.01  0.802   5.3346925511860827E-04   2.1971602621404415E-04   7.4475706167440340E-05   5.1543875904103091E-05   1.5742573591126622E-04   2.4665416463764746E-08   3.9299677794248683E-01   3.8907021077460059E-02   3.1646466431719138E-02   7.2605546457409388E-03   5.1673715464449890E-02   6.3435968929239528E-01 
      1     254   3052       NK     ----    0.01  0.798   5.3272679551849371E-04   2.1925788124485440E-04   7.4323517330140369E-05   5.1439141181996913E-05   1.5709981923063261E-04   2.5474134973382251E-08   3.9299623649477244E-01   3.8907008573553101E-02   3.1646513615694739E-02   7.2604949578583579E-03   5.1673783261100475E-02   6.3653117907101953E-01 
      1     255   3077       NK     ----    0.03  0.780   5.2945659586780896E-04   2.1723989822504945E-04   7.3664742085536634E-05   5.0996615365484512E-05   1.5566752758507923E-04   2.6050024293308897E-08   3.9299441279816871E-01   3.8907007820709244E-02   3.1646774934177883E-02   7.2602328865313407E-03   5.1673988707274986E-02   6.3506417745560706E-01 
      1     256   3088      *NK     ----    1.00  0.799   4.1936922139032182E-04   1.6918506743472412E-04   7.3649361665115688E-05   6.9942413012158208E-05   2.3930002895959665E-04   3.6860500195051750E-08   3.9283934730412012E-01   3.8895696606712361E-02   3.1645092495151392E-02   7.2506041115609670E-03   5.1672596895615416E-02   6.2026933206147206E-01 
      1     257   3095       NK     ----    1.00  0.793   4.1716258127495384E-04   1.6164727258476965E-04   6.7292152085866923E-05   5.8751128163645163E-05   1.9856983026075268E-04   3.1664316517016199E-08   3.9288345054264234E-01   3.8896290279749751E-02   3.1645744319186569E-02   7.2505459605631791E-03   5.1675808701600635E-02   5.7274538887781268E-01 
      1     258   3105       NK     ----    1.00  0.798   4.1308589331463547E-04   1.5355258546338572E-04   6.0668325524525998E-05   4.3321028747667537E-05   1.3946492762355561E-04   7.7423982979551404E-09   3.9296953793486161E-01   3.8895890964692384E-02   3.1645515630073277E-02   7.2503753346191031E-03   5.1668449393623382E-02   4.6087579041415888E-01 
      1     259   3130       NK     ----    0.01  0.687   4.1211264223470776E-04   1.5239605377934446E-04   6.0181377832823980E-05   4.3081397796474305E-05   1.3887167285290552E-04   9.7264675180522861E-09   3.9296744801047573E-01   3.8895656860573030E-02   3.1645377229605608E-02   7.2502796309674390E-03   5.1668544016433539E-02   4.6298309491100653E-01 
      1     260   3147       NK     ----    0.05  0.794   4.0737568585313917E-04   1.4622100326836126E-04   5.7684710293792044E-05   4.1266746913917273E-05   1.3580874972601349E-04   1.1172290448028067E-08   3.9297905315181253E-01   3.8895604258942437E-02   3.1645798526985444E-02   7.2498057319569835E-03   5.1665472388050901E-02   4.5889824824162168E-01 
      1     261   3164       NK     ----    0.10  0.790   3.9770241932534777E-04   1.3495759317217173E-04   5.3210436144294739E-05   3.8067909941118528E-05   1.3024675516844580E-04   1.2081672021078334E-08   3.9301632409776532E-01   3.8895383915277748E-02   3.1646515654420636E-02   7.2488682608571192E-03   5.1657375921641616E-02   4.4737857185265062E-01 
      1     262   3190       NK     ----    0.01  0.793   3.9713911612294711E-04   1.3442230385528927E-04   5.3003760884175125E-05   3.7892748566629001E-05   1.2974089225811650E-04   1.3659462161772596E-08   3.9302044433384026E-01   3.8895146067567159E-02   3.1646327660901800E-02   7.2488184066653721E-03   5.1656769590546360E-02   4.5084629140478238E-01 
      1     263   3214       NK     ----    0.05  0.880   3.9567700182928562E-04   1.3296981494867726E-04   5.2320652610368172E-05   3.7043302723747827E-05   1.2713102456747067E-04   1.2190529148910652E-08   3.9301881208428852E-01   3.8894418791673095E-02   3.1645728310495426E-02   7.2486904811776632E-03   5.1656898713253574E-02   4.4436647739339336E-01 
      1     264   3236       NK     ----    1.00  0.899   3.6411615561031526E-04   1.0522080606091390E-04   4.3084606061382994E-05   3.3888331280342708E-05   1.1705953736950192E-04   6.2448373207825192E-09   3.9309226826073396E-01   3.8876111850965886E-02   3.1630251091140288E-02   7.2458607598255816E-03   5.1647532902587806E-02   3.9359080931217966E-01 
      1     265   3261       NK     ----    0.03  0.922   3.6318985855068371E-04   1.0461549100492814E-04   4.2769259904358204E-05   3.3688114390144018E-05   1.1606112032581333E-04   6.6378373324485119E-09   3.9308899034960415E-01   3.8877049376988174E-02   3.1631265417699755E-02   7.2457839592884104E-03   5.1647989742400049E-02   3.9290997087856283E-01 
      1     266   3284       NK     ----    0.10  0.882   3.5867792493309854E-04   1.0181659400285561E-04   4.1093696634776647E-05   3.1713191267429628E-05   1.0975699910704994E-04   5.6956362812471125E-09   3.9307750705939937E-01   3.8877474636674819E-02   3.1632040932468380E-02   7.2454337042064361E-03   5.1648951458203425E-02   3.8479703591509279E-01 
      1     267   3306       NK     ----    0.03  0.782   3.5591744678947469E-04   1.0017889775986366E-04   4.0355560359781399E-05   3.1249714106395908E-05   1.0818005316211623E-04   6.8776253157852540E-09   3.9307222059954949E-01   3.8878858502211192E-02   3.1633637697584281E-02   7.2452208046269216E-03   5.1647956657042672E-02   3.8326182951578597E-01 
      1     268   3325       NK     ----    0.13  0.792   3.4258383203212406E-04   9.2527814570536636E-05   3.7166014526683651E-05   2.9145045184515983E-05   1.0161253899054720E-04   5.4732495271241900E-09   3.9306660179549924E-01   3.8880735467378955E-02   3.1636519505688167E-02   7.2442159616908095E-03   5.1640326921494902E-02   3.6527678193663210E-01 
      1     269   3345       NK     ----    0.10  0.785   3.3166849057998497E-04   8.6335274764031073E-05   3.4671393758408855E-05   2.7482014163389258E-05   9.8049157215421219E-05   8.2396503612582043E-09   3.9306033435691173E-01   3.8881456026957979E-02   3.1638048125364714E-02   7.2434079015932743E-03   5.1636238419392133E-02   3.5789727105763564E-01 
      1     270   3369       NK     ----    0.01  0.786   3.3108394615936903E-04   8.5979765523372352E-05   3.4515184958553042E-05   2.7345821263661589E-05   9.7654538573742811E-05   7.9973254153468969E-09   3.9305845227568620E-01   3.8881545328559655E-02   3.1638179931914708E-02   7.2433653966449572E-03   5.1636425721212298E-02   3.5665974109462095E-01 
      1     271   3392       NK     ----    0.01  0.751   3.3036681144838696E-04   8.5561508257284963E-05   3.4340039245567855E-05   2.7199350176382809E-05   9.7278781356399747E-05   8.1676131933685045E-09   3.9305788715889334E-01   3.8881625734853674E-02   3.1638311590007469E-02   7.2433141448462060E-03   5.1636350729406484E-02   3.5617799350415275E-01 
      1     272   3415       NK     ----    0.20  0.857   3.1856288812294741E-04   7.8781352263959325E-05   3.1360688296066801E-05   2.4780057850524813E-05   8.9750207217773891E-05   6.7351820249156178E-09   3.9305609049795837E-01   3.8887678565377885E-02   3.1645210331980686E-02   7.2424682333972219E-03   5.1631768732094727E-02   3.3903299462799025E-01 
      1     273   3439       NK     ----    0.01  0.741   3.1784247955511820E-04   7.8339484947582277E-05   3.1181246106931314E-05   2.4667219536931043E-05   8.9326345432542845E-05   8.9369213174696498E-09   3.9305677149417645E-01   3.8887964740845854E-02   3.1645545742609235E-02   7.2424189982366145E-03   5.1631695620451772E-02   3.4294655688413728E-01 
      1     274   3461       NK     ----    0.03  0.722   3.1486853013669333E-04   7.6518577185648399E-05   3.0449837332242133E-05   2.4234336183559247E-05   8.7654698967866846E-05   9.1290426901335722E-09   3.9305980730615109E-01   3.8889207876052857E-02   3.1646991817634085E-02   7.2422160584187543E-03   5.1631344611521579E-02   3.3993772079398871E-01 
      1     275   3485       NK     ----    0.01  0.773   3.1429302391893567E-04   7.6169771468482571E-05   3.0303844991912329E-05   2.4146114519639396E-05   8.7314603536354653E-05   8.9333688655409376E-09   3.9306025446805998E-01   3.8889492877555956E-02   3.1647315663939225E-02   7.2421772136167066E-03   5.1631302366208061E-02   3.3876851170201489E-01 
      1     276   3508      *NK     ----    0.01  0.732   3.1357361519550108E-04   7.5737608658372262E-05   3.0124827971635472E-05   2.4046104115979171E-05   8.6918813750859431E-05   1.9415963860330033E-08   3.9306181552545960E-01   3.8890004908356396E-02   3.1647876322974701E-02   7.2421285853816976E-03   5.1631058381649664E-02   3.7712473607612090E-01 
      1     277   3531       NK     ----    0.01  0.774   3.1326828521673674E-04   7.5556521294780474E-05   3.0041444467161907E-05   2.3961377488255721E-05   8.6658716662037544E-05   2.1858664152272042E-08   3.9306213276874280E-01   3.8890243999839855E-02   3.1648136441563134E-02   7.2421075582767194E-03   5.1630999180912227E-02   3.8919673468968086E-01 
      1     278   3558       NK     ----    0.01  0.831   3.1325048367035572E-04   7.5541415413852000E-05   2.9999540095412640E-05   2.3944184954516163E-05   8.6565011472546554E-05   2.3137224608389308E-08   3.9306177195780589E-01   3.8890230089080657E-02   3.1648123650847626E-02   7.2421064382330314E-03   5.1631040387656708E-02   3.9606646305004695E-01 
      1     279   3581       NK     ----    0.21  0.800   3.1012851775686257E-04   8.8210252316605947E-05   4.3465722770268038E-05   2.7614426175022173E-05   8.3133956901221826E-05   1.0235622070326404E-08   3.9307448600301953E-01   3.8891835933798385E-02   3.1649934632634470E-02   7.2419013011639230E-03   5.1628291851557803E-02   3.4197292732232693E-01 
      1     280   3608       NK     ----    0.01  0.827   3.0954585029903647E-04   8.8254925463243907E-05   4.3446792229969869E-05   2.7882252479184032E-05   8.2901056667419697E-05   2.5430799042211142E-08   3.9307467451286027E-01   3.8891750333789707E-02   3.1649886996769898E-02   7.2418633370198056E-03   5.1628199365559631E-02   4.0951267336771607E-01 
      1     281   3630       NK     ----    1.00  0.837   3.1378214132834982E-04   8.0490122331015946E-05   3.4817447817093021E-05   2.2888127462806059E-05   8.9996069423083639E-05   1.1356015162909924E-08   3.9295510624287083E-01   3.8887981274366760E-02   3.1645917935013347E-02   7.2420633393534065E-03   5.1645506148765140E-02   3.4699473487764559E-01 
      1     282   3654       NK     ----    0.05  0.913   3.1185543858170637E-04   7.9315475624942286E-05   3.4113810691468231E-05   2.2693292041005441E-05   8.8803336331280057E-05   1.1397989229808926E-08   3.9297260855760807E-01   3.8887782799487736E-02   3.1645837519149789E-02   7.2419452803379625E-03   5.1642013810063926E-02   3.4485693532635275E-01 
      1     283   3681       NK     ----    0.01  0.916   3.1158115382020208E-04   7.9148675557400041E-05   3.4029249058516184E-05   2.2684322471856182E-05   8.8728884727530435E-05   1.1390214695636280E-08   3.9297450690211416E-01   3.8887758296085116E-02   3.1645830093294379E-02   7.2419282027907329E-03   5.1641625475395199E-02   3.4453608708607708E-01 
      1     284   3706       NK     ----    0.03  0.921   3.1054985029947159E-04   7.8530157499703365E-05   3.3721782911952043E-05   2.2672872178353864E-05   8.8501195658350211E-05   1.1338782719198578E-08   3.9298224455591396E-01   3.8887671744305248E-02   3.1645807438202223E-02   7.2418643061030411E-03   5.1640060003136576E-02   3.4327772163421399E-01 
      1     285   3731       NK     ----    0.03  0.891   3.0968233658114851E-04   7.7875142424076502E-05   3.3329168303181320E-05   2.2592821704727396E-05   8.8179494188110122E-05   1.1073653275917127E-08   3.9298919793348597E-01   3.8887712704163219E-02   3.1645901989739260E-02   7.2418107144239605E-03   5.1638692352041639E-02   3.4145756467780863E-01 
      1     286   3758       NK     ----    0.01  0.898   3.0948285251657982E-04   7.7724186751696345E-05   3.3239029105028451E-05   2.2575081703123945E-05   8.8108921130174202E-05   1.0856483688104860E-08   3.9299080475153836E-01   3.8887719874339872E-02   3.1645921437136341E-02   7.2417984372035440E-03   5.1638370567678893E-02   3.4056911669299400E-01 
      1     287   3785       NK     ----    0.01  0.896   3.0928363827105850E-04   7.7572106954554082E-05   3.3148270229217152E-05   2.2557802524228764E-05   8.8038388855579626E-05   1.0946617907485837E-08   3.9299236318214853E-01   3.8887725694680776E-02   3.1645939534258441E-02   7.2417861604223378E-03   5.1638055650559629E-02   3.4061121542879230E-01 
      1     288   3812       NK     ----    0.01  0.907   3.0909769257044119E-04   7.7436580105146193E-05   3.3068640071693688E-05   2.2543887071218212E-05   8.7999883707329477E-05   1.1259218856120878E-08   3.9299382342023981E-01   3.8887728952630256E-02   3.1645954281256980E-02   7.2417746713732559E-03   5.1637758097155741E-02   3.4136556462282602E-01 
      1     289   3839       NK     ----    0.01  0.887   3.0890423070673072E-04   7.7279382593002259E-05   3.2972875374772711E-05   2.2523772752563169E-05   8.7907770913919680E-05   1.1213463108163030E-08   3.9299517683448215E-01   3.8887732089314765E-02   3.1645969391114109E-02   7.2417626982006584E-03   5.1637478590952808E-02   3.4099219657104757E-01 
      1     290   3865       NK     ----    0.01  0.887   3.0851794646020005E-04   7.6966169326995413E-05   3.2782647090104657E-05   2.2485741197692356E-05   8.7726020896641236E-05   1.0962704031080367E-08   3.9299785654751057E-01   3.8887736027863530E-02   3.1645997209755534E-02   7.2417388181080069E-03   5.1636920660319420E-02   3.3976053259301175E-01 
      1     291   3891       NK     ----    0.01  0.891   3.0815832863407357E-04   7.6667593044655392E-05   3.2599792821426027E-05   2.2445814799391579E-05   8.7534567676380423E-05   1.0780904864585061E-08   3.9300027524164188E-01   3.8887734091901861E-02   3.1646017502770213E-02   7.2417165891316571E-03   5.1636408716168779E-02   3.3877336010560366E-01 
      1     292   3918       NK     ----    0.01  0.906   3.0803605461167659E-04   7.6553613171412242E-05   3.2524904308409712E-05   2.2424520493952569E-05   8.7420706888581009E-05   1.0704938753435238E-08   3.9300110156917484E-01   3.8887727631682245E-02   3.1646018511997137E-02   7.2417091196851097E-03   5.1636231611100321E-02   3.3838091012216670E-01 
      1     293   3944       NK     ----    0.01  0.898   3.0775705208519160E-04   7.6293929832899082E-05   3.2357385484887679E-05   2.2379961004326366E-05   8.7158776797526390E-05   1.0550895920071385E-08   3.9300291937245840E-01   3.8887714729407441E-02   3.1646022697917137E-02   7.2416920314903157E-03   5.1635837929123497E-02   3.3754720153753248E-01 
      1     294   3971       NK     ----    0.01  0.900   3.0761896443470642E-04   7.6165456078271286E-05   3.2274452391100644E-05   2.2357754649184508E-05   8.7031319249169446E-05   1.0481538834623316E-08   3.9300378558666049E-01   3.8887706004121260E-02   3.1646022444579890E-02   7.2416835595413790E-03   5.1635646726577999E-02   3.3715722406664489E-01 
      1     295   3994       NK     ----    0.10  0.937   3.0715366885249580E-04   7.5268265376745181E-05   3.1513330571547676E-05   2.1968569226795765E-05   8.5185937450668665E-05   9.4650961130712254E-09   3.9299683282100362E-01   3.8887461572209750E-02   3.1645810789815668E-02   7.2416507823940797E-03   5.1636821163841627E-02   3.3317141853802296E-01 
      1     296   4016      *NK     ----    0.01  0.783   3.0660958280492076E-04   7.4877066865624482E-05   3.1299772131660509E-05   2.1904395881951802E-05   8.4948654354868346E-05   9.4018472718531941E-09   3.9299837243096314E-01   3.8887482137617932E-02   3.1645865910204553E-02   7.2416162274134095E-03   5.1636440172616233E-02   3.3236566902297965E-01 
      1     297   4038       NK     ----    0.01  0.783   3.0606263261504218E-04   7.4486539200349766E-05   3.1088578948908309E-05   2.1840968456351556E-05   8.4715073479144757E-05   9.7560362847767018E-09   3.9299987436962391E-01   3.8887503296693438E-02   3.1645921759745885E-02   7.2415815369475589E-03   5.1636062871974205E-02   3.3269117308741925E-01 
      1     298   4058       NK     ----    0.03  0.776   3.0383159723454661E-04   7.2902647778383452E-05   3.0241375503349295E-05   2.1589628374880337E-05   8.3788017991895237E-05   9.4900097183714257E-09   3.9300550698608605E-01   3.8887592446240127E-02   3.1646152500737539E-02   7.2414399455025613E-03   5.1634605159440655E-02   3.2937894012510793E-01 
      1     299   4083       NK     ----    0.01  0.749   3.0311994014143266E-04   7.2481630895718900E-05   3.0072597925462163E-05   2.1512476198832699E-05   8.3475419314552152E-05   9.7026153686749704E-09   3.9300524277065896E-01   3.8887649371253136E-02   3.1646255001198623E-02   7.2413943700545330E-03   5.1634620705814864E-02   3.2916284059430079E-01 
#--------------------------------------------------------------------------------------------------------------------------------------------------------------------------------------------------------------------------------------------------------------------------------------------------------------------------------------------------------------------
#  Grid  | Iter | Iter |  Iter  |   CFL   | Step | Lin  |        Res rho         |        Res rhou        |        Res rhov        |        Res rhow        |        Res rhoE        |       Res nuturb       |         C_lift         |        C_drag          |        C_drag_p        |        C_drag_v        |          C_My          |        totalRes        |
#  level |      | Tot  |  Type  |         |      | Res  |                        |                        |                        |                        |                        |                        |                        |                        |                        |                        |                        |                        |
#--------------------------------------------------------------------------------------------------------------------------------------------------------------------------------------------------------------------------------------------------------------------------------------------------------------------------------------------------------------------
      1     300   4109       NK     ----    0.01  0.935   3.0291979718744720E-04   7.2386986970480124E-05   3.0055838125586710E-05   2.1469615931257366E-05   8.3150308388835087E-05   9.6020475682092000E-09   3.9300370025789005E-01   3.8887602301503989E-02   3.1646220694109897E-02   7.2413816073941010E-03   5.1634883016747422E-02   3.2860915550958186E-01 
      1     301   4129       NK     ----    0.03  0.790   3.0085603898655287E-04   7.0949691262178522E-05   2.9295427851326016E-05   2.1237436693080253E-05   8.2398941608886802E-05   9.5421816880340089E-09   3.9300918741008217E-01   3.8887728936537684E-02   3.1646476694139343E-02   7.2412522423983480E-03   5.1633437137638655E-02   3.2609387500495879E-01 
      1     302   4149       NK     ----    0.03  0.780   2.9865321512573045E-04   6.9471070985777626E-05   2.8542380223727373E-05   2.1011058185798694E-05   8.1646271306907018E-05   9.2375975222199494E-09   3.9301398118756220E-01   3.8887817271976273E-02   3.1646702343449906E-02   7.2411149285263590E-03   5.1632040153857452E-02   3.2278463840460736E-01 
      1     303   4171       NK     ----    0.01  0.767   2.9805923276774533E-04   6.9085049983378906E-05   2.8351344474418608E-05   2.0952315458903694E-05   8.1458690054765910E-05   9.5058812549501998E-09   3.9301493246233365E-01   3.8887824558832454E-02   3.1646746436513502E-02   7.2410781223189360E-03   5.1631715548676863E-02   3.2285914323434289E-01 
      1     304   4193       NK     ----    0.03  0.762   2.9569887661261719E-04   6.7583417925500583E-05   2.7629522599910686E-05   2.0734246064783978E-05   8.0785491512860746E-05   9.8728174604974239E-09   3.9301786254137105E-01   3.8887809761862673E-02   3.1646878440643879E-02   7.2409313212187998E-03   5.1630549282252754E-02   3.2131551748198089E-01 
      1     305   4215       NK     ----    0.03  0.761   2.9337441260579941E-04   6.6123488042486907E-05   2.6948223676604701E-05   2.0523631910400023E-05   8.0091105814819746E-05   9.8349818407055902E-09   3.9301976299568842E-01   3.8887671354459287E-02   3.1646883495110890E-02   7.2407878593484026E-03   5.1629531459044586E-02   3.1866793253360726E-01 
      1     306   4237       NK     ----    0.03  0.755   2.9099116308601712E-04   6.4666432627027092E-05   2.6312620313711836E-05   2.0327955857461511E-05   7.9358611174679640E-05   9.5304163051209101E-09   3.9302039025443275E-01   3.8887448878624123E-02   3.1646807021159920E-02   7.2406418574642245E-03   5.1628758136920486E-02   3.1519868790632993E-01 
      1     307   4261       NK     ----    0.01  0.788   2.9049378769755693E-04   6.4357695098298291E-05   2.6181144968456363E-05   2.0289978827725211E-05   7.9182536995838477E-05   9.4473356856337484E-09   3.9302019556267254E-01   3.8887367094336739E-02   3.1646755470626065E-02   7.2406116237106848E-03   5.1628656937400125E-02   3.1441516424615140E-01 
      1     308   4283       NK     ----    0.05  0.798   2.8672347667194661E-04   6.2032269285964423E-05   2.5140627741517469E-05   2.0050760360829414E-05   7.7819292512446565E-05   1.0028308877095726E-08   3.9301619621029382E-01   3.8886537782566878E-02   3.1646155022644423E-02   7.2403827599224471E-03   5.1628464813510820E-02   3.1198241675820526E-01 
      1     309   4310       NK     ----    0.01  0.822   2.8628863866419081E-04   6.1800566146267316E-05   2.5059117670186246E-05   2.0039064386403597E-05   7.7692624731311890E-05   9.6837567814536738E-09   3.9301689075524371E-01   3.8886439662822965E-02   3.1646081966039255E-02   7.2403576967837082E-03   5.1628174974547296E-02   3.1049566544529533E-01 
      1     310   4337       NK     ----    0.01  0.707   2.8557792450998524E-04   6.1407230680566219E-05   2.4908806038322035E-05   1.9993824828623083E-05   7.7451238768626846E-05   1.0328099361192352E-08   3.9301649258926274E-01   3.8886313689902002E-02   3.1645997944904802E-02   7.2403157449972017E-03   5.1628053768999274E-02   3.1168977954880078E-01 
      1     311   4364       NK     ----    0.01  0.665   2.8476778912674264E-04   6.0965482975143660E-05   2.4738153500774757E-05   1.9937145612840158E-05   7.7159711806519852E-05   1.0337877926317364E-08   3.9301597259471527E-01   3.8886158377701652E-02   3.1645890268640106E-02   7.2402681090615239E-03   5.1627945231126370E-02   3.1085397446994945E-01 
      1     312   4390       NK     ----    0.01  0.774   2.8426006799464224E-04   6.0682004817821041E-05   2.4632921820471573E-05   1.9919434335130301E-05   7.6991246369251113E-05   1.0632188414047903E-08   3.9301610046031876E-01   3.8885952683036240E-02   3.1645714045728975E-02   7.2402386373072785E-03   5.1627711629461268E-02   3.1125102511391478E-01 
      1     313   4414       NK     ----    0.03  0.755   2.8205351131589088E-04   5.9486344778420555E-05   2.4182880258965128E-05   1.9825324838947788E-05   7.6282876384481667E-05   1.0670616166063137E-08   3.9301658527327549E-01   3.8884746340287227E-02   3.1644635614703820E-02   7.2401107255834103E-03   5.1626747933173789E-02   3.0905298836167033E-01 
      1     314   4439       NK     ----    0.01  0.765   2.8099829749795126E-04   5.8913864562980760E-05   2.3941800502633442E-05   1.9742701074952369E-05   7.5970297636353883E-05   1.0987312763511068E-08   3.9301415705662018E-01   3.8884116181192370E-02   3.1644068001581205E-02   7.2400481796111704E-03   5.1626890580149611E-02   3.0899426274658381E-01 
      1     315   4464       NK     ----    0.03  0.713   2.7831776238622586E-04   5.7515067781936321E-05   2.3376494937146549E-05   1.9542150944554104E-05   7.5134646761701855E-05   1.0634651442226513E-08   3.9300868242695086E-01   3.8882482031581310E-02   3.1642591714369048E-02   7.2398903172122536E-03   5.1627224520850445E-02   3.0502297147973656E-01 
      1     316   4491      *NK     ----    0.01  0.835   2.7798128468079847E-04   5.7417109949297899E-05   2.3450981610917947E-05   1.9488204129314425E-05   7.4909662444156669E-05   1.0594522729379422E-08   3.9300808180333757E-01   3.8882655612230581E-02   3.1642784512980478E-02   7.2398710992500996E-03   5.1627382353600905E-02   3.0453404861202266E-01 
      1     317   4514       NK     ----    0.10  0.911   2.7669438489101556E-04   5.6546075146880950E-05   2.2892005988519092E-05   1.8938031968856779E-05   7.2722771864383104E-05   1.0138489298277699E-08   3.9299890658244552E-01   3.8881711411793925E-02   3.1641920315614219E-02   7.2397910961797159E-03   5.1629293321995499E-02   3.0122020888679679E-01 
      1     318   4541       NK     ----    0.01  0.942   2.7668117800470747E-04   5.6529686595828464E-05   2.2879444905549334E-05   1.8911891557696741E-05   7.2623778462074830E-05   1.1093283526522100E-08   3.9299843017822822E-01   3.8881708678736512E-02   3.1641918709634634E-02   7.2397899691019054E-03   5.1629412021161017E-02   3.0433827710938877E-01 
      1     319   4568       NK     ----    0.01  0.925   2.7662383943790394E-04   9.9836589271163844E-05   5.7303597890312458E-05   2.0924340978347904E-05   7.2631976788672519E-05   1.0702348170497699E-07   3.9299759572937237E-01   3.8881830554926521E-02   3.1642044138989994E-02   7.2397864159365324E-03   5.1629611422081979E-02   1.0817976015736657E+00 
      1     320   4571       NK     ----    1.00  0.403   2.7660465701192404E-04   5.7870297836694313E-05   2.3906541021308511E-05   1.9046123782355053E-05   7.3019618896811214E-05   3.3590270656177073E-08   3.9299754168077589E-01   3.8881837538140812E-02   3.1642051216926252E-02   7.2397863212145764E-03   5.1629627506334611E-02   4.3316981030546015E-01 
      1     321   4578       NK     ----    1.00  0.693   2.7630201232362576E-04   5.6105786140998842E-05   2.2552925645799431E-05   1.8668376109071870E-05   6.9002715328671813E-05   2.2533245482143614E-08   3.9298625756008471E-01   3.8883801146813758E-02   3.1644033825800812E-02   7.2397673210129430E-03   5.1632857374367423E-02   3.5798413912627786E-01 
      1     322   4603       NK     ----    0.03  0.799   2.7629336406158404E-04   5.6079423553560825E-05   2.2516981709480563E-05   1.8656529256880874E-05   6.8898169247475413E-05   2.2008971139457271E-08   3.9298555559878501E-01   3.8883924234330389E-02   3.1644157732929404E-02   7.2397665014009927E-03   5.1633029742191271E-02   3.5486256119134335E-01 
      1     323   4626       NK     ----    0.10  0.806   2.7619528650234970E-04   5.5893040501583060E-05   2.2412041192179413E-05   1.8611181486360718E-05   6.8514324253451876E-05   1.8576717870931850E-08   3.9298390644661874E-01   3.8884049040447254E-02   3.1644288483083025E-02   7.2397605573642368E-03   5.1633579500956456E-02   3.3565368109551891E-01 
      1     324   4648       NK     ----    1.00  0.852   2.7560424653877050E-04   5.5971751857077109E-05   2.3177934707217508E-05   1.8473050095905699E-05   6.6867937147215863E-05   6.8894422648000355E-09   3.9296939699331424E-01   3.8884888628595050E-02   3.1645172375723896E-02   7.2397162528711661E-03   5.1636568432086249E-02   2.9002137844040571E-01 
      1     325   4671       NK     ----    0.22  0.986   2.7553140113551150E-04   5.5828950397214122E-05   2.3039961065755936E-05   1.8363952017491865E-05   6.6529817802932185E-05   6.0990578650641203E-09   3.9296545866158311E-01   3.8885080136633172E-02   3.1645370528867366E-02   7.2397096077658043E-03   5.1637612573897727E-02   2.8816480588342741E-01 
      1     326   4698       NK     ----    0.01  0.971   2.7546374783397182E-04   5.5793415937713497E-05   2.3023115034423921E-05   1.8355677010423552E-05   6.6508001956672896E-05   6.2344471097016342E-09   3.9296546870154070E-01   3.8885057869972497E-02   3.1645352026472590E-02   7.2397058434999348E-03   5.1637599688785257E-02   2.8836398006408998E-01 
      1     327   4725       NK     ----    0.01  0.985   2.7544735357971797E-04   5.5785092807808898E-05   2.3013100736079788E-05   1.8349296720183146E-05   6.6504022792885918E-05   6.2255321367753387E-09   3.9296577406956407E-01   3.8884942667741028E-02   3.1645237728346785E-02   7.2397049393942417E-03   5.1637519021105430E-02   2.8832752278900881E-01 
      1     328   4752       NK     ----    0.01  0.982   2.7542852825769896E-04   5.5774071909982070E-05   2.3001171007857078E-05   1.8342425919690994E-05   6.6497358199292463E-05   6.4771346408225037E-09   3.9296606407730572E-01   3.8884830487573865E-02   3.1645126596362531E-02   7.2397038912113574E-03   5.1637440364532279E-02   2.8882805826711300E-01 
      1     329   4777       NK     ----    0.00  0.992   2.7542954803515940E-04   5.5772638344873672E-05   2.2999452205262454E-05   1.8339191620053861E-05   6.6489751800787348E-05   6.4782378283341544E-09   3.9296599029932605E-01   3.8884835704090868E-02   3.1645131820255926E-02   7.2397038838349697E-03   5.1637457839114269E-02   2.8882907344918124E-01 
      1     330   4802       NK     ----    0.00  0.992   2.7543061738556917E-04   5.5771159453310905E-05   2.2997680871040135E-05   1.8335859735202724E-05   6.6481888401741322E-05   6.4794410491392826E-09   3.9296591377309248E-01   3.8884841281225387E-02   3.1645137403940579E-02   7.2397038772848204E-03   5.1637475980038663E-02   2.8883027165894115E-01 
      1     331   4827       NK     ----    0.00  0.992   2.7543173383835296E-04   5.5769639839983270E-05   2.2995863611420440E-05   1.8332444853473818E-05   6.6473796467597426E-05   6.4807501828376468E-09   3.9296583472595015E-01   3.8884847234505714E-02   3.1645143362800415E-02   7.2397038717053113E-03   5.1637494735531628E-02   2.8883167164343765E-01 
      1     332   4852       NK     ----    0.00  0.992   2.7543289585908233E-04   5.5768082669034228E-05   2.2994005213036241E-05   1.8328958915624915E-05   6.6465498071106163E-05   6.4821734512955208E-09   3.9296575331143990E-01   3.8884853587432912E-02   3.1645149720198731E-02   7.2397038672342030E-03   5.1637514071426471E-02   2.8883329602103613E-01 
      1     333   4877       NK     ----    0.00  0.992   2.7543410294187428E-04   5.5766489759102307E-05   2.2992108562090306E-05   1.8325411072019111E-05   6.6457009435318769E-05   6.4837224389759336E-09   3.9296566961172186E-01   3.8884860371307707E-02   3.1645156507292403E-02   7.2397038640153221E-03   5.1637533970657207E-02   2.8883517365392342E-01 
      1     334   4902       NK     ----    0.00  0.992   2.7543535581678026E-04   5.5764861961789153E-05   2.2990174584821438E-05   1.8321808452993647E-05   6.6448341878681680E-05   6.4854136907168177E-09   3.9296558363987327E-01   3.8884867624030477E-02   3.1645163761824663E-02   7.2397038622058112E-03   5.1637554432686313E-02   2.8883734354635521E-01 
      1     335   4927       NK     ----    0.00  0.992   2.7543665616882034E-04   5.5763200193053982E-05   2.2988202702389705E-05   1.8318156257797605E-05   6.6439505009455551E-05   6.4872694547611229E-09   3.9296549537453518E-01   3.8884875383845684E-02   3.1645171521855510E-02   7.2397038619901894E-03   5.1637575465523028E-02   2.8883985710639831E-01 
      1     336   4954      *NK     ----    0.01  0.871   2.7499965505928964E-04   5.5545553830074789E-05   2.2921715989648886E-05   1.8279178022259673E-05   6.6302978529373242E-05   6.4979866690847686E-09   3.9296517668514880E-01   3.8884844231117821E-02   3.1645164815231545E-02   7.2396794158862826E-03   5.1637587360264685E-02   2.8839308069284481E-01 
      1     337   4981       NK     ----    0.01  0.801   2.7438439017151491E-04   5.5234717739546202E-05   2.2785998532834085E-05   1.8230160052075803E-05   6.6104603137330880E-05   1.4412180297270210E-08   3.9296499037831062E-01   3.8884929295359097E-02   3.1645284108915955E-02   7.2396451864431485E-03   5.1637536228042055E-02   3.1367842478794111E-01 
      1     338   5003       NK     ----    0.01  0.769   2.7350128789004822E-04   5.4778343406181248E-05   2.2610634929144300E-05   1.8158353583345015E-05   6.5867191355514060E-05   1.4305153605858964E-08   3.9296589844345919E-01   3.8884331619637627E-02   3.1644735135403883E-02   7.2395964842337330E-03   5.1637141562202851E-02   3.1234773374233082E-01 
      1     339   5026       NK     ----    0.48  0.916   2.7356884183648954E-04   5.4594018233028700E-05   2.2341426504938231E-05   1.7905174496639217E-05   6.6402036802022088E-05   1.2966358457892712E-08   3.9296028775132513E-01   3.8883732138158600E-02   3.1644142106841092E-02   7.2395900313175134E-03   5.1638381813628141E-02   3.0688805508958283E-01 
      1     340   5053       NK     ----    0.01  0.903   2.7352456001596820E-04   5.4634210582728473E-05   2.2388512271276281E-05   1.7916357291339333E-05   6.6360066671544203E-05   1.3091889364400320E-08   3.9295966018493100E-01   3.8883888498061112E-02   3.1644301276034750E-02   7.2395872220263570E-03   5.1638520449286719E-02   3.0735513677158560E-01 
      1     341   5078       NK     ----    0.03  0.899   2.7324346509544566E-04   5.4772652459227010E-05   2.2703158753330471E-05   1.7936197201252577E-05   6.6215249820965186E-05   9.1461050058490686E-09   3.9295696543586150E-01   3.8884447210409519E-02   3.1644877461998129E-02   7.2395697484113715E-03   5.1639106863074900E-02   2.9335485150165741E-01 
      1     342   5104       NK     ----    0.01  0.941   2.7310759438153599E-04   5.4687619670153413E-05   2.2686404244405693E-05   1.7929106529010796E-05   6.6146638424515293E-05   8.9518828589492666E-09   3.9295583199712647E-01   3.8884851985362512E-02   3.1645289904170711E-02   7.2395620811917987E-03   5.1639360435308389E-02   2.9263843808367695E-01 
      1     343   5130       NK     ----    0.01  0.908   2.7279681167853218E-04   5.4515427029457580E-05   2.2602843939116315E-05   1.7899890520880706E-05   6.5989219953652644E-05   8.8656598455721251E-09   3.9295530740717222E-01   3.8884992468387676E-02   3.1645447476686711E-02   7.2395449917009407E-03   5.1639435024034501E-02   2.9204529736779922E-01 
      1     344   5157       NK     ----    0.01  0.875   2.7253982312140613E-04   5.4379502418127246E-05   2.2541923301111100E-05   1.7875472532375717E-05   6.5868274094419769E-05   1.1024651331134321E-08   3.9295490320461596E-01   3.8885092498958045E-02   3.1645561620871843E-02   7.2395308780862115E-03   5.1639488783815760E-02   2.9862324019064279E-01 
      1     345   5180       NK     ----    0.10  0.943   2.7249549017331035E-04   5.4163290137281364E-05   2.2358557769476851E-05   1.7818764122445979E-05   6.5667659147991444E-05   1.0085831885963583E-08   3.9294967768305739E-01   3.8886264810028277E-02   3.1646739448214639E-02   7.2395253618136408E-03   5.1640688329314767E-02   2.9534255776751189E-01 
      1     346   5202       NK     ----    1.00  0.949   2.7058843543743529E-04   5.2780490711735365E-05   2.0721218080824639E-05   1.7980927443504066E-05   6.7419815337646844E-05   1.0133648837440253E-08   3.9295315750034826E-01   3.8877760967205133E-02   3.1638364352094418E-02   7.2393966151107223E-03   5.1637788271077366E-02   2.9387250884370508E-01 
      1     347   5225       NK     ----    0.10  0.947   2.7050422349214089E-04   5.2660156859262274E-05   2.0658089293781707E-05   1.7889311159518335E-05   6.7086430669618160E-05   8.9928244464549448E-09   3.9294774776703212E-01   3.8878474518340686E-02   3.1639085121213884E-02   7.2393893971267982E-03   5.1638934277013347E-02   2.9017306821199240E-01 
      1     348   5247       NK     ----    1.00  0.959   2.6991541483388509E-04   5.1737127386846259E-05   2.0136226896958214E-05   1.7488932863404812E-05   6.5909139135584248E-05   3.9468319582648073E-09   3.9290123156868534E-01   3.8885986975528308E-02   3.1646655150355689E-02   7.2393318251726237E-03   5.1647347852836596E-02   2.7833519533586787E-01 
      1     349   5270       NK     ----    0.10  0.981   2.6935495078824232E-04   5.1367622727210500E-05   1.9973373767593837E-05   1.7359089916969254E-05   6.5167461275569182E-05   3.8548774774838561E-09   3.9289465549438657E-01   3.8887048289194703E-02   3.1647744777198984E-02   7.2393035119957408E-03   5.1648504495416456E-02   2.7745221940864118E-01 
#--------------------------------------------------------------------------------------------------------------------------------------------------------------------------------------------------------------------------------------------------------------------------------------------------------------------------------------------------------------------
#  Grid  | Iter | Iter |  Iter  |   CFL   | Step | Lin  |        Res rho         |        Res rhou        |        Res rhov        |        Res rhow        |        Res rhoE        |       Res nuturb       |         C_lift         |        C_drag          |        C_drag_p        |        C_drag_v        |          C_My          |        totalRes        |
#  level |      | Tot  |  Type  |         |      | Res  |                        |                        |                        |                        |                        |                        |                        |                        |                        |                        |                        |                        |
#--------------------------------------------------------------------------------------------------------------------------------------------------------------------------------------------------------------------------------------------------------------------------------------------------------------------------------------------------------------------
      1     350   5293       NK     ----    0.23  0.993   2.6905863331949746E-04   5.1242217466562202E-05   1.9900690270776338E-05   1.7283083170472493E-05   6.4645429373117765E-05   3.5119709214667684E-09   3.9290074093147787E-01   3.8886576122658507E-02   3.1647285742970883E-02   7.2392903796876336E-03   5.1647265404957655E-02   2.7660398695770250E-01 
      1     351   5318       NK     ----    0.03  0.886   2.6778428298416916E-04   5.0575276924989446E-05   1.9659648109468758E-05   1.7106940419022208E-05   6.4147839112135212E-05   3.4708026585689022E-09   3.9289428301255219E-01   3.8887171003455734E-02   3.1647950617930104E-02   7.2392203855256359E-03   5.1648459266902494E-02   2.7513317444770852E-01 
      1     352   5345       NK     ----    0.01  0.941   2.6761354724992207E-04   5.0487728165558422E-05   1.9628545098770774E-05   1.7083980502365164E-05   6.4074875014608578E-05   3.6392990251682408E-09   3.9289348329718726E-01   3.8887244185562275E-02   3.1648033069595807E-02   7.2392111159664610E-03   5.1648606888720257E-02   2.7514719467159066E-01 
      1     353   5370       NK     ----    0.03  0.959   2.6719069357660662E-04   5.0264186300168325E-05   1.9545090841703832E-05   1.7020285178834015E-05   6.3856851798526536E-05   3.5890567488362861E-09   3.9289104324909468E-01   3.8887512166498363E-02   3.1648323963307544E-02   7.2391882031908198E-03   5.1649021059946336E-02   2.7460111615410782E-01 
      1     354   5395       NK     ----    0.03  0.976   2.6694691784098014E-04   5.0114972858591004E-05   1.9491462875967895E-05   1.7011323955485728E-05   6.3776021558610061E-05   3.5491580819986751E-09   3.9288882625051141E-01   3.8887849389697297E-02   3.1648674306547088E-02   7.2391750831502033E-03   5.1649371904670817E-02   2.7428086737534690E-01 
      1     355   5419       NK     ----    0.05  0.990   2.6676960926792911E-04   5.0024029314285422E-05   1.9452875158164131E-05   1.6995520004440663E-05   6.3644177224874982E-05   3.5371500238010873E-09   3.9288873567080951E-01   3.8887935180710508E-02   3.1648769070422259E-02   7.2391661102882534E-03   5.1649355841292655E-02   2.7405540313752763E-01 
      1     356   5444      *NK     ----    0.03  0.877   2.6538343316447418E-04   4.9329516633662325E-05   1.9174517057912334E-05   1.6811413738216449E-05   6.3104893190519740E-05   3.2125390578231453E-09   3.9289233473123181E-01   3.8887663823001781E-02   3.1648572270399647E-02   7.2390915526021529E-03   5.1648646228856822E-02   2.7213689239872529E-01 
      1     357   5467       NK     ----    0.10  0.910   2.6122940376497011E-04   4.7376162032384711E-05   1.8501386536001951E-05   1.6564691966184960E-05   6.2105361131716574E-05   3.1152048800331480E-09   3.9290876393264396E-01   3.8886634067708523E-02   3.1647765038520938E-02   7.2388690291875805E-03   5.1645555893336186E-02   2.6759938824089202E-01 
      1     358   5494       NK     ----    0.01  0.906   2.6093816815935927E-04   4.7261550104109360E-05   1.8457594390846045E-05   1.6554567861594333E-05   6.2073847098730557E-05   3.2622336538576752E-09   3.9291065549866755E-01   3.8886366897335975E-02   3.1647513648448256E-02   7.2388532488877177E-03   5.1645212615860879E-02   2.6746715699294493E-01 
      1     359   5521       NK     ----    0.01  0.905   2.6064878995532066E-04   4.7149312591440768E-05   1.8414232373825020E-05   1.6543483614516889E-05   6.2047031201987673E-05   2.9867516109410526E-09   3.9291250990718357E-01   3.8886077173189204E-02   3.1647239793110606E-02   7.2388373800786011E-03   5.1644889518839228E-02   2.6686886592872644E-01 
      1     360   5546       NK     ----    0.03  0.970   2.6021837998689470E-04   4.6960595289436903E-05   1.8362371286721970E-05   1.6603684244871683E-05   6.2126833946366263E-05   3.0015071153293738E-09   3.9291384194755141E-01   3.8886170751547239E-02   3.1647354460289753E-02   7.2388162912574872E-03   5.1644680003215773E-02   2.6647433806565668E-01 
      1     361   5572       NK     ----    0.01  0.980   2.6006096844445619E-04   4.6900907991291253E-05   1.8345084899124865E-05   1.6631521102546622E-05   6.2184743928846097E-05   2.9736531804199485E-09   3.9291461169969066E-01   3.8886144800923138E-02   3.1647336447172582E-02   7.2388083537505568E-03   5.1644563826986588E-02   2.6630324461269239E-01 
      1     362   5595       NK     ----    0.10  0.989   2.5939534975893882E-04   4.6644325984717331E-05   1.8282314523575345E-05   1.6833921080714822E-05   6.2663040582272710E-05   2.9680269537862799E-09   3.9291803272741344E-01   3.8886132510069393E-02   3.1647356928464425E-02   7.2387755816049606E-03   5.1644301081809577E-02   2.6575567345840539E-01 
      1     363   5620       NK     ----    0.03  0.998   2.5936095854749787E-04   4.6635761127321966E-05   1.8281599477054711E-05   1.6850273523382390E-05   6.2704615515664534E-05   2.9631774453187770E-09   3.9291827215397068E-01   3.8886114503280889E-02   3.1647340474454409E-02   7.2387740288264836E-03   5.1644347656715016E-02   2.6572767382808732E-01 
      1     364   5646       NK     ----    0.01  0.998   2.5934460035072638E-04   4.6632142039704688E-05   1.8281251110532216E-05   1.6857810302904464E-05   6.2723818099653277E-05   2.9608137528878230E-09   3.9291838732411261E-01   3.8886102965772461E-02   3.1647329680370845E-02   7.2387732854016194E-03   5.1644373566735076E-02   2.6571423464704697E-01 
      1     365   5668       NK     ----    1.00  0.999   2.5953670873628092E-04   4.6549814728258793E-05   1.8318608359074837E-05   1.6583052196300420E-05   6.1581737184478953E-05   2.7093829554407119E-09   3.9291022457612240E-01   3.8886805523490768E-02   3.1648013665778157E-02   7.2387918577126124E-03   5.1647167816870933E-02   2.6535845419324550E-01 
      1     366   5695       NK     ----    0.01  0.980   2.5947902538339999E-04   4.6524202842359659E-05   1.8311610843714242E-05   1.6587864800441391E-05   6.1575564143589759E-05   3.8475990689608172E-09   3.9291007848400000E-01   3.8886859724774916E-02   3.1648070461225468E-02   7.2387892635494356E-03   5.1647191832789437E-02   2.6662273150732602E-01 
      1     367   5722       NK     ----    0.01  0.984   2.5943390993670969E-04   4.6513931835002125E-05   1.8307472087379828E-05   1.6596365179216929E-05   6.1598150972437963E-05   4.4121412851431352E-09   3.9291038446619747E-01   3.8886819967644412E-02   3.1648032994758095E-02   7.2387869728863241E-03   5.1647176824779234E-02   2.6740832897951600E-01 
      1     368   5747       NK     ----    0.03  0.982   2.5935879319625169E-04   4.6493238651245647E-05   1.8291297048203965E-05   1.6573343550607039E-05   6.1565704661521880E-05   4.1394782131563690E-09   3.9291106263275910E-01   3.8886595351213374E-02   3.1647813415891964E-02   7.2387819353214216E-03   5.1647068143259971E-02   2.6691514496584390E-01 
      1     369   5770       NK     ----    0.10  0.985   2.5892330513955142E-04   4.6303417766492204E-05   1.8237016491125345E-05   1.6665334015843322E-05   6.1596957801208257E-05   4.1736925161009485E-09   3.9291293498245561E-01   3.8886755570357631E-02   3.1647990398571045E-02   7.2387651717865861E-03   5.1647208420046865E-02   2.6654396772613520E-01 
      1     370   5792       NK     ----    1.00  0.992   2.5901090980220721E-04   4.6517605235110132E-05   1.8180907194971328E-05   1.6366452180709274E-05   6.1328344804784679E-05   2.7966821600206601E-09   3.9290745090737572E-01   3.8885236290754778E-02   3.1646486084035412E-02   7.2387502067193677E-03   5.1647385401185630E-02   2.6487663625369284E-01 
      1     371   5819       NK     ----    0.01  0.928   2.5878493178183758E-04   4.6435475840864451E-05   1.8150269495947968E-05   1.6363139305038597E-05   6.1325027722093284E-05   4.4242636151956148E-09   3.9290898524428780E-01   3.8884987758853393E-02   3.1646249579801042E-02   7.2387381790523465E-03   5.1647199266336319E-02   2.6673759302038436E-01 
      1     372   5846       NK     ----    0.01  0.978   2.5873770198437226E-04   4.6402767662380075E-05   1.8143466247339506E-05   1.6366736019631048E-05   6.1305871352349537E-05   4.5112238241543100E-09   3.9290873444524615E-01   3.8885076792334237E-02   3.1646340494123619E-02   7.2387362982106298E-03   5.1647253779552905E-02   2.6682198701645554E-01 
      1     373   5869       NK     ----    0.10  0.974   2.5787723552536749E-04   4.5874866639405226E-05   1.8001937559228725E-05   1.6371398402571363E-05   6.0975986739793950E-05   4.4243362518198272E-09   3.9290655322983531E-01   3.8885998345733190E-02   3.1647299530244297E-02   7.2386988154888943E-03   5.1647772496480997E-02   2.6573077934527495E-01 
      1     374   5892       NK     ----    0.33  0.978   2.5584058836704396E-04   4.4869400869910827E-05   1.7852154313628632E-05   1.6559319619416795E-05   6.1143989964008996E-05   4.5922485986115109E-09   3.9291561333154923E-01   3.8887053479036718E-02   3.1648435755712252E-02   7.2386177233244768E-03   5.1647074560662934E-02   2.6401320139763274E-01 
      1     375   5919       NK     ----    0.01  0.991   2.5583397591838578E-04   4.4864304730999016E-05   1.7849335249702505E-05   1.6555933005897408E-05   6.1129599627558575E-05   4.5881363445993683E-09   3.9291550801698294E-01   3.8887063360604837E-02   3.1648446012987060E-02   7.2386173476177845E-03   5.1647084033933199E-02   2.6399607529403263E-01 
      1     376   5942      *NK     ----    0.10  0.984   2.5510308233687919E-04   4.4757795848349026E-05   1.7756269346357874E-05   1.6497988372987923E-05   6.1377757133581517E-05   4.0886702090555153E-09   3.9292860373061994E-01   3.8884463329452564E-02   3.1645886913310557E-02   7.2385764161420072E-03   5.1645235531262837E-02   2.6257904003425453E-01 
      1     377   5966       NK     ----    0.05  0.983   2.5474318925850745E-04   4.4698169987487083E-05   1.7721236204944539E-05   1.6494750676466383E-05   6.1561329845561796E-05   4.1276424066484790E-09   3.9293287745094418E-01   3.8883440120698769E-02   3.1644884728574650E-02   7.2385553921241229E-03   5.1644720392902584E-02   2.6233543753760069E-01 
      1     378   5989       NK     ----    0.10  0.984   2.5400590534720445E-04   4.4649995574341065E-05   1.7676050531296874E-05   1.6557843376829183E-05   6.2205920453010271E-05   3.9722628166665033E-09   3.9294355782762341E-01   3.8881167168117500E-02   3.1642653497686662E-02   7.2385136704308092E-03   5.1643464539307175E-02   2.6157040009948651E-01 
      1     379   6012       NK     ----    0.10  0.992   2.5371867032475138E-04   4.4686311340618494E-05   1.7674287271425601E-05   1.6633307363648840E-05   6.2559454280479575E-05   3.9892335069403011E-09   3.9294901929569964E-01   3.8880227778763647E-02   3.1641728491083751E-02   7.2384992876798797E-03   5.1642857997450282E-02   2.6142157569938440E-01 
      1     380   6036       NK     ----    0.08  0.993   2.5375421522395240E-04   4.4609827253141463E-05   1.7655825160445462E-05   1.6575119099563944E-05   6.2195764515194217E-05   3.6449518166557793E-09   3.9294730509432535E-01   3.8880718805530380E-02   3.1642215329122890E-02   7.2385034764075058E-03   5.1642907372932464E-02   2.6088063482472740E-01 
      1     381   6058       NK     ----    1.00  0.994   2.5415319515897906E-04   4.3876175242543734E-05   1.7661523833980766E-05   1.6366680085699174E-05   5.9431333729051176E-05   2.7067935112047791E-09   3.9293351662047926E-01   3.8886299401881617E-02   3.1647739706121371E-02   7.2385596957602345E-03   5.1642669028099560E-02   2.5942864286090606E-01 
      1     382   6086       NK     ----    0.01  0.998   2.5415052749490049E-04   4.3876220383098413E-05   1.7660349701033729E-05   1.6365001106416452E-05   5.9427568071057037E-05   2.7096155955476005E-09   3.9293357991443578E-01   3.8886277878815857E-02   3.1647718441119965E-02   7.2385594376958963E-03   5.1642665041729534E-02   2.5942797491435815E-01 
      1     383   6109       NK     ----    0.28  0.994   2.5353515833571714E-04   4.3738668209503287E-05   1.7608157747712884E-05   1.6346316142580046E-05   5.9399304034348097E-05   3.1614284487330635E-09   3.9294102922178897E-01   3.8884918129037022E-02   3.1646387780209756E-02   7.2385303488272743E-03   5.1641458664870146E-02   2.5930977299364472E-01 
      1     384   6136       NK     ----    0.01  0.980   2.5346411421981076E-04   4.3719682354664382E-05   1.7598744758664970E-05   1.6344549477974908E-05   5.9407564422535554E-05   3.2328685409896359E-09   3.9294139534367895E-01   3.8884828846872714E-02   3.1646302151989970E-02   7.2385266948827307E-03   5.1641408501137021E-02   2.5932539946341110E-01 
      1     385   6163       NK     ----    0.01  0.964   2.5334347313731779E-04   4.3685402695104916E-05   1.7581158105264896E-05   1.6338964996853881E-05   5.9414101280221118E-05   3.2440190624357016E-09   3.9294198989283374E-01   3.8884667901258975E-02   3.1646147609127297E-02   7.2385202921316652E-03   5.1641329010607542E-02   2.5922183941436250E-01 
      1     386   6189       NK     ----    0.01  0.946   2.5299705835796948E-04   4.3588920355849675E-05   1.7534749619570910E-05   1.6325144936311634E-05   5.9440212004074384E-05   2.7516242883332678E-09   3.9294384965536544E-01   3.8884186029910311E-02   3.1645684077031708E-02   7.2385019528786298E-03   5.1641078632691365E-02   2.5835079902880420E-01 
      1     387   6216       NK     ----    0.01  0.967   2.5288140502770820E-04   4.3559271327017543E-05   1.7521069039337226E-05   1.6321845069965291E-05   5.9455928126941329E-05   2.7690646430842272E-09   3.9294448802957271E-01   3.8884018598859600E-02   3.1645522794893403E-02   7.2384958039662106E-03   5.1641000204249471E-02   2.5825919075350534E-01 
      1     388   6240       NK     ----    0.05  0.992   2.5267755210460707E-04   4.3504991646257841E-05   1.7510740230778488E-05   1.6310687375597273E-05   5.9476813729848929E-05   2.7960416356240062E-09   3.9294515304375632E-01   3.8883763279552168E-02   3.1645278534298438E-02   7.2384847452537371E-03   5.1640945489171218E-02   2.5809295515486708E-01 
      1     389   6265       NK     ----    0.03  0.992   2.5256156013133470E-04   4.3484393254867349E-05   1.7502054900834780E-05   1.6311659358905613E-05   5.9518122722138131E-05   2.7667644080163085E-09   3.9294596327501580E-01   3.8883550583177884E-02   3.1645072086513258E-02   7.2384784966646205E-03   5.1640862404722758E-02   2.5796130234880160E-01 
      1     390   6290       NK     ----    0.03  0.991   2.5243573267642427E-04   4.3465880778007540E-05   1.7492525182019399E-05   1.6317084315936140E-05   5.9581944957161616E-05   2.7439487852634637E-09   3.9294698662997957E-01   3.8883296364898762E-02   3.1644824628535642E-02   7.2384717363631135E-03   5.1640754240484338E-02   2.5783279798414172E-01 
      1     391   6313       NK     ----    0.10  0.996   2.5216468724759247E-04   4.3445362600051359E-05   1.7487923049410819E-05   1.6337808982167476E-05   5.9789043805198218E-05   2.7427616685803314E-09   3.9294949684574043E-01   3.8882643685248429E-02   3.1644186940200207E-02   7.2384567450482235E-03   5.1640526190118177E-02   2.5762427896492562E-01 
      1     392   6335       NK     ----    1.00  0.999   2.5226538928851917E-04   4.3350067695407389E-05   1.7517872475776906E-05   1.6195547678216262E-05   5.9770211602124778E-05   2.3468302542223115E-09   3.9293908629972818E-01   3.8883216610049530E-02   3.1644766294769179E-02   7.2384503152803344E-03   5.1642340027807723E-02   2.5732242083041956E-01 
      1     393   6362       NK     ----    0.01  0.988   2.5222317070331155E-04   4.3339518727262695E-05   1.7515008108965262E-05   1.6196399872634474E-05   5.9781983682200286E-05   3.1948336251793867E-09   3.9293938465001826E-01   3.8883154719599244E-02   3.1644706523732226E-02   7.2384481958670281E-03   5.1642304461355280E-02   2.5814402002545744E-01 
      1     394   6388       NK     ----    0.01  0.988   2.5216657338732694E-04   4.3320119825045833E-05   1.7508475732036636E-05   1.6194244578962051E-05   5.9780643931622603E-05   3.1893889189041024E-09   3.9293958773435750E-01   3.8883100778844902E-02   3.1644655468867314E-02   7.2384453099775805E-03   5.1642278900501687E-02   2.5808160686556714E-01 
      1     395   6413       NK     ----    0.03  0.986   2.5201804391366829E-04   4.3264464252678446E-05   1.7488011040898331E-05   1.6185599935329105E-05   5.9759677967664629E-05   3.1837233315780315E-09   3.9293991205772405E-01   3.8883000157953165E-02   3.1644562420087112E-02   7.2384377378660802E-03   5.1642231881304276E-02   2.5792292860808930E-01 
      1     396   6440      *NK     ----    0.01  0.943   2.5186184901140857E-04   4.3212184899924059E-05   1.7460145382359226E-05   1.6171919758153555E-05   5.9723368202262873E-05   3.2365399293319300E-09   3.9294081042787071E-01   3.8882740666420938E-02   3.1644311622105716E-02   7.2384290443152253E-03   5.1642083107241395E-02   2.5782222686805706E-01 
      1     397   6466       NK     ----    0.01  0.949   2.5155720428726198E-04   4.3113387923193322E-05   1.7407875872309764E-05   1.6152428824100399E-05   5.9689442301692027E-05   3.2185248166019674E-09   3.9294242846280653E-01   3.8882264471671604E-02   3.1643852345149014E-02   7.2384121265226010E-03   5.1641822623253925E-02   2.5749275348378753E-01 
      1     398   6493       NK     ----    0.01  0.954   2.5142219566853650E-04   4.3070385480131342E-05   1.7385000005446287E-05   1.6143573648530873E-05   5.9668395294266929E-05   3.1657220624756256E-09   3.9294317690353581E-01   3.8882056802508919E-02   3.1643652155031753E-02   7.2384046474771643E-03   5.1641704819166849E-02   2.5729321362246332E-01 
      1     399   6518       NK     ----    0.03  0.950   2.5089594074475461E-04   4.2896869917716730E-05   1.7291541746784579E-05   1.6099468307736282E-05   5.9517764424219609E-05   3.0980266935842681E-09   3.9294613301584891E-01   3.8881252258167201E-02   3.1642876902043614E-02   7.2383753561236063E-03   5.1641216155392848E-02   2.5666145667987145E-01 
#--------------------------------------------------------------------------------------------------------------------------------------------------------------------------------------------------------------------------------------------------------------------------------------------------------------------------------------------------------------------
#  Grid  | Iter | Iter |  Iter  |   CFL   | Step | Lin  |        Res rho         |        Res rhou        |        Res rhov        |        Res rhow        |        Res rhoE        |       Res nuturb       |         C_lift         |        C_drag          |        C_drag_p        |        C_drag_v        |          C_My          |        totalRes        |
#  level |      | Tot  |  Type  |         |      | Res  |                        |                        |                        |                        |                        |                        |                        |                        |                        |                        |                        |                        |
#--------------------------------------------------------------------------------------------------------------------------------------------------------------------------------------------------------------------------------------------------------------------------------------------------------------------------------------------------------------------
      1     400   6544       NK     ----    0.01  0.954   2.5065668378690181E-04   4.2816393940162078E-05   1.7246732065446641E-05   1.6077436126852120E-05   5.9423404895253925E-05   3.0692926964056627E-09   3.9294742951291539E-01   3.8880928230193484E-02   3.1642566138428599E-02   7.2383620917648621E-03   5.1640995918043671E-02   2.5637082466107713E-01 
      1     401   6571       NK     ----    0.01  0.955   2.5053990372847219E-04   4.2776620301214716E-05   1.7224339796734505E-05   1.6066563219770272E-05   5.9373846251257914E-05   3.0830193314794614E-09   3.9294804624658086E-01   3.8880780380486042E-02   3.1642424748733272E-02   7.2383556317527752E-03   5.1640888809356439E-02   2.5625952460596385E-01 
      1     402   6597       NK     ----    0.01  0.957   2.5032477695877315E-04   4.2704024735069173E-05   1.7183057122162148E-05   1.6047316429618792E-05   5.9284554584251796E-05   3.0634590977656195E-09   3.9294926714942396E-01   3.8880502241661972E-02   3.1642158527369457E-02   7.2383437142925031E-03   5.1640677252484259E-02   2.5600433410910123E-01 
      1     403   6623       NK     ----    0.01  0.954   2.5008791520164447E-04   4.2623442551201890E-05   1.7138540557424408E-05   1.6028474419905724E-05   5.9196878270503552E-05   3.0620876458463909E-09   3.9295050265844228E-01   3.8880227773859286E-02   3.1641897080367264E-02   7.2383306934920514E-03   5.1640459213963145E-02   2.5574860583851039E-01 
      1     404   6647       NK     ----    0.05  0.954   2.4915049032135352E-04   4.2303658076456709E-05   1.6966091524229737E-05   1.5968120252664953E-05   5.8908013644295552E-05   2.9561616786236007E-09   3.9295527146725784E-01   3.8879216746965893E-02   3.1640937554103563E-02   7.2382791928623158E-03   5.1639594385981265E-02   2.5463837092312752E-01 
      1     405   6674       NK     ----    0.01  0.963   2.4904891188124085E-04   4.2268842668669824E-05   1.6946233588544757E-05   1.5963114447511224E-05   5.8878593653891556E-05   2.9645390955363058E-09   3.9295577816583571E-01   3.8879133373969817E-02   3.1640859694680702E-02   7.2382736792891344E-03   5.1639497410964803E-02   2.5454040908506603E-01 
      1     406   6698       NK     ----    0.05  0.957   2.4812718801256868E-04   4.1953436251660579E-05   1.6778170219930864E-05   1.5931569960184166E-05   5.8683611068825972E-05   2.8691502059292123E-09   3.9296016542712919E-01   3.8878427564274232E-02   3.1640203499946479E-02   7.2382240643277329E-03   5.1638653562075004E-02   2.5348212484266341E-01 
      1     407   6725       NK     ----    0.01  0.983   2.4808502230503281E-04   4.1940072593732446E-05   1.6769261669850093E-05   1.5931858035547433E-05   5.8680769349292905E-05   2.8532566431236322E-09   3.9296047275057217E-01   3.8878395265105843E-02   3.1640173530634204E-02   7.2382217344716497E-03   5.1638594942552546E-02   2.5342303045602660E-01 
      1     408   6752       NK     ----    0.01  0.984   2.4803923709281091E-04   4.1925980596746478E-05   1.6761044381911714E-05   1.5933144226399363E-05   5.8683280065593154E-05   2.8405244588911711E-09   3.9296074172844181E-01   3.8878363346159774E-02   3.1640144105656701E-02   7.2382192405030833E-03   5.1638543650506616E-02   2.5336518062659635E-01 
      1     409   6776       NK     ----    0.05  0.980   2.4758005991426974E-04   4.1784186143388923E-05   1.6681161302782941E-05   1.5947393439022645E-05   5.8714562089307730E-05   2.7815664994773518E-09   3.9296370765989874E-01   3.8878032818712056E-02   3.1639838379574313E-02   7.2381944391377417E-03   5.1637986927408230E-02   2.5286004680492791E-01 
      1     410   6800       NK     ----    0.05  0.990   2.4735686092877153E-04   4.1723457916585062E-05   1.6646362368739266E-05   1.5969191696671604E-05   5.8812513888728112E-05   2.9018277913478883E-09   3.9296554561702368E-01   3.8877862715701129E-02   3.1639680504316980E-02   7.2381822113841473E-03   5.1637649994400805E-02   2.5279263475702057E-01 
      1     411   6822       NK     ----    1.00  0.993   2.4683472807140717E-04   4.0620983270560026E-05   1.6032464394008811E-05   1.5228066262303181E-05   5.7083600859633454E-05   2.7474025989661225E-09   3.9288592980676074E-01   3.8885019814812211E-02   3.1646909273322373E-02   7.2381105414898519E-03   5.1648001019316242E-02   2.5152171246402433E-01 
      1     412   6846       NK     ----    0.07  0.994   2.4673895640146885E-04   4.0565224557388067E-05   1.6024829823201339E-05   1.5222542911613172E-05   5.6912422066365439E-05   2.8040948722109661E-09   3.9288859591599834E-01   3.8884892546673967E-02   3.1646783802692161E-02   7.2381087439818224E-03   5.1647559258276514E-02   2.5144623843301250E-01 
      1     413   6872       NK     ----    0.01  0.985   2.4667399704683413E-04   4.0533581629658349E-05   1.6016400735344644E-05   1.5212913129067520E-05   5.6861827523579734E-05   2.7891119000134503E-09   3.9288841439504496E-01   3.8884896680602195E-02   3.1646791096065677E-02   7.2381055845364990E-03   5.1647592680556971E-02   2.5135373283363749E-01 
      1     414   6896       NK     ----    0.05  0.991   2.4654773453437257E-04   4.0465625918605499E-05   1.6001469019023978E-05   1.5193504132734000E-05   5.6738779484602967E-05   2.8871735610401343E-09   3.9288731586464404E-01   3.8884987817125231E-02   3.1646888323511674E-02   7.2380994936135585E-03   5.1647804368537394E-02   2.5130276713671834E-01 
      1     415   6921       NK     ----    0.03  0.987   2.4645179651515403E-04   4.0417487913899356E-05   1.5988687621849963E-05   1.5177498245611419E-05   5.6657218333635408E-05   2.8114299543907571E-09   3.9288661784182244E-01   3.8885027789922109E-02   3.1646933138524250E-02   7.2380946513978736E-03   5.1647934969567724E-02   2.5110660754841785E-01 
      1     416   6948      *NK     ----    0.01  0.811   2.4595046457378416E-04   4.0204382744515589E-05   1.5905376288676509E-05   1.5143166512559946E-05   5.6523685516946554E-05   4.7826796959954890E-09   3.9288622768959008E-01   3.8884967720899999E-02   3.1646897273171354E-02   7.2380704477286641E-03   5.1647913136723844E-02   2.5337637611365094E-01 
      1     417   6973       NK     ----    0.03  0.818   2.4407658233437357E-04   3.9408403754445282E-05   1.5609283908133344E-05   1.5038667200001638E-05   5.6121714244439363E-05   4.7258920857420730E-09   3.9288441851229006E-01   3.8884812140995186E-02   3.1646831601139985E-02   7.2379805398552106E-03   5.1647906915334982E-02   2.5133326837451075E-01 
      1     418   6999       NK     ----    0.01  0.891   2.4351215667852845E-04   3.9173702011405203E-05   1.5522607133442155E-05   1.5013748003403007E-05   5.5983504201240691E-05   4.9578361873914203E-09   3.9288463276067565E-01   3.8884715164444618E-02   3.1646760873534047E-02   7.2379542909105652E-03   5.1647795863528037E-02   2.5116813846486052E-01 
      1     419   7026       NK     ----    0.01  0.899   2.4326408063424755E-04   3.9069711776839808E-05   1.5487636297955314E-05   1.5007804201951774E-05   5.5941573680563468E-05   3.8995453986458102E-09   3.9288455405090605E-01   3.8884699313182398E-02   3.1646756400983939E-02   7.2379429121984598E-03   5.1647779684835589E-02   2.4914698502377533E-01 
      1     420   7051       NK     ----    0.03  0.883   2.4200040367894848E-04   3.8553365538814754E-05   1.5290004121784874E-05   1.4954576630767841E-05   5.5656750245496490E-05   3.8951164286017253E-09   3.9288494923940620E-01   3.8884517256362425E-02   3.1646633134100453E-02   7.2378841222619696E-03   5.1647581723503318E-02   2.4782578245641443E-01 
      1     421   7078       NK     ----    0.01  0.919   2.4178865362996363E-04   3.8468647345682895E-05   1.5256208259567607E-05   1.4947515011086301E-05   5.5608709961815513E-05   3.7652617387284036E-09   3.9288534685006427E-01   3.8884478312923847E-02   3.1646603808949278E-02   7.2378745039745869E-03   5.1647502226264332E-02   2.4741629482621449E-01 
      1     422   7102       NK     ----    0.05  0.891   2.3957776065540722E-04   3.7601735694908946E-05   1.4936906851503923E-05   1.4874296324679680E-05   5.5208682919074593E-05   3.6201843316956229E-09   3.9288919131538008E-01   3.8884031560942146E-02   3.1646259020173373E-02   7.2377725407687960E-03   5.1646721692899245E-02   2.4493860756077443E-01 
      1     423   7128       NK     ----    0.01  0.931   2.3921906382544456E-04   3.7461049234238925E-05   1.4886019366550765E-05   1.4864127423766053E-05   5.5141950588443707E-05   3.6565865257361765E-09   3.9289097913196525E-01   3.8883953819808630E-02   3.1646196918195785E-02   7.2377569016128301E-03   5.1646418828000876E-02   2.4462074943638551E-01 
      1     424   7155       NK     ----    0.01  0.938   2.3906339162554392E-04   3.7402228957311611E-05   1.4864446386507838E-05   1.4860432193312214E-05   5.5114609462180553E-05   3.2049225640961913E-09   3.9289191184424849E-01   3.8883913746106370E-02   3.1646163618528310E-02   7.2377501275780560E-03   5.1646262529281978E-02   2.4386289205204920E-01 
      1     425   7180       NK     ----    0.03  0.921   2.3824493920845228E-04   3.7093785766771411E-05   1.4759908736705635E-05   1.4841717810129066E-05   5.5012556950016076E-05   3.1582761287428020E-09   3.9289539574816179E-01   3.8883755781285952E-02   3.1646042049060574E-02   7.2377137322253990E-03   5.1645664446931673E-02   2.4297525533975317E-01 
      1     426   7206       NK     ----    0.01  0.976   2.3810549477048710E-04   3.7047469048244797E-05   1.4743320534375786E-05   1.4848371976973177E-05   5.5017123033886510E-05   3.1653468395877828E-09   3.9289706022343918E-01   3.8883701428789226E-02   3.1645993252774861E-02   7.2377081760143539E-03   5.1645394332662048E-02   2.4284873153716360E-01 
      1     427   7229       NK     ----    0.10  0.981   2.3717191938565571E-04   3.6773049019194128E-05   1.4668539552586948E-05   1.4964106454660201E-05   5.5293363467057993E-05   3.1374479984675258E-09   3.9290987923671222E-01   3.8883339702976673E-02   3.1645666943649023E-02   7.2376727593276577E-03   5.1643334388725579E-02   2.4197370440637458E-01 
      1     428   7253       NK     ----    0.05  0.991   2.3694805859083900E-04   3.6737818392733069E-05   1.4663382583729054E-05   1.5015271219836857E-05   5.5418513163834841E-05   2.8967246735434145E-09   3.9291533219176383E-01   3.8883164505229037E-02   3.1645499133624209E-02   7.2376653716048371E-03   5.1642453633972032E-02   2.4150799599481307E-01 
      1     429   7275       NK     ----    1.00  0.996   2.3593629101633049E-04   3.7267186188625343E-05   1.4900438315834474E-05   1.5752357888391653E-05   5.6885717970972275E-05   2.3575042254947478E-09   3.9297369053497627E-01   3.8880875197836805E-02   3.1643226320082624E-02   7.2376488777541716E-03   5.1632920415692542E-02   2.4047459068338495E-01 
      1     430   7302       NK     ----    0.01  0.941   2.3579732049527807E-04   3.7210204514780068E-05   1.4869750822561470E-05   1.5728647882309500E-05   5.6822096323749601E-05   2.4314745755321417E-09   3.9297382892840604E-01   3.8880844644308153E-02   3.1643202597422100E-02   7.2376420468860392E-03   5.1632878275723944E-02   2.4038972476645148E-01 
      1     431   7329       NK     ----    0.01  0.949   2.3568139332125955E-04   3.7161362388095218E-05   1.4843364930820939E-05   1.5706429675612102E-05   5.6757878300739184E-05   2.3373553975634300E-09   3.9297398644071402E-01   3.8880808762036916E-02   3.1643172488126661E-02   7.2376362739102647E-03   5.1632827484693611E-02   2.4017002197272469E-01 
      1     432   7356       NK     ----    0.01  0.958   2.3558692868305424E-04   3.7121471298099118E-05   1.4820911525413220E-05   1.5686963222356845E-05   5.6701134349302291E-05   2.3513411407821286E-09   3.9297411100366891E-01   3.8880772976426906E-02   3.1643141494147743E-02   7.2376314822791667E-03   5.1632780521406803E-02   2.4007450429496638E-01 
      1     433   7383       NK     ----    0.01  0.957   2.3549146128744710E-04   3.7080921850476309E-05   1.4797793301604929E-05   1.5667377145028323E-05   5.6644054847460526E-05   2.3430627961959846E-09   3.9297423815697763E-01   3.8880737940720264E-02   3.1643111302263736E-02   7.2376266384565104E-03   5.1632732998960242E-02   2.3995733884283382E-01 
      1     434   7409       NK     ----    0.01  0.964   2.3533464968782759E-04   3.7012125197223883E-05   1.4758671215856599E-05   1.5632459064780373E-05   5.6542966797114617E-05   2.3356025708625833E-09   3.9297437394806362E-01   3.8880674002007849E-02   3.1643055506583737E-02   7.2376184954241135E-03   5.1632658143564700E-02   2.3976839427785440E-01 
      1     435   7433       NK     ----    0.05  0.958   2.3453971168677808E-04   3.6680664526812654E-05   1.4581250014685759E-05   1.5501749681133218E-05   5.6152568685371635E-05   2.9010212805296312E-09   3.9297553080933489E-01   3.8880350209586689E-02   3.1642772110369352E-02   7.2375780992173389E-03   5.1632185067807188E-02   2.3946310623541212E-01 
      1     436   7458      *NK     ----    0.03  0.920   2.3376313037521237E-04   3.6399711240184662E-05   1.4429470381762102E-05   1.5440159220293787E-05   5.5973065242657747E-05   3.1984511193930582E-09   3.9297652071983952E-01   3.8880227675166044E-02   3.1642687196353207E-02   7.2375404788128416E-03   5.1631923948997266E-02   2.3901128537754932E-01 
      1     437   7485       NK     ----    0.01  0.947   2.3364166320605497E-04   3.6357114117023242E-05   1.4401859525026287E-05   1.5431496505422729E-05   5.5937343051118243E-05   3.2857431782720060E-09   3.9297673912260006E-01   3.8880190979714797E-02   3.1642656433044418E-02   7.2375345466703725E-03   5.1631862575967503E-02   2.3899484464844864E-01 
      1     438   7512       NK     ----    0.01  0.941   2.3350622678722162E-04   3.6308826479925878E-05   1.4376472421914838E-05   1.5422564656726252E-05   5.5908802788043914E-05   3.0632854677518591E-09   3.9297694830137830E-01   3.8880158646252098E-02   3.1642630721640301E-02   7.2375279246117861E-03   5.1631803076591959E-02   2.3857576346591722E-01 
      1     439   7539       NK     ----    0.01  0.986   2.3348859248624945E-04   3.6298802943715589E-05   1.4370278398023630E-05   1.5416655250344810E-05   5.5882291008675177E-05   3.8733875621175893E-09   3.9297697618927369E-01   3.8880141395823117E-02   3.1642614369147733E-02   7.2375270266753838E-03   5.1631790170045953E-02   2.3965970900858347E-01 
      1     440   7563       NK     ----    0.05  0.912   2.3188128877739278E-04   3.5741397687909766E-05   1.4111556216234132E-05   1.5340465254779248E-05   5.5668424730451022E-05   3.6100939056347033E-09   3.9297894846981352E-01   3.8879880581365663E-02   3.1642430355132027E-02   7.2374502262336328E-03   5.1631290335915403E-02   2.3764677175181564E-01 
      1     441   7589       NK     ----    0.01  0.960   2.3169662283872486E-04   3.5676589320777841E-05   1.4083984013508382E-05   1.5335187544410647E-05   5.5654700773668070E-05   3.5795041266496140E-09   3.9297927640338981E-01   3.8879810405509002E-02   3.1642369293936719E-02   7.2374411115722868E-03   5.1631175525211424E-02   2.3741907753582225E-01 
      1     442   7612       NK     ----    0.44  0.964   2.2589823091758365E-04   3.3821857133361080E-05   1.3570612280524298E-05   1.5887267280642892E-05   5.8538028842752901E-05   4.0923191554658287E-09   3.9298877720269798E-01   3.8877468588450356E-02   3.1640318781106257E-02   7.2371498073441213E-03   5.1627517842474983E-02   2.3329879440570214E-01 
      1     443   7635       NK     ----    0.10  0.986   2.2565143047870604E-04   3.3897624875590844E-05   1.3546390822861475E-05   1.5976788493907283E-05   5.8709194577774252E-05   4.1189469430699362E-09   3.9299648554661104E-01   3.8877105502318134E-02   3.1639963590001062E-02   7.2371419123170768E-03   5.1626173545236562E-02   2.3317307497411807E-01 
      1     444   7658       NK     ----    0.23  0.990   2.2538395721639367E-04   3.4022458477629343E-05   1.3513310076098094E-05   1.6078701603282664E-05   5.9062979711434075E-05   3.5512343637600077E-09   3.9300582026589453E-01   3.8876534573245060E-02   3.1639402340767640E-02   7.2371322324774005E-03   5.1624429390789026E-02   2.3215246002376899E-01 
      1     445   7680       NK     ----    1.00  0.994   2.2562336629606224E-04   3.3692952007653064E-05   1.3303757287887419E-05   1.5292932812697303E-05   5.7940068861714410E-05   2.5655421550033691E-09   3.9298316417492551E-01   3.8877255331073418E-02   3.1640124067985102E-02   7.2371312630882968E-03   5.1627619160204821E-02   2.3076931046133303E-01 
      1     446   7704       NK     ----    0.23  0.998   2.2552954849742213E-04   3.3565507486936922E-05   1.3268915924409253E-05   1.5167786031204891E-05   5.7505563256831766E-05   2.7135133053068085E-09   3.9298235628723621E-01   3.8877564817321783E-02   3.1640436156815867E-02   7.2371286605059128E-03   5.1627679075379455E-02   2.3071273679990426E-01 
      1     447   7727       NK     ----    0.10  0.993   2.2518702070081268E-04   3.3431263709077265E-05   1.3237748628208292E-05   1.5164333049613437E-05   5.7538971532349758E-05   2.7261957888466968E-09   3.9298365289520765E-01   3.8877433130909092E-02   3.1640319585774436E-02   7.2371135451346534E-03   5.1627319001720136E-02   2.3039865188265776E-01 
      1     448   7750       NK     ----    0.18  0.998   2.2496849615811856E-04   3.3402529538542725E-05   1.3223062599546493E-05   1.5199168699645329E-05   5.7541260314061820E-05   2.7827757769285568E-09   3.9298758937838735E-01   3.8877171000361213E-02   3.1640066142508950E-02   7.2371048578522461E-03   5.1626570721879414E-02   2.3025905032665414E-01 
      1     449   7772       NK     ----    1.00  0.998   2.2526046315519494E-04   3.3673088357890335E-05   1.3243931491590658E-05   1.5138816302544650E-05   5.5977483443403090E-05   2.5013617340554351E-09   3.9299954590222513E-01   3.8876684339230146E-02   3.1639558949263277E-02   7.2371253899668727E-03   5.1625019823946745E-02   2.2989443723333372E-01 
#--------------------------------------------------------------------------------------------------------------------------------------------------------------------------------------------------------------------------------------------------------------------------------------------------------------------------------------------------------------------
#  Grid  | Iter | Iter |  Iter  |   CFL   | Step | Lin  |        Res rho         |        Res rhou        |        Res rhov        |        Res rhow        |        Res rhoE        |       Res nuturb       |         C_lift         |        C_drag          |        C_drag_p        |        C_drag_v        |          C_My          |        totalRes        |
#  level |      | Tot  |  Type  |         |      | Res  |                        |                        |                        |                        |                        |                        |                        |                        |                        |                        |                        |                        |
#--------------------------------------------------------------------------------------------------------------------------------------------------------------------------------------------------------------------------------------------------------------------------------------------------------------------------------------------------------------------
      1     450   7797       NK     ----    0.10  0.999   2.2526181897725554E-04   3.3617274965094842E-05   1.3237808055043820E-05   1.5082937116872233E-05   5.5869015101153682E-05   2.5123404048983991E-09   3.9299631584287897E-01   3.8876887496147330E-02   3.1639762746028074E-02   7.2371247501192672E-03   5.1625604087005013E-02   2.2987059481062588E-01 
      1     451   7823       NK     ----    0.01  0.997   2.2523344468214473E-04   3.3612696863296170E-05   1.3236227620681445E-05   1.5087757017084694E-05   5.5897085744132887E-05   2.5080693039179627E-09   3.9299642660711259E-01   3.8876886231426655E-02   3.1639762658758938E-02   7.2371235726677342E-03   5.1625591265975837E-02   2.2984599003221626E-01 
      1     452   7848       NK     ----    0.03  0.997   2.2517256768538911E-04   3.3604975596868549E-05   1.3234382461181566E-05   1.5101787385702573E-05   5.5962000126582478E-05   2.5343462401492456E-09   3.9299677940587491E-01   3.8876877322221282E-02   3.1639756218770437E-02   7.2371211034508451E-03   5.1625542495492123E-02   2.2983152075840710E-01 
      1     453   7873       NK     ----    0.04  0.999   2.2514454679371364E-04   3.3595776823217974E-05   1.3231217250300778E-05   1.5104680904218538E-05   5.5984088299253283E-05   2.5153371244835085E-09   3.9299664481929814E-01   3.8876896793463615E-02   3.1639776868812981E-02   7.2371199246506271E-03   5.1625578906319726E-02   2.2978974553415102E-01 
      1     454   7896       NK     ----    0.49  0.999   2.2465235922415979E-04   3.3553948443023570E-05   1.3243710017299591E-05   1.5281052499319560E-05   5.6683576017160537E-05   2.6663739504089740E-09   3.9300001912683458E-01   3.8876844763181109E-02   3.1639744347167695E-02   7.2371004160134240E-03   5.1625127655465279E-02   2.2966364883609802E-01 
      1     455   7923       NK     ----    0.01  0.996   2.2465889883355015E-04   3.3549149066024051E-05   1.3241894150768363E-05   1.5272737074771486E-05   5.6649310223153677E-05   2.7220779120906992E-09   3.9299976269032344E-01   3.8876861633995854E-02   3.1639760944371528E-02   7.2371006896243227E-03   5.1625176577845905E-02   2.2972204853110809E-01 
      1     456   7950      *NK     ----    0.01  0.970   2.2458944057446566E-04   3.3513882456459206E-05   1.3230675012285286E-05   1.5259791927974153E-05   5.6622505186902478E-05   2.7293081675864312E-09   3.9299956514422751E-01   3.8876874379870120E-02   3.1639776716712531E-02   7.2370976631575866E-03   5.1625211986303494E-02   2.2965356802313971E-01 
      1     457   7977       NK     ----    0.01  0.972   2.2452395028220172E-04   3.3480106360273614E-05   1.3219871613695444E-05   1.5247222619754838E-05   5.6596971578913112E-05   2.6929135753469099E-09   3.9299936639058808E-01   3.8876887706065337E-02   3.1639792902169027E-02   7.2370948038963075E-03   5.1625247523104538E-02   2.2954067051201907E-01 
      1     458   8002       NK     ----    0.03  0.972   2.2424501784970409E-04   3.3342362695079509E-05   1.3176167099489626E-05   1.5200200048904147E-05   5.6515269423043558E-05   2.7611708581506657E-09   3.9299866788362153E-01   3.8876940815257048E-02   3.1639858134030030E-02   7.2370826812270190E-03   5.1625373282490943E-02   2.2931668181520504E-01 
      1     459   8025       NK     ----    0.10  0.975   2.2323147573793318E-04   3.2828712849221449E-05   1.3003304776006061E-05   1.5025690534002371E-05   5.6279903477260421E-05   2.9857183908263232E-09   3.9299569307490401E-01   3.8877219903359163E-02   3.1640181434320819E-02   7.2370384690383423E-03   5.1625947903160496E-02   2.2850333994712060E-01 
      1     460   8049       NK     ----    0.20  0.996   2.2293349949011100E-04   3.2601375299782708E-05   1.2952549407800042E-05   1.4903692995186869E-05   5.6390854238138085E-05   3.1280840062948038E-09   3.9298757267652934E-01   3.8877728806544762E-02   3.1640705970600376E-02   7.2370228359443954E-03   5.1627273928141461E-02   2.2839342480295077E-01 
      1     461   8072       NK     ----    0.12  0.998   2.2287867241279475E-04   3.2529420309105262E-05   1.2945030046884850E-05   1.4869613053875961E-05   5.6427887020498462E-05   3.1403769859373532E-09   3.9298481887998804E-01   3.8877851255902381E-02   3.1640832239327100E-02   7.2370190165752749E-03   5.1627650260910408E-02   2.2835531922527857E-01 
      1     462   8095       NK     ----    0.11  0.998   2.2286869316123821E-04   3.2492725232664443E-05   1.2941748551846486E-05   1.4836103357408173E-05   5.6394102278223796E-05   3.1082732627286617E-09   3.9298226214629722E-01   3.8877939832645959E-02   3.1640922188946569E-02   7.2370176436993977E-03   5.1628019772344540E-02   2.2828967039096609E-01 
      1     463   8118       NK     ----    0.32  0.998   2.2265198222274639E-04   3.2330124489290245E-05   1.2957462090640547E-05   1.4807742125607040E-05   5.6749926111496331E-05   3.0671332923077387E-09   3.9297747629362356E-01   3.8878150770349708E-02   3.1641145730267391E-02   7.2370050400823146E-03   5.1628568154801283E-02   2.2809817327727655E-01 
      1     464   8143       NK     ----    0.03  0.997   2.2263999654739073E-04   3.2322210281770444E-05   1.2958207754120373E-05   1.4797633782954313E-05   5.6724329674990602E-05   3.0427977330927579E-09   3.9297696393710402E-01   3.8878165803550802E-02   3.1641161360030159E-02   7.2370044435206551E-03   5.1628646612384081E-02   2.2804875456483462E-01 
      1     465   8169       NK     ----    0.01  0.998   2.2263574918605317E-04   3.2319558581058449E-05   1.2958657200789020E-05   1.4794658808723093E-05   5.6718710024864751E-05   3.0213697986789688E-09   3.9297678688253312E-01   3.8878169053444794E-02   3.1641164837399149E-02   7.2370042160456519E-03   5.1628670195310832E-02   2.2801614184206812E-01 
      1     466   8192       NK     ----    0.10  0.998   2.2260126074136205E-04   3.2275574265854357E-05   1.2949627637921342E-05   1.4739093799739603E-05   5.6553825232718340E-05   2.9492349822956214E-09   3.9297383851159601E-01   3.8878272000937360E-02   3.1641269746965649E-02   7.2370022539716816E-03   5.1629128776978554E-02   2.2784687527299927E-01 
      1     467   8219       NK     ----    0.01  0.999   2.2259891386208763E-04   3.2273618924897621E-05   1.2949611513656701E-05   1.4738329304392767E-05   5.6556406375798984E-05   2.9497154460361586E-09   3.9297378591570192E-01   3.8878275393955927E-02   3.1641273269643520E-02   7.2370021243124139E-03   5.1629134985650617E-02   2.2784559496729592E-01 
      1     468   8242       NK     ----    0.34  0.998   2.2236158835962905E-04   3.2124349288104549E-05   1.2930863477813021E-05   1.4702636461086062E-05   5.6674158751054647E-05   3.0351517226659816E-09   3.9297345168242559E-01   3.8878409838341538E-02   3.1641418713820375E-02   7.2369911245211815E-03   5.1629110193905432E-02   2.2773736263193867E-01 
      1     469   8264       NK     ----    1.00  0.999   2.2273494476318314E-04   3.1775164823113762E-05   1.2912065175564657E-05   1.4152922274896779E-05   5.4661344878077658E-05   2.8334289697929943E-09   3.9294711426534401E-01   3.8879612351906546E-02   3.1642610356480749E-02   7.2370019954258024E-03   5.1633715829560611E-02   2.2729182854723592E-01 
      1     470   8288       NK     ----    0.05  0.990   2.2250299797623954E-04   3.1719304664873610E-05   1.2892519032224622E-05   1.4190113779581610E-05   5.4797131601663083E-05   2.9042265169483130E-09   3.9295093134574138E-01   3.8879514640885085E-02   3.1642521146169084E-02   7.2369934947160092E-03   5.1633004366146214E-02   2.2718644407734698E-01 
      1     471   8313       NK     ----    0.11  0.993   2.2221801614174107E-04   3.1653920526454321E-05   1.2837236879240296E-05   1.4261578285293648E-05   5.4857979234522842E-05   2.9915103519994650E-09   3.9295849669690430E-01   3.8879308292588816E-02   3.1642324141852467E-02   7.2369841507363532E-03   5.1631610412255231E-02   2.2703666465225608E-01 
      1     472   8335       NK     ----    1.00  0.999   2.2227276038878064E-04   3.1693297433422634E-05   1.2874837295272970E-05   1.4424674883083462E-05   5.4901792488144100E-05   2.7620815031208277E-09   3.9296911536170526E-01   3.8879447263602283E-02   3.1642454309095007E-02   7.2369929545072877E-03   5.1629767001565192E-02   2.2683984323109013E-01 
      1     473   8362       NK     ----    0.01  0.999   2.2226817808567990E-04   3.1693973152802553E-05   1.2875160395027488E-05   1.4428283460761934E-05   5.4909879588334411E-05   2.7623058330082958E-09   3.9296930892468113E-01   3.8879445521857306E-02   3.1642452662629356E-02   7.2369928592279451E-03   5.1629734839568411E-02   2.2683803516696058E-01 
      1     474   8389       NK     ----    0.01  0.999   2.2226291553014259E-04   3.1691808964192799E-05   1.2875693263748691E-05   1.4429520125389436E-05   5.4917393423977752E-05   2.7648775187896741E-09   3.9296925549884582E-01   3.8879451009663481E-02   3.1642458375950991E-02   7.2369926337124916E-03   5.1629740156071774E-02   2.2683765994831967E-01 
      1     475   8411       NK     ----    1.00  0.999   2.2255827178303266E-04   3.1522789441049946E-05   1.2906680647437448E-05   1.4221027362219114E-05   5.4014139572255054E-05   2.6258395479410411E-09   3.9295311553791168E-01   3.8880411160846479E-02   3.1643407651159736E-02   7.2370035096867447E-03   5.1632653626308499E-02   2.2671742609219178E-01 
      1     476   8438      *NK     ----    0.01  0.947   2.2243290389593908E-04   3.1478987027537304E-05   1.2891280515680045E-05   1.4222134241642566E-05   5.4031904339617201E-05   3.7164854223789943E-09   3.9295336861379543E-01   3.8880416891154582E-02   3.1643418478578156E-02   7.2369984125764467E-03   5.1632590018204298E-02   2.2803378511826669E-01 
      1     477   8461       NK     ----    0.46  0.984   2.2182444788071618E-04   3.1103496470484146E-05   1.2538689263727004E-05   1.4209335565611226E-05   5.2851724080117119E-05   2.9029508134107211E-09   3.9296290811432316E-01   3.8881064219257175E-02   3.1644079920269463E-02   7.2369842989877158E-03   5.1631248519509176E-02   2.2602361480061231E-01 
      1     478   8488       NK     ----    0.01  0.994   2.2182006233758503E-04   3.1099561773818607E-05   1.2537106069454059E-05   1.4206722268193959E-05   5.2842440073351580E-05   2.8964047009026388E-09   3.9296271999546462E-01   3.8881074368144156E-02   3.1644090261654087E-02   7.2369841064900678E-03   5.1631281960208414E-02   2.2600883934043123E-01 
      1     479   8511       NK     ----    0.14  0.995   2.2176369220115678E-04   3.1020344201897119E-05   1.2508336459336970E-05   1.4149446768450875E-05   5.2663026405065540E-05   2.7334256122145120E-09   3.9295762416941976E-01   3.8881350820153808E-02   3.1644369773875650E-02   7.2369810462781410E-03   5.1632161408175004E-02   2.2571037828746135E-01 
      1     480   8534       NK     ----    0.20  0.997   2.2172128338688525E-04   3.0948232431542203E-05   1.2506868007260280E-05   1.4127927481031301E-05   5.2566779574848466E-05   2.5551645281491021E-09   3.9295327276650721E-01   3.8881726987739576E-02   3.1644747515572745E-02   7.2369794721668370E-03   5.1632890259986366E-02   2.2544212434255129E-01 
      1     481   8559       NK     ----    0.03  0.993   2.2166283620032604E-04   3.0931322698829890E-05   1.2508859949735607E-05   1.4136119369227725E-05   5.2579373568461530E-05   2.5623909791467637E-09   3.9295383862124883E-01   3.8881788137187005E-02   3.1644810452811499E-02   7.2369776843755219E-03   5.1632763248785483E-02   2.2539681999857214E-01 
      1     482   8582       NK     ----    0.10  0.994   2.2143304619281359E-04   3.0869291675098691E-05   1.2519511298566072E-05   1.4170590513336778E-05   5.2661306660832656E-05   2.6088454106704809E-09   3.9295599781475327E-01   3.8882019400187401E-02   3.1645048875812896E-02   7.2369705243745166E-03   5.1632282326600783E-02   2.2524663097472272E-01 
      1     483   8606       NK     ----    0.05  0.996   2.2136724735006866E-04   3.0862430885254591E-05   1.2518280669951049E-05   1.4172691388256919E-05   5.2700419398918034E-05   2.6369087480783831E-09   3.9295674393131985E-01   3.8882081835808505E-02   3.1645113255445438E-02   7.2369685803630760E-03   5.1632150403855472E-02   2.2522425416256359E-01 
      1     484   8631       NK     ----    0.03  0.995   2.2132733299877195E-04   3.0856764833856043E-05   1.2519569787636554E-05   1.4176527417561577E-05   5.2726257682257520E-05   2.6121114119762683E-09   3.9295716559445026E-01   3.8882113580915610E-02   3.1645146273424518E-02   7.2369673074910955E-03   5.1632070722745949E-02   2.2516526550157306E-01 
      1     485   8654       NK     ----    0.10  0.996   2.2116978638692762E-04   3.0842268965799889E-05   1.2521080722422700E-05   1.4186581437966427E-05   5.2858012868495123E-05   2.6165753250730539E-09   3.9295890787240106E-01   3.8882213822925643E-02   3.1645251620227237E-02   7.2369622026984244E-03   5.1631760189854131E-02   2.2505206388362547E-01 
      1     486   8677       NK     ----    0.13  0.996   2.2100711901591714E-04   3.0843098033236296E-05   1.2510540008694420E-05   1.4183137222772893E-05   5.3027485727018718E-05   2.5300438082803654E-09   3.9296090402234346E-01   3.8882267932706903E-02   3.1645311213389746E-02   7.2369567193171494E-03   5.1631461019366345E-02   2.2484489417945208E-01 
      1     487   8701       NK     ----    0.10  0.997   2.2091807416130258E-04   3.0851324898382069E-05   1.2490898348814407E-05   1.4161251207495247E-05   5.3121445716163923E-05   2.5681152831844283E-09   3.9296183898010317E-01   3.8882269416077267E-02   3.1645315945977380E-02   7.2369534700998765E-03   5.1631380042617421E-02   2.2482272149680627E-01 
      1     488   8724       NK     ----    0.10  0.996   2.2076665291911952E-04   3.0852579850563481E-05   1.2470083356215497E-05   1.4155406835547082E-05   5.3284593337698452E-05   2.4980674764759084E-09   3.9296347498725331E-01   3.8882248112178226E-02   3.1645300330084850E-02   7.2369477820933593E-03   5.1631170886266196E-02   2.2464307604200215E-01 
      1     489   8748       NK     ----    0.05  0.996   2.2068079121010805E-04   3.0855654816841309E-05   1.2446044062634832E-05   1.4135183328140901E-05   5.3344002323429985E-05   2.4604265297570248E-09   3.9296452880195870E-01   3.8882195615636168E-02   3.1645251187643997E-02   7.2369444279921846E-03   5.1631060160463080E-02   2.2453554546546195E-01 
      1     490   8771       NK     ----    0.10  0.994   2.2044113795290557E-04   3.0840029174141303E-05   1.2377200870381342E-05   1.4073451015141296E-05   5.3408332661089045E-05   2.4544372912971459E-09   3.9296701611824625E-01   3.8882030719036308E-02   3.1645096003151359E-02   7.2369347158849455E-03   5.1630805135101945E-02   2.2431238724077451E-01 
      1     491   8794       NK     ----    0.10  0.994   2.2016322797158657E-04   3.0815964301403080E-05   1.2302207402834470E-05   1.4013710038806887E-05   5.3502874511918383E-05   2.4609367727549274E-09   3.9296942133897389E-01   3.8881870390910067E-02   3.1644946972725234E-02   7.2369234181848263E-03   5.1630624939633878E-02   2.2407227340974370E-01 
      1     492   8818       NK     ----    0.05  0.993   2.1999728204005289E-04   3.0806310535389086E-05   1.2259349546079068E-05   1.3985021847561170E-05   5.3561033026307056E-05   2.4671473474571418E-09   3.9297078456763224E-01   3.8881776134806513E-02   3.1644859417125956E-02   7.2369167176805620E-03   5.1630575285035861E-02   2.2393290125733725E-01 
      1     493   8844       NK     ----    0.01  0.991   2.1994130347823546E-04   3.0803067785095526E-05   1.2245475774876172E-05   1.3977187835999440E-05   5.3575450634278836E-05   2.4529801638999380E-09   3.9297123597521860E-01   3.8881742571011811E-02   3.1644828105499068E-02   7.2369144655127322E-03   5.1630564213656888E-02   2.2386800933286158E-01 
      1     494   8867       NK     ----    0.10  0.988   2.1937770482558782E-04   3.0768128527926536E-05   1.2130753381438722E-05   1.3938861971459236E-05   5.3758486230165285E-05   2.4596511073595792E-09   3.9297559311167374E-01   3.8881414298298916E-02   3.1644522558626924E-02   7.2368917396719900E-03   5.1630433885303528E-02   2.2338155035036697E-01 
      1     495   8890       NK     ----    0.10  0.982   2.1857289656116051E-04   3.0683910734323491E-05   1.1997385934396266E-05   1.3946996535033926E-05   5.3728629738367787E-05   2.4740991102519364E-09   3.9298008429623299E-01   3.8880913744093214E-02   3.1644055186013799E-02   7.2368585580794131E-03   5.1630583254267962E-02   2.2262726477543987E-01 
      1     496   8913      *NK     ----    0.10  0.955   2.1690768467302421E-04   3.0022471428683446E-05   1.1765738618013931E-05   1.3842917333012247E-05   5.3318528079465674E-05   3.5457335075325819E-09   3.9297903017506697E-01   3.8880612176628228E-02   3.1643826164830045E-02   7.2367860117981920E-03   5.1630254829217494E-02   2.2226156210499259E-01 
      1     497   8935       NK     ----    1.00  0.988   2.1397934354943737E-04   2.8674665844201129E-05   1.1801224994323944E-05   1.4630337985171311E-05   5.6641211764407925E-05   3.0526675036225622E-09   3.9297060703405490E-01   3.8879348359109368E-02   3.1642704123498289E-02   7.2366442356110857E-03   5.1631168357017948E-02   2.1953421270003529E-01 
      1     498   8959       NK     ----    0.05  0.984   2.1388170682720451E-04   2.8556973138996230E-05   1.1730350107421874E-05   1.4460212329740794E-05   5.6073027301476370E-05   2.5089733505917316E-09   3.9296587116366244E-01   3.8879310875928545E-02   3.1642672635142206E-02   7.2366382407863293E-03   5.1631883265527506E-02   2.1862685574154811E-01 
      1     499   8984       NK     ----    0.03  0.984   2.1373651991286844E-04   2.8498558535523635E-05   1.1697565921367821E-05   1.4409905552684146E-05   5.5921112659260578E-05   2.5668719444964022E-09   3.9296461777229369E-01   3.8879273962911257E-02   3.1642641777801996E-02   7.2366321851092680E-03   5.1632053050755737E-02   2.1850762755733907E-01 
#--------------------------------------------------------------------------------------------------------------------------------------------------------------------------------------------------------------------------------------------------------------------------------------------------------------------------------------------------------------------
#  Grid  | Iter | Iter |  Iter  |   CFL   | Step | Lin  |        Res rho         |        Res rhou        |        Res rhov        |        Res rhow        |        Res rhoE        |       Res nuturb       |         C_lift         |        C_drag          |        C_drag_p        |        C_drag_v        |          C_My          |        totalRes        |
#  level |      | Tot  |  Type  |         |      | Res  |                        |                        |                        |                        |                        |                        |                        |                        |                        |                        |                        |                        |
#--------------------------------------------------------------------------------------------------------------------------------------------------------------------------------------------------------------------------------------------------------------------------------------------------------------------------------------------------------------------
      1     500   9007       NK     ----    0.10  0.992   2.1355769101699394E-04   2.8433886184108521E-05   1.1617400238072188E-05   1.4284859711094426E-05   5.5373006900765163E-05   2.5280061869161441E-09   3.9296373594247008E-01   3.8879221052141186E-02   3.1642595058361991E-02   7.2366259937791787E-03   5.1632176157351883E-02   2.1814833001740525E-01 
      1     501   9032       NK     ----    0.03  0.990   2.1342615443309575E-04   2.8428455609738033E-05   1.1605788200834443E-05   1.4307204976468472E-05   5.5438997440877709E-05   2.5436102551289695E-09   3.9296513106664699E-01   3.8879178981062718E-02   3.1642557094767619E-02   7.2366218862951115E-03   5.1631939435313211E-02   2.1805995140454004E-01 
      1     502   9056       NK     ----    0.05  0.991   2.1319450075114510E-04   2.8420723825635509E-05   1.1580158456710836E-05   1.4331696843649663E-05   5.5468672674624307E-05   2.5234548452580439E-09   3.9296730134051688E-01   3.8879088081463682E-02   3.1642473486771912E-02   7.2366145946917695E-03   5.1631584188187016E-02   2.1783042895140273E-01 
      1     503   9081       NK     ----    0.03  0.996   2.1316224421078788E-04   2.8419376988872350E-05   1.1570719162863226E-05   1.4326702230073791E-05   5.5438234029059783E-05   2.4776749969159453E-09   3.9296752223388315E-01   3.8879074474245399E-02   3.1642460821725442E-02   7.2366136525199602E-03   5.1631541688221837E-02   2.1774282062819403E-01 
      1     504   9108       NK     ----    0.01  0.987   2.1313232120494230E-04   2.8406490699306060E-05   1.1565361577279126E-05   1.4318068130956694E-05   5.5406695154224932E-05   2.5875567944018624E-09   3.9296736482247091E-01   3.8879074900903400E-02   3.1642462410694364E-02   7.2366124902090330E-03   5.1631560860623468E-02   2.1782575348699704E-01 
      1     505   9132       NK     ----    0.05  0.994   2.1301574142208000E-04   2.8388120500950235E-05   1.1542587141471532E-05   1.4299046094917950E-05   5.5271105440747259E-05   2.6015014169631345E-09   3.9296772301777994E-01   3.8879060176636331E-02   3.1642451354120700E-02   7.2366088225156271E-03   5.1631511669117836E-02   2.1769676815571487E-01 
      1     506   9155       NK     ----    0.20  0.998   2.1301902549733780E-04   2.8400346867149254E-05   1.1485594118522516E-05   1.4219408655079759E-05   5.4898703750358107E-05   2.5203309360445246E-09   3.9296755236538511E-01   3.8878966427639369E-02   3.1642356743550377E-02   7.2366096840890048E-03   5.1631475570194436E-02   2.1751454119113509E-01 
      1     507   9177       NK     ----    1.00  0.998   2.1331105256514125E-04   2.8468756032544294E-05   1.1375350825363132E-05   1.4009677998317512E-05   5.3754869619417574E-05   2.2277526467868565E-09   3.9296558697462070E-01   3.8878578909193058E-02   3.1641957633119541E-02   7.2366212760735359E-03   5.1631360439626427E-02   2.1720376438241834E-01 
      1     508   9204       NK     ----    0.01  0.998   2.1330771877755005E-04   2.8466891709920196E-05   1.1374816088340084E-05   1.4008718662563943E-05   5.3751291943263137E-05   2.2165798332975510E-09   3.9296554324558669E-01   3.8878581271565758E-02   3.1641960123082770E-02   7.2366211484829763E-03   5.1631368309278183E-02   2.1718874558476822E-01 
      1     509   9231       NK     ----    0.01  0.995   2.1330364176633810E-04   2.8464231631920598E-05   1.1373510481635869E-05   1.4005923280354665E-05   5.3721057714505249E-05   2.2142337331102396E-09   3.9296564481732488E-01   3.8878595809704118E-02   3.1641974650572946E-02   7.2366211591311852E-03   5.1631364699934824E-02   2.1717509373571603E-01 
      1     510   9255       NK     ----    0.10  0.994   2.1324127601144338E-04   2.8409667825979703E-05   1.1345285005509929E-05   1.3938297905593233E-05   5.3168184758449001E-05   2.3232255197792457E-09   3.9296652540607602E-01   3.8878801427378103E-02   3.1642180467818137E-02   7.2366209595599714E-03   5.1631402821809426E-02   2.1708414584450778E-01 
      1     511   9279       NK     ----    0.05  0.985   2.1303793232787049E-04   2.8282311564527478E-05   1.1298209648109558E-05   1.3845832427075887E-05   5.2750593294067874E-05   2.4775589437419216E-09   3.9296437119323030E-01   3.8878963899664748E-02   3.1642350678985819E-02   7.2366132206789259E-03   5.1631806678990144E-02   2.1693709202250910E-01 
      1     512   9303       NK     ----    0.05  0.993   2.1296145828981984E-04   2.8224890108895661E-05   1.1278979650007642E-05   1.3799097324576674E-05   5.2644422421944754E-05   2.4462320443565516E-09   3.9296188965257078E-01   3.8878827534074900E-02   3.1642219236532793E-02   7.2366082975421162E-03   5.1632123018814424E-02   2.1679757649727727E-01 
      1     513   9330       NK     ----    0.01  0.995   2.1295647946777854E-04   2.8219945544192174E-05   1.1277123694218661E-05   1.3794430794349846E-05   5.2630543816717070E-05   2.4477403215271200E-09   3.9296166167931734E-01   3.8878817571336849E-02   3.1642209629433454E-02   7.2366079419034076E-03   5.1632153954077803E-02   2.1679041336973651E-01 
      1     514   9352       NK     ----    1.00  0.998   2.1255643907996336E-04   2.8692655849228573E-05   1.1380292679260323E-05   1.4444547130766956E-05   5.3321377101978699E-05   2.1904605942242388E-09   3.9299163817667354E-01   3.8878000999406810E-02   3.1641392640142568E-02   7.2366083592642471E-03   5.1628177437193896E-02   2.1642302478025924E-01 
      1     515   9379       NK     ----    0.01  0.998   2.1255598969622329E-04   2.8692514125314491E-05   1.1381118940133060E-05   1.4445030638289441E-05   5.3309151360988997E-05   2.1874477017356305E-09   3.9299168180874999E-01   3.8878009308913962E-02   3.1641400892340840E-02   7.2366084165731304E-03   5.1628172568434369E-02   2.1641694778976250E-01 
      1     516   9406      *NK     ----    0.01  0.959   2.1247815232066411E-04   2.8639778874920504E-05   1.1365398198937173E-05   1.4424753878588979E-05   5.3251375904216848E-05   2.3596473536152129E-09   3.9299114402749075E-01   3.8878051951761576E-02   3.1641446731755937E-02   7.2366052200056302E-03   5.1628191179161689E-02   2.1649340139828530E-01 
      1     517   9430       NK     ----    0.09  0.993   2.1230119165058684E-04   2.8447003362764698E-05   1.1320526404432637E-05   1.4333500632917681E-05   5.3123922662815968E-05   2.5013282615293140E-09   3.9298688085159711E-01   3.8878198331504660E-02   3.1641602352259011E-02   7.2365959792456587E-03   5.1628553509332639E-02   2.1641823494510576E-01 
      1     518   9453       NK     ----    0.10  0.996   2.1216265412810000E-04   2.8308805661894689E-05   1.1286963349732639E-05   1.4251771275157151E-05   5.2945691345788243E-05   2.3945386573539378E-09   3.9298300527086100E-01   3.8878232761337402E-02   3.1641644424255919E-02   7.2365883370814855E-03   5.1628972603717779E-02   2.1611094459485658E-01 
      1     519   9475       NK     ----    1.00  0.989   2.0818537820326065E-04   2.6505436499815586E-05   1.1308764434179213E-05   1.4099752913530592E-05   5.5680784233499960E-05   3.9237681868976318E-09   3.9295588807607351E-01   3.8879470509858509E-02   3.1643054845648569E-02   7.2364156642099574E-03   5.1629653793126160E-02   2.1499263923235490E-01 
      1     520   9499       NK     ----    0.10  0.987   2.0812927888269091E-04   2.6571858361310920E-05   1.1253307300811637E-05   1.4095065115078607E-05   5.5176826207926200E-05   3.9782934052872601E-09   3.9296301562849517E-01   3.8879156613988927E-02   3.1642738702384189E-02   7.2364179116047320E-03   5.1628519751623102E-02   2.1491806524421089E-01 
      1     521   9521       NK     ----    1.00  0.990   2.0824467953560637E-04   2.7802856973763253E-05   1.1173684859246441E-05   1.4579428958321294E-05   5.3772272599869204E-05   2.6207941239798676E-09   3.9302128492562310E-01   3.8875320242830060E-02   3.1638875526505642E-02   7.2364447163244059E-03   5.1618945024975695E-02   2.1288601896256099E-01 
      1     522   9545       NK     ----    0.22  0.994   2.0826055447251701E-04   2.7325382729795451E-05   1.1059947335520485E-05   1.4198376719900878E-05   5.2614405813456347E-05   2.5793177184113929E-09   3.9300373808243438E-01   3.8876296964430276E-02   3.1639857986676345E-02   7.2364389777539589E-03   5.1622124417127851E-02   2.1249147564512008E-01 
      1     523   9572       NK     ----    0.01  0.991   2.0824884319422575E-04   2.7307019174752048E-05   1.1053604560206590E-05   1.4182474317931932E-05   5.2566130885534884E-05   2.6231081131725240E-09   3.9300317304579813E-01   3.8876331194245300E-02   3.1639892780709902E-02   7.2364384135354095E-03   5.1622222575690165E-02   2.1251639833244254E-01 
      1     524   9596       NK     ----    0.24  0.996   2.0834354774224102E-04   2.6928415281806332E-05   1.0934651076185829E-05   1.3791345290946911E-05   5.1252463622309417E-05   2.6921561546493894E-09   3.9298668570160833E-01   3.8877304541721482E-02   3.1640867644326345E-02   7.2364368973951362E-03   5.1625200511099568E-02   2.1230700940078068E-01 
      1     525   9618       NK     ----    1.00  0.998   2.0907896012944762E-04   2.6380926192890132E-05   1.0803551914848374E-05   1.3151314944088236E-05   4.8832133606132135E-05   2.3809042492537408E-09   3.9294670882494276E-01   3.8879742801143390E-02   3.1643292191920622E-02   7.2364506092227679E-03   5.1632634340435420E-02   2.1199040123954332E-01 
      1     526   9645       NK     ----    0.01  0.997   2.0906931981913907E-04   2.6382877927680446E-05   1.0804090330092961E-05   1.3156581110996624E-05   4.8849521556283641E-05   2.4046674301461294E-09   3.9294702932597714E-01   3.8879719759988281E-02   3.1643269394983041E-02   7.2364503650052345E-03   5.1632577896859572E-02   2.1201107071934966E-01 
      1     527   9670       NK     ----    0.03  0.998   2.0904108602513231E-04   2.6389740842243713E-05   1.0805847568431066E-05   1.3172316751038444E-05   4.8899480284606032E-05   2.4052899339392640E-09   3.9294797893073374E-01   3.8879659719318796E-02   3.1643209999733593E-02   7.2364497195851942E-03   5.1632412111513655E-02   2.1199815324319901E-01 
      1     528   9694       NK     ----    0.05  0.996   2.0892358243544779E-04   2.6402188661657510E-05   1.0808741924274708E-05   1.3221093333672928E-05   4.9064429584789084E-05   2.3818916951009265E-09   3.9295067026106079E-01   3.8879472187419606E-02   3.1643025784979316E-02   7.2364464024402917E-03   5.1631937961788783E-02   2.1190438326431837E-01 
      1     529   9717       NK     ----    0.31  0.997   2.0827630037844753E-04   2.6503932813692646E-05   1.0829823713905965E-05   1.3516963850483148E-05   5.0098105720628175E-05   2.3903208579737584E-09   3.9296507207856013E-01   3.8878431968062059E-02   3.1642004304016036E-02   7.2364276640460067E-03   5.1629396517300918E-02   2.1157083361168322E-01 
      1     530   9740       NK     ----    0.26  0.999   2.0834494128205963E-04   2.6462143873650130E-05   1.0811485890852752E-05   1.3447907142188427E-05   4.9766979898077689E-05   2.3490939928922639E-09   3.9296253985448160E-01   3.8878574397271042E-02   3.1642144947484463E-02   7.2364294497865474E-03   5.1629827295092058E-02   2.1150734272490251E-01 
      1     531   9762       NK     ----    1.00  0.998   2.0773130433020029E-04   2.6864821487364667E-05   1.0965020285519610E-05   1.4104457760716168E-05   5.1860787210004886E-05   2.1567517121846696E-09   3.9298754468460473E-01   3.8876371415291669E-02   3.1639959678753070E-02   7.2364117365386069E-03   5.1625515314096794E-02   2.1131487146510516E-01 
      1     532   9789       NK     ----    0.01  0.995   2.0772787902782104E-04   2.6855420004161254E-05   1.0960744598407485E-05   1.4094221798737104E-05   5.1823674268435345E-05   2.1557191882050243E-09   3.9298723568326449E-01   3.8876389636006356E-02   3.1639978098193078E-02   7.2364115378132686E-03   5.1625566382513040E-02   2.1130013443756407E-01 
      1     533   9811       NK     ----    1.00  0.996   2.0784967372991818E-04   2.5877100297396276E-05   1.0544955943700122E-05   1.2847494223456018E-05   4.7325720836486541E-05   2.3686671820791318E-09   3.9294029750636594E-01   3.8879384943686174E-02   3.1642980809711903E-02   7.2364041339742528E-03   5.1633577601159490E-02   2.1042097295194725E-01 
      1     534   9834       NK     ----    0.28  0.998   2.0782827979171759E-04   2.5830560267359258E-05   1.0520494489904687E-05   1.2821506958046028E-05   4.7204884859856574E-05   2.2560120826285981E-09   3.9293865015315005E-01   3.8879535815759127E-02   3.1643132635219180E-02   7.2364031805399387E-03   5.1633913737900418E-02   2.1025057974697620E-01 
      1     535   9856       NK     ----    1.00  0.997   2.0804614018273256E-04   2.5636964575147792E-05   1.0645541038772258E-05   1.2726439883409213E-05   4.6496488647225585E-05   1.9926255847505315E-09   3.9293562237219287E-01   3.8880847185407380E-02   3.1644429430280958E-02   7.2364177551264338E-03   5.1634941871308626E-02   2.1003196164060686E-01 
      1     536   9883      *NK     ----    0.01  0.974   2.0797904135838412E-04   2.5624157203784685E-05   1.0640895279336382E-05   1.2731811771649686E-05   4.6519292027317943E-05   2.1098183145549459E-09   3.9293624129333149E-01   3.8880766166869828E-02   3.1644350791647298E-02   7.2364153752225322E-03   5.1634835257953093E-02   2.1008059768421111E-01 
      1     537   9910       NK     ----    0.01  0.929   2.0780411149123358E-04   2.5578176043707171E-05   1.0615333497877350E-05   1.2724142631394358E-05   4.6511862286370361E-05   2.1039246407340946E-09   3.9293682081796788E-01   3.8880632109854485E-02   3.1644223271151670E-02   7.2364088387028066E-03   5.1634740714735998E-02   2.0990319646449704E-01 
      1     538   9937       NK     ----    0.01  0.947   2.0767421700554564E-04   2.5545116990815839E-05   1.0597829716403734E-05   1.2721710971997052E-05   4.6513648997861196E-05   2.1005144725353182E-09   3.9293743913416812E-01   3.8880525210938911E-02   3.1644121157164064E-02   7.2364040537748467E-03   5.1634638944699628E-02   2.0977429824038890E-01 
      1     539   9964       NK     ----    0.01  0.902   2.0744611437728883E-04   2.5480345948113482E-05   1.0560465022010345E-05   1.2708096571599407E-05   4.6491718119542231E-05   2.1854781321399993E-09   3.9293804846828007E-01   3.8880370172781488E-02   3.1643974744020954E-02   7.2363954287605406E-03   5.1634547799579197E-02   2.0962868230056908E-01 
      1     540   9991       NK     ----    0.01  0.910   2.0724463063248079E-04   2.5423534728691861E-05   1.0527102602514232E-05   1.2698214264691521E-05   4.6473590080740733E-05   2.2832265531565774E-09   3.9293867048194825E-01   3.8880237313676909E-02   3.1643849482333487E-02   7.2363878313434250E-03   5.1634454417527911E-02   2.0952652197834795E-01 
      1     541  10017       NK     ----    0.01  0.903   2.0681375530698484E-04   2.5302223150727615E-05   1.0457318999474346E-05   1.2678886154585441E-05   4.6437067208910471E-05   2.3382831314948854E-09   3.9293996573599710E-01   3.8879975574817163E-02   3.1643603971114029E-02   7.2363716037031423E-03   5.1634265668556910E-02   2.0915605626626599E-01 
      1     542  10040       NK     ----    0.10  0.979   2.0589820992464842E-04   2.5204368179329738E-05   1.0435080560733615E-05   1.2820053544110949E-05   4.7014171898696687E-05   2.7185296351658103E-09   3.9294999136542119E-01   3.8878996823465427E-02   3.1642656915883541E-02   7.2363399075818730E-03   5.1632621713602701E-02   2.0885497224551247E-01 
      1     543  10065       NK     ----    0.03  0.991   2.0577955504745712E-04   2.5206120663057707E-05   1.0440260732202616E-05   1.2850543265962314E-05   4.7141339281382043E-05   2.7535805270348350E-09   3.9295200643171047E-01   3.8878822656632228E-02   3.1642486766391392E-02   7.2363358902408368E-03   5.1632290890616640E-02   2.0881723053704368E-01 
      1     544  10088       NK     ----    0.10  0.993   2.0541791934673852E-04   2.5239031632550912E-05   1.0464529571638305E-05   1.2963942145976021E-05   4.7605343062147099E-05   2.7413662382258517E-09   3.9295913587006692E-01   3.8878217101809595E-02   3.1641893281513990E-02   7.2363238202956042E-03   5.1631113487591578E-02   2.0857691485178231E-01 
      1     545  10111       NK     ----    0.10  0.986   2.0482824696235670E-04   2.5145198767270354E-05   1.0429900295585315E-05   1.3042488142964928E-05   4.7985781462158522E-05   2.8966675591620826E-09   3.9296347112287178E-01   3.8877797971656594E-02   3.1641495947269983E-02   7.2363020243866056E-03   5.1630461122293039E-02   2.0830228698914088E-01 
      1     546  10135       NK     ----    0.05  0.993   2.0466836519591889E-04   2.5148186062382102E-05   1.0432401608651594E-05   1.3076605096726858E-05   4.8143472567519543E-05   2.8883619034996266E-09   3.9296579025721468E-01   3.8877584694194542E-02   3.1641288284516712E-02   7.2362964096778296E-03   5.1630078289507907E-02   2.0817995307430245E-01 
      1     547  10158       NK     ----    0.17  0.997   2.0443832593205206E-04   2.5200501906841354E-05   1.0442038047444402E-05   1.3141421946724048E-05   4.8456762318758660E-05   2.5858215213499958E-09   3.9297076463655717E-01   3.8877136588367202E-02   3.1640847930919494E-02   7.2362886574477061E-03   5.1629244954501330E-02   2.0766983904930808E-01 
      1     548  10181       NK     ----    0.16  0.998   2.0425627834360011E-04   2.5271029726974957E-05   1.0457650762807152E-05   1.3196775914622018E-05   4.8691589618072911E-05   2.6383495792296470E-09   3.9297602905356405E-01   3.8876696613531665E-02   3.1640413566322273E-02   7.2362830472094009E-03   5.1628360509747354E-02   2.0762713823667769E-01 
      1     549  10204       NK     ----    0.15  0.999   2.0429694349389989E-04   2.5286676803310544E-05   1.0448745094838527E-05   1.3145395833234461E-05   4.8501117994628583E-05   2.6248792326826131E-09   3.9297627960551784E-01   3.8876663189429617E-02   3.1640378504097774E-02   7.2362846853318416E-03   5.1628294814165032E-02   2.0760502312899387E-01 
#--------------------------------------------------------------------------------------------------------------------------------------------------------------------------------------------------------------------------------------------------------------------------------------------------------------------------------------------------------------------
#  Grid  | Iter | Iter |  Iter  |   CFL   | Step | Lin  |        Res rho         |        Res rhou        |        Res rhov        |        Res rhow        |        Res rhoE        |       Res nuturb       |         C_lift         |        C_drag          |        C_drag_p        |        C_drag_v        |          C_My          |        totalRes        |
#  level |      | Tot  |  Type  |         |      | Res  |                        |                        |                        |                        |                        |                        |                        |                        |                        |                        |                        |                        |
#--------------------------------------------------------------------------------------------------------------------------------------------------------------------------------------------------------------------------------------------------------------------------------------------------------------------------------------------------------------------
      1     550  10226       NK     ----    1.00  0.999   2.0456604871969407E-04   2.5363721844259876E-05   1.0463852001198377E-05   1.2912197280228977E-05   4.7940897797999144E-05   2.3849146883597970E-09   3.9297530316089457E-01   3.8876572914192518E-02   3.1640278998454278E-02   7.2362939157382547E-03   5.1628292758561400E-02   2.0745488174880028E-01 
      1     551  10250       NK     ----    0.15  0.999   2.0449640658941641E-04   2.5371541661066906E-05   1.0467221831907366E-05   1.2932221930135550E-05   4.8070709020766800E-05   2.3956038342034938E-09   3.9297617978045307E-01   3.8876458425263563E-02   3.1640167365163646E-02   7.2362910600999213E-03   5.1628118761081476E-02   2.0743230967809206E-01 
      1     552  10273       NK     ----    0.29  0.999   2.0434761836810896E-04   2.5445909682793914E-05   1.0504612225448380E-05   1.3019263329823000E-05   4.8457108213564805E-05   2.4170507656197924E-09   3.9298114272491985E-01   3.8875998554685598E-02   3.1639712910382763E-02   7.2362856443028449E-03   5.1627238422869856E-02   2.0741778507223096E-01 
      1     553  10295       NK     ----    1.00  1.000   2.0470550815482994E-04   2.5252639645856137E-05   1.0356878660395330E-05   1.2678348310367180E-05   4.7457937615008078E-05   2.2601372728683514E-09   3.9296597879493761E-01   3.8876918100561202E-02   3.1640623695797898E-02   7.2362944047632887E-03   5.1629505106514595E-02   2.0731665573629365E-01 
      1     554  10322       NK     ----    0.01  0.983   2.0465238714784489E-04   2.5246731415224663E-05   1.0355913965801611E-05   1.2685347224577358E-05   4.7486730716189555E-05   2.2578299457609101E-09   3.9296652627945972E-01   3.8876870167279934E-02   3.1640577663834428E-02   7.2362925034455076E-03   5.1629414752160513E-02   2.0727071607302533E-01 
      1     555  10346       NK     ----    0.05  0.985   2.0426321538116185E-04   2.5211724189743959E-05   1.0355329983164332E-05   1.2745957573159469E-05   4.7743328526172832E-05   2.4192165220123477E-09   3.9297077983067435E-01   3.8876499244794638E-02   3.1640220654620861E-02   7.2362785901737663E-03   5.1628709852199535E-02   2.0713540077004855E-01 
      1     556  10373      *NK     ----    0.01  0.916   2.0408290643319948E-04   2.5154992768270210E-05   1.0327780419493480E-05   1.2735220324584832E-05   4.7714356019836514E-05   2.7125704292013012E-09   3.9297089941411406E-01   3.8876482687577693E-02   3.1640210823955218E-02   7.2362718636224651E-03   5.1628716190333206E-02   2.0729571660181004E-01 
      1     557  10396       NK     ----    0.31  0.994   2.0340838202334232E-04   2.5179650398964887E-05   1.0444053740679852E-05   1.2978905850101259E-05   4.8931032921022370E-05   2.4709041489240704E-09   3.9298152001913300E-01   3.8875545610593434E-02   3.1639299097000903E-02   7.2362465135925418E-03   5.1626947362216270E-02   2.0667463310873652E-01 
      1     558  10418       NK     ----    1.00  0.998   2.0362756479136809E-04   2.4687143535926640E-05   1.0268322438975575E-05   1.2521388427015003E-05   4.7760308813043039E-05   2.2332327270671891E-09   3.9295287084780828E-01   3.8876719016709645E-02   3.1640477700187165E-02   7.2362413165224992E-03   5.1631386416795967E-02   2.0627346917387446E-01 
      1     559  10445       NK     ----    0.01  0.921   2.0344519731911679E-04   2.4632048643430694E-05   1.0243495849895423E-05   1.2509563335395965E-05   4.7718069220753457E-05   2.4694107088579367E-09   3.9295316803872421E-01   3.8876676843211395E-02   3.1640442138976141E-02   7.2362347042352771E-03   5.1631337732917990E-02   2.0634037980890826E-01 
      1     560  10470       NK     ----    0.03  0.932   2.0289566691855033E-04   2.4454352805124636E-05   1.0160396409091996E-05   1.2467491446662285E-05   4.7563011707498007E-05   2.4292782025576064E-09   3.9295403491557795E-01   3.8876543453527798E-02   3.1640328928280489E-02   7.2362145252473226E-03   5.1631207359094947E-02   2.0572425596600649E-01 
      1     561  10494       NK     ----    0.05  0.946   2.0201772654978382E-04   2.4163814354995756E-05   1.0026102988891914E-05   1.2395308906387593E-05   4.7310805756914898E-05   2.6789241566752522E-09   3.9295507086641196E-01   3.8876330917236510E-02   3.1640148779401585E-02   7.2361821378349568E-03   5.1631057773892881E-02   2.0510323468000582E-01 
      1     562  10517       NK     ----    0.10  0.964   2.0081872435536127E-04   2.3783699744045695E-05   9.8603611354791214E-06   1.2310023969713408E-05   4.7128047786570640E-05   2.5610254330994725E-09   3.9295544348008149E-01   3.8875996522000744E-02   3.1639859226324570E-02   7.2361372956761720E-03   5.1631009185188856E-02   2.0375227829228895E-01 
      1     563  10542       NK     ----    0.03  0.992   2.0073613023094500E-04   2.3783552732914603E-05   9.8615325756013862E-06   1.2325476517413983E-05   4.7220473639453462E-05   2.5196629652828369E-09   3.9295668567447506E-01   3.8875866516734567E-02   3.1639732122494206E-02   7.2361343942403695E-03   5.1630799427031505E-02   2.0364795813600819E-01 
      1     564  10564       NK     ----    1.00  0.993   1.9804753726796116E-04   2.4418632713379044E-05   1.0225536815963569E-05   1.3429805539197041E-05   5.2299799324213435E-05   2.5761610924440139E-09   3.9301263250974589E-01   3.8870696351304058E-02   3.1634652201792728E-02   7.2360441495113274E-03   5.1621442362054897E-02   2.0255321233126644E-01 
      1     565  10591       NK     ----    0.01  0.984   1.9801880973375726E-04   2.4411031849292603E-05   1.0225279498613208E-05   1.3429779645287450E-05   5.2289499376677854E-05   2.6503453088650905E-09   3.9301267012394792E-01   3.8870714335369809E-02   3.1634670977110542E-02   7.2360433582592644E-03   5.1621438044364774E-02   2.0261359280556321E-01 
      1     566  10614       NK     ----    0.10  0.983   1.9760305311074836E-04   2.4256284933639108E-05   1.0198961659684762E-05   1.3370332440698861E-05   5.1850958877544613E-05   2.7163349356209604E-09   3.9301169771956534E-01   3.8871027479213324E-02   3.1634996155700465E-02   7.2360313235128601E-03   5.1621558003826007E-02   2.0218397577115035E-01 
      1     567  10637       NK     ----    0.10  0.986   1.9697708088628493E-04   2.4200984599335540E-05   1.0269101308057727E-05   1.3484247682231304E-05   5.2285656047936677E-05   2.8042481123418945E-09   3.9301503508656749E-01   3.8870944697744957E-02   3.1634932365943044E-02   7.2360123318019305E-03   5.1620979555309497E-02   2.0183060454320778E-01 
      1     568  10663       NK     ----    0.01  0.995   1.9696721309634646E-04   2.4197902841210988E-05   1.0271307095679231E-05   1.3484955891596742E-05   5.2279147337215330E-05   2.7881890241246032E-09   3.9301503965021822E-01   3.8870967176583664E-02   3.1634955018045537E-02   7.2360121585381210E-03   5.1620980689649286E-02   2.0179874875136850E-01 
      1     569  10685       NK     ----    1.00  0.995   1.9698646750350844E-04   2.4253006786965578E-05   1.0364987791743064E-05   1.3527132869211165E-05   5.1890005994475966E-05   1.9360511655328001E-09   3.9301405539366080E-01   3.8871495576769478E-02   3.1635478767582229E-02   7.2360168091872810E-03   5.1621432748548787E-02   2.0079195325485430E-01 
      1     570  10707       NK     ----    1.00  0.995   1.9714545445744181E-04   2.2690007316823438E-05   9.4922514072126478E-06   1.2237376083084232E-05   4.7639667977897735E-05   2.3049463115983887E-09   3.9294857089746943E-01   3.8876931010300875E-02   3.1640922249303170E-02   7.2360087609977348E-03   5.1631604663023994E-02   2.0002051305587831E-01 
      1     571  10732       NK     ----    0.03  0.985   1.9703828058604536E-04   2.2653228766229597E-05   9.4770873426518701E-06   1.2216643181048109E-05   4.7551869991851000E-05   2.2649750402849054E-09   3.9294880561202977E-01   3.8876816194242887E-02   3.1640811475076608E-02   7.2360047191662663E-03   5.1631578110591235E-02   1.9985227418163454E-01 
      1     572  10755       NK     ----    0.15  0.985   1.9646147794342907E-04   2.2447089633094458E-05   9.4100177639220842E-06   1.2118813196512864E-05   4.7183340581197920E-05   2.5883194031515108E-09   3.9295052195037922E-01   3.8876082831267464E-02   3.1640100239690008E-02   7.2359825915774556E-03   5.1631391258009869E-02   1.9957389421226782E-01 
      1     573  10779       NK     ----    0.05  0.996   1.9643816729949008E-04   2.2457562480366597E-05   9.3974768937916143E-06   1.2103747515927766E-05   4.7036885849666551E-05   2.4334509749066783E-09   3.9295093666877290E-01   3.8876017307299143E-02   3.1640035450039530E-02   7.2359818572596234E-03   5.1631306588999518E-02   1.9933544124849062E-01 
      1     574  10803       NK     ----    0.05  0.997   1.9642429658183667E-04   2.2471349592902846E-05   9.3897410145157609E-06   1.2093812724500945E-05   4.6925588945448964E-05   2.4117578421112923E-09   3.9295146445597467E-01   3.8875935386192169E-02   3.1639953998992221E-02   7.2359813871999334E-03   5.1631204073355502E-02   1.9927349001156955E-01 
      1     575  10826       NK     ----    0.16  0.996   1.9613971624811067E-04   2.2591634712653212E-05   9.4446365952466332E-06   1.2189048328246456E-05   4.7276859243432393E-05   2.4888363161510500E-09   3.9295963310507737E-01   3.8874842122023995E-02   3.1638870755507531E-02   7.2359713665164846E-03   5.1629800801496394E-02   1.9919754978130449E-01 
      1     576  10849      *NK     ----    0.10  0.978   1.9555971526699764E-04   2.2323815651587764E-05   9.2930398602310850E-06   1.2029004542747366E-05   4.6720046080499273E-05   2.3958074143545270E-09   3.9295256331896883E-01   3.8874920620442364E-02   3.1638971083600191E-02   7.2359495368421994E-03   5.1631072523639993E-02   1.9838222667289412E-01 
      1     577  10876       NK     ----    0.01  0.985   1.9554208921652896E-04   2.2310873865341530E-05   9.2872994952827637E-06   1.2021548671081027E-05   4.6696290487396420E-05   2.4143945554245026E-09   3.9295225240870119E-01   3.8874922402879507E-02   3.1638973627209035E-02   7.2359487756704531E-03   5.1631128885755016E-02   1.9837976510027255E-01 
      1     578  10899       NK     ----    0.16  0.982   1.9489402031906041E-04   2.1965362361564302E-05   9.1606470028726769E-06   1.1873585517572066E-05   4.6356909794995947E-05   2.8349157856726704E-09   3.9294485549568803E-01   3.8874813187064199E-02   3.1638890648858893E-02   7.2359225382053029E-03   5.1632480070363779E-02   1.9817753159960014E-01 
      1     579  10921       NK     ----    1.00  0.995   1.9444451567840449E-04   2.2053431998546084E-05   9.1175311717717292E-06   1.1910514736283671E-05   4.6699325386751954E-05   2.6022080558833602E-09   3.9293860995036856E-01   3.8873665622512793E-02   3.1637769074995714E-02   7.2358965475170667E-03   5.1633515466811421E-02   1.9754429094635567E-01 
      1     580  10945       NK     ----    0.04  0.999   1.9445340260010365E-04   2.2054239888029670E-05   9.1168723257337171E-06   1.1909563327990784E-05   4.6692431479988199E-05   2.5931378910786000E-09   3.9293862962982357E-01   3.8873651710292993E-02   3.1637754915573260E-02   7.2358967947197409E-03   5.1633517479908943E-02   1.9753975776469621E-01 
      1     581  10968       NK     ----    0.10  0.999   1.9448288144208279E-04   2.2052720662596579E-05   9.1155451892053129E-06   1.1905457730696139E-05   4.6671613911092116E-05   2.5713109951574252E-09   3.9293856067280292E-01   3.8873635421750159E-02   3.1637737787166186E-02   7.2358976345839520E-03   5.1633542419077111E-02   1.9753512766702505E-01 
      1     582  10991       NK     ----    0.47  0.999   1.9458222770691843E-04   2.2068204144378861E-05   9.1111076638657069E-06   1.1900739377376535E-05   4.6623099676722135E-05   2.4781454294748179E-09   3.9293752523873543E-01   3.8873660494659443E-02   3.1637759932565401E-02   7.2359005620940570E-03   5.1633767043098133E-02   1.9750545859985733E-01 
      1     583  11013       NK     ----    1.00  0.999   1.9462531608823230E-04   2.2070419725815739E-05   9.0462932781533795E-06   1.1838396317301126E-05   4.6147956259040076E-05   2.4199543818604783E-09   3.9293296987794785E-01   3.8874185702071747E-02   3.1638282888422277E-02   7.2359028136494809E-03   5.1634589320301780E-02   1.9736604676456460E-01 
      1     584  11040       NK     ----    0.01  0.994   1.9460921411023672E-04   2.2067981087014855E-05   9.0467307932650319E-06   1.1839849000047482E-05   4.6158395907323493E-05   2.4224096502837842E-09   3.9293305767305975E-01   3.8874159629989538E-02   3.1638257440242637E-02   7.2359021897469445E-03   5.1634572394946190E-02   1.9735605908485135E-01 
      1     585  11064       NK     ----    0.10  0.998   1.9453887278362438E-04   2.2090798164443427E-05   9.0567201138199512E-06   1.1861442649781640E-05   4.6239953888872081E-05   2.4324108037971454E-09   3.9293638563459909E-01   3.8873845682199815E-02   3.1637944974155965E-02   7.2359007080438414E-03   5.1634020784290767E-02   1.9732432176748285E-01 
      1     586  11088       NK     ----    0.04  0.999   1.9454323746001507E-04   2.2093493211908797E-05   9.0554583087017167E-06   1.1859963400879339E-05   4.6220453597420707E-05   2.4316057867813192E-09   3.9293715973089721E-01   3.8873820427067884E-02   3.1637919078399489E-02   7.2359013486683913E-03   5.1633898728634414E-02   1.9732328172010818E-01 
      1     587  11113       NK     ----    0.00  0.999   1.9454360170196818E-04   2.2093538460150982E-05   9.0553606144410867E-06   1.1859823710666571E-05   4.6219221178603650E-05   2.4315780773341124E-09   3.9293718911755160E-01   3.8873819975101101E-02   3.1637918592466230E-02   7.2359013826348703E-03   5.1633894167928657E-02   1.9732330857694755E-01 
      1     588  11138       NK     ----    0.00  0.999   1.9454397837159285E-04   2.2093582060983589E-05   9.0552599480696993E-06   1.1859679159985184E-05   4.6217955152294898E-05   2.4315509686879637E-09   3.9293721884070754E-01   3.8873819538352852E-02   3.1637918120968313E-02   7.2359014173845326E-03   5.1633889557999045E-02   1.9732333969399132E-01 
      1     589  11163       NK     ----    0.00  0.999   1.9454438136881167E-04   2.2093625360118304E-05   9.0551526090098261E-06   1.1859524483675350E-05   4.6216609494841898E-05   2.4315235823741971E-09   3.9293724994318746E-01   3.8873819103173293E-02   3.1637917649004539E-02   7.2359014541687793E-03   5.1633884737357236E-02   1.9732337649271167E-01 
      1     590  11188       NK     ----    0.00  0.999   1.9454481828450477E-04   2.2093668602436257E-05   9.0550366621304210E-06   1.1859356730996626E-05   4.6215160271288087E-05   2.4314956285666361E-09   3.9293728289595192E-01   3.8873818666607933E-02   3.1637917172992656E-02   7.2359014936152800E-03   5.1633879633538111E-02   1.9732342018417773E-01 
      1     591  11213       NK     ----    0.00  0.999   1.9454528882691303E-04   2.2093711047015453E-05   9.0549122323814882E-06   1.1859176015442931E-05   4.6213610143960346E-05   2.4314673567418753E-09   3.9293731753655614E-01   3.8873818235369187E-02   3.1637916699751203E-02   7.2359015356179834E-03   5.1633874272376826E-02   1.9732347131112540E-01 
      1     592  11238       NK     ----    0.00  0.999   1.9454579241747421E-04   2.2093751967228509E-05   9.0547795536089582E-06   1.1858982437804221E-05   4.6211962621773127E-05   2.4314389962861713E-09   3.9293735368701510E-01   3.8873817816158465E-02   3.1637916236110980E-02   7.2359015800474930E-03   5.1633868682081356E-02   1.9732353031877944E-01 
      1     593  11263       NK     ----    0.00  0.999   1.9454632837377005E-04   2.2093790639733327E-05   9.0546388459061328E-06   1.1858776353405429E-05   4.6210221447400517E-05   2.4314107368051944E-09   3.9293739117031384E-01   3.8873817415368730E-02   3.1637915788596996E-02   7.2359016267717364E-03   5.1633862890666009E-02   1.9732359757543053E-01 
      1     594  11288       NK     ----    0.00  0.999   1.9454689587623410E-04   2.2093826376762237E-05   9.0544904167952253E-06   1.1858558028182199E-05   4.6208390651358676E-05   2.4313827299038732E-09   3.9293742980859042E-01   3.8873817039074915E-02   3.1637915363425265E-02   7.2359016756496407E-03   5.1633856926228343E-02   1.9732367334372858E-01 
      1     595  11313       NK     ----    0.00  0.999   1.9454749400290748E-04   2.2093858502540725E-05   9.0543345346280029E-06   1.1858327721304029E-05   4.6206474445142886E-05   2.4313550813767021E-09   3.9293746942759727E-01   3.8873816692932078E-02   3.1637914966393989E-02   7.2359017265380705E-03   5.1633850816247807E-02   1.9732375777698541E-01 
      1     596  11340      *NK     ----    0.01  0.937   1.9441490855989175E-04   2.2047992128337778E-05   9.0387735796394334E-06   1.1847185735388929E-05   4.6178263933145905E-05   2.4280221782988330E-09   3.9293697818649831E-01   3.8873823054921014E-02   3.1637925996655006E-02   7.2358970582660160E-03   5.1633921717321334E-02   1.9718422697596352E-01 
      1     597  11367       NK     ----    0.01  0.941   1.9428805084533820E-04   2.2004973537693398E-05   9.0242612256911353E-06   1.1836970982056755E-05   4.6154363186279532E-05   2.4311456598835652E-09   3.9293649195509461E-01   3.8873830686187737E-02   3.1637938104327495E-02   7.2358925818602465E-03   5.1633991529631433E-02   1.9705888058844970E-01 
      1     598  11392       NK     ----    0.03  0.941   1.9378404893208791E-04   2.1835212860766665E-05   8.9681402807137686E-06   1.1798176242767675E-05   4.6080230259474823E-05   2.5923836290713454E-09   3.9293455345537820E-01   3.8873867869707042E-02   3.1637993089038204E-02   7.2358747806688583E-03   5.1634268813592996E-02   1.9674564015439425E-01 
      1     599  11419       NK     ----    0.01  0.969   1.9372781045070054E-04   2.1808680231751940E-05   8.9599722928712577E-06   1.1789264194284669E-05   4.6048686662858189E-05   2.5703591505689406E-09   3.9293399406794416E-01   3.8873891784038786E-02   3.1638019208440928E-02   7.2358725755978523E-03   5.1634352804884980E-02   1.9665553859872792E-01 
#--------------------------------------------------------------------------------------------------------------------------------------------------------------------------------------------------------------------------------------------------------------------------------------------------------------------------------------------------------------------
#  Grid  | Iter | Iter |  Iter  |   CFL   | Step | Lin  |        Res rho         |        Res rhou        |        Res rhov        |        Res rhow        |        Res rhoE        |       Res nuturb       |         C_lift         |        C_drag          |        C_drag_p        |        C_drag_v        |          C_My          |        totalRes        |
#  level |      | Tot  |  Type  |         |      | Res  |                        |                        |                        |                        |                        |                        |                        |                        |                        |                        |                        |                        |
#--------------------------------------------------------------------------------------------------------------------------------------------------------------------------------------------------------------------------------------------------------------------------------------------------------------------------------------------------------------------
      1     600  11446       NK     ----    0.01  0.970   1.9367084467226955E-04   2.1783906403055461E-05   8.9523794957604610E-06   1.1781356016259916E-05   4.6023842058785895E-05   2.5891224058343693E-09   3.9293350805319283E-01   3.8873908726512335E-02   3.1638038362353550E-02   7.2358703641587831E-03   5.1634423343887945E-02   1.9661698334506261E-01 
      1     601  11470       NK     ----    0.05  0.969   1.9320635890644693E-04   2.1574118233298959E-05   8.8917162864377084E-06   1.1719038210102816E-05   4.5824343791418728E-05   2.5796299120557431E-09   3.9292886206868205E-01   3.8874108532246925E-02   3.1638256427423628E-02   7.2358521048233098E-03   5.1635118588918047E-02   1.9610169429834462E-01 
      1     602  11495       NK     ----    0.03  0.972   1.9299228707784732E-04   2.1480619461776970E-05   8.8659970192716204E-06   1.1697566548966210E-05   4.5779924784302051E-05   2.5345720338913389E-09   3.9292653591184179E-01   3.8874203948649377E-02   3.1638360461802788E-02   7.2358434868465913E-03   5.1635465368554567E-02   1.9582551610947382E-01 
      1     603  11518       NK     ----    0.10  0.974   1.9216008611865217E-04   2.1151460291846350E-05   8.7878306808963145E-06   1.1656267722948608E-05   4.5802163742730102E-05   2.4487880853682052E-09   3.9291664279181610E-01   3.8874597409240950E-02   3.1638788196170997E-02   7.2358092130699412E-03   5.1636941034273666E-02   1.9491409287859307E-01 
      1     604  11543       NK     ----    0.03  0.988   1.9202089609202675E-04   2.1111208904753107E-05   8.7816749418007178E-06   1.1663582154700089E-05   4.5854758814001798E-05   2.3449640935223269E-09   3.9291394689429954E-01   3.8874692659735512E-02   3.1638889881780853E-02   7.2358027779546637E-03   5.1637357235079451E-02   1.9467186226194622E-01 
      1     605  11570       NK     ----    0.01  0.995   1.9201190793499372E-04   2.1106034226417027E-05   8.7799519918275358E-06   1.1662812019357992E-05   4.5846736151455354E-05   2.3592311041012010E-09   3.9291342363116050E-01   3.8874720597069666E-02   3.1638918389185519E-02   7.2358022078841434E-03   5.1637441764843632E-02   1.9467733016921226E-01 
      1     606  11594       NK     ----    0.05  0.989   1.9180250724704152E-04   2.1036637054074108E-05   8.7651340293732847E-06   1.1673039394329348E-05   4.5877563930255948E-05   2.4165105975517867E-09   3.9290756259526688E-01   3.8874962814421474E-02   3.1639171205122427E-02   7.2357916092990488E-03   5.1638362927787111E-02   1.9454858507938522E-01 
      1     607  11616       NK     ----    1.00  0.995   1.9068701238093489E-04   2.1514803061034817E-05   8.6442947630129741E-06   1.2291103445658577E-05   4.6210676695267041E-05   2.6832738502549023E-09   3.9282312920118267E-01   3.8879678715270836E-02   3.1643965462766648E-02   7.2357132525041968E-03   5.1652176785411424E-02   1.9399785989440044E-01 
      1     608  11641       NK     ----    0.04  0.994   1.9068894469016930E-04   2.1429685792516319E-05   8.6213268809557912E-06   1.2222993753915006E-05   4.5967586282948170E-05   2.6862473209882872E-09   3.9282586410408332E-01   3.8879670680219254E-02   3.1643954827210802E-02   7.2357158530084540E-03   5.1651757890576903E-02   1.9393514814809315E-01 
      1     609  11663       NK     ----    1.00  0.995   1.9086438500447948E-04   2.0351722801714818E-05   8.4331034496040487E-06   1.1604817146217925E-05   4.3389840871283736E-05   2.3855718374923672E-09   3.9288875450469285E-01   3.8879620513021705E-02   3.1643844073350594E-02   7.2357764396711105E-03   5.1642263921677201E-02   1.9301171356795915E-01 
      1     610  11690       NK     ----    0.01  0.984   1.9083073919124940E-04   2.0333640056685499E-05   8.4271424716297213E-06   1.1604821733930012E-05   4.3385825943204976E-05   2.6395483823029451E-09   3.9288836700998592E-01   3.8879704035565947E-02   3.1643928477206366E-02   7.2357755583595858E-03   5.1642336655706535E-02   1.9328905181931902E-01 
      1     611  11713       NK     ----    0.10  0.987   1.9040057728068115E-04   2.0129310631396991E-05   8.3565750524147178E-06   1.1585537849361682E-05   4.3387471357660080E-05   2.6578225099933330E-09   3.9289167054553281E-01   3.8880279334935090E-02   3.1644511906525022E-02   7.2357674284100728E-03   5.1641842807299186E-02   1.9288837455887314E-01 
      1     612  11738       NK     ----    0.03  0.978   1.9018681401352795E-04   2.0048995469906768E-05   8.3378264589701111E-06   1.1592451465178916E-05   4.3441049246978233E-05   2.6649097665309526E-09   3.9289361975900200E-01   3.8880428579809972E-02   3.1644665768058231E-02   7.2357628117517420E-03   5.1641550224808652E-02   1.9270172802294366E-01 
      1     613  11764       NK     ----    0.01  0.981   1.9009394780983635E-04   2.0016522623876856E-05   8.3304252284573837E-06   1.1596181826417838E-05   4.3467831831328342E-05   2.6401580839060439E-09   3.9289479687321505E-01   3.8880473635194181E-02   3.1644712689649683E-02   7.2357609455445176E-03   5.1641367466641344E-02   1.9258556445660560E-01 
      1     614  11789       NK     ----    0.03  0.986   1.8998745966935783E-04   1.9976612705699934E-05   8.3146724860784951E-06   1.1590229649260665E-05   4.3472263784010185E-05   2.5962148541163977E-09   3.9289640757731092E-01   3.8880501440363896E-02   3.1644742528585623E-02   7.2357589117782815E-03   5.1641099623276530E-02   1.9242611000193757E-01 
      1     615  11812       NK     ----    0.10  0.974   1.8907020062413198E-04   1.9696705862571690E-05   8.2318778328122063E-06   1.1593879350163792E-05   4.3624559901574988E-05   2.8215501241028098E-09   3.9290611046838803E-01   3.8880617460171872E-02   3.1644879968601422E-02   7.2357374915704578E-03   5.1639523057722708E-02   1.9187458439220750E-01 
      1     616  11835      *NK     ----    0.10  0.940   1.8753227637583687E-04   1.9190464872012420E-05   7.9862651648660568E-06   1.1332784235807388E-05   4.2605154286397870E-05   2.6172452104725664E-09   3.9291392091766347E-01   3.8880075673974931E-02   3.1644382436094944E-02   7.2356932378799983E-03   5.1637927583467393E-02   1.8987879860394477E-01 
      1     617  11862       NK     ----    0.01  0.798   1.8712075255030835E-04   1.9088308114389418E-05   7.9509912917394543E-06   1.1313582949229636E-05   4.2561975799437598E-05   3.5979028479992592E-09   3.9291478668689650E-01   3.8880016069701623E-02   3.1644334927521944E-02   7.2356811421796638E-03   5.1637757627563917E-02   1.9098500146584957E-01 
      1     618  11885       NK     ----    0.10  0.955   1.8568141542619636E-04   1.8917233054314422E-05   7.8627074006914930E-06   1.1357942157146187E-05   4.2729020633016099E-05   3.1828034313286630E-09   3.9292914869877898E-01   3.8879347936784998E-02   3.1643703574096328E-02   7.2356443626886589E-03   5.1635260362589072E-02   1.8897274099113207E-01 
      1     619  11907       NK     ----    1.00  0.984   1.8357091517707882E-04   1.8565861077777965E-05   7.4615714046037743E-06   1.0857560126351823E-05   4.1296830530793884E-05   2.5070454052881071E-09   3.9294335562146104E-01   3.8877043179901809E-02   3.1641463201610147E-02   7.2355799782916844E-03   5.1631568760782155E-02   1.8566344006375182E-01 
      1     620  11932       NK     ----    0.03  0.995   1.8357579702995530E-04   1.8560364389623468E-05   7.4612137174641617E-06   1.0853223015341868E-05   4.1257721362877806E-05   2.4742302372893571E-09   3.9294320466628196E-01   3.8877060000446884E-02   3.1641479857761605E-02   7.2355801426852813E-03   5.1631613152054723E-02   1.8561749918228829E-01 
      1     621  11954       NK     ----    1.00  0.996   1.8371725586952673E-04   1.8442920045340458E-05   7.5504142602152042E-06   1.0882741487060974E-05   4.0648781228883160E-05   2.0257238506705228E-09   3.9293822059836231E-01   3.8877706710369150E-02   3.1642121456400427E-02   7.2355852539687446E-03   5.1633158515167955E-02   1.8510333594707964E-01 
      1     622  11981       NK     ----    0.01  0.933   1.8357050646040121E-04   1.8417667750182547E-05   7.5374859285250918E-06   1.0882049153068765E-05   4.0649881576697761E-05   7.1966775725804091E-09   3.9293868400572063E-01   3.8877650242804686E-02   3.1642069256191244E-02   7.2355809866134482E-03   5.1633072840985297E-02   1.9674590893454302E-01 
      1     623  12004       NK     ----    0.31  0.934   1.8291769713636643E-04   1.8235710715400107E-05   7.3996850642330405E-06   1.0840335973082391E-05   4.0871472750521945E-05   5.9291509997242923E-09   3.9293433707210107E-01   3.8877442079684146E-02   3.1641885371148669E-02   7.2355567085355000E-03   5.1633373126923308E-02   1.9215148981361560E-01 
      1     624  12026       NK     ----    1.00  0.955   1.8169920367466276E-04   1.7910447985852614E-05   7.4148614484325313E-06   1.0972736139013551E-05   4.2876376769835668E-05   2.1264633013233036E-09   3.9292140304435264E-01   3.8876724740660507E-02   3.1641222678618498E-02   7.2355020620420169E-03   5.1633725834990110E-02   1.8375086792907025E-01 
      1     625  12049       NK     ----    0.15  0.995   1.8170977059768818E-04   1.7804613678999735E-05   7.3332968066705776E-06   1.0886737595159816E-05   4.2201662676384142E-05   2.0251846775586691E-09   3.9291631397691901E-01   3.8877102385374049E-02   3.1641600416228044E-02   7.2355019691460031E-03   5.1634709258750418E-02   1.8348770676976639E-01 
      1     626  12071       NK     ----    1.00  0.997   1.8179633010770264E-04   1.7727050888885206E-05   7.1008355288767790E-06   1.0667114787637821E-05   4.1183058227583381E-05   1.7946048886253940E-09   3.9292173300321043E-01   3.8876868834582939E-02   3.1641359460097267E-02   7.2355093744856831E-03   5.1634243138375328E-02   1.8309564790483240E-01 
      1     627  12094       NK     ----    0.21  0.998   1.8175621550820518E-04   1.7721061038356764E-05   7.1111858101492105E-06   1.0670257494776353E-05   4.0995224131110789E-05   1.7242663058304420E-09   3.9292430168274523E-01   3.8876808482276322E-02   3.1641298685938964E-02   7.2355097963373626E-03   5.1633884973866277E-02   1.8295453905126921E-01 
      1     628  12121       NK     ----    0.01  0.983   1.8170763439170277E-04   1.7718914833835316E-05   7.1096948061956789E-06   1.0674065369883165E-05   4.1021803266523920E-05   6.5504975644645555E-09   3.9292497138123061E-01   3.8876762539439585E-02   3.1641253965764449E-02   7.2355085736751394E-03   5.1633767572759004E-02   1.9293554448121067E-01 
      1     629  12146       NK     ----    0.03  0.942   1.8162954076941863E-04   1.7713988297970420E-05   7.1042000500580079E-06   1.0671692107481992E-05   4.1080379420708644E-05   6.4849708529468645E-09   3.9292570246800379E-01   3.8876663084282788E-02   3.1641157072551947E-02   7.2355060117308499E-03   5.1633585445821091E-02   1.9266825552853215E-01 
      1     630  12170       NK     ----    0.05  0.945   1.8151212212727023E-04   1.7707096412031528E-05   7.0993800059489568E-06   1.0672728849318225E-05   4.1184347595925707E-05   6.3342136911900286E-09   3.9292670997537255E-01   3.8876511775218670E-02   3.1641009713449963E-02   7.2355020617687086E-03   5.1633316137691898E-02   1.9211031391577588E-01 
      1     631  12193       NK     ----    0.10  0.949   1.8134392548571220E-04   1.7709473645289526E-05   7.0938308013420378E-06   1.0676240941171612E-05   4.1386961614413463E-05   5.9874114831263036E-09   3.9292869088015880E-01   3.8876237280586833E-02   3.1640740983847282E-02   7.2354962967395410E-03   5.1632838114227975E-02   1.9094937540448562E-01 
      1     632  12220       NK     ----    0.01  0.959   1.8133728304937962E-04   1.7708621801737883E-05   7.0937428503711128E-06   1.0676031298743229E-05   4.1395567580142600E-05   5.9590923506810925E-09   3.9292872254523298E-01   3.8876227617116052E-02   3.1640731581629659E-02   7.2354960354863917E-03   5.1632826300368903E-02   1.9086152938028991E-01 
      1     633  12247       NK     ----    0.01  0.960   1.8133351410665077E-04   1.7708117837643964E-05   7.0939226686647358E-06   1.0675738193135388E-05   4.1402218682035074E-05   5.9378846930863422E-09   3.9292876772846086E-01   3.8876220253164652E-02   3.1640724366022707E-02   7.2354958871419317E-03   5.1632814455109699E-02   1.9079711250780110E-01 
      1     634  12269       NK     ----    1.00  0.961   1.8150455162474475E-04   1.7787904811926583E-05   7.2216174808537037E-06   1.0734128783212067E-05   4.1420156113413185E-05   2.3651342407223367E-09   3.9293426949851529E-01   3.8876506917857857E-02   3.1641001184272190E-02   7.2355057335856642E-03   5.1632043527985769E-02   1.8349757378355580E-01 
      1     635  12296       NK     ----    0.01  0.938   1.8136104812095525E-04   1.7763103561152661E-05   7.2126321240434531E-06   1.0733947791611322E-05   4.1437808220692768E-05   1.0089594274947589E-08   3.9293488449992220E-01   3.8876468376524108E-02   3.1640966535913660E-02   7.2355018406104425E-03   5.1631929682615652E-02   2.0662986957060675E-01 
      1     636  12323      *NK     ----    0.01  0.827   1.8121214759185593E-04   1.7723585789292080E-05   7.1976828659254755E-06   1.0725951459223947E-05   4.1412871872288405E-05   1.0035825004860288E-08   3.9293460234902078E-01   3.8876488438441173E-02   3.1640991086681121E-02   7.2354973517600590E-03   5.1631957058093737E-02   2.0625056430475852E-01 
      1     637  12350       NK     ----    0.01  0.729   1.8084109099906573E-04   1.7633320069848184E-05   7.1632494565024093E-06   1.0707245667974964E-05   4.1357067663129186E-05   1.0205602792449253E-08   3.9293440414975406E-01   3.8876493207287692E-02   3.1641006636298652E-02   7.2354865709890548E-03   5.1631946858420256E-02   2.0670870317459034E-01 
      1     638  12377       NK     ----    0.01  0.816   1.8068511554198240E-04   1.7592584191309555E-05   7.1505568970552371E-06   1.0700235157983659E-05   4.1345163708947973E-05   1.0157869493922493E-08   3.9293420294320397E-01   3.8876507875219499E-02   3.1641025937650079E-02   7.2354819375694043E-03   5.1631950593326675E-02   2.0635174149543098E-01 
      1     639  12403       NK     ----    0.01  0.790   1.8021594223949016E-04   1.7478537475200256E-05   7.1126715330640116E-06   1.0678266333775677E-05   4.1302872326681930E-05   1.0021313293970791E-08   3.9293379967493031E-01   3.8876529360619264E-02   3.1641061203642205E-02   7.2354681569770617E-03   5.1631940143370421E-02   2.0531304828998437E-01 
      1     640  12426       NK     ----    0.10  0.856   1.7909192187593405E-04   1.7190432331169643E-05   7.0112119426624765E-06   1.0625107358349701E-05   4.1235874945973278E-05   9.0860832664127989E-09   3.9293067794145359E-01   3.8876772702779151E-02   3.1641338128770354E-02   7.2354345740087943E-03   5.1632176703832910E-02   2.0017540607906764E-01 
      1     641  12450       NK     ----    0.05  0.888   1.7845683034498416E-04   1.7034801580534926E-05   6.9538212595701603E-06   1.0586607403405203E-05   4.1224487048527787E-05   8.7479088642892852E-09   3.9292982936882859E-01   3.8876838381341504E-02   3.1641421886143745E-02   7.2354164951977619E-03   5.1632160642655460E-02   1.9819136116616282E-01 
      1     642  12473       NK     ----    0.45  0.919   1.7781987610555647E-04   1.6761825314796770E-05   7.0624332790800781E-06   1.0659172508318542E-05   4.2796313154004648E-05   6.8342640556487312E-09   3.9291943610595770E-01   3.8877648946853353E-02   3.1642255611601271E-02   7.2353933352520879E-03   5.1633308109208319E-02   1.9071528120703271E-01 
      1     643  12495       NK     ----    1.00  0.935   1.7692169630793519E-04   1.7562221934414211E-05   7.0864632788974829E-06   1.0652245483106892E-05   4.1912077529110229E-05   2.1387876280911445E-09   3.9296698377958089E-01   3.8873654684919337E-02   3.1638272823401675E-02   7.2353818615176566E-03   5.1626397909091098E-02   1.7903552429005512E-01 
      1     644  12519       NK     ----    0.14  0.990   1.7678837636245863E-04   1.7360277936918540E-05   7.0292986657322823E-06   1.0518496412722131E-05   4.1255365324693887E-05   2.2236757439838470E-09   3.9296276021669152E-01   3.8873905796943033E-02   3.1638530066235342E-02   7.2353757307076763E-03   5.1627095982521902E-02   1.7883673652345952E-01 
      1     645  12542       NK     ----    0.43  0.994   1.7670497801893902E-04   1.6883038230809900E-05   6.9798083955621611E-06   1.0335254886467127E-05   4.0018360231532479E-05   2.0109240461772708E-09   3.9294788980022888E-01   3.8874744610664064E-02   3.1639377822767302E-02   7.2353667878967574E-03   5.1629658581128418E-02   1.7820023243863109E-01 
      1     646  12567       NK     ----    0.03  0.996   1.7669822660157914E-04   1.6871593041345505E-05   6.9802362603850065E-06   1.0331315495471490E-05   3.9970040870077551E-05   1.9913803660805159E-09   3.9294740067297113E-01   3.8874791071797588E-02   3.1639424424987954E-02   7.2353666468096059E-03   5.1629755849279910E-02   1.7816176666794417E-01 
      1     647  12591       NK     ----    0.17  0.998   1.7668885084582754E-04   1.6820604750671786E-05   6.9861929202287343E-06   1.0322645073940221E-05   3.9730850791265361E-05   1.9234355993827181E-09   3.9294509686367113E-01   3.8875078205640144E-02   3.1639711128299192E-02   7.2353670773409491E-03   5.1630251274976439E-02   1.7802728720505809E-01 
      1     648  12614       NK     ----    0.28  0.998   1.7665922432226984E-04   1.6858702641064595E-05   7.0339344098107887E-06   1.0379925350657349E-05   3.9710980451988753E-05   1.8729507406139821E-09   3.9294608797077296E-01   3.8875242629663499E-02   3.1639874102315689E-02   7.2353685273478128E-03   5.1630237955656390E-02   1.7795290842157835E-01 
      1     649  12637       NK     ----    0.25  0.998   1.7644822176632042E-04   1.6972632272686877E-05   7.1010614409023336E-06   1.0508818807263793E-05   4.0113007766846574E-05   1.8092720203032293E-09   3.9295055666938250E-01   3.8874910147902036E-02   3.1639546651166341E-02   7.2353634967357106E-03   5.1629518471314403E-02   1.7779817510116297E-01 
#--------------------------------------------------------------------------------------------------------------------------------------------------------------------------------------------------------------------------------------------------------------------------------------------------------------------------------------------------------------------
#  Grid  | Iter | Iter |  Iter  |   CFL   | Step | Lin  |        Res rho         |        Res rhou        |        Res rhov        |        Res rhow        |        Res rhoE        |       Res nuturb       |         C_lift         |        C_drag          |        C_drag_p        |        C_drag_v        |          C_My          |        totalRes        |
#  level |      | Tot  |  Type  |         |      | Res  |                        |                        |                        |                        |                        |                        |                        |                        |                        |                        |                        |                        |
#--------------------------------------------------------------------------------------------------------------------------------------------------------------------------------------------------------------------------------------------------------------------------------------------------------------------------------------------------------------------
      1     650  12660       NK     ----    0.18  0.999   1.7638161114038093E-04   1.7032416916042910E-05   7.1328846290995492E-06   1.0572119907078852E-05   4.0297400522592472E-05   1.7864030791932607E-09   3.9295261748488369E-01   3.8874795331114209E-02   3.1639433018611510E-02   7.2353623125026873E-03   5.1629204075079822E-02   1.7776348748773441E-01 
      1     651  12682       NK     ----    1.00  0.999   1.7613583942698488E-04   1.7210348405430255E-05   7.2404076877755093E-06   1.0810240431074492E-05   4.0976530556910087E-05   1.5399322271077691E-09   3.9295810711023488E-01   3.8874525359269330E-02   3.1639167895468459E-02   7.2353574638008653E-03   5.1628427943073693E-02   1.7749616607729660E-01 
      1     652  12705       NK     ----    0.10  1.000   1.7612370749016059E-04   1.7214180593435624E-05   7.2361130652076107E-06   1.0808705832937779E-05   4.0959466583505581E-05   1.5500919069501774E-09   3.9295850808394311E-01   3.8874514982411672E-02   3.1639157660066718E-02   7.2353573223449636E-03   5.1628358815021355E-02   1.7748953537739001E-01 
      1     653  12727       NK     ----    1.00  1.000   1.7621302802090430E-04   1.7076398427223184E-05   7.1332216738275147E-06   1.0657925855825417E-05   4.0290518872426432E-05   1.5826371347951326E-09   3.9295506989496848E-01   3.8875002868817198E-02   3.1639641864954014E-02   7.2353610038631694E-03   5.1629000942867237E-02   1.7743074315434917E-01 
      1     654  12753       NK     ----    0.06  0.999   1.7618819564640679E-04   1.7107060797887657E-05   7.1407686696123659E-06   1.0678841826570980E-05   4.0356138694388668E-05   1.5767587472393478E-09   3.9295622787534912E-01   3.8874955463742054E-02   3.1639594590249523E-02   7.2353608734925358E-03   5.1628816982840692E-02   1.7742087228947698E-01 
      1     655  12776       NK     ----    0.10  1.000   1.7615206513961194E-04   1.7155243772331640E-05   7.1521311329200264E-06   1.0711200898436119E-05   4.0454751617450959E-05   1.5752147821829821E-09   3.9295800082036803E-01   3.8874889969672359E-02   3.1639529180061590E-02   7.2353607896107680E-03   5.1628538239578088E-02   1.7741358317674130E-01 
      1     656  12803      *NK     ----    0.01  0.966   1.7607915014080722E-04   1.7136386713250391E-05   7.1423045107081643E-06   1.0707126795141351E-05   4.0449567595221629E-05   2.6409124425936259E-09   3.9295800911971768E-01   3.8874876634050565E-02   3.1639517990690431E-02   7.2353586433601463E-03   5.1628524450872473E-02   1.7853258890867013E-01 
      1     657  12830       NK     ----    0.01  0.973   1.7605316164143823E-04   1.7106342487206098E-05   7.1271072045612722E-06   1.0687039234804915E-05   4.0387901317567989E-05   2.6464483136198911E-09   3.9295737549942689E-01   3.8874906856741095E-02   3.1639549207047049E-02   7.2353576496940594E-03   5.1628619132720224E-02   1.7849855366675263E-01 
      1     658  12856       NK     ----    0.01  0.976   1.7601177771507518E-04   1.7054022620617185E-05   7.1013884923079563E-06   1.0652159240977340E-05   4.0277528883091626E-05   2.6261302585085555E-09   3.9295622115163431E-01   3.8874961939846221E-02   3.1639605931862519E-02   7.2353560079837214E-03   5.1628793102261955E-02   1.7840056087747422E-01 
      1     659  12880       NK     ----    0.05  0.979   1.7587983505211100E-04   1.6869118047571664E-05   7.0113243233729244E-06   1.0530714882670296E-05   3.9895403165214379E-05   2.6940844101995419E-09   3.9295182162950365E-01   3.8875175547123580E-02   3.1639825066169303E-02   7.2353504809542528E-03   5.1629463992654868E-02   1.7826562969126661E-01 
      1     660  12905       NK     ----    0.03  0.981   1.7582278461097906E-04   1.6777920743449897E-05   6.9659410543401580E-06   1.0470961175483763E-05   3.9709142095635418E-05   2.7118886449774853E-09   3.9294936797071522E-01   3.8875299347360892E-02   3.1639951414078389E-02   7.2353479332825151E-03   5.1629848482439768E-02   1.7818566027213667E-01 
      1     661  12928       NK     ----    0.10  0.979   1.7555795335232789E-04   1.6421597898721968E-05   6.7949434916015817E-06   1.0251938558888410E-05   3.9020413506756697E-05   2.8619001695114803E-09   3.9293906985443816E-01   3.8875800304417660E-02   3.1640463948754645E-02   7.2353363556630305E-03   5.1631455857740795E-02   1.7796749376535229E-01 
      1     662  12952       NK     ----    0.12  0.981   1.7529198743180790E-04   1.6162414981562631E-05   6.6863476137987712E-06   1.0124190445280578E-05   3.8520443144564369E-05   2.9104211120224721E-09   3.9293113142851754E-01   3.8876262246020470E-02   3.1640935693029289E-02   7.2353265529911791E-03   5.1632754381929720E-02   1.7765831108198424E-01 
      1     663  12976       NK     ----    0.06  0.986   1.7517935867882321E-04   1.6033658612635628E-05   6.6264764408543429E-06   1.0060096889302542E-05   3.8294128736904047E-05   2.8680046541280261E-09   3.9292589121515442E-01   3.8876501647730641E-02   3.1641180460201090E-02   7.2353211875295512E-03   5.1633597073387716E-02   1.7742563561927260E-01 
      1     664  12998       NK     ----    1.00  0.989   1.7451721217177449E-04   1.5244161405916678E-05   6.4047116705531431E-06   1.0005475647221652E-05   3.7192948778596391E-05   2.8112860965300945E-09   3.9289698709637128E-01   3.8879619640733068E-02   3.1644315725972753E-02   7.2353039147603146E-03   5.1638829361997492E-02   1.7642465099334859E-01 
      1     665  13025       NK     ----    0.01  0.994   1.7451152693542167E-04   1.5242951580305854E-05   6.4033237455896410E-06   1.0004512128358512E-05   3.7189970176523339E-05   2.8029639402425597E-09   3.9289688076707807E-01   3.8879621851096613E-02   3.1644318152919723E-02   7.2353036981768915E-03   5.1638844782121662E-02   1.7640606834261924E-01 
      1     666  13049       NK     ----    0.07  0.996   1.7447040561892463E-04   1.5238580040553741E-05   6.3951313096365791E-06   9.9980573496189450E-06   3.7174005667490179E-05   2.7400105974939717E-09   3.9289737476640785E-01   3.8879620302000970E-02   3.1644317354024648E-02   7.2353029479763353E-03   5.1638751766077524E-02   1.7627022262785408E-01 
      1     667  13073       NK     ----    0.05  0.993   1.7443036516732544E-04   1.5239465503597319E-05   6.3926466184933576E-06   9.9938824351084042E-06   3.7173403629982713E-05   2.5715443450441584E-09   3.9289939001497914E-01   3.8879576289208642E-02   3.1644273205335395E-02   7.2353030838732315E-03   5.1638412660705520E-02   1.7599289764769863E-01 
      1     668  13096       NK     ----    0.15  0.996   1.7438701030387453E-04   1.5245510044626404E-05   6.3900197213063783E-06   9.9880185925631461E-06   3.7176409306160957E-05   2.4754367373157690E-09   3.9290152337454826E-01   3.8879533942595003E-02   3.1644230710373852E-02   7.2353032322211375E-03   5.1638052868410833E-02   1.7582301989862847E-01 
      1     669  13122       NK     ----    0.01  0.996   1.7437824282919129E-04   1.5243770909577646E-05   6.3881713594439377E-06   9.9884375141980357E-06   3.7175714910734232E-05   2.4710336400528213E-09   3.9290146292431583E-01   3.8879540610476312E-02   3.1644237604679180E-02   7.2353030057971286E-03   5.1638062555325742E-02   1.7580865555562578E-01 
      1     670  13144       NK     ----    1.00  0.997   1.7425980940048014E-04   1.5252978470269310E-05   6.3717236576564227E-06   1.0066258409302331E-05   3.7445099726183201E-05   2.4051575371580181E-09   3.9290042437352318E-01   3.8879925258056940E-02   3.1644623209385950E-02   7.2353020486709994E-03   5.1638281693593691E-02   1.7566998661737357E-01 
      1     671  13171       NK     ----    0.01  0.987   1.7423551551423673E-04   1.5250544801810205E-05   6.3700602849116367E-06   1.0064702854440072E-05   3.7446473242031771E-05   2.6363115274868234E-09   3.9290070620439355E-01   3.8879914530268511E-02   3.1644612972462481E-02   7.2353015578060431E-03   5.1638234701797882E-02   1.7595977446995845E-01 
      1     672  13194       NK     ----    0.31  0.994   1.7419502704705295E-04   1.5216223303327863E-05   6.3597956287300860E-06   1.0034265451127509E-05   3.7411885613127752E-05   2.4569974488637658E-09   3.9290065729264362E-01   3.8879897017743408E-02   3.1644596750569083E-02   7.2353002671743331E-03   5.1638260809705593E-02   1.7566523666837883E-01 
      1     673  13221       NK     ----    0.01  0.983   1.7416215086328316E-04   1.5208084501929856E-05   6.3580297019922542E-06   1.0033985646106146E-05   3.7411094022238879E-05   2.4661720623131813E-09   3.9290076557789932E-01   3.8879902440224864E-02   3.1644602932444171E-02   7.2352995077807052E-03   5.1638241070408680E-02   1.7564571811850294E-01 
      1     674  13248       NK     ----    0.01  0.979   1.7411866959949352E-04   1.5197238390106060E-05   6.3554956601315742E-06   1.0033959048499916E-05   3.7410998029414106E-05   2.4637468188874067E-09   3.9290087386692679E-01   3.8879911169891070E-02   3.1644612683115213E-02   7.2352984867758768E-03   5.1638220660804743E-02   1.7560085404794476E-01 
      1     675  13275       NK     ----    0.01  0.980   1.7407879996995259E-04   1.5187788508322115E-05   6.3528353213797682E-06   1.0033986193154143E-05   3.7411784200371467E-05   2.4533552554071283E-09   3.9290095386437834E-01   3.8879918814001019E-02   3.1644621276982060E-02   7.2352975370189717E-03   5.1638205466626619E-02   1.7554914321853177E-01 
      1     676  13302      *NK     ----    0.01  0.986   1.7406029569824315E-04   1.5183100764940991E-05   6.3510685414232439E-06   1.0032676283930044E-05   3.7404908901937677E-05   2.4596698237165155E-09   3.9290098160404596E-01   3.8879917471755898E-02   3.1644620408182104E-02   7.2352970635738032E-03   5.1638200134940561E-02   1.7553827689121179E-01 
      1     677  13326       NK     ----    0.05  0.983   1.7383615486652238E-04   1.5168553968743110E-05   6.3255884836613598E-06   1.0018472565521265E-05   3.7338413904497171E-05   2.5695963897588621E-09   3.9290288575020438E-01   3.8879774056746974E-02   3.1644482344782017E-02   7.2352917119649614E-03   5.1637870322758885E-02   1.7546112982575432E-01 
      1     678  13351       NK     ----    0.03  0.978   1.7370009200981260E-04   1.5167168241980406E-05   6.3110955670303154E-06   1.0001686319640105E-05   3.7320116141670339E-05   2.5105783623037931E-09   3.9290428000231514E-01   3.8879647754858429E-02   3.1644359369090318E-02   7.2352883857680845E-03   5.1637628297319278E-02   1.7524816045027450E-01 
      1     679  13374       NK     ----    0.28  0.994   1.7356722557488748E-04   1.5157222334159151E-05   6.2732143055119273E-06   9.9444169356936049E-06   3.7091648342454899E-05   2.1221414176516260E-09   3.9289956952474620E-01   3.8879355816210548E-02   3.1644076347527257E-02   7.2352794686833038E-03   5.1638317083531914E-02   1.7458764159259002E-01 
      1     680  13401       NK     ----    0.01  0.985   1.7354084339737716E-04   1.5153164349832274E-05   6.2709102931849619E-06   9.9416350074613359E-06   3.7090136356561295E-05   2.1289144610870107E-09   3.9289975609782402E-01   3.8879346921930277E-02   3.1644068074521206E-02   7.2352788474090626E-03   5.1638286463234942E-02   1.7456982093456083E-01 
      1     681  13428       NK     ----    0.01  0.996   1.7353754369826862E-04   1.5152897489713840E-05   6.2699756898719530E-06   9.9409134995219721E-06   3.7087551826869660E-05   2.1532347829386342E-09   3.9289963434528641E-01   3.8879343242367102E-02   3.1644064593162283E-02   7.2352786492048309E-03   5.1638304786785660E-02   1.7459424693135989E-01 
      1     682  13455       NK     ----    0.01  0.988   1.7351324877911339E-04   1.5147694247459758E-05   6.2680610435801307E-06   9.9396809297629781E-06   3.7084623159412844E-05   2.1663153668071766E-09   3.9289975490864282E-01   3.8879344462693623E-02   3.1644066359731472E-02   7.2352781029621574E-03   5.1638284369752228E-02   1.7458559119936012E-01 
      1     683  13482       NK     ----    0.01  0.957   1.7343832910713216E-04   1.5132164003832672E-05   6.2606447025663622E-06   9.9319818897081193E-06   3.7066002288936375E-05   2.2548676330675067E-09   3.9289978056457431E-01   3.8879331448405503E-02   3.1644055400067851E-02   7.2352760483376443E-03   5.1638277970322742E-02   1.7461546192009023E-01 
      1     684  13509       NK     ----    0.01  0.957   1.7334684661760423E-04   1.5119742451938258E-05   6.2535851516398400E-06   9.9260468416698856E-06   3.7064930354613501E-05   2.1957414997049101E-09   3.9290013623428488E-01   3.8879313274331792E-02   3.1644039511883743E-02   7.2352737624480573E-03   5.1638216382386581E-02   1.7445686700747412E-01 
      1     685  13536       NK     ----    0.01  0.965   1.7328016492458798E-04   1.5102300485666775E-05   6.2469433079425341E-06   9.9196062751454718E-06   3.7048967886349554E-05   2.1718703701627702E-09   3.9290015112371851E-01   3.8879307524428697E-02   3.1644035550735070E-02   7.2352719736936359E-03   5.1638210218049652E-02   1.7436099145562819E-01 
      1     686  13561       NK     ----    0.03  0.961   1.7298517316026018E-04   1.5031082016029661E-05   6.2182806641051324E-06   9.8917469398034495E-06   3.6985719959370196E-05   2.0568745319339370E-09   3.9290041693461308E-01   3.8879268557287475E-02   3.1644004469730556E-02   7.2352640875569182E-03   5.1638149510748944E-02   1.7393177398527221E-01 
      1     687  13584       NK     ----    0.10  0.889   1.6937232641148984E-04   1.4349757094890106E-05   5.9132849721614884E-06   9.7026119463016369E-06   3.6980105048794589E-05   2.1492536762564933E-09   3.9290859146715723E-01   3.8878734270020622E-02   3.1643564206907282E-02   7.2351700631133461E-03   5.1636530012955283E-02   1.7057590811901863E-01 
      1     688  13608       NK     ----    0.05  0.991   1.6928221178592147E-04   1.4301358726823055E-05   5.8940877426891687E-06   9.6778898270186912E-06   3.6869594200969978E-05   2.1903348759400487E-09   3.9290673310456503E-01   3.8878722224838985E-02   3.1643556000901969E-02   7.2351662239370429E-03   5.1636780319066662E-02   1.7051246878265963E-01 
      1     689  13632       NK     ----    0.05  0.986   1.6908029750634619E-04   1.4246985295134492E-05   5.8618425310120996E-06   9.6544222665222834E-06   3.6696276253016342E-05   2.0402895864866949E-09   3.9290655610478065E-01   3.8878672417924462E-02   3.1643511777804799E-02   7.2351606401196648E-03   5.1636759807319195E-02   1.7010563750035573E-01 
      1     690  13656       NK     ----    0.07  0.994   1.6908990299887032E-04   1.4220794234562417E-05   5.8589268235697325E-06   9.6391557465496381E-06   3.6554778027149836E-05   2.0384320317615296E-09   3.9290559158514066E-01   3.8878718710959215E-02   3.1643558051520838E-02   7.2351606594383885E-03   5.1636947464705089E-02   1.7008082924886705E-01 
      1     691  13679       NK     ----    0.10  0.994   1.6904859133606051E-04   1.4164494395367493E-05   5.8596789323732233E-06   9.6419022151312122E-06   3.6443421341360513E-05   2.0159660368380473E-09   3.9290204601895734E-01   3.8878992117280388E-02   3.1643833092843972E-02   7.2351590244364317E-03   5.1637601371763257E-02   1.6999002495908508E-01 
      1     692  13704       NK     ----    0.09  0.996   1.6902660077688353E-04   1.4145073818763515E-05   5.8582457288179534E-06   9.6444802803805882E-06   3.6393910773591679E-05   1.9921996305303349E-09   3.9290018254409997E-01   3.8879088023019093E-02   3.1643930218724532E-02   7.2351578042945544E-03   5.1637934307762291E-02   1.6993152927772825E-01 
      1     693  13729       NK     ----    0.09  0.997   1.6901211367414007E-04   1.4142478136429759E-05   5.8549260503855659E-06   9.6397589376905131E-06   3.6324742465760036E-05   1.9594999366309565E-09   3.9290079542757933E-01   3.8879053377939767E-02   3.1643895687350883E-02   7.2351576905888898E-03   5.1637841994248972E-02   1.6986754812553215E-01 
      1     694  13752       NK     ----    0.10  0.992   1.6880929851117733E-04   1.4103460026930584E-05   5.8358530579163564E-06   9.6209901701025804E-06   3.6254017361910611E-05   2.1251984314748327E-09   3.9290223188282231E-01   3.8878924484161428E-02   3.1643771816700528E-02   7.2351526674608877E-03   5.1637583798379259E-02   1.6984630433261882E-01 
      1     695  13777       NK     ----    0.03  0.978   1.6862353534888121E-04   1.4071245531075678E-05   5.8221655461984887E-06   9.6160766313853472E-06   3.6224417011818100E-05   2.1471659165111794E-09   3.9290299391254807E-01   3.8878902268937407E-02   3.1643753877875651E-02   7.2351483910617839E-03   5.1637449500097299E-02   1.6968907821769691E-01 
      1     696  13803      *NK     ----    0.01  0.897   1.6824982394302384E-04   1.3989510164495807E-05   5.7849339450468927E-06   9.5913904109092525E-06   3.6120493542399765E-05   2.1200235559886712E-09   3.9290350477153951E-01   3.8878859477695787E-02   3.1643720309292134E-02   7.2351391684036502E-03   5.1637313187990121E-02   1.6927675895524516E-01 
      1     697  13830       NK     ----    0.01  0.932   1.6813147382895981E-04   1.3969744056255056E-05   5.7719170593043532E-06   9.5806994819230141E-06   3.6088426482898094E-05   2.1235063154804865E-09   3.9290417131527672E-01   3.8878813708310207E-02   3.1643677301894706E-02   7.2351364064154955E-03   5.1637177097988721E-02   1.6916095618047614E-01 
      1     698  13856       NK     ----    0.01  0.761   1.6771816334863656E-04   1.3884517752035701E-05   5.7351599396123093E-06   9.5563515041481164E-06   3.5993798873670923E-05   1.2016442579110871E-08   3.9290507472484210E-01   3.8878772335366879E-02   3.1643645789325832E-02   7.2351265460410454E-03   5.1636981297223841E-02   2.0412661444903474E-01 
      1     699  13878       NK     ----    0.03  0.799   1.6740145276749105E-04   1.3835030223805162E-05   5.7047071130161949E-06   9.5306369892270769E-06   3.5958476789321041E-05   1.1746318582422110E-08   3.9290671067158423E-01   3.8878652434064034E-02   3.1643533478036459E-02   7.2351189560275675E-03   5.1636618120844871E-02   2.0238015506758433E-01 
#--------------------------------------------------------------------------------------------------------------------------------------------------------------------------------------------------------------------------------------------------------------------------------------------------------------------------------------------------------------------
#  Grid  | Iter | Iter |  Iter  |   CFL   | Step | Lin  |        Res rho         |        Res rhou        |        Res rhov        |        Res rhow        |        Res rhoE        |       Res nuturb       |         C_lift         |        C_drag          |        C_drag_p        |        C_drag_v        |          C_My          |        totalRes        |
#  level |      | Tot  |  Type  |         |      | Res  |                        |                        |                        |                        |                        |                        |                        |                        |                        |                        |                        |                        |
#--------------------------------------------------------------------------------------------------------------------------------------------------------------------------------------------------------------------------------------------------------------------------------------------------------------------------------------------------------------------
      1     700  13902       NK     ----    0.05  0.817   1.6694934210601144E-04   1.3751783370598156E-05   5.6592603808477487E-06   9.5135129728196176E-06   3.5802475458608411E-05   1.1304128007623089E-08   3.9290608297918267E-01   3.8878639006414639E-02   3.1643531782898991E-02   7.2351072235156575E-03   5.1636631079527005E-02   1.9960052397090020E-01 
      1     701  13925       NK     ----    0.12  0.833   1.6669603582152902E-04   1.3629469018224030E-05   5.6322060892583048E-06   9.5097868450166006E-06   3.5557415214107453E-05   1.0634652712801966E-08   3.9290104254198227E-01   3.8879049517209073E-02   3.1643949176858595E-02   7.2351003403504609E-03   5.1637500754465541E-02   1.9584554086785577E-01 
      1     702  13948       NK     ----    0.10  0.843   1.6629563854997150E-04   1.3508971129262777E-05   5.5998294180084169E-06   9.4802921705303983E-06   3.5482513664041894E-05   9.7974694823705667E-09   3.9289753291538648E-01   3.8879176591228089E-02   3.1644087834599988E-02   7.2350887566281210E-03   5.1638020321544402E-02   1.9133096802199132E-01 
      1     703  13971       NK     ----    0.10  0.862   1.6599406251409368E-04   1.3386600205662632E-05   5.5619429615386523E-06   9.4654837637823001E-06   3.5362338205535231E-05   8.8927544777595718E-09   3.9289018335120773E-01   3.8879489478917249E-02   3.1644410995750313E-02   7.2350784831669438E-03   5.1639248622115073E-02   1.8683283488131763E-01 
      1     704  13994       NK     ----    0.10  0.868   1.6535294638032790E-04   1.3266482299240501E-05   5.4901260156604098E-06   9.4255876075368254E-06   3.5066086289618449E-05   8.4322053923597677E-09   3.9288269420867161E-01   3.8879415185272014E-02   3.1644357435687734E-02   7.2350577495842831E-03   5.1640444293323227E-02   1.8419963212826848E-01 
      1     705  14017       NK     ----    0.10  0.886   1.6487830346008408E-04   1.3139168420648060E-05   5.4470795333227552E-06   9.4041530217728026E-06   3.5080971983166916E-05   7.1816767806963662E-09   3.9288217863646174E-01   3.8879459783757460E-02   3.1644413487666161E-02   7.2350462960912897E-03   5.1640574665499622E-02   1.7870982729083149E-01 
      1     706  14039       NK     ----    1.00  0.926   1.6426257662333353E-04   1.3348813077206180E-05   5.4488660631538041E-06   9.6793583391027618E-06   3.5298610568588201E-05   6.6146436994925294E-09   3.9285338286650767E-01   3.8880069066362197E-02   3.1645051441878666E-02   7.2350176244835073E-03   5.1645555099315947E-02   1.7616168430358384E-01 
      1     707  14061       NK     ----    1.00  0.945   1.6426337365336335E-04   1.3423568389673391E-05   5.5203662049605162E-06   9.6837296656703517E-06   3.5335178093515778E-05   2.9500091016145055E-09   3.9285420259638715E-01   3.8879964453594484E-02   3.1644947699042004E-02   7.2350167545524799E-03   5.1645303306141713E-02   1.6653125560318097E-01 
      1     708  14085       NK     ----    0.19  0.995   1.6425230367000606E-04   1.3341085964470973E-05   5.5119213341396853E-06   9.6428619473316826E-06   3.5260098559337745E-05   2.9005362126560379E-09   3.9285938671389187E-01   3.8879952291869455E-02   3.1644932146783669E-02   7.2350201450857906E-03   5.1644480107728798E-02   1.6641519868566138E-01 
      1     709  14108       NK     ----    0.14  0.993   1.6427469735993706E-04   1.3281933573222269E-05   5.4907696005762889E-06   9.6106676045245471E-06   3.5210963268041798E-05   2.7874086196686869E-09   3.9286039204273121E-01   3.8879994861642959E-02   3.1644973059354119E-02   7.2350218022888251E-03   5.1644337353179949E-02   1.6623692884124130E-01 
      1     710  14135       NK     ----    0.01  0.957   1.6418389249825573E-04   1.3268190979708385E-05   5.4838433603113486E-06   9.6116246514056061E-06   3.5206537985417663E-05   2.6274821406837489E-09   3.9285986355175728E-01   3.8880009232547086E-02   3.1644989746524729E-02   7.2350194860223592E-03   5.1644426579779988E-02   1.6590426204016104E-01 
      1     711  14162       NK     ----    0.01  0.986   1.6416060578294136E-04   1.3262350502627027E-05   5.4810687665806939E-06   9.6091241667661250E-06   3.5201411966166513E-05   2.6175920111122646E-09   3.9285995545697350E-01   3.8879996059068535E-02   3.1644977136876112E-02   7.2350189221924519E-03   5.1644406811656669E-02   1.6586609145788483E-01 
      1     712  14188       NK     ----    0.01  0.974   1.6408863699221798E-04   1.3233654441326203E-05   5.4709674664433601E-06   9.6032513866215287E-06   3.5187391089063004E-05   2.5679739523463253E-09   3.9285977576776465E-01   3.8880019146221897E-02   3.1645001822979017E-02   7.2350173232428880E-03   5.1644447921362913E-02   1.6572011422732805E-01 
      1     713  14212       NK     ----    0.14  0.994   1.6406808286109547E-04   1.3192899518286390E-05   5.4653967711318225E-06   9.5875672461122762E-06   3.5132221919525808E-05   2.5323975423135198E-09   3.9286108058342145E-01   3.8880096295366970E-02   3.1645077928592585E-02   7.2350183667743827E-03   5.1644264113292211E-02   1.6563413399247498E-01 
      1     714  14239       NK     ----    0.01  0.908   1.6390151678419840E-04   1.3155503879251673E-05   5.4479961209460592E-06   9.5781061970614160E-06   3.5097760868510462E-05   2.6693257076795905E-09   3.9286113156745395E-01   3.8880085265800092E-02   3.1645070793110061E-02   7.2350144726900456E-03   5.1644247975793749E-02   1.6567063039872704E-01 
      1     715  14264       NK     ----    0.03  0.850   1.6287232715813313E-04   1.2910210599211750E-05   5.3486944358695949E-06   9.5176366054770200E-06   3.4885778996426402E-05   2.8601108214845728E-09   3.9286111159666998E-01   3.8880010205930411E-02   3.1645020142284416E-02   7.2349900636459975E-03   5.1644212067443802E-02   1.6494529495424734E-01 
      1     716  14291      *NK     ----    0.01  0.804   1.6253717159310583E-04   1.2847513637700019E-05   5.3233236875964039E-06   9.5056426407484313E-06   3.4832484429802310E-05   2.7644945930282117E-09   3.9286131350035736E-01   3.8879964588206105E-02   3.1644982393753865E-02   7.2349821944522417E-03   5.1644165201977642E-02   1.6446238021938919E-01 
      1     717  14318       NK     ----    0.01  0.912   1.6237747014097523E-04   1.2820672500978432E-05   5.3159186240271830E-06   9.5004074191312050E-06   3.4806713815290248E-05   1.1380213072508662E-08   3.9286151536449465E-01   3.8879940448195309E-02   3.1644961952380590E-02   7.2349784958147118E-03   5.1644125193640020E-02   1.9618801056224158E-01 
      1     718  14340       NK     ----    1.00  0.832   1.6249779333328383E-04   1.2708890124869784E-05   5.5352724307525129E-06   9.6222485632199034E-06   3.5285181485207882E-05   3.0149880510700590E-09   3.9284474593770086E-01   3.8880961891948361E-02   3.1645986850843688E-02   7.2349750411046833E-03   5.1646921315494573E-02   1.6493394944629244E-01 
      1     719  14367       NK     ----    0.01  0.979   1.6247891003644849E-04   1.2699397259649409E-05   5.5292260921237749E-06   9.6158019992256467E-06   3.5265698678558553E-05   3.0002753178602857E-09   3.9284506764636828E-01   3.8880953636226033E-02   3.1645978859187796E-02   7.2349747770382427E-03   5.1646868591372484E-02   1.6488592960602336E-01 
      1     720  14394       NK     ----    0.01  0.987   1.6247494099378259E-04   1.2694150358559112E-05   5.5278883732162197E-06   9.6123591005060877E-06   3.5257359874313039E-05   2.9920118006661133E-09   3.9284531991729937E-01   3.8880949397199820E-02   3.1645974568360581E-02   7.2349748288392315E-03   5.1646826581168072E-02   1.6486578403742760E-01 
      1     721  14418       NK     ----    0.05  0.985   1.6241027580661904E-04   1.2650733720131566E-05   5.5002887602327642E-06   9.5683290742113489E-06   3.5131727663484914E-05   2.9234696902496341E-09   3.9284771615898245E-01   3.8880863351335650E-02   3.1645889029515310E-02   7.2349743218203429E-03   5.1646405117550941E-02   1.6465786628800766E-01 
      1     722  14445       NK     ----    0.01  0.985   1.6239709381658248E-04   1.2642557331211089E-05   5.4964164116754884E-06   9.5635785446536531E-06   3.5117730153330012E-05   2.9109002495212432E-09   3.9284803047768108E-01   3.8880858591510734E-02   3.1645884384037752E-02   7.2349742074729806E-03   5.1646355057086021E-02   1.6462080795069392E-01 
      1     723  14472       NK     ----    0.01  0.984   1.6238308019740784E-04   1.2634053976883152E-05   5.4923603194216410E-06   9.5588466712055904E-06   3.5103575659636244E-05   2.9118211389647335E-09   3.9284835095201726E-01   3.8880854196475356E-02   3.1645880113960655E-02   7.2349740825147163E-03   5.1646304538387346E-02   1.6460545629949563E-01 
      1     724  14495       NK     ----    0.10  0.986   1.6219614876579721E-04   1.2521144232329851E-05   5.4413363403070960E-06   9.4922682350934419E-06   3.4914071844158123E-05   2.7245269393919196E-09   3.9285346586828218E-01   3.8880765730003243E-02   3.1645792995379375E-02   7.2349727346238879E-03   5.1645481019759097E-02   1.6407699505748607E-01 
      1     725  14518       NK     ----    0.30  0.987   1.6185745309158620E-04   1.2369154802160993E-05   5.3553917084705382E-06   9.3410409633987573E-06   3.4435664909397308E-05   2.4893420392520360E-09   3.9286917267093391E-01   3.8880250625740534E-02   3.1645278616600429E-02   7.2349720091400959E-03   5.1642806670726939E-02   1.6329018664727030E-01 
      1     726  14545       NK     ----    0.01  0.988   1.6184190239674470E-04   1.2365690296846595E-05   5.3541670856339960E-06   9.3434932203741903E-06   3.4435484696455408E-05   2.4924006321053388E-09   3.9286903315932814E-01   3.8880270051176655E-02   3.1645298371068872E-02   7.2349716801077867E-03   5.1642834238169094E-02   1.6327986111112711E-01 
      1     727  14572       NK     ----    0.01  0.991   1.6183464149640412E-04   1.2364382038445996E-05   5.3535502140077248E-06   9.3448623862139307E-06   3.4436258807848545E-05   2.5853394553469500E-09   3.9286902527470779E-01   3.8880279275249702E-02   3.1645307712536902E-02   7.2349715627127859E-03   5.1642837267870438E-02   1.6340942792698424E-01 
      1     728  14595       NK     ----    0.16  0.992   1.6177172790700792E-04   1.2369608328063444E-05   5.3412488803642674E-06   9.3564369074115928E-06   3.4437618961578303E-05   2.4015706664096514E-09   3.9286962211852827E-01   3.8880321943718432E-02   3.1645351299839163E-02   7.2349706438792913E-03   5.1642719693183570E-02   1.6308678950297242E-01 
      1     729  14622       NK     ----    0.01  0.989   1.6176052649219811E-04   1.2365653286039808E-05   5.3397404708836573E-06   9.3577472422488179E-06   3.4441023692426010E-05   2.4089446850818804E-09   3.9286960340660781E-01   3.8880332601859614E-02   3.1645362153751605E-02   7.2349704481080171E-03   5.1642724923502116E-02   1.6308698715668193E-01 
      1     730  14649       NK     ----    0.01  0.989   1.6174937095827881E-04   1.2361405042791666E-05   5.3381681424557112E-06   9.3592478067365054E-06   3.4445212822780578E-05   2.4592854857509718E-09   3.9286965687327541E-01   3.8880341881456969E-02   3.1645371581143368E-02   7.2349703003136102E-03   5.1642720211613542E-02   1.6314796423322542E-01 
      1     731  14676       NK     ----    0.01  0.994   1.6174697987799498E-04   1.2361064852803424E-05   5.3380744883494049E-06   9.3587404964355632E-06   3.4444512012821834E-05   2.4719358274423752E-09   3.9286983579099710E-01   3.8880337636125528E-02   3.1645367300262864E-02   7.2349703358626756E-03   5.1642689008917254E-02   1.6316356398376969E-01 
      1     732  14703       NK     ----    0.01  0.993   1.6174435609931560E-04   1.2360831582037846E-05   5.3379876462916307E-06   9.3582925190564923E-06   3.4443807811769153E-05   2.4846153741025936E-09   3.9287001727328624E-01   3.8880333204277688E-02   3.1645362837187857E-02   7.2349703670898449E-03   5.1642657406264704E-02   1.6317908956332616E-01 
      1     733  14730       NK     ----    0.01  0.993   1.6174164490839188E-04   1.2360575910222322E-05   5.3377120867720067E-06   9.3578324984931192E-06   3.4442825749579405E-05   2.4916254683483076E-09   3.9287019846246024E-01   3.8880328554360521E-02   3.1645358160270594E-02   7.2349703940899337E-03   5.1642625709238811E-02   1.6318638851642975E-01 
      1     734  14757       NK     ----    0.01  0.993   1.6173822087574912E-04   1.2360049194575549E-05   5.3375527908553877E-06   9.3576014691506373E-06   3.4442373702244998E-05   2.4916403763835464E-09   3.9287037784059875E-01   3.8880324595330036E-02   3.1645354186869118E-02   7.2349704084609208E-03   5.1642594705296814E-02   1.6318306433871452E-01 
      1     735  14782       NK     ----    0.03  0.993   1.6171860294148600E-04   1.2356220909147942E-05   5.3369538180774187E-06   9.3574351416550985E-06   3.4442459764981132E-05   2.4830913996674271E-09   3.9287123275049102E-01   3.8880308008591095E-02   3.1645337589708236E-02   7.2349704188828523E-03   5.1642449175775804E-02   1.6315215120440774E-01 
      1     736  14809      *NK     ----    0.01  0.855   1.6146480111897557E-04   1.2300856599917125E-05   5.3128120968341776E-06   9.3455019687618427E-06   3.4401592434210188E-05   2.4681204189886983E-09   3.9287131783911489E-01   3.8880294290127210E-02   3.1645329728690837E-02   7.2349645614363982E-03   5.1642423871009181E-02   1.6287996270531563E-01 
      1     737  14836       NK     ----    0.01  0.767   1.6107442630228485E-04   1.2222914339703889E-05   5.2770120978261440E-06   9.3294445126960151E-06   3.4341120661321696E-05   2.7830082791303628E-09   3.9287157595346583E-01   3.8880266760988921E-02   3.1645311108954396E-02   7.2349556520345379E-03   5.1642365075218265E-02   1.6297458453136984E-01 
      1     738  14863       NK     ----    0.01  0.843   1.6081191260631128E-04   1.2165898474865497E-05   5.2505975007489889E-06   9.3189922981030829E-06   3.4304868147908111E-05   3.8355367773059707E-09   3.9287180356238272E-01   3.8880251278841427E-02   3.1645301525191662E-02   7.2349497536497711E-03   5.1642320666850261E-02   1.6472372201528832E-01 
      1     739  14890       NK     ----    0.01  0.957   1.6077082657073527E-04   1.2161128101614742E-05   5.2461347123228917E-06   9.3125567678096313E-06   3.4286477382769833E-05   3.8333465470915386E-09   3.9287247174015477E-01   3.8880216189624867E-02   3.1645267171711032E-02   7.2349490179138623E-03   5.1642198435706242E-02   1.6467666287913404E-01 
      1     740  14916       NK     ----    0.01  0.951   1.6067389914586539E-04   1.2146206692440287E-05   5.2349393516665969E-06   9.2997981049723322E-06   3.4249197711670586E-05   3.8026088324737266E-09   3.9287382317897984E-01   3.8880155364060309E-02   3.1645208075369073E-02   7.2349472886912335E-03   5.1641956211617518E-02   1.6451078115606224E-01 
      1     741  14940       NK     ----    0.05  0.954   1.6031052642073010E-04   1.2106262551199532E-05   5.1943937190828910E-06   9.2533423269354916E-06   3.4118096733004969E-05   3.7082848992212995E-09   3.9287941825082601E-01   3.8879885848747867E-02   3.1644945006565471E-02   7.2349408421823903E-03   5.1640944841585192E-02   1.6394024243651326E-01 
      1     742  14964       NK     ----    0.05  0.957   1.5993556404023370E-04   1.2099615034995862E-05   5.1673255654619463E-06   9.2136370605224986E-06   3.4021936111773254E-05   3.5450619392289764E-09   3.9288493860641110E-01   3.8879523123114108E-02   3.1644589667952416E-02   7.2349334551616851E-03   5.1639907937617725E-02   1.6323054948331012E-01 
      1     743  14991       NK     ----    0.01  0.938   1.5985085611019102E-04   1.2095267125538537E-05   5.1603238322343728E-06   9.2076138013382949E-06   3.4004804516467641E-05   3.4813198092462523E-09   3.9288570424845598E-01   3.8879467637264575E-02   3.1644535978371691E-02   7.2349316588929133E-03   5.1639760984322443E-02   1.6301857101538592E-01 
      1     744  15018       NK     ----    0.01  0.924   1.5974293311233693E-04   1.2084712000675887E-05   5.1512040018515217E-06   9.2009265372736555E-06   3.3985553855509884E-05   4.3872813838223732E-09   3.9288670700801104E-01   3.8879416342599456E-02   3.1644486822967555E-02   7.2349295196319141E-03   5.1639577532617116E-02   1.6496409121285857E-01 
      1     745  15042       NK     ----    0.05  0.908   1.5881379991164400E-04   1.1974712428592038E-05   5.0737611368218423E-06   9.1576787385305138E-06   3.3879747165726593E-05   4.1071004459034473E-09   3.9289531215827395E-01   3.8879073663751276E-02   3.1644161862415462E-02   7.2349118013358233E-03   5.1638048180025098E-02   1.6339764680559518E-01 
      1     746  15069       NK     ----    0.01  0.954   1.5877972684806533E-04   1.1966689678256125E-05   5.0698067895334657E-06   9.1529197754834613E-06   3.3866872390285355E-05   3.7844003605866789E-09   3.9289549612903585E-01   3.8879055429802176E-02   3.1644144419565409E-02   7.2349110102367517E-03   5.1638007463639668E-02   1.6262623344534644E-01 
      1     747  15092       NK     ----    0.10  0.973   1.5856210040560289E-04   1.1965224681430226E-05   5.0403648873712929E-06   9.1132106279235556E-06   3.3738871303897821E-05   3.5427444249445085E-09   3.9289509231066444E-01   3.8878783816505280E-02   3.1643879996098356E-02   7.2349038204069394E-03   5.1637919201772478E-02   1.6188270305605471E-01 
      1     748  15119       NK     ----    0.01  0.973   1.5854710589549825E-04   1.1961338535176164E-05   5.0379599934238730E-06   9.1107707891553949E-06   3.3731089388989313E-05   3.6303927999798668E-09   3.9289506991290035E-01   3.8878775906773383E-02   3.1643872501465491E-02   7.2349034053079053E-03   5.1637917430896178E-02   1.6204990521992074E-01 
      1     749  15142       NK     ----    0.28  0.967   1.5759794618059063E-04   1.1699630679859720E-05   4.9691500325867107E-06   9.0091106306885358E-06   3.3485826415316790E-05   3.8284589806510042E-09   3.9290106428963240E-01   3.8878728520231422E-02   3.1643843363829686E-02   7.2348851564017413E-03   5.1636815391286409E-02   1.6153243387540148E-01 
#--------------------------------------------------------------------------------------------------------------------------------------------------------------------------------------------------------------------------------------------------------------------------------------------------------------------------------------------------------------------
#  Grid  | Iter | Iter |  Iter  |   CFL   | Step | Lin  |        Res rho         |        Res rhou        |        Res rhov        |        Res rhow        |        Res rhoE        |       Res nuturb       |         C_lift         |        C_drag          |        C_drag_p        |        C_drag_v        |          C_My          |        totalRes        |
#  level |      | Tot  |  Type  |         |      | Res  |                        |                        |                        |                        |                        |                        |                        |                        |                        |                        |                        |                        |
#--------------------------------------------------------------------------------------------------------------------------------------------------------------------------------------------------------------------------------------------------------------------------------------------------------------------------------------------------------------------
      1     750  15164       NK     ----    1.00  0.982   1.5755054750917955E-04   1.1713343967336028E-05   4.8800174248559094E-06   8.9584536794229152E-06   3.3560999763772465E-05   2.1881002103090903E-09   3.9289460149578215E-01   3.8878293167358323E-02   3.1643417278366635E-02   7.2348758889916936E-03   5.1637646274132309E-02   1.5859139384343549E-01 
      1     751  15191       NK     ----    0.01  0.988   1.5753334582641607E-04   1.1712610772438819E-05   4.8807142541801503E-06   8.9584101263483924E-06   3.3558478900712956E-05   2.1244728695493797E-09   3.9289479209190348E-01   3.8878295768030820E-02   3.1643420118830277E-02   7.2348756492005379E-03   5.1637615167884524E-02   1.5849312277600691E-01 
      1     752  15215       NK     ----    0.06  0.996   1.5751618495502906E-04   1.1716546862693061E-05   4.8766463221203627E-06   8.9506010228687339E-06   3.3568465083920338E-05   2.0407467718957771E-09   3.9289549970590171E-01   3.8878268307858059E-02   3.1643392690623703E-02   7.2348756172343591E-03   5.1637493296637964E-02   1.5837497060942787E-01 
      1     753  15242       NK     ----    0.01  0.983   1.5748998527741391E-04   1.1716457844579717E-05   4.8751200240692754E-06   8.9492526245759774E-06   3.3571491085617234E-05   2.0528445205473735E-09   3.9289575016102724E-01   3.8878249504724322E-02   3.1643374421975748E-02   7.2348750827485910E-03   5.1637445166303517E-02   1.5836562511121249E-01 
      1     754  15268       NK     ----    0.01  0.988   1.5745437532602573E-04   1.1711398275113983E-05   4.8718405841679297E-06   8.9462142026435549E-06   3.3566560626504798E-05   2.0610803114794005E-09   3.9289609910730477E-01   3.8878233672037542E-02   3.1643359246934157E-02   7.2348744251033914E-03   5.1637380214703370E-02   1.5834072163226259E-01 
      1     755  15295       NK     ----    0.01  0.985   1.5743564994786093E-04   1.1704554196586620E-05   4.8700907659178716E-06   8.9446053586914762E-06   3.3555537314497887E-05   2.1533178483365831E-09   3.9289605740905564E-01   3.8878241210767557E-02   3.1643367186150975E-02   7.2348740246165723E-03   5.1637387650373810E-02   1.5843608136250720E-01 
      1     756  15322      *NK     ----    0.01  0.967   1.5737191254149455E-04   1.1695321357756026E-05   4.8640682271544342E-06   8.9400771946085756E-06   3.3557108179993254E-05   2.1406064404483377E-09   3.9289664855840817E-01   3.8878220000099759E-02   3.1643347124618873E-02   7.2348728754809029E-03   5.1637280862874314E-02   1.5835935353285135E-01 
      1     757  15349       NK     ----    0.01  0.978   1.5734802832556300E-04   1.1687712962426337E-05   4.8604415083397139E-06   8.9349931171884287E-06   3.3543172501440731E-05   2.4097119780289647E-09   3.9289664314738321E-01   3.8878215279803570E-02   3.1643342945618026E-02   7.2348723341855402E-03   5.1637281223510426E-02   1.5869754766163419E-01 
      1     758  15376       NK     ----    0.01  0.978   1.5730748821613826E-04   1.1682069388862174E-05   4.8576501062728930E-06   8.9329899759685691E-06   3.3541170392471633E-05   2.4084166426190041E-09   3.9289692256178571E-01   3.8878202846100399E-02   3.1643331302884346E-02   7.2348715432160576E-03   5.1637228667518568E-02   1.5865680649401015E-01 
      1     759  15401       NK     ----    0.07  0.994   1.5726862890927856E-04   1.1683258094214511E-05   4.8553627142525312E-06   8.9280027849297439E-06   3.3521261612251468E-05   2.3789001054225351E-09   3.9289767893894983E-01   3.8878168167980377E-02   3.1643297195447340E-02   7.2348709725330550E-03   5.1637087763776679E-02   1.5857423838228479E-01 
      1     760  15424       NK     ----    0.10  0.959   1.5607471031983951E-04   1.1593774184625384E-05   4.7754639704130868E-06   8.8740816198970577E-06   3.3413459097682566E-05   2.7064807819185678E-09   3.9290608564399737E-01   3.8877778894157396E-02   3.1642931026998458E-02   7.2348478671589184E-03   5.1635516677724279E-02   1.5792300752125815E-01 
      1     761  15449       NK     ----    0.03  0.992   1.5607678335002645E-04   1.1580525006835190E-05   4.7725881741722657E-06   8.8700014053745636E-06   3.3379991836793963E-05   2.6827716262982173E-09   3.9290551146121744E-01   3.8877816245238887E-02   3.1642968469526592E-02   7.2348477757122913E-03   5.1635622631278980E-02   1.5787889078162748E-01 
      1     762  15476       NK     ----    0.01  0.992   1.5607785622406663E-04   1.1580423251100909E-05   4.7729207938970316E-06   8.8697707399642361E-06   3.3374963881957685E-05   2.7234956497396724E-09   3.9290552022003539E-01   3.8877821311360222E-02   3.1642973470986678E-02   7.2348478403735320E-03   5.1635623334285674E-02   1.5794462388989297E-01 
      1     763  15501       NK     ----    0.03  0.988   1.5606812544460293E-04   1.1574135756555557E-05   4.7734192836660411E-06   8.8650082029065825E-06   3.3349771212457301E-05   2.7121797811137518E-09   3.9290545171448721E-01   3.8877831445782975E-02   3.1642983804417622E-02   7.2348476413653610E-03   5.1635636936926001E-02   1.5791149682883543E-01 
      1     764  15527       NK     ----    0.01  0.988   1.5606227342343756E-04   1.1571041251707021E-05   4.7739214849760070E-06   8.8626417831328149E-06   3.3337985047783193E-05   2.6850264437693430E-09   3.9290544329807758E-01   3.8877834559907190E-02   3.1642987036208194E-02   7.2348475236989965E-03   5.1635638824474417E-02   1.5785959871602040E-01 
      1     765  15554       NK     ----    0.01  0.981   1.5603997459983808E-04   1.1561092718187686E-05   4.7701038652189125E-06   8.8600964754234683E-06   3.3329222890218955E-05   2.6994387128084512E-09   3.9290512411151041E-01   3.8877846268228641E-02   3.1642999356503970E-02   7.2348469117246772E-03   5.1635692636668569E-02   1.5785931463199973E-01 
      1     766  15580       NK     ----    0.01  0.971   1.5593079479508706E-04   1.1543323967420935E-05   4.7625657316038534E-06   8.8539309261901214E-06   3.3312888663736384E-05   2.6860601513582746E-09   3.9290473273937510E-01   3.8877851290628651E-02   3.1643006931775727E-02   7.2348443588529264E-03   5.1635755301727489E-02   1.5773097535725619E-01 
      1     767  15603       NK     ----    0.10  0.964   1.5495062207160172E-04   1.1329727865378783E-05   4.6923620913114303E-06   8.7807666436358703E-06   3.3216757883955038E-05   2.5832874463010076E-09   3.9290180393354651E-01   3.8877813210131860E-02   3.1642992074185632E-02   7.2348211359462211E-03   5.1636209133010098E-02   1.5661457421736247E-01 
      1     768  15630       NK     ----    0.01  0.985   1.5492370381023349E-04   1.1325973909833878E-05   4.6903869055661469E-06   8.7800845866320397E-06   3.3211062204175422E-05   2.5330107869770735E-09   3.9290173959925556E-01   3.8877821185531652E-02   3.1643000592502510E-02   7.2348205930291331E-03   5.1636221652303541E-02   1.5651048800469183E-01 
      1     769  15657       NK     ----    0.01  0.984   1.5491101449484853E-04   1.1325968672673525E-05   4.6903471197697566E-06   8.7798086926345843E-06   3.3209239921866757E-05   2.5344525115458801E-09   3.9290211250488177E-01   3.8877811478601074E-02   3.1642991019618268E-02   7.2348204589828130E-03   5.1636154309663937E-02   1.5650046260283801E-01 
      1     770  15684       NK     ----    0.01  0.977   1.5489342975832590E-04   1.1317687604058159E-05   4.6865655730788627E-06   8.7759330662506248E-06   3.3195542982936042E-05   2.8294583273639028E-09   3.9290183770119208E-01   3.8877808560857180E-02   3.1642988671913064E-02   7.2348198889441231E-03   5.1636198043142366E-02   1.5695655459202482E-01 
      1     771  15706       NK     ----    1.00  0.978   1.5122064307458277E-04   1.0852685611571011E-05   4.9167754605586492E-06   8.8138511723875742E-06   3.5209057589054905E-05   2.7135874962663246E-09   3.9290803369015836E-01   3.8876784745909519E-02   3.1642051140326616E-02   7.2347336055828973E-03   5.1634747592975191E-02   1.5374443432637303E-01 
      1     772  15733       NK     ----    0.01  0.955   1.5114332391257624E-04   1.0857674813111692E-05   4.9176390566621557E-06   8.8165000016679580E-06   3.5235996432563567E-05   5.6310296543931517E-09   3.9290886300956485E-01   3.8876709822585113E-02   3.1641977762128910E-02   7.2347320604562153E-03   5.1634590561189131E-02   1.6097585991150534E-01 
      1     773  15755       NK     ----    1.00  0.944   1.5018303606126568E-04   1.0953966199408099E-05   4.7843705756818479E-06   8.8862015876176950E-06   3.4982862322393021E-05   4.7973458247489801E-09   3.9292273543629980E-01   3.8874369092105045E-02   3.1639665841081563E-02   7.2347032510234662E-03   5.1631352969418516E-02   1.5749781222967213E-01 
      1     774  15782       NK     ----    0.01  0.933   1.5014500917675893E-04   1.0928745136138333E-05   4.7734736995064136E-06   8.8741248508469309E-06   3.4938582150786632E-05   4.7885474541551999E-09   3.9292204874857783E-01   3.8874396634281778E-02   3.1639694396297151E-02   7.2347022379846233E-03   5.1631464537229166E-02   1.5742647474340843E-01 
      1     775  15808       NK     ----    0.01  0.939   1.5008594417601181E-04   1.0887961530030724E-05   4.7563509711228012E-06   8.8548722134783733E-06   3.4864717619041133E-05   4.7293178902523747E-09   3.9292088887370835E-01   3.8874449326280119E-02   3.1639748674704052E-02   7.2347006515760572E-03   5.1631652700826938E-02   1.5718468986048448E-01 
      1     776  15835      *NK     ----    0.01  0.903   1.4994210290222723E-04   1.0856655021772263E-05   4.7343486800998297E-06   8.8415513640436031E-06   3.4807525403121496E-05   4.7132408885353574E-09   3.9292071692995229E-01   3.8874442240765097E-02   3.1639744492733136E-02   7.2346977480319784E-03   5.1631664946835375E-02   1.5699423363161774E-01 
      1     777  15862       NK     ----    0.01  0.899   1.4977084876058932E-04   1.0821750016552957E-05   4.7100956451171821E-06   8.8260661334769820E-06   3.4736161313318620E-05   6.2256668211993291E-09   3.9292061278201407E-01   3.8874433982089958E-02   3.1639739614584564E-02   7.2346943675053975E-03   5.1631666591176857E-02   1.6171954976496741E-01 
      1     778  15884       NK     ----    1.00  0.951   1.5021705187797985E-04   1.0482345336453654E-05   4.4952743522503746E-06   8.5846598657089146E-06   3.2485993599733833E-05   5.6789273549765352E-09   3.9290989673593713E-01   3.8877303740694077E-02   3.1642585386135590E-02   7.2347183545585000E-03   5.1634434803242799E-02   1.5971947309878742E-01 
      1     779  15906       NK     ----    1.00  0.953   1.5026607739179146E-04   1.0460198204499554E-05   4.5010675208677267E-06   8.6537985499428762E-06   3.3219503695715523E-05   2.9551096738779457E-09   3.9291172584700818E-01   3.8877312674907100E-02   3.1642594296101244E-02   7.2347183788058714E-03   5.1633910018778185E-02   1.5281506363940933E-01 
      1     780  15933       NK     ----    0.01  0.986   1.5026241827040195E-04   1.0457087185275269E-05   4.4991778785259766E-06   8.6516324720095989E-06   3.3202882781293485E-05   2.9592918575964287E-09   3.9291170869144337E-01   3.8877319458177940E-02   3.1642601095247455E-02   7.2347183629304637E-03   5.1633913891337521E-02   1.5281552734986539E-01 
      1     781  15955       NK     ----    1.00  0.989   1.5017825566939586E-04   1.0258081883878368E-05   4.4574838068499078E-06   8.5410958906527367E-06   3.2060343015303940E-05   2.7983451054514718E-09   3.9290595537585837E-01   3.8877844143775757E-02   3.1643124550612592E-02   7.2347195931631737E-03   5.1634913125524082E-02   1.5220048486699994E-01 
      1     782  15982       NK     ----    0.01  0.978   1.5014548647208003E-04   1.0260199552769452E-05   4.4587145520421514E-06   8.5437160836163630E-06   3.2068373639938900E-05   3.5897224057829605E-09   3.9290649426279434E-01   3.8877849156669891E-02   3.1643129839403601E-02   7.2347193172662954E-03   5.1634827831549421E-02   1.5373047687129232E-01 
      1     783  16006       NK     ----    0.05  0.979   1.5010018642179330E-04   1.0274206462994703E-05   4.4514847718938938E-06   8.5284193374050881E-06   3.2056241311651724E-05   3.4562351381230382E-09   3.9290739124133978E-01   3.8877704458660685E-02   3.1642986308867034E-02   7.2347181497936525E-03   5.1634615257519244E-02   1.5339739075555309E-01 
      1     784  16033       NK     ----    0.01  0.977   1.5009113153860624E-04   1.0273774305041996E-05   4.4507190498286934E-06   8.5263384479487313E-06   3.2055048366449542E-05   3.4461419358347529E-09   3.9290736882358368E-01   3.8877680907596607E-02   3.1642963108111676E-02   7.2347177994849486E-03   5.1634607277416443E-02   1.5336722340100026E-01 
      1     785  16058       NK     ----    0.03  0.978   1.5006408089130631E-04   1.0274426958435038E-05   4.4498603332053406E-06   8.5207239293882641E-06   3.2053575782529273E-05   3.3666642821888308E-09   3.9290730843903870E-01   3.8877592930039430E-02   3.1642876264319754E-02   7.2347166657196734E-03   5.1634576782732221E-02   1.5317508955713827E-01 
      1     786  16081       NK     ----    0.18  0.981   1.4997021539268329E-04   1.0249244197196253E-05   4.4302195659163949E-06   8.4881763540222167E-06   3.2014718169533088E-05   3.3602260132629660E-09   3.9290538791921503E-01   3.8877319363423403E-02   3.1642607261766757E-02   7.2347121016566552E-03   5.1634795917890698E-02   1.5306351977513954E-01 
      1     787  16104       NK     ----    0.41  0.981   1.4949910851231322E-04   1.0422358845596224E-05   4.3977913379356206E-06   8.4996226184580021E-06   3.2547706144780648E-05   2.5580472175712103E-09   3.9291258138135593E-01   3.8875953698404422E-02   3.1641255003324924E-02   7.2346986950794900E-03   5.1632999801896007E-02   1.5127256079178211E-01 
      1     788  16129       NK     ----    0.03  0.991   1.4946977062059666E-04   1.0418487476812727E-05   4.3964019671162603E-06   8.5048099033063688E-06   3.2570178680530598E-05   2.5318370431679614E-09   3.9291206906021908E-01   3.8875907922189139E-02   3.1641210506541693E-02   7.2346974156474488E-03   5.1633054506140912E-02   1.5120816646714758E-01 
      1     789  16153       NK     ----    0.05  0.991   1.4939921088403301E-04   1.0407969172791221E-05   4.3930876467438650E-06   8.5172388727244469E-06   3.2616926271279446E-05   2.5134641243902510E-09   3.9291077456610490E-01   3.8875814735913700E-02   3.1641120317914981E-02   7.2346944179987084E-03   5.1633204169060518E-02   1.5112285881173179E-01 
      1     790  16176       NK     ----    0.36  0.994   1.4934663306275458E-04   1.0361750987913215E-05   4.3905527356533878E-06   8.5341116869924147E-06   3.2528457494827779E-05   2.1196159053620826E-09   3.9290440633089108E-01   3.8875813740290165E-02   3.1641124430361406E-02   7.2346893099287561E-03   5.1634329749356764E-02   1.5048296675831996E-01 
      1     791  16203       NK     ----    0.01  0.974   1.4929890212622812E-04   1.0352124619091651E-05   4.3882527945291606E-06   8.5355532392388298E-06   3.2518546726150527E-05   2.1277953528693111E-09   3.9290402501040372E-01   3.8875813226533489E-02   3.1641125150881681E-02   7.2346880756518177E-03   5.1634386113397421E-02   1.5044654961467493E-01 
      1     792  16230       NK     ----    0.01  0.974   1.4924714636074365E-04   1.0343890932294076E-05   4.3871059449457253E-06   8.5379335356945054E-06   3.2512480627775673E-05   2.1142125492046136E-09   3.9290368829472477E-01   3.8875806694244071E-02   3.1641119934520776E-02   7.2346867597232918E-03   5.1634433167923939E-02   1.5037836950684388E-01 
      1     793  16257       NK     ----    0.01  0.972   1.4919238847493628E-04   1.0335253716796081E-05   4.3863365227752935E-06   8.5407288353632483E-06   3.2507171289402840E-05   2.1016173876785848E-09   3.9290334323520371E-01   3.8875798756527302E-02   3.1641113391909302E-02   7.2346853646179793E-03   5.1634480640798987E-02   1.5030894428804184E-01 
      1     794  16284       NK     ----    0.01  0.974   1.4914126108296955E-04   1.0326893759329972E-05   4.3859715918313484E-06   8.5438459311131857E-06   3.2502572403296638E-05   2.0990087811292799E-09   3.9290296566749083E-01   3.8875792298667139E-02   3.1641108264708964E-02   7.2346840339581765E-03   5.1634533936551479E-02   1.5025632249950227E-01 
      1     795  16311       NK     ----    0.01  0.976   1.4909352104449481E-04   1.0318838357937559E-05   4.3857086616758173E-06   8.5470819593332492E-06   3.2497961939044720E-05   2.1250922455476814E-09   3.9290256565045667E-01   3.8875787532935788E-02   3.1641104763189654E-02   7.2346827697461402E-03   5.1634591464062796E-02   1.5024492114742483E-01 
      1     796  16338      *NK     ----    0.01  0.757   1.4869613887385060E-04   1.0265018299604813E-05   4.3540058004320715E-06   8.5276787303947786E-06   3.2407592273558780E-05   8.0347454015914231E-09   3.9290243853123241E-01   3.8875741333584603E-02   3.1641066909248006E-02   7.2346744243365971E-03   5.1634591997364046E-02   1.6768209292314093E-01 
      1     797  16361       NK     ----    0.41  0.883   1.4777800113625650E-04   9.7513120948110596E-06   4.2438788904606805E-06   8.4684757228933641E-06   3.1521051132913664E-05   6.7740521214663444E-09   3.9288209855118028E-01   3.8877485896045852E-02   3.1642829534149902E-02   7.2346563618959758E-03   5.1638629678368519E-02   1.6135322524234871E-01 
      1     798  16386       NK     ----    0.03  0.923   1.4777949216433414E-04   9.7497437029437238E-06   4.2508382739523635E-06   8.4738167160073101E-06   3.1529961036772876E-05   6.7029699791776092E-09   3.9288219089738013E-01   3.8877492605379135E-02   3.1642836091345175E-02   7.2346565140339681E-03   5.1638613630732563E-02   1.6107629841229223E-01 
      1     799  16408       NK     ----    1.00  0.930   1.4794894631490427E-04   1.0018106482270219E-05   4.5363487060123594E-06   8.6855475194765570E-06   3.2460000694194340E-05   2.5165614650215324E-09   3.9288216847466362E-01   3.8877691071941507E-02   3.1643030257205516E-02   7.2346608147359805E-03   5.1638592249145611E-02   1.4973204522171632E-01 
#--------------------------------------------------------------------------------------------------------------------------------------------------------------------------------------------------------------------------------------------------------------------------------------------------------------------------------------------------------------------
#  Grid  | Iter | Iter |  Iter  |   CFL   | Step | Lin  |        Res rho         |        Res rhou        |        Res rhov        |        Res rhow        |        Res rhoE        |       Res nuturb       |         C_lift         |        C_drag          |        C_drag_p        |        C_drag_v        |          C_My          |        totalRes        |
#  level |      | Tot  |  Type  |         |      | Res  |                        |                        |                        |                        |                        |                        |                        |                        |                        |                        |                        |                        |
#--------------------------------------------------------------------------------------------------------------------------------------------------------------------------------------------------------------------------------------------------------------------------------------------------------------------------------------------------------------------
      1     800  16434       NK     ----    0.01  0.986   1.4792067598404980E-04   1.0006588651521399E-05   4.5379167870688428E-06   8.6914622945187691E-06   3.2439689587210385E-05   2.5054661212602702E-09   3.9288145970718297E-01   3.8877763946346115E-02   3.1643103742686640E-02   7.2346602036595003E-03   5.1638721827543074E-02   1.4968363804741056E-01 
      1     801  16461       NK     ----    0.01  0.988   1.4790812927780705E-04   1.0001508424456546E-05   4.5387961605532719E-06   8.6943041139034325E-06   3.2432571509553932E-05   2.4998339060116435E-09   3.9288118291545765E-01   3.8877793363722518E-02   3.1643133420103907E-02   7.2346599436186286E-03   5.1638773039827640E-02   1.4966146822802559E-01 
      1     802  16488       NK     ----    0.01  0.988   1.4789598585259001E-04   9.9966665725579878E-06   4.5397130476295847E-06   8.6972114592513220E-06   3.2426439478921053E-05   2.5210606830929178E-09   3.9288091847361023E-01   3.8877821810088323E-02   3.1643162115858006E-02   7.2346596942303278E-03   5.1638822117975866E-02   1.4968235653745704E-01 
      1     803  16515       NK     ----    0.01  0.985   1.4788023067841485E-04   9.9909171073571530E-06   4.5396065579999924E-06   8.6992719470639204E-06   3.2414281900358151E-05   2.5160691677443205E-09   3.9288052431249371E-01   3.8877855447451766E-02   3.1643196139446654E-02   7.2346593080051171E-03   5.1638893791413273E-02   1.4965701724343561E-01 
      1     804  16542       NK     ----    0.01  0.987   1.4786779838873318E-04   9.9864570360784882E-06   4.5398213995056689E-06   8.7013842205365396E-06   3.2406168265519676E-05   2.5126812455450844E-09   3.9288018625261067E-01   3.8877886373597431E-02   3.1643227361823234E-02   7.2346590117742041E-03   5.1638955600885092E-02   1.4963824671560699E-01 
      1     805  16568       NK     ----    0.01  0.985   1.4783751433613277E-04   9.9759823075991930E-06   4.5399674807217071E-06   8.7064670140643470E-06   3.2384211879498234E-05   2.5064384025895288E-09   3.9287937768655790E-01   3.8877954627365069E-02   3.1643296372176374E-02   7.2346582551886928E-03   5.1639102288075618E-02   1.4959528743909462E-01 
      1     806  16593       NK     ----    0.03  0.988   1.4779191167722263E-04   9.9612170979164737E-06   4.5424613144656718E-06   8.7178639300102078E-06   3.2360101418233900E-05   2.4890464800553105E-09   3.9287801587874177E-01   3.8878074005225922E-02   3.1643416888650140E-02   7.2346571165757649E-03   5.1639350911048661E-02   1.4952023477594698E-01 
      1     807  16618       NK     ----    0.03  0.990   1.4774980161820619E-04   9.9504462270057036E-06   4.5466088467620814E-06   8.7318128433270980E-06   3.2351530969139908E-05   2.4730552886091823E-09   3.9287680209710690E-01   3.8878184380179044E-02   3.1643528280338680E-02   7.2346560998403798E-03   5.1639572476342932E-02   1.4945440670533128E-01 
      1     808  16645       NK     ----    0.01  0.990   1.4774058957390691E-04   9.9482499468615380E-06   4.5472012543623894E-06   8.7346055825923745E-06   3.2348788102312322E-05   2.4686094149685558E-09   3.9287651354765757E-01   3.8878209553888529E-02   3.1643553686659956E-02   7.2346558672285741E-03   5.1639625075393082E-02   1.4943835848783202E-01 
      1     809  16672       NK     ----    0.01  0.989   1.4773032662977070E-04   9.9459146526962985E-06   4.5481348391332531E-06   8.7379569922973101E-06   3.2345779114839941E-05   2.4950267070637370E-09   3.9287620307171256E-01   3.8878235746909302E-02   3.1643580143172825E-02   7.2346556037364727E-03   5.1639681317325950E-02   1.4946961388810137E-01 
      1     810  16697       NK     ----    0.07  0.991   1.4769469738088755E-04   9.9313315775999125E-06   4.5422170460460291E-06   8.7384929311206549E-06   3.2314302088656359E-05   2.5001504141043174E-09   3.9287383317740726E-01   3.8878412041290965E-02   3.1643757802371934E-02   7.2346542389190418E-03   5.1640111108355431E-02   1.4943700196555701E-01 
      1     811  16720       NK     ----    0.13  0.993   1.4762907041003377E-04   9.9154554670932563E-06   4.5542078484387106E-06   8.7732535762290069E-06   3.2373261546407839E-05   2.4433045044193264E-09   3.9287095110267695E-01   3.8878688414098868E-02   3.1644035902397581E-02   7.2346525117012979E-03   5.1640639844535381E-02   1.4930041241266351E-01 
      1     812  16742       NK     ----    1.00  0.992   1.4684423142488314E-04   9.9502283814622957E-06   4.7953945816428112E-06   9.2350329967259135E-06   3.3807506904804356E-05   2.0712815819746310E-09   3.9285882351396328E-01   3.8880056721784989E-02   3.1645420769496044E-02   7.2346359522889531E-03   5.1642950354329795E-02   1.4837247457858163E-01 
      1     813  16764       NK     ----    1.00  0.996   1.4705763448142833E-04   9.6934682150101136E-06   4.5641623011865613E-06   8.7633514197454465E-06   3.2459739484974254E-05   2.0261568657534825E-09   3.9287862126996598E-01   3.8879158547825234E-02   3.1644509236724142E-02   7.2346493111010981E-03   5.1639368125643778E-02   1.4817917889636487E-01 
      1     814  16791       NK     ----    0.01  0.951   1.4697916548736417E-04   9.6783790168397566E-06   4.5612110793524662E-06   8.7687704403463316E-06   3.2464702571816364E-05   2.7354286710110083E-09   3.9287878061774179E-01   3.8879166869009357E-02   3.1644518960860381E-02   7.2346479081489843E-03   5.1639335081383617E-02   1.4917745152337883E-01 
      1     815  16813       NK     ----    1.00  0.993   1.4703752731928997E-04   9.6904932731521088E-06   4.4631201728967559E-06   8.7223527833649129E-06   3.2332467555613443E-05   2.0265256118034396E-09   3.9289021600979435E-01   3.8878409260009524E-02   3.1643756071887859E-02   7.2346531881216768E-03   5.1637281822356926E-02   1.4812921808315330E-01 
      1     816  16840      *NK     ----    0.01  0.955   1.4696179022544615E-04   9.6765983519502798E-06   4.4538643454158775E-06   8.7169227025412743E-06   3.2312843949050853E-05   2.7296420098339937E-09   3.9289032598175921E-01   3.8878414450828208E-02   3.1643762635750292E-02   7.2346518150779148E-03   5.1637262864921978E-02   1.4911416857822501E-01 
      1     817  16865       NK     ----    0.03  0.993   1.4694842718242189E-04   9.6791651106407070E-06   4.4573280405099610E-06   8.7240986177107517E-06   3.2333385795603726E-05   2.5653628846826396E-09   3.9289045182149618E-01   3.8878421545309176E-02   3.1643769840574508E-02   7.2346517047346560E-03   5.1637244669754681E-02   1.4883124962454228E-01 
      1     818  16892       NK     ----    0.01  0.931   1.4683712896170517E-04   9.6607187017527121E-06   4.4445893212069864E-06   8.7182662352898551E-06   3.2320113725666710E-05   2.5450084952200690E-09   3.9289081319318614E-01   3.8878424936733276E-02   3.1643775127082698E-02   7.2346498096505741E-03   5.1637179818422016E-02   1.4869009649946030E-01 
      1     819  16919       NK     ----    0.01  0.964   1.4677122895537741E-04   9.6505578323153833E-06   4.4394996176891945E-06   8.7210237428619314E-06   3.2324864560687416E-05   2.4022625370417549E-09   3.9289112732780962E-01   3.8878431067765291E-02   3.1643782279442215E-02   7.2346487883230828E-03   5.1637125069287658E-02   1.4840485803360950E-01 
      1     820  16946       NK     ----    0.01  0.950   1.4668462321877903E-04   9.6355017825472047E-06   4.4268540632247956E-06   8.7158629260015207E-06   3.2309874175016823E-05   2.5772673692573037E-09   3.9289148803740820E-01   3.8878431338164987E-02   3.1643783979297423E-02   7.2346473588675670E-03   5.1637061285751865E-02   1.4859623389662865E-01 
      1     821  16972       NK     ----    0.01  0.979   1.4660909878206661E-04   9.6252418274374205E-06   4.4230533266978378E-06   8.7228303984825531E-06   3.2313533823514527E-05   2.5830547331871793E-09   3.9289200258331042E-01   3.8878445000384981E-02   3.1643798621772079E-02   7.2346463786129066E-03   5.1636974093095367E-02   1.4853580803316305E-01 
      1     822  16997       NK     ----    0.03  0.980   1.4647536482130624E-04   9.6063270413172020E-06   4.4089612690668543E-06   8.7275347524101754E-06   3.2298223581946497E-05   2.5645455393169417E-09   3.9289298557498792E-01   3.8878452831146139E-02   3.1643808243504219E-02   7.2346445876419127E-03   5.1636807243603387E-02   1.4837661311410702E-01 
      1     823  17024       NK     ----    0.01  0.975   1.4643059344780622E-04   9.6010075306706655E-06   4.4064642171444303E-06   8.7317868827373240E-06   3.2301607570871368E-05   2.3981898202797545E-09   3.9289331917479381E-01   3.8878457222146709E-02   3.1643813226369180E-02   7.2346439957775158E-03   5.1636750011150270E-02   1.4807278608163360E-01 
      1     824  17051       NK     ----    0.01  0.920   1.4629440576328933E-04   9.5825388218981195E-06   4.3953253726006118E-06   8.7303428193949161E-06   3.2298665791481193E-05   2.5315713369616965E-09   3.9289389037210226E-01   3.8878458799672930E-02   3.1643817036333975E-02   7.2346417633389459E-03   5.1636646952934587E-02   1.4815308226966489E-01 
      1     825  17075       NK     ----    0.05  0.967   1.4586393247107159E-04   9.5326191760883677E-06   4.3541426910758301E-06   8.7198527574382809E-06   3.2307508771249042E-05   2.6125069715941351E-09   3.9289553416264567E-01   3.8878460055565986E-02   3.1643825558322895E-02   7.2346344972431236E-03   5.1636353087602727E-02   1.4788210357898626E-01 
      1     826  17102       NK     ----    0.01  0.970   1.4581544646885493E-04   9.5283484093883769E-06   4.3503930679480775E-06   8.7202071170476111E-06   3.2313413501070997E-05   2.6561912349494637E-09   3.9289583541606865E-01   3.8878453936500378E-02   3.1643820213028188E-02   7.2346337234721917E-03   5.1636298334914357E-02   1.4791126858688411E-01 
      1     827  17129       NK     ----    0.01  0.968   1.4575525462594624E-04   9.5263439666261236E-06   4.3479437711689195E-06   8.7246231211604134E-06   3.2334413629672017E-05   2.6795905798681403E-09   3.9289648607504069E-01   3.8878449020267637E-02   3.1643816039758937E-02   7.2346329805087041E-03   5.1636182164036641E-02   1.4789950525111145E-01 
      1     828  17156       NK     ----    0.01  0.965   1.4569016860777349E-04   9.5239344473214318E-06   4.3438120312645927E-06   8.7252665848984335E-06   3.2349861774934058E-05   2.6944091016858774E-09   3.9289700203216449E-01   3.8878443209411438E-02   3.1643811166856654E-02   7.2346320425547977E-03   5.1636089535968183E-02   1.4786737336289418E-01 
      1     829  17183       NK     ----    0.01  0.968   1.4563169882752329E-04   9.5213671313440151E-06   4.3404145902768516E-06   8.7259997070577607E-06   3.2366443627797544E-05   2.7967865864890341E-09   3.9289747959322435E-01   3.8878436374578808E-02   3.1643805183670715E-02   7.2346311909081019E-03   5.1636004583318393E-02   1.4799548924569222E-01 
      1     830  17209       NK     ----    0.01  0.973   1.4552835703515136E-04   9.5222602704940874E-06   4.3351041689293113E-06   8.7251641757398605E-06   3.2397219963677089E-05   2.7886449035511388E-09   3.9289866291188519E-01   3.8878418349598542E-02   3.1643788446235416E-02   7.2346299033631233E-03   5.1635792236173775E-02   1.4789130351393964E-01 
      1     831  17234       NK     ----    0.03  0.982   1.4541630556830814E-04   9.5289831958590099E-06   4.3306790317172079E-06   8.7252416912609417E-06   3.2434870465597729E-05   2.8139390052817757E-09   3.9290017733108407E-01   3.8878407207919054E-02   3.1643778459551637E-02   7.2346287483674174E-03   5.1635528228205878E-02   1.4784060559198370E-01 
      1     832  17259       NK     ----    0.03  0.980   1.4525152993600650E-04   9.5417531732708982E-06   4.3290530884522977E-06   8.7307003945902164E-06   3.2494554703120972E-05   2.7720902178156359E-09   3.9290226872423201E-01   3.8878372001037526E-02   3.1643745141280114E-02   7.2346268597574329E-03   5.1635158486849630E-02   1.4762651845753944E-01 
      1     833  17284       NK     ----    0.03  0.981   1.4511043422431538E-04   9.5622490833533736E-06   4.3271591363956125E-06   8.7383668667109215E-06   3.2555672663082017E-05   2.6482082306885498E-09   3.9290439976186103E-01   3.8878338668407710E-02   3.1643713211327383E-02   7.2346254570803473E-03   5.1634780270861866E-02   1.4729512362556249E-01 
      1     834  17308       NK     ----    0.05  0.978   1.4483570492376265E-04   9.6066668288943984E-06   4.3240377953328454E-06   8.7596467389649356E-06   3.2642571158070116E-05   2.6400937902630487E-09   3.9290856885252856E-01   3.8878277402585829E-02   3.1643654589170178E-02   7.2346228134156591E-03   5.1634042866383185E-02   1.4704813449113990E-01 
      1     835  17333       NK     ----    0.03  0.985   1.4473103817466630E-04   9.6429721947205391E-06   4.3301461383084383E-06   8.7766023224400071E-06   3.2714320780387881E-05   2.6147314985718398E-09   3.9291069606969381E-01   3.8878232313252915E-02   3.1643610272142755E-02   7.2346220411101470E-03   5.1633661487449946E-02   1.4692655646547068E-01 
      1     836  17360      *NK     ----    0.01  0.954   1.4465978869961207E-04   9.6390899607213186E-06   4.3220561173390711E-06   8.7694980355774938E-06   3.2705641451170344E-05   2.6185973008489673E-09   3.9291110814440333E-01   3.8878220004296603E-02   3.1643599138131473E-02   7.2346208661651246E-03   5.1633583565648566E-02   1.4686417368575627E-01 
      1     837  17386       NK     ----    0.01  0.955   1.4451319829946594E-04   9.6404142841153792E-06   4.3111356079462648E-06   8.7605104983320708E-06   3.2716013565969274E-05   2.6407114668495029E-09   3.9291216622940878E-01   3.8878188811133432E-02   3.1643570233872056E-02   7.2346185772613897E-03   5.1633383665373005E-02   1.4676683096789070E-01 
      1     838  17413       NK     ----    0.01  0.951   1.4442370958828692E-04   9.6422451606271340E-06   4.3061776611077762E-06   8.7613802879288731E-06   3.2731835163388488E-05   2.6660914198609736E-09   3.9291290156023123E-01   3.8878170438162538E-02   3.1643553211513721E-02   7.2346172266488269E-03   5.1633245124564263E-02   1.4673037686926485E-01 
      1     839  17437       NK     ----    0.05  0.936   1.4349259719070843E-04   9.6563682962567194E-06   4.2645571724299902E-06   8.7824077847742688E-06   3.2915311007808942E-05   2.6341746092917393E-09   3.9291931271516523E-01   3.8878026106314224E-02   3.1643423398059888E-02   7.2346027082543264E-03   5.1632034887877473E-02   1.4585145704366112E-01 
      1     840  17462       NK     ----    0.03  0.962   1.4322345300810319E-04   9.6844514266808798E-06   4.2616309772051387E-06   8.8004047383323712E-06   3.3015657046768476E-05   2.6135941250390044E-09   3.9292188664982403E-01   3.8877963099612549E-02   3.1643364230848792E-02   7.2345988687637676E-03   5.1631552389390330E-02   1.4559090315072853E-01 
      1     841  17487       NK     ----    0.03  0.973   1.4302749721042797E-04   9.7170227491451397E-06   4.2643825514953399E-06   8.8210764068150832E-06   3.3118360769440476E-05   2.5054839714313955E-09   3.9292408088475439E-01   3.8877906504860081E-02   3.1643310297056380E-02   7.2345962078036851E-03   5.1631141597856728E-02   1.4525489224703980E-01 
      1     842  17510       NK     ----    0.10  0.933   1.4154948083012445E-04   9.5982629610762405E-06   4.1127018073106272E-06   8.6493727517867527E-06   3.2938777229201228E-05   2.3015652165395174E-09   3.9292871404410984E-01   3.8877868649719385E-02   3.1643298348722683E-02   7.2345703009966999E-03   5.1630306804929839E-02   1.4350079838469976E-01 
      1     843  17534       NK     ----    0.05  0.973   1.4124111674109919E-04   9.6066053721983040E-06   4.0913530853055192E-06   8.6257825812631213E-06   3.2990921254950216E-05   2.2624815340410550E-09   3.9293047613029952E-01   3.8877807120135076E-02   3.1643241958929973E-02   7.2345651612050919E-03   5.1630005867452818E-02   1.4316514554544091E-01 
      1     844  17561       NK     ----    0.01  0.983   1.4121289814347939E-04   9.6092578722867318E-06   4.0903854834632557E-06   8.6250401782449995E-06   3.3000924684127705E-05   2.2298864742987814E-09   3.9293066255993442E-01   3.8877799230147003E-02   3.1643234537779591E-02   7.2345646923674357E-03   5.1629973832301820E-02   1.4309291828264525E-01 
      1     845  17584       NK     ----    0.10  0.981   1.4073809646233387E-04   9.6594421631372049E-06   4.0798481990999816E-06   8.6170258956832763E-06   3.3178427303522616E-05   2.2076274850284815E-09   3.9293372646516328E-01   3.8877673124655149E-02   3.1643116330375844E-02   7.2345567942793208E-03   5.1629451318543490E-02   1.4265970981496234E-01 
      1     846  17608       NK     ----    0.24  0.994   1.4043925649720549E-04   9.8267400495394856E-06   4.1168426591524185E-06   8.6710590906060897E-06   3.3499682311323807E-05   2.3015394978074128E-09   3.9293931687539996E-01   3.8877346868740198E-02   3.1642794182472449E-02   7.2345526862677614E-03   5.1628437606050827E-02   1.4260759842436727E-01 
      1     847  17630       NK     ----    1.00  0.995   1.4045185447279080E-04   1.0004625869839081E-05   4.2714186003814274E-06   8.6861404158874910E-06   3.3746337410363001E-05   1.9066405829213398E-09   3.9294504991839724E-01   3.8876622761041112E-02   3.1642072294980207E-02   7.2345504660609079E-03   5.1627377384577601E-02   1.4214069960318151E-01 
      1     848  17653       NK     ----    0.41  0.997   1.4050908765888255E-04   9.7506979950078818E-06   4.1966744122389157E-06   8.5710764204975611E-06   3.3036299365804458E-05   1.8995905641413261E-09   3.9293787611267633E-01   3.8876558481796442E-02   3.1642011691559377E-02   7.2345467902370682E-03   5.1628606836878088E-02   1.4200243726540915E-01 
      1     849  17676       NK     ----    0.39  0.998   1.4035022373903053E-04   9.9308401954529501E-06   4.2372642002160169E-06   8.6866565197133353E-06   3.3054064235312293E-05   1.9087978733838376E-09   3.9294240407652214E-01   3.8876077585244542E-02   3.1641533912961955E-02   7.2345436722825972E-03   5.1627860074063905E-02   1.4188930346509745E-01 
#--------------------------------------------------------------------------------------------------------------------------------------------------------------------------------------------------------------------------------------------------------------------------------------------------------------------------------------------------------------------
#  Grid  | Iter | Iter |  Iter  |   CFL   | Step | Lin  |        Res rho         |        Res rhou        |        Res rhov        |        Res rhow        |        Res rhoE        |       Res nuturb       |         C_lift         |        C_drag          |        C_drag_p        |        C_drag_v        |          C_My          |        totalRes        |
#  level |      | Tot  |  Type  |         |      | Res  |                        |                        |                        |                        |                        |                        |                        |                        |                        |                        |                        |                        |
#--------------------------------------------------------------------------------------------------------------------------------------------------------------------------------------------------------------------------------------------------------------------------------------------------------------------------------------------------------------------
      1     850  17702       NK     ----    0.06  0.998   1.4035512831105877E-04   9.9234911695098050E-06   4.2289568999453067E-06   8.6817421933737951E-06   3.2976305456884549E-05   1.9139228403874607E-09   3.9294228599025049E-01   3.8876059406326074E-02   3.1641515820254075E-02   7.2345435860720116E-03   5.1627882639375837E-02   1.4188232364837136E-01 
      1     851  17724       NK     ----    1.00  0.998   1.4033955170710745E-04   9.9531740546867023E-06   4.1943354475106687E-06   8.7144386208864580E-06   3.2461850254598824E-05   1.7785679100896343E-09   3.9294323947093562E-01   3.8875691875941087E-02   3.1641150039090842E-02   7.2345418368502459E-03   5.1627789562095086E-02   1.4159238132427104E-01 
      1     852  17749       NK     ----    0.03  0.998   1.4031987369142779E-04   9.9617328729657578E-06   4.1964428044941565E-06   8.7227305186495568E-06   3.2485531751279719E-05   1.7814452893384861E-09   3.9294352837274016E-01   3.8875661362429946E-02   3.1641119870769757E-02   7.2345414916602010E-03   5.1627739688347364E-02   1.4158362989362677E-01 
      1     853  17773       NK     ----    0.18  0.997   1.4011577642784401E-04   1.0065393989295459E-05   4.2293126845916078E-06   8.8172633788757332E-06   3.2747426796657908E-05   1.8499998545742471E-09   3.9294684373157290E-01   3.8875381391466374E-02   3.1640843044084314E-02   7.2345383473820680E-03   5.1627175481453964E-02   1.4154617068049782E-01 
      1     854  17797       NK     ----    0.18  0.999   1.4007767173145581E-04   1.0087889508709770E-05   4.2361531269853956E-06   8.8368564468478213E-06   3.2825032758106583E-05   1.8535779405697540E-09   3.9294742344897793E-01   3.8875297216219060E-02   3.1640759647072622E-02   7.2345375691464453E-03   5.1627076007190624E-02   1.4153482490062841E-01 
      1     855  17820       NK     ----    0.12  0.999   1.4005061521178773E-04   1.0098845834752339E-05   4.2405494123870403E-06   8.8488706784208905E-06   3.2865338452031576E-05   1.8510552801839162E-09   3.9294776982422769E-01   3.8875255939814640E-02   3.1640718831051101E-02   7.2345371087635477E-03   5.1627022857009333E-02   1.4151684843915296E-01 
      1     856  17847      *NK     ----    0.01  0.924   1.3994375069762417E-04   1.0084555321042670E-05   4.2184055245533296E-06   8.8294735768367675E-06   3.2817772920933861E-05   1.9237642068006270E-09   3.9294769506312416E-01   3.8875232572204314E-02   3.1640697494555579E-02   7.2345350776487289E-03   5.1627046616037585E-02   1.4149546103503527E-01 
      1     857  17870       NK     ----    0.10  0.919   1.3810837487394529E-04   9.9317479993891857E-06   3.9615283401011764E-06   8.6157707221311690E-06   3.2285578764045370E-05   1.7171396294537416E-09   3.9294625324600396E-01   3.8874868286607966E-02   3.1640367908363193E-02   7.2345003782447711E-03   5.1627477527139608E-02   1.3938315091068404E-01 
      1     858  17897       NK     ----    0.01  0.942   1.3802095494914611E-04   9.9216628514047380E-06   3.9526662369490007E-06   8.6043743614937997E-06   3.2255136391974058E-05   1.7157477374983865E-09   3.9294610812465774E-01   3.8874856888150067E-02   3.1640358117325233E-02   7.2344987708248508E-03   5.1627506260072384E-02   1.3929161244455956E-01 
      1     859  17921       NK     ----    0.05  0.945   1.3738509436131134E-04   9.8462215203777758E-06   3.8970217827262187E-06   8.5300350061958414E-06   3.2066821480655480E-05   1.6968987394606174E-09   3.9294505885419018E-01   3.8874778883149261E-02   3.1640291793585740E-02   7.2344870895635193E-03   5.1627708176702029E-02   1.3862354504683183E-01 
      1     860  17948       NK     ----    0.01  0.962   1.3732415167553745E-04   9.8420146722649526E-06   3.8934830121425055E-06   8.5241873332626007E-06   3.2057231456912625E-05   2.0077019033754463E-09   3.9294497064134265E-01   3.8874769006758410E-02   3.1640283045993048E-02   7.2344859607653541E-03   5.1627723735256828E-02   1.3895506202915270E-01 
      1     861  17972       NK     ----    0.05  0.996   1.3727321479933214E-04   9.8733146386161969E-06   3.9094158808782268E-06   8.5455041902591234E-06   3.2143955187730351E-05   1.9812038771289637E-09   3.9294550130160766E-01   3.8874695639346021E-02   3.1640210633252362E-02   7.2344850060936921E-03   5.1627635954837582E-02   1.3889435874377082E-01 
      1     862  17997       NK     ----    0.03  0.996   1.3725015934198755E-04   9.8829119465945026E-06   3.9157401743115979E-06   8.5533413459091690E-06   3.2181383484771677E-05   1.9541737712809183E-09   3.9294564973200041E-01   3.8874663583205966E-02   3.1640179067879415E-02   7.2344845153265542E-03   5.1627611396098269E-02   1.3884618854716316E-01 
      1     863  18020       NK     ----    0.19  0.996   1.3733603254375342E-04   9.8199867767301961E-06   3.8826474634074108E-06   8.5203164169121061E-06   3.1960739228249074E-05   1.8558795232913946E-09   3.9294496689292502E-01   3.8874768234141148E-02   3.1640281949852918E-02   7.2344862842882293E-03   5.1627763314135613E-02   1.3874397445876374E-01 
      1     864  18042       NK     ----    1.00  0.998   1.3726215791390331E-04   9.9666613060380054E-06   3.9932999941872707E-06   8.6638733664688263E-06   3.2506188515551527E-05   1.5409614511925373E-09   3.9294763455850845E-01   3.8874246377710697E-02   3.1639762892947322E-02   7.2344834847633786E-03   5.1627344130376528E-02   1.3845187165108333E-01 
      1     865  18069       NK     ----    0.01  0.994   1.3725713612603490E-04   9.9547461667026305E-06   3.9875367570528656E-06   8.6551918769568054E-06   3.2478658426761521E-05   1.5579937714257555E-09   3.9294738655679412E-01   3.8874263046141604E-02   3.1639779707614481E-02   7.2344833385271212E-03   5.1627385124042746E-02   1.3845758289396815E-01 
      1     866  18096       NK     ----    0.01  0.980   1.3722918755337753E-04   9.9468726104749356E-06   3.9826597807733150E-06   8.6483821757813145E-06   3.2460333701521600E-05   1.6402503174982596E-09   3.9294726785283934E-01   3.8874266253775290E-02   3.1639783447772532E-02   7.2344828060027615E-03   5.1627404616727213E-02   1.3851592051874345E-01 
      1     867  18123       NK     ----    0.01  0.945   1.3715198160623869E-04   9.9324240128372068E-06   3.9751929929000111E-06   8.6363298398973638E-06   3.2426242157748773E-05   1.7866218276887524E-09   3.9294709457325405E-01   3.8874263813975483E-02   3.1639782414003226E-02   7.2344813999722663E-03   5.1627433844596116E-02   1.3860511462350014E-01 
      1     868  18147       NK     ----    0.05  0.983   1.3690646584791884E-04   9.8957202241124755E-06   3.9594552562729024E-06   8.6087593245619690E-06   3.2412681770306423E-05   1.9341774481016280E-09   3.9294672668270797E-01   3.8874236440872886E-02   3.1639759515555296E-02   7.2344769253176100E-03   5.1627493308608351E-02   1.3855546694648083E-01 
      1     869  18170       NK     ----    0.10  0.990   1.3663991986463716E-04   9.8484544679394823E-06   3.9439443074281772E-06   8.5746797356035035E-06   3.2436356267371438E-05   2.0953491916859088E-09   3.9294588520684653E-01   3.8874201598335344E-02   3.1639729910673958E-02   7.2344716876613620E-03   5.1627623650152804E-02   1.3852798474654074E-01 
      1     870  18197       NK     ----    0.01  0.996   1.3663113123122791E-04   9.8485447094637117E-06   3.9443444133038338E-06   8.5746345384591755E-06   3.2442154784476806E-05   2.1031291923162015E-09   3.9294588302382583E-01   3.8874197403552753E-02   3.1639725894631085E-02   7.2344715089216818E-03   5.1627623291883341E-02   1.3853222300988671E-01 
      1     871  18220       NK     ----    0.10  0.996   1.3650660535893282E-04   9.8496546792907258E-06   3.9497467165529458E-06   8.5732027534830032E-06   3.2522849401144985E-05   1.9725372611436662E-09   3.9294579373335659E-01   3.8874135010207804E-02   3.1639666084687892E-02   7.2344689255199159E-03   5.1627626462092228E-02   1.3825297247425730E-01 
      1     872  18243       NK     ----    0.10  0.992   1.3630480782058065E-04   9.8486483226908525E-06   3.9507037174629941E-06   8.5663249103533089E-06   3.2580388140378009E-05   1.8859511487836045E-09   3.9294588486114773E-01   3.8874038796526338E-02   3.1639573870057357E-02   7.2344649264689800E-03   5.1627587405696632E-02   1.3796327694824906E-01 
      1     873  18268       NK     ----    0.06  0.998   1.3626009876575843E-04   9.8411188942321123E-06   3.9506922018105522E-06   8.5622314974987086E-06   3.2608762975807191E-05   1.9025604970444273E-09   3.9294575665611237E-01   3.8874014121422933E-02   3.1639550228105009E-02   7.2344638933179240E-03   5.1627602364828246E-02   1.3794870758169933E-01 
      1     874  18293       NK     ----    0.11  0.998   1.3620240563941258E-04   9.8264802407201891E-06   3.9500240074165079E-06   8.5550070548642682E-06   3.2644401846276769E-05   1.8975662170375318E-09   3.9294550587036187E-01   3.8873975096015111E-02   3.1639512655553849E-02   7.2344624404612470E-03   5.1627633650442054E-02   1.3789500087235726E-01 
      1     875  18315       NK     ----    1.00  0.996   1.3551454974288296E-04   9.6731586754019825E-06   4.0443718210834640E-06   8.4906437363043338E-06   3.3272830760604578E-05   2.1740901053837624E-09   3.9294289453135217E-01   3.8873830786220150E-02   3.1639383267643997E-02   7.2344475185761531E-03   5.1628046067548485E-02   1.3777108780678704E-01 
      1     876  18342      *NK     ----    0.01  0.978   1.3549421047474473E-04   9.6617827623461598E-06   4.0381032372327792E-06   8.4829866221405735E-06   3.3247056140441514E-05   2.1759008369455185E-09   3.9294268901616136E-01   3.8873837848674389E-02   3.1639390766183800E-02   7.2344470824905931E-03   5.1628077240870610E-02   1.3774767589326309E-01 
      1     877  18368       NK     ----    0.01  0.988   1.3547464070228017E-04   9.6438080029505064E-06   4.0298572234518384E-06   8.4706060842622426E-06   3.3210206278728225E-05   2.1829868801985414E-09   3.9294230243719835E-01   3.8873857775098143E-02   3.1639411173008988E-02   7.2344466020891540E-03   5.1628137456606799E-02   1.3772957758725807E-01 
      1     878  18395       NK     ----    0.01  0.979   1.3544919490551189E-04   9.6343533734763033E-06   4.0232213588625951E-06   8.4626041197439299E-06   3.3181003684828728E-05   2.1661610126685658E-09   3.9294213396246230E-01   3.8873863001408604E-02   3.1639416915790065E-02   7.2344460856185585E-03   5.1628159919987079E-02   1.3767299977705436E-01 
      1     879  18422       NK     ----    0.01  0.967   1.3541271796821191E-04   9.6224736064454351E-06   4.0147235721042234E-06   8.4539290427405437E-06   3.3146425117253504E-05   2.1686234213967646E-09   3.9294195504791479E-01   3.8873868197336618E-02   3.1639422812108624E-02   7.2344453852280074E-03   5.1628184469995723E-02   1.3763343300801392E-01 
      1     880  18447       NK     ----    0.03  0.967   1.3526463226847066E-04   9.5757266549705253E-06   3.9821139791835973E-06   8.4204525843522235E-06   3.3014858915470207E-05   2.2000026860649840E-09   3.9294124491658938E-01   3.8873888518213010E-02   3.1639445971793391E-02   7.2344425464196246E-03   5.1628281660210350E-02   1.3750728372756796E-01 
      1     881  18471       NK     ----    0.05  0.962   1.3492871459546183E-04   9.4713417974270937E-06   3.9168092331739588E-06   8.3511703421817783E-06   3.2749781935544486E-05   2.3231485609429263E-09   3.9293982957606144E-01   3.8873930054435381E-02   3.1639493847390600E-02   7.2344362070447775E-03   5.1628472644947299E-02   1.3731455745308024E-01 
      1     882  18494       NK     ----    0.10  0.978   1.3447561353238419E-04   9.3643253335000456E-06   3.8567293852637898E-06   8.2704307462714037E-06   3.2542582540205264E-05   2.3023881329294565E-09   3.9293802587440974E-01   3.8873966403217664E-02   3.1639539042710670E-02   7.2344273605069905E-03   5.1628669087581298E-02   1.3680183848083130E-01 
      1     883  18517       NK     ----    0.10  0.975   1.3396846408572782E-04   9.2303609428571522E-06   3.8068084540250189E-06   8.1919904077818166E-06   3.2412074517079926E-05   2.3168030868779156E-09   3.9293637668412063E-01   3.8874003005755192E-02   3.1639585412879270E-02   7.2344175928759080E-03   5.1628822949321571E-02   1.3631105824517323E-01 
      1     884  18540       NK     ----    0.10  0.983   1.3349946992008733E-04   9.1937494628264905E-06   3.8129304576731868E-06   8.1788031471845211E-06   3.2599853921172641E-05   2.3320767540827793E-09   3.9293566577317085E-01   3.8874008975806291E-02   3.1639599932954149E-02   7.2344090428521496E-03   5.1628844085813475E-02   1.3594048290524269E-01 
      1     885  18563       NK     ----    0.10  0.980   1.3301951170919036E-04   9.1231528942346203E-06   3.8212057956980211E-06   8.1510826779687197E-06   3.2798889281529200E-05   2.3294839953179920E-09   3.9293503643266192E-01   3.8874039023053676E-02   3.1639638524708365E-02   7.2344004983453097E-03   5.1628853720768218E-02   1.3553126675590155E-01 
      1     886  18587       NK     ----    0.05  0.990   1.3291599778580512E-04   9.1017489787613980E-06   3.8258137518344743E-06   8.1447579716940178E-06   3.2844173060135998E-05   2.2259232292324213E-09   3.9293436781719426E-01   3.8874066770329979E-02   3.1639668512317448E-02   7.2343982580125180E-03   5.1628915782785764E-02   1.3527986561829383E-01 
      1     887  18610       NK     ----    0.10  0.989   1.3271148023089483E-04   9.0452552134454467E-06   3.8356697024701947E-06   8.1233954384163732E-06   3.2890603602982211E-05   2.2025773428587236E-09   3.9293281589192308E-01   3.8874151690627773E-02   3.1639757852469752E-02   7.2343938381580026E-03   5.1629070676626344E-02   1.3506040134640493E-01 
      1     888  18636       NK     ----    0.01  0.985   1.3266500710564964E-04   9.0373119653676605E-06   3.8369161692236558E-06   8.1209204923939896E-06   3.2903269573253429E-05   2.2069068065074419E-09   3.9293268509482154E-01   3.8874159314382997E-02   3.1639766344467309E-02   7.2343929699156991E-03   5.1629075785734529E-02   1.3502630429070003E-01 
      1     889  18663       NK     ----    0.01  0.985   1.3264263770611188E-04   9.0335345299427301E-06   3.8376364206648504E-06   8.1197124197391783E-06   3.2909498821672241E-05   2.2088164948169131E-09   3.9293261898439685E-01   3.8874163361710581E-02   3.1639770809531745E-02   7.2343925521788652E-03   5.1629078664332265E-02   1.3500966632155650E-01 
      1     890  18690       NK     ----    0.01  0.985   1.3262061521073350E-04   9.0298498287639918E-06   3.8384234445168801E-06   8.1185371823540418E-06   3.2915758731669336E-05   2.5455975189138181E-09   3.9293255266891075E-01   3.8874167504339800E-02   3.1639775363244652E-02   7.2343921410951469E-03   5.1629081661059034E-02   1.3554860247507630E-01 
      1     891  18712       NK     ----    1.00  0.988   1.3225930691147927E-04   8.3292335448304230E-06   3.8158385222043972E-06   7.8125433225834409E-06   3.1840159401321766E-05   2.2570105146335649E-09   3.9291164435651066E-01   3.8875754477306589E-02   3.1641373994596024E-02   7.2343804827105767E-03   5.1632425510100395E-02   1.3442668981549494E-01 
      1     892  18735       NK     ----    0.15  0.997   1.3226880497668375E-04   8.3436992047448345E-06   3.7742112077130610E-06   7.7826605082761975E-06   3.1730094590775895E-05   2.2631191027452173E-09   3.9291274780183416E-01   3.8875674150613722E-02   3.1641292891845953E-02   7.2343812587677657E-03   5.1632253898122364E-02   1.3441874782703464E-01 
      1     893  18760       NK     ----    0.09  0.989   1.3216849118290026E-04   8.3142106162505518E-06   3.7386671961713246E-06   7.7615808024773699E-06   3.1594459511716000E-05   2.3068522886274206E-09   3.9291250067572059E-01   3.8875642954579341E-02   3.1641263519897503E-02   7.2343794346818452E-03   5.1632271342942210E-02   1.3436184969908388E-01 
      1     894  18782       NK     ----    1.00  0.990   1.3223199102987935E-04   8.0598242647943367E-06   3.3968978736174843E-06   7.6356786193460528E-06   2.9692535469498053E-05   1.8029938207068048E-09   3.9290481400794303E-01   3.8876792879486075E-02   3.1642408100443060E-02   7.2343847790430115E-03   5.1633839758947565E-02   1.3325035402321853E-01 
      1     895  18809       NK     ----    0.01  0.991   1.3222870825594426E-04   8.0524862860553231E-06   3.3931795732531602E-06   7.6326725756095308E-06   2.9675373544775444E-05   1.8050911783429518E-09   3.9290457781978200E-01   3.8876797713575745E-02   3.1642413100620340E-02   7.2343846129554164E-03   5.1633881846302659E-02   1.3324568385676586E-01 
      1     896  18836      *NK     ----    0.01  0.898   1.3207925588964401E-04   8.0384806010955314E-06   3.3870529302613320E-06   7.6280155140551882E-06   2.9666792689766956E-05   3.5346577376061978E-09   3.9290455554860459E-01   3.8876767830556290E-02   3.1642385745426729E-02   7.2343820851295650E-03   5.1633870403143281E-02   1.3633546274931521E-01 
      1     897  18863       NK     ----    0.01  0.945   1.3204411792672237E-04   8.0280704594766660E-06   3.3795283956186883E-06   7.6219737324906634E-06   2.9641813225325533E-05   3.5669118102449274E-09   3.9290418657716980E-01   3.8876754001400782E-02   3.1642372775100160E-02   7.2343812263006117E-03   5.1633928935597012E-02   1.3637638377217601E-01 
      1     898  18886       NK     ----    0.10  0.953   1.3162266265886113E-04   7.9352147050895493E-06   3.3114763118583956E-06   7.5672933223595948E-06   2.9394177881458769E-05   3.2968516100167378E-09   3.9289909584855021E-01   3.8876590120165505E-02   3.1642219587180713E-02   7.2343705329847930E-03   5.1634757405057755E-02   1.3528673985875317E-01 
      1     899  18910       NK     ----    0.05  0.961   1.3144890937667416E-04   7.8737197117801687E-06   3.2773115487017892E-06   7.5501686583417725E-06   2.9269832209193384E-05   3.2767026807592418E-09   3.9289483710480433E-01   3.8876609538760327E-02   3.1642244473834402E-02   7.2343650649259270E-03   5.1635454220709857E-02   1.3505054170554046E-01 
#--------------------------------------------------------------------------------------------------------------------------------------------------------------------------------------------------------------------------------------------------------------------------------------------------------------------------------------------------------------------
#  Grid  | Iter | Iter |  Iter  |   CFL   | Step | Lin  |        Res rho         |        Res rhou        |        Res rhov        |        Res rhow        |        Res rhoE        |       Res nuturb       |         C_lift         |        C_drag          |        C_drag_p        |        C_drag_v        |          C_My          |        totalRes        |
#  level |      | Tot  |  Type  |         |      | Res  |                        |                        |                        |                        |                        |                        |                        |                        |                        |                        |                        |                        |
#--------------------------------------------------------------------------------------------------------------------------------------------------------------------------------------------------------------------------------------------------------------------------------------------------------------------------------------------------------------------
      1     900  18937       NK     ----    0.01  0.953   1.3141033377826801E-04   7.8626496070191014E-06   3.2709400526949659E-06   7.5475926224604870E-06   2.9231520775816366E-05   3.3179638656421740E-09   3.9289401474153557E-01   3.8876633735059132E-02   3.1642269684906993E-02   7.2343640501521551E-03   5.1635592302495564E-02   1.3510142089596761E-01 
      1     901  18963       NK     ----    0.01  0.941   1.3131714324917071E-04   7.8308705918172796E-06   3.2535309595717532E-06   7.5385956424873262E-06   2.9127724216321062E-05   3.2906059981691942E-09   3.9289226155788720E-01   3.8876699437493591E-02   3.1642337633217263E-02   7.2343618042763026E-03   5.1635891701709895E-02   1.3492899592264840E-01 
      1     902  18990       NK     ----    0.01  0.940   1.3127303301220048E-04   7.8142336191124247E-06   3.2449318957505642E-06   7.5335570910902527E-06   2.9071114300929110E-05   3.2738371341044179E-09   3.9289153361401841E-01   3.8876739120876323E-02   3.1642378251413465E-02   7.2343608694628555E-03   5.1636020318964908E-02   1.3483712968951561E-01 
      1     903  19017       NK     ----    0.01  0.953   1.3125210273531605E-04   7.8000123731854585E-06   3.2361262923801106E-06   7.5282461467192687E-06   2.9027419675947763E-05   3.2804934040297336E-09   3.9289128392836103E-01   3.8876751691313792E-02   3.1642391230570735E-02   7.2343604607430752E-03   5.1636064434830806E-02   1.3482303631879244E-01 
      1     904  19040       NK     ----    0.10  0.946   1.3061668257511322E-04   7.6527692306346210E-06   3.1764292160045722E-06   7.5006414088153413E-06   2.8459038218295126E-05   3.0953219119285750E-09   3.9288434988398530E-01   3.8877337569755963E-02   3.1642987860157568E-02   7.2343497095983941E-03   5.1637399370515417E-02   1.3369840572597630E-01 
      1     905  19062       NK     ----    1.00  0.969   1.2859569809887811E-04   7.4568123859765822E-06   3.5355206627863694E-06   7.7491782164830189E-06   2.9487708794858436E-05   2.6650367320776145E-09   3.9289111433130058E-01   3.8878586126879611E-02   3.1644254455662324E-02   7.2343316712172928E-03   5.1637145524343744E-02   1.3117438643823048E-01 
      1     906  19089       NK     ----    0.01  0.965   1.2857137802815976E-04   7.4505300322432261E-06   3.5304697038448377E-06   7.7452439662822259E-06   2.9457711511021053E-05   3.0431337512133325E-09   3.9289117778575811E-01   3.8878570823353283E-02   3.1644239557364666E-02   7.2343312659886210E-03   5.1637129989809953E-02   1.3191860671501968E-01 
      1     907  19114       NK     ----    0.08  0.980   1.2854303124580085E-04   7.4798693477493235E-06   3.5348162018501448E-06   7.7396468004704454E-06   2.9465382902718464E-05   3.0340154668064287E-09   3.9289338393014844E-01   3.8878430003257698E-02   3.1644098487817206E-02   7.2343315154404890E-03   5.1636742602393183E-02   1.3187572074426612E-01 
      1     908  19138       NK     ----    0.05  0.967   1.2839793502876913E-04   7.4325717463511235E-06   3.4989132252455050E-06   7.7214314397946767E-06   2.9265378450168907E-05   3.0257844546536173E-09   3.9289363804627786E-01   3.8878354190089143E-02   3.1644025048289268E-02   7.2343291417998872E-03   5.1636676677131808E-02   1.3167799594332288E-01 
      1     909  19165       NK     ----    0.01  0.982   1.2839504011932657E-04   7.4346861744154334E-06   3.4996341633636561E-06   7.7214574647931239E-06   2.9266072461974135E-05   3.0460887863911036E-09   3.9289375678912580E-01   3.8878343449112958E-02   3.1644014332147218E-02   7.2343291169657542E-03   5.1636655238388528E-02   1.3171975441415529E-01 
      1     910  19192       NK     ----    0.01  0.978   1.2838824224955893E-04   7.4349683361877265E-06   3.5001728766642168E-06   7.7218723276647733E-06   2.9265440712504253E-05   3.0821257343844789E-09   3.9289377989283375E-01   3.8878337808776760E-02   3.1644008804949976E-02   7.2343290038267656E-03   5.1636650719952160E-02   1.3179246501080497E-01 
      1     911  19219       NK     ----    0.01  0.969   1.2837390001901655E-04   7.4310760893438004E-06   3.4983598740082291E-06   7.7208288760485816E-06   2.9254324138923626E-05   3.1272893462221061E-09   3.9289371009029089E-01   3.8878334331558607E-02   3.1644005603888373E-02   7.2343287276702426E-03   5.1636660756303999E-02   1.3187696510760932E-01 
      1     912  19246       NK     ----    0.01  0.973   1.2836029035199421E-04   7.4270207403740883E-06   3.4955131994682084E-06   7.7193019979179401E-06   2.9236518931628252E-05   3.1828551425999260E-09   3.9289376536514153E-01   3.8878322491710943E-02   3.1643993996695381E-02   7.2343284950155710E-03   5.1636648654274100E-02   1.3198570573779231E-01 
      1     913  19269       NK     ----    0.10  0.977   1.2824641414588986E-04   7.3723918750075811E-06   3.4727356444457769E-06   7.7087838160990007E-06   2.9081442943580230E-05   2.8596595896736235E-09   3.9289191182834060E-01   3.8878314303373213E-02   3.1643988793389144E-02   7.2343255099840721E-03   5.1636941587834675E-02   1.3114455093323535E-01 
      1     914  19296       NK     ----    0.01  0.985   1.2824360079393421E-04   7.3748178507313336E-06   3.4737953059316625E-06   7.7082891775933817E-06   2.9082577069594557E-05   2.8651347082626474E-09   3.9289201209982277E-01   3.8878302359716434E-02   3.1643976898824228E-02   7.2343254608921862E-03   5.1636922088276208E-02   1.3115359110710240E-01 
      1     915  19323       NK     ----    0.01  0.985   1.2824150563971247E-04   7.3762987061564345E-06   3.4746541834593297E-06   7.7081872651355100E-06   2.9084033296101216E-05   2.8742470934127914E-09   3.9289205792286480E-01   3.8878295609808676E-02   3.1643970191113216E-02   7.2343254186954427E-03   5.1636912930052119E-02   1.3117086061386266E-01 
      1     916  19349      *NK     ----    0.01  0.907   1.2797623559981068E-04   7.3570409382823145E-06   3.4579145880416824E-06   7.6917011559890376E-06   2.9059643255583803E-05   2.8365509351523106E-09   3.9289358107575062E-01   3.8878236353939631E-02   3.1643914271774883E-02   7.2343220821647469E-03   5.1636646602653179E-02   1.3084127112219957E-01 
      1     917  19376       NK     ----    0.01  0.899   1.2782992747814210E-04   7.3511823119458249E-06   3.4512328807643663E-06   7.6833848499538196E-06   2.9047137721693169E-05   7.9447164889803147E-09   3.9289442989168311E-01   3.8878206212082544E-02   3.1643885947769394E-02   7.2343202643131502E-03   5.1636496464783681E-02   1.4925521706286257E-01 
      1     918  19403       NK     ----    0.01  0.839   1.2779742201978226E-04   7.3510765146740171E-06   3.4464403539572606E-06   7.6756793681204148E-06   2.9022727872385863E-05   7.9073578056422941E-09   3.9289476046434135E-01   3.8878192847961401E-02   3.1643872951213757E-02   7.2343198967476513E-03   5.1636430759029468E-02   1.4903674179601725E-01 
      1     919  19430       NK     ----    0.01  0.844   1.2776963452735318E-04   7.3505845493964514E-06   3.4396488888303476E-06   7.6669876266564067E-06   2.8997610270228121E-05   7.8704985237654354E-09   3.9289524200808246E-01   3.8878174456898576E-02   3.1643854796383972E-02   7.2343196605146303E-03   5.1636339234546642E-02   1.4882491249691721E-01 
      1     920  19453       NK     ----    0.10  0.837   1.2714711046766947E-04   7.3762801315130843E-06   3.3579050208689716E-06   7.5436781973709173E-06   2.8674899421661681E-05   7.3892788288470772E-09   3.9290225973941106E-01   3.8877917430965310E-02   3.1643604448383010E-02   7.2343129825822947E-03   5.1634967096182344E-02   1.4590117527965843E-01 
      1     921  19476       NK     ----    0.10  0.850   1.2648114224723418E-04   7.3200188379360144E-06   3.2307021575931322E-06   7.4473104705303035E-06   2.8329663343524274E-05   7.3056525726748663E-09   3.9290683023351292E-01   3.8877778034801455E-02   3.1643472838723326E-02   7.2343051960781259E-03   5.1634078482319254E-02   1.4488086649039755E-01 
      1     922  19502       NK     ----    0.01  0.850   1.2639850780180040E-04   7.3246790769413385E-06   3.2189853819585548E-06   7.4346130174620574E-06   2.8296621347733110E-05   7.1765540949937504E-09   3.9290733535392847E-01   3.8877728963238697E-02   3.1643424930523051E-02   7.2343040327156544E-03   5.1633974535966798E-02   1.4419598641369347E-01 
      1     923  19525       NK     ----    0.10  0.851   1.2576980123835829E-04   7.2565215076488002E-06   3.1251982835588617E-06   7.3367862084244734E-06   2.8036843969599767E-05   6.9955121351105193E-09   3.9290868226846398E-01   3.8877471509200533E-02   3.1643177399316637E-02   7.2342941098838950E-03   5.1633603294951945E-02   1.4277368207236060E-01 
      1     924  19547       NK     ----    1.00  0.875   1.2357428225109461E-04   8.1442114779810945E-06   3.4824591313989260E-06   8.3410189254172181E-06   3.0927703567790844E-05   3.3704007997025220E-09   3.9283926488660947E-01   3.8876784246007545E-02   3.1642576557510342E-02   7.2342076884971971E-03   5.1643926807597398E-02   1.2850993021241836E-01 
      1     925  19574       NK     ----    0.01  0.957   1.2353796939440379E-04   8.1281415296955923E-06   3.4772272863029100E-06   8.3332760242801720E-06   3.0881845662383474E-05   3.3605538636323384E-09   3.9283937518176476E-01   3.8876786215232960E-02   3.1642578834512769E-02   7.2342073807201883E-03   5.1643915538044503E-02   1.2844069692568050E-01 
      1     926  19601       NK     ----    0.01  0.953   1.2349493662896846E-04   8.1113919659670172E-06   3.4724301124653967E-06   8.3233065343454122E-06   3.0830124297206745E-05   3.3861772836698971E-09   3.9283953869906724E-01   3.8876784545482872E-02   3.1642577550870410E-02   7.2342069946124419E-03   5.1643893995143471E-02   1.2845168738566642E-01 
      1     927  19625       NK     ----    0.05  0.976   1.2345856344698339E-04   8.0577341709579799E-06   3.4428173597638457E-06   8.2585795528404629E-06   3.0541602612055523E-05   3.3482075400672901E-09   3.9284059687314205E-01   3.8876876841765738E-02   3.1642668716169331E-02   7.2342081255964167E-03   5.1643763741685667E-02   1.2825180672761988E-01 
      1     928  19649       NK     ----    0.15  0.985   1.2338776686452639E-04   7.8786196735369977E-06   3.3425540808510304E-06   8.1006462855195794E-06   2.9850406908452598E-05   3.3411296752532574E-09   3.9284292170640278E-01   3.8877157227632152E-02   3.1642945931317168E-02   7.2342112963149829E-03   5.1643511824280938E-02   1.2799391042371727E-01 
      1     929  19673       NK     ----    0.05  0.984   1.2334044979129020E-04   7.8530314119983085E-06   3.3127999707571483E-06   8.0676292193854109E-06   2.9712548629613547E-05   3.2435352867276785E-09   3.9284266198907175E-01   3.8877245282307633E-02   3.1643034137587955E-02   7.2342111447196910E-03   5.1643585192000352E-02   1.2767932728022741E-01 
      1     930  19696       NK     ----    0.31  0.981   1.2323947322151989E-04   7.5951475909553731E-06   3.1690444597833870E-06   7.9474568397268046E-06   2.9221641824236262E-05   2.9878348611144254E-09   3.9284243984789102E-01   3.8877768335499913E-02   3.1643554400356370E-02   7.2342139351435717E-03   5.1643850057672233E-02   1.2686418530434102E-01 
      1     931  19723       NK     ----    0.01  0.960   1.2321570114032452E-04   7.5803712572934907E-06   3.1630512302645912E-06   7.9389707437043680E-06   2.9186412521772782E-05   2.9575817698247133E-09   3.9284255735903523E-01   3.8877773525169627E-02   3.1643559786552700E-02   7.2342137386169122E-03   5.1643835783505759E-02   1.2676639039508711E-01 
      1     932  19750       NK     ----    0.01  0.959   1.2318435593207061E-04   7.5655805807222297E-06   3.1564918373189885E-06   7.9288701164657402E-06   2.9133189254055743E-05   3.2429015565098698E-09   3.9284269614931461E-01   3.8877780125388568E-02   3.1643566666183093E-02   7.2342134592054842E-03   5.1643817556363027E-02   1.2738112613838773E-01 
      1     933  19777       NK     ----    0.01  0.968   1.2317188249551250E-04   7.5481845657656871E-06   3.1491970826368329E-06   7.9187121473312816E-06   2.9093707122981772E-05   3.3040610151752774E-09   3.9284287043735078E-01   3.8877786947749730E-02   3.1643573493596561E-02   7.2342134541531714E-03   5.1643793424386603E-02   1.2750766503544775E-01 
      1     934  19799       NK     ----    1.00  0.967   1.2120415770289023E-04   6.2961534834690435E-06   3.1697348507878278E-06   7.6144633453172215E-06   2.8115223131398257E-05   3.3079975203007268E-09   3.9287030098504633E-01   3.8878777630947853E-02   3.1644566440039407E-02   7.2342111909084609E-03   5.1640022021994296E-02   1.2543396184219596E-01 
      1     935  19821       NK     ----    1.00  0.977   1.2120650243315105E-04   6.6946916055151667E-06   3.0470302340609322E-06   7.6987282474259586E-06   2.7625194542234156E-05   2.1586771157163499E-09   3.9285424230740756E-01   3.8880233282848863E-02   3.1646023733517985E-02   7.2342095493308726E-03   5.1642871084703501E-02   1.2296863940552676E-01 
      1     936  19848      *NK     ----    0.01  0.957   1.2115930061498478E-04   6.6789794487363934E-06   3.0376132632638464E-06   7.6853239515808961E-06   2.7596244374641638E-05   5.6826323152035968E-09   3.9285470492887969E-01   3.8880206968406876E-02   3.1645997910961517E-02   7.2342090574453403E-03   5.1642794007544894E-02   1.3309608387186123E-01 
      1     937  19870       NK     ----    1.00  0.918   1.2080040018416454E-04   6.3539657307024889E-06   3.0212424200429485E-06   7.1804141686599442E-06   2.6420523067520078E-05   4.3004318069418825E-09   3.9288243766085879E-01   3.8878033850085397E-02   3.1643823687442535E-02   7.2342101626428519E-03   5.1637697885554799E-02   1.2751570599801920E-01 
      1     938  19897       NK     ----    0.01  0.950   1.2079797710466586E-04   6.3493258317799468E-06   3.0160144059371666E-06   7.1771515829236771E-06   2.6405160935942106E-05   4.3160647225558889E-09   3.9288243109850568E-01   3.8878029504531314E-02   3.1643819402473801E-02   7.2342101020575209E-03   5.1637697443121390E-02   1.2755983692824693E-01 
      1     939  19924       NK     ----    0.01  0.940   1.2077790726686560E-04   6.3445403534007153E-06   3.0130988199690269E-06   7.1724101194261424E-06   2.6397772375551990E-05   4.3258551919391691E-09   3.9288278960704542E-01   3.8878004567348301E-02   3.1643794639440011E-02   7.2342099279082668E-03   5.1637635850895994E-02   1.2757120734621302E-01 
      1     940  19951       NK     ----    0.01  0.945   1.2076873235816540E-04   6.3393600444078592E-06   3.0093292602439247E-06   7.1686629040372116E-06   2.6387383764568636E-05   4.3159535220271253E-09   3.9288293860107326E-01   3.8877989580590161E-02   3.1643779764924392E-02   7.2342098156657694E-03   5.1637608849968979E-02   1.2752882677183305E-01 
      1     941  19974       NK     ----    0.10  0.937   1.2044563217651389E-04   6.2832097855884072E-06   2.9396129419794708E-06   7.0836482824927985E-06   2.6213073077686766E-05   4.2988490601042229E-09   3.9288821659889023E-01   3.8877543758104288E-02   3.1643337448608769E-02   7.2342063094955351E-03   5.1636675972440892E-02   1.2714304264234574E-01 
      1     942  19997       NK     ----    0.10  0.946   1.2029585083841615E-04   6.2179473152930107E-06   2.8746056906469202E-06   7.0274467873645971E-06   2.6053648772960118E-05   3.9362780383056842E-09   3.9288915612499958E-01   3.8877264730528140E-02   3.1643061567181510E-02   7.2342031633466294E-03   5.1636457243272336E-02   1.2585714215512908E-01 
      1     943  20021       NK     ----    0.10  0.954   1.2023608510516739E-04   6.1333336647702337E-06   2.7955126050423852E-06   6.9728621650938153E-06   2.5863411557091564E-05   3.9301336393274790E-09   3.9288869491171202E-01   3.8877142103916913E-02   3.1642940936326393E-02   7.2342011675905144E-03   5.1636493186233048E-02   1.2573965255011235E-01 
#
# Writing surface solution file(s):
#    /home/mike_kara/aeris/AERIS_MESH_STUDY/05_s6_cfd_qualification/studies/canary/m2_a_c03_measurement_20260901_003/aeris_cfd_000_surf.cgns
# Surface solution file(s) written
#
+-------------------------------------------------+
|
| Solution Timings:
|
| Set AeroProblem Time          :      0.019 sec
| Solution Time                 :  22895.431 sec
| Write Solution Time           :     -2.084 sec
| Stability Parameter Time      :      0.001 sec
|
| Total Call Time               :  22893.366 sec
+--------------------------------------------------+
-> Alpha... 8.000000 
-> Alpha... 8.000000 
+---------------------------------------------------+
|
| Function Timings:
|
| Function AeroProblem Time     :      0.051 sec
| Function Evaluation Time      :      0.031 sec
| User Function Evaluation Time :      0.000 sec
|
| Total Function Evaluation Time:      0.083 sec
+--------------------------------------------------+
-> Alpha... 8.000000 
-> Alpha... 8.000000 
+---------------------------------------------------+
|
| Function Timings:
|
| Function AeroProblem Time     :      0.023 sec
| Function Evaluation Time      :      0.001 sec
| User Function Evaluation Time :      0.000 sec
|
| Total Function Evaluation Time:      0.024 sec
+--------------------------------------------------+
[run_adflow] {"aeris_cfd_cd": 0.03887714210391708, "aeris_cfd_cdp": 0.03164294093632657, "aeris_cfd_cdv": 0.007234201167590513, "aeris_cfd_cl": 0.3928886949117117, "aeris_cfd_cmy": 0.05163649318623291}
[run_adflow] solve_failed = True
