# vtk DataFile Version 3.0
AERIS surface mesh v3
ASCII
DATASET STRUCTURED_GRID
DIMENSIONS 9 209 1
POINTS 1881 double
3.5994311847e-01 -5.1025650618e-05 -5.5720749287e-02
2.6467539946e-01 -5.1025650618e-05 -5.5331259086e-02
1.6959210917e-01 -5.1025650618e-05 -4.9608707765e-02
7.5441114440e-02 -5.1025650618e-05 -3.5385414652e-02
1.6549123877e-03 -5.1025650618e-05 8.2266781975e-03
7.6648083456e-02 -5.1025650618e-05 6.2460935274e-02
1.7011053641e-01 -5.1025650618e-05 7.9663185403e-02
2.6533014347e-01 -5.1025650618e-05 8.0765768984e-02
3.6035829668e-01 -5.1025650618e-05 7.4105454774e-02
3.6056880262e-01 5.9213371418e-03 -5.5254706477e-02
2.6583323564e-01 5.9145170213e-03 -5.4908467473e-02
1.7127876831e-01 5.8060021024e-03 -4.9258835144e-02
7.7647730086e-02 5.5353846139e-03 -3.5155475335e-02
4.2551438244e-03 4.7042369097e-03 8.1814930064e-03
7.8805761711e-02 3.6695933476e-03 6.2145464663e-02
1.7173854185e-01 3.3409763231e-03 7.9292066392e-02
2.6642562152e-01 3.3193450521e-03 8.0429561014e-02
3.6092566405e-01 3.4457420246e-03 7.3847376508e-02
3.6119448676e-01 1.0703363576e-02 -5.4788663666e-02
2.6699107182e-01 1.0697296095e-02 -5.4485675860e-02
1.7296542744e-01 1.0591528386e-02 -4.8908962522e-02
7.9854345731e-02 1.0326833326e-02 -3.4925536017e-02
6.8553752611e-03 9.5124768889e-03 8.1363078152e-03
8.0963439966e-02 8.4976528080e-03 6.1829994051e-02
1.7336654729e-01 8.1748777893e-03 7.8920947381e-02
2.6752109958e-01 8.1530525029e-03 8.0093353043e-02
3.6149303142e-01 8.2763516310e-03 7.3589298242e-02
3.6182017091e-01 1.5485390010e-02 -5.4322620856e-02
2.6814890799e-01 1.5480075169e-02 -5.4062884246e-02
1.7465208658e-01 1.5377054670e-02 -4.8559089901e-02
8.2060961377e-02 1.5118282038e-02 -3.4695596699e-02
9.4556066978e-03 1.4320716868e-02 8.0911226240e-03
8.3121118221e-02 1.3325712268e-02 6.1514523440e-02
1.7499455273e-01 1.3008779255e-02 7.8549828370e-02
2.6861657763e-01 1.2986759954e-02 7.9757145073e-02
3.6206039879e-01 1.3106961237e-02 7.3331219976e-02
3.6244585505e-01 2.0267416445e-02 -5.3856578045e-02
2.6930674417e-01 2.0262854243e-02 -5.3640092633e-02
1.7633874571e-01 2.0162580953e-02 -4.8209217280e-02
8.4267577023e-02 1.9909730750e-02 -3.4465657381e-02
1.2055838134e-02 1.9128956847e-02 8.0459374329e-03
8.5278796476e-02 1.8153771729e-02 6.1199052829e-02
1.7662255817e-01 1.7842680722e-02 7.8178709359e-02
2.6971205569e-01 1.7820467405e-02 7.9420937103e-02
3.6262776615e-01 1.7937570844e-02 7.3073141710e-02
3.6307153920e-01 2.5049442879e-02 -5.3390535235e-02
2.7046458035e-01 2.5045633317e-02 -5.3217301019e-02
1.7802540485e-01 2.4948107237e-02 -4.7859344659e-02
8.6474192669e-02 2.4701179462e-02 -3.4235718064e-02
1.4656069571e-02 2.3937196826e-02 8.0007522417e-03
8.7436474731e-02 2.2981831189e-02 6.0883582217e-02
1.7825056361e-01 2.2676582188e-02 7.7807590348e-02
2.7080753374e-01 2.2654174855e-02 7.9084729132e-02
3.6319513352e-01 2.2768180450e-02 7.2815063443e-02
3.6369722335e-01 2.9831469313e-02 -5.2924492424e-02
2.7162241652e-01 2.9828412391e-02 -5.2794509406e-02
1.7971206398e-01 2.9733633521e-02 -4.7509472037e-02
8.8680808315e-02 2.9492628174e-02 -3.4005778746e-02
1.7256301008e-02 2.8745436806e-02 7.9555670506e-03
8.9594152986e-02 2.7809890650e-02 6.0568111606e-02
1.7987856905e-01 2.7510483654e-02 7.7436471337e-02
2.7190301180e-01 2.7487882306e-02 7.8748521162e-02
3.6376250089e-01 2.7598790057e-02 7.2556985177e-02
3.6432290749e-01 3.4613495748e-02 -5.2458449614e-02
2.7278025270e-01 3.4611191465e-02 -5.2371717793e-02
1.8139872312e-01 3.4519159805e-02 -4.7159599416e-02
9.0887423960e-02 3.4284076886e-02 -3.3775839428e-02
1.9856532445e-02 3.3553676785e-02 7.9103818594e-03
9.1751831241e-02 3.2637950110e-02 6.0252640995e-02
1.8150657449e-01 3.2344385120e-02 7.7065352326e-02
2.7299848985e-01 3.2321589757e-02 7.8412313192e-02
3.6432986826e-01 3.2429399663e-02 7.2298906911e-02
3.6494859164e-01 3.9395522182e-02 -5.1992406803e-02
2.7393808888e-01 3.9393970539e-02 -5.1948926179e-02
1.8308538225e-01 3.9304686088e-02 -4.6809726795e-02
9.3094039606e-02 3.9075525598e-02 -3.3545900110e-02
2.2456763881e-02 3.8361916764e-02 7.8651966682e-03
9.3909509496e-02 3.7466009571e-02 5.9937170383e-02
1.8313457993e-01 3.7178286586e-02 7.6694233315e-02
2.7409396791e-01 3.7155297208e-02 7.8076105222e-02
3.6489723563e-01 3.7260009270e-02 7.2040828645e-02
3.6557427579e-01 4.4177548616e-02 -5.1526363993e-02
2.7509592505e-01 4.4176749613e-02 -5.1526134566e-02
1.8477204139e-01 4.4090212372e-02 -4.6459854174e-02
9.5300655252e-02 4.3866974310e-02 -3.3315960793e-02
2.5056995318e-02 4.3170156743e-02 7.8200114771e-03
9.6067187750e-02 4.2294069031e-02 5.9621699772e-02
1.8476258536e-01 4.2012188052e-02 7.6323114304e-02
2.7518944596e-01 4.1989004659e-02 7.7739897251e-02
3.6546460300e-01 4.2090618876e-02 7.1782750379e-02
3.6619995993e-01 4.8959575050e-02 -5.1060321183e-02
2.7625376123e-01 4.8959528687e-02 -5.1103342952e-02
1.8645870052e-01 4.8875738656e-02 -4.6109981553e-02
9.7507270898e-02 4.8658423023e-02 -3.3086021475e-02
2.7657226755e-02 4.7978396722e-02 7.7748262859e-03
9.8224866005e-02 4.7122128492e-02 5.9306229161e-02
1.8639059080e-01 4.6846089519e-02 7.5951995293e-02
2.7628492402e-01 4.6822712109e-02 7.7403689281e-02
3.6603197037e-01 4.6921228483e-02 7.1524672113e-02
3.6682564408e-01 5.3741601485e-02 -5.0594278372e-02
2.7741159741e-01 5.3742307761e-02 -5.0680551339e-02
1.8814535966e-01 5.3661264939e-02 -4.5760108931e-02
9.9713886543e-02 5.3449871735e-02 -3.2856082157e-02
3.0257458191e-02 5.2786636701e-02 7.7296410947e-03
1.0038254426e-01 5.1950187952e-02 5.8990758550e-02
1.8801859624e-01 5.1679990985e-02 7.5580876282e-02
2.7738040207e-01 5.1656419560e-02 7.7067481311e-02
3.6659933773e-01 5.1751838089e-02 7.1266593847e-02
3.6745132823e-01 5.8523627919e-02 -5.0128235562e-02
2.7856943359e-01 5.8525086835e-02 -5.0257759726e-02
1.8983201879e-01 5.8446791223e-02 -4.5410236310e-02
1.0192050219e-01 5.8241320447e-02 -3.2626142840e-02
3.2857689628e-02 5.7594876681e-02 7.6844559036e-03
1.0254022252e-01 5.6778247412e-02 5.8675287938e-02
1.8964660168e-01 5.6513892451e-02 7.5209757271e-02
2.7847588013e-01 5.6490127011e-02 7.6731273340e-02
3.6716670510e-01 5.6582447695e-02 7.1008515581e-02
3.6807701237e-01 6.3305654353e-02 -4.9662192751e-02
2.7972726976e-01 6.3307865909e-02 -4.9834968112e-02
1.9151867793e-01 6.3232317507e-02 -4.5060363689e-02
1.0412711784e-01 6.3032769159e-02 -3.2396203522e-02
3.5457921065e-02 6.2403116660e-02 7.6392707124e-03
1.0469790077e-01 6.1606306873e-02 5.8359817327e-02
1.9127460712e-01 6.1347793917e-02 7.4838638260e-02
2.7957135818e-01 6.1323834462e-02 7.6395065370e-02
3.6773407247e-01 6.1413057302e-02 7.0750437315e-02
3.6870269652e-01 6.8087680788e-02 -4.9196149941e-02
2.8088510594e-01 6.8090644983e-02 -4.9412176499e-02
1.9320533706e-01 6.8017843790e-02 -4.4710491068e-02
1.0633373348e-01 6.7824217871e-02 -3.2166264204e-02
3.8058152501e-02 6.7211356639e-02 7.5940855213e-03
1.0685557903e-01 6.6434366333e-02 5.8044346716e-02
1.9290261256e-01 6.6181695383e-02 7.4467519249e-02
2.8066683624e-01 6.6157541913e-02 7.6058857400e-02
3.6830143984e-01 6.6243666908e-02 7.0492359049e-02
3.6932838067e-01 7.2869707222e-02 -4.8730107130e-02
2.8204294212e-01 7.2873424057e-02 -4.8989384885e-02
1.9489199620e-01 7.2803370074e-02 -4.4360618447e-02
1.0854034913e-01 7.2615666583e-02 -3.1936324886e-02
4.0658383938e-02 7.2019596618e-02 7.5489003301e-03
1.0901325728e-01 7.1262425794e-02 5.7728876104e-02
1.9453061800e-01 7.1015596849e-02 7.4096400238e-02
2.8176231429e-01 7.0991249364e-02 7.5722649430e-02
3.6886880721e-01 7.1074276515e-02 7.0234280783e-02
3.6995406481e-01 7.7651733656e-02 -4.8264064320e-02
2.8320077829e-01 7.7656203132e-02 -4.8566593272e-02
1.9657865533e-01 7.7588896358e-02 -4.4010745825e-02
1.1074696477e-01 7.7407115295e-02 -3.1706385569e-02
4.3258615375e-02 7.6827836597e-02 7.5037151389e-03
1.1117093554e-01 7.6090485254e-02 5.7413405493e-02
1.9615862344e-01 7.5849498316e-02 7.3725281227e-02
2.8285779235e-01 7.5824956814e-02 7.5386441459e-02
3.6943617458e-01 7.5904886121e-02 6.9976202517e-02
3.7064239455e-01 8.2442265867e-02 -4.7794145327e-02
2.8448219925e-01 8.2447082174e-02 -4.8131688362e-02
1.9845019465e-01 8.2381466799e-02 -4.3643982030e-02
1.1319991140e-01 8.2203518667e-02 -3.1460347901e-02
4.6156147408e-02 8.1635431914e-02 7.4530785884e-03
1.1358288736e-01 8.0911563382e-02 5.7050858461e-02
1.9798269786e-01 8.0674671118e-02 7.3287650582e-02
2.8408856427e-01 8.0650159220e-02 7.4974523855e-02
3.7007749225e-01 8.0728160756e-02 6.9638244629e-02
3.7133072428e-01 8.7232798077e-02 -4.7324226335e-02
2.8576362021e-01 8.7237961217e-02 -4.7696783453e-02
2.0032173396e-01 8.7174037240e-02 -4.3277218234e-02
1.1565285803e-01 8.6999922038e-02 -3.1214310234e-02
4.9053679441e-02 8.6443027232e-02 7.4024420379e-03
1.1599483918e-01 8.5732641510e-02 5.6688311429e-02
1.9980677229e-01 8.5499843920e-02 7.2850019937e-02
2.8531933620e-01 8.5475361625e-02 7.4562606251e-02
3.7071880992e-01 8.5551435390e-02 6.9300286742e-02
3.7201905402e-01 9.2023330287e-02 -4.6854307343e-02
2.8704504116e-01 9.2028840260e-02 -4.7261878543e-02
2.0219327328e-01 9.1966607682e-02 -4.2910454439e-02
1.1810580465e-01 9.1796325410e-02 -3.0968272567e-02
5.1951211474e-02 9.1250622549e-02 7.3518054874e-03
1.1840679101e-01 9.0553719638e-02 5.6325764397e-02
2.0163084671e-01 9.0325016722e-02 7.2412389291e-02
2.8655010812e-01 9.0300564031e-02 7.4150688646e-02
3.7136012759e-01 9.0374710025e-02 6.8962328854e-02
3.7270738375e-01 9.6813862498e-02 -4.6384388351e-02
2.8832646212e-01 9.6819719302e-02 -4.6826973634e-02
2.0406481260e-01 9.6759178123e-02 -4.2543690643e-02
1.2055875128e-01 9.6592728782e-02 -3.0722234900e-02
5.4848743507e-02 9.6058217866e-02 7.3011689369e-03
1.2081874283e-01 9.5374797766e-02 5.5963217365e-02
2.0345492114e-01 9.5150189524e-02 7.1974758646e-02
2.8778088004e-01 9.5125766436e-02 7.3738771042e-02
3.7200144526e-01 9.5197984660e-02 6.8624370967e-02
3.7339571349e-01 1.0160439471e-01 -4.5914469359e-02
2.8960788308e-01 1.0161059834e-01 -4.6392068724e-02
2.0593635192e-01 1.0155174856e-01 -4.2176926848e-02
1.2301169791e-01 1.0138913215e-01 -3.0476197232e-02
5.7746275540e-02 1.0086581318e-01 7.2505323864e-03
1.2323069465e-01 1.0019587589e-01 5.5600670333e-02
2.0527899556e-01 9.9975362326e-02 7.1537128001e-02
2.8901165197e-01 9.9950968842e-02 7.3326853438e-02
3.7264276293e-01 1.0002125929e-01 6.8286413079e-02
3.7408404322e-01 1.0639492692e-01 -4.5444550366e-02
2.9088930404e-01 1.0640147739e-01 -4.5957163815e-02
2.0780789123e-01 1.0634431901e-01 -4.1810163052e-02
1.2546464453e-01 1.0618553553e-01 -3.0230159565e-02
6.0643807573e-02 1.0567340850e-01 7.1998958359e-03
1.2564264647e-01 1.0501695402e-01 5.5238123301e-02
2.0710306999e-01 1.0480053513e-01 7.1099497356e-02
2.9024242389e-01 1.0477617125e-01 7.2914935833e-02
3.7328408060e-01 1.0484453393e-01 6.7948455192e-02
3.7477237296e-01 1.1118545913e-01 -4.4974631374e-02
2.9217072499e-01 1.1119235643e-01 -4.5522258905e-02
2.0967943055e-01 1.1113688945e-01 -4.1443399256e-02
1.2791759116e-01 1.1098193890e-01 -2.9984121898e-02
6.3541339606e-02 1.1048100382e-01 7.1492592854e-03
1.2805459830e-01 1.0983803215e-01 5.4875576270e-02
2.0892714441e-01 1.0962570793e-01 7.0661866711e-02
2.9147319582e-01 1.0960137365e-01 7.2503018229e-02
3.7392539827e-01 1.0966780856e-01 6.7610497304e-02
3.7546070269e-01 1.1597599134e-01 -4.4504712382e-02
2.9345214595e-01 1.1598323547e-01 -4.5087353996e-02
2.1155096987e-01 1.1592945989e-01 -4.1076635461e-02
1.3037053779e-01 1.1577834227e-01 -2.9738084230e-02
6.6438871639e-02 1.1528859913e-01 7.0986227349e-03
1.3046655012e-01 1.1465911028e-01 5.4513029238e-02
2.1075121883e-01 1.1445088073e-01 7.0224236066e-02
2.9270396774e-01 1.1442657606e-01 7.2091100625e-02
3.7456671595e-01 1.1449108320e-01 6.7272539417e-02
3.7614903243e-01 1.2076652355e-01 -4.4034793390e-02
2.9473356691e-01 1.2077411452e-01 -4.4652449086e-02
2.1342250918e-01 1.2072203033e-01 -4.0709871665e-02
1.3282348442e-01 1.2057474564e-01 -2.9492046563e-02
6.9336403672e-02 1.2009619445e-01 7.0479861844e-03
1.3287850194e-01 1.1948018841e-01 5.4150482206e-02
2.1257529326e-01 1.1927605354e-01 6.9786605420e-02
2.9393473966e-01 1.1925177846e-01 7.1679183020e-02
3.7520803362e-01 1.1931435783e-01 6.6934581529e-02
3.7683736216e-01 1.2555705576e-01 -4.3564874397e-02
2.9601498786e-01 1.2556499356e-01 -4.4217544177e-02
2.1529404850e-01 1.2551460077e-01 -4.0343107870e-02
1.3527643104e-01 1.2537114901e-01 -2.9246008896e-02
7.2233935705e-02 1.2490378977e-01 6.9973496339e-03
1.3529045377e-01 1.2430126653e-01 5.3787935174e-02
2.1439936768e-01 1.2410122634e-01 6.9348974775e-02
2.9516551159e-01 1.2407698087e-01 7.1267265416e-02
3.7584935129e-01 1.2413763247e-01 6.6596623642e-02
3.7752569190e-01 1.3034758797e-01 -4.3094955405e-02
2.9729640882e-01 1.3035587260e-01 -4.3782639267e-02
2.1716558782e-01 1.3030717121e-01 -3.9976344074e-02
1.3772937767e-01 1.3016755238e-01 -2.8999971229e-02
7.5131467738e-02 1.2971138509e-01 6.9467130834e-03
1.3770240559e-01 1.2912234466e-01 5.3425388142e-02
2.1622344211e-01 1.2892639914e-01 6.8911344130e-02
2.9639628351e-01 1.2890218328e-01 7.0855347812e-02
3.7649066896e-01 1.2896090710e-01 6.6258665755e-02
3.7821402163e-01 1.3513812018e-01 -4.2625036413e-02
2.9857782978e-01 1.3514675164e-01 -4.3347734358e-02
2.1903712713e-01 1.3509974165e-01 -3.9609580279e-02
1.4018232430e-01 1.3496395576e-01 -2.8753933561e-02
7.8028999771e-02 1.3451898040e-01 6.8960765329e-03
1.4011435741e-01 1.3394342279e-01 5.3062841110e-02
2.1804751653e-01 1.3375157194e-01 6.8473713485e-02
2.9762705544e-01 1.3372738568e-01 7.0443430207e-02
3.7713198663e-01 1.3378418174e-01 6.5920707867e-02
3.7890235137e-01 1.3992865239e-01 -4.2155117421e-02
2.9985925074e-01 1.3993763069e-01 -4.2912829448e-02
2.2090866645e-01 1.3989231210e-01 -3.9242816483e-02
1.4263527092e-01 1.3976035913e-01 -2.8507895894e-02
8.0926531805e-02 1.3932657572e-01 6.8454399824e-03
1.4252630924e-01 1.3876450092e-01 5.2700294078e-02
2.1987159096e-01 1.3857674474e-01 6.8036082840e-02
2.9885782736e-01 1.3855258809e-01 7.0031512603e-02
3.7777330430e-01 1.3860745637e-01 6.5582749980e-02
3.7959068110e-01 1.4471918460e-01 -4.1685198428e-02
3.0114067169e-01 1.4472850973e-01 -4.2477924539e-02
2.2278020577e-01 1.4468488254e-01 -3.8876052687e-02
1.4508821755e-01 1.4455676250e-01 -2.8261858227e-02
8.3824063838e-02 1.4413417104e-01 6.7948034319e-03
1.4493826106e-01 1.4358557905e-01 5.2337747046e-02
2.2169566538e-01 1.4340191755e-01 6.7598452195e-02
3.0008859928e-01 1.4337779049e-01 6.9619594999e-02
3.7841462197e-01 1.4343073101e-01 6.5244792092e-02
3.8027901084e-01 1.4950971681e-01 -4.1215279436e-02
3.0242209265e-01 1.4951938877e-01 -4.2043019629e-02
2.2465174508e-01 1.4947745298e-01 -3.8509288892e-02
1.4754116418e-01 1.4935316587e-01 -2.8015820560e-02
8.6721595871e-02 1.4894176635e-01 6.7441668814e-03
1.4735021288e-01 1.4840665717e-01 5.1975200014e-02
2.2351973981e-01 1.4822709035e-01 6.7160821550e-02
3.0131937121e-01 1.4820299290e-01 6.9207677394e-02
3.7905593964e-01 1.4825400564e-01 6.4906834205e-02
3.8096734057e-01 1.5430024902e-01 -4.0745360444e-02
3.0370351361e-01 1.5431026781e-01 -4.1608114720e-02
2.2652328440e-01 1.5427002342e-01 -3.8142525096e-02
1.4999411081e-01 1.5414956924e-01 -2.7769782892e-02
8.9619127904e-02 1.5374936167e-01 6.6935303309e-03
1.4976216471e-01 1.5322773530e-01 5.1612652982e-02
2.2534381423e-01 1.5305226315e-01 6.6723190904e-02
3.0255014313e-01 1.5302819530e-01 6.8795759790e-02
3.7969725731e-01 1.5307728027e-01 6.4568876317e-02
3.8159422353e-01 1.5909395631e-01 -4.0331411959e-02
3.0488001795e-01 1.5910400663e-01 -4.1220800670e-02
2.2824698060e-01 1.5906497731e-01 -3.7812559709e-02
1.5225744476e-01 1.5894762508e-01 -2.7545960067e-02
9.2297097220e-02 1.5855705257e-01 6.6468973317e-03
1.5199348115e-01 1.5804750395e-01 5.1272360320e-02
2.2703141526e-01 1.5787590291e-01 6.6307602047e-02
3.0368801804e-01 1.5785213460e-01 6.8398188017e-02
3.8028849855e-01 1.5789979639e-01 6.4234049179e-02
3.8222110648e-01 1.6388766360e-01 -3.9917463475e-02
3.0605652229e-01 1.6389774545e-01 -4.0833486620e-02
2.2997067679e-01 1.6385993119e-01 -3.7482594323e-02
1.5452077871e-01 1.6374568092e-01 -2.7322137243e-02
9.4975066536e-02 1.6336474346e-01 6.6002643325e-03
1.5422479759e-01 1.6286727259e-01 5.0932067659e-02
2.2871901630e-01 1.6269954266e-01 6.5892013190e-02
3.0482589295e-01 1.6267607390e-01 6.8000616244e-02
3.8087973979e-01 1.6272231250e-01 6.3899222042e-02
3.8284798943e-01 1.6868137088e-01 -3.9503514990e-02
3.0723302663e-01 1.6869148427e-01 -4.0446172571e-02
2.3169437299e-01 1.6865488508e-01 -3.7152628936e-02
1.5678411267e-01 1.6854373675e-01 -2.7098314418e-02
9.7653035853e-02 1.6817243435e-01 6.5536313333e-03
1.5645611404e-01 1.6768704124e-01 5.0591774997e-02
2.3040661733e-01 1.6752318241e-01 6.5476424333e-02
3.0596376786e-01 1.6750001319e-01 6.7603044471e-02
3.8147098103e-01 1.6754482862e-01 6.3564394904e-02
3.8347487238e-01 1.7347507817e-01 -3.9089566506e-02
3.0840953098e-01 1.7348522309e-01 -4.0058858521e-02
2.3341806919e-01 1.7344983896e-01 -3.6822663549e-02
1.5904744662e-01 1.7334179259e-01 -2.6874491593e-02
1.0033100517e-01 1.7298012525e-01 6.5069983340e-03
1.5868743048e-01 1.7250680989e-01 5.0251482335e-02
2.3209421836e-01 1.7234682217e-01 6.5060835476e-02
3.0710164276e-01 1.7232395249e-01 6.7205472698e-02
3.8206222226e-01 1.7236734473e-01 6.3229567766e-02
3.8410175533e-01 1.7826878546e-01 -3.8675618021e-02
3.0958603532e-01 1.7827896191e-01 -3.9671544471e-02
2.3514176538e-01 1.7824479285e-01 -3.6492698162e-02
1.6131078057e-01 1.7813984843e-01 -2.6650668768e-02
1.0300897449e-01 1.7778781614e-01 6.4603653348e-03
1.6091874692e-01 1.7732657853e-01 4.9911189673e-02
2.3378181939e-01 1.7717046192e-01 6.4645246618e-02
3.0823951767e-01 1.7714789178e-01 6.6807900925e-02
3.8265346350e-01 1.7718986084e-01 6.2894740629e-02
3.8472863829e-01 1.8306249274e-01 -3.8261669537e-02
3.1076253966e-01 1.8307270073e-01 -3.9284230421e-02
2.3686546158e-01 1.8303974674e-01 -3.6162732775e-02
1.6357411453e-01 1.8293790427e-01 -2.6426845943e-02
1.0568694380e-01 1.8259550703e-01 6.4137323356e-03
1.6315006337e-01 1.8214634718e-01 4.9570897011e-02
2.3546942043e-01 1.8199410168e-01 6.4229657761e-02
3.0937739258e-01 1.8197183108e-01 6.6410329152e-02
3.8324470474e-01 1.8201237696e-01 6.2559913491e-02
3.8535552124e-01 1.8785620003e-01 -3.7847721052e-02
3.1193904400e-01 1.8786643955e-01 -3.8896916371e-02
2.3858915777e-01 1.8783470062e-01 -3.5832767388e-02
1.6583744848e-01 1.8773596010e-01 -2.6203023118e-02
1.0836491312e-01 1.8740319793e-01 6.3670993364e-03
1.6538137981e-01 1.8696611583e-01 4.9230604350e-02
2.3715702146e-01 1.8681774143e-01 6.3814068904e-02
3.1051526749e-01 1.8679577038e-01 6.6012757379e-02
3.8383594598e-01 1.8683489307e-01 6.2225086353e-02
3.8598240419e-01 1.9264990732e-01 -3.7433772567e-02
3.1311554834e-01 1.9266017837e-01 -3.8509602322e-02
2.4031285397e-01 1.9262965451e-01 -3.5502802002e-02
1.6810078243e-01 1.9253401594e-01 -2.5979200293e-02
1.1104288243e-01 1.9221088882e-01 6.3204663372e-03
1.6761269625e-01 1.9178588447e-01 4.8890311688e-02
2.3884462249e-01 1.9164138119e-01 6.3398480047e-02
3.1165314240e-01 1.9161970967e-01 6.5615185606e-02
3.8442718721e-01 1.9165740919e-01 6.1890259216e-02
3.8660928714e-01 1.9744361460e-01 -3.7019824083e-02
3.1429205269e-01 1.9745391719e-01 -3.8122288272e-02
2.4203655017e-01 1.9742460839e-01 -3.5172836615e-02
1.7036411639e-01 1.9733207178e-01 -2.5755377468e-02
1.1372085175e-01 1.9701857972e-01 6.2738333380e-03
1.6984401270e-01 1.9660565312e-01 4.8550019026e-02
2.4053222353e-01 1.9646502094e-01 6.2982891190e-02
3.1279101731e-01 1.9644364897e-01 6.5217613833e-02
3.8501842845e-01 1.9647992530e-01 6.1555432078e-02
3.8723617009e-01 2.0223732189e-01 -3.6605875598e-02
3.1546855703e-01 2.0224765601e-01 -3.7734974222e-02
2.4376024636e-01 2.0221956228e-01 -3.4842871228e-02
1.7262745034e-01 2.0213012761e-01 -2.5531554644e-02
1.1639882107e-01 2.0182627061e-01 6.2272003387e-03
1.7207532914e-01 2.0142542176e-01 4.8209726364e-02
2.4221982456e-01 2.0128866070e-01 6.2567302332e-02
3.1392889221e-01 2.0126758827e-01 6.4820042060e-02
3.8560966969e-01 2.0130244141e-01 6.1220604940e-02
3.8786305304e-01 2.0703102918e-01 -3.6191927114e-02
3.1664506137e-01 2.0704139483e-01 -3.7347660172e-02
2.4548394256e-01 2.0701451617e-01 -3.4512905841e-02
1.7489078429e-01 2.0692818345e-01 -2.5307731819e-02
1.1907679038e-01 2.0663396150e-01 6.1805673395e-03
1.7430664558e-01 2.0624519041e-01 4.7869433703e-02
2.4390742559e-01 2.0611230045e-01 6.2151713475e-02
3.1506676712e-01 2.0609152756e-01 6.4422470287e-02
3.8620091093e-01 2.0612495753e-01 6.0885777803e-02
3.8848993600e-01 2.1182473647e-01 -3.5777978629e-02
3.1782156571e-01 2.1183513365e-01 -3.6960346123e-02
2.4720763875e-01 2.1180947005e-01 -3.4182940454e-02
1.7715411825e-01 2.1172623929e-01 -2.5083908994e-02
1.2175475970e-01 2.1144165240e-01 6.1339343403e-03
1.7653796203e-01 2.1106495906e-01 4.7529141041e-02
2.4559502662e-01 2.1093594021e-01 6.1736124618e-02
3.1620464203e-01 2.1091546686e-01 6.4024898514e-02
3.8679215216e-01 2.1094747364e-01 6.0550950665e-02
3.8911681895e-01 2.1661844375e-01 -3.5364030145e-02
3.1899807005e-01 2.1662887247e-01 -3.6573032073e-02
2.4893133495e-01 2.1660442394e-01 -3.3852975067e-02
1.7941745220e-01 2.1652429512e-01 -2.4860086169e-02
1.2443272902e-01 2.1624934329e-01 6.0873013411e-03
1.7876927847e-01 2.1588472770e-01 4.7188848379e-02
2.4728262766e-01 2.1575957996e-01 6.1320535761e-02
3.1734251694e-01 2.1573940615e-01 6.3627326741e-02
3.8738339340e-01 2.1576998976e-01 6.0216123527e-02
3.8974370190e-01 2.2141215104e-01 -3.4950081660e-02
3.2017457440e-01 2.2142261129e-01 -3.6185718023e-02
2.5065503115e-01 2.2139937783e-01 -3.3523009680e-02
1.8168078615e-01 2.2132235096e-01 -2.4636263344e-02
1.2711069833e-01 2.2105703419e-01 6.0406683419e-03
1.8100059491e-01 2.2070449635e-01 4.6848555717e-02
2.4897022869e-01 2.2058321972e-01 6.0904946903e-02
3.1848039185e-01 2.2056334545e-01 6.3229754968e-02
3.8797463464e-01 2.2059250587e-01 5.9881296390e-02
3.9037058485e-01 2.2620585833e-01 -3.4536133175e-02
3.2135107874e-01 2.2621635011e-01 -3.5798403973e-02
2.5237872734e-01 2.2619433171e-01 -3.3193044294e-02
1.8394412011e-01 2.2612040680e-01 -2.4412440519e-02
1.2978866765e-01 2.2586472508e-01 5.9940353427e-03
1.8323191135e-01 2.2552426500e-01 4.6508263055e-02
2.5065782972e-01 2.2540685947e-01 6.0489358046e-02
3.1961826676e-01 2.2538728475e-01 6.2832183195e-02
3.8856587588e-01 2.2541502198e-01 5.9546469252e-02
3.9099746780e-01 2.3099956561e-01 -3.4122184691e-02
3.2252758308e-01 2.3101008893e-01 -3.5411089923e-02
2.5410242354e-01 2.3098928560e-01 -3.2863078907e-02
1.8620745406e-01 2.3091846264e-01 -2.4188617694e-02
1.3246663697e-01 2.3067241597e-01 5.9474023434e-03
1.8546322780e-01 2.3034403364e-01 4.6167970394e-02
2.5234543076e-01 2.3023049923e-01 6.0073769189e-02
3.2075614166e-01 2.3021122404e-01 6.2434611422e-02
3.8915711711e-01 2.3023753810e-01 5.9211642114e-02
3.9162329266e-01 2.3581729014e-01 -3.3744144375e-02
3.2365221655e-01 2.3582863010e-01 -3.5052720542e-02
2.5572391178e-01 2.3580748439e-01 -3.2552296274e-02
1.8831933945e-01 2.3573446558e-01 -2.3969800622e-02
1.3495682161e-01 2.3547965345e-01 5.9240045236e-03
1.8755066837e-01 2.3513879397e-01 4.5874223548e-02
2.5394025938e-01 2.3502064256e-01 5.9707162209e-02
3.2185213726e-01 2.3500022737e-01 6.2079846320e-02
3.8975672036e-01 2.3502708778e-01 5.8909367914e-02
3.9224911752e-01 2.4063501467e-01 -3.3366104059e-02
3.2477685002e-01 2.4064717127e-01 -3.4694351160e-02
2.5734540003e-01 2.4062568319e-01 -3.2241513641e-02
1.9043122485e-01 2.4055046853e-01 -2.3750983549e-02
1.3744700625e-01 2.4028689092e-01 5.9006067038e-03
1.8963810894e-01 2.3993355431e-01 4.5580476702e-02
2.5553508801e-01 2.3981078589e-01 5.9340555228e-02
3.2294813285e-01 2.3978923070e-01 6.1725081219e-02
3.9035632360e-01 2.3981663746e-01 5.8607093714e-02
3.9287494237e-01 2.4545273919e-01 -3.2988063743e-02
3.2590148348e-01 2.4546571244e-01 -3.4335981778e-02
2.5896688827e-01 2.4544388199e-01 -3.1930731007e-02
1.9254311024e-01 2.4536647147e-01 -2.3532166476e-02
1.3993719089e-01 2.4509412840e-01 5.8772088839e-03
1.9172554951e-01 2.4472831464e-01 4.5286729856e-02
2.5712991663e-01 2.4460092922e-01 5.8973948248e-02
3.2404412844e-01 2.4457823403e-01 6.1370316117e-02
3.9095592685e-01 2.4460618715e-01 5.8304819514e-02
3.9350076723e-01 2.5027046372e-01 -3.2610023427e-02
3.2702611695e-01 2.5028425361e-01 -3.3977612397e-02
2.6058837652e-01 2.5026208079e-01 -3.1619948374e-02
1.9465499564e-01 2.5018247442e-01 -2.3313349404e-02
1.4242737554e-01 2.4990136587e-01 5.8538110641e-03
1.9381299008e-01 2.4952307497e-01 4.4992983010e-02
2.5872474526e-01 2.4939107255e-01 5.8607341268e-02
3.2514012403e-01 2.4936723736e-01 6.1015551016e-02
3.9155553009e-01 2.4939573683e-01 5.8002545314e-02
3.9412659209e-01 2.5508818825e-01 -3.2231983111e-02
3.2815075042e-01 2.5510279478e-01 -3.3619243015e-02
2.6220986476e-01 2.5508027958e-01 -3.1309165741e-02
1.9676688103e-01 2.5499847736e-01 -2.3094532331e-02
1.4491756018e-01 2.5470860335e-01 5.8304132442e-03
1.9590043065e-01 2.5431783530e-01 4.4699236163e-02
2.6031957388e-01 2.5418121588e-01 5.8240734288e-02
3.2623611962e-01 2.5415624069e-01 6.0660785914e-02
3.9215513334e-01 2.5418528651e-01 5.7700271114e-02
3.9475241694e-01 2.5990591277e-01 -3.1853942795e-02
3.2927538389e-01 2.5992133595e-01 -3.3260873633e-02
2.6383135301e-01 2.5989847838e-01 -3.0998383108e-02
1.9887876643e-01 2.5981448031e-01 -2.2875715258e-02
1.4740774482e-01 2.5951584082e-01 5.8070154244e-03
1.9798787122e-01 2.5911259563e-01 4.4405489317e-02
2.6191440251e-01 2.5897135921e-01 5.7874127307e-02
3.2733211521e-01 2.5894524402e-01 6.0306020813e-02
3.9275473658e-01 2.5897483620e-01 5.7397996914e-02
3.9537824180e-01 2.6472363730e-01 -3.1475902479e-02
3.3040001735e-01 2.6473987712e-01 -3.2902504251e-02
2.6545284125e-01 2.6471667718e-01 -3.0687600475e-02
2.0099065182e-01 2.6463048325e-01 -2.2656898185e-02
1.4989792947e-01 2.6432307830e-01 5.7836176046e-03
2.0007531179e-01 2.6390735596e-01 4.4111742471e-02
2.6350923113e-01 2.6376150254e-01 5.7507520327e-02
3.2842811080e-01 2.6373424735e-01 5.9951255711e-02
3.9335433983e-01 2.6376438588e-01 5.7095722713e-02
3.9600406666e-01 2.6954136183e-01 -3.1097862163e-02
3.3152465082e-01 2.6955841829e-01 -3.2544134870e-02
2.6707432949e-01 2.6953487597e-01 -3.0376817842e-02
2.0310253722e-01 2.6944648620e-01 -2.2438081113e-02
1.5238811411e-01 2.6913031577e-01 5.7602197847e-03
2.0216275236e-01 2.6870211630e-01 4.3817995625e-02
2.6510405976e-01 2.6855164587e-01 5.7140913347e-02
3.2952410639e-01 2.6852325068e-01 5.9596490610e-02
3.9395394307e-01 2.6855393556e-01 5.6793448513e-02
3.9662989152e-01 2.7435908635e-01 -3.0719821847e-02
3.3264928429e-01 2.7437695946e-01 -3.2185765488e-02
2.6869581774e-01 2.7435307477e-01 -3.0066035209e-02
2.0521442261e-01 2.7426248914e-01 -2.2219264040e-02
1.5487829875e-01 2.7393755325e-01 5.7368219649e-03
2.0425019293e-01 2.7349687663e-01 4.3524248779e-02
2.6669888839e-01 2.7334178920e-01 5.6774306367e-02
3.3062010198e-01 2.7331225401e-01 5.9241725508e-02
3.9455354632e-01 2.7334348525e-01 5.6491174313e-02
3.9725571637e-01 2.7917681088e-01 -3.0341781531e-02
3.3377391776e-01 2.7919550063e-01 -3.1827396106e-02
2.7031730598e-01 2.7917127357e-01 -2.9755252576e-02
2.0732630801e-01 2.7907849209e-01 -2.2000446967e-02
1.5736848340e-01 2.7874479072e-01 5.7134241450e-03
2.0633763350e-01 2.7829163696e-01 4.3230501933e-02
2.6829371701e-01 2.7813193253e-01 5.6407699386e-02
3.3171609757e-01 2.7810125734e-01 5.8886960407e-02
3.9515314956e-01 2.7813303493e-01 5.6188900113e-02
3.9788154123e-01 2.8399453540e-01 -2.9963741215e-02
3.3489855122e-01 2.8401404180e-01 -3.1469026724e-02
2.7193879423e-01 2.8398947237e-01 -2.9444469943e-02
2.0943819340e-01 2.8389449503e-01 -2.1781629895e-02
1.5985866804e-01 2.8355202819e-01 5.6900263252e-03
2.0842507407e-01 2.8308639729e-01 4.2936755087e-02
2.6988854564e-01 2.8292207586e-01 5.6041092406e-02
3.3281209316e-01 2.8289026067e-01 5.8532195305e-02
3.9575275281e-01 2.8292258461e-01 5.5886625913e-02
3.9850736609e-01 2.8881225993e-01 -2.9585700899e-02
3.3602318469e-01 2.8883258297e-01 -3.1110657343e-02
2.7356028247e-01 2.8880767116e-01 -2.9133687310e-02
2.1155007879e-01 2.8871049798e-01 -2.1562812822e-02
1.6234885268e-01 2.8835926567e-01 5.6666285054e-03
2.1051251464e-01 2.8788115762e-01 4.2643008241e-02
2.7148337426e-01 2.8771221919e-01 5.5674485426e-02
3.3390808875e-01 2.8767926400e-01 5.8177430204e-02
3.9635235605e-01 2.8771213430e-01 5.5584351713e-02
3.9913319094e-01 2.9362998446e-01 -2.9207660583e-02
3.3714781816e-01 2.9365112414e-01 -3.0752287961e-02
2.7518177072e-01 2.9362586996e-01 -2.8822904676e-02
2.1366196419e-01 2.9352650092e-01 -2.1343995749e-02
1.6483903733e-01 2.9316650314e-01 5.6432306855e-03
2.1259995521e-01 2.9267591795e-01 4.2349261395e-02
2.7307820289e-01 2.9250236252e-01 5.5307878446e-02
3.3500408434e-01 2.9246826733e-01 5.7822665102e-02
3.9695195930e-01 2.9250168398e-01 5.5282077513e-02
3.9975901580e-01 2.9844770898e-01 -2.8829620267e-02
3.3827245163e-01 2.9846966531e-01 -3.0393918579e-02
2.7680325896e-01 2.9844406876e-01 -2.8512122043e-02
2.1577384958e-01 2.9834250387e-01 -2.1125178677e-02
1.6732922197e-01 2.9797374062e-01 5.6198328657e-03
2.1468739579e-01 2.9747067829e-01 4.2055514549e-02
2.7467303151e-01 2.9729250585e-01 5.4941271465e-02
3.3610007993e-01 2.9725727066e-01 5.7467900001e-02
3.9755156254e-01 2.9729123366e-01 5.4979803313e-02
4.0038484066e-01 3.0326543351e-01 -2.8451579951e-02
3.3939708509e-01 3.0328820648e-01 -3.0035549197e-02
2.7842474720e-01 3.0326226755e-01 -2.8201339410e-02
2.1788573498e-01 3.0315850681e-01 -2.0906361604e-02
1.6981940661e-01 3.0278097809e-01 5.5964350458e-03
2.1677483636e-01 3.0226543862e-01 4.1761767703e-02
2.7626786014e-01 3.0208264918e-01 5.4574664485e-02
3.3719607553e-01 3.0204627399e-01 5.7113134900e-02
3.9815116579e-01 3.0208078335e-01 5.4677529113e-02
4.0101066552e-01 3.0808315804e-01 -2.8073539635e-02
3.4052171856e-01 3.0810674765e-01 -2.9677179816e-02
2.8004623545e-01 3.0808046635e-01 -2.7890556777e-02
2.1999762037e-01 3.0797450976e-01 -2.0687544531e-02
1.7230959126e-01 3.0758821557e-01 5.5730372260e-03
2.1886227693e-01 3.0706019895e-01 4.1468020857e-02
2.7786268877e-01 3.0687279251e-01 5.4208057505e-02
3.3829207112e-01 3.0683527731e-01 5.6758369798e-02
3.9875076903e-01 3.0687033303e-01 5.4375254912e-02
4.0160265999e-01 3.1290781168e-01 -2.7692168316e-02
3.4154761742e-01 3.1293296443e-01 -2.9309955046e-02
2.8150450384e-01 3.1290638175e-01 -2.7561797586e-02
2.2188290355e-01 3.1279714038e-01 -2.0435931787e-02
1.7452528631e-01 3.1239694213e-01 5.6160063159e-03
2.2072931879e-01 3.1184866206e-01 4.1273180744e-02
2.7930176002e-01 3.1165358510e-01 5.3946830846e-02
3.3929726283e-01 3.1161398683e-01 5.6504472539e-02
3.9932396450e-01 3.1164967213e-01 5.4164096183e-02
4.0219465446e-01 3.1773246532e-01 -2.7310796998e-02
3.4257351628e-01 3.1775918121e-01 -2.8942730277e-02
2.8296277224e-01 3.1773229714e-01 -2.7233038394e-02
2.2376818673e-01 3.1761977099e-01 -2.0184319044e-02
1.7674098137e-01 3.1720566869e-01 5.6589754058e-03
2.2259636066e-01 3.1663712517e-01 4.1078340632e-02
2.8074083128e-01 3.1643437768e-01 5.3685604187e-02
3.4030245455e-01 3.1639269634e-01 5.6250575280e-02
3.9989715996e-01 3.1642901123e-01 5.3952937454e-02
4.0278664893e-01 3.2255711896e-01 -2.6929425679e-02
3.4359941514e-01 3.2258539799e-01 -2.8575505508e-02
2.8442104064e-01 3.2255821254e-01 -2.6904279203e-02
2.2565346990e-01 3.2244240161e-01 -1.9932706300e-02
1.7895667642e-01 3.2201439526e-01 5.7019444957e-03
2.2446340252e-01 3.2142558828e-01 4.0883500519e-02
2.8217990254e-01 3.2121517027e-01 5.3424377528e-02
3.4130764626e-01 3.2117140585e-01 5.5996678021e-02
4.0047035543e-01 3.2120835034e-01 5.3741778724e-02
4.0337864340e-01 3.2738177260e-01 -2.6548054361e-02
3.4462531400e-01 3.2741161478e-01 -2.8208280739e-02
2.8587930903e-01 3.2738412794e-01 -2.6575520011e-02
2.2753875308e-01 3.2726503223e-01 -1.9681093556e-02
1.8117237148e-01 3.2682312182e-01 5.7449135856e-03
2.2633044438e-01 3.2621405139e-01 4.0688660406e-02
2.8361897380e-01 3.2599596286e-01 5.3163150870e-02
3.4231283798e-01 3.2595011537e-01 5.5742780762e-02
4.0104355089e-01 3.2598768944e-01 5.3530619995e-02
4.0397063787e-01 3.3220642624e-01 -2.6166683042e-02
3.4565121286e-01 3.3223783156e-01 -2.7841055969e-02
2.8733757743e-01 3.3221004333e-01 -2.6246760820e-02
2.2942403626e-01 3.3208766284e-01 -1.9429480812e-02
1.8338806654e-01 3.3163184838e-01 5.7878826755e-03
2.2819748625e-01 3.3100251450e-01 4.0493820294e-02
2.8505804506e-01 3.3077675544e-01 5.2901924211e-02
3.4331802969e-01 3.3072882488e-01 5.5488883503e-02
4.0161674636e-01 3.3076702854e-01 5.3319461266e-02
4.0456263235e-01 3.3703107989e-01 -2.5785311723e-02
3.4667711172e-01 3.3706404834e-01 -2.7473831200e-02
2.8879584582e-01 3.3703595873e-01 -2.5918001628e-02
2.3130931943e-01 3.3691029346e-01 -1.9177868068e-02
1.8560376159e-01 3.3644057495e-01 5.8308517653e-03
2.3006452811e-01 3.3579097761e-01 4.0298980181e-02
2.8649711632e-01 3.3555754803e-01 5.2640697552e-02
3.4432322141e-01 3.3550753439e-01 5.5234986244e-02
4.0218994182e-01 3.3554636764e-01 5.3108302536e-02
4.0515462682e-01 3.4185573353e-01 -2.5403940405e-02
3.4770301058e-01 3.4189026513e-01 -2.7106606431e-02
2.9025411422e-01 3.4186187413e-01 -2.5589242437e-02
2.3319460261e-01 3.4173292408e-01 -1.8926255325e-02
1.8781945665e-01 3.4124930151e-01 5.8738208552e-03
2.3193156998e-01 3.4057944072e-01 4.0104140068e-02
2.8793618758e-01 3.4033834062e-01 5.2379470893e-02
3.4532841312e-01 3.4028624390e-01 5.4981088985e-02
4.0276313729e-01 3.4032570675e-01 5.2897143807e-02
4.0574662129e-01 3.4668038717e-01 -2.5022569086e-02
3.4872890944e-01 3.4671648191e-01 -2.6739381661e-02
2.9171238262e-01 3.4668778952e-01 -2.5260483245e-02
2.3507988579e-01 3.4655555470e-01 -1.8674642581e-02
1.9003515170e-01 3.4605802807e-01 5.9167899451e-03
2.3379861184e-01 3.4536790383e-01 3.9909299956e-02
2.8937525884e-01 3.4511913321e-01 5.2118244234e-02
3.4633360484e-01 3.4506495342e-01 5.4727191726e-02
4.0333633276e-01 3.4510504585e-01 5.2685985078e-02
4.0633861576e-01 3.5150504081e-01 -2.4641197768e-02
3.4975480830e-01 3.5154269869e-01 -2.6372156892e-02
2.9317065101e-01 3.5151370492e-01 -2.4931724054e-02
2.3696516897e-01 3.5137818531e-01 -1.8423029837e-02
1.9225084676e-01 3.5086675464e-01 5.9597590350e-03
2.3566565371e-01 3.5015636694e-01 3.9714459843e-02
2.9081433010e-01 3.4989992579e-01 5.1857017575e-02
3.4733879655e-01 3.4984366293e-01 5.4473294467e-02
4.0390952822e-01 3.4988438495e-01 5.2474826348e-02
4.0693061023e-01 3.5632969445e-01 -2.4259826449e-02
3.5078070716e-01 3.5636891547e-01 -2.6004932123e-02
2.9462891941e-01 3.5633962032e-01 -2.4602964863e-02
2.3885045214e-01 3.5620081593e-01 -1.8171417093e-02
1.9446654181e-01 3.5567548120e-01 6.0027281249e-03
2.3753269557e-01 3.5494483005e-01 3.9519619730e-02
2.9225340135e-01 3.5468071838e-01 5.1595790916e-02
3.4834398827e-01 3.5462237244e-01 5.4219397208e-02
4.0448272369e-01 3.5466372405e-01 5.2263667619e-02
4.0752260471e-01 3.6115434810e-01 -2.3878455131e-02
3.5180660602e-01 3.6119513226e-01 -2.5637707354e-02
2.9608718780e-01 3.6116553571e-01 -2.4274205671e-02
2.4073573532e-01 3.6102344655e-01 -1.7919804349e-02
1.9668223687e-01 3.6048420776e-01 6.0456972148e-03
2.3939973744e-01 3.5973329316e-01 3.9324779618e-02
2.9369247261e-01 3.5946151097e-01 5.1334564257e-02
3.4934917998e-01 3.5940108195e-01 5.3965499949e-02
4.0505591915e-01 3.5944306316e-01 5.2052508890e-02
4.0811459918e-01 3.6597900174e-01 -2.3497083812e-02
3.5283250487e-01 3.6602134904e-01 -2.5270482584e-02
2.9754545620e-01 3.6599145111e-01 -2.3945446480e-02
2.4262101850e-01 3.6584607716e-01 -1.7668191606e-02
1.9889793193e-01 3.6529293433e-01 6.0886663047e-03
2.4126677930e-01 3.6452175627e-01 3.9129939505e-02
2.9513154387e-01 3.6424230355e-01 5.1073337599e-02
3.5035437170e-01 3.6417979147e-01 5.3711602690e-02
4.0562911462e-01 3.6422240226e-01 5.1841350161e-02
4.0870659365e-01 3.7080365538e-01 -2.3115712493e-02
3.5385840373e-01 3.7084756582e-01 -2.4903257815e-02
2.9900372459e-01 3.7081736651e-01 -2.3616687288e-02
2.4450630167e-01 3.7066870778e-01 -1.7416578862e-02
2.0111362698e-01 3.7010166089e-01 6.1316353946e-03
2.4313382116e-01 3.6931021939e-01 3.8935099392e-02
2.9657061513e-01 3.6902309614e-01 5.0812110940e-02
3.5135956341e-01 3.6895850098e-01 5.3457705431e-02
4.0620231008e-01 3.6900174136e-01 5.1630191431e-02
4.0929858812e-01 3.7562830902e-01 -2.2734341175e-02
3.5488430259e-01 3.7567378261e-01 -2.4536033046e-02
3.0046199299e-01 3.7564328190e-01 -2.3287928097e-02
2.4639158485e-01 3.7549133840e-01 -1.7164966118e-02
2.0332932204e-01 3.7491038745e-01 6.1746044844e-03
2.4500086303e-01 3.7409868250e-01 3.8740259280e-02
2.9800968639e-01 3.7380388873e-01 5.0550884281e-02
3.5236475513e-01 3.7373721049e-01 5.3203808172e-02
4.0677550555e-01 3.7378108047e-01 5.1419032702e-02
4.0989058259e-01 3.8045296266e-01 -2.2352969856e-02
3.5591020145e-01 3.8049999939e-01 -2.4168808277e-02
3.0192026139e-01 3.8046919730e-01 -2.2959168905e-02
2.4827686803e-01 3.8031396902e-01 -1.6913353374e-02
2.0554501709e-01 3.7971911402e-01 6.2175735743e-03
2.4686790489e-01 3.7888714561e-01 3.8545419167e-02
2.9944875765e-01 3.7858468132e-01 5.0289657622e-02
3.5336994684e-01 3.7851592000e-01 5.2949910913e-02
4.0734870102e-01 3.7856041957e-01 5.1207873973e-02
4.1048257706e-01 3.8527761630e-01 -2.1971598538e-02
3.5693610031e-01 3.8532621617e-01 -2.3801583507e-02
3.0337852978e-01 3.8529511270e-01 -2.2630409714e-02
2.5016215121e-01 3.8513659963e-01 -1.6661740630e-02
2.0776071215e-01 3.8452784058e-01 6.2605426642e-03
2.4873494676e-01 3.8367560872e-01 3.8350579054e-02
3.0088782891e-01 3.8336547390e-01 5.0028430963e-02
3.5437513856e-01 3.8329462952e-01 5.2696013654e-02
4.0792189648e-01 3.8333975867e-01 5.0996715243e-02
4.1109955243e-01 3.9009082373e-01 -2.1522957113e-02
3.5801244570e-01 3.9014059140e-01 -2.3359594725e-02
3.0491306485e-01 3.9011005392e-01 -2.2221961943e-02
2.5214967683e-01 3.8995113009e-01 -1.6329391384e-02
2.1009839689e-01 3.8933825190e-01 6.3737874017e-03
2.5071253717e-01 3.8847872188e-01 3.8201166713e-02
3.0241397873e-01 3.8816533806e-01 4.9800505548e-02
3.5544194953e-01 3.8809306821e-01 5.2469818259e-02
4.0853086259e-01 3.8813769767e-01 5.0809932226e-02
4.1171652779e-01 3.9490403115e-01 -2.1074315689e-02
3.5908879109e-01 3.9495496662e-01 -2.2917605942e-02
3.0644759992e-01 3.9492499515e-01 -2.1813514172e-02
2.5413720245e-01 3.9476566055e-01 -1.5997042138e-02
2.1243608163e-01 3.9414866322e-01 6.4870321393e-03
2.5269012758e-01 3.9328183504e-01 3.8051754371e-02
3.0394012855e-01 3.9296520222e-01 4.9572580133e-02
3.5650876049e-01 3.9289150691e-01 5.2243622865e-02
4.0913982870e-01 3.9293563666e-01 5.0623149209e-02
4.1233350316e-01 3.9971723858e-01 -2.0625674265e-02
3.6016513648e-01 3.9976934185e-01 -2.2475617160e-02
3.0798213498e-01 3.9973993637e-01 -2.1405066401e-02
2.5612472807e-01 3.9958019101e-01 -1.5664692892e-02
2.1477376637e-01 3.9895907454e-01 6.6002768768e-03
2.5466771799e-01 3.9808494820e-01 3.7902342030e-02
3.0546627838e-01 3.9776506638e-01 4.9344654718e-02
3.5757557146e-01 3.9768994561e-01 5.2017427470e-02
4.0974879482e-01 3.9773357566e-01 5.0436366192e-02
4.1295047852e-01 4.0453044600e-01 -2.0177032841e-02
3.6124148187e-01 4.0458371707e-01 -2.2033628377e-02
3.0951667005e-01 4.0455487760e-01 -2.0996618630e-02
2.5811225369e-01 4.0439472147e-01 -1.5332343646e-02
2.1711145111e-01 4.0376948586e-01 6.7135216143e-03
2.5664530840e-01 4.0288806136e-01 3.7752929688e-02
3.0699242820e-01 4.0256493054e-01 4.9116729303e-02
3.5864238243e-01 4.0248838430e-01 5.1791232075e-02
4.1035776093e-01 4.0253151465e-01 5.0249583175e-02
4.1356745389e-01 4.0934365343e-01 -1.9728391417e-02
3.6231782726e-01 4.0939809229e-01 -2.1591639595e-02
3.1105120512e-01 4.0936981882e-01 -2.0588170859e-02
2.6009977930e-01 4.0920925193e-01 -1.4999994400e-02
2.1944913585e-01 4.0857989719e-01 6.8267663518e-03
2.5862289882e-01 4.0769117452e-01 3.7603517347e-02
3.0851857802e-01 4.0736479470e-01 4.8888803888e-02
3.5970919340e-01 4.0728682300e-01 5.1565036680e-02
4.1096672704e-01 4.0732945365e-01 5.0062800158e-02
4.1418442925e-01 4.1415686085e-01 -1.9279749993e-02
3.6339417265e-01 4.1421246752e-01 -2.1149650812e-02
3.1258574019e-01 4.1418476005e-01 -2.0179723088e-02
2.6208730492e-01 4.1402378239e-01 -1.4667645154e-02
2.2178682059e-01 4.1339030851e-01 6.9400110894e-03
2.6060048923e-01 4.1249428768e-01 3.7454105005e-02
3.1004472785e-01 4.1216465886e-01 4.8660878473e-02
3.6077600437e-01 4.1208526170e-01 5.1338841285e-02
4.1157569315e-01 4.1212739264e-01 4.9876017141e-02
4.1480140461e-01 4.1897006828e-01 -1.8831108569e-02
3.6447051804e-01 4.1902684274e-01 -2.0707662030e-02
3.1412027525e-01 4.1899970128e-01 -1.9771275317e-02
2.6407483054e-01 4.1883831285e-01 -1.4335295908e-02
2.2412450533e-01 4.1820071983e-01 7.0532558269e-03
2.6257807964e-01 4.1729740084e-01 3.7304692664e-02
3.1157087767e-01 4.1696452302e-01 4.8432953058e-02
3.6184281534e-01 4.1688370040e-01 5.1112645890e-02
4.1218465926e-01 4.1692533164e-01 4.9689234124e-02
4.1541837998e-01 4.2378327570e-01 -1.8382467145e-02
3.6554686343e-01 4.2384121797e-01 -2.0265673248e-02
3.1565481032e-01 4.2381464250e-01 -1.9362827546e-02
2.6606235616e-01 4.2365284331e-01 -1.4002946661e-02
2.2646219007e-01 4.2301113115e-01 7.1665005644e-03
2.6455567005e-01 4.2210051400e-01 3.7155280322e-02
3.1309702749e-01 4.2176438718e-01 4.8205027643e-02
3.6290962631e-01 4.2168213909e-01 5.0886450496e-02
4.1279362537e-01 4.2172327063e-01 4.9502451107e-02
4.1603535534e-01 4.2859648313e-01 -1.7933825721e-02
3.6662320881e-01 4.2865559319e-01 -1.9823684465e-02
3.1718934539e-01 4.2862958373e-01 -1.8954379775e-02
2.6804988178e-01 4.2846737377e-01 -1.3670597415e-02
2.2879987481e-01 4.2782154247e-01 7.2797453019e-03
2.6653326046e-01 4.2690362716e-01 3.7005867981e-02
3.1462317732e-01 4.2656425134e-01 4.7977102228e-02
3.6397643728e-01 4.2648057779e-01 5.0660255101e-02
4.1340259148e-01 4.2652120963e-01 4.9315668090e-02
4.1665233071e-01 4.3340969055e-01 -1.7485184297e-02
3.6769955420e-01 4.3346996842e-01 -1.9381695683e-02
3.1872388046e-01 4.3344452495e-01 -1.8545932004e-02
2.7003740740e-01 4.3328190424e-01 -1.3338248169e-02
2.3113755955e-01 4.3263195379e-01 7.3929900395e-03
2.6851085087e-01 4.3170674032e-01 3.6856455639e-02
3.1614932714e-01 4.3136411550e-01 4.7749176813e-02
3.6504324825e-01 4.3127901649e-01 5.0434059706e-02
4.1401155759e-01 4.3131914863e-01 4.9128885073e-02
4.1726930607e-01 4.3822289798e-01 -1.7036542873e-02
3.6877589959e-01 4.3828434364e-01 -1.8939706900e-02
3.2025841553e-01 4.3825946618e-01 -1.8137484233e-02
2.7202493302e-01 4.3809643470e-01 -1.3005898923e-02
2.3347524429e-01 4.3744236511e-01 7.5062347770e-03
2.7048844129e-01 4.3650985348e-01 3.6707043298e-02
3.1767547696e-01 4.3616397966e-01 4.7521251398e-02
3.6611005922e-01 4.3607745518e-01 5.0207864311e-02
4.1462052370e-01 4.3611708762e-01 4.8942102056e-02
4.1788628143e-01 4.4303610540e-01 -1.6587901449e-02
3.6985224498e-01 4.4309871887e-01 -1.8497718118e-02
3.2179295059e-01 4.4307440740e-01 -1.7729036462e-02
2.7401245864e-01 4.4291096516e-01 -1.2673549677e-02
2.3581292903e-01 4.4225277644e-01 7.6194795145e-03
2.7246603170e-01 4.4131296664e-01 3.6557630956e-02
3.1920162679e-01 4.4096384382e-01 4.7293325983e-02
3.6717687019e-01 4.4087589388e-01 4.9981668916e-02
4.1522948982e-01 4.4091502662e-01 4.8755319039e-02
4.1850325680e-01 4.4784931283e-01 -1.6139260024e-02
3.7092859037e-01 4.4791309409e-01 -1.8055729335e-02
3.2332748566e-01 4.4788934863e-01 -1.7320588691e-02
2.7599998426e-01 4.4772549562e-01 -1.2341200431e-02
2.3815061377e-01 4.4706318776e-01 7.7327242520e-03
2.7444362211e-01 4.4611607980e-01 3.6408218614e-02
3.2072777661e-01 4.4576370798e-01 4.7065400568e-02
3.6824368116e-01 4.4567433258e-01 4.9755473521e-02
4.1583845593e-01 4.4571296561e-01 4.8568536022e-02
4.1912023216e-01 4.5266252025e-01 -1.5690618600e-02
3.7200493576e-01 4.5272746932e-01 -1.7613740553e-02
3.2486202073e-01 4.5270428985e-01 -1.6912140920e-02
2.7798750988e-01 4.5254002608e-01 -1.2008851185e-02
2.4048829851e-01 4.5187359908e-01 7.8459689895e-03
2.7642121252e-01 4.5091919297e-01 3.6258806273e-02
3.2225392643e-01 4.5056357214e-01 4.6837475153e-02
3.6931049213e-01 4.5047277128e-01 4.9529278127e-02
4.1644742204e-01 4.5051090461e-01 4.8381753004e-02
4.1973720753e-01 4.5747572768e-01 -1.5241977176e-02
3.7308128115e-01 4.5754184454e-01 -1.7171751770e-02
3.2639655580e-01 4.5751923108e-01 -1.6503693149e-02
2.7997503550e-01 4.5735455654e-01 -1.1676501939e-02
2.4282598325e-01 4.5668401040e-01 7.9592137271e-03
2.7839880293e-01 4.5572230613e-01 3.6109393931e-02
3.2378007626e-01 4.5536343630e-01 4.6609549738e-02
3.7037730309e-01 4.5527120997e-01 4.9303082732e-02
4.1705638815e-01 4.5530884360e-01 4.8194969987e-02
4.2035418289e-01 4.6228893510e-01 -1.4793335752e-02
3.7415762654e-01 4.6235621977e-01 -1.6729762988e-02
3.2793109086e-01 4.6233417231e-01 -1.6095245378e-02
2.8196256112e-01 4.6216908700e-01 -1.1344152693e-02
2.4516366799e-01 4.6149442172e-01 8.0724584646e-03
2.8037639334e-01 4.6052541929e-01 3.5959981590e-02
3.2530622608e-01 4.6016330046e-01 4.6381624323e-02
3.7144411406e-01 4.6006964867e-01 4.9076887337e-02
4.1766535426e-01 4.6010678260e-01 4.8008186970e-02
4.2082842632e-01 4.6707133200e-01 -1.3714796332e-02
3.7509952893e-01 4.6714081918e-01 -1.5667528217e-02
3.2934003030e-01 4.6712391586e-01 -1.5153384197e-02
2.8382163292e-01 4.6696776104e-01 -1.0669501274e-02
2.4718542183e-01 4.6630563844e-01 8.1684679218e-03
2.8228678488e-01 4.6534343488e-01 3.5465280069e-02
3.2676189636e-01 4.6497730272e-01 4.5806639261e-02
3.7241591283e-01 4.6487391911e-01 4.8667465450e-02
4.1816636922e-01 4.6490149889e-01 4.7820581599e-02
4.2130266975e-01 4.7185372891e-01 -1.2636256913e-02
3.7604143132e-01 4.7192541860e-01 -1.4605293445e-02
3.3074896974e-01 4.7191365942e-01 -1.4211523017e-02
2.8568070472e-01 4.7176643507e-01 -9.9948498557e-03
2.4920717568e-01 4.7111685515e-01 8.2644773790e-03
2.8419717643e-01 4.7016145048e-01 3.4970578549e-02
3.2821756665e-01 4.6979130497e-01 4.5231654200e-02
3.7338771160e-01 4.6967818955e-01 4.8258043564e-02
4.1866738419e-01 4.6969621519e-01 4.7632976228e-02
4.2177691318e-01 4.7663612581e-01 -1.1557717493e-02
3.7698333371e-01 4.7671001802e-01 -1.3543058674e-02
3.3215790917e-01 4.7670340298e-01 -1.3269661837e-02
2.8753977652e-01 4.7656510911e-01 -9.3201984373e-03
2.5122892952e-01 4.7592807187e-01 8.3604868363e-03
2.8610756797e-01 4.7497946608e-01 3.4475877028e-02
3.2967323693e-01 4.7460530723e-01 4.4656669139e-02
3.7435951036e-01 4.7448245999e-01 4.7848621677e-02
4.1916839915e-01 4.7449093149e-01 4.7445370857e-02
4.2225115660e-01 4.8141852272e-01 -1.0479178073e-02
3.7792523610e-01 4.8149461743e-01 -1.2480823903e-02
3.3356684861e-01 4.8149314654e-01 -1.2327800656e-02
2.8939884832e-01 4.8136378315e-01 -8.6455470188e-03
2.5325068336e-01 4.8073928858e-01 8.4564962935e-03
2.8801795951e-01 4.7979748167e-01 3.3981175507e-02
3.3112890722e-01 4.7941930948e-01 4.4081684078e-02
3.7533130913e-01 4.7928673044e-01 4.7439199790e-02
4.1966941412e-01 4.7928564778e-01 4.7257765486e-02
4.2272540003e-01 4.8620091962e-01 -9.4006386534e-03
3.7886713849e-01 4.8627921685e-01 -1.1418589132e-02
3.3497578805e-01 4.8628289009e-01 -1.1385939476e-02
2.9125792012e-01 4.8616245719e-01 -7.9708956004e-03
2.5527243720e-01 4.8555050530e-01 8.5525057507e-03
2.8992835105e-01 4.8461549727e-01 3.3486473987e-02
3.3258457750e-01 4.8423331174e-01 4.3506699016e-02
3.7630310790e-01 4.8409100088e-01 4.7029777903e-02
4.2017042908e-01 4.8408036408e-01 4.7070160115e-02
4.2319964346e-01 4.9098331652e-01 -8.3220992336e-03
3.7980904089e-01 4.9106381627e-01 -1.0356354360e-02
3.3638472748e-01 4.9107263365e-01 -1.0444078296e-02
2.9311699192e-01 4.9096113123e-01 -7.2962441820e-03
2.5729419104e-01 4.9036172201e-01 8.6485152079e-03
2.9183874259e-01 4.8943351286e-01 3.2991772466e-02
3.3404024779e-01 4.8904731400e-01 4.2931713955e-02
3.7727490667e-01 4.8889527132e-01 4.6620356017e-02
4.2067144404e-01 4.8887508038e-01 4.6882554743e-02
4.2367388689e-01 4.9576571343e-01 -7.2435598139e-03
3.8075094328e-01 4.9584841568e-01 -9.2941195891e-03
3.3779366692e-01 4.9586237721e-01 -9.5022171154e-03
2.9497606371e-01 4.9575980527e-01 -6.6215927636e-03
2.5931594489e-01 4.9517293873e-01 8.7445246651e-03
2.9374913413e-01 4.9425152846e-01 3.2497070946e-02
3.3549591807e-01 4.9386131625e-01 4.2356728894e-02
3.7824670543e-01 4.9369954176e-01 4.6210934130e-02
4.2117245901e-01 4.9366979667e-01 4.6694949372e-02
4.2414813032e-01 5.0054811033e-01 -6.1650203941e-03
3.8169284567e-01 5.0063301510e-01 -8.2318848179e-03
3.3920260636e-01 5.0065212077e-01 -8.5603559350e-03
2.9683513551e-01 5.0055847931e-01 -5.9469413452e-03
2.6133769873e-01 4.9998415544e-01 8.8405341224e-03
2.9565952567e-01 4.9906954406e-01 3.2002369425e-02
3.3695158836e-01 4.9867531851e-01 4.1781743833e-02
3.7921850420e-01 4.9850381220e-01 4.5801512243e-02
4.2167347397e-01 4.9846451297e-01 4.6507344001e-02
4.2462237374e-01 5.0533050724e-01 -5.0864809744e-03
3.8263474806e-01 5.0541761452e-01 -7.1696500466e-03
3.4061154579e-01 5.0544186432e-01 -7.6184947547e-03
2.9869420731e-01 5.0535715335e-01 -5.2722899268e-03
2.6335945257e-01 5.0479537216e-01 8.9365435796e-03
2.9756991721e-01 5.0388755965e-01 3.1507667904e-02
3.3840725864e-01 5.0348932077e-01 4.1206758771e-02
3.8019030297e-01 5.0330808264e-01 4.5392090357e-02
4.2217448894e-01 5.0325922926e-01 4.6319738630e-02
4.2509661717e-01 5.1011290414e-01 -4.0079415546e-03
3.8357665045e-01 5.1020221393e-01 -6.1074152754e-03
3.4202048523e-01 5.1023160788e-01 -6.6766335743e-03
3.0055327911e-01 5.1015582739e-01 -4.5976385083e-03
2.6538120641e-01 5.0960658888e-01 9.0325530368e-03
2.9948030875e-01 5.0870557525e-01 3.1012966384e-02
3.3986292893e-01 5.0830332302e-01 4.0631773710e-02
3.8116210173e-01 5.0811235308e-01 4.4982668470e-02
4.2267550390e-01 5.0805394556e-01 4.6132133259e-02
4.2557086060e-01 5.1489530105e-01 -2.9294021349e-03
3.8451855284e-01 5.1498681335e-01 -5.0451805041e-03
3.4342942467e-01 5.1502135144e-01 -5.7347723940e-03
3.0241235091e-01 5.1495450143e-01 -3.9229870899e-03
2.6740296025e-01 5.1441780559e-01 9.1285624940e-03
3.0139070030e-01 5.1352359084e-01 3.0518264863e-02
3.4131859921e-01 5.1311732528e-01 4.0056788649e-02
3.8213390050e-01 5.1291662352e-01 4.4573246583e-02
4.2317651886e-01 5.1284866186e-01 4.5944527888e-02
4.2604510403e-01 5.1967769795e-01 -1.8508627151e-03
3.8546045523e-01 5.1977141277e-01 -3.9829457329e-03
3.4483836410e-01 5.1981109500e-01 -4.7929112137e-03
3.0427142271e-01 5.1975317547e-01 -3.2483356715e-03
2.6942471410e-01 5.1922902231e-01 9.2245719513e-03
3.0330109184e-01 5.1834160644e-01 3.0023563343e-02
3.4277426949e-01 5.1793132754e-01 3.9481803588e-02
3.8310569927e-01 5.1772089397e-01 4.4163824697e-02
4.2367753383e-01 5.1764337815e-01 4.5756922517e-02
4.2651934746e-01 5.2446009485e-01 -7.7232329538e-04
3.8640235762e-01 5.2455601218e-01 -2.9207109616e-03
3.4624730354e-01 5.2460083855e-01 -3.8510500333e-03
3.0613049451e-01 5.2455184951e-01 -2.5736842531e-03
2.7144646794e-01 5.2404023902e-01 9.3205814085e-03
3.0521148338e-01 5.2315962204e-01 2.9528861822e-02
3.4422993978e-01 5.2274532979e-01 3.8906818526e-02
3.8407749803e-01 5.2252516441e-01 4.3754402810e-02
4.2417854879e-01 5.2243809445e-01 4.5569317145e-02
4.2699359088e-01 5.2924249176e-01 3.0621612437e-04
3.8734426001e-01 5.2934061160e-01 -1.8584761903e-03
3.4765624298e-01 5.2939058211e-01 -2.9091888530e-03
3.0798956630e-01 5.2935052355e-01 -1.8990328347e-03
2.7346822178e-01 5.2885145574e-01 9.4165908657e-03
3.0712187492e-01 5.2797763763e-01 2.9034160301e-02
3.4568561006e-01 5.2755933205e-01 3.8331833465e-02
3.8504929680e-01 5.2732943485e-01 4.3344980923e-02
4.2467956376e-01 5.2723281074e-01 4.5381711774e-02
4.2746783431e-01 5.3402488866e-01 1.3847555441e-03
3.8828616240e-01 5.3412521101e-01 -7.9624141910e-04
3.4906518241e-01 5.3418032567e-01 -1.9673276726e-03
3.0984863810e-01 5.3414919759e-01 -1.2243814163e-03
2.7548997562e-01 5.3366267245e-01 9.5126003229e-03
3.0903226646e-01 5.3279565323e-01 2.8539458781e-02
3.4714128035e-01 5.3237333430e-01 3.7756848404e-02
3.8602109557e-01 5.3213370529e-01 4.2935559037e-02
4.2518057872e-01 5.3202752704e-01 4.5194106403e-02
4.2794207774e-01 5.3880728557e-01 2.4632949639e-03
3.8922806479e-01 5.3890981043e-01 2.6599335216e-04
3.5047412185e-01 5.3897006923e-01 -1.0254664923e-03
3.1170770990e-01 5.3894787163e-01 -5.4972999784e-04
2.7751172947e-01 5.3847388917e-01 9.6086097801e-03
3.1094265800e-01 5.3761366883e-01 2.8044757260e-02
3.4859695063e-01 5.3718733656e-01 3.7181863343e-02
3.8699289434e-01 5.3693797573e-01 4.2526137150e-02
4.2568159368e-01 5.3682224334e-01 4.5006501032e-02
4.2820097271e-01 5.4361067799e-01 2.8699377842e-03
3.8976565461e-01 5.4371454249e-01 6.7468738061e-04
3.5129062037e-01 5.4377627892e-01 -6.2761980626e-04
3.1280224419e-01 5.4375559891e-01 -1.8389101801e-04
2.7883615277e-01 5.4328149460e-01 9.8589513029e-03
3.1203912352e-01 5.4241767600e-01 2.8144453551e-02
3.4942041107e-01 5.4198836240e-01 3.7227817445e-02
3.8753698963e-01 5.4173616372e-01 4.2559761376e-02
4.2594598447e-01 5.4161819524e-01 4.5050449614e-02
4.2845986768e-01 5.4841407041e-01 3.2765806046e-03
3.9030324442e-01 5.4851927454e-01 1.0833814091e-03
3.5210711889e-01 5.4858248861e-01 -2.2977312021e-04
3.1389677847e-01 5.4856332619e-01 1.8194796182e-04
2.8016057607e-01 5.4808910002e-01 1.0109292826e-02
3.1313558903e-01 5.4722168317e-01 2.8244149843e-02
3.5024387151e-01 5.4678938823e-01 3.7273771547e-02
3.8808108493e-01 5.4653435171e-01 4.2593385603e-02
4.2621037525e-01 5.4641414714e-01 4.5094398196e-02
4.2871876264e-01 5.5321746283e-01 3.6832234249e-03
3.9084083423e-01 5.5332400660e-01 1.4920754375e-03
3.5292361740e-01 5.5338869830e-01 1.6807356584e-04
3.1499131275e-01 5.5337105347e-01 5.4778694165e-04
2.8148499937e-01 5.5289670545e-01 1.0359634348e-02
3.1423205455e-01 5.5202569034e-01 2.8343846134e-02
3.5106733195e-01 5.5159041407e-01 3.7319725648e-02
3.8862518023e-01 5.5133253970e-01 4.2627009830e-02
4.2647476603e-01 5.5121009905e-01 4.5138346778e-02
4.2897765761e-01 5.5802085525e-01 4.0898662452e-03
3.9137842404e-01 5.5812873865e-01 1.9007694660e-03
3.5374011592e-01 5.5819490799e-01 5.6592025188e-04
3.1608584704e-01 5.5817878075e-01 9.1362592148e-04
2.8280942268e-01 5.5770431088e-01 1.0609975871e-02
3.1532852006e-01 5.5682969752e-01 2.8443542425e-02
3.5189079239e-01 5.5639143990e-01 3.7365679750e-02
3.8916927553e-01 5.5613072769e-01 4.2660634056e-02
4.2673915682e-01 5.5600605095e-01 4.5182295360e-02
4.2923655258e-01 5.6282424767e-01 4.4965090656e-03
3.9191601385e-01 5.6293347071e-01 2.3094634944e-03
3.5455661444e-01 5.6300111768e-01 9.6376693793e-04
3.1718038132e-01 5.6298650803e-01 1.2794649013e-03
2.8413384598e-01 5.6251191631e-01 1.0860317394e-02
3.1642498558e-01 5.6163370469e-01 2.8543238716e-02
3.5271425283e-01 5.6119246574e-01 3.7411633852e-02
3.8971337083e-01 5.6092891568e-01 4.2694258283e-02
4.2700354760e-01 5.6080200285e-01 4.5226243942e-02
4.2949544755e-01 5.6762764009e-01 4.9031518859e-03
3.9245360366e-01 5.6773820277e-01 2.7181575229e-03
3.5537311296e-01 5.6780732737e-01 1.3616136240e-03
3.1827491561e-01 5.6779423531e-01 1.6453038811e-03
2.8545826928e-01 5.6731952173e-01 1.1110658917e-02
3.1752145109e-01 5.6643771186e-01 2.8642935008e-02
3.5353771327e-01 5.6599349157e-01 3.7457587954e-02
3.9025746612e-01 5.6572710367e-01 4.2727882509e-02
4.2726793839e-01 5.6559795475e-01 4.5270192524e-02
4.2975434252e-01 5.7243103251e-01 5.3097947062e-03
3.9299119347e-01 5.7254293482e-01 3.1268515514e-03
3.5618961148e-01 5.7261353706e-01 1.7594603100e-03
3.1936944989e-01 5.7260196260e-01 2.0111428610e-03
2.8678269258e-01 5.7212712716e-01 1.1361000439e-02
3.1861791661e-01 5.7124171903e-01 2.8742631299e-02
3.5436117371e-01 5.7079451741e-01 3.7503542056e-02
3.9080156142e-01 5.7052529166e-01 4.2761506736e-02
4.2753232917e-01 5.7039390666e-01 4.5314141106e-02
4.3001323749e-01 5.7723442493e-01 5.7164375266e-03
3.9352878329e-01 5.7734766688e-01 3.5355455798e-03
3.5700611000e-01 5.7741974675e-01 2.1573069961e-03
3.2046398418e-01 5.7740968988e-01 2.3769818408e-03
2.8810711589e-01 5.7693473259e-01 1.1611341962e-02
3.1971438213e-01 5.7604572621e-01 2.8842327590e-02
3.5518463415e-01 5.7559554324e-01 3.7549496158e-02
3.9134565672e-01 5.7532347964e-01 4.2795130963e-02
4.2779671995e-01 5.7518985856e-01 4.5358089688e-02
4.3027213245e-01 5.8203781735e-01 6.1230803469e-03
3.9406637310e-01 5.8215239893e-01 3.9442396083e-03
3.5782260851e-01 5.8222595644e-01 2.5551536821e-03
3.2155851846e-01 5.8221741716e-01 2.7428208206e-03
2.8943153919e-01 5.8174233802e-01 1.1861683485e-02
3.2081084764e-01 5.8084973338e-01 2.8942023881e-02
3.5600809460e-01 5.8039656908e-01 3.7595450260e-02
3.9188975202e-01 5.8012166763e-01 4.2828755189e-02
4.2806111074e-01 5.7998581046e-01 4.5402038270e-02
4.3053102742e-01 5.8684120977e-01 6.5297231673e-03
3.9460396291e-01 5.8695713099e-01 4.3529336367e-03
3.5863910703e-01 5.8703216613e-01 2.9530003682e-03
3.2265305274e-01 5.8702514444e-01 3.1086598005e-03
2.9075596249e-01 5.8654994344e-01 1.2112025008e-02
3.2190731316e-01 5.8565374055e-01 2.9041720173e-02
3.5683155504e-01 5.8519759491e-01 3.7641404362e-02
3.9243384732e-01 5.8491985562e-01 4.2862379416e-02
4.2832550152e-01 5.8478176236e-01 4.5445986852e-02
4.3078992239e-01 5.9164460220e-01 6.9363659876e-03
3.9514155272e-01 5.9176186304e-01 4.7616276652e-03
3.5945560555e-01 5.9183837582e-01 3.3508470542e-03
3.2374758703e-01 5.9183287172e-01 3.4744987803e-03
2.9208038580e-01 5.9135754887e-01 1.2362366530e-02
3.2300377867e-01 5.9045774772e-01 2.9141416464e-02
3.5765501548e-01 5.8999862075e-01 3.7687358463e-02
3.9297794261e-01 5.8971804361e-01 4.2896003642e-02
4.2858989230e-01 5.8957771427e-01 4.5489935434e-02
4.3104881736e-01 5.9644799462e-01 7.3430088079e-03
3.9567914253e-01 5.9656659510e-01 5.1703216936e-03
3.6027210407e-01 5.9664458551e-01 3.7486937403e-03
3.2484212131e-01 5.9664059900e-01 3.8403377601e-03
2.9340480910e-01 5.9616515430e-01 1.2612708053e-02
3.2410024419e-01 5.9526175489e-01 2.9241112755e-02
3.5847847592e-01 5.9479964658e-01 3.7733312565e-02
3.9352203791e-01 5.9451623160e-01 4.2929627869e-02
4.2885428309e-01 5.9437366617e-01 4.5533884016e-02
4.3130771233e-01 6.0125138704e-01 7.7496516283e-03
3.9621673234e-01 6.0137132716e-01 5.5790157221e-03
3.6108860259e-01 6.0145079520e-01 4.1465404263e-03
3.2593665560e-01 6.0144832628e-01 4.2061767399e-03
2.9472923240e-01 6.0097275973e-01 1.2863049576e-02
3.2519670970e-01 6.0006576207e-01 2.9340809046e-02
3.5930193636e-01 5.9960067242e-01 3.7779266667e-02
3.9406613321e-01 5.9931441959e-01 4.2963252095e-02
4.2911867387e-01 5.9916961807e-01 4.5577832598e-02
4.3156660729e-01 6.0605477946e-01 8.1562944486e-03
3.9675432215e-01 6.0617605921e-01 5.9877097505e-03
3.6190510111e-01 6.0625700489e-01 4.5443871124e-03
3.2703118988e-01 6.0625605356e-01 4.5720157198e-03
2.9605365570e-01 6.0578036515e-01 1.3113391099e-02
3.2629317522e-01 6.0486976924e-01 2.9440505338e-02
3.6012539680e-01 6.0440169825e-01 3.7825220769e-02
3.9461022851e-01 6.0411260758e-01 4.2996876322e-02
4.2938306466e-01 6.0396556997e-01 4.5621781180e-02
4.3182550226e-01 6.1085817188e-01 8.5629372690e-03
3.9729191197e-01 6.1098079127e-01 6.3964037790e-03
3.6272159962e-01 6.1106321458e-01 4.9422337984e-03
3.2812572416e-01 6.1106378085e-01 4.9378546996e-03
2.9737807901e-01 6.1058797058e-01 1.3363732621e-02
3.2738964073e-01 6.0967377641e-01 2.9540201629e-02
3.6094885724e-01 6.0920272409e-01 3.7871174871e-02
3.9515432381e-01 6.0891079557e-01 4.3030500549e-02
4.2964745544e-01 6.0876152188e-01 4.5665729762e-02
4.3208439723e-01 6.1566156430e-01 8.9695800893e-03
3.9782950178e-01 6.1578552332e-01 6.8050978075e-03
3.6353809814e-01 6.1586942427e-01 5.3400804845e-03
3.2922025845e-01 6.1587150813e-01 5.3036936794e-03
2.9870250231e-01 6.1539557601e-01 1.3614074144e-02
3.2848610625e-01 6.1447778358e-01 2.9639897920e-02
3.6177231768e-01 6.1400374992e-01 3.7917128973e-02
3.9569841910e-01 6.1370898356e-01 4.3064124775e-02
4.2991184622e-01 6.1355747378e-01 4.5709678344e-02
4.3233167243e-01 6.2046556757e-01 9.3321801586e-03
3.9834399616e-01 6.2058970636e-01 7.1740328608e-03
3.6431987988e-01 6.2067393901e-01 5.7098868368e-03
3.3026909223e-01 6.2067666401e-01 5.6632267541e-03
2.9998624059e-01 6.2020310611e-01 1.3899438389e-02
3.2953314020e-01 6.1928821587e-01 2.9809500738e-02
3.6255778342e-01 6.1881534260e-01 3.8032448890e-02
3.9621830352e-01 6.1852104764e-01 4.3149759338e-02
4.3016468564e-01 6.1836946291e-01 4.5785215110e-02
4.3257894763e-01 6.2526957084e-01 9.6947802280e-03
3.9885849055e-01 6.2539388939e-01 7.5429679141e-03
3.6510166162e-01 6.2547845376e-01 6.0796931891e-03
3.3131792601e-01 6.2548181990e-01 6.0227598288e-03
3.0126997888e-01 6.2501063621e-01 1.4184802634e-02
3.3058017415e-01 6.2409864815e-01 2.9979103556e-02
3.6334324916e-01 6.2362693528e-01 3.8147768808e-02
3.9673818794e-01 6.2333311173e-01 4.3235393901e-02
4.3041752506e-01 6.2318145205e-01 4.5860751877e-02
4.3282622283e-01 6.3007357411e-01 1.0057380297e-02
3.9937298493e-01 6.3019807242e-01 7.9119029674e-03
3.6588344336e-01 6.3028296850e-01 6.4494995415e-03
3.3236675979e-01 6.3028697578e-01 6.3822929035e-03
3.0255371716e-01 6.2981816631e-01 1.4470166879e-02
3.3162720811e-01 6.2890908043e-01 3.0148706375e-02
3.6412871491e-01 6.2843852796e-01 3.8263088725e-02
3.9725807236e-01 6.2814517581e-01 4.3321028463e-02
4.3067036448e-01 6.2799344118e-01 4.5936288644e-02
4.3307349803e-01 6.3487757738e-01 1.0419980367e-02
3.9988747932e-01 6.3500225546e-01 8.2808380208e-03
3.6666522510e-01 6.3508748324e-01 6.8193058938e-03
3.3341559357e-01 6.3509213167e-01 6.7418259782e-03
3.0383745544e-01 6.3462569640e-01 1.4755531123e-02
3.3267424206e-01 6.3371951272e-01 3.0318309193e-02
3.6491418065e-01 6.3325012064e-01 3.8378408643e-02
3.9777795678e-01 6.3295723990e-01 4.3406663026e-02
4.3092320390e-01 6.3280543032e-01 4.6011825411e-02
4.3332077323e-01 6.3968158065e-01 1.0782580436e-02
4.0040197371e-01 6.3980643849e-01 8.6497730741e-03
3.6744700683e-01 6.3989199798e-01 7.1891122462e-03
3.3446442736e-01 6.3989728755e-01 7.1013590529e-03
3.0512119373e-01 6.3943322650e-01 1.5040895368e-02
3.3372127601e-01 6.3852994500e-01 3.0487912011e-02
3.6569964639e-01 6.3806171332e-01 3.8493728560e-02
3.9829784120e-01 6.3776930398e-01 4.3492297589e-02
4.3117604332e-01 6.3761741945e-01 4.6087362178e-02
4.3356804843e-01 6.4448558392e-01 1.1145180505e-02
4.0091646809e-01 6.4461062152e-01 9.0187081274e-03
3.6822878857e-01 6.4469651273e-01 7.5589185985e-03
3.3551326114e-01 6.4470244344e-01 7.4608921276e-03
3.0640493201e-01 6.4424075660e-01 1.5326259613e-02
3.3476830996e-01 6.4334037728e-01 3.0657514829e-02
3.6648511213e-01 6.4287330600e-01 3.8609048477e-02
3.9881772562e-01 6.4258136807e-01 4.3577932151e-02
4.3142888274e-01 6.4242940859e-01 4.6162898945e-02
4.3381532363e-01 6.4928958719e-01 1.1507780575e-02
4.0143096248e-01 6.4941480456e-01 9.3876431807e-03
3.6901057031e-01 6.4950102747e-01 7.9287249509e-03
3.3656209492e-01 6.4950759933e-01 7.8204252023e-03
3.0768867030e-01 6.4904828670e-01 1.5611623858e-02
3.3581534392e-01 6.4815080957e-01 3.0827117647e-02
3.6727057788e-01 6.4768489868e-01 3.8724368395e-02
3.9933761004e-01 6.4739343215e-01 4.3663566714e-02
4.3168172216e-01 6.4724139772e-01 4.6238435712e-02
4.3406259883e-01 6.5409359046e-01 1.1870380644e-02
4.0194545686e-01 6.5421898759e-01 9.7565782341e-03
3.6979235205e-01 6.5430554221e-01 8.2985313032e-03
3.3761092870e-01 6.5431275521e-01 8.1799582770e-03
3.0897240858e-01 6.5385581680e-01 1.5896988103e-02
3.3686237787e-01 6.5296124185e-01 3.0996720465e-02
3.6805604362e-01 6.5249649136e-01 3.8839688312e-02
3.9985749446e-01 6.5220549624e-01 4.3749201277e-02
4.3193456158e-01 6.5205338686e-01 4.6313972479e-02
4.3430987403e-01 6.5889759373e-01 1.2232980713e-02
4.0245995125e-01 6.5902317062e-01 1.0125513287e-02
3.7057413379e-01 6.5911005696e-01 8.6683376555e-03
3.3865976248e-01 6.5911791110e-01 8.5394913517e-03
3.1025614686e-01 6.5866334690e-01 1.6182352347e-02
3.3790941182e-01 6.5777167413e-01 3.1166323284e-02
3.6884150936e-01 6.5730808405e-01 3.8955008230e-02
4.0037737888e-01 6.5701756032e-01 4.3834835839e-02
4.3218740100e-01 6.5686537599e-01 4.6389509246e-02
4.3455714923e-01 6.6370159699e-01 1.2595580783e-02
4.0297444563e-01 6.6382735366e-01 1.0494448341e-02
3.7135591553e-01 6.6391457170e-01 9.0381440079e-03
3.3970859626e-01 6.6392306698e-01 8.8990244264e-03
3.1153988515e-01 6.6347087700e-01 1.6467716592e-02
3.3895644578e-01 6.6258210642e-01 3.1335926102e-02
3.6962697510e-01 6.6211967673e-01 3.9070328147e-02
4.0089726330e-01 6.6182962441e-01 4.3920470402e-02
4.3244024042e-01 6.6167736513e-01 4.6465046013e-02
4.3480442443e-01 6.6850560026e-01 1.2958180852e-02
4.0348894002e-01 6.6863153669e-01 1.0863383394e-02
3.7213769726e-01 6.6871908644e-01 9.4079503602e-03
3.4075743004e-01 6.6872822287e-01 9.2585575011e-03
3.1282362343e-01 6.6827840709e-01 1.6753080837e-02
3.4000347973e-01 6.6739253870e-01 3.1505528920e-02
3.7041244085e-01 6.6693126941e-01 3.9185648065e-02
4.0141714771e-01 6.6664168849e-01 4.4006104965e-02
4.3269307984e-01 6.6648935426e-01 4.6540582780e-02
4.3505169963e-01 6.7330960353e-01 1.3320780921e-02
4.0400343441e-01 6.7343571972e-01 1.1232318447e-02
3.7291947900e-01 6.7352360118e-01 9.7777567126e-03
3.4180626383e-01 6.7353337875e-01 9.6180905758e-03
3.1410736172e-01 6.7308593719e-01 1.7038445082e-02
3.4105051368e-01 6.7220297099e-01 3.1675131738e-02
3.7119790659e-01 6.7174286209e-01 3.9300967982e-02
4.0193703213e-01 6.7145375258e-01 4.4091739527e-02
4.3294591926e-01 6.7130134340e-01 4.6616119547e-02
4.3529897483e-01 6.7811360680e-01 1.3683380991e-02
4.0451792879e-01 6.7823990276e-01 1.1601253501e-02
3.7370126074e-01 6.7832811593e-01 1.0147563065e-02
3.4285509761e-01 6.7833853464e-01 9.9776236505e-03
3.1539110000e-01 6.7789346729e-01 1.7323809327e-02
3.4209754763e-01 6.7701340327e-01 3.1844734556e-02
3.7198337233e-01 6.7655445477e-01 3.9416287899e-02
4.0245691655e-01 6.7626581666e-01 4.4177374090e-02
4.3319875868e-01 6.7611333253e-01 4.6691656314e-02
4.3554625003e-01 6.8291761007e-01 1.4045981060e-02
4.0503242318e-01 6.8304408579e-01 1.1970188554e-02
3.7448304248e-01 6.8313263067e-01 1.0517369417e-02
3.4390393139e-01 6.8314369052e-01 1.0337156725e-02
3.1667483828e-01 6.8270099739e-01 1.7609173571e-02
3.4314458159e-01 6.8182383555e-01 3.2014337374e-02
3.7276883807e-01 6.8136604745e-01 3.9531607817e-02
4.0297680097e-01 6.8107788075e-01 4.4263008653e-02
4.3345159810e-01 6.8092532167e-01 4.6767193081e-02
4.3579352523e-01 6.8772161334e-01 1.4408581129e-02
4.0554691756e-01 6.8784826882e-01 1.2339123607e-02
3.7526482422e-01 6.8793714541e-01 1.0887175770e-02
3.4495276517e-01 6.8794884641e-01 1.0696689800e-02
3.1795857657e-01 6.8750852749e-01 1.7894537816e-02
3.4419161554e-01 6.8663426784e-01 3.2183940192e-02
3.7355430382e-01 6.8617764013e-01 3.9646927734e-02
4.0349668539e-01 6.8588994483e-01 4.4348643215e-02
4.3370443753e-01 6.8573731080e-01 4.6842729847e-02
4.3604080043e-01 6.9252561661e-01 1.4771181199e-02
4.0606141195e-01 6.9265245186e-01 1.2708058661e-02
3.7604660596e-01 6.9274166015e-01 1.1256982122e-02
3.4600159895e-01 6.9275400230e-01 1.1056222875e-02
3.1924231485e-01 6.9231605759e-01 1.8179902061e-02
3.4523864949e-01 6.9144470012e-01 3.2353543011e-02
3.7433976956e-01 6.9098923281e-01 3.9762247652e-02
4.0401656981e-01 6.9070200892e-01 4.4434277778e-02
4.3395727695e-01 6.9054929994e-01 4.6918266614e-02
4.3628759815e-01 6.9732915282e-01 1.5149423491e-02
4.0657524007e-01 6.9745589950e-01 1.3095679078e-02
3.7682759507e-01 6.9754522094e-01 1.1648522486e-02
3.4704964122e-01 6.9755808747e-01 1.1440545562e-02
3.2052600646e-01 6.9712300820e-01 1.8492800058e-02
3.4628706345e-01 6.9625579500e-01 3.2548079667e-02
3.7512734979e-01 6.9580218919e-01 3.9899564253e-02
4.0453902371e-01 6.9551591667e-01 4.4538904771e-02
4.3421291757e-01 6.9536343525e-01 4.7009757896e-02
4.3653439587e-01 7.0213268903e-01 1.5527665783e-02
4.0708906819e-01 7.0225934714e-01 1.3483299495e-02
3.7760858417e-01 7.0234878173e-01 1.2040062849e-02
3.4809768348e-01 7.0236217265e-01 1.1824868249e-02
3.2180969807e-01 7.0192995881e-01 1.8805698055e-02
3.4733547741e-01 7.0106688989e-01 3.2742616323e-02
3.7591493001e-01 7.0061514557e-01 4.0036880854e-02
4.0506147761e-01 7.0032982442e-01 4.4643531764e-02
4.3446855819e-01 7.0017757056e-01 4.7101249179e-02
4.3678119359e-01 7.0693622524e-01 1.5905908075e-02
4.0760289631e-01 7.0706279479e-01 1.3870919912e-02
3.7838957328e-01 7.0715234252e-01 1.2431603213e-02
3.4914572574e-01 7.0716625782e-01 1.2209190936e-02
3.2309338968e-01 7.0673690942e-01 1.9118596052e-02
3.4838389137e-01 7.0587798477e-01 3.2937152980e-02
3.7670251024e-01 7.0542810196e-01 4.0174197455e-02
4.0558393151e-01 7.0514373218e-01 4.4748158758e-02
4.3472419881e-01 7.0499170587e-01 4.7192740461e-02
4.3702799130e-01 7.1173976146e-01 1.6284150367e-02
4.0811672443e-01 7.1186624243e-01 1.4258540329e-02
3.7917056239e-01 7.1195590331e-01 1.2823143577e-02
3.5019376800e-01 7.1197034300e-01 1.2593513623e-02
3.2437708129e-01 7.1154386003e-01 1.9431494049e-02
3.4943230533e-01 7.1068907966e-01 3.3131689636e-02
3.7749009047e-01 7.1024105834e-01 4.0311514056e-02
4.0610638541e-01 7.0995763993e-01 4.4852785751e-02
4.3497983943e-01 7.0980584118e-01 4.7284231743e-02
4.3727478902e-01 7.1654329767e-01 1.6662392659e-02
4.0863055255e-01 7.1666969007e-01 1.4646160745e-02
3.7995155150e-01 7.1675946409e-01 1.3214683941e-02
3.5124181027e-01 7.1677442818e-01 1.2977836310e-02
3.2566077290e-01 7.1635081064e-01 1.9744392046e-02
3.5048071929e-01 7.1550017454e-01 3.3326226292e-02
3.7827767070e-01 7.1505401472e-01 4.0448830657e-02
4.0662883931e-01 7.1477154768e-01 4.4957412744e-02
4.3523548005e-01 7.1461997650e-01 4.7375723025e-02
4.3752158674e-01 7.2134683388e-01 1.7040634951e-02
4.0914438067e-01 7.2147313771e-01 1.5033781162e-02
3.8073254061e-01 7.2156302488e-01 1.3606224304e-02
3.5228985253e-01 7.2157851335e-01 1.3362158997e-02
3.2694446451e-01 7.2115776125e-01 2.0057290043e-02
3.5152913325e-01 7.2031126943e-01 3.3520762949e-02
3.7906525093e-01 7.1986697110e-01 4.0586147258e-02
4.0715129320e-01 7.1958545544e-01 4.5062039738e-02
4.3549112067e-01 7.1943411181e-01 4.7467214307e-02
4.3776838445e-01 7.2615037009e-01 1.7418877243e-02
4.0965820879e-01 7.2627658536e-01 1.5421401579e-02
3.8151352972e-01 7.2636658567e-01 1.3997764668e-02
3.5333789479e-01 7.2638259853e-01 1.3746481684e-02
3.2822815612e-01 7.2596471186e-01 2.0370188040e-02
3.5257754721e-01 7.2512236431e-01 3.3715299605e-02
3.7985283115e-01 7.2467992748e-01 4.0723463859e-02
4.0767374710e-01 7.2439936319e-01 4.5166666731e-02
4.3574676129e-01 7.2424824712e-01 4.7558705589e-02
4.3801518217e-01 7.3095390630e-01 1.7797119535e-02
4.1017203691e-01 7.3108003300e-01 1.5809021996e-02
3.8229451883e-01 7.3117014646e-01 1.4389305032e-02
3.5438593705e-01 7.3118668370e-01 1.4130804371e-02
3.2951184773e-01 7.3077166247e-01 2.0683086037e-02
3.5362596117e-01 7.2993345919e-01 3.3909836261e-02
3.8064041138e-01 7.2949288387e-01 4.0860780460e-02
4.0819620100e-01 7.2921327094e-01 4.5271293724e-02
4.3600240191e-01 7.2906238243e-01 4.7650196871e-02
4.3826197989e-01 7.3575744251e-01 1.8175361827e-02
4.1068586503e-01 7.3588348064e-01 1.6196642413e-02
3.8307550793e-01 7.3597370725e-01 1.4780845396e-02
3.5543397932e-01 7.3599076888e-01 1.4515127058e-02
3.3079553933e-01 7.3557861308e-01 2.0995984034e-02
3.5467437513e-01 7.3474455408e-01 3.4104372918e-02
3.8142799161e-01 7.3430584025e-01 4.0998097061e-02
4.0871865490e-01 7.3402717870e-01 4.5375920718e-02
4.3625804253e-01 7.3387651774e-01 4.7741688154e-02
4.3850877760e-01 7.4056097872e-01 1.8553604119e-02
4.1119969314e-01 7.4068692828e-01 1.6584262830e-02
3.8385649704e-01 7.4077726803e-01 1.5172385759e-02
3.5648202158e-01 7.4079485406e-01 1.4899449746e-02
3.3207923094e-01 7.4038556369e-01 2.1308882031e-02
3.5572278909e-01 7.3955564896e-01 3.4298909574e-02
3.8221557184e-01 7.3911879663e-01 4.1135413662e-02
4.0924110880e-01 7.3884108645e-01 4.5480547711e-02
4.3651368315e-01 7.3869065305e-01 4.7833179436e-02
4.3875557532e-01 7.4536451493e-01 1.8931846411e-02
4.1171352126e-01 7.4549037593e-01 1.6971883247e-02
3.8463748615e-01 7.4558082882e-01 1.5563926123e-02
3.5753006384e-01 7.4559893923e-01 1.5283772433e-02
3.3336292255e-01 7.4519251431e-01 2.1621780028e-02
3.5677120305e-01 7.4436674385e-01 3.4493446231e-02
3.8300315207e-01 7.4393175301e-01 4.1272730263e-02
4.0976356270e-01 7.4365499420e-01 4.5585174704e-02
4.3676932377e-01 7.4350478837e-01 4.7924670718e-02
4.3900237304e-01 7.5016805114e-01 1.9310088703e-02
4.1222734938e-01 7.5029382357e-01 1.7359503664e-02
3.8541847526e-01 7.5038438961e-01 1.5955466487e-02
3.5857810610e-01 7.5040302441e-01 1.5668095120e-02
3.3464661416e-01 7.4999946492e-01 2.1934678025e-02
3.5781961701e-01 7.4917783873e-01 3.4687982887e-02
3.8379073229e-01 7.4874470940e-01 4.1410046864e-02
4.1028601660e-01 7.4846890196e-01 4.5689801698e-02
4.3702496439e-01 7.4831892368e-01 4.8016162000e-02
4.3924917076e-01 7.5497158735e-01 1.9688330995e-02
4.1274117750e-01 7.5509727121e-01 1.7747124081e-02
3.8619946437e-01 7.5518795040e-01 1.6347006851e-02
3.5962614837e-01 7.5520710959e-01 1.6052417807e-02
3.3593030577e-01 7.5480641553e-01 2.2247576022e-02
3.5886803097e-01 7.5398893362e-01 3.4882519543e-02
3.8457831252e-01 7.5355766578e-01 4.1547363465e-02
4.1080847050e-01 7.5328280971e-01 4.5794428691e-02
4.3728060501e-01 7.5313305899e-01 4.8107653282e-02
4.3949596847e-01 7.5977512357e-01 2.0066573287e-02
4.1325500562e-01 7.5990071886e-01 1.8134744498e-02
3.8698045348e-01 7.5999151118e-01 1.6738547214e-02
3.6067419063e-01 7.6001119476e-01 1.6436740494e-02
3.3721399738e-01 7.5961336614e-01 2.2560474019e-02
3.5991644493e-01 7.5880002850e-01 3.5077056200e-02
3.8536589275e-01 7.5837062216e-01 4.1684680066e-02
4.1133092440e-01 7.5809671746e-01 4.5899055684e-02
4.3753624563e-01 7.5794719430e-01 4.8199144564e-02
4.3974276619e-01 7.6457865978e-01 2.0444815579e-02
4.1376883374e-01 7.6470416650e-01 1.8522364915e-02
3.8776144259e-01 7.6479507197e-01 1.7130087578e-02
3.6172223289e-01 7.6481527994e-01 1.6821063181e-02
3.3849768899e-01 7.6442031675e-01 2.2873372016e-02
3.6096485889e-01 7.6361112339e-01 3.5271592856e-02
3.8615347298e-01 7.6318357854e-01 4.1821996667e-02
4.1185337830e-01 7.6291062522e-01 4.6003682677e-02
4.3779188625e-01 7.6276132961e-01 4.8290635846e-02
4.3998956391e-01 7.6938219599e-01 2.0823057871e-02
4.1428266186e-01 7.6950761414e-01 1.8909985332e-02
3.8854243169e-01 7.6959863276e-01 1.7521627942e-02
3.6277027516e-01 7.6961936511e-01 1.7205385868e-02
3.3978138060e-01 7.6922726736e-01 2.3186270013e-02
3.6201327285e-01 7.6842221827e-01 3.5466129512e-02
3.8694105321e-01 7.6799653493e-01 4.1959313268e-02
4.1237583220e-01 7.6772453297e-01 4.6108309671e-02
4.3804752687e-01 7.6757546492e-01 4.8382127128e-02
4.4023598959e-01 7.7418535536e-01 2.1216627128e-02
4.1479590202e-01 7.7431046515e-01 1.9315910893e-02
3.8932267795e-01 7.7440140496e-01 1.7934456695e-02
3.6381754438e-01 7.7442252679e-01 1.7613986361e-02
3.4106500166e-01 7.7403350823e-01 2.3526126697e-02
3.6306303787e-01 7.7323336033e-01 3.5685072887e-02
3.8773073307e-01 7.7280999903e-01 4.2118159230e-02
4.1290086170e-01 7.7253928627e-01 4.6231524526e-02
4.3830600098e-01 7.7239068466e-01 4.8489233017e-02
4.4048241527e-01 7.7898851474e-01 2.1610196385e-02
4.1530914218e-01 7.7911331617e-01 1.9721836454e-02
3.9010292421e-01 7.7920417717e-01 1.8347285449e-02
3.6486481361e-01 7.7922568847e-01 1.8022586853e-02
3.4234862272e-01 7.7883974909e-01 2.3865983380e-02
3.6411280290e-01 7.7804450239e-01 3.5904016261e-02
3.8852041294e-01 7.7762346314e-01 4.2277005192e-02
4.1342589121e-01 7.7735403957e-01 4.6354739382e-02
4.3856447509e-01 7.7720590439e-01 4.8596338906e-02
4.4072884095e-01 7.8379167411e-01 2.2003765641e-02
4.1582238234e-01 7.8391616718e-01 2.0127762015e-02
3.9088317046e-01 7.8400694937e-01 1.8760114203e-02
3.6591208284e-01 7.8402885015e-01 1.8431187346e-02
3.4363224378e-01 7.8364598996e-01 2.4205840063e-02
3.6516256792e-01 7.8285564445e-01 3.6122959636e-02
3.8931009280e-01 7.8243692725e-01 4.2435851154e-02
4.1395092072e-01 7.8216879287e-01 4.6477954238e-02
4.3882294920e-01 7.8202112412e-01 4.8703444795e-02
4.4097526664e-01 7.8859483349e-01 2.2397334898e-02
4.1633562250e-01 7.8871901819e-01 2.0533687576e-02
3.9166341672e-01 7.8880972157e-01 1.9172942956e-02
3.6695935206e-01 7.8883201183e-01 1.8839787839e-02
3.4491586483e-01 7.8845223083e-01 2.4545696746e-02
3.6621233294e-01 7.8766678651e-01 3.6341903010e-02
3.9009977267e-01 7.8725039135e-01 4.2594697117e-02
4.1447595023e-01 7.8698354617e-01 4.6601169094e-02
4.3908142331e-01 7.8683634385e-01 4.8810550683e-02
4.4122169232e-01 7.9339799286e-01 2.2790904155e-02
4.1684886266e-01 7.9352186921e-01 2.0939613137e-02
3.9244366298e-01 7.9361249377e-01 1.9585771710e-02
3.6800662129e-01 7.9363517351e-01 1.9248388331e-02
3.4619948589e-01 7.9325847169e-01 2.4885553429e-02
3.6726209797e-01 7.9247792857e-01 3.6560846385e-02
3.9088945254e-01 7.9206385546e-01 4.2753543079e-02
4.1500097973e-01 7.9179829946e-01 4.6724383949e-02
4.3933989742e-01 7.9165156358e-01 4.8917656572e-02
4.4146811800e-01 7.9820115223e-01 2.3184473412e-02
4.1736210282e-01 7.9832472022e-01 2.1345538698e-02
3.9322390924e-01 7.9841526598e-01 1.9998600463e-02
3.6905389052e-01 7.9843833519e-01 1.9656988824e-02
3.4748310695e-01 7.9806471256e-01 2.5225410112e-02
3.6831186299e-01 7.9728907063e-01 3.6779789759e-02
3.9167913240e-01 7.9687731957e-01 4.2912389041e-02
4.1552600924e-01 7.9661305276e-01 4.6847598805e-02
4.3959837153e-01 7.9646678331e-01 4.9024762461e-02
4.4171454368e-01 8.0300431161e-01 2.3578042669e-02
4.1787534299e-01 8.0312757123e-01 2.1751464259e-02
3.9400415549e-01 8.0321803818e-01 2.0411429217e-02
3.7010115975e-01 8.0324149687e-01 2.0065589316e-02
3.4876672801e-01 8.0287095342e-01 2.5565266795e-02
3.6936162801e-01 8.0210021269e-01 3.6998733133e-02
3.9246881227e-01 8.0169078367e-01 4.3071235003e-02
4.1605103875e-01 8.0142780606e-01 4.6970813661e-02
4.3985684564e-01 8.0128200305e-01 4.9131868350e-02
4.4196096937e-01 8.0780747098e-01 2.3971611926e-02
4.1838858315e-01 8.0793042225e-01 2.2157389820e-02
3.9478440175e-01 8.0802081038e-01 2.0824257970e-02
3.7114842897e-01 8.0804465855e-01 2.0474189809e-02
3.5005034907e-01 8.0767719429e-01 2.5905123478e-02
3.7041139304e-01 8.0691135475e-01 3.7217676508e-02
3.9325849213e-01 8.0650424778e-01 4.3230080965e-02
4.1657606826e-01 8.0624255936e-01 4.7094028516e-02
4.4011531975e-01 8.0609722278e-01 4.9238974238e-02
4.4220739505e-01 8.1261063036e-01 2.4365181182e-02
4.1890182331e-01 8.1273327326e-01 2.2563315382e-02
3.9556464801e-01 8.1282358258e-01 2.1237086724e-02
3.7219569820e-01 8.1284782023e-01 2.0882790302e-02
3.5133397013e-01 8.1248343516e-01 2.6244980161e-02
3.7146115806e-01 8.1172249681e-01 3.7436619882e-02
3.9404817200e-01 8.1131771189e-01 4.3388926927e-02
4.1710109777e-01 8.1105731266e-01 4.7217243372e-02
4.4037379386e-01 8.1091244251e-01 4.9346080127e-02
4.4245382073e-01 8.1741378973e-01 2.4758750439e-02
4.1941506347e-01 8.1753612427e-01 2.2969240943e-02
3.9634489426e-01 8.1762635479e-01 2.1649915477e-02
3.7324296743e-01 8.1765098191e-01 2.1291390794e-02
3.5261759119e-01 8.1728967602e-01 2.6584836845e-02
3.7251092308e-01 8.1653363887e-01 3.7655563257e-02
3.9483785187e-01 8.1613117599e-01 4.3547772890e-02
4.1762612727e-01 8.1587206596e-01 4.7340458228e-02
4.4063226797e-01 8.1572766224e-01 4.9453186016e-02
4.4270024641e-01 8.2221694911e-01 2.5152319696e-02
4.1992830363e-01 8.2233897528e-01 2.3375166504e-02
3.9712514052e-01 8.2242912699e-01 2.2062744231e-02
3.7429023665e-01 8.2245414359e-01 2.1699991287e-02
3.5390121225e-01 8.2209591689e-01 2.6924693528e-02
3.7356068810e-01 8.2134478093e-01 3.7874506631e-02
3.9562753173e-01 8.2094464010e-01 4.3706618852e-02
4.1815115678e-01 8.2068681926e-01 4.7463673084e-02
4.4089074208e-01 8.2054288197e-01 4.9560291905e-02
4.4294667209e-01 8.2702010848e-01 2.5545888953e-02
4.2044154379e-01 8.2714182630e-01 2.3781092065e-02
3.9790538678e-01 8.2723189919e-01 2.2475572985e-02
3.7533750588e-01 8.2725730527e-01 2.2108591779e-02
3.5518483331e-01 8.2690215776e-01 2.7264550211e-02
3.7461045313e-01 8.2615592299e-01 3.8093450006e-02
3.9641721160e-01 8.2575810421e-01 4.3865464814e-02
4.1867618629e-01 8.2550157255e-01 4.7586887939e-02
4.4114921619e-01 8.2535810171e-01 4.9667397793e-02
4.4319309778e-01 8.3182326786e-01 2.5939458210e-02
4.2095478395e-01 8.3194467731e-01 2.4187017626e-02
3.9868563303e-01 8.3203467140e-01 2.2888401738e-02
3.7638477511e-01 8.3206046695e-01 2.2517192272e-02
3.5646845437e-01 8.3170839862e-01 2.7604406894e-02
3.7566021815e-01 8.3096706505e-01 3.8312393380e-02
3.9720689146e-01 8.3057156831e-01 4.4024310776e-02
4.1920121580e-01 8.3031632585e-01 4.7710102795e-02
4.4140769030e-01 8.3017332144e-01 4.9774503682e-02
4.4343952346e-01 8.3662642723e-01 2.6333027467e-02
4.2146802411e-01 8.3674752832e-01 2.4592943187e-02
3.9946587929e-01 8.3683744360e-01 2.3301230492e-02
3.7743204434e-01 8.3686362863e-01 2.2925792765e-02
3.5775207543e-01 8.3651463949e-01 2.7944263577e-02
3.7670998317e-01 8.3577820711e-01 3.8531336755e-02
3.9799657133e-01 8.3538503242e-01 4.4183156738e-02
4.1972624530e-01 8.3513107915e-01 4.7833317651e-02
4.4166616441e-01 8.3498854117e-01 4.9881609571e-02
4.4368594914e-01 8.4142958660e-01 2.6726596723e-02
4.2198126427e-01 8.4155037934e-01 2.4998868748e-02
4.0024612555e-01 8.4164021580e-01 2.3714059245e-02
3.7847931356e-01 8.4166679031e-01 2.3334393257e-02
3.5903569649e-01 8.4132088036e-01 2.8284120260e-02
3.7775974820e-01 8.4058934916e-01 3.8750280129e-02
3.9878625119e-01 8.4019849652e-01 4.4342002700e-02
4.2025127481e-01 8.3994583245e-01 4.7956532506e-02
4.4192463852e-01 8.3980376090e-01 4.9988715460e-02
4.4393237482e-01 8.4623274598e-01 2.7120165980e-02
4.2249450443e-01 8.4635323035e-01 2.5404794309e-02
4.0102637180e-01 8.4644298800e-01 2.4126887999e-02
3.7952658279e-01 8.4646995199e-01 2.3742993750e-02
3.6031931755e-01 8.4612712122e-01 2.8623976943e-02
3.7880951322e-01 8.4540049122e-01 3.8969223503e-02
3.9957593106e-01 8.4501196063e-01 4.4500848663e-02
4.2077630432e-01 8.4476058575e-01 4.8079747362e-02
4.4218311263e-01 8.4461898063e-01 5.0095821348e-02
4.4418258411e-01 8.5103659136e-01 2.7531665947e-02
4.2300790151e-01 8.5115716826e-01 2.5828260516e-02
4.0180299424e-01 8.5124700752e-01 2.4559110378e-02
3.8056648950e-01 8.5127421697e-01 2.4175085890e-02
3.6161137633e-01 8.5093183509e-01 2.9013121437e-02
3.7985996601e-01 8.5020680272e-01 3.9259266427e-02
4.0036426511e-01 8.4981809345e-01 4.4750807831e-02
4.2130086944e-01 8.4956617299e-01 4.8309145308e-02
4.4244340417e-01 8.4942360590e-01 5.0321816093e-02
4.4443279339e-01 8.5584043674e-01 2.7943165913e-02
4.2352129859e-01 8.5596110617e-01 2.6251726723e-02
4.0257961668e-01 8.5605102704e-01 2.4991332758e-02
3.8160639620e-01 8.5607848195e-01 2.4607178030e-02
3.6290343511e-01 8.5573654897e-01 2.9402265931e-02
3.8091041880e-01 8.5501311422e-01 3.9549309351e-02
4.0115259916e-01 8.5462422628e-01 4.5000767000e-02
4.2182543456e-01 8.5437176023e-01 4.8538543255e-02
4.4270369570e-01 8.5422823117e-01 5.0547810837e-02
4.4468300267e-01 8.6064428212e-01 2.8354665880e-02
4.2403469567e-01 8.6076504408e-01 2.6675192930e-02
4.0335623911e-01 8.6085504656e-01 2.5423555137e-02
3.8264630291e-01 8.6088274693e-01 2.5039270170e-02
3.6419549389e-01 8.6054126284e-01 2.9791410425e-02
3.8196087159e-01 8.5981942571e-01 3.9839352275e-02
4.0194093320e-01 8.5943035910e-01 4.5250726169e-02
4.2234999967e-01 8.5917734747e-01 4.8767941201e-02
4.4296398724e-01 8.5903285644e-01 5.0773805582e-02
4.4493321196e-01 8.6544812751e-01 2.8766165846e-02
4.2454809275e-01 8.6556898200e-01 2.7098659137e-02
4.0413286155e-01 8.6565906607e-01 2.5855777517e-02
3.8368620962e-01 8.6568701191e-01 2.5471362310e-02
3.6548755267e-01 8.6534597671e-01 3.0180554919e-02
3.8301132438e-01 8.6462573721e-01 4.0129395198e-02
4.0272926725e-01 8.6423649192e-01 4.5500685338e-02
4.2287456479e-01 8.6398293471e-01 4.8997339148e-02
4.4322427877e-01 8.6383748171e-01 5.0999800326e-02
4.4518342124e-01 8.7025197289e-01 2.9177665813e-02
4.2506148983e-01 8.7037291991e-01 2.7522125344e-02
4.0490948399e-01 8.7046308559e-01 2.6287999896e-02
3.8472611632e-01 8.7049127689e-01 2.5903454450e-02
3.6677961145e-01 8.7015069059e-01 3.0569699413e-02
3.8406177717e-01 8.6943204870e-01 4.0419438122e-02
4.0351760130e-01 8.6904262475e-01 4.5750644507e-02
4.2339912991e-01 8.6878852195e-01 4.9226737094e-02
4.4348457030e-01 8.6864210699e-01 5.1225795071e-02
4.4543363052e-01 8.7505581827e-01 2.9589165780e-02
4.2557488691e-01 8.7517685782e-01 2.7945591551e-02
4.0568610642e-01 8.7526710511e-01 2.6720222276e-02
3.8576602303e-01 8.7529554187e-01 2.6335546590e-02
3.6807167023e-01 8.7495540446e-01 3.0958843907e-02
3.8511222996e-01 8.7423836020e-01 4.0709481046e-02
4.0430593535e-01 8.7384875757e-01 4.6000603676e-02
4.2392369502e-01 8.7359410919e-01 4.9456135040e-02
4.4374486184e-01 8.7344673226e-01 5.1451789815e-02
4.4568383980e-01 8.7985966365e-01 3.0000665746e-02
4.2608828399e-01 8.7998079573e-01 2.8369057758e-02
4.0646272886e-01 8.8007112463e-01 2.7152444655e-02
3.8680592974e-01 8.8009980685e-01 2.6767638731e-02
3.6936372901e-01 8.7976011833e-01 3.1347988401e-02
3.8616268275e-01 8.7904467169e-01 4.0999523970e-02
4.0509426939e-01 8.7865489039e-01 4.6250562845e-02
4.2444826014e-01 8.7839969643e-01 4.9685532987e-02
4.4400515337e-01 8.7825135753e-01 5.1677784560e-02
4.4593404909e-01 8.8466350903e-01 3.0412165713e-02
4.2660168107e-01 8.8478473364e-01 2.8792523965e-02
4.0723935129e-01 8.8487514414e-01 2.7584667035e-02
3.8784583644e-01 8.8490407183e-01 2.7199730871e-02
3.7065578780e-01 8.8456483220e-01 3.1737132894e-02
3.8721313554e-01 8.8385098319e-01 4.1289566893e-02
4.0588260344e-01 8.8346102322e-01 4.6500522014e-02
4.2497282526e-01 8.8320528367e-01 4.9914930933e-02
4.4426544491e-01 8.8305598280e-01 5.1903779304e-02
4.4618425837e-01 8.8946735442e-01 3.0823665679e-02
4.2711507815e-01 8.8958867155e-01 2.9215990172e-02
4.0801597373e-01 8.8967916366e-01 2.8016889414e-02
3.8888574315e-01 8.8970833681e-01 2.7631823011e-02
3.7194784658e-01 8.8936954608e-01 3.2126277388e-02
3.8826358833e-01 8.8865729468e-01 4.1579609817e-02
4.0667093749e-01 8.8826715604e-01 4.6750481183e-02
4.2549739038e-01 8.8801087091e-01 5.0144328879e-02
4.4452573644e-01 8.8786060807e-01 5.2129774049e-02
4.4643446765e-01 8.9427119980e-01 3.1235165646e-02
4.2762847524e-01 8.9439260946e-01 2.9639456379e-02
4.0879259617e-01 8.9448318318e-01 2.8449111794e-02
3.8992564986e-01 8.9451260179e-01 2.8063915151e-02
3.7323990536e-01 8.9417425995e-01 3.2515421882e-02
3.8931404112e-01 8.9346360618e-01 4.1869652741e-02
4.0745927154e-01 8.9307328886e-01 4.7000440352e-02
4.2602195549e-01 8.9281645815e-01 5.0373726826e-02
4.4478602797e-01 8.9266523334e-01 5.2355768793e-02
4.4668467694e-01 8.9907504518e-01 3.1646665612e-02
4.2814187232e-01 8.9919654738e-01 3.0062922586e-02
4.0956921860e-01 8.9928720270e-01 2.8881334173e-02
3.9096555656e-01 8.9931686677e-01 2.8496007291e-02
3.7453196414e-01 8.9897897382e-01 3.2904566376e-02
3.9036449391e-01 8.9826991767e-01 4.2159695665e-02
4.0824760558e-01 8.9787942169e-01 4.7250399521e-02
4.2654652061e-01 8.9762204539e-01 5.0603124772e-02
4.4504631951e-01 8.9746985861e-01 5.2581763538e-02
4.4693488622e-01 9.0387889056e-01 3.2058165579e-02
4.2865526940e-01 9.0400048529e-01 3.0486388793e-02
4.1034584104e-01 9.0409122222e-01 2.9313556553e-02
3.9200546327e-01 9.0412113176e-01 2.8928099431e-02
3.7582402292e-01 9.0378368769e-01 3.3293710870e-02
3.9141494670e-01 9.0307622917e-01 4.2449738589e-02
4.0903593963e-01 9.0268555451e-01 4.7500358690e-02
4.2707108573e-01 9.0242763263e-01 5.0832522718e-02
4.4530661104e-01 9.0227448388e-01 5.2807758282e-02
4.4718509550e-01 9.0868273594e-01 3.2469665546e-02
4.2916866648e-01 9.0880442320e-01 3.0909855000e-02
4.1112246348e-01 9.0889524173e-01 2.9745778932e-02
3.9304536998e-01 9.0892539674e-01 2.9360191571e-02
3.7711608170e-01 9.0858840157e-01 3.3682855364e-02
3.9246539949e-01 9.0788254066e-01 4.2739781512e-02
4.0982427368e-01 9.0749168733e-01 4.7750317859e-02
4.2759565085e-01 9.0723321987e-01 5.1061920665e-02
4.4556690258e-01 9.0707910915e-01 5.3033753027e-02
4.4743530478e-01 9.1348658132e-01 3.2881165512e-02
4.2968206356e-01 9.1360836111e-01 3.1333321207e-02
4.1189908591e-01 9.1369926125e-01 3.0178001312e-02
3.9408527668e-01 9.1372966172e-01 2.9792283711e-02
3.7840814048e-01 9.1339311544e-01 3.4071999858e-02
3.9351585228e-01 9.1268885216e-01 4.3029824436e-02
4.1061260773e-01 9.1229782015e-01 4.8000277028e-02
4.2812021596e-01 9.1203880711e-01 5.1291318611e-02
4.4582719411e-01 9.1188373442e-01 5.3259747771e-02
4.4768551407e-01 9.1829042671e-01 3.3292665479e-02
4.3019546064e-01 9.1841229902e-01 3.1756787414e-02
4.1267570835e-01 9.1850328077e-01 3.0610223691e-02
3.9512518339e-01 9.1853392670e-01 3.0224375851e-02
3.7970019926e-01 9.1819782931e-01 3.4461144352e-02
3.9456630508e-01 9.1749516366e-01 4.3319867360e-02
4.1140094177e-01 9.1710395298e-01 4.8250236197e-02
4.2864478108e-01 9.1684439435e-01 5.1520716558e-02
4.4608748564e-01 9.1668835969e-01 5.3485742516e-02
4.4793572335e-01 9.2309427209e-01 3.3704165445e-02
4.3070885772e-01 9.2321623693e-01 3.2180253621e-02
4.1345233078e-01 9.2330730029e-01 3.1042446071e-02
3.9616509010e-01 9.2333819168e-01 3.0656467991e-02
3.8099225805e-01 9.2300254318e-01 3.4850288846e-02
3.9561675787e-01 9.2230147515e-01 4.3609910284e-02
4.1218927582e-01 9.2191008580e-01 4.8500195366e-02
4.2916934620e-01 9.2164998159e-01 5.1750114504e-02
4.4634777718e-01 9.2149298496e-01 5.3711737260e-02
4.4819076005e-01 9.2789927594e-01 3.4126616212e-02
4.3121830588e-01 9.2802100371e-01 3.2610704486e-02
4.1421583308e-01 9.2811171060e-01 3.1480989802e-02
3.9718258485e-01 9.2814249056e-01 3.1097645025e-02
3.8228933670e-01 9.2780728039e-01 3.5271978898e-02
3.9666068459e-01 9.2710936736e-01 4.3964443946e-02
4.1296884206e-01 9.2671748318e-01 4.8843888708e-02
4.2968827546e-01 9.2645627529e-01 5.2095756555e-02
4.4660807764e-01 9.2629739178e-01 5.4072975263e-02
4.4844579676e-01 9.3270427980e-01 3.4549066979e-02
4.3172775404e-01 9.3282577048e-01 3.3041155352e-02
4.1497933537e-01 9.3291612092e-01 3.1919533533e-02
3.9820007960e-01 9.3294678943e-01 3.1538822059e-02
3.8358641536e-01 9.3261201759e-01 3.5693668951e-02
3.9770461132e-01 9.3191725957e-01 4.4318977609e-02
4.1374840829e-01 9.3152488056e-01 4.9187582050e-02
4.3020720471e-01 9.3126256898e-01 5.2441398607e-02
4.4686837811e-01 9.3110179859e-01 5.4434213266e-02
4.4870083346e-01 9.3750928365e-01 3.4971517745e-02
4.3223720220e-01 9.3763053725e-01 3.3471606218e-02
4.1574283767e-01 9.3772053123e-01 3.2358077264e-02
3.9921757435e-01 9.3775108831e-01 3.1979999093e-02
3.8488349402e-01 9.3741675480e-01 3.6115359003e-02
3.9874853805e-01 9.3672515178e-01 4.4673511272e-02
4.1452797453e-01 9.3633227794e-01 4.9531275393e-02
4.3072613397e-01 9.3606886268e-01 5.2787040658e-02
4.4712867857e-01 9.3590620540e-01 5.4795451269e-02
4.4895587016e-01 9.4231428751e-01 3.5393968512e-02
4.3274665037e-01 9.4243530403e-01 3.3902057083e-02
4.1650633996e-01 9.4252494155e-01 3.2796620995e-02
4.0023506910e-01 9.4255538719e-01 3.2421176126e-02
3.8618057268e-01 9.4222149200e-01 3.6537049055e-02
3.9979246477e-01 9.4153304399e-01 4.5028044935e-02
4.1530754077e-01 9.4113967532e-01 4.9874968735e-02
4.3124506323e-01 9.4087515637e-01 5.3132682709e-02
4.4738897904e-01 9.4071061221e-01 5.5156689271e-02
4.4921090686e-01 9.4711929136e-01 3.5816419279e-02
4.3325609853e-01 9.4724007080e-01 3.4332507949e-02
4.1726984226e-01 9.4732935186e-01 3.3235164726e-02
4.0125256385e-01 9.4735968607e-01 3.2862353160e-02
3.8747765134e-01 9.4702622921e-01 3.6958739108e-02
4.0083639150e-01 9.4634093621e-01 4.5382578597e-02
4.1608710701e-01 9.4594707270e-01 5.0218662077e-02
4.3176399248e-01 9.4568145007e-01 5.3478324761e-02
4.4764927950e-01 9.4551501902e-01 5.5517927274e-02
4.4946594357e-01 9.5192429522e-01 3.6238870046e-02
4.3376554669e-01 9.5204483757e-01 3.4762958814e-02
4.1803334455e-01 9.5213376218e-01 3.3673708457e-02
4.0227005861e-01 9.5216398495e-01 3.3303530194e-02
3.8877473000e-01 9.5183096641e-01 3.7380429160e-02
4.0188031823e-01 9.5114882842e-01 4.5737112260e-02
4.1686667324e-01 9.5075447008e-01 5.0562355419e-02
4.3228292174e-01 9.5048774376e-01 5.3823966812e-02
4.4790957997e-01 9.5031942583e-01 5.5879165277e-02
4.4972098027e-01 9.5672929907e-01 3.6661320812e-02
4.3427499485e-01 9.5684960435e-01 3.5193409680e-02
4.1879684685e-01 9.5693817249e-01 3.4112252188e-02
4.0328755336e-01 9.5696828383e-01 3.3744707227e-02
3.9007180866e-01 9.5663570361e-01 3.7802119213e-02
4.0292424495e-01 9.5595672063e-01 4.6091645923e-02
4.1764623948e-01 9.5556186746e-01 5.0906048761e-02
4.3280185100e-01 9.5529403746e-01 5.4169608863e-02
4.4816988043e-01 9.5512383264e-01 5.6240403280e-02
4.4997601697e-01 9.6153430293e-01 3.7083771579e-02
4.3478444301e-01 9.6165437112e-01 3.5623860545e-02
4.1956034914e-01 9.6174258281e-01 3.4550795919e-02
4.0430504811e-01 9.6177258270e-01 3.4185884261e-02
3.9136888732e-01 9.6144044082e-01 3.8223809265e-02
4.0396817168e-01 9.6076461284e-01 4.6446179586e-02
4.1842580572e-01 9.6036926484e-01 5.1249742104e-02
4.3332078026e-01 9.6010033115e-01 5.4515250915e-02
4.4843018090e-01 9.5992823945e-01 5.6601641282e-02
4.5023105368e-01 9.6633930678e-01 3.7506222346e-02
4.3529389117e-01 9.6645913789e-01 3.6054311411e-02
4.2032385144e-01 9.6654699312e-01 3.4989339650e-02
4.0532254286e-01 9.6657688158e-01 3.4627061295e-02
3.9266596597e-01 9.6624517802e-01 3.8645499318e-02
4.0501209841e-01 9.6557250505e-01 4.6800713248e-02
4.1920537195e-01 9.6517666222e-01 5.1593435446e-02
4.3383970951e-01 9.6490662485e-01 5.4860892966e-02
4.4869048136e-01 9.6473264627e-01 5.6962879285e-02
4.5048609038e-01 9.7114431064e-01 3.7928673113e-02
4.3580333933e-01 9.7126390467e-01 3.6484762277e-02
4.2108735373e-01 9.7135140344e-01 3.5427883381e-02
4.0634003761e-01 9.7138118046e-01 3.5068238328e-02
3.9396304463e-01 9.7104991523e-01 3.9067189370e-02
4.0605602513e-01 9.7038039726e-01 4.7155246911e-02
4.1998493819e-01 9.6998405960e-01 5.1937128788e-02
4.3435863877e-01 9.6971291855e-01 5.5206535017e-02
4.4895078183e-01 9.6953705308e-01 5.7324117288e-02
4.5074112708e-01 9.7594931450e-01 3.8351123879e-02
4.3631278750e-01 9.7606867144e-01 3.6915213142e-02
4.2185085603e-01 9.7615581375e-01 3.5866427112e-02
4.0735753236e-01 9.7618547934e-01 3.5509415362e-02
3.9526012329e-01 9.7585465243e-01 3.9488879422e-02
4.0709995186e-01 9.7518828947e-01 4.7509780574e-02
4.2076450443e-01 9.7479145699e-01 5.2280822130e-02
4.3487756803e-01 9.7451921224e-01 5.5552177069e-02
4.4921108229e-01 9.7434145989e-01 5.7685355291e-02
4.5099616378e-01 9.8075431835e-01 3.8773574646e-02
4.3682223566e-01 9.8087343821e-01 3.7345664008e-02
4.2261435832e-01 9.8096022407e-01 3.6304970843e-02
4.0837502712e-01 9.8098977822e-01 3.5950592396e-02
3.9655720195e-01 9.8065938964e-01 3.9910569475e-02
4.0814387859e-01 9.7999618168e-01 4.7864314237e-02
4.2154407066e-01 9.7959885437e-01 5.2624515472e-02
4.3539649729e-01 9.7932550594e-01 5.5897819120e-02
4.4947138276e-01 9.7914586670e-01 5.8046593293e-02
4.5125120049e-01 9.8555932221e-01 3.9196025413e-02
4.3733168382e-01 9.8567820499e-01 3.7776114873e-02
4.2337786062e-01 9.8576463438e-01 3.6743514574e-02
4.0939252187e-01 9.8579407710e-01 3.6391769429e-02
3.9785428061e-01 9.8546412684e-01 4.0332259527e-02
4.0918780531e-01 9.8480407389e-01 4.8218847900e-02
4.2232363690e-01 9.8440625175e-01 5.2968208815e-02
4.3591542654e-01 9.8413179963e-01 5.6243461171e-02
4.4973168323e-01 9.8395027351e-01 5.8407831296e-02
4.5150623719e-01 9.9036432606e-01 3.9618476180e-02
4.3784113198e-01 9.9048297176e-01 3.8206565739e-02
4.2414136291e-01 9.9056904470e-01 3.7182058305e-02
4.1041001662e-01 9.9059837598e-01 3.6832946463e-02
3.9915135927e-01 9.9026886404e-01 4.0753949580e-02
4.1023173204e-01 9.8961196610e-01 4.8573381562e-02
4.2310320314e-01 9.8921364913e-01 5.3311902157e-02
4.3643435580e-01 9.8893809333e-01 5.6589103223e-02
4.4999198369e-01 9.8875468032e-01 5.8769069299e-02
4.5176127389e-01 9.9516932992e-01 4.0040926946e-02
4.3835058014e-01 9.9528773853e-01 3.8637016605e-02
4.2490486521e-01 9.9537345501e-01 3.7620602036e-02
4.1142751137e-01 9.9540267485e-01 3.7274123497e-02
4.0044843793e-01 9.9507360125e-01 4.1175639632e-02
4.1127565877e-01 9.9441985832e-01 4.8927915225e-02
4.2388276938e-01 9.9402104651e-01 5.3655595499e-02
4.3695328506e-01 9.9374438702e-01 5.6934745274e-02
4.5025228416e-01 9.9355908713e-01 5.9130307302e-02
4.5201631060e-01 9.9997433377e-01 4.0463377713e-02
4.3886002830e-01 1.0000925053e+00 3.9067467470e-02
4.2566836750e-01 1.0001778653e+00 3.8059145767e-02
4.1244500612e-01 1.0002069737e+00 3.7715300530e-02
4.0174551658e-01 9.9987833845e-01 4.1597329685e-02
4.1231958549e-01 9.9922775053e-01 4.9282448888e-02
4.2466233561e-01 9.9882844389e-01 5.3999288841e-02
4.3747221431e-01 9.9855068072e-01 5.7280387325e-02
4.5051258462e-01 9.9836349394e-01 5.9491545304e-02

CELL_DATA 1664
SCALARS shape double 1
LOOKUP_TABLE default
1.250463e-01
1.228341e-01
1.174515e-01
1.144771e-01
8.666617e-02
7.260883e-02
7.106568e-02
7.086989e-02
1.010956e-01
1.011561e-01
1.014399e-01
1.157726e-01
1.099433e-01
1.030622e-01
1.020818e-01
1.018061e-01
1.016629e-01
1.017237e-01
1.020094e-01
1.164227e-01
1.105597e-01
1.036417e-01
1.026562e-01
1.023788e-01
1.022366e-01
1.022977e-01
1.025852e-01
1.170802e-01
1.111831e-01
1.042277e-01
1.032371e-01
1.029580e-01
1.028168e-01
1.028781e-01
1.031675e-01
1.177450e-01
1.118134e-01
1.048204e-01
1.038246e-01
1.035438e-01
1.034036e-01
1.034652e-01
1.037564e-01
1.184174e-01
1.124509e-01
1.054197e-01
1.044187e-01
1.041362e-01
1.039971e-01
1.040589e-01
1.043520e-01
1.190974e-01
1.130957e-01
1.060259e-01
1.050197e-01
1.047354e-01
1.045973e-01
1.046595e-01
1.049545e-01
1.197853e-01
1.137478e-01
1.066391e-01
1.056275e-01
1.053415e-01
1.052045e-01
1.052670e-01
1.055640e-01
1.204811e-01
1.144075e-01
1.072594e-01
1.062424e-01
1.059546e-01
1.058188e-01
1.058815e-01
1.061805e-01
1.211849e-01
1.150748e-01
1.078869e-01
1.068645e-01
1.065748e-01
1.064402e-01
1.065032e-01
1.068042e-01
1.218970e-01
1.157499e-01
1.085217e-01
1.074938e-01
1.072023e-01
1.070689e-01
1.071322e-01
1.074352e-01
1.226174e-01
1.164329e-01
1.091640e-01
1.081305e-01
1.078372e-01
1.077051e-01
1.077687e-01
1.080737e-01
1.233464e-01
1.171239e-01
1.098139e-01
1.087748e-01
1.084796e-01
1.083488e-01
1.084127e-01
1.087198e-01
1.240839e-01
1.178231e-01
1.104715e-01
1.094268e-01
1.091296e-01
1.090001e-01
1.090644e-01
1.093736e-01
1.248303e-01
1.185307e-01
1.111370e-01
1.100865e-01
1.097874e-01
1.096594e-01
1.097239e-01
1.100352e-01
1.255857e-01
1.192467e-01
1.118105e-01
1.107543e-01
1.104532e-01
1.105301e-01
1.105958e-01
1.109260e-01
1.272649e-01
1.213043e-01
1.126433e-01
1.113790e-01
1.110488e-01
1.112847e-01
1.113503e-01
1.116822e-01
1.281296e-01
1.221342e-01
1.134145e-01
1.121415e-01
1.118088e-01
1.120496e-01
1.121151e-01
1.124487e-01
1.290060e-01
1.229755e-01
1.141963e-01
1.129145e-01
1.125793e-01
1.128251e-01
1.128905e-01
1.132258e-01
1.298944e-01
1.238284e-01
1.149888e-01
1.136981e-01
1.133603e-01
1.136113e-01
1.136766e-01
1.140136e-01
1.307951e-01
1.246931e-01
1.157924e-01
1.144927e-01
1.141523e-01
1.144085e-01
1.144737e-01
1.148123e-01
1.317082e-01
1.255699e-01
1.166072e-01
1.152983e-01
1.149553e-01
1.152169e-01
1.152819e-01
1.156223e-01
1.326341e-01
1.264591e-01
1.174336e-01
1.161154e-01
1.157696e-01
1.160367e-01
1.161016e-01
1.164437e-01
1.335730e-01
1.273608e-01
1.182716e-01
1.169440e-01
1.165955e-01
1.168682e-01
1.169329e-01
1.172768e-01
1.345251e-01
1.282754e-01
1.191216e-01
1.177844e-01
1.174332e-01
1.177116e-01
1.177762e-01
1.181218e-01
1.354909e-01
1.292032e-01
1.199839e-01
1.186370e-01
1.182829e-01
1.185673e-01
1.186317e-01
1.189790e-01
1.364705e-01
1.301444e-01
1.208586e-01
1.195019e-01
1.191450e-01
1.194353e-01
1.194996e-01
1.198487e-01
1.374642e-01
1.310993e-01
1.217461e-01
1.203794e-01
1.200196e-01
1.203161e-01
1.203802e-01
1.207311e-01
1.384724e-01
1.320682e-01
1.226467e-01
1.212699e-01
1.209071e-01
1.212100e-01
1.212738e-01
1.216265e-01
1.394954e-01
1.330514e-01
1.235606e-01
1.221735e-01
1.218077e-01
1.221171e-01
1.221806e-01
1.225352e-01
1.405335e-01
1.340493e-01
1.244881e-01
1.230906e-01
1.227218e-01
1.230378e-01
1.231011e-01
1.234575e-01
1.415870e-01
1.350621e-01
1.254295e-01
1.240215e-01
1.236496e-01
1.239522e-01
1.240100e-01
1.243224e-01
1.419145e-01
1.349646e-01
1.261545e-01
1.248993e-01
1.245736e-01
1.248313e-01
1.248890e-01
1.252030e-01
1.429168e-01
1.359223e-01
1.270510e-01
1.257871e-01
1.254590e-01
1.257229e-01
1.257804e-01
1.260962e-01
1.439332e-01
1.368937e-01
1.279602e-01
1.266876e-01
1.263570e-01
1.266273e-01
1.266846e-01
1.270020e-01
1.449640e-01
1.378789e-01
1.288824e-01
1.276009e-01
1.272679e-01
1.275447e-01
1.276018e-01
1.279209e-01
1.460096e-01
1.388783e-01
1.298179e-01
1.285275e-01
1.281919e-01
1.284754e-01
1.285324e-01
1.288531e-01
1.470703e-01
1.398922e-01
1.307670e-01
1.294675e-01
1.291294e-01
1.294197e-01
1.294764e-01
1.297989e-01
1.481463e-01
1.409209e-01
1.317300e-01
1.304213e-01
1.300806e-01
1.303779e-01
1.304344e-01
1.307586e-01
1.492381e-01
1.419647e-01
1.327071e-01
1.313891e-01
1.310458e-01
1.313503e-01
1.314066e-01
1.317325e-01
1.503460e-01
1.430240e-01
1.336988e-01
1.323714e-01
1.320253e-01
1.323372e-01
1.323932e-01
1.327209e-01
1.514702e-01
1.440990e-01
1.347054e-01
1.333683e-01
1.330195e-01
1.333389e-01
1.333947e-01
1.337241e-01
1.526113e-01
1.451903e-01
1.357270e-01
1.343802e-01
1.340287e-01
1.343559e-01
1.344113e-01
1.347425e-01
1.537695e-01
1.462980e-01
1.367642e-01
1.354076e-01
1.350532e-01
1.353883e-01
1.354435e-01
1.357764e-01
1.549452e-01
1.474227e-01
1.378172e-01
1.364506e-01
1.360934e-01
1.364366e-01
1.364914e-01
1.368262e-01
1.561389e-01
1.485646e-01
1.388865e-01
1.375097e-01
1.371497e-01
1.375012e-01
1.375557e-01
1.378922e-01
1.573510e-01
1.497242e-01
1.399724e-01
1.385852e-01
1.382223e-01
1.385824e-01
1.386365e-01
1.389748e-01
1.585818e-01
1.509019e-01
1.410752e-01
1.396776e-01
1.393117e-01
1.403369e-01
1.403592e-01
1.405399e-01
1.593064e-01
1.502646e-01
1.409601e-01
1.396786e-01
1.394140e-01
1.413542e-01
1.413747e-01
1.415529e-01
1.604367e-01
1.513675e-01
1.419880e-01
1.406935e-01
1.404260e-01
1.423863e-01
1.424050e-01
1.425805e-01
1.615830e-01
1.524865e-01
1.430310e-01
1.417232e-01
1.414526e-01
1.434334e-01
1.434502e-01
1.436229e-01
1.627456e-01
1.536220e-01
1.440892e-01
1.427679e-01
1.424943e-01
1.444959e-01
1.445108e-01
1.446806e-01
1.639249e-01
1.547744e-01
1.451631e-01
1.438281e-01
1.435513e-01
1.455742e-01
1.455871e-01
1.457539e-01
1.651211e-01
1.559440e-01
1.462530e-01
1.449040e-01
1.446239e-01
1.466685e-01
1.466794e-01
1.468430e-01
1.663348e-01
1.571313e-01
1.473593e-01
1.459960e-01
1.457126e-01
1.477794e-01
1.477881e-01
1.479485e-01
1.675661e-01
1.583366e-01
1.484823e-01
1.471044e-01
1.468177e-01
1.489070e-01
1.489135e-01
1.490705e-01
1.688157e-01
1.595603e-01
1.496224e-01
1.482297e-01
1.479396e-01
1.500518e-01
1.500560e-01
1.502095e-01
1.700837e-01
1.608029e-01
1.507800e-01
1.493722e-01
1.490786e-01
1.512142e-01
1.512161e-01
1.513660e-01
1.713707e-01
1.620647e-01
1.519555e-01
1.505323e-01
1.502352e-01
1.523947e-01
1.523941e-01
1.525402e-01
1.726770e-01
1.633464e-01
1.531493e-01
1.517104e-01
1.514097e-01
1.535935e-01
1.535904e-01
1.537326e-01
1.740032e-01
1.646482e-01
1.543618e-01
1.529070e-01
1.526025e-01
1.548112e-01
1.548055e-01
1.549436e-01
1.753496e-01
1.659707e-01
1.555936e-01
1.541224e-01
1.538141e-01
1.560482e-01
1.560398e-01
1.561737e-01
1.767166e-01
1.673144e-01
1.568449e-01
1.553571e-01
1.550450e-01
1.573049e-01
1.572938e-01
1.574232e-01
1.781049e-01
1.686797e-01
1.581164e-01
1.566116e-01
1.562955e-01
1.588638e-01
1.588733e-01
1.589758e-01
1.790853e-01
1.678661e-01
1.585371e-01
1.573128e-01
1.570722e-01
1.599943e-01
1.600014e-01
1.600990e-01
1.803243e-01
1.690813e-01
1.596738e-01
1.584349e-01
1.581906e-01
1.611409e-01
1.611454e-01
1.612381e-01
1.815804e-01
1.703141e-01
1.608268e-01
1.595729e-01
1.593248e-01
1.623040e-01
1.623058e-01
1.623933e-01
1.828537e-01
1.715646e-01
1.619964e-01
1.607272e-01
1.604753e-01
1.634837e-01
1.634828e-01
1.635650e-01
1.841448e-01
1.728335e-01
1.631829e-01
1.618983e-01
1.616424e-01
1.646806e-01
1.646769e-01
1.647536e-01
1.854539e-01
1.741209e-01
1.643868e-01
1.630863e-01
1.628264e-01
1.658950e-01
1.658883e-01
1.659594e-01
1.867814e-01
1.754274e-01
1.656084e-01
1.642918e-01
1.640278e-01
1.671273e-01
1.671176e-01
1.671828e-01
1.881278e-01
1.767534e-01
1.668481e-01
1.655150e-01
1.652468e-01
1.683778e-01
1.683650e-01
1.684241e-01
1.894933e-01
1.780993e-01
1.681063e-01
1.667565e-01
1.664839e-01
1.696470e-01
1.696310e-01
1.696839e-01
1.908785e-01
1.794655e-01
1.693835e-01
1.680165e-01
1.677395e-01
1.709353e-01
1.709160e-01
1.709624e-01
1.922837e-01
1.808525e-01
1.706800e-01
1.692955e-01
1.690140e-01
1.722431e-01
1.722204e-01
1.722601e-01
1.937093e-01
1.822608e-01
1.719963e-01
1.705939e-01
1.703078e-01
1.735709e-01
1.735446e-01
1.735774e-01
1.951559e-01
1.836908e-01
1.733328e-01
1.719122e-01
1.716214e-01
1.749191e-01
1.748892e-01
1.749149e-01
1.966238e-01
1.851431e-01
1.746900e-01
1.732509e-01
1.729552e-01
1.762882e-01
1.762545e-01
1.762728e-01
1.981135e-01
1.866182e-01
1.760684e-01
1.746103e-01
1.743096e-01
1.776786e-01
1.776410e-01
1.776517e-01
1.996255e-01
1.881165e-01
1.774685e-01
1.759910e-01
1.756853e-01
1.788583e-01
1.788816e-01
1.790759e-01
2.022895e-01
1.905330e-01
1.795285e-01
1.780519e-01
1.777444e-01
1.803766e-01
1.803971e-01
1.805870e-01
2.039633e-01
1.921627e-01
1.810598e-01
1.795665e-01
1.792547e-01
1.819207e-01
1.819382e-01
1.821236e-01
2.056646e-01
1.938203e-01
1.826171e-01
1.811068e-01
1.807907e-01
1.834911e-01
1.835056e-01
1.836862e-01
2.073940e-01
1.955063e-01
1.842011e-01
1.826735e-01
1.823529e-01
1.850886e-01
1.850999e-01
1.852756e-01
2.091521e-01
1.972215e-01
1.858126e-01
1.842673e-01
1.839421e-01
1.867139e-01
1.867219e-01
1.868923e-01
2.109398e-01
1.989667e-01
1.874522e-01
1.858888e-01
1.855589e-01
1.883676e-01
1.883721e-01
1.885372e-01
2.127578e-01
2.007426e-01
1.891206e-01
1.875387e-01
1.872041e-01
1.900506e-01
1.900515e-01
1.902108e-01
2.146067e-01
2.025501e-01
1.908187e-01
1.892179e-01
1.888783e-01
1.917635e-01
1.917607e-01
1.919141e-01
2.164875e-01
2.043900e-01
1.925471e-01
1.909271e-01
1.905825e-01
1.935073e-01
1.935006e-01
1.936478e-01
2.184008e-01
2.062631e-01
1.943068e-01
1.926670e-01
1.923173e-01
1.952827e-01
1.952719e-01
1.954126e-01
2.203475e-01
2.081704e-01
1.960986e-01
1.944386e-01
1.940835e-01
1.970905e-01
1.970756e-01
1.972094e-01
2.223286e-01
2.101128e-01
1.979232e-01
1.962426e-01
1.958822e-01
1.989317e-01
1.989124e-01
1.990392e-01
2.243448e-01
2.120912e-01
1.997817e-01
1.980801e-01
1.977140e-01
2.008072e-01
2.007833e-01
2.009026e-01
2.263972e-01
2.141067e-01
2.016750e-01
1.999518e-01
1.995800e-01
2.027180e-01
2.026893e-01
2.028008e-01
2.284866e-01
2.161603e-01
2.036040e-01
2.018587e-01
2.014811e-01
2.046650e-01
2.046313e-01
2.047347e-01
2.306141e-01
2.182530e-01
2.055698e-01
2.038019e-01
2.034183e-01
2.092489e-01
2.087901e-01
2.081018e-01
2.314616e-01
2.190469e-01
2.101646e-01
2.066173e-01
2.052992e-01
2.113276e-01
2.108527e-01
2.101534e-01
2.335218e-01
2.210760e-01
2.122495e-01
2.087310e-01
2.073931e-01
2.134474e-01
2.129546e-01
2.122410e-01
2.355943e-01
2.231255e-01
2.143755e-01
2.108841e-01
2.095253e-01
2.156095e-01
2.150969e-01
2.143651e-01
2.376781e-01
2.251947e-01
2.165440e-01
2.130775e-01
2.116966e-01
2.178150e-01
2.172808e-01
2.165267e-01
2.397720e-01
2.272833e-01
2.187560e-01
2.153123e-01
2.139078e-01
2.200654e-01
2.195073e-01
2.187266e-01
2.418750e-01
2.293907e-01
2.210130e-01
2.175895e-01
2.161598e-01
2.223620e-01
2.217778e-01
2.209655e-01
2.439859e-01
2.315163e-01
2.233164e-01
2.199101e-01
2.184537e-01
2.247062e-01
2.240933e-01
2.232444e-01
2.461033e-01
2.336594e-01
2.256674e-01
2.222752e-01
2.207903e-01
2.270994e-01
2.264552e-01
2.255640e-01
2.482258e-01
2.358192e-01
2.280677e-01
2.246859e-01
2.231706e-01
2.295431e-01
2.288649e-01
2.279252e-01
2.503520e-01
2.379950e-01
2.305186e-01
2.271432e-01
2.255957e-01
2.320391e-01
2.313236e-01
2.303289e-01
2.524802e-01
2.401859e-01
2.330219e-01
2.296483e-01
2.280664e-01
2.345888e-01
2.338328e-01
2.327759e-01
2.546088e-01
2.423907e-01
2.355792e-01
2.322024e-01
2.305838e-01
2.371941e-01
2.363940e-01
2.352672e-01
2.567361e-01
2.446085e-01
2.381922e-01
2.348067e-01
2.331490e-01
2.398568e-01
2.390086e-01
2.378037e-01
2.588601e-01
2.468382e-01
2.408627e-01
2.374623e-01
2.357629e-01
2.425786e-01
2.416784e-01
2.403862e-01
2.609789e-01
2.490783e-01
2.435927e-01
2.401705e-01
2.384266e-01
2.453616e-01
2.444048e-01
2.430157e-01
2.630904e-01
2.513276e-01
2.463840e-01
2.429326e-01
2.411412e-01
2.448117e-01
2.448051e-01
2.447742e-01
2.656143e-01
2.496298e-01
2.445003e-01
2.439399e-01
2.437186e-01
2.465275e-01
2.465197e-01
2.464861e-01
2.674211e-01
2.513721e-01
2.462175e-01
2.456530e-01
2.454288e-01
2.482671e-01
2.482580e-01
2.482215e-01
2.692516e-01
2.531384e-01
2.479586e-01
2.473898e-01
2.471627e-01
2.500309e-01
2.500205e-01
2.499809e-01
2.711063e-01
2.549291e-01
2.497241e-01
2.491508e-01
2.489208e-01
2.518196e-01
2.518077e-01
2.517649e-01
2.729857e-01
2.567447e-01
2.515143e-01
2.509365e-01
2.507034e-01
2.536335e-01
2.536201e-01
2.535739e-01
2.748902e-01
2.585858e-01
2.533300e-01
2.527473e-01
2.525112e-01
2.554733e-01
2.554582e-01
2.554084e-01
2.768204e-01
2.604529e-01
2.551715e-01
2.545839e-01
2.543446e-01
2.573394e-01
2.573226e-01
2.572690e-01
2.787767e-01
2.623464e-01
2.570394e-01
2.564468e-01
2.562041e-01
2.592324e-01
2.592138e-01
2.591562e-01
2.807597e-01
2.642671e-01
2.589344e-01
2.583365e-01
2.580904e-01
2.611530e-01
2.611324e-01
2.610706e-01
2.827698e-01
2.662154e-01
2.608569e-01
2.602535e-01
2.600040e-01
2.631016e-01
2.630789e-01
2.630128e-01
2.848076e-01
2.681918e-01
2.628076e-01
2.621985e-01
2.619455e-01
2.650789e-01
2.650540e-01
2.649833e-01
2.868737e-01
2.701972e-01
2.647870e-01
2.641721e-01
2.639155e-01
2.670855e-01
2.670583e-01
2.669827e-01
2.889686e-01
2.722319e-01
2.667959e-01
2.661748e-01
2.659145e-01
2.691220e-01
2.690924e-01
2.690117e-01
2.910928e-01
2.742967e-01
2.688348e-01
2.682074e-01
2.679432e-01
2.711892e-01
2.711570e-01
2.710710e-01
2.932470e-01
2.763922e-01
2.709044e-01
2.702704e-01
2.700023e-01
2.732877e-01
2.732527e-01
2.731611e-01
2.954317e-01
2.785192e-01
2.730054e-01
2.723646e-01
2.720925e-01
2.752437e-01
2.751903e-01
2.751385e-01
2.978907e-01
2.806436e-01
2.756093e-01
2.752359e-01
2.751092e-01
2.773173e-01
2.772622e-01
2.772077e-01
3.001061e-01
2.827596e-01
2.776874e-01
2.773107e-01
2.771827e-01
2.794217e-01
2.793648e-01
2.793075e-01
3.023538e-01
2.849071e-01
2.797964e-01
2.794163e-01
2.792870e-01
2.815575e-01
2.814988e-01
2.814386e-01
3.046343e-01
2.870865e-01
2.819369e-01
2.815534e-01
2.814228e-01
2.837254e-01
2.836649e-01
2.836017e-01
3.069486e-01
2.892988e-01
2.841096e-01
2.837226e-01
2.835908e-01
2.859262e-01
2.858638e-01
2.857975e-01
3.092971e-01
2.915445e-01
2.863152e-01
2.859248e-01
2.857916e-01
2.881605e-01
2.880961e-01
2.880266e-01
3.116808e-01
2.938244e-01
2.885546e-01
2.881605e-01
2.880260e-01
2.904292e-01
2.903627e-01
2.902900e-01
3.141003e-01
2.961394e-01
2.908283e-01
2.904306e-01
2.902948e-01
2.927330e-01
2.926644e-01
2.925882e-01
3.165565e-01
2.984901e-01
2.931372e-01
2.927359e-01
2.925987e-01
2.950726e-01
2.950019e-01
2.949222e-01
3.190501e-01
3.008774e-01
2.954822e-01
2.950771e-01
2.949385e-01
2.974490e-01
2.973760e-01
2.972926e-01
3.215820e-01
3.033022e-01
2.978639e-01
2.974551e-01
2.973151e-01
2.998630e-01
2.997876e-01
2.997005e-01
3.241531e-01
3.057652e-01
3.002834e-01
2.998707e-01
2.997293e-01
3.023154e-01
3.022376e-01
3.021465e-01
3.267642e-01
3.082674e-01
3.027414e-01
3.023248e-01
3.021819e-01
3.048071e-01
3.047268e-01
3.046317e-01
3.294161e-01
3.108097e-01
3.052388e-01
3.048183e-01
3.046740e-01
3.073391e-01
3.072562e-01
3.071569e-01
3.321100e-01
3.133930e-01
3.077766e-01
3.073521e-01
3.072063e-01
3.099123e-01
3.098267e-01
3.097230e-01
3.348466e-01
3.160184e-01
3.103557e-01
3.099271e-01
3.097799e-01
3.125641e-01
3.124758e-01
3.123814e-01
3.378287e-01
3.186506e-01
3.130329e-01
3.126475e-01
3.125362e-01
3.152231e-01
3.151319e-01
3.150331e-01
3.406583e-01
3.213601e-01
3.156955e-01
3.153074e-01
3.151958e-01
3.179263e-01
3.178322e-01
3.177289e-01
3.435340e-01
3.241145e-01
3.184024e-01
3.180115e-01
3.178996e-01
3.206749e-01
3.205777e-01
3.204698e-01
3.464567e-01
3.269150e-01
3.211547e-01
3.207611e-01
3.206488e-01
3.234700e-01
3.233696e-01
3.232568e-01
3.494276e-01
3.297627e-01
3.239534e-01
3.235570e-01
3.234445e-01
3.263126e-01
3.262089e-01
3.260911e-01
3.524478e-01
3.326588e-01
3.267998e-01
3.264006e-01
3.262878e-01
3.292040e-01
3.290969e-01
3.289738e-01
3.555185e-01
3.356045e-01
3.296949e-01
3.292930e-01
3.291799e-01
3.321454e-01
3.320348e-01
3.319063e-01
3.586409e-01
3.386009e-01
3.326400e-01
3.322353e-01
3.321221e-01
3.351381e-01
3.350237e-01
3.348896e-01
3.618163e-01
3.416494e-01
3.356364e-01
3.352289e-01
3.351155e-01
3.381833e-01
3.380651e-01
3.379251e-01
3.650459e-01
3.447513e-01
3.386853e-01
3.382751e-01
3.381616e-01
3.412824e-01
3.411603e-01
3.410142e-01
3.683310e-01
3.479079e-01
3.417881e-01
3.413751e-01
3.412615e-01
3.444368e-01
3.443105e-01
3.441581e-01
3.716731e-01
3.511206e-01
3.449462e-01
3.445305e-01
3.444168e-01
3.476479e-01
3.475173e-01
3.473583e-01
3.750735e-01
3.543909e-01
3.481610e-01
3.477425e-01
3.476288e-01
3.509172e-01
3.507821e-01
3.506163e-01
3.785337e-01
3.577202e-01
3.514339e-01
3.510126e-01
3.508991e-01
3.542462e-01
3.541065e-01
3.539335e-01
3.820552e-01
3.611101e-01
3.547664e-01
3.543425e-01
3.542290e-01
3.576365e-01
3.574919e-01
3.573115e-01
3.856395e-01
3.645622e-01
3.581602e-01
3.577336e-01
3.576204e-01
3.611428e-01
3.609958e-01
3.608230e-01
3.895116e-01
3.679852e-01
3.615994e-01
3.612286e-01
3.611510e-01
3.646610e-01
3.645089e-01
3.643284e-01
3.932308e-01
3.715601e-01
3.651189e-01
3.647468e-01
3.646703e-01
3.682456e-01
3.680881e-01
3.678995e-01
3.970179e-01
3.752020e-01
3.687046e-01
3.683312e-01
3.682559e-01
3.718983e-01
3.717352e-01
3.715382e-01
4.008746e-01
3.789127e-01
3.723583e-01
3.719838e-01
3.719097e-01
3.756210e-01
3.754520e-01
3.752464e-01
4.048027e-01
3.826939e-01
3.760818e-01
3.757062e-01
3.756336e-01
3.794157e-01
3.792406e-01
3.790258e-01
4.088040e-01
3.865477e-01
3.798772e-01
3.795006e-01
3.794294e-01
3.832843e-01
3.831028e-01
3.828785e-01
4.128806e-01
3.904761e-01
3.837462e-01
3.833688e-01
3.832993e-01
3.872289e-01
3.870407e-01
3.868065e-01
4.170343e-01
3.944809e-01
3.876910e-01
3.873129e-01
3.872451e-01
3.912515e-01
3.910564e-01
3.908118e-01
4.212672e-01
3.985645e-01
3.917138e-01
3.913349e-01
3.912691e-01
3.953545e-01
3.951522e-01
3.948967e-01
4.255814e-01
4.027289e-01
3.958166e-01
3.954373e-01
3.953735e-01
3.995401e-01
3.993301e-01
3.990633e-01
4.299790e-01
4.069764e-01
4.000017e-01
3.996220e-01
3.995605e-01
4.038106e-01
4.035927e-01
4.033140e-01
4.344623e-01
4.113094e-01
4.042714e-01
4.038916e-01
4.038325e-01
4.081684e-01
4.079423e-01
4.076512e-01
4.390335e-01
4.157302e-01
4.086283e-01
4.082485e-01
4.081920e-01
4.126162e-01
4.123814e-01
4.120773e-01
4.436951e-01
4.202413e-01
4.130747e-01
4.126951e-01
4.126413e-01
4.171564e-01
4.169125e-01
4.165949e-01
4.484493e-01
4.248454e-01
4.176132e-01
4.172341e-01
4.171833e-01
4.217918e-01
4.215385e-01
4.212066e-01
4.532988e-01
4.295451e-01
4.222466e-01
4.218681e-01
4.218205e-01
4.267193e-01
4.264860e-01
4.261723e-01
4.587184e-01
4.337961e-01
4.265581e-01
4.261130e-01
4.260408e-01
4.314892e-01
4.312459e-01
4.309172e-01
4.639636e-01
4.386383e-01
4.313355e-01
4.308827e-01
4.308103e-01
4.363602e-01
4.361064e-01
4.357619e-01
4.693198e-01
4.435817e-01
4.362135e-01
4.357531e-01
4.356808e-01
4.413353e-01
4.410705e-01
4.407094e-01
4.747902e-01
4.486292e-01
4.411950e-01
4.407272e-01
4.406550e-01
4.464174e-01
4.461411e-01
4.457628e-01
4.803779e-01
4.537837e-01
4.462829e-01
4.458080e-01
4.457362e-01
4.516097e-01
4.513215e-01
4.509250e-01
4.860863e-01
4.590482e-01
4.514804e-01
4.509985e-01
4.509274e-01
4.569156e-01
4.566149e-01
4.561993e-01
4.919186e-01
4.644259e-01
4.567906e-01
4.563020e-01
4.562318e-01
4.623385e-01
4.620246e-01
4.615890e-01
4.978784e-01
4.699201e-01
4.622168e-01
4.617219e-01
4.616529e-01
4.678817e-01
4.675541e-01
4.670975e-01
5.039692e-01
4.755341e-01
4.677624e-01
4.672615e-01
4.671941e-01
4.735490e-01
4.732070e-01
4.727284e-01
5.101947e-01
4.812713e-01
4.734309e-01
4.729244e-01
4.728590e-01
4.793441e-01
4.789870e-01
4.784851e-01
5.165586e-01
4.871354e-01
4.792260e-01
4.787144e-01
4.786513e-01
4.852708e-01
4.848978e-01
4.843716e-01
5.230647e-01
4.931298e-01
4.851512e-01
4.846350e-01
4.845747e-01
4.913331e-01
4.909435e-01
4.903916e-01
5.297168e-01
4.992583e-01
4.912104e-01
4.906902e-01
4.906333e-01
4.975352e-01
4.971280e-01
4.965492e-01
5.365189e-01
5.055249e-01
4.974076e-01
4.968841e-01
4.968309e-01
5.038811e-01
5.034555e-01
5.028483e-01
5.434751e-01
5.119333e-01
5.037467e-01
5.032207e-01
5.031719e-01
5.103753e-01
5.099304e-01
5.092933e-01
5.505893e-01
5.184877e-01
5.102319e-01
5.097042e-01
5.096605e-01
5.171541e-01
5.166701e-01
5.160359e-01
5.583709e-01
5.250712e-01
5.170146e-01
5.167026e-01
5.168611e-01
5.237198e-01
5.232129e-01
5.225490e-01
5.664560e-01
5.317500e-01
5.236400e-01
5.232988e-01
5.234555e-01
5.304361e-01
5.299053e-01
5.292101e-01
5.747382e-01
5.385731e-01
5.304124e-01
5.300433e-01
5.301990e-01
5.373073e-01
5.367516e-01
5.360235e-01
5.832226e-01
5.455439e-01
5.373352e-01
5.369398e-01
5.370957e-01
5.443378e-01
5.437560e-01
5.429934e-01
5.919136e-01
5.526656e-01
5.444122e-01
5.439925e-01
5.441498e-01
5.515321e-01
5.509231e-01
5.501240e-01
6.008161e-01
5.599414e-01
5.516471e-01
5.512052e-01
5.513654e-01
5.588948e-01
5.582574e-01
5.574199e-01
6.099343e-01
5.673748e-01
5.590435e-01
5.585821e-01
5.587466e-01
5.664305e-01
5.657633e-01
5.648854e-01
6.192724e-01
5.749688e-01
5.666051e-01
5.661271e-01
5.662978e-01
5.741439e-01
5.734455e-01
5.725250e-01
6.288343e-01
5.827266e-01
5.743355e-01
5.738444e-01
5.740231e-01
5.820397e-01
5.813088e-01
5.803432e-01
6.386235e-01
5.906511e-01
5.822384e-01
5.817378e-01
5.819267e-01
5.901227e-01
5.893577e-01
5.883446e-01
6.486427e-01
5.987452e-01
5.903170e-01
5.898115e-01
5.900130e-01
5.983977e-01
5.975969e-01
5.965336e-01
6.588945e-01
6.070116e-01
5.985748e-01
5.980692e-01
5.982861e-01
6.068693e-01
6.060311e-01
6.049148e-01
6.693804e-01
6.154528e-01
6.070148e-01
6.065147e-01
6.067499e-01
6.155423e-01
6.146648e-01
6.134924e-01
6.801010e-01
6.240708e-01
6.156401e-01
6.151517e-01
6.154085e-01
6.244212e-01
6.235025e-01
6.222708e-01
6.910559e-01
6.328676e-01
6.244533e-01
6.239836e-01
6.242656e-01
6.335105e-01
6.325486e-01
6.312540e-01
7.022435e-01
6.418447e-01
6.334568e-01
6.330135e-01
6.333248e-01
SCALARS skew double 1
LOOKUP_TABLE default
1.216249e-01
1.763365e-01
2.344254e-01
2.800733e-01
2.508120e-01
3.178696e-01
2.825797e-01
2.038839e-01
1.505008e-01
2.127644e-01
2.684925e-01
2.775909e-01
2.416720e-01
2.526680e-01
2.054999e-01
1.451226e-01
1.505210e-01
2.127762e-01
2.684950e-01
2.775744e-01
2.416779e-01
2.526545e-01
2.054752e-01
1.450915e-01
1.505414e-01
2.127881e-01
2.684975e-01
2.775577e-01
2.416839e-01
2.526408e-01
2.054503e-01
1.450601e-01
1.505620e-01
2.128001e-01
2.684999e-01
2.775408e-01
2.416899e-01
2.526269e-01
2.054250e-01
1.450283e-01
1.505828e-01
2.128121e-01
2.685023e-01
2.775236e-01
2.416959e-01
2.526127e-01
2.053994e-01
1.449960e-01
1.506038e-01
2.128243e-01
2.685047e-01
2.775061e-01
2.417018e-01
2.525984e-01
2.053734e-01
1.449634e-01
1.506251e-01
2.128365e-01
2.685070e-01
2.774883e-01
2.417078e-01
2.525838e-01
2.053471e-01
1.449304e-01
1.506465e-01
2.128489e-01
2.685093e-01
2.774703e-01
2.417138e-01
2.525690e-01
2.053204e-01
1.448969e-01
1.506682e-01
2.128613e-01
2.685116e-01
2.774520e-01
2.417198e-01
2.525540e-01
2.052934e-01
1.448630e-01
1.506901e-01
2.128738e-01
2.685138e-01
2.774334e-01
2.417259e-01
2.525387e-01
2.052660e-01
1.448287e-01
1.507122e-01
2.128865e-01
2.685160e-01
2.774145e-01
2.417319e-01
2.525231e-01
2.052382e-01
1.447939e-01
1.507345e-01
2.128992e-01
2.685181e-01
2.773953e-01
2.417379e-01
2.525074e-01
2.052101e-01
1.447587e-01
1.507571e-01
2.129120e-01
2.685202e-01
2.773758e-01
2.417439e-01
2.524913e-01
2.051815e-01
1.447230e-01
1.507799e-01
2.129250e-01
2.685222e-01
2.773559e-01
2.417499e-01
2.524750e-01
2.051526e-01
1.446869e-01
1.508029e-01
2.129380e-01
2.685242e-01
2.773358e-01
2.417559e-01
2.524584e-01
2.051232e-01
1.446503e-01
1.659204e-01
2.340008e-01
2.940602e-01
3.023076e-01
2.641214e-01
2.782414e-01
2.279059e-01
1.620900e-01
1.659424e-01
2.340183e-01
2.940748e-01
3.023279e-01
2.640875e-01
2.782137e-01
2.278782e-01
1.620609e-01
1.659647e-01
2.340361e-01
2.940896e-01
3.023484e-01
2.640531e-01
2.781857e-01
2.278500e-01
1.620313e-01
1.659872e-01
2.340540e-01
2.941045e-01
3.023691e-01
2.640182e-01
2.781571e-01
2.278214e-01
1.620013e-01
1.660100e-01
2.340722e-01
2.941196e-01
3.023900e-01
2.639827e-01
2.781282e-01
2.277923e-01
1.619708e-01
1.660332e-01
2.340905e-01
2.941348e-01
3.024112e-01
2.639466e-01
2.780987e-01
2.277628e-01
1.619399e-01
1.660566e-01
2.341091e-01
2.941501e-01
3.024325e-01
2.639100e-01
2.780688e-01
2.277328e-01
1.619085e-01
1.660803e-01
2.341278e-01
2.941657e-01
3.024542e-01
2.638728e-01
2.780384e-01
2.277023e-01
1.618766e-01
1.661043e-01
2.341468e-01
2.941813e-01
3.024760e-01
2.638349e-01
2.780075e-01
2.276714e-01
1.618442e-01
1.661287e-01
2.341660e-01
2.941971e-01
3.024981e-01
2.637965e-01
2.779760e-01
2.276399e-01
1.618113e-01
1.661533e-01
2.341855e-01
2.942131e-01
3.025205e-01
2.637574e-01
2.779440e-01
2.276079e-01
1.617779e-01
1.661783e-01
2.342051e-01
2.942292e-01
3.025430e-01
2.637177e-01
2.779115e-01
2.275754e-01
1.617440e-01
1.662036e-01
2.342250e-01
2.942455e-01
3.025659e-01
2.636773e-01
2.778784e-01
2.275423e-01
1.617095e-01
1.662292e-01
2.342451e-01
2.942620e-01
3.025890e-01
2.636362e-01
2.778448e-01
2.275087e-01
1.616744e-01
1.662552e-01
2.342655e-01
2.942786e-01
3.026123e-01
2.635944e-01
2.778105e-01
2.274745e-01
1.616388e-01
1.662816e-01
2.342861e-01
2.942954e-01
3.026360e-01
2.635520e-01
2.777757e-01
2.274398e-01
1.616025e-01
1.532363e-01
2.173736e-01
2.746467e-01
2.842674e-01
2.472683e-01
2.595657e-01
2.117788e-01
1.500314e-01
1.532569e-01
2.173890e-01
2.746578e-01
2.842772e-01
2.472480e-01
2.595442e-01
2.117540e-01
1.500036e-01
1.532777e-01
2.174047e-01
2.746691e-01
2.842869e-01
2.472273e-01
2.595223e-01
2.117288e-01
1.499755e-01
1.532988e-01
2.174205e-01
2.746804e-01
2.842968e-01
2.472063e-01
2.595001e-01
2.117032e-01
1.499469e-01
1.533202e-01
2.174365e-01
2.746919e-01
2.843068e-01
2.471849e-01
2.594775e-01
2.116771e-01
1.499179e-01
1.533418e-01
2.174527e-01
2.747035e-01
2.843168e-01
2.471632e-01
2.594546e-01
2.116507e-01
1.498884e-01
1.533638e-01
2.174691e-01
2.747152e-01
2.843269e-01
2.471410e-01
2.594312e-01
2.116238e-01
1.498584e-01
1.533860e-01
2.174857e-01
2.747269e-01
2.843371e-01
2.471185e-01
2.594074e-01
2.115964e-01
1.498280e-01
1.534086e-01
2.175025e-01
2.747388e-01
2.843474e-01
2.470956e-01
2.593832e-01
2.115686e-01
1.497970e-01
1.534315e-01
2.175195e-01
2.747509e-01
2.843578e-01
2.470722e-01
2.593585e-01
2.115403e-01
1.497656e-01
1.534546e-01
2.175367e-01
2.747630e-01
2.843682e-01
2.470485e-01
2.593335e-01
2.115115e-01
1.497336e-01
1.534781e-01
2.175541e-01
2.747752e-01
2.843787e-01
2.470243e-01
2.593079e-01
2.114822e-01
1.497011e-01
1.535020e-01
2.175718e-01
2.747876e-01
2.843893e-01
2.469996e-01
2.592819e-01
2.114525e-01
1.496681e-01
1.535261e-01
2.175896e-01
2.748001e-01
2.844000e-01
2.469745e-01
2.592554e-01
2.114222e-01
1.496345e-01
1.535506e-01
2.176077e-01
2.748127e-01
2.844108e-01
2.469489e-01
2.592285e-01
2.113913e-01
1.496004e-01
1.535755e-01
2.176260e-01
2.748254e-01
2.844217e-01
2.469229e-01
2.592010e-01
2.113599e-01
1.495656e-01
1.463595e-01
2.048118e-01
2.576582e-01
2.669107e-01
2.340294e-01
2.462667e-01
2.020717e-01
1.451473e-01
1.463703e-01
2.048377e-01
2.577115e-01
2.670859e-01
2.338109e-01
2.461763e-01
2.020359e-01
1.451370e-01
1.463812e-01
2.048638e-01
2.577655e-01
2.672637e-01
2.335893e-01
2.460844e-01
2.019995e-01
1.451265e-01
1.463922e-01
2.048904e-01
2.578203e-01
2.674441e-01
2.333643e-01
2.459911e-01
2.019625e-01
1.451159e-01
1.464034e-01
2.049172e-01
2.578758e-01
2.676271e-01
2.331359e-01
2.458964e-01
2.019250e-01
1.451050e-01
1.464147e-01
2.049445e-01
2.579321e-01
2.678130e-01
2.329040e-01
2.458002e-01
2.018868e-01
1.450940e-01
1.464261e-01
2.049721e-01
2.579893e-01
2.680016e-01
2.326686e-01
2.457025e-01
2.018480e-01
1.450827e-01
1.464377e-01
2.050001e-01
2.580472e-01
2.681930e-01
2.324295e-01
2.456033e-01
2.018086e-01
1.450713e-01
1.464494e-01
2.050284e-01
2.581060e-01
2.683875e-01
2.321867e-01
2.455024e-01
2.017685e-01
1.450596e-01
1.464613e-01
2.050572e-01
2.581657e-01
2.685849e-01
2.319401e-01
2.453999e-01
2.017278e-01
1.450477e-01
1.464733e-01
2.050864e-01
2.582262e-01
2.687853e-01
2.316895e-01
2.452958e-01
2.016864e-01
1.450356e-01
1.464855e-01
2.051160e-01
2.582876e-01
2.689890e-01
2.314350e-01
2.451900e-01
2.016442e-01
1.450233e-01
1.464979e-01
2.051460e-01
2.583500e-01
2.691958e-01
2.311764e-01
2.450824e-01
2.016014e-01
1.450108e-01
1.465104e-01
2.051764e-01
2.584133e-01
2.694059e-01
2.309136e-01
2.449730e-01
2.015578e-01
1.449980e-01
1.465230e-01
2.052073e-01
2.584775e-01
2.696194e-01
2.306464e-01
2.448618e-01
2.015134e-01
1.449849e-01
1.465359e-01
2.052386e-01
2.585427e-01
2.698364e-01
2.303749e-01
2.447487e-01
2.014682e-01
1.449716e-01
1.339531e-01
1.853495e-01
2.324180e-01
2.409090e-01
2.128684e-01
2.235241e-01
1.838476e-01
1.334021e-01
1.339539e-01
1.853759e-01
2.324884e-01
2.411659e-01
2.125447e-01
2.233963e-01
1.838045e-01
1.333993e-01
1.339546e-01
1.854027e-01
2.325597e-01
2.414265e-01
2.122163e-01
2.232667e-01
1.837607e-01
1.333963e-01
1.339553e-01
1.854298e-01
2.326320e-01
2.416909e-01
2.118831e-01
2.231351e-01
1.837163e-01
1.333933e-01
1.339560e-01
1.854572e-01
2.327054e-01
2.419592e-01
2.115449e-01
2.230015e-01
1.836711e-01
1.333902e-01
1.339567e-01
1.854851e-01
2.327798e-01
2.422315e-01
2.112017e-01
2.228659e-01
1.836253e-01
1.333871e-01
1.339574e-01
1.855133e-01
2.328553e-01
2.425079e-01
2.108533e-01
2.227282e-01
1.835787e-01
1.333838e-01
1.339580e-01
1.855419e-01
2.329318e-01
2.427884e-01
2.104997e-01
2.225884e-01
1.835314e-01
1.333805e-01
1.339587e-01
1.855709e-01
2.330095e-01
2.430732e-01
2.101406e-01
2.224464e-01
1.834833e-01
1.333771e-01
1.339593e-01
1.856003e-01
2.330884e-01
2.433623e-01
2.097761e-01
2.223022e-01
1.834344e-01
1.333737e-01
1.339598e-01
1.856302e-01
2.331684e-01
2.436559e-01
2.094059e-01
2.221558e-01
1.833847e-01
1.333701e-01
1.339604e-01
1.856604e-01
2.332496e-01
2.439540e-01
2.090299e-01
2.220070e-01
1.833343e-01
1.333664e-01
1.339609e-01
1.856911e-01
2.333320e-01
2.442568e-01
2.086479e-01
2.218558e-01
1.832829e-01
1.333627e-01
1.339614e-01
1.857222e-01
2.334156e-01
2.445644e-01
2.082600e-01
2.217022e-01
1.832308e-01
1.333589e-01
1.339619e-01
1.857537e-01
2.335006e-01
2.448768e-01
2.078658e-01
2.215461e-01
1.831777e-01
1.333549e-01
1.339623e-01
1.857857e-01
2.335868e-01
2.451943e-01
2.074653e-01
2.213874e-01
1.831237e-01
1.333509e-01
1.407919e-01
1.949201e-01
2.441290e-01
2.522653e-01
2.224233e-01
2.342537e-01
1.931807e-01
1.405371e-01
1.407955e-01
1.949426e-01
2.441853e-01
2.524750e-01
2.221994e-01
2.341517e-01
1.931377e-01
1.405238e-01
1.407991e-01
1.949655e-01
2.442425e-01
2.526882e-01
2.219715e-01
2.340479e-01
1.930940e-01
1.405103e-01
1.408027e-01
1.949887e-01
2.443007e-01
2.529051e-01
2.217397e-01
2.339422e-01
1.930494e-01
1.404964e-01
1.408063e-01
1.950123e-01
2.443599e-01
2.531259e-01
2.215037e-01
2.338346e-01
1.930040e-01
1.404823e-01
1.408100e-01
1.950363e-01
2.444201e-01
2.533505e-01
2.212635e-01
2.337250e-01
1.929577e-01
1.404679e-01
1.408137e-01
1.950607e-01
2.444812e-01
2.535792e-01
2.210189e-01
2.336134e-01
1.929106e-01
1.404532e-01
1.408175e-01
1.950855e-01
2.445435e-01
2.538119e-01
2.207699e-01
2.334998e-01
1.928625e-01
1.404382e-01
1.408213e-01
1.951106e-01
2.446068e-01
2.540489e-01
2.205163e-01
2.333840e-01
1.928135e-01
1.404228e-01
1.408251e-01
1.951362e-01
2.446713e-01
2.542903e-01
2.202580e-01
2.332659e-01
1.927636e-01
1.404072e-01
1.408290e-01
1.951623e-01
2.447369e-01
2.545361e-01
2.199949e-01
2.331457e-01
1.927126e-01
1.403912e-01
1.408329e-01
1.951887e-01
2.448036e-01
2.547865e-01
2.197267e-01
2.330231e-01
1.926606e-01
1.403749e-01
1.408368e-01
1.952156e-01
2.448715e-01
2.550416e-01
2.194535e-01
2.328981e-01
1.926076e-01
1.403582e-01
1.408408e-01
1.952430e-01
2.449407e-01
2.553016e-01
2.191749e-01
2.327706e-01
1.925535e-01
1.403411e-01
1.408448e-01
1.952709e-01
2.450112e-01
2.555665e-01
2.188910e-01
2.326406e-01
1.924982e-01
1.403236e-01
1.408488e-01
1.952992e-01
2.450829e-01
2.558366e-01
2.186014e-01
2.325079e-01
1.924419e-01
1.403058e-01
1.257083e-01
1.777253e-01
2.255128e-01
2.281982e-01
1.919985e-01
2.132144e-01
1.796910e-01
1.283381e-01
1.257745e-01
1.779735e-01
2.259558e-01
2.295131e-01
1.932947e-01
2.130462e-01
1.791770e-01
1.279740e-01
1.258420e-01
1.782256e-01
2.264024e-01
2.308266e-01
1.946016e-01
2.128746e-01
1.786490e-01
1.275995e-01
1.259108e-01
1.784819e-01
2.268525e-01
2.321373e-01
1.959185e-01
2.126994e-01
1.781065e-01
1.272142e-01
1.259810e-01
1.787423e-01
2.273061e-01
2.334435e-01
1.972449e-01
2.125204e-01
1.775489e-01
1.268176e-01
1.260527e-01
1.790069e-01
2.277629e-01
2.347437e-01
1.985802e-01
2.123376e-01
1.769756e-01
1.264093e-01
1.261258e-01
1.792758e-01
2.282227e-01
2.360361e-01
1.999235e-01
2.121509e-01
1.763862e-01
1.259889e-01
1.262003e-01
1.795492e-01
2.286855e-01
2.373188e-01
2.012742e-01
2.119601e-01
1.757799e-01
1.255559e-01
1.262765e-01
1.798271e-01
2.291511e-01
2.385899e-01
2.026312e-01
2.117651e-01
1.751562e-01
1.251098e-01
1.263542e-01
1.801096e-01
2.296191e-01
2.398471e-01
2.039937e-01
2.115657e-01
1.745143e-01
1.246501e-01
1.264336e-01
1.803967e-01
2.300894e-01
2.410882e-01
2.053606e-01
2.113618e-01
1.738535e-01
1.241763e-01
1.265146e-01
1.806887e-01
2.305617e-01
2.423110e-01
2.067307e-01
2.111532e-01
1.731732e-01
1.236877e-01
1.265975e-01
1.809855e-01
2.310357e-01
2.435128e-01
2.081028e-01
2.109398e-01
1.724725e-01
1.231838e-01
1.266821e-01
1.812873e-01
2.315111e-01
2.446911e-01
2.094756e-01
2.107215e-01
1.717506e-01
1.226640e-01
1.267686e-01
1.815942e-01
2.319875e-01
2.458432e-01
2.108475e-01
2.104979e-01
1.710067e-01
1.221276e-01
1.268570e-01
1.819062e-01
2.324645e-01
2.469661e-01
2.122171e-01
2.102691e-01
1.702399e-01
1.215739e-01
7.194786e-02
1.074738e-01
1.418823e-01
1.628481e-01
1.508447e-01
1.348428e-01
1.038373e-01
7.011839e-02
7.193144e-02
1.074679e-01
1.418972e-01
1.630162e-01
1.507136e-01
1.347361e-01
1.037546e-01
7.006751e-02
7.191477e-02
1.074618e-01
1.419122e-01
1.631864e-01
1.505806e-01
1.346279e-01
1.036706e-01
7.001586e-02
7.189784e-02
1.074556e-01
1.419273e-01
1.633588e-01
1.504456e-01
1.345181e-01
1.035854e-01
6.996340e-02
7.188066e-02
1.074493e-01
1.419426e-01
1.635334e-01
1.503085e-01
1.344067e-01
1.034988e-01
6.991013e-02
7.186320e-02
1.074429e-01
1.419581e-01
1.637103e-01
1.501693e-01
1.342936e-01
1.034108e-01
6.985603e-02
7.184548e-02
1.074364e-01
1.419737e-01
1.638895e-01
1.500280e-01
1.341788e-01
1.033215e-01
6.980107e-02
7.182748e-02
1.074297e-01
1.419894e-01
1.640712e-01
1.498846e-01
1.340622e-01
1.032308e-01
6.974523e-02
7.180919e-02
1.074228e-01
1.420052e-01
1.642552e-01
1.497389e-01
1.339438e-01
1.031387e-01
6.968850e-02
7.179061e-02
1.074159e-01
1.420212e-01
1.644417e-01
1.495909e-01
1.338236e-01
1.030451e-01
6.963085e-02
7.177173e-02
1.074087e-01
1.420374e-01
1.646307e-01
1.494405e-01
1.337016e-01
1.029499e-01
6.957226e-02
7.175254e-02
1.074015e-01
1.420537e-01
1.648223e-01
1.492878e-01
1.335776e-01
1.028533e-01
6.951271e-02
7.173304e-02
1.073941e-01
1.420701e-01
1.650164e-01
1.491326e-01
1.334516e-01
1.027550e-01
6.945217e-02
7.171321e-02
1.073865e-01
1.420867e-01
1.652133e-01
1.489749e-01
1.333237e-01
1.026551e-01
6.939061e-02
7.169306e-02
1.073787e-01
1.421034e-01
1.654128e-01
1.488146e-01
1.331936e-01
1.025536e-01
6.932803e-02
7.167257e-02
1.073708e-01
1.421203e-01
1.656151e-01
1.486517e-01
1.330615e-01
1.024503e-01
6.926437e-02
6.836662e-02
1.028313e-01
1.364553e-01
1.595706e-01
1.462312e-01
1.288804e-01
9.863109e-02
6.636044e-02
6.835899e-02
1.028267e-01
1.364577e-01
1.596235e-01
1.461367e-01
1.288296e-01
9.859686e-02
6.633884e-02
6.835124e-02
1.028220e-01
1.364602e-01
1.596772e-01
1.460407e-01
1.287779e-01
9.856207e-02
6.631690e-02
6.834335e-02
1.028172e-01
1.364627e-01
1.597318e-01
1.459432e-01
1.287254e-01
9.852672e-02
6.629460e-02
6.833533e-02
1.028123e-01
1.364652e-01
1.597872e-01
1.458441e-01
1.286720e-01
9.849080e-02
6.627193e-02
6.832718e-02
1.028073e-01
1.364677e-01
1.598435e-01
1.457434e-01
1.286178e-01
9.845428e-02
6.624889e-02
6.831888e-02
1.028023e-01
1.364703e-01
1.599007e-01
1.456410e-01
1.285626e-01
9.841715e-02
6.622547e-02
6.831044e-02
1.027971e-01
1.364729e-01
1.599588e-01
1.455370e-01
1.285066e-01
9.837941e-02
6.620165e-02
6.830185e-02
1.027918e-01
1.364755e-01
1.600179e-01
1.454311e-01
1.284495e-01
9.834102e-02
6.617743e-02
6.829311e-02
1.027865e-01
1.364782e-01
1.600780e-01
1.453235e-01
1.283916e-01
9.830198e-02
6.615280e-02
6.828421e-02
1.027810e-01
1.364808e-01
1.601391e-01
1.452141e-01
1.283326e-01
9.826227e-02
6.612774e-02
6.827516e-02
1.027755e-01
1.364835e-01
1.602012e-01
1.451028e-01
1.282726e-01
9.822187e-02
6.610225e-02
6.826593e-02
1.027698e-01
1.364863e-01
1.602643e-01
1.449895e-01
1.282116e-01
9.818076e-02
6.607631e-02
6.825654e-02
1.027640e-01
1.364890e-01
1.603285e-01
1.448743e-01
1.281494e-01
9.813893e-02
6.604991e-02
6.824697e-02
1.027581e-01
1.364918e-01
1.603939e-01
1.447570e-01
1.280862e-01
9.809635e-02
6.602304e-02
6.823723e-02
1.027521e-01
1.364946e-01
1.604604e-01
1.446377e-01
1.280219e-01
9.805301e-02
6.599569e-02
6.830007e-02
1.027670e-01
1.363950e-01
1.595330e-01
1.462084e-01
1.288934e-01
9.868902e-02
6.647861e-02
6.829192e-02
1.027617e-01
1.363966e-01
1.595830e-01
1.461173e-01
1.288439e-01
9.865531e-02
6.645689e-02
6.828362e-02
1.027564e-01
1.363982e-01
1.596339e-01
1.460245e-01
1.287934e-01
9.862098e-02
6.643477e-02
6.827516e-02
1.027510e-01
1.363998e-01
1.596857e-01
1.459300e-01
1.287421e-01
9.858601e-02
6.641224e-02
6.826653e-02
1.027454e-01
1.364014e-01
1.597384e-01
1.458338e-01
1.286897e-01
9.855039e-02
6.638929e-02
6.825774e-02
1.027397e-01
1.364030e-01
1.597922e-01
1.457358e-01
1.286364e-01
9.851409e-02
6.636591e-02
6.824878e-02
1.027340e-01
1.364046e-01
1.598469e-01
1.456359e-01
1.285821e-01
9.847710e-02
6.634208e-02
6.823964e-02
1.027280e-01
1.364063e-01
1.599026e-01
1.455341e-01
1.285267e-01
9.843940e-02
6.631779e-02
6.823032e-02
1.027220e-01
1.364080e-01
1.599594e-01
1.454303e-01
1.284703e-01
9.840097e-02
6.629303e-02
6.822080e-02
1.027159e-01
1.364096e-01
1.600173e-01
1.453246e-01
1.284127e-01
9.836178e-02
6.626779e-02
6.821110e-02
1.027096e-01
1.364113e-01
1.600764e-01
1.452167e-01
1.283541e-01
9.832182e-02
6.624204e-02
6.820119e-02
1.027031e-01
1.364131e-01
1.601365e-01
1.451067e-01
1.282942e-01
9.828105e-02
6.621577e-02
6.819108e-02
1.026965e-01
1.364148e-01
1.601979e-01
1.449945e-01
1.282331e-01
9.823946e-02
6.618898e-02
6.818075e-02
1.026898e-01
1.364165e-01
1.602604e-01
1.448800e-01
1.281708e-01
9.819703e-02
6.616164e-02
6.817020e-02
1.026829e-01
1.364183e-01
1.603243e-01
1.447632e-01
1.281072e-01
9.815371e-02
6.613373e-02
6.815943e-02
1.026759e-01
1.364200e-01
1.603894e-01
1.446439e-01
1.280423e-01
9.810949e-02
6.610524e-02
6.823888e-02
1.027043e-01
1.363328e-01
1.595014e-01
1.461934e-01
1.289234e-01
9.876451e-02
6.660982e-02
6.822843e-02
1.026972e-01
1.363331e-01
1.595545e-01
1.460943e-01
1.288693e-01
9.872751e-02
6.658588e-02
6.821775e-02
1.026899e-01
1.363335e-01
1.596087e-01
1.459932e-01
1.288140e-01
9.868972e-02
6.656143e-02
6.820683e-02
1.026824e-01
1.363338e-01
1.596640e-01
1.458899e-01
1.287575e-01
9.865110e-02
6.653645e-02
6.819568e-02
1.026748e-01
1.363341e-01
1.597206e-01
1.457843e-01
1.286998e-01
9.861165e-02
6.651093e-02
6.818427e-02
1.026669e-01
1.363344e-01
1.597784e-01
1.456764e-01
1.286408e-01
9.857132e-02
6.648484e-02
6.817261e-02
1.026589e-01
1.363347e-01
1.598374e-01
1.455661e-01
1.285805e-01
9.853009e-02
6.645817e-02
6.816067e-02
1.026507e-01
1.363350e-01
1.598978e-01
1.454533e-01
1.285188e-01
9.848793e-02
6.643089e-02
6.814846e-02
1.026423e-01
1.363353e-01
1.599595e-01
1.453380e-01
1.284557e-01
9.844481e-02
6.640299e-02
6.813596e-02
1.026337e-01
1.363355e-01
1.600227e-01
1.452200e-01
1.283912e-01
9.840068e-02
6.637445e-02
6.812317e-02
1.026249e-01
1.363358e-01
1.600873e-01
1.450993e-01
1.283251e-01
9.835553e-02
6.634524e-02
6.811006e-02
1.026159e-01
1.363360e-01
1.601534e-01
1.449757e-01
1.282575e-01
9.830931e-02
6.631533e-02
6.809664e-02
1.026066e-01
1.363363e-01
1.602210e-01
1.448492e-01
1.281883e-01
9.826198e-02
6.628471e-02
6.808289e-02
1.025971e-01
1.363365e-01
1.602903e-01
1.447197e-01
1.281174e-01
9.821351e-02
6.625335e-02
6.806879e-02
1.025874e-01
1.363367e-01
1.603613e-01
1.445870e-01
1.280448e-01
9.816384e-02
6.622122e-02
6.805433e-02
1.025774e-01
1.363369e-01
1.604340e-01
1.444510e-01
1.279704e-01
9.811294e-02
6.618829e-02
6.820753e-02
1.021918e-01
1.353777e-01
1.597989e-01
1.483067e-01
1.304299e-01
9.997422e-02
6.749083e-02
6.818216e-02
1.021730e-01
1.353729e-01
1.598311e-01
1.480279e-01
1.302833e-01
9.988244e-02
6.743390e-02
6.815615e-02
1.021538e-01
1.353680e-01
1.598641e-01
1.477418e-01
1.301328e-01
9.978822e-02
6.737546e-02
6.812946e-02
1.021341e-01
1.353630e-01
1.598976e-01
1.474481e-01
1.299782e-01
9.969147e-02
6.731545e-02
6.810207e-02
1.021138e-01
1.353578e-01
1.599319e-01
1.471465e-01
1.298193e-01
9.959209e-02
6.725383e-02
6.807394e-02
1.020930e-01
1.353525e-01
1.599669e-01
1.468367e-01
1.296560e-01
9.948996e-02
6.719051e-02
6.804506e-02
1.020717e-01
1.353470e-01
1.600027e-01
1.465182e-01
1.294880e-01
9.938497e-02
6.712543e-02
6.801539e-02
1.020497e-01
1.353414e-01
1.600391e-01
1.461908e-01
1.293152e-01
9.927700e-02
6.705852e-02
6.798490e-02
1.020272e-01
1.353356e-01
1.600764e-01
1.458541e-01
1.291374e-01
9.916592e-02
6.698969e-02
6.795354e-02
1.020040e-01
1.353296e-01
1.601145e-01
1.455077e-01
1.289543e-01
9.905160e-02
6.691886e-02
6.792130e-02
1.019801e-01
1.353235e-01
1.601534e-01
1.451511e-01
1.287658e-01
9.893390e-02
6.684596e-02
6.788812e-02
1.019556e-01
1.353171e-01
1.601931e-01
1.447840e-01
1.285715e-01
9.881265e-02
6.677087e-02
6.785396e-02
1.019303e-01
1.353106e-01
1.602337e-01
1.444058e-01
1.283712e-01
9.868771e-02
6.669351e-02
6.781879e-02
1.019043e-01
1.353039e-01
1.602752e-01
1.440160e-01
1.281647e-01
9.855891e-02
6.661377e-02
6.778255e-02
1.018775e-01
1.352970e-01
1.603176e-01
1.436142e-01
1.279516e-01
9.842605e-02
6.653154e-02
6.774520e-02
1.018498e-01
1.352898e-01
1.603609e-01
1.431997e-01
1.277316e-01
9.828895e-02
6.644670e-02
6.725372e-02
1.001715e-01
1.324579e-01
1.597267e-01
1.454048e-01
1.289644e-01
9.922148e-02
6.726446e-02
6.723874e-02
1.001609e-01
1.324550e-01
1.595896e-01
1.449598e-01
1.287500e-01
9.911157e-02
6.720632e-02
6.722326e-02
1.001499e-01
1.324520e-01
1.594452e-01
1.444984e-01
1.285270e-01
9.899738e-02
6.714593e-02
6.720724e-02
1.001385e-01
1.324489e-01
1.592932e-01
1.440199e-01
1.282950e-01
9.887867e-02
6.708314e-02
6.719067e-02
1.001268e-01
1.324457e-01
1.591329e-01
1.435233e-01
1.280535e-01
9.875517e-02
6.701784e-02
6.717351e-02
1.001146e-01
1.324424e-01
1.589637e-01
1.430076e-01
1.278020e-01
9.862661e-02
6.694987e-02
6.715574e-02
1.001021e-01
1.324390e-01
1.587849e-01
1.424718e-01
1.275398e-01
9.849270e-02
6.687907e-02
6.713731e-02
1.000891e-01
1.324354e-01
1.585958e-01
1.419148e-01
1.272664e-01
9.835312e-02
6.680529e-02
6.711819e-02
1.000756e-01
1.324318e-01
1.583957e-01
1.413353e-01
1.269809e-01
9.820753e-02
6.672833e-02
6.709835e-02
1.000616e-01
1.324280e-01
1.581835e-01
1.407322e-01
1.266828e-01
9.805555e-02
6.664800e-02
6.707774e-02
1.000471e-01
1.324241e-01
1.579584e-01
1.401039e-01
1.263713e-01
9.789679e-02
6.656409e-02
6.705631e-02
1.000320e-01
1.324200e-01
1.577192e-01
1.394491e-01
1.260453e-01
9.773081e-02
6.647637e-02
6.703402e-02
1.000163e-01
1.324158e-01
1.574647e-01
1.387661e-01
1.257041e-01
9.755716e-02
6.638460e-02
6.701082e-02
1.000000e-01
1.324114e-01
1.571937e-01
1.380533e-01
1.253467e-01
9.737531e-02
6.628851e-02
6.698665e-02
9.998309e-02
1.324068e-01
1.569047e-01
1.373088e-01
1.249719e-01
9.718474e-02
6.618780e-02
6.696145e-02
9.996544e-02
1.324021e-01
1.565960e-01
1.365307e-01
1.245786e-01
9.698483e-02
6.608216e-02
SCALARS scaled_jacobian double 1
LOOKUP_TABLE default
9.818058e-01
9.618833e-01
9.329643e-01
9.047780e-01
9.233907e-01
8.779139e-01
9.030943e-01
9.491536e-01
9.721860e-01
9.446699e-01
9.123752e-01
9.064318e-01
9.288065e-01
9.222676e-01
9.483514e-01
9.741299e-01
9.721785e-01
9.446638e-01
9.123736e-01
9.064427e-01
9.288030e-01
9.222758e-01
9.483637e-01
9.741409e-01
9.721710e-01
9.446577e-01
9.123720e-01
9.064538e-01
9.287995e-01
9.222842e-01
9.483761e-01
9.741521e-01
9.721635e-01
9.446515e-01
9.123704e-01
9.064651e-01
9.287960e-01
9.222926e-01
9.483887e-01
9.741634e-01
9.721558e-01
9.446453e-01
9.123689e-01
9.064765e-01
9.287926e-01
9.223012e-01
9.484015e-01
9.741748e-01
9.721481e-01
9.446390e-01
9.123673e-01
9.064881e-01
9.287891e-01
9.223099e-01
9.484144e-01
9.741864e-01
9.721402e-01
9.446327e-01
9.123658e-01
9.064998e-01
9.287856e-01
9.223188e-01
9.484275e-01
9.741981e-01
9.721323e-01
9.446264e-01
9.123644e-01
9.065118e-01
9.287821e-01
9.223277e-01
9.484408e-01
9.742099e-01
9.721244e-01
9.446200e-01
9.123629e-01
9.065239e-01
9.287786e-01
9.223369e-01
9.484542e-01
9.742220e-01
9.721163e-01
9.446135e-01
9.123615e-01
9.065363e-01
9.287751e-01
9.223462e-01
9.484679e-01
9.742341e-01
9.721082e-01
9.446070e-01
9.123601e-01
9.065488e-01
9.287716e-01
9.223556e-01
9.484817e-01
9.742464e-01
9.720999e-01
9.446004e-01
9.123587e-01
9.065615e-01
9.287681e-01
9.223652e-01
9.484957e-01
9.742589e-01
9.720916e-01
9.445938e-01
9.123574e-01
9.065745e-01
9.287646e-01
9.223749e-01
9.485099e-01
9.742715e-01
9.720832e-01
9.445871e-01
9.123561e-01
9.065876e-01
9.287611e-01
9.223848e-01
9.485243e-01
9.742843e-01
9.720747e-01
9.445804e-01
9.123548e-01
9.066010e-01
9.287576e-01
9.223948e-01
9.485389e-01
9.742973e-01
9.662286e-01
9.332042e-01
8.952035e-01
8.893551e-01
9.151643e-01
9.059998e-01
9.366017e-01
9.677615e-01
9.662197e-01
9.331943e-01
8.951933e-01
8.893405e-01
9.151858e-01
9.060182e-01
9.366169e-01
9.677730e-01
9.662106e-01
9.331843e-01
8.951829e-01
8.893258e-01
9.152076e-01
9.060368e-01
9.366325e-01
9.677847e-01
9.662015e-01
9.331741e-01
8.951725e-01
8.893109e-01
9.152297e-01
9.060558e-01
9.366482e-01
9.677966e-01
9.661923e-01
9.331639e-01
8.951619e-01
8.892959e-01
9.152521e-01
9.060750e-01
9.366642e-01
9.678086e-01
9.661829e-01
9.331535e-01
8.951513e-01
8.892807e-01
9.152750e-01
9.060946e-01
9.366804e-01
9.678209e-01
9.661734e-01
9.331431e-01
8.951405e-01
8.892653e-01
9.152981e-01
9.061145e-01
9.366969e-01
9.678333e-01
9.661638e-01
9.331325e-01
8.951297e-01
8.892498e-01
9.153217e-01
9.061347e-01
9.367137e-01
9.678459e-01
9.661541e-01
9.331217e-01
8.951187e-01
8.892341e-01
9.153456e-01
9.061553e-01
9.367307e-01
9.678587e-01
9.661442e-01
9.331109e-01
8.951076e-01
8.892182e-01
9.153699e-01
9.061761e-01
9.367480e-01
9.678717e-01
9.661342e-01
9.330999e-01
8.950965e-01
8.892021e-01
9.153946e-01
9.061974e-01
9.367656e-01
9.678849e-01
9.661241e-01
9.330888e-01
8.950852e-01
8.891859e-01
9.154198e-01
9.062190e-01
9.367835e-01
9.678983e-01
9.661138e-01
9.330776e-01
8.950737e-01
8.891695e-01
9.154453e-01
9.062410e-01
9.368016e-01
9.679119e-01
9.661034e-01
9.330662e-01
8.950622e-01
8.891529e-01
9.154713e-01
9.062633e-01
9.368201e-01
9.679257e-01
9.660929e-01
9.330547e-01
8.950506e-01
8.891361e-01
9.154977e-01
9.062860e-01
9.368389e-01
9.679398e-01
9.660822e-01
9.330430e-01
8.950388e-01
8.891191e-01
9.155245e-01
9.063092e-01
9.368580e-01
9.679541e-01
9.711706e-01
9.422703e-01
9.083754e-01
9.019526e-01
9.255131e-01
9.180254e-01
9.451766e-01
9.723584e-01
9.711629e-01
9.422621e-01
9.083681e-01
9.019460e-01
9.255252e-01
9.180387e-01
9.451893e-01
9.723686e-01
9.711551e-01
9.422539e-01
9.083607e-01
9.019394e-01
9.255375e-01
9.180523e-01
9.452022e-01
9.723789e-01
9.711472e-01
9.422456e-01
9.083532e-01
9.019327e-01
9.255500e-01
9.180662e-01
9.452154e-01
9.723894e-01
9.711392e-01
9.422371e-01
9.083457e-01
9.019259e-01
9.255627e-01
9.180802e-01
9.452287e-01
9.724000e-01
9.711311e-01
9.422286e-01
9.083381e-01
9.019191e-01
9.255756e-01
9.180946e-01
9.452423e-01
9.724108e-01
9.711229e-01
9.422200e-01
9.083304e-01
9.019123e-01
9.255888e-01
9.181091e-01
9.452561e-01
9.724218e-01
9.711145e-01
9.422113e-01
9.083227e-01
9.019054e-01
9.256022e-01
9.181239e-01
9.452701e-01
9.724330e-01
9.711061e-01
9.422024e-01
9.083148e-01
9.018984e-01
9.256158e-01
9.181390e-01
9.452844e-01
9.724443e-01
9.710975e-01
9.421935e-01
9.083069e-01
9.018914e-01
9.256297e-01
9.181543e-01
9.452989e-01
9.724558e-01
9.710888e-01
9.421844e-01
9.082990e-01
9.018843e-01
9.256438e-01
9.181699e-01
9.453136e-01
9.724675e-01
9.710800e-01
9.421752e-01
9.082909e-01
9.018771e-01
9.256582e-01
9.181858e-01
9.453286e-01
9.724794e-01
9.710711e-01
9.421660e-01
9.082828e-01
9.018699e-01
9.256729e-01
9.182020e-01
9.453439e-01
9.724915e-01
9.710620e-01
9.421566e-01
9.082746e-01
9.018627e-01
9.256878e-01
9.182185e-01
9.453594e-01
9.725038e-01
9.710528e-01
9.421470e-01
9.082663e-01
9.018554e-01
9.257030e-01
9.182353e-01
9.453752e-01
9.725163e-01
9.710435e-01
9.421374e-01
9.082580e-01
9.018480e-01
9.257185e-01
9.182524e-01
9.453913e-01
9.725290e-01
9.736890e-01
9.486937e-01
9.192093e-01
9.133895e-01
9.331881e-01
9.261078e-01
9.500459e-01
9.741211e-01
9.736851e-01
9.486809e-01
9.191764e-01
9.132774e-01
9.333113e-01
9.261614e-01
9.500634e-01
9.741248e-01
9.736812e-01
9.486679e-01
9.191429e-01
9.131636e-01
9.334363e-01
9.262158e-01
9.500813e-01
9.741285e-01
9.736773e-01
9.486547e-01
9.191091e-01
9.130481e-01
9.335630e-01
9.262710e-01
9.500994e-01
9.741323e-01
9.736733e-01
9.486413e-01
9.190747e-01
9.129308e-01
9.336915e-01
9.263271e-01
9.501178e-01
9.741361e-01
9.736692e-01
9.486278e-01
9.190398e-01
9.128116e-01
9.338219e-01
9.263840e-01
9.501365e-01
9.741400e-01
9.736651e-01
9.486141e-01
9.190044e-01
9.126906e-01
9.339541e-01
9.264418e-01
9.501555e-01
9.741440e-01
9.736610e-01
9.486002e-01
9.189685e-01
9.125676e-01
9.340883e-01
9.265004e-01
9.501748e-01
9.741481e-01
9.736568e-01
9.485861e-01
9.189321e-01
9.124427e-01
9.342244e-01
9.265600e-01
9.501944e-01
9.741522e-01
9.736525e-01
9.485717e-01
9.188951e-01
9.123158e-01
9.343625e-01
9.266206e-01
9.502143e-01
9.741565e-01
9.736482e-01
9.485572e-01
9.188576e-01
9.121868e-01
9.345026e-01
9.266821e-01
9.502346e-01
9.741607e-01
9.736438e-01
9.485425e-01
9.188196e-01
9.120557e-01
9.346449e-01
9.267445e-01
9.502552e-01
9.741651e-01
9.736394e-01
9.485276e-01
9.187809e-01
9.119224e-01
9.347893e-01
9.268080e-01
9.502762e-01
9.741696e-01
9.736349e-01
9.485124e-01
9.187416e-01
9.117869e-01
9.349358e-01
9.268725e-01
9.502975e-01
9.741741e-01
9.736304e-01
9.484971e-01
9.187018e-01
9.116491e-01
9.350846e-01
9.269381e-01
9.503192e-01
9.741787e-01
9.736258e-01
9.484815e-01
9.186613e-01
9.115090e-01
9.352357e-01
9.270047e-01
9.503413e-01
9.741834e-01
9.779447e-01
9.579155e-01
9.340947e-01
9.292499e-01
9.446163e-01
9.389912e-01
9.585900e-01
9.781251e-01
9.779445e-01
9.579035e-01
9.340552e-01
9.291008e-01
9.447830e-01
9.390602e-01
9.586093e-01
9.781261e-01
9.779442e-01
9.578915e-01
9.340152e-01
9.289493e-01
9.449519e-01
9.391302e-01
9.586288e-01
9.781270e-01
9.779440e-01
9.578793e-01
9.339746e-01
9.287954e-01
9.451231e-01
9.392012e-01
9.586487e-01
9.781280e-01
9.779438e-01
9.578669e-01
9.339335e-01
9.286392e-01
9.452965e-01
9.392733e-01
9.586689e-01
9.781290e-01
9.779435e-01
9.578543e-01
9.338917e-01
9.284804e-01
9.454722e-01
9.393463e-01
9.586894e-01
9.781301e-01
9.779433e-01
9.578416e-01
9.338493e-01
9.283191e-01
9.456503e-01
9.394205e-01
9.587102e-01
9.781311e-01
9.779431e-01
9.578286e-01
9.338062e-01
9.281552e-01
9.458308e-01
9.394957e-01
9.587313e-01
9.781322e-01
9.779429e-01
9.578156e-01
9.337626e-01
9.279886e-01
9.460138e-01
9.395721e-01
9.587528e-01
9.781333e-01
9.779427e-01
9.578023e-01
9.337183e-01
9.278193e-01
9.461992e-01
9.396496e-01
9.587746e-01
9.781344e-01
9.779425e-01
9.577888e-01
9.336733e-01
9.276472e-01
9.463873e-01
9.397283e-01
9.587968e-01
9.781356e-01
9.779423e-01
9.577752e-01
9.336276e-01
9.274722e-01
9.465779e-01
9.398082e-01
9.588193e-01
9.781368e-01
9.779422e-01
9.577613e-01
9.335812e-01
9.272942e-01
9.467712e-01
9.398893e-01
9.588422e-01
9.781380e-01
9.779420e-01
9.577473e-01
9.335341e-01
9.271133e-01
9.469672e-01
9.399717e-01
9.588655e-01
9.781393e-01
9.779418e-01
9.577330e-01
9.334863e-01
9.269292e-01
9.471659e-01
9.400553e-01
9.588891e-01
9.781405e-01
9.779417e-01
9.577185e-01
9.334377e-01
9.267420e-01
9.473675e-01
9.401403e-01
9.589132e-01
9.781419e-01
9.756446e-01
9.534920e-01
9.273694e-01
9.225120e-01
9.395845e-01
9.330614e-01
9.543120e-01
9.757324e-01
9.756434e-01
9.534813e-01
9.273363e-01
9.223848e-01
9.397049e-01
9.331190e-01
9.543322e-01
9.757369e-01
9.756422e-01
9.534705e-01
9.273026e-01
9.222554e-01
9.398272e-01
9.331776e-01
9.543527e-01
9.757416e-01
9.756409e-01
9.534595e-01
9.272684e-01
9.221236e-01
9.399516e-01
9.332373e-01
9.543736e-01
9.757464e-01
9.756397e-01
9.534483e-01
9.272336e-01
9.219894e-01
9.400780e-01
9.332980e-01
9.543949e-01
9.757512e-01
9.756384e-01
9.534370e-01
9.271982e-01
9.218527e-01
9.402066e-01
9.333598e-01
9.544166e-01
9.757562e-01
9.756371e-01
9.534254e-01
9.271622e-01
9.217134e-01
9.403374e-01
9.334227e-01
9.544387e-01
9.757612e-01
9.756358e-01
9.534137e-01
9.271256e-01
9.215716e-01
9.404704e-01
9.334867e-01
9.544612e-01
9.757664e-01
9.756345e-01
9.534018e-01
9.270883e-01
9.214270e-01
9.406057e-01
9.335519e-01
9.544842e-01
9.757717e-01
9.756332e-01
9.533896e-01
9.270503e-01
9.212796e-01
9.407434e-01
9.336184e-01
9.545076e-01
9.757770e-01
9.756319e-01
9.533773e-01
9.270117e-01
9.211294e-01
9.408835e-01
9.336860e-01
9.545314e-01
9.757825e-01
9.756305e-01
9.533647e-01
9.269724e-01
9.209762e-01
9.410261e-01
9.337550e-01
9.545558e-01
9.757881e-01
9.756292e-01
9.533520e-01
9.269323e-01
9.208200e-01
9.411712e-01
9.338252e-01
9.545806e-01
9.757939e-01
9.756278e-01
9.533390e-01
9.268915e-01
9.206607e-01
9.413190e-01
9.338968e-01
9.546059e-01
9.757997e-01
9.756264e-01
9.533258e-01
9.268500e-01
9.204981e-01
9.414695e-01
9.339698e-01
9.546318e-01
9.758057e-01
9.756250e-01
9.533124e-01
9.268077e-01
9.203323e-01
9.416227e-01
9.340443e-01
9.546581e-01
9.758119e-01
9.805676e-01
9.612844e-01
9.379122e-01
9.364407e-01
9.548653e-01
9.444378e-01
9.604290e-01
9.797488e-01
9.805472e-01
9.611769e-01
9.376706e-01
9.357141e-01
9.542585e-01
9.445246e-01
9.606536e-01
9.798632e-01
9.805264e-01
9.610675e-01
9.374266e-01
9.349843e-01
9.536427e-01
9.446131e-01
9.608836e-01
9.799805e-01
9.805052e-01
9.609563e-01
9.371802e-01
9.342521e-01
9.530181e-01
9.447034e-01
9.611193e-01
9.801008e-01
9.804835e-01
9.608430e-01
9.369314e-01
9.335184e-01
9.523849e-01
9.447955e-01
9.613607e-01
9.802243e-01
9.804614e-01
9.607277e-01
9.366804e-01
9.327842e-01
9.517433e-01
9.448896e-01
9.616082e-01
9.803510e-01
9.804388e-01
9.606104e-01
9.364272e-01
9.320505e-01
9.510936e-01
9.449856e-01
9.618619e-01
9.804810e-01
9.804157e-01
9.604910e-01
9.361719e-01
9.313186e-01
9.504361e-01
9.450836e-01
9.621220e-01
9.806145e-01
9.803921e-01
9.603694e-01
9.359146e-01
9.305896e-01
9.497712e-01
9.451836e-01
9.623886e-01
9.807516e-01
9.803681e-01
9.602457e-01
9.356554e-01
9.298649e-01
9.490992e-01
9.452859e-01
9.626621e-01
9.808923e-01
9.803435e-01
9.601196e-01
9.353944e-01
9.291459e-01
9.484208e-01
9.453903e-01
9.629425e-01
9.810369e-01
9.803183e-01
9.599913e-01
9.351318e-01
9.284340e-01
9.477363e-01
9.454970e-01
9.632302e-01
9.811853e-01
9.802927e-01
9.598606e-01
9.348677e-01
9.277311e-01
9.470465e-01
9.456061e-01
9.635253e-01
9.813379e-01
9.802664e-01
9.597276e-01
9.346024e-01
9.270386e-01
9.463519e-01
9.457177e-01
9.638282e-01
9.814945e-01
9.802395e-01
9.595920e-01
9.343360e-01
9.263586e-01
9.456533e-01
9.458317e-01
9.641389e-01
9.816555e-01
9.802120e-01
9.594540e-01
9.340686e-01
9.256928e-01
9.449515e-01
9.459484e-01
9.644579e-01
9.818210e-01
9.936206e-01
9.857838e-01
9.752675e-01
9.674609e-01
9.720593e-01
9.776519e-01
9.867275e-01
9.939405e-01
9.936235e-01
9.857854e-01
9.752624e-01
9.673941e-01
9.721076e-01
9.776871e-01
9.867486e-01
9.939493e-01
9.936264e-01
9.857870e-01
9.752571e-01
9.673263e-01
9.721566e-01
9.777228e-01
9.867700e-01
9.939582e-01
9.936294e-01
9.857886e-01
9.752519e-01
9.672576e-01
9.722063e-01
9.777590e-01
9.867917e-01
9.939673e-01
9.936324e-01
9.857903e-01
9.752466e-01
9.671880e-01
9.722567e-01
9.777957e-01
9.868137e-01
9.939764e-01
9.936355e-01
9.857920e-01
9.752412e-01
9.671173e-01
9.723078e-01
9.778329e-01
9.868360e-01
9.939857e-01
9.936387e-01
9.857937e-01
9.752358e-01
9.670457e-01
9.723596e-01
9.778706e-01
9.868587e-01
9.939952e-01
9.936419e-01
9.857955e-01
9.752303e-01
9.669730e-01
9.724122e-01
9.779089e-01
9.868817e-01
9.940048e-01
9.936451e-01
9.857973e-01
9.752248e-01
9.668993e-01
9.724656e-01
9.779478e-01
9.869051e-01
9.940145e-01
9.936484e-01
9.857991e-01
9.752192e-01
9.668245e-01
9.725197e-01
9.779872e-01
9.869288e-01
9.940244e-01
9.936517e-01
9.858010e-01
9.752136e-01
9.667486e-01
9.725747e-01
9.780272e-01
9.869529e-01
9.940345e-01
9.936551e-01
9.858029e-01
9.752080e-01
9.666716e-01
9.726305e-01
9.780678e-01
9.869773e-01
9.940447e-01
9.936585e-01
9.858048e-01
9.752023e-01
9.665935e-01
9.726871e-01
9.781090e-01
9.870021e-01
9.940550e-01
9.936620e-01
9.858068e-01
9.751965e-01
9.665142e-01
9.727446e-01
9.781508e-01
9.870273e-01
9.940655e-01
9.936656e-01
9.858089e-01
9.751907e-01
9.664337e-01
9.728029e-01
9.781932e-01
9.870529e-01
9.940762e-01
9.936692e-01
9.858110e-01
9.751848e-01
9.663520e-01
9.728621e-01
9.782363e-01
9.870789e-01
9.940871e-01
9.942392e-01
9.869829e-01
9.771163e-01
9.687507e-01
9.737349e-01
9.795779e-01
9.880224e-01
9.945721e-01
9.942405e-01
9.869840e-01
9.771154e-01
9.687301e-01
9.737687e-01
9.795940e-01
9.880307e-01
9.945756e-01
9.942418e-01
9.869852e-01
9.771146e-01
9.687091e-01
9.738029e-01
9.796103e-01
9.880392e-01
9.945792e-01
9.942431e-01
9.869864e-01
9.771138e-01
9.686879e-01
9.738378e-01
9.796269e-01
9.880477e-01
9.945828e-01
9.942445e-01
9.869877e-01
9.771129e-01
9.686662e-01
9.738731e-01
9.796437e-01
9.880564e-01
9.945865e-01
9.942459e-01
9.869889e-01
9.771121e-01
9.686443e-01
9.739090e-01
9.796608e-01
9.880653e-01
9.945903e-01
9.942473e-01
9.869902e-01
9.771112e-01
9.686219e-01
9.739455e-01
9.796782e-01
9.880742e-01
9.945941e-01
9.942487e-01
9.869915e-01
9.771104e-01
9.685992e-01
9.739826e-01
9.796958e-01
9.880834e-01
9.945980e-01
9.942501e-01
9.869928e-01
9.771095e-01
9.685762e-01
9.740202e-01
9.797138e-01
9.880926e-01
9.946019e-01
9.942516e-01
9.869942e-01
9.771086e-01
9.685527e-01
9.740585e-01
9.797320e-01
9.881021e-01
9.946059e-01
9.942531e-01
9.869955e-01
9.771077e-01
9.685288e-01
9.740974e-01
9.797506e-01
9.881117e-01
9.946100e-01
9.942546e-01
9.869970e-01
9.771068e-01
9.685045e-01
9.741369e-01
9.797694e-01
9.881214e-01
9.946142e-01
9.942562e-01
9.869984e-01
9.771059e-01
9.684798e-01
9.741771e-01
9.797886e-01
9.881313e-01
9.946184e-01
9.942577e-01
9.869998e-01
9.771050e-01
9.684547e-01
9.742180e-01
9.798081e-01
9.881414e-01
9.946227e-01
9.942594e-01
9.870013e-01
9.771041e-01
9.684291e-01
9.742595e-01
9.798280e-01
9.881517e-01
9.946271e-01
9.942610e-01
9.870029e-01
9.771031e-01
9.684031e-01
9.743017e-01
9.798482e-01
9.881621e-01
9.946315e-01
9.942504e-01
9.869991e-01
9.771364e-01
9.687653e-01
9.737430e-01
9.795738e-01
9.880084e-01
9.945527e-01
9.942518e-01
9.870004e-01
9.771359e-01
9.687459e-01
9.737756e-01
9.795895e-01
9.880166e-01
9.945563e-01
9.942532e-01
9.870018e-01
9.771353e-01
9.687260e-01
9.738087e-01
9.796054e-01
9.880249e-01
9.945599e-01
9.942546e-01
9.870031e-01
9.771348e-01
9.687058e-01
9.738425e-01
9.796216e-01
9.880334e-01
9.945636e-01
9.942561e-01
9.870045e-01
9.771343e-01
9.686853e-01
9.738768e-01
9.796381e-01
9.880420e-01
9.945673e-01
9.942575e-01
9.870060e-01
9.771337e-01
9.686643e-01
9.739118e-01
9.796549e-01
9.880508e-01
9.945712e-01
9.942591e-01
9.870074e-01
9.771332e-01
9.686429e-01
9.739474e-01
9.796720e-01
9.880597e-01
9.945751e-01
9.942606e-01
9.870089e-01
9.771326e-01
9.686212e-01
9.739836e-01
9.796895e-01
9.880689e-01
9.945790e-01
9.942622e-01
9.870104e-01
9.771321e-01
9.685990e-01
9.740205e-01
9.797073e-01
9.880781e-01
9.945831e-01
9.942638e-01
9.870120e-01
9.771315e-01
9.685764e-01
9.740581e-01
9.797254e-01
9.880876e-01
9.945872e-01
9.942654e-01
9.870136e-01
9.771309e-01
9.685533e-01
9.740965e-01
9.797438e-01
9.880973e-01
9.945914e-01
9.942670e-01
9.870152e-01
9.771304e-01
9.685298e-01
9.741355e-01
9.797627e-01
9.881071e-01
9.945957e-01
9.942687e-01
9.870169e-01
9.771298e-01
9.685058e-01
9.741753e-01
9.797819e-01
9.881172e-01
9.946000e-01
9.942705e-01
9.870186e-01
9.771292e-01
9.684813e-01
9.742159e-01
9.798014e-01
9.881274e-01
9.946045e-01
9.942723e-01
9.870203e-01
9.771286e-01
9.684564e-01
9.742573e-01
9.798214e-01
9.881379e-01
9.946091e-01
9.942741e-01
9.870221e-01
9.771280e-01
9.684309e-01
9.742995e-01
9.798418e-01
9.881485e-01
9.946137e-01
9.942607e-01
9.870149e-01
9.771572e-01
9.687776e-01
9.737484e-01
9.795643e-01
9.879901e-01
9.945312e-01
9.942625e-01
9.870167e-01
9.771570e-01
9.687570e-01
9.737838e-01
9.795814e-01
9.879991e-01
9.945352e-01
9.942643e-01
9.870185e-01
9.771569e-01
9.687358e-01
9.738199e-01
9.795989e-01
9.880082e-01
9.945392e-01
9.942661e-01
9.870204e-01
9.771568e-01
9.687143e-01
9.738568e-01
9.796167e-01
9.880176e-01
9.945433e-01
9.942680e-01
9.870224e-01
9.771567e-01
9.686922e-01
9.738945e-01
9.796349e-01
9.880271e-01
9.945474e-01
9.942699e-01
9.870243e-01
9.771566e-01
9.686697e-01
9.739329e-01
9.796535e-01
9.880369e-01
9.945517e-01
9.942718e-01
9.870264e-01
9.771565e-01
9.686466e-01
9.739722e-01
9.796725e-01
9.880469e-01
9.945561e-01
9.942739e-01
9.870284e-01
9.771564e-01
9.686231e-01
9.740123e-01
9.796920e-01
9.880571e-01
9.945605e-01
9.942759e-01
9.870305e-01
9.771563e-01
9.685990e-01
9.740534e-01
9.797118e-01
9.880675e-01
9.945651e-01
9.942780e-01
9.870327e-01
9.771562e-01
9.685743e-01
9.740953e-01
9.797321e-01
9.880782e-01
9.945698e-01
9.942801e-01
9.870349e-01
9.771562e-01
9.685491e-01
9.741382e-01
9.797529e-01
9.880891e-01
9.945745e-01
9.942823e-01
9.870372e-01
9.771561e-01
9.685232e-01
9.741820e-01
9.797742e-01
9.881003e-01
9.945794e-01
9.942846e-01
9.870395e-01
9.771560e-01
9.684968e-01
9.742268e-01
9.797959e-01
9.881117e-01
9.945844e-01
9.942869e-01
9.870419e-01
9.771559e-01
9.684696e-01
9.742727e-01
9.798182e-01
9.881234e-01
9.945895e-01
9.942893e-01
9.870444e-01
9.771559e-01
9.684419e-01
9.743197e-01
9.798410e-01
9.881354e-01
9.945948e-01
9.942917e-01
9.870469e-01
9.771558e-01
9.684134e-01
9.743677e-01
9.798643e-01
9.881477e-01
9.946002e-01
9.942660e-01
9.871439e-01
9.774749e-01
9.686617e-01
9.729874e-01
9.790856e-01
9.876947e-01
9.943857e-01
9.942702e-01
9.871486e-01
9.774765e-01
9.686491e-01
9.730884e-01
9.791325e-01
9.877172e-01
9.943952e-01
9.942746e-01
9.871534e-01
9.774781e-01
9.686362e-01
9.731919e-01
9.791805e-01
9.877403e-01
9.944049e-01
9.942791e-01
9.871584e-01
9.774798e-01
9.686231e-01
9.732979e-01
9.792298e-01
9.877640e-01
9.944149e-01
9.942837e-01
9.871635e-01
9.774815e-01
9.686097e-01
9.734065e-01
9.792803e-01
9.877884e-01
9.944251e-01
9.942884e-01
9.871687e-01
9.774833e-01
9.685961e-01
9.735179e-01
9.793323e-01
9.878134e-01
9.944355e-01
9.942932e-01
9.871740e-01
9.774851e-01
9.685821e-01
9.736321e-01
9.793856e-01
9.878390e-01
9.944463e-01
9.942982e-01
9.871795e-01
9.774869e-01
9.685679e-01
9.737493e-01
9.794404e-01
9.878654e-01
9.944574e-01
9.943033e-01
9.871852e-01
9.774889e-01
9.685533e-01
9.738696e-01
9.794967e-01
9.878924e-01
9.944687e-01
9.943086e-01
9.871910e-01
9.774908e-01
9.685384e-01
9.739930e-01
9.795546e-01
9.879203e-01
9.944804e-01
9.943140e-01
9.871970e-01
9.774929e-01
9.685232e-01
9.741198e-01
9.796141e-01
9.879489e-01
9.944924e-01
9.943195e-01
9.872031e-01
9.774950e-01
9.685077e-01
9.742500e-01
9.796754e-01
9.879784e-01
9.945048e-01
9.943252e-01
9.872095e-01
9.774971e-01
9.684918e-01
9.743837e-01
9.797384e-01
9.880087e-01
9.945175e-01
9.943311e-01
9.872160e-01
9.774994e-01
9.684756e-01
9.745212e-01
9.798034e-01
9.880399e-01
9.945306e-01
9.943371e-01
9.872227e-01
9.775017e-01
9.684590e-01
9.746626e-01
9.798702e-01
9.880721e-01
9.945441e-01
9.943434e-01
9.872296e-01
9.775040e-01
9.684420e-01
9.748080e-01
9.799392e-01
9.881052e-01
9.945580e-01
9.944251e-01
9.876462e-01
9.784326e-01
9.686898e-01
9.740296e-01
9.795514e-01
9.878789e-01
9.944233e-01
9.944276e-01
9.876488e-01
9.784335e-01
9.687433e-01
9.741877e-01
9.796191e-01
9.879057e-01
9.944329e-01
9.944301e-01
9.876515e-01
9.784345e-01
9.687995e-01
9.743510e-01
9.796894e-01
9.879335e-01
9.944429e-01
9.944328e-01
9.876543e-01
9.784355e-01
9.688587e-01
9.745199e-01
9.797624e-01
9.879623e-01
9.944533e-01
9.944355e-01
9.876572e-01
9.784365e-01
9.689210e-01
9.746945e-01
9.798383e-01
9.879923e-01
9.944641e-01
9.944384e-01
9.876602e-01
9.784376e-01
9.689867e-01
9.748753e-01
9.799171e-01
9.880235e-01
9.944753e-01
9.944413e-01
9.876632e-01
9.784387e-01
9.690561e-01
9.750624e-01
9.799992e-01
9.880560e-01
9.944870e-01
9.944443e-01
9.876664e-01
9.784399e-01
9.691293e-01
9.752562e-01
9.800845e-01
9.880897e-01
9.944991e-01
9.944475e-01
9.876698e-01
9.784411e-01
9.692068e-01
9.754570e-01
9.801735e-01
9.881249e-01
9.945118e-01
9.944508e-01
9.876732e-01
9.784423e-01
9.692888e-01
9.756652e-01
9.802662e-01
9.881615e-01
9.945250e-01
9.944542e-01
9.876768e-01
9.784436e-01
9.693757e-01
9.758811e-01
9.803628e-01
9.881998e-01
9.945387e-01
9.944577e-01
9.876805e-01
9.784449e-01
9.694679e-01
9.761052e-01
9.804636e-01
9.882397e-01
9.945531e-01
9.944614e-01
9.876843e-01
9.784463e-01
9.695659e-01
9.763377e-01
9.805689e-01
9.882813e-01
9.945681e-01
9.944652e-01
9.876883e-01
9.784477e-01
9.696700e-01
9.765792e-01
9.806789e-01
9.883249e-01
9.945838e-01
9.944692e-01
9.876925e-01
9.784492e-01
9.697809e-01
9.768302e-01
9.807939e-01
9.883705e-01
9.946002e-01
9.944734e-01
9.876968e-01
9.784507e-01
9.698991e-01
9.770911e-01
9.809142e-01
9.884182e-01
9.946174e-01
SCALARS aspect_ratio double 1
LOOKUP_TABLE default
1.568387e+01
1.557630e+01
1.567419e+01
1.495505e+01
1.896605e+01
2.341876e+01
2.587267e+01
2.671506e+01
1.931052e+01
1.884398e+01
1.821711e+01
1.581835e+01
1.705278e+01
1.810179e+01
1.873226e+01
1.920303e+01
1.920171e+01
1.873781e+01
1.811446e+01
1.572921e+01
1.695670e+01
1.799980e+01
1.862671e+01
1.909484e+01
1.909291e+01
1.863164e+01
1.801182e+01
1.564008e+01
1.686061e+01
1.789781e+01
1.852117e+01
1.898664e+01
1.898412e+01
1.852547e+01
1.790919e+01
1.555095e+01
1.676453e+01
1.779582e+01
1.841563e+01
1.887845e+01
1.887532e+01
1.841930e+01
1.780655e+01
1.546183e+01
1.666846e+01
1.769384e+01
1.831009e+01
1.877026e+01
1.876653e+01
1.831314e+01
1.770392e+01
1.537271e+01
1.657239e+01
1.759186e+01
1.820456e+01
1.866208e+01
1.865775e+01
1.820699e+01
1.760130e+01
1.528359e+01
1.647632e+01
1.748988e+01
1.809903e+01
1.855390e+01
1.854897e+01
1.810083e+01
1.749868e+01
1.519448e+01
1.638026e+01
1.738791e+01
1.799351e+01
1.844572e+01
1.844019e+01
1.799468e+01
1.739606e+01
1.510537e+01
1.628420e+01
1.728594e+01
1.788799e+01
1.833755e+01
1.833142e+01
1.788854e+01
1.729345e+01
1.501626e+01
1.618815e+01
1.718397e+01
1.778248e+01
1.822939e+01
1.822265e+01
1.778240e+01
1.719084e+01
1.492716e+01
1.609210e+01
1.708201e+01
1.767696e+01
1.812122e+01
1.811389e+01
1.767626e+01
1.708823e+01
1.483806e+01
1.599605e+01
1.698006e+01
1.757146e+01
1.801306e+01
1.800513e+01
1.757013e+01
1.698563e+01
1.474896e+01
1.590001e+01
1.687811e+01
1.746596e+01
1.790491e+01
1.789637e+01
1.746400e+01
1.688303e+01
1.465987e+01
1.580397e+01
1.677616e+01
1.736046e+01
1.779676e+01
1.778762e+01
1.735788e+01
1.678044e+01
1.457079e+01
1.570794e+01
1.667422e+01
1.725496e+01
1.768862e+01
1.757117e+01
1.705641e+01
1.638013e+01
1.413500e+01
1.524902e+01
1.630325e+01
1.698869e+01
1.751054e+01
1.745067e+01
1.693943e+01
1.626779e+01
1.403805e+01
1.514444e+01
1.619144e+01
1.687218e+01
1.739044e+01
1.733016e+01
1.682246e+01
1.615546e+01
1.394111e+01
1.503986e+01
1.607963e+01
1.675567e+01
1.727036e+01
1.720966e+01
1.670549e+01
1.604312e+01
1.384417e+01
1.493528e+01
1.596783e+01
1.663916e+01
1.715027e+01
1.708916e+01
1.658852e+01
1.593079e+01
1.374723e+01
1.483070e+01
1.585602e+01
1.652266e+01
1.703019e+01
1.696867e+01
1.647156e+01
1.581847e+01
1.365030e+01
1.472613e+01
1.574422e+01
1.640616e+01
1.691011e+01
1.684818e+01
1.635460e+01
1.570614e+01
1.355337e+01
1.462157e+01
1.563243e+01
1.628966e+01
1.679003e+01
1.672769e+01
1.623764e+01
1.559382e+01
1.345644e+01
1.451700e+01
1.552063e+01
1.617317e+01
1.666996e+01
1.660721e+01
1.612068e+01
1.548150e+01
1.335952e+01
1.441244e+01
1.540884e+01
1.605668e+01
1.654990e+01
1.648673e+01
1.600373e+01
1.536919e+01
1.326260e+01
1.430788e+01
1.529706e+01
1.594019e+01
1.642983e+01
1.636625e+01
1.588679e+01
1.525688e+01
1.316568e+01
1.420333e+01
1.518527e+01
1.582371e+01
1.630977e+01
1.624578e+01
1.576985e+01
1.514458e+01
1.306877e+01
1.409878e+01
1.507350e+01
1.570723e+01
1.618972e+01
1.612531e+01
1.565291e+01
1.503228e+01
1.297185e+01
1.399423e+01
1.496172e+01
1.559076e+01
1.606966e+01
1.600485e+01
1.553597e+01
1.491998e+01
1.287495e+01
1.388969e+01
1.484995e+01
1.547429e+01
1.594962e+01
1.588439e+01
1.541904e+01
1.480768e+01
1.277804e+01
1.378515e+01
1.473818e+01
1.535782e+01
1.582957e+01
1.576394e+01
1.530212e+01
1.469539e+01
1.268114e+01
1.368062e+01
1.462642e+01
1.524136e+01
1.570953e+01
1.570764e+01
1.530910e+01
1.477643e+01
1.281260e+01
1.381940e+01
1.470023e+01
1.524036e+01
1.564421e+01
1.559558e+01
1.519989e+01
1.467102e+01
1.272120e+01
1.372081e+01
1.459536e+01
1.513164e+01
1.553260e+01
1.548352e+01
1.509067e+01
1.456560e+01
1.262979e+01
1.362222e+01
1.449049e+01
1.502292e+01
1.542100e+01
1.537147e+01
1.498147e+01
1.446019e+01
1.253839e+01
1.352364e+01
1.438562e+01
1.491420e+01
1.530940e+01
1.525942e+01
1.487226e+01
1.435479e+01
1.244699e+01
1.342506e+01
1.428076e+01
1.480548e+01
1.519780e+01
1.514737e+01
1.476306e+01
1.424938e+01
1.235559e+01
1.332648e+01
1.417590e+01
1.469677e+01
1.508621e+01
1.503533e+01
1.465386e+01
1.414398e+01
1.226419e+01
1.322790e+01
1.407104e+01
1.458806e+01
1.497462e+01
1.492329e+01
1.454466e+01
1.403858e+01
1.217280e+01
1.312933e+01
1.396618e+01
1.447935e+01
1.486303e+01
1.481126e+01
1.443546e+01
1.393319e+01
1.208141e+01
1.303076e+01
1.386133e+01
1.437065e+01
1.475145e+01
1.469922e+01
1.432627e+01
1.382780e+01
1.199002e+01
1.293220e+01
1.375649e+01
1.426195e+01
1.463987e+01
1.458719e+01
1.421709e+01
1.372241e+01
1.189864e+01
1.283364e+01
1.365164e+01
1.415325e+01
1.452829e+01
1.447517e+01
1.410790e+01
1.361703e+01
1.180726e+01
1.273508e+01
1.354680e+01
1.404456e+01
1.441672e+01
1.436314e+01
1.399872e+01
1.351164e+01
1.171588e+01
1.263652e+01
1.344196e+01
1.393587e+01
1.430515e+01
1.425113e+01
1.388955e+01
1.340627e+01
1.162451e+01
1.253797e+01
1.333713e+01
1.382718e+01
1.419358e+01
1.413911e+01
1.378037e+01
1.330089e+01
1.153314e+01
1.243942e+01
1.323230e+01
1.371850e+01
1.408202e+01
1.402710e+01
1.367120e+01
1.319552e+01
1.144177e+01
1.234088e+01
1.312747e+01
1.360982e+01
1.397046e+01
1.387708e+01
1.357111e+01
1.317010e+01
1.149925e+01
1.244677e+01
1.321678e+01
1.365747e+01
1.397823e+01
1.377573e+01
1.347199e+01
1.307391e+01
1.141527e+01
1.235586e+01
1.312025e+01
1.355772e+01
1.387614e+01
1.367438e+01
1.337288e+01
1.297773e+01
1.133128e+01
1.226495e+01
1.302372e+01
1.345797e+01
1.377405e+01
1.357303e+01
1.327377e+01
1.288154e+01
1.124730e+01
1.217405e+01
1.292720e+01
1.335823e+01
1.367196e+01
1.347169e+01
1.317466e+01
1.278536e+01
1.116332e+01
1.208315e+01
1.283068e+01
1.325849e+01
1.356988e+01
1.337035e+01
1.307555e+01
1.268919e+01
1.107934e+01
1.199225e+01
1.273416e+01
1.315876e+01
1.346780e+01
1.326901e+01
1.297645e+01
1.259301e+01
1.099536e+01
1.190136e+01
1.263764e+01
1.305902e+01
1.336573e+01
1.316768e+01
1.287735e+01
1.249684e+01
1.091139e+01
1.181047e+01
1.254113e+01
1.295929e+01
1.326365e+01
1.306634e+01
1.277825e+01
1.240067e+01
1.082742e+01
1.171958e+01
1.244462e+01
1.285956e+01
1.316158e+01
1.296502e+01
1.267916e+01
1.230450e+01
1.074346e+01
1.162870e+01
1.234811e+01
1.275984e+01
1.305952e+01
1.286369e+01
1.258006e+01
1.220834e+01
1.065949e+01
1.153781e+01
1.225161e+01
1.266012e+01
1.295745e+01
1.276237e+01
1.248098e+01
1.211218e+01
1.057553e+01
1.144694e+01
1.215511e+01
1.256040e+01
1.285539e+01
1.266105e+01
1.238189e+01
1.201602e+01
1.049158e+01
1.135606e+01
1.205861e+01
1.246068e+01
1.275334e+01
1.255973e+01
1.228281e+01
1.191987e+01
1.040762e+01
1.126520e+01
1.196212e+01
1.236097e+01
1.265128e+01
1.245842e+01
1.218373e+01
1.182372e+01
1.032367e+01
1.117433e+01
1.186562e+01
1.226126e+01
1.254923e+01
1.235711e+01
1.208466e+01
1.172757e+01
1.023973e+01
1.108347e+01
1.176914e+01
1.216156e+01
1.244718e+01
1.227540e+01
1.205725e+01
1.177431e+01
1.035349e+01
1.122356e+01
1.185954e+01
1.218813e+01
1.242035e+01
1.218717e+01
1.197058e+01
1.168968e+01
1.027906e+01
1.114288e+01
1.177430e+01
1.210052e+01
1.233108e+01
1.209894e+01
1.188392e+01
1.160506e+01
1.020464e+01
1.106220e+01
1.168906e+01
1.201292e+01
1.224181e+01
1.201072e+01
1.179726e+01
1.152043e+01
1.013022e+01
1.098152e+01
1.160382e+01
1.192532e+01
1.215254e+01
1.192249e+01
1.171061e+01
1.143581e+01
1.005581e+01
1.090085e+01
1.151858e+01
1.183773e+01
1.206327e+01
1.183427e+01
1.162396e+01
1.135119e+01
9.981394e+00
1.082018e+01
1.143335e+01
1.175013e+01
1.197401e+01
1.174605e+01
1.153730e+01
1.126657e+01
9.906984e+00
1.073951e+01
1.134812e+01
1.166254e+01
1.188475e+01
1.165784e+01
1.145066e+01
1.118196e+01
9.832578e+00
1.065885e+01
1.126289e+01
1.157495e+01
1.179549e+01
1.156962e+01
1.136401e+01
1.109734e+01
9.758175e+00
1.057820e+01
1.117767e+01
1.148737e+01
1.170624e+01
1.148141e+01
1.127737e+01
1.101273e+01
9.683775e+00
1.049755e+01
1.109244e+01
1.139978e+01
1.161698e+01
1.139320e+01
1.119073e+01
1.092813e+01
9.609379e+00
1.041690e+01
1.100722e+01
1.131220e+01
1.152774e+01
1.130500e+01
1.110409e+01
1.084352e+01
9.534987e+00
1.033626e+01
1.092201e+01
1.122462e+01
1.143849e+01
1.121680e+01
1.101746e+01
1.075892e+01
9.460599e+00
1.025562e+01
1.083679e+01
1.113705e+01
1.134924e+01
1.112860e+01
1.093082e+01
1.067432e+01
9.386214e+00
1.017499e+01
1.075158e+01
1.104948e+01
1.126000e+01
1.104040e+01
1.084419e+01
1.058973e+01
9.311833e+00
1.009437e+01
1.066638e+01
1.096191e+01
1.117077e+01
1.095221e+01
1.075757e+01
1.050513e+01
9.237457e+00
1.001375e+01
1.058117e+01
1.087434e+01
1.108153e+01
1.085830e+01
1.064369e+01
1.036438e+01
9.083078e+00
9.829155e+00
1.039560e+01
1.070493e+01
1.093027e+01
1.076491e+01
1.055214e+01
1.027523e+01
9.005089e+00
9.744714e+00
1.030620e+01
1.061286e+01
1.083626e+01
1.067152e+01
1.046059e+01
1.018609e+01
8.927103e+00
9.660274e+00
1.021680e+01
1.052078e+01
1.074224e+01
1.057812e+01
1.036905e+01
1.009694e+01
8.849120e+00
9.575836e+00
1.012741e+01
1.042871e+01
1.064822e+01
1.048474e+01
1.027750e+01
1.000780e+01
8.771141e+00
9.491399e+00
1.003801e+01
1.033664e+01
1.055421e+01
1.039135e+01
1.018596e+01
9.918663e+00
8.693165e+00
9.406965e+00
9.948620e+00
1.024457e+01
1.046020e+01
1.029796e+01
1.009442e+01
9.829528e+00
8.615192e+00
9.322532e+00
9.859230e+00
1.015250e+01
1.036620e+01
1.020458e+01
1.000289e+01
9.740395e+00
8.537223e+00
9.238101e+00
9.769843e+00
1.006044e+01
1.027219e+01
1.011120e+01
9.911353e+00
9.651265e+00
8.459258e+00
9.153672e+00
9.680458e+00
9.968379e+00
1.017819e+01
1.001782e+01
9.819822e+00
9.562138e+00
8.381297e+00
9.069245e+00
9.591075e+00
9.876322e+00
1.008420e+01
9.924447e+00
9.728294e+00
9.473014e+00
8.303339e+00
8.984821e+00
9.501694e+00
9.784268e+00
9.990202e+00
9.831074e+00
9.636768e+00
9.383893e+00
8.225386e+00
8.900398e+00
9.412316e+00
9.692217e+00
9.896210e+00
9.737704e+00
9.545245e+00
9.294775e+00
8.147437e+00
8.815978e+00
9.322941e+00
9.600169e+00
9.802222e+00
9.644336e+00
9.453725e+00
9.205661e+00
8.069492e+00
8.731560e+00
9.233569e+00
9.508124e+00
9.708237e+00
9.550971e+00
9.362208e+00
9.116549e+00
7.991551e+00
8.647144e+00
9.144199e+00
9.416082e+00
9.614256e+00
9.457609e+00
9.270695e+00
9.027441e+00
7.913615e+00
8.562731e+00
9.054832e+00
9.324044e+00
9.520278e+00
9.278558e+00
9.134005e+00
8.952675e+00
7.955307e+00
8.575103e+00
8.938682e+00
9.213836e+00
9.441738e+00
9.184463e+00
9.040998e+00
8.860341e+00
7.876650e+00
8.488674e+00
8.848885e+00
9.119145e+00
9.344272e+00
9.090373e+00
8.948050e+00
8.768219e+00
7.798911e+00
8.402938e+00
8.759091e+00
9.024624e+00
9.247014e+00
8.996290e+00
8.855162e+00
8.676318e+00
7.722117e+00
8.317918e+00
8.669300e+00
8.930279e+00
9.149970e+00
8.902213e+00
8.762336e+00
8.584643e+00
7.646297e+00
8.233635e+00
8.579512e+00
8.836116e+00
9.053146e+00
8.808142e+00
8.669575e+00
8.493203e+00
7.571479e+00
8.150113e+00
8.489727e+00
8.742140e+00
8.956551e+00
8.714078e+00
8.576879e+00
8.402004e+00
7.497695e+00
8.067374e+00
8.399946e+00
8.648358e+00
8.860190e+00
8.620021e+00
8.484253e+00
8.311055e+00
7.424974e+00
7.985443e+00
8.310168e+00
8.554777e+00
8.764073e+00
8.525971e+00
8.391697e+00
8.220364e+00
7.353349e+00
7.904345e+00
8.220393e+00
8.461401e+00
8.668207e+00
8.431929e+00
8.299215e+00
8.129940e+00
7.282851e+00
7.824106e+00
8.130622e+00
8.368240e+00
8.572601e+00
8.337894e+00
8.206808e+00
8.039792e+00
7.213514e+00
7.744753e+00
8.040855e+00
8.275299e+00
8.477264e+00
8.243867e+00
8.114479e+00
7.949929e+00
7.145372e+00
7.666314e+00
7.951092e+00
8.182586e+00
8.382204e+00
8.149848e+00
8.022232e+00
7.860361e+00
7.078458e+00
7.588816e+00
7.861333e+00
8.090110e+00
8.287431e+00
8.055838e+00
7.930068e+00
7.771098e+00
7.012809e+00
7.512289e+00
7.771578e+00
7.997878e+00
8.192955e+00
7.961837e+00
7.837991e+00
7.682150e+00
6.948460e+00
7.436763e+00
7.681827e+00
7.905899e+00
8.098787e+00
7.867844e+00
7.746003e+00
7.593529e+00
6.885447e+00
7.362268e+00
7.592081e+00
7.814182e+00
8.004938e+00
7.983339e+00
7.930900e+00
7.855185e+00
7.154769e+00
7.670396e+00
7.879752e+00
7.964144e+00
8.020578e+00
7.925825e+00
7.873757e+00
7.798577e+00
7.103814e+00
7.615525e+00
7.823032e+00
7.906753e+00
7.962765e+00
7.868311e+00
7.816616e+00
7.741973e+00
7.052871e+00
7.560658e+00
7.766314e+00
7.849367e+00
7.904957e+00
7.810799e+00
7.759477e+00
7.685374e+00
7.001940e+00
7.505794e+00
7.709596e+00
7.791984e+00
7.847153e+00
7.753288e+00
7.702341e+00
7.628780e+00
6.951021e+00
7.450934e+00
7.652879e+00
7.734606e+00
7.789353e+00
7.695779e+00
7.645207e+00
7.572190e+00
6.900116e+00
7.396076e+00
7.596163e+00
7.677232e+00
7.731559e+00
7.638270e+00
7.588076e+00
7.515605e+00
6.849223e+00
7.341222e+00
7.539449e+00
7.619862e+00
7.673769e+00
7.580763e+00
7.530947e+00
7.459025e+00
6.798344e+00
7.286372e+00
7.482735e+00
7.562497e+00
7.615984e+00
7.523256e+00
7.473820e+00
7.402450e+00
6.747479e+00
7.231525e+00
7.426023e+00
7.505135e+00
7.558204e+00
7.465751e+00
7.416697e+00
7.345880e+00
6.696627e+00
7.176682e+00
7.369312e+00
7.447779e+00
7.500430e+00
7.408248e+00
7.359576e+00
7.289316e+00
6.645790e+00
7.121842e+00
7.312602e+00
7.390427e+00
7.442660e+00
7.350745e+00
7.302457e+00
7.232757e+00
6.594968e+00
7.067006e+00
7.255893e+00
7.333080e+00
7.384897e+00
7.293244e+00
7.245342e+00
7.176204e+00
6.544160e+00
7.012175e+00
7.199186e+00
7.275738e+00
7.327139e+00
7.235744e+00
7.188229e+00
7.119656e+00
6.493368e+00
6.957347e+00
7.142479e+00
7.218401e+00
7.269386e+00
7.178246e+00
7.131119e+00
7.063114e+00
6.442592e+00
6.902523e+00
7.085774e+00
7.161070e+00
7.211639e+00
7.120749e+00
7.074013e+00
7.006578e+00
6.391831e+00
6.847703e+00
7.029071e+00
7.103743e+00
7.153899e+00
7.071531e+00
7.029437e+00
6.967051e+00
6.355572e+00
6.801575e+00
6.971544e+00
7.035178e+00
7.077066e+00
7.016290e+00
6.974525e+00
6.912626e+00
6.305924e+00
6.748442e+00
6.917085e+00
6.980221e+00
7.021782e+00
6.961050e+00
6.919614e+00
6.858202e+00
6.256277e+00
6.695310e+00
6.862626e+00
6.925265e+00
6.966499e+00
6.905811e+00
6.864703e+00
6.803779e+00
6.206630e+00
6.642179e+00
6.808167e+00
6.870310e+00
6.911217e+00
6.850573e+00
6.809794e+00
6.749357e+00
6.156985e+00
6.589049e+00
6.753710e+00
6.815355e+00
6.855935e+00
6.795335e+00
6.754885e+00
6.694935e+00
6.107339e+00
6.535920e+00
6.699253e+00
6.760402e+00
6.800654e+00
6.740098e+00
6.699976e+00
6.640515e+00
6.057695e+00
6.482791e+00
6.644797e+00
6.705449e+00
6.745374e+00
6.684862e+00
6.645069e+00
6.586094e+00
6.008051e+00
6.429664e+00
6.590342e+00
6.650496e+00
6.690094e+00
6.629626e+00
6.590162e+00
6.531675e+00
5.958408e+00
6.376537e+00
6.535887e+00
6.595545e+00
6.634816e+00
6.574392e+00
6.535257e+00
6.477257e+00
5.908766e+00
6.323411e+00
6.481434e+00
6.540594e+00
6.579538e+00
6.519158e+00
6.480352e+00
6.422839e+00
5.859125e+00
6.270286e+00
6.426981e+00
6.485645e+00
6.524261e+00
6.463925e+00
6.425448e+00
6.368422e+00
5.809484e+00
6.217162e+00
6.372529e+00
6.430696e+00
6.468985e+00
6.408693e+00
6.370545e+00
6.314006e+00
5.759844e+00
6.164039e+00
6.318078e+00
6.375748e+00
6.413710e+00
6.353462e+00
6.315642e+00
6.259591e+00
5.710205e+00
6.110917e+00
6.263628e+00
6.320801e+00
6.358435e+00
6.298232e+00
6.260741e+00
6.205177e+00
5.660567e+00
6.057796e+00
6.209179e+00
6.265855e+00
6.303162e+00
6.243003e+00
6.205841e+00
6.150764e+00
5.610930e+00
6.004676e+00
6.154731e+00
6.210909e+00
6.247890e+00
6.186896e+00
6.150125e+00
6.095550e+00
5.560316e+00
5.949787e+00
6.097720e+00
6.152963e+00
6.189381e+00
6.131672e+00
6.095229e+00
6.041141e+00
5.510685e+00
5.896678e+00
6.043292e+00
6.098041e+00
6.134134e+00
6.076448e+00
6.040333e+00
5.986733e+00
5.461054e+00
5.843571e+00
5.988864e+00
6.043120e+00
6.078889e+00
6.021225e+00
5.985438e+00
5.932325e+00
5.411424e+00
5.790464e+00
5.934437e+00
5.988200e+00
6.023643e+00
5.966003e+00
5.930544e+00
5.877918e+00
5.361794e+00
5.737357e+00
5.880010e+00
5.933281e+00
5.968399e+00
5.910781e+00
5.875651e+00
5.823512e+00
5.312165e+00
5.684252e+00
5.825585e+00
5.878362e+00
5.913155e+00
5.855560e+00
5.820758e+00
5.769106e+00
5.262537e+00
5.631147e+00
5.771159e+00
5.823444e+00
5.857912e+00
5.800339e+00
5.765865e+00
5.714701e+00
5.212909e+00
5.578043e+00
5.716735e+00
5.768526e+00
5.802669e+00
5.745120e+00
5.710974e+00
5.660296e+00
5.163282e+00
5.524939e+00
5.662311e+00
5.713609e+00
5.747427e+00
5.689900e+00
5.656083e+00
5.605893e+00
5.113655e+00
5.471836e+00
5.607888e+00
5.658693e+00
5.692186e+00
5.634682e+00
5.601193e+00
5.551490e+00
5.064029e+00
5.418734e+00
5.553465e+00
5.603777e+00
5.636945e+00
5.579465e+00
5.546304e+00
5.497087e+00
5.014404e+00
5.365633e+00
5.499044e+00
5.548863e+00
5.581706e+00
5.524248e+00
5.491415e+00
5.442686e+00
4.964780e+00
5.312533e+00
5.444623e+00
5.493949e+00
5.526467e+00
5.469032e+00
5.436527e+00
5.388285e+00
4.915156e+00
5.259433e+00
5.390203e+00
5.439036e+00
5.471228e+00
5.413817e+00
5.381640e+00
5.333885e+00
4.865533e+00
5.206335e+00
5.335784e+00
5.384124e+00
5.415991e+00
5.358602e+00
5.326754e+00
5.279486e+00
4.815911e+00
5.153237e+00
5.281366e+00
5.329212e+00
5.360755e+00
5.302469e+00
5.270945e+00
5.224157e+00
4.765352e+00
5.098894e+00
5.225428e+00
5.272647e+00
5.303811e+00
5.247264e+00
5.216068e+00
5.169768e+00
4.715739e+00
5.045808e+00
5.171025e+00
5.217753e+00
5.248592e+00
5.192060e+00
5.161192e+00
5.115379e+00
4.666126e+00
4.992723e+00
5.116623e+00
5.162859e+00
5.193374e+00
5.136856e+00
5.106316e+00
5.060990e+00
4.616515e+00
4.939638e+00
5.062221e+00
5.107965e+00
5.138156e+00
5.081653e+00
5.051441e+00
5.006602e+00
4.566903e+00
4.886554e+00
5.007820e+00
5.053072e+00
5.082939e+00
5.026450e+00
4.996567e+00
4.952215e+00
4.517292e+00
4.833470e+00
4.953419e+00
4.998180e+00
5.027722e+00
4.971248e+00
4.941693e+00
4.897828e+00
4.467682e+00
4.780387e+00
4.899019e+00
4.943288e+00
4.972506e+00
4.916046e+00
4.886819e+00
4.843441e+00
4.418072e+00
4.727305e+00
4.844619e+00
4.888397e+00
4.917290e+00
4.860845e+00
4.831946e+00
4.789055e+00
4.368462e+00
4.674223e+00
4.790220e+00
4.833506e+00
4.862075e+00
4.805644e+00
4.777074e+00
4.734670e+00
4.318854e+00
4.621142e+00
4.735821e+00
4.778616e+00
4.806861e+00
4.750444e+00
4.722202e+00
4.680286e+00
4.269245e+00
4.568061e+00
4.681424e+00
4.723727e+00
4.751647e+00
4.695245e+00
4.667331e+00
4.625902e+00
4.219638e+00
4.514981e+00
4.627026e+00
4.668838e+00
4.696434e+00
4.640047e+00
4.612461e+00
4.571518e+00
4.170031e+00
4.461902e+00
4.572630e+00
4.613950e+00
4.641221e+00
4.584849e+00
4.557591e+00
4.517136e+00
4.120424e+00
4.408824e+00
4.518234e+00
4.559063e+00
4.586009e+00
4.529652e+00
4.502722e+00
4.462754e+00
4.070819e+00
4.355747e+00
4.463839e+00
4.504176e+00
4.530798e+00
4.474455e+00
4.447854e+00
4.408372e+00
4.021214e+00
4.302670e+00
4.409445e+00
4.449290e+00
4.475588e+00
4.417369e+00
4.391142e+00
4.352660e+00
3.968381e+00
4.248537e+00
4.357392e+00
4.398789e+00
4.426074e+00
4.362956e+00
4.337056e+00
4.299048e+00
3.917014e+00
4.196296e+00
4.303641e+00
4.344559e+00
4.371522e+00
4.308545e+00
4.282970e+00
4.245435e+00
3.865652e+00
4.144065e+00
4.249898e+00
4.290334e+00
4.316974e+00
4.254134e+00
4.228885e+00
4.191823e+00
3.814295e+00
4.091846e+00
4.196164e+00
4.236116e+00
4.262431e+00
4.199724e+00
4.174800e+00
4.138211e+00
3.762943e+00
4.039637e+00
4.142439e+00
4.181904e+00
4.207894e+00
4.145315e+00
4.120715e+00
4.084600e+00
3.711596e+00
3.987440e+00
4.088724e+00
4.127698e+00
4.153361e+00
4.090907e+00
4.066632e+00
4.030988e+00
3.660255e+00
3.935256e+00
4.035019e+00
4.073499e+00
4.098834e+00
4.036501e+00
4.012548e+00
3.977377e+00
3.608919e+00
3.883084e+00
3.981325e+00
4.019307e+00
4.044313e+00
3.982095e+00
3.958466e+00
3.923767e+00
3.557590e+00
3.830926e+00
3.927641e+00
3.965122e+00
3.989798e+00
3.927690e+00
3.904384e+00
3.870156e+00
3.506266e+00
3.778781e+00
3.873968e+00
3.910945e+00
3.935289e+00
3.873287e+00
3.850303e+00
3.816546e+00
3.454950e+00
3.726651e+00
3.820307e+00
3.856776e+00
3.880787e+00
3.818885e+00
3.796222e+00
3.762937e+00
3.403640e+00
3.674535e+00
3.766658e+00
3.802615e+00
3.826291e+00
3.764484e+00
3.742142e+00
3.709327e+00
3.352337e+00
3.622436e+00
3.713022e+00
3.748463e+00
3.771803e+00
3.710084e+00
3.688064e+00
3.655718e+00
3.301042e+00
3.570353e+00
3.659399e+00
3.694320e+00
3.717321e+00
3.655686e+00
3.633985e+00
3.602110e+00
3.249754e+00
3.518286e+00
3.605790e+00
3.640186e+00
3.662848e+00
3.601289e+00
3.579908e+00
3.548501e+00
3.198475e+00
3.466238e+00
3.552196e+00
3.586062e+00
3.608382e+00
3.546599e+00
3.526812e+00
3.497599e+00
3.145138e+00
3.412000e+00
3.495717e+00
3.528155e+00
3.549216e+00
3.494103e+00
3.474625e+00
3.445844e+00
3.089842e+00
3.361376e+00
3.443493e+00
3.475647e+00
3.496475e+00
3.441609e+00
3.422438e+00
3.394090e+00
3.034589e+00
3.310819e+00
3.391321e+00
3.423172e+00
3.443761e+00
3.389119e+00
3.370252e+00
3.342336e+00
2.979383e+00
3.260332e+00
3.339204e+00
3.370732e+00
3.391074e+00
3.336632e+00
3.318068e+00
3.290581e+00
2.924224e+00
3.209918e+00
3.287145e+00
3.318329e+00
3.338415e+00
3.284147e+00
3.265884e+00
3.238827e+00
2.869118e+00
3.159582e+00
3.235147e+00
3.265964e+00
3.285786e+00
3.231666e+00
3.213702e+00
3.187073e+00
2.814065e+00
3.109326e+00
3.183213e+00
3.213638e+00
3.233188e+00
3.179188e+00
3.161521e+00
3.135320e+00
2.759070e+00
3.059154e+00
3.131346e+00
3.161355e+00
3.180623e+00
3.126714e+00
3.109341e+00
3.083566e+00
2.704136e+00
3.009072e+00
3.079549e+00
3.109117e+00
3.128093e+00
3.074244e+00
3.057163e+00
3.031813e+00
2.649266e+00
2.959083e+00
3.027827e+00
3.056924e+00
3.075599e+00
3.021778e+00
3.004986e+00
2.980059e+00
2.594466e+00
2.909192e+00
2.976182e+00
3.004781e+00
3.023143e+00
2.969315e+00
2.952810e+00
2.928306e+00
2.539739e+00
2.859404e+00
2.924618e+00
2.952689e+00
2.970727e+00
2.916858e+00
2.900636e+00
2.876553e+00
2.485090e+00
2.809726e+00
2.873142e+00
2.900652e+00
2.918353e+00
2.864404e+00
2.848464e+00
2.824801e+00
2.430525e+00
2.760162e+00
2.821756e+00
2.848671e+00
2.866024e+00
2.811956e+00
2.796293e+00
2.773048e+00
2.376049e+00
2.710719e+00
2.770466e+00
2.796752e+00
2.813742e+00
2.759513e+00
2.744124e+00
2.721296e+00
2.321668e+00
2.661404e+00
2.719278e+00
2.744896e+00
2.761511e+00
SCALARS growth double 1
LOOKUP_TABLE default
1.238172e+00
1.216602e+00
1.168783e+00
1.110906e+00
1.106001e+00
1.286481e+00
1.373444e+00
1.383395e+00
1.238172e+00
1.216602e+00
1.168783e+00
1.110882e+00
1.106001e+00
1.286481e+00
1.373444e+00
1.383395e+00
1.000138e+00
1.000375e+00
1.110883e+00
1.110883e+00
1.079795e+00
1.026772e+00
1.002032e+00
1.000371e+00
1.000138e+00
1.000375e+00
1.110883e+00
1.110883e+00
1.079796e+00
1.026772e+00
1.002032e+00
1.000371e+00
1.000138e+00
1.000375e+00
1.110883e+00
1.110883e+00
1.079796e+00
1.026772e+00
1.002032e+00
1.000371e+00
1.000138e+00
1.000375e+00
1.110884e+00
1.110884e+00
1.079796e+00
1.026772e+00
1.002032e+00
1.000371e+00
1.000138e+00
1.000375e+00
1.110884e+00
1.110884e+00
1.079797e+00
1.026772e+00
1.002032e+00
1.000371e+00
1.000138e+00
1.000375e+00
1.110885e+00
1.110885e+00
1.079797e+00
1.026773e+00
1.002032e+00
1.000371e+00
1.000138e+00
1.000375e+00
1.110885e+00
1.110885e+00
1.079797e+00
1.026773e+00
1.002032e+00
1.000371e+00
1.000138e+00
1.000375e+00
1.110885e+00
1.110885e+00
1.079798e+00
1.026772e+00
1.002032e+00
1.000371e+00
1.000138e+00
1.000375e+00
1.110886e+00
1.110886e+00
1.079798e+00
1.026772e+00
1.002032e+00
1.000371e+00
1.000138e+00
1.000375e+00
1.110886e+00
1.110886e+00
1.079798e+00
1.026772e+00
1.002032e+00
1.000371e+00
1.000138e+00
1.000375e+00
1.110886e+00
1.110886e+00
1.079799e+00
1.026772e+00
1.002032e+00
1.000371e+00
1.000138e+00
1.000375e+00
1.110887e+00
1.110887e+00
1.079799e+00
1.026772e+00
1.002032e+00
1.000371e+00
1.000138e+00
1.000375e+00
1.110887e+00
1.110887e+00
1.079800e+00
1.026772e+00
1.002032e+00
1.000371e+00
1.005775e+00
1.011097e+00
1.110887e+00
1.110887e+00
1.079800e+00
1.026772e+00
1.009108e+00
1.003640e+00
1.005775e+00
1.011097e+00
1.110888e+00
1.110888e+00
1.079801e+00
1.026771e+00
1.009108e+00
1.003640e+00
1.000138e+00
1.000375e+00
1.110888e+00
1.110888e+00
1.079801e+00
1.026772e+00
1.002032e+00
1.000371e+00
1.000138e+00
1.000375e+00
1.110888e+00
1.110888e+00
1.079801e+00
1.026772e+00
1.002032e+00
1.000371e+00
1.000138e+00
1.000375e+00
1.110888e+00
1.110888e+00
1.079801e+00
1.026772e+00
1.002032e+00
1.000371e+00
1.000138e+00
1.000375e+00
1.110889e+00
1.110889e+00
1.079801e+00
1.026772e+00
1.002032e+00
1.000371e+00
1.000138e+00
1.000375e+00
1.110889e+00
1.110889e+00
1.079801e+00
1.026772e+00
1.002032e+00
1.000371e+00
1.000138e+00
1.000375e+00
1.110889e+00
1.110889e+00
1.079802e+00
1.026772e+00
1.002032e+00
1.000371e+00
1.000138e+00
1.000375e+00
1.110889e+00
1.110889e+00
1.079802e+00
1.026772e+00
1.002032e+00
1.000371e+00
1.000138e+00
1.000375e+00
1.110889e+00
1.110889e+00
1.079802e+00
1.026772e+00
1.002032e+00
1.000371e+00
1.000138e+00
1.000375e+00
1.110890e+00
1.110890e+00
1.079802e+00
1.026772e+00
1.002032e+00
1.000371e+00
1.000138e+00
1.000375e+00
1.110890e+00
1.110890e+00
1.079802e+00
1.026772e+00
1.002032e+00
1.000371e+00
1.000138e+00
1.000375e+00
1.110890e+00
1.110890e+00
1.079803e+00
1.026772e+00
1.002032e+00
1.000371e+00
1.000138e+00
1.000375e+00
1.110890e+00
1.110890e+00
1.079803e+00
1.026772e+00
1.002032e+00
1.000371e+00
1.000138e+00
1.000375e+00
1.110890e+00
1.110890e+00
1.079803e+00
1.026772e+00
1.002032e+00
1.000371e+00
1.000138e+00
1.000375e+00
1.110890e+00
1.110890e+00
1.079803e+00
1.026771e+00
1.002032e+00
1.000371e+00
1.003818e+00
1.007876e+00
1.110891e+00
1.110891e+00
1.079804e+00
1.026771e+00
1.007350e+00
1.003227e+00
1.003818e+00
1.007876e+00
1.110891e+00
1.110891e+00
1.079804e+00
1.026771e+00
1.007350e+00
1.003227e+00
1.000138e+00
1.000375e+00
1.110891e+00
1.110891e+00
1.079804e+00
1.026771e+00
1.002032e+00
1.000371e+00
1.000138e+00
1.000375e+00
1.110891e+00
1.110891e+00
1.079804e+00
1.026771e+00
1.002032e+00
1.000372e+00
1.000138e+00
1.000375e+00
1.110892e+00
1.110892e+00
1.079804e+00
1.026772e+00
1.002032e+00
1.000372e+00
1.000138e+00
1.000375e+00
1.110892e+00
1.110892e+00
1.079804e+00
1.026772e+00
1.002032e+00
1.000372e+00
1.000138e+00
1.000375e+00
1.110892e+00
1.110892e+00
1.079805e+00
1.026772e+00
1.002032e+00
1.000372e+00
1.000138e+00
1.000375e+00
1.110892e+00
1.110892e+00
1.079805e+00
1.026772e+00
1.002032e+00
1.000372e+00
1.000138e+00
1.000375e+00
1.110892e+00
1.110892e+00
1.079805e+00
1.026772e+00
1.002032e+00
1.000372e+00
1.000138e+00
1.000375e+00
1.110893e+00
1.110893e+00
1.079805e+00
1.026772e+00
1.002032e+00
1.000372e+00
1.000138e+00
1.000375e+00
1.110893e+00
1.110893e+00
1.079805e+00
1.026772e+00
1.002032e+00
1.000372e+00
1.000138e+00
1.000375e+00
1.110893e+00
1.110893e+00
1.079806e+00
1.026772e+00
1.002032e+00
1.000372e+00
1.000138e+00
1.000375e+00
1.110893e+00
1.110893e+00
1.079806e+00
1.026771e+00
1.002032e+00
1.000372e+00
1.000138e+00
1.000375e+00
1.110893e+00
1.110893e+00
1.079806e+00
1.026771e+00
1.002032e+00
1.000372e+00
1.000138e+00
1.000375e+00
1.110894e+00
1.110894e+00
1.079806e+00
1.026771e+00
1.002032e+00
1.000372e+00
1.000138e+00
1.000375e+00
1.110894e+00
1.110894e+00
1.079807e+00
1.026771e+00
1.002032e+00
1.000372e+00
1.003112e+00
1.000375e+00
1.110894e+00
1.110894e+00
1.079807e+00
1.026771e+00
1.011203e+00
1.008235e+00
1.003112e+00
1.000375e+00
1.110894e+00
1.110894e+00
1.079807e+00
1.026771e+00
1.011203e+00
1.008235e+00
1.000138e+00
1.000375e+00
1.110894e+00
1.110894e+00
1.079807e+00
1.026772e+00
1.002032e+00
1.000372e+00
1.000138e+00
1.000375e+00
1.110895e+00
1.110895e+00
1.079807e+00
1.026772e+00
1.002032e+00
1.000372e+00
1.000138e+00
1.000375e+00
1.110895e+00
1.110895e+00
1.079807e+00
1.026772e+00
1.002032e+00
1.000372e+00
1.000138e+00
1.000375e+00
1.110895e+00
1.110895e+00
1.079807e+00
1.026772e+00
1.002032e+00
1.000372e+00
1.000138e+00
1.000375e+00
1.110895e+00
1.110895e+00
1.079807e+00
1.026773e+00
1.002032e+00
1.000372e+00
1.000138e+00
1.000375e+00
1.110896e+00
1.110896e+00
1.079807e+00
1.026773e+00
1.002032e+00
1.000372e+00
1.000138e+00
1.000375e+00
1.110896e+00
1.110896e+00
1.079807e+00
1.026773e+00
1.002032e+00
1.000372e+00
1.000138e+00
1.000375e+00
1.110896e+00
1.110896e+00
1.079807e+00
1.026773e+00
1.002032e+00
1.000372e+00
1.000138e+00
1.000375e+00
1.110896e+00
1.110896e+00
1.079807e+00
1.026773e+00
1.002032e+00
1.000372e+00
1.000138e+00
1.000375e+00
1.110896e+00
1.110896e+00
1.079807e+00
1.026773e+00
1.002032e+00
1.000372e+00
1.000138e+00
1.000375e+00
1.110896e+00
1.110896e+00
1.079807e+00
1.026772e+00
1.002032e+00
1.000372e+00
1.000138e+00
1.000375e+00
1.110896e+00
1.110896e+00
1.079807e+00
1.026772e+00
1.002032e+00
1.000372e+00
1.000138e+00
1.000375e+00
1.110895e+00
1.110895e+00
1.079807e+00
1.026772e+00
1.002032e+00
1.000372e+00
1.000138e+00
1.000375e+00
1.110895e+00
1.110895e+00
1.079808e+00
1.026772e+00
1.002032e+00
1.000372e+00
1.001061e+00
1.005439e+00
1.110895e+00
1.110895e+00
1.079808e+00
1.026771e+00
1.009926e+00
1.005552e+00
1.001061e+00
1.005439e+00
1.110895e+00
1.110895e+00
1.079808e+00
1.026772e+00
1.009926e+00
1.005552e+00
1.000138e+00
1.000375e+00
1.110896e+00
1.110896e+00
1.079807e+00
1.026773e+00
1.002032e+00
1.000372e+00
1.000138e+00
1.000375e+00
1.110897e+00
1.110897e+00
1.079807e+00
1.026774e+00
1.002033e+00
1.000372e+00
1.000138e+00
1.000375e+00
1.110898e+00
1.110898e+00
1.079806e+00
1.026775e+00
1.002033e+00
1.000372e+00
1.000138e+00
1.000375e+00
1.110898e+00
1.110898e+00
1.079806e+00
1.026775e+00
1.002033e+00
1.000372e+00
1.000138e+00
1.000375e+00
1.110899e+00
1.110899e+00
1.079806e+00
1.026776e+00
1.002033e+00
1.000372e+00
1.000138e+00
1.000376e+00
1.110899e+00
1.110899e+00
1.079806e+00
1.026776e+00
1.002033e+00
1.000372e+00
1.000138e+00
1.000376e+00
1.110899e+00
1.110899e+00
1.079805e+00
1.026777e+00
1.002033e+00
1.000372e+00
1.000138e+00
1.000376e+00
1.110899e+00
1.110899e+00
1.079805e+00
1.026777e+00
1.002033e+00
1.000372e+00
1.000138e+00
1.000376e+00
1.110899e+00
1.110899e+00
1.079806e+00
1.026777e+00
1.002033e+00
1.000372e+00
1.000138e+00
1.000376e+00
1.110899e+00
1.110899e+00
1.079806e+00
1.026776e+00
1.002033e+00
1.000372e+00
1.000138e+00
1.000375e+00
1.110899e+00
1.110899e+00
1.079806e+00
1.026776e+00
1.002033e+00
1.000372e+00
1.000138e+00
1.000375e+00
1.110899e+00
1.110899e+00
1.079806e+00
1.026775e+00
1.002033e+00
1.000372e+00
1.000138e+00
1.000375e+00
1.110898e+00
1.110898e+00
1.079807e+00
1.026774e+00
1.002033e+00
1.000372e+00
1.000138e+00
1.000375e+00
1.110897e+00
1.110897e+00
1.079808e+00
1.026773e+00
1.002033e+00
1.000372e+00
1.000285e+00
1.002319e+00
1.110896e+00
1.110896e+00
1.079808e+00
1.026772e+00
1.007403e+00
1.005432e+00
1.000285e+00
1.002319e+00
1.110887e+00
1.110887e+00
1.079806e+00
1.026766e+00
1.007403e+00
1.005432e+00
1.000138e+00
1.000375e+00
1.110870e+00
1.110870e+00
1.079801e+00
1.026757e+00
1.002030e+00
1.000371e+00
1.000138e+00
1.000375e+00
1.110853e+00
1.110853e+00
1.079796e+00
1.026748e+00
1.002028e+00
1.000371e+00
1.000138e+00
1.000375e+00
1.110835e+00
1.110835e+00
1.079790e+00
1.026738e+00
1.002026e+00
1.000371e+00
1.000138e+00
1.000375e+00
1.110817e+00
1.110817e+00
1.079784e+00
1.026729e+00
1.002025e+00
1.000370e+00
1.000138e+00
1.000375e+00
1.110798e+00
1.110798e+00
1.079777e+00
1.026719e+00
1.002023e+00
1.000370e+00
1.000138e+00
1.000375e+00
1.110778e+00
1.110778e+00
1.079771e+00
1.026709e+00
1.002022e+00
1.000370e+00
1.000138e+00
1.000375e+00
1.110759e+00
1.110759e+00
1.079764e+00
1.026699e+00
1.002020e+00
1.000370e+00
1.000138e+00
1.000375e+00
1.110738e+00
1.110738e+00
1.079756e+00
1.026689e+00
1.002018e+00
1.000369e+00
1.000137e+00
1.000375e+00
1.110717e+00
1.110717e+00
1.079748e+00
1.026678e+00
1.002017e+00
1.000369e+00
1.000137e+00
1.000374e+00
1.110696e+00
1.110696e+00
1.079740e+00
1.026668e+00
1.002015e+00
1.000369e+00
1.000137e+00
1.000374e+00
1.110674e+00
1.110674e+00
1.079732e+00
1.026657e+00
1.002013e+00
1.000368e+00
1.000137e+00
1.000374e+00
1.110651e+00
1.110651e+00
1.079723e+00
1.026646e+00
1.002012e+00
1.000368e+00
1.000137e+00
1.000373e+00
1.110628e+00
1.110628e+00
1.079713e+00
1.026635e+00
1.002010e+00
1.000368e+00
1.000136e+00
1.000373e+00
1.110604e+00
1.110604e+00
1.079703e+00
1.026623e+00
1.002009e+00
1.000368e+00
1.009149e+00
1.004838e+00
1.110579e+00
1.110579e+00
1.079692e+00
1.026612e+00
1.002007e+00
1.001819e+00
1.009149e+00
1.004838e+00
1.110356e+00
1.110356e+00
1.079593e+00
1.026643e+00
1.001887e+00
1.001819e+00
1.000199e+00
1.000574e+00
1.109878e+00
1.109878e+00
1.079384e+00
1.026678e+00
1.001653e+00
1.000297e+00
1.000236e+00
1.000692e+00
1.109287e+00
1.109287e+00
1.079133e+00
1.026628e+00
1.001433e+00
1.000254e+00
1.000268e+00
1.000793e+00
1.108576e+00
1.108576e+00
1.078837e+00
1.026490e+00
1.001227e+00
1.000213e+00
1.000293e+00
1.000878e+00
1.107739e+00
1.107739e+00
1.078495e+00
1.026258e+00
1.001038e+00
1.000175e+00
1.000313e+00
1.000944e+00
1.106769e+00
1.106769e+00
1.078104e+00
1.025925e+00
1.000865e+00
1.000140e+00
1.000326e+00
1.000990e+00
1.105660e+00
1.105660e+00
1.077661e+00
1.025486e+00
1.000711e+00
1.000108e+00
1.000332e+00
1.001015e+00
1.104403e+00
1.104403e+00
1.077164e+00
1.024935e+00
1.000577e+00
1.000081e+00
1.000330e+00
1.001018e+00
1.102992e+00
1.102992e+00
1.076610e+00
1.024265e+00
1.000464e+00
1.000057e+00
1.000321e+00
1.000997e+00
1.101418e+00
1.101418e+00
1.075997e+00
1.023469e+00
1.000373e+00
1.000037e+00
1.000302e+00
1.000951e+00
1.099675e+00
1.099675e+00
1.075322e+00
1.022540e+00
1.000307e+00
1.000022e+00
1.000275e+00
1.000877e+00
1.097754e+00
1.097754e+00
1.074582e+00
1.021470e+00
1.000266e+00
1.000012e+00
1.000239e+00
1.000774e+00
1.095646e+00
1.095646e+00
1.073774e+00
1.020252e+00
1.000253e+00
1.000007e+00
1.000191e+00
1.000640e+00
1.093344e+00
1.093344e+00
1.072897e+00
1.018878e+00
1.000270e+00
1.000008e+00
1.000133e+00
1.000473e+00
1.090839e+00
1.090839e+00
1.071947e+00
1.017340e+00
1.000319e+00
1.000015e+00
1.024453e+00
1.033693e+00
1.088123e+00
1.088123e+00
1.070920e+00
1.047819e+00
1.028893e+00
1.011484e+00
1.024453e+00
1.033693e+00
1.086659e+00
1.086659e+00
1.070369e+00
1.047819e+00
1.028893e+00
1.011484e+00
1.000026e+00
1.000161e+00
1.086566e+00
1.086566e+00
1.070335e+00
1.014655e+00
1.000440e+00
1.000033e+00
1.000027e+00
1.000162e+00
1.086471e+00
1.086471e+00
1.070299e+00
1.014608e+00
1.000432e+00
1.000031e+00
1.000027e+00
1.000163e+00
1.086373e+00
1.086373e+00
1.070261e+00
1.014561e+00
1.000425e+00
1.000029e+00
1.000028e+00
1.000164e+00
1.086273e+00
1.086273e+00
1.070221e+00
1.014512e+00
1.000418e+00
1.000027e+00
1.000028e+00
1.000164e+00
1.086169e+00
1.086169e+00
1.070179e+00
1.014462e+00
1.000411e+00
1.000026e+00
1.000028e+00
1.000164e+00
1.086063e+00
1.086063e+00
1.070135e+00
1.014412e+00
1.000404e+00
1.000024e+00
1.000028e+00
1.000163e+00
1.085954e+00
1.085954e+00
1.070088e+00
1.014360e+00
1.000398e+00
1.000022e+00
1.000028e+00
1.000162e+00
1.085841e+00
1.085841e+00
1.070040e+00
1.014307e+00
1.000392e+00
1.000020e+00
1.000027e+00
1.000161e+00
1.085726e+00
1.085726e+00
1.069988e+00
1.014253e+00
1.000387e+00
1.000019e+00
1.000026e+00
1.000160e+00
1.085607e+00
1.085607e+00
1.069934e+00
1.014198e+00
1.000381e+00
1.000017e+00
1.000026e+00
1.000158e+00
1.085484e+00
1.085484e+00
1.069878e+00
1.014141e+00
1.000377e+00
1.000015e+00
1.000025e+00
1.000155e+00
1.085359e+00
1.085359e+00
1.069819e+00
1.014083e+00
1.000372e+00
1.000014e+00
1.000023e+00
1.000153e+00
1.085229e+00
1.085229e+00
1.069757e+00
1.014024e+00
1.000369e+00
1.000012e+00
1.000022e+00
1.000149e+00
1.085096e+00
1.085096e+00
1.069692e+00
1.013964e+00
1.000365e+00
1.000011e+00
1.001008e+00
1.001623e+00
1.084958e+00
1.084958e+00
1.069624e+00
1.013902e+00
1.001759e+00
1.002860e+00
1.001008e+00
1.001623e+00
1.084888e+00
1.084888e+00
1.069589e+00
1.013871e+00
1.001759e+00
1.002860e+00
1.000019e+00
1.000144e+00
1.084888e+00
1.084888e+00
1.069589e+00
1.013871e+00
1.000361e+00
1.000009e+00
1.000019e+00
1.000144e+00
1.084888e+00
1.084888e+00
1.069589e+00
1.013871e+00
1.000361e+00
1.000009e+00
1.000019e+00
1.000144e+00
1.084888e+00
1.084888e+00
1.069589e+00
1.013871e+00
1.000361e+00
1.000009e+00
1.000019e+00
1.000144e+00
1.084888e+00
1.084888e+00
1.069589e+00
1.013871e+00
1.000361e+00
1.000009e+00
1.000019e+00
1.000144e+00
1.084888e+00
1.084888e+00
1.069588e+00
1.013871e+00
1.000361e+00
1.000009e+00
1.000019e+00
1.000144e+00
1.084888e+00
1.084888e+00
1.069588e+00
1.013871e+00
1.000361e+00
1.000009e+00
1.000019e+00
1.000144e+00
1.084888e+00
1.084888e+00
1.069588e+00
1.013871e+00
1.000361e+00
1.000009e+00
1.000019e+00
1.000144e+00
1.084888e+00
1.084888e+00
1.069588e+00
1.013871e+00
1.000361e+00
1.000009e+00
1.000019e+00
1.000144e+00
1.084888e+00
1.084888e+00
1.069588e+00
1.013871e+00
1.000361e+00
1.000009e+00
1.000019e+00
1.000144e+00
1.084888e+00
1.084888e+00
1.069588e+00
1.013871e+00
1.000361e+00
1.000009e+00
1.000019e+00
1.000144e+00
1.084888e+00
1.084888e+00
1.069588e+00
1.013871e+00
1.000361e+00
1.000009e+00
1.000019e+00
1.000144e+00
1.084888e+00
1.084888e+00
1.069588e+00
1.013871e+00
1.000361e+00
1.000009e+00
1.000019e+00
1.000144e+00
1.084888e+00
1.084888e+00
1.069588e+00
1.013871e+00
1.000361e+00
1.000009e+00
1.000019e+00
1.000144e+00
1.084888e+00
1.084888e+00
1.069589e+00
1.013871e+00
1.000361e+00
1.000009e+00
1.000142e+00
1.000144e+00
1.084888e+00
1.084888e+00
1.069589e+00
1.013871e+00
1.000488e+00
1.000523e+00
1.000142e+00
1.000144e+00
1.084888e+00
1.084888e+00
1.069589e+00
1.013871e+00
1.000488e+00
1.000523e+00
1.000019e+00
1.000144e+00
1.084888e+00
1.084888e+00
1.069588e+00
1.013871e+00
1.000361e+00
1.000009e+00
1.000019e+00
1.000144e+00
1.084888e+00
1.084888e+00
1.069588e+00
1.013871e+00
1.000361e+00
1.000009e+00
1.000019e+00
1.000144e+00
1.084888e+00
1.084888e+00
1.069588e+00
1.013871e+00
1.000361e+00
1.000009e+00
1.000019e+00
1.000144e+00
1.084888e+00
1.084888e+00
1.069588e+00
1.013871e+00
1.000361e+00
1.000009e+00
1.000019e+00
1.000144e+00
1.084888e+00
1.084888e+00
1.069588e+00
1.013871e+00
1.000361e+00
1.000009e+00
1.000019e+00
1.000144e+00
1.084888e+00
1.084888e+00
1.069588e+00
1.013871e+00
1.000361e+00
1.000009e+00
1.000019e+00
1.000144e+00
1.084888e+00
1.084888e+00
1.069588e+00
1.013871e+00
1.000361e+00
1.000009e+00
1.000019e+00
1.000144e+00
1.084888e+00
1.084888e+00
1.069588e+00
1.013871e+00
1.000361e+00
1.000009e+00
1.000019e+00
1.000144e+00
1.084888e+00
1.084888e+00
1.069588e+00
1.013871e+00
1.000361e+00
1.000009e+00
1.000019e+00
1.000144e+00
1.084888e+00
1.084888e+00
1.069588e+00
1.013871e+00
1.000361e+00
1.000009e+00
1.000019e+00
1.000144e+00
1.084888e+00
1.084888e+00
1.069588e+00
1.013871e+00
1.000361e+00
1.000009e+00
1.000019e+00
1.000144e+00
1.084888e+00
1.084888e+00
1.069588e+00
1.013871e+00
1.000361e+00
1.000009e+00
1.000019e+00
1.000144e+00
1.084888e+00
1.084888e+00
1.069588e+00
1.013871e+00
1.000361e+00
1.000009e+00
1.000019e+00
1.000144e+00
1.084888e+00
1.084888e+00
1.069588e+00
1.013871e+00
1.000361e+00
1.000009e+00
1.000173e+00
1.000175e+00
1.084888e+00
1.084888e+00
1.069588e+00
1.013871e+00
1.000361e+00
1.000322e+00
1.000173e+00
1.000175e+00
1.084888e+00
1.084888e+00
1.069588e+00
1.013871e+00
1.000361e+00
1.000322e+00
1.000019e+00
1.000144e+00
1.084888e+00
1.084888e+00
1.069588e+00
1.013871e+00
1.000361e+00
1.000009e+00
1.000019e+00
1.000144e+00
1.084888e+00
1.084888e+00
1.069588e+00
1.013871e+00
1.000361e+00
1.000009e+00
1.000019e+00
1.000144e+00
1.084888e+00
1.084888e+00
1.069588e+00
1.013871e+00
1.000361e+00
1.000009e+00
1.000019e+00
1.000144e+00
1.084888e+00
1.084888e+00
1.069588e+00
1.013871e+00
1.000361e+00
1.000009e+00
1.000019e+00
1.000144e+00
1.084888e+00
1.084888e+00
1.069587e+00
1.013871e+00
1.000361e+00
1.000009e+00
1.000019e+00
1.000144e+00
1.084888e+00
1.084888e+00
1.069587e+00
1.013871e+00
1.000361e+00
1.000009e+00
1.000019e+00
1.000144e+00
1.084888e+00
1.084888e+00
1.069587e+00
1.013871e+00
1.000361e+00
1.000009e+00
1.000019e+00
1.000144e+00
1.084887e+00
1.084887e+00
1.069587e+00
1.013871e+00
1.000361e+00
1.000009e+00
1.000019e+00
1.000144e+00
1.084887e+00
1.084887e+00
1.069587e+00
1.013871e+00
1.000361e+00
1.000009e+00
1.000019e+00
1.000144e+00
1.084887e+00
1.084887e+00
1.069587e+00
1.013871e+00
1.000361e+00
1.000009e+00
1.000019e+00
1.000144e+00
1.084887e+00
1.084887e+00
1.069587e+00
1.013871e+00
1.000361e+00
1.000009e+00
1.000019e+00
1.000144e+00
1.084887e+00
1.084887e+00
1.069587e+00
1.013871e+00
1.000361e+00
1.000009e+00
1.000019e+00
1.000144e+00
1.084887e+00
1.084887e+00
1.069587e+00
1.013871e+00
1.000361e+00
1.000009e+00
1.000019e+00
1.000144e+00
1.084887e+00
1.084887e+00
1.069587e+00
1.013871e+00
1.000361e+00
1.000009e+00
1.000513e+00
1.000506e+00
1.084887e+00
1.084887e+00
1.069588e+00
1.013871e+00
1.000918e+00
1.001207e+00
1.000513e+00
1.000506e+00
1.085225e+00
1.085225e+00
1.069932e+00
1.013851e+00
1.000918e+00
1.001207e+00
1.000018e+00
1.000144e+00
1.085914e+00
1.085914e+00
1.070634e+00
1.013811e+00
1.000372e+00
1.000014e+00
1.000017e+00
1.000144e+00
1.086621e+00
1.086621e+00
1.071356e+00
1.013769e+00
1.000379e+00
1.000017e+00
1.000017e+00
1.000144e+00
1.087345e+00
1.087345e+00
1.072099e+00
1.013725e+00
1.000385e+00
1.000020e+00
1.000016e+00
1.000144e+00
1.088087e+00
1.088087e+00
1.072864e+00
1.013680e+00
1.000391e+00
1.000023e+00
1.000016e+00
1.000144e+00
1.088848e+00
1.088848e+00
1.073652e+00
1.013633e+00
1.000396e+00
1.000025e+00
1.000016e+00
1.000145e+00
1.089629e+00
1.089629e+00
1.074463e+00
1.013584e+00
1.000400e+00
1.000027e+00
1.000015e+00
1.000145e+00
1.090431e+00
1.090431e+00
1.075300e+00
1.013533e+00
1.000404e+00
1.000029e+00
1.000015e+00
1.000146e+00
1.091254e+00
1.091254e+00
1.076162e+00
1.013479e+00
1.000407e+00
1.000031e+00
1.000015e+00
1.000146e+00
1.092099e+00
1.092099e+00
1.077052e+00
1.013424e+00
1.000409e+00
1.000032e+00
1.000015e+00
1.000147e+00
1.092968e+00
1.092968e+00
1.077970e+00
1.013366e+00
1.000410e+00
1.000033e+00
1.000016e+00
1.000148e+00
1.093860e+00
1.093860e+00
1.078919e+00
1.013306e+00
1.000410e+00
1.000034e+00
1.000016e+00
1.000149e+00
1.094778e+00
1.094778e+00
1.079898e+00
1.013243e+00
1.000409e+00
1.000034e+00
1.000017e+00
1.000150e+00
1.095721e+00
1.095721e+00
1.080911e+00
1.013178e+00
1.000407e+00
1.000034e+00
1.000018e+00
1.000152e+00
1.096692e+00
1.096692e+00
1.081958e+00
1.013109e+00
1.000403e+00
1.000033e+00
1.000348e+00
1.000153e+00
1.097692e+00
1.097692e+00
1.083042e+00
1.013037e+00
1.001290e+00
1.001555e+00
1.000348e+00
1.000154e+00
1.099724e+00
1.099724e+00
1.085072e+00
1.012950e+00
1.001290e+00
1.001555e+00
1.000012e+00
1.000153e+00
1.102841e+00
1.102841e+00
1.088103e+00
1.012844e+00
1.000483e+00
1.000066e+00
1.000008e+00
1.000153e+00
1.106055e+00
1.106055e+00
1.091251e+00
1.012731e+00
1.000536e+00
1.000088e+00
1.000005e+00
1.000154e+00
1.109372e+00
1.109372e+00
1.094522e+00
1.012609e+00
1.000586e+00
1.000108e+00
1.000001e+00
1.000154e+00
1.112796e+00
1.112796e+00
1.097924e+00
1.012478e+00
1.000630e+00
1.000126e+00
1.000001e+00
1.000155e+00
1.116331e+00
1.116331e+00
1.101464e+00
1.012337e+00
1.000669e+00
1.000143e+00
1.000003e+00
1.000156e+00
1.119983e+00
1.119983e+00
1.105150e+00
1.012186e+00
1.000701e+00
1.000157e+00
1.000005e+00
1.000158e+00
1.123758e+00
1.123758e+00
1.108990e+00
1.012023e+00
1.000726e+00
1.000168e+00
1.000006e+00
1.000160e+00
1.127660e+00
1.127660e+00
1.112995e+00
1.011848e+00
1.000744e+00
1.000177e+00
1.000006e+00
1.000162e+00
1.131697e+00
1.131697e+00
1.117173e+00
1.011660e+00
1.000752e+00
1.000182e+00
1.000005e+00
1.000165e+00
1.135875e+00
1.135875e+00
1.121537e+00
1.011458e+00
1.000752e+00
1.000184e+00
1.000004e+00
1.000169e+00
1.140200e+00
1.140200e+00
1.126097e+00
1.011240e+00
1.000741e+00
1.000182e+00
1.000001e+00
1.000173e+00
1.144679e+00
1.144679e+00
1.130865e+00
1.011006e+00
1.000718e+00
1.000176e+00
1.000003e+00
1.000178e+00
1.149321e+00
1.149321e+00
1.135857e+00
1.010754e+00
1.000682e+00
1.000165e+00
1.000008e+00
1.000183e+00
1.154132e+00
1.154132e+00
1.141086e+00
1.010483e+00
1.000631e+00
1.000148e+00
1.000015e+00
1.000190e+00
1.159122e+00
1.159122e+00
1.146568e+00
1.010191e+00
1.000565e+00
1.000126e+00
SCALARS fold double 1
LOOKUP_TABLE default
9.999774e-01
9.999855e-01
9.999973e-01
9.995168e-01
9.973997e-01
9.999819e-01
9.999337e-01
9.998931e-01
9.999636e-01
9.999639e-01
9.999643e-01
9.999707e-01
9.999626e-01
9.999622e-01
9.999626e-01
9.999630e-01
9.999632e-01
9.999635e-01
9.999639e-01
9.999704e-01
9.999622e-01
9.999617e-01
9.999622e-01
9.999626e-01
9.999628e-01
9.999631e-01
9.999635e-01
9.999701e-01
9.999617e-01
9.999613e-01
9.999617e-01
9.999621e-01
9.999624e-01
9.999627e-01
9.999631e-01
9.999698e-01
9.999613e-01
9.999608e-01
9.999613e-01
9.999617e-01
9.999619e-01
9.999623e-01
9.999626e-01
9.999694e-01
9.999608e-01
9.999604e-01
9.999608e-01
9.999612e-01
9.999615e-01
9.999618e-01
9.999622e-01
9.999691e-01
9.999604e-01
9.999599e-01
9.999604e-01
9.999608e-01
9.999610e-01
9.999614e-01
9.999618e-01
9.999687e-01
9.999599e-01
9.999594e-01
9.999599e-01
9.999603e-01
9.999606e-01
9.999609e-01
9.999613e-01
9.999684e-01
9.999594e-01
9.999589e-01
9.999594e-01
9.999599e-01
9.999601e-01
9.999605e-01
9.999609e-01
9.999680e-01
9.999589e-01
9.999584e-01
9.999590e-01
9.999594e-01
9.999596e-01
9.999600e-01
9.999604e-01
9.999676e-01
9.999584e-01
9.999579e-01
9.999585e-01
9.999589e-01
9.999592e-01
9.999595e-01
9.999600e-01
9.999672e-01
9.999579e-01
9.999574e-01
9.999580e-01
9.999584e-01
9.999587e-01
9.999591e-01
9.999595e-01
9.999669e-01
9.999574e-01
9.999569e-01
9.999574e-01
9.999579e-01
9.999582e-01
9.999586e-01
9.999590e-01
9.999665e-01
9.999569e-01
9.999564e-01
9.999569e-01
9.999574e-01
9.999577e-01
9.999581e-01
9.999585e-01
9.999661e-01
9.999563e-01
9.999558e-01
9.999564e-01
9.999568e-01
9.999572e-01
9.999576e-01
9.999580e-01
9.999657e-01
9.999558e-01
9.999553e-01
9.999558e-01
9.999563e-01
9.999709e-01
9.999713e-01
9.999717e-01
9.999781e-01
9.999726e-01
9.999698e-01
9.999697e-01
9.999699e-01
9.999705e-01
9.999709e-01
9.999713e-01
9.999778e-01
9.999722e-01
9.999694e-01
9.999693e-01
9.999695e-01
9.999701e-01
9.999705e-01
9.999709e-01
9.999775e-01
9.999718e-01
9.999689e-01
9.999688e-01
9.999691e-01
9.999697e-01
9.999701e-01
9.999705e-01
9.999772e-01
9.999714e-01
9.999685e-01
9.999684e-01
9.999686e-01
9.999692e-01
9.999696e-01
9.999701e-01
9.999769e-01
9.999710e-01
9.999680e-01
9.999679e-01
9.999682e-01
9.999688e-01
9.999692e-01
9.999697e-01
9.999766e-01
9.999706e-01
9.999676e-01
9.999675e-01
9.999677e-01
9.999684e-01
9.999688e-01
9.999693e-01
9.999762e-01
9.999702e-01
9.999671e-01
9.999670e-01
9.999673e-01
9.999679e-01
9.999683e-01
9.999689e-01
9.999759e-01
9.999697e-01
9.999666e-01
9.999665e-01
9.999668e-01
9.999674e-01
9.999679e-01
9.999684e-01
9.999755e-01
9.999693e-01
9.999661e-01
9.999660e-01
9.999663e-01
9.999670e-01
9.999674e-01
9.999680e-01
9.999752e-01
9.999688e-01
9.999656e-01
9.999655e-01
9.999658e-01
9.999665e-01
9.999669e-01
9.999675e-01
9.999748e-01
9.999683e-01
9.999651e-01
9.999650e-01
9.999653e-01
9.999660e-01
9.999664e-01
9.999670e-01
9.999745e-01
9.999679e-01
9.999646e-01
9.999645e-01
9.999648e-01
9.999655e-01
9.999659e-01
9.999665e-01
9.999741e-01
9.999674e-01
9.999640e-01
9.999639e-01
9.999642e-01
9.999650e-01
9.999654e-01
9.999660e-01
9.999737e-01
9.999669e-01
9.999635e-01
9.999634e-01
9.999637e-01
9.999644e-01
9.999649e-01
9.999655e-01
9.999733e-01
9.999663e-01
9.999629e-01
9.999628e-01
9.999631e-01
9.999639e-01
9.999644e-01
9.999650e-01
9.999729e-01
9.999658e-01
9.999623e-01
9.999622e-01
9.999626e-01
9.999772e-01
9.999775e-01
9.999779e-01
9.999825e-01
9.999777e-01
9.999761e-01
9.999762e-01
9.999765e-01
9.999769e-01
9.999772e-01
9.999775e-01
9.999823e-01
9.999774e-01
9.999758e-01
9.999759e-01
9.999761e-01
9.999766e-01
9.999769e-01
9.999772e-01
9.999820e-01
9.999771e-01
9.999754e-01
9.999755e-01
9.999758e-01
9.999762e-01
9.999765e-01
9.999769e-01
9.999818e-01
9.999767e-01
9.999751e-01
9.999751e-01
9.999754e-01
9.999759e-01
9.999762e-01
9.999766e-01
9.999815e-01
9.999764e-01
9.999747e-01
9.999748e-01
9.999750e-01
9.999755e-01
9.999758e-01
9.999762e-01
9.999812e-01
9.999760e-01
9.999743e-01
9.999744e-01
9.999747e-01
9.999751e-01
9.999755e-01
9.999759e-01
9.999810e-01
9.999756e-01
9.999739e-01
9.999740e-01
9.999743e-01
9.999748e-01
9.999751e-01
9.999755e-01
9.999807e-01
9.999753e-01
9.999735e-01
9.999736e-01
9.999739e-01
9.999744e-01
9.999748e-01
9.999752e-01
9.999804e-01
9.999749e-01
9.999731e-01
9.999732e-01
9.999735e-01
9.999740e-01
9.999744e-01
9.999748e-01
9.999801e-01
9.999745e-01
9.999727e-01
9.999728e-01
9.999731e-01
9.999736e-01
9.999740e-01
9.999744e-01
9.999798e-01
9.999741e-01
9.999722e-01
9.999723e-01
9.999727e-01
9.999732e-01
9.999736e-01
9.999740e-01
9.999795e-01
9.999737e-01
9.999718e-01
9.999719e-01
9.999722e-01
9.999728e-01
9.999732e-01
9.999736e-01
9.999792e-01
9.999732e-01
9.999713e-01
9.999715e-01
9.999718e-01
9.999724e-01
9.999728e-01
9.999732e-01
9.999789e-01
9.999728e-01
9.999709e-01
9.999710e-01
9.999713e-01
9.999719e-01
9.999723e-01
9.999728e-01
9.999786e-01
9.999724e-01
9.999704e-01
9.999705e-01
9.999709e-01
9.999715e-01
9.999719e-01
9.999724e-01
9.999782e-01
9.999719e-01
9.999699e-01
9.999700e-01
9.999704e-01
9.999822e-01
9.999826e-01
9.999832e-01
9.999899e-01
9.999895e-01
9.999824e-01
9.999811e-01
9.999810e-01
9.999819e-01
9.999823e-01
9.999830e-01
9.999897e-01
9.999893e-01
9.999822e-01
9.999808e-01
9.999807e-01
9.999816e-01
9.999821e-01
9.999827e-01
9.999896e-01
9.999892e-01
9.999819e-01
9.999805e-01
9.999804e-01
9.999814e-01
9.999818e-01
9.999825e-01
9.999894e-01
9.999890e-01
9.999816e-01
9.999802e-01
9.999801e-01
9.999811e-01
9.999815e-01
9.999822e-01
9.999893e-01
9.999889e-01
9.999813e-01
9.999799e-01
9.999798e-01
9.999808e-01
9.999812e-01
9.999819e-01
9.999891e-01
9.999887e-01
9.999810e-01
9.999796e-01
9.999795e-01
9.999805e-01
9.999810e-01
9.999817e-01
9.999889e-01
9.999885e-01
9.999807e-01
9.999793e-01
9.999791e-01
9.999802e-01
9.999807e-01
9.999814e-01
9.999888e-01
9.999883e-01
9.999804e-01
9.999789e-01
9.999788e-01
9.999799e-01
9.999804e-01
9.999811e-01
9.999886e-01
9.999882e-01
9.999801e-01
9.999786e-01
9.999785e-01
9.999796e-01
9.999801e-01
9.999808e-01
9.999884e-01
9.999880e-01
9.999798e-01
9.999783e-01
9.999781e-01
9.999793e-01
9.999798e-01
9.999805e-01
9.999882e-01
9.999878e-01
9.999795e-01
9.999779e-01
9.999778e-01
9.999789e-01
9.999794e-01
9.999802e-01
9.999880e-01
9.999876e-01
9.999792e-01
9.999776e-01
9.999774e-01
9.999786e-01
9.999791e-01
9.999799e-01
9.999878e-01
9.999874e-01
9.999788e-01
9.999772e-01
9.999771e-01
9.999783e-01
9.999788e-01
9.999796e-01
9.999876e-01
9.999872e-01
9.999785e-01
9.999768e-01
9.999767e-01
9.999779e-01
9.999784e-01
9.999792e-01
9.999874e-01
9.999870e-01
9.999781e-01
9.999764e-01
9.999763e-01
9.999776e-01
9.999781e-01
9.999789e-01
9.999872e-01
9.999868e-01
9.999777e-01
9.999760e-01
9.999759e-01
9.999861e-01
9.999864e-01
9.999870e-01
9.999929e-01
9.999935e-01
9.999866e-01
9.999852e-01
9.999850e-01
9.999859e-01
9.999862e-01
9.999868e-01
9.999928e-01
9.999934e-01
9.999864e-01
9.999849e-01
9.999848e-01
9.999857e-01
9.999860e-01
9.999866e-01
9.999927e-01
9.999933e-01
9.999862e-01
9.999847e-01
9.999845e-01
9.999855e-01
9.999858e-01
9.999864e-01
9.999926e-01
9.999932e-01
9.999860e-01
9.999845e-01
9.999843e-01
9.999853e-01
9.999856e-01
9.999862e-01
9.999925e-01
9.999931e-01
9.999858e-01
9.999843e-01
9.999841e-01
9.999850e-01
9.999854e-01
9.999860e-01
9.999924e-01
9.999930e-01
9.999856e-01
9.999840e-01
9.999838e-01
9.999848e-01
9.999852e-01
9.999858e-01
9.999923e-01
9.999929e-01
9.999853e-01
9.999838e-01
9.999836e-01
9.999846e-01
9.999850e-01
9.999856e-01
9.999922e-01
9.999928e-01
9.999851e-01
9.999835e-01
9.999833e-01
9.999843e-01
9.999848e-01
9.999854e-01
9.999920e-01
9.999927e-01
9.999849e-01
9.999833e-01
9.999830e-01
9.999841e-01
9.999845e-01
9.999852e-01
9.999919e-01
9.999926e-01
9.999846e-01
9.999830e-01
9.999828e-01
9.999839e-01
9.999843e-01
9.999850e-01
9.999918e-01
9.999925e-01
9.999844e-01
9.999827e-01
9.999825e-01
9.999836e-01
9.999840e-01
9.999847e-01
9.999917e-01
9.999924e-01
9.999842e-01
9.999824e-01
9.999822e-01
9.999834e-01
9.999838e-01
9.999845e-01
9.999915e-01
9.999922e-01
9.999839e-01
9.999822e-01
9.999819e-01
9.999831e-01
9.999835e-01
9.999842e-01
9.999914e-01
9.999921e-01
9.999836e-01
9.999819e-01
9.999816e-01
9.999828e-01
9.999833e-01
9.999840e-01
9.999913e-01
9.999920e-01
9.999834e-01
9.999816e-01
9.999813e-01
9.999825e-01
9.999830e-01
9.999837e-01
9.999911e-01
9.999919e-01
9.999831e-01
9.999813e-01
9.999810e-01
9.999894e-01
9.999886e-01
9.999875e-01
9.999897e-01
9.999975e-01
9.999897e-01
9.999862e-01
9.999859e-01
9.999892e-01
9.999884e-01
9.999873e-01
9.999895e-01
9.999975e-01
9.999895e-01
9.999860e-01
9.999857e-01
9.999891e-01
9.999882e-01
9.999871e-01
9.999893e-01
9.999974e-01
9.999893e-01
9.999857e-01
9.999854e-01
9.999889e-01
9.999880e-01
9.999869e-01
9.999892e-01
9.999974e-01
9.999891e-01
9.999855e-01
9.999852e-01
9.999887e-01
9.999878e-01
9.999867e-01
9.999890e-01
9.999973e-01
9.999889e-01
9.999852e-01
9.999849e-01
9.999885e-01
9.999876e-01
9.999864e-01
9.999888e-01
9.999973e-01
9.999887e-01
9.999849e-01
9.999846e-01
9.999883e-01
9.999874e-01
9.999862e-01
9.999886e-01
9.999972e-01
9.999885e-01
9.999847e-01
9.999843e-01
9.999880e-01
9.999871e-01
9.999859e-01
9.999884e-01
9.999972e-01
9.999883e-01
9.999844e-01
9.999840e-01
9.999878e-01
9.999869e-01
9.999857e-01
9.999881e-01
9.999971e-01
9.999881e-01
9.999841e-01
9.999837e-01
9.999876e-01
9.999867e-01
9.999854e-01
9.999879e-01
9.999971e-01
9.999878e-01
9.999838e-01
9.999834e-01
9.999874e-01
9.999864e-01
9.999851e-01
9.999877e-01
9.999970e-01
9.999876e-01
9.999834e-01
9.999831e-01
9.999871e-01
9.999862e-01
9.999849e-01
9.999875e-01
9.999970e-01
9.999873e-01
9.999831e-01
9.999828e-01
9.999869e-01
9.999859e-01
9.999846e-01
9.999872e-01
9.999969e-01
9.999871e-01
9.999828e-01
9.999824e-01
9.999866e-01
9.999856e-01
9.999843e-01
9.999870e-01
9.999968e-01
9.999868e-01
9.999824e-01
9.999821e-01
9.999864e-01
9.999853e-01
9.999840e-01
9.999867e-01
9.999968e-01
9.999866e-01
9.999821e-01
9.999817e-01
9.999861e-01
9.999851e-01
9.999837e-01
9.999865e-01
9.999967e-01
9.999863e-01
9.999817e-01
9.999814e-01
9.999738e-01
9.997434e-01
9.990626e-01
9.965242e-01
9.969190e-01
9.999884e-01
9.991665e-01
9.989947e-01
9.999732e-01
9.997381e-01
9.990427e-01
9.964469e-01
9.968441e-01
9.999881e-01
9.991492e-01
9.989735e-01
9.999727e-01
9.997327e-01
9.990221e-01
9.963678e-01
9.967669e-01
9.999879e-01
9.991314e-01
9.989516e-01
9.999721e-01
9.997270e-01
9.990009e-01
9.962870e-01
9.966875e-01
9.999876e-01
9.991131e-01
9.989291e-01
9.999715e-01
9.997212e-01
9.989791e-01
9.962046e-01
9.966058e-01
9.999873e-01
9.990943e-01
9.989059e-01
9.999709e-01
9.997152e-01
9.989566e-01
9.961205e-01
9.965216e-01
9.999871e-01
9.990748e-01
9.988821e-01
9.999702e-01
9.997090e-01
9.989334e-01
9.960348e-01
9.964351e-01
9.999868e-01
9.990548e-01
9.988574e-01
9.999696e-01
9.997026e-01
9.989095e-01
9.959475e-01
9.963460e-01
9.999865e-01
9.990342e-01
9.988321e-01
9.999689e-01
9.996960e-01
9.988849e-01
9.958587e-01
9.962545e-01
9.999862e-01
9.990130e-01
9.988059e-01
9.999682e-01
9.996892e-01
9.988596e-01
9.957683e-01
9.961603e-01
9.999859e-01
9.989911e-01
9.987790e-01
9.999675e-01
9.996821e-01
9.988334e-01
9.956765e-01
9.960636e-01
9.999855e-01
9.989686e-01
9.987512e-01
9.999668e-01
9.996749e-01
9.988064e-01
9.955834e-01
9.959643e-01
9.999852e-01
9.989453e-01
9.987225e-01
9.999660e-01
9.996673e-01
9.987786e-01
9.954889e-01
9.958622e-01
9.999849e-01
9.989213e-01
9.986929e-01
9.999652e-01
9.996595e-01
9.987499e-01
9.953933e-01
9.957575e-01
9.999845e-01
9.988966e-01
9.986624e-01
9.999644e-01
9.996515e-01
9.987204e-01
9.952966e-01
9.956501e-01
9.999841e-01
9.988711e-01
9.986310e-01
9.999635e-01
9.996431e-01
9.986898e-01
9.951989e-01
9.955400e-01
9.999837e-01
9.988448e-01
9.985985e-01
9.999959e-01
9.999913e-01
9.999829e-01
9.999594e-01
9.999883e-01
9.999967e-01
9.999842e-01
9.999820e-01
9.999958e-01
9.999912e-01
9.999826e-01
9.999589e-01
9.999881e-01
9.999967e-01
9.999840e-01
9.999817e-01
9.999957e-01
9.999911e-01
9.999824e-01
9.999583e-01
9.999879e-01
9.999966e-01
9.999837e-01
9.999814e-01
9.999957e-01
9.999909e-01
9.999821e-01
9.999576e-01
9.999877e-01
9.999966e-01
9.999835e-01
9.999812e-01
9.999956e-01
9.999908e-01
9.999818e-01
9.999570e-01
9.999876e-01
9.999965e-01
9.999833e-01
9.999809e-01
9.999955e-01
9.999907e-01
9.999816e-01
9.999564e-01
9.999874e-01
9.999964e-01
9.999830e-01
9.999806e-01
9.999955e-01
9.999905e-01
9.999813e-01
9.999557e-01
9.999872e-01
9.999964e-01
9.999827e-01
9.999803e-01
9.999954e-01
9.999904e-01
9.999810e-01
9.999551e-01
9.999870e-01
9.999963e-01
9.999825e-01
9.999800e-01
9.999953e-01
9.999902e-01
9.999807e-01
9.999544e-01
9.999868e-01
9.999963e-01
9.999822e-01
9.999796e-01
9.999953e-01
9.999901e-01
9.999804e-01
9.999537e-01
9.999866e-01
9.999962e-01
9.999819e-01
9.999793e-01
9.999952e-01
9.999899e-01
9.999801e-01
9.999530e-01
9.999863e-01
9.999962e-01
9.999816e-01
9.999790e-01
9.999951e-01
9.999898e-01
9.999798e-01
9.999523e-01
9.999861e-01
9.999961e-01
9.999813e-01
9.999787e-01
9.999950e-01
9.999896e-01
9.999795e-01
9.999515e-01
9.999859e-01
9.999960e-01
9.999810e-01
9.999783e-01
9.999949e-01
9.999894e-01
9.999792e-01
9.999508e-01
9.999857e-01
9.999960e-01
9.999807e-01
9.999780e-01
9.999949e-01
9.999893e-01
9.999788e-01
9.999500e-01
9.999854e-01
9.999959e-01
9.999804e-01
9.999776e-01
9.999948e-01
9.999891e-01
9.999785e-01
9.999492e-01
9.999852e-01
9.999958e-01
9.999801e-01
9.999772e-01
9.999976e-01
9.999976e-01
9.999977e-01
9.999981e-01
9.999977e-01
9.999975e-01
9.999975e-01
9.999975e-01
9.999975e-01
9.999976e-01
9.999976e-01
9.999981e-01
9.999977e-01
9.999975e-01
9.999974e-01
9.999974e-01
9.999975e-01
9.999975e-01
9.999976e-01
9.999980e-01
9.999977e-01
9.999974e-01
9.999974e-01
9.999974e-01
9.999975e-01
9.999975e-01
9.999975e-01
9.999980e-01
9.999976e-01
9.999974e-01
9.999974e-01
9.999974e-01
9.999974e-01
9.999975e-01
9.999975e-01
9.999980e-01
9.999976e-01
9.999973e-01
9.999973e-01
9.999973e-01
9.999974e-01
9.999974e-01
9.999975e-01
9.999979e-01
9.999975e-01
9.999973e-01
9.999973e-01
9.999973e-01
9.999973e-01
9.999974e-01
9.999974e-01
9.999979e-01
9.999975e-01
9.999972e-01
9.999972e-01
9.999972e-01
9.999973e-01
9.999973e-01
9.999974e-01
9.999979e-01
9.999975e-01
9.999972e-01
9.999972e-01
9.999972e-01
9.999972e-01
9.999973e-01
9.999973e-01
9.999978e-01
9.999974e-01
9.999971e-01
9.999971e-01
9.999971e-01
9.999972e-01
9.999972e-01
9.999973e-01
9.999978e-01
9.999974e-01
9.999971e-01
9.999971e-01
9.999971e-01
9.999971e-01
9.999972e-01
9.999972e-01
9.999978e-01
9.999973e-01
9.999970e-01
9.999970e-01
9.999970e-01
9.999971e-01
9.999971e-01
9.999972e-01
9.999977e-01
9.999973e-01
9.999970e-01
9.999970e-01
9.999970e-01
9.999970e-01
9.999971e-01
9.999971e-01
9.999977e-01
9.999972e-01
9.999969e-01
9.999969e-01
9.999969e-01
9.999970e-01
9.999970e-01
9.999971e-01
9.999977e-01
9.999972e-01
9.999969e-01
9.999969e-01
9.999969e-01
9.999969e-01
9.999970e-01
9.999970e-01
9.999976e-01
9.999971e-01
9.999968e-01
9.999968e-01
9.999968e-01
9.999969e-01
9.999969e-01
9.999970e-01
9.999976e-01
9.999971e-01
9.999968e-01
9.999967e-01
9.999968e-01
9.999982e-01
9.999983e-01
9.999983e-01
9.999986e-01
9.999983e-01
9.999982e-01
9.999981e-01
9.999982e-01
9.999982e-01
9.999982e-01
9.999983e-01
9.999986e-01
9.999983e-01
9.999981e-01
9.999981e-01
9.999981e-01
9.999982e-01
9.999982e-01
9.999982e-01
9.999986e-01
9.999983e-01
9.999981e-01
9.999981e-01
9.999981e-01
9.999981e-01
9.999982e-01
9.999982e-01
9.999985e-01
9.999982e-01
9.999980e-01
9.999980e-01
9.999980e-01
9.999981e-01
9.999981e-01
9.999982e-01
9.999985e-01
9.999982e-01
9.999980e-01
9.999980e-01
9.999980e-01
9.999981e-01
9.999981e-01
9.999981e-01
9.999985e-01
9.999982e-01
9.999980e-01
9.999980e-01
9.999980e-01
9.999980e-01
9.999981e-01
9.999981e-01
9.999985e-01
9.999981e-01
9.999979e-01
9.999979e-01
9.999979e-01
9.999980e-01
9.999980e-01
9.999981e-01
9.999984e-01
9.999981e-01
9.999979e-01
9.999979e-01
9.999979e-01
9.999979e-01
9.999980e-01
9.999980e-01
9.999984e-01
9.999980e-01
9.999978e-01
9.999978e-01
9.999978e-01
9.999979e-01
9.999979e-01
9.999980e-01
9.999984e-01
9.999980e-01
9.999978e-01
9.999978e-01
9.999978e-01
9.999979e-01
9.999979e-01
9.999979e-01
9.999983e-01
9.999980e-01
9.999978e-01
9.999977e-01
9.999978e-01
9.999978e-01
9.999979e-01
9.999979e-01
9.999983e-01
9.999979e-01
9.999977e-01
9.999977e-01
9.999977e-01
9.999978e-01
9.999978e-01
9.999979e-01
9.999983e-01
9.999979e-01
9.999977e-01
9.999976e-01
9.999977e-01
9.999977e-01
9.999978e-01
9.999978e-01
9.999982e-01
9.999978e-01
9.999976e-01
9.999976e-01
9.999976e-01
9.999977e-01
9.999977e-01
9.999978e-01
9.999982e-01
9.999978e-01
9.999976e-01
9.999975e-01
9.999976e-01
9.999976e-01
9.999977e-01
9.999977e-01
9.999982e-01
9.999977e-01
9.999975e-01
9.999975e-01
9.999975e-01
9.999988e-01
9.999988e-01
9.999988e-01
9.999990e-01
9.999988e-01
9.999987e-01
9.999987e-01
9.999987e-01
9.999987e-01
9.999988e-01
9.999988e-01
9.999990e-01
9.999988e-01
9.999987e-01
9.999987e-01
9.999987e-01
9.999987e-01
9.999987e-01
9.999988e-01
9.999990e-01
9.999988e-01
9.999986e-01
9.999986e-01
9.999986e-01
9.999987e-01
9.999987e-01
9.999987e-01
9.999990e-01
9.999987e-01
9.999986e-01
9.999986e-01
9.999986e-01
9.999986e-01
9.999987e-01
9.999987e-01
9.999990e-01
9.999987e-01
9.999986e-01
9.999986e-01
9.999986e-01
9.999986e-01
9.999986e-01
9.999987e-01
9.999989e-01
9.999987e-01
9.999985e-01
9.999985e-01
9.999985e-01
9.999986e-01
9.999986e-01
9.999986e-01
9.999989e-01
9.999987e-01
9.999985e-01
9.999985e-01
9.999985e-01
9.999986e-01
9.999986e-01
9.999986e-01
9.999989e-01
9.999986e-01
9.999985e-01
9.999985e-01
9.999985e-01
9.999985e-01
9.999986e-01
9.999986e-01
9.999989e-01
9.999986e-01
9.999984e-01
9.999984e-01
9.999984e-01
9.999985e-01
9.999985e-01
9.999986e-01
9.999988e-01
9.999986e-01
9.999984e-01
9.999984e-01
9.999984e-01
9.999984e-01
9.999985e-01
9.999985e-01
9.999988e-01
9.999985e-01
9.999984e-01
9.999983e-01
9.999984e-01
9.999984e-01
9.999984e-01
9.999985e-01
9.999988e-01
9.999985e-01
9.999983e-01
9.999983e-01
9.999983e-01
9.999984e-01
9.999984e-01
9.999984e-01
9.999988e-01
9.999984e-01
9.999983e-01
9.999983e-01
9.999983e-01
9.999983e-01
9.999984e-01
9.999984e-01
9.999987e-01
9.999984e-01
9.999982e-01
9.999982e-01
9.999982e-01
9.999983e-01
9.999983e-01
9.999984e-01
9.999987e-01
9.999984e-01
9.999982e-01
9.999982e-01
9.999982e-01
9.999982e-01
9.999983e-01
9.999983e-01
9.999987e-01
9.999983e-01
9.999981e-01
9.999981e-01
9.999981e-01
9.999981e-01
9.999990e-01
9.999995e-01
9.999911e-01
9.999762e-01
9.999796e-01
9.999864e-01
9.999890e-01
9.999981e-01
9.999989e-01
9.999995e-01
9.999908e-01
9.999755e-01
9.999790e-01
9.999860e-01
9.999887e-01
9.999980e-01
9.999989e-01
9.999995e-01
9.999906e-01
9.999749e-01
9.999785e-01
9.999856e-01
9.999884e-01
9.999980e-01
9.999989e-01
9.999995e-01
9.999903e-01
9.999742e-01
9.999779e-01
9.999852e-01
9.999881e-01
9.999979e-01
9.999988e-01
9.999994e-01
9.999900e-01
9.999734e-01
9.999772e-01
9.999848e-01
9.999878e-01
9.999979e-01
9.999988e-01
9.999994e-01
9.999898e-01
9.999727e-01
9.999766e-01
9.999844e-01
9.999874e-01
9.999978e-01
9.999988e-01
9.999994e-01
9.999895e-01
9.999719e-01
9.999759e-01
9.999839e-01
9.999871e-01
9.999978e-01
9.999987e-01
9.999994e-01
9.999892e-01
9.999711e-01
9.999752e-01
9.999834e-01
9.999867e-01
9.999977e-01
9.999987e-01
9.999994e-01
9.999888e-01
9.999702e-01
9.999745e-01
9.999830e-01
9.999863e-01
9.999976e-01
9.999987e-01
9.999994e-01
9.999885e-01
9.999693e-01
9.999737e-01
9.999824e-01
9.999859e-01
9.999976e-01
9.999986e-01
9.999993e-01
9.999882e-01
9.999684e-01
9.999729e-01
9.999819e-01
9.999855e-01
9.999975e-01
9.999986e-01
9.999993e-01
9.999878e-01
9.999674e-01
9.999720e-01
9.999813e-01
9.999850e-01
9.999974e-01
9.999985e-01
9.999993e-01
9.999874e-01
9.999664e-01
9.999712e-01
9.999807e-01
9.999846e-01
9.999973e-01
9.999985e-01
9.999993e-01
9.999870e-01
9.999653e-01
9.999702e-01
9.999801e-01
9.999841e-01
9.999972e-01
9.999985e-01
9.999993e-01
9.999866e-01
9.999642e-01
9.999692e-01
9.999795e-01
9.999836e-01
9.999972e-01
9.999984e-01
9.999992e-01
9.999861e-01
9.999630e-01
9.999682e-01
9.999788e-01
9.999830e-01
9.999952e-01
9.999983e-01
9.999998e-01
9.999348e-01
9.998660e-01
9.998929e-01
9.999343e-01
9.999502e-01
9.999951e-01
9.999983e-01
9.999998e-01
9.999324e-01
9.998616e-01
9.998893e-01
9.999321e-01
9.999486e-01
9.999949e-01
9.999982e-01
9.999998e-01
9.999298e-01
9.998569e-01
9.998855e-01
9.999298e-01
9.999468e-01
9.999948e-01
9.999982e-01
9.999998e-01
9.999271e-01
9.998520e-01
9.998815e-01
9.999274e-01
9.999450e-01
9.999946e-01
9.999981e-01
9.999998e-01
9.999242e-01
9.998468e-01
9.998773e-01
9.999248e-01
9.999431e-01
9.999944e-01
9.999981e-01
9.999998e-01
9.999211e-01
9.998414e-01
9.998729e-01
9.999221e-01
9.999411e-01
9.999942e-01
9.999980e-01
9.999998e-01
9.999178e-01
9.998357e-01
9.998683e-01
9.999193e-01
9.999389e-01
9.999940e-01
9.999979e-01
9.999998e-01
9.999144e-01
9.998297e-01
9.998634e-01
9.999163e-01
9.999367e-01
9.999938e-01
9.999978e-01
9.999997e-01
9.999107e-01
9.998234e-01
9.998582e-01
9.999131e-01
9.999343e-01
9.999935e-01
9.999978e-01
9.999997e-01
9.999067e-01
9.998167e-01
9.998527e-01
9.999098e-01
9.999318e-01
9.999933e-01
9.999977e-01
9.999997e-01
9.999025e-01
9.998097e-01
9.998469e-01
9.999062e-01
9.999291e-01
9.999930e-01
9.999976e-01
9.999997e-01
9.998979e-01
9.998023e-01
9.998408e-01
9.999025e-01
9.999263e-01
9.999928e-01
9.999975e-01
9.999997e-01
9.998931e-01
9.997944e-01
9.998343e-01
9.998985e-01
9.999233e-01
9.999925e-01
9.999974e-01
9.999997e-01
9.998878e-01
9.997861e-01
9.998274e-01
9.998942e-01
9.999202e-01
9.999922e-01
9.999973e-01
9.999997e-01
9.998822e-01
9.997772e-01
9.998201e-01
9.998897e-01
9.999168e-01
9.999918e-01
9.999972e-01
9.999997e-01
9.998761e-01
9.997679e-01
9.998123e-01
9.998850e-01
9.999132e-01
SCALARS area double 1
LOOKUP_TABLE default
5.686588e-04
5.632127e-04
5.457987e-04
4.549965e-04
4.173186e-04
3.434294e-04
3.230108e-04
3.269132e-04
4.537656e-04
4.539288e-04
4.549006e-04
4.210749e-04
4.660402e-04
4.603429e-04
4.578169e-04
4.569150e-04
4.512062e-04
4.513685e-04
4.523365e-04
4.187065e-04
4.634124e-04
4.577524e-04
4.552421e-04
4.543444e-04
4.486468e-04
4.488083e-04
4.497725e-04
4.163382e-04
4.607848e-04
4.551620e-04
4.526674e-04
4.517739e-04
4.460875e-04
4.462483e-04
4.472085e-04
4.139699e-04
4.581573e-04
4.525717e-04
4.500928e-04
4.492034e-04
4.435283e-04
4.436883e-04
4.446447e-04
4.116018e-04
4.555299e-04
4.499815e-04
4.475183e-04
4.466331e-04
4.409692e-04
4.411284e-04
4.420810e-04
4.092338e-04
4.529026e-04
4.473914e-04
4.449440e-04
4.440628e-04
4.384102e-04
4.385686e-04
4.395174e-04
4.068659e-04
4.502754e-04
4.448015e-04
4.423697e-04
4.414927e-04
4.358512e-04
4.360089e-04
4.369540e-04
4.044981e-04
4.476484e-04
4.422116e-04
4.397955e-04
4.389226e-04
4.332924e-04
4.334494e-04
4.343906e-04
4.021304e-04
4.450215e-04
4.396219e-04
4.372214e-04
4.363527e-04
4.307337e-04
4.308899e-04
4.318274e-04
3.997629e-04
4.423947e-04
4.370323e-04
4.346474e-04
4.337828e-04
4.281751e-04
4.283305e-04
4.292642e-04
3.973954e-04
4.397681e-04
4.344428e-04
4.320736e-04
4.312131e-04
4.256166e-04
4.257713e-04
4.267012e-04
3.950281e-04
4.371416e-04
4.318534e-04
4.294998e-04
4.286434e-04
4.230583e-04
4.232122e-04
4.241384e-04
3.926609e-04
4.345153e-04
4.292641e-04
4.269262e-04
4.260739e-04
4.205000e-04
4.206532e-04
4.215756e-04
3.902939e-04
4.318891e-04
4.266750e-04
4.243527e-04
4.235045e-04
4.179418e-04
4.180943e-04
4.190130e-04
3.879270e-04
4.292630e-04
4.240860e-04
4.217793e-04
4.209352e-04
4.160125e-04
4.162197e-04
4.172703e-04
3.884471e-04
4.313266e-04
4.220164e-04
4.188708e-04
4.178809e-04
4.131563e-04
4.133613e-04
4.144041e-04
3.857770e-04
4.283770e-04
4.191293e-04
4.160036e-04
4.150187e-04
4.103003e-04
4.105030e-04
4.115380e-04
3.831071e-04
4.254275e-04
4.162422e-04
4.131365e-04
4.121565e-04
4.074443e-04
4.076448e-04
4.086721e-04
3.804372e-04
4.224781e-04
4.133553e-04
4.102695e-04
4.092945e-04
4.045884e-04
4.047866e-04
4.058062e-04
3.777675e-04
4.195288e-04
4.104685e-04
4.074026e-04
4.064325e-04
4.017326e-04
4.019286e-04
4.029404e-04
3.750978e-04
4.165796e-04
4.075818e-04
4.045358e-04
4.035706e-04
3.988769e-04
3.990706e-04
4.000748e-04
3.724283e-04
4.136306e-04
4.046952e-04
4.016690e-04
4.007088e-04
3.960213e-04
3.962128e-04
3.972092e-04
3.697588e-04
4.106816e-04
4.018087e-04
3.988024e-04
3.978471e-04
3.931657e-04
3.933550e-04
3.943437e-04
3.670895e-04
4.077327e-04
3.989223e-04
3.959358e-04
3.949854e-04
3.903103e-04
3.904974e-04
3.914784e-04
3.644203e-04
4.047840e-04
3.960360e-04
3.930694e-04
3.921239e-04
3.874549e-04
3.876398e-04
3.886132e-04
3.617511e-04
4.018354e-04
3.931498e-04
3.902031e-04
3.892625e-04
3.845997e-04
3.847824e-04
3.857480e-04
3.590821e-04
3.988868e-04
3.902637e-04
3.873368e-04
3.864011e-04
3.817446e-04
3.819250e-04
3.828830e-04
3.564132e-04
3.959385e-04
3.873778e-04
3.844707e-04
3.835399e-04
3.788895e-04
3.790678e-04
3.800181e-04
3.537444e-04
3.929902e-04
3.844919e-04
3.816047e-04
3.806788e-04
3.760346e-04
3.762107e-04
3.771534e-04
3.510757e-04
3.900421e-04
3.816062e-04
3.787388e-04
3.778177e-04
3.731798e-04
3.733537e-04
3.742887e-04
3.484072e-04
3.870941e-04
3.787206e-04
3.758730e-04
3.749568e-04
3.703207e-04
3.704645e-04
3.712321e-04
3.438984e-04
3.809152e-04
3.751561e-04
3.728464e-04
3.721001e-04
3.676765e-04
3.678188e-04
3.685809e-04
3.414426e-04
3.782018e-04
3.724843e-04
3.701906e-04
3.694485e-04
3.650324e-04
3.651732e-04
3.659298e-04
3.389868e-04
3.754886e-04
3.698126e-04
3.675349e-04
3.667969e-04
3.623884e-04
3.625277e-04
3.632788e-04
3.365311e-04
3.727755e-04
3.671410e-04
3.648792e-04
3.641454e-04
3.597445e-04
3.598822e-04
3.606279e-04
3.340755e-04
3.700624e-04
3.644695e-04
3.622236e-04
3.614939e-04
3.571006e-04
3.572369e-04
3.579771e-04
3.316200e-04
3.673495e-04
3.617980e-04
3.595681e-04
3.588425e-04
3.544568e-04
3.545916e-04
3.553264e-04
3.291645e-04
3.646366e-04
3.591267e-04
3.569127e-04
3.561913e-04
3.518131e-04
3.519464e-04
3.526757e-04
3.267092e-04
3.619238e-04
3.564554e-04
3.542574e-04
3.535401e-04
3.491695e-04
3.493013e-04
3.500252e-04
3.242539e-04
3.592112e-04
3.537842e-04
3.516021e-04
3.508889e-04
3.465259e-04
3.466562e-04
3.473747e-04
3.217987e-04
3.564986e-04
3.511131e-04
3.489470e-04
3.482379e-04
3.438825e-04
3.440113e-04
3.447244e-04
3.193437e-04
3.537861e-04
3.484421e-04
3.462919e-04
3.455869e-04
3.412391e-04
3.413664e-04
3.420741e-04
3.168887e-04
3.510738e-04
3.457712e-04
3.436369e-04
3.429361e-04
3.385958e-04
3.387217e-04
3.394240e-04
3.144338e-04
3.483615e-04
3.431004e-04
3.409820e-04
3.402853e-04
3.359526e-04
3.360770e-04
3.367739e-04
3.119790e-04
3.456494e-04
3.404297e-04
3.383272e-04
3.376346e-04
3.333095e-04
3.334325e-04
3.341240e-04
3.095244e-04
3.429373e-04
3.377592e-04
3.356725e-04
3.349840e-04
3.306665e-04
3.307880e-04
3.314741e-04
3.070698e-04
3.402254e-04
3.350887e-04
3.330179e-04
3.323335e-04
3.296396e-04
3.297473e-04
3.301439e-04
3.041090e-04
3.341809e-04
3.298393e-04
3.278663e-04
3.273321e-04
3.272310e-04
3.273352e-04
3.277223e-04
3.018548e-04
3.317788e-04
3.274469e-04
3.254768e-04
3.249423e-04
3.248225e-04
3.249231e-04
3.253008e-04
2.996007e-04
3.293766e-04
3.250545e-04
3.230873e-04
3.225526e-04
3.224140e-04
3.225112e-04
3.228793e-04
2.973466e-04
3.269745e-04
3.226622e-04
3.206979e-04
3.201630e-04
3.200057e-04
3.200992e-04
3.204579e-04
2.950925e-04
3.245725e-04
3.202700e-04
3.183085e-04
3.177734e-04
3.175973e-04
3.176874e-04
3.180366e-04
2.928385e-04
3.221705e-04
3.178779e-04
3.159192e-04
3.153839e-04
3.151891e-04
3.152756e-04
3.156154e-04
2.905846e-04
3.197685e-04
3.154858e-04
3.135300e-04
3.129945e-04
3.127809e-04
3.128639e-04
3.131942e-04
2.883307e-04
3.173666e-04
3.130938e-04
3.111409e-04
3.106051e-04
3.103728e-04
3.104523e-04
3.107731e-04
2.860769e-04
3.149648e-04
3.107019e-04
3.087518e-04
3.082158e-04
3.079648e-04
3.080408e-04
3.083521e-04
2.838231e-04
3.125630e-04
3.083101e-04
3.063628e-04
3.058266e-04
3.055569e-04
3.056293e-04
3.059312e-04
2.815694e-04
3.101612e-04
3.059183e-04
3.039739e-04
3.034375e-04
3.031490e-04
3.032179e-04
3.035104e-04
2.793158e-04
3.077595e-04
3.035266e-04
3.015851e-04
3.010484e-04
3.007412e-04
3.008066e-04
3.010896e-04
2.770622e-04
3.053579e-04
3.011350e-04
2.991963e-04
2.986595e-04
2.983335e-04
2.983954e-04
2.986689e-04
2.748087e-04
3.029563e-04
2.987435e-04
2.968077e-04
2.962706e-04
2.959259e-04
2.959843e-04
2.962484e-04
2.725552e-04
3.005548e-04
2.963520e-04
2.944191e-04
2.938817e-04
2.935183e-04
2.935732e-04
2.938279e-04
2.703018e-04
2.981533e-04
2.939607e-04
2.920306e-04
2.914930e-04
2.917388e-04
2.918297e-04
2.920265e-04
2.675129e-04
2.921269e-04
2.901156e-04
2.887087e-04
2.883512e-04
2.896418e-04
2.897290e-04
2.899167e-04
2.655519e-04
2.900722e-04
2.880490e-04
2.866384e-04
2.862788e-04
2.875449e-04
2.876284e-04
2.878070e-04
2.635909e-04
2.880175e-04
2.859824e-04
2.845682e-04
2.842065e-04
2.854480e-04
2.855279e-04
2.856973e-04
2.616299e-04
2.859629e-04
2.839159e-04
2.824981e-04
2.821343e-04
2.833512e-04
2.834274e-04
2.835877e-04
2.596689e-04
2.839083e-04
2.818495e-04
2.804280e-04
2.800620e-04
2.812544e-04
2.813270e-04
2.814781e-04
2.577080e-04
2.818537e-04
2.797831e-04
2.783580e-04
2.779899e-04
2.791577e-04
2.792266e-04
2.793686e-04
2.557472e-04
2.797991e-04
2.777167e-04
2.762880e-04
2.759178e-04
2.770611e-04
2.771263e-04
2.772592e-04
2.537864e-04
2.777446e-04
2.756504e-04
2.742181e-04
2.738458e-04
2.749645e-04
2.750261e-04
2.751498e-04
2.518256e-04
2.756901e-04
2.735842e-04
2.721483e-04
2.717738e-04
2.728680e-04
2.729259e-04
2.730405e-04
2.498649e-04
2.736357e-04
2.715180e-04
2.700785e-04
2.697020e-04
2.707715e-04
2.708258e-04
2.709313e-04
2.479042e-04
2.715812e-04
2.694519e-04
2.680088e-04
2.676301e-04
2.686751e-04
2.687258e-04
2.688221e-04
2.459435e-04
2.695269e-04
2.673859e-04
2.659391e-04
2.655584e-04
2.665788e-04
2.666258e-04
2.667131e-04
2.439830e-04
2.674725e-04
2.653199e-04
2.638696e-04
2.634867e-04
2.644826e-04
2.645259e-04
2.646040e-04
2.420224e-04
2.654182e-04
2.632540e-04
2.618001e-04
2.614151e-04
2.623864e-04
2.624261e-04
2.624951e-04
2.400619e-04
2.633639e-04
2.611882e-04
2.597307e-04
2.593435e-04
2.602904e-04
2.603264e-04
2.603863e-04
2.381015e-04
2.613097e-04
2.591224e-04
2.576613e-04
2.572721e-04
2.578074e-04
2.579156e-04
2.582118e-04
2.372641e-04
2.600558e-04
2.578077e-04
2.564768e-04
2.560990e-04
2.555897e-04
2.556947e-04
2.559828e-04
2.351979e-04
2.578510e-04
2.556045e-04
2.542753e-04
2.538971e-04
2.533720e-04
2.534739e-04
2.537538e-04
2.331318e-04
2.556461e-04
2.534013e-04
2.520738e-04
2.516951e-04
2.511543e-04
2.512531e-04
2.515248e-04
2.310658e-04
2.534413e-04
2.511983e-04
2.498724e-04
2.494933e-04
2.489367e-04
2.490324e-04
2.492960e-04
2.289998e-04
2.512365e-04
2.489952e-04
2.476710e-04
2.472915e-04
2.467191e-04
2.468117e-04
2.470672e-04
2.269339e-04
2.490317e-04
2.467922e-04
2.454697e-04
2.450897e-04
2.445016e-04
2.445911e-04
2.448384e-04
2.248681e-04
2.468270e-04
2.445893e-04
2.432685e-04
2.428881e-04
2.422842e-04
2.423706e-04
2.426098e-04
2.228023e-04
2.446222e-04
2.423864e-04
2.410673e-04
2.406864e-04
2.400668e-04
2.401501e-04
2.403812e-04
2.207366e-04
2.424175e-04
2.401836e-04
2.388662e-04
2.384849e-04
2.378495e-04
2.379297e-04
2.381527e-04
2.186711e-04
2.402127e-04
2.379808e-04
2.366652e-04
2.362834e-04
2.356322e-04
2.357094e-04
2.359243e-04
2.166055e-04
2.380080e-04
2.357781e-04
2.344643e-04
2.340821e-04
2.334150e-04
2.334891e-04
2.336959e-04
2.145401e-04
2.358033e-04
2.335755e-04
2.322634e-04
2.318807e-04
2.311978e-04
2.312689e-04
2.314677e-04
2.124748e-04
2.335986e-04
2.313729e-04
2.300626e-04
2.296795e-04
2.289808e-04
2.290488e-04
2.292395e-04
2.104095e-04
2.313940e-04
2.291704e-04
2.278619e-04
2.274784e-04
2.267638e-04
2.268288e-04
2.270115e-04
2.083443e-04
2.291893e-04
2.269679e-04
2.256613e-04
2.252773e-04
2.245468e-04
2.246088e-04
2.247835e-04
2.062793e-04
2.269847e-04
2.247656e-04
2.234607e-04
2.230763e-04
2.252471e-04
2.250966e-04
2.246783e-04
2.046090e-04
2.252226e-04
2.254018e-04
2.228048e-04
2.211720e-04
2.229593e-04
2.227828e-04
2.223052e-04
2.024214e-04
2.228180e-04
2.231553e-04
2.205551e-04
2.189062e-04
2.206716e-04
2.204704e-04
2.199378e-04
2.002585e-04
2.204317e-04
2.209089e-04
2.183096e-04
2.166454e-04
2.183841e-04
2.181596e-04
2.175764e-04
1.981212e-04
2.180641e-04
2.186625e-04
2.160685e-04
2.143896e-04
2.160967e-04
2.158504e-04
2.152210e-04
1.960102e-04
2.157159e-04
2.164162e-04
2.138319e-04
2.121391e-04
2.138094e-04
2.135428e-04
2.128720e-04
1.939265e-04
2.133877e-04
2.141700e-04
2.115999e-04
2.098940e-04
2.115224e-04
2.112369e-04
2.105296e-04
1.918709e-04
2.110802e-04
2.119238e-04
2.093728e-04
2.076545e-04
2.092355e-04
2.089328e-04
2.081938e-04
1.898443e-04
2.087940e-04
2.096778e-04
2.071506e-04
2.054208e-04
2.069488e-04
2.066304e-04
2.058651e-04
1.878477e-04
2.065299e-04
2.074318e-04
2.049336e-04
2.031930e-04
2.046622e-04
2.043299e-04
2.035436e-04
1.858820e-04
2.042887e-04
2.051858e-04
2.027218e-04
2.009714e-04
2.023759e-04
2.020313e-04
2.012296e-04
1.839482e-04
2.020710e-04
2.029400e-04
2.005155e-04
1.987562e-04
2.000897e-04
1.997348e-04
1.989234e-04
1.820474e-04
1.998777e-04
2.006942e-04
1.983149e-04
1.965475e-04
1.978037e-04
1.974403e-04
1.966251e-04
1.801806e-04
1.977095e-04
1.984485e-04
1.961201e-04
1.943457e-04
1.955180e-04
1.951479e-04
1.943352e-04
1.783488e-04
1.955674e-04
1.962030e-04
1.939313e-04
1.921509e-04
1.932324e-04
1.928577e-04
1.920538e-04
1.765532e-04
1.934521e-04
1.939575e-04
1.917488e-04
1.899634e-04
1.909471e-04
1.905698e-04
1.897814e-04
1.747948e-04
1.913646e-04
1.917121e-04
1.895727e-04
1.877834e-04
1.862519e-04
1.862884e-04
1.862944e-04
1.718962e-04
1.845362e-04
1.859196e-04
1.855780e-04
1.853544e-04
1.849105e-04
1.849463e-04
1.849510e-04
1.706612e-04
1.832242e-04
1.845871e-04
1.842440e-04
1.840196e-04
1.835691e-04
1.836044e-04
1.836077e-04
1.694265e-04
1.819123e-04
1.832547e-04
1.829100e-04
1.826848e-04
1.822277e-04
1.822625e-04
1.822644e-04
1.681922e-04
1.806004e-04
1.819222e-04
1.815761e-04
1.813501e-04
1.808864e-04
1.809207e-04
1.809213e-04
1.669581e-04
1.792886e-04
1.805898e-04
1.802424e-04
1.800156e-04
1.795451e-04
1.795789e-04
1.795783e-04
1.657244e-04
1.779769e-04
1.792574e-04
1.789087e-04
1.786811e-04
1.782038e-04
1.782371e-04
1.782355e-04
1.644909e-04
1.766652e-04
1.779250e-04
1.775751e-04
1.773468e-04
1.768625e-04
1.768955e-04
1.768927e-04
1.632578e-04
1.753536e-04
1.765926e-04
1.762416e-04
1.760126e-04
1.755213e-04
1.755539e-04
1.755501e-04
1.620251e-04
1.740421e-04
1.752602e-04
1.749082e-04
1.746785e-04
1.741801e-04
1.742123e-04
1.742076e-04
1.607926e-04
1.727307e-04
1.739279e-04
1.735749e-04
1.733445e-04
1.728390e-04
1.728708e-04
1.728652e-04
1.595606e-04
1.714194e-04
1.725956e-04
1.722418e-04
1.720107e-04
1.714978e-04
1.715294e-04
1.715230e-04
1.583288e-04
1.701082e-04
1.712633e-04
1.709087e-04
1.706769e-04
1.701567e-04
1.701881e-04
1.701809e-04
1.570975e-04
1.687970e-04
1.699310e-04
1.695757e-04
1.693433e-04
1.688157e-04
1.688468e-04
1.688389e-04
1.558665e-04
1.674859e-04
1.685988e-04
1.682429e-04
1.680099e-04
1.674746e-04
1.675056e-04
1.674971e-04
1.546359e-04
1.661750e-04
1.672666e-04
1.669102e-04
1.666765e-04
1.661336e-04
1.661645e-04
1.661554e-04
1.534057e-04
1.648641e-04
1.659344e-04
1.655776e-04
1.653433e-04
1.647135e-04
1.647262e-04
1.647219e-04
1.521830e-04
1.634839e-04
1.648370e-04
1.646667e-04
1.645534e-04
1.634270e-04
1.634395e-04
1.634350e-04
1.509913e-04
1.622118e-04
1.635516e-04
1.633815e-04
1.632684e-04
1.621404e-04
1.621529e-04
1.621482e-04
1.497997e-04
1.609397e-04
1.622663e-04
1.620964e-04
1.619834e-04
1.608539e-04
1.608663e-04
1.608613e-04
1.486080e-04
1.596677e-04
1.609810e-04
1.608112e-04
1.606984e-04
1.595675e-04
1.595797e-04
1.595745e-04
1.474164e-04
1.583956e-04
1.596958e-04
1.595260e-04
1.594134e-04
1.582810e-04
1.582932e-04
1.582877e-04
1.462247e-04
1.571236e-04
1.584105e-04
1.582409e-04
1.581285e-04
1.569945e-04
1.570066e-04
1.570009e-04
1.450331e-04
1.558516e-04
1.571252e-04
1.569558e-04
1.568435e-04
1.557081e-04
1.557201e-04
1.557141e-04
1.438415e-04
1.545796e-04
1.558400e-04
1.556707e-04
1.555586e-04
1.544217e-04
1.544336e-04
1.544273e-04
1.426500e-04
1.533076e-04
1.545548e-04
1.543856e-04
1.542737e-04
1.531353e-04
1.531471e-04
1.531406e-04
1.414584e-04
1.520356e-04
1.532696e-04
1.531006e-04
1.529889e-04
1.518489e-04
1.518606e-04
1.518539e-04
1.402669e-04
1.507637e-04
1.519845e-04
1.518156e-04
1.517040e-04
1.505626e-04
1.505742e-04
1.505672e-04
1.390754e-04
1.494917e-04
1.506993e-04
1.505305e-04
1.504192e-04
1.492762e-04
1.492877e-04
1.492805e-04
1.378839e-04
1.482198e-04
1.494142e-04
1.492455e-04
1.491344e-04
1.479899e-04
1.480013e-04
1.479939e-04
1.366924e-04
1.469480e-04
1.481291e-04
1.479606e-04
1.478496e-04
1.467036e-04
1.467150e-04
1.467072e-04
1.355009e-04
1.456761e-04
1.468440e-04
1.466756e-04
1.465648e-04
1.454174e-04
1.454286e-04
1.454206e-04
1.343095e-04
1.444042e-04
1.455589e-04
1.453907e-04
1.452801e-04
1.441502e-04
1.441606e-04
1.441572e-04
1.331887e-04
1.430963e-04
1.442965e-04
1.441560e-04
1.440616e-04
1.428636e-04
1.428740e-04
1.428704e-04
1.319975e-04
1.418232e-04
1.430105e-04
1.428703e-04
1.427760e-04
1.415771e-04
1.415874e-04
1.415836e-04
1.308063e-04
1.405502e-04
1.417245e-04
1.415845e-04
1.414905e-04
1.402906e-04
1.403008e-04
1.402968e-04
1.296151e-04
1.392772e-04
1.404385e-04
1.402988e-04
1.402050e-04
1.390041e-04
1.390142e-04
1.390100e-04
1.284239e-04
1.380041e-04
1.391526e-04
1.390131e-04
1.389196e-04
1.377176e-04
1.377277e-04
1.377233e-04
1.272328e-04
1.367311e-04
1.378666e-04
1.377274e-04
1.376341e-04
1.364311e-04
1.364411e-04
1.364365e-04
1.260416e-04
1.354581e-04
1.365807e-04
1.364417e-04
1.363487e-04
1.351447e-04
1.351546e-04
1.351498e-04
1.248505e-04
1.341851e-04
1.352948e-04
1.351560e-04
1.350632e-04
1.338583e-04
1.338681e-04
1.338631e-04
1.236594e-04
1.329122e-04
1.340089e-04
1.338703e-04
1.337778e-04
1.325718e-04
1.325816e-04
1.325764e-04
1.224683e-04
1.316392e-04
1.327230e-04
1.325847e-04
1.324924e-04
1.312854e-04
1.312951e-04
1.312897e-04
1.212772e-04
1.303663e-04
1.314371e-04
1.312991e-04
1.312070e-04
1.299991e-04
1.300086e-04
1.300031e-04
1.200861e-04
1.290934e-04
1.301513e-04
1.300135e-04
1.299217e-04
1.287127e-04
1.287222e-04
1.287164e-04
1.188950e-04
1.278204e-04
1.288654e-04
1.287279e-04
1.286363e-04
1.274263e-04
1.274357e-04
1.274298e-04
1.177040e-04
1.265476e-04
1.275796e-04
1.274423e-04
1.273510e-04
1.261400e-04
1.261493e-04
1.261432e-04
1.165130e-04
1.252747e-04
1.262938e-04
1.261568e-04
1.260657e-04
1.248537e-04
1.248629e-04
1.248566e-04
1.153220e-04
1.240018e-04
1.250080e-04
1.248712e-04
1.247804e-04
1.235874e-04
1.235972e-04
1.235952e-04
1.141925e-04
1.226923e-04
1.237253e-04
1.236069e-04
1.235268e-04
1.223009e-04
1.223106e-04
1.223084e-04
1.130015e-04
1.214189e-04
1.224391e-04
1.223209e-04
1.222411e-04
1.210144e-04
1.210240e-04
1.210216e-04
1.118105e-04
1.201454e-04
1.211528e-04
1.210349e-04
1.209554e-04
1.197279e-04
1.197374e-04
1.197349e-04
1.106194e-04
1.188720e-04
1.198666e-04
1.197490e-04
1.196698e-04
1.184414e-04
1.184509e-04
1.184481e-04
1.094284e-04
1.175986e-04
1.185804e-04
1.184630e-04
1.183841e-04
1.171549e-04
1.171643e-04
1.171614e-04
1.082375e-04
1.163252e-04
1.172941e-04
1.171771e-04
1.170985e-04
1.158684e-04
1.158778e-04
1.158747e-04
1.070465e-04
1.150518e-04
1.160079e-04
1.158912e-04
1.158128e-04
1.145820e-04
1.145912e-04
1.145880e-04
1.058555e-04
1.137784e-04
1.147218e-04
1.146053e-04
1.145272e-04
1.132955e-04
1.133047e-04
1.133013e-04
1.046646e-04
1.125051e-04
1.134356e-04
1.133194e-04
1.132416e-04
1.120091e-04
1.120182e-04
1.120146e-04
1.034736e-04
1.112317e-04
1.121494e-04
1.120336e-04
1.119560e-04
1.107227e-04
1.107317e-04
1.107279e-04
1.022827e-04
1.099584e-04
1.108633e-04
1.107477e-04
1.106704e-04
1.094363e-04
1.094453e-04
1.094413e-04
1.010918e-04
1.086851e-04
1.095771e-04
1.094619e-04
1.093848e-04
1.081499e-04
1.081588e-04
1.081546e-04
9.990092e-05
1.074118e-04
1.082910e-04
1.081760e-04
1.080993e-04
1.068635e-04
1.068724e-04
1.068680e-04
9.871004e-05
1.061385e-04
1.070049e-04
1.068902e-04
1.068137e-04
1.055772e-04
1.055859e-04
1.055814e-04
9.751918e-05
1.048652e-04
1.057188e-04
1.056044e-04
1.055282e-04
1.042909e-04
1.042995e-04
1.042948e-04
9.632833e-05
1.035919e-04
1.044328e-04
1.043187e-04
1.042427e-04
1.030620e-04
1.030780e-04
1.030807e-04
9.521190e-05
1.022229e-04
1.030289e-04
1.029033e-04
1.028231e-04
1.017928e-04
1.018088e-04
1.018112e-04
9.397834e-05
1.009752e-04
1.017621e-04
1.016366e-04
1.015564e-04
1.005237e-04
1.005396e-04
1.005417e-04
9.274491e-05
9.972785e-05
1.004956e-04
1.003700e-04
1.002900e-04
9.925453e-05
9.927041e-05
9.927216e-05
9.151160e-05
9.848072e-05
9.922935e-05
9.910356e-05
9.902357e-05
9.798542e-05
9.800122e-05
9.800265e-05
9.027841e-05
9.723385e-05
9.796327e-05
9.783726e-05
9.775731e-05
9.671633e-05
9.673205e-05
9.673316e-05
8.904536e-05
9.598725e-05
9.669742e-05
9.657111e-05
9.649117e-05
9.544726e-05
9.546289e-05
9.546367e-05
8.781245e-05
9.474093e-05
9.543181e-05
9.530512e-05
9.522516e-05
9.417822e-05
9.419374e-05
9.419418e-05
8.657969e-05
9.349491e-05
9.416644e-05
9.403929e-05
9.395929e-05
9.290920e-05
9.292461e-05
9.292471e-05
8.534707e-05
9.224920e-05
9.290133e-05
9.277363e-05
9.269355e-05
9.164021e-05
9.165550e-05
9.165524e-05
8.411462e-05
9.100380e-05
9.163649e-05
9.150816e-05
9.142795e-05
9.037125e-05
9.038640e-05
9.038578e-05
8.288232e-05
8.975874e-05
9.037192e-05
9.024286e-05
9.016251e-05
8.910231e-05
8.911731e-05
8.911633e-05
8.165021e-05
8.851402e-05
8.910765e-05
8.897777e-05
8.889723e-05
8.783341e-05
8.784825e-05
8.784689e-05
8.041827e-05
8.726966e-05
8.784367e-05
8.771287e-05
8.763210e-05
8.656454e-05
8.657920e-05
8.657745e-05
7.918652e-05
8.602568e-05
8.658002e-05
8.644819e-05
8.636715e-05
8.529569e-05
8.531017e-05
8.530803e-05
7.795496e-05
8.478210e-05
8.531669e-05
8.518372e-05
8.510238e-05
8.402689e-05
8.404116e-05
8.403862e-05
7.672362e-05
8.353892e-05
8.405370e-05
8.391949e-05
8.383780e-05
8.280934e-05
8.281383e-05
8.280647e-05
7.549306e-05
8.230195e-05
8.284792e-05
8.275501e-05
8.270768e-05
8.158376e-05
8.158858e-05
8.158124e-05
7.416919e-05
8.109226e-05
8.161489e-05
8.152514e-05
8.147922e-05
8.035825e-05
8.036336e-05
8.035601e-05
7.284641e-05
7.988421e-05
8.038314e-05
8.029606e-05
8.025136e-05
7.913280e-05
7.913816e-05
7.913078e-05
7.152479e-05
7.867788e-05
7.915275e-05
7.906781e-05
7.902415e-05
7.790743e-05
7.791298e-05
7.790556e-05
7.020439e-05
7.747336e-05
7.792376e-05
7.784043e-05
7.779759e-05
7.668212e-05
7.668783e-05
7.668034e-05
6.888528e-05
7.627072e-05
7.669625e-05
7.661395e-05
7.657174e-05
7.545690e-05
7.546270e-05
7.545512e-05
6.756753e-05
7.507006e-05
7.547028e-05
7.538844e-05
7.534662e-05
7.423175e-05
7.423761e-05
7.422991e-05
6.625123e-05
7.387148e-05
7.424595e-05
7.416392e-05
7.412227e-05
7.300669e-05
7.301255e-05
7.300470e-05
6.493647e-05
7.267507e-05
7.302332e-05
7.294046e-05
7.289873e-05
7.178171e-05
7.178751e-05
7.177950e-05
6.362334e-05
7.148095e-05
7.180248e-05
7.171811e-05
7.167604e-05
7.055683e-05
7.056252e-05
7.055430e-05
6.231194e-05
7.028923e-05
7.058354e-05
7.049692e-05
7.045424e-05
6.933205e-05
6.933755e-05
6.932910e-05
6.100238e-05
6.910004e-05
6.936658e-05
6.927695e-05
6.923339e-05
6.810737e-05
6.811263e-05
6.810391e-05
5.969479e-05
6.791351e-05
6.815171e-05
6.805828e-05
6.801352e-05
6.688280e-05
6.688774e-05
6.687872e-05
5.838930e-05
6.672978e-05
6.693906e-05
6.684097e-05
6.679471e-05
6.565834e-05
6.566290e-05
6.565354e-05
5.708606e-05
6.554901e-05
6.572873e-05
6.562510e-05
6.557699e-05
6.443401e-05
6.443810e-05
6.442837e-05
5.578521e-05
6.437135e-05
6.452087e-05
6.441075e-05
6.436045e-05
