# vtk DataFile Version 3.0
AERIS surface mesh v3
ASCII
DATASET STRUCTURED_GRID
DIMENSIONS 9 209 1
POINTS 1881 double
5.4024217233e-01 -5.1025650618e-05 5.0438372730e-02
6.3042234127e-01 -5.1025650618e-05 3.6003950209e-02
7.2061382501e-01 -5.1025650618e-05 2.1641287992e-02
8.1107304777e-01 -5.1025650618e-05 9.1026084543e-03
9.0000051835e-01 -5.1025650618e-05 1.6317595658e-04
8.1180015241e-01 -5.1025650618e-05 -1.3380572492e-02
7.2145464014e-01 -5.1025650618e-05 -2.6739867854e-02
6.3085520990e-01 -5.1025650618e-05 -3.8229612579e-02
5.3993129450e-01 -5.1025650618e-05 -4.6773110103e-02
5.3981455319e-01 3.8958922044e-03 5.0389892970e-02
6.2949701662e-01 4.1705607077e-03 3.6074883267e-02
7.1919070080e-01 4.4438607768e-03 2.1831238395e-02
8.0914984345e-01 4.6823785120e-03 9.4015152232e-03
8.9758424721e-01 4.8522735668e-03 5.5030885681e-04
8.0988258946e-01 5.1110944351e-03 -1.2955902297e-02
7.2004769404e-01 5.3664118628e-03 -2.6279623874e-02
6.2995949084e-01 5.5860813623e-03 -3.7744334670e-02
5.3954734186e-01 5.7495723790e-03 -4.6279375216e-02
5.3938693404e-01 8.7164988566e-03 5.0341413211e-02
6.2857169198e-01 8.9851910104e-03 3.6145816325e-02
7.1776757658e-01 9.2525415133e-03 2.2021188799e-02
8.0722663913e-01 9.4857905854e-03 9.7004219922e-03
8.9516797606e-01 9.6517735536e-03 9.3744175704e-04
8.0796502651e-01 9.9060875896e-03 -1.2531232102e-02
7.1864074795e-01 1.0156981019e-02 -2.5819379894e-02
6.2906377177e-01 1.0372927797e-02 -3.7259056762e-02
5.3916338922e-01 1.0533800753e-02 -4.5785640328e-02
5.3895931489e-01 1.3537105509e-02 5.0292933451e-02
6.2764636734e-01 1.3799821313e-02 3.6216749382e-02
7.1634445237e-01 1.4061222250e-02 2.2211139202e-02
8.0530343481e-01 1.4289202659e-02 9.9993287612e-03
8.9275170491e-01 1.4451273540e-02 1.3245746573e-03
8.0604746357e-01 1.4701080744e-02 -1.2106561907e-02
7.1723380186e-01 1.4947550176e-02 -2.5359135914e-02
6.2816805271e-01 1.5159774231e-02 -3.6773778854e-02
5.3877943658e-01 1.5318029126e-02 -4.5291905440e-02
5.3853169574e-01 1.8357712161e-02 5.0244453692e-02
6.2672104270e-01 1.8614451616e-02 3.6287682440e-02
7.1492132815e-01 1.8869902986e-02 2.2401089605e-02
8.0338023048e-01 1.9092614732e-02 1.0298235530e-02
8.9033543377e-01 1.9250773527e-02 1.7117075575e-03
8.0412990062e-01 1.9496073898e-02 -1.1681891712e-02
7.1582685577e-01 1.9738119333e-02 -2.4898891935e-02
6.2727233365e-01 1.9946620665e-02 -3.6288500946e-02
5.3839548394e-01 2.0102257500e-02 -4.4798170553e-02
5.3810407659e-01 2.3178318813e-02 5.0195973932e-02
6.2579571805e-01 2.3429081918e-02 3.6358615497e-02
7.1349820393e-01 2.3678583723e-02 2.2591040008e-02
8.0145702616e-01 2.3896026806e-02 1.0597142299e-02
8.8791916262e-01 2.4050273514e-02 2.0988404577e-03
8.0221233767e-01 2.4291067053e-02 -1.1257221517e-02
7.1441990967e-01 2.4528688489e-02 -2.4438647955e-02
6.2637661459e-01 2.4733467099e-02 -3.5803223038e-02
5.3801153130e-01 2.4886485874e-02 -4.4304435665e-02
5.3767645745e-01 2.7998925466e-02 5.0147494173e-02
6.2487039341e-01 2.8243712221e-02 3.6429548555e-02
7.1207507972e-01 2.8487264459e-02 2.2780990411e-02
7.9953382184e-01 2.8699438879e-02 1.0896049068e-02
8.8550289148e-01 2.8849773501e-02 2.4859733580e-03
8.0029477472e-01 2.9086060207e-02 -1.0832551322e-02
7.1301296358e-01 2.9319257646e-02 -2.3978403975e-02
6.2548089552e-01 2.9520313534e-02 -3.5317945130e-02
5.3762757866e-01 2.9670714248e-02 -4.3810700778e-02
5.3724883830e-01 3.2819532118e-02 5.0099014414e-02
6.2394506877e-01 3.3058342524e-02 3.6500481612e-02
7.1065195550e-01 3.3295945195e-02 2.2970940814e-02
7.9761061751e-01 3.3502850953e-02 1.1194955837e-02
8.8308662033e-01 3.3649273487e-02 2.8731062582e-03
7.9837721177e-01 3.3881053362e-02 -1.0407881127e-02
7.1160601749e-01 3.4109826803e-02 -2.3518159995e-02
6.2458517646e-01 3.4307159968e-02 -3.4832667222e-02
5.3724362602e-01 3.4454942621e-02 -4.3316965890e-02
5.3682121915e-01 3.7640138770e-02 5.0050534654e-02
6.2301974413e-01 3.7872972827e-02 3.6571414670e-02
7.0922883129e-01 3.8104625932e-02 2.3160891218e-02
7.9568741319e-01 3.8306263026e-02 1.1493862606e-02
8.8067034918e-01 3.8448773474e-02 3.2602391584e-03
7.9645964882e-01 3.8676046516e-02 -9.9832109325e-03
7.1019907140e-01 3.8900395959e-02 -2.3057916016e-02
6.2368945740e-01 3.9094006402e-02 -3.4347389314e-02
5.3685967338e-01 3.9239170995e-02 -4.2823231002e-02
5.3639360000e-01 4.2460745422e-02 5.0002054895e-02
6.2209441948e-01 4.2687603129e-02 3.6642347727e-02
7.0780570707e-01 4.2913306668e-02 2.3350841621e-02
7.9376420887e-01 4.3109675100e-02 1.1792769375e-02
8.7825407804e-01 4.3248273461e-02 3.6473720587e-03
7.9454208587e-01 4.3471039671e-02 -9.5585407376e-03
7.0879212530e-01 4.3690965116e-02 -2.2597672036e-02
6.2279373833e-01 4.3880852836e-02 -3.3862111406e-02
5.3647572074e-01 4.4023399369e-02 -4.2329496115e-02
5.3596598085e-01 4.7281352075e-02 4.9953575135e-02
6.2116909484e-01 4.7502233432e-02 3.6713280785e-02
7.0638258286e-01 4.7721987405e-02 2.3540792024e-02
7.9184100455e-01 4.7913087173e-02 1.2091676144e-02
8.7583780689e-01 4.8047773448e-02 4.0345049589e-03
7.9262452292e-01 4.8266032825e-02 -9.1338705426e-03
7.0738517921e-01 4.8481534272e-02 -2.2137428056e-02
6.2189801927e-01 4.8667699271e-02 -3.3376833498e-02
5.3609176810e-01 4.8807627742e-02 -4.1835761227e-02
5.3553836171e-01 5.2101958727e-02 4.9905095376e-02
6.2024377020e-01 5.2316863735e-02 3.6784213842e-02
7.0495945864e-01 5.2530668141e-02 2.3730742427e-02
7.8991780022e-01 5.2716499247e-02 1.2390582913e-02
8.7342153575e-01 5.2847273435e-02 4.4216378591e-03
7.9070695997e-01 5.3061025980e-02 -8.7092003476e-03
7.0597823312e-01 5.3272103429e-02 -2.1677184076e-02
6.2100230021e-01 5.3454545705e-02 -3.2891555590e-02
5.3570781546e-01 5.3591856116e-02 -4.1342026339e-02
5.3511074256e-01 5.6922565379e-02 4.9856615616e-02
6.1931844556e-01 5.7131494037e-02 3.6855146900e-02
7.0353633442e-01 5.7339348878e-02 2.3920692830e-02
7.8799459590e-01 5.7519911320e-02 1.2689489682e-02
8.7100526460e-01 5.7646773421e-02 4.8087707593e-03
7.8878939702e-01 5.7856019134e-02 -8.2845301526e-03
7.0457128703e-01 5.8062672586e-02 -2.1216940097e-02
6.2010658114e-01 5.8241392139e-02 -3.2406277682e-02
5.3532386282e-01 5.8376084490e-02 -4.0848291452e-02
5.3468312341e-01 6.1743172031e-02 4.9808135857e-02
6.1839312091e-01 6.1946124340e-02 3.6926079957e-02
7.0211321021e-01 6.2148029614e-02 2.4110643233e-02
7.8607139158e-01 6.2323323393e-02 1.2988396451e-02
8.6858899345e-01 6.2446273408e-02 5.1959036596e-03
7.8687183407e-01 6.2651012289e-02 -7.8598599577e-03
7.0316434094e-01 6.2853241742e-02 -2.0756696117e-02
6.1921086208e-01 6.3028238574e-02 -3.1920999773e-02
5.3493991018e-01 6.3160312863e-02 -4.0354556564e-02
5.3425550426e-01 6.6563778683e-02 4.9759656098e-02
6.1746779627e-01 6.6760754643e-02 3.6997013015e-02
7.0069008599e-01 6.6956710351e-02 2.4300593637e-02
7.8414818725e-01 6.7126735467e-02 1.3287303220e-02
8.6617272231e-01 6.7245773395e-02 5.5830365598e-03
7.8495427113e-01 6.7446005443e-02 -7.4351897627e-03
7.0175739484e-01 6.7643810899e-02 -2.0296452137e-02
6.1831514302e-01 6.7815085008e-02 -3.1435721865e-02
5.3455595754e-01 6.7944541237e-02 -3.9860821677e-02
5.3382788512e-01 7.1384385336e-02 4.9711176338e-02
6.1654247163e-01 7.1575384945e-02 3.7067946072e-02
6.9926696178e-01 7.1765391087e-02 2.4490544040e-02
7.8222498293e-01 7.1930147540e-02 1.3586209989e-02
8.6375645116e-01 7.2045273382e-02 5.9701694600e-03
7.8303670818e-01 7.2240998598e-02 -7.0105195677e-03
7.0035044875e-01 7.2434380056e-02 -1.9836208157e-02
6.1741942396e-01 7.2601931442e-02 -3.0950443957e-02
5.3417200490e-01 7.2728769611e-02 -3.9367086789e-02
5.3340026597e-01 7.6204991988e-02 4.9662696579e-02
6.1561714699e-01 7.6390015248e-02 3.7138879130e-02
6.9784383756e-01 7.6574071823e-02 2.4680494443e-02
7.8030177861e-01 7.6733559614e-02 1.3885116758e-02
8.6134018002e-01 7.6844773368e-02 6.3573023603e-03
7.8111914523e-01 7.7035991752e-02 -6.5858493727e-03
6.9894350266e-01 7.7224949212e-02 -1.9375964178e-02
6.1652370489e-01 7.7388777876e-02 -3.0465166049e-02
5.3378805226e-01 7.7512997984e-02 -3.8873351901e-02
5.3292953461e-01 8.1021828151e-02 4.9533573062e-02
6.1458979665e-01 8.1202975585e-02 3.7130441902e-02
6.9625977327e-01 8.1383174403e-02 2.4792300739e-02
7.7815870979e-01 8.1539263765e-02 1.4105905847e-02
8.5864641546e-01 8.1647990844e-02 6.6641529011e-03
7.7897924481e-01 8.1836023498e-02 -6.2248736742e-03
6.9737076168e-01 8.2021847357e-02 -1.8962748496e-02
6.1551906393e-01 8.2183014603e-02 -3.0011433159e-02
5.3335252261e-01 8.2305317214e-02 -3.8397549841e-02
5.3245880326e-01 8.5838664314e-02 4.9404449546e-02
6.1356244632e-01 8.6015935921e-02 3.7122004674e-02
6.9467570897e-01 8.6192276982e-02 2.4904107034e-02
7.7601564097e-01 8.6344967916e-02 1.4326694936e-02
8.5595265091e-01 8.6451208320e-02 6.9710034419e-03
7.7683934439e-01 8.6636055245e-02 -5.8638979757e-03
6.9579802071e-01 8.6818745502e-02 -1.8549532815e-02
6.1451442297e-01 8.6977251329e-02 -2.9557700269e-02
5.3291699295e-01 8.7097636443e-02 -3.7921747781e-02
5.3198807190e-01 9.0655500476e-02 4.9275326029e-02
6.1253509598e-01 9.0828896257e-02 3.7113567446e-02
6.9309164468e-01 9.1001379562e-02 2.5015913330e-02
7.7387257215e-01 9.1150672067e-02 1.4547484025e-02
8.5325888635e-01 9.1254425795e-02 7.2778539827e-03
7.7469944397e-01 9.1436086991e-02 -5.5029222772e-03
6.9422527973e-01 9.1615643647e-02 -1.8136317134e-02
6.1350978200e-01 9.1771488056e-02 -2.9103967379e-02
5.3248146329e-01 9.1889955673e-02 -3.7445945721e-02
5.3151734054e-01 9.5472336639e-02 4.9146202513e-02
6.1150774565e-01 9.5641856594e-02 3.7105130219e-02
6.9150758038e-01 9.5810482141e-02 2.5127719626e-02
7.7172950333e-01 9.5956376218e-02 1.4768273114e-02
8.5056512180e-01 9.6057643271e-02 7.5847045236e-03
7.7255954355e-01 9.6236118738e-02 -5.1419465787e-03
6.9265253875e-01 9.6412541791e-02 -1.7723101453e-02
6.1250514104e-01 9.6565724782e-02 -2.8650234489e-02
5.3204593364e-01 9.6682274902e-02 -3.6970143661e-02
5.3104660919e-01 1.0028917280e-01 4.9017078996e-02
6.1048039531e-01 1.0045481693e-01 3.7096692991e-02
6.8992351609e-01 1.0061958472e-01 2.5239525922e-02
7.6958643452e-01 1.0076208037e-01 1.4989062203e-02
8.4787135724e-01 1.0086086075e-01 7.8915550644e-03
7.7041964313e-01 1.0103615048e-01 -4.7809708802e-03
6.9107979778e-01 1.0120943994e-01 -1.7309885772e-02
6.1150050008e-01 1.0135996151e-01 -2.8196501599e-02
5.3161040398e-01 1.0147459413e-01 -3.6494341601e-02
5.3057587783e-01 1.0510600896e-01 4.8887955480e-02
6.0945304498e-01 1.0526777727e-01 3.7088255763e-02
6.8833945180e-01 1.0542868730e-01 2.5351332218e-02
7.6744336570e-01 1.0556778452e-01 1.5209851293e-02
8.4517759269e-01 1.0566407822e-01 8.1984056052e-03
7.6827974271e-01 1.0583618223e-01 -4.4199951817e-03
6.8950705680e-01 1.0600633808e-01 -1.6896670091e-02
6.1049585911e-01 1.0615419823e-01 -2.7742768709e-02
5.3117487432e-01 1.0626691336e-01 -3.6018539542e-02
5.3010514648e-01 1.0992284513e-01 4.8758831963e-02
6.0842569464e-01 1.1008073760e-01 3.7079818535e-02
6.8675538750e-01 1.1023778988e-01 2.5463138513e-02
7.6530029688e-01 1.1037348867e-01 1.5430640382e-02
8.4248382813e-01 1.1046729570e-01 8.5052561460e-03
7.6613984229e-01 1.1063621398e-01 -4.0590194832e-03
6.8793431582e-01 1.1080323623e-01 -1.6483454410e-02
6.0949121815e-01 1.1094843496e-01 -2.7289035819e-02
5.3073934467e-01 1.1105923259e-01 -3.5542737482e-02
5.2963441512e-01 1.1473968129e-01 4.8629708447e-02
6.0739834431e-01 1.1489369794e-01 3.7071381307e-02
6.8517132321e-01 1.1504689246e-01 2.5574944809e-02
7.6315722806e-01 1.1517919282e-01 1.5651429471e-02
8.3979006358e-01 1.1527051317e-01 8.8121066869e-03
7.6399994187e-01 1.1543624572e-01 -3.6980437846e-03
6.8636157485e-01 1.1560013437e-01 -1.6070238729e-02
6.0848657719e-01 1.1574267169e-01 -2.6835302929e-02
5.3030381501e-01 1.1585155182e-01 -3.5066935422e-02
5.2916368376e-01 1.1955651745e-01 4.8500584930e-02
6.0637099397e-01 1.1970665828e-01 3.7062944079e-02
6.8358725892e-01 1.1985599504e-01 2.5686751105e-02
7.6101415924e-01 1.1998489697e-01 1.5872218560e-02
8.3709629902e-01 1.2007373065e-01 9.1189572277e-03
7.6186004145e-01 1.2023627747e-01 -3.3370680861e-03
6.8478883387e-01 1.2039703252e-01 -1.5657023048e-02
6.0748193623e-01 1.2053690841e-01 -2.6381570038e-02
5.2986828536e-01 1.2064387105e-01 -3.4591133362e-02
5.2869295241e-01 1.2437335362e-01 4.8371461414e-02
6.0534364364e-01 1.2451961861e-01 3.7054506851e-02
6.8200319462e-01 1.2466509762e-01 2.5798557401e-02
7.5887109043e-01 1.2479060112e-01 1.6093007649e-02
8.3440253447e-01 1.2487694812e-01 9.4258077685e-03
7.5972014103e-01 1.2503630922e-01 -2.9760923876e-03
6.8321609290e-01 1.2519393066e-01 -1.5243807367e-02
6.0647729526e-01 1.2533114514e-01 -2.5927837148e-02
5.2943275570e-01 1.2543619028e-01 -3.4115331302e-02
5.2822222105e-01 1.2919018978e-01 4.8242337897e-02
6.0431629330e-01 1.2933257895e-01 3.7046069623e-02
6.8041913033e-01 1.2947420020e-01 2.5910363697e-02
7.5672802161e-01 1.2959630528e-01 1.6313796738e-02
8.3170876992e-01 1.2968016560e-01 9.7326583093e-03
7.5758024061e-01 1.2983634096e-01 -2.6151166891e-03
6.8164335192e-01 1.2999082880e-01 -1.4830591686e-02
6.0547265430e-01 1.3012538187e-01 -2.5474104258e-02
5.2899722604e-01 1.3022850951e-01 -3.3639529242e-02
5.2775148970e-01 1.3400702594e-01 4.8113214381e-02
6.0328894297e-01 1.3414553929e-01 3.7037632396e-02
6.7883506603e-01 1.3428330278e-01 2.6022169992e-02
7.5458495279e-01 1.3440200943e-01 1.6534585827e-02
8.2901500536e-01 1.3448338308e-01 1.0039508850e-02
7.5544034019e-01 1.3463637271e-01 -2.2541409906e-03
6.8007061094e-01 1.3478772695e-01 -1.4417376005e-02
6.0446801334e-01 1.3491961859e-01 -2.5020371368e-02
5.2856169639e-01 1.3502082874e-01 -3.3163727182e-02
5.2728075834e-01 1.3882386210e-01 4.7984090864e-02
6.0226159263e-01 1.3895849962e-01 3.7029195168e-02
6.7725100174e-01 1.3909240536e-01 2.6133976288e-02
7.5244188397e-01 1.3920771358e-01 1.6755374917e-02
8.2632124081e-01 1.3928660055e-01 1.0346359391e-02
7.5330043977e-01 1.3943640446e-01 -1.8931652921e-03
6.7849786997e-01 1.3958462509e-01 -1.4004160324e-02
6.0346337237e-01 1.3971385532e-01 -2.4566638478e-02
5.2812616673e-01 1.3981314797e-01 -3.2687925122e-02
5.2681002699e-01 1.4364069827e-01 4.7854967347e-02
6.0123424230e-01 1.4377145996e-01 3.7020757940e-02
6.7566693745e-01 1.4390150794e-01 2.6245782584e-02
7.5029881515e-01 1.4401341773e-01 1.6976164006e-02
8.2362747625e-01 1.4408981803e-01 1.0653209932e-02
7.5116053935e-01 1.4423643620e-01 -1.5321895936e-03
6.7692512899e-01 1.4438152324e-01 -1.3590944642e-02
6.0245873141e-01 1.4450809205e-01 -2.4112905588e-02
5.2769063707e-01 1.4460546720e-01 -3.2212123062e-02
5.2633929563e-01 1.4845753443e-01 4.7725843831e-02
6.0020689196e-01 1.4858442030e-01 3.7012320712e-02
6.7408287315e-01 1.4871061052e-01 2.6357588880e-02
7.4815574633e-01 1.4881912188e-01 1.7196953095e-02
8.2093371170e-01 1.4889303550e-01 1.0960060473e-02
7.4902063893e-01 1.4903646795e-01 -1.1712138951e-03
6.7535238801e-01 1.4917842138e-01 -1.3177728961e-02
6.0145409045e-01 1.4930232877e-01 -2.3659172698e-02
5.2725510742e-01 1.4939778642e-01 -3.1736321002e-02
5.2586856427e-01 1.5327437059e-01 4.7596720314e-02
5.9917954163e-01 1.5339738063e-01 3.7003883484e-02
6.7249880886e-01 1.5351971309e-01 2.6469395176e-02
7.4601267752e-01 1.5362482603e-01 1.7417742184e-02
8.1823994714e-01 1.5369625298e-01 1.1266911013e-02
7.4688073851e-01 1.5383649969e-01 -8.1023819656e-04
6.7377964704e-01 1.5397531953e-01 -1.2764513280e-02
6.0044944948e-01 1.5409656550e-01 -2.3205439808e-02
5.2681957776e-01 1.5419010565e-01 -3.1260518942e-02
5.2542786731e-01 1.5809173861e-01 4.7444459435e-02
5.9822216613e-01 1.5821159759e-01 3.6957969428e-02
6.7102467118e-01 1.5833079494e-01 2.6529416864e-02
7.4401976626e-01 1.5843317765e-01 1.7573246736e-02
8.1573618102e-01 1.5850267220e-01 1.1496747691e-02
7.4488939084e-01 1.5863986273e-01 -5.2485219359e-04
6.7231304926e-01 1.5877566605e-01 -1.2425193550e-02
5.9950858744e-01 1.5889431022e-01 -2.2823035731e-02
5.2640556856e-01 1.5898590216e-01 -3.0852108664e-02
5.2498717034e-01 1.6290910662e-01 4.7292198555e-02
5.9726479064e-01 1.6302581456e-01 3.6912055371e-02
6.6955053351e-01 1.6314187678e-01 2.6589438553e-02
7.4202685500e-01 1.6324152928e-01 1.7728751287e-02
8.1323241489e-01 1.6330909142e-01 1.1726584369e-02
7.4289804316e-01 1.6344322577e-01 -2.3946619063e-04
6.7084645149e-01 1.6357601257e-01 -1.2085873819e-02
5.9856772540e-01 1.6369205494e-01 -2.2440631654e-02
5.2599155936e-01 1.6378169866e-01 -3.0443698387e-02
5.2454647338e-01 1.6772647463e-01 4.7139937675e-02
5.9630741514e-01 1.6784003152e-01 3.6866141315e-02
6.6807639583e-01 1.6795295863e-01 2.6649460242e-02
7.4003394375e-01 1.6804988090e-01 1.7884255838e-02
8.1072864877e-01 1.6811551063e-01 1.1956421048e-02
7.4090669549e-01 1.6824658880e-01 4.5919812334e-05
6.6937985371e-01 1.6837635910e-01 -1.1746554089e-02
5.9762686335e-01 1.6848979966e-01 -2.2058227577e-02
5.2557755017e-01 1.6857749517e-01 -3.0035288110e-02
5.2410577642e-01 1.7254384264e-01 4.6987676795e-02
5.9535003964e-01 1.7265424848e-01 3.6820227258e-02
6.6660225816e-01 1.7276404047e-01 2.6709481931e-02
7.3804103249e-01 1.7285823252e-01 1.8039760390e-02
8.0822488264e-01 1.7292192985e-01 1.2186257726e-02
7.3891534781e-01 1.7304995184e-01 3.3130581530e-04
6.6791325593e-01 1.7317670562e-01 -1.1407234358e-02
5.9668600131e-01 1.7328754438e-01 -2.1675823500e-02
5.2516354097e-01 1.7337329168e-01 -2.9626877832e-02
5.2366507945e-01 1.7736121066e-01 4.6835415915e-02
5.9439266414e-01 1.7746846545e-01 3.6774313202e-02
6.6512812049e-01 1.7757512232e-01 2.6769503619e-02
7.3604812123e-01 1.7766658414e-01 1.8195264941e-02
8.0572111651e-01 1.7772834907e-01 1.2416094404e-02
7.3692400014e-01 1.7785331487e-01 6.1669181826e-04
6.6644665815e-01 1.7797705214e-01 -1.1067914627e-02
5.9574513926e-01 1.7808528909e-01 -2.1293419423e-02
5.2474953177e-01 1.7816908818e-01 -2.9218467555e-02
5.2322438249e-01 1.8217857867e-01 4.6683155035e-02
5.9343528865e-01 1.8228268241e-01 3.6728399145e-02
6.6365398281e-01 1.8238620416e-01 2.6829525308e-02
7.3405520998e-01 1.8247493577e-01 1.8350769493e-02
8.0321735039e-01 1.8253476829e-01 1.2645931082e-02
7.3493265246e-01 1.8265667791e-01 9.0207782123e-04
6.6498006038e-01 1.8277739866e-01 -1.0728594897e-02
5.9480427722e-01 1.8288303381e-01 -2.0911015346e-02
5.2433552257e-01 1.8296488469e-01 -2.8810057277e-02
5.2278368552e-01 1.8699594668e-01 4.6530894155e-02
5.9247791315e-01 1.8709689937e-01 3.6682485088e-02
6.6217984514e-01 1.8719728601e-01 2.6889546997e-02
7.3206229872e-01 1.8728328739e-01 1.8506274044e-02
8.0071358426e-01 1.8734118751e-01 1.2875767760e-02
7.3294130478e-01 1.8746004095e-01 1.1874638242e-03
6.6351346260e-01 1.8757774519e-01 -1.0389275166e-02
5.9386341517e-01 1.8768077853e-01 -2.0528611269e-02
5.2392151337e-01 1.8776068119e-01 -2.8401647000e-02
5.2234298856e-01 1.9181331469e-01 4.6378633275e-02
5.9152053765e-01 1.9191111634e-01 3.6636571032e-02
6.6070570746e-01 1.9200836785e-01 2.6949568686e-02
7.3006938746e-01 1.9209163901e-01 1.8661778596e-02
7.9820981814e-01 1.9214760673e-01 1.3105604438e-02
7.3094995711e-01 1.9226340398e-01 1.4728498272e-03
6.6204686482e-01 1.9237809171e-01 -1.0049955436e-02
5.9292255313e-01 1.9247852325e-01 -2.0146207192e-02
5.2350750417e-01 1.9255647770e-01 -2.7993236722e-02
5.2190229159e-01 1.9663068271e-01 4.6226372395e-02
5.9056316216e-01 1.9672533330e-01 3.6590656975e-02
6.5923156979e-01 1.9681944970e-01 2.7009590374e-02
7.2807647621e-01 1.9689999063e-01 1.8817283147e-02
7.9570605201e-01 1.9695402595e-01 1.3335441116e-02
7.2895860943e-01 1.9706676702e-01 1.7582358301e-03
6.6058026705e-01 1.9717843823e-01 -9.7106357053e-03
5.9198169109e-01 1.9727626797e-01 -1.9763803115e-02
5.2309349498e-01 1.9735227420e-01 -2.7584826445e-02
5.2146159463e-01 2.0144805072e-01 4.6074111516e-02
5.8960578666e-01 2.0153955026e-01 3.6544742919e-02
6.5775743211e-01 2.0163053154e-01 2.7069612063e-02
7.2608356495e-01 2.0170834226e-01 1.8972787698e-02
7.9320228589e-01 2.0176044517e-01 1.3565277794e-02
7.2696726176e-01 2.0187013005e-01 2.0436218331e-03
6.5911366927e-01 2.0197878475e-01 -9.3713159747e-03
5.9104082904e-01 2.0207401269e-01 -1.9381399038e-02
5.2267948578e-01 2.0214807071e-01 -2.7176416167e-02
5.2102089766e-01 2.0626541873e-01 4.5921850636e-02
5.8864841116e-01 2.0635376723e-01 3.6498828862e-02
6.5628329444e-01 2.0644161338e-01 2.7129633752e-02
7.2409065370e-01 2.0651669388e-01 1.9128292250e-02
7.9069851976e-01 2.0656686439e-01 1.3795114472e-02
7.2497591408e-01 2.0667349309e-01 2.3290078360e-03
6.5764707149e-01 2.0677913128e-01 -9.0319962441e-03
5.9009996700e-01 2.0687175741e-01 -1.8998994961e-02
5.2226547658e-01 2.0694386721e-01 -2.6768005890e-02
5.2058020070e-01 2.1108278674e-01 4.5769589756e-02
5.8769103567e-01 2.1116798419e-01 3.6452914806e-02
6.5480915677e-01 2.1125269523e-01 2.7189655441e-02
7.2209774244e-01 2.1132504550e-01 1.9283796801e-02
7.8819475364e-01 2.1137328361e-01 1.4024951150e-02
7.2298456641e-01 2.1147685612e-01 2.6143938390e-03
6.5618047372e-01 2.1157947780e-01 -8.6926765136e-03
5.8915910495e-01 2.1166950213e-01 -1.8616590884e-02
5.2185146738e-01 2.1173966372e-01 -2.6359595613e-02
5.2013950373e-01 2.1590015476e-01 4.5617328876e-02
5.8673366017e-01 2.1598220115e-01 3.6407000749e-02
6.5333501909e-01 2.1606377707e-01 2.7249677129e-02
7.2010483118e-01 2.1613339712e-01 1.9439301353e-02
7.8569098751e-01 2.1617970283e-01 1.4254787828e-02
7.2099321873e-01 2.1628021916e-01 2.8997798420e-03
6.5471387594e-01 2.1637982432e-01 -8.3533567830e-03
5.8821824291e-01 2.1646724685e-01 -1.8234186807e-02
5.2143745818e-01 2.1653546023e-01 -2.5951185335e-02
5.1969880677e-01 2.2071752277e-01 4.5465067996e-02
5.8577628467e-01 2.2079641812e-01 3.6361086693e-02
6.5186088142e-01 2.2087485892e-01 2.7309698818e-02
7.1811191993e-01 2.2094174875e-01 1.9594805904e-02
7.8318722138e-01 2.2098612205e-01 1.4484624506e-02
7.1900187106e-01 2.2108358220e-01 3.1851658449e-03
6.5324727816e-01 2.2118017084e-01 -8.0140370525e-03
5.8727738087e-01 2.2126499157e-01 -1.7851782730e-02
5.2102344898e-01 2.2133125673e-01 -2.5542775058e-02
5.1925810981e-01 2.2553489078e-01 4.5312807116e-02
5.8481890917e-01 2.2561063508e-01 3.6315172636e-02
6.5038674374e-01 2.2568594076e-01 2.7369720507e-02
7.1611900867e-01 2.2575010037e-01 1.9750310456e-02
7.8068345526e-01 2.2579254126e-01 1.4714461184e-02
7.1701052338e-01 2.2588694523e-01 3.4705518479e-03
6.5178068039e-01 2.2598051737e-01 -7.6747173219e-03
5.8633651882e-01 2.2606273629e-01 -1.7469378653e-02
5.2060943979e-01 2.2612705324e-01 -2.5134364780e-02
5.1881741284e-01 2.3035225879e-01 4.5160546236e-02
5.8386153368e-01 2.3042485204e-01 3.6269258580e-02
6.4891260607e-01 2.3049702261e-01 2.7429742196e-02
7.1412609741e-01 2.3055845199e-01 1.9905815007e-02
7.7817968913e-01 2.3059896048e-01 1.4944297862e-02
7.1501917570e-01 2.3069030827e-01 3.7559378509e-03
6.5031408261e-01 2.3078086389e-01 -7.3353975914e-03
5.8539565678e-01 2.3086048100e-01 -1.7086974576e-02
5.2019543059e-01 2.3092284974e-01 -2.4725954503e-02
5.1847942325e-01 2.3514524248e-01 4.5015594068e-02
5.8305398217e-01 2.3522011484e-01 3.6216642115e-02
6.4763542010e-01 2.3529454883e-01 2.7469087453e-02
7.1237753687e-01 2.3535784334e-01 2.0027612492e-02
7.7596710778e-01 2.3539945034e-01 1.5129400314e-02
7.1327097131e-01 2.3549457119e-01 3.9956979598e-03
6.4904145424e-01 2.3558888024e-01 -7.0423425756e-03
5.8459958803e-01 2.3567184752e-01 -1.6750469554e-02
5.1987707520e-01 2.3573693018e-01 -2.4361500199e-02
5.1814143366e-01 2.3993822617e-01 4.4870641899e-02
5.8224643067e-01 2.4001537764e-01 3.6164025650e-02
6.4635823413e-01 2.4009207506e-01 2.7508432711e-02
7.1062897633e-01 2.4015723468e-01 2.0149409977e-02
7.7375452643e-01 2.4019994019e-01 1.5314502767e-02
7.1152276691e-01 2.4029883412e-01 4.2354580688e-03
6.4776882588e-01 2.4039689660e-01 -6.7492875599e-03
5.8380351928e-01 2.4048321403e-01 -1.6413964532e-02
5.1955871982e-01 2.4055101062e-01 -2.3997045895e-02
5.1780344408e-01 2.4473120986e-01 4.4725689730e-02
5.8143887917e-01 2.4481064043e-01 3.6111409185e-02
6.4508104815e-01 2.4488960129e-01 2.7547777969e-02
7.0888041579e-01 2.4495662603e-01 2.0271207462e-02
7.7154194508e-01 2.4500043004e-01 1.5499605219e-02
7.0977456252e-01 2.4510309704e-01 4.4752181777e-03
6.4649619751e-01 2.4520491295e-01 -6.4562325442e-03
5.8300745053e-01 2.4529458054e-01 -1.6077459511e-02
5.1924036443e-01 2.4536509105e-01 -2.3632591591e-02
5.1746545449e-01 2.4952419354e-01 4.4580737561e-02
5.8063132766e-01 2.4960590323e-01 3.6058792721e-02
6.4380386218e-01 2.4968712752e-01 2.7587123227e-02
7.0713185524e-01 2.4975601737e-01 2.0393004947e-02
7.6932936373e-01 2.4980091989e-01 1.5684707672e-02
7.0802635812e-01 2.4990735997e-01 4.7149782867e-03
6.4522356914e-01 2.5001292930e-01 -6.1631775285e-03
5.8221138177e-01 2.5010594705e-01 -1.5740954489e-02
5.1892200904e-01 2.5017917149e-01 -2.3268137288e-02
5.1712746490e-01 2.5431717723e-01 4.4435785393e-02
5.7982377616e-01 2.5440116603e-01 3.6006176256e-02
6.4252667621e-01 2.5448465375e-01 2.7626468485e-02
7.0538329470e-01 2.5455540872e-01 2.0514802432e-02
7.6711678238e-01 2.5460140975e-01 1.5869810124e-02
7.0627815373e-01 2.5471162290e-01 4.9547383956e-03
6.4395094078e-01 2.5482094566e-01 -5.8701225128e-03
5.8141531302e-01 2.5491731357e-01 -1.5404449467e-02
5.1860365366e-01 2.5499325193e-01 -2.2903682984e-02
5.1678947531e-01 2.5911016092e-01 4.4290833224e-02
5.7901622465e-01 2.5919642882e-01 3.5953559791e-02
6.4124949024e-01 2.5928217997e-01 2.7665813743e-02
7.0363473416e-01 2.5935480006e-01 2.0636599917e-02
7.6490420102e-01 2.5940189960e-01 1.6054912576e-02
7.0452994933e-01 2.5951588582e-01 5.1944985046e-03
6.4267831241e-01 2.5962896201e-01 -5.5770674970e-03
5.8061924427e-01 2.5972868008e-01 -1.5067944445e-02
5.1828529827e-01 2.5980733236e-01 -2.2539228680e-02
5.1645148572e-01 2.6390314460e-01 4.4145881055e-02
5.7820867315e-01 2.6399169162e-01 3.5900943326e-02
6.3997230427e-01 2.6407970620e-01 2.7705159001e-02
7.0188617361e-01 2.6415419141e-01 2.0758397403e-02
7.6269161967e-01 2.6420238945e-01 1.6240015029e-02
7.0278174494e-01 2.6432014875e-01 5.4342586135e-03
6.4140568404e-01 2.6443697836e-01 -5.2840124813e-03
5.7982317552e-01 2.6454004659e-01 -1.4731439424e-02
5.1796694289e-01 2.6462141280e-01 -2.2174774376e-02
5.1611349614e-01 2.6869612829e-01 4.4000928887e-02
5.7740112164e-01 2.6878695442e-01 3.5848326861e-02
6.3869511829e-01 2.6887723243e-01 2.7744504259e-02
7.0013761307e-01 2.6895358275e-01 2.0880194888e-02
7.6047903832e-01 2.6900287931e-01 1.6425117481e-02
7.0103354054e-01 2.6912441167e-01 5.6740187224e-03
6.4013305568e-01 2.6924499471e-01 -4.9909574656e-03
5.7902710677e-01 2.6935141310e-01 -1.4394934402e-02
5.1764858750e-01 2.6943549324e-01 -2.1810320073e-02
5.1577550655e-01 2.7348911198e-01 4.3855976718e-02
5.7659357014e-01 2.7358221721e-01 3.5795710396e-02
6.3741793232e-01 2.7367475866e-01 2.7783849516e-02
6.9838905253e-01 2.7375297410e-01 2.1001992373e-02
7.5826645697e-01 2.7380336916e-01 1.6610219934e-02
6.9928533615e-01 2.7392867460e-01 5.9137788314e-03
6.3886042731e-01 2.7405301107e-01 -4.6979024499e-03
5.7823103802e-01 2.7416277961e-01 -1.4058429380e-02
5.1733023212e-01 2.7424957367e-01 -2.1445865769e-02
5.1543751696e-01 2.7828209567e-01 4.3711024549e-02
5.7578601864e-01 2.7837748001e-01 3.5743093932e-02
6.3614074635e-01 2.7847228489e-01 2.7823194774e-02
6.9664049198e-01 2.7855236544e-01 2.1123789858e-02
7.5605387562e-01 2.7860385901e-01 1.6795322386e-02
6.9753713175e-01 2.7873293753e-01 6.1535389403e-03
6.3758779894e-01 2.7886102742e-01 -4.4048474341e-03
5.7743496927e-01 2.7897414613e-01 -1.3721924358e-02
5.1701187673e-01 2.7906365411e-01 -2.1081411465e-02
5.1509952737e-01 2.8307507935e-01 4.3566072380e-02
5.7497846713e-01 2.8317274281e-01 3.5690477467e-02
6.3486356038e-01 2.8326981111e-01 2.7862540032e-02
6.9489193144e-01 2.8335175679e-01 2.1245587343e-02
7.5384129426e-01 2.8340434886e-01 1.6980424839e-02
6.9578892736e-01 2.8353720045e-01 6.3932990493e-03
6.3631517057e-01 2.8366904377e-01 -4.1117924184e-03
5.7663890052e-01 2.8378551264e-01 -1.3385419337e-02
5.1669352134e-01 2.8387773455e-01 -2.0716957161e-02
5.1476153778e-01 2.8786806304e-01 4.3421120212e-02
5.7417091563e-01 2.8796800560e-01 3.5637861002e-02
6.3358637441e-01 2.8806733734e-01 2.7901885290e-02
6.9314337090e-01 2.8815114813e-01 2.1367384828e-02
7.5162871291e-01 2.8820483872e-01 1.7165527291e-02
6.9404072296e-01 2.8834146338e-01 6.6330591582e-03
6.3504254221e-01 2.8847706013e-01 -3.8187374027e-03
5.7584283177e-01 2.8859687915e-01 -1.3048914315e-02
5.1637516596e-01 2.8869181499e-01 -2.0352502857e-02
5.1442354820e-01 2.9266104673e-01 4.3276168043e-02
5.7336336412e-01 2.9276326840e-01 3.5585244537e-02
6.3230918843e-01 2.9286486357e-01 2.7941230548e-02
6.9139481036e-01 2.9295053948e-01 2.1489182313e-02
7.4941613156e-01 2.9300532857e-01 1.7350629744e-02
6.9229251856e-01 2.9314572630e-01 6.8728192672e-03
6.3376991384e-01 2.9328507648e-01 -3.5256823870e-03
5.7504676302e-01 2.9340824566e-01 -1.2712409293e-02
5.1605681057e-01 2.9350589542e-01 -1.9988048554e-02
5.1408555861e-01 2.9745403041e-01 4.3131215874e-02
5.7255581262e-01 2.9755853120e-01 3.5532628072e-02
6.3103200246e-01 2.9766238980e-01 2.7980575806e-02
6.8964624981e-01 2.9774993082e-01 2.1610979798e-02
7.4720355021e-01 2.9780581842e-01 1.7535732196e-02
6.9054431417e-01 2.9794998923e-01 7.1125793761e-03
6.3249728547e-01 2.9809309283e-01 -3.2326273713e-03
5.7425069427e-01 2.9821961217e-01 -1.2375904272e-02
5.1573845519e-01 2.9831997586e-01 -1.9623594250e-02
5.1374756902e-01 3.0224701410e-01 4.2986263706e-02
5.7174826111e-01 3.0235379399e-01 3.5480011608e-02
6.2975481649e-01 3.0245991603e-01 2.8019921064e-02
6.8789768927e-01 3.0254932217e-01 2.1732777283e-02
7.4499096886e-01 3.0260630827e-01 1.7720834649e-02
6.8879610977e-01 3.0275425216e-01 7.3523394851e-03
6.3122465711e-01 3.0290110919e-01 -2.9395723555e-03
5.7345462552e-01 3.0303097869e-01 -1.2039399250e-02
5.1542009980e-01 3.0313405630e-01 -1.9259139946e-02
5.1340957943e-01 3.0703999779e-01 4.2841311537e-02
5.7094070961e-01 3.0714905679e-01 3.5427395143e-02
6.2847763052e-01 3.0725744225e-01 2.8059266322e-02
6.8614912873e-01 3.0734871351e-01 2.1854574768e-02
7.4277838751e-01 3.0740679813e-01 1.7905937101e-02
6.8704790538e-01 3.0755851508e-01 7.5920995940e-03
6.2995202874e-01 3.0770912554e-01 -2.6465173398e-03
5.7265855677e-01 3.0784234520e-01 -1.1702894228e-02
5.1510174442e-01 3.0794813673e-01 -1.8894685642e-02
5.1316647266e-01 3.1182438824e-01 4.2761534063e-02
5.7028870553e-01 3.1193687633e-01 3.5425210706e-02
6.2741666825e-01 3.1204866564e-01 2.8134348843e-02
6.8467775093e-01 3.1214269943e-01 2.1998633611e-02
7.4090310202e-01 3.1220231765e-01 1.8102343952e-02
6.8557614287e-01 3.1236033402e-01 7.8388745332e-03
6.2889353646e-01 3.1251721792e-01 -2.3504938423e-03
5.7201424807e-01 3.1265606312e-01 -1.1366188605e-02
5.1487271394e-01 3.1276645779e-01 -1.8530788031e-02
5.1292336588e-01 3.1660877870e-01 4.2681756589e-02
5.6963670146e-01 3.1672469587e-01 3.5423026269e-02
6.2635570598e-01 3.1683988902e-01 2.8209431365e-02
6.8320637314e-01 3.1693668535e-01 2.2142692453e-02
7.3902781654e-01 3.1699783717e-01 1.8298750803e-02
6.8410438036e-01 3.1716215295e-01 8.0856494724e-03
6.2783504418e-01 3.1732531030e-01 -2.0544703448e-03
5.7136993938e-01 3.1746978103e-01 -1.1029482981e-02
5.1464368346e-01 3.1758477884e-01 -1.8166890420e-02
5.1268025911e-01 3.2139316915e-01 4.2601979114e-02
5.6898469738e-01 3.2151251541e-01 3.5420841832e-02
6.2529474371e-01 3.2163111241e-01 2.8284513886e-02
6.8173499535e-01 3.2173067126e-01 2.2286751295e-02
7.3715253106e-01 3.2179335669e-01 1.8495157653e-02
6.8263261785e-01 3.2196397188e-01 8.3324244116e-03
6.2677655190e-01 3.2213340268e-01 -1.7584468473e-03
5.7072563068e-01 3.2228349895e-01 -1.0692777358e-02
5.1441465299e-01 3.2240309990e-01 -1.7802992808e-02
5.1243715233e-01 3.2617755961e-01 4.2522201640e-02
5.6833269331e-01 3.2630033496e-01 3.5418657395e-02
6.2423378144e-01 3.2642233579e-01 2.8359596408e-02
6.8026361756e-01 3.2652465718e-01 2.2430810137e-02
7.3527724558e-01 3.2658887622e-01 1.8691564504e-02
6.8116085534e-01 3.2676579082e-01 8.5791993507e-03
6.2571805961e-01 3.2694149506e-01 -1.4624233498e-03
5.7008132198e-01 3.2709721687e-01 -1.0356071734e-02
5.1418562251e-01 3.2722142095e-01 -1.7439095197e-02
5.1219404556e-01 3.3096195006e-01 4.2442424166e-02
5.6768068923e-01 3.3108815450e-01 3.5416472958e-02
6.2317281917e-01 3.3121355917e-01 2.8434678929e-02
6.7879223976e-01 3.3131864310e-01 2.2574868979e-02
7.3340196010e-01 3.3138439574e-01 1.8887971355e-02
6.7968909283e-01 3.3156760975e-01 8.8259742899e-03
6.2465956733e-01 3.3174958744e-01 -1.1663998523e-03
5.6943701329e-01 3.3191093479e-01 -1.0019366111e-02
5.1395659204e-01 3.3203974201e-01 -1.7075197586e-02
5.1195093879e-01 3.3574634052e-01 4.2362646692e-02
5.6702868516e-01 3.3587597404e-01 3.5414288522e-02
6.2211185690e-01 3.3600478256e-01 2.8509761451e-02
6.7732086197e-01 3.3611262901e-01 2.2718927821e-02
7.3152667462e-01 3.3617991526e-01 1.9084378206e-02
6.7821733032e-01 3.3636942869e-01 9.0727492291e-03
6.2360107505e-01 3.3655767982e-01 -8.7037635482e-04
5.6879270459e-01 3.3672465271e-01 -9.6826604877e-03
5.1372756156e-01 3.3685806306e-01 -1.6711299975e-02
5.1170783201e-01 3.4053073097e-01 4.2282869218e-02
5.6637668108e-01 3.4066379358e-01 3.5412104085e-02
6.2105089463e-01 3.4079600594e-01 2.8584843973e-02
6.7584948418e-01 3.4090661493e-01 2.2862986663e-02
7.2965138914e-01 3.4097543478e-01 1.9280785057e-02
6.7674556781e-01 3.4117124762e-01 9.3195241683e-03
6.2254258277e-01 3.4136577220e-01 -5.7435285732e-04
5.6814839589e-01 3.4153837062e-01 -9.3459548643e-03
5.1349853109e-01 3.4167638412e-01 -1.6347402363e-02
5.1146472524e-01 3.4531512142e-01 4.2203091743e-02
5.6572467701e-01 3.4545161312e-01 3.5409919648e-02
6.1998993235e-01 3.4558722932e-01 2.8659926494e-02
6.7437810638e-01 3.4570060085e-01 2.3007045506e-02
7.2777610365e-01 3.4577095431e-01 1.9477191908e-02
6.7527380530e-01 3.4597306656e-01 9.5662991075e-03
6.2148409049e-01 3.4617386458e-01 -2.7832935982e-04
5.6750408720e-01 3.4635208854e-01 -9.0092492410e-03
5.1326950061e-01 3.4649470517e-01 -1.5983504752e-02
5.1122161846e-01 3.5009951188e-01 4.2123314269e-02
5.6507267293e-01 3.5023943266e-01 3.5407735211e-02
6.1892897008e-01 3.5037845271e-01 2.8735009016e-02
6.7290672859e-01 3.5049458677e-01 2.3151104348e-02
7.2590081817e-01 3.5056647383e-01 1.9673598758e-02
6.7380204279e-01 3.5077488549e-01 9.8130740466e-03
6.2042559821e-01 3.5098195696e-01 1.7694137680e-05
5.6685977850e-01 3.5116580646e-01 -8.6725436176e-03
5.1304047014e-01 3.5131302623e-01 -1.5619607141e-02
5.1097851169e-01 3.5488390233e-01 4.2043536795e-02
5.6442066886e-01 3.5502725220e-01 3.5405550774e-02
6.1786800781e-01 3.5516967609e-01 2.8810091537e-02
6.7143535080e-01 3.5528857268e-01 2.3295163190e-02
7.2402553269e-01 3.5536199335e-01 1.9870005609e-02
6.7233028028e-01 3.5557670442e-01 1.0059848986e-02
6.1936710592e-01 3.5579004934e-01 3.1371763518e-04
5.6621546981e-01 3.5597952438e-01 -8.3358379942e-03
5.1281143966e-01 3.5613134729e-01 -1.5255709529e-02
5.1073540491e-01 3.5966829279e-01 4.1963759321e-02
5.6376866478e-01 3.5981507174e-01 3.5403366337e-02
6.1680704554e-01 3.5996089948e-01 2.8885174059e-02
6.6996397301e-01 3.6008255860e-01 2.3439222032e-02
7.2215024721e-01 3.6015751287e-01 2.0066412460e-02
6.7085851777e-01 3.6037852336e-01 1.0306623925e-02
6.1830861364e-01 3.6059814172e-01 6.0974113268e-04
5.6557116111e-01 3.6079324229e-01 -7.9991323708e-03
5.1258240919e-01 3.6094966834e-01 -1.4891811918e-02
5.1049229814e-01 3.6445268324e-01 4.1883981847e-02
5.6311666071e-01 3.6460289129e-01 3.5401181900e-02
6.1574608327e-01 3.6475212286e-01 2.8960256580e-02
6.6849259521e-01 3.6487654452e-01 2.3583280874e-02
7.2027496173e-01 3.6495303240e-01 2.0262819311e-02
6.6938675526e-01 3.6518034229e-01 1.0553398864e-02
6.1725012136e-01 3.6540623410e-01 9.0576463018e-04
5.6492685241e-01 3.6560696021e-01 -7.6624267474e-03
5.1235337871e-01 3.6576798940e-01 -1.4527914307e-02
5.1024919137e-01 3.6923707370e-01 4.1804204373e-02
5.6246465663e-01 3.6939071083e-01 3.5398997463e-02
6.1468512100e-01 3.6954334624e-01 2.9035339102e-02
6.6702121742e-01 3.6967053043e-01 2.3727339716e-02
7.1839967625e-01 3.6974855192e-01 2.0459226162e-02
6.6791499275e-01 3.6998216123e-01 1.0800173803e-02
6.1619162908e-01 3.7021432648e-01 1.2017881277e-03
5.6428254372e-01 3.7042067813e-01 -7.3257211241e-03
5.1212434824e-01 3.7058631045e-01 -1.4164016695e-02
5.1000608459e-01 3.7402146415e-01 4.1724426898e-02
5.6181265256e-01 3.7417853037e-01 3.5396813027e-02
6.1362415873e-01 3.7433456963e-01 2.9110421623e-02
6.6554983963e-01 3.7446451635e-01 2.3871398559e-02
7.1652439076e-01 3.7454407144e-01 2.0655633013e-02
6.6644323024e-01 3.7478398016e-01 1.1046948743e-02
6.1513313680e-01 3.7502241886e-01 1.4978116252e-03
5.6363823502e-01 3.7523439605e-01 -6.9890155007e-03
5.1189531776e-01 3.7540463151e-01 -1.3800119084e-02
5.0976297782e-01 3.7880585461e-01 4.1644649424e-02
5.6116064848e-01 3.7896634991e-01 3.5394628590e-02
6.1256319646e-01 3.7912579301e-01 2.9185504145e-02
6.6407846184e-01 3.7925850227e-01 2.4015457401e-02
7.1464910528e-01 3.7933959096e-01 2.0852039863e-02
6.6497146773e-01 3.7958579910e-01 1.1293723682e-02
6.1407464452e-01 3.7983051124e-01 1.7938351227e-03
5.6299392632e-01 3.8004811397e-01 -6.6523098773e-03
5.1166628729e-01 3.8022295256e-01 -1.3436221473e-02
5.0951987104e-01 3.8359024506e-01 4.1564871950e-02
5.6050864441e-01 3.8375416945e-01 3.5392444153e-02
6.1150223419e-01 3.8391701639e-01 2.9260586667e-02
6.6260708404e-01 3.8405248819e-01 2.4159516243e-02
7.1277381980e-01 3.8413511049e-01 2.1048446714e-02
6.6349970522e-01 3.8438761803e-01 1.1540498621e-02
6.1301615224e-01 3.8463860361e-01 2.0898586202e-03
5.6234961763e-01 3.8486183188e-01 -6.3156042539e-03
5.1143725681e-01 3.8504127362e-01 -1.3072323862e-02
5.0926462745e-01 3.8838864205e-01 4.1503841753e-02
5.5982029373e-01 3.8855313575e-01 3.5405951174e-02
6.1038067775e-01 3.8871655583e-01 2.9347922898e-02
6.6105087781e-01 3.8885240218e-01 2.4311213206e-02
7.1079066699e-01 3.8893503612e-01 2.1245635534e-02
6.6194187287e-01 3.8919025686e-01 1.1799657568e-02
6.1189320719e-01 3.8944391603e-01 2.4112834116e-03
5.6166279854e-01 3.8966960847e-01 -5.9412827181e-03
5.1118810347e-01 3.8985117884e-01 -1.2659735213e-02
5.0900938386e-01 3.9318703904e-01 4.1442811555e-02
5.5913194305e-01 3.9335210204e-01 3.5419458194e-02
6.0925912130e-01 3.9351609527e-01 2.9435259129e-02
6.5949467159e-01 3.9365231617e-01 2.4462910168e-02
7.0880751418e-01 3.9373496175e-01 2.1442824353e-02
6.6038404053e-01 3.9399289568e-01 1.2058816515e-02
6.1077026215e-01 3.9424922844e-01 2.7327082030e-03
5.6097597945e-01 3.9447738506e-01 -5.5669611822e-03
5.1093895013e-01 3.9466108407e-01 -1.2247146564e-02
5.0875414027e-01 3.9798543603e-01 4.1381781358e-02
5.5844359237e-01 3.9815106834e-01 3.5432965215e-02
6.0813756486e-01 3.9831563471e-01 2.9522595360e-02
6.5793846536e-01 3.9845223016e-01 2.4614607131e-02
7.0682436136e-01 3.9853488739e-01 2.1640013172e-02
6.5882620818e-01 3.9879553451e-01 1.2317975462e-02
6.0964731711e-01 3.9905454085e-01 3.0541329944e-03
5.6028916036e-01 3.9928516165e-01 -5.1926396464e-03
5.1068979679e-01 3.9947098929e-01 -1.1834557916e-02
5.0849889667e-01 4.0278383302e-01 4.1320751160e-02
5.5775524169e-01 4.0295003464e-01 3.5446472236e-02
6.0701600842e-01 4.0311517414e-01 2.9609931592e-02
6.5638225913e-01 4.0325214415e-01 2.4766304094e-02
7.0484120855e-01 4.0333481302e-01 2.1837201992e-02
6.5726837584e-01 4.0359817334e-01 1.2577134409e-02
6.0852437207e-01 4.0385985326e-01 3.3755577857e-03
5.5960234127e-01 4.0409293824e-01 -4.8183181105e-03
5.1044064344e-01 4.0428089451e-01 -1.1421969267e-02
5.0824365308e-01 4.0758223001e-01 4.1259720963e-02
5.5706689101e-01 4.0774900093e-01 3.5459979257e-02
6.0589445197e-01 4.0791471358e-01 2.9697267823e-02
6.5482605290e-01 4.0805205814e-01 2.4918001056e-02
7.0285805574e-01 4.0813473865e-01 2.2034390811e-02
6.5571054350e-01 4.0840081216e-01 1.2836293356e-02
6.0740142703e-01 4.0866516567e-01 3.6969825771e-03
5.5891552218e-01 4.0890071483e-01 -4.4439965747e-03
5.1019149010e-01 4.0909079974e-01 -1.1009380618e-02
5.0798840949e-01 4.1238062700e-01 4.1198690765e-02
5.5637854034e-01 4.1254796723e-01 3.5473486277e-02
6.0477289553e-01 4.1271425302e-01 2.9784604054e-02
6.5326984667e-01 4.1285197213e-01 2.5069698019e-02
7.0087490293e-01 4.1293466429e-01 2.2231579631e-02
6.5415271115e-01 4.1320345099e-01 1.3095452303e-02
6.0627848198e-01 4.1347047808e-01 4.0184073685e-03
5.5822870309e-01 4.1370849142e-01 -4.0696750388e-03
5.0994233676e-01 4.1390070496e-01 -1.0596791969e-02
5.0773316590e-01 4.1717902399e-01 4.1137660568e-02
5.5569018966e-01 4.1734693352e-01 3.5486993298e-02
6.0365133909e-01 4.1751379246e-01 2.9871940286e-02
6.5171364045e-01 4.1765188612e-01 2.5221394982e-02
6.9889175012e-01 4.1773458992e-01 2.2428768450e-02
6.5259487881e-01 4.1800608981e-01 1.3354611250e-02
6.0515553694e-01 4.1827579050e-01 4.3398321599e-03
5.5754188400e-01 4.1851626801e-01 -3.6953535030e-03
5.0969318342e-01 4.1871061019e-01 -1.0184203321e-02
5.0747792231e-01 4.2197742098e-01 4.1076630370e-02
5.5500183898e-01 4.2214589982e-01 3.5500500319e-02
6.0252978264e-01 4.2231333190e-01 2.9959276517e-02
6.5015743422e-01 4.2245180011e-01 2.5373091945e-02
6.9690859730e-01 4.2253451555e-01 2.2625957269e-02
6.5103704647e-01 4.2280872864e-01 1.3613770196e-02
6.0403259190e-01 4.2308110291e-01 4.6612569513e-03
5.5685506491e-01 4.2332404460e-01 -3.3210319671e-03
5.0944403008e-01 4.2352051541e-01 -9.7716146720e-03
5.0722267871e-01 4.2677581797e-01 4.1015600173e-02
5.5431348830e-01 4.2694486612e-01 3.5514007340e-02
6.0140822620e-01 4.2711287133e-01 3.0046612748e-02
6.4860122799e-01 4.2725171410e-01 2.5524788907e-02
6.9492544449e-01 4.2733444119e-01 2.2823146089e-02
6.4947921412e-01 4.2761136747e-01 1.3872929143e-02
6.0290964686e-01 4.2788641532e-01 4.9826817427e-03
5.5616824582e-01 4.2813182119e-01 -2.9467104313e-03
5.0919487674e-01 4.2833042064e-01 -9.3590260233e-03
5.0696743512e-01 4.3157421496e-01 4.0954569975e-02
5.5362513762e-01 4.3174383241e-01 3.5527514360e-02
6.0028666976e-01 4.3191241077e-01 3.0133948979e-02
6.4704502176e-01 4.3205162809e-01 2.5676485870e-02
6.9294229168e-01 4.3213436682e-01 2.3020334908e-02
6.4792138178e-01 4.3241400629e-01 1.4132088090e-02
6.0178670182e-01 4.3269172773e-01 5.3041065341e-03
5.5548142673e-01 4.3293959778e-01 -2.5723888954e-03
5.0894572339e-01 4.3314032586e-01 -8.9464373746e-03
5.0671219153e-01 4.3637261196e-01 4.0893539778e-02
5.5293678694e-01 4.3654279871e-01 3.5541021381e-02
5.9916511331e-01 4.3671195021e-01 3.0221285211e-02
6.4548881553e-01 4.3685154208e-01 2.5828182833e-02
6.9095913887e-01 4.3693429245e-01 2.3217523727e-02
6.4636354943e-01 4.3721664512e-01 1.4391247037e-02
6.0066375677e-01 4.3749704014e-01 5.6255313255e-03
5.5479460763e-01 4.3774737437e-01 -2.1980673596e-03
5.0869657005e-01 4.3795023109e-01 -8.5338487259e-03
5.0645694794e-01 4.4117100895e-01 4.0832509580e-02
5.5224843626e-01 4.4134176500e-01 3.5554528402e-02
5.9804355687e-01 4.4151148965e-01 3.0308621442e-02
6.4393260931e-01 4.4165145607e-01 2.5979879795e-02
6.8897598605e-01 4.4173421809e-01 2.3414712547e-02
6.4480571709e-01 4.4201928395e-01 1.4650405984e-02
5.9954081173e-01 4.4230235255e-01 5.9469561169e-03
5.5410778854e-01 4.4255515096e-01 -1.8237458238e-03
5.0844741671e-01 4.4276013631e-01 -8.1212600773e-03
5.0620170435e-01 4.4596940594e-01 4.0771479383e-02
5.5156008558e-01 4.4614073130e-01 3.5568035423e-02
5.9692200043e-01 4.4631102908e-01 3.0395957673e-02
6.4237640308e-01 4.4645137006e-01 2.6131576758e-02
6.8699283324e-01 4.4653414372e-01 2.3611901366e-02
6.4324788475e-01 4.4682192277e-01 1.4909564931e-02
5.9841786669e-01 4.4710766497e-01 6.2683809083e-03
5.5342096945e-01 4.4736292755e-01 -1.4494242879e-03
5.0819826337e-01 4.4757004153e-01 -7.7086714286e-03
5.0594646075e-01 4.5076780293e-01 4.0710449185e-02
5.5087173490e-01 4.5093969760e-01 3.5581542443e-02
5.9580044398e-01 4.5111056852e-01 3.0483293905e-02
6.4082019685e-01 4.5125128405e-01 2.6283273721e-02
6.8500968043e-01 4.5133406936e-01 2.3809090186e-02
6.4169005240e-01 4.5162456160e-01 1.5168723878e-02
5.9729492165e-01 4.5191297738e-01 6.5898056997e-03
5.5273415036e-01 4.5217070414e-01 -1.0751027521e-03
5.0794911003e-01 4.5237994676e-01 -7.2960827799e-03
5.0569121716e-01 4.5556619992e-01 4.0649418988e-02
5.5018338422e-01 4.5573866389e-01 3.5595049464e-02
5.9467888754e-01 4.5591010796e-01 3.0570630136e-02
6.3926399062e-01 4.5605119804e-01 2.6434970684e-02
6.8302652762e-01 4.5613399499e-01 2.4006279005e-02
6.4013222006e-01 4.5642720042e-01 1.5427882825e-02
5.9617197661e-01 4.5671828979e-01 6.9112304910e-03
5.5204733127e-01 4.5697848073e-01 -7.0078121621e-04
5.0769995669e-01 4.5718985198e-01 -6.8834941312e-03
5.0543597357e-01 4.6036459691e-01 4.0588388790e-02
5.4949503354e-01 4.6053763019e-01 3.5608556485e-02
5.9355733110e-01 4.6070964740e-01 3.0657966367e-02
6.3770778439e-01 4.6085111203e-01 2.6586667646e-02
6.8104337481e-01 4.6093392062e-01 2.4203467824e-02
6.3857438771e-01 4.6122983925e-01 1.5687041772e-02
5.9504903157e-01 4.6152360220e-01 7.2326552824e-03
5.5136051218e-01 4.6178625732e-01 -3.2645968037e-04
5.0745080334e-01 4.6199975721e-01 -6.4709054825e-03
5.0516793174e-01 4.6514965835e-01 4.0726102007e-02
5.4884632193e-01 4.6532133753e-01 3.5854753360e-02
5.9252554899e-01 4.6549320733e-01 3.0986318559e-02
6.3628728543e-01 4.6563650087e-01 2.6940788287e-02
6.7926655247e-01 4.6572570654e-01 2.4458515205e-02
6.3719435803e-01 4.6602198338e-01 1.6070307634e-02
5.9402796714e-01 4.6631186489e-01 7.8340135930e-03
5.5070577950e-01 4.6657153062e-01 4.5958681036e-04
5.0717113076e-01 4.6678299017e-01 -5.5430845464e-03
5.0489988991e-01 4.6993471980e-01 4.0863815224e-02
5.4819761031e-01 4.7010504487e-01 3.6100950235e-02
5.9149376688e-01 4.7027676726e-01 3.1314670751e-02
6.3486678647e-01 4.7042188970e-01 2.7294908928e-02
6.7748973014e-01 4.7051749246e-01 2.4713562586e-02
6.3581432834e-01 4.7081412752e-01 1.6453573495e-02
5.9300690272e-01 4.7110012758e-01 8.4353719037e-03
5.5005104682e-01 4.7135680392e-01 1.2456333011e-03
5.0689145819e-01 4.7156622314e-01 -4.6152636103e-03
5.0463184808e-01 4.7471978124e-01 4.1001528440e-02
5.4754889870e-01 4.7488875221e-01 3.6347147111e-02
5.9046198478e-01 4.7506032719e-01 3.1643022943e-02
6.3344628751e-01 4.7520727853e-01 2.7649029569e-02
6.7571290781e-01 4.7530927838e-01 2.4968609967e-02
6.3443429866e-01 4.7560627165e-01 1.6836839357e-02
5.9198583830e-01 4.7588839026e-01 9.0367302143e-03
5.4939631413e-01 4.7614207722e-01 2.0316797918e-03
5.0661178561e-01 4.7634945610e-01 -3.6874426742e-03
5.0436380624e-01 4.7950484269e-01 4.1139241657e-02
5.4690018708e-01 4.7967245955e-01 3.6593343986e-02
5.8943020267e-01 4.7984388711e-01 3.1971375135e-02
6.3202578855e-01 4.7999266736e-01 2.8003150210e-02
6.7393608548e-01 4.8010106431e-01 2.5223657348e-02
6.3305426897e-01 4.8039841579e-01 1.7220105219e-02
5.9096477388e-01 4.8067665295e-01 9.6380885249e-03
5.4874158145e-01 4.8092735052e-01 2.8177262825e-03
5.0633211303e-01 4.8113268907e-01 -2.7596217381e-03
5.0409576441e-01 4.8428990414e-01 4.1276954874e-02
5.4625147546e-01 4.8445616689e-01 3.6839540861e-02
5.8839842056e-01 4.8462744704e-01 3.2299727328e-02
6.3060528959e-01 4.8477805619e-01 2.8357270850e-02
6.7215926314e-01 4.8489285023e-01 2.5478704729e-02
6.3167423929e-01 4.8519055992e-01 1.7603371080e-02
5.8994370946e-01 4.8546491564e-01 1.0239446835e-02
5.4808684876e-01 4.8571262382e-01 3.6037727733e-03
5.0605244045e-01 4.8591592204e-01 -1.8318008020e-03
5.0382772258e-01 4.8907496558e-01 4.1414668090e-02
5.4560276385e-01 4.8923987423e-01 3.7085737736e-02
5.8736663846e-01 4.8941100697e-01 3.2628079520e-02
6.2918479063e-01 4.8956344502e-01 2.8711391491e-02
6.7038244081e-01 4.8968463615e-01 2.5733752110e-02
6.3029420960e-01 4.8998270405e-01 1.7986636942e-02
5.8892264504e-01 4.9025317832e-01 1.0840805146e-02
5.4743211608e-01 4.9049789712e-01 4.3898192640e-03
5.0577276787e-01 4.9069915500e-01 -9.0397986588e-04
5.0355968075e-01 4.9386002703e-01 4.1552381307e-02
5.4495405223e-01 4.9402358157e-01 3.7331934612e-02
5.8633485635e-01 4.9419456690e-01 3.2956431712e-02
6.2776429166e-01 4.9434883385e-01 2.9065512132e-02
6.6860561848e-01 4.9447642207e-01 2.5988799491e-02
6.2891417992e-01 4.9477484819e-01 1.8369902803e-02
5.8790158062e-01 4.9504144101e-01 1.1442163457e-02
5.4677738340e-01 4.9528317042e-01 5.1758657547e-03
5.0549309529e-01 4.9548238797e-01 2.3841070218e-05
5.0329163892e-01 4.9864508847e-01 4.1690094524e-02
5.4430534062e-01 4.9880728891e-01 3.7578131487e-02
5.8530307424e-01 4.9897812683e-01 3.3284783904e-02
6.2634379270e-01 4.9913422268e-01 2.9419632773e-02
6.6682879615e-01 4.9926820799e-01 2.6243846872e-02
6.2753415023e-01 4.9956699232e-01 1.8753168665e-02
5.8688051620e-01 4.9982970370e-01 1.2043521767e-02
5.4612265071e-01 5.0006844372e-01 5.9619122454e-03
5.0521342271e-01 5.0026562093e-01 9.5166200632e-04
5.0302359709e-01 5.0343014992e-01 4.1827807741e-02
5.4365662900e-01 5.0359099626e-01 3.7824328362e-02
5.8427129214e-01 5.0376168676e-01 3.3613136096e-02
6.2492329374e-01 5.0391961151e-01 2.9773753414e-02
6.6505197381e-01 5.0405999391e-01 2.6498894253e-02
6.2615412055e-01 5.0435913645e-01 1.9136434527e-02
5.8585945178e-01 5.0461796638e-01 1.2644880078e-02
5.4546791803e-01 5.0485371702e-01 6.7479587361e-03
5.0493375014e-01 5.0504885390e-01 1.8794829424e-03
5.0275555525e-01 5.0821521136e-01 4.1965520957e-02
5.4300791738e-01 5.0837470360e-01 3.8070525237e-02
5.8323951003e-01 5.0854524669e-01 3.3941488288e-02
6.2350279478e-01 5.0870500035e-01 3.0127874055e-02
6.6327515148e-01 5.0885177983e-01 2.6753941634e-02
6.2477409086e-01 5.0915128059e-01 1.9519700388e-02
5.8483838736e-01 5.0940622907e-01 1.3246238389e-02
5.4481318534e-01 5.0963899032e-01 7.5340052269e-03
5.0465407756e-01 5.0983208687e-01 2.8073038785e-03
5.0248751342e-01 5.1300027281e-01 4.2103234174e-02
5.4235920577e-01 5.1315841094e-01 3.8316722113e-02
5.8220772792e-01 5.1332880662e-01 3.4269840480e-02
6.2208229582e-01 5.1349038918e-01 3.0481994695e-02
6.6149832915e-01 5.1364356575e-01 2.7008989015e-02
6.2339406118e-01 5.1394342472e-01 1.9902966250e-02
5.8381732294e-01 5.1419449176e-01 1.3847596699e-02
5.4415845266e-01 5.1442426362e-01 8.3200517176e-03
5.0437440498e-01 5.1461531983e-01 3.7351248146e-03
5.0221947159e-01 5.1778533426e-01 4.2240947391e-02
5.4171049415e-01 5.1794211828e-01 3.8562918988e-02
5.8117594582e-01 5.1811236655e-01 3.4598192672e-02
6.2066179686e-01 5.1827577801e-01 3.0836115336e-02
6.5972150682e-01 5.1843535167e-01 2.7264036396e-02
6.2201403149e-01 5.1873556886e-01 2.0286232112e-02
5.8279625852e-01 5.1898275444e-01 1.4448955010e-02
5.4350371998e-01 5.1920953692e-01 9.1060982083e-03
5.0409473240e-01 5.1939855280e-01 4.6629457507e-03
5.0195142976e-01 5.2257039570e-01 4.2378660607e-02
5.4106178254e-01 5.2272582562e-01 3.8809115863e-02
5.8014416371e-01 5.2289592648e-01 3.4926544864e-02
6.1924129790e-01 5.2306116684e-01 3.1190235977e-02
6.5794468448e-01 5.2322713759e-01 2.7519083777e-02
6.2063400181e-01 5.2352771299e-01 2.0669497973e-02
5.8177519410e-01 5.2377101713e-01 1.5050313320e-02
5.4284898729e-01 5.2399481022e-01 9.8921446990e-03
5.0381505982e-01 5.2418178576e-01 5.5907666868e-03
5.0168338793e-01 5.2735545715e-01 4.2516373824e-02
5.4041307092e-01 5.2750953296e-01 3.9055312738e-02
5.7911238160e-01 5.2767948641e-01 3.5254897056e-02
6.1782079894e-01 5.2784655567e-01 3.1544356618e-02
6.5616786215e-01 5.2801892351e-01 2.7774131158e-02
6.1925397212e-01 5.2831985712e-01 2.1052763835e-02
5.8075412968e-01 5.2855927982e-01 1.5651671631e-02
5.4219425461e-01 5.2878008352e-01 1.0678191190e-02
5.0353538724e-01 5.2896501873e-01 6.5185876229e-03
5.0141534610e-01 5.3214051859e-01 4.2654087041e-02
5.3976435930e-01 5.3229324030e-01 3.9301509614e-02
5.7808059950e-01 5.3246304634e-01 3.5583249249e-02
6.1640029997e-01 5.3263194450e-01 3.1898477259e-02
6.5439103982e-01 5.3281070943e-01 2.8029178539e-02
6.1787394244e-01 5.3311200126e-01 2.1436029697e-02
5.7973306526e-01 5.3334754251e-01 1.6253029942e-02
5.4153952192e-01 5.3356535682e-01 1.1464237680e-02
5.0325571466e-01 5.3374825170e-01 7.4464085590e-03
5.0114730426e-01 5.3692558004e-01 4.2791800257e-02
5.3911564769e-01 5.3707694764e-01 3.9547706489e-02
5.7704881739e-01 5.3724660627e-01 3.5911601441e-02
6.1497980101e-01 5.3741733333e-01 3.2252597900e-02
6.5261421748e-01 5.3760249535e-01 2.8284225920e-02
6.1649391275e-01 5.3790414539e-01 2.1819295558e-02
5.7871200084e-01 5.3813580519e-01 1.6854388252e-02
5.4088478924e-01 5.3835063012e-01 1.2250284171e-02
5.0297604209e-01 5.3853148466e-01 8.3742294951e-03
5.0087733422e-01 5.4171964430e-01 4.2894353812e-02
5.3857821706e-01 5.4187092980e-01 3.9689257667e-02
5.7624415047e-01 5.4204073069e-01 3.6092771692e-02
6.1390756359e-01 5.4221183221e-01 3.2469597863e-02
6.5127778830e-01 5.4239799906e-01 2.8529630741e-02
6.1541672843e-01 5.4270161003e-01 2.2105318433e-02
5.7790206460e-01 5.4293445631e-01 1.7177183255e-02
5.4034269551e-01 5.4315049872e-01 1.2605132156e-02
5.0270262106e-01 5.4333253212e-01 8.7533747038e-03
5.0060736418e-01 5.4651370857e-01 4.2996907367e-02
5.3804078643e-01 5.4666491195e-01 3.9830808844e-02
5.7543948356e-01 5.4683485510e-01 3.6273941943e-02
6.1283532617e-01 5.4700633108e-01 3.2686597827e-02
6.4994135912e-01 5.4719350276e-01 2.8775035562e-02
6.1433954411e-01 5.4749907468e-01 2.2391341307e-02
5.7709212835e-01 5.4773310743e-01 1.7499978259e-02
5.3980060178e-01 5.4795036732e-01 1.2959980141e-02
5.0242920004e-01 5.4813357957e-01 9.1325199125e-03
5.0033739414e-01 5.5130777283e-01 4.3099460921e-02
5.3750335580e-01 5.5145889411e-01 3.9972360022e-02
5.7463481664e-01 5.5162897952e-01 3.6455112195e-02
6.1176308876e-01 5.5180082995e-01 3.2903597790e-02
6.4860492994e-01 5.5198900646e-01 2.9020440383e-02
6.1326235979e-01 5.5229653932e-01 2.2677364182e-02
5.7628219211e-01 5.5253175855e-01 1.7822773262e-02
5.3925850804e-01 5.5275023591e-01 1.3314828125e-02
5.0215577901e-01 5.5293462702e-01 9.5116651212e-03
5.0006742409e-01 5.5610183710e-01 4.3202014476e-02
5.3696592517e-01 5.5625287627e-01 4.0113911200e-02
5.7383014972e-01 5.5642310393e-01 3.6636282446e-02
6.1069085134e-01 5.5659532883e-01 3.3120597753e-02
6.4726850076e-01 5.5678451017e-01 2.9265845204e-02
6.1218517547e-01 5.5709400396e-01 2.2963387056e-02
5.7547225586e-01 5.5733040967e-01 1.8145568265e-02
5.3871641431e-01 5.5755010451e-01 1.3669676110e-02
5.0188235799e-01 5.5773567447e-01 9.8908103299e-03
4.9979745405e-01 5.6089590136e-01 4.3304568030e-02
5.3642849454e-01 5.6104685843e-01 4.0255462377e-02
5.7302548281e-01 5.6121722835e-01 3.6817452698e-02
6.0961861392e-01 5.6138982770e-01 3.3337597717e-02
6.4593207158e-01 5.6158001387e-01 2.9511250024e-02
6.1110799114e-01 5.6189146861e-01 2.3249409931e-02
5.7466231962e-01 5.6212906079e-01 1.8468363268e-02
5.3817432058e-01 5.6234997311e-01 1.4024524095e-02
5.0160893696e-01 5.6253672193e-01 1.0269955539e-02
4.9952748401e-01 5.6568996562e-01 4.3407121585e-02
5.3589106391e-01 5.6584084058e-01 4.0397013555e-02
5.7222081589e-01 5.6601135276e-01 3.6998622949e-02
6.0854637650e-01 5.6618432658e-01 3.3554597680e-02
6.4459564240e-01 5.6637551758e-01 2.9756654845e-02
6.1003080682e-01 5.6668893325e-01 2.3535432805e-02
5.7385238338e-01 5.6692771191e-01 1.8791158271e-02
5.3763222684e-01 5.6714984171e-01 1.4379372080e-02
5.0133551594e-01 5.6733776938e-01 1.0649100747e-02
4.9925751397e-01 5.7048402989e-01 4.3509675140e-02
5.3535363328e-01 5.7063482274e-01 4.0538564733e-02
5.7141614898e-01 5.7080547718e-01 3.7179793200e-02
6.0747413908e-01 5.7097882545e-01 3.3771597644e-02
6.4325921322e-01 5.7117102128e-01 3.0002059666e-02
6.0895362250e-01 5.7148639789e-01 2.3821455680e-02
5.7304244713e-01 5.7172636303e-01 1.9113953274e-02
5.3709013311e-01 5.7194971031e-01 1.4734220064e-02
5.0106209491e-01 5.7213881683e-01 1.1028245956e-02
4.9898754392e-01 5.7527809415e-01 4.3612228694e-02
5.3481620265e-01 5.7542880490e-01 4.0680115910e-02
5.7061148206e-01 5.7559960160e-01 3.7360963452e-02
6.0640190166e-01 5.7577332433e-01 3.3988597607e-02
6.4192278404e-01 5.7596652498e-01 3.0247464487e-02
6.0787643818e-01 5.7628386254e-01 2.4107478554e-02
5.7223251089e-01 5.7652501415e-01 1.9436748278e-02
5.3654803938e-01 5.7674957891e-01 1.5089068049e-02
5.0078867389e-01 5.7693986429e-01 1.1407391165e-02
4.9871757388e-01 5.8007215842e-01 4.3714782249e-02
5.3427877202e-01 5.8022278705e-01 4.0821667088e-02
5.6980681514e-01 5.8039372601e-01 3.7542133703e-02
6.0532966424e-01 5.8056782320e-01 3.4205597570e-02
6.4058635486e-01 5.8076202869e-01 3.0492869308e-02
6.0679925386e-01 5.8108132718e-01 2.4393501429e-02
5.7142257464e-01 5.8132366527e-01 1.9759543281e-02
5.3600594565e-01 5.8154944751e-01 1.5443916034e-02
5.0051525286e-01 5.8174091174e-01 1.1786536373e-02
4.9844760384e-01 5.8486622268e-01 4.3817335803e-02
5.3374134139e-01 5.8501676921e-01 4.0963218265e-02
5.6900214823e-01 5.8518785043e-01 3.7723303955e-02
6.0425742682e-01 5.8536232207e-01 3.4422597534e-02
6.3924992568e-01 5.8555753239e-01 3.0738274129e-02
6.0572206954e-01 5.8587879182e-01 2.4679524303e-02
5.7061263840e-01 5.8612231639e-01 2.0082338284e-02
5.3546385191e-01 5.8634931611e-01 1.5798764019e-02
5.0024183184e-01 5.8654195919e-01 1.2165681582e-02
4.9817763379e-01 5.8966028694e-01 4.3919889358e-02
5.3320391076e-01 5.8981075137e-01 4.1104769443e-02
5.6819748131e-01 5.8998197484e-01 3.7904474206e-02
6.0318518940e-01 5.9015682095e-01 3.4639597497e-02
6.3791349650e-01 5.9035303610e-01 3.0983678950e-02
6.0464488521e-01 5.9067625647e-01 2.4965547178e-02
5.6980270215e-01 5.9092096751e-01 2.0405133287e-02
5.3492175818e-01 5.9114918471e-01 1.6153612003e-02
4.9996841081e-01 5.9134300665e-01 1.2544826791e-02
4.9790766375e-01 5.9445435121e-01 4.4022442913e-02
5.3266648014e-01 5.9460473352e-01 4.1246320621e-02
5.6739281440e-01 5.9477609926e-01 3.8085644457e-02
6.0211295199e-01 5.9495131982e-01 3.4856597461e-02
6.3657706732e-01 5.9514853980e-01 3.1229083770e-02
6.0356770089e-01 5.9547372111e-01 2.5251570052e-02
5.6899276591e-01 5.9571961863e-01 2.0727928290e-02
5.3437966445e-01 5.9594905331e-01 1.6508459988e-02
4.9969498979e-01 5.9614405410e-01 1.2923971999e-02
4.9763769371e-01 5.9924841547e-01 4.4124996467e-02
5.3212904951e-01 5.9939871568e-01 4.1387871798e-02
5.6658814748e-01 5.9957022367e-01 3.8266814709e-02
6.0104071457e-01 5.9974581870e-01 3.5073597424e-02
6.3524063814e-01 5.9994404351e-01 3.1474488591e-02
6.0249051657e-01 6.0027118575e-01 2.5537592927e-02
5.6818282966e-01 6.0051826975e-01 2.1050723294e-02
5.3383757071e-01 6.0074892191e-01 1.6863307973e-02
4.9942156876e-01 6.0094510155e-01 1.3303117208e-02
4.9736772367e-01 6.0404247974e-01 4.4227550022e-02
5.3159161888e-01 6.0419269784e-01 4.1529422976e-02
5.6578348056e-01 6.0436434809e-01 3.8447984960e-02
5.9996847715e-01 6.0454031757e-01 3.5290597388e-02
6.3390420895e-01 6.0473954721e-01 3.1719893412e-02
6.0141333225e-01 6.0506865040e-01 2.5823615801e-02
5.6737289342e-01 6.0531692087e-01 2.1373518297e-02
5.3329547698e-01 6.0554879051e-01 1.7218155957e-02
4.9914814774e-01 6.0574614900e-01 1.3682262417e-02
4.9709775362e-01 6.0883654400e-01 4.4330103576e-02
5.3105418825e-01 6.0898667999e-01 4.1670974154e-02
5.6497881365e-01 6.0915847250e-01 3.8629155212e-02
5.9889623973e-01 6.0933481644e-01 3.5507597351e-02
6.3256777977e-01 6.0953505091e-01 3.1965298233e-02
6.0033614793e-01 6.0986611504e-01 2.6109638676e-02
5.6656295717e-01 6.1011557199e-01 2.1696313300e-02
5.3275338325e-01 6.1034865911e-01 1.7573003942e-02
4.9887472671e-01 6.1054719646e-01 1.4061407626e-02
4.9682778358e-01 6.1363060827e-01 4.4432657131e-02
5.3051675762e-01 6.1378066215e-01 4.1812525331e-02
5.6417414673e-01 6.1395259692e-01 3.8810325463e-02
5.9782400231e-01 6.1412931532e-01 3.5724597314e-02
6.3123135059e-01 6.1433055462e-01 3.2210703054e-02
5.9925896361e-01 6.1466357968e-01 2.6395661550e-02
5.6575302093e-01 6.1491422311e-01 2.2019108303e-02
5.3221128952e-01 6.1514852771e-01 1.7927851927e-02
4.9860130569e-01 6.1534824391e-01 1.4440552834e-02
4.9656031802e-01 6.1844105576e-01 4.4538733243e-02
5.2998795375e-01 6.1858990594e-01 4.1949389267e-02
5.6338436829e-01 6.1876055498e-01 3.8980945796e-02
5.9677333371e-01 6.1893596974e-01 3.5929622847e-02
6.2992181088e-01 6.1913581740e-01 3.2453396603e-02
5.9820000848e-01 6.1946818966e-01 2.6673848864e-02
5.6495613974e-01 6.1971852035e-01 2.2321104433e-02
5.3167667268e-01 6.1995257457e-01 1.8251421932e-02
4.9832929788e-01 6.2015217229e-01 1.4780967775e-02
4.9629285246e-01 6.2325150325e-01 4.4644809354e-02
5.2945914989e-01 6.2339914973e-01 4.2086253203e-02
5.6259458986e-01 6.2356851305e-01 3.9151566130e-02
5.9572266511e-01 6.2374262415e-01 3.6134648379e-02
6.2861227117e-01 6.2394108018e-01 3.2696090152e-02
5.9714105336e-01 6.2427279964e-01 2.6952036178e-02
5.6415925855e-01 6.2452281758e-01 2.2623100563e-02
5.3114205584e-01 6.2475662143e-01 1.8574991937e-02
4.9805729007e-01 6.2495610067e-01 1.5121382716e-02
4.9602538689e-01 6.2806195074e-01 4.4750885466e-02
5.2893034602e-01 6.2820839352e-01 4.2223117139e-02
5.6180481142e-01 6.2837647111e-01 3.9322186463e-02
5.9467199651e-01 6.2854927857e-01 3.6339673911e-02
6.2730273146e-01 6.2874634297e-01 3.2938783701e-02
5.9608209824e-01 6.2907740962e-01 2.7230223492e-02
5.6336237735e-01 6.2932711482e-01 2.2925096693e-02
5.3060743900e-01 6.2956066829e-01 1.8898561942e-02
4.9778528226e-01 6.2976002905e-01 1.5461797657e-02
4.9575792133e-01 6.3287239824e-01 4.4856961577e-02
5.2840154215e-01 6.3301763731e-01 4.2359981075e-02
5.6101503298e-01 6.3318442917e-01 3.9492806797e-02
5.9362132791e-01 6.3335593299e-01 3.6544699444e-02
6.2599319175e-01 6.3355160575e-01 3.3181477250e-02
5.9502314312e-01 6.3388201960e-01 2.7508410806e-02
5.6256549616e-01 6.3413141205e-01 2.3227092823e-02
5.3007282217e-01 6.3436471515e-01 1.9222131947e-02
4.9751327445e-01 6.3456395743e-01 1.5802212598e-02
4.9549045577e-01 6.3768284573e-01 4.4963037689e-02
5.2787273829e-01 6.3782688110e-01 4.2496845010e-02
5.6022525454e-01 6.3799238724e-01 3.9663427130e-02
5.9257065931e-01 6.3816258741e-01 3.6749724976e-02
6.2468365204e-01 6.3835686853e-01 3.3424170799e-02
5.9396418800e-01 6.3868662958e-01 2.7786598120e-02
5.6176861497e-01 6.3893570929e-01 2.3529088953e-02
5.2953820533e-01 6.3916876201e-01 1.9545701952e-02
4.9724126664e-01 6.3936788581e-01 1.6142627539e-02
4.9522299021e-01 6.4249329322e-01 4.5069113801e-02
5.2734393442e-01 6.4263612489e-01 4.2633708946e-02
5.5943547610e-01 6.4280034530e-01 3.9834047463e-02
5.9151999071e-01 6.4296924183e-01 3.6954750508e-02
6.2337411233e-01 6.4316213132e-01 3.3666864348e-02
5.9290523287e-01 6.4349123955e-01 2.8064785434e-02
5.6097173378e-01 6.4374000652e-01 2.3831085083e-02
5.2900358849e-01 6.4397280887e-01 1.9869271958e-02
4.9696925883e-01 6.4417181419e-01 1.6483042479e-02
4.9495552465e-01 6.4730374071e-01 4.5175189912e-02
5.2681513056e-01 6.4744536868e-01 4.2770572882e-02
5.5864569766e-01 6.4760830337e-01 4.0004667797e-02
5.9046932211e-01 6.4777589624e-01 3.7159776041e-02
6.2206457262e-01 6.4796739410e-01 3.3909557897e-02
5.9184627775e-01 6.4829584953e-01 2.8342972748e-02
5.6017485259e-01 6.4854430376e-01 2.4133081213e-02
5.2846897165e-01 6.4877685573e-01 2.0192841963e-02
4.9669725102e-01 6.4897574257e-01 1.6823457420e-02
4.9468805908e-01 6.5211418821e-01 4.5281266024e-02
5.2628632669e-01 6.5225461247e-01 4.2907436818e-02
5.5785591923e-01 6.5241626143e-01 4.0175288130e-02
5.8941865350e-01 6.5258255066e-01 3.7364801573e-02
6.2075503291e-01 6.5277265688e-01 3.4152251446e-02
5.9078732263e-01 6.5310045951e-01 2.8621160062e-02
5.5937797140e-01 6.5334860099e-01 2.4435077343e-02
5.2793435482e-01 6.5358090259e-01 2.0516411968e-02
4.9642524321e-01 6.5377967095e-01 1.7163872361e-02
4.9442059352e-01 6.5692463570e-01 4.5387342135e-02
5.2575752282e-01 6.5706385626e-01 4.3044300753e-02
5.5706614079e-01 6.5722421949e-01 4.0345908464e-02
5.8836798490e-01 6.5738920508e-01 3.7569827105e-02
6.1944549319e-01 6.5757791967e-01 3.4394944995e-02
5.8972836751e-01 6.5790506949e-01 2.8899347376e-02
5.5858109020e-01 6.5815289823e-01 2.4737073473e-02
5.2739973798e-01 6.5838494946e-01 2.0839981973e-02
4.9615323540e-01 6.5858359933e-01 1.7504287302e-02
4.9415312796e-01 6.6173508319e-01 4.5493418247e-02
5.2522871896e-01 6.6187310005e-01 4.3181164689e-02
5.5627636235e-01 6.6203217756e-01 4.0516528797e-02
5.8731731630e-01 6.6219585950e-01 3.7774852638e-02
6.1813595348e-01 6.6238318245e-01 3.4637638545e-02
5.8866941239e-01 6.6270967947e-01 2.9177534690e-02
5.5778420901e-01 6.6295719546e-01 2.5039069602e-02
5.2686512114e-01 6.6318899632e-01 2.1163551978e-02
4.9588122759e-01 6.6338752771e-01 1.7844702243e-02
4.9388566240e-01 6.6654553068e-01 4.5599494359e-02
5.2469991509e-01 6.6668234383e-01 4.3318028625e-02
5.5548658391e-01 6.6684013562e-01 4.0687149130e-02
5.8626664770e-01 6.6700251392e-01 3.7979878170e-02
6.1682641377e-01 6.6718844523e-01 3.4880332094e-02
5.8761045726e-01 6.6751428945e-01 2.9455722004e-02
5.5698732782e-01 6.6776149269e-01 2.5341065732e-02
5.2633050431e-01 6.6799304318e-01 2.1487121983e-02
4.9560921978e-01 6.6819145609e-01 1.8185117184e-02
4.9361819684e-01 6.7135597818e-01 4.5705570470e-02
5.2417111123e-01 6.7149158762e-01 4.3454892561e-02
5.5469680547e-01 6.7164809368e-01 4.0857769464e-02
5.8521597910e-01 6.7180916833e-01 3.8184903702e-02
6.1551687406e-01 6.7199370802e-01 3.5123025643e-02
5.8655150214e-01 6.7231889942e-01 2.9733909318e-02
5.5619044663e-01 6.7256578993e-01 2.5643061862e-02
5.2579588747e-01 6.7279709004e-01 2.1810691988e-02
4.9533721198e-01 6.7299538446e-01 1.8525532125e-02
4.9335073127e-01 6.7616642567e-01 4.5811646582e-02
5.2364230736e-01 6.7630083141e-01 4.3591756497e-02
5.5390702704e-01 6.7645605175e-01 4.1028389797e-02
5.8416531050e-01 6.7661582275e-01 3.8389929234e-02
6.1420733435e-01 6.7679897080e-01 3.5365719192e-02
5.8549254702e-01 6.7712350940e-01 3.0012096632e-02
5.5539356544e-01 6.7737008716e-01 2.5945057992e-02
5.2526127063e-01 6.7760113690e-01 2.2134261993e-02
4.9506520417e-01 6.7779931284e-01 1.8865947066e-02
4.9308326571e-01 6.8097687316e-01 4.5917722693e-02
5.2311350349e-01 6.8111007520e-01 4.3728620432e-02
5.5311724860e-01 6.8126400981e-01 4.1199010131e-02
5.8311464190e-01 6.8142247717e-01 3.8594954767e-02
6.1289779464e-01 6.8160423358e-01 3.5608412741e-02
5.8443359190e-01 6.8192811938e-01 3.0290283946e-02
5.5459668425e-01 6.8217438440e-01 2.6247054122e-02
5.2472665379e-01 6.8240518376e-01 2.2457831999e-02
4.9479319636e-01 6.8260324122e-01 1.9206362007e-02
4.9281580015e-01 6.8578732065e-01 4.6023798805e-02
5.2258469963e-01 6.8591931899e-01 4.3865484368e-02
5.5232747016e-01 6.8607196788e-01 4.1369630464e-02
5.8206397330e-01 6.8622913159e-01 3.8799980299e-02
6.1158825493e-01 6.8640949637e-01 3.5851106290e-02
5.8337463678e-01 6.8673272936e-01 3.0568471260e-02
5.5379980306e-01 6.8697868163e-01 2.6549050252e-02
5.2419203696e-01 6.8720923062e-01 2.2781402004e-02
4.9452118855e-01 6.8740716960e-01 1.9546776947e-02
4.9254833459e-01 6.9059776815e-01 4.6129874917e-02
5.2205589576e-01 6.9072856278e-01 4.4002348304e-02
5.5153769172e-01 6.9087992594e-01 4.1540250798e-02
5.8101330470e-01 6.9103578601e-01 3.9005005831e-02
6.1027871522e-01 6.9121475915e-01 3.6093799839e-02
5.8231568165e-01 6.9153733934e-01 3.0846658574e-02
5.5300292186e-01 6.9178297887e-01 2.6851046382e-02
5.2365742012e-01 6.9201327748e-01 2.3104972009e-02
4.9424918074e-01 6.9221109798e-01 1.9887191888e-02
4.9228354803e-01 6.9541049333e-01 4.6245943078e-02
5.2152953296e-01 6.9554000945e-01 4.4146196103e-02
5.5075008234e-01 6.9568998471e-01 4.1714848391e-02
5.7996452568e-01 6.9584443298e-01 3.9211002422e-02
6.0897074736e-01 6.9602187501e-01 3.6334478332e-02
5.8125778334e-01 6.9634328128e-01 3.1125658881e-02
5.5220671111e-01 6.9658818445e-01 2.7156824792e-02
5.2312311280e-01 6.9681782931e-01 2.3435297693e-02
4.9397717544e-01 6.9701517079e-01 2.0237343939e-02
4.9201876147e-01 7.0022321852e-01 4.6362011239e-02
5.2100317017e-01 7.0035145612e-01 4.4290043902e-02
5.4996247295e-01 7.0050004349e-01 4.1889445984e-02
5.7891574667e-01 7.0065307996e-01 3.9416999013e-02
6.0766277950e-01 7.0082899086e-01 3.6575156824e-02
5.8019988504e-01 7.0114922322e-01 3.1404659189e-02
5.5141050035e-01 7.0139339003e-01 2.7462603202e-02
5.2258880548e-01 7.0162238113e-01 2.3765623377e-02
4.9370517015e-01 7.0181924360e-01 2.0587495990e-02
4.9175397492e-01 7.0503594371e-01 4.6478079400e-02
5.2047680737e-01 7.0516290279e-01 4.4433891701e-02
5.4917486356e-01 7.0531010227e-01 4.2064043577e-02
5.7786696765e-01 7.0546172694e-01 3.9622995604e-02
6.0635481164e-01 7.0563610672e-01 3.6815835317e-02
5.7914198673e-01 7.0595516516e-01 3.1683659496e-02
5.5061428959e-01 7.0619859562e-01 2.7768381612e-02
5.2205449817e-01 7.0642693295e-01 2.4095949061e-02
4.9343316485e-01 7.0662331640e-01 2.0937648040e-02
4.9148918836e-01 7.0984866889e-01 4.6594147561e-02
5.1995044457e-01 7.0997434946e-01 4.4577739500e-02
5.4838725418e-01 7.1012016104e-01 4.2238641170e-02
5.7681818864e-01 7.1027037392e-01 3.9828992195e-02
6.0504684378e-01 7.1044322257e-01 3.7056513810e-02
5.7808408842e-01 7.1076110710e-01 3.1962659804e-02
5.4981807883e-01 7.1100380120e-01 2.8074160022e-02
5.2152019085e-01 7.1123148478e-01 2.4426274745e-02
4.9316115955e-01 7.1142738921e-01 2.1287800091e-02
4.9122440180e-01 7.1466139408e-01 4.6710215722e-02
5.1942408177e-01 7.1478579613e-01 4.4721587299e-02
5.4759964479e-01 7.1493021982e-01 4.2413238763e-02
5.7576940962e-01 7.1507902090e-01 4.0034988786e-02
6.0373887592e-01 7.1525033843e-01 3.7297192302e-02
5.7702619011e-01 7.1556704904e-01 3.2241660111e-02
5.4902186808e-01 7.1580900678e-01 2.8379938432e-02
5.2098588353e-01 7.1603603660e-01 2.4756600429e-02
4.9288915426e-01 7.1623146202e-01 2.1637952142e-02
4.9095961524e-01 7.1947411926e-01 4.6826283883e-02
5.1889771897e-01 7.1959724280e-01 4.4865435098e-02
5.4681203540e-01 7.1974027859e-01 4.2587836356e-02
5.7472063061e-01 7.1988766787e-01 4.0240985377e-02
6.0243090806e-01 7.2005745428e-01 3.7537870795e-02
5.7596829180e-01 7.2037299098e-01 3.2520660419e-02
5.4822565732e-01 7.2061421236e-01 2.8685716842e-02
5.2045157621e-01 7.2084058843e-01 2.5086926113e-02
4.9261714896e-01 7.2103553483e-01 2.1988104193e-02
4.9069482869e-01 7.2428684445e-01 4.6942352044e-02
5.1837135618e-01 7.2440868947e-01 4.5009282897e-02
5.4602442602e-01 7.2455033737e-01 4.2762433949e-02
5.7367185159e-01 7.2469631485e-01 4.0446981968e-02
6.0112294020e-01 7.2486457014e-01 3.7778549287e-02
5.7491039349e-01 7.2517893292e-01 3.2799660727e-02
5.4742944656e-01 7.2541941795e-01 2.8991495252e-02
5.1991726889e-01 7.2564514025e-01 2.5417251797e-02
4.9234514366e-01 7.2583960763e-01 2.2338256243e-02
4.9043004213e-01 7.2909956964e-01 4.7058420205e-02
5.1784499338e-01 7.2922013614e-01 4.5153130696e-02
5.4523681663e-01 7.2936039614e-01 4.2937031542e-02
5.7262307258e-01 7.2950496183e-01 4.0652978559e-02
5.9981497234e-01 7.2967168600e-01 3.8019227780e-02
5.7385249518e-01 7.2998487486e-01 3.3078661034e-02
5.4663323580e-01 7.3022462353e-01 2.9297273662e-02
5.1938296158e-01 7.3044969207e-01 2.5747577481e-02
4.9207313837e-01 7.3064368044e-01 2.2688408294e-02
4.9016525557e-01 7.3391229482e-01 4.7174488366e-02
5.1731863058e-01 7.3403158281e-01 4.5296978495e-02
5.4444920725e-01 7.3417045492e-01 4.3111629135e-02
5.7157429357e-01 7.3431360881e-01 4.0858975150e-02
5.9850700448e-01 7.3447880185e-01 3.8259906273e-02
5.7279459687e-01 7.3479081680e-01 3.3357661342e-02
5.4583702505e-01 7.3502982911e-01 2.9603052072e-02
5.1884865426e-01 7.3525424390e-01 2.6077903165e-02
4.9180113307e-01 7.3544775325e-01 2.3038560345e-02
4.8990046902e-01 7.3872502001e-01 4.7290556528e-02
5.1679226778e-01 7.3884302948e-01 4.5440826294e-02
5.4366159786e-01 7.3898051369e-01 4.3286226728e-02
5.7052551455e-01 7.3912225578e-01 4.1064971741e-02
5.9719903662e-01 7.3928591771e-01 3.8500584765e-02
5.7173669857e-01 7.3959675874e-01 3.3636661649e-02
5.4504081429e-01 7.3983503470e-01 2.9908830482e-02
5.1831434694e-01 7.4005879572e-01 2.6408228849e-02
4.9152912777e-01 7.4025182605e-01 2.3388712396e-02
4.8963568246e-01 7.4353774519e-01 4.7406624689e-02
5.1626590498e-01 7.4365447615e-01 4.5584674093e-02
5.4287398847e-01 7.4379057247e-01 4.3460824322e-02
5.6947673554e-01 7.4393090276e-01 4.1270968332e-02
5.9589106875e-01 7.4409303356e-01 3.8741263258e-02
5.7067880026e-01 7.4440270068e-01 3.3915661957e-02
5.4424460353e-01 7.4464024028e-01 3.0214608892e-02
5.1778003962e-01 7.4486334755e-01 2.6738554533e-02
4.9125712248e-01 7.4505589886e-01 2.3738864446e-02
4.8937089590e-01 7.4835047038e-01 4.7522692850e-02
5.1573954219e-01 7.4846592283e-01 4.5728521892e-02
5.4208637909e-01 7.4860063125e-01 4.3635421915e-02
5.6842795652e-01 7.4873954974e-01 4.1476964923e-02
5.9458310089e-01 7.4890014942e-01 3.8981941751e-02
5.6962090195e-01 7.4920864263e-01 3.4194662264e-02
5.4344839277e-01 7.4944544586e-01 3.0520387302e-02
5.1724573231e-01 7.4966789937e-01 2.7068880217e-02
4.9098511718e-01 7.4985997167e-01 2.4089016497e-02
4.8910610934e-01 7.5316319557e-01 4.7638761011e-02
5.1521317939e-01 7.5327736950e-01 4.5872369691e-02
5.4129876970e-01 7.5341069002e-01 4.3810019508e-02
5.6737917751e-01 7.5354819672e-01 4.1682961514e-02
5.9327513303e-01 7.5370726527e-01 3.9222620243e-02
5.6856300364e-01 7.5401458457e-01 3.4473662572e-02
5.4265218202e-01 7.5425065144e-01 3.0826165712e-02
5.1671142499e-01 7.5447245120e-01 2.7399205901e-02
4.9071311188e-01 7.5466404448e-01 2.4439168548e-02
4.8884132279e-01 7.5797592075e-01 4.7754829172e-02
5.1468681659e-01 7.5808881617e-01 4.6016217490e-02
5.4051116032e-01 7.5822074880e-01 4.3984617101e-02
5.6633039849e-01 7.5835684370e-01 4.1888958105e-02
5.9196716517e-01 7.5851438113e-01 3.9463298736e-02
5.6750510533e-01 7.5882052651e-01 3.4752662879e-02
5.4185597126e-01 7.5905585703e-01 3.1131944122e-02
5.1617711767e-01 7.5927700302e-01 2.7729531585e-02
4.9044110659e-01 7.5946811728e-01 2.4789320598e-02
4.8857653623e-01 7.6278864594e-01 4.7870897333e-02
5.1416045379e-01 7.6290026284e-01 4.6160065289e-02
5.3972355093e-01 7.6303080757e-01 4.4159214694e-02
5.6528161948e-01 7.6316549067e-01 4.2094954696e-02
5.9065919731e-01 7.6332149698e-01 3.9703977229e-02
5.6644720702e-01 7.6362646845e-01 3.5031663187e-02
5.4105976050e-01 7.6386106261e-01 3.1437722532e-02
5.1564281035e-01 7.6408155484e-01 2.8059857269e-02
4.9016910129e-01 7.6427219009e-01 2.5139472649e-02
4.8831174967e-01 7.6760137113e-01 4.7986965494e-02
5.1363409099e-01 7.6771170951e-01 4.6303913088e-02
5.3893594154e-01 7.6784086635e-01 4.4333812287e-02
5.6423284046e-01 7.6797413765e-01 4.2300951287e-02
5.8935122945e-01 7.6812861284e-01 3.9944655721e-02
5.6538930871e-01 7.6843241039e-01 3.5310663494e-02
5.4026354974e-01 7.6866626819e-01 3.1743500942e-02
5.1510850304e-01 7.6888610667e-01 2.8390182953e-02
4.8989709599e-01 7.6907626290e-01 2.5489624700e-02
4.8804973734e-01 7.7241538987e-01 4.8112815676e-02
5.1311029995e-01 7.7252447593e-01 4.6454601155e-02
5.3815066805e-01 7.7265225567e-01 4.4512310116e-02
5.6318615418e-01 7.7278412260e-01 4.2507908513e-02
5.8804507377e-01 7.7293705600e-01 4.0183375437e-02
5.6433269016e-01 7.7323932268e-01 3.5590474657e-02
5.3946821050e-01 7.7347213876e-01 3.2052997229e-02
5.1457468387e-01 7.7369102938e-01 2.8727137415e-02
4.8962524815e-01 7.7388043639e-01 2.5849323991e-02
4.8778772500e-01 7.7722940861e-01 4.8238665858e-02
5.1258650891e-01 7.7733724236e-01 4.6605289222e-02
5.3736539456e-01 7.7746364499e-01 4.4690807946e-02
5.6213946790e-01 7.7759410754e-01 4.2714865740e-02
5.8673891808e-01 7.7774549916e-01 4.0422095152e-02
5.6327607160e-01 7.7804623498e-01 3.5870285820e-02
5.3867287127e-01 7.7827800932e-01 3.2362493516e-02
5.1404086471e-01 7.7849595209e-01 2.9064091877e-02
4.8935340030e-01 7.7868460988e-01 2.6209023282e-02
4.8752571267e-01 7.8204342736e-01 4.8364516039e-02
5.1206271787e-01 7.8215000878e-01 4.6755977288e-02
5.3658012108e-01 7.8227503431e-01 4.4869305775e-02
5.6109278162e-01 7.8240409249e-01 4.2921822966e-02
5.8543276240e-01 7.8255394232e-01 4.0660814867e-02
5.6221945305e-01 7.8285314727e-01 3.6150096982e-02
5.3787753203e-01 7.8308387989e-01 3.2671989804e-02
5.1350704555e-01 7.8330087480e-01 2.9401046338e-02
4.8908155245e-01 7.8348878337e-01 2.6568722574e-02
4.8726370034e-01 7.8685744610e-01 4.8490366221e-02
5.1153892683e-01 7.8696277521e-01 4.6906665355e-02
5.3579484759e-01 7.8708642363e-01 4.5047803605e-02
5.6004609534e-01 7.8721407743e-01 4.3128780193e-02
5.8412660671e-01 7.8736238549e-01 4.0899534582e-02
5.6116283450e-01 7.8766005956e-01 3.6429908145e-02
5.3708219279e-01 7.8788975046e-01 3.2981486091e-02
5.1297322639e-01 7.8810579751e-01 2.9738000800e-02
4.8880970461e-01 7.8829295686e-01 2.6928421865e-02
4.8700168800e-01 7.9167146484e-01 4.8616216403e-02
5.1101513579e-01 7.9177554163e-01 4.7057353421e-02
5.3500957410e-01 7.9189781296e-01 4.5226301434e-02
5.5899940906e-01 7.9202406238e-01 4.3335737419e-02
5.8282045102e-01 7.9217082865e-01 4.1138254298e-02
5.6010621594e-01 7.9246697186e-01 3.6709719308e-02
5.3628685355e-01 7.9269562102e-01 3.3290982378e-02
5.1243940723e-01 7.9291072022e-01 3.0074955261e-02
4.8853785676e-01 7.9309713036e-01 2.7288121156e-02
4.8673967567e-01 7.9648548358e-01 4.8742066585e-02
5.1049134475e-01 7.9658830806e-01 4.7208041488e-02
5.3422430061e-01 7.9670920228e-01 4.5404799264e-02
5.5795272278e-01 7.9683404732e-01 4.3542694646e-02
5.8151429534e-01 7.9697927181e-01 4.1376974013e-02
5.5904959739e-01 7.9727388415e-01 3.6989530471e-02
5.3549151431e-01 7.9750149159e-01 3.3600478665e-02
5.1190558807e-01 7.9771564293e-01 3.0411909723e-02
4.8826600891e-01 7.9790130385e-01 2.7647820447e-02
4.8647766334e-01 8.0129950233e-01 4.8867916767e-02
5.0996755371e-01 8.0140107448e-01 4.7358729555e-02
5.3343902712e-01 8.0152059160e-01 4.5583297093e-02
5.5690603650e-01 8.0164403227e-01 4.3749651872e-02
5.8020813965e-01 8.0178771497e-01 4.1615693728e-02
5.5799297884e-01 8.0208079645e-01 3.7269341633e-02
5.3469617508e-01 8.0230736215e-01 3.3909974953e-02
5.1137176890e-01 8.0252056564e-01 3.0748864185e-02
4.8799416107e-01 8.0270547734e-01 2.8007519738e-02
4.8621565100e-01 8.0611352107e-01 4.8993766948e-02
5.0944376267e-01 8.0621384091e-01 4.7509417621e-02
5.3265375363e-01 8.0633198092e-01 4.5761794922e-02
5.5585935022e-01 8.0645401721e-01 4.3956609099e-02
5.7890198397e-01 8.0659615813e-01 4.1854413443e-02
5.5693636028e-01 8.0688770874e-01 3.7549152796e-02
5.3390083584e-01 8.0711323272e-01 3.4219471240e-02
5.1083794974e-01 8.0732548835e-01 3.1085818646e-02
4.8772231322e-01 8.0750965083e-01 2.8367219030e-02
4.8595363867e-01 8.1092753981e-01 4.9119617130e-02
5.0891997163e-01 8.1102660733e-01 4.7660105688e-02
5.3186848014e-01 8.1114337024e-01 4.5940292752e-02
5.5481266394e-01 8.1126400216e-01 4.4163566325e-02
5.7759582828e-01 8.1140460129e-01 4.2093133159e-02
5.5587974173e-01 8.1169462104e-01 3.7828963959e-02
5.3310549660e-01 8.1191910329e-01 3.4528967527e-02
5.1030413058e-01 8.1213041106e-01 3.1422773108e-02
4.8745046538e-01 8.1231382433e-01 2.8726918321e-02
4.8569162634e-01 8.1574155856e-01 4.9245467312e-02
5.0839618059e-01 8.1583937376e-01 4.7810793755e-02
5.3108320665e-01 8.1595475956e-01 4.6118790581e-02
5.5376597766e-01 8.1607398710e-01 4.4370523551e-02
5.7628967259e-01 8.1621304446e-01 4.2331852874e-02
5.5482312317e-01 8.1650153333e-01 3.8108775122e-02
5.3231015736e-01 8.1672497385e-01 3.4838463814e-02
5.0977031142e-01 8.1693533378e-01 3.1759727569e-02
4.8717861753e-01 8.1711799782e-01 2.9086617612e-02
4.8542961400e-01 8.2055557730e-01 4.9371317494e-02
5.0787238955e-01 8.2065214018e-01 4.7961481821e-02
5.3029793316e-01 8.2076614889e-01 4.6297288411e-02
5.5271929138e-01 8.2088397205e-01 4.4577480778e-02
5.7498351691e-01 8.2102148762e-01 4.2570572589e-02
5.5376650462e-01 8.2130844562e-01 3.8388586284e-02
5.3151481812e-01 8.2153084442e-01 3.5147960101e-02
5.0923649226e-01 8.2174025649e-01 3.2096682031e-02
4.8690676968e-01 8.2192217131e-01 2.9446316903e-02
4.8516760167e-01 8.2536959604e-01 4.9497167675e-02
5.0734859851e-01 8.2546490661e-01 4.8112169888e-02
5.2951265967e-01 8.2557753821e-01 4.6475786240e-02
5.5167260510e-01 8.2569395699e-01 4.4784438004e-02
5.7367736122e-01 8.2582993078e-01 4.2809292304e-02
5.5270988607e-01 8.2611535792e-01 3.8668397447e-02
5.3071947889e-01 8.2633671498e-01 3.5457456389e-02
5.0870267309e-01 8.2654517920e-01 3.2433636492e-02
4.8663492184e-01 8.2672634480e-01 2.9806016195e-02
4.8490558933e-01 8.3018361478e-01 4.9623017857e-02
5.0682480747e-01 8.3027767303e-01 4.8262857955e-02
5.2872738618e-01 8.3038892753e-01 4.6654284070e-02
5.5062591882e-01 8.3050394194e-01 4.4991395231e-02
5.7237120554e-01 8.3063837394e-01 4.3048012020e-02
5.5165326751e-01 8.3092227021e-01 3.8948208610e-02
5.2992413965e-01 8.3114258555e-01 3.5766952676e-02
5.0816885393e-01 8.3135010191e-01 3.2770590954e-02
4.8636307399e-01 8.3153051829e-01 3.0165715486e-02
4.8464357700e-01 8.3499763353e-01 4.9748868039e-02
5.0630101643e-01 8.3509043946e-01 4.8413546021e-02
5.2794211270e-01 8.3520031685e-01 4.6832781899e-02
5.4957923254e-01 8.3531392688e-01 4.5198352457e-02
5.7106504985e-01 8.3544681710e-01 4.3286731735e-02
5.5059664896e-01 8.3572918251e-01 3.9228019773e-02
5.2912880041e-01 8.3594845612e-01 3.6076448963e-02
5.0763503477e-01 8.3615502462e-01 3.3107545416e-02
4.8609122615e-01 8.3633469179e-01 3.0525414777e-02
4.8438156467e-01 8.3981165227e-01 4.9874718221e-02
5.0577722539e-01 8.3990320588e-01 4.8564234088e-02
5.2715683921e-01 8.4001170617e-01 4.7011279728e-02
5.4853254626e-01 8.4012391183e-01 4.5405309684e-02
5.6975889416e-01 8.4025526026e-01 4.3525451450e-02
5.4954003041e-01 8.4053609480e-01 3.9507830935e-02
5.2833346117e-01 8.4075432668e-01 3.6385945250e-02
5.0710121561e-01 8.4095994733e-01 3.3444499877e-02
4.8581937830e-01 8.4113886528e-01 3.0885114068e-02
4.8411955233e-01 8.4462567101e-01 5.0000568403e-02
5.0525343435e-01 8.4471597231e-01 4.8714922155e-02
5.2637156572e-01 8.4482309550e-01 4.7189777558e-02
5.4748585998e-01 8.4493389678e-01 4.5612266910e-02
5.6845273848e-01 8.4506370343e-01 4.3764171165e-02
5.4848341185e-01 8.4534300709e-01 3.9787642098e-02
5.2753812193e-01 8.4556019725e-01 3.6695441538e-02
5.0656739645e-01 8.4576487004e-01 3.3781454339e-02
4.8554753045e-01 8.4594303877e-01 3.1244813360e-02
4.8385563200e-01 8.4942770332e-01 5.0259690059e-02
5.0472837613e-01 8.4951789656e-01 4.8985228873e-02
5.2558441186e-01 8.4962589790e-01 4.7460779254e-02
5.4643558882e-01 8.4973840165e-01 4.5874064537e-02
5.6714548583e-01 8.4987077032e-01 4.4008094960e-02
5.4743048433e-01 8.5014582064e-01 4.0115130022e-02
5.2674350530e-01 8.5036174326e-01 3.7062421830e-02
5.0603391065e-01 8.5056659061e-01 3.4168545175e-02
4.8527669050e-01 8.5074575628e-01 3.1638852645e-02
4.8359171167e-01 8.5422973563e-01 5.0518811715e-02
5.0420331792e-01 8.5431982082e-01 4.9255535591e-02
5.2479725800e-01 8.5442870031e-01 4.7731780951e-02
5.4538531765e-01 8.5454290653e-01 4.6135862164e-02
5.6583823318e-01 8.5467783721e-01 4.4252018754e-02
5.4637755681e-01 8.5494863418e-01 4.0442617947e-02
5.2594888866e-01 8.5516328927e-01 3.7429402122e-02
5.0550042486e-01 8.5536831118e-01 3.4555636011e-02
4.8500585055e-01 8.5554847380e-01 3.2032891931e-02
4.8332779134e-01 8.5903176794e-01 5.0777933371e-02
5.0367825970e-01 8.5912174508e-01 4.9525842309e-02
5.2401010414e-01 8.5923150272e-01 4.8002782647e-02
5.4433504648e-01 8.5934741141e-01 4.6397659790e-02
5.6453098054e-01 8.5948490409e-01 4.4495942549e-02
5.4532462930e-01 8.5975144772e-01 4.0770105871e-02
5.2515427203e-01 8.5996483527e-01 3.7796382415e-02
5.0496693907e-01 8.6017003175e-01 3.4942726848e-02
4.8473501060e-01 8.6035119132e-01 3.2426931217e-02
4.8306387101e-01 8.6383380025e-01 5.1037055027e-02
5.0315320149e-01 8.6392366934e-01 4.9796149027e-02
5.2322295029e-01 8.6403430513e-01 4.8273784344e-02
5.4328477532e-01 8.6415191629e-01 4.6659457417e-02
5.6322372789e-01 8.6429197098e-01 4.4739866344e-02
5.4427170178e-01 8.6455426127e-01 4.1097593795e-02
5.2435965539e-01 8.6476638128e-01 3.8163362707e-02
5.0443345328e-01 8.6497175232e-01 3.5329817684e-02
4.8446417065e-01 8.6515390883e-01 3.2820970503e-02
4.8279995068e-01 8.6863583256e-01 5.1296176683e-02
5.0262814328e-01 8.6872559360e-01 5.0066455746e-02
5.2243579643e-01 8.6883710753e-01 4.8544786040e-02
5.4223450415e-01 8.6895642116e-01 4.6921255043e-02
5.6191647524e-01 8.6909903787e-01 4.4983790138e-02
5.4321877426e-01 8.6935707481e-01 4.1425081720e-02
5.2356503875e-01 8.6956792729e-01 3.8530343000e-02
5.0389996749e-01 8.6977347289e-01 3.5716908520e-02
4.8419333070e-01 8.6995662635e-01 3.3215009789e-02
4.8253603034e-01 8.7343786486e-01 5.1555298339e-02
5.0210308506e-01 8.7352751786e-01 5.0336762464e-02
5.2164864257e-01 8.7363990994e-01 4.8815787737e-02
5.4118423299e-01 8.7376092604e-01 4.7183052670e-02
5.6060922260e-01 8.7390610476e-01 4.5227713933e-02
5.4216584674e-01 8.7415988835e-01 4.1752569644e-02
5.2277042212e-01 8.7436947330e-01 3.8897323292e-02
5.0336648170e-01 8.7457519346e-01 3.6103999356e-02
4.8392249075e-01 8.7475934386e-01 3.3609049075e-02
4.8227211001e-01 8.7823989717e-01 5.1814419995e-02
5.0157802685e-01 8.7832944212e-01 5.0607069182e-02
5.2086148871e-01 8.7844271235e-01 4.9086789434e-02
5.4013396182e-01 8.7856543092e-01 4.7444850297e-02
5.5930196995e-01 8.7871317165e-01 4.5471637727e-02
5.4111291922e-01 8.7896270190e-01 4.2080057568e-02
5.2197580548e-01 8.7917101931e-01 3.9264303585e-02
5.0283299591e-01 8.7937691403e-01 3.6491090192e-02
4.8365165080e-01 8.7956206138e-01 3.4003088360e-02
4.8200818968e-01 8.8304192948e-01 5.2073541651e-02
5.0105296863e-01 8.8313136638e-01 5.0877375900e-02
5.2007433485e-01 8.8324551475e-01 4.9357791130e-02
5.3908369065e-01 8.8336993579e-01 4.7706647923e-02
5.5799471730e-01 8.8352023854e-01 4.5715561522e-02
5.4005999171e-01 8.8376551544e-01 4.2407545493e-02
5.2118118884e-01 8.8397256532e-01 3.9631283877e-02
5.0229951012e-01 8.8417863460e-01 3.6878181029e-02
4.8338081085e-01 8.8436477889e-01 3.4397127646e-02
4.8174426935e-01 8.8784396179e-01 5.2332663307e-02
5.0052791042e-01 8.8793329064e-01 5.1147682618e-02
5.1928718100e-01 8.8804831716e-01 4.9628792827e-02
5.3803341949e-01 8.8817444067e-01 4.7968445550e-02
5.5668746466e-01 8.8832730543e-01 4.5959485316e-02
5.3900706419e-01 8.8856832898e-01 4.2735033417e-02
5.2038657221e-01 8.8877411133e-01 3.9998264170e-02
5.0176602433e-01 8.8898035516e-01 3.7265271865e-02
4.8310997090e-01 8.8916749641e-01 3.4791166932e-02
4.8148034902e-01 8.9264599410e-01 5.2591784963e-02
5.0000285220e-01 8.9273521490e-01 5.1417989337e-02
5.1850002714e-01 8.9285111957e-01 4.9899794523e-02
5.3698314832e-01 8.9297894555e-01 4.8230243177e-02
5.5538021201e-01 8.9313437232e-01 4.6203409111e-02
5.3795413667e-01 8.9337114253e-01 4.3062521341e-02
5.1959195557e-01 8.9357565734e-01 4.0365244462e-02
5.0123253854e-01 8.9378207573e-01 3.7652362701e-02
4.8283913095e-01 8.9397021392e-01 3.5185206218e-02
4.8121642869e-01 8.9744802641e-01 5.2850906619e-02
4.9947779399e-01 8.9753713916e-01 5.1688296055e-02
5.1771287328e-01 8.9765392198e-01 5.0170796220e-02
5.3593287716e-01 8.9778345043e-01 4.8492040803e-02
5.5407295936e-01 8.9794143921e-01 4.6447332905e-02
5.3690120915e-01 8.9817395607e-01 4.3390009266e-02
5.1879733893e-01 8.9837720335e-01 4.0732224755e-02
5.0069905274e-01 8.9858379630e-01 3.8039453537e-02
4.8256829100e-01 8.9877293144e-01 3.5579245504e-02
4.8095250836e-01 9.0225005871e-01 5.3110028275e-02
4.9895273578e-01 9.0233906342e-01 5.1958602773e-02
5.1692571942e-01 9.0245672438e-01 5.0441797916e-02
5.3488260599e-01 9.0258795530e-01 4.8753838430e-02
5.5276570672e-01 9.0274850610e-01 4.6691256700e-02
5.3584828163e-01 9.0297676961e-01 4.3717497190e-02
5.1800272230e-01 9.0317874935e-01 4.1099205047e-02
5.0016556695e-01 9.0338551687e-01 3.8426544374e-02
4.8229745105e-01 9.0357564895e-01 3.5973284790e-02
4.8068858802e-01 9.0705209102e-01 5.3369149931e-02
4.9842767756e-01 9.0714098768e-01 5.2228909491e-02
5.1613856557e-01 9.0725952679e-01 5.0712799613e-02
5.3383233482e-01 9.0739246018e-01 4.9015636056e-02
5.5145845407e-01 9.0755557299e-01 4.6935180494e-02
5.3479535411e-01 9.0777958316e-01 4.4044985114e-02
5.1720810566e-01 9.0798029536e-01 4.1466185340e-02
4.9963208116e-01 9.0818723744e-01 3.8813635210e-02
4.8202661110e-01 9.0837836647e-01 3.6367324075e-02
4.8042466769e-01 9.1185412333e-01 5.3628271587e-02
4.9790261935e-01 9.1194291194e-01 5.2499216209e-02
5.1535141171e-01 9.1206232920e-01 5.0983801309e-02
5.3278206366e-01 9.1219696506e-01 4.9277433683e-02
5.5015120142e-01 9.1236263988e-01 4.7179104289e-02
5.3374242660e-01 9.1258239670e-01 4.4372473039e-02
5.1641348902e-01 9.1278184137e-01 4.1833165632e-02
4.9909859537e-01 9.1298895801e-01 3.9200726046e-02
4.8175577115e-01 9.1318108398e-01 3.6761363361e-02
4.8016074736e-01 9.1665615564e-01 5.3887393243e-02
4.9737756113e-01 9.1674483620e-01 5.2769522928e-02
5.1456425785e-01 9.1686513161e-01 5.1254803006e-02
5.3173179249e-01 9.1700146994e-01 4.9539231310e-02
5.4884394877e-01 9.1716970677e-01 4.7423028083e-02
5.3268949908e-01 9.1738521024e-01 4.4699960963e-02
5.1561887239e-01 9.1758338738e-01 4.2200145925e-02
4.9856510958e-01 9.1779067858e-01 3.9587816882e-02
4.8148493120e-01 9.1798380150e-01 3.7155402647e-02
4.7989682703e-01 9.2145818795e-01 5.4146514899e-02
4.9685250292e-01 9.2154676046e-01 5.3039829646e-02
5.1377710399e-01 9.2166793401e-01 5.1525804702e-02
5.3068152133e-01 9.2180597481e-01 4.9801028936e-02
5.4753669613e-01 9.2197677366e-01 4.7666951878e-02
5.3163657156e-01 9.2218802379e-01 4.5027448887e-02
5.1482425575e-01 9.2238493339e-01 4.2567126217e-02
4.9803162379e-01 9.2259239915e-01 3.9974907719e-02
4.8121409125e-01 9.2278651901e-01 3.7549441933e-02
4.7962835958e-01 9.2625776012e-01 5.4563378935e-02
4.9632819248e-01 9.2634682019e-01 5.3454710373e-02
5.1299254429e-01 9.2647093543e-01 5.1911102351e-02
5.2963155154e-01 9.2661389572e-01 5.0134099629e-02
5.4620784154e-01 9.2679294529e-01 4.7909841677e-02
5.3059804943e-01 9.2699285996e-01 4.5413245665e-02
5.1403607347e-01 9.2718614047e-01 4.3004186443e-02
4.9750037296e-01 9.2739355734e-01 4.0421390028e-02
4.8094410766e-01 9.2758963986e-01 3.7981015905e-02
4.7935989212e-01 9.3105733230e-01 5.4980242972e-02
4.9580388205e-01 9.3114687992e-01 5.3869591100e-02
5.1220798458e-01 9.3127393685e-01 5.2296400000e-02
5.2858158174e-01 9.3142181663e-01 5.0467170322e-02
5.4487898696e-01 9.3160911693e-01 4.8152731476e-02
5.2955952730e-01 9.3179769613e-01 4.5799042443e-02
5.1324789119e-01 9.3198734755e-01 4.3441246668e-02
4.9696912212e-01 9.3219471554e-01 4.0867872337e-02
4.8067412406e-01 9.3239276070e-01 3.8412589876e-02
4.7909142467e-01 9.3585690448e-01 5.5397107009e-02
4.9527957162e-01 9.3594693966e-01 5.4284471828e-02
5.1142342488e-01 9.3607693827e-01 5.2681697648e-02
5.2753161195e-01 9.3622973754e-01 5.0800241016e-02
5.4355013237e-01 9.3642528856e-01 4.8395621275e-02
5.2852100517e-01 9.3660253229e-01 4.6184839221e-02
5.1245970890e-01 9.3678855463e-01 4.3878306894e-02
4.9643787129e-01 9.3699587373e-01 4.1314354646e-02
4.8040414047e-01 9.3719588155e-01 3.8844163848e-02
4.7882295721e-01 9.4065647665e-01 5.5813971046e-02
4.9475526118e-01 9.4074699939e-01 5.4699352555e-02
5.1063886517e-01 9.4087993969e-01 5.3066995297e-02
5.2648164216e-01 9.4103765845e-01 5.1133311709e-02
5.4222127779e-01 9.4124146020e-01 4.8638511074e-02
5.2748248304e-01 9.4140736846e-01 4.6570635998e-02
5.1167152662e-01 9.4158976171e-01 4.4315367119e-02
4.9590662045e-01 9.4179703192e-01 4.1760836955e-02
4.8013415687e-01 9.4199900239e-01 3.9275737819e-02
4.7855448976e-01 9.4545604883e-01 5.6230835083e-02
4.9423095075e-01 9.4554705912e-01 5.5114233282e-02
5.0985430546e-01 9.4568294111e-01 5.3452292946e-02
5.2543167237e-01 9.4584557936e-01 5.1466382402e-02
5.4089242321e-01 9.4605763183e-01 4.8881400873e-02
5.2644396091e-01 9.4621220463e-01 4.6956432776e-02
5.1088334434e-01 9.4639096879e-01 4.4752427345e-02
4.9537536962e-01 9.4659819011e-01 4.2207319264e-02
4.7986417328e-01 9.4680212324e-01 3.9707311791e-02
4.7828602231e-01 9.5025562101e-01 5.6647699120e-02
4.9370664031e-01 9.5034711885e-01 5.5529114010e-02
5.0906974576e-01 9.5048594253e-01 5.3837590594e-02
5.2438170258e-01 9.5065350027e-01 5.1799453095e-02
5.3956356862e-01 9.5087380347e-01 4.9124290672e-02
5.2540543878e-01 9.5101704080e-01 4.7342229554e-02
5.1009516206e-01 9.5119217587e-01 4.5189487570e-02
4.9484411878e-01 9.5139934831e-01 4.2653801573e-02
4.7959418969e-01 9.5160524408e-01 4.0138885763e-02
4.7801755485e-01 9.5505519318e-01 5.7064563157e-02
4.9318232988e-01 9.5514717859e-01 5.5943994737e-02
5.0828518605e-01 9.5528894395e-01 5.4222888243e-02
5.2333173279e-01 9.5546142118e-01 5.2132523788e-02
5.3823471404e-01 9.5568997510e-01 4.9367180471e-02
5.2436691665e-01 9.5582187697e-01 4.7728026332e-02
5.0930697977e-01 9.5599338296e-01 4.5626547796e-02
4.9431286795e-01 9.5620050650e-01 4.3100283882e-02
4.7932420609e-01 9.5640836493e-01 4.0570459734e-02
4.7774908740e-01 9.5985476536e-01 5.7481427194e-02
4.9265801944e-01 9.5994723832e-01 5.6358875464e-02
5.0750062635e-01 9.6009194537e-01 5.4608185892e-02
5.2228176300e-01 9.6026934209e-01 5.2465594481e-02
5.3690585945e-01 9.6050614674e-01 4.9610070270e-02
5.2332839452e-01 9.6062671314e-01 4.8113823109e-02
5.0851879749e-01 9.6079459004e-01 4.6063608021e-02
4.9378161711e-01 9.6100166469e-01 4.3546766191e-02
4.7905422250e-01 9.6121148577e-01 4.1002033706e-02
4.7748061995e-01 9.6465433754e-01 5.7898291231e-02
4.9213370901e-01 9.6474729805e-01 5.6773756192e-02
5.0671606664e-01 9.6489494679e-01 5.4993483540e-02
5.2123179321e-01 9.6507726300e-01 5.2798665174e-02
5.3557700487e-01 9.6532231837e-01 4.9852960069e-02
5.2228987239e-01 9.6543154931e-01 4.8499619887e-02
5.0773061521e-01 9.6559579712e-01 4.6500668247e-02
4.9325036628e-01 9.6580282289e-01 4.3993248501e-02
4.7878423890e-01 9.6601460662e-01 4.1433607678e-02
4.7721215249e-01 9.6945390971e-01 5.8315155268e-02
4.9160939858e-01 9.6954735779e-01 5.7188636919e-02
5.0593150694e-01 9.6969794821e-01 5.5378781189e-02
5.2018182341e-01 9.6988518391e-01 5.3131735867e-02
5.3424815028e-01 9.7013849001e-01 5.0095849868e-02
5.2125135026e-01 9.7023638548e-01 4.8885416665e-02
5.0694243293e-01 9.7039700420e-01 4.6937728472e-02
4.9271911545e-01 9.7060398108e-01 4.4439730810e-02
4.7851425531e-01 9.7081772746e-01 4.1865181649e-02
4.7694368504e-01 9.7425348189e-01 5.8732019305e-02
4.9108508814e-01 9.7434741752e-01 5.7603517646e-02
5.0514694723e-01 9.7450094963e-01 5.5764078838e-02
5.1913185362e-01 9.7469310482e-01 5.3464806560e-02
5.3291929570e-01 9.7495466165e-01 5.0338739667e-02
5.2021282813e-01 9.7504122165e-01 4.9271213443e-02
5.0615425065e-01 9.7519821128e-01 4.7374788698e-02
4.9218786461e-01 9.7540513927e-01 4.4886213119e-02
4.7824427171e-01 9.7562084831e-01 4.2296755621e-02
4.7667521758e-01 9.7905305407e-01 5.9148883342e-02
4.9056077771e-01 9.7914747725e-01 5.8018398374e-02
5.0436238753e-01 9.7930395105e-01 5.6149376487e-02
5.1808188383e-01 9.7950102573e-01 5.3797877253e-02
5.3159044111e-01 9.7977083328e-01 5.0581629466e-02
5.1917430600e-01 9.7984605782e-01 4.9657010220e-02
5.0536606836e-01 9.7999941836e-01 4.7811848923e-02
4.9165661378e-01 9.8020629747e-01 4.5332695428e-02
4.7797428812e-01 9.8042396915e-01 4.2728329592e-02
4.7640675013e-01 9.8385262624e-01 5.9565747379e-02
4.9003646727e-01 9.8394753699e-01 5.8433279101e-02
5.0357782782e-01 9.8410695247e-01 5.6534674135e-02
5.1703191404e-01 9.8430894665e-01 5.4130947947e-02
5.3026158653e-01 9.8458700492e-01 5.0824519265e-02
5.1813578387e-01 9.8465089399e-01 5.0042806998e-02
5.0457788608e-01 9.8480062544e-01 4.8248909149e-02
4.9112536294e-01 9.8500745566e-01 4.5779177737e-02
4.7770430453e-01 9.8522709000e-01 4.3159903564e-02
4.7613828268e-01 9.8865219842e-01 5.9982611416e-02
4.8951215684e-01 9.8874759672e-01 5.8848159828e-02
5.0279326812e-01 9.8890995389e-01 5.6919971784e-02
5.1598194425e-01 9.8911686756e-01 5.4464018640e-02
5.2893273195e-01 9.8940317655e-01 5.1067409065e-02
5.1709726174e-01 9.8945573016e-01 5.0428603776e-02
5.0378970380e-01 9.8960183252e-01 4.8685969374e-02
4.9059411211e-01 9.8980861385e-01 4.6225660046e-02
4.7743432093e-01 9.9003021084e-01 4.3591477536e-02
4.7586981522e-01 9.9345177060e-01 6.0399475453e-02
4.8898784641e-01 9.9354765645e-01 5.9263040556e-02
5.0200870841e-01 9.9371295531e-01 5.7305269433e-02
5.1493197446e-01 9.9392478847e-01 5.4797089333e-02
5.2760387736e-01 9.9421934819e-01 5.1310298864e-02
5.1605873961e-01 9.9426056633e-01 5.0814400554e-02
5.0300152152e-01 9.9440303960e-01 4.9123029600e-02
4.9006286127e-01 9.9460977204e-01 4.6672142355e-02
4.7716433734e-01 9.9483333169e-01 4.4023051507e-02
4.7560134777e-01 9.9825134277e-01 6.0816339490e-02
4.8846353597e-01 9.9834771618e-01 5.9677921283e-02
5.0122414870e-01 9.9851595673e-01 5.7690567081e-02
5.1388200467e-01 9.9873270938e-01 5.5130160026e-02
5.2627502278e-01 9.9903551982e-01 5.1553188663e-02
5.1502021748e-01 9.9906540249e-01 5.1200197331e-02
5.0221333923e-01 9.9920424668e-01 4.9560089825e-02
4.8953161044e-01 9.9941093024e-01 4.7118624664e-02
4.7689435374e-01 9.9963645253e-01 4.4454625479e-02

CELL_DATA 1664
SCALARS shape double 1
LOOKUP_TABLE default
8.630770e-02
9.225709e-02
9.817616e-02
1.056014e-01
1.107557e-01
1.136665e-01
1.189994e-01
1.235889e-01
1.057938e-01
1.056719e-01
1.055565e-01
1.077618e-01
1.087665e-01
1.060949e-01
1.058780e-01
1.056900e-01
1.063870e-01
1.062638e-01
1.061473e-01
1.083651e-01
1.093811e-01
1.066935e-01
1.064743e-01
1.062844e-01
1.069868e-01
1.068622e-01
1.067448e-01
1.089752e-01
1.100025e-01
1.072988e-01
1.070773e-01
1.068854e-01
1.075934e-01
1.074674e-01
1.073490e-01
1.095922e-01
1.106311e-01
1.079110e-01
1.076872e-01
1.074932e-01
1.082069e-01
1.080795e-01
1.079600e-01
1.102161e-01
1.112668e-01
1.085302e-01
1.083040e-01
1.081080e-01
1.088274e-01
1.086985e-01
1.085779e-01
1.108471e-01
1.119098e-01
1.091565e-01
1.089278e-01
1.087297e-01
1.094549e-01
1.093246e-01
1.092030e-01
1.114854e-01
1.125602e-01
1.097900e-01
1.095589e-01
1.093587e-01
1.100898e-01
1.099579e-01
1.098352e-01
1.121310e-01
1.132182e-01
1.104309e-01
1.101972e-01
1.099948e-01
1.107319e-01
1.105985e-01
1.104747e-01
1.127840e-01
1.138838e-01
1.110792e-01
1.108430e-01
1.106384e-01
1.113816e-01
1.112466e-01
1.111217e-01
1.134447e-01
1.145573e-01
1.117352e-01
1.114964e-01
1.112895e-01
1.120389e-01
1.119023e-01
1.117763e-01
1.141131e-01
1.152388e-01
1.123989e-01
1.121574e-01
1.119483e-01
1.127039e-01
1.125657e-01
1.124386e-01
1.147894e-01
1.159283e-01
1.130705e-01
1.128263e-01
1.126148e-01
1.133768e-01
1.132370e-01
1.131087e-01
1.154736e-01
1.166261e-01
1.137500e-01
1.135031e-01
1.132893e-01
1.140577e-01
1.139163e-01
1.137867e-01
1.161661e-01
1.173323e-01
1.144378e-01
1.141881e-01
1.139719e-01
1.147468e-01
1.146037e-01
1.144730e-01
1.168668e-01
1.180470e-01
1.151339e-01
1.148813e-01
1.146627e-01
1.154602e-01
1.153479e-01
1.152207e-01
1.175925e-01
1.187645e-01
1.159021e-01
1.157001e-01
1.155181e-01
1.162481e-01
1.161342e-01
1.160055e-01
1.183932e-01
1.195793e-01
1.166967e-01
1.164923e-01
1.163082e-01
1.170468e-01
1.169313e-01
1.168011e-01
1.192048e-01
1.204053e-01
1.175023e-01
1.172955e-01
1.171092e-01
1.178564e-01
1.177392e-01
1.176075e-01
1.200276e-01
1.212427e-01
1.183189e-01
1.181097e-01
1.179212e-01
1.186773e-01
1.185584e-01
1.184252e-01
1.208617e-01
1.220917e-01
1.191469e-01
1.189352e-01
1.187446e-01
1.195096e-01
1.193890e-01
1.192542e-01
1.217075e-01
1.229527e-01
1.199865e-01
1.197723e-01
1.195794e-01
1.203536e-01
1.202312e-01
1.200948e-01
1.225651e-01
1.238258e-01
1.208380e-01
1.206212e-01
1.204259e-01
1.212095e-01
1.210853e-01
1.209472e-01
1.234347e-01
1.247113e-01
1.217015e-01
1.214821e-01
1.212845e-01
1.220776e-01
1.219515e-01
1.218118e-01
1.243168e-01
1.256095e-01
1.225774e-01
1.223553e-01
1.221553e-01
1.229582e-01
1.228302e-01
1.226888e-01
1.252114e-01
1.265206e-01
1.234659e-01
1.232411e-01
1.230387e-01
1.238515e-01
1.237215e-01
1.235784e-01
1.261189e-01
1.274449e-01
1.243673e-01
1.241398e-01
1.239348e-01
1.247577e-01
1.246258e-01
1.244809e-01
1.270395e-01
1.283828e-01
1.252819e-01
1.250515e-01
1.248440e-01
1.256773e-01
1.255433e-01
1.253965e-01
1.279736e-01
1.293344e-01
1.262100e-01
1.259767e-01
1.257665e-01
1.266104e-01
1.264743e-01
1.263257e-01
1.289215e-01
1.303002e-01
1.271518e-01
1.269155e-01
1.267027e-01
1.275574e-01
1.274191e-01
1.272686e-01
1.298834e-01
1.312804e-01
1.281076e-01
1.278684e-01
1.276529e-01
1.285185e-01
1.283781e-01
1.282257e-01
1.308596e-01
1.322754e-01
1.290779e-01
1.288356e-01
1.286173e-01
1.295530e-01
1.294335e-01
1.292939e-01
1.319417e-01
1.330252e-01
1.298589e-01
1.296726e-01
1.295029e-01
1.304712e-01
1.303499e-01
1.302085e-01
1.328745e-01
1.339722e-01
1.307830e-01
1.305945e-01
1.304227e-01
1.314024e-01
1.312792e-01
1.311361e-01
1.338205e-01
1.349326e-01
1.317203e-01
1.315295e-01
1.313557e-01
1.323469e-01
1.322218e-01
1.320769e-01
1.347799e-01
1.359068e-01
1.326709e-01
1.324779e-01
1.323020e-01
1.333050e-01
1.331780e-01
1.330312e-01
1.357531e-01
1.368950e-01
1.336354e-01
1.334400e-01
1.332619e-01
1.342770e-01
1.341480e-01
1.339993e-01
1.367403e-01
1.378976e-01
1.346138e-01
1.344161e-01
1.342358e-01
1.352632e-01
1.351321e-01
1.349815e-01
1.377419e-01
1.389149e-01
1.356066e-01
1.354064e-01
1.352239e-01
1.362638e-01
1.361307e-01
1.359781e-01
1.387582e-01
1.399473e-01
1.366141e-01
1.364114e-01
1.362266e-01
1.372793e-01
1.371440e-01
1.369894e-01
1.397894e-01
1.409949e-01
1.376365e-01
1.374313e-01
1.372441e-01
1.383099e-01
1.381724e-01
1.380157e-01
1.408359e-01
1.420582e-01
1.386742e-01
1.384664e-01
1.382769e-01
1.393560e-01
1.392163e-01
1.390575e-01
1.418982e-01
1.431376e-01
1.397276e-01
1.395172e-01
1.393252e-01
1.404179e-01
1.402759e-01
1.401149e-01
1.429764e-01
1.442334e-01
1.407969e-01
1.405839e-01
1.403894e-01
1.414960e-01
1.413516e-01
1.411884e-01
1.440710e-01
1.453459e-01
1.418827e-01
1.416669e-01
1.414699e-01
1.425906e-01
1.424438e-01
1.422784e-01
1.451823e-01
1.464756e-01
1.429852e-01
1.427666e-01
1.425670e-01
1.437022e-01
1.435530e-01
1.433852e-01
1.463108e-01
1.476228e-01
1.441048e-01
1.438834e-01
1.436811e-01
1.448311e-01
1.446793e-01
1.445092e-01
1.474568e-01
1.487880e-01
1.452419e-01
1.450176e-01
1.448127e-01
1.453634e-01
1.453988e-01
1.454044e-01
1.484799e-01
1.496116e-01
1.462963e-01
1.463185e-01
1.463273e-01
1.464178e-01
1.464536e-01
1.464590e-01
1.495551e-01
1.506921e-01
1.473546e-01
1.473780e-01
1.473877e-01
1.474874e-01
1.475236e-01
1.475289e-01
1.506459e-01
1.517881e-01
1.484281e-01
1.484528e-01
1.484635e-01
1.485726e-01
1.486093e-01
1.486145e-01
1.517525e-01
1.529001e-01
1.495173e-01
1.495433e-01
1.495550e-01
1.496739e-01
1.497110e-01
1.497160e-01
1.528754e-01
1.540283e-01
1.506225e-01
1.506498e-01
1.506626e-01
1.507914e-01
1.508290e-01
1.508338e-01
1.540149e-01
1.551732e-01
1.517440e-01
1.517727e-01
1.517865e-01
1.519256e-01
1.519636e-01
1.519683e-01
1.551713e-01
1.563350e-01
1.528822e-01
1.529123e-01
1.529272e-01
1.530769e-01
1.531154e-01
1.531198e-01
1.563451e-01
1.575143e-01
1.540374e-01
1.540690e-01
1.540850e-01
1.542456e-01
1.542846e-01
1.542888e-01
1.575365e-01
1.587112e-01
1.552101e-01
1.552432e-01
1.552604e-01
1.554321e-01
1.554716e-01
1.554757e-01
1.587462e-01
1.599264e-01
1.564006e-01
1.564353e-01
1.564536e-01
1.566369e-01
1.566769e-01
1.566807e-01
1.599743e-01
1.611600e-01
1.576093e-01
1.576456e-01
1.576652e-01
1.578604e-01
1.579008e-01
1.579045e-01
1.612214e-01
1.624127e-01
1.588367e-01
1.588747e-01
1.588956e-01
1.591029e-01
1.591439e-01
1.591473e-01
1.624880e-01
1.636848e-01
1.600832e-01
1.601229e-01
1.601451e-01
1.603650e-01
1.604065e-01
1.604097e-01
1.637743e-01
1.649768e-01
1.613492e-01
1.613907e-01
1.614142e-01
1.616471e-01
1.616891e-01
1.616920e-01
1.650810e-01
1.662892e-01
1.626352e-01
1.626785e-01
1.627035e-01
1.629496e-01
1.629922e-01
1.629949e-01
1.664085e-01
1.676223e-01
1.639416e-01
1.639868e-01
1.640133e-01
1.638994e-01
1.640070e-01
1.640903e-01
1.676512e-01
1.687053e-01
1.650989e-01
1.652573e-01
1.653874e-01
1.650660e-01
1.651750e-01
1.652590e-01
1.688436e-01
1.698968e-01
1.662679e-01
1.664296e-01
1.665624e-01
1.662492e-01
1.663596e-01
1.664443e-01
1.700529e-01
1.711050e-01
1.674534e-01
1.676185e-01
1.677541e-01
1.674493e-01
1.675612e-01
1.676466e-01
1.712795e-01
1.723304e-01
1.686558e-01
1.688243e-01
1.689628e-01
1.686667e-01
1.687802e-01
1.688662e-01
1.725238e-01
1.735733e-01
1.698753e-01
1.700474e-01
1.701888e-01
1.699018e-01
1.700168e-01
1.701036e-01
1.737861e-01
1.748340e-01
1.711125e-01
1.712881e-01
1.714326e-01
1.711549e-01
1.712715e-01
1.713590e-01
1.750667e-01
1.761129e-01
1.723676e-01
1.725470e-01
1.726946e-01
1.724264e-01
1.725446e-01
1.726329e-01
1.763662e-01
1.774105e-01
1.736410e-01
1.738242e-01
1.739750e-01
1.737168e-01
1.738367e-01
1.739256e-01
1.776850e-01
1.787271e-01
1.749333e-01
1.751204e-01
1.752744e-01
1.750265e-01
1.751480e-01
1.752377e-01
1.790234e-01
1.800632e-01
1.762446e-01
1.764358e-01
1.765932e-01
1.763558e-01
1.764791e-01
1.765696e-01
1.803818e-01
1.814192e-01
1.775756e-01
1.777708e-01
1.779317e-01
1.777053e-01
1.778304e-01
1.779216e-01
1.817608e-01
1.827954e-01
1.789266e-01
1.791261e-01
1.792905e-01
1.790754e-01
1.792022e-01
1.792942e-01
1.831608e-01
1.841925e-01
1.802980e-01
1.805019e-01
1.806699e-01
1.804665e-01
1.805952e-01
1.806880e-01
1.845823e-01
1.856108e-01
1.816904e-01
1.818987e-01
1.820705e-01
1.818792e-01
1.820098e-01
1.821033e-01
1.860258e-01
1.870508e-01
1.831042e-01
1.833171e-01
1.834927e-01
1.833139e-01
1.834464e-01
1.835408e-01
1.874914e-01
1.885131e-01
1.845399e-01
1.847576e-01
1.849371e-01
1.852902e-01
1.853229e-01
1.852862e-01
1.891224e-01
1.902125e-01
1.861130e-01
1.862323e-01
1.863198e-01
1.868594e-01
1.868925e-01
1.868540e-01
1.907170e-01
1.918147e-01
1.876828e-01
1.878057e-01
1.878958e-01
1.884552e-01
1.884887e-01
1.884483e-01
1.923383e-01
1.934437e-01
1.892791e-01
1.894055e-01
1.894984e-01
1.900782e-01
1.901120e-01
1.900697e-01
1.939871e-01
1.951004e-01
1.909024e-01
1.910325e-01
1.911283e-01
1.917291e-01
1.917633e-01
1.917190e-01
1.956641e-01
1.967852e-01
1.925534e-01
1.926874e-01
1.927862e-01
1.934086e-01
1.934431e-01
1.933967e-01
1.973699e-01
1.984991e-01
1.942330e-01
1.943709e-01
1.944727e-01
1.951174e-01
1.951523e-01
1.951038e-01
1.991053e-01
2.002426e-01
1.959417e-01
1.960838e-01
1.961887e-01
1.968564e-01
1.968916e-01
1.968408e-01
2.008711e-01
2.020167e-01
1.976804e-01
1.978267e-01
1.979349e-01
1.986262e-01
1.986618e-01
1.986087e-01
2.026681e-01
2.038219e-01
1.994498e-01
1.996005e-01
1.997120e-01
2.004278e-01
2.004638e-01
2.004082e-01
2.044971e-01
2.056593e-01
2.012508e-01
2.014060e-01
2.015210e-01
2.022619e-01
2.022983e-01
2.022402e-01
2.063589e-01
2.075296e-01
2.030841e-01
2.032440e-01
2.033626e-01
2.041295e-01
2.041663e-01
2.041055e-01
2.082544e-01
2.094338e-01
2.049507e-01
2.051154e-01
2.052378e-01
2.060315e-01
2.060686e-01
2.060051e-01
2.101845e-01
2.113726e-01
2.068515e-01
2.070212e-01
2.071474e-01
2.079687e-01
2.080063e-01
2.079399e-01
2.121502e-01
2.133472e-01
2.087873e-01
2.089623e-01
2.090925e-01
2.099423e-01
2.099803e-01
2.099108e-01
2.141525e-01
2.153583e-01
2.107592e-01
2.109395e-01
2.110739e-01
2.119532e-01
2.119915e-01
2.119189e-01
2.161923e-01
2.174072e-01
2.127682e-01
2.129541e-01
2.130927e-01
2.134413e-01
2.134930e-01
2.135687e-01
2.180581e-01
2.193786e-01
2.149513e-01
2.158245e-01
2.166296e-01
2.152933e-01
2.153434e-01
2.154176e-01
2.197886e-01
2.214208e-01
2.168040e-01
2.176860e-01
2.185009e-01
2.171769e-01
2.172256e-01
2.172983e-01
2.215450e-01
2.235006e-01
2.186862e-01
2.195779e-01
2.204036e-01
2.190928e-01
2.191404e-01
2.192117e-01
2.233278e-01
2.256188e-01
2.205985e-01
2.215008e-01
2.223382e-01
2.210418e-01
2.210886e-01
2.211586e-01
2.251375e-01
2.277767e-01
2.225416e-01
2.234554e-01
2.243057e-01
2.230248e-01
2.230711e-01
2.231399e-01
2.269747e-01
2.299752e-01
2.245161e-01
2.254425e-01
2.263068e-01
2.250426e-01
2.250888e-01
2.251565e-01
2.288399e-01
2.322156e-01
2.265226e-01
2.274627e-01
2.283422e-01
2.270962e-01
2.271426e-01
2.272093e-01
2.307338e-01
2.344990e-01
2.285620e-01
2.295170e-01
2.304130e-01
2.291865e-01
2.292335e-01
2.292993e-01
2.326569e-01
2.368265e-01
2.306349e-01
2.316060e-01
2.325198e-01
2.313144e-01
2.313624e-01
2.314276e-01
2.346099e-01
2.391996e-01
2.327420e-01
2.337306e-01
2.346638e-01
2.334809e-01
2.335304e-01
2.335948e-01
2.365934e-01
2.416194e-01
2.348840e-01
2.358916e-01
2.368457e-01
2.356870e-01
2.357385e-01
2.358013e-01
2.386081e-01
2.440873e-01
2.370617e-01
2.380899e-01
2.390665e-01
2.379338e-01
2.379879e-01
2.380492e-01
2.406545e-01
2.466047e-01
2.392760e-01
2.403262e-01
2.413272e-01
2.402225e-01
2.402796e-01
2.403396e-01
2.427279e-01
2.491732e-01
2.415275e-01
2.426016e-01
2.436289e-01
2.425540e-01
2.426149e-01
2.426738e-01
2.448337e-01
2.517941e-01
2.438171e-01
2.449170e-01
2.459726e-01
2.449296e-01
2.449950e-01
2.450528e-01
2.469731e-01
2.544691e-01
2.461456e-01
2.472732e-01
2.483593e-01
2.477654e-01
2.477988e-01
2.478206e-01
2.495095e-01
2.573334e-01
2.482877e-01
2.485064e-01
2.486806e-01
2.494768e-01
2.495105e-01
2.495322e-01
2.512180e-01
2.591115e-01
2.499946e-01
2.502173e-01
2.503949e-01
2.512115e-01
2.512455e-01
2.512671e-01
2.529496e-01
2.609139e-01
2.517248e-01
2.519516e-01
2.521326e-01
2.529700e-01
2.530044e-01
2.530259e-01
2.547048e-01
2.627409e-01
2.534787e-01
2.537097e-01
2.538941e-01
2.547528e-01
2.547876e-01
2.548090e-01
2.564840e-01
2.645932e-01
2.552567e-01
2.554920e-01
2.556800e-01
2.565605e-01
2.565956e-01
2.566170e-01
2.582878e-01
2.664712e-01
2.570593e-01
2.572990e-01
2.574907e-01
2.583934e-01
2.584289e-01
2.584503e-01
2.601167e-01
2.683754e-01
2.588871e-01
2.591313e-01
2.593268e-01
2.602522e-01
2.602881e-01
2.603094e-01
2.619711e-01
2.703065e-01
2.607405e-01
2.609894e-01
2.611887e-01
2.621374e-01
2.621737e-01
2.621950e-01
2.638517e-01
2.722649e-01
2.626201e-01
2.628737e-01
2.630771e-01
2.640495e-01
2.640862e-01
2.641075e-01
2.657589e-01
2.742512e-01
2.645264e-01
2.647850e-01
2.649924e-01
2.659890e-01
2.660262e-01
2.660474e-01
2.676923e-01
2.762660e-01
2.664601e-01
2.667236e-01
2.669352e-01
2.679567e-01
2.679944e-01
2.680147e-01
2.696534e-01
2.783099e-01
2.684216e-01
2.686903e-01
2.689061e-01
2.699530e-01
2.699912e-01
2.700108e-01
2.716428e-01
2.803836e-01
2.704116e-01
2.706856e-01
2.709058e-01
2.719787e-01
2.720173e-01
2.720361e-01
2.736612e-01
2.824876e-01
2.724307e-01
2.727101e-01
2.729348e-01
2.740342e-01
2.740734e-01
2.740913e-01
2.757090e-01
2.846226e-01
2.744794e-01
2.747644e-01
2.749938e-01
2.761204e-01
2.761601e-01
2.761772e-01
2.777871e-01
2.867893e-01
2.765585e-01
2.768493e-01
2.770833e-01
2.791140e-01
2.790566e-01
2.789624e-01
2.804499e-01
2.895379e-01
2.790314e-01
2.791817e-01
2.792937e-01
2.812141e-01
2.811551e-01
2.810586e-01
2.825543e-01
2.917006e-01
2.811262e-01
2.812797e-01
2.813942e-01
2.833452e-01
2.832847e-01
2.831858e-01
2.846897e-01
2.938950e-01
2.832518e-01
2.834087e-01
2.835258e-01
2.855081e-01
2.854460e-01
2.853447e-01
2.868568e-01
2.961217e-01
2.854090e-01
2.855695e-01
2.856891e-01
2.877035e-01
2.876398e-01
2.875359e-01
2.890563e-01
2.983815e-01
2.875986e-01
2.877625e-01
2.878850e-01
2.899321e-01
2.898667e-01
2.897602e-01
2.912889e-01
3.006750e-01
2.898211e-01
2.899887e-01
2.901140e-01
2.921946e-01
2.921274e-01
2.920183e-01
2.935553e-01
3.030030e-01
2.920773e-01
2.922487e-01
2.923769e-01
2.944918e-01
2.944228e-01
2.943108e-01
2.958562e-01
3.053663e-01
2.943680e-01
2.945433e-01
2.946745e-01
2.968244e-01
2.967536e-01
2.966387e-01
2.981926e-01
3.077657e-01
2.966939e-01
2.968733e-01
2.970076e-01
2.991934e-01
2.991205e-01
2.990028e-01
3.005650e-01
3.102019e-01
2.990559e-01
2.992394e-01
2.993769e-01
3.015994e-01
3.015246e-01
3.014037e-01
3.029745e-01
3.126757e-01
3.014547e-01
3.016425e-01
3.017832e-01
3.040433e-01
3.039664e-01
3.038424e-01
3.054217e-01
3.151881e-01
3.038912e-01
3.040834e-01
3.042275e-01
3.065261e-01
3.064471e-01
3.063197e-01
3.079076e-01
3.177399e-01
3.063663e-01
3.065631e-01
3.067107e-01
3.090486e-01
3.089673e-01
3.088366e-01
3.104331e-01
3.203319e-01
3.088808e-01
3.090823e-01
3.092335e-01
3.116117e-01
3.115282e-01
3.113940e-01
3.129990e-01
3.229652e-01
3.114357e-01
3.116420e-01
3.117969e-01
3.142165e-01
3.141306e-01
3.139927e-01
3.156063e-01
3.256406e-01
3.140319e-01
3.142432e-01
3.144020e-01
3.170110e-01
3.169127e-01
3.167605e-01
3.183705e-01
3.284654e-01
3.167582e-01
3.169637e-01
3.171150e-01
3.197032e-01
3.196021e-01
3.194458e-01
3.210641e-01
3.312299e-01
3.194413e-01
3.196519e-01
3.198071e-01
3.224401e-01
3.223361e-01
3.221756e-01
3.238022e-01
3.340397e-01
3.221687e-01
3.223847e-01
3.225439e-01
3.252227e-01
3.251158e-01
3.249509e-01
3.265858e-01
3.368958e-01
3.249416e-01
3.251631e-01
3.253264e-01
3.280523e-01
3.279423e-01
3.277728e-01
3.294160e-01
3.397993e-01
3.277611e-01
3.279882e-01
3.281559e-01
3.309299e-01
3.308167e-01
3.306425e-01
3.322939e-01
3.427514e-01
3.306282e-01
3.308612e-01
3.310333e-01
3.338568e-01
3.337403e-01
3.335612e-01
3.352208e-01
3.457532e-01
3.335442e-01
3.337833e-01
3.339600e-01
3.368341e-01
3.367142e-01
3.365300e-01
3.381978e-01
3.488059e-01
3.365102e-01
3.367556e-01
3.369371e-01
3.398631e-01
3.397396e-01
3.395502e-01
3.412261e-01
3.519109e-01
3.395276e-01
3.397795e-01
3.399658e-01
3.429452e-01
3.428180e-01
3.426231e-01
3.443071e-01
3.550694e-01
3.425975e-01
3.428562e-01
3.430476e-01
3.460816e-01
3.459506e-01
3.457500e-01
3.474420e-01
3.582826e-01
3.457213e-01
3.459870e-01
3.461837e-01
3.492738e-01
3.491388e-01
3.489324e-01
3.506323e-01
3.615520e-01
3.489004e-01
3.491734e-01
3.493756e-01
3.525232e-01
3.523840e-01
3.521715e-01
3.538792e-01
3.648790e-01
3.521362e-01
3.524168e-01
3.526246e-01
3.558312e-01
3.556878e-01
3.554689e-01
3.571844e-01
3.682650e-01
3.554302e-01
3.557185e-01
3.559322e-01
3.591995e-01
3.590516e-01
3.588261e-01
3.605492e-01
3.717115e-01
3.587838e-01
3.590802e-01
3.593000e-01
3.626295e-01
3.624769e-01
3.622446e-01
3.639752e-01
3.752201e-01
3.621986e-01
3.625034e-01
3.627295e-01
3.662284e-01
3.660675e-01
3.658242e-01
3.675572e-01
3.788753e-01
3.657509e-01
3.660601e-01
3.662876e-01
3.697878e-01
3.696218e-01
3.693710e-01
3.711111e-01
3.825139e-01
3.692939e-01
3.696121e-01
3.698463e-01
3.734142e-01
3.732429e-01
3.729842e-01
3.747311e-01
3.862196e-01
3.729031e-01
3.732306e-01
3.734718e-01
3.771092e-01
3.769323e-01
3.766656e-01
3.784192e-01
3.899940e-01
3.765803e-01
3.769175e-01
3.771659e-01
3.808748e-01
3.806921e-01
3.804169e-01
3.821769e-01
3.938391e-01
3.803273e-01
3.806746e-01
3.809305e-01
3.847129e-01
3.845241e-01
3.842401e-01
3.860063e-01
3.977565e-01
3.841460e-01
3.845038e-01
3.847675e-01
3.886254e-01
3.884304e-01
3.881371e-01
3.899093e-01
4.017484e-01
3.880384e-01
3.884071e-01
3.886790e-01
3.926144e-01
3.924128e-01
3.921100e-01
3.938879e-01
4.058166e-01
3.920064e-01
3.923865e-01
3.926668e-01
3.966820e-01
3.964736e-01
3.961608e-01
3.979441e-01
4.099632e-01
3.960522e-01
3.964441e-01
3.967332e-01
4.008305e-01
4.006149e-01
4.002917e-01
4.020800e-01
4.141903e-01
4.001778e-01
4.005821e-01
4.008804e-01
4.050621e-01
4.048391e-01
4.045050e-01
4.062979e-01
4.185002e-01
4.043857e-01
4.048027e-01
4.051107e-01
4.093792e-01
4.091483e-01
4.088029e-01
4.106001e-01
4.228949e-01
4.086779e-01
4.091084e-01
4.094263e-01
4.137841e-01
4.135451e-01
4.131878e-01
4.149889e-01
4.273769e-01
4.130570e-01
4.135014e-01
4.138297e-01
4.182794e-01
4.180320e-01
4.176623e-01
4.194667e-01
4.319485e-01
4.175253e-01
4.179843e-01
4.183234e-01
4.228678e-01
4.226114e-01
4.222288e-01
4.240360e-01
4.366123e-01
4.220854e-01
4.225596e-01
4.229101e-01
4.275519e-01
4.272862e-01
4.268900e-01
4.286995e-01
4.413707e-01
4.267399e-01
4.272300e-01
4.275924e-01
4.318100e-01
4.316155e-01
4.313367e-01
4.333561e-01
4.461578e-01
4.315466e-01
4.320934e-01
4.324790e-01
4.366631e-01
4.364637e-01
4.361792e-01
4.381011e-01
4.513610e-01
4.363682e-01
4.369361e-01
4.373381e-01
4.416194e-01
4.414145e-01
4.411236e-01
4.429425e-01
4.566765e-01
4.412914e-01
4.418811e-01
4.423000e-01
4.466819e-01
4.464711e-01
4.461728e-01
4.478828e-01
4.621076e-01
4.463192e-01
4.469314e-01
4.473675e-01
4.518539e-01
4.516363e-01
4.513298e-01
4.529248e-01
4.676576e-01
4.514545e-01
4.520901e-01
4.525438e-01
4.571384e-01
4.569135e-01
4.565978e-01
4.580713e-01
4.733300e-01
4.567005e-01
4.573603e-01
4.578320e-01
4.625390e-01
4.623059e-01
4.619799e-01
4.633251e-01
4.791281e-01
4.620605e-01
4.627452e-01
4.632354e-01
4.680590e-01
4.678169e-01
4.674794e-01
4.686891e-01
4.850556e-01
4.675377e-01
4.682483e-01
4.687574e-01
4.737020e-01
4.734500e-01
4.730997e-01
4.741664e-01
4.911163e-01
4.731357e-01
4.738730e-01
4.744014e-01
4.794717e-01
4.792088e-01
4.788444e-01
4.797599e-01
4.973138e-01
4.788580e-01
4.796229e-01
4.801711e-01
4.853720e-01
4.850971e-01
4.847170e-01
4.854729e-01
5.036521e-01
4.847082e-01
4.855017e-01
4.860701e-01
4.914066e-01
4.911186e-01
4.907212e-01
4.913086e-01
5.101351e-01
4.906900e-01
4.915133e-01
4.921022e-01
4.975798e-01
4.972774e-01
4.968609e-01
4.972704e-01
5.167668e-01
4.968075e-01
4.976614e-01
4.982714e-01
5.038956e-01
5.035774e-01
5.031399e-01
5.033615e-01
5.235515e-01
5.030645e-01
5.039502e-01
5.045816e-01
5.103584e-01
5.100229e-01
5.095622e-01
5.095854e-01
5.304933e-01
5.094651e-01
5.103838e-01
5.110371e-01
5.169725e-01
5.166181e-01
5.161320e-01
5.159457e-01
5.375964e-01
5.160135e-01
5.169664e-01
5.176419e-01
5.244141e-01
5.239345e-01
5.234079e-01
5.232090e-01
5.456106e-01
5.235411e-01
5.244141e-01
5.249276e-01
5.311823e-01
5.307206e-01
5.302336e-01
5.302203e-01
5.543563e-01
5.302505e-01
5.311691e-01
5.317333e-01
5.381073e-01
5.376602e-01
5.372089e-01
5.373761e-01
5.633313e-01
5.371136e-01
5.380789e-01
5.386935e-01
5.451936e-01
5.447572e-01
5.443374e-01
5.446782e-01
5.725412e-01
5.441345e-01
5.451480e-01
5.458120e-01
5.524457e-01
5.520158e-01
5.516224e-01
5.521286e-01
5.819910e-01
5.513176e-01
5.523805e-01
5.530930e-01
5.598682e-01
5.594400e-01
5.590671e-01
5.597289e-01
5.916856e-01
5.586674e-01
5.597810e-01
5.605407e-01
5.674658e-01
5.670337e-01
5.666749e-01
5.674804e-01
6.016294e-01
5.661882e-01
5.673538e-01
5.681591e-01
5.752432e-01
5.748010e-01
5.744490e-01
5.753841e-01
6.118263e-01
5.738844e-01
5.751034e-01
5.759524e-01
5.832052e-01
5.827461e-01
5.823922e-01
5.834409e-01
6.222796e-01
5.817607e-01
5.830344e-01
5.839246e-01
5.913565e-01
5.908727e-01
5.905075e-01
5.916510e-01
6.329916e-01
5.898213e-01
5.911511e-01
5.920798e-01
5.997020e-01
5.991847e-01
5.987975e-01
6.000144e-01
6.439638e-01
5.980709e-01
5.994580e-01
6.004219e-01
6.082464e-01
6.076859e-01
6.072647e-01
6.085304e-01
6.551966e-01
6.065138e-01
6.079596e-01
6.089547e-01
6.169944e-01
6.163798e-01
6.159113e-01
6.171978e-01
6.666887e-01
6.151542e-01
6.166600e-01
6.176819e-01
6.259504e-01
6.252698e-01
6.247389e-01
6.260148e-01
6.784375e-01
6.239962e-01
6.255634e-01
6.266070e-01
6.351190e-01
6.343590e-01
6.337491e-01
6.349788e-01
6.904380e-01
6.330440e-01
6.346737e-01
6.357331e-01
6.445042e-01
6.436500e-01
6.429428e-01
6.440865e-01
7.026833e-01
6.423010e-01
6.439946e-01
6.450632e-01
SCALARS skew double 1
LOOKUP_TABLE default
1.372855e-01
1.967618e-01
2.483159e-01
2.941465e-01
2.813112e-01
2.173223e-01
1.546262e-01
9.552095e-02
1.189247e-01
1.827727e-01
2.433980e-01
2.984003e-01
2.864625e-01
2.321562e-01
1.734373e-01
1.117610e-01
1.189607e-01
1.828062e-01
2.434240e-01
2.984132e-01
2.863974e-01
2.320948e-01
1.733832e-01
1.117162e-01
1.189971e-01
1.828400e-01
2.434503e-01
2.984263e-01
2.863315e-01
2.320326e-01
1.733283e-01
1.116708e-01
1.190339e-01
1.828742e-01
2.434768e-01
2.984394e-01
2.862648e-01
2.319696e-01
1.732729e-01
1.116249e-01
1.190710e-01
1.829088e-01
2.435035e-01
2.984526e-01
2.861973e-01
2.319059e-01
1.732167e-01
1.115785e-01
1.191086e-01
1.829437e-01
2.435306e-01
2.984659e-01
2.861289e-01
2.318414e-01
1.731599e-01
1.115314e-01
1.191466e-01
1.829790e-01
2.435578e-01
2.984793e-01
2.860597e-01
2.317761e-01
1.731023e-01
1.114838e-01
1.191850e-01
1.830146e-01
2.435854e-01
2.984928e-01
2.859896e-01
2.317100e-01
1.730441e-01
1.114357e-01
1.192239e-01
1.830506e-01
2.436132e-01
2.985063e-01
2.859186e-01
2.316430e-01
1.729851e-01
1.113869e-01
1.192632e-01
1.830870e-01
2.436413e-01
2.985200e-01
2.858467e-01
2.315752e-01
1.729254e-01
1.113375e-01
1.193029e-01
1.831239e-01
2.436696e-01
2.985337e-01
2.857738e-01
2.315066e-01
1.728650e-01
1.112876e-01
1.193430e-01
1.831611e-01
2.436982e-01
2.985475e-01
2.857001e-01
2.314370e-01
1.728038e-01
1.112370e-01
1.193837e-01
1.831987e-01
2.437272e-01
2.985614e-01
2.856253e-01
2.313666e-01
1.727418e-01
1.111857e-01
1.194248e-01
1.832367e-01
2.437564e-01
2.985754e-01
2.855496e-01
2.312953e-01
1.726790e-01
1.111338e-01
1.194663e-01
1.832751e-01
2.437858e-01
2.985895e-01
2.854729e-01
2.312230e-01
1.726154e-01
1.110813e-01
1.307769e-01
2.009887e-01
2.669905e-01
3.262032e-01
3.153532e-01
2.570704e-01
1.931218e-01
1.251402e-01
1.308066e-01
2.010162e-01
2.670119e-01
3.262136e-01
3.152971e-01
2.570174e-01
1.930748e-01
1.251006e-01
1.308368e-01
2.010441e-01
2.670335e-01
3.262241e-01
3.152402e-01
2.569637e-01
1.930272e-01
1.250604e-01
1.308673e-01
2.010724e-01
2.670554e-01
3.262347e-01
3.151824e-01
2.569092e-01
1.929788e-01
1.250196e-01
1.308982e-01
2.011010e-01
2.670775e-01
3.262454e-01
3.151238e-01
2.568539e-01
1.929298e-01
1.249782e-01
1.309296e-01
2.011300e-01
2.670999e-01
3.262561e-01
3.150642e-01
2.567977e-01
1.928800e-01
1.249362e-01
1.309613e-01
2.011593e-01
2.671225e-01
3.262669e-01
3.150037e-01
2.567407e-01
1.928294e-01
1.248936e-01
1.309935e-01
2.011890e-01
2.671454e-01
3.262778e-01
3.149423e-01
2.566828e-01
1.927781e-01
1.248503e-01
1.310262e-01
2.012191e-01
2.671686e-01
3.262888e-01
3.148800e-01
2.566240e-01
1.927260e-01
1.248064e-01
1.310593e-01
2.012496e-01
2.671920e-01
3.262998e-01
3.148166e-01
2.565643e-01
1.926731e-01
1.247618e-01
1.310928e-01
2.012805e-01
2.672157e-01
3.263109e-01
3.147522e-01
2.565036e-01
1.926194e-01
1.247165e-01
1.311268e-01
2.013118e-01
2.672397e-01
3.263221e-01
3.146868e-01
2.564420e-01
1.925648e-01
1.246706e-01
1.311613e-01
2.013435e-01
2.672640e-01
3.263334e-01
3.146204e-01
2.563794e-01
1.925094e-01
1.246239e-01
1.311963e-01
2.013757e-01
2.672886e-01
3.263447e-01
3.145528e-01
2.563158e-01
1.924531e-01
1.245765e-01
1.312317e-01
2.014082e-01
2.673135e-01
3.263561e-01
3.144842e-01
2.562511e-01
1.923959e-01
1.245283e-01
1.312677e-01
2.014413e-01
2.673386e-01
3.263676e-01
3.144144e-01
2.561855e-01
1.923378e-01
1.244794e-01
1.217698e-01
1.873915e-01
2.496780e-01
3.062058e-01
2.969771e-01
2.414647e-01
1.811097e-01
1.174667e-01
1.218001e-01
1.874199e-01
2.497005e-01
3.062176e-01
2.969227e-01
2.414133e-01
1.810641e-01
1.174284e-01
1.218309e-01
1.874487e-01
2.497232e-01
3.062294e-01
2.968676e-01
2.413612e-01
1.810178e-01
1.173896e-01
1.218621e-01
1.874779e-01
2.497462e-01
3.062414e-01
2.968115e-01
2.413082e-01
1.809709e-01
1.173501e-01
1.218938e-01
1.875075e-01
2.497695e-01
3.062534e-01
2.967546e-01
2.412543e-01
1.809232e-01
1.173100e-01
1.219259e-01
1.875374e-01
2.497931e-01
3.062656e-01
2.966968e-01
2.411997e-01
1.808747e-01
1.172694e-01
1.219584e-01
1.875678e-01
2.498169e-01
3.062779e-01
2.966381e-01
2.411442e-01
1.808255e-01
1.172280e-01
1.219914e-01
1.875986e-01
2.498411e-01
3.062903e-01
2.965784e-01
2.410877e-01
1.807755e-01
1.171861e-01
1.220249e-01
1.876298e-01
2.498656e-01
3.063028e-01
2.965177e-01
2.410304e-01
1.807248e-01
1.171435e-01
1.220589e-01
1.876615e-01
2.498904e-01
3.063154e-01
2.964561e-01
2.409722e-01
1.806732e-01
1.171002e-01
1.220933e-01
1.876936e-01
2.499155e-01
3.063281e-01
2.963934e-01
2.409130e-01
1.806208e-01
1.170562e-01
1.221283e-01
1.877261e-01
2.499409e-01
3.063410e-01
2.963297e-01
2.408528e-01
1.805675e-01
1.170115e-01
1.221637e-01
1.877591e-01
2.499667e-01
3.063540e-01
2.962650e-01
2.407917e-01
1.805134e-01
1.169661e-01
1.221997e-01
1.877926e-01
2.499928e-01
3.063670e-01
2.961991e-01
2.407295e-01
1.804583e-01
1.169200e-01
1.222363e-01
1.878265e-01
2.500192e-01
3.063802e-01
2.961321e-01
2.406663e-01
1.804024e-01
1.168731e-01
1.222734e-01
1.878610e-01
2.500460e-01
3.063936e-01
2.960640e-01
2.406020e-01
1.803455e-01
1.168254e-01
1.035709e-01
1.640926e-01
2.220859e-01
2.753860e-01
2.669348e-01
2.141405e-01
1.576088e-01
9.886817e-02
1.035526e-01
1.640729e-01
2.220678e-01
2.753713e-01
2.669470e-01
2.141535e-01
1.576202e-01
9.887504e-02
1.035341e-01
1.640529e-01
2.220493e-01
2.753563e-01
2.669594e-01
2.141668e-01
1.576317e-01
9.888199e-02
1.035153e-01
1.640325e-01
2.220306e-01
2.753410e-01
2.669718e-01
2.141801e-01
1.576433e-01
9.888902e-02
1.034961e-01
1.640118e-01
2.220116e-01
2.753255e-01
2.669844e-01
2.141937e-01
1.576551e-01
9.889614e-02
1.034767e-01
1.639908e-01
2.219922e-01
2.753096e-01
2.669971e-01
2.142073e-01
1.576671e-01
9.890335e-02
1.034569e-01
1.639694e-01
2.219724e-01
2.752935e-01
2.670099e-01
2.142212e-01
1.576792e-01
9.891065e-02
1.034368e-01
1.639476e-01
2.219523e-01
2.752770e-01
2.670229e-01
2.142352e-01
1.576914e-01
9.891803e-02
1.034164e-01
1.639255e-01
2.219319e-01
2.752603e-01
2.670360e-01
2.142493e-01
1.577038e-01
9.892551e-02
1.033956e-01
1.639030e-01
2.219111e-01
2.752431e-01
2.670493e-01
2.142637e-01
1.577163e-01
9.893308e-02
1.033745e-01
1.638801e-01
2.218899e-01
2.752257e-01
2.670627e-01
2.142782e-01
1.577290e-01
9.894075e-02
1.033530e-01
1.638568e-01
2.218683e-01
2.752079e-01
2.670762e-01
2.142929e-01
1.577419e-01
9.894851e-02
1.033312e-01
1.638330e-01
2.218463e-01
2.751898e-01
2.670898e-01
2.143077e-01
1.577549e-01
9.895638e-02
1.033090e-01
1.638089e-01
2.218239e-01
2.751712e-01
2.671037e-01
2.143228e-01
1.577681e-01
9.896434e-02
1.032863e-01
1.637843e-01
2.218010e-01
2.751523e-01
2.671176e-01
2.143380e-01
1.577815e-01
9.897240e-02
1.032633e-01
1.637593e-01
2.217777e-01
2.751330e-01
2.671317e-01
2.143534e-01
1.577950e-01
9.898057e-02
8.421988e-02
1.376530e-01
1.894248e-01
2.376885e-01
2.300062e-01
1.819904e-01
1.313865e-01
7.953605e-02
8.417821e-02
1.376102e-01
1.893878e-01
2.376627e-01
2.300600e-01
1.820437e-01
1.314339e-01
7.957238e-02
8.413592e-02
1.375667e-01
1.893502e-01
2.376366e-01
2.301145e-01
1.820978e-01
1.314820e-01
7.960921e-02
8.409300e-02
1.375226e-01
1.893121e-01
2.376099e-01
2.301698e-01
1.821527e-01
1.315307e-01
7.964658e-02
8.404942e-02
1.374779e-01
1.892733e-01
2.375829e-01
2.302258e-01
1.822083e-01
1.315801e-01
7.968448e-02
8.400518e-02
1.374324e-01
1.892340e-01
2.375554e-01
2.302826e-01
1.822647e-01
1.316303e-01
7.972294e-02
8.396026e-02
1.373862e-01
1.891940e-01
2.375274e-01
2.303402e-01
1.823220e-01
1.316812e-01
7.976195e-02
8.391465e-02
1.373393e-01
1.891534e-01
2.374990e-01
2.303987e-01
1.823800e-01
1.317328e-01
7.980154e-02
8.386832e-02
1.372917e-01
1.891121e-01
2.374700e-01
2.304579e-01
1.824389e-01
1.317851e-01
7.984172e-02
8.382127e-02
1.372433e-01
1.890701e-01
2.374406e-01
2.305181e-01
1.824987e-01
1.318383e-01
7.988250e-02
8.377347e-02
1.371941e-01
1.890275e-01
2.374106e-01
2.305791e-01
1.825593e-01
1.318922e-01
7.992389e-02
8.372490e-02
1.371441e-01
1.889841e-01
2.373802e-01
2.306410e-01
1.826209e-01
1.319470e-01
7.996591e-02
8.367555e-02
1.370933e-01
1.889400e-01
2.373491e-01
2.307038e-01
1.826834e-01
1.320026e-01
8.000857e-02
8.362540e-02
1.370416e-01
1.888951e-01
2.373176e-01
2.307675e-01
1.827468e-01
1.320590e-01
8.005189e-02
8.357443e-02
1.369891e-01
1.888495e-01
2.372854e-01
2.308322e-01
1.828111e-01
1.321163e-01
8.009588e-02
8.352262e-02
1.369358e-01
1.888031e-01
2.372527e-01
2.308979e-01
1.828765e-01
1.321745e-01
8.014056e-02
8.821795e-02
1.444201e-01
1.987994e-01
2.493073e-01
2.427716e-01
1.927280e-01
1.396740e-01
8.501748e-02
8.819728e-02
1.443982e-01
1.987805e-01
2.492943e-01
2.428042e-01
1.927621e-01
1.397040e-01
8.503995e-02
8.817622e-02
1.443759e-01
1.987611e-01
2.492812e-01
2.428374e-01
1.927966e-01
1.397344e-01
8.506279e-02
8.815479e-02
1.443531e-01
1.987414e-01
2.492677e-01
2.428711e-01
1.928318e-01
1.397654e-01
8.508603e-02
8.813295e-02
1.443299e-01
1.987213e-01
2.492540e-01
2.429053e-01
1.928675e-01
1.397969e-01
8.510966e-02
8.811070e-02
1.443063e-01
1.987008e-01
2.492400e-01
2.429401e-01
1.929039e-01
1.398289e-01
8.513371e-02
8.808804e-02
1.442822e-01
1.986799e-01
2.492257e-01
2.429755e-01
1.929408e-01
1.398615e-01
8.515817e-02
8.806494e-02
1.442577e-01
1.986585e-01
2.492110e-01
2.430115e-01
1.929785e-01
1.398947e-01
8.518307e-02
8.804140e-02
1.442326e-01
1.986368e-01
2.491961e-01
2.430481e-01
1.930168e-01
1.399284e-01
8.520841e-02
8.801740e-02
1.442071e-01
1.986146e-01
2.491809e-01
2.430853e-01
1.930557e-01
1.399628e-01
8.523421e-02
8.799293e-02
1.441810e-01
1.985919e-01
2.491653e-01
2.431232e-01
1.930954e-01
1.399977e-01
8.526047e-02
8.796797e-02
1.441545e-01
1.985687e-01
2.491493e-01
2.431617e-01
1.931357e-01
1.400333e-01
8.528722e-02
8.794252e-02
1.441273e-01
1.985451e-01
2.491330e-01
2.432009e-01
1.931768e-01
1.400696e-01
8.531446e-02
8.791655e-02
1.440996e-01
1.985209e-01
2.491163e-01
2.432408e-01
1.932187e-01
1.401065e-01
8.534220e-02
8.789005e-02
1.440714e-01
1.984962e-01
2.490993e-01
2.432814e-01
1.932613e-01
1.401441e-01
8.537047e-02
8.786301e-02
1.440425e-01
1.984710e-01
2.490818e-01
2.433227e-01
1.933047e-01
1.401824e-01
8.539928e-02
8.634331e-02
1.364811e-01
1.847185e-01
2.260520e-01
2.189951e-01
1.694111e-01
1.212682e-01
7.357107e-02
8.630696e-02
1.364365e-01
1.846808e-01
2.260041e-01
2.191323e-01
1.696742e-01
1.215361e-01
7.380151e-02
8.626977e-02
1.363909e-01
1.846424e-01
2.259535e-01
2.192719e-01
1.699401e-01
1.218080e-01
7.403582e-02
8.623171e-02
1.363445e-01
1.846033e-01
2.259002e-01
2.194140e-01
1.702088e-01
1.220838e-01
7.427408e-02
8.619274e-02
1.362971e-01
1.845635e-01
2.258440e-01
2.195587e-01
1.704803e-01
1.223638e-01
7.451640e-02
8.615284e-02
1.362487e-01
1.845229e-01
2.257849e-01
2.197059e-01
1.707546e-01
1.226478e-01
7.476287e-02
8.611197e-02
1.361992e-01
1.844816e-01
2.257227e-01
2.198558e-01
1.710318e-01
1.229361e-01
7.501360e-02
8.607011e-02
1.361487e-01
1.844395e-01
2.256573e-01
2.200085e-01
1.713117e-01
1.232287e-01
7.526869e-02
8.602720e-02
1.360971e-01
1.843965e-01
2.255885e-01
2.201640e-01
1.715945e-01
1.235257e-01
7.552825e-02
8.598323e-02
1.360444e-01
1.843528e-01
2.255162e-01
2.203224e-01
1.718801e-01
1.238271e-01
7.579240e-02
8.593815e-02
1.359905e-01
1.843082e-01
2.254402e-01
2.204837e-01
1.721684e-01
1.241331e-01
7.606125e-02
8.589193e-02
1.359354e-01
1.842627e-01
2.253605e-01
2.206481e-01
1.724596e-01
1.244438e-01
7.633493e-02
8.584451e-02
1.358791e-01
1.842163e-01
2.252767e-01
2.208156e-01
1.727535e-01
1.247591e-01
7.661356e-02
8.579586e-02
1.358215e-01
1.841689e-01
2.251889e-01
2.209864e-01
1.730502e-01
1.250793e-01
7.689727e-02
8.574594e-02
1.357626e-01
1.841206e-01
2.250966e-01
2.211605e-01
1.733496e-01
1.254044e-01
7.718618e-02
8.569469e-02
1.357023e-01
1.840713e-01
2.249999e-01
2.213380e-01
1.736517e-01
1.257344e-01
7.748045e-02
6.985345e-02
1.047657e-01
1.391857e-01
1.721324e-01
1.695912e-01
1.381271e-01
1.038897e-01
6.930621e-02
6.983142e-02
1.047380e-01
1.391551e-01
1.720932e-01
1.696538e-01
1.381776e-01
1.039354e-01
6.934346e-02
6.980906e-02
1.047099e-01
1.391241e-01
1.720534e-01
1.697173e-01
1.382288e-01
1.039818e-01
6.938125e-02
6.978636e-02
1.046814e-01
1.390926e-01
1.720130e-01
1.697818e-01
1.382808e-01
1.040289e-01
6.941958e-02
6.976332e-02
1.046525e-01
1.390606e-01
1.719720e-01
1.698472e-01
1.383336e-01
1.040767e-01
6.945848e-02
6.973993e-02
1.046231e-01
1.390282e-01
1.719305e-01
1.699135e-01
1.383871e-01
1.041252e-01
6.949796e-02
6.971618e-02
1.045933e-01
1.389952e-01
1.718883e-01
1.699809e-01
1.384415e-01
1.041744e-01
6.953802e-02
6.969206e-02
1.045630e-01
1.389618e-01
1.718456e-01
1.700493e-01
1.384966e-01
1.042243e-01
6.957868e-02
6.966756e-02
1.045323e-01
1.389279e-01
1.718021e-01
1.701187e-01
1.385526e-01
1.042750e-01
6.961996e-02
6.964267e-02
1.045010e-01
1.388934e-01
1.717581e-01
1.701892e-01
1.386094e-01
1.043265e-01
6.966186e-02
6.961739e-02
1.044693e-01
1.388584e-01
1.717133e-01
1.702608e-01
1.386671e-01
1.043788e-01
6.970441e-02
6.959171e-02
1.044370e-01
1.388228e-01
1.716679e-01
1.703335e-01
1.387257e-01
1.044318e-01
6.974761e-02
6.956560e-02
1.044043e-01
1.387867e-01
1.716218e-01
1.704073e-01
1.387852e-01
1.044857e-01
6.979149e-02
6.953908e-02
1.043710e-01
1.387500e-01
1.715750e-01
1.704823e-01
1.388457e-01
1.045405e-01
6.983605e-02
6.951212e-02
1.043372e-01
1.387127e-01
1.715274e-01
1.705584e-01
1.389071e-01
1.045961e-01
6.988132e-02
6.948471e-02
1.043028e-01
1.386748e-01
1.714791e-01
1.706358e-01
1.389695e-01
1.046526e-01
6.992731e-02
6.805916e-02
1.019390e-01
1.354495e-01
1.677709e-01
1.671577e-01
1.366605e-01
1.032459e-01
6.936971e-02
6.805592e-02
1.019339e-01
1.354437e-01
1.677633e-01
1.671768e-01
1.366749e-01
1.032597e-01
6.938168e-02
6.805261e-02
1.019287e-01
1.354378e-01
1.677555e-01
1.671962e-01
1.366894e-01
1.032737e-01
6.939383e-02
6.804925e-02
1.019234e-01
1.354317e-01
1.677476e-01
1.672159e-01
1.367042e-01
1.032879e-01
6.940618e-02
6.804582e-02
1.019180e-01
1.354256e-01
1.677395e-01
1.672359e-01
1.367192e-01
1.033024e-01
6.941871e-02
6.804233e-02
1.019126e-01
1.354193e-01
1.677313e-01
1.672562e-01
1.367344e-01
1.033171e-01
6.943144e-02
6.803878e-02
1.019070e-01
1.354130e-01
1.677230e-01
1.672769e-01
1.367499e-01
1.033320e-01
6.944437e-02
6.803516e-02
1.019013e-01
1.354065e-01
1.677144e-01
1.672978e-01
1.367656e-01
1.033471e-01
6.945751e-02
6.803147e-02
1.018955e-01
1.353998e-01
1.677058e-01
1.673191e-01
1.367816e-01
1.033625e-01
6.947086e-02
6.802772e-02
1.018896e-01
1.353931e-01
1.676969e-01
1.673407e-01
1.367978e-01
1.033781e-01
6.948443e-02
6.802389e-02
1.018836e-01
1.353862e-01
1.676879e-01
1.673626e-01
1.368143e-01
1.033940e-01
6.949821e-02
6.801998e-02
1.018774e-01
1.353792e-01
1.676787e-01
1.673850e-01
1.368310e-01
1.034101e-01
6.951223e-02
6.801600e-02
1.018712e-01
1.353720e-01
1.676693e-01
1.674076e-01
1.368480e-01
1.034265e-01
6.952648e-02
6.801194e-02
1.018648e-01
1.353647e-01
1.676598e-01
1.674307e-01
1.368653e-01
1.034432e-01
6.954096e-02
6.800780e-02
1.018583e-01
1.353573e-01
1.676500e-01
1.674541e-01
1.368828e-01
1.034602e-01
6.955569e-02
6.800358e-02
1.018517e-01
1.353497e-01
1.676400e-01
1.674779e-01
1.369007e-01
1.034774e-01
6.957067e-02
6.771251e-02
1.015623e-01
1.350585e-01
1.673514e-01
1.673008e-01
1.367323e-01
1.033194e-01
6.943234e-02
6.771079e-02
1.015588e-01
1.350544e-01
1.673457e-01
1.673203e-01
1.367472e-01
1.033337e-01
6.944487e-02
6.770903e-02
1.015553e-01
1.350503e-01
1.673398e-01
1.673400e-01
1.367623e-01
1.033482e-01
6.945761e-02
6.770724e-02
1.015518e-01
1.350461e-01
1.673339e-01
1.673601e-01
1.367777e-01
1.033631e-01
6.947059e-02
6.770540e-02
1.015481e-01
1.350418e-01
1.673278e-01
1.673806e-01
1.367934e-01
1.033781e-01
6.948379e-02
6.770353e-02
1.015444e-01
1.350373e-01
1.673215e-01
1.674014e-01
1.368093e-01
1.033935e-01
6.949724e-02
6.770161e-02
1.015406e-01
1.350328e-01
1.673152e-01
1.674226e-01
1.368255e-01
1.034091e-01
6.951093e-02
6.769965e-02
1.015367e-01
1.350282e-01
1.673087e-01
1.674442e-01
1.368421e-01
1.034251e-01
6.952488e-02
6.769764e-02
1.015327e-01
1.350235e-01
1.673020e-01
1.674661e-01
1.368589e-01
1.034413e-01
6.953909e-02
6.769559e-02
1.015286e-01
1.350186e-01
1.672952e-01
1.674885e-01
1.368760e-01
1.034578e-01
6.955356e-02
6.769349e-02
1.015245e-01
1.350137e-01
1.672883e-01
1.675113e-01
1.368935e-01
1.034747e-01
6.956832e-02
6.769133e-02
1.015202e-01
1.350087e-01
1.672812e-01
1.675345e-01
1.369113e-01
1.034918e-01
6.958335e-02
6.768913e-02
1.015159e-01
1.350035e-01
1.672739e-01
1.675582e-01
1.369294e-01
1.035093e-01
6.959868e-02
6.768687e-02
1.015114e-01
1.349982e-01
1.672665e-01
1.675823e-01
1.369479e-01
1.035271e-01
6.961431e-02
6.768455e-02
1.015068e-01
1.349927e-01
1.672589e-01
1.676069e-01
1.369667e-01
1.035453e-01
6.963025e-02
6.768218e-02
1.015022e-01
1.349872e-01
1.672511e-01
1.676320e-01
1.369859e-01
1.035638e-01
6.964651e-02
6.738236e-02
1.012061e-01
1.346900e-01
1.669550e-01
1.674475e-01
1.368027e-01
1.033872e-01
6.948708e-02
6.738062e-02
1.012025e-01
1.346858e-01
1.669490e-01
1.674718e-01
1.368215e-01
1.034052e-01
6.950293e-02
6.737883e-02
1.011989e-01
1.346815e-01
1.669429e-01
1.674966e-01
1.368407e-01
1.034236e-01
6.951911e-02
6.737700e-02
1.011951e-01
1.346771e-01
1.669365e-01
1.675219e-01
1.368603e-01
1.034424e-01
6.953563e-02
6.737512e-02
1.011913e-01
1.346726e-01
1.669301e-01
1.675477e-01
1.368803e-01
1.034615e-01
6.955251e-02
6.737319e-02
1.011873e-01
1.346680e-01
1.669235e-01
1.675741e-01
1.369007e-01
1.034811e-01
6.956975e-02
6.737122e-02
1.011833e-01
1.346633e-01
1.669167e-01
1.676011e-01
1.369216e-01
1.035012e-01
6.958737e-02
6.736919e-02
1.011792e-01
1.346584e-01
1.669097e-01
1.676286e-01
1.369429e-01
1.035216e-01
6.960539e-02
6.736711e-02
1.011749e-01
1.346535e-01
1.669026e-01
1.676568e-01
1.369647e-01
1.035425e-01
6.962380e-02
6.736497e-02
1.011706e-01
1.346484e-01
1.668953e-01
1.676856e-01
1.369870e-01
1.035639e-01
6.964263e-02
6.736278e-02
1.011661e-01
1.346431e-01
1.668878e-01
1.677150e-01
1.370098e-01
1.035858e-01
6.966189e-02
6.736052e-02
1.011615e-01
1.346377e-01
1.668801e-01
1.677451e-01
1.370331e-01
1.036082e-01
6.968159e-02
6.735820e-02
1.011568e-01
1.346322e-01
1.668722e-01
1.677759e-01
1.370569e-01
1.036310e-01
6.970176e-02
6.735582e-02
1.011520e-01
1.346265e-01
1.668641e-01
1.678074e-01
1.370813e-01
1.036545e-01
6.972241e-02
6.735337e-02
1.011470e-01
1.346207e-01
1.668557e-01
1.678397e-01
1.371062e-01
1.036785e-01
6.974355e-02
6.735085e-02
1.011419e-01
1.346147e-01
1.668471e-01
1.678727e-01
1.371318e-01
1.037030e-01
6.976520e-02
6.855882e-02
1.023536e-01
1.356802e-01
1.670712e-01
1.679909e-01
1.358220e-01
1.025996e-01
6.894383e-02
6.853528e-02
1.023112e-01
1.356198e-01
1.669773e-01
1.680784e-01
1.358700e-01
1.026343e-01
6.897173e-02
6.851114e-02
1.022676e-01
1.355577e-01
1.668805e-01
1.681678e-01
1.359193e-01
1.026699e-01
6.900025e-02
6.848638e-02
1.022229e-01
1.354938e-01
1.667805e-01
1.682591e-01
1.359699e-01
1.027063e-01
6.902939e-02
6.846097e-02
1.021768e-01
1.354278e-01
1.666772e-01
1.683525e-01
1.360217e-01
1.027436e-01
6.905919e-02
6.843489e-02
1.021295e-01
1.353598e-01
1.665706e-01
1.684479e-01
1.360750e-01
1.027818e-01
6.908965e-02
6.840811e-02
1.020808e-01
1.352897e-01
1.664603e-01
1.685454e-01
1.361297e-01
1.028210e-01
6.912081e-02
6.838060e-02
1.020307e-01
1.352173e-01
1.663462e-01
1.686452e-01
1.361859e-01
1.028611e-01
6.915268e-02
6.835233e-02
1.019792e-01
1.351425e-01
1.662282e-01
1.687472e-01
1.362437e-01
1.029023e-01
6.918529e-02
6.832327e-02
1.019260e-01
1.350653e-01
1.661060e-01
1.688515e-01
1.363031e-01
1.029445e-01
6.921866e-02
6.829339e-02
1.018713e-01
1.349855e-01
1.659795e-01
1.689583e-01
1.363641e-01
1.029878e-01
6.925283e-02
6.826264e-02
1.018148e-01
1.349029e-01
1.658485e-01
1.690675e-01
1.364270e-01
1.030323e-01
6.928781e-02
6.823100e-02
1.017566e-01
1.348176e-01
1.657126e-01
1.691793e-01
1.364917e-01
1.030780e-01
6.932363e-02
6.819843e-02
1.016965e-01
1.347292e-01
1.655716e-01
1.692937e-01
1.365583e-01
1.031249e-01
6.936033e-02
6.816487e-02
1.016345e-01
1.346376e-01
1.654253e-01
1.694108e-01
1.366269e-01
1.031730e-01
6.939793e-02
6.813029e-02
1.015704e-01
1.345428e-01
1.652734e-01
1.695307e-01
1.366977e-01
1.032226e-01
6.943647e-02
6.912438e-02
1.023513e-01
1.351468e-01
1.674223e-01
1.719425e-01
1.336505e-01
1.008777e-01
6.796280e-02
6.911132e-02
1.023001e-01
1.350184e-01
1.670747e-01
1.720006e-01
1.336867e-01
1.008634e-01
6.793497e-02
6.909777e-02
1.022463e-01
1.348827e-01
1.667060e-01
1.720539e-01
1.337240e-01
1.008482e-01
6.790557e-02
6.908369e-02
1.021896e-01
1.347393e-01
1.663147e-01
1.721017e-01
1.337624e-01
1.008323e-01
6.787450e-02
6.906906e-02
1.021299e-01
1.345876e-01
1.658992e-01
1.721431e-01
1.338018e-01
1.008154e-01
6.784165e-02
6.905384e-02
1.020669e-01
1.344271e-01
1.654579e-01
1.721772e-01
1.338425e-01
1.007976e-01
6.780689e-02
6.903801e-02
1.020005e-01
1.342572e-01
1.649890e-01
1.722029e-01
1.338843e-01
1.007788e-01
6.777009e-02
6.902152e-02
1.019303e-01
1.340771e-01
1.644904e-01
1.722189e-01
1.339275e-01
1.007588e-01
6.773109e-02
6.900434e-02
1.018562e-01
1.338862e-01
1.639602e-01
1.722237e-01
1.339719e-01
1.007377e-01
6.768974e-02
6.898641e-02
1.017778e-01
1.336836e-01
1.633958e-01
1.722237e-01
1.340178e-01
1.007153e-01
6.764586e-02
6.896770e-02
1.016949e-01
1.334685e-01
1.627950e-01
1.722159e-01
1.340651e-01
1.006915e-01
6.759927e-02
6.894815e-02
1.016070e-01
1.332399e-01
1.621550e-01
1.721934e-01
1.341139e-01
1.006663e-01
6.754975e-02
6.892771e-02
1.015138e-01
1.329968e-01
1.614729e-01
1.721543e-01
1.341643e-01
1.006395e-01
6.749707e-02
6.890632e-02
1.014150e-01
1.327382e-01
1.607457e-01
1.720961e-01
1.342164e-01
1.006109e-01
6.744100e-02
6.888392e-02
1.013100e-01
1.324627e-01
1.599698e-01
1.720159e-01
1.342703e-01
1.005805e-01
6.738125e-02
6.886043e-02
1.011983e-01
1.321691e-01
1.591418e-01
1.719108e-01
1.343260e-01
1.005482e-01
6.731752e-02
SCALARS scaled_jacobian double 1
LOOKUP_TABLE default
9.768380e-01
9.526160e-01
9.248887e-01
8.951431e-01
9.039482e-01
9.422972e-01
9.706479e-01
9.887645e-01
9.826023e-01
9.590695e-01
9.277984e-01
8.921445e-01
9.004583e-01
9.342415e-01
9.631186e-01
9.846300e-01
9.825918e-01
9.590546e-01
9.277831e-01
8.921353e-01
9.005028e-01
9.342759e-01
9.631415e-01
9.846423e-01
9.825812e-01
9.590395e-01
9.277677e-01
8.921261e-01
9.005478e-01
9.343107e-01
9.631647e-01
9.846547e-01
9.825705e-01
9.590243e-01
9.277522e-01
8.921168e-01
9.005933e-01
9.343459e-01
9.631881e-01
9.846673e-01
9.825596e-01
9.590089e-01
9.277365e-01
8.921074e-01
9.006394e-01
9.343816e-01
9.632118e-01
9.846800e-01
9.825487e-01
9.589934e-01
9.277207e-01
8.920979e-01
9.006861e-01
9.344177e-01
9.632358e-01
9.846929e-01
9.825375e-01
9.589777e-01
9.277047e-01
8.920884e-01
9.007333e-01
9.344542e-01
9.632601e-01
9.847059e-01
9.825263e-01
9.589618e-01
9.276885e-01
8.920789e-01
9.007812e-01
9.344912e-01
9.632846e-01
9.847191e-01
9.825150e-01
9.589458e-01
9.276722e-01
8.920692e-01
9.008296e-01
9.345286e-01
9.633095e-01
9.847324e-01
9.825035e-01
9.589295e-01
9.276557e-01
8.920596e-01
9.008786e-01
9.345665e-01
9.633347e-01
9.847459e-01
9.824919e-01
9.589131e-01
9.276391e-01
8.920498e-01
9.009283e-01
9.346049e-01
9.633601e-01
9.847596e-01
9.824801e-01
9.588966e-01
9.276223e-01
8.920400e-01
9.009786e-01
9.346437e-01
9.633859e-01
9.847734e-01
9.824682e-01
9.588798e-01
9.276053e-01
8.920301e-01
9.010295e-01
9.346831e-01
9.634120e-01
9.847874e-01
9.824562e-01
9.588628e-01
9.275882e-01
8.920202e-01
9.010811e-01
9.347229e-01
9.634385e-01
9.848016e-01
9.824440e-01
9.588457e-01
9.275709e-01
8.920102e-01
9.011333e-01
9.347633e-01
9.634652e-01
9.848159e-01
9.789746e-01
9.505755e-01
9.133384e-01
8.715710e-01
8.797997e-01
9.195725e-01
9.543397e-01
9.807423e-01
9.789651e-01
9.505620e-01
9.133248e-01
8.715629e-01
8.798416e-01
9.196052e-01
9.543617e-01
9.807544e-01
9.789554e-01
9.505484e-01
9.133109e-01
8.715548e-01
8.798841e-01
9.196383e-01
9.543840e-01
9.807668e-01
9.789456e-01
9.505346e-01
9.132969e-01
8.715467e-01
8.799272e-01
9.196720e-01
9.544067e-01
9.807793e-01
9.789357e-01
9.505207e-01
9.132828e-01
8.715385e-01
8.799710e-01
9.197061e-01
9.544297e-01
9.807920e-01
9.789257e-01
9.505065e-01
9.132685e-01
8.715302e-01
8.800154e-01
9.197407e-01
9.544530e-01
9.808048e-01
9.789155e-01
9.504922e-01
9.132540e-01
8.715219e-01
8.800605e-01
9.197759e-01
9.544767e-01
9.808179e-01
9.789051e-01
9.504777e-01
9.132393e-01
8.715135e-01
8.801063e-01
9.198116e-01
9.545008e-01
9.808311e-01
9.788947e-01
9.504630e-01
9.132245e-01
8.715051e-01
8.801528e-01
9.198478e-01
9.545252e-01
9.808446e-01
9.788840e-01
9.504481e-01
9.132095e-01
8.714966e-01
8.802001e-01
9.198846e-01
9.545499e-01
9.808582e-01
9.788733e-01
9.504330e-01
9.131943e-01
8.714880e-01
8.802480e-01
9.199220e-01
9.545751e-01
9.808720e-01
9.788623e-01
9.504177e-01
9.131790e-01
8.714794e-01
8.802968e-01
9.199599e-01
9.546006e-01
9.808861e-01
9.788513e-01
9.504023e-01
9.131634e-01
8.714707e-01
8.803463e-01
9.199984e-01
9.546266e-01
9.809004e-01
9.788400e-01
9.503865e-01
9.131477e-01
8.714620e-01
8.803966e-01
9.200376e-01
9.546529e-01
9.809148e-01
9.788286e-01
9.503706e-01
9.131318e-01
8.714532e-01
8.804477e-01
9.200774e-01
9.546796e-01
9.809296e-01
9.788171e-01
9.503545e-01
9.131156e-01
8.714443e-01
8.804997e-01
9.201178e-01
9.547068e-01
9.809445e-01
9.817625e-01
9.569898e-01
9.240730e-01
8.865387e-01
8.931522e-01
9.289270e-01
9.598059e-01
9.830251e-01
9.817535e-01
9.569769e-01
9.240595e-01
8.865302e-01
8.931906e-01
9.289569e-01
9.598260e-01
9.830361e-01
9.817443e-01
9.569637e-01
9.240458e-01
8.865216e-01
8.932296e-01
9.289873e-01
9.598464e-01
9.830473e-01
9.817350e-01
9.569504e-01
9.240320e-01
8.865129e-01
8.932691e-01
9.290181e-01
9.598671e-01
9.830587e-01
9.817255e-01
9.569369e-01
9.240180e-01
8.865041e-01
8.933093e-01
9.290494e-01
9.598881e-01
9.830702e-01
9.817159e-01
9.569233e-01
9.240039e-01
8.864953e-01
8.933501e-01
9.290811e-01
9.599094e-01
9.830819e-01
9.817062e-01
9.569094e-01
9.239895e-01
8.864863e-01
8.933916e-01
9.291134e-01
9.599311e-01
9.830938e-01
9.816963e-01
9.568954e-01
9.239750e-01
8.864773e-01
8.934337e-01
9.291461e-01
9.599531e-01
9.831059e-01
9.816863e-01
9.568811e-01
9.239603e-01
8.864682e-01
8.934765e-01
9.291794e-01
9.599754e-01
9.831181e-01
9.816761e-01
9.568667e-01
9.239454e-01
8.864591e-01
8.935200e-01
9.292132e-01
9.599981e-01
9.831306e-01
9.816658e-01
9.568520e-01
9.239303e-01
8.864498e-01
8.935642e-01
9.292476e-01
9.600212e-01
9.831432e-01
9.816553e-01
9.568372e-01
9.239150e-01
8.864405e-01
8.936091e-01
9.292825e-01
9.600446e-01
9.831560e-01
9.816447e-01
9.568221e-01
9.238996e-01
8.864310e-01
8.936547e-01
9.293180e-01
9.600684e-01
9.831691e-01
9.816339e-01
9.568068e-01
9.238839e-01
8.864215e-01
8.937012e-01
9.293540e-01
9.600926e-01
9.831823e-01
9.816230e-01
9.567913e-01
9.238680e-01
8.864119e-01
8.937484e-01
9.293907e-01
9.601172e-01
9.831958e-01
9.816118e-01
9.567756e-01
9.238519e-01
8.864023e-01
8.937964e-01
9.294280e-01
9.601421e-01
9.832094e-01
9.867953e-01
9.669644e-01
9.397659e-01
9.078892e-01
9.133740e-01
9.439586e-01
9.695104e-01
9.879649e-01
9.868000e-01
9.669723e-01
9.397756e-01
9.078989e-01
9.133662e-01
9.439519e-01
9.695061e-01
9.879632e-01
9.868047e-01
9.669803e-01
9.397855e-01
9.079087e-01
9.133584e-01
9.439450e-01
9.695016e-01
9.879615e-01
9.868095e-01
9.669885e-01
9.397955e-01
9.079188e-01
9.133504e-01
9.439381e-01
9.694971e-01
9.879598e-01
9.868144e-01
9.669968e-01
9.398057e-01
9.079290e-01
9.133424e-01
9.439311e-01
9.694926e-01
9.879581e-01
9.868193e-01
9.670052e-01
9.398162e-01
9.079394e-01
9.133342e-01
9.439240e-01
9.694880e-01
9.879564e-01
9.868243e-01
9.670137e-01
9.398267e-01
9.079501e-01
9.133260e-01
9.439168e-01
9.694833e-01
9.879546e-01
9.868294e-01
9.670224e-01
9.398375e-01
9.079609e-01
9.133177e-01
9.439095e-01
9.694786e-01
9.879528e-01
9.868346e-01
9.670313e-01
9.398485e-01
9.079719e-01
9.133093e-01
9.439022e-01
9.694739e-01
9.879510e-01
9.868399e-01
9.670403e-01
9.398597e-01
9.079832e-01
9.133008e-01
9.438948e-01
9.694690e-01
9.879491e-01
9.868453e-01
9.670495e-01
9.398710e-01
9.079947e-01
9.132923e-01
9.438872e-01
9.694641e-01
9.879473e-01
9.868507e-01
9.670588e-01
9.398826e-01
9.080064e-01
9.132836e-01
9.438796e-01
9.694592e-01
9.879454e-01
9.868563e-01
9.670683e-01
9.398944e-01
9.080183e-01
9.132749e-01
9.438719e-01
9.694542e-01
9.879435e-01
9.868619e-01
9.670779e-01
9.399065e-01
9.080305e-01
9.132661e-01
9.438641e-01
9.694491e-01
9.879415e-01
9.868676e-01
9.670878e-01
9.399187e-01
9.080430e-01
9.132571e-01
9.438562e-01
9.694439e-01
9.879396e-01
9.868735e-01
9.670978e-01
9.399312e-01
9.080557e-01
9.132481e-01
9.438482e-01
9.694387e-01
9.879376e-01
9.912621e-01
9.767144e-01
9.560583e-01
9.311070e-01
9.354406e-01
9.594167e-01
9.787788e-01
9.922058e-01
9.912708e-01
9.767288e-01
9.560753e-01
9.311217e-01
9.354107e-01
9.593931e-01
9.787636e-01
9.921987e-01
9.912795e-01
9.767434e-01
9.560926e-01
9.311367e-01
9.353804e-01
9.593691e-01
9.787481e-01
9.921914e-01
9.912884e-01
9.767583e-01
9.561102e-01
9.311520e-01
9.353497e-01
9.593448e-01
9.787324e-01
9.921841e-01
9.912974e-01
9.767733e-01
9.561280e-01
9.311675e-01
9.353186e-01
9.593201e-01
9.787165e-01
9.921767e-01
9.913066e-01
9.767886e-01
9.561461e-01
9.311832e-01
9.352870e-01
9.592951e-01
9.787003e-01
9.921692e-01
9.913158e-01
9.768042e-01
9.561645e-01
9.311992e-01
9.352550e-01
9.592697e-01
9.786839e-01
9.921615e-01
9.913253e-01
9.768199e-01
9.561832e-01
9.312155e-01
9.352225e-01
9.592440e-01
9.786672e-01
9.921537e-01
9.913348e-01
9.768360e-01
9.562022e-01
9.312321e-01
9.351895e-01
9.592178e-01
9.786503e-01
9.921458e-01
9.913445e-01
9.768522e-01
9.562215e-01
9.312489e-01
9.351561e-01
9.591913e-01
9.786332e-01
9.921378e-01
9.913544e-01
9.768688e-01
9.562411e-01
9.312661e-01
9.351221e-01
9.591643e-01
9.786157e-01
9.921297e-01
9.913644e-01
9.768855e-01
9.562610e-01
9.312835e-01
9.350877e-01
9.591370e-01
9.785980e-01
9.921214e-01
9.913746e-01
9.769026e-01
9.562813e-01
9.313013e-01
9.350527e-01
9.591092e-01
9.785801e-01
9.921130e-01
9.913849e-01
9.769199e-01
9.563019e-01
9.313193e-01
9.350172e-01
9.590810e-01
9.785618e-01
9.921045e-01
9.913954e-01
9.769375e-01
9.563228e-01
9.313377e-01
9.349812e-01
9.590524e-01
9.785433e-01
9.920958e-01
9.914060e-01
9.769554e-01
9.563441e-01
9.313564e-01
9.349446e-01
9.590233e-01
9.785245e-01
9.920870e-01
9.904142e-01
9.743787e-01
9.516376e-01
9.242954e-01
9.281650e-01
9.545242e-01
9.760283e-01
9.910961e-01
9.904187e-01
9.743864e-01
9.516467e-01
9.243031e-01
9.281459e-01
9.545083e-01
9.760181e-01
9.910914e-01
9.904232e-01
9.743943e-01
9.516561e-01
9.243110e-01
9.281265e-01
9.544921e-01
9.760077e-01
9.910866e-01
9.904279e-01
9.744023e-01
9.516656e-01
9.243191e-01
9.281068e-01
9.544756e-01
9.759971e-01
9.910817e-01
9.904326e-01
9.744105e-01
9.516753e-01
9.243273e-01
9.280868e-01
9.544589e-01
9.759863e-01
9.910768e-01
9.904374e-01
9.744189e-01
9.516852e-01
9.243357e-01
9.280665e-01
9.544418e-01
9.759754e-01
9.910718e-01
9.904424e-01
9.744274e-01
9.516953e-01
9.243443e-01
9.280458e-01
9.544245e-01
9.759642e-01
9.910666e-01
9.904474e-01
9.744360e-01
9.517056e-01
9.243531e-01
9.280247e-01
9.544069e-01
9.759528e-01
9.910614e-01
9.904525e-01
9.744449e-01
9.517160e-01
9.243620e-01
9.280033e-01
9.543889e-01
9.759413e-01
9.910561e-01
9.904577e-01
9.744539e-01
9.517268e-01
9.243712e-01
9.279815e-01
9.543706e-01
9.759295e-01
9.910507e-01
9.904630e-01
9.744631e-01
9.517377e-01
9.243805e-01
9.279593e-01
9.543520e-01
9.759175e-01
9.910452e-01
9.904684e-01
9.744724e-01
9.517489e-01
9.243901e-01
9.279368e-01
9.543331e-01
9.759053e-01
9.910396e-01
9.904739e-01
9.744820e-01
9.517603e-01
9.243998e-01
9.279138e-01
9.543138e-01
9.758929e-01
9.910339e-01
9.904795e-01
9.744918e-01
9.517719e-01
9.244098e-01
9.278905e-01
9.542942e-01
9.758803e-01
9.910280e-01
9.904852e-01
9.745017e-01
9.517838e-01
9.244200e-01
9.278667e-01
9.542742e-01
9.758674e-01
9.910221e-01
9.904911e-01
9.745119e-01
9.517960e-01
9.244305e-01
9.278425e-01
9.542538e-01
9.758542e-01
9.910161e-01
9.908166e-01
9.771076e-01
9.581995e-01
9.376181e-01
9.414143e-01
9.648011e-01
9.819120e-01
9.933298e-01
9.908244e-01
9.771225e-01
9.582164e-01
9.376443e-01
9.413416e-01
9.646923e-01
9.818323e-01
9.932880e-01
9.908323e-01
9.771377e-01
9.582337e-01
9.376719e-01
9.412675e-01
9.645822e-01
9.817511e-01
9.932453e-01
9.908403e-01
9.771533e-01
9.582513e-01
9.377010e-01
9.411922e-01
9.644708e-01
9.816686e-01
9.932018e-01
9.908486e-01
9.771691e-01
9.582691e-01
9.377316e-01
9.411154e-01
9.643581e-01
9.815847e-01
9.931575e-01
9.908571e-01
9.771852e-01
9.582874e-01
9.377639e-01
9.410371e-01
9.642440e-01
9.814994e-01
9.931122e-01
9.908657e-01
9.772017e-01
9.583059e-01
9.377978e-01
9.409574e-01
9.641285e-01
9.814126e-01
9.930659e-01
9.908746e-01
9.772186e-01
9.583248e-01
9.378335e-01
9.408762e-01
9.640117e-01
9.813243e-01
9.930188e-01
9.908837e-01
9.772358e-01
9.583441e-01
9.378710e-01
9.407935e-01
9.638935e-01
9.812344e-01
9.929706e-01
9.908930e-01
9.772533e-01
9.583637e-01
9.379104e-01
9.407091e-01
9.637739e-01
9.811430e-01
9.929214e-01
9.909025e-01
9.772713e-01
9.583837e-01
9.379518e-01
9.406231e-01
9.636530e-01
9.810500e-01
9.928711e-01
9.909123e-01
9.772896e-01
9.584041e-01
9.379952e-01
9.405354e-01
9.635307e-01
9.809554e-01
9.928198e-01
9.909223e-01
9.773084e-01
9.584249e-01
9.380408e-01
9.404460e-01
9.634071e-01
9.808590e-01
9.927674e-01
9.909326e-01
9.773275e-01
9.584461e-01
9.380886e-01
9.403548e-01
9.632821e-01
9.807610e-01
9.927138e-01
9.909431e-01
9.773471e-01
9.584678e-01
9.381388e-01
9.402617e-01
9.631557e-01
9.806612e-01
9.926590e-01
9.909539e-01
9.773672e-01
9.584899e-01
9.381914e-01
9.401668e-01
9.630280e-01
9.805596e-01
9.926030e-01
9.939862e-01
9.864896e-01
9.761950e-01
9.636682e-01
9.647267e-01
9.765543e-01
9.867141e-01
9.940800e-01
9.939900e-01
9.864967e-01
9.762054e-01
9.636846e-01
9.647008e-01
9.765372e-01
9.867024e-01
9.940736e-01
9.939938e-01
9.865040e-01
9.762160e-01
9.637013e-01
9.646745e-01
9.765199e-01
9.866906e-01
9.940671e-01
9.939977e-01
9.865113e-01
9.762267e-01
9.637182e-01
9.646478e-01
9.765023e-01
9.866786e-01
9.940606e-01
9.940017e-01
9.865187e-01
9.762376e-01
9.637354e-01
9.646207e-01
9.764844e-01
9.866663e-01
9.940539e-01
9.940057e-01
9.865263e-01
9.762486e-01
9.637528e-01
9.645932e-01
9.764663e-01
9.866539e-01
9.940472e-01
9.940098e-01
9.865339e-01
9.762598e-01
9.637705e-01
9.645653e-01
9.764479e-01
9.866414e-01
9.940403e-01
9.940139e-01
9.865417e-01
9.762712e-01
9.637884e-01
9.645370e-01
9.764292e-01
9.866286e-01
9.940334e-01
9.940181e-01
9.865496e-01
9.762828e-01
9.638066e-01
9.645082e-01
9.764102e-01
9.866156e-01
9.940263e-01
9.940224e-01
9.865576e-01
9.762945e-01
9.638250e-01
9.644790e-01
9.763909e-01
9.866024e-01
9.940191e-01
9.940267e-01
9.865658e-01
9.763064e-01
9.638438e-01
9.644493e-01
9.763713e-01
9.865890e-01
9.940118e-01
9.940311e-01
9.865741e-01
9.763185e-01
9.638628e-01
9.644191e-01
9.763515e-01
9.865754e-01
9.940044e-01
9.940356e-01
9.865825e-01
9.763307e-01
9.638821e-01
9.643884e-01
9.763312e-01
9.865616e-01
9.939968e-01
9.940401e-01
9.865910e-01
9.763432e-01
9.639016e-01
9.643572e-01
9.763107e-01
9.865475e-01
9.939892e-01
9.940448e-01
9.865997e-01
9.763559e-01
9.639215e-01
9.643256e-01
9.762898e-01
9.865332e-01
9.939814e-01
9.940495e-01
9.866085e-01
9.763687e-01
9.639417e-01
9.642934e-01
9.762686e-01
9.865187e-01
9.939735e-01
9.942909e-01
9.872073e-01
9.774511e-01
9.654754e-01
9.657259e-01
9.770476e-01
9.868779e-01
9.940691e-01
9.942914e-01
9.872086e-01
9.774530e-01
9.654786e-01
9.657181e-01
9.770428e-01
9.868744e-01
9.940671e-01
9.942920e-01
9.872099e-01
9.774550e-01
9.654817e-01
9.657102e-01
9.770380e-01
9.868708e-01
9.940650e-01
9.942925e-01
9.872112e-01
9.774570e-01
9.654850e-01
9.657022e-01
9.770330e-01
9.868672e-01
9.940629e-01
9.942931e-01
9.872125e-01
9.774590e-01
9.654883e-01
9.656940e-01
9.770280e-01
9.868636e-01
9.940607e-01
9.942937e-01
9.872139e-01
9.774611e-01
9.654916e-01
9.656857e-01
9.770229e-01
9.868598e-01
9.940586e-01
9.942943e-01
9.872153e-01
9.774632e-01
9.654951e-01
9.656773e-01
9.770177e-01
9.868561e-01
9.940564e-01
9.942949e-01
9.872167e-01
9.774654e-01
9.654985e-01
9.656688e-01
9.770124e-01
9.868522e-01
9.940541e-01
9.942955e-01
9.872182e-01
9.774676e-01
9.655021e-01
9.656601e-01
9.770071e-01
9.868483e-01
9.940518e-01
9.942961e-01
9.872197e-01
9.774698e-01
9.655057e-01
9.656513e-01
9.770017e-01
9.868443e-01
9.940495e-01
9.942968e-01
9.872212e-01
9.774721e-01
9.655094e-01
9.656423e-01
9.769962e-01
9.868403e-01
9.940471e-01
9.942974e-01
9.872227e-01
9.774744e-01
9.655132e-01
9.656332e-01
9.769906e-01
9.868362e-01
9.940447e-01
9.942981e-01
9.872243e-01
9.774768e-01
9.655170e-01
9.656239e-01
9.769849e-01
9.868320e-01
9.940423e-01
9.942988e-01
9.872259e-01
9.774792e-01
9.655209e-01
9.656145e-01
9.769791e-01
9.868278e-01
9.940398e-01
9.942995e-01
9.872275e-01
9.774817e-01
9.655249e-01
9.656050e-01
9.769732e-01
9.868235e-01
9.940373e-01
9.943002e-01
9.872292e-01
9.774842e-01
9.655290e-01
9.655952e-01
9.769672e-01
9.868191e-01
9.940347e-01
9.943488e-01
9.873015e-01
9.775806e-01
9.656469e-01
9.656675e-01
9.770236e-01
9.868593e-01
9.940584e-01
9.943491e-01
9.873023e-01
9.775819e-01
9.656492e-01
9.656596e-01
9.770186e-01
9.868556e-01
9.940563e-01
9.943494e-01
9.873032e-01
9.775833e-01
9.656516e-01
9.656515e-01
9.770136e-01
9.868519e-01
9.940541e-01
9.943497e-01
9.873041e-01
9.775847e-01
9.656541e-01
9.656433e-01
9.770084e-01
9.868482e-01
9.940519e-01
9.943500e-01
9.873050e-01
9.775861e-01
9.656565e-01
9.656350e-01
9.770032e-01
9.868443e-01
9.940496e-01
9.943503e-01
9.873059e-01
9.775876e-01
9.656591e-01
9.656265e-01
9.769978e-01
9.868404e-01
9.940473e-01
9.943507e-01
9.873069e-01
9.775891e-01
9.656617e-01
9.656178e-01
9.769924e-01
9.868365e-01
9.940450e-01
9.943510e-01
9.873079e-01
9.775906e-01
9.656643e-01
9.656090e-01
9.769868e-01
9.868324e-01
9.940426e-01
9.943513e-01
9.873088e-01
9.775922e-01
9.656670e-01
9.656000e-01
9.769812e-01
9.868283e-01
9.940401e-01
9.943517e-01
9.873099e-01
9.775938e-01
9.656698e-01
9.655909e-01
9.769755e-01
9.868241e-01
9.940377e-01
9.943520e-01
9.873109e-01
9.775954e-01
9.656726e-01
9.655816e-01
9.769696e-01
9.868198e-01
9.940351e-01
9.943524e-01
9.873120e-01
9.775971e-01
9.656755e-01
9.655721e-01
9.769636e-01
9.868155e-01
9.940326e-01
9.943527e-01
9.873131e-01
9.775988e-01
9.656785e-01
9.655624e-01
9.769576e-01
9.868110e-01
9.940299e-01
9.943531e-01
9.873142e-01
9.776005e-01
9.656815e-01
9.655526e-01
9.769514e-01
9.868065e-01
9.940273e-01
9.943535e-01
9.873153e-01
9.776023e-01
9.656847e-01
9.655425e-01
9.769451e-01
9.868019e-01
9.940245e-01
9.943539e-01
9.873165e-01
9.776042e-01
9.656878e-01
9.655323e-01
9.769386e-01
9.867971e-01
9.940217e-01
9.944038e-01
9.873902e-01
9.777023e-01
9.658085e-01
9.656076e-01
9.770000e-01
9.868420e-01
9.940490e-01
9.944040e-01
9.873911e-01
9.777037e-01
9.658109e-01
9.655977e-01
9.769937e-01
9.868375e-01
9.940463e-01
9.944043e-01
9.873920e-01
9.777051e-01
9.658135e-01
9.655876e-01
9.769873e-01
9.868328e-01
9.940436e-01
9.944046e-01
9.873929e-01
9.777066e-01
9.658160e-01
9.655773e-01
9.769807e-01
9.868280e-01
9.940407e-01
9.944050e-01
9.873939e-01
9.777080e-01
9.658186e-01
9.655667e-01
9.769740e-01
9.868232e-01
9.940378e-01
9.944053e-01
9.873949e-01
9.777096e-01
9.658213e-01
9.655559e-01
9.769672e-01
9.868182e-01
9.940349e-01
9.944056e-01
9.873959e-01
9.777111e-01
9.658241e-01
9.655449e-01
9.769602e-01
9.868131e-01
9.940319e-01
9.944059e-01
9.873969e-01
9.777127e-01
9.658269e-01
9.655336e-01
9.769530e-01
9.868079e-01
9.940288e-01
9.944063e-01
9.873979e-01
9.777144e-01
9.658298e-01
9.655221e-01
9.769457e-01
9.868026e-01
9.940256e-01
9.944066e-01
9.873990e-01
9.777160e-01
9.658328e-01
9.655103e-01
9.769383e-01
9.867971e-01
9.940224e-01
9.944070e-01
9.874001e-01
9.777178e-01
9.658359e-01
9.654983e-01
9.769306e-01
9.867916e-01
9.940191e-01
9.944074e-01
9.874013e-01
9.777195e-01
9.658390e-01
9.654860e-01
9.769228e-01
9.867859e-01
9.940157e-01
9.944078e-01
9.874025e-01
9.777214e-01
9.658422e-01
9.654734e-01
9.769148e-01
9.867800e-01
9.940123e-01
9.944082e-01
9.874037e-01
9.777232e-01
9.658455e-01
9.654605e-01
9.769066e-01
9.867741e-01
9.940087e-01
9.944086e-01
9.874049e-01
9.777252e-01
9.658489e-01
9.654473e-01
9.768982e-01
9.867680e-01
9.940051e-01
9.944090e-01
9.874062e-01
9.777271e-01
9.658524e-01
9.654338e-01
9.768897e-01
9.867617e-01
9.940014e-01
9.942068e-01
9.871033e-01
9.773745e-01
9.657612e-01
9.653854e-01
9.773274e-01
9.870413e-01
9.941416e-01
9.942108e-01
9.871139e-01
9.773945e-01
9.657994e-01
9.653495e-01
9.773114e-01
9.870326e-01
9.941369e-01
9.942149e-01
9.871249e-01
9.774152e-01
9.658388e-01
9.653129e-01
9.772950e-01
9.870236e-01
9.941321e-01
9.942190e-01
9.871361e-01
9.774364e-01
9.658795e-01
9.652754e-01
9.772782e-01
9.870144e-01
9.941271e-01
9.942233e-01
9.871477e-01
9.774583e-01
9.659215e-01
9.652371e-01
9.772609e-01
9.870050e-01
9.941220e-01
9.942277e-01
9.871595e-01
9.774808e-01
9.659649e-01
9.651979e-01
9.772431e-01
9.869953e-01
9.941169e-01
9.942322e-01
9.871717e-01
9.775041e-01
9.660097e-01
9.651578e-01
9.772249e-01
9.869855e-01
9.941116e-01
9.942369e-01
9.871843e-01
9.775281e-01
9.660560e-01
9.651168e-01
9.772062e-01
9.869753e-01
9.941061e-01
9.942416e-01
9.871972e-01
9.775528e-01
9.661039e-01
9.650748e-01
9.771869e-01
9.869649e-01
9.941006e-01
9.942465e-01
9.872105e-01
9.775784e-01
9.661534e-01
9.650319e-01
9.771671e-01
9.869542e-01
9.940949e-01
9.942516e-01
9.872243e-01
9.776047e-01
9.662046e-01
9.649879e-01
9.771467e-01
9.869433e-01
9.940891e-01
9.942567e-01
9.872384e-01
9.776320e-01
9.662577e-01
9.649429e-01
9.771257e-01
9.869320e-01
9.940831e-01
9.942620e-01
9.872529e-01
9.776602e-01
9.663126e-01
9.648968e-01
9.771041e-01
9.869205e-01
9.940770e-01
9.942675e-01
9.872680e-01
9.776894e-01
9.663696e-01
9.648496e-01
9.770818e-01
9.869086e-01
9.940707e-01
9.942731e-01
9.872834e-01
9.777196e-01
9.664287e-01
9.648012e-01
9.770589e-01
9.868964e-01
9.940643e-01
9.942790e-01
9.872994e-01
9.777508e-01
9.664900e-01
9.647517e-01
9.770352e-01
9.868838e-01
9.940577e-01
9.941109e-01
9.871038e-01
9.775514e-01
9.656179e-01
9.637478e-01
9.780439e-01
9.874717e-01
9.943070e-01
9.941132e-01
9.871167e-01
9.775939e-01
9.657597e-01
9.637234e-01
9.780320e-01
9.874753e-01
9.943117e-01
9.941155e-01
9.871302e-01
9.776387e-01
9.659098e-01
9.637011e-01
9.780198e-01
9.874790e-01
9.943166e-01
9.941179e-01
9.871445e-01
9.776860e-01
9.660688e-01
9.636810e-01
9.780073e-01
9.874830e-01
9.943218e-01
9.941204e-01
9.871594e-01
9.777361e-01
9.662371e-01
9.636637e-01
9.779943e-01
9.874872e-01
9.943273e-01
9.941229e-01
9.871752e-01
9.777889e-01
9.664155e-01
9.636493e-01
9.779810e-01
9.874916e-01
9.943331e-01
9.941256e-01
9.871919e-01
9.778449e-01
9.666045e-01
9.636386e-01
9.779673e-01
9.874962e-01
9.943392e-01
9.941284e-01
9.872095e-01
9.779040e-01
9.668049e-01
9.636319e-01
9.779531e-01
9.875012e-01
9.943457e-01
9.941314e-01
9.872280e-01
9.779667e-01
9.670174e-01
9.636298e-01
9.779386e-01
9.875064e-01
9.943526e-01
9.941344e-01
9.872476e-01
9.780331e-01
9.672428e-01
9.636298e-01
9.779235e-01
9.875119e-01
9.943599e-01
9.941376e-01
9.872684e-01
9.781034e-01
9.674820e-01
9.636331e-01
9.779080e-01
9.875178e-01
9.943677e-01
9.941409e-01
9.872903e-01
9.781781e-01
9.677358e-01
9.636425e-01
9.778919e-01
9.875241e-01
9.943759e-01
9.941444e-01
9.873136e-01
9.782574e-01
9.680052e-01
9.636590e-01
9.778754e-01
9.875307e-01
9.943847e-01
9.941480e-01
9.873382e-01
9.783415e-01
9.682912e-01
9.636834e-01
9.778583e-01
9.875378e-01
9.943940e-01
9.941518e-01
9.873644e-01
9.784310e-01
9.685949e-01
9.637170e-01
9.778405e-01
9.875453e-01
9.944039e-01
9.941558e-01
9.873921e-01
9.785262e-01
9.689175e-01
9.637611e-01
9.778222e-01
9.875533e-01
9.944145e-01
SCALARS aspect_ratio double 1
LOOKUP_TABLE default
2.196465e+01
2.014664e+01
1.851648e+01
1.681950e+01
1.617449e+01
1.635184e+01
1.605542e+01
1.575234e+01
1.859031e+01
1.825551e+01
1.775459e+01
1.676935e+01
1.674460e+01
1.776489e+01
1.827994e+01
1.863551e+01
1.848556e+01
1.815265e+01
1.765455e+01
1.667486e+01
1.665024e+01
1.766479e+01
1.817694e+01
1.853050e+01
1.838081e+01
1.804979e+01
1.755451e+01
1.658037e+01
1.655589e+01
1.756469e+01
1.807394e+01
1.842549e+01
1.827606e+01
1.794693e+01
1.745447e+01
1.648588e+01
1.646155e+01
1.746459e+01
1.797094e+01
1.832049e+01
1.817132e+01
1.784407e+01
1.735444e+01
1.639140e+01
1.636721e+01
1.736450e+01
1.786795e+01
1.821550e+01
1.806658e+01
1.774122e+01
1.725441e+01
1.629692e+01
1.627287e+01
1.726442e+01
1.776496e+01
1.811051e+01
1.796185e+01
1.763837e+01
1.715439e+01
1.620245e+01
1.617853e+01
1.716433e+01
1.766198e+01
1.800552e+01
1.785712e+01
1.753553e+01
1.705436e+01
1.610798e+01
1.608420e+01
1.706425e+01
1.755899e+01
1.790053e+01
1.775239e+01
1.743269e+01
1.695435e+01
1.601351e+01
1.598987e+01
1.696418e+01
1.745602e+01
1.779555e+01
1.764767e+01
1.732985e+01
1.685433e+01
1.591905e+01
1.589555e+01
1.686410e+01
1.735304e+01
1.769058e+01
1.754295e+01
1.722702e+01
1.675432e+01
1.582459e+01
1.580123e+01
1.676404e+01
1.725007e+01
1.758561e+01
1.743824e+01
1.712420e+01
1.665432e+01
1.573013e+01
1.570691e+01
1.666397e+01
1.714711e+01
1.748064e+01
1.733353e+01
1.702137e+01
1.655432e+01
1.563568e+01
1.561260e+01
1.656391e+01
1.704415e+01
1.737567e+01
1.722883e+01
1.691855e+01
1.645432e+01
1.554123e+01
1.551829e+01
1.646386e+01
1.694119e+01
1.727072e+01
1.712413e+01
1.681574e+01
1.635433e+01
1.544679e+01
1.542399e+01
1.636381e+01
1.683824e+01
1.716576e+01
1.697882e+01
1.659963e+01
1.604439e+01
1.504518e+01
1.501961e+01
1.604227e+01
1.660164e+01
1.699206e+01
1.686237e+01
1.648578e+01
1.593435e+01
1.494199e+01
1.491660e+01
1.593224e+01
1.648778e+01
1.687552e+01
1.674593e+01
1.637194e+01
1.582431e+01
1.483881e+01
1.481359e+01
1.582222e+01
1.637392e+01
1.675898e+01
1.662949e+01
1.625810e+01
1.571428e+01
1.473563e+01
1.471058e+01
1.571220e+01
1.626006e+01
1.664245e+01
1.651305e+01
1.614426e+01
1.560425e+01
1.463245e+01
1.460758e+01
1.560218e+01
1.614621e+01
1.652592e+01
1.639661e+01
1.603042e+01
1.549422e+01
1.452928e+01
1.450458e+01
1.549217e+01
1.603236e+01
1.640940e+01
1.628018e+01
1.591659e+01
1.538420e+01
1.442610e+01
1.440159e+01
1.538216e+01
1.591852e+01
1.629287e+01
1.616375e+01
1.580276e+01
1.527418e+01
1.432294e+01
1.429859e+01
1.527216e+01
1.580468e+01
1.617635e+01
1.604733e+01
1.568894e+01
1.516416e+01
1.421977e+01
1.419560e+01
1.516215e+01
1.569084e+01
1.605984e+01
1.593091e+01
1.557512e+01
1.505415e+01
1.411661e+01
1.409262e+01
1.505215e+01
1.557700e+01
1.594333e+01
1.581449e+01
1.546130e+01
1.494414e+01
1.401345e+01
1.398963e+01
1.494216e+01
1.546317e+01
1.582682e+01
1.569808e+01
1.534749e+01
1.483413e+01
1.391030e+01
1.388665e+01
1.483217e+01
1.534934e+01
1.571032e+01
1.558167e+01
1.523368e+01
1.472413e+01
1.380714e+01
1.378368e+01
1.472218e+01
1.523552e+01
1.559382e+01
1.546526e+01
1.511987e+01
1.461413e+01
1.370400e+01
1.368070e+01
1.461220e+01
1.512170e+01
1.547732e+01
1.534886e+01
1.500607e+01
1.450413e+01
1.360085e+01
1.357773e+01
1.450222e+01
1.500789e+01
1.536083e+01
1.523247e+01
1.489228e+01
1.439414e+01
1.349771e+01
1.347477e+01
1.439224e+01
1.489408e+01
1.524434e+01
1.514254e+01
1.484954e+01
1.441586e+01
1.358794e+01
1.356608e+01
1.441799e+01
1.485804e+01
1.516303e+01
1.503451e+01
1.474360e+01
1.431302e+01
1.349100e+01
1.346930e+01
1.431512e+01
1.475204e+01
1.505485e+01
1.492648e+01
1.463766e+01
1.421018e+01
1.339407e+01
1.337252e+01
1.421227e+01
1.464604e+01
1.494668e+01
1.481846e+01
1.453173e+01
1.410734e+01
1.329713e+01
1.327574e+01
1.410941e+01
1.454005e+01
1.483851e+01
1.471044e+01
1.442580e+01
1.400450e+01
1.320020e+01
1.317897e+01
1.400656e+01
1.443406e+01
1.473034e+01
1.460242e+01
1.431987e+01
1.390166e+01
1.310328e+01
1.308219e+01
1.390371e+01
1.432807e+01
1.462218e+01
1.449440e+01
1.421394e+01
1.379883e+01
1.300635e+01
1.298542e+01
1.380086e+01
1.422208e+01
1.451402e+01
1.438639e+01
1.410802e+01
1.369600e+01
1.290943e+01
1.288866e+01
1.369802e+01
1.411610e+01
1.440586e+01
1.427838e+01
1.400210e+01
1.359318e+01
1.281251e+01
1.279189e+01
1.359518e+01
1.401012e+01
1.429771e+01
1.417038e+01
1.389619e+01
1.349036e+01
1.271559e+01
1.269513e+01
1.349234e+01
1.390415e+01
1.418955e+01
1.406238e+01
1.379028e+01
1.338754e+01
1.261868e+01
1.259837e+01
1.338951e+01
1.379817e+01
1.408141e+01
1.395438e+01
1.368437e+01
1.328472e+01
1.252177e+01
1.250162e+01
1.328668e+01
1.369220e+01
1.397326e+01
1.384638e+01
1.357846e+01
1.318191e+01
1.242486e+01
1.240487e+01
1.318385e+01
1.358624e+01
1.386512e+01
1.373839e+01
1.347256e+01
1.307910e+01
1.232796e+01
1.230812e+01
1.308103e+01
1.348028e+01
1.375698e+01
1.363041e+01
1.336666e+01
1.297630e+01
1.223106e+01
1.221137e+01
1.297821e+01
1.337432e+01
1.364885e+01
1.352242e+01
1.326077e+01
1.287350e+01
1.213416e+01
1.211463e+01
1.287539e+01
1.326836e+01
1.354072e+01
1.352828e+01
1.331117e+01
1.298507e+01
1.231168e+01
1.228202e+01
1.295211e+01
1.325309e+01
1.344901e+01
1.342947e+01
1.321395e+01
1.289023e+01
1.222176e+01
1.219232e+01
1.285751e+01
1.315630e+01
1.335079e+01
1.333067e+01
1.311674e+01
1.279540e+01
1.213184e+01
1.210262e+01
1.276292e+01
1.305951e+01
1.325257e+01
1.323187e+01
1.301952e+01
1.270057e+01
1.204193e+01
1.201292e+01
1.266833e+01
1.296272e+01
1.315435e+01
1.313308e+01
1.292231e+01
1.260574e+01
1.195201e+01
1.192323e+01
1.257374e+01
1.286593e+01
1.305613e+01
1.303428e+01
1.282510e+01
1.251091e+01
1.186211e+01
1.183353e+01
1.247915e+01
1.276915e+01
1.295791e+01
1.293549e+01
1.272790e+01
1.241609e+01
1.177220e+01
1.174384e+01
1.238457e+01
1.267236e+01
1.285970e+01
1.283670e+01
1.263070e+01
1.232127e+01
1.168230e+01
1.165416e+01
1.228999e+01
1.257559e+01
1.276149e+01
1.273792e+01
1.253350e+01
1.222645e+01
1.159239e+01
1.156447e+01
1.219541e+01
1.247881e+01
1.266329e+01
1.263914e+01
1.243630e+01
1.213163e+01
1.150250e+01
1.147479e+01
1.210083e+01
1.238204e+01
1.256508e+01
1.254036e+01
1.233911e+01
1.203682e+01
1.141260e+01
1.138511e+01
1.200626e+01
1.228527e+01
1.246688e+01
1.244158e+01
1.224191e+01
1.194201e+01
1.132271e+01
1.129543e+01
1.191169e+01
1.218850e+01
1.236868e+01
1.234281e+01
1.214473e+01
1.184720e+01
1.123282e+01
1.120576e+01
1.181713e+01
1.209174e+01
1.227049e+01
1.224404e+01
1.204754e+01
1.175240e+01
1.114293e+01
1.111609e+01
1.172256e+01
1.199498e+01
1.217230e+01
1.214527e+01
1.195036e+01
1.165760e+01
1.105304e+01
1.102642e+01
1.162801e+01
1.189822e+01
1.207411e+01
1.204651e+01
1.185318e+01
1.156280e+01
1.096316e+01
1.093676e+01
1.153345e+01
1.180147e+01
1.197593e+01
1.201243e+01
1.186857e+01
1.164711e+01
1.112397e+01
1.109373e+01
1.160568e+01
1.179485e+01
1.190977e+01
1.192609e+01
1.178326e+01
1.156340e+01
1.104401e+01
1.101399e+01
1.152226e+01
1.171007e+01
1.182417e+01
1.183975e+01
1.169795e+01
1.147968e+01
1.096406e+01
1.093426e+01
1.143885e+01
1.162530e+01
1.173857e+01
1.175341e+01
1.161265e+01
1.139597e+01
1.088411e+01
1.085452e+01
1.135543e+01
1.154052e+01
1.165297e+01
1.166708e+01
1.152735e+01
1.131226e+01
1.080416e+01
1.077479e+01
1.127202e+01
1.145575e+01
1.156737e+01
1.158075e+01
1.144205e+01
1.122856e+01
1.072421e+01
1.069506e+01
1.118861e+01
1.137098e+01
1.148178e+01
1.149442e+01
1.135676e+01
1.114485e+01
1.064427e+01
1.061533e+01
1.110521e+01
1.128622e+01
1.139619e+01
1.140809e+01
1.127146e+01
1.106115e+01
1.056433e+01
1.053561e+01
1.102180e+01
1.120146e+01
1.131060e+01
1.132177e+01
1.118617e+01
1.097745e+01
1.048439e+01
1.045589e+01
1.093840e+01
1.111669e+01
1.122501e+01
1.123545e+01
1.110089e+01
1.089376e+01
1.040445e+01
1.037617e+01
1.085500e+01
1.103194e+01
1.113943e+01
1.114913e+01
1.101560e+01
1.081006e+01
1.032452e+01
1.029645e+01
1.077161e+01
1.094718e+01
1.105384e+01
1.106281e+01
1.093032e+01
1.072637e+01
1.024459e+01
1.021674e+01
1.068821e+01
1.086243e+01
1.096827e+01
1.097650e+01
1.084504e+01
1.064268e+01
1.016466e+01
1.013702e+01
1.060482e+01
1.077768e+01
1.088269e+01
1.089019e+01
1.075976e+01
1.055900e+01
1.008473e+01
1.005732e+01
1.052144e+01
1.069293e+01
1.079712e+01
1.080388e+01
1.067449e+01
1.047532e+01
1.000481e+01
9.977610e+00
1.043805e+01
1.060819e+01
1.071155e+01
1.071758e+01
1.058922e+01
1.039164e+01
9.924885e+00
9.897908e+00
1.035467e+01
1.052345e+01
1.062598e+01
1.059531e+01
1.046088e+01
1.025069e+01
9.770004e+00
9.747351e+00
1.022746e+01
1.041950e+01
1.053884e+01
1.050438e+01
1.037110e+01
1.016271e+01
9.686271e+00
9.663603e+00
1.013969e+01
1.033008e+01
1.044839e+01
1.041345e+01
1.028132e+01
1.007474e+01
9.602540e+00
9.579856e+00
1.005192e+01
1.024066e+01
1.035795e+01
1.032252e+01
1.019155e+01
9.986776e+00
9.518811e+00
9.496111e+00
9.964150e+00
1.015124e+01
1.026751e+01
1.023160e+01
1.010178e+01
9.898810e+00
9.435082e+00
9.412367e+00
9.876384e+00
1.006183e+01
1.017707e+01
1.014067e+01
1.001201e+01
9.810845e+00
9.351356e+00
9.328626e+00
9.788619e+00
9.972417e+00
1.008664e+01
1.004975e+01
9.922243e+00
9.722883e+00
9.267631e+00
9.244886e+00
9.700856e+00
9.883006e+00
9.996200e+00
9.958834e+00
9.832479e+00
9.634922e+00
9.183908e+00
9.161148e+00
9.613095e+00
9.793597e+00
9.905767e+00
9.867918e+00
9.742716e+00
9.546964e+00
9.100187e+00
9.077412e+00
9.525335e+00
9.704190e+00
9.815336e+00
9.777004e+00
9.652956e+00
9.459008e+00
9.016467e+00
8.993678e+00
9.437578e+00
9.614785e+00
9.724907e+00
9.686093e+00
9.563198e+00
9.371054e+00
8.932749e+00
8.909946e+00
9.349822e+00
9.525381e+00
9.634480e+00
9.595185e+00
9.473443e+00
9.283102e+00
8.849033e+00
8.826217e+00
9.262068e+00
9.435980e+00
9.544055e+00
9.504279e+00
9.383690e+00
9.195152e+00
8.765319e+00
8.742489e+00
9.174316e+00
9.346581e+00
9.453632e+00
9.413375e+00
9.293940e+00
9.107205e+00
8.681607e+00
8.658764e+00
9.086567e+00
9.257184e+00
9.363211e+00
9.322475e+00
9.204193e+00
9.019261e+00
8.597896e+00
8.575041e+00
8.998819e+00
9.167789e+00
9.272793e+00
9.231578e+00
9.114448e+00
8.931319e+00
8.514188e+00
8.491320e+00
8.911074e+00
9.078397e+00
9.182377e+00
9.169780e+00
9.066219e+00
8.909836e+00
8.541618e+00
8.520648e+00
8.886964e+00
8.984684e+00
9.032822e+00
9.088696e+00
8.986162e+00
8.831234e+00
8.472457e+00
8.438780e+00
8.807744e+00
8.904868e+00
8.952829e+00
9.007633e+00
8.906112e+00
8.752632e+00
8.403362e+00
8.356924e+00
8.728625e+00
8.825121e+00
8.872875e+00
8.926591e+00
8.826070e+00
8.674031e+00
8.334335e+00
8.275078e+00
8.649609e+00
8.745444e+00
8.792959e+00
8.845571e+00
8.746035e+00
8.595430e+00
8.265377e+00
8.193244e+00
8.570699e+00
8.665839e+00
8.713082e+00
8.764573e+00
8.666009e+00
8.516830e+00
8.196492e+00
8.111422e+00
8.491898e+00
8.586308e+00
8.633247e+00
8.683598e+00
8.585990e+00
8.438231e+00
8.127680e+00
8.029612e+00
8.413209e+00
8.506853e+00
8.553453e+00
8.602646e+00
8.505980e+00
8.359632e+00
8.058944e+00
7.947815e+00
8.334635e+00
8.427477e+00
8.473702e+00
8.521719e+00
8.425979e+00
8.281033e+00
7.990284e+00
7.866031e+00
8.256179e+00
8.348181e+00
8.393996e+00
8.440818e+00
8.345986e+00
8.202436e+00
7.921705e+00
7.784260e+00
8.177845e+00
8.268968e+00
8.314335e+00
8.359941e+00
8.266002e+00
8.123839e+00
7.853206e+00
7.702504e+00
8.099636e+00
8.189840e+00
8.234721e+00
8.279092e+00
8.186028e+00
8.045242e+00
7.784791e+00
7.620761e+00
8.021557e+00
8.110800e+00
8.155156e+00
8.198269e+00
8.106064e+00
7.966647e+00
7.716462e+00
7.539034e+00
7.943610e+00
8.031850e+00
8.075640e+00
8.117475e+00
8.026109e+00
7.888052e+00
7.648221e+00
7.457321e+00
7.865799e+00
7.952994e+00
7.996175e+00
8.036710e+00
7.946165e+00
7.809458e+00
7.580071e+00
7.375625e+00
7.788130e+00
7.874233e+00
7.916763e+00
7.955974e+00
7.866231e+00
7.730864e+00
7.512013e+00
7.293944e+00
7.710605e+00
7.795571e+00
7.837405e+00
7.887153e+00
7.836942e+00
7.763537e+00
7.616768e+00
7.379656e+00
7.747575e+00
7.812695e+00
7.855872e+00
7.831113e+00
7.781261e+00
7.708382e+00
7.563101e+00
7.326713e+00
7.692538e+00
7.757196e+00
7.800066e+00
7.775074e+00
7.725582e+00
7.653229e+00
7.509434e+00
7.273770e+00
7.637501e+00
7.701698e+00
7.744261e+00
7.719037e+00
7.669904e+00
7.598075e+00
7.455768e+00
7.220828e+00
7.582464e+00
7.646199e+00
7.688455e+00
7.663001e+00
7.614227e+00
7.542923e+00
7.402101e+00
7.167886e+00
7.527428e+00
7.590700e+00
7.632649e+00
7.606967e+00
7.558552e+00
7.487771e+00
7.348434e+00
7.114944e+00
7.472391e+00
7.535201e+00
7.576844e+00
7.550935e+00
7.502877e+00
7.432620e+00
7.294767e+00
7.062002e+00
7.417354e+00
7.479703e+00
7.521039e+00
7.494904e+00
7.447204e+00
7.377469e+00
7.241100e+00
7.009061e+00
7.362317e+00
7.424204e+00
7.465233e+00
7.438875e+00
7.391532e+00
7.322319e+00
7.187433e+00
6.956120e+00
7.307281e+00
7.368705e+00
7.409428e+00
7.382847e+00
7.335861e+00
7.267169e+00
7.133767e+00
6.903180e+00
7.252244e+00
7.313207e+00
7.353623e+00
7.326821e+00
7.280192e+00
7.212021e+00
7.080100e+00
6.850239e+00
7.197208e+00
7.257708e+00
7.297818e+00
7.270797e+00
7.224524e+00
7.156873e+00
7.026433e+00
6.797299e+00
7.142171e+00
7.202210e+00
7.242014e+00
7.214775e+00
7.168857e+00
7.101725e+00
6.972767e+00
6.744360e+00
7.087135e+00
7.146712e+00
7.186209e+00
7.158755e+00
7.113192e+00
7.046579e+00
6.919100e+00
6.691421e+00
7.032099e+00
7.091213e+00
7.130404e+00
7.102737e+00
7.057528e+00
6.991433e+00
6.865434e+00
6.638482e+00
6.977063e+00
7.035715e+00
7.074600e+00
7.046720e+00
7.001865e+00
6.936288e+00
6.811767e+00
6.585544e+00
6.922027e+00
6.980217e+00
7.018795e+00
6.969426e+00
6.929100e+00
6.869538e+00
6.752521e+00
6.530464e+00
6.864436e+00
6.923142e+00
6.962959e+00
6.914983e+00
6.874972e+00
6.815876e+00
6.699772e+00
6.479450e+00
6.810814e+00
6.869060e+00
6.908566e+00
6.860541e+00
6.820845e+00
6.762214e+00
6.647024e+00
6.428436e+00
6.757191e+00
6.814980e+00
6.854175e+00
6.806099e+00
6.766718e+00
6.708552e+00
6.594277e+00
6.377424e+00
6.703570e+00
6.760900e+00
6.799784e+00
6.751658e+00
6.712592e+00
6.654892e+00
6.541530e+00
6.326412e+00
6.649949e+00
6.706820e+00
6.745393e+00
6.697218e+00
6.658467e+00
6.601232e+00
6.488784e+00
6.275400e+00
6.596329e+00
6.652742e+00
6.691004e+00
6.642779e+00
6.604343e+00
6.547572e+00
6.436039e+00
6.224390e+00
6.542710e+00
6.598664e+00
6.636615e+00
6.588340e+00
6.550219e+00
6.493914e+00
6.383295e+00
6.173380e+00
6.489091e+00
6.544587e+00
6.582227e+00
6.533902e+00
6.496096e+00
6.440257e+00
6.330551e+00
6.122371e+00
6.435473e+00
6.490510e+00
6.527839e+00
6.479465e+00
6.441974e+00
6.386600e+00
6.277808e+00
6.071363e+00
6.381856e+00
6.436435e+00
6.473453e+00
6.425029e+00
6.387853e+00
6.332944e+00
6.225066e+00
6.020355e+00
6.328240e+00
6.382360e+00
6.419067e+00
6.370594e+00
6.333733e+00
6.279289e+00
6.172325e+00
5.969348e+00
6.274625e+00
6.328286e+00
6.364682e+00
6.316159e+00
6.279613e+00
6.225634e+00
6.119585e+00
5.918343e+00
6.221011e+00
6.274213e+00
6.310298e+00
6.261726e+00
6.225495e+00
6.171981e+00
6.066845e+00
5.867338e+00
6.167397e+00
6.220142e+00
6.255915e+00
6.207293e+00
6.171377e+00
6.118329e+00
6.014107e+00
5.816333e+00
6.113785e+00
6.166070e+00
6.201533e+00
6.152862e+00
6.117260e+00
6.064677e+00
5.961369e+00
5.765330e+00
6.060173e+00
6.112000e+00
6.147152e+00
6.095601e+00
6.060655e+00
6.008912e+00
5.906927e+00
5.712947e+00
6.005251e+00
6.056719e+00
6.091659e+00
6.041192e+00
6.006558e+00
5.955277e+00
5.854202e+00
5.661953e+00
5.951648e+00
6.002656e+00
6.037285e+00
5.986783e+00
5.952461e+00
5.901642e+00
5.801477e+00
5.610960e+00
5.898046e+00
5.948595e+00
5.982911e+00
5.932375e+00
5.898365e+00
5.848008e+00
5.748753e+00
5.559967e+00
5.844444e+00
5.894534e+00
5.928539e+00
5.877967e+00
5.844269e+00
5.794374e+00
5.696029e+00
5.508975e+00
5.790843e+00
5.840473e+00
5.874166e+00
5.823560e+00
5.790174e+00
5.740741e+00
5.643306e+00
5.457984e+00
5.737243e+00
5.786414e+00
5.819795e+00
5.769154e+00
5.736080e+00
5.687108e+00
5.590584e+00
5.406993e+00
5.683643e+00
5.732354e+00
5.765424e+00
5.714749e+00
5.681987e+00
5.633477e+00
5.537863e+00
5.356003e+00
5.630044e+00
5.678296e+00
5.711053e+00
5.660344e+00
5.627894e+00
5.579845e+00
5.485142e+00
5.305013e+00
5.576445e+00
5.624238e+00
5.656683e+00
5.605940e+00
5.573801e+00
5.526215e+00
5.432421e+00
5.254024e+00
5.522847e+00
5.570181e+00
5.602315e+00
5.551536e+00
5.519710e+00
5.472585e+00
5.379702e+00
5.203036e+00
5.469250e+00
5.516124e+00
5.547946e+00
5.497134e+00
5.465619e+00
5.418956e+00
5.326983e+00
5.152049e+00
5.415654e+00
5.462069e+00
5.493579e+00
5.442732e+00
5.411529e+00
5.365328e+00
5.274265e+00
5.101062e+00
5.362059e+00
5.408014e+00
5.439212e+00
5.388331e+00
5.357440e+00
5.311700e+00
5.221548e+00
5.050076e+00
5.308464e+00
5.353960e+00
5.384846e+00
5.333930e+00
5.303351e+00
5.258074e+00
5.168831e+00
4.999091e+00
5.254870e+00
5.299907e+00
5.330481e+00
5.279531e+00
5.249264e+00
5.204448e+00
5.116115e+00
4.948106e+00
5.201277e+00
5.245854e+00
5.276117e+00
5.223712e+00
5.193938e+00
5.149783e+00
5.062577e+00
4.896417e+00
5.146915e+00
5.190992e+00
5.220908e+00
5.169327e+00
5.139863e+00
5.096168e+00
5.009869e+00
4.845440e+00
5.093330e+00
5.136948e+00
5.166552e+00
5.114943e+00
5.085788e+00
5.042553e+00
4.957162e+00
4.794463e+00
5.039745e+00
5.082904e+00
5.112197e+00
5.060559e+00
5.031715e+00
4.988939e+00
4.904456e+00
4.743486e+00
4.986161e+00
5.028861e+00
5.057842e+00
5.006176e+00
4.977641e+00
4.935325e+00
4.851750e+00
4.692510e+00
4.932577e+00
4.974818e+00
5.003488e+00
4.951793e+00
4.923568e+00
4.881712e+00
4.799045e+00
4.641535e+00
4.878993e+00
4.920776e+00
4.949135e+00
4.897411e+00
4.869496e+00
4.828100e+00
4.746340e+00
4.590560e+00
4.825411e+00
4.866734e+00
4.894782e+00
4.843029e+00
4.815424e+00
4.774487e+00
4.693636e+00
4.539586e+00
4.771828e+00
4.812693e+00
4.840429e+00
4.788648e+00
4.761353e+00
4.720876e+00
4.640932e+00
4.488612e+00
4.718247e+00
4.758652e+00
4.786077e+00
4.734267e+00
4.707282e+00
4.667265e+00
4.588229e+00
4.437638e+00
4.664666e+00
4.704612e+00
4.731726e+00
4.679887e+00
4.653212e+00
4.613655e+00
4.535527e+00
4.386666e+00
4.611085e+00
4.650573e+00
4.677375e+00
4.625508e+00
4.599143e+00
4.560045e+00
4.482825e+00
4.335694e+00
4.557505e+00
4.596534e+00
4.623025e+00
4.571129e+00
4.545074e+00
4.506436e+00
4.430123e+00
4.284722e+00
4.503926e+00
4.542496e+00
4.568675e+00
4.516751e+00
4.491006e+00
4.452827e+00
4.377423e+00
4.233751e+00
4.450348e+00
4.488459e+00
4.514327e+00
4.462374e+00
4.436939e+00
4.399220e+00
4.324723e+00
4.182781e+00
4.396770e+00
4.434422e+00
4.459978e+00
4.407997e+00
4.382872e+00
4.345613e+00
4.272024e+00
4.131812e+00
4.343193e+00
4.380387e+00
4.405631e+00
4.359167e+00
4.333103e+00
4.294696e+00
4.221197e+00
4.080617e+00
4.290748e+00
4.326432e+00
4.350644e+00
4.305029e+00
4.279268e+00
4.241295e+00
4.169885e+00
4.027017e+00
4.237466e+00
4.272690e+00
4.296569e+00
4.250892e+00
4.225435e+00
4.187902e+00
4.118589e+00
3.973429e+00
4.184184e+00
4.218950e+00
4.242501e+00
4.196755e+00
4.171606e+00
4.134519e+00
4.067310e+00
3.919852e+00
4.130902e+00
4.165214e+00
4.188439e+00
4.142618e+00
4.117781e+00
4.081144e+00
4.016050e+00
3.866287e+00
4.077619e+00
4.111480e+00
4.134384e+00
4.088481e+00
4.063960e+00
4.027780e+00
3.964808e+00
3.812735e+00
4.024337e+00
4.057749e+00
4.080336e+00
4.034345e+00
4.010143e+00
3.974425e+00
3.913585e+00
3.759195e+00
3.971055e+00
4.004021e+00
4.026295e+00
3.980209e+00
3.956330e+00
3.921081e+00
3.862383e+00
3.705669e+00
3.917773e+00
3.950297e+00
3.972262e+00
3.926073e+00
3.902521e+00
3.867747e+00
3.811202e+00
3.652157e+00
3.864491e+00
3.896576e+00
3.918237e+00
3.871938e+00
3.848717e+00
3.814425e+00
3.760042e+00
3.598659e+00
3.811209e+00
3.842859e+00
3.864221e+00
3.817802e+00
3.794918e+00
3.761114e+00
3.708906e+00
3.545177e+00
3.757928e+00
3.789145e+00
3.810213e+00
3.763668e+00
3.741124e+00
3.707816e+00
3.657793e+00
3.491711e+00
3.704646e+00
3.735435e+00
3.756214e+00
3.709533e+00
3.687335e+00
3.654531e+00
3.606704e+00
3.438262e+00
3.651364e+00
3.681730e+00
3.702225e+00
3.655399e+00
3.633551e+00
3.601258e+00
3.555642e+00
3.384831e+00
3.598082e+00
3.628028e+00
3.648245e+00
3.601265e+00
3.579773e+00
3.548000e+00
3.504606e+00
3.331418e+00
3.544801e+00
3.574331e+00
3.594276e+00
3.547132e+00
3.526000e+00
3.494757e+00
3.453599e+00
3.278024e+00
3.491519e+00
3.520639e+00
3.540318e+00
3.487438e+00
3.467082e+00
3.436487e+00
3.393861e+00
3.214411e+00
3.436229e+00
3.464450e+00
3.484009e+00
3.434676e+00
3.414374e+00
3.383848e+00
3.340652e+00
3.152119e+00
3.384245e+00
3.412008e+00
3.431069e+00
3.381919e+00
3.361702e+00
3.331290e+00
3.287642e+00
3.089947e+00
3.332263e+00
3.359578e+00
3.378164e+00
3.329167e+00
3.309067e+00
3.278816e+00
3.234840e+00
3.027902e+00
3.280285e+00
3.307161e+00
3.325297e+00
3.276419e+00
3.256473e+00
3.226431e+00
3.182258e+00
2.965992e+00
3.228309e+00
3.254756e+00
3.272469e+00
3.223677e+00
3.203921e+00
3.174139e+00
3.129905e+00
2.904227e+00
3.176337e+00
3.202365e+00
3.219682e+00
3.170940e+00
3.151412e+00
3.121945e+00
3.077794e+00
2.842614e+00
3.124368e+00
3.149988e+00
3.166938e+00
3.118210e+00
3.098949e+00
3.069854e+00
3.025937e+00
2.781165e+00
3.072402e+00
3.097626e+00
3.114239e+00
3.065485e+00
3.046535e+00
3.017871e+00
2.974348e+00
2.719891e+00
3.020440e+00
3.045279e+00
3.061588e+00
3.012767e+00
2.994172e+00
2.966001e+00
2.923040e+00
2.658803e+00
2.968482e+00
2.992949e+00
3.008988e+00
2.960055e+00
2.941863e+00
2.914252e+00
2.872029e+00
2.597915e+00
2.916527e+00
2.940636e+00
2.956439e+00
2.907351e+00
2.889610e+00
2.862628e+00
2.821331e+00
2.537242e+00
2.864577e+00
2.888341e+00
2.903947e+00
2.854654e+00
2.837417e+00
2.811138e+00
2.770963e+00
2.476798e+00
2.812632e+00
2.836066e+00
2.851513e+00
2.801965e+00
2.785287e+00
2.759789e+00
2.720943e+00
2.416601e+00
2.760691e+00
2.783811e+00
2.799142e+00
2.749285e+00
2.733225e+00
2.708588e+00
2.671292e+00
2.356671e+00
2.708755e+00
2.731578e+00
2.746836e+00
2.696614e+00
2.681232e+00
2.657545e+00
2.622029e+00
2.297027e+00
2.656824e+00
2.679367e+00
2.694599e+00
SCALARS growth double 1
LOOKUP_TABLE default
1.174893e+00
1.097411e+00
1.037070e+00
1.021801e+00
1.041079e+00
1.092535e+00
1.144967e+00
1.189696e+00
1.174893e+00
1.097411e+00
1.037070e+00
1.021802e+00
1.041079e+00
1.092535e+00
1.144967e+00
1.189696e+00
1.000002e+00
1.000043e+00
1.021802e+00
1.021802e+00
1.023463e+00
1.023463e+00
1.000032e+00
1.000009e+00
1.000002e+00
1.000043e+00
1.021802e+00
1.021802e+00
1.023463e+00
1.023463e+00
1.000032e+00
1.000009e+00
1.000002e+00
1.000043e+00
1.021802e+00
1.021802e+00
1.023463e+00
1.023463e+00
1.000032e+00
1.000009e+00
1.000002e+00
1.000043e+00
1.021802e+00
1.021802e+00
1.023463e+00
1.023463e+00
1.000032e+00
1.000009e+00
1.000002e+00
1.000043e+00
1.021802e+00
1.021802e+00
1.023463e+00
1.023463e+00
1.000032e+00
1.000009e+00
1.000002e+00
1.000043e+00
1.021802e+00
1.021802e+00
1.023463e+00
1.023463e+00
1.000032e+00
1.000009e+00
1.000002e+00
1.000043e+00
1.021802e+00
1.021802e+00
1.023463e+00
1.023463e+00
1.000032e+00
1.000009e+00
1.000002e+00
1.000043e+00
1.021802e+00
1.021802e+00
1.023463e+00
1.023463e+00
1.000032e+00
1.000009e+00
1.000002e+00
1.000043e+00
1.021802e+00
1.021802e+00
1.023463e+00
1.023463e+00
1.000032e+00
1.000009e+00
1.000002e+00
1.000043e+00
1.021802e+00
1.021802e+00
1.023463e+00
1.023463e+00
1.000032e+00
1.000009e+00
1.000002e+00
1.000043e+00
1.021802e+00
1.021802e+00
1.023463e+00
1.023463e+00
1.000032e+00
1.000009e+00
1.000002e+00
1.000043e+00
1.021802e+00
1.021802e+00
1.023463e+00
1.023463e+00
1.000032e+00
1.000009e+00
1.000002e+00
1.000043e+00
1.021802e+00
1.021802e+00
1.023463e+00
1.023463e+00
1.000032e+00
1.000009e+00
1.002039e+00
1.006471e+00
1.021802e+00
1.021802e+00
1.023463e+00
1.023463e+00
1.007696e+00
1.003692e+00
1.002039e+00
1.006471e+00
1.021802e+00
1.021802e+00
1.023463e+00
1.023463e+00
1.007696e+00
1.003692e+00
1.000002e+00
1.000043e+00
1.021802e+00
1.021802e+00
1.023463e+00
1.023463e+00
1.000032e+00
1.000009e+00
1.000002e+00
1.000043e+00
1.021802e+00
1.021802e+00
1.023463e+00
1.023463e+00
1.000032e+00
1.000009e+00
1.000002e+00
1.000043e+00
1.021802e+00
1.021802e+00
1.023463e+00
1.023463e+00
1.000032e+00
1.000009e+00
1.000002e+00
1.000043e+00
1.021802e+00
1.021802e+00
1.023463e+00
1.023463e+00
1.000032e+00
1.000009e+00
1.000002e+00
1.000043e+00
1.021802e+00
1.021802e+00
1.023463e+00
1.023463e+00
1.000032e+00
1.000009e+00
1.000002e+00
1.000043e+00
1.021802e+00
1.021802e+00
1.023463e+00
1.023463e+00
1.000032e+00
1.000009e+00
1.000002e+00
1.000043e+00
1.021802e+00
1.021802e+00
1.023463e+00
1.023463e+00
1.000032e+00
1.000009e+00
1.000002e+00
1.000043e+00
1.021802e+00
1.021802e+00
1.023463e+00
1.023463e+00
1.000032e+00
1.000009e+00
1.000002e+00
1.000043e+00
1.021802e+00
1.021802e+00
1.023463e+00
1.023463e+00
1.000032e+00
1.000009e+00
1.000002e+00
1.000043e+00
1.021802e+00
1.021802e+00
1.023463e+00
1.023463e+00
1.000032e+00
1.000009e+00
1.000002e+00
1.000043e+00
1.021802e+00
1.021802e+00
1.023463e+00
1.023463e+00
1.000032e+00
1.000009e+00
1.000002e+00
1.000043e+00
1.021802e+00
1.021802e+00
1.023463e+00
1.023463e+00
1.000032e+00
1.000009e+00
1.000002e+00
1.000043e+00
1.021802e+00
1.021802e+00
1.023463e+00
1.023463e+00
1.000032e+00
1.000009e+00
1.000002e+00
1.000043e+00
1.021802e+00
1.021802e+00
1.023463e+00
1.023463e+00
1.000032e+00
1.000009e+00
1.001469e+00
1.004525e+00
1.021802e+00
1.021802e+00
1.023463e+00
1.023463e+00
1.004979e+00
1.002043e+00
1.001469e+00
1.004525e+00
1.021802e+00
1.021802e+00
1.023463e+00
1.023463e+00
1.004979e+00
1.002043e+00
1.000002e+00
1.000043e+00
1.021802e+00
1.021802e+00
1.023463e+00
1.023463e+00
1.000032e+00
1.000009e+00
1.000002e+00
1.000043e+00
1.021802e+00
1.021802e+00
1.023463e+00
1.023463e+00
1.000032e+00
1.000009e+00
1.000002e+00
1.000043e+00
1.021802e+00
1.021802e+00
1.023463e+00
1.023463e+00
1.000032e+00
1.000009e+00
1.000002e+00
1.000043e+00
1.021802e+00
1.021802e+00
1.023463e+00
1.023463e+00
1.000032e+00
1.000009e+00
1.000002e+00
1.000043e+00
1.021802e+00
1.021802e+00
1.023463e+00
1.023463e+00
1.000032e+00
1.000009e+00
1.000002e+00
1.000043e+00
1.021802e+00
1.021802e+00
1.023463e+00
1.023463e+00
1.000032e+00
1.000009e+00
1.000002e+00
1.000043e+00
1.021802e+00
1.021802e+00
1.023463e+00
1.023463e+00
1.000032e+00
1.000009e+00
1.000002e+00
1.000043e+00
1.021802e+00
1.021802e+00
1.023463e+00
1.023463e+00
1.000032e+00
1.000009e+00
1.000002e+00
1.000043e+00
1.021802e+00
1.021802e+00
1.023463e+00
1.023463e+00
1.000032e+00
1.000009e+00
1.000002e+00
1.000043e+00
1.021802e+00
1.021802e+00
1.023463e+00
1.023463e+00
1.000032e+00
1.000009e+00
1.000002e+00
1.000043e+00
1.021801e+00
1.021801e+00
1.023463e+00
1.023463e+00
1.000032e+00
1.000009e+00
1.000002e+00
1.000043e+00
1.021801e+00
1.021801e+00
1.023463e+00
1.023463e+00
1.000032e+00
1.000009e+00
1.000002e+00
1.000043e+00
1.021801e+00
1.021801e+00
1.023463e+00
1.023463e+00
1.000032e+00
1.000009e+00
1.000002e+00
1.000043e+00
1.021801e+00
1.021801e+00
1.023463e+00
1.023463e+00
1.000032e+00
1.000009e+00
1.008112e+00
1.011505e+00
1.021801e+00
1.022417e+00
1.023463e+00
1.023463e+00
1.006515e+00
1.000850e+00
1.008112e+00
1.011505e+00
1.021801e+00
1.022417e+00
1.023463e+00
1.023463e+00
1.006515e+00
1.000850e+00
1.000002e+00
1.000043e+00
1.021801e+00
1.021801e+00
1.023463e+00
1.023463e+00
1.000032e+00
1.000009e+00
1.000002e+00
1.000043e+00
1.021801e+00
1.021801e+00
1.023463e+00
1.023463e+00
1.000032e+00
1.000009e+00
1.000002e+00
1.000043e+00
1.021801e+00
1.021801e+00
1.023463e+00
1.023463e+00
1.000032e+00
1.000009e+00
1.000002e+00
1.000043e+00
1.021801e+00
1.021801e+00
1.023463e+00
1.023463e+00
1.000032e+00
1.000009e+00
1.000002e+00
1.000043e+00
1.021801e+00
1.021801e+00
1.023463e+00
1.023463e+00
1.000032e+00
1.000009e+00
1.000002e+00
1.000043e+00
1.021801e+00
1.021801e+00
1.023463e+00
1.023463e+00
1.000032e+00
1.000009e+00
1.000002e+00
1.000043e+00
1.021801e+00
1.021801e+00
1.023463e+00
1.023463e+00
1.000032e+00
1.000009e+00
1.000002e+00
1.000043e+00
1.021801e+00
1.021801e+00
1.023463e+00
1.023463e+00
1.000032e+00
1.000009e+00
1.000002e+00
1.000043e+00
1.021801e+00
1.021801e+00
1.023463e+00
1.023463e+00
1.000032e+00
1.000009e+00
1.000002e+00
1.000043e+00
1.021801e+00
1.021801e+00
1.023463e+00
1.023463e+00
1.000032e+00
1.000009e+00
1.000002e+00
1.000043e+00
1.021801e+00
1.021801e+00
1.023463e+00
1.023463e+00
1.000032e+00
1.000009e+00
1.000002e+00
1.000043e+00
1.021801e+00
1.021801e+00
1.023463e+00
1.023463e+00
1.000032e+00
1.000009e+00
1.000002e+00
1.000043e+00
1.021801e+00
1.021801e+00
1.023463e+00
1.023463e+00
1.000032e+00
1.000009e+00
1.000002e+00
1.000043e+00
1.021801e+00
1.021801e+00
1.023463e+00
1.023463e+00
1.000032e+00
1.000009e+00
1.004874e+00
1.009032e+00
1.021801e+00
1.022506e+00
1.023463e+00
1.023463e+00
1.007160e+00
1.002158e+00
1.004874e+00
1.009032e+00
1.021801e+00
1.022506e+00
1.023463e+00
1.023463e+00
1.007160e+00
1.002158e+00
1.000002e+00
1.000043e+00
1.021801e+00
1.021801e+00
1.023463e+00
1.023463e+00
1.000032e+00
1.000009e+00
1.000002e+00
1.000043e+00
1.021801e+00
1.021801e+00
1.023463e+00
1.023463e+00
1.000032e+00
1.000009e+00
1.000002e+00
1.000043e+00
1.021801e+00
1.021801e+00
1.023463e+00
1.023463e+00
1.000032e+00
1.000009e+00
1.000002e+00
1.000043e+00
1.021801e+00
1.021801e+00
1.023463e+00
1.023463e+00
1.000032e+00
1.000008e+00
1.000002e+00
1.000043e+00
1.021801e+00
1.021801e+00
1.023463e+00
1.023463e+00
1.000032e+00
1.000008e+00
1.000002e+00
1.000043e+00
1.021801e+00
1.021801e+00
1.023463e+00
1.023463e+00
1.000032e+00
1.000008e+00
1.000002e+00
1.000043e+00
1.021801e+00
1.021801e+00
1.023463e+00
1.023463e+00
1.000032e+00
1.000008e+00
1.000002e+00
1.000043e+00
1.021801e+00
1.021801e+00
1.023463e+00
1.023463e+00
1.000032e+00
1.000008e+00
1.000002e+00
1.000043e+00
1.021801e+00
1.021801e+00
1.023463e+00
1.023463e+00
1.000032e+00
1.000008e+00
1.000002e+00
1.000043e+00
1.021801e+00
1.021801e+00
1.023463e+00
1.023463e+00
1.000032e+00
1.000008e+00
1.000002e+00
1.000043e+00
1.021801e+00
1.021801e+00
1.023463e+00
1.023463e+00
1.000032e+00
1.000008e+00
1.000002e+00
1.000043e+00
1.021801e+00
1.021801e+00
1.023463e+00
1.023463e+00
1.000032e+00
1.000008e+00
1.000002e+00
1.000043e+00
1.021801e+00
1.021801e+00
1.023463e+00
1.023463e+00
1.000032e+00
1.000009e+00
1.000002e+00
1.000043e+00
1.021801e+00
1.021801e+00
1.023463e+00
1.023463e+00
1.000032e+00
1.000009e+00
1.003162e+00
1.003885e+00
1.021801e+00
1.021801e+00
1.023463e+00
1.023463e+00
1.001613e+00
1.000081e+00
1.003162e+00
1.003885e+00
1.021795e+00
1.021795e+00
1.023468e+00
1.023468e+00
1.001613e+00
1.000081e+00
1.000001e+00
1.000043e+00
1.021783e+00
1.021783e+00
1.023478e+00
1.023478e+00
1.000032e+00
1.000009e+00
1.000001e+00
1.000043e+00
1.021771e+00
1.021771e+00
1.023489e+00
1.023489e+00
1.000032e+00
1.000009e+00
1.000001e+00
1.000043e+00
1.021759e+00
1.021759e+00
1.023499e+00
1.023499e+00
1.000032e+00
1.000009e+00
1.000001e+00
1.000042e+00
1.021746e+00
1.021746e+00
1.023510e+00
1.023510e+00
1.000032e+00
1.000009e+00
1.000001e+00
1.000042e+00
1.021733e+00
1.021733e+00
1.023521e+00
1.023521e+00
1.000032e+00
1.000009e+00
1.000001e+00
1.000042e+00
1.021720e+00
1.021720e+00
1.023532e+00
1.023532e+00
1.000032e+00
1.000009e+00
1.000001e+00
1.000042e+00
1.021707e+00
1.021707e+00
1.023544e+00
1.023544e+00
1.000032e+00
1.000009e+00
1.000001e+00
1.000042e+00
1.021694e+00
1.021694e+00
1.023555e+00
1.023555e+00
1.000032e+00
1.000009e+00
1.000001e+00
1.000042e+00
1.021680e+00
1.021680e+00
1.023567e+00
1.023567e+00
1.000032e+00
1.000009e+00
1.000001e+00
1.000042e+00
1.021666e+00
1.021666e+00
1.023579e+00
1.023579e+00
1.000032e+00
1.000009e+00
1.000001e+00
1.000042e+00
1.021652e+00
1.021652e+00
1.023591e+00
1.023591e+00
1.000032e+00
1.000009e+00
1.000001e+00
1.000042e+00
1.021638e+00
1.021638e+00
1.023603e+00
1.023603e+00
1.000032e+00
1.000009e+00
1.000001e+00
1.000042e+00
1.021623e+00
1.021623e+00
1.023616e+00
1.023616e+00
1.000032e+00
1.000009e+00
1.000001e+00
1.000042e+00
1.021608e+00
1.021608e+00
1.023629e+00
1.023629e+00
1.000032e+00
1.000009e+00
1.002634e+00
1.004043e+00
1.021593e+00
1.021593e+00
1.023641e+00
1.023641e+00
1.001008e+00
1.007092e+00
1.002634e+00
1.004043e+00
1.021219e+00
1.021219e+00
1.023999e+00
1.023999e+00
1.001008e+00
1.007092e+00
1.000017e+00
1.000030e+00
1.020473e+00
1.020473e+00
1.024717e+00
1.024717e+00
1.000034e+00
1.000034e+00
1.000029e+00
1.000029e+00
1.019706e+00
1.019706e+00
1.025459e+00
1.025459e+00
1.000059e+00
1.000059e+00
1.000038e+00
1.000038e+00
1.018918e+00
1.018918e+00
1.026226e+00
1.026226e+00
1.000081e+00
1.000081e+00
1.000047e+00
1.000047e+00
1.018109e+00
1.018109e+00
1.027021e+00
1.027021e+00
1.000100e+00
1.000100e+00
1.000054e+00
1.000054e+00
1.017277e+00
1.017277e+00
1.027843e+00
1.027843e+00
1.000115e+00
1.000115e+00
1.000059e+00
1.000059e+00
1.016422e+00
1.016422e+00
1.028693e+00
1.028693e+00
1.000126e+00
1.000126e+00
1.000063e+00
1.000063e+00
1.015543e+00
1.015543e+00
1.029574e+00
1.029574e+00
1.000133e+00
1.000133e+00
1.000065e+00
1.000065e+00
1.014639e+00
1.016069e+00
1.030486e+00
1.030486e+00
1.000136e+00
1.000136e+00
1.000065e+00
1.000065e+00
1.013710e+00
1.017930e+00
1.031431e+00
1.031431e+00
1.000134e+00
1.000134e+00
1.000063e+00
1.000063e+00
1.012753e+00
1.019839e+00
1.032411e+00
1.032411e+00
1.000128e+00
1.000128e+00
1.000059e+00
1.000059e+00
1.011769e+00
1.021798e+00
1.033425e+00
1.033425e+00
1.000117e+00
1.000117e+00
1.000052e+00
1.000052e+00
1.010757e+00
1.023809e+00
1.034477e+00
1.034477e+00
1.000100e+00
1.000100e+00
1.000044e+00
1.000044e+00
1.009715e+00
1.025874e+00
1.035568e+00
1.035568e+00
1.000078e+00
1.000078e+00
1.000033e+00
1.000033e+00
1.008642e+00
1.027995e+00
1.036700e+00
1.036700e+00
1.000049e+00
1.000049e+00
1.000056e+00
1.004921e+00
1.012942e+00
1.030173e+00
1.037875e+00
1.037875e+00
1.010853e+00
1.011033e+00
1.000056e+00
1.004921e+00
1.012942e+00
1.031350e+00
1.038512e+00
1.038512e+00
1.010853e+00
1.011033e+00
1.000012e+00
1.000012e+00
1.006886e+00
1.031483e+00
1.038586e+00
1.038586e+00
1.000012e+00
1.000004e+00
1.000012e+00
1.000012e+00
1.006826e+00
1.031618e+00
1.038661e+00
1.038661e+00
1.000012e+00
1.000004e+00
1.000013e+00
1.000013e+00
1.006765e+00
1.031755e+00
1.038736e+00
1.038736e+00
1.000012e+00
1.000004e+00
1.000013e+00
1.000013e+00
1.006703e+00
1.031894e+00
1.038813e+00
1.038813e+00
1.000012e+00
1.000004e+00
1.000013e+00
1.000013e+00
1.006641e+00
1.032035e+00
1.038891e+00
1.038891e+00
1.000012e+00
1.000004e+00
1.000013e+00
1.000013e+00
1.006578e+00
1.032179e+00
1.038970e+00
1.038970e+00
1.000011e+00
1.000004e+00
1.000014e+00
1.000014e+00
1.006514e+00
1.032324e+00
1.039051e+00
1.039051e+00
1.000011e+00
1.000004e+00
1.000014e+00
1.000014e+00
1.006449e+00
1.032471e+00
1.039132e+00
1.039132e+00
1.000011e+00
1.000004e+00
1.000014e+00
1.000014e+00
1.006383e+00
1.032621e+00
1.039215e+00
1.039215e+00
1.000011e+00
1.000004e+00
1.000014e+00
1.000014e+00
1.006316e+00
1.032773e+00
1.039298e+00
1.039298e+00
1.000011e+00
1.000004e+00
1.000014e+00
1.000014e+00
1.006248e+00
1.032927e+00
1.039384e+00
1.039384e+00
1.000011e+00
1.000004e+00
1.000013e+00
1.000013e+00
1.006180e+00
1.033084e+00
1.039470e+00
1.039470e+00
1.000011e+00
1.000004e+00
1.000013e+00
1.000013e+00
1.006110e+00
1.033243e+00
1.039558e+00
1.039558e+00
1.000011e+00
1.000004e+00
1.000013e+00
1.000013e+00
1.006040e+00
1.033405e+00
1.039647e+00
1.039647e+00
1.000011e+00
1.000004e+00
1.003154e+00
1.002569e+00
1.005968e+00
1.033569e+00
1.039737e+00
1.039737e+00
1.000329e+00
1.000106e+00
1.003154e+00
1.002569e+00
1.005932e+00
1.033652e+00
1.039783e+00
1.039783e+00
1.000329e+00
1.000106e+00
1.000012e+00
1.000012e+00
1.005932e+00
1.033652e+00
1.039783e+00
1.039783e+00
1.000011e+00
1.000004e+00
1.000012e+00
1.000012e+00
1.005932e+00
1.033652e+00
1.039783e+00
1.039783e+00
1.000011e+00
1.000004e+00
1.000012e+00
1.000012e+00
1.005932e+00
1.033652e+00
1.039783e+00
1.039783e+00
1.000011e+00
1.000004e+00
1.000012e+00
1.000012e+00
1.005932e+00
1.033652e+00
1.039783e+00
1.039783e+00
1.000011e+00
1.000004e+00
1.000012e+00
1.000012e+00
1.005932e+00
1.033652e+00
1.039783e+00
1.039783e+00
1.000011e+00
1.000004e+00
1.000012e+00
1.000012e+00
1.005932e+00
1.033652e+00
1.039783e+00
1.039783e+00
1.000011e+00
1.000004e+00
1.000012e+00
1.000012e+00
1.005932e+00
1.033652e+00
1.039783e+00
1.039783e+00
1.000011e+00
1.000004e+00
1.000012e+00
1.000012e+00
1.005932e+00
1.033652e+00
1.039783e+00
1.039783e+00
1.000011e+00
1.000004e+00
1.000012e+00
1.000012e+00
1.005932e+00
1.033652e+00
1.039783e+00
1.039783e+00
1.000011e+00
1.000004e+00
1.000012e+00
1.000012e+00
1.005932e+00
1.033652e+00
1.039783e+00
1.039783e+00
1.000011e+00
1.000004e+00
1.000012e+00
1.000012e+00
1.005932e+00
1.033652e+00
1.039783e+00
1.039783e+00
1.000011e+00
1.000004e+00
1.000012e+00
1.000012e+00
1.005932e+00
1.033652e+00
1.039783e+00
1.039783e+00
1.000011e+00
1.000004e+00
1.000012e+00
1.000012e+00
1.005932e+00
1.033652e+00
1.039783e+00
1.039783e+00
1.000011e+00
1.000004e+00
1.000012e+00
1.000012e+00
1.005932e+00
1.033652e+00
1.039783e+00
1.039783e+00
1.000011e+00
1.000004e+00
1.000464e+00
1.000410e+00
1.005932e+00
1.033652e+00
1.039783e+00
1.039783e+00
1.000200e+00
1.000182e+00
1.000464e+00
1.000410e+00
1.005932e+00
1.033652e+00
1.039783e+00
1.039783e+00
1.000200e+00
1.000182e+00
1.000012e+00
1.000012e+00
1.005932e+00
1.033652e+00
1.039783e+00
1.039783e+00
1.000011e+00
1.000004e+00
1.000012e+00
1.000012e+00
1.005932e+00
1.033652e+00
1.039783e+00
1.039783e+00
1.000011e+00
1.000004e+00
1.000012e+00
1.000012e+00
1.005932e+00
1.033652e+00
1.039783e+00
1.039783e+00
1.000011e+00
1.000004e+00
1.000012e+00
1.000012e+00
1.005932e+00
1.033652e+00
1.039783e+00
1.039783e+00
1.000011e+00
1.000004e+00
1.000012e+00
1.000012e+00
1.005932e+00
1.033652e+00
1.039783e+00
1.039783e+00
1.000011e+00
1.000004e+00
1.000012e+00
1.000012e+00
1.005932e+00
1.033652e+00
1.039783e+00
1.039783e+00
1.000011e+00
1.000004e+00
1.000012e+00
1.000012e+00
1.005932e+00
1.033652e+00
1.039783e+00
1.039783e+00
1.000011e+00
1.000004e+00
1.000012e+00
1.000012e+00
1.005932e+00
1.033652e+00
1.039783e+00
1.039783e+00
1.000011e+00
1.000004e+00
1.000012e+00
1.000012e+00
1.005932e+00
1.033652e+00
1.039783e+00
1.039783e+00
1.000011e+00
1.000004e+00
1.000012e+00
1.000012e+00
1.005932e+00
1.033652e+00
1.039783e+00
1.039783e+00
1.000011e+00
1.000004e+00
1.000012e+00
1.000012e+00
1.005932e+00
1.033652e+00
1.039783e+00
1.039783e+00
1.000011e+00
1.000004e+00
1.000012e+00
1.000012e+00
1.005932e+00
1.033652e+00
1.039783e+00
1.039783e+00
1.000011e+00
1.000004e+00
1.000012e+00
1.000012e+00
1.005932e+00
1.033652e+00
1.039783e+00
1.039783e+00
1.000011e+00
1.000004e+00
1.000012e+00
1.000012e+00
1.005932e+00
1.033651e+00
1.039783e+00
1.039783e+00
1.000011e+00
1.000004e+00
1.000272e+00
1.000238e+00
1.005932e+00
1.033651e+00
1.039783e+00
1.039783e+00
1.000156e+00
1.000162e+00
1.000272e+00
1.000238e+00
1.005932e+00
1.033651e+00
1.039783e+00
1.039783e+00
1.000156e+00
1.000162e+00
1.000012e+00
1.000012e+00
1.005932e+00
1.033651e+00
1.039783e+00
1.039783e+00
1.000011e+00
1.000004e+00
1.000012e+00
1.000012e+00
1.005932e+00
1.033651e+00
1.039783e+00
1.039783e+00
1.000011e+00
1.000004e+00
1.000012e+00
1.000012e+00
1.005932e+00
1.033651e+00
1.039783e+00
1.039783e+00
1.000011e+00
1.000004e+00
1.000012e+00
1.000012e+00
1.005932e+00
1.033651e+00
1.039783e+00
1.039783e+00
1.000011e+00
1.000004e+00
1.000012e+00
1.000012e+00
1.005932e+00
1.033651e+00
1.039783e+00
1.039783e+00
1.000011e+00
1.000004e+00
1.000012e+00
1.000012e+00
1.005932e+00
1.033651e+00
1.039783e+00
1.039783e+00
1.000011e+00
1.000004e+00
1.000012e+00
1.000012e+00
1.005932e+00
1.033651e+00
1.039783e+00
1.039783e+00
1.000011e+00
1.000004e+00
1.000012e+00
1.000012e+00
1.005932e+00
1.033651e+00
1.039783e+00
1.039783e+00
1.000011e+00
1.000004e+00
1.000012e+00
1.000012e+00
1.005932e+00
1.033651e+00
1.039783e+00
1.039783e+00
1.000011e+00
1.000004e+00
1.000012e+00
1.000012e+00
1.005932e+00
1.033651e+00
1.039783e+00
1.039783e+00
1.000011e+00
1.000004e+00
1.000012e+00
1.000012e+00
1.005932e+00
1.033651e+00
1.039783e+00
1.039783e+00
1.000011e+00
1.000004e+00
1.000012e+00
1.000012e+00
1.005932e+00
1.033651e+00
1.039783e+00
1.039783e+00
1.000011e+00
1.000004e+00
1.000012e+00
1.000012e+00
1.005932e+00
1.033651e+00
1.039783e+00
1.039783e+00
1.000011e+00
1.000004e+00
1.000012e+00
1.000012e+00
1.005932e+00
1.033651e+00
1.039783e+00
1.039783e+00
1.000011e+00
1.000004e+00
1.001239e+00
1.000960e+00
1.005932e+00
1.033651e+00
1.039783e+00
1.039783e+00
1.000015e+00
1.000177e+00
1.001239e+00
1.000960e+00
1.005794e+00
1.034154e+00
1.040154e+00
1.040154e+00
1.000015e+00
1.000177e+00
1.000004e+00
1.000014e+00
1.005510e+00
1.035180e+00
1.040910e+00
1.040910e+00
1.000017e+00
1.000015e+00
1.000000e+00
1.000023e+00
1.005218e+00
1.036235e+00
1.041683e+00
1.041683e+00
1.000022e+00
1.000022e+00
1.000004e+00
1.000031e+00
1.004916e+00
1.037320e+00
1.042475e+00
1.042475e+00
1.000028e+00
1.000028e+00
1.000007e+00
1.000038e+00
1.004604e+00
1.038437e+00
1.043285e+00
1.043285e+00
1.000033e+00
1.000033e+00
1.000009e+00
1.000043e+00
1.004282e+00
1.039587e+00
1.044115e+00
1.044115e+00
1.000038e+00
1.000038e+00
1.000010e+00
1.000047e+00
1.003949e+00
1.040771e+00
1.044964e+00
1.044964e+00
1.000041e+00
1.000041e+00
1.000011e+00
1.000050e+00
1.003604e+00
1.041991e+00
1.045835e+00
1.045835e+00
1.000043e+00
1.000043e+00
1.000010e+00
1.000051e+00
1.003248e+00
1.043249e+00
1.046727e+00
1.046727e+00
1.000045e+00
1.000045e+00
1.000009e+00
1.000051e+00
1.002879e+00
1.044545e+00
1.047641e+00
1.047641e+00
1.000045e+00
1.000045e+00
1.000006e+00
1.000048e+00
1.002496e+00
1.045883e+00
1.048578e+00
1.048578e+00
1.000044e+00
1.000044e+00
1.000001e+00
1.000044e+00
1.002100e+00
1.047264e+00
1.049539e+00
1.049539e+00
1.000041e+00
1.000041e+00
1.000004e+00
1.000037e+00
1.001690e+00
1.048689e+00
1.050525e+00
1.050525e+00
1.000037e+00
1.000037e+00
1.000012e+00
1.000028e+00
1.001263e+00
1.050162e+00
1.051537e+00
1.051537e+00
1.000031e+00
1.000031e+00
1.000021e+00
1.000021e+00
1.000821e+00
1.051684e+00
1.052575e+00
1.052575e+00
1.000024e+00
1.000024e+00
1.001777e+00
1.001623e+00
1.001534e+00
1.053259e+00
1.053641e+00
1.053641e+00
1.000894e+00
1.000813e+00
1.001777e+00
1.001623e+00
1.001534e+00
1.055996e+00
1.056418e+00
1.056418e+00
1.000894e+00
1.000813e+00
1.000076e+00
1.000170e+00
1.000680e+00
1.059981e+00
1.060998e+00
1.060998e+00
1.000098e+00
1.000098e+00
1.000143e+00
1.000277e+00
1.001022e+00
1.064150e+00
1.065721e+00
1.065721e+00
1.000152e+00
1.000152e+00
1.000203e+00
1.000373e+00
1.001336e+00
1.068515e+00
1.070595e+00
1.070595e+00
1.000200e+00
1.000200e+00
1.000254e+00
1.000458e+00
1.001619e+00
1.073086e+00
1.075624e+00
1.075624e+00
1.000242e+00
1.000242e+00
1.000295e+00
1.000528e+00
1.001868e+00
1.077879e+00
1.080815e+00
1.080815e+00
1.000276e+00
1.000276e+00
1.000325e+00
1.000584e+00
1.002078e+00
1.082907e+00
1.086174e+00
1.086174e+00
1.000303e+00
1.000303e+00
1.000343e+00
1.000623e+00
1.002244e+00
1.088184e+00
1.091708e+00
1.091708e+00
1.000320e+00
1.000320e+00
1.000348e+00
1.000643e+00
1.002362e+00
1.093729e+00
1.097423e+00
1.097423e+00
1.000328e+00
1.000328e+00
1.000339e+00
1.000643e+00
1.002426e+00
1.099557e+00
1.103325e+00
1.103325e+00
1.000325e+00
1.000325e+00
1.000312e+00
1.000619e+00
1.002429e+00
1.105690e+00
1.109421e+00
1.109421e+00
1.000310e+00
1.000310e+00
1.000268e+00
1.000571e+00
1.002366e+00
1.112145e+00
1.115717e+00
1.115717e+00
1.000281e+00
1.000281e+00
1.000204e+00
1.000494e+00
1.002229e+00
1.118947e+00
1.122219e+00
1.122219e+00
1.000237e+00
1.000237e+00
1.000117e+00
1.000386e+00
1.002010e+00
1.126118e+00
1.128933e+00
1.128933e+00
1.000177e+00
1.000177e+00
1.000006e+00
1.000244e+00
1.001699e+00
1.133683e+00
1.135863e+00
1.135863e+00
1.000222e+00
1.000099e+00
1.000132e+00
1.000132e+00
1.001287e+00
1.141670e+00
1.143015e+00
1.143015e+00
1.000281e+00
1.000000e+00
SCALARS fold double 1
LOOKUP_TABLE default
9.999378e-01
9.999527e-01
9.999660e-01
9.999760e-01
9.998836e-01
9.999052e-01
9.999325e-01
9.999533e-01
9.999668e-01
9.999671e-01
9.999673e-01
9.999688e-01
9.999677e-01
9.999662e-01
9.999662e-01
9.999661e-01
9.999665e-01
9.999667e-01
9.999669e-01
9.999685e-01
9.999673e-01
9.999658e-01
9.999658e-01
9.999657e-01
9.999661e-01
9.999663e-01
9.999665e-01
9.999681e-01
9.999669e-01
9.999654e-01
9.999654e-01
9.999653e-01
9.999657e-01
9.999659e-01
9.999661e-01
9.999678e-01
9.999666e-01
9.999650e-01
9.999650e-01
9.999649e-01
9.999653e-01
9.999655e-01
9.999657e-01
9.999674e-01
9.999662e-01
9.999646e-01
9.999646e-01
9.999645e-01
9.999649e-01
9.999652e-01
9.999654e-01
9.999670e-01
9.999658e-01
9.999642e-01
9.999641e-01
9.999641e-01
9.999645e-01
9.999647e-01
9.999649e-01
9.999667e-01
9.999654e-01
9.999638e-01
9.999637e-01
9.999637e-01
9.999641e-01
9.999643e-01
9.999645e-01
9.999663e-01
9.999650e-01
9.999634e-01
9.999633e-01
9.999632e-01
9.999636e-01
9.999639e-01
9.999641e-01
9.999659e-01
9.999645e-01
9.999629e-01
9.999629e-01
9.999628e-01
9.999632e-01
9.999635e-01
9.999637e-01
9.999655e-01
9.999641e-01
9.999625e-01
9.999624e-01
9.999624e-01
9.999628e-01
9.999631e-01
9.999633e-01
9.999651e-01
9.999637e-01
9.999620e-01
9.999620e-01
9.999619e-01
9.999623e-01
9.999626e-01
9.999628e-01
9.999647e-01
9.999632e-01
9.999616e-01
9.999615e-01
9.999614e-01
9.999619e-01
9.999622e-01
9.999624e-01
9.999642e-01
9.999628e-01
9.999611e-01
9.999610e-01
9.999610e-01
9.999614e-01
9.999617e-01
9.999619e-01
9.999638e-01
9.999623e-01
9.999606e-01
9.999605e-01
9.999605e-01
9.999609e-01
9.999612e-01
9.999615e-01
9.999634e-01
9.999619e-01
9.999601e-01
9.999601e-01
9.999600e-01
9.999733e-01
9.999736e-01
9.999738e-01
9.999751e-01
9.999735e-01
9.999724e-01
9.999725e-01
9.999726e-01
9.999729e-01
9.999732e-01
9.999734e-01
9.999748e-01
9.999731e-01
9.999720e-01
9.999721e-01
9.999722e-01
9.999725e-01
9.999728e-01
9.999731e-01
9.999745e-01
9.999728e-01
9.999716e-01
9.999717e-01
9.999718e-01
9.999721e-01
9.999724e-01
9.999727e-01
9.999741e-01
9.999724e-01
9.999712e-01
9.999713e-01
9.999714e-01
9.999717e-01
9.999721e-01
9.999723e-01
9.999737e-01
9.999720e-01
9.999708e-01
9.999709e-01
9.999710e-01
9.999713e-01
9.999717e-01
9.999719e-01
9.999734e-01
9.999716e-01
9.999704e-01
9.999705e-01
9.999706e-01
9.999709e-01
9.999713e-01
9.999715e-01
9.999730e-01
9.999711e-01
9.999700e-01
9.999701e-01
9.999701e-01
9.999705e-01
9.999708e-01
9.999711e-01
9.999726e-01
9.999707e-01
9.999695e-01
9.999696e-01
9.999697e-01
9.999701e-01
9.999704e-01
9.999707e-01
9.999722e-01
9.999703e-01
9.999691e-01
9.999692e-01
9.999693e-01
9.999697e-01
9.999700e-01
9.999703e-01
9.999718e-01
9.999698e-01
9.999686e-01
9.999687e-01
9.999688e-01
9.999692e-01
9.999696e-01
9.999699e-01
9.999714e-01
9.999694e-01
9.999682e-01
9.999682e-01
9.999683e-01
9.999688e-01
9.999691e-01
9.999694e-01
9.999710e-01
9.999689e-01
9.999677e-01
9.999678e-01
9.999679e-01
9.999683e-01
9.999686e-01
9.999690e-01
9.999706e-01
9.999684e-01
9.999672e-01
9.999673e-01
9.999674e-01
9.999678e-01
9.999682e-01
9.999685e-01
9.999702e-01
9.999680e-01
9.999667e-01
9.999668e-01
9.999669e-01
9.999673e-01
9.999677e-01
9.999680e-01
9.999697e-01
9.999675e-01
9.999662e-01
9.999663e-01
9.999664e-01
9.999668e-01
9.999672e-01
9.999675e-01
9.999693e-01
9.999669e-01
9.999656e-01
9.999657e-01
9.999659e-01
9.999791e-01
9.999794e-01
9.999796e-01
9.999806e-01
9.999791e-01
9.999783e-01
9.999784e-01
9.999785e-01
9.999788e-01
9.999791e-01
9.999793e-01
9.999804e-01
9.999788e-01
9.999780e-01
9.999781e-01
9.999782e-01
9.999785e-01
9.999788e-01
9.999790e-01
9.999801e-01
9.999785e-01
9.999776e-01
9.999777e-01
9.999778e-01
9.999782e-01
9.999785e-01
9.999787e-01
9.999798e-01
9.999782e-01
9.999773e-01
9.999774e-01
9.999775e-01
9.999779e-01
9.999782e-01
9.999784e-01
9.999795e-01
9.999778e-01
9.999770e-01
9.999771e-01
9.999772e-01
9.999776e-01
9.999778e-01
9.999781e-01
9.999792e-01
9.999775e-01
9.999766e-01
9.999767e-01
9.999768e-01
9.999772e-01
9.999775e-01
9.999777e-01
9.999789e-01
9.999771e-01
9.999763e-01
9.999764e-01
9.999765e-01
9.999769e-01
9.999772e-01
9.999774e-01
9.999786e-01
9.999768e-01
9.999759e-01
9.999760e-01
9.999761e-01
9.999765e-01
9.999768e-01
9.999771e-01
9.999783e-01
9.999764e-01
9.999755e-01
9.999756e-01
9.999758e-01
9.999762e-01
9.999765e-01
9.999767e-01
9.999780e-01
9.999761e-01
9.999751e-01
9.999753e-01
9.999754e-01
9.999758e-01
9.999761e-01
9.999764e-01
9.999776e-01
9.999757e-01
9.999748e-01
9.999749e-01
9.999750e-01
9.999754e-01
9.999758e-01
9.999760e-01
9.999773e-01
9.999753e-01
9.999744e-01
9.999745e-01
9.999746e-01
9.999751e-01
9.999754e-01
9.999756e-01
9.999769e-01
9.999749e-01
9.999739e-01
9.999741e-01
9.999742e-01
9.999747e-01
9.999750e-01
9.999753e-01
9.999766e-01
9.999745e-01
9.999735e-01
9.999737e-01
9.999738e-01
9.999743e-01
9.999746e-01
9.999749e-01
9.999762e-01
9.999741e-01
9.999731e-01
9.999732e-01
9.999734e-01
9.999739e-01
9.999742e-01
9.999745e-01
9.999759e-01
9.999737e-01
9.999727e-01
9.999728e-01
9.999729e-01
9.999831e-01
9.999833e-01
9.999836e-01
9.999846e-01
9.999826e-01
9.999821e-01
9.999824e-01
9.999827e-01
9.999828e-01
9.999831e-01
9.999834e-01
9.999844e-01
9.999823e-01
9.999818e-01
9.999821e-01
9.999825e-01
9.999826e-01
9.999829e-01
9.999832e-01
9.999842e-01
9.999820e-01
9.999815e-01
9.999818e-01
9.999822e-01
9.999823e-01
9.999826e-01
9.999829e-01
9.999840e-01
9.999818e-01
9.999812e-01
9.999816e-01
9.999819e-01
9.999820e-01
9.999823e-01
9.999827e-01
9.999837e-01
9.999815e-01
9.999809e-01
9.999813e-01
9.999816e-01
9.999818e-01
9.999821e-01
9.999824e-01
9.999835e-01
9.999812e-01
9.999806e-01
9.999810e-01
9.999814e-01
9.999815e-01
9.999818e-01
9.999821e-01
9.999832e-01
9.999809e-01
9.999803e-01
9.999807e-01
9.999811e-01
9.999812e-01
9.999815e-01
9.999819e-01
9.999830e-01
9.999806e-01
9.999800e-01
9.999804e-01
9.999808e-01
9.999809e-01
9.999812e-01
9.999816e-01
9.999827e-01
9.999803e-01
9.999797e-01
9.999801e-01
9.999805e-01
9.999806e-01
9.999810e-01
9.999813e-01
9.999825e-01
9.999799e-01
9.999794e-01
9.999798e-01
9.999802e-01
9.999803e-01
9.999807e-01
9.999810e-01
9.999822e-01
9.999796e-01
9.999790e-01
9.999794e-01
9.999798e-01
9.999800e-01
9.999804e-01
9.999807e-01
9.999819e-01
9.999793e-01
9.999787e-01
9.999791e-01
9.999795e-01
9.999797e-01
9.999800e-01
9.999804e-01
9.999816e-01
9.999789e-01
9.999783e-01
9.999788e-01
9.999792e-01
9.999794e-01
9.999797e-01
9.999801e-01
9.999814e-01
9.999786e-01
9.999780e-01
9.999784e-01
9.999788e-01
9.999790e-01
9.999794e-01
9.999798e-01
9.999811e-01
9.999782e-01
9.999776e-01
9.999780e-01
9.999785e-01
9.999787e-01
9.999791e-01
9.999795e-01
9.999808e-01
9.999778e-01
9.999772e-01
9.999777e-01
9.999781e-01
9.999866e-01
9.999869e-01
9.999871e-01
9.999879e-01
9.999861e-01
9.999857e-01
9.999860e-01
9.999864e-01
9.999864e-01
9.999867e-01
9.999869e-01
9.999878e-01
9.999859e-01
9.999855e-01
9.999858e-01
9.999862e-01
9.999862e-01
9.999865e-01
9.999868e-01
9.999876e-01
9.999857e-01
9.999853e-01
9.999856e-01
9.999860e-01
9.999860e-01
9.999863e-01
9.999866e-01
9.999874e-01
9.999854e-01
9.999851e-01
9.999854e-01
9.999858e-01
9.999858e-01
9.999861e-01
9.999864e-01
9.999872e-01
9.999852e-01
9.999848e-01
9.999852e-01
9.999856e-01
9.999856e-01
9.999859e-01
9.999862e-01
9.999870e-01
9.999850e-01
9.999846e-01
9.999850e-01
9.999853e-01
9.999854e-01
9.999857e-01
9.999860e-01
9.999869e-01
9.999847e-01
9.999844e-01
9.999847e-01
9.999851e-01
9.999852e-01
9.999854e-01
9.999858e-01
9.999867e-01
9.999845e-01
9.999841e-01
9.999845e-01
9.999849e-01
9.999849e-01
9.999852e-01
9.999855e-01
9.999865e-01
9.999842e-01
9.999839e-01
9.999842e-01
9.999846e-01
9.999847e-01
9.999850e-01
9.999853e-01
9.999863e-01
9.999840e-01
9.999836e-01
9.999840e-01
9.999844e-01
9.999845e-01
9.999848e-01
9.999851e-01
9.999861e-01
9.999837e-01
9.999833e-01
9.999837e-01
9.999842e-01
9.999842e-01
9.999845e-01
9.999849e-01
9.999858e-01
9.999835e-01
9.999831e-01
9.999835e-01
9.999839e-01
9.999840e-01
9.999843e-01
9.999846e-01
9.999856e-01
9.999832e-01
9.999828e-01
9.999832e-01
9.999836e-01
9.999837e-01
9.999840e-01
9.999844e-01
9.999854e-01
9.999829e-01
9.999825e-01
9.999829e-01
9.999834e-01
9.999835e-01
9.999838e-01
9.999841e-01
9.999852e-01
9.999826e-01
9.999822e-01
9.999827e-01
9.999831e-01
9.999832e-01
9.999835e-01
9.999839e-01
9.999849e-01
9.999823e-01
9.999819e-01
9.999824e-01
9.999828e-01
9.999895e-01
9.999901e-01
9.999909e-01
9.999926e-01
9.999905e-01
9.999915e-01
9.999914e-01
9.999912e-01
9.999893e-01
9.999899e-01
9.999907e-01
9.999925e-01
9.999903e-01
9.999914e-01
9.999912e-01
9.999911e-01
9.999892e-01
9.999897e-01
9.999906e-01
9.999924e-01
9.999901e-01
9.999912e-01
9.999911e-01
9.999909e-01
9.999890e-01
9.999895e-01
9.999904e-01
9.999922e-01
9.999900e-01
9.999910e-01
9.999909e-01
9.999907e-01
9.999888e-01
9.999893e-01
9.999902e-01
9.999921e-01
9.999898e-01
9.999909e-01
9.999907e-01
9.999906e-01
9.999886e-01
9.999892e-01
9.999901e-01
9.999920e-01
9.999896e-01
9.999907e-01
9.999906e-01
9.999904e-01
9.999884e-01
9.999890e-01
9.999899e-01
9.999918e-01
9.999894e-01
9.999905e-01
9.999904e-01
9.999902e-01
9.999881e-01
9.999888e-01
9.999897e-01
9.999917e-01
9.999892e-01
9.999903e-01
9.999902e-01
9.999900e-01
9.999879e-01
9.999886e-01
9.999895e-01
9.999915e-01
9.999890e-01
9.999902e-01
9.999900e-01
9.999898e-01
9.999877e-01
9.999883e-01
9.999893e-01
9.999914e-01
9.999887e-01
9.999900e-01
9.999898e-01
9.999896e-01
9.999875e-01
9.999881e-01
9.999891e-01
9.999912e-01
9.999885e-01
9.999898e-01
9.999896e-01
9.999894e-01
9.999872e-01
9.999879e-01
9.999889e-01
9.999910e-01
9.999883e-01
9.999896e-01
9.999894e-01
9.999892e-01
9.999870e-01
9.999877e-01
9.999887e-01
9.999909e-01
9.999881e-01
9.999894e-01
9.999892e-01
9.999890e-01
9.999867e-01
9.999874e-01
9.999885e-01
9.999907e-01
9.999878e-01
9.999891e-01
9.999890e-01
9.999888e-01
9.999865e-01
9.999872e-01
9.999883e-01
9.999905e-01
9.999876e-01
9.999889e-01
9.999888e-01
9.999886e-01
9.999862e-01
9.999869e-01
9.999880e-01
9.999903e-01
9.999873e-01
9.999887e-01
9.999886e-01
9.999884e-01
9.999078e-01
9.999678e-01
9.999978e-01
9.997101e-01
9.999482e-01
9.995227e-01
9.996887e-01
9.998347e-01
9.999062e-01
9.999672e-01
9.999978e-01
9.997055e-01
9.999472e-01
9.995135e-01
9.996828e-01
9.998316e-01
9.999045e-01
9.999667e-01
9.999978e-01
9.997007e-01
9.999461e-01
9.995041e-01
9.996768e-01
9.998285e-01
9.999027e-01
9.999660e-01
9.999977e-01
9.996959e-01
9.999449e-01
9.994944e-01
9.996706e-01
9.998253e-01
9.999009e-01
9.999654e-01
9.999977e-01
9.996910e-01
9.999438e-01
9.994844e-01
9.996642e-01
9.998219e-01
9.998991e-01
9.999648e-01
9.999976e-01
9.996859e-01
9.999425e-01
9.994741e-01
9.996576e-01
9.998185e-01
9.998972e-01
9.999641e-01
9.999976e-01
9.996807e-01
9.999413e-01
9.994635e-01
9.996508e-01
9.998150e-01
9.998953e-01
9.999635e-01
9.999975e-01
9.996754e-01
9.999400e-01
9.994527e-01
9.996439e-01
9.998114e-01
9.998933e-01
9.999628e-01
9.999975e-01
9.996700e-01
9.999386e-01
9.994415e-01
9.996367e-01
9.998077e-01
9.998912e-01
9.999621e-01
9.999974e-01
9.996644e-01
9.999373e-01
9.994299e-01
9.996293e-01
9.998038e-01
9.998891e-01
9.999613e-01
9.999974e-01
9.996587e-01
9.999358e-01
9.994181e-01
9.996217e-01
9.997999e-01
9.998869e-01
9.999606e-01
9.999973e-01
9.996529e-01
9.999343e-01
9.994059e-01
9.996139e-01
9.997958e-01
9.998847e-01
9.999598e-01
9.999973e-01
9.996469e-01
9.999328e-01
9.993933e-01
9.996058e-01
9.997916e-01
9.998823e-01
9.999590e-01
9.999972e-01
9.996408e-01
9.999312e-01
9.993803e-01
9.995975e-01
9.997873e-01
9.998800e-01
9.999582e-01
9.999972e-01
9.996345e-01
9.999296e-01
9.993670e-01
9.995890e-01
9.997828e-01
9.998775e-01
9.999573e-01
9.999971e-01
9.996281e-01
9.999279e-01
9.993532e-01
9.995801e-01
9.997782e-01
9.999944e-01
9.999958e-01
9.999979e-01
1.000000e+00
9.999991e-01
1.000000e+00
1.000000e+00
9.999997e-01
9.999943e-01
9.999958e-01
9.999979e-01
1.000000e+00
9.999991e-01
1.000000e+00
1.000000e+00
9.999997e-01
9.999942e-01
9.999957e-01
9.999979e-01
1.000000e+00
9.999991e-01
1.000000e+00
1.000000e+00
9.999997e-01
9.999941e-01
9.999957e-01
9.999978e-01
1.000000e+00
9.999991e-01
1.000000e+00
1.000000e+00
9.999997e-01
9.999940e-01
9.999956e-01
9.999978e-01
1.000000e+00
9.999991e-01
1.000000e+00
1.000000e+00
9.999997e-01
9.999940e-01
9.999955e-01
9.999978e-01
1.000000e+00
9.999991e-01
1.000000e+00
1.000000e+00
9.999997e-01
9.999939e-01
9.999955e-01
9.999977e-01
1.000000e+00
9.999990e-01
1.000000e+00
1.000000e+00
9.999997e-01
9.999938e-01
9.999954e-01
9.999977e-01
1.000000e+00
9.999990e-01
1.000000e+00
1.000000e+00
9.999997e-01
9.999937e-01
9.999953e-01
9.999977e-01
1.000000e+00
9.999990e-01
9.999999e-01
1.000000e+00
9.999997e-01
9.999936e-01
9.999953e-01
9.999976e-01
1.000000e+00
9.999990e-01
9.999999e-01
1.000000e+00
9.999997e-01
9.999935e-01
9.999952e-01
9.999976e-01
1.000000e+00
9.999990e-01
9.999999e-01
1.000000e+00
9.999997e-01
9.999934e-01
9.999951e-01
9.999975e-01
1.000000e+00
9.999990e-01
9.999999e-01
1.000000e+00
9.999997e-01
9.999933e-01
9.999950e-01
9.999975e-01
1.000000e+00
9.999989e-01
9.999999e-01
1.000000e+00
9.999997e-01
9.999932e-01
9.999950e-01
9.999975e-01
1.000000e+00
9.999989e-01
9.999999e-01
1.000000e+00
9.999997e-01
9.999931e-01
9.999949e-01
9.999974e-01
1.000000e+00
9.999989e-01
9.999999e-01
1.000000e+00
9.999997e-01
9.999929e-01
9.999948e-01
9.999974e-01
1.000000e+00
9.999989e-01
9.999999e-01
1.000000e+00
9.999997e-01
9.999976e-01
9.999977e-01
9.999977e-01
9.999978e-01
9.999976e-01
9.999975e-01
9.999975e-01
9.999975e-01
9.999976e-01
9.999976e-01
9.999977e-01
9.999977e-01
9.999976e-01
9.999974e-01
9.999975e-01
9.999975e-01
9.999976e-01
9.999976e-01
9.999976e-01
9.999977e-01
9.999975e-01
9.999974e-01
9.999974e-01
9.999975e-01
9.999975e-01
9.999976e-01
9.999976e-01
9.999977e-01
9.999975e-01
9.999973e-01
9.999974e-01
9.999974e-01
9.999975e-01
9.999975e-01
9.999976e-01
9.999976e-01
9.999974e-01
9.999973e-01
9.999973e-01
9.999974e-01
9.999974e-01
9.999975e-01
9.999975e-01
9.999976e-01
9.999974e-01
9.999972e-01
9.999973e-01
9.999973e-01
9.999974e-01
9.999974e-01
9.999975e-01
9.999975e-01
9.999973e-01
9.999972e-01
9.999972e-01
9.999973e-01
9.999974e-01
9.999974e-01
9.999974e-01
9.999975e-01
9.999973e-01
9.999971e-01
9.999972e-01
9.999972e-01
9.999973e-01
9.999974e-01
9.999974e-01
9.999975e-01
9.999972e-01
9.999971e-01
9.999971e-01
9.999972e-01
9.999973e-01
9.999973e-01
9.999974e-01
9.999974e-01
9.999972e-01
9.999970e-01
9.999971e-01
9.999971e-01
9.999972e-01
9.999973e-01
9.999973e-01
9.999974e-01
9.999971e-01
9.999970e-01
9.999970e-01
9.999971e-01
9.999972e-01
9.999972e-01
9.999973e-01
9.999973e-01
9.999971e-01
9.999969e-01
9.999970e-01
9.999970e-01
9.999971e-01
9.999972e-01
9.999972e-01
9.999973e-01
9.999970e-01
9.999969e-01
9.999969e-01
9.999970e-01
9.999971e-01
9.999971e-01
9.999972e-01
9.999972e-01
9.999970e-01
9.999968e-01
9.999969e-01
9.999969e-01
9.999970e-01
9.999971e-01
9.999971e-01
9.999972e-01
9.999969e-01
9.999968e-01
9.999968e-01
9.999969e-01
9.999970e-01
9.999970e-01
9.999971e-01
9.999971e-01
9.999969e-01
9.999967e-01
9.999967e-01
9.999968e-01
9.999983e-01
9.999983e-01
9.999983e-01
9.999984e-01
9.999982e-01
9.999981e-01
9.999982e-01
9.999982e-01
9.999982e-01
9.999983e-01
9.999983e-01
9.999984e-01
9.999982e-01
9.999981e-01
9.999981e-01
9.999982e-01
9.999982e-01
9.999982e-01
9.999983e-01
9.999983e-01
9.999981e-01
9.999980e-01
9.999981e-01
9.999981e-01
9.999982e-01
9.999982e-01
9.999982e-01
9.999983e-01
9.999981e-01
9.999980e-01
9.999980e-01
9.999981e-01
9.999981e-01
9.999982e-01
9.999982e-01
9.999983e-01
9.999981e-01
9.999980e-01
9.999980e-01
9.999980e-01
9.999981e-01
9.999981e-01
9.999982e-01
9.999982e-01
9.999980e-01
9.999979e-01
9.999980e-01
9.999980e-01
9.999981e-01
9.999981e-01
9.999981e-01
9.999982e-01
9.999980e-01
9.999979e-01
9.999979e-01
9.999980e-01
9.999980e-01
9.999981e-01
9.999981e-01
9.999982e-01
9.999980e-01
9.999978e-01
9.999979e-01
9.999979e-01
9.999980e-01
9.999980e-01
9.999981e-01
9.999981e-01
9.999979e-01
9.999978e-01
9.999978e-01
9.999979e-01
9.999980e-01
9.999980e-01
9.999980e-01
9.999981e-01
9.999979e-01
9.999978e-01
9.999978e-01
9.999978e-01
9.999979e-01
9.999980e-01
9.999980e-01
9.999981e-01
9.999978e-01
9.999977e-01
9.999978e-01
9.999978e-01
9.999979e-01
9.999979e-01
9.999980e-01
9.999980e-01
9.999978e-01
9.999977e-01
9.999977e-01
9.999978e-01
9.999978e-01
9.999979e-01
9.999979e-01
9.999980e-01
9.999977e-01
9.999976e-01
9.999977e-01
9.999977e-01
9.999978e-01
9.999978e-01
9.999979e-01
9.999979e-01
9.999977e-01
9.999976e-01
9.999976e-01
9.999977e-01
9.999977e-01
9.999978e-01
9.999978e-01
9.999979e-01
9.999976e-01
9.999975e-01
9.999976e-01
9.999976e-01
9.999977e-01
9.999977e-01
9.999978e-01
9.999979e-01
9.999976e-01
9.999975e-01
9.999975e-01
9.999976e-01
9.999988e-01
9.999988e-01
9.999988e-01
9.999989e-01
9.999987e-01
9.999987e-01
9.999987e-01
9.999987e-01
9.999988e-01
9.999988e-01
9.999988e-01
9.999989e-01
9.999987e-01
9.999986e-01
9.999987e-01
9.999987e-01
9.999987e-01
9.999988e-01
9.999988e-01
9.999988e-01
9.999987e-01
9.999986e-01
9.999986e-01
9.999987e-01
9.999987e-01
9.999987e-01
9.999988e-01
9.999988e-01
9.999986e-01
9.999986e-01
9.999986e-01
9.999986e-01
9.999987e-01
9.999987e-01
9.999987e-01
9.999988e-01
9.999986e-01
9.999985e-01
9.999986e-01
9.999986e-01
9.999987e-01
9.999987e-01
9.999987e-01
9.999988e-01
9.999986e-01
9.999985e-01
9.999985e-01
9.999986e-01
9.999986e-01
9.999987e-01
9.999987e-01
9.999987e-01
9.999985e-01
9.999985e-01
9.999985e-01
9.999985e-01
9.999986e-01
9.999986e-01
9.999986e-01
9.999987e-01
9.999985e-01
9.999984e-01
9.999985e-01
9.999985e-01
9.999986e-01
9.999986e-01
9.999986e-01
9.999987e-01
9.999985e-01
9.999984e-01
9.999984e-01
9.999985e-01
9.999985e-01
9.999986e-01
9.999986e-01
9.999986e-01
9.999984e-01
9.999984e-01
9.999984e-01
9.999984e-01
9.999985e-01
9.999985e-01
9.999986e-01
9.999986e-01
9.999984e-01
9.999983e-01
9.999983e-01
9.999984e-01
9.999985e-01
9.999985e-01
9.999985e-01
9.999986e-01
9.999983e-01
9.999983e-01
9.999983e-01
9.999983e-01
9.999984e-01
9.999984e-01
9.999985e-01
9.999985e-01
9.999983e-01
9.999982e-01
9.999983e-01
9.999983e-01
9.999984e-01
9.999984e-01
9.999984e-01
9.999985e-01
9.999983e-01
9.999982e-01
9.999982e-01
9.999983e-01
9.999983e-01
9.999984e-01
9.999984e-01
9.999985e-01
9.999982e-01
9.999981e-01
9.999982e-01
9.999982e-01
9.999983e-01
9.999983e-01
9.999984e-01
9.999984e-01
9.999982e-01
9.999981e-01
9.999981e-01
9.999982e-01
9.999995e-01
9.999928e-01
9.999824e-01
9.999662e-01
9.999734e-01
1.000000e+00
9.999936e-01
9.999854e-01
9.999995e-01
9.999926e-01
9.999819e-01
9.999654e-01
9.999726e-01
1.000000e+00
9.999934e-01
9.999850e-01
9.999995e-01
9.999924e-01
9.999814e-01
9.999645e-01
9.999718e-01
1.000000e+00
9.999933e-01
9.999846e-01
9.999995e-01
9.999922e-01
9.999809e-01
9.999636e-01
9.999710e-01
1.000000e+00
9.999931e-01
9.999842e-01
9.999994e-01
9.999920e-01
9.999804e-01
9.999627e-01
9.999700e-01
1.000000e+00
9.999929e-01
9.999838e-01
9.999994e-01
9.999917e-01
9.999799e-01
9.999617e-01
9.999691e-01
1.000000e+00
9.999927e-01
9.999833e-01
9.999994e-01
9.999915e-01
9.999794e-01
9.999607e-01
9.999681e-01
1.000000e+00
9.999924e-01
9.999828e-01
9.999994e-01
9.999913e-01
9.999788e-01
9.999597e-01
9.999671e-01
1.000000e+00
9.999922e-01
9.999823e-01
9.999994e-01
9.999910e-01
9.999782e-01
9.999586e-01
9.999660e-01
1.000000e+00
9.999920e-01
9.999818e-01
9.999994e-01
9.999908e-01
9.999776e-01
9.999574e-01
9.999648e-01
1.000000e+00
9.999917e-01
9.999812e-01
9.999993e-01
9.999905e-01
9.999769e-01
9.999562e-01
9.999636e-01
1.000000e+00
9.999915e-01
9.999806e-01
9.999993e-01
9.999902e-01
9.999762e-01
9.999550e-01
9.999623e-01
1.000000e+00
9.999912e-01
9.999800e-01
9.999993e-01
9.999899e-01
9.999755e-01
9.999537e-01
9.999610e-01
9.999999e-01
9.999909e-01
9.999794e-01
9.999993e-01
9.999896e-01
9.999747e-01
9.999523e-01
9.999596e-01
9.999999e-01
9.999906e-01
9.999787e-01
9.999993e-01
9.999893e-01
9.999740e-01
9.999509e-01
9.999581e-01
9.999999e-01
9.999903e-01
9.999780e-01
9.999992e-01
9.999889e-01
9.999731e-01
9.999494e-01
9.999565e-01
9.999999e-01
9.999900e-01
9.999773e-01
9.999921e-01
9.999386e-01
9.998662e-01
9.996782e-01
9.997605e-01
9.999946e-01
9.999772e-01
9.999327e-01
9.999918e-01
9.999366e-01
9.998619e-01
9.996677e-01
9.997495e-01
9.999944e-01
9.999764e-01
9.999304e-01
9.999915e-01
9.999345e-01
9.998574e-01
9.996567e-01
9.997378e-01
9.999942e-01
9.999756e-01
9.999280e-01
9.999912e-01
9.999322e-01
9.998526e-01
9.996452e-01
9.997253e-01
9.999940e-01
9.999747e-01
9.999255e-01
9.999909e-01
9.999299e-01
9.998476e-01
9.996332e-01
9.997119e-01
9.999937e-01
9.999738e-01
9.999228e-01
9.999906e-01
9.999275e-01
9.998423e-01
9.996205e-01
9.996974e-01
9.999935e-01
9.999728e-01
9.999200e-01
9.999903e-01
9.999249e-01
9.998368e-01
9.996072e-01
9.996820e-01
9.999933e-01
9.999718e-01
9.999170e-01
9.999899e-01
9.999222e-01
9.998310e-01
9.995933e-01
9.996653e-01
9.999930e-01
9.999707e-01
9.999138e-01
9.999895e-01
9.999193e-01
9.998248e-01
9.995786e-01
9.996474e-01
9.999927e-01
9.999696e-01
9.999105e-01
9.999891e-01
9.999163e-01
9.998183e-01
9.995632e-01
9.996281e-01
9.999924e-01
9.999684e-01
9.999070e-01
9.999887e-01
9.999131e-01
9.998114e-01
9.995470e-01
9.996071e-01
9.999921e-01
9.999671e-01
9.999032e-01
9.999883e-01
9.999097e-01
9.998042e-01
9.995299e-01
9.995845e-01
9.999918e-01
9.999657e-01
9.998993e-01
9.999878e-01
9.999061e-01
9.997965e-01
9.995119e-01
9.995600e-01
9.999914e-01
9.999642e-01
9.998951e-01
9.999873e-01
9.999022e-01
9.997884e-01
9.994929e-01
9.995333e-01
9.999911e-01
9.999627e-01
9.998906e-01
9.999868e-01
9.998982e-01
9.997797e-01
9.994729e-01
9.995043e-01
9.999907e-01
9.999610e-01
9.998858e-01
9.999862e-01
9.998938e-01
9.997706e-01
9.994518e-01
9.994727e-01
9.999902e-01
9.999593e-01
9.998807e-01
SCALARS area double 1
LOOKUP_TABLE default
3.721645e-04
3.971149e-04
4.204122e-04
4.297729e-04
4.522753e-04
4.855441e-04
5.063558e-04
5.231496e-04
4.365671e-04
4.361065e-04
4.356332e-04
4.260538e-04
4.288723e-04
4.380247e-04
4.369902e-04
4.361099e-04
4.341038e-04
4.336435e-04
4.331721e-04
4.236489e-04
4.264744e-04
4.355702e-04
4.345361e-04
4.336563e-04
4.316405e-04
4.311806e-04
4.307111e-04
4.212440e-04
4.240765e-04
4.331159e-04
4.320822e-04
4.312027e-04
4.291773e-04
4.287177e-04
4.282503e-04
4.188393e-04
4.216788e-04
4.306616e-04
4.296283e-04
4.287493e-04
4.267142e-04
4.262550e-04
4.257895e-04
4.164347e-04
4.192811e-04
4.282074e-04
4.271745e-04
4.262959e-04
4.242512e-04
4.237923e-04
4.233288e-04
4.140302e-04
4.168836e-04
4.257533e-04
4.247208e-04
4.238426e-04
4.217883e-04
4.213298e-04
4.208682e-04
4.116258e-04
4.144862e-04
4.232993e-04
4.222672e-04
4.213895e-04
4.193255e-04
4.188673e-04
4.184077e-04
4.092215e-04
4.120888e-04
4.208454e-04
4.198137e-04
4.189364e-04
4.168628e-04
4.164050e-04
4.159473e-04
4.068173e-04
4.096916e-04
4.183916e-04
4.173603e-04
4.164834e-04
4.144002e-04
4.139427e-04
4.134870e-04
4.044132e-04
4.072945e-04
4.159379e-04
4.149070e-04
4.140305e-04
4.119377e-04
4.114806e-04
4.110269e-04
4.020092e-04
4.048975e-04
4.134844e-04
4.124537e-04
4.115777e-04
4.094752e-04
4.090185e-04
4.085668e-04
3.996054e-04
4.025006e-04
4.110309e-04
4.100006e-04
4.091250e-04
4.070129e-04
4.065566e-04
4.061069e-04
3.972017e-04
4.001038e-04
4.085775e-04
4.075476e-04
4.066724e-04
4.045507e-04
4.040947e-04
4.036470e-04
3.947981e-04
3.977071e-04
4.061243e-04
4.050947e-04
4.042199e-04
4.020886e-04
4.016330e-04
4.011873e-04
3.923946e-04
3.953105e-04
4.036711e-04
4.026419e-04
4.017675e-04
3.994808e-04
3.991609e-04
3.987732e-04
3.899688e-04
3.926931e-04
4.012134e-04
4.003707e-04
3.996460e-04
3.967382e-04
3.964186e-04
3.960329e-04
3.872907e-04
3.900163e-04
3.984738e-04
3.976321e-04
3.969085e-04
3.939956e-04
3.936763e-04
3.932927e-04
3.846128e-04
3.873396e-04
3.957343e-04
3.948937e-04
3.941710e-04
3.912531e-04
3.909342e-04
3.905526e-04
3.819349e-04
3.846630e-04
3.929949e-04
3.921553e-04
3.914337e-04
3.885108e-04
3.881921e-04
3.878126e-04
3.792572e-04
3.819864e-04
3.902556e-04
3.894170e-04
3.886964e-04
3.857684e-04
3.854501e-04
3.850726e-04
3.765795e-04
3.793100e-04
3.875163e-04
3.866788e-04
3.859592e-04
3.830262e-04
3.827082e-04
3.823328e-04
3.739019e-04
3.766337e-04
3.847772e-04
3.839407e-04
3.832221e-04
3.802841e-04
3.799664e-04
3.795931e-04
3.712245e-04
3.739575e-04
3.820381e-04
3.812026e-04
3.804850e-04
3.775420e-04
3.772247e-04
3.768534e-04
3.685471e-04
3.712813e-04
3.792991e-04
3.784647e-04
3.777481e-04
3.748000e-04
3.744830e-04
3.741139e-04
3.658699e-04
3.686053e-04
3.765603e-04
3.757268e-04
3.750112e-04
3.720582e-04
3.717415e-04
3.713744e-04
3.631928e-04
3.659294e-04
3.738215e-04
3.729891e-04
3.722745e-04
3.693164e-04
3.690001e-04
3.686351e-04
3.605157e-04
3.632536e-04
3.710828e-04
3.702514e-04
3.695378e-04
3.665747e-04
3.662587e-04
3.658959e-04
3.578388e-04
3.605779e-04
3.683443e-04
3.675138e-04
3.668012e-04
3.638331e-04
3.635175e-04
3.631567e-04
3.551620e-04
3.579023e-04
3.656058e-04
3.647764e-04
3.640647e-04
3.610916e-04
3.607764e-04
3.604177e-04
3.524854e-04
3.552268e-04
3.628675e-04
3.620390e-04
3.613283e-04
3.583502e-04
3.580353e-04
3.576788e-04
3.498088e-04
3.525514e-04
3.601292e-04
3.593018e-04
3.585920e-04
3.558330e-04
3.555740e-04
3.552502e-04
3.474031e-04
3.491773e-04
3.568396e-04
3.561974e-04
3.556467e-04
3.532921e-04
3.530333e-04
3.527112e-04
3.449216e-04
3.466995e-04
3.543036e-04
3.536622e-04
3.531123e-04
3.507512e-04
3.504926e-04
3.501723e-04
3.424400e-04
3.442217e-04
3.517677e-04
3.511270e-04
3.505779e-04
3.482104e-04
3.479521e-04
3.476334e-04
3.399586e-04
3.417441e-04
3.492318e-04
3.485920e-04
3.480435e-04
3.456697e-04
3.454116e-04
3.450947e-04
3.374772e-04
3.392665e-04
3.466961e-04
3.460570e-04
3.455093e-04
3.431290e-04
3.428712e-04
3.425560e-04
3.349960e-04
3.367889e-04
3.441604e-04
3.435221e-04
3.429751e-04
3.405884e-04
3.403308e-04
3.400174e-04
3.325148e-04
3.343115e-04
3.416248e-04
3.409873e-04
3.404410e-04
3.380479e-04
3.377905e-04
3.374788e-04
3.300337e-04
3.318341e-04
3.390893e-04
3.384525e-04
3.379070e-04
3.355074e-04
3.352503e-04
3.349404e-04
3.275527e-04
3.293569e-04
3.365539e-04
3.359178e-04
3.353730e-04
3.329671e-04
3.327102e-04
3.324020e-04
3.250718e-04
3.268797e-04
3.340185e-04
3.333832e-04
3.328391e-04
3.304268e-04
3.301702e-04
3.298637e-04
3.225910e-04
3.244026e-04
3.314833e-04
3.308487e-04
3.303053e-04
3.278866e-04
3.276303e-04
3.273256e-04
3.201102e-04
3.219256e-04
3.289481e-04
3.283143e-04
3.277716e-04
3.253465e-04
3.250904e-04
3.247875e-04
3.176296e-04
3.194487e-04
3.264130e-04
3.257799e-04
3.252380e-04
3.228064e-04
3.225507e-04
3.222495e-04
3.151491e-04
3.169719e-04
3.238780e-04
3.232457e-04
3.227044e-04
3.202665e-04
3.200110e-04
3.197116e-04
3.126687e-04
3.144952e-04
3.213432e-04
3.207115e-04
3.201709e-04
3.177266e-04
3.174714e-04
3.171738e-04
3.101884e-04
3.120186e-04
3.188084e-04
3.181774e-04
3.176376e-04
3.138361e-04
3.139560e-04
3.140085e-04
3.073351e-04
3.087890e-04
3.160592e-04
3.159819e-04
3.159135e-04
3.115450e-04
3.116650e-04
3.117178e-04
3.050933e-04
3.065313e-04
3.137488e-04
3.136729e-04
3.136058e-04
3.092539e-04
3.093741e-04
3.094272e-04
3.028515e-04
3.042737e-04
3.114385e-04
3.113640e-04
3.112982e-04
3.069629e-04
3.070833e-04
3.071366e-04
3.006098e-04
3.020161e-04
3.091283e-04
3.090551e-04
3.089906e-04
3.046720e-04
3.047925e-04
3.048462e-04
2.983682e-04
2.997586e-04
3.068181e-04
3.067463e-04
3.066832e-04
3.023811e-04
3.025017e-04
3.025558e-04
2.961266e-04
2.975012e-04
3.045080e-04
3.044376e-04
3.043757e-04
3.000903e-04
3.002111e-04
3.002654e-04
2.938852e-04
2.952438e-04
3.021979e-04
3.021290e-04
3.020684e-04
2.977996e-04
2.979205e-04
2.979752e-04
2.916438e-04
2.929865e-04
2.998880e-04
2.998204e-04
2.997611e-04
2.955089e-04
2.956300e-04
2.956850e-04
2.894024e-04
2.907293e-04
2.975781e-04
2.975119e-04
2.974539e-04
2.932184e-04
2.933396e-04
2.933949e-04
2.871612e-04
2.884722e-04
2.952683e-04
2.952034e-04
2.951467e-04
2.909278e-04
2.910492e-04
2.911048e-04
2.849200e-04
2.862152e-04
2.929586e-04
2.928951e-04
2.928397e-04
2.886374e-04
2.887589e-04
2.888149e-04
2.826789e-04
2.839582e-04
2.906489e-04
2.905868e-04
2.905327e-04
2.863470e-04
2.864687e-04
2.865250e-04
2.804379e-04
2.817014e-04
2.883394e-04
2.882786e-04
2.882257e-04
2.840567e-04
2.841786e-04
2.842352e-04
2.781970e-04
2.794446e-04
2.860299e-04
2.859704e-04
2.859189e-04
2.817665e-04
2.818885e-04
2.819455e-04
2.759562e-04
2.771879e-04
2.837205e-04
2.836624e-04
2.836121e-04
2.794764e-04
2.795985e-04
2.796559e-04
2.737155e-04
2.749313e-04
2.814112e-04
2.813544e-04
2.813055e-04
2.767400e-04
2.769564e-04
2.771190e-04
2.713247e-04
2.723565e-04
2.789834e-04
2.791402e-04
2.792760e-04
2.747525e-04
2.749690e-04
2.751313e-04
2.693782e-04
2.703912e-04
2.769723e-04
2.771304e-04
2.772673e-04
2.727650e-04
2.729816e-04
2.731437e-04
2.674319e-04
2.684259e-04
2.749613e-04
2.751206e-04
2.752587e-04
2.707776e-04
2.709943e-04
2.711561e-04
2.654855e-04
2.664607e-04
2.729503e-04
2.731109e-04
2.732502e-04
2.687902e-04
2.690070e-04
2.691686e-04
2.635393e-04
2.644956e-04
2.709393e-04
2.711013e-04
2.712417e-04
2.668030e-04
2.670198e-04
2.671812e-04
2.615931e-04
2.625305e-04
2.689285e-04
2.690917e-04
2.692332e-04
2.648157e-04
2.650326e-04
2.651938e-04
2.596469e-04
2.605655e-04
2.669177e-04
2.670821e-04
2.672249e-04
2.628285e-04
2.630455e-04
2.632065e-04
2.577009e-04
2.586005e-04
2.649069e-04
2.650726e-04
2.652165e-04
2.608414e-04
2.610585e-04
2.612193e-04
2.557548e-04
2.566356e-04
2.628962e-04
2.630632e-04
2.632083e-04
2.588544e-04
2.590715e-04
2.592321e-04
2.538089e-04
2.546708e-04
2.608856e-04
2.610539e-04
2.612001e-04
2.568674e-04
2.570846e-04
2.572450e-04
2.518630e-04
2.527060e-04
2.588751e-04
2.590446e-04
2.591920e-04
2.548805e-04
2.550978e-04
2.552579e-04
2.499172e-04
2.507414e-04
2.568646e-04
2.570354e-04
2.571839e-04
2.528936e-04
2.531110e-04
2.532709e-04
2.479715e-04
2.487768e-04
2.548542e-04
2.550262e-04
2.551759e-04
2.509068e-04
2.511243e-04
2.512840e-04
2.460258e-04
2.468122e-04
2.528439e-04
2.530172e-04
2.531680e-04
2.489201e-04
2.491377e-04
2.492972e-04
2.440802e-04
2.448478e-04
2.508337e-04
2.510082e-04
2.511601e-04
2.469334e-04
2.471512e-04
2.473104e-04
2.421347e-04
2.428834e-04
2.488235e-04
2.489992e-04
2.491523e-04
2.455234e-04
2.456068e-04
2.456389e-04
2.403987e-04
2.411108e-04
2.468671e-04
2.469000e-04
2.469297e-04
2.434170e-04
2.435005e-04
2.435327e-04
2.383401e-04
2.390348e-04
2.447450e-04
2.447791e-04
2.448098e-04
2.413106e-04
2.413943e-04
2.414267e-04
2.362816e-04
2.369589e-04
2.426229e-04
2.426582e-04
2.426899e-04
2.392043e-04
2.392880e-04
2.393207e-04
2.342231e-04
2.348830e-04
2.405009e-04
2.405374e-04
2.405701e-04
2.370980e-04
2.371819e-04
2.372147e-04
2.321647e-04
2.328071e-04
2.383789e-04
2.384165e-04
2.384503e-04
2.349918e-04
2.350758e-04
2.351088e-04
2.301063e-04
2.307313e-04
2.362570e-04
2.362958e-04
2.363306e-04
2.328857e-04
2.329697e-04
2.330029e-04
2.280479e-04
2.286555e-04
2.341351e-04
2.341751e-04
2.342109e-04
2.307796e-04
2.308637e-04
2.308971e-04
2.259896e-04
2.265798e-04
2.320133e-04
2.320544e-04
2.320912e-04
2.286735e-04
2.287577e-04
2.287914e-04
2.239314e-04
2.245042e-04
2.298915e-04
2.299337e-04
2.299716e-04
2.265675e-04
2.266518e-04
2.266857e-04
2.218731e-04
2.224286e-04
2.277697e-04
2.278132e-04
2.278520e-04
2.244616e-04
2.245460e-04
2.245800e-04
2.198150e-04
2.203530e-04
2.256480e-04
2.256926e-04
2.257325e-04
2.223557e-04
2.224402e-04
2.224744e-04
2.177569e-04
2.182776e-04
2.235264e-04
2.235721e-04
2.236130e-04
2.202499e-04
2.203345e-04
2.203689e-04
2.156988e-04
2.162021e-04
2.214048e-04
2.214517e-04
2.214936e-04
2.181442e-04
2.182288e-04
2.182634e-04
2.136408e-04
2.141268e-04
2.192833e-04
2.193313e-04
2.193743e-04
2.160385e-04
2.161232e-04
2.161580e-04
2.115829e-04
2.120515e-04
2.171618e-04
2.172110e-04
2.172550e-04
2.139329e-04
2.140177e-04
2.140527e-04
2.095250e-04
2.099763e-04
2.150403e-04
2.150907e-04
2.151357e-04
2.113806e-04
2.114924e-04
2.116172e-04
2.073517e-04
2.078710e-04
2.134736e-04
2.142479e-04
2.149352e-04
2.095125e-04
2.096274e-04
2.097536e-04
2.056759e-04
2.058596e-04
2.115486e-04
2.123304e-04
2.130258e-04
2.076449e-04
2.077626e-04
2.078899e-04
2.040019e-04
2.038485e-04
2.096261e-04
2.104145e-04
2.111174e-04
2.057778e-04
2.058979e-04
2.060263e-04
2.023298e-04
2.018377e-04
2.077061e-04
2.085002e-04
2.092098e-04
2.039112e-04
2.040335e-04
2.041627e-04
2.006596e-04
1.998271e-04
2.057888e-04
2.065877e-04
2.073032e-04
2.020451e-04
2.021692e-04
2.022991e-04
1.989913e-04
1.978169e-04
2.038742e-04
2.046769e-04
2.053975e-04
2.001795e-04
2.003051e-04
2.004355e-04
1.973250e-04
1.958070e-04
2.019623e-04
2.027680e-04
2.034927e-04
1.983145e-04
1.984412e-04
1.985719e-04
1.956607e-04
1.937974e-04
2.000534e-04
2.008609e-04
2.015890e-04
1.964501e-04
1.965775e-04
1.967083e-04
1.939985e-04
1.917882e-04
1.981474e-04
1.989557e-04
1.996863e-04
1.945862e-04
1.947141e-04
1.948448e-04
1.923384e-04
1.897793e-04
1.962444e-04
1.970525e-04
1.977846e-04
1.927229e-04
1.928508e-04
1.929813e-04
1.906806e-04
1.877707e-04
1.943445e-04
1.951514e-04
1.958840e-04
1.908603e-04
1.909878e-04
1.911178e-04
1.890250e-04
1.857626e-04
1.924479e-04
1.932523e-04
1.939846e-04
1.889983e-04
1.891250e-04
1.892543e-04
1.873717e-04
1.837548e-04
1.905546e-04
1.913554e-04
1.920863e-04
1.871369e-04
1.872624e-04
1.873908e-04
1.857208e-04
1.817474e-04
1.886647e-04
1.894607e-04
1.901892e-04
1.852762e-04
1.854001e-04
1.855273e-04
1.840723e-04
1.797404e-04
1.867783e-04
1.875683e-04
1.882933e-04
1.834162e-04
1.835381e-04
1.836639e-04
1.824263e-04
1.777338e-04
1.848955e-04
1.856782e-04
1.863986e-04
1.821305e-04
1.821937e-04
1.822597e-04
1.810895e-04
1.758861e-04
1.826964e-04
1.827898e-04
1.828667e-04
1.808369e-04
1.809003e-04
1.809666e-04
1.798164e-04
1.746201e-04
1.813958e-04
1.814896e-04
1.815668e-04
1.795434e-04
1.796070e-04
1.796735e-04
1.785432e-04
1.733541e-04
1.800952e-04
1.801893e-04
1.802670e-04
1.782499e-04
1.783136e-04
1.783804e-04
1.772701e-04
1.720881e-04
1.787946e-04
1.788891e-04
1.789671e-04
1.769564e-04
1.770203e-04
1.770873e-04
1.759969e-04
1.708220e-04
1.774940e-04
1.775888e-04
1.776672e-04
1.756630e-04
1.757271e-04
1.757942e-04
1.747238e-04
1.695560e-04
1.761934e-04
1.762886e-04
1.763673e-04
1.743696e-04
1.744338e-04
1.745011e-04
1.734506e-04
1.682900e-04
1.748929e-04
1.749883e-04
1.750674e-04
1.730762e-04
1.731406e-04
1.732081e-04
1.721775e-04
1.670240e-04
1.735923e-04
1.736881e-04
1.737675e-04
1.717829e-04
1.718474e-04
1.719151e-04
1.709043e-04
1.657581e-04
1.722917e-04
1.723878e-04
1.724677e-04
1.704896e-04
1.705543e-04
1.706221e-04
1.696311e-04
1.644921e-04
1.709911e-04
1.710876e-04
1.711678e-04
1.691964e-04
1.692611e-04
1.693291e-04
1.683580e-04
1.632261e-04
1.696905e-04
1.697873e-04
1.698679e-04
1.679032e-04
1.679681e-04
1.680361e-04
1.670848e-04
1.619601e-04
1.683900e-04
1.684871e-04
1.685680e-04
1.666100e-04
1.666750e-04
1.667431e-04
1.658117e-04
1.606942e-04
1.670894e-04
1.671869e-04
1.672682e-04
1.653169e-04
1.653820e-04
1.654501e-04
1.645385e-04
1.594282e-04
1.657888e-04
1.658866e-04
1.659683e-04
1.640238e-04
1.640890e-04
1.641572e-04
1.632654e-04
1.581623e-04
1.644882e-04
1.645864e-04
1.646684e-04
1.627308e-04
1.627960e-04
1.628643e-04
1.619922e-04
1.568963e-04
1.631876e-04
1.632861e-04
1.633686e-04
1.619851e-04
1.620016e-04
1.620135e-04
1.610864e-04
1.559048e-04
1.620754e-04
1.620928e-04
1.621081e-04
1.607198e-04
1.607363e-04
1.607482e-04
1.598285e-04
1.546858e-04
1.608086e-04
1.608261e-04
1.608415e-04
1.594545e-04
1.594709e-04
1.594829e-04
1.585706e-04
1.534668e-04
1.595419e-04
1.595595e-04
1.595749e-04
1.581892e-04
1.582056e-04
1.582176e-04
1.573127e-04
1.522478e-04
1.582751e-04
1.582928e-04
1.583083e-04
1.569239e-04
1.569403e-04
1.569523e-04
1.560549e-04
1.510289e-04
1.570084e-04
1.570261e-04
1.570418e-04
1.556587e-04
1.556751e-04
1.556871e-04
1.547971e-04
1.498099e-04
1.557417e-04
1.557595e-04
1.557753e-04
1.543935e-04
1.544098e-04
1.544218e-04
1.535392e-04
1.485910e-04
1.544750e-04
1.544929e-04
1.545088e-04
1.531282e-04
1.531446e-04
1.531566e-04
1.522815e-04
1.473721e-04
1.532083e-04
1.532263e-04
1.532423e-04
1.518631e-04
1.518794e-04
1.518914e-04
1.510237e-04
1.461532e-04
1.519417e-04
1.519597e-04
1.519758e-04
1.505979e-04
1.506142e-04
1.506262e-04
1.497659e-04
1.449343e-04
1.506750e-04
1.506932e-04
1.507094e-04
1.493327e-04
1.493490e-04
1.493610e-04
1.485082e-04
1.437155e-04
1.494084e-04
1.494266e-04
1.494429e-04
1.480676e-04
1.480838e-04
1.480959e-04
1.472505e-04
1.424967e-04
1.481418e-04
1.481601e-04
1.481765e-04
1.468025e-04
1.468187e-04
1.468308e-04
1.459928e-04
1.412779e-04
1.468752e-04
1.468936e-04
1.469102e-04
1.455374e-04
1.455536e-04
1.455657e-04
1.447351e-04
1.400591e-04
1.456087e-04
1.456272e-04
1.456438e-04
1.442723e-04
1.442885e-04
1.443006e-04
1.434775e-04
1.388403e-04
1.443422e-04
1.443607e-04
1.443774e-04
1.430073e-04
1.430234e-04
1.430355e-04
1.422199e-04
1.376216e-04
1.430757e-04
1.430943e-04
1.431111e-04
1.418130e-04
1.418248e-04
1.418321e-04
1.410178e-04
1.364458e-04
1.418478e-04
1.418614e-04
1.418734e-04
1.405472e-04
1.405590e-04
1.405663e-04
1.397594e-04
1.352269e-04
1.405810e-04
1.405947e-04
1.406068e-04
1.392814e-04
1.392932e-04
1.393004e-04
1.385009e-04
1.340080e-04
1.393143e-04
1.393280e-04
1.393402e-04
1.380156e-04
1.380274e-04
1.380346e-04
1.372426e-04
1.327891e-04
1.380475e-04
1.380614e-04
1.380737e-04
1.367499e-04
1.367616e-04
1.367689e-04
1.359842e-04
1.315703e-04
1.367808e-04
1.367947e-04
1.368071e-04
1.354841e-04
1.354958e-04
1.355031e-04
1.347258e-04
1.303514e-04
1.355141e-04
1.355281e-04
1.355406e-04
1.342184e-04
1.342301e-04
1.342373e-04
1.334674e-04
1.291326e-04
1.342474e-04
1.342615e-04
1.342741e-04
1.329527e-04
1.329643e-04
1.329716e-04
1.322091e-04
1.279137e-04
1.329808e-04
1.329949e-04
1.330076e-04
1.316870e-04
1.316986e-04
1.317059e-04
1.309508e-04
1.266949e-04
1.317141e-04
1.317283e-04
1.317411e-04
1.304213e-04
1.304329e-04
1.304402e-04
1.296925e-04
1.254761e-04
1.304475e-04
1.304617e-04
1.304746e-04
1.291557e-04
1.291672e-04
1.291745e-04
1.284342e-04
1.242574e-04
1.291809e-04
1.291952e-04
1.292082e-04
1.278901e-04
1.279015e-04
1.279088e-04
1.271759e-04
1.230386e-04
1.279143e-04
1.279287e-04
1.279417e-04
1.266244e-04
1.266359e-04
1.266432e-04
1.259177e-04
1.218199e-04
1.266477e-04
1.266621e-04
1.266753e-04
1.253588e-04
1.253702e-04
1.253775e-04
1.246595e-04
1.206011e-04
1.253811e-04
1.253957e-04
1.254089e-04
1.240932e-04
1.241046e-04
1.241119e-04
1.234013e-04
1.193824e-04
1.241146e-04
1.241292e-04
1.241425e-04
1.228277e-04
1.228390e-04
1.228463e-04
1.221431e-04
1.181638e-04
1.228480e-04
1.228627e-04
1.228762e-04
1.215996e-04
1.216098e-04
1.216157e-04
1.209178e-04
1.169712e-04
1.216070e-04
1.216203e-04
1.216322e-04
1.203336e-04
1.203438e-04
1.203497e-04
1.196591e-04
1.157523e-04
1.203403e-04
1.203536e-04
1.203657e-04
1.190677e-04
1.190778e-04
1.190837e-04
1.184005e-04
1.145335e-04
1.190735e-04
1.190870e-04
1.190991e-04
1.178017e-04
1.178118e-04
1.178177e-04
1.171419e-04
1.133146e-04
1.178068e-04
1.178203e-04
1.178325e-04
1.165358e-04
1.165458e-04
1.165517e-04
1.158833e-04
1.120958e-04
1.165401e-04
1.165537e-04
1.165660e-04
1.152699e-04
1.152798e-04
1.152857e-04
1.146248e-04
1.108769e-04
1.152734e-04
1.152871e-04
1.152995e-04
1.140040e-04
1.140139e-04
1.140198e-04
1.133662e-04
1.096581e-04
1.140067e-04
1.140204e-04
1.140330e-04
1.127381e-04
1.127480e-04
1.127538e-04
1.121077e-04
1.084393e-04
1.127400e-04
1.127538e-04
1.127664e-04
1.114722e-04
1.114820e-04
1.114879e-04
1.108491e-04
1.072205e-04
1.114734e-04
1.114873e-04
1.115000e-04
1.102063e-04
1.102161e-04
1.102220e-04
1.095906e-04
1.060018e-04
1.102067e-04
1.102207e-04
1.102335e-04
1.089405e-04
1.089502e-04
1.089561e-04
1.083321e-04
1.047830e-04
1.089401e-04
1.089541e-04
1.089670e-04
1.076747e-04
1.076844e-04
1.076902e-04
1.070736e-04
1.035643e-04
1.076735e-04
1.076876e-04
1.077006e-04
1.064088e-04
1.064185e-04
1.064244e-04
1.058151e-04
1.023456e-04
1.064069e-04
1.064211e-04
1.064341e-04
1.051430e-04
1.051527e-04
1.051585e-04
1.045567e-04
1.011268e-04
1.051403e-04
1.051546e-04
1.051677e-04
1.038772e-04
1.038868e-04
1.038927e-04
1.032982e-04
9.990815e-05
1.038738e-04
1.038881e-04
1.039013e-04
1.026115e-04
1.026210e-04
1.026269e-04
1.020398e-04
9.868948e-05
1.026072e-04
1.026216e-04
1.026349e-04
1.012079e-04
1.012342e-04
1.012694e-04
1.007465e-04
9.743946e-05
1.013601e-04
1.013832e-04
1.013999e-04
9.995128e-05
9.997730e-05
1.000119e-04
9.952526e-05
9.615630e-05
1.001000e-04
1.001231e-04
1.001392e-04
9.869466e-05
9.872050e-05
9.875469e-05
9.830444e-05
9.487342e-05
9.883986e-05
9.886303e-05
9.887866e-05
9.743805e-05
9.746380e-05
9.749766e-05
9.708406e-05
9.359082e-05
9.757976e-05
9.760305e-05
9.761828e-05
9.618144e-05
9.620718e-05
9.624086e-05
9.586412e-05
9.230853e-05
9.631967e-05
9.634313e-05
9.635805e-05
9.492483e-05
9.495065e-05
9.498429e-05
9.464466e-05
9.102654e-05
9.505957e-05
9.508329e-05
9.509800e-05
9.366824e-05
9.369422e-05
9.372796e-05
9.342568e-05
8.974488e-05
9.379948e-05
9.382353e-05
9.383811e-05
9.241165e-05
9.243789e-05
9.247189e-05
9.220721e-05
8.846356e-05
9.253938e-05
9.256385e-05
9.257841e-05
9.115506e-05
9.118166e-05
9.121607e-05
9.098927e-05
8.718259e-05
9.127929e-05
9.130424e-05
9.131889e-05
8.989849e-05
8.992554e-05
8.996054e-05
8.977187e-05
8.590200e-05
9.001919e-05
9.004472e-05
9.005957e-05
8.864192e-05
8.866953e-05
8.870528e-05
8.855505e-05
8.462178e-05
8.875910e-05
8.878529e-05
8.880046e-05
8.738536e-05
8.741364e-05
8.745033e-05
8.733882e-05
8.334198e-05
8.749901e-05
8.752595e-05
8.754156e-05
8.612881e-05
8.615788e-05
8.619569e-05
8.612322e-05
8.206259e-05
8.623892e-05
8.626671e-05
8.628288e-05
8.487226e-05
8.490223e-05
8.494137e-05
8.490826e-05
8.078365e-05
8.497882e-05
8.500757e-05
8.502443e-05
8.361573e-05
8.364673e-05
8.368739e-05
8.369398e-05
7.950517e-05
8.371873e-05
8.374854e-05
8.376623e-05
8.235920e-05
8.239136e-05
8.243376e-05
8.248040e-05
7.822719e-05
8.245864e-05
8.248961e-05
8.250828e-05
8.124783e-05
8.125974e-05
8.129010e-05
8.136724e-05
7.698044e-05
8.134218e-05
8.135287e-05
8.134112e-05
8.001876e-05
8.002512e-05
8.004753e-05
8.010069e-05
7.548596e-05
8.011076e-05
8.012163e-05
8.010535e-05
7.878978e-05
7.879137e-05
7.880693e-05
7.883917e-05
7.399453e-05
7.887941e-05
7.889067e-05
7.887041e-05
7.756092e-05
7.755852e-05
7.756840e-05
7.758292e-05
7.250634e-05
7.764812e-05
7.766000e-05
7.763635e-05
7.633218e-05
7.632663e-05
7.633204e-05
7.633220e-05
7.102158e-05
7.641691e-05
7.642964e-05
7.640321e-05
7.510357e-05
7.509573e-05
7.509796e-05
7.508729e-05
6.954047e-05
7.518578e-05
7.519960e-05
7.517103e-05
7.387508e-05
7.386587e-05
7.386627e-05
7.384848e-05
6.806326e-05
7.395472e-05
7.396989e-05
7.393987e-05
7.264673e-05
7.263712e-05
7.263709e-05
7.261608e-05
6.659021e-05
7.272375e-05
7.274055e-05
7.270977e-05
7.141852e-05
7.140953e-05
7.141056e-05
7.139043e-05
6.512159e-05
7.149287e-05
7.151157e-05
7.148080e-05
7.019046e-05
7.018315e-05
7.018681e-05
7.017188e-05
6.365772e-05
7.026208e-05
7.028299e-05
7.025300e-05
6.896256e-05
6.895805e-05
6.896599e-05
6.896080e-05
6.219892e-05
6.903138e-05
6.905483e-05
6.902644e-05
6.773483e-05
6.773431e-05
6.774825e-05
6.775760e-05
6.074557e-05
6.780079e-05
6.782710e-05
6.780119e-05
6.650728e-05
6.651199e-05
6.653378e-05
6.656271e-05
5.929807e-05
6.657031e-05
6.659983e-05
6.657732e-05
6.527991e-05
6.529119e-05
6.532274e-05
6.537657e-05
5.785684e-05
6.533994e-05
6.537305e-05
6.535492e-05
6.405275e-05
6.407197e-05
6.411534e-05
6.419968e-05
5.642239e-05
6.410970e-05
6.414679e-05
6.413405e-05
6.282579e-05
6.285444e-05
6.291178e-05
6.303255e-05
5.499523e-05
6.287958e-05
6.292107e-05
6.291482e-05
