"Time_Iter","Outer_Iter","Inner_Iter",    "rms[Rho]"    ,    "rms[RhoU]"   ,    "rms[RhoV]"   ,    "rms[RhoE]"   ,     "rms[nu]"    ,    "RefForce"    ,       "CD"       ,       "CL"       ,       "CSF"      ,       "CMx"      ,       "CMy"      ,       "CMz"      ,       "CFx"      ,       "CFy"      ,       "CFz"      ,      "CEff"      ,     "Buffet"     
          0,           0,           0,      -2.046598942,      -9.783035051,      -9.955534791,       3.434509953,      -6.022821002,       2884.257161,       2.093799168,       4.746948257,                 0,                 0,                 0,        1.27288241,        1.23769074,       5.038415857,                 0,       2.267145927,    0.001079499442
          0,           0,           1,      -2.254151497,     -0.1646340858,        0.23218898,       3.227934674,      -6.221060865,       2884.257161,        2.73248499,        6.46731281,                 0,                 0,                 0,       1.715517948,       1.567935319,       6.843550835,                 0,       2.366824643,    0.001079499442
          0,           0,           2,      -2.489641017,     -0.3409405724,      0.1012467528,       2.994813666,       -6.54733258,       2884.257161,       2.395144467,       5.559408208,                 0,                 0,                 0,       1.469976713,       1.393375737,       5.890860778,                 0,       2.321116026,    0.001079499442
          0,           0,           3,      -2.603056879,     -0.5811925661,      -0.193156808,       2.880087883,      -6.938117468,       2884.257161,       1.921283316,       4.413082265,                 0,                 0,                 0,       1.163938384,       1.125771013,       4.679664976,                 0,       2.296945082,    0.001079499442
          0,           0,           4,      -2.859641029,     -0.7438510273,     -0.3301729102,       2.621544907,      -7.180970023,       2884.257161,       1.696438838,       4.161194545,                 0,                 0,                 0,       1.094519862,      0.9480822707,       4.392560163,                 0,       2.452899834,    0.001079499442
          0,           0,           5,      -2.942859112,     -0.6431733361,     -0.3612643017,        2.53753956,      -7.409328794,       2884.257161,        1.23367386,       3.661414284,                 0,                 0,                 0,       0.937804684,      0.5791336643,       3.820014391,                 0,        2.96789484,    0.001079499442
          0,           0,           6,      -3.038309067,     -0.3878933264,     -0.2938498393,       2.438114113,      -7.580663378,       2884.257161,      0.4420927495,       1.776971412,                 0,                 0,                 0,      0.3300664319,      0.1268085198,       1.826743824,                 0,       4.019453868,    0.001535770998
          0,           0,           7,      -3.397854849,     -0.4992038405,     -0.5219605119,       2.069938127,      -7.642008958,       2884.257161,      0.3609116254,       1.571012837,                 0,                 0,                 0,      0.2643189991,      0.0826250505,       1.609817268,                 0,       4.352901727,    0.001535770998
          0,           0,           8,      -3.345321225,     -0.5063155684,     -0.5515594354,       2.124167059,      -7.591867907,       2884.257161,      0.2218225078,       1.162949949,                 0,                 0,                 0,      0.1326377241,     0.01650838604,       1.183801201,                 0,       5.242704904,    0.001383672559
          0,           0,           9,      -3.258326834,     -0.5403118495,     -0.6200832055,       2.216621636,       -7.46938432,       2884.257161,     0.03296644626,      0.4385603562,                 0,                 0,                 0,    -0.09407653397,    -0.04368959478,      0.4376222022,                 0,       13.30323422,    0.001383672559
          0,           0,          10,      -3.188055809,      -0.641743257,     -0.7523921434,       2.291254782,      -7.221531493,       2884.257161,    -0.07004251003,     -0.2068112702,                 0,                 0,                 0,     -0.2564360894,    -0.03306600673,     -0.2158320965,                 0,       2.952653611,    0.001383672559
          0,           0,          11,      -3.344872374,       -0.65173054,     -0.7332336976,       2.134187308,      -6.819472044,       2884.257161,      0.0293916317,      0.1272517891,                 0,                 0,                 0,     -0.1145650028,    0.006848065488,      0.1304223518,                 0,       4.329524485,    0.001079499442
          0,           0,          12,       -3.52599994,      -0.592898429,     -0.5683182385,       1.937349858,      -6.740835957,       2884.257161,      0.0414848979,      0.1755333997,                 0,                 0,                 0,    -0.09621916045,      0.0103735941,      0.1800704299,                 0,       4.231260257,    0.001079499442
          0,           0,          13,      -3.513342888,     -0.5966098422,      -0.830350751,       1.942128318,      -6.677909368,       2884.257161,     0.07042790764,       0.314793178,                 0,                 0,                 0,    -0.05036714788,     0.01469468777,      0.3222404401,                 0,       4.469722139,    0.001079499442
          0,           0,          14,      -3.667235817,      -0.569222784,     -0.8210772713,       1.806591087,      -6.559878415,       2884.257161,      0.1158505686,      0.5888643561,                 0,                 0,                 0,     0.02338723587,     0.01183531579,      0.6000354235,                 0,       5.082964748,    0.001431086656
          0,           0,          15,      -3.525607614,     -0.5258229793,     -0.6440018451,       1.948225984,      -6.376032489,       2884.257161,       0.129403125,      0.7704611351,                 0,                 0,                 0,     0.04845019048,   -0.006351971285,       0.781226716,                 0,        5.95396081,    0.001431086656
          0,           0,          16,      -3.262562071,     -0.4146039306,     -0.3933248389,       2.217225128,      -6.334426716,       2884.257161,      0.1297947579,      0.7845180267,                 0,                 0,                 0,     0.04958707382,   -0.008407241837,      0.7951380583,                 0,         6.0442967,    0.001431086656
          0,           0,          17,      -3.317067889,     -0.4179414816,     -0.7761878529,       2.158435769,      -6.299003314,       2884.257161,      0.1276538013,      0.7968497587,                 0,                 0,                 0,     0.04718264955,    -0.01265705525,      0.8069106703,                 0,       6.242272072,    0.001436106603
          0,           0,          18,      -3.708025059,     -0.4015988165,      -0.773661614,       1.810387469,      -6.233765126,       2884.257161,      0.1168678869,       0.777570032,                 0,                 0,                 0,     0.03308279724,    -0.01993121793,      0.7860508916,                 0,       6.653410551,    0.001664206744
          0,           0,          19,      -3.462378265,     -0.3777629019,     -0.5280144634,        2.04032607,      -6.131864318,       2884.257161,     0.09718235837,      0.7164670262,                 0,                 0,                 0,    0.009390724423,    -0.02870725347,      0.7224578216,                 0,       7.372398017,    0.001664206744
          0,           0,          20,      -3.167875789,      -0.307959506,     -0.3193553087,       2.324214394,      -6.115274965,       2884.257161,     0.09519469673,      0.7102148744,                 0,                 0,                 0,    0.007106840256,     -0.0295790433,      0.7159555002,                 0,       7.460655885,    0.001816293302
          0,           0,          21,      -3.247748543,     -0.3205935607,     -0.7053572546,       2.237953322,      -6.094331998,       2884.257161,     0.09148832287,      0.6982371004,                 0,                 0,                 0,    0.003025512138,    -0.03114919038,      0.7035160904,                 0,       7.631980546,    0.001816293302
          0,           0,          22,      -3.690000403,      -0.319448545,     -0.7301186446,       1.848540871,      -6.056094048,       2884.257161,     0.08656606435,      0.6850682149,                 0,                 0,                 0,   -0.001253530813,    -0.03370991577,      0.6896925287,                 0,       7.913819579,    0.002120371399
          0,           0,          23,      -3.431160514,      -0.313195297,     -0.4904906969,        2.08208844,      -5.996671178,       2884.257161,     0.08494996445,      0.7034094308,                 0,                 0,                 0,    0.001929887636,    -0.03848638221,      0.7074744676,                 0,       8.280279284,    0.002120371399
          0,           0,          24,      -3.177623841,     -0.2660612637,     -0.3067514776,       2.320546125,      -5.927280716,       2884.257161,     0.08624165975,       0.769283367,                 0,                 0,                 0,     0.01095777953,    -0.04865319964,      0.7725719311,                 0,       8.920090003,    0.002966939332
          0,           0,          25,      -3.003851692,     -0.1521497156,     -0.1418397177,       2.489398358,      -5.974235426,       2884.257161,     0.08618135725,      0.7759199128,                 0,                 0,                 0,     0.01179912971,    -0.04986501008,      0.7790971814,                 0,        9.00333828,    0.002966939332
          0,           0,          26,      -3.077955829,     -0.2107699631,     -0.5593839335,       2.413249139,      -5.956592287,       2884.257161,     0.08595867791,      0.7884424452,                 0,                 0,                 0,      0.0128634613,    -0.05225882136,      0.7913908006,                 0,       9.172342623,    0.002814852774
          0,           0,          27,      -3.490177959,     -0.2255969281,     -0.5501080396,       2.038993965,      -5.931544945,       2884.257161,     0.08506860324,      0.8084621192,                 0,                 0,                 0,      0.0136431705,     -0.0566117537,      0.8109517709,                 0,       9.503648683,    0.002814852774
          0,           0,          28,      -3.284552193,     -0.2093873502,     -0.3054255254,       2.226965079,      -5.915284587,       2884.257161,     0.08106015196,      0.8304809937,                 0,                 0,                 0,     0.01150786919,    -0.06438284503,       0.831940069,                 0,       10.24524348,    0.002814852774
          0,           0,          29,       -3.11535926,     -0.1443752434,     -0.1700390122,       2.388446945,      -6.007572576,       2884.257161,     0.08054299925,      0.8324351858,                 0,                 0,                 0,     0.01123354798,    -0.06523148293,      0.8337747699,                 0,       10.33528914,    0.002814852774
          0,           0,          30,      -3.115832125,     -0.2090048153,     -0.5673973633,       2.376654344,      -6.000659097,       2884.257161,     0.07938872459,      0.8354083916,                 0,                 0,                 0,       0.010394133,    -0.06688451333,      0.8365023684,                 0,       10.52301062,    0.004012512081
          0,           0,          31,      -3.578094928,     -0.2366931476,     -0.5804072216,        1.95885703,      -5.995546968,       2884.257161,     0.07725260259,      0.8415444059,                 0,                 0,                 0,    0.009205009125,    -0.07005369055,      0.8421742291,                 0,       10.89341171,    0.004012512081
          0,           0,          32,       -3.40287077,     -0.2420935678,     -0.3684788009,       2.117453636,       -6.01227692,       2884.257161,     0.07394322062,      0.8563695145,                 0,                 0,                 0,    0.007847321029,    -0.07588714865,      0.8561994428,                 0,       11.58144732,    0.003855405576
          0,           0,          33,      -3.228999772,     -0.2169112107,     -0.2622206237,       2.278077311,       -6.10596804,       2884.257161,     0.06891000264,      0.8874113465,                 0,                 0,                 0,    0.006938458697,    -0.08623425829,      0.8858956705,                 0,       12.87783068,    0.004083541356
          0,           0,          34,       -3.10463928,     -0.2282893885,     -0.2338989035,       2.393136677,      -6.422259227,       2884.257161,     0.06816360161,      0.8903851795,                 0,                 0,                 0,    0.006745887194,    -0.08748572051,      0.8886947132,                 0,       13.06247262,    0.005205720232
          0,           0,          35,        -3.1890337,     -0.3005335071,     -0.6074498457,        2.30439412,      -6.423881028,       2884.257161,     0.06687356594,      0.8962518803,                 0,                 0,                 0,    0.006252560937,    -0.08977489954,      0.8942482732,                 0,       13.40218467,    0.005134690959
          0,           0,          36,      -3.536432252,      -0.344703438,     -0.5917062357,       1.988831808,      -6.442349039,       2884.257161,     0.06482859291,      0.9081702173,                 0,                 0,                 0,    0.005755910149,    -0.09385840233,       0.905630438,                 0,       14.00879113,    0.005965844228
          0,           0,          37,      -3.353919398,     -0.3949900388,     -0.4369996493,       2.153147611,      -6.435427692,       2884.257161,     0.06104877728,      0.9285307015,                 0,                 0,                 0,    0.004938830228,     -0.1011163551,      0.9250252427,                 0,       15.20965272,    0.004673506357
          0,           0,          38,      -3.171825335,     -0.4763422064,     -0.3643867046,       2.319362702,      -6.479324912,       2884.257161,     0.06054858967,      0.9305256429,                 0,                 0,                 0,    0.004869334317,     -0.1019553616,      0.9269030198,                 0,       15.36824636,    0.004977584455
          0,           0,          39,      -3.301410907,     -0.4729974334,     -0.7911376601,       2.186005145,      -6.439574943,       2884.257161,     0.05961471224,      0.9341136865,                 0,                 0,                 0,    0.004561560612,     -0.1034981086,      0.9302743868,                 0,        15.6691805,    0.004977584455
          0,           0,          40,      -3.661871887,     -0.4850537745,     -0.7879728876,        1.87320296,      -6.368763955,       2884.257161,     0.05803707164,      0.9413721209,                 0,                 0,                 0,     0.00408188401,     -0.1063121952,      0.9371485949,                 0,       16.22018641,     0.00614198674
          0,           0,          41,      -3.436051494,       -0.49194637,      -0.549737865,       2.074370237,      -6.270510367,       2884.257161,     0.05525886743,      0.9551684836,                 0,                 0,                 0,    0.003501563812,     -0.1114439055,      0.9502529297,                 0,       17.28534311,    0.006147006687
          0,           0,          42,      -3.241888247,     -0.3986987409,     -0.3803695673,       2.255313954,      -6.287460588,       2884.257161,     0.05492808229,      0.9565408563,                 0,                 0,                 0,    0.003453217598,     -0.1120079753,      0.9515470127,                 0,       17.41442294,    0.006147006687
          0,           0,          43,      -3.309529332,     -0.4256501201,     -0.8215407024,       2.178284369,      -6.266304273,       2884.257161,     0.05429853528,      0.9591090763,                 0,                 0,                 0,    0.003316658106,     -0.1130739248,      0.9539668961,                 0,       17.66362705,    0.006147006687
          0,           0,          44,      -3.763705561,     -0.4254738102,     -0.8188888718,        1.78749251,      -6.231135414,       2884.257161,     0.05318696008,      0.9641813886,                 0,                 0,                 0,    0.003063283781,     -0.1150494104,      0.9587691254,                 0,       18.12815373,    0.006147006687
          0,           0,          45,      -3.544040422,     -0.3999147927,     -0.5568114811,        1.97934612,      -6.185885435,       2884.257161,     0.05122512868,      0.9739357823,                 0,                 0,                 0,    0.002744201499,     -0.1186752699,      0.9680346596,                 0,       19.01285184,    0.006299093246
          0,           0,          46,      -3.333739854,     -0.3068050965,     -0.3882461104,       2.173955426,      -6.146534721,       2884.257161,     0.04783123059,      0.9904508746,                 0,                 0,                 0,    0.002323165292,     -0.1248854227,      0.9837095064,                 0,       20.70720035,    0.008258703933
          0,           0,          47,      -3.196504888,     -0.1569745489,      -0.245568463,       2.319045853,      -6.178332459,       2884.257161,     0.04734805385,      0.9915854034,                 0,                 0,                 0,    0.001909288052,     -0.1255582678,      0.9847428964,                 0,       20.94247435,    0.008258703933
          0,           0,          48,      -3.202998506,     -0.2632349451,      -0.615586704,       2.294818423,      -6.167534773,       2884.257161,     0.04666409857,      0.9952964634,                 0,                 0,                 0,     0.00225742668,      -0.126876251,      0.9882788094,                 0,       21.32895511,    0.008410790491
          0,           0,          49,      -3.645526057,     -0.2874998355,     -0.5973118766,       1.897016721,       -6.15071233,       2884.257161,     0.04542827378,       1.001589741,                 0,                 0,                 0,    0.002187007878,      -0.129186117,      0.9942618788,                 0,       22.04771736,     0.01002582661
          0,           0,          50,      -3.517615473,     -0.2575365916,      -0.415806865,       2.009366359,      -6.132357165,       2884.257161,     0.04309420003,       1.011586986,                 0,                 0,                 0,    0.001511815781,     -0.1332207344,       1.003701936,                 0,       23.47385461,     0.01002582661
          0,           0,          51,      -3.332352466,     -0.1859954607,     -0.3210806646,       2.186233508,       -6.11238426,       2884.257161,     0.04285643257,       1.012620136,                 0,                 0,                 0,    0.001465756567,     -0.1336342942,       1.004678102,                 0,       23.62819476,     0.01002582661
          0,           0,          52,      -3.304658082,     -0.2999275361,     -0.6512405779,       2.190651086,      -6.109082464,       2884.257161,     0.04241729671,       1.014871359,                 0,                 0,                 0,    0.001594404511,     -0.1344576794,       1.006818869,                 0,        23.9258849,     0.01002582661
          0,           0,          53,      -3.797324736,     -0.3493096603,     -0.6722149493,       1.736014003,      -6.101726653,       2884.257161,     0.04145220025,       1.018565978,                 0,                 0,                 0,    0.001497759454,     -0.1360496777,       1.010289771,                 0,       24.57206064,     0.01002582661
          0,           0,          54,      -3.708209321,     -0.3571254731,     -0.5420873857,        1.82306779,       -6.08777429,       2884.257161,     0.03960332386,       1.024062309,                 0,                 0,                 0,   0.0007138148289,     -0.1388248934,       1.015381546,                 0,        25.8579889,     0.01145081379
          0,           0,          55,      -3.527434134,     -0.3278929013,     -0.4814238536,       1.994034842,      -6.056806813,       2884.257161,     0.03935452039,       1.024582027,                 0,                 0,                 0,   0.0006001687856,     -0.1391601651,       1.015850165,                 0,       26.03467193,     0.01129872723
          0,           0,          56,      -3.490460955,      -0.440348258,     -0.7795655704,       2.006013985,      -6.053929938,       2884.257161,      0.0389414186,       1.025548304,                 0,                 0,                 0,   0.0003784453779,     -0.1397347832,       1.016730027,                 0,       26.33566884,     0.01129872723
          0,           0,          57,      -3.975690842,     -0.5019805304,     -0.8283773875,        1.54979369,      -6.048429707,       2884.257161,     0.03825468827,       1.027482901,                 0,                 0,                 0,   8.200682374e-05,     -0.1407470198,       1.018515984,                 0,       26.85900599,     0.01129872723
          0,           0,          58,      -3.903966158,     -0.5316514778,     -0.7304197316,       1.618213087,      -6.036825126,       2884.257161,     0.03709558605,       1.030924013,                 0,                 0,                 0,  -0.0003958042898,     -0.1424860554,       1.021703542,                 0,       27.79101566,     0.01129872723
          0,           0,          59,      -3.737987253,     -0.5255094586,      -0.682725745,       1.780360662,      -6.008804755,       2884.257161,     0.03602293627,        1.03400693,                 0,                 0,                 0,  -0.0007978959482,     -0.1440777521,       1.024553358,                 0,       28.70412678,     0.01246018036
          0,           0,          60,      -3.681435596,     -0.5544293799,      -0.749745237,       1.832198239,      -5.981962626,       2884.257161,     0.03429431243,       1.039417635,                 0,                 0,                 0,   -0.001058564384,     -0.1467196734,       1.029581691,                 0,       30.30874689,     0.01238413114
          0,           0,          61,      -3.691163675,     -0.5633406243,     -0.7286016566,       1.821620246,      -5.899925714,       2884.257161,       0.034068287,       1.040056242,                 0,                 0,                 0,   -0.001088535533,     -0.1470531579,       1.030171347,                 0,       30.52857463,     0.01284001082
          0,           0,          62,      -3.764939796,     -0.6935444682,     -0.9966538301,       1.734297142,      -5.901519244,       2884.257161,     0.03377098995,        1.04129533,                 0,                 0,                 0,   -0.001076866568,     -0.1475611037,       1.031339985,                 0,       30.83401852,     0.01284001082
          0,           0,          63,      -4.127577939,     -0.7695050103,       -1.03328121,       1.386682609,      -5.899131987,       2884.257161,     0.03318744147,       1.043303016,                 0,                 0,                 0,   -0.001062685647,     -0.1484844179,       1.033215838,                 0,       31.43668116,     0.01284001082
          0,           0,          64,      -3.995759664,     -0.8222164308,     -0.9654427148,       1.514848559,      -5.886905487,       2884.257161,     0.03204799084,       1.046300535,                 0,                 0,                 0,   -0.001220227385,     -0.1501270714,       1.035969955,                 0,       32.64792919,     0.01419676884
          0,           0,          65,      -3.826206504,     -0.8559146228,     -0.9422785347,       1.677470203,      -5.832465195,       2884.257161,     0.03189508085,       1.046648328,                 0,                 0,                 0,   -0.001236976595,     -0.1503380519,       1.036285911,                 0,       32.81535272,     0.01389269075
          0,           0,          66,      -3.957622014,     -0.9671291012,      -1.223299916,       1.541596476,      -5.829935599,       2884.257161,     0.03169212511,       1.047298142,                 0,                 0,                 0,   -0.001238040946,     -0.1506507633,        1.03689061,                 0,       33.04600553,     0.01389269075
          0,           0,          67,       -4.34298981,      -1.042329624,      -1.279806839,       1.187536287,       -5.82080685,       2884.257161,      0.0312957041,       1.048363962,                 0,                 0,                 0,     -0.0012748558,     -0.1512262394,       1.037871399,                 0,       33.49865394,     0.01389269075
          0,           0,          68,      -4.161900939,      -1.081253721,      -1.202495201,       1.352441448,      -5.793532141,       2884.257161,     0.03046335152,       1.049829824,                 0,                 0,                 0,   -0.001555534252,      -0.152300491,       1.039170455,                 0,       34.46205922,     0.01389269075
          0,           0,          69,      -3.977594846,      -1.023614216,       -1.13763971,       1.528184945,      -5.705341545,       2884.257161,     0.03035931652,       1.050044898,                 0,                 0,                 0,   -0.001555952104,     -0.1524402927,       1.039364197,                 0,       34.58723774,     0.01389269075
          0,           0,          70,       -4.12965774,       -1.12086694,       -1.37270349,       1.372864569,       -5.69732076,       2884.257161,     0.03020135599,       1.050351776,                 0,                 0,                 0,   -0.001599642506,     -0.1526491422,       1.039638982,                 0,       34.77829857,     0.01529514441
          0,           0,          71,      -4.493266059,      -1.155518376,      -1.410984233,       1.054063838,      -5.679374268,       2884.257161,     0.02988055202,       1.050702811,                 0,                 0,                 0,   -0.001806674671,     -0.1530260291,       1.039928978,                 0,       35.16343373,     0.01529514441
          0,           0,          72,      -4.308936473,      -1.129960948,      -1.329332053,       1.216759425,       -5.63895151,       2884.257161,      0.0291668019,       1.050857533,                 0,                 0,                 0,    -0.00245859546,      -0.153755803,       1.039957408,                 0,       36.02923408,     0.01529514441
          0,           0,          73,      -4.113182084,      -1.029336903,      -1.233683407,       1.398128027,       -5.54791793,       2884.257161,     0.02907888182,       1.050863742,                 0,                 0,                 0,   -0.002546837342,     -0.1538434655,       1.039948255,                 0,       36.13838209,     0.01529012446
          0,           0,          74,      -4.216470652,      -1.126459896,      -1.410763191,       1.286377892,          -5.53976,       2884.257161,     0.02893007785,       1.050862825,                 0,                 0,                 0,   -0.002697797837,     -0.1539898496,       1.039921513,                 0,       36.32423081,     0.01529012446
          0,           0,          75,      -4.546889213,      -1.155156488,      -1.440248977,      0.9979652453,      -5.522886792,       2884.257161,     0.02863635969,        1.05086091,                 0,                 0,                 0,   -0.002939642554,     -0.1542787729,       1.039868623,                 0,       36.69673524,     0.01529012446
          0,           0,          76,      -4.418581534,      -1.132639422,      -1.381537179,       1.120360888,      -5.488045261,       2884.257161,     0.02811641101,       1.050771328,                 0,                 0,                 0,    -0.00337501684,     -0.1547752667,       1.039690114,                 0,       37.37217127,     0.01529012446
          0,           0,          77,      -4.226558732,      -1.055099579,      -1.297782954,       1.294734981,      -5.417601042,       2884.257161,     0.02708914977,       1.050616063,                 0,                 0,                 0,   -0.004123910523,       -0.15575996,       1.039358825,                 0,        38.7836485,     0.01712060514
          0,           0,          78,      -4.064903038,     -0.9281515788,      -1.188024617,       1.443962968,      -5.295270046,       2884.257161,      0.0270419975,       1.050595632,                 0,                 0,                 0,   -0.004226298332,     -0.1558028482,       1.039330518,                 0,        38.8505188,     0.01704455592
          0,           0,          79,      -4.154239029,      -1.061257896,      -1.386145595,       1.335294265,      -5.284940119,       2884.257161,     0.02687923724,       1.050312869,                 0,                 0,                 0,   -0.004536952812,     -0.1559140345,       1.039023787,                 0,        39.0752483,     0.01674047783
          0,           0,          80,      -4.457547426,      -1.094335225,      -1.413757349,       1.058266491,       -5.26390914,       2884.257161,      0.0265262785,       1.050375107,                 0,                 0,                 0,   -0.004712448825,     -0.1562724385,       1.039023789,                 0,       39.59752995,     0.01658839127
          0,           0,          81,      -4.343721422,      -1.062641182,      -1.338620632,       1.173340859,      -5.223284386,       2884.257161,      0.0257796611,       1.050282498,                 0,                 0,                 0,   -0.005307838643,     -0.1569916317,       1.038802938,                 0,       40.74074107,     0.01689246936
          0,           0,          82,      -4.174871032,     -0.9874454634,      -1.250175842,       1.344167416,      -5.155219048,       2884.257161,      0.0256874301,       1.050259543,                 0,                 0,                 0,   -0.005403976848,     -0.1570784754,       1.038764316,                 0,       40.88612752,     0.01689246936
          0,           0,          83,      -4.253715625,       -1.11180804,      -1.439612479,       1.253330088,      -5.149207473,       2884.257161,     0.02554090625,       1.050242105,                 0,                 0,                 0,   -0.005513524703,     -0.1572197451,       1.038721699,                 0,       41.12000155,     0.01689246936
          0,           0,          84,      -4.557092209,       -1.15525498,      -1.477669154,      0.9487756782,      -5.136894928,       2884.257161,     0.02527801575,       1.050328615,                 0,                 0,                 0,   -0.005609282738,      -0.157493664,       1.038761244,                 0,        41.5510705,      0.0171205695
          0,           0,          85,      -4.320514221,      -1.149926435,      -1.395879253,       1.101870109,       -5.11359632,       2884.257161,     0.02491158952,       1.050755461,                 0,                 0,                 0,   -0.005741375712,     -0.1579286444,       1.039117976,                 0,        42.1793824,      0.0171205695
          0,           0,          86,      -4.222210934,      -1.107154251,      -1.302914459,       1.246750119,       -5.07636806,       2884.257161,     0.02487081778,       1.050809083,                 0,                 0,                 0,   -0.005765386916,     -0.1579781082,       1.039163704,                 0,       42.25068481,      0.0171205695
          0,           0,          87,      -4.307469018,      -1.215741448,      -1.440921932,       1.192488266,      -5.072852069,       2884.257161,     0.02482450381,       1.050946376,                 0,                 0,                 0,   -0.005759322156,     -0.1580475593,       1.039290869,                 0,       42.33504058,      0.0171205695
          0,           0,          88,      -4.194785536,      -1.261457012,      -1.481833018,       1.229661978,      -5.065872777,       2884.257161,      0.0247361476,       1.051332568,                 0,                 0,                 0,   -0.005660285869,     -0.1582016345,        1.03965585,                 0,       42.50187154,     0.01839269284
          0,           0,          89,      -4.215727546,      -1.274138966,      -1.522927203,       1.113779392,      -5.052975449,       2884.257161,     0.02452641906,       1.051770498,                 0,                 0,                 0,   -0.005835028576,     -0.1584842226,       1.040050708,                 0,        42.8831659,      0.0185447794
          0,           0,          90,      -4.352634028,       -1.25699439,      -1.480541395,       1.141399503,      -5.033338295,       2884.257161,     0.02396620122,       1.052366136,                 0,                 0,                 0,   -0.006334243226,      -0.159139361,       1.040540017,                 0,       43.91042731,     0.01877287954
          0,           0,          91,      -4.224517196,      -1.224891914,      -1.410023569,       1.287474414,      -5.020702827,       2884.257161,     0.02391811015,       1.052538071,                 0,                 0,                 0,   -0.006330409096,     -0.1592165777,       1.040700989,                 0,       44.00590451,     0.01877287954
          0,           0,          92,      -4.323851606,      -1.345904771,       -1.57668127,       1.120626302,      -5.019189689,       2884.257161,     0.02379061953,       1.052603547,                 0,                 0,                 0,    -0.00643940207,     -0.1593535012,       1.040743332,                 0,        44.2444782,     0.01922875922
          0,           0,          93,      -4.447768792,      -1.401155246,      -1.581575706,      0.9729521007,      -5.017056539,       2884.257161,     0.02348970698,       1.052555952,                 0,                 0,                 0,    -0.00675377475,     -0.1596415773,       1.040644206,                 0,       44.80924144,     0.01892496611
          0,           0,          94,      -4.451891331,      -1.426010733,      -1.565701574,       1.001515758,      -5.017005465,       2884.257161,     0.02298100307,       1.052301981,                 0,                 0,                 0,   -0.007449793921,     -0.1600984514,       1.040305759,                 0,       45.79008053,     0.01831699987
          0,           0,          95,      -4.229055206,      -1.429760535,      -1.445471809,       1.325688409,       -5.03424858,       2884.257161,     0.02289919858,       1.052250184,                 0,                 0,                 0,   -0.007560998244,     -0.1601700186,       1.040240543,                 0,       45.95139782,     0.01831699987
          0,           0,          96,      -4.378458843,      -1.532173093,      -1.582039242,       1.210925764,      -5.035839988,       2884.257161,     0.02280957319,        1.05218778,                 0,                 0,                 0,   -0.007682226858,     -0.1602474461,       1.040163525,                 0,       46.12921827,     0.01808889973
          0,           0,          97,      -4.533727824,      -1.596687277,      -1.744004703,      0.9105046736,      -5.039798981,       2884.257161,     0.02274419835,       1.052235201,                 0,                 0,                 0,   -0.007759590592,     -0.1603200622,       1.040198872,                 0,       46.26389483,     0.01964074489
          0,           0,          98,      -4.498493473,      -1.627496486,      -1.729052498,        1.01398131,      -5.050744634,       2884.257161,     0.02267792783,       1.053078683,                 0,                 0,                 0,   -0.007564304656,     -0.1605317951,       1.041018032,                 0,       46.43628336,     0.02009662457
          0,           0,          99,      -4.470392201,      -1.590458941,      -1.728471076,       1.029516451,      -5.083840467,       2884.257161,     0.02267632735,        1.05318922,                 0,                 0,                 0,     -0.0075400335,     -0.1605525659,       1.041126613,                 0,       46.44443538,     0.02009662457
          0,           0,         100,      -4.559264973,      -1.664463822,      -1.830176369,      0.9721188789,      -5.087182054,       2884.257161,     0.02264325621,       1.053361636,                 0,                 0,                 0,   -0.007509516879,     -0.1606150742,       1.041290666,                 0,       46.51988327,     0.02017267379
          0,           0,         101,      -4.677682177,      -1.702640203,      -1.855778383,      0.9098355405,      -5.094278081,       2884.257161,     0.02266669506,       1.053373481,                 0,                 0,                 0,   -0.007499056803,     -0.1605940483,       1.041306401,                 0,       46.47230123,     0.02017267379
          0,           0,         102,       -4.75810289,       -1.70769974,      -1.866213653,       0.752003512,       -5.09437163,       2884.257161,     0.02269252604,       1.053371787,                 0,                 0,                 0,   -0.007499558728,     -0.1605683156,       1.041309218,                 0,         46.419327,     0.02017267379
          0,           0,         103,      -4.798918202,      -1.718354072,      -1.888984718,       0.666873654,      -5.094560348,       2884.257161,      0.0226646635,       1.053287137,                 0,                 0,                 0,   -0.007570847215,     -0.1605810555,       1.041221016,                 0,       46.47265717,     0.02017267379
          0,           0,         104,      -4.765362529,      -1.730317773,      -1.905601491,      0.7283474681,      -5.094940844,       2884.257161,     0.02258924646,          1.053094,                 0,                 0,                 0,   -0.007733278595,      -0.160621789,       1.041017718,                 0,       46.61926204,     0.02009662457
          0,           0,         105,      -4.746395415,      -1.743621938,       -1.88652137,      0.7483640234,      -5.095708057,       2884.257161,     0.02247666485,       1.052884567,                 0,                 0,                 0,   -0.007921709767,     -0.1606962925,       1.040791916,                 0,       46.84345181,     0.02009662457
          0,           0,         106,      -4.892040272,      -1.750176858,      -1.883428036,      0.6241097914,      -5.097267893,       2884.257161,     0.02235851748,        1.05280177,                 0,                 0,                 0,   -0.008033362847,     -0.1607982675,       1.040689862,                 0,       47.08727989,     0.02009662457
          0,           0,         107,      -4.350964661,      -1.752497384,      -1.608038451,        1.10427379,      -5.100486834,       2884.257161,     0.02228619296,       1.053024759,                 0,                 0,                 0,     -0.0079481029,     -0.1609082148,       1.040896904,                 0,       47.25009609,     0.02009662457
          0,           0,         108,      -4.382560448,      -1.734141264,      -1.567562321,       1.223667724,      -5.107293271,       2884.257161,     0.02235605718,       1.054032709,                 0,                 0,                 0,    -0.00738419271,     -0.1610144407,       1.041901672,                 0,       47.14752249,     0.02010164451
          0,           0,         109,      -4.520821307,      -1.708512205,      -1.782054211,      0.9996096311,      -5.122361879,       2884.257161,     0.02232843251,       1.055186185,                 0,                 0,                 0,   -0.007073567157,     -0.1612419447,       1.043032828,                 0,       47.25751281,     0.02032974466
          0,           0,         110,      -4.570613052,      -1.618479629,      -1.692833659,       1.046399891,      -5.158359112,       2884.257161,     0.02239848003,       1.058123778,                 0,                 0,                 0,   -0.006216468691,     -0.1616830691,       1.045937956,                 0,       47.24087425,     0.02047681127
          0,           0,         111,      -4.596699773,       -1.46388189,      -1.674454936,       1.000830874,      -5.252512062,       2884.257161,     0.02239685142,       1.058327471,                 0,                 0,                 0,   -0.006219202381,     -0.1617200438,       1.046138271,                 0,       47.25340411,     0.02048183121
          0,           0,         112,      -4.572985002,      -1.588370233,      -1.799747171,      0.9337529899,       -5.26234636,       2884.257161,     0.02241293439,       1.059065902,                 0,                 0,                 0,    -0.00593790314,     -0.1618324324,       1.046868277,                 0,       47.25244289,      0.0201776581
          0,           0,         113,      -4.745712328,      -1.612184216,      -1.845542926,      0.7792190562,      -5.282905357,       2884.257161,     0.02244397279,       1.060224099,                 0,                 0,                 0,   -0.005613420014,     -0.1620029843,       1.048014268,                 0,       47.23870007,      0.0201776581
          0,           0,         114,      -4.859290736,      -1.556130027,      -1.823334532,      0.7621303199,      -5.327337388,       2884.257161,     0.02237165084,        1.06188989,                 0,                 0,                 0,   -0.005461732623,     -0.1623634691,       1.049642193,                 0,       47.46587089,     0.02032974465
          0,           0,         115,      -4.720960476,      -1.454073179,      -1.724581098,      0.7877996996,      -5.430108323,       2884.257161,     0.02237591629,       1.062127775,                 0,                 0,                 0,   -0.005404249075,     -0.1624005768,       1.049877205,                 0,       47.46745392,     0.02032974465
          0,           0,         116,      -4.725881496,      -1.569947061,      -1.866208008,      0.7747697314,      -5.439752369,       2884.257161,     0.02238286495,       1.062559799,                 0,                 0,                 0,   -0.005298540847,     -0.1624687538,       1.050303871,                 0,       47.47201938,      0.0201776581
          0,           0,         117,      -4.813175646,      -1.601396503,      -1.869010847,      0.7336595517,      -5.458672136,       2884.257161,     0.02240042095,       1.063354075,                 0,                 0,                 0,   -0.005095779653,     -0.1625893891,        1.05108913,                 0,       47.47027197,     0.02177765579
          0,           0,         118,      -4.893969229,        -1.5755846,      -1.852838649,      0.5928081637,      -5.494733349,       2884.257161,     0.02237268889,        1.06485255,                 0,                 0,                 0,   -0.004764738464,     -0.1628769073,       1.052560024,                 0,       47.59609161,     0.02192974235
          0,           0,         119,      -4.593757063,      -1.506971248,       -1.72528627,      0.9065846562,      -5.567613562,       2884.257161,     0.02236549039,       1.064843468,                 0,                 0,                 0,   -0.004856616848,     -0.1628824193,       1.052549829,                 0,       47.61100469,     0.02192974235
          0,           0,         120,      -4.717255053,      -1.608822419,      -1.862963943,      0.7567132581,      -5.571631114,       2884.257161,     0.02233747226,       1.065107164,                 0,                 0,                 0,   -0.004825713461,     -0.1629558023,       1.052804655,                 0,       47.68252879,     0.02178267573
          0,           0,         121,       -4.69652981,       -1.64547502,       -1.85627472,      0.8464263169,      -5.578221103,       2884.257161,     0.02229900828,       1.065592641,                 0,                 0,                 0,   -0.004779500788,     -0.1630779839,       1.053276076,                 0,       47.78654849,     0.02178267573
          0,           0,         122,      -4.694736777,        -1.6378017,      -1.852541198,      0.8233653553,      -5.587206149,       2884.257161,     0.02221609508,       1.066386991,                 0,                 0,                 0,   -0.004820229648,     -0.1632975751,       1.054043961,                 0,       48.00064942,     0.02178267573
          0,           0,         123,      -4.612872922,      -1.588394009,      -1.777738313,      0.9921962181,      -5.593335817,       2884.257161,     0.02194033945,       1.067464976,                 0,                 0,                 0,   -0.005083447636,     -0.1637563315,       1.055057685,                 0,       48.65307481,     0.02208684885
          0,           0,         124,      -4.552512899,      -1.539902997,      -1.714310477,      0.9656519791,      -5.588066123,       2884.257161,     0.02194359839,       1.067708028,                 0,                 0,                 0,   -0.005018515449,     -0.1637953275,        1.05529761,                 0,       48.65692531,     0.02193476229
          0,           0,         125,      -4.661693817,      -1.655032134,      -1.856574601,      0.8646855518,      -5.581738372,       2884.257161,     0.02187173019,       1.067958425,                 0,                 0,                 0,   -0.005038108365,     -0.1639095849,       1.055531723,                 0,       48.82825528,     0.02192974235
          0,           0,         126,      -4.639691733,      -1.696925961,      -1.831874809,      0.9365290608,      -5.569873219,       2884.257161,     0.02172420141,       1.067964603,                 0,                 0,                 0,   -0.005389549858,     -0.1640559452,       1.055512189,                 0,       49.16013172,     0.02177765579
          0,           0,         127,      -4.719997679,      -1.698878555,      -1.852103504,        0.85784606,      -5.550331687,       2884.257161,     0.02204495005,       1.071622678,                 0,                 0,                 0,   -0.003536906517,     -0.1643752875,       1.059170387,                 0,       48.61080091,     0.02147863327
          0,           0,         128,      -4.478993667,      -1.636213718,      -1.767183892,       1.204936275,      -5.528475631,       2884.257161,     0.02190029533,       1.071068099,                 0,                 0,                 0,   -0.004065238005,     -0.1644214429,       1.058599114,                 0,       48.90655959,     0.02140258405
          0,           0,         129,      -4.545919091,      -1.771929801,       -1.99013476,      0.9573496643,      -5.525278968,       2884.257161,     0.02183298772,       1.071292502,                 0,                 0,                 0,   -0.004104117581,     -0.1645266952,       1.058808421,                 0,       49.06760889,     0.02140258405
          0,           0,         130,      -4.815610698,      -1.829874598,      -2.103643344,      0.7128354946,      -5.519557765,       2884.257161,     0.02186937432,       1.072096706,                 0,                 0,                 0,   -0.003915935791,     -0.1646305098,       1.059606725,                 0,       49.02274249,     0.02140258405
          0,           0,         131,      -4.761685044,      -1.873511485,      -2.039281463,      0.7051456398,      -5.510814497,       2884.257161,     0.02179771092,       1.073610914,                 0,                 0,                 0,   -0.003649923474,     -0.1649640241,       1.061085485,                 0,       49.25337886,     0.02193476229
          0,           0,         132,      -4.746859481,      -1.899848106,      -1.997729032,      0.7612673222,      -5.502795925,       2884.257161,     0.02176506993,       1.073703516,                 0,                 0,                 0,   -0.003675556139,     -0.1650122493,       1.061171012,                 0,       49.33149856,     0.02178267573
          0,           0,         133,      -4.935182399,      -1.956446013,      -2.198608396,      0.5641683691,      -5.501772414,       2884.257161,     0.02174017564,       1.073969509,                 0,                 0,                 0,    -0.00365447478,     -0.1650829546,       1.061428641,                 0,       49.40022228,     0.02344223431
          0,           0,         134,      -5.132298143,      -1.989733229,      -2.232427787,      0.3994388523,      -5.499962651,       2884.257161,     0.02169949303,       1.074576072,                 0,                 0,                 0,   -0.003536464065,     -0.1652283477,       1.062018924,                 0,       49.52079159,     0.02344223431
          0,           0,         135,      -5.057888452,      -2.016257431,      -2.167008345,       0.456232255,      -5.497389754,       2884.257161,     0.02160957363,       1.075625013,                 0,                 0,                 0,   -0.003394629394,     -0.1654990478,       1.063036316,                 0,       49.77539269,     0.02344223431
          0,           0,         136,      -4.872661767,      -2.006908371,      -2.084506796,      0.6227356697,      -5.496455951,       2884.257161,     0.02152493088,       1.076518401,                 0,                 0,                 0,   -0.003338845998,     -0.1657375398,       1.063901433,                 0,       50.01262987,     0.02321413416
          0,           0,         137,      -4.852636003,      -1.975061888,      -2.092216162,      0.6422155033,      -5.497702071,       2884.257161,     0.02132858171,        1.07796382,                 0,                 0,                 0,   -0.003353258441,     -0.1661819003,       1.065290796,                 0,       50.54081112,     0.02321413416
          0,           0,         138,       -4.74374609,      -1.820640637,      -1.956367112,      0.7563057143,      -5.511495764,       2884.257161,     0.02130095334,       1.078097699,                 0,                 0,                 0,   -0.003370595735,     -0.1662323568,       1.065417845,                 0,       50.61265015,     0.02321413416
          0,           0,         139,      -4.902517097,      -1.919280883,      -2.167121941,       0.589742592,      -5.512496076,       2884.257161,     0.02125575823,       1.078359491,                 0,                 0,                 0,    -0.00337829743,     -0.1663223249,        1.06566781,                 0,       50.73258168,     0.02367001384
          0,           0,         140,      -5.175140582,      -1.929477409,      -2.178668621,      0.3476237216,      -5.514785391,       2884.257161,     0.02115319132,       1.078853306,                 0,                 0,                 0,   -0.003406455234,     -0.1665090837,       1.066136313,                 0,        51.0019169,     0.02321413416
          0,           0,         141,      -5.027946562,      -1.872140156,      -2.073763375,      0.4847627312,      -5.520874178,       2884.257161,      0.0209492642,       1.079833018,                 0,                 0,                 0,   -0.003448584686,     -0.1668800379,       1.067065729,                 0,       51.54515247,     0.02321413416
          0,           0,         142,      -4.852513822,      -1.747176372,      -1.945819663,      0.6517477517,      -5.538407269,       2884.257161,      0.0209227736,       1.079933786,                 0,                 0,                 0,   -0.003457986977,     -0.1669236243,       1.067160367,                 0,       51.61523068,     0.02321413416
          0,           0,         143,      -4.920398288,      -1.853852985,      -2.136745721,       0.570099585,      -5.539947214,       2884.257161,     0.02088106861,       1.080120263,                 0,                 0,                 0,   -0.003467484786,     -0.1669970771,       1.067336769,                 0,       51.72725033,     0.02321413416
          0,           0,         144,      -5.220882946,      -1.879173918,      -2.151792573,      0.2842510135,      -5.543134669,       2884.257161,     0.02080180144,       1.080495649,                 0,                 0,                 0,   -0.003481194609,      -0.167140325,       1.067692687,                 0,       51.94240757,     0.02321413416
          0,           0,         145,      -5.132358593,      -1.848381509,      -2.069050007,      0.3762045168,      -5.550208485,       2884.257161,     0.02066498236,       1.081328246,                 0,                 0,                 0,   -0.003466572936,     -0.1674196446,       1.068488877,                 0,       52.32659904,     0.02291034105
          0,           0,         146,      -4.949727945,      -1.766758631,       -1.97302726,      0.5682542831,       -5.56645851,       2884.257161,     0.02065247422,       1.081428985,                 0,                 0,                 0,   -0.003457442131,     -0.1674494558,       1.068585913,                 0,       52.36316838,     0.02291034105
          0,           0,         147,      -4.961105807,      -1.865670136,      -2.124483245,      0.5437025472,      -5.568071274,       2884.257161,     0.02065092208,       1.081435575,                 0,                 0,                 0,   -0.003458700656,     -0.1674521286,       1.068592133,                 0,       52.36742315,     0.02291034105
          0,           0,         148,      -5.045521433,      -1.893188138,      -2.153486053,      0.4444663394,      -5.568233755,       2884.257161,     0.02065805836,       1.081435962,                 0,                 0,                 0,   -0.003459240135,      -0.167445168,       1.068593754,                 0,       52.34935167,     0.02291034105
          0,           0,         149,      -5.085471525,      -1.900617644,      -2.160969357,      0.3911235233,       -5.56828258,       2884.257161,     0.02066639888,       1.081432083,                 0,                 0,                 0,   -0.003462843714,     -0.1674362807,       1.068591382,                 0,       52.32803689,     0.02291034105
          0,           0,         150,      -5.105955191,      -1.907167364,      -2.165732285,      0.3632226314,      -5.568331577,       2884.257161,     0.02067089607,       1.081430324,                 0,                 0,                 0,   -0.003465427272,     -0.1674315464,       1.068590431,                 0,       52.31656726,     0.02291034105
          0,           0,         151,      -5.093354154,      -1.912528016,      -2.159215549,      0.3946910324,      -5.568380306,       2884.257161,     0.02067108679,       1.081434292,                 0,                 0,                 0,   -0.003464369276,     -0.1674320475,       1.068594372,                 0,       52.31627649,     0.02291034105
          0,           0,         152,      -5.086190222,       -1.91699791,      -2.156192421,      0.4023637722,      -5.568428456,       2884.257161,     0.02067271194,       1.081438879,                 0,                 0,                 0,   -0.003462680837,     -0.1674312437,       1.068599172,                 0,       52.31238564,     0.02291034105
          0,           0,         153,      -5.092471817,      -1.920965002,      -2.151463132,      0.4055435281,      -5.568475861,       2884.257161,     0.02068312396,       1.081434588,                 0,                 0,                 0,   -0.003466412474,     -0.1674202446,       1.068596753,                 0,       52.28584376,     0.02291034105
          0,           0,         154,      -5.107176303,      -1.925106733,      -2.161353828,      0.4057696035,      -5.568522488,       2884.257161,     0.02070530498,        1.08141357,                 0,                 0,                 0,   -0.003480966516,     -0.1673947509,       1.068579907,                 0,        52.2288163,     0.02291034105
          0,           0,         155,      -5.017375214,      -1.928280208,      -2.170432181,      0.4962891099,      -5.568568409,       2884.257161,     0.02074097853,       1.081379208,                 0,                 0,                 0,   -0.003503616778,     -0.1673536524,       1.068552261,                 0,       52.13732836,     0.02291034105
          0,           0,         156,      -5.074157462,       -1.93236626,      -2.168726331,      0.4144612669,      -5.568613768,       2884.257161,     0.02072784658,        1.08141406,                 0,                 0,                 0,   -0.003481498796,     -0.1673726368,       1.068584303,                 0,       52.17204091,     0.02291034105
          0,           0,         157,      -5.101912681,      -1.935801141,      -2.166821915,      0.3899455489,      -5.568658735,       2884.257161,     0.02071672113,       1.081445417,                 0,                 0,                 0,   -0.003461692312,     -0.1673890383,       1.068613252,                 0,       52.20157235,     0.02291034105
          0,           0,         158,      -5.125669071,      -1.938495634,      -2.163831139,      0.3636917548,      -5.568703483,       2884.257161,     0.02070731698,       1.081472583,                 0,                 0,                 0,   -0.003444747354,     -0.1674030169,       1.068638372,                 0,        52.2265914,     0.02291034105
          0,           0,         159,       -5.14197477,      -1.940487357,      -2.160874908,      0.3397919641,      -5.568748165,       2884.257161,     0.02069975252,       1.081495285,                 0,                 0,                 0,   -0.003430849108,     -0.1674144085,       1.068659415,                 0,       52.24677365,     0.02291034105
          0,           0,         160,      -5.159789218,      -1.942211115,      -2.159581478,      0.3109461756,      -5.568792897,       2884.257161,     0.02069404538,       1.081513711,                 0,                 0,                 0,    -0.00341985576,     -0.1674232288,       1.068676571,                 0,       52.26207305,     0.02291034105
          0,           0,         161,      -5.173901255,      -1.944137688,      -2.158984836,      0.2886054348,      -5.568837755,       2884.257161,     0.02068982513,       1.081528385,                 0,                 0,                 0,   -0.003411432627,     -0.1674299329,       1.068690289,                 0,       52.27344251,     0.02291034105
          0,           0,         162,      -5.179725937,      -1.946060843,      -2.157763139,      0.2863470096,       -5.56888278,       2884.257161,     0.02068645308,       1.081539953,                 0,                 0,                 0,   -0.003405185813,     -0.1674352626,       1.068701096,                 0,       52.28252273,     0.02291034105
          0,           0,         163,      -5.189801687,      -1.947383766,      -2.156516829,      0.2862678923,       -5.56892798,       2884.257161,     0.02068330953,       1.081549021,                 0,                 0,                 0,   -0.003400753882,      -0.167439933,        1.06870948,                 0,        52.2909073,     0.02291034105
          0,           0,         164,      -5.211383236,      -1.947932809,      -2.156311365,      0.2699187092,       -5.56897334,       2884.257161,     0.02068002201,       1.081556066,                 0,                 0,                 0,   -0.003397835786,     -0.1674443939,       1.068715848,                 0,        52.2995607,     0.02291034105
          0,           0,         165,      -5.233349102,      -1.948129658,       -2.15726385,      0.2425461587,       -5.56901883,       2884.257161,     0.02067655831,       1.081561445,                 0,                 0,                 0,   -0.003396175402,     -0.1674487391,       1.068720543,                 0,       52.30858198,     0.02291034105
          0,           0,         166,      -5.239829583,      -1.948464292,      -2.158550455,      0.2257642643,      -5.569064417,       2884.257161,     0.02067316243,       1.081565431,                 0,                 0,                 0,    -0.00339554215,     -0.1674527755,       1.068723879,                 0,       52.31736724,     0.02291034105
          0,           0,         167,      -5.232001714,      -1.949121844,      -2.159115363,      0.2304472677,      -5.569108818,       2884.257161,     0.02066855521,       1.081570282,                 0,                 0,                 0,   -0.003396327886,      -0.167458155,       1.068727856,                 0,       52.32926399,     0.02291034105
          0,           0,         168,      -5.210686604,      -1.950564507,      -2.154337433,      0.2685196566,      -5.569197566,       2884.257161,     0.02066477208,       1.081575045,                 0,                 0,                 0,    -0.00340085678,     -0.1674627079,        1.06873189,                 0,        52.3390745,     0.02291034105
          0,           0,         169,       -5.16259457,      -1.952255274,      -2.123862515,      0.3679992377,      -5.569383873,       2884.257161,     0.02066362723,       1.081575451,                 0,                 0,                 0,   -0.003402598388,     -0.1674639059,       1.068732091,                 0,       52.34199396,     0.02291034105
          0,           0,         170,      -5.239706192,      -1.951877894,      -2.126393523,      0.2987849143,      -5.569429428,       2884.257161,     0.02066234439,       1.081575774,                 0,                 0,                 0,   -0.003404419372,     -0.1674652251,       1.068732186,                 0,       52.34525923,     0.02291034105
          0,           0,         171,      -5.295100434,      -1.951543065,      -2.135710284,      0.2268721747,       -5.56947496,       2884.257161,     0.02066088239,       1.081576118,                 0,                 0,                 0,   -0.003406243229,     -0.1674667248,       1.068732271,                 0,       52.34897997,     0.02291034105
          0,           0,         172,       -5.28145813,      -1.951786949,      -2.146890744,      0.1945479536,      -5.569519153,       2884.257161,     0.02065873848,       1.081577846,                 0,                 0,                 0,      -0.003408991,     -0.1674691361,       1.068733601,                 0,       52.35449622,     0.02291034105
          0,           0,         173,       -5.16252753,      -1.953464342,      -2.151867729,      0.2602084931,      -5.569607656,       2884.257161,     0.02066126705,       1.081584887,                 0,                 0,                 0,   -0.003410782329,     -0.1674678686,       1.068740973,                 0,       52.34842975,     0.02291034105
          0,           0,         174,      -4.959505019,      -1.957407205,      -2.094417572,      0.4554165382,      -5.569793937,       2884.257161,     0.02066210174,        1.08158652,                 0,                 0,                 0,   -0.003411289933,     -0.1674673302,       1.068742727,                 0,       52.34639406,     0.02291034105
          0,           0,         175,       -4.99849968,      -1.957995791,      -2.083467504,      0.4071466082,      -5.569839474,       2884.257161,     0.02066310679,       1.081588201,                 0,                 0,                 0,   -0.003411726744,     -0.1674666323,       1.068744557,                 0,       52.34392931,     0.02291034105
          0,           0,         176,      -5.054886807,      -1.957378235,      -2.076816853,      0.3446932447,      -5.569885021,       2884.257161,     0.02066397446,       1.081589785,                 0,                 0,                 0,   -0.003412239573,     -0.1674660529,       1.068746267,                 0,       52.34180805,     0.02291034105
          0,           0,         177,      -5.130077961,      -1.956756594,      -2.074577674,       0.275197962,       -5.56993059,       2884.257161,     0.02066443086,       1.081591064,                 0,                 0,                 0,    -0.00341301724,     -0.1674658256,       1.068747606,                 0,       52.34071393,     0.02291034105
          0,           0,         178,       -5.15131871,      -1.956413485,      -2.070170626,       0.271260065,      -5.569976183,       2884.257161,     0.02066670926,       1.081591279,                 0,                 0,                 0,   -0.003414330904,     -0.1674636191,       1.068748214,                 0,       52.33495404,      0.0229053211
          0,           0,         179,      -5.174886656,      -1.956744457,       -2.07554231,      0.2630105352,      -5.570021802,       2884.257161,     0.02066815374,       1.081585841,                 0,                 0,                 0,   -0.003419916385,     -0.1674612523,       1.068743109,                 0,       52.33103328,      0.0229053211
          0,           0,         180,      -5.114327846,      -1.957802339,      -2.077108684,      0.3356648439,      -5.570067439,       2884.257161,       0.020667431,       1.081577498,                 0,                 0,                 0,   -0.003427917747,     -0.1674605153,       1.068734768,                 0,       52.33245963,      0.0229053211
          0,           0,         181,      -5.024710858,      -1.959636224,      -2.073292058,      0.4294727501,      -5.570113091,       2884.257161,     0.02067802104,       1.081583602,                 0,                 0,                 0,   -0.003423765369,      -0.167451146,       1.068742617,                 0,       52.30595324,      0.0229053211
          0,           0,         182,      -4.990917665,      -1.961272105,      -2.068320409,      0.4942813658,      -5.570158752,       2884.257161,     0.02068079526,       1.081585399,                 0,                 0,                 0,   -0.003423800089,     -0.1674487261,       1.068744869,                 0,        52.2990236,      0.0229053211
          0,           0,         183,      -4.988756436,      -1.962481549,      -2.067801187,      0.5192248722,      -5.570204416,       2884.257161,     0.02068188252,       1.081583865,                 0,                 0,                 0,   -0.003426505146,      -0.167447389,       1.068743547,                 0,       52.29620005,      0.0229053211
          0,           0,         184,      -5.017033257,      -1.962901326,      -2.079684797,      0.4831440481,      -5.570250082,       2884.257161,     0.02069003997,       1.081583739,                 0,                 0,                 0,   -0.003427240237,     -0.1674393335,       1.068744839,                 0,       52.27557512,      0.0229053211
          0,           0,         185,      -5.048004706,      -1.963263339,      -2.103529934,       0.416024736,      -5.570295746,       2884.257161,     0.02070674959,       1.081587376,                 0,                 0,                 0,   -0.003424072869,     -0.1674235092,       1.068751322,                 0,       52.23356621,      0.0229053211
          0,           0,         186,      -5.087837011,      -1.963752963,      -2.126784707,      0.3715761153,      -5.570341409,       2884.257161,     0.02071910328,       1.081588071,                 0,                 0,                 0,   -0.003423636376,      -0.167411464,       1.068754152,                 0,       52.20245569,      0.0229053211
          0,           0,         187,      -5.123075561,        -1.9634402,      -2.143407161,      0.3343990706,      -5.570387072,       2884.257161,     0.02071385262,       1.081578363,                 0,                 0,                 0,   -0.003433168255,      -0.167414949,        1.06874368,                 0,       52.21521956,      0.0229053211
          0,           0,         188,      -5.130137151,      -1.965183593,      -2.147175536,      0.3125043643,      -5.570432734,       2884.257161,     0.02069916026,       1.081563769,                 0,                 0,                 0,   -0.003447530462,      -0.167426884,       1.068726757,                 0,       52.25157713,      0.0229053211
          0,           0,         189,      -5.104578276,      -1.966970496,      -2.135959677,      0.3530297098,      -5.570478398,       2884.257161,     0.02068749414,       1.081550216,                 0,                 0,                 0,   -0.003460723603,     -0.1674360194,       1.068711383,                 0,       52.28038777,      0.0229053211
          0,           0,         190,       -5.05496395,      -1.966874979,      -2.121010489,      0.3893716142,      -5.570524064,       2884.257161,     0.02068669519,       1.081540703,                 0,                 0,                 0,   -0.003469511279,     -0.1674351544,       1.068701877,                 0,       52.28194708,      0.0229053211
          0,           0,         191,      -4.992209955,      -1.966755474,      -2.101326753,      0.4540671377,      -5.570569734,       2884.257161,     0.02069870697,       1.081535807,                 0,                 0,                 0,    -0.00347321648,     -0.1674224748,        1.06869914,                 0,        52.2513705,      0.0229053211
          0,           0,         192,      -4.945905582,      -1.967789067,      -2.080968409,      0.4773513469,      -5.570615409,       2884.257161,     0.02071351525,       1.081529918,                 0,                 0,                 0,   -0.003477286642,     -0.1674068689,       1.068695912,                 0,       52.21373121,     0.02291034105
          0,           0,         193,      -4.919712899,      -1.965876577,      -2.057336088,      0.5182676006,      -5.570661088,       2884.257161,     0.02071138993,       1.081525846,                 0,                 0,                 0,   -0.003482217422,     -0.1674082548,       1.068691533,                 0,       52.21889257,     0.02291034105
          0,           0,         194,         -4.924751,      -1.965358387,      -2.034602665,      0.5428938165,      -5.570706771,       2884.257161,      0.0206936688,       1.081528493,                 0,                 0,                 0,   -0.003484214303,     -0.1674261664,       1.068691063,                 0,       52.26373841,     0.02291034105
          0,           0,         195,      -4.946347201,      -1.964845057,      -2.023204945,      0.5334659921,      -5.570752459,       2884.257161,     0.02067450532,       1.081533359,                 0,                 0,                 0,   -0.003484759276,     -0.1674458838,       1.068692528,                 0,       52.31241776,     0.02291034105
          0,           0,         196,      -4.964250456,      -1.960680193,      -2.023523196,      0.5237653165,      -5.570798152,       2884.257161,     0.02066462154,       1.081538506,                 0,                 0,                 0,   -0.003483888597,     -0.1674565111,       1.068695879,                 0,       52.33768757,     0.02291034105
          0,           0,         197,      -4.943856228,      -1.958991789,      -2.019628821,       0.547497429,      -5.570843849,       2884.257161,     0.02067374623,       1.081540924,                 0,                 0,                 0,    -0.00348255746,      -0.167447945,       1.068699846,                 0,       52.31470447,     0.02291034105
          0,           0,         198,      -4.890445746,      -1.959871216,      -2.015783057,      0.5509488417,      -5.570889549,       2884.257161,     0.02070716565,       1.081529063,                 0,                 0,                 0,   -0.003488610028,     -0.1674129737,       1.068693968,                 0,       52.22970065,     0.02291034105
          0,           0,         199,      -4.856951528,      -1.963460668,      -1.999051068,      0.5401889833,      -5.570935253,       2884.257161,     0.02073498492,       1.081516743,                 0,                 0,                 0,   -0.003495732198,     -0.1673834377,       1.068686666,                 0,       52.15903207,     0.02291034105
          0,           0,         200,      -4.824723897,      -1.964048867,      -1.973013628,      0.5634307401,       -5.57098096,       2884.257161,      0.0207277936,       1.081538804,                 0,                 0,                 0,   -0.003482023654,     -0.1673943505,       1.068707142,                 0,       52.17819244,     0.02291034105
          0,           0,         201,      -4.820747489,      -1.965213195,      -1.954215787,      0.6169566311,       -5.57102667,       2884.257161,     0.02072048078,       1.081559433,                 0,                 0,                 0,   -0.003469389819,     -0.1674051344,       1.068726188,                 0,       52.19760314,     0.02291034105
          0,           0,         202,      -4.874791573,      -1.964028885,      -1.961240881,      0.5991213927,      -5.571072382,       2884.257161,      0.0207143602,       1.081577762,                 0,                 0,                 0,   -0.003458301048,     -0.1674143449,       1.068743177,                 0,       52.21391111,     0.02291034105
          0,           0,         203,      -4.965098327,       -1.96223592,      -1.981593382,      0.5074726528,      -5.571118096,       2884.257161,     0.02071084102,       1.081593298,                 0,                 0,                 0,   -0.003448938583,     -0.1674205084,       1.068757866,                 0,       52.22353344,     0.02291034105
          0,           0,         204,      -5.008843232,      -1.960390128,      -1.981540279,      0.5352730333,      -5.571163812,       2884.257161,      0.0207108123,       1.081606337,                 0,                 0,                 0,   -0.003440967754,     -0.1674228008,       1.068770701,                 0,       52.22423539,     0.02291034105
          0,           0,         205,      -4.982484227,      -1.958220679,      -1.964704262,      0.6597618288,       -5.57120953,       2884.257161,     0.02071447354,       1.081617935,                 0,                 0,                 0,    -0.00343358133,     -0.1674212092,       1.068782759,                 0,       52.21556478,     0.02291034105
          0,           0,         206,      -4.957727881,      -1.956364379,      -1.985918973,       0.614631067,      -5.571255251,       2884.257161,     0.02072132881,       1.081629542,                 0,                 0,                 0,   -0.003425773228,     -0.1674164736,        1.06879538,                 0,       52.19885035,     0.02291034105
          0,           0,         207,      -4.894529744,      -1.965827321,      -2.042327759,      0.4802899613,      -5.571300973,       2884.257161,     0.02073040317,       1.081642702,                 0,                 0,                 0,   -0.003416528407,     -0.1674098224,       1.068809916,                 0,       52.17663609,     0.02291034105
          0,           0,         208,       -4.85459191,      -1.971306838,       -2.07046176,       0.502377382,      -5.571346696,       2884.257161,     0.02074055723,       1.081658787,                 0,                 0,                 0,   -0.003404982439,     -0.1674026157,        1.06882752,                 0,       52.15186725,     0.02291034105
          0,           0,         209,      -4.871707054,       -1.97457669,      -2.090975028,      0.5232480786,      -5.571392422,       2884.257161,     0.02075069344,        1.08167862,                 0,                 0,                 0,    -0.00339066905,     -0.1673960774,       1.068848811,                 0,       52.12734808,     0.02291034105
          0,           0,         210,      -4.924821472,       -1.97515326,      -2.113326936,      0.5127681267,      -5.571438149,       2884.257161,     0.02075979908,       1.081702334,                 0,                 0,                 0,   -0.003373620673,      -0.167391228,       1.068873746,                 0,       52.10562635,     0.02291034105
          0,           0,         211,      -4.970679956,      -1.974910439,      -2.135181585,      0.4973536222,      -5.571483877,       2884.257161,     0.02076688584,       1.081729286,                 0,                 0,                 0,   -0.003354439795,     -0.1673889291,        1.06890152,                 0,         52.089143,     0.02291034105
          0,           0,         212,      -5.018265013,      -1.975295079,      -2.151839918,      0.4713466083,      -5.571529607,       2884.257161,     0.02077117843,       1.081758254,                 0,                 0,                 0,     -0.0033341304,     -0.1673897318,       1.068930792,                 0,        52.0797728,     0.02291034105
          0,           0,         213,      -5.058715674,      -1.976759701,      -2.162722646,      0.4412476464,      -5.571575338,       2884.257161,     0.02077215136,       1.081787617,                 0,                 0,                 0,   -0.003313954721,     -0.1673938727,       1.068959879,                 0,        52.0787471,     0.02291034105
          0,           0,         214,      -5.086291198,      -1.978955413,      -2.170289119,      0.4154917345,       -5.57162107,       2884.257161,     0.02076964112,       1.081815578,                 0,                 0,                 0,   -0.003295262355,     -0.1674012002,       1.068986979,                 0,       52.08638764,     0.02291034105
          0,           0,         215,      -5.103730581,      -1.981351744,      -2.175711706,      0.4035905627,      -5.571666803,       2884.257161,     0.02076383285,       1.081840305,                 0,                 0,                 0,   -0.003279381054,     -0.1674112138,       1.069010321,                 0,        52.1021486,     0.02291034105
          0,           0,         216,      -5.119917817,      -1.983634297,      -2.178647119,      0.4054985622,      -5.571712537,       2884.257161,      0.0207552874,       1.081860152,                 0,                 0,                 0,   -0.003267451015,     -0.1674230759,       1.069028383,                 0,       52.12455656,     0.02291034105
          0,           0,         217,      -5.138608908,       -1.98559815,       -2.17996437,      0.4050107073,      -5.571758272,       2884.257161,     0.02074484291,       1.081873896,                 0,                 0,                 0,   -0.003260266635,     -0.1674357484,       1.069040105,                 0,       52.15146245,     0.02291034105
          0,           0,         218,      -5.152724239,      -1.987084997,      -2.182046183,      0.3865284166,      -5.571804008,       2884.257161,     0.02073338828,       1.081880912,                 0,                 0,                 0,    -0.00325817249,     -0.1674482473,       1.069045025,                 0,        52.1806131,     0.02291034105
          0,           0,         219,      -5.143176933,      -1.988070273,      -2.186960175,      0.3610730542,      -5.571849744,       2884.257161,     0.02072110991,       1.081881069,                 0,                 0,                 0,    -0.00326124043,     -0.1674603663,       1.069043047,                 0,       52.21154047,     0.02291034105
          0,           0,         220,      -5.103352844,      -1.988790402,      -2.190348176,      0.3501730344,       -5.57189548,       2884.257161,     0.02070848966,       1.081874972,                 0,                 0,                 0,   -0.003268959038,     -0.1674717362,       1.069034852,                 0,       52.24306503,     0.02291034105
          0,           0,         221,      -4.925664836,      -1.989147409,      -2.184333812,      0.3544330291,      -5.571941217,       2884.257161,      0.0206943831,       1.081862907,                 0,                 0,                 0,   -0.003281266425,     -0.1674835334,       1.069020521,                 0,       52.27809411,     0.02291034105
          0,           0,         222,      -4.604102322,      -1.989555683,      -2.113751267,      0.3987823263,      -5.571986955,       2884.257161,      0.0206799535,       1.081846373,                 0,                 0,                 0,   -0.003296902756,     -0.1674948727,       1.069001732,                 0,       52.31377205,     0.02291034105
          0,           0,         223,      -4.224370737,      -1.987709596,      -1.852011847,      0.5201832019,      -5.572032692,       2884.257161,     0.02066987703,       1.081823878,                 0,                 0,                 0,   -0.003316360765,     -0.1675008898,       1.068977829,                 0,       52.33818645,     0.02291034105
          0,           0,         224,      -3.875953017,      -1.974830827,      -1.479459527,      0.7896833214,      -5.572078429,       2884.257161,     0.02066644858,       1.081792741,                 0,                 0,                 0,   -0.003341320277,     -0.1674988593,        1.06894657,                 0,       52.34536244,     0.02260626295
          0,           0,         225,      -3.205241962,       -1.82146527,     -0.7276479413,       1.477409593,      -5.572124164,       2884.257161,     0.02066728097,       1.081739756,                 0,                 0,                 0,   -0.003381845647,     -0.1674888388,       1.068894534,                 0,       52.34069045,     0.02260626295
          0,           0,         226,      -3.790484449,      -1.900692645,      -1.343688606,       1.054842318,        -5.5721699,       2884.257161,     0.02066640371,       1.081678476,                 0,                 0,                 0,   -0.003428703758,     -0.1674790616,       1.068834033,                 0,       52.33994705,     0.02260626295
          0,           0,         227,      -4.151435465,      -1.959954507,      -1.666625898,       1.035768351,      -5.572215636,       2884.257161,     0.02065876112,       1.081608184,                 0,                 0,                 0,   -0.003483082798,      -0.167474382,       1.068763481,                 0,       52.35590739,     0.02260626295
          0,           0,         228,      -4.277938202,      -1.956732559,      -1.708592553,      0.9305355487,      -5.572261373,       2884.257161,     0.02064444898,       1.081528304,                 0,                 0,                 0,   -0.003545394563,     -0.1674746057,        1.06868233,                 0,       52.38833478,     0.02260626295
          0,           0,         229,      -4.445374961,      -1.959403103,       -1.76984396,      0.8839969162,      -5.572307109,       2884.257161,     0.02062801171,        1.08143881,                 0,                 0,                 0,   -0.003615067883,     -0.1674752527,       1.068591341,                 0,       52.42574151,     0.02260626295
          0,           0,         230,      -4.572369086,      -1.966681561,      -1.837373356,      0.8963658365,      -5.572352844,       2884.257161,     0.02061566935,       1.081340576,                 0,                 0,                 0,   -0.003690645045,     -0.1674703495,       1.068492457,                 0,       52.45236319,     0.02260626295
          0,           0,         231,      -4.614387783,      -1.974180776,       -1.90590409,      0.9113321007,      -5.572398578,       2884.257161,     0.02061295139,       1.081235586,                 0,                 0,                 0,   -0.003769943047,     -0.1674547947,       1.068388589,                 0,       52.45418596,     0.02245417639
          0,           0,         232,      -4.621883932,      -1.980431381,      -1.965477657,       0.906152085,      -5.572444311,       2884.257161,     0.02062307865,       1.081125972,                 0,                 0,                 0,    -0.00385096595,     -0.1674257871,       1.068282399,                 0,       52.42311247,     0.02245417639
          0,           0,         233,      -4.638404201,      -1.984350061,      -2.006788869,      0.8903123199,      -5.572490044,       2884.257161,     0.02064096689,       1.081022844,                 0,                 0,                 0,   -0.003926171442,     -0.1673902626,       1.068183944,                 0,       52.37268437,     0.02245417639
          0,           0,         234,      -4.664231099,      -1.985057234,      -2.029780436,      0.8481071539,      -5.572535776,       2884.257161,     0.02064580358,       1.080960604,                 0,                 0,                 0,   -0.003972861583,     -0.1673746916,        1.06812349,                 0,        52.3574004,     0.02260626295
          0,           0,         235,      -4.688777868,      -1.984379649,      -2.046870078,      0.8079795938,      -5.572581507,       2884.257161,     0.02063409489,       1.080955764,                 0,                 0,                 0,   -0.003979297701,     -0.1673853819,        1.06811669,                 0,       52.38687567,     0.02260626295
          0,           0,         236,      -4.680352435,      -1.980209734,      -2.055819533,      0.8074178397,      -5.572627236,       2884.257161,     0.02062748114,       1.080973362,                 0,                 0,                 0,   -0.003968482295,     -0.1673949511,       1.068132872,                 0,       52.40452554,     0.02260626295
          0,           0,         237,      -4.699452607,       -1.98120872,      -2.067532136,      0.7738075801,      -5.572672965,       2884.257161,     0.02062971997,       1.081013523,                 0,                 0,                 0,    -0.00393983525,     -0.1673997202,       1.068172812,                 0,       52.40078513,     0.02291034105
          0,           0,         238,      -4.722869087,      -1.983059715,      -2.086989915,      0.7461536387,      -5.572718693,       2884.257161,     0.02064022431,       1.081072489,                 0,                 0,                 0,   -0.003896209164,     -0.1673996147,       1.068232706,                 0,       52.37697385,     0.02291034105
          0,           0,         239,      -4.743786083,       -1.98634736,      -2.107052005,      0.7296355059,      -5.572764419,       2884.257161,     0.02065257685,       1.081144518,                 0,                 0,                 0,    -0.00384268095,     -0.1673999575,       1.068305785,                 0,       52.34913423,     0.02291034105
          0,           0,         240,      -4.752198436,      -1.989932979,      -2.117434098,       0.726018423,      -5.572810144,       2884.257161,     0.02066026064,       1.081223236,                 0,                 0,                 0,      -0.003784807,     -0.1674060598,       1.068384642,                 0,       52.33347513,     0.02291034105
          0,           0,         241,      -4.775152376,      -1.990985241,      -2.138278092,      0.7093465125,      -5.572855868,       2884.257161,     0.02066094563,        1.08130269,                 0,                 0,                 0,   -0.003727289536,     -0.1674191822,       1.068463008,                 0,       52.33558567,     0.02291034105
          0,           0,         242,      -4.769104816,      -1.993254947,      -2.102107219,      0.7074610835,       -5.57290159,       2884.257161,     0.02065634042,       1.081377344,                 0,                 0,                 0,    -0.00367399548,     -0.1674366809,       1.068535728,                 0,       52.35086765,     0.02291034105
          0,           0,         243,      -4.736057502,      -1.995579515,      -2.034626309,        0.71704997,      -5.572947311,       2884.257161,     0.02065107047,       1.081440896,                 0,                 0,                 0,    -0.00362897645,     -0.1674529066,         1.0685974,                 0,       52.36730454,     0.02291034105
          0,           0,         244,      -4.711940488,      -1.996770028,      -1.962277977,      0.7823645918,       -5.57299303,       2884.257161,     0.02065465998,       1.081481127,                 0,                 0,                 0,    -0.00360001912,     -0.1674563577,       1.068637643,                 0,       52.36015157,     0.02291034105
          0,           0,         245,      -4.664886662,      -1.997037615,       -1.77831713,       1.047065353,      -5.573037561,       2884.257161,     0.02070228337,       1.081474676,                 0,                 0,                 0,   -0.003601001267,     -0.1674083376,        1.06863956,                 0,       52.23939103,      0.0229053211
          0,           0,         246,      -4.770546756,      -1.996502763,      -2.128781387,      0.7251872502,      -5.573126607,       2884.257161,     0.02067675484,       1.081348715,                 0,                 0,                 0,   -0.003702156635,     -0.1674116054,       1.068511079,                 0,       52.29779644,      0.0229053211
          0,           0,         247,      -4.902442985,      -1.992755583,      -2.131323001,      0.6050420712,      -5.573304435,       2884.257161,     0.02061952459,       1.081262258,                 0,                 0,                 0,   -0.003783334914,      -0.167452953,       1.068415998,                 0,        52.4387579,      0.0229053211
          0,           0,         248,      -4.873020401,      -2.016122285,      -2.141637909,      0.6115000508,      -5.573659424,       2884.257161,     0.02057105753,       1.081406532,                 0,                 0,                 0,   -0.003704922369,     -0.1675257367,       1.068549664,                 0,       52.56932127,      0.0229053211
          0,           0,         249,      -5.013249181,      -2.025691938,      -2.222758922,      0.5014513073,      -5.574408884,       2884.257161,     0.02057680391,        1.08150698,                 0,                 0,                 0,    -0.00363218575,     -0.1675375201,       1.068649583,                 0,       52.55952208,      0.0229053211
          0,           0,         250,      -5.081045902,      -2.025680376,      -2.236626388,      0.4303329017,      -5.574482414,       2884.257161,     0.02057866531,       1.081576963,                 0,                 0,                 0,   -0.003581641358,     -0.1675478395,       1.068718826,                 0,       52.55816869,      0.0229053211
          0,           0,         251,      -5.104262289,      -2.025591994,      -2.238723131,      0.3844172574,      -5.574527854,       2884.257161,     0.02057977389,       1.081642083,                 0,                 0,                 0,   -0.003534801154,     -0.1675580558,        1.06878315,                 0,        52.5585018,      0.0229053211
          0,           0,         252,      -5.105584883,      -2.026004215,      -2.237157869,      0.3531674917,      -5.574573432,       2884.257161,      0.0205804937,       1.081699321,                 0,                 0,                 0,   -0.003493848358,     -0.1675672862,       1.068839643,                 0,       52.55944475,      0.0229053211
          0,           0,         253,      -5.096244085,      -2.026796108,      -2.232948154,      0.3369962356,      -5.574617986,       2884.257161,     0.02058157497,       1.081777669,                 0,                 0,                 0,   -0.003438725673,     -0.1675798263,       1.068916989,                 0,       52.56049018,      0.0229053211
          0,           0,         254,      -5.084797341,      -2.028697206,      -2.219392434,      0.3296654744,      -5.574707415,       2884.257161,     0.02058398596,       1.081854886,                 0,                 0,                 0,   -0.003387294249,     -0.1675908604,       1.068993451,                 0,       52.55808509,     0.02275323454
          0,           0,         255,      -4.980587108,      -2.031624649,      -2.189995565,      0.7995012867,      -5.574885434,       2884.257161,     0.02064158841,       1.082128873,                 0,                 0,                 0,   -0.003189670498,     -0.1675817104,       1.069273278,                 0,       52.42468997,     0.02275323454
          0,           0,         256,      -5.039367888,      -2.032767049,      -2.142730373,      0.4416622294,      -5.575239973,       2884.257161,     0.02058110598,       1.082008415,                 0,                 0,                 0,   -0.003312071899,     -0.1676203568,       1.069144147,                 0,       52.57289944,     0.02282928376
          0,           0,         257,        -4.8271292,      -2.033460911,      -1.979015711,      0.7599976187,      -5.575950449,       2884.257161,     0.02057753325,       1.082076672,                 0,                 0,                 0,   -0.003315121849,     -0.1676357279,       1.069210747,                 0,       52.58534437,     0.02282928376
          0,           0,         258,      -4.436664959,      -1.956271078,      -1.749712285,      0.9722674337,      -5.577457232,       2884.257161,     0.02057928983,       1.082067022,                 0,                 0,                 0,   -0.003327396732,     -0.1676323222,       1.069201548,                 0,       52.58038692,     0.02275323454
          0,           0,         259,      -3.844890388,      -1.802442526,      -1.114934419,       1.402927579,      -5.577606437,       2884.257161,      0.0205832506,        1.08206343,                 0,                 0,                 0,   -0.003331219891,     -0.1676277979,       1.069198699,                 0,       52.57009452,     0.02275323454
          0,           0,         260,      -4.005646027,      -1.892176469,      -1.256568537,        1.32304819,      -5.577652019,       2884.257161,      0.0205879801,       1.082058317,                 0,                 0,                 0,   -0.003336073757,     -0.1676222524,       1.069194485,                 0,        52.5577697,     0.02275323454
          0,           0,         261,      -3.956033838,      -1.502230309,      -1.163281028,        1.36578882,      -5.577697897,       2884.257161,     0.02059311531,       1.082049042,                 0,                 0,                 0,   -0.003343955522,     -0.1676155847,       1.069186243,                 0,       52.54421323,     0.02275323454
          0,           0,         262,      -4.227720195,      -1.886845636,      -1.309272238,       1.519475382,      -5.577744026,       2884.257161,     0.02059850917,       1.082035151,                 0,                 0,                 0,    -0.00335521824,     -0.1676078607,         1.0691735,                 0,       52.52977983,     0.02275323454
          0,           0,         263,      -4.292030884,      -1.902142858,      -1.347036687,       1.556032241,      -5.577790325,       2884.257161,     0.02060387383,       1.082014545,                 0,                 0,                 0,   -0.003371448639,     -0.1675989992,       1.069154138,                 0,       52.51510242,     0.02275323454
          0,           0,         264,       -4.29999305,      -1.916967602,      -1.427849096,       1.315959587,      -5.577836723,       2884.257161,     0.02060896842,       1.081985532,                 0,                 0,                 0,   -0.003393924626,      -0.167588944,        1.06912645,                 0,       52.50071279,     0.02275323454
          0,           0,         265,      -4.295573905,      -1.920053387,      -1.613926535,       1.058112861,      -5.577883131,       2884.257161,      0.0206136102,       1.081946791,                 0,                 0,                 0,   -0.003423645081,     -0.1675776454,       1.069089104,                 0,       52.48701127,     0.02275323454
          0,           0,         266,       -4.27859836,      -1.947375139,      -1.649401819,       1.126397398,      -5.577929501,       2884.257161,     0.02061754078,       1.081897251,                 0,                 0,                 0,   -0.003461431999,     -0.1675651721,          1.069041,                 0,       52.47460222,     0.02275323454
          0,           0,         267,      -4.288644997,      -1.957533025,      -1.706383644,       1.187246913,      -5.577975785,       2884.257161,     0.02062059195,       1.081836269,                 0,                 0,                 0,   -0.003507782276,     -0.1675515778,       1.068981473,                 0,       52.46388034,     0.02275323454
          0,           0,         268,      -4.319048747,      -1.968674103,      -1.759522397,        1.15333694,      -5.578021964,       2884.257161,     0.02062245318,       1.081764481,                 0,                 0,                 0,   -0.003562263647,      -0.167537279,       1.068911099,                 0,        52.4556643,      0.0229053211
          0,           0,         269,      -4.363156034,      -1.968677774,      -1.808493636,       1.117497446,      -5.578068039,       2884.257161,     0.02062284623,        1.08168368,                 0,                 0,                 0,    -0.00362358803,     -0.1675228611,       1.068831594,                 0,       52.45074653,      0.0229053211
          0,           0,         270,      -4.408550101,      -1.962110474,      -1.854381311,       1.086230411,      -5.578114046,       2884.257161,     0.02062159389,        1.08159697,                 0,                 0,                 0,   -0.003689486439,     -0.1675090372,       1.068745984,                 0,       52.44972701,      0.0229053211
          0,           0,         271,      -4.441637156,      -1.947848931,      -1.894849219,       1.056947956,      -5.578159985,       2884.257161,     0.02061859645,       1.081508516,                 0,                 0,                 0,   -0.003756894994,     -0.1674966292,       1.068658353,                 0,       52.45306189,      0.0229053211
          0,           0,         272,      -4.472782696,      -1.947127801,      -1.927599302,       1.021748209,      -5.578205877,       2884.257161,     0.02061384915,       1.081423223,                 0,                 0,                 0,   -0.003822191942,     -0.1674864935,       1.068573531,                 0,         52.461004,      0.0229053211
          0,           0,         273,      -4.490903776,      -1.952051451,      -1.951679098,      0.9960941809,      -5.578251742,       2884.257161,     0.02060754204,       1.081346226,                 0,                 0,                 0,   -0.003881561338,     -0.1674793344,       1.068496609,                 0,       52.47332379,      0.0229053211
          0,           0,         274,      -4.500056888,      -1.956684077,       -1.96549802,      0.9772615338,      -5.578297597,       2884.257161,     0.02059980769,       1.081282352,                 0,                 0,                 0,   -0.003931422247,     -0.1674758596,       1.068432362,                 0,       52.48992457,      0.0229053211
          0,           0,         275,      -4.510879017,       -1.96280563,      -1.975925169,      0.9589027032,      -5.578343453,       2884.257161,     0.02059085905,       1.081235764,                 0,                 0,                 0,   -0.003968673294,     -0.1674765824,       1.068384928,                 0,       52.51047376,      0.0229053211
          0,           0,         276,      -4.524126023,      -1.968744643,      -1.986139711,       0.941204052,      -5.578389318,       2884.257161,     0.02058097159,       1.081209552,                 0,                 0,                 0,   -0.003990997587,      -0.167481768,       1.068357398,                 0,       52.53442713,      0.0229053211
          0,           0,         277,      -4.539118792,      -1.973934546,      -1.998018064,      0.9250290063,      -5.578435196,       2884.257161,      0.0205704973,       1.081205309,                 0,                 0,                 0,   -0.003997174769,     -0.1674913464,       1.068351401,                 0,       52.56097086,      0.0229053211
          0,           0,         278,      -4.554786378,      -1.978596476,      -2.012113884,      0.9111096996,      -5.578481087,       2884.257161,     0.02055987633,       1.081222797,                 0,                 0,                 0,   -0.003987324575,     -0.1675048427,       1.068366778,                 0,       52.58897376,      0.0229053211
          0,           0,         279,      -4.569994532,       -1.98306559,      -2.027957352,       0.899511135,      -5.578526991,       2884.257161,     0.02054967036,       1.081260154,                 0,                 0,                 0,   -0.003962749011,     -0.1675213807,       1.068401796,                 0,       52.61690993,      0.0229053211
          0,           0,         280,      -4.584191132,      -1.987332917,      -2.044377371,      0.8896561345,      -5.578572903,       2884.257161,     0.02054053012,       1.081314266,                 0,                 0,                 0,    -0.00392566538,     -0.1675397785,       1.068453499,                 0,        52.6429581,      0.0229053211
          0,           0,         281,       -4.59741187,      -1.991312895,      -2.060070343,      0.8806125375,      -5.578618822,       2884.257161,     0.02053278395,       1.081381209,                 0,                 0,                 0,   -0.003878929023,     -0.1675590315,       1.068518079,                 0,       52.66607839,      0.0229053211
          0,           0,         282,      -4.610047939,       -1.99490996,      -2.073968259,      0.8714586809,      -5.578664745,       2884.257161,     0.02052656007,       1.081456643,                 0,                 0,                 0,   -0.003825728886,     -0.1675782598,       1.068591287,                 0,       52.68572228,      0.0229053211
          0,           0,         283,      -4.622581086,      -1.998069366,      -2.085494098,      0.8615301005,      -5.578710668,       2884.257161,     0.02052181713,       1.081536206,                 0,                 0,                 0,   -0.003769292835,     -0.1675967466,       1.068668817,                 0,        52.7017758,      0.0229053211
          0,           0,         284,      -4.635211242,      -2.000753987,      -2.094639523,      0.8506941234,      -5.578755234,       2884.257161,     0.02051637557,        1.08168013,                 0,                 0,                 0,   -0.003667140484,     -0.1676270977,        1.06880961,                 0,       52.72276902,      0.0229053211
          0,           0,         285,      -4.666826694,      -2.007476026,      -2.113745571,      0.8203680914,      -5.578844341,       2884.257161,     0.02051330599,       1.081871174,                 0,                 0,                 0,   -0.003533364703,     -0.1676632951,       1.068997218,                 0,       52.73997154,      0.0229053211
          0,           0,         286,      -4.736648236,      -2.022093497,      -2.154232494,      0.7512055658,      -5.579022272,       2884.257161,     0.02051389756,       1.082019517,                 0,                 0,                 0,   -0.003437609966,      -0.167688472,        1.06914341,                 0,       52.74568199,      0.0229053211
          0,           0,         287,      -4.863657884,      -2.044144772,      -2.222116622,      0.6257671846,      -5.579378135,       2884.257161,     0.02051929366,       1.082092481,                 0,                 0,                 0,   -0.003410640661,     -0.1676958279,       1.069216203,                 0,       52.73536697,      0.0229053211
          0,           0,         288,      -5.058808943,      -2.064693757,      -2.284433934,      0.4335506454,      -5.580094541,       2884.257161,     0.02052737853,       1.082207566,                 0,                 0,                 0,   -0.003379502528,     -0.1677078501,       1.069330943,                 0,       52.72020312,      0.0229053211
          0,           0,         289,      -5.232572558,      -2.076688371,      -2.299371703,      0.2493335224,      -5.581543041,       2884.257161,     0.02052546529,       1.082460684,                 0,                 0,                 0,   -0.003303707081,     -0.1677536878,       1.069579883,                 0,       52.73744922,     0.02275323454
          0,           0,         290,      -5.266177178,      -2.074011028,      -2.266826275,      0.2024615379,      -5.584504837,       2884.257161,     0.02048814036,        1.08283398,                 0,                 0,                 0,   -0.003262114705,     -0.1678552679,       1.069941027,                 0,       52.85174551,     0.02275323454
          0,           0,         291,      -5.122518636,      -2.041646563,      -2.205020536,      0.3747398162,       -5.59062371,       2884.257161,     0.02038983105,       1.083377117,                 0,                 0,                 0,   -0.003328935042,     -0.1680463983,       1.070458841,                 0,       53.13320714,      0.0225251344
          0,           0,         292,      -5.007516682,      -1.964675125,       -2.12116815,      0.5232352555,      -5.603262521,       2884.257161,     0.02012742105,       1.084056811,                 0,                 0,                 0,   -0.003615025774,     -0.1684228495,       1.071082642,                 0,       53.85969761,     0.02447355774
          0,           0,         293,       -4.65221677,      -1.854670309,      -1.874223018,      0.9275150226,      -5.629657673,       2884.257161,     0.02013423945,        1.08417448,                 0,                 0,                 0,   -0.003610309977,     -0.1684365676,       1.071199707,                 0,       53.84730238,      0.0244685378
          0,           0,         294,      -4.426296583,      -1.934574543,      -1.595541872,       1.095731327,      -5.632222362,       2884.257161,     0.02017701628,       1.084581077,                 0,                 0,                 0,   -0.003440675966,     -0.1684650455,       1.071607556,                 0,       53.75329347,      0.0248487245
          0,           0,         295,      -4.354274835,      -1.894304193,      -1.481306826,       1.308687206,      -5.637293545,       2884.257161,     0.02009118498,       1.084907386,                 0,                 0,                 0,   -0.003462539757,     -0.1686062358,       1.071914003,                 0,       53.99917363,      0.0248487245
          0,           0,         296,      -4.146620257,      -1.793337614,      -1.578443915,       1.350085843,      -5.647557855,       2884.257161,     0.01978096431,       1.085217418,                 0,                 0,                 0,    -0.00372114994,       -0.16896558,       1.072165455,                 0,       54.86170446,     0.02500081106
          0,           0,         297,      -4.264504739,      -1.760741177,       -1.79234432,       1.071034871,      -5.668736199,       2884.257161,     0.01938814249,       1.085472461,                 0,                 0,                 0,   -0.004263842598,     -0.1693967218,       1.072348411,                 0,       55.98640829,     0.02530460417
          0,           0,         298,       -4.08034266,      -1.671729258,      -1.261241936,       1.366407765,      -5.716444185,       2884.257161,     0.01933482372,       1.085476999,                 0,                 0,                 0,   -0.004355417536,     -0.1694500184,       1.072343621,                 0,       56.14103414,     0.02545669073
          0,           0,         299,      -4.133490722,      -1.811895442,       -1.31352191,       1.268358416,      -5.720918838,       2884.257161,     0.01926527821,       1.085740771,                 0,                 0,                 0,   -0.004324412216,      -0.169564311,        1.07259131,                 0,       56.35738863,     0.02545669073
          0,           0,         300,      -4.001261566,      -1.749495384,      -1.233544417,       1.204144249,      -5.730772866,       2884.257161,     0.01926978987,       1.085784316,                 0,                 0,                 0,   -0.004309374834,     -0.1695674293,       1.072634976,                 0,       56.34645333,     0.02545669073
          0,           0,         301,      -4.074586921,      -1.783255709,      -1.273925214,       1.171650847,      -5.731765519,       2884.257161,     0.01927109151,       1.085788387,                 0,                 0,                 0,   -0.004307990845,     -0.1695668545,       1.072639212,                 0,       56.34285876,     0.02545669073
          0,           0,         302,      -4.201533288,      -1.785981898,      -1.391316729,       1.223067749,      -5.731854806,       2884.257161,      0.0192761347,       1.085789478,                 0,                 0,                 0,   -0.004310100233,     -0.1695620774,       1.072641162,                 0,       56.32817446,     0.02545669073
          0,           0,         303,      -4.126611592,       -1.88577153,      -1.442289851,       1.342621237,      -5.732032094,       2884.257161,     0.01927992334,       1.085731113,                 0,                 0,                 0,   -0.004359496066,     -0.1695482112,       1.072584341,                 0,        56.3140783,     0.02545669073
          0,           0,         304,       -4.22647178,      -1.920910549,      -1.616544391,       1.214900446,      -5.732428413,       2884.257161,     0.01928022065,       1.085720499,                 0,                 0,                 0,   -0.004368335875,     -0.1695460754,       1.072573941,                 0,       56.31265943,     0.02545669073
          0,           0,         305,      -4.285465397,      -1.928361876,      -1.709660642,       1.171755616,      -5.732485374,       2884.257161,     0.01927996818,       1.085706757,                 0,                 0,                 0,   -0.004379546586,     -0.1695439378,       1.072560364,                 0,       56.31268409,     0.02545669073
          0,           0,         306,      -4.354783716,      -1.927739677,      -1.764618416,       1.139059972,      -5.732537533,       2884.257161,     0.01927849411,        1.08566352,                 0,                 0,                 0,   -0.004413680262,     -0.1695378814,       1.072517527,                 0,       56.31474711,     0.02545669073
          0,           0,         307,      -4.427589253,      -1.936458707,      -1.814466715,       1.078793019,      -5.732640852,       2884.257161,     0.01927714513,       1.085601616,                 0,                 0,                 0,    -0.00446347559,     -0.1695284603,       1.072456329,                 0,       56.31547663,     0.02546171068
          0,           0,         308,      -4.530480553,      -1.957129278,       -1.89976955,      0.9608953363,      -5.732847176,       2884.257161,     0.01924343097,       1.085640769,                 0,                 0,                 0,   -0.004446701068,     -0.1695684612,       1.072489033,                 0,         56.416175,     0.02546171068
          0,           0,         309,      -4.629689413,      -2.018513246,      -2.048735657,      0.8280962398,      -5.733261807,       2884.257161,     0.01917075085,       1.085842298,                 0,                 0,                 0,    -0.00432294592,     -0.1696750321,       1.072674879,                 0,       56.64057219,     0.02546171068
          0,           0,         310,      -4.704924116,      -2.101419162,      -2.167258685,      0.6955060741,      -5.734095466,       2884.257161,     0.01909436588,       1.086089559,                 0,                 0,                 0,    -0.00418074476,     -0.1697931932,        1.07290512,                 0,        56.8801062,     0.02530962412
          0,           0,         311,      -4.884857986,      -2.151663669,      -2.224955194,      0.5368628367,      -5.735764863,       2884.257161,     0.01908293816,       1.086257401,                 0,                 0,                 0,     -0.0041227233,     -0.1698335928,       1.073068428,                 0,       56.92296398,     0.02530962412
          0,           0,         312,      -4.954538538,      -2.183313887,       -2.27633124,      0.5246854441,      -5.739137723,       2884.257161,     0.01904910216,       1.086513703,                 0,                 0,                 0,   -0.004095029475,     -0.1699114211,       1.073314961,                 0,       57.03752829,     0.02530460417
          0,           0,         313,      -4.901153264,      -2.172179074,      -2.209740928,      0.5970393287,      -5.746016859,       2884.257161,     0.01903405871,       1.087331903,                 0,                 0,                 0,   -0.003863673531,     -0.1700683149,       1.074118118,                 0,       57.12559362,     0.02515251761
          0,           0,         314,      -4.870476172,      -2.148383675,      -2.133645851,      0.6727423211,      -5.760066714,       2884.257161,     0.01908649157,       1.089238915,                 0,                 0,                 0,   -0.003262157965,     -0.1703478277,       1.076005262,                 0,       57.06857704,     0.02515753756
          0,           0,         315,      -4.751544127,      -2.064100022,       -2.07991526,      0.7919918869,      -5.793639072,       2884.257161,     0.01911272533,       1.089433866,                 0,                 0,                 0,   -0.003206768755,     -0.1703558455,       1.076201808,                 0,        57.0004459,     0.02530962412
          0,           0,         316,      -4.883873982,      -2.130594868,      -2.289131567,       0.620558827,      -5.796391139,       2884.257161,     0.01908074047,       1.089878653,                 0,                 0,                 0,   -0.003046082376,     -0.1704645808,       1.076634283,                 0,       57.11930595,     0.02576048385
          0,           0,         317,        -4.9620522,      -2.161126353,      -2.284920686,      0.5224955941,      -5.801837432,       2884.257161,     0.01906622052,        1.09063402,                 0,                 0,                 0,   -0.002838535726,     -0.1706100483,       1.077375653,                 0,       57.20242345,      0.0257655038
          0,           0,         318,       -4.91497599,      -2.139184941,      -2.148339492,      0.5556779197,      -5.812917093,       2884.257161,      0.0190877876,       1.091974627,                 0,                 0,                 0,   -0.002562004385,     -0.1708216028,       1.078699638,                 0,       57.20802483,     0.02560839729
          0,           0,         319,       -4.80557419,       -2.00955533,      -2.039624216,      0.8311627072,      -5.841086689,       2884.257161,     0.01912604406,       1.092108552,                 0,                 0,                 0,   -0.002538294389,     -0.1708071833,       1.078838171,                 0,       57.10059793,     0.02560839729
          0,           0,         320,      -4.737210883,      -2.091444442,      -2.313337942,      0.7194151649,      -5.843124983,       2884.257161,     0.01909800859,       1.092254323,                 0,                 0,                 0,   -0.002577753469,     -0.1708601058,        1.07897686,                 0,       57.19205318,     0.02576048385
          0,           0,         321,      -5.020641229,      -2.106552189,      -2.344818077,      0.5174236638,      -5.848792287,       2884.257161,     0.01908857846,       1.092275936,                 0,                 0,                 0,   -0.002578137059,     -0.1708731457,       1.078996507,                 0,       57.22143942,     0.02576048385
          0,           0,         322,      -5.106876549,      -2.130137653,      -2.380727064,       0.377771989,       -5.84935535,       2884.257161,     0.01908458551,       1.092279608,                 0,                 0,                 0,   -0.002577796514,     -0.1708777157,        1.07899943,                 0,       57.23360393,     0.02576048385
          0,           0,         323,      -5.074656311,      -2.133831201,      -2.387143926,      0.3742689225,      -5.849412618,       2884.257161,     0.01908153272,       1.092283888,                 0,                 0,                 0,   -0.002576887697,     -0.1708814654,       1.079003115,                 0,       57.24298486,     0.02576048385
          0,           0,         324,      -5.064597698,      -2.137267137,       -2.38845773,      0.3739899288,      -5.849470569,       2884.257161,     0.01907763294,       1.092289047,                 0,                 0,                 0,   -0.002575443206,     -0.1708862017,       1.079007518,                 0,       57.25495668,     0.02576048385
          0,           0,         325,      -5.076169572,      -2.138991403,      -2.388094301,      0.3719871233,      -5.849517589,       2884.257161,     0.01906030677,       1.092305764,                 0,                 0,                 0,   -0.002569060155,     -0.1709061674,       1.079020972,                 0,       57.30787949,     0.02576048385
          0,           0,         326,      -4.997885245,      -2.143213713,      -2.274519826,      0.4660767234,      -5.849612618,       2884.257161,     0.01903301755,        1.09235189,                 0,                 0,                 0,   -0.002545818486,     -0.1709410518,       1.079061659,                 0,       57.39247004,     0.02576048385
          0,           0,         327,      -5.137714849,      -2.132528273,       -2.28213592,      0.4981584989,      -5.849799056,       2884.257161,     0.01910740263,       1.092420636,                 0,                 0,                 0,   -0.002499370011,     -0.1708797345,       1.079142278,                 0,       57.17263919,     0.02576048385
          0,           0,         328,      -4.943333903,      -2.137047956,      -2.167890463,      0.6875036092,      -5.850165935,       2884.257161,     0.01914470053,       1.092518511,                 0,                 0,                 0,   -0.002449662835,      -0.170859999,       1.079245142,                 0,       57.06636722,     0.02576048385
          0,           0,         329,      -4.537102806,      -2.071996207,      -1.703004221,       1.209704631,      -5.851270337,       2884.257161,     0.01919560868,       1.092563355,                 0,                 0,                 0,   -0.002412667627,     -0.1708176514,       1.079298146,                 0,       56.91735925,     0.02576048385
          0,           0,         330,      -4.248718844,      -1.903843086,      -1.685194367,       1.061099106,       -5.85136882,       2884.257161,     0.01918188041,        1.09254409,                 0,                 0,                 0,   -0.002430405876,     -0.1708278256,       1.079276789,                 0,       56.95709004,     0.02576048385
          0,           0,         331,      -4.768037876,      -2.038938563,      -1.917239517,      0.9643539515,      -5.851425564,       2884.257161,     0.01917229853,       1.092526287,                 0,                 0,                 0,   -0.002446525954,     -0.1708341706,       1.079257593,                 0,       56.98462735,     0.02576048385
          0,           0,         332,      -4.748753296,      -2.071123995,      -2.064466623,      0.7208676691,       -5.85148285,       2884.257161,     0.01916683935,       1.092510838,                 0,                 0,                 0,    -0.00246037539,      -0.170836864,        1.07924143,                 0,        57.0000519,     0.02576048385
          0,           0,         333,      -4.666653139,      -2.087519373,      -2.163536326,      0.7254829324,      -5.851540607,       2884.257161,     0.01916500067,       1.092498826,                 0,                 0,                 0,    -0.00247121962,      -0.170836589,       1.079229281,                 0,       57.00489371,     0.02576048385
          0,           0,         334,      -4.646708334,      -2.115227479,      -2.180424144,      0.8110766469,      -5.851598727,       2884.257161,     0.01916586113,       1.092491094,                 0,                 0,                 0,   -0.002478557999,     -0.1708343989,       1.079221816,                 0,       57.00193101,     0.02576048385
          0,           0,         335,      -4.674810086,      -2.131741086,      -2.184045571,      0.8148578477,      -5.851657082,       2884.257161,     0.01916840637,       1.092488151,                 0,                 0,                 0,   -0.002482145527,     -0.1708313814,        1.07921936,                 0,        56.9942086,     0.02591257041
          0,           0,         336,      -4.735364017,      -2.138083815,      -2.197048219,      0.7699457544,      -5.851715559,       2884.257161,     0.01917149608,        1.09248996,                 0,                 0,                 0,   -0.002482158804,     -0.1708286527,       1.079221678,                 0,       56.98511768,     0.02591257041
          0,           0,         337,      -4.813962446,      -2.139004054,      -2.220377904,      0.6968592539,      -5.851774086,       2884.257161,     0.01917390935,       1.092495886,                 0,                 0,                 0,   -0.002479224462,     -0.1708273051,       1.079227933,                 0,       56.97825447,     0.02591257041
          0,           0,         338,      -4.880006204,      -2.140719293,      -2.253622968,      0.6204528845,      -5.851832876,       2884.257161,     0.01917455763,       1.092504859,                 0,                 0,                 0,   -0.002474273208,     -0.1708282249,       1.079236882,                 0,       56.97679602,     0.02591257041
          0,           0,         339,      -4.922250466,      -2.144607254,      -2.292933071,      0.5632261957,      -5.851891567,       2884.257161,     0.01917264967,       1.092515642,                 0,                 0,                 0,    -0.00246832121,     -0.1708319762,        1.07924717,                 0,       56.98302845,     0.02591257041
          0,           0,         340,      -4.941546269,      -2.149625753,      -2.330814465,      0.5346570651,      -5.851950143,       2884.257161,     0.01916789934,       1.092527034,                 0,                 0,                 0,   -0.002462290014,     -0.1708386326,       1.079257564,                 0,       56.99774474,     0.02591257041
          0,           0,         341,      -4.951849253,      -2.153632727,      -2.364174253,      0.5212098709,        -5.8520086,       2884.257161,     0.01916061065,       1.092538034,                 0,                 0,                 0,   -0.002456878613,     -0.1708477207,       1.079267131,                 0,       57.02000077,     0.02591257041
          0,           0,         342,      -4.968555292,      -2.155784065,      -2.392333632,      0.5044182544,      -5.852066947,       2884.257161,      0.0191515686,       1.092547923,                 0,                 0,                 0,   -0.002452514102,     -0.1708583426,         1.0792753,                 0,       57.04743803,     0.02591257041
          0,           0,         343,      -4.994894838,      -2.157138068,      -2.414716742,      0.4787271047,      -5.852125204,       2884.257161,     0.01914159307,       1.092556323,                 0,                 0,                 0,   -0.002449368312,     -0.1708696252,        1.07928184,                 0,       57.07760678,     0.02591257041
          0,           0,         344,      -5.026980289,      -2.158928416,      -2.431869499,      0.4486250276,       -5.85218339,       2884.257161,     0.01913135062,       1.092563189,                 0,                 0,                 0,   -0.002447385446,     -0.1708809043,       1.079286823,                 0,       57.10852363,     0.02591257041
          0,           0,         345,      -5.059327767,      -2.161486825,       -2.44607686,      0.4210983631,       -5.85224153,       2884.257161,     0.01912133717,       1.092568705,                 0,                 0,                 0,   -0.002446365084,     -0.1708917235,       1.079290517,                 0,       57.13871866,     0.02591257041
          0,           0,         346,      -5.087801806,      -2.164499677,      -2.459754803,      0.3999463136,       -5.85229964,       2884.257161,     0.01911186696,        1.09257318,                 0,                 0,                 0,   -0.002446037228,     -0.1709018269,       1.079293279,                 0,       57.16726587,     0.02591257041
          0,           0,         347,      -5.111166761,      -2.167509803,      -2.474025355,      0.3841019503,      -5.852357734,       2884.257161,     0.01910309972,        1.09257697,                 0,                 0,                 0,   -0.002446117458,     -0.1709111192,        1.07929549,                 0,       57.19370085,     0.02591257041
          0,           0,         348,      -5.131213131,      -2.170192619,       -2.48865538,      0.3701577889,      -5.852415824,       2884.257161,     0.01909508604,       1.092580426,                 0,                 0,                 0,   -0.002446341468,     -0.1709196111,       1.079297501,                 0,       57.21788441,     0.02591257041
          0,           0,         349,      -5.150172823,        -2.1724146,      -2.502602883,      0.3552705728,      -5.852473917,       2884.257161,     0.01908781361,       1.092583853,                 0,                 0,                 0,   -0.002446484159,     -0.1709273681,       1.079299613,                 0,       57.23986388,     0.02591257041
          0,           0,         350,      -5.169319662,      -2.174192975,      -2.514843352,      0.3382566297,      -5.852532016,       2884.257161,     0.01908124566,       1.092587499,                 0,                 0,                 0,   -0.002446368386,     -0.1709344694,       1.079302063,                 0,       57.25975747,     0.02591257041
          0,           0,         351,      -5.190516992,      -2.175627665,       -2.52492287,      0.3168218254,       -5.85259012,       2884.257161,     0.01907267351,       1.092596463,                 0,                 0,                 0,     -0.0024425814,     -0.1709444679,       1.079309402,                 0,       57.28596268,     0.02591257041
          0,           0,         352,       -4.86980939,      -2.174207881,      -2.166926483,      0.5556598917,      -5.852648229,       2884.257161,     0.01906691547,        1.09260554,                 0,                 0,                 0,   -0.002438340787,     -0.1709517147,       1.079317341,                 0,       57.30373858,     0.02591257041
          0,           0,         353,      -4.959581635,      -2.168891404,       -2.19912478,      0.4701672735,      -5.852706342,       2884.257161,     0.01906286715,       1.092614394,                 0,                 0,                 0,   -0.002434038773,      -0.170957239,       1.079325358,                 0,       57.31637246,     0.02591257041
          0,           0,         354,      -5.053748445,       -2.16413438,      -2.230388605,      0.3917175705,      -5.852764455,       2884.257161,     0.01906004208,       1.092622829,                 0,                 0,                 0,   -0.002429884641,     -0.1709614859,       1.079333175,                 0,       57.32531043,     0.02591257041
          0,           0,         355,      -5.108776194,      -2.163155131,      -2.251229406,      0.3566076943,      -5.852822564,       2884.257161,     0.01905833302,       1.092630714,                 0,                 0,                 0,   -0.002425989865,     -0.1709645382,       1.079340643,                 0,       57.33086483,     0.02591257041
          0,           0,         356,      -5.103241745,      -2.165422015,      -2.254922553,      0.3716979456,      -5.852880669,       2884.257161,      0.0190577957,       1.092637932,                 0,                 0,                 0,   -0.002422434059,     -0.1709663208,       1.079347658,                 0,       57.33285996,     0.02591257041
          0,           0,         357,      -5.071377054,      -2.169056314,      -2.243010281,      0.4045107613,      -5.852938767,       2884.257161,     0.01905847916,       1.092644354,                 0,                 0,                 0,   -0.002419306186,      -0.170966763,       1.079354102,                 0,       57.33114093,     0.02591257041
          0,           0,         358,      -5.048256773,      -2.172135444,      -2.222719584,      0.4279609852,      -5.852996861,       2884.257161,     0.01906033841,       1.092649863,                 0,                 0,                 0,   -0.002416700218,     -0.1709658884,       1.079359849,                 0,       57.32583751,     0.02591257041
          0,           0,         359,      -5.046958736,      -2.173405567,      -2.202741896,      0.4311924441,      -5.853054949,       2884.257161,     0.01906320744,       1.092654367,                 0,                 0,                 0,   -0.002414704556,     -0.1709638451,       1.079364783,                 0,        57.3174462,     0.02576048385
          0,           0,         360,      -5.069325972,      -2.172974225,      -2.189545271,      0.4098936913,      -5.853100761,       2884.257161,     0.01907075059,       1.092660543,                 0,                 0,                 0,    -0.00241256864,     -0.1709574891,       1.079372176,                 0,       57.29509902,     0.02576048385
          0,           0,         361,      -5.136965375,      -2.173524875,      -2.181905259,      0.3377372116,      -5.853192649,       2884.257161,     0.01908516725,       1.092673733,                 0,                 0,                 0,   -0.002407756339,     -0.1709455818,       1.079387668,                 0,       57.25251021,     0.02576048385
          0,           0,         362,      -5.162261781,      -2.176119412,       -2.20901656,      0.4004055155,      -5.853376588,       2884.257161,     0.01910997785,       1.092711722,                 0,                 0,                 0,    -0.00239002065,     -0.1709277449,       1.079429389,                 0,       57.18016685,     0.02560839729
          0,           0,         363,      -4.933886246,      -2.177420149,      -2.251008132,      0.5595104077,      -5.853746106,       2884.257161,     0.01914791176,       1.092871607,                 0,                 0,                 0,   -0.002293907758,      -0.170918151,       1.079593431,                 0,       57.07523726,      0.0257655038
          0,           0,         364,      -4.298572392,      -2.162326334,      -1.692131428,      0.8059230698,      -5.854492888,       2884.257161,     0.01911199546,       1.092730867,                 0,                 0,                 0,   -0.002456068928,     -0.1709290824,       1.079448593,                 0,       57.17513222,      0.0257655038
          0,           0,         365,      -4.519888293,      -2.143763848,      -1.814813074,      0.9375206814,       -5.85671194,       2884.257161,     0.01910399693,       1.092688111,                 0,                 0,                 0,   -0.002494174323,     -0.1709295349,       1.079405097,                 0,       57.19683241,      0.0257655038
          0,           0,         366,      -4.249131593,      -2.100306476,      -1.163638141,       1.705483807,      -5.856923595,       2884.257161,     0.01914703875,       1.092594512,                 0,                 0,                 0,   -0.002559416067,     -0.1708708937,       1.079320394,                 0,       57.06336766,      0.0257655038
          0,           0,         367,       -4.43701644,       -1.97989974,      -1.580757495,       1.334007966,      -5.856980502,       2884.257161,     0.01916296914,       1.092466594,                 0,                 0,                 0,   -0.002653543286,     -0.1708329926,       1.079197186,                 0,       57.00925498,      0.0257655038
          0,           0,         368,      -4.425119143,      -2.004462936,      -1.669160596,       1.228437709,      -5.857038394,       2884.257161,     0.01917244097,       1.092377048,                 0,                 0,                 0,   -0.002720179023,     -0.1708081152,       1.079110646,                 0,       56.97641994,      0.0257655038
          0,           0,         369,       -4.40909471,      -2.056761575,      -1.688435393,       1.179542798,      -5.857097054,       2884.257161,     0.01918800642,       1.092348704,                 0,                 0,                 0,   -0.002740827508,     -0.1707878644,       1.079085435,                 0,       56.92872309,      0.0257655038
          0,           0,         370,      -4.426123986,       -2.09983569,      -1.750081857,       1.050635775,      -5.857156228,       2884.257161,      0.0192101908,       1.092359823,                 0,                 0,                 0,   -0.002731475247,     -0.1707679477,       1.079100237,                 0,       56.86355925,     0.02576048385
          0,           0,         371,      -4.459934569,      -2.098453317,      -1.759601695,       1.037686005,      -5.857215677,       2884.257161,     0.01924159789,        1.09241887,                 0,                 0,                 0,   -0.002685528239,     -0.1707472712,       1.079163841,                 0,       56.77381245,     0.02576048385
          0,           0,         372,      -4.522889776,      -2.083011061,      -1.802310674,       1.000916808,      -5.857275199,       2884.257161,      0.0192428755,       1.092487278,                 0,                 0,                 0,    -0.00263659441,      -0.170757892,       1.079231432,                 0,       56.77359802,     0.02576048385
          0,           0,         373,      -4.582652006,      -2.070436147,      -1.876812357,      0.9350836176,      -5.857334634,       2884.257161,     0.01924048385,       1.092564716,                 0,                 0,                 0,   -0.002581469841,     -0.1707736943,       1.079307278,                 0,        56.7846799,     0.02576048385
          0,           0,         374,      -4.599073372,      -2.070727187,      -1.954834218,      0.8938421221,       -5.85739391,       2884.257161,     0.01923294969,       1.092643454,                 0,                 0,                 0,   -0.002526053529,     -0.1707947867,       1.079383511,                 0,       56.81101814,     0.02576048385
          0,           0,         375,      -4.580482613,      -2.089045915,       -2.00162509,      0.8973943569,      -5.857452967,       2884.257161,     0.01922217853,       1.092716943,                 0,                 0,                 0,   -0.002474930934,     -0.1708181554,       1.079454013,                 0,       56.84667538,     0.02576048385
          0,           0,         376,      -4.561362847,      -2.117609308,      -2.007947543,       0.905340529,      -5.857511786,       2884.257161,     0.01921080649,        1.09278045,                 0,                 0,                 0,   -0.002431251871,     -0.1708403826,       1.079514581,                 0,       56.88363218,     0.02576048385
          0,           0,         377,      -4.557589054,      -2.140730892,      -1.987933139,      0.8970365554,      -5.857570382,       2884.257161,     0.01919940372,       1.092831429,                 0,                 0,                 0,   -0.002396821762,     -0.1708604645,       1.079562805,                 0,        56.9200713,     0.02576048385
          0,           0,         378,      -4.576303667,      -2.147904675,      -1.966230279,      0.8712117239,      -5.857628789,       2884.257161,     0.01918826312,       1.092868925,                 0,                 0,                 0,    -0.00237230478,      -0.170877947,       1.079597797,                 0,       56.95507291,     0.02576048385
          0,           0,         379,      -4.618366163,      -2.141426481,       -1.95961792,      0.8303477584,      -5.857687045,       2884.257161,     0.01917744279,       1.092893248,                 0,                 0,                 0,   -0.002357464178,     -0.1708928266,       1.079619872,                 0,       56.98847653,     0.02576048385
          0,           0,         380,      -4.676715326,      -2.130582866,      -1.972395529,      0.7805630116,      -5.857745201,       2884.257161,     0.01916685232,       1.092905655,                 0,                 0,                 0,    -0.00235138289,     -0.1709054106,       1.079630251,                 0,        57.0206123,     0.02576048385
          0,           0,         381,      -4.734132698,      -2.124496017,      -2.002531107,      0.7366399817,      -5.857803296,       2884.257161,     0.01915634109,       1.092908018,                 0,                 0,                 0,   -0.002352697628,     -0.1709161725,       1.079630753,                 0,        57.0520233,     0.02576048385
          0,           0,         382,      -4.767830117,      -2.125246049,      -2.041631365,      0.7159637645,      -5.857861362,       2884.257161,     0.01914577957,       1.092902562,                 0,                 0,                 0,    -0.00235978322,     -0.1709256261,       1.079623546,                 0,       57.08321031,     0.02576048385
          0,           0,         383,       -4.76975177,      -2.130962073,      -2.079760877,      0.7176942221,      -5.857919422,       2884.257161,     0.01913512395,       1.092891667,                 0,                 0,                 0,   -0.002370887612,      -0.170934228,       1.079610966,                 0,       57.11442843,     0.02576048385
          0,           0,         384,      -4.758364596,      -2.138778113,      -2.111838029,      0.7267175784,      -5.857977488,       2884.257161,     0.01912444581,       1.092877665,                 0,                 0,                 0,   -0.002384281187,     -0.1709423125,       1.079595323,                 0,       57.14558614,     0.02576048385
          0,           0,         385,      -4.752960254,      -2.146199433,       -2.13796792,      0.7298089833,      -5.858035568,       2884.257161,      0.0191139265,       1.092862709,                 0,                 0,                 0,   -0.002398352044,     -0.1709500748,       1.079578767,                 0,       57.17625361,     0.02576048385
          0,           0,         386,      -4.760278627,        -2.1516461,      -2.160987077,      0.7219165687,      -5.858093665,       2884.257161,     0.01910382543,       1.092848669,                 0,                 0,                 0,   -0.002411686357,     -0.1709575844,       1.079563186,                 0,       57.20575037,     0.02576048385
          0,           0,         387,      -4.778772773,      -2.154944561,      -2.182995426,      0.7043158482,      -5.858151775,       2884.257161,     0.01909443339,       1.092837054,                 0,                 0,                 0,   -0.002423133725,     -0.1709648169,       1.079550117,                 0,       57.23328007,     0.02576048385
          0,           0,         388,      -4.803225494,      -2.156732743,      -2.203715391,      0.6816055513,       -5.85820989,       2884.257161,     0.01908602267,        1.09282896,                 0,                 0,                 0,   -0.002431851076,     -0.1709716944,       1.079540686,                 0,       57.25807725,     0.02576048385
          0,           0,         389,      -4.825527871,      -2.157562678,      -2.222474073,      0.6611018532,      -5.858268002,       2884.257161,     0.01907882552,        1.09282505,                 0,                 0,                 0,   -0.002437320846,     -0.1709781031,       1.079535585,                 0,       57.27947188,     0.02576048385
          0,           0,         390,      -4.851953113,      -2.159527483,      -2.238922745,      0.6398431752,      -5.858326103,       2884.257161,     0.01907296942,        1.09282554,                 0,                 0,                 0,   -0.002439367045,     -0.1709839553,       1.079535051,                 0,       57.29708446,     0.02576048385
          0,           0,         391,      -4.869142534,      -2.161971163,      -2.252264236,      0.6255760252,       -5.85838421,       2884.257161,     0.01906847666,       1.092830282,                 0,                 0,                 0,   -0.002438097772,     -0.1709892033,       1.079538941,                 0,       57.31083303,     0.02576048385
          0,           0,         392,      -4.878112436,        -2.1645646,      -2.262625664,      0.6160317848,      -5.858442305,       2884.257161,      0.0190652647,       1.092838817,                 0,                 0,                 0,   -0.002433864025,     -0.1709938486,       1.079546788,                 0,       57.32093596,     0.02576048385
          0,           0,         393,      -4.883479182,      -2.166710108,      -2.271137349,      0.6085319556,      -5.858500388,       2884.257161,     0.01906315755,       1.092850454,                 0,                 0,                 0,   -0.002427199921,     -0.1709979444,       1.079557882,                 0,       57.32788237,     0.02576048385
          0,           0,         394,      -4.873230789,      -2.167541279,      -2.261768707,      0.6105919736,      -5.858558456,       2884.257161,       0.019062148,       1.092864462,                 0,                 0,                 0,   -0.002418645812,     -0.1710013711,       1.079571502,                 0,       57.33165339,     0.02576048385
          0,           0,         395,      -4.886496398,       -2.16820391,      -2.275433598,      0.5984179044,      -5.858616509,       2884.257161,     0.01906189376,       1.092879759,                 0,                 0,                 0,   -0.002409046426,     -0.1710042778,       1.079586523,                 0,       57.33322054,     0.02576048385
          0,           0,         396,      -4.898659999,      -2.168782412,      -2.286352389,      0.5873857577,      -5.858661906,       2884.257161,     0.01906233252,       1.092908319,                 0,                 0,                 0,   -0.002391242832,     -0.1710088051,       1.079614725,                 0,       57.33339917,     0.02576048385
          0,           0,         397,        -4.9289334,      -2.171536026,      -2.300023357,      0.5600252393,      -5.858752903,       2884.257161,     0.01906163479,       1.092947061,                 0,                 0,                 0,   -0.002369451729,     -0.1710162198,       1.079652758,                 0,       57.33753025,     0.02576048385
          0,           0,         398,       -2.86758578,      -1.486843152,     -0.5117108834,        1.56070621,      -5.859023329,       2884.257161,     0.01909082297,       1.091979927,                 0,                 0,                 0,    -0.00308163436,     -0.1708195339,       1.078705385,                 0,       57.19920658,     0.02576048385
          0,           0,         399,      -4.464673117,      -2.085260126,      -1.740556991,       1.148791501,      -5.859080972,       2884.257161,     0.01908390511,       1.091964122,                 0,                 0,                 0,   -0.003095900774,     -0.1708236021,       1.078688618,                 0,       57.21911292,     0.02576048385
          0,           0,         400,      -4.556548714,       -2.11465276,       -1.81789825,       1.060336149,      -5.859138663,       2884.257161,     0.01907816733,       1.092009789,                 0,                 0,                 0,   -0.003064614659,     -0.1708371827,       1.078732595,                 0,       57.23871533,     0.02576048385
          0,           0,         401,      -4.564332563,      -2.140464497,      -1.888824201,       1.004942679,      -5.859196421,       2884.257161,     0.01907402305,       1.092100033,                 0,                 0,                 0,   -0.003000200205,     -0.1708569348,       1.078820749,                 0,       57.25588304,     0.02576048385
          0,           0,         402,      -4.543038847,      -2.164723914,      -1.948219295,       0.993873573,      -5.859254252,       2884.257161,     0.01907050507,       1.092215859,                 0,                 0,                 0,   -0.002916812554,     -0.1708805123,       1.078934205,                 0,       57.27251877,     0.02576048385
          0,           0,         403,      -4.551780034,      -2.168739538,       -1.98876697,      0.9660495514,      -5.859312146,       2884.257161,     0.01906749364,       1.092342286,                 0,                 0,                 0,   -0.002825531829,     -0.1709054318,       1.079058188,                 0,       57.28819458,     0.02576048385
          0,           0,         404,      -4.565165773,      -2.155890225,      -1.886423388,       1.067622619,      -5.859357354,       2884.257161,     0.01908408267,       1.092551114,                 0,                 0,                 0,   -0.002672543436,     -0.1709253573,       1.079266723,                 0,       57.24933876,     0.02576048385
          0,           0,         405,      -4.488612846,      -2.151969037,      -1.838873769,      0.9210563853,      -5.859486245,       2884.257161,     0.01909297251,       1.092654806,                 0,                 0,                 0,   -0.002596506802,     -0.1709346085,       1.079370384,                 0,       57.22811392,     0.02576048385
          0,           0,         406,      -4.644926999,      -2.124768315,      -2.025268755,      0.8608088796,      -5.859544174,       2884.257161,     0.01910215596,       1.092739571,                 0,                 0,                 0,   -0.002534411785,     -0.1709402838,       1.079455456,                 0,       57.20503867,     0.02576048385
          0,           0,         407,      -4.621572911,      -2.123004631,      -2.051493899,       0.907686199,      -5.859602108,       2884.257161,     0.01911062944,       1.092804204,                 0,                 0,                 0,   -0.002487277508,     -0.1709431626,       1.079520579,                 0,       57.18305655,     0.02576048385
          0,           0,         408,      -4.602506655,       -2.14773739,      -2.013721788,      0.9071448384,      -5.859660043,       2884.257161,     0.01911721226,       1.092849786,                 0,                 0,                 0,    -0.00245446009,      -0.170944595,       1.079566612,                 0,       57.16575051,     0.02576048385
          0,           0,         409,      -4.634819916,      -2.157380153,      -2.003222581,      0.8823083172,      -5.859717974,       2884.257161,     0.01912097598,       1.092878499,                 0,                 0,                 0,   -0.002434468807,     -0.1709458744,       1.079595542,                 0,       57.15599978,     0.02576048385
          0,           0,         410,      -4.684196466,      -2.151595707,      -2.032544026,      0.8291350511,      -5.859775898,       2884.257161,     0.01912136324,       1.092893086,                 0,                 0,                 0,   -0.002425349566,     -0.1709480259,       1.079609974,                 0,       57.15560505,     0.02576048385
          0,           0,         411,      -4.713558498,       -2.14708479,      -2.083365991,      0.7824939504,      -5.859833813,       2884.257161,     0.01911826648,       1.092896622,                 0,                 0,                 0,   -0.002424844304,     -0.1709516898,       1.079612919,                 0,       57.16504806,     0.02576048385
          0,           0,         412,        -4.7225939,      -2.149617191,      -2.135781322,      0.7659818735,       -5.85989172,       2884.257161,      0.0191121421,       1.092892264,                 0,                 0,                 0,   -0.002430562931,     -0.1709569643,       1.079607563,                 0,       57.18313824,     0.02576048385
          0,           0,         413,      -4.725282898,      -2.156438816,      -2.175564574,      0.7653998782,      -5.859949618,       2884.257161,     0.01910405579,       1.092883025,                 0,                 0,                 0,   -0.002440140846,     -0.1709633234,        1.07959706,                 0,       57.20685892,     0.02576048385
          0,           0,         414,      -4.732885866,       -2.16228665,      -2.198440396,       0.760871867,      -5.860007506,       2884.257161,     0.01909546987,       1.092871498,                 0,                 0,                 0,   -0.002451471566,     -0.1709697772,       1.079584218,                 0,       57.23197728,     0.02576048385
          0,           0,         415,       -4.74976185,      -2.163966813,      -2.211716978,      0.7442215601,      -5.860065386,       2884.257161,     0.01908759356,       1.092859788,                 0,                 0,                 0,   -0.002462843168,     -0.1709755005,       1.079571318,                 0,       57.25498003,     0.02576048385
          0,           0,         416,      -4.773997212,      -2.163465512,      -2.224957627,      0.7176534443,      -5.860123257,       2884.257161,     0.01908105341,       1.092849521,                 0,                 0,                 0,   -0.002472973722,     -0.1709801584,       1.079560071,                 0,       57.27406642,     0.02576048385
          0,           0,         417,      -4.798796567,      -2.164002992,      -2.241579565,      0.6900788315,      -5.860181119,       2884.257161,     0.01907589042,       1.092841881,                 0,                 0,                 0,   -0.002480981635,     -0.1709839164,       1.079551651,                 0,       57.28916748,      0.0257655038
          0,           0,         418,      -4.818271089,       -2.16633114,      -2.260812134,      0.6691080784,      -5.860238972,       2884.257161,     0.01907173772,        1.09283765,                 0,                 0,                 0,   -0.002486338927,     -0.1709872712,       1.079546763,                 0,       57.30141982,      0.0257655038
          0,           0,         419,      -4.832600788,      -2.169754521,      -2.281022587,       0.654511685,      -5.860296819,       2884.257161,     0.01906807563,       1.092837216,                 0,                 0,                 0,   -0.002488825516,     -0.1709908023,         1.0795457,                 0,         57.312402,      0.0257655038
          0,           0,         420,       -4.84621613,      -2.172880055,      -2.300406203,      0.6412408538,      -5.860341745,       2884.257161,     0.01906071141,        1.09284891,                 0,                 0,                 0,   -0.002484516018,     -0.1710000854,       1.079555938,                 0,       57.33515854,      0.0257655038
          0,           0,         421,      -4.884570041,      -2.178484802,      -2.339609948,      0.6043080493,      -5.860431875,       2884.257161,     0.01904616923,       1.092891489,                 0,                 0,                 0,   -0.002461666887,     -0.1710218004,       1.079595345,                 0,       57.38117077,      0.0257655038
          0,           0,         422,      -4.968623934,      -2.188533893,       -2.40841851,      0.5223474148,      -5.860612139,       2884.257161,     0.01903417934,       1.092977791,                 0,                 0,                 0,   -0.002412816994,     -0.1710485943,       1.079678253,                 0,          57.42185,      0.0275376071
          0,           0,         423,       -5.10200758,       -2.20367173,      -2.486610363,      0.3906964353,      -5.860974023,       2884.257161,     0.01904269943,       1.093102346,                 0,                 0,                 0,   -0.002346082105,     -0.1710618323,       1.079802395,                 0,       57.40269913,      0.0275376071
          0,           0,         424,      -5.086729757,      -2.213265242,      -2.068795637,      0.8298446139,      -5.861705785,       2884.257161,     0.01905207744,       1.093420173,                 0,                 0,                 0,   -0.002161763462,     -0.1711077869,       1.080117022,                 0,       57.39112581,     0.02768970554
          0,           0,         425,      -4.997285505,      -2.164735953,      -2.180134761,      0.6204519364,      -5.863185741,       2884.257161,     0.01904314045,       1.093556718,                 0,                 0,                 0,   -0.002164319823,     -0.1711402988,        1.08024994,                 0,       57.42522985,     0.02761369195
          0,           0,         426,      -4.644305566,       -2.16304687,      -1.767855846,       1.011595234,      -5.866230658,       2884.257161,     0.01902990927,       1.093976866,                 0,                 0,                 0,   -0.002061364018,      -0.171226287,       1.080661408,                 0,       57.48723498,     0.02768969366
          0,           0,         427,      -4.467502013,      -2.040696264,      -1.973788755,      0.9484932908,      -5.872689964,       2884.257161,     0.01904530957,       1.094645345,                 0,                 0,                 0,   -0.001976101403,     -0.1713272008,       1.081322406,                 0,        57.4758494,     0.02768969366
          0,           0,         428,      -4.746828714,      -2.064238156,      -2.044780294,      0.7690239546,      -5.887101535,       2884.257161,     0.01880702112,       1.095253085,                 0,                 0,                 0,   -0.002248234057,     -0.1716674022,       1.081879535,                 0,       58.23639366,     0.02776574288
          0,           0,         429,      -4.515148836,      -1.929807194,      -1.785026353,       1.091067273,       -5.92541707,       2884.257161,     0.01879951815,       1.095193024,                 0,                 0,                 0,   -0.002370808757,     -0.1716643617,       1.081819084,                 0,       58.25644125,     0.02776574288
          0,           0,         430,      -4.525389344,      -1.869589709,      -1.680041286,       1.233482754,       -5.92833949,       2884.257161,     0.01868257633,       1.095071057,                 0,                 0,                 0,   -0.002601223573,     -0.1717583474,       1.081678662,                 0,        58.6145635,     0.02768969366
          0,           0,         431,      -4.309343226,      -1.799952883,      -1.656729181,       1.259940929,      -5.934421349,       2884.257161,     0.01860572593,       1.095382596,                 0,                 0,                 0,   -0.002604740658,     -0.1718881285,       1.081972123,                 0,       58.87341349,     0.02768969366
          0,           0,         432,      -4.420989974,      -1.795905099,      -1.710005083,       1.173764517,      -5.947965057,       2884.257161,     0.01851152493,       1.095723217,                 0,                 0,                 0,   -0.002692861399,     -0.1720400465,       1.082291212,                 0,       59.19140756,     0.02723381398
          0,           0,         433,      -4.451628063,      -1.932523351,      -1.727860336,       1.198706423,      -5.977782576,       2884.257161,     0.01813984911,       1.096008408,                 0,                 0,                 0,   -0.003026794944,     -0.1724555987,       1.082507529,                 0,       60.41992968,     0.02708172742
          0,           0,         434,      -4.695276167,      -1.931978671,      -1.961838111,      0.8398266874,      -6.035717658,       2884.257161,     0.01813146456,       1.096128234,                 0,                 0,                 0,   -0.003009124352,     -0.1724846635,       1.082624079,                 0,       60.45447849,     0.02708172742
          0,           0,         435,      -4.667724751,      -2.046816955,      -2.073888302,      0.7770731457,      -6.041455424,       2884.257161,     0.01806774778,       1.096307812,                 0,                 0,                 0,   -0.003005630274,     -0.1725785956,       1.082789864,                 0,       60.67761326,     0.02708172742
          0,           0,         436,      -4.851383733,      -2.107728779,      -2.136449381,      0.5951221689,        -6.0526951,       2884.257161,     0.01790865485,       1.096581194,                 0,                 0,                 0,   -0.003106891084,     -0.1727827438,       1.083031467,                 0,       61.23191289,     0.02692964086
          0,           0,         437,      -4.737848776,      -2.129476725,      -2.074296685,      0.7879937972,      -6.073851489,       2884.257161,     0.01772346049,       1.096982395,                 0,                 0,                 0,   -0.003299230573,     -0.1730347925,       1.083394414,                 0,        61.8943685,     0.02692964086
          0,           0,         438,      -4.748458927,       -2.15155189,      -2.167075081,      0.6679575373,      -6.115045074,       2884.257161,     0.01771461684,       1.097075773,                 0,                 0,                 0,   -0.003287938185,     -0.1730597168,       1.083484838,                 0,       61.93053922,     0.02692964086
          0,           0,         439,      -4.843664733,      -2.221316177,      -2.311670222,      0.6693338386,      -6.118999721,       2884.257161,      0.0176907058,       1.097198934,                 0,                 0,                 0,   -0.003279237361,     -0.1731046512,       1.083601976,                 0,       62.02120744,     0.02692964086
          0,           0,         440,      -4.837968043,      -2.276139122,      -2.202070868,      0.6393175147,      -6.126580322,       2884.257161,     0.01757465162,       1.097507928,                 0,                 0,                 0,   -0.003232964162,     -0.1732725985,       1.083886123,                 0,       62.44834616,     0.02692462091
          0,           0,         441,      -4.965007866,      -2.329786163,      -2.201668062,       0.533830786,      -6.142705469,       2884.257161,     0.01756019561,       1.097534384,                 0,                 0,                 0,   -0.003237187803,     -0.1732914289,       1.083909667,                 0,       62.50126185,     0.02692462091
          0,           0,         442,      -5.053987733,      -2.343964609,      -2.328118127,      0.4881147705,      -6.144326484,       2884.257161,     0.01755609619,       1.097537987,                 0,                 0,                 0,   -0.003237343419,     -0.1732960918,       1.083912503,                 0,        62.5160614,     0.02692462091
          0,           0,         443,      -5.119415157,      -2.344615507,      -2.369585472,      0.4277123461,      -6.144491281,       2884.257161,      0.0175528254,        1.09754017,                 0,                 0,                 0,   -0.003237045672,     -0.1732996918,       1.083914085,                 0,       62.52783495,     0.02692462091
          0,           0,         444,      -5.165664695,      -2.347347557,      -2.406363423,      0.3495877265,      -6.144557604,       2884.257161,      0.0175501013,       1.097542558,                 0,                 0,                 0,   -0.003236536282,     -0.1733027892,       1.083915963,                 0,        62.5376765,     0.02692462091
          0,           0,         445,      -5.190079762,      -2.356680643,      -2.448543033,      0.2551138975,      -6.144624614,       2884.257161,     0.01754820511,       1.097545191,                 0,                 0,                 0,   -0.003235742664,     -0.1733051138,       1.083918227,                 0,       62.54458413,     0.02692462091
          0,           0,         446,      -5.137397877,      -2.345872896,      -2.443343737,      0.3931650239,       -6.14469091,       2884.257161,      0.0175482157,       1.097548382,                 0,                 0,                 0,   -0.003234285337,     -0.1733056575,       1.083921371,                 0,       62.54472822,     0.02692462091
          0,           0,         447,      -5.156094854,      -2.351827156,      -2.480094811,      0.3376323393,      -6.144755559,       2884.257161,     0.01755078238,       1.097552085,                 0,                 0,                 0,   -0.003232105367,     -0.1733037729,       1.083925464,                 0,       62.53579248,     0.02692462091
          0,           0,         448,      -5.099871463,      -2.333667738,      -2.507674474,      0.3934875929,      -6.144818088,       2884.257161,     0.01756671057,        1.09755713,                 0,                 0,                 0,   -0.003227173867,     -0.1732889628,       1.083933198,                 0,       62.47937689,     0.02692462091
          0,           0,         449,      -5.057258122,      -2.344322432,      -2.523684684,      0.4658539039,      -6.144878416,       2884.257161,     0.01760668281,       1.097564186,                 0,                 0,                 0,   -0.003217597931,      -0.173250823,       1.083947088,                 0,       62.33793144,     0.02692462091
          0,           0,         450,      -5.045085532,      -2.362767931,      -2.534641213,      0.4631845415,       -6.14493676,       2884.257161,     0.01764418246,       1.097576512,                 0,                 0,                 0,   -0.003204416042,     -0.1732160335,       1.083965739,                 0,       62.20614158,     0.02692462091
          0,           0,         451,      -5.180893493,      -2.367346529,       -2.53488644,      0.2829881738,      -6.144993506,       2884.257161,      0.0176371747,        1.09757867,                 0,                 0,                 0,   -0.003204498831,     -0.1732233095,       1.083966647,                 0,       62.23098024,     0.02692462091
          0,           0,         452,      -5.272942602,      -2.377012673,      -2.541676616,      0.1893151093,      -6.145049124,       2884.257161,     0.01762763763,       1.097581088,                 0,                 0,                 0,   -0.003204673835,     -0.1732331216,       1.083967372,                 0,       62.26478619,     0.02692462091
          0,           0,         453,      -5.326950829,      -2.388359695,      -2.552844419,      0.1528967316,      -6.145104081,       2884.257161,       0.017616847,       1.097583479,                 0,                 0,                 0,   -0.003204984499,     -0.1732441634,       1.083967853,                 0,       62.30306018,     0.02692462091
          0,           0,         454,      -5.310600168,      -2.394544702,      -2.563852882,      0.1730999028,       -6.14515877,       2884.257161,     0.01760670617,       1.097585533,                 0,                 0,                 0,    -0.00320541178,     -0.1732545069,       1.083968115,                 0,       62.33906117,     0.02692462091
          0,           0,         455,      -5.300289656,      -2.391191818,      -2.568225307,      0.1854961265,      -6.145213496,       2884.257161,     0.01759839596,       1.097587063,                 0,                 0,                 0,   -0.003205942711,     -0.1732629565,       1.083968178,                 0,       62.36858548,     0.02692462091
          0,           0,         456,      -5.344873012,      -2.389575484,      -2.565683579,      0.1344394504,      -6.145268472,       2884.257161,     0.01759210355,       1.097588002,                 0,                 0,                 0,   -0.003206605661,     -0.1732693164,       1.083968011,                 0,       62.39094709,     0.02692462091
          0,           0,         457,       -5.38398052,      -2.392565097,      -2.558104112,     0.08531660204,      -6.145323804,       2884.257161,     0.01758724489,       1.097588334,                 0,                 0,                 0,   -0.003207494888,     -0.1732741589,       1.083967494,                 0,       62.40820213,     0.02692462091
          0,           0,         458,      -5.387430274,      -2.396175257,      -2.548124498,      0.1049782283,      -6.145379517,       2884.257161,     0.01758300638,        1.09758801,                 0,                 0,                 0,   -0.003208758722,     -0.1732782768,       1.083966439,                 0,       62.42322767,     0.02692462091
          0,           0,         459,        -5.3947917,      -2.398465073,      -2.541706884,      0.1115510459,      -6.145435583,       2884.257161,     0.01757877536,       1.097586895,                 0,                 0,                 0,   -0.003210585401,     -0.1732822498,       1.083964606,                 0,       62.43818879,     0.02692462091
          0,           0,         460,      -5.413227175,      -2.398649703,      -2.542071648,     0.07810882467,      -6.145491933,       2884.257161,     0.01757436951,       1.097584811,                 0,                 0,                 0,   -0.003213136496,      -0.173286227,       1.083961789,                 0,       62.45372335,     0.02692462091
          0,           0,         461,      -5.420259795,      -2.398603507,      -2.546931469,     0.03799456904,      -6.145548493,       2884.257161,      0.0175700149,       1.097581625,                 0,                 0,                 0,   -0.003216490206,     -0.1732899622,       1.083957895,                 0,       62.46902075,     0.02692462091
          0,           0,         462,      -5.408700289,      -2.400693424,      -2.553176102,     0.01632106914,      -6.145605183,       2884.257161,     0.01756608997,       1.097577311,                 0,                 0,                 0,   -0.003220622586,     -0.1732930784,       1.083952965,                 0,       62.48273311,     0.02692462091
          0,           0,         463,      -5.394510682,      -2.404951602,       -2.56034375,    0.001149570177,      -6.145661925,       2884.257161,     0.01756281447,       1.097571997,                 0,                 0,                 0,   -0.003225418002,     -0.1732953812,       1.083947163,                 0,       62.49408367,     0.02692462091
          0,           0,         464,      -5.390639053,      -2.409885498,      -2.566949419,    -0.01302502347,       -6.14571866,       2884.257161,     0.01756009911,       1.097565949,                 0,                 0,                 0,   -0.003230695187,     -0.1732970052,       1.083940735,                 0,       62.50340289,     0.02692462091
          0,           0,         465,      -5.400504295,      -2.413356373,      -2.571362697,    -0.02097722338,      -6.145770267,       2884.257161,     0.01755539418,        1.09755468,                 0,                 0,                 0,   -0.003240622015,     -0.1732996819,       1.083928821,                 0,       62.51951221,     0.02692462091
          0,           0,         466,       -5.43730727,        -2.4160798,      -2.570279765,    -0.02107523074,      -6.145873191,       2884.257161,     0.01754526083,       1.097543472,                 0,                 0,                 0,   -0.003252459656,      -0.173307715,       1.083916023,                 0,       62.55498181,     0.02692462091
          0,           0,         467,      -5.461868773,      -2.423747339,      -2.544482576,     0.07901885506,      -6.146078112,       2884.257161,     0.01753880907,       1.097546343,                 0,                 0,                 0,   -0.003256125101,     -0.1733145672,        1.08391773,                 0,       62.57815674,     0.02692462091
          0,           0,         468,      -5.359902679,      -2.439803553,      -2.501618039,      0.1904784908,      -6.146489186,       2884.257161,     0.01754858024,       1.097573072,                 0,                 0,                 0,   -0.003244960761,      -0.173309586,        1.08394575,                 0,       62.54483594,     0.02692462091
          0,           0,         469,      -5.138925056,      -2.446655254,      -2.286837112,      0.4619436747,      -6.147318138,       2884.257161,     0.01752763159,       1.097572144,                 0,                 0,                 0,    -0.00326633814,     -0.1733300553,       1.083941199,                 0,       62.61953526,     0.02738552054
          0,           0,         470,      -4.740682201,      -2.340242889,      -1.917810279,      0.9457496554,      -6.148973745,       2884.257161,     0.01743633693,        1.09723613,                 0,                 0,                 0,   -0.003562092967,     -0.1733616146,       1.083594436,                 0,       62.92813303,     0.02738050059
          0,           0,         471,      -4.386336512,      -2.164685474,      -1.589420255,       1.098399119,      -6.152852196,       2884.257161,     0.01747867697,       1.097370846,                 0,                 0,                 0,   -0.003461324956,     -0.1733433111,       1.083734458,                 0,       62.78340449,     0.02753258715
          0,           0,         472,      -4.370424445,      -2.069503129,      -1.591768872,       1.283768628,       -6.15323759,       2884.257161,     0.01748486016,       1.097389749,                 0,                 0,                 0,   -0.003447226201,     -0.1733405042,       1.083754147,                 0,       62.76228342,     0.02753258715
          0,           0,         473,      -4.469729191,      -2.126484818,      -1.706583225,       1.098201469,      -6.153293321,       2884.257161,     0.01749223101,       1.097414248,                 0,                 0,                 0,   -0.003428852865,     -0.1733374996,       1.083779554,                 0,       62.73723733,     0.02753258715
          0,           0,         474,      -4.554263251,      -2.100746347,      -1.828662015,      0.9375774876,      -6.153350911,       2884.257161,     0.01751360937,       1.097450501,                 0,                 0,                 0,   -0.003399987529,     -0.1733227413,       1.083818968,                 0,       62.66272577,     0.02753258715
          0,           0,         475,      -4.442978304,      -2.118203716,      -1.782472983,       1.029955774,      -6.153409713,       2884.257161,     0.01752101731,       1.097490223,                 0,                 0,                 0,   -0.003370391226,     -0.1733223435,       1.083859373,                 0,       62.63849886,     0.02753258715
          0,           0,         476,      -4.414274722,      -2.150018333,      -1.878554639,      0.9798306273,      -6.153469012,       2884.257161,     0.01752707528,       1.097533941,                 0,                 0,                 0,   -0.003338027552,     -0.1733239691,       1.083903479,                 0,       62.61934311,     0.02753258715
          0,           0,         477,      -4.474118876,      -2.094460096,      -1.971599976,      0.9752311414,      -6.153528174,       2884.257161,     0.01756050164,       1.097582202,                 0,                 0,                 0,   -0.003298749711,      -0.173299431,       1.083956811,                 0,       62.50289567,     0.02753258715
          0,           0,         478,      -4.537020053,      -2.055159492,      -2.027578703,          1.002636,      -6.153586809,       2884.257161,      0.0176058336,        1.09765599,                 0,                 0,                 0,   -0.003239068571,     -0.1732676009,        1.08403735,                 0,       62.34615269,     0.02753258715
          0,           0,         479,      -4.596461596,      -2.089172805,      -2.072486756,      0.9898974251,      -6.153644676,       2884.257161,     0.01763759006,       1.097748403,                 0,                 0,                 0,   -0.003167396502,     -0.1732523742,       1.084133873,                 0,       62.23913805,     0.02753258715
          0,           0,         480,      -4.648009252,      -2.213749078,      -2.121745435,      0.9939089664,      -6.153701708,       2884.257161,     0.01766079815,        1.09785683,                 0,                 0,                 0,   -0.003085001727,     -0.1732483469,       1.084244683,                 0,       62.16348892,     0.02753258715
          0,           0,         481,      -4.667072288,      -2.210302148,      -2.168855169,       1.010213575,      -6.153758002,       2884.257161,     0.01768136993,       1.097965093,                 0,                 0,                 0,   -0.003003059076,     -0.1732468874,       1.084354874,                 0,       62.09728647,     0.02753258715
          0,           0,         482,      -4.707850089,      -2.230511949,      -2.207123033,      0.7583957079,      -6.153813642,       2884.257161,     0.01771257064,       1.098012946,                 0,                 0,                 0,   -0.002964333538,     -0.1732244703,       1.084407418,                 0,       61.99060364,     0.02753258715
          0,           0,         483,      -4.715673486,      -2.255329801,      -2.249328143,      0.7446010947,      -6.153868801,       2884.257161,     0.01771480059,       1.097988993,                 0,                 0,                 0,   -0.002982395026,     -0.1732181148,       1.084384216,                 0,       61.98144807,     0.02753258715
          0,           0,         484,      -4.724876793,      -2.282047016,      -2.285567391,      0.7303984543,      -6.153923626,       2884.257161,     0.01771232043,       1.097959447,                 0,                 0,                 0,   -0.003005179087,     -0.1732154267,       1.084354688,                 0,       61.98845891,     0.02753258715
          0,           0,         485,      -4.740860827,      -2.306595443,      -2.305635711,      0.7059377424,      -6.153978254,       2884.257161,     0.01770403619,        1.09792724,                 0,                 0,                 0,   -0.003030662161,     -0.1732179923,       1.084321532,                 0,       62.01564591,     0.02753258715
          0,           0,         486,      -4.765720733,      -2.326462194,      -2.316902168,      0.6732589309,      -6.154032803,       2884.257161,     0.01769132062,        1.09789437,                 0,                 0,                 0,   -0.003057188485,     -0.1732248069,       1.084286953,                 0,       62.05836148,     0.02753258715
          0,           0,         487,       -4.79565749,      -2.341252368,      -2.327552128,      0.6379883013,      -6.154087363,       2884.257161,     0.01767580371,       1.097862303,                 0,                 0,                 0,   -0.003083464506,     -0.1732345197,       1.084252679,                 0,       62.11102596,     0.02753258715
          0,           0,         488,      -4.826018566,      -2.352011981,      -2.344223941,      0.6071465638,      -6.154141988,       2884.257161,      0.0176581268,       1.097832283,                 0,                 0,                 0,   -0.003108489522,     -0.1732467151,       1.084220045,                 0,       62.17150297,     0.02753258715
          0,           0,         489,      -4.853104623,      -2.360060575,      -2.367949079,      0.5854724318,      -6.154196692,       2884.257161,      0.0176389687,       1.097805281,                 0,                 0,                 0,   -0.003131460041,     -0.1732608933,       1.084190127,                 0,       62.23749811,     0.02753258715
          0,           0,         490,      -4.875475027,      -2.366331037,       -2.39665122,      0.5730564476,      -6.154251469,       2884.257161,     0.01761906896,       1.097781955,                 0,                 0,                 0,   -0.003151797097,     -0.1732764402,       1.084163699,                 0,       62.30646791,     0.02753258715
          0,           0,         491,      -4.893926601,      -2.371502414,      -2.426105566,        0.56620458,      -6.154306311,       2884.257161,     0.01759912643,       1.097762598,                 0,                 0,                 0,   -0.003169195915,     -0.1732927184,       1.084141173,                 0,       62.37597087,     0.02753258715
          0,           0,         492,      -4.910182663,      -2.376029669,       -2.45178498,      0.5605714431,      -6.154361214,       2884.257161,     0.01757975503,       1.097747237,                 0,                 0,                 0,   -0.003183560262,     -0.1733091282,       1.084122682,                 0,       62.44383016,     0.02753258715
          0,           0,         493,      -4.926048779,      -2.380196187,      -2.471110097,      0.5532481391,      -6.154416142,       2884.257161,     0.01756145897,       1.097735743,                 0,                 0,                 0,   -0.003194923494,     -0.1733251504,       1.084108186,                 0,       62.50823154,     0.02753258715
          0,           0,         494,      -4.942337481,       -2.38418886,      -2.483542383,      0.5431318081,      -6.154471075,       2884.257161,     0.01754462187,       1.097727876,                 0,                 0,                 0,    -0.00320341663,     -0.1733403656,       1.084097514,                 0,       62.56777057,     0.02753258715
          0,           0,         495,      -4.958996387,      -2.388119273,      -2.490705931,      0.5304788042,      -6.154525995,       2884.257161,     0.01752950738,       1.097723314,                 0,                 0,                 0,   -0.003209245073,     -0.1733544583,       1.084090397,                 0,       62.62145823,     0.02753258715
          0,           0,         496,      -4.897150049,      -2.390113748,      -2.414350644,      0.5280338879,      -6.154580889,       2884.257161,      0.0175162691,       1.097721682,                 0,                 0,                 0,   -0.003212669139,      -0.173367212,       1.084086491,                 0,       62.66869248,     0.02753258715
          0,           0,         497,      -4.935541189,      -2.389502697,      -2.431914589,      0.5065245303,      -6.154635746,       2884.257161,     0.01750496179,       1.097722567,                 0,                 0,                 0,   -0.003213988044,     -0.1733785012,       1.084085399,                 0,       62.70922381,     0.02753258715
          0,           0,         498,      -4.951014707,        -2.3876723,      -2.438474182,      0.4883315473,       -6.15469057,       2884.257161,     0.01749556398,       1.097725543,                 0,                 0,                 0,   -0.003213521692,      -0.173388273,       1.084086698,                 0,       62.74307842,     0.02753258715
          0,           0,         499,      -4.976523927,       -2.38960292,      -2.447808988,      0.4738818516,      -6.154739085,       2884.257161,      0.0174834653,       1.097735596,                 0,                 0,                 0,   -0.003208721088,     -0.1734019336,       1.084094497,                 0,       62.78707205,     0.02753258715
          0,           0,         500,      -5.013099934,      -2.398676371,      -2.467690489,      0.4491010198,      -6.154855028,       2884.257161,      0.0174788273,       1.097741991,                 0,                 0,                 0,   -0.003205134634,     -0.1734076117,        1.08409999,                 0,       62.80409848,     0.02753258715
          0,           0,         501,      -5.025698879,      -2.402981222,      -2.477414761,      0.4406468944,      -6.154909626,       2884.257161,      0.0174755577,       1.097748944,                 0,                 0,                 0,   -0.003200967885,      -0.173412039,        1.08410627,                 0,       62.81624671,     0.02753258715
          0,           0,         502,      -5.035825313,      -2.406999018,      -2.487649343,      0.4331909137,      -6.154964226,       2884.257161,     0.01747346523,       1.097756111,                 0,                 0,                 0,   -0.003196499436,     -0.1734153441,       1.084112964,                 0,       62.82417919,     0.02753258715
          0,           0,         503,      -5.044309962,      -2.410109851,      -2.497702866,       0.426339163,      -6.155018825,       2884.257161,     0.01747235897,       1.097763188,                 0,                 0,                 0,   -0.003191976754,     -0.1734176626,       1.084119742,                 0,       62.82856197,     0.02753258715
          0,           0,         504,      -5.049236463,      -2.412038778,      -2.507383026,       0.422364333,      -6.155073429,       2884.257161,     0.01747206247,       1.097769905,                 0,                 0,                 0,   -0.003187624017,     -0.1734191209,       1.084126305,                 0,        62.8300126,     0.02738050059
          0,           0,         505,      -5.060784229,      -2.415527693,       -2.51776374,       0.413667734,      -6.155128038,       2884.257161,     0.01747240255,       1.097776035,                 0,                 0,                 0,   -0.003183628917,     -0.1734198505,       1.084132401,                 0,       62.82914053,     0.02738050059
          0,           0,         506,      -5.071608073,      -2.418637325,      -2.526855378,      0.4060119301,      -6.155182648,       2884.257161,     0.01747321562,       1.097781397,                 0,                 0,                 0,   -0.003180146797,     -0.1734199808,       1.084137823,                 0,        62.8265238,     0.02738050059
          0,           0,         507,      -5.078235511,      -2.418638123,      -2.529508048,      0.4100591071,      -6.155237255,       2884.257161,     0.01747440132,       1.097785687,                 0,                 0,                 0,    -0.00317741409,     -0.1734195581,       1.084142254,                 0,        62.8225063,     0.02738050059
          0,           0,         508,       -5.08917287,      -2.421524791,      -2.538376904,        0.39783164,      -6.155291853,       2884.257161,     0.01747582241,       1.097788791,                 0,                 0,                 0,   -0.003175532253,     -0.1734186976,       1.084145557,                 0,       62.81757537,     0.02738050059
          0,           0,         509,      -5.095845753,      -2.422273327,      -2.542629342,      0.3948355583,      -6.155340026,       2884.257161,     0.01747910792,       1.097788224,                 0,                 0,                 0,   -0.003176728781,     -0.1734153635,       1.084145569,                 0,       62.80573521,     0.02738050059
          0,           0,         510,      -5.106891323,      -2.428885992,      -2.547863659,      0.3761333566,      -6.155436468,       2884.257161,     0.01748212919,       1.097773987,                 0,                 0,                 0,   -0.003189282485,      -0.173409916,       1.084132074,                 0,       62.79406674,     0.02738050059
          0,           0,         511,       -5.10494513,      -2.440968474,      -2.539102612,      0.3450675138,       -6.15562871,       2884.257161,     0.01747909294,       1.097742965,                 0,                 0,                 0,   -0.003217447889,     -0.1734075191,       1.084100995,                 0,       62.80319972,     0.02738050059
          0,           0,         512,      -5.147277424,       -2.45135691,      -2.541789285,      0.3089247142,      -6.156013618,       2884.257161,     0.01748442484,       1.097721195,                 0,                 0,                 0,   -0.003242422925,      -0.173398488,       1.084080482,                 0,       62.78280273,     0.02738050059
          0,           0,         513,      -4.987695119,      -2.457183974,      -2.307675146,      0.4900512581,      -6.156792895,       2884.257161,     0.01749492737,       1.097662007,                 0,                 0,                 0,   -0.003303426137,     -0.1733778672,       1.084024017,                 0,       62.74172989,     0.02738552054
          0,           0,         514,      -4.494653226,      -2.369461881,      -1.640991799,       1.132393564,       -6.15871512,       2884.257161,     0.01752713887,       1.097685661,                 0,                 0,                 0,   -0.003283778716,     -0.1733502524,       1.084052905,                 0,       62.62777224,     0.02738552054
          0,           0,         515,      -4.357789296,      -2.185101042,      -1.552951304,       1.329535147,      -6.158901208,       2884.257161,     0.01753699461,       1.097696868,                 0,                 0,                 0,   -0.003274851882,     -0.1733424926,       1.084065654,                 0,       62.59321469,     0.02738552054
          0,           0,         516,      -4.362855662,      -2.226870097,      -1.614033638,       1.149144864,       -6.15895454,       2884.257161,     0.01755031541,        1.09771288,                 0,                 0,                 0,   -0.003261934307,     -0.1733321545,       1.084083735,                 0,       62.54661835,     0.02738050059
          0,           0,         517,      -4.465049151,      -2.174076871,      -1.738174303,      0.9431462938,      -6.159009146,       2884.257161,     0.01756523648,       1.097733258,                 0,                 0,                 0,   -0.003245591788,     -0.1733209988,       1.084106395,                 0,       62.49464728,     0.02738050059
          0,           0,         518,      -4.466684169,      -2.152324954,       -1.79537445,       1.032665039,      -6.159064683,       2884.257161,     0.01759114578,       1.097756561,                 0,                 0,                 0,   -0.003225666753,     -0.1732995296,       1.084133843,                 0,        62.4039261,     0.02738050059
          0,           0,         519,      -4.468949112,      -2.157337503,      -1.864328835,       1.008200322,      -6.159120758,       2884.257161,     0.01763528719,       1.097788711,                 0,                 0,                 0,   -0.003196840955,     -0.1732616416,       1.084173169,                 0,       62.24955112,     0.02738050059
          0,           0,         520,      -4.504378591,      -2.185303304,      -1.913847528,      0.9735341192,      -6.159177004,       2884.257161,     0.01766987908,       1.097835385,                 0,                 0,                 0,   -0.003158537784,       -0.17323568,       1.084225141,                 0,       62.13032811,     0.02738050059
          0,           0,         521,      -4.532600434,      -2.220705812,      -1.957737279,      0.9470294538,       -6.15923314,       2884.257161,     0.01769772218,       1.097897205,                 0,                 0,                 0,   -0.003109930459,     -0.1732189949,       1.084290857,                 0,       62.03607414,     0.02738050059
          0,           0,         522,      -4.564558139,      -2.249514661,      -2.008257541,       0.860163205,      -6.159288982,       2884.257161,     0.01772365825,       1.097920778,                 0,                 0,                 0,   -0.003089820751,     -0.1731975463,       1.084318576,                 0,       61.94662314,     0.02753258715
          0,           0,         523,      -4.588220145,      -2.263466028,      -2.067631521,        0.82702115,      -6.159344452,       2884.257161,     0.01771082818,       1.097891767,                 0,                 0,                 0,   -0.003113595352,     -0.1732051437,       1.084287777,                 0,       61.98986042,     0.02753258715
          0,           0,         524,      -4.614393052,       -2.27448079,      -2.131604345,      0.8039792073,      -6.159399524,       2884.257161,     0.01769616785,         1.0978559,                 0,                 0,                 0,   -0.003142667076,     -0.1732133531,        1.08424991,                 0,       62.03918892,     0.02753258715
          0,           0,         525,      -4.644285389,      -2.280607438,      -2.188753776,      0.7811725821,      -6.159454225,       2884.257161,      0.0176790905,        1.09781458,                 0,                 0,                 0,   -0.003176074787,     -0.1732229958,       1.084206251,                 0,       62.09677922,     0.02753258715
          0,           0,         526,       -4.67939822,       -2.28518418,       -2.23049206,      0.7530553276,      -6.159508616,       2884.257161,     0.01765944064,       1.097769502,                 0,                 0,                 0,    -0.00321258297,     -0.1732345195,       1.084158447,                 0,       62.16332242,     0.02753258715
          0,           0,         527,      -4.719820274,       -2.29181725,      -2.258214548,      0.7202608239,      -6.159562775,       2884.257161,     0.01763752763,       1.097722629,                 0,                 0,                 0,   -0.003250701283,     -0.1732479601,        1.08410848,                 0,       62.23789704,     0.02753258715
          0,           0,         528,      -4.759750388,      -2.301453394,      -2.278507354,      0.6870657483,      -6.159610098,       2884.257161,      0.0175927397,       1.097640527,                 0,                 0,                 0,   -0.003318406636,     -0.1732778107,       1.084019848,                 0,       62.39167664,     0.02753258715
          0,           0,         529,      -4.818153437,       -2.33025662,      -2.320786462,      0.6357266347,      -6.159704878,       2884.257161,     0.01753349996,       1.097553876,                 0,                 0,                 0,   -0.003392416677,     -0.1733211038,       1.083924227,                 0,       62.59753492,     0.02753258715
          0,           0,         530,      -4.880619784,      -2.385469843,      -2.408044102,      0.5719530719,      -6.159894877,       2884.257161,     0.01746584284,       1.097563001,                 0,                 0,                 0,   -0.003398840762,     -0.1733893176,       1.083921465,                 0,       62.84054033,     0.02738050059
          0,           0,         531,      -4.995643591,      -2.443354759,      -2.519278792,      0.4484602385,      -6.160274335,       2884.257161,     0.01742329336,       1.097661219,                 0,                 0,                 0,   -0.003340684633,      -0.173448276,       1.084010802,                 0,       62.99964056,     0.02738050059
          0,           0,         532,      -5.223146365,      -2.486025655,      -2.599046297,      0.2304460343,      -6.161024704,       2884.257161,      0.0174008823,       1.097737995,                 0,                 0,                 0,   -0.003305199758,     -0.1734836786,        1.08408252,                 0,       63.08519168,     0.02738050059
          0,           0,         533,       -5.40665372,      -2.509992635,      -2.611435596,      0.1014127119,      -6.162523017,       2884.257161,     0.01738764957,       1.097790688,                 0,                 0,                 0,   -0.003305294152,     -0.1735058603,       1.084132114,                 0,       63.13623262,     0.02738050059
          0,           0,         534,      -5.471657111,      -2.513344025,      -2.606568642,     0.04149809122,      -6.165561047,       2884.257161,     0.01735438202,       1.097869735,                 0,                 0,                 0,   -0.003326240173,     -0.1735523488,       1.084204184,                 0,       63.26181675,     0.02715240045
          0,           0,         535,      -5.396886777,      -2.492878062,      -2.592532962,      0.1083591828,      -6.171741147,       2884.257161,     0.01728572867,       1.098019956,                 0,                 0,                 0,   -0.003363658975,     -0.1736460448,       1.084340201,                 0,       63.52176278,     0.02715240045
          0,           0,         536,      -5.303716781,      -2.448095811,      -2.520975846,      0.2029990444,      -6.184565284,       2884.257161,     0.01717057376,        1.09836605,                 0,                 0,                 0,   -0.003375873381,     -0.1738195489,       1.084661041,                 0,       63.96792944,     0.02715240045
          0,           0,         537,      -5.130544347,      -2.378829192,       -2.37763932,      0.3710108253,      -6.213967979,       2884.257161,     0.01715831798,       1.098413307,                 0,                 0,                 0,   -0.003376485012,     -0.1738398246,       1.084705452,                 0,       64.01637437,     0.02768408006
          0,           0,         538,        -5.2512465,      -2.416114494,      -2.619670973,      0.2429563792,      -6.216335978,       2884.257161,     0.01713600334,        1.09848958,                 0,                 0,                 0,   -0.003364314957,     -0.1738750448,       1.084776691,                 0,       64.10418801,     0.02951390526
          0,           0,         539,      -5.406805029,      -2.422229501,       -2.61882719,      0.1170082508,      -6.221262468,       2884.257161,     0.01709967243,       1.098678198,                 0,                 0,                 0,   -0.003324108311,     -0.1739435769,       1.084956134,                 0,        64.2514178,      0.0297420054
          0,           0,         540,      -5.302271099,      -2.410242505,      -2.499522472,      0.2053721973,      -6.231453737,       2884.257161,     0.01705294083,       1.099164623,                 0,                 0,                 0,   -0.003201872233,     -0.1740740654,       1.085427055,                 0,       64.45601577,     0.02921032579
          0,           0,         541,      -5.114079205,      -2.363810106,      -2.362215335,      0.3884195751,      -6.255778464,       2884.257161,     0.01704899794,       1.099228911,                 0,                 0,                 0,   -0.003186276767,     -0.1740891118,       1.085489681,                 0,       64.47469314,     0.02875444611
          0,           0,         542,      -5.239672958,       -2.39472454,      -2.618169354,       0.256488105,      -6.257825703,       2884.257161,     0.01704443526,       1.099330811,                 0,                 0,                 0,   -0.003156265183,        -0.1741113,       1.085589241,                 0,       64.49793109,     0.02852634597
          0,           0,         543,      -5.361770676,      -2.403034304,      -2.592149663,      0.1546940863,        -6.2619378,       2884.257161,     0.01702937535,       1.099534117,                 0,                 0,                 0,   -0.003102832599,     -0.1741614348,       1.085786843,                 0,       64.56690831,     0.02852634597
          0,           0,         544,      -5.231007306,       -2.39147578,      -2.442335405,      0.2845502353,      -6.270402291,       2884.257161,     0.01699199209,       1.099935103,                 0,                 0,                 0,   -0.003019086792,     -0.1742678806,       1.086175246,                 0,       64.73255739,     0.02875444611
          0,           0,         545,      -5.091313013,       -2.34713539,      -2.322450984,      0.4228124881,      -6.288267715,       2884.257161,     0.01692658538,       1.100684587,                 0,                 0,                 0,   -0.002872284018,     -0.1744624402,       1.086901985,                 0,       65.02697161,     0.02875946606
          0,           0,         546,       -4.98667115,       -2.24562913,      -2.225930568,      0.5270546378,      -6.331421346,       2884.257161,     0.01692776065,       1.100798276,                 0,                 0,                 0,   -0.002840154827,     -0.1744810247,       1.087014151,                 0,       65.02917301,     0.02875946606
          0,           0,         547,      -5.067260921,      -2.328498141,      -2.422141264,      0.4471682977,      -6.335248077,       2884.257161,     0.01692423774,       1.100929876,                 0,                 0,                 0,   -0.002816892565,     -0.1745073462,       1.087143141,                 0,       65.05048518,     0.02829824583
          0,           0,         548,      -5.100903499,      -2.346620901,      -2.276546687,      0.4846578127,      -6.342850217,       2884.257161,     0.01692090604,        1.10117518,                 0,                 0,                 0,   -0.002788316388,     -0.1745532238,       1.087384139,                 0,       65.07779056,     0.02867843253
          0,           0,         549,      -4.511327383,      -2.241708903,      -1.489300176,       1.382537364,      -6.357619174,       2884.257161,     0.01701096298,       1.102942738,                 0,                 0,                 0,   -0.001943262474,     -0.1747714683,       1.089140482,                 0,       64.83717232,     0.02883023411
          0,           0,         550,      -4.601361434,      -1.930941281,      -1.806714687,       1.107128947,      -6.384085376,       2884.257161,     0.01698386345,       1.105653387,                 0,                 0,                 0,   -0.001055734709,     -0.1752688553,       1.091805244,                 0,       65.10022821,     0.03012222774
          0,           0,         551,      -4.591586157,      -1.867689374,      -1.842799335,       1.065686187,      -6.453601537,       2884.257161,     0.01700525152,       1.105158098,                 0,                 0,                 0,   -0.001547929653,     -0.1751617862,       1.091321194,                 0,       64.98922388,     0.02966634806
          0,           0,         552,      -4.397309641,        -2.0592993,      -1.778150126,       1.042024634,      -6.457270494,       2884.257161,     0.01715282353,        1.10550962,                 0,                 0,                 0,   -0.001481523915,     -0.1750774974,       1.091693002,                 0,       64.45059137,     0.02959029884
          0,           0,         553,       -4.52927109,      -2.115891668,      -1.975284566,       1.027367373,      -6.462720965,       2884.257161,     0.01706116064,       1.105972328,                 0,                 0,                 0,   -0.001478412131,      -0.175248116,       1.092132762,                 0,        64.8239795,     0.02905861923
          0,           0,         554,      -4.584379236,      -2.167926599,      -1.869357659,      0.8938503591,      -6.477991044,       2884.257161,     0.01665612819,       1.105348387,                 0,                 0,                 0,   -0.002208255154,     -0.1755386489,       1.091447968,                 0,       66.36286503,     0.02905861923
          0,           0,         555,      -4.590076047,      -2.219118193,      -1.912728916,      0.8826042071,      -6.536694648,       2884.257161,     0.01660754829,       1.105345278,                 0,                 0,                 0,   -0.002248988832,      -0.175585951,        1.09143647,                 0,        66.5568005,     0.02905861923
          0,           0,         556,      -4.558620428,      -2.214532379,      -1.813125919,       1.019730344,      -6.539344732,       2884.257161,      0.0165350737,       1.105360939,                 0,                 0,                 0,   -0.002277627915,      -0.175660044,       1.091439308,                 0,       66.84947156,     0.02905861923
          0,           0,         557,      -4.703385345,      -2.289817712,      -2.123621504,      0.6926684866,      -6.543203417,       2884.257161,     0.01644574937,       1.105364326,                 0,                 0,                 0,   -0.002337787702,     -0.1757485993,       1.091427132,                 0,        67.2127673,     0.02905861923
          0,           0,         558,      -4.414343581,      -2.281340748,      -1.830098039,      0.9478234016,      -6.551772897,       2884.257161,     0.01628249595,       1.105517133,                 0,                 0,                 0,   -0.002407364559,     -0.1759359073,        1.09154927,                 0,       67.89604841,     0.02905861923
          0,           0,         559,      -4.705640743,      -2.195320345,      -1.975684239,      0.7714017086,      -6.578789795,       2884.257161,     0.01613851948,       1.105825431,                 0,                 0,                 0,     -0.0024463274,     -0.1761312317,       1.091827882,                 0,       68.52087217,     0.02890653267
          0,           0,         560,      -4.580594442,      -2.130240236,       -1.90721888,       1.000849862,      -6.617816209,       2884.257161,     0.01613436229,       1.105980327,                 0,                 0,                 0,    -0.00236601539,     -0.1761622232,       1.091979703,                 0,       68.54812774,     0.02875444611
          0,           0,         561,      -4.850566324,      -2.206734952,      -2.123344176,      0.6668280832,      -6.621407054,       2884.257161,     0.01613403941,       1.105996049,                 0,                 0,                 0,   -0.002358069152,     -0.1761652713,        1.09199513,                 0,       68.55047399,     0.02875444611
          0,           0,         562,      -4.941285282,      -2.251448448,       -2.16604598,      0.5471838093,      -6.621773445,       2884.257161,     0.01613599617,       1.105997572,                 0,                 0,                 0,   -0.002357290311,     -0.1761636087,        1.09199697,                 0,       68.54225547,     0.02875444611
          0,           0,         563,      -4.952636936,      -2.278105737,      -2.179152523,       0.519567983,      -6.621838162,       2884.257161,     0.01613873157,       1.105999318,                 0,                 0,                 0,   -0.002356245503,      -0.176161218,       1.091999164,                 0,       68.53074621,     0.02875444611
          0,           0,         564,      -4.955559542,      -2.300214143,      -2.195057984,       0.495185065,      -6.621901427,       2884.257161,     0.01614218065,       1.106001283,                 0,                 0,                 0,    -0.00235493637,     -0.1761581627,       1.092001699,                 0,       68.51622513,     0.02875946606
          0,           0,         565,      -4.968923796,      -2.310333322,      -2.211613016,       0.473634207,      -6.621960838,       2884.257161,      0.0161461868,       1.106003169,                 0,                 0,                 0,   -0.002353595118,     -0.1761545449,       1.092004252,                 0,       68.49934187,     0.02875946606
          0,           0,         566,      -4.996074569,       -2.31241802,      -2.229351328,      0.4447044485,      -6.622015074,       2884.257161,     0.01615050831,        1.10600455,                 0,                 0,                 0,   -0.002352558224,     -0.1761505289,       1.092006362,                 0,       68.48109848,     0.02875946606
          0,           0,         567,      -5.032476879,      -2.313192315,      -2.249114102,      0.4053023187,      -6.622063745,       2884.257161,     0.01615484844,       1.106005077,                 0,                 0,                 0,   -0.002352114731,      -0.176146346,       1.092007634,                 0,       68.46273307,     0.02875946606
          0,           0,         568,      -5.070283062,      -2.316192326,      -2.271164166,       0.361357094,      -6.622107346,       2884.257161,     0.01615890154,       1.106004631,                 0,                 0,                 0,   -0.002352383661,     -0.1761422771,       1.092007899,                 0,       68.44553316,     0.02875946606
          0,           0,         569,      -5.102977371,      -2.321560863,      -2.295251938,      0.3240329507,      -6.622146985,       2884.257161,     0.01616240371,       1.106003405,                 0,                 0,                 0,   -0.002353252924,     -0.1761386153,         1.0920073,                 0,       68.43062607,     0.02875946606
          0,           0,         570,      -5.129677769,      -2.327944823,      -2.319950412,      0.3009276461,      -6.622184891,       2884.257161,      0.0161651778,       1.106001882,                 0,                 0,                 0,   -0.002354385052,     -0.1761356188,       1.092006282,                 0,       68.41878854,     0.02875946606
          0,           0,         571,      -5.153020607,      -2.333638228,      -2.343095304,      0.2871950427,      -6.622221506,       2884.257161,     0.01616716297,       1.106000751,                 0,                 0,                 0,   -0.002355278393,     -0.1761334674,       1.092005512,                 0,       68.41031741,     0.02875946606
          0,           0,         572,      -5.155698767,      -2.332494867,      -2.362673602,       0.302751177,      -6.622241021,       2884.257161,     0.01616803597,       1.106006406,                 0,                 0,                 0,   -0.002351446852,     -0.1761335898,       1.092011234,                 0,       68.40697339,     0.02875946606
          0,           0,         573,      -5.172662257,      -2.332036901,      -2.388906039,      0.3150949897,      -6.622291002,       2884.257161,     0.01615883575,       1.106040232,                 0,                 0,                 0,    -0.00232829223,      -0.176148524,       1.092042948,                 0,       68.44801502,     0.02875946606
          0,           0,         574,      -5.154818084,      -2.340496717,      -2.408902025,       0.408836585,      -6.622404653,       2884.257161,     0.01615920338,        1.10610709,                 0,                 0,                 0,   -0.002280355313,     -0.1761597716,       1.092108854,                 0,       68.45059522,     0.02875946606
          0,           0,         575,      -5.087049729,      -2.375911436,       -2.37970733,      0.4486547775,      -6.622627297,       2884.257161,     0.01620591798,       1.106146427,                 0,                 0,                 0,   -0.002249645304,     -0.1761205976,       1.092155705,                 0,       68.25570932,     0.02875444611
          0,           0,         576,      -4.924538237,      -2.355001086,      -2.174427799,      0.6431071444,      -6.623036197,       2884.257161,     0.01615170832,        1.10624114,                 0,                 0,                 0,   -0.002196973217,     -0.1761904304,       1.092239566,                 0,       68.49065859,     0.02875444611
          0,           0,         577,      -4.657930911,       -2.21490441,      -1.938012233,       1.010063384,      -6.623753361,       2884.257161,     0.01624331588,       1.106679157,                 0,                 0,                 0,   -0.001885771884,     -0.1761762755,       1.092686836,                 0,       68.13135726,     0.02921534574
          0,           0,         578,      -4.473841024,      -2.178308139,      -1.710113907,      0.9841779375,      -6.625166445,       2884.257161,     0.01617209176,       1.106315855,                 0,                 0,                 0,   -0.002228328779,     -0.1761833308,       1.092316686,                 0,       68.40895238,     0.02936241235
          0,           0,         579,      -4.176719874,      -1.978703644,      -1.684817232,       1.271488322,      -6.628659559,       2884.257161,     0.01608853153,       1.106212181,                 0,                 0,                 0,   -0.002452700036,     -0.1762476188,       1.092200077,                 0,       68.75780919,     0.02936241235
          0,           0,         580,       -4.19003624,      -2.088834301,      -1.501288812,       1.247377111,      -6.639018024,       2884.257161,      0.0160304157,       1.106541614,                 0,                 0,                 0,   -0.002404080054,     -0.1763620571,       1.092514413,                 0,       69.02763066,     0.03125076119
          0,           0,         581,      -4.247619766,      -2.102391753,         -1.587342,       1.208743271,      -6.666204977,       2884.257161,     0.01615736636,       1.108346354,                 0,                 0,                 0,   -0.001577294415,     -0.1765504249,        1.09431378,                 0,       68.59696866,     0.03140284775
          0,           0,         582,      -4.064572072,      -1.809626603,      -1.348079391,       1.413004599,      -6.753817434,       2884.257161,       0.016204608,       1.108563442,                 0,                 0,                 0,   -0.001478969061,      -0.176541598,       1.094535773,                 0,       68.41038316,     0.03140284775
          0,           0,         583,      -4.260722983,      -2.114210725,      -1.612542938,       1.159094332,      -6.763169418,       2884.257161,     0.01620733635,       1.108542631,                 0,                 0,                 0,   -0.001501004231,     -0.1765352973,       1.094515752,                 0,       68.39758286,     0.03140284775
          0,           0,         584,      -4.404282944,      -2.239230516,      -1.751480582,         0.9877831,      -6.764113069,       2884.257161,      0.0162087589,       1.108543078,                 0,                 0,                 0,   -0.001501243151,     -0.1765339739,       1.094516439,                 0,       68.39160757,     0.03140284775
          0,           0,         585,      -4.428009974,      -2.202184441,      -1.790274304,      0.9324797486,      -6.764215103,       2884.257161,     0.01620876052,       1.108541073,                 0,                 0,                 0,   -0.001503479692,     -0.1765336242,       1.094514465,                 0,       68.39147707,     0.03140284775
          0,           0,         586,      -4.458584857,      -2.164714944,      -1.836943916,      0.8919197902,      -6.764305315,       2884.257161,      0.0162075222,       1.108537842,                 0,                 0,                 0,   -0.001506776241,     -0.1765342826,       1.094511068,                 0,       68.39650309,     0.03140284775
          0,           0,         587,      -4.495424501,      -2.135346109,      -1.890228671,      0.8608448002,      -6.764375658,       2884.257161,     0.01620541033,        1.10853488,                 0,                 0,                 0,   -0.001509971146,      -0.176535848,       1.094507784,                 0,       68.40523362,     0.03140284775
          0,           0,         588,      -4.526282117,      -2.116943066,      -1.948601386,      0.8355388659,      -6.764440725,       2884.257161,     0.01620279548,       1.108533467,                 0,                 0,                 0,   -0.001512059943,     -0.1765381778,       1.094505939,                 0,       68.41618587,     0.03140284775
          0,           0,         589,      -4.552903414,      -2.110330661,       -2.00772431,      0.8129945814,      -6.764519054,       2884.257161,     0.01619988624,       1.108534278,                 0,                 0,                 0,   -0.001512509791,     -0.1765411837,       1.094506232,                 0,       68.42852237,     0.03140284775
          0,           0,         590,      -4.573063874,      -2.113360702,       -2.06289608,       0.792389515,      -6.764602462,       2884.257161,     0.01619663987,        1.10853721,                 0,                 0,                 0,   -0.001511393964,     -0.1765448898,       1.094508556,                 0,       68.44241882,     0.03140284775
          0,           0,         591,      -4.588141657,      -2.123539216,       -2.11070236,      0.7743024848,      -6.764680841,       2884.257161,     0.01619276035,       1.108541439,                 0,                 0,                 0,   -0.001509353649,     -0.1765494448,       1.094512047,                 0,       68.45907771,     0.03140284775
          0,           0,         592,      -4.601336415,      -2.138394422,      -2.149349112,      0.7591618946,      -6.764752049,       2884.257161,     0.01618777572,       1.108545657,                 0,                 0,                 0,   -0.001507413683,     -0.1765550861,       1.094515335,                 0,       68.48041853,     0.03140284775
          0,           0,         593,      -4.615237256,      -2.155741458,      -2.180476157,      0.7464147076,      -6.764818178,       2884.257161,     0.01618117461,       1.108548394,                 0,                 0,                 0,   -0.001506723906,     -0.1765620623,       1.094516885,                 0,       68.50852433,     0.03140284775
          0,           0,         594,      -4.632885656,      -2.173596917,      -2.207992297,      0.7343053845,      -6.764881791,       2884.257161,     0.01617256198,       1.108548363,                 0,                 0,                 0,   -0.001508289657,     -0.1765705386,       1.094515358,                 0,       68.54500631,      0.0312507612
          0,           0,         595,      -4.654793407,      -2.190527175,      -2.233891496,      0.7219691068,      -6.764944783,       2884.257161,     0.01616181806,       1.108544691,                 0,                 0,                 0,   -0.001512773518,     -0.1765804817,       1.094509876,                 0,       68.59034587,      0.0312507612
          0,           0,         596,      -4.679995457,      -2.205854864,      -2.258924779,      0.7094226165,      -6.765008676,       2884.257161,     0.01614924396,        1.10853705,                 0,                 0,                 0,    -0.00152038506,      -0.176591538,       1.094500169,                 0,       68.64327848,      0.0312507612
          0,           0,         597,      -4.706990541,      -2.219356247,      -2.283143671,      0.6972598026,      -6.765048614,       2884.257161,     0.01612098926,       1.108512661,                 0,                 0,                 0,   -0.001542655903,     -0.1766151282,       1.094471243,                 0,       68.76207427,      0.0312507612
          0,           0,         598,      -4.756396691,      -2.243151421,      -2.325971482,      0.6735086835,      -6.765134973,       2884.257161,     0.01607576534,       1.108475178,                 0,                 0,                 0,   -0.001577428409,     -0.1766531563,       1.094426476,                 0,       68.95318227,      0.0312507612
          0,           0,         599,      -4.833952473,      -2.282292797,      -2.389731152,      0.6248802719,      -6.765302166,       2884.257161,     0.01603841568,       1.108477245,                 0,                 0,                 0,   -0.001583949846,     -0.1766902975,       1.094422027,                 0,       69.11388673,      0.0312507612
          0,           0,         600,      -4.937812079,       -2.34551177,      -2.481000925,      0.5223382405,      -6.765604743,       2884.257161,     0.01602292921,       1.108536441,                 0,                 0,                 0,   -0.001550203133,      -0.176715828,       1.094477634,                 0,       69.18438114,      0.0312507612
          0,           0,         601,      -5.052680381,      -2.427418627,      -2.597999604,      0.3932130451,       -6.76615466,       2884.257161,     0.01600886286,       1.108586303,                 0,                 0,                 0,    -0.00153214675,      -0.176738339,       1.094524296,                 0,       69.24828529,      0.0312507612
          0,           0,         602,      -5.171804103,      -2.512969172,      -2.665722678,      0.2814328823,      -6.766916708,       2884.257161,     0.01599199191,       1.108615906,                 0,                 0,                 0,   -0.001547272681,     -0.1767600941,       1.094550519,                 0,       69.32319075,      0.0312507612
          0,           0,         603,      -5.229951454,      -2.562564602,      -2.595101171,      0.2397398258,      -6.768356321,       2884.257161,     0.01597319904,        1.10866058,                 0,                 0,                 0,    -0.00158638042,     -0.1767863591,       1.094591251,                 0,       69.40754805,      0.0312507612
          0,           0,         604,      -5.159135354,      -2.552770077,      -2.411994462,      0.3472777776,      -6.772196983,       2884.257161,     0.01597508586,        1.10887191,                 0,                 0,                 0,   -0.001560009388,     -0.1768211981,       1.094799699,                 0,       69.41257907,      0.0312507612
          0,           0,         605,      -4.889816994,      -2.445899549,      -2.060288928,      0.7513498486,      -6.795964766,       2884.257161,     0.01602364974,       1.108995291,                 0,                 0,                 0,   -0.001479346538,     -0.1767947968,       1.094929638,                 0,        69.2099059,      0.0312507612
          0,           0,         606,      -4.316198967,       -2.26361155,      -1.687755048,       1.036009297,      -6.798277547,       2884.257161,     0.01603209593,       1.108996166,                 0,                 0,                 0,   -0.001479347605,     -0.1767866309,       1.094931967,                 0,       69.17349865,      0.0312507612
          0,           0,         607,      -4.367403507,      -2.235867717,      -1.674641342,      0.9043974051,      -6.798494961,       2884.257161,     0.01603638684,       1.108996107,                 0,                 0,                 0,   -0.001479527388,      -0.176782395,       1.094932654,                 0,       69.15498602,      0.0312507612
          0,           0,         608,      -4.300371451,      -2.106908859,      -1.572086658,      0.9174221126,       -6.79857245,       2884.257161,     0.01604195371,       1.108992688,                 0,                 0,                 0,   -0.001482032281,     -0.1767763189,       1.094930253,                 0,        69.1307747,      0.0312507612
          0,           0,         609,      -4.286013083,      -2.150217987,      -1.446668286,       1.212767085,      -6.798653738,       2884.257161,     0.01604809702,       1.108984406,                 0,                 0,                 0,   -0.001488057111,     -0.1767688308,       1.094923164,                 0,       69.10379495,      0.0312507612
          0,           0,         610,      -4.358743419,      -2.134751007,      -1.450567572,       1.325861826,      -6.798733711,       2884.257161,     0.01605389664,        1.10897014,                 0,                 0,                 0,   -0.001498545031,      -0.176760642,       1.094910122,                 0,       69.07794194,      0.0312507612
          0,           0,         611,      -4.441608882,      -2.119264963,      -1.554548153,        1.20976457,      -6.798810658,       2884.257161,     0.01605866231,       1.108948977,                 0,                 0,                 0,   -0.001514253883,     -0.1767522738,       1.094890108,                 0,       69.05612409,     0.03140284775
          0,           0,         612,      -4.501619616,      -2.097599038,      -1.701424908,       0.935591031,      -6.798882446,       2884.257161,     0.01606206177,       1.108920454,                 0,                 0,                 0,   -0.001535562466,     -0.1767439731,       1.094862608,                 0,       69.03973286,     0.03140284775
          0,           0,         613,      -4.397753046,      -2.102719725,      -1.701794189,      0.9389455841,      -6.798951329,       2884.257161,     0.01606438242,       1.108884525,                 0,                 0,                 0,   -0.001562462034,     -0.1767354486,       1.094827628,                 0,       69.02752286,     0.03140284775
          0,           0,         614,      -4.333216289,      -2.171542767,      -1.762766456,       1.074491644,      -6.799014944,       2884.257161,     0.01606663359,       1.108841378,                 0,                 0,                 0,   -0.001594675808,     -0.1767257393,       1.094785528,                 0,       69.01516561,     0.03140284775
          0,           0,         615,      -4.335029721,      -2.221142127,      -1.844335559,       1.048169792,      -6.799074716,       2884.257161,     0.01607029614,       1.108791702,                 0,                 0,                 0,   -0.001631497872,     -0.1767135063,       1.094737243,                 0,       68.99634537,     0.03140284775
          0,           0,         616,      -4.378907229,       -2.24618335,      -1.929885025,       1.007067813,      -6.799130387,       2884.257161,     0.01607590757,       1.108736984,                 0,                 0,                 0,   -0.001671757523,     -0.1766984783,        1.09468433,                 0,       68.96885785,     0.03140284775
          0,           0,         617,       -4.41485845,      -1.945125359,      -1.972352555,       1.158593792,      -6.799182289,       2884.257161,       0.016101474,       1.108689328,                 0,                 0,                 0,   -0.001704166779,     -0.1766650249,       1.094641837,                 0,       68.85638716,     0.03140284775
          0,           0,         618,      -4.486924338,      -1.965766251,      -2.039721028,       1.123684685,      -6.799234351,       2884.257161,     0.01611099234,       1.108653305,                 0,                 0,                 0,   -0.001730037944,     -0.1766493959,       1.094608015,                 0,       68.81347103,     0.03140284775
          0,           0,         619,      -4.538712438,      -2.146047005,       -2.10532902,       1.032308426,      -6.799285656,       2884.257161,     0.01611217157,       1.108632056,                 0,                 0,                 0,   -0.001746047837,     -0.1766445448,       1.094587294,                 0,        68.8071159,     0.03140284775
          0,           0,         620,      -4.549705984,       -2.14686192,      -2.152387003,        1.09100157,      -6.799336768,       2884.257161,     0.01610927264,       1.108630032,                 0,                 0,                 0,   -0.001748357222,     -0.1766470482,       1.094584797,                 0,       68.81937236,     0.03140284775
          0,           0,         621,      -4.582983241,      -2.174550554,      -2.170599803,      0.8446912558,      -6.799388284,       2884.257161,     0.01612515195,        1.10859317,                 0,                 0,                 0,   -0.001773921765,      -0.176625009,       1.094551252,                 0,       68.74931615,     0.03140284775
          0,           0,         622,      -4.579827877,      -2.207736515,      -2.181354303,      0.8300936844,      -6.799440251,       2884.257161,     0.01611752703,       1.108533585,                 0,                 0,                 0,   -0.001819303693,     -0.1766221713,       1.094491248,                 0,       68.77814336,     0.03140284775
          0,           0,         623,       -4.58396099,      -2.239667887,       -2.18548732,      0.8120071271,      -6.799492901,       2884.257161,     0.01610810493,       1.108487804,                 0,                 0,                 0,   -0.001854704028,     -0.1766235006,       1.094444527,                 0,       68.81553163,     0.03140284775
          0,           0,         624,      -4.597386449,      -2.266050672,      -2.187552656,      0.7873730785,      -6.799546088,       2884.257161,     0.01609561935,        1.10845749,                 0,                 0,                 0,   -0.001879065424,     -0.1766305325,       1.094412505,                 0,       68.86702935,     0.03140284775
          0,           0,         625,      -4.620244279,      -2.287633689,      -2.194836232,      0.7573666074,      -6.799599658,       2884.257161,     0.01608026106,       1.108443124,                 0,                 0,                 0,   -0.001892013061,     -0.1766431627,        1.09439569,                 0,       68.93191098,     0.03140284775
          0,           0,         626,      -4.649433544,       -2.30552691,      -2.210610083,      0.7267000674,      -6.799653496,       2884.257161,     0.01606408361,       1.108443831,                 0,                 0,                 0,   -0.001893929896,     -0.1766592172,       1.094393577,                 0,       69.00137336,     0.03140284775
          0,           0,         627,      -4.681147958,       -2.32087391,      -2.234878273,      0.7003550489,      -6.799707486,       2884.257161,     0.01604774686,       1.108457934,                 0,                 0,                 0,   -0.001885973495,     -0.1766777548,        1.09440463,                 0,       69.07249621,     0.03140284775
          0,           0,         628,      -4.712158358,      -2.334424687,      -2.265393958,      0.6808470634,      -6.799761516,       2884.257161,     0.01603182555,       1.108482828,                 0,                 0,                 0,   -0.001869998461,     -0.1766977569,        1.09442638,                 0,       69.14264531,     0.03140284775
          0,           0,         629,      -4.740885819,      -2.346495426,      -2.298293568,      0.6669915559,      -6.799815463,       2884.257161,      0.0160167757,       1.108515474,                 0,                 0,                 0,   -0.001848191401,      -0.176718247,       1.094455917,                 0,       69.20965208,     0.03140284775
          0,           0,         630,      -4.767356354,      -2.357249499,      -2.329173414,      0.6555104361,      -6.799869285,       2884.257161,     0.01600291985,       1.108552829,                 0,                 0,                 0,   -0.001822760638,     -0.1767383791,       1.094490299,                 0,       69.27191034,     0.03140284775
          0,           0,         631,      -4.792392792,       -2.36701611,      -2.354471682,      0.6433908729,       -6.79992289,       2884.257161,     0.01599044788,       1.108592074,                 0,                 0,                 0,   -0.001795766287,     -0.1767574763,       1.094526781,                 0,       69.32839416,     0.03140284775
          0,           0,         632,      -4.816860547,      -2.375924093,      -2.372917425,       0.629050093,      -6.799976255,       2884.257161,     0.01597943224,       1.108630775,                 0,                 0,                 0,   -0.001768996119,      -0.176775045,       1.094562981,                 0,       69.37860859,     0.03140284775
          0,           0,         633,      -4.841006108,      -2.384080067,      -2.385674208,      0.6123745478,      -6.800029376,       2884.257161,     0.01596985161,       1.108666993,                 0,                 0,                 0,    -0.00174388548,     -0.1767907693,       1.094596986,                 0,       69.42249811,     0.03140284775
          0,           0,         634,      -4.864426841,      -2.391552118,       -2.39524457,      0.5942969712,      -6.800082263,       2884.257161,     0.01596161816,        1.10869933,                 0,                 0,                 0,   -0.001721478836,      -0.176804493,       1.094627402,                 0,       69.46033409,     0.03140284775
          0,           0,         635,      -4.886364188,       -2.39838646,      -2.404125637,      0.5762003075,      -6.800134906,       2884.257161,     0.01595460409,       1.108726924,                 0,                 0,                 0,   -0.001702428685,     -0.1768161921,       1.094653359,                 0,       69.49260024,     0.03140284775
          0,           0,         636,      -4.862075697,      -2.403940717,        -2.3847211,      0.5749343478,      -6.800187458,       2884.257161,     0.01594866709,       1.108749403,                 0,                 0,                 0,   -0.001687027242,     -0.1768259423,       1.094674465,                 0,       69.51987877,     0.03140284775
          0,           0,         637,       -4.89567295,      -2.406701385,      -2.382756554,      0.5535558321,      -6.800239998,       2884.257161,     0.01594366663,        1.10876681,                 0,                 0,                 0,   -0.001675259471,     -0.1768338895,       1.094690739,                 0,       69.54277431,     0.03140284775
          0,           0,         638,      -4.921314469,      -2.410652579,      -2.399845477,      0.5363664566,      -6.800292462,       2884.257161,     0.01593947679,       1.108779513,                 0,                 0,                 0,   -0.001666869195,     -0.1768402216,       1.094702522,                 0,       69.56185125,     0.03140284775
          0,           0,         639,      -4.940778044,      -2.415334279,       -2.41635724,       0.523600786,      -6.800344822,       2884.257161,      0.0159359901,       1.108788098,                 0,                 0,                 0,   -0.001661436711,     -0.1768451461,       1.094710371,                 0,       69.57760964,     0.03140284775
          0,           0,         640,        -4.9556306,      -2.420303081,      -2.432774959,       0.513556567,      -6.800397115,       2884.257161,     0.01593311698,        1.10879327,                 0,                 0,                 0,   -0.001658451251,     -0.1768488737,       1.094714966,                 0,       69.59048075,     0.03140284775
          0,           0,         641,      -4.967306784,      -2.425168717,      -2.448813161,      0.5051161995,      -6.800449895,       2884.257161,     0.01593078228,        1.10879577,                 0,                 0,                 0,    -0.00165737495,     -0.1768516069,       1.094717022,                 0,       69.60083632,     0.03140284775
          0,           0,         642,      -4.977011853,      -2.429693244,      -2.463916896,      0.4975612614,      -6.800503946,       2884.257161,     0.01592892191,       1.108796308,                 0,                 0,                 0,   -0.001657689614,     -0.1768535325,       1.094717229,                 0,       69.60899895,     0.03140284775
          0,           0,         643,       -4.97838338,        -2.4290815,      -2.435245835,      0.4984784042,      -6.800557946,       2884.257161,     0.01592751163,       1.108795486,                 0,                 0,                 0,   -0.001658954487,     -0.1768547785,       1.094716174,                 0,       69.61511073,     0.03140284775
          0,           0,         644,      -4.991135517,      -2.433148758,      -2.453985507,      0.4877336123,       -6.80061189,       2884.257161,     0.01592652337,       1.108793822,                 0,                 0,                 0,   -0.001660788033,     -0.1768554629,       1.094714364,                 0,       69.61932596,     0.03140284775
          0,           0,         645,      -5.000369055,      -2.435096687,      -2.471530419,      0.4806694522,      -6.800665813,       2884.257161,     0.01592599376,       1.108791752,                 0,                 0,                 0,   -0.001662864231,     -0.1768556251,       1.094712234,                 0,       69.62151118,     0.03140284775
          0,           0,         646,      -5.010821303,      -2.438771238,      -2.488466306,      0.4691321937,      -6.800719722,       2884.257161,     0.01592590286,       1.108789546,                 0,                 0,                 0,   -0.001664986189,     -0.1768553314,       1.094710045,                 0,       69.62176998,     0.03140284775
          0,           0,         647,      -5.018592725,      -2.442220502,      -2.501133374,      0.4600045191,      -6.800773599,       2884.257161,     0.01592620632,       1.108787402,                 0,                 0,                 0,   -0.001667011106,     -0.1768546603,       1.094707987,                 0,        69.6203088,     0.03140284775
          0,           0,         648,      -5.023406846,      -2.443765449,      -2.505703623,      0.4586221601,      -6.800827447,       2884.257161,     0.01592712115,       1.108785882,                 0,                 0,                 0,   -0.001668496446,     -0.1768534955,       1.094706649,                 0,       69.61621449,     0.03140284775
          0,           0,         649,      -5.030189283,      -2.447322397,      -2.511653642,      0.4488625199,      -6.800881261,       2884.257161,     0.01592739251,       1.108786222,                 0,                 0,                 0,   -0.001668692749,     -0.1768532873,       1.094707031,                 0,       69.61504977,     0.03140284775
          0,           0,         650,      -5.034656304,      -2.446270653,      -2.512114123,      0.4443178535,      -6.800895314,       2884.257161,     0.01593490856,       1.108793617,                 0,                 0,                 0,   -0.001663214456,     -0.1768471695,       1.094715618,                 0,       69.58267837,     0.03140284775
          0,           0,         651,      -5.046649465,      -2.451933918,      -2.521750513,      0.4279663306,      -6.800924417,       2884.257161,     0.01594747564,        1.10881314,                 0,                 0,                 0,   -0.001649055737,     -0.1768381835,       1.094737027,                 0,       69.52906939,     0.03140284775
          0,           0,         652,      -5.044057561,      -2.458896237,      -2.500086244,      0.4215746504,       -6.80098124,       2884.257161,     0.01593561102,       1.108846834,                 0,                 0,                 0,   -0.001629365625,     -0.1768557188,       1.094768149,                 0,       69.58295058,     0.03140284775
          0,           0,         653,      -4.986730472,      -2.443602269,      -2.361391454,      0.4991302998,      -6.801090008,       2884.257161,     0.01600594045,       1.108907666,                 0,                 0,                 0,    -0.00158218638,     -0.1767970212,        1.09484027,                 0,       69.28100661,      0.0312507612
          0,           0,         654,      -3.724431686,      -2.245097933,     -0.8530123692,       1.760407115,       -6.80130856,       2884.257161,     0.01586783045,       1.108126474,                 0,                 0,                 0,   -0.002190890593,     -0.1767973803,       1.094046962,                 0,       69.83478159,     0.03125076119
          0,           0,         655,      -3.973531265,      -1.706316494,      -1.250344183,       1.549814702,      -6.801808575,       2884.257161,     0.01601012382,       1.109340719,                 0,                 0,                 0,   -0.001305020517,     -0.1768681002,        1.09526747,                 0,       69.28995251,     0.03140284775
          0,           0,         656,      -4.170462076,       -1.59164065,      -1.312697711,       1.401988897,      -6.803180989,       2884.257161,     0.01603339048,       1.109471152,                 0,                 0,                 0,   -0.001261311306,     -0.1768678365,       1.095399961,                 0,        69.1975383,     0.03140284775
          0,           0,         657,      -3.933579509,      -1.640092768,      -1.160901081,       1.564591606,      -6.807074671,       2884.257161,       0.016144132,       1.110306284,                 0,                 0,                 0,  -0.0007468235561,     -0.1769037965,       1.096241636,                 0,       68.77460395,     0.03140284775
          0,           0,         658,       -4.16603047,      -1.928120815,      -1.606909595,       1.405901889,      -6.812471021,       2884.257161,      0.0164377754,       1.113268276,                 0,                 0,                 0,   0.0008655125326,     -0.1771289587,       1.099209619,                 0,       67.72621289,     0.03140284775
          0,           0,         659,      -4.277188645,      -2.153823456,      -1.822439926,       1.232998474,       -6.80799056,       2884.257161,     0.01625660409,       1.112336871,                 0,                 0,                 0,  -0.0005255300707,     -0.1771456408,       1.098260904,                 0,       68.42369195,     0.03140284775
          0,           0,         660,       -4.52160417,      -2.053120945,      -1.901967986,      0.9953229676,      -6.880673026,       2884.257161,     0.01620730984,       1.112219375,                 0,                 0,                 0,  -0.0007007754021,     -0.1771737833,       1.098136634,                 0,        68.6245519,     0.03140284775
          0,           0,         661,      -4.662170887,      -2.197325855,      -2.121444674,      0.7577514252,      -6.875782922,       2884.257161,      0.0161153494,       1.112418131,                 0,                 0,                 0,  -0.0006815004877,     -0.1772988602,       1.098316401,                 0,       69.02848358,     0.03140284775
          0,           0,         662,      -4.712987601,       -2.34089785,      -2.168389624,      0.6988254848,      -6.866248614,       2884.257161,     0.01597968161,       1.112608369,                 0,                 0,                 0,  -0.0007111887221,     -0.1774655014,        1.09848019,                 0,       69.62644163,      0.0312507612
          0,           0,         663,      -4.799757338,      -2.352434904,      -2.202586774,      0.6055385746,      -6.871123778,       2884.257161,     0.01577340972,       1.112616788,                 0,                 0,                 0,   -0.000911559358,     -0.1776701014,       1.098452663,                 0,       70.53749361,     0.03109867464
          0,           0,         664,      -4.767027045,       -2.38466448,      -2.163081467,      0.6856873611,      -6.970550338,       2884.257161,     0.01573994073,       1.112633568,                 0,                 0,                 0,  -0.0009301187319,     -0.1777059759,       1.098463376,                 0,       70.68854878,     0.03109867464
          0,           0,         665,       -4.81953449,      -2.409568776,      -2.216366214,      0.6295280446,      -6.970243074,       2884.257161,     0.01565503898,       1.112570751,                 0,                 0,                 0,   -0.001023636239,     -0.1777786796,        1.09838677,                 0,       71.06790039,     0.03109867464
          0,           0,         666,      -4.858504412,      -2.423760506,      -2.229885285,      0.5967257707,      -6.967598226,       2884.257161,     0.01551279518,       1.112516873,                 0,                 0,                 0,   -0.001148168087,     -0.1779094067,       1.098309011,                 0,       71.71608083,     0.03109867464
          0,           0,         667,      -4.879055005,      -2.415384476,      -2.214462489,      0.5906295619,       -6.96960071,       2884.257161,     0.01536073028,       1.112649728,                 0,                 0,                 0,   -0.001176885288,     -0.1780822313,       1.098413441,                 0,       72.43468946,      0.0314022541
          0,           0,         668,      -4.866026766,      -2.378312385,      -2.196780634,      0.6230696283,      -7.046235138,       2884.257161,     0.01534295585,       1.112666241,                 0,                 0,                 0,    -0.00118358657,     -0.1781026032,       1.098426617,                 0,       72.51967953,     0.03117415396
          0,           0,         669,      -4.955757429,      -2.414672816,      -2.281337706,       0.530886026,      -7.044896609,       2884.257161,      0.0153252624,       1.112653897,                 0,                 0,                 0,   -0.001211907767,     -0.1781178843,       1.098411388,                 0,       72.60260007,     0.03125020318
          0,           0,         670,      -4.972723882,      -2.443950454,      -2.298336796,      0.5084281136,      -7.043046309,       2884.257161,     0.01531579951,       1.112740625,                 0,                 0,                 0,   -0.001205444414,     -0.1781422637,       1.098495155,                 0,       72.65312035,     0.03140228974
          0,           0,         671,      -4.994468693,      -2.424362305,      -2.289836492,      0.4900326288,      -7.046996314,       2884.257161,     0.01528558179,       1.112979965,                 0,                 0,                 0,   -0.001156822387,     -0.1782135832,       1.098725611,                 0,       72.81240454,     0.03185849002
          0,           0,         672,      -4.977328622,      -2.383946021,      -2.279218886,      0.5092577049,      -7.109199822,       2884.257161,      0.0152373081,       1.113205729,                 0,                 0,                 0,   -0.001113398403,      -0.178300327,       1.098939563,                 0,       73.05789983,     0.03185849002
          0,           0,         673,      -4.967360969,      -2.379800891,       -2.28940964,      0.5248307858,      -7.219745508,       2884.257161,     0.01523155147,       1.113235459,                 0,                 0,                 0,   -0.001108702756,     -0.1783111587,       1.098967842,                 0,       73.08746325,     0.03185849002
          0,           0,         674,      -5.066461443,      -2.425989796,      -2.362038295,      0.4256535775,      -7.230105413,       2884.257161,     0.01523058264,       1.113238497,                 0,                 0,                 0,   -0.001108391478,     -0.1783126404,       1.098970666,                 0,       73.09231189,     0.03185849002
          0,           0,         675,      -5.398302346,      -2.453428684,      -2.428135083,      0.1007939256,      -7.231098137,       2884.257161,     0.01523030016,       1.113238847,                 0,                 0,                 0,   -0.001108540392,     -0.1783129793,       1.098970961,                 0,       73.09369054,     0.03185849002
          0,           0,         676,      -5.545555293,      -2.465943204,      -2.460662757,     -0.0336181214,      -7.231242398,       2884.257161,     0.01523022543,       1.113239079,                 0,                 0,                 0,   -0.001108750686,     -0.1783130934,       1.098971177,                 0,       73.09406446,     0.03185849002
          0,           0,         677,      -5.592123322,       -2.47734151,       -2.50003568,    -0.07495422058,      -7.231396058,       2884.257161,     0.01523031248,       1.113239183,                 0,                 0,                 0,   -0.001109032283,     -0.1783130256,       1.098971294,                 0,       73.09365346,     0.03185849002
          0,           0,         678,      -5.605029689,      -2.487922958,      -2.538310297,    -0.09402711694,      -7.231495517,       2884.257161,     0.01523065688,       1.113238705,                 0,                 0,                 0,   -0.001110011358,     -0.1783126035,       1.098970884,                 0,       73.09196934,     0.03185849002
          0,           0,         679,      -5.668270004,      -2.505227744,      -2.589439645,     -0.1731936853,      -7.231644641,       2884.257161,      0.0152310111,       1.113235635,                 0,                 0,                 0,   -0.001113192924,     -0.1783117216,       1.098967922,                 0,        73.0900679,     0.03185849002
          0,           0,         680,      -5.634946519,      -2.534567001,      -2.636023126,     -0.1647718702,      -7.231798586,       2884.257161,     0.01520982491,       1.113271843,                 0,                 0,                 0,   -0.001090199699,     -0.1783388733,         1.0989999,                 0,       73.19425765,     0.03185849002
          0,           0,         681,      -5.489726386,      -2.555876204,       -2.68565261,      0.4035141175,       -7.23198253,       2884.257161,     0.01525181878,       1.113252025,                 0,                 0,                 0,   -0.001100986124,     -0.1782940761,       1.098987676,                 0,       72.99142754,     0.03185849002
          0,           0,         682,      -5.267889607,      -2.579984752,      -2.748820653,      0.4352014307,      -7.232237671,       2884.257161,     0.01521770388,       1.112989348,                 0,                 0,                 0,   -0.001303879311,     -0.1782820593,       1.098723066,                 0,       73.13779773,      0.0317824408
          0,           0,         683,      -5.257824403,      -2.609150296,      -2.712891924,      0.3092271571,      -7.232843868,       2884.257161,     0.01522640692,       1.113339252,                 0,                 0,                 0,   -0.001055611642,     -0.1783342486,       1.099069165,                 0,       73.11897401,      0.0317824408
          0,           0,         684,      -4.974934851,       -2.64325794,      -2.681717268,       0.266620333,      -7.234901542,       2884.257161,     0.01525879473,       1.113555277,                 0,                 0,                 0,  -0.0009186017276,     -0.1783398653,       1.099287532,                 0,       72.97793155,     0.03185849002
          0,           0,         685,      -5.195828627,      -2.630972471,      -2.462142096,      0.3147361946,      -7.242560431,       2884.257161,      0.0151846586,       1.113524804,                 0,                 0,                 0,   -0.001012459292,     -0.1784075834,       1.099244648,                 0,       73.33222515,     0.03201057658
          0,           0,         686,      -4.837844698,      -2.559415417,      -2.060189292,      0.7154689028,      -7.267330504,       2884.257161,      0.0151718937,        1.11377179,                 0,                 0,                 0,  -0.0009481390308,     -0.1784630432,       1.099485666,                 0,       73.41020261,     0.03193452736
          0,           0,         687,      -3.922858215,       -1.87600657,      -1.063242693,       1.851318382,      -7.399619959,       2884.257161,      0.0150162097,       1.114243413,                 0,                 0,                 0,  -0.0006373929898,     -0.1786982583,       1.099923089,                 0,       74.20270727,     0.03193954731
          0,           0,         688,      -3.693557808,      -1.627254436,     -0.8718765684,       1.706959113,      -7.412806727,       2884.257161,     0.01504254474,       1.114057072,                 0,                 0,                 0,  -0.0007734523362,     -0.1786399657,       1.099744152,                 0,       74.06041276,     0.03193954731
          0,           0,         689,      -3.918782209,      -1.771169652,      -1.336382182,       1.583082759,      -7.414129938,       2884.257161,      0.0150527416,       1.114045174,                 0,                 0,                 0,  -0.0007812924574,     -0.1786278577,       1.099734206,                 0,       74.00945313,     0.03193954731
          0,           0,         690,      -4.116874249,      -1.879389808,      -1.564702617,       1.329875337,       -7.41436887,       2884.257161,     0.01506697581,       1.114015346,                 0,                 0,                 0,  -0.0008018551811,     -0.1786086601,       1.099707303,                 0,       73.93755454,     0.03193954731
          0,           0,         691,      -4.210569505,      -1.918930726,      -1.656565366,         1.2412233,      -7.414619052,       2884.257161,     0.01508507876,       1.113968094,                 0,                 0,                 0,  -0.0008347834277,      -0.178582627,       1.099663912,                 0,       73.84569291,     0.03193954731
          0,           0,         692,      -4.251126354,      -1.958651679,      -1.702689665,       1.219880465,      -7.414873487,       2884.257161,     0.01510678925,       1.113905564,                 0,                 0,                 0,  -0.0008785201902,     -0.1785503881,       1.099606102,                 0,       73.73542755,     0.03193954731
          0,           0,         693,        -4.2853919,      -1.995340837,      -1.771216886,       1.179450626,      -7.415119018,       2884.257161,     0.01513161482,       1.113830996,                 0,                 0,                 0,  -0.0009307310542,     -0.1785129911,       1.099536978,                 0,       73.60952611,     0.03193954731
          0,           0,         694,      -4.312113643,       -2.01587588,      -1.832880688,       1.154733807,      -7.415349604,       2884.257161,     0.01515882352,       1.113747926,                 0,                 0,                 0,  -0.0009888946455,     -0.1784717707,       1.099459894,                 0,       73.47192373,     0.03193954731
          0,           0,         695,       -4.33611405,      -2.027307091,      -1.880778333,       1.138560285,      -7.415562037,       2884.257161,     0.01518752329,       1.113660159,                 0,                 0,                 0,   -0.001050310384,     -0.1784282665,       1.099378445,                 0,       73.32730541,     0.03193954731
          0,           0,         696,      -4.359391727,      -2.036928329,       -1.91578591,       1.121655463,      -7.415760309,       2884.257161,     0.01521672946,       1.113571478,                 0,                 0,                 0,   -0.001112309295,     -0.1783841046,       1.099296182,                 0,       73.18073707,     0.03193954731
          0,           0,         697,      -4.383401111,      -2.044196056,      -1.935214332,        1.10137399,      -7.415942595,       2884.257161,     0.01524542453,       1.113485544,                 0,                 0,                 0,    -0.00117231535,     -0.1783409232,       1.099216536,                 0,       73.03735894,     0.03193954731
          0,           0,         698,      -4.410171397,      -2.052847077,       -1.94094849,       1.076211169,      -7.416115136,       2884.257161,     0.01527261185,       1.113405851,                 0,                 0,                 0,   -0.001227875494,     -0.1783003105,       1.099142775,                 0,       72.90212452,     0.03193954731
          0,           0,         699,      -4.440253685,      -2.063566807,      -1.939879758,       1.047261465,      -7.416277999,       2884.257161,     0.01529735279,       1.113335752,                 0,                 0,                 0,   -0.001276634805,     -0.1782637728,       1.099078037,                 0,       72.77963496,     0.03193954731
          0,           0,         700,      -4.472893415,       -2.07493258,      -1.939605768,       1.017216607,       -7.41643655,       2884.257161,     0.01531877696,       1.113278447,                 0,                 0,                 0,   -0.001316342622,     -0.1782327232,       1.099025324,                 0,       72.67410773,     0.03193954731
          0,           0,         701,       -4.50482844,      -2.085043714,      -1.944647782,      0.9896334329,      -7.416593452,       2884.257161,      0.0153360835,        1.11323687,                 0,                 0,                 0,   -0.001344938804,     -0.1782084598,       1.098987383,                 0,       72.58938499,     0.03193954731
          0,           0,         702,      -4.531782878,        -2.0928866,      -1.956789194,      0.9679520052,      -7.416750874,       2884.257161,     0.01534855676,       1.113213404,                 0,                 0,                 0,   -0.001360758113,     -0.1781921013,        1.09896644,                 0,       72.52886518,     0.03193954731
          0,           0,         703,       -4.54944357,      -2.098383269,      -1.976676213,      0.9543215909,      -7.416908924,       2884.257161,      0.0153556181,       1.113209362,                 0,                 0,                 0,   -0.001362911369,     -0.1781844453,       1.098963685,                 0,       72.49524924,     0.03193954731
          0,           0,         704,      -4.556844453,      -2.102490649,      -2.003996007,       0.948133503,      -7.417068748,       2884.257161,     0.01535691007,       1.113224039,                 0,                 0,                 0,   -0.001351969962,     -0.1781857215,       1.098978364,                 0,       72.49010601,     0.03193954731
          0,           0,         705,      -4.557086056,      -2.106465958,      -2.036281555,      0.9466281768,      -7.417229838,       2884.257161,     0.01535241908,       1.113254645,                 0,                 0,                 0,   -0.001330001311,      -0.178195459,       1.099007725,                 0,       72.51330485,     0.03193954731
          0,           0,         706,      -4.554582589,      -2.110878716,      -2.069862691,      0.9465535561,      -7.417393378,       2884.257161,     0.01534260637,       1.113297507,                 0,                 0,                 0,   -0.001299664643,     -0.1782125655,       1.099048231,                 0,       72.56247599,     0.03193954731
          0,           0,         707,      -4.553022214,      -2.116035171,      -2.100353661,      0.9454233974,      -7.417463852,       2884.257161,     0.01531132776,       1.113395023,                 0,                 0,                 0,   -0.001231804481,     -0.1782603024,       1.099138835,                 0,       72.71707852,     0.03193954731
          0,           0,         708,      -4.566180512,      -2.134963184,      -2.144238471,      0.9296239925,      -7.417623828,       2884.257161,     0.01525928439,       1.113544769,                 0,                 0,                 0,   -0.001128285641,     -0.1783375584,       1.099277269,                 0,        72.9749011,     0.03193954731
          0,           0,         709,      -4.625200214,       -2.18576953,      -2.186861889,      0.8704196692,      -7.417925759,       2884.257161,     0.01519798489,       1.113663326,                 0,                 0,                 0,   -0.001049748187,     -0.1784185138,        1.09938338,                 0,       73.27703864,     0.03193954731
          0,           0,         710,      -4.743131322,      -2.281561488,       -2.27347825,      0.7491068624,      -7.418379285,       2884.257161,     0.01515970127,       1.113707329,                 0,                 0,                 0,   -0.001024958734,     -0.1784638567,       1.099420066,                 0,       73.46499174,     0.03193954731
          0,           0,         711,      -4.928537734,      -2.405180449,      -2.460255186,      0.5566178073,      -7.419759517,       2884.257161,     0.01515723712,       1.113787766,                 0,                 0,                 0,  -0.0009720842688,     -0.1784802513,       1.099498854,                 0,       73.48224202,     0.03193954731
          0,           0,         712,      -5.131346197,      -2.532139711,      -2.652459815,      0.3373020029,      -7.423520245,       2884.257161,     0.01516200114,       1.113932161,                 0,                 0,                 0,  -0.0008796773878,     -0.1785006336,       1.099641882,                 0,        73.4686768,     0.03178746075
          0,           0,         713,      -5.304279398,      -2.601985584,      -2.733553167,      0.1752666817,      -7.428883164,       2884.257161,     0.01515214668,       1.114063344,                 0,                 0,                 0,  -0.0008192218365,      -0.178533118,       1.099769361,                 0,        73.5251161,     0.03178746075
          0,           0,         714,       -5.35911211,      -2.598908752,      -2.681150371,       0.129337187,      -7.437002991,       2884.257161,     0.01514558977,       1.114216695,                 0,                 0,                 0,  -0.0007869785319,     -0.1785662044,       1.099919244,                 0,       73.56707213,     0.03133158107
          0,           0,         715,      -5.234356414,      -2.542977455,      -2.560055675,      0.2615645298,      -7.439556734,       2884.257161,     0.01511164027,       1.114426808,                 0,                 0,                 0,  -0.0007699492653,     -0.1786361239,        1.10012027,                 0,       73.74625049,     0.03133158107
          0,           0,         716,      -5.100702317,      -2.410891506,      -2.399074855,      0.4023979217,      -7.565892235,       2884.257161,       0.015115192,       1.114447179,                 0,                 0,                 0,  -0.0007728605185,     -0.1786361635,       1.100140948,                 0,       73.73026946,     0.03133158107
          0,           0,         717,      -5.216313533,      -2.469753768,      -2.513587024,      0.2801058363,      -7.558614134,       2884.257161,     0.01510848117,       1.114487546,                 0,                 0,                 0,  -0.0007655885725,     -0.1786497821,       1.100179537,                 0,       73.76569051,     0.03133158107
          0,           0,         718,      -5.252931536,       -2.47862946,      -2.475695584,      0.2719591523,      -7.539128362,       2884.257161,     0.01510039315,       1.114583647,                 0,                 0,                 0,   -0.000736643865,     -0.1786744349,       1.100272772,                 0,       73.81156477,     0.03133158107
          0,           0,         719,      -5.204746302,      -2.453154552,      -2.391494651,      0.3158145989,      -7.502023144,       2884.257161,     0.01507988155,       1.114749109,                 0,                 0,                 0,  -0.0006962136107,      -0.178723367,       1.100432159,                 0,       73.92293531,     0.03132656112
          0,           0,         720,      -4.897990188,      -2.366158042,      -2.109426792,      0.6310126824,      -7.446528845,       2884.257161,     0.01493650702,       1.114459184,                 0,                 0,                 0,  -0.0009723958755,     -0.1788142185,       1.100121742,                 0,       74.61310616,     0.03327412726
          0,           0,         721,      -4.883617254,      -2.238984812,      -2.059224938,      0.6686639283,      -7.618074343,       2884.257161,     0.01495360829,       1.114318785,                 0,                 0,                 0,   -0.001083492859,      -0.178772997,       1.099986446,                 0,       74.51838805,     0.03312706065
          0,           0,         722,      -4.712679237,       -2.32782202,      -2.033141522,      0.8794470022,      -7.588279725,       2884.257161,     0.01487257627,       1.114077257,                 0,                 0,                 0,   -0.001265368433,      -0.178810857,       1.099734516,                 0,       74.90815553,     0.03343123377
          0,           0,         723,      -4.880186178,      -2.224977249,      -2.126098823,      0.7480978352,      -7.507703933,       2884.257161,     0.01476696785,       1.113607099,                 0,                 0,                 0,   -0.001554821069,     -0.1788332189,       1.099253162,                 0,       75.41203519,     0.03343123377
          0,           0,         724,      -4.509304413,      -2.255779156,       -1.81869109,       0.942672566,       -7.33965083,       2884.257161,     0.01454877866,       1.112923607,                 0,                 0,                 0,   -0.001832258789,     -0.1789294062,       1.098542166,                 0,       76.49601613,     0.03342621382
          0,           0,         725,       -4.47263241,      -2.171021357,      -1.700364455,       1.189333463,       -7.37188724,       2884.257161,     0.01450142651,       1.112457725,                 0,                 0,                 0,   -0.002159073991,     -0.1788951394,       1.098075139,                 0,       76.71367532,     0.03327412726
          0,           0,         726,      -4.490149884,      -2.294756347,      -1.778319157,       1.098898074,      -7.323507235,       2884.257161,     0.01459655958,       1.112908077,                 0,                 0,                 0,   -0.001745073585,     -0.1788796545,       1.098535169,                 0,        76.2445473,     0.03327412726
          0,           0,         727,      -3.897794859,      -1.751638803,      -1.194432049,       1.437806642,      -7.225038977,       2884.257161,     0.01453756412,       1.112434119,                 0,                 0,                 0,   -0.002029173694,     -0.1788554517,       1.098058167,                 0,       76.52135601,     0.03312706065
